// Created by Crowbar 0.76
version 1
nodes
  0 "ValveBiped.Bip01_Pelvis" -1
  1 "ValveBiped.Bip01_L_Thigh" 0
  2 "ValveBiped.Bip01_L_Calf" 1
  3 "ValveBiped.Bip01_L_Foot" 2
  4 "ValveBiped.Bip01_L_Toe0" 3
  5 "ValveBiped.Bip01_R_Thigh" 0
  6 "ValveBiped.Bip01_R_Calf" 5
  7 "ValveBiped.Bip01_R_Foot" 6
  8 "ValveBiped.Bip01_R_Toe0" 7
  9 "ValveBiped.Bip01_Spine" 0
  10 "ValveBiped.Bip01_Spine1" 9
  11 "ValveBiped.Bip01_Spine2" 10
  12 "ValveBiped.Bip01_Spine4" 11
  13 "ValveBiped.Bip01_Neck1" 12
  14 "ValveBiped.Bip01_Head1" 13
  15 "ValveBiped.Bip01_L_Clavicle" 12
  16 "ValveBiped.Bip01_L_UpperArm" 15
  17 "ValveBiped.Bip01_L_Forearm" 16
  18 "ValveBiped.Bip01_L_Hand" 17
  19 "ValveBiped.Bip01_L_Finger2" 18
  20 "ValveBiped.Bip01_L_Finger21" 19
  21 "ValveBiped.Bip01_L_Finger22" 20
  22 "ValveBiped.Bip01_L_Finger1" 18
  23 "ValveBiped.Bip01_L_Finger11" 22
  24 "ValveBiped.Bip01_L_Finger12" 23
  25 "ValveBiped.Bip01_L_Finger0" 18
  26 "ValveBiped.Bip01_L_Finger01" 25
  27 "ValveBiped.Bip01_L_Finger02" 26
  28 "ValveBiped.Bip01_L_Finger4" 18
  29 "ValveBiped.Bip01_L_Finger41" 28
  30 "ValveBiped.Bip01_L_Finger42" 29
  31 "ValveBiped.Bip01_L_Finger3" 18
  32 "ValveBiped.Bip01_L_Finger31" 31
  33 "ValveBiped.Bip01_L_Finger32" 32
  34 "ValveBiped.Bip01_R_Clavicle" 12
  35 "ValveBiped.Bip01_R_UpperArm" 34
  36 "ValveBiped.Bip01_R_Forearm" 35
  37 "ValveBiped.Bip01_R_Hand" 36
  38 "ValveBiped.Bip01_R_Finger2" 37
  39 "ValveBiped.Bip01_R_Finger21" 38
  40 "ValveBiped.Bip01_R_Finger22" 39
  41 "ValveBiped.Bip01_R_Finger1" 37
  42 "ValveBiped.Bip01_R_Finger11" 41
  43 "ValveBiped.Bip01_R_Finger12" 42
  44 "ValveBiped.Bip01_R_Finger0" 37
  45 "ValveBiped.Bip01_R_Finger01" 44
  46 "ValveBiped.Bip01_R_Finger02" 45
  47 "ValveBiped.Bip01_R_Finger4" 37
  48 "ValveBiped.Bip01_R_Finger41" 47
  49 "ValveBiped.Bip01_R_Finger42" 48
  50 "ValveBiped.Bip01_R_Finger3" 37
  51 "ValveBiped.Bip01_R_Finger31" 50
  52 "ValveBiped.Bip01_R_Finger32" 51
  53 "ValveBiped.Skirt.R.001" 0
  54 "Skirt2_r" 53
  55 "ValveBiped.Skirt.B" 0
  56 "Skirtb2" 55
  57 "ValveBiped.Skirt.R" 0
  58 "Skirt5_r" 57
  59 "ValveBiped.Skirt.R.002" 0
  60 "Skirt8_r" 59
  61 "ValveBiped.Skirt.L.001" 0
  62 "Skirt2_l" 61
  63 "ValveBiped.Skirt.L" 0
  64 "Skirt5_l" 63
  65 "ValveBiped.Skirt.L.002" 0
  66 "Skirt8_l" 65
  67 "Hair_002" 14
  68 "Hair_001" 67
  69 "Hair_003" 68
  70 "Hair_006_r" 14
  71 "Hair_005_r" 70
  72 "Hair_007_r" 71
  73 "Hair_009_r" 14
  74 "Hair_010_r" 73
  75 "Hair_011_r" 74
  76 "Hair_004" 14
  77 "Hair_005" 14
  78 "Hair_006" 14
  79 "Hair_006_l" 14
  80 "Hair_005_l" 79
  81 "Hair_007_l" 80
  82 "Hair_009_l" 14
  83 "Hair_010_l" 82
  84 "Hair_011_l" 83
end
skeleton
  time 0
    0 -0.688177 -1.011750 29.098746 1.707847 -0.012248 0.164402
    1 3.983847 0.002149 0.003401 -1.924468 -1.290275 -1.254496
    2 15.938816 -0.000100 -0.000005 -0.000009 -0.000002 1.999615
    3 17.707025 -0.000068 0.000003 0.372720 0.019053 -0.915690
    4 6.202515 0.003416 -0.000367 -0.007294 -0.002948 -0.584341
    5 -3.983848 0.002149 0.003395 -0.990949 -1.151614 -1.863633
    6 15.938826 -0.000113 -0.000001 0.000002 0.000010 1.259357
    7 17.707031 0.000018 0.000000 -0.210513 -0.009345 -1.211262
    8 6.203125 0.000000 0.000000 -0.081331 -0.002953 -0.584372
    9 -0.000001 4.209253 -1.688832 1.570986 -0.575159 1.570551
    10 3.836055 0.000000 0.000000 0.016706 0.048970 0.078367
    11 3.617625 -0.000275 -0.000015 0.016539 0.032075 0.521474
    12 7.537925 0.003588 -0.000212 0.020767 -0.049948 0.170286
    13 3.177734 -0.000004 0.000000 3.137538 0.000823 0.400474
    14 2.966416 0.000318 0.000023 -0.154941 -0.050648 1.660040
    15 2.023770 0.904983 0.850949 2.104704 -1.277247 2.410244
    16 4.980521 0.000781 -0.001089 -2.057532 -0.822822 -0.893900
    17 11.119977 0.000007 0.000004 -0.000003 -0.000001 -1.635132
    18 11.205393 -0.000039 0.000000 1.678800 -0.317410 0.233953
    19 3.767608 0.148800 0.074041 0.089811 0.185408 -0.326312
    20 2.037109 0.000000 0.000000 0.003643 -0.024192 -0.299242
    21 1.063284 -0.000008 0.000000 0.003618 -0.024177 -0.299189
    22 3.783203 -0.017258 0.794434 0.548045 0.085960 -0.316569
    23 1.628906 0.000000 -0.000001 0.012406 -0.085556 -0.288091
    24 0.955566 -0.000008 0.000000 0.012406 -0.085554 -0.288100
    25 1.258789 -0.297852 1.251953 -1.378795 -0.581085 -0.486792
    26 1.392578 0.000008 -0.000004 -0.000054 -0.000328 0.324626
    27 1.099609 0.000000 -0.000006 0.000000 0.000000 0.000000
    28 3.548828 0.198730 -1.489258 -0.571799 0.100833 -0.256376
    29 1.218750 0.000003 0.000000 -0.009973 0.067699 -0.292688
    30 0.679688 0.000000 -0.000004 -0.009971 0.067689 -0.292686
    31 3.697042 0.266204 -0.725138 -0.097568 0.031574 -0.326833
    32 1.748047 0.000000 -0.000004 -0.003161 0.020964 -0.299479
    33 0.959961 0.000004 0.000000 -0.003166 0.020972 -0.299671
    34 2.023778 0.904982 -0.850921 -2.088493 1.221660 2.504759
    35 4.981625 0.002227 0.003236 2.512504 0.613156 -0.413911
    36 11.119975 -0.000005 0.000000 0.000001 0.000002 -1.719775
    37 11.205375 0.000073 0.000008 -1.670615 0.316515 0.233832
    38 3.767578 0.151855 -0.072693 -0.089524 -0.188072 -0.324860
    39 2.037109 0.000000 0.000000 -0.003278 0.021743 -0.299424
    40 1.066406 0.000006 0.000002 -0.003276 0.021743 -0.299428
    41 3.780812 -0.024988 -0.795569 -0.547791 -0.088513 -0.315894
    42 1.628906 -0.000004 -0.000001 -0.012095 0.083238 -0.288753
    43 0.955566 0.000000 0.000000 -0.012093 0.083233 -0.288763
    44 1.258789 -0.308350 -1.250000 1.375718 0.577178 -0.491580
    45 1.392578 0.000000 0.000002 0.000349 0.002142 0.324618
    46 1.099609 0.000004 -0.000006 0.000000 0.000000 0.000000
    47 3.548828 0.211304 1.487305 0.571268 -0.102934 -0.255551
    48 1.218750 0.000005 0.000000 0.010274 -0.069875 -0.292190
    49 0.679688 0.000004 -0.000004 0.010275 -0.069869 -0.292190
    50 3.697266 0.273682 0.726563 0.097886 -0.034228 -0.326615
    51 1.748047 -0.000011 0.000000 0.003526 -0.023385 -0.299307
    52 0.956684 0.000004 0.000002 0.003527 -0.023396 -0.299497
    53 -3.756462 5.577850 2.053357 1.570803 -0.000001 0.000000
    54 -2.735646 -0.081365 5.727119 0.000007 0.000015 1.570796
    55 0.000001 5.662003 -0.974302 1.570804 -0.000001 0.000000
    56 -0.000002 -2.275002 5.113525 0.000000 0.000000 -3.141592
    57 -2.477620 5.416855 4.597564 1.570804 -0.000001 0.000000
    58 -1.515218 1.317776 5.998497 0.000000 0.000000 0.000000
    59 -2.455992 5.657928 -0.087295 1.570804 -0.000001 0.000000
    60 -1.485628 -1.617812 5.263969 0.000000 0.000000 3.141592
    61 3.756460 5.577858 2.053359 1.570803 -0.000001 0.000000
    62 2.735645 -0.081364 5.727116 0.000004 -0.000011 -1.570795
    63 2.477613 5.416855 4.597570 1.570804 -0.000001 0.000000
    64 1.515220 1.317777 5.998508 0.000000 0.000000 0.000000
    65 2.455991 5.657928 -0.087293 1.570804 -0.000001 0.000000
    66 1.485620 -1.617803 5.263973 0.000000 0.000000 -3.141592
    67 4.575642 5.632584 0.000132 0.000000 -1.570771 0.249128
    68 -0.000001 0.314078 5.161098 0.000000 0.000000 0.000000
    69 -0.000001 -0.323108 3.750217 0.000000 0.000000 0.000000
    70 5.734947 1.075212 4.685178 1.570830 -0.000004 -1.321669
    71 -0.753896 0.305901 4.971462 -0.000001 0.000002 0.000000
    72 -1.101006 -0.314705 3.448307 0.000001 0.000001 0.000000
    73 5.809101 -1.029643 4.595047 1.570829 -0.000004 -1.321671
    74 -0.714908 -0.199657 5.028973 0.000000 0.000003 0.000000
    75 -0.282898 -0.851690 4.444889 0.000000 0.000000 0.000000
    76 9.578484 -1.290738 0.000240 0.000000 1.570770 -2.892481
    77 9.369518 -1.236408 1.787905 0.000000 1.570770 -2.892481
    78 9.436707 -1.331719 -1.409029 0.000000 1.570770 -2.892477
    79 5.735191 1.075235 -4.684885 -1.570814 0.000004 1.819923
    80 0.753901 0.305904 4.971474 -0.000001 -0.000002 0.000000
    81 1.101010 -0.314705 3.448315 0.000000 -0.000001 0.000000
    82 5.809341 -1.029617 -4.594752 -1.570814 0.000004 1.819922
    83 0.714908 -0.199655 5.028969 0.000000 -0.000003 0.000000
    84 0.282897 -0.851688 4.444893 0.000000 0.000000 0.000000
  time 1
    0 -0.399106 1.465513 29.122184 1.699650 -0.000479 0.172325
    1 3.983847 0.002149 0.003401 -1.872978 -1.229799 -1.293566
    2 15.938816 -0.000100 -0.000005 -0.000009 -0.000002 2.012301
    3 17.707025 -0.000068 0.000003 0.407823 0.014555 -0.839882
    4 6.202515 0.003416 -0.000367 -0.007294 -0.002948 -0.584341
    5 -3.983848 0.002149 0.003395 -0.950251 -1.159858 -1.889114
    6 15.938826 -0.000113 -0.000001 0.000002 0.000010 1.146498
    7 17.707031 0.000018 0.000000 -0.214571 -0.012111 -1.076155
    8 6.203125 0.000000 0.000000 -0.081331 -0.002953 -0.584372
    9 -0.000001 4.209253 -1.688832 1.569836 -0.575159 1.572373
    10 3.836055 0.000000 0.000000 0.019211 0.052625 0.075490
    11 3.617625 -0.000275 -0.000015 0.018001 0.036641 0.518306
    12 7.537925 0.003588 -0.000212 0.018933 -0.046856 0.169579
    13 3.177734 -0.000004 0.000000 3.137538 0.000823 0.400474
    14 2.966416 0.000318 0.000023 -0.139649 -0.060404 1.657680
    15 2.023770 0.904983 0.850949 2.108754 -1.283110 2.406165
    16 4.980521 0.000781 -0.001089 -2.063209 -0.839723 -0.882149
    17 11.119977 0.000007 0.000004 -0.000003 -0.000001 -1.625469
    18 11.205393 -0.000039 0.000000 1.678368 -0.317410 0.233857
    19 3.767608 0.148800 0.074041 0.089811 0.185396 -0.326312
    20 2.037109 0.000000 0.000000 0.003643 -0.024192 -0.299242
    21 1.063284 -0.000008 0.000000 0.003618 -0.024177 -0.299189
    22 3.783203 -0.017258 0.794434 0.548045 0.085960 -0.316569
    23 1.628906 0.000000 -0.000001 0.012406 -0.085556 -0.288091
    24 0.955566 -0.000008 0.000000 0.012406 -0.085554 -0.288100
    25 1.258789 -0.297852 1.251953 -1.378795 -0.581085 -0.486792
    26 1.392578 0.000008 -0.000004 -0.000054 -0.000328 0.324626
    27 1.099609 0.000000 -0.000006 0.000000 0.000000 0.000000
    28 3.548828 0.198730 -1.489258 -0.571799 0.100833 -0.256376
    29 1.218750 0.000003 0.000000 -0.009973 0.067699 -0.292688
    30 0.679688 0.000000 -0.000004 -0.009971 0.067689 -0.292686
    31 3.697042 0.266204 -0.725138 -0.097568 0.031574 -0.326833
    32 1.748047 0.000000 -0.000004 -0.003161 0.020964 -0.299479
    33 0.959961 0.000004 0.000000 -0.003166 0.020972 -0.299671
    34 2.023778 0.904982 -0.850921 -2.082857 1.218769 2.510810
    35 4.981625 0.002227 0.003236 2.505900 0.601559 -0.414293
    36 11.119975 -0.000005 0.000000 0.000001 0.000002 -1.730053
    37 11.205375 0.000073 0.000008 -1.671093 0.316467 0.234059
    38 3.767578 0.151855 -0.072693 -0.089524 -0.188072 -0.324860
    39 2.037109 0.000000 0.000000 -0.003278 0.021743 -0.299424
    40 1.066406 0.000006 0.000002 -0.003276 0.021743 -0.299428
    41 3.780812 -0.024988 -0.795569 -0.547791 -0.088513 -0.315894
    42 1.628906 -0.000004 -0.000001 -0.012095 0.083238 -0.288753
    43 0.955566 0.000000 0.000000 -0.012093 0.083233 -0.288763
    44 1.258789 -0.308350 -1.250000 1.375718 0.577178 -0.491580
    45 1.392578 0.000000 0.000002 0.000349 0.002142 0.324618
    46 1.099609 0.000004 -0.000006 0.000000 0.000000 0.000000
    47 3.548828 0.211304 1.487305 0.571268 -0.102934 -0.255551
    48 1.218750 0.000005 0.000000 0.010274 -0.069875 -0.292190
    49 0.679688 0.000004 -0.000004 0.010275 -0.069869 -0.292190
    50 3.697266 0.273682 0.726563 0.097886 -0.034228 -0.326615
    51 1.748047 -0.000011 0.000000 0.003526 -0.023385 -0.299307
    52 0.956684 0.000004 0.000002 0.003527 -0.023396 -0.299510
    53 -3.756462 5.577850 2.053357 1.570803 -0.000001 0.000000
    54 -2.735646 -0.081365 5.727119 0.000007 0.000015 1.570796
    55 0.000001 5.662003 -0.974302 1.570804 -0.000001 0.000000
    56 -0.000002 -2.275002 5.113525 0.000000 0.000000 -3.141592
    57 -2.477620 5.416855 4.597564 1.570804 -0.000001 0.000000
    58 -1.515218 1.317776 5.998497 0.000000 0.000000 0.000000
    59 -2.455992 5.657928 -0.087295 1.570804 -0.000001 0.000000
    60 -1.485628 -1.617812 5.263969 0.000000 0.000000 3.141592
    61 3.756460 5.577858 2.053359 1.570803 -0.000001 0.000000
    62 2.735645 -0.081364 5.727116 0.000004 -0.000011 -1.570795
    63 2.477613 5.416855 4.597570 1.570804 -0.000001 0.000000
    64 1.515220 1.317777 5.998508 0.000000 0.000000 0.000000
    65 2.455991 5.657928 -0.087293 1.570804 -0.000001 0.000000
    66 1.485620 -1.617803 5.263973 0.000000 0.000000 -3.141592
    67 4.575642 5.632584 0.000132 0.000000 -1.570771 0.249128
    68 -0.000001 0.314078 5.161098 0.000000 0.000000 0.000000
    69 -0.000001 -0.323108 3.750217 0.000000 0.000000 0.000000
    70 5.734947 1.075212 4.685178 1.570830 -0.000004 -1.321669
    71 -0.753896 0.305901 4.971462 -0.000001 0.000002 0.000000
    72 -1.101006 -0.314705 3.448307 0.000001 0.000001 0.000000
    73 5.809101 -1.029643 4.595047 1.570829 -0.000004 -1.321671
    74 -0.714908 -0.199657 5.028973 0.000000 0.000003 0.000000
    75 -0.282898 -0.851690 4.444889 0.000000 0.000000 0.000000
    76 9.578484 -1.290738 0.000240 0.000000 1.570770 -2.892481
    77 9.369518 -1.236408 1.787905 0.000000 1.570770 -2.892481
    78 9.436707 -1.331719 -1.409029 0.000000 1.570770 -2.892477
    79 5.735191 1.075235 -4.684885 -1.570814 0.000004 1.819923
    80 0.753901 0.305904 4.971474 -0.000001 -0.000002 0.000000
    81 1.101010 -0.314705 3.448315 0.000000 -0.000001 0.000000
    82 5.809341 -1.029617 -4.594752 -1.570814 0.000004 1.819922
    83 0.714908 -0.199655 5.028969 0.000000 -0.000003 0.000000
    84 0.282897 -0.851688 4.444893 0.000000 0.000000 0.000000
  time 2
    0 -0.141286 4.044340 29.067495 1.691309 0.007754 0.180377
    1 3.983847 0.002149 0.003401 -1.828897 -1.177066 -1.337107
    2 15.938816 -0.000100 -0.000005 -0.000009 -0.000002 1.973478
    3 17.707025 -0.000068 0.000003 0.400940 0.028389 -0.848478
    4 6.202515 0.003416 -0.000367 -0.007294 -0.002948 -0.584341
    5 -3.983848 0.002149 0.003395 -0.945761 -1.157539 -1.886397
    6 15.938826 -0.000113 -0.000001 0.000002 0.000010 1.002149
    7 17.707031 0.000018 0.000000 -0.211375 -0.008221 -0.925707
    8 6.203125 0.000000 0.000000 -0.081331 -0.002953 -0.584372
    9 -0.000001 4.209253 -1.688832 1.570842 -0.575159 1.570695
    10 3.836055 0.000000 0.000000 0.021284 0.053644 0.072962
    11 3.617625 -0.000275 -0.000015 0.019152 0.038439 0.515518
    12 7.537925 0.003588 -0.000212 0.016632 -0.044159 0.168979
    13 3.177734 -0.000004 0.000000 3.137538 0.000823 0.400474
    14 2.966416 0.000318 0.000023 -0.127400 -0.072700 1.659404
    15 2.023770 0.904983 0.850949 2.113254 -1.289258 2.401543
    16 4.980521 0.000781 -0.001089 -2.072239 -0.857940 -0.862346
    17 11.119977 0.000007 0.000004 -0.000003 -0.000001 -1.615291
    18 11.205393 -0.000039 0.000000 1.678704 -0.317568 0.233953
    19 3.767608 0.148800 0.074041 0.089811 0.185396 -0.326312
    20 2.037109 0.000000 0.000000 0.003643 -0.024192 -0.299242
    21 1.063284 -0.000008 0.000000 0.003618 -0.024177 -0.299189
    22 3.783203 -0.017258 0.794434 0.548045 0.085960 -0.316569
    23 1.628906 0.000000 -0.000001 0.012406 -0.085556 -0.288091
    24 0.955566 -0.000008 0.000000 0.012406 -0.085554 -0.288100
    25 1.258789 -0.297852 1.251953 -1.378795 -0.581085 -0.486792
    26 1.392578 0.000008 -0.000004 -0.000054 -0.000328 0.324626
    27 1.099609 0.000000 -0.000006 0.000000 0.000000 0.000000
    28 3.548828 0.198730 -1.489258 -0.571799 0.100833 -0.256376
    29 1.218750 0.000003 0.000000 -0.009973 0.067699 -0.292688
    30 0.679688 0.000000 -0.000004 -0.009971 0.067689 -0.292686
    31 3.697042 0.266204 -0.725138 -0.097568 0.031574 -0.326833
    32 1.748047 0.000000 -0.000004 -0.003161 0.020964 -0.299479
    33 0.959961 0.000004 0.000000 -0.003166 0.020972 -0.299671
    34 2.023778 0.904982 -0.850921 -2.075968 1.215919 2.518126
    35 4.981625 0.002227 0.003236 2.500740 0.591665 -0.418318
    36 11.119975 -0.000005 0.000000 0.000001 0.000002 -1.741152
    37 11.205375 0.000073 0.000008 -1.670615 0.316299 0.233892
    38 3.767578 0.151855 -0.072693 -0.089524 -0.188072 -0.324860
    39 2.037109 0.000000 0.000000 -0.003278 0.021743 -0.299424
    40 1.066406 0.000006 0.000002 -0.003276 0.021743 -0.299428
    41 3.780812 -0.024988 -0.795569 -0.547791 -0.088513 -0.315894
    42 1.628906 -0.000004 -0.000001 -0.012095 0.083238 -0.288753
    43 0.955566 0.000000 0.000000 -0.012093 0.083233 -0.288763
    44 1.258789 -0.308350 -1.250000 1.375718 0.577178 -0.491580
    45 1.392578 0.000000 0.000002 0.000349 0.002142 0.324618
    46 1.099609 0.000004 -0.000006 0.000000 0.000000 0.000000
    47 3.548828 0.211304 1.487305 0.571268 -0.102934 -0.255551
    48 1.218750 0.000005 0.000000 0.010274 -0.069875 -0.292190
    49 0.679688 0.000004 -0.000004 0.010275 -0.069869 -0.292190
    50 3.697266 0.273682 0.726563 0.097886 -0.034228 -0.326615
    51 1.748047 -0.000011 0.000000 0.003526 -0.023385 -0.299307
    52 0.956684 0.000004 0.000002 0.003527 -0.023396 -0.299497
    53 -3.756462 5.577850 2.053357 1.570803 -0.000001 0.000000
    54 -2.735646 -0.081365 5.727119 0.000007 0.000015 1.570796
    55 0.000001 5.662003 -0.974302 1.570804 -0.000001 0.000000
    56 -0.000002 -2.275002 5.113525 0.000000 0.000000 -3.141592
    57 -2.477620 5.416855 4.597564 1.570804 -0.000001 0.000000
    58 -1.515218 1.317776 5.998497 0.000000 0.000000 0.000000
    59 -2.455992 5.657928 -0.087295 1.570804 -0.000001 0.000000
    60 -1.485628 -1.617812 5.263969 0.000000 0.000000 3.141592
    61 3.756460 5.577858 2.053359 1.570803 -0.000001 0.000000
    62 2.735645 -0.081364 5.727116 0.000004 -0.000011 -1.570795
    63 2.477613 5.416855 4.597570 1.570804 -0.000001 0.000000
    64 1.515220 1.317777 5.998508 0.000000 0.000000 0.000000
    65 2.455991 5.657928 -0.087293 1.570804 -0.000001 0.000000
    66 1.485620 -1.617803 5.263973 0.000000 0.000000 -3.141592
    67 4.575642 5.632584 0.000132 0.000000 -1.570771 0.249128
    68 -0.000001 0.314078 5.161098 0.000000 0.000000 0.000000
    69 -0.000001 -0.323108 3.750217 0.000000 0.000000 0.000000
    70 5.734947 1.075212 4.685178 1.570830 -0.000004 -1.321669
    71 -0.753896 0.305901 4.971462 -0.000001 0.000002 0.000000
    72 -1.101006 -0.314705 3.448307 0.000001 0.000001 0.000000
    73 5.809101 -1.029643 4.595047 1.570829 -0.000004 -1.321671
    74 -0.714908 -0.199657 5.028973 0.000000 0.000003 0.000000
    75 -0.282898 -0.851690 4.444889 0.000000 0.000000 0.000000
    76 9.578484 -1.290738 0.000240 0.000000 1.570770 -2.892481
    77 9.369518 -1.236408 1.787905 0.000000 1.570770 -2.892481
    78 9.436707 -1.331719 -1.409029 0.000000 1.570770 -2.892477
    79 5.735191 1.075235 -4.684885 -1.570814 0.000004 1.819923
    80 0.753901 0.305904 4.971474 -0.000001 -0.000002 0.000000
    81 1.101010 -0.314705 3.448315 0.000000 -0.000001 0.000000
    82 5.809341 -1.029617 -4.594752 -1.570814 0.000004 1.819922
    83 0.714908 -0.199655 5.028969 0.000000 -0.000003 0.000000
    84 0.282897 -0.851688 4.444893 0.000000 0.000000 0.000000
  time 3
    0 0.151692 6.748172 28.817487 1.682968 0.017569 0.189067
    1 3.983847 0.002149 0.003401 -1.785387 -1.136972 -1.373763
    2 15.938816 -0.000100 -0.000005 -0.000009 -0.000002 1.928662
    3 17.707025 -0.000068 0.000003 0.342241 0.082767 -1.013126
    4 6.202515 0.003416 -0.000367 -0.007294 -0.002948 -0.584341
    5 -3.983848 0.002149 0.003395 -0.902196 -1.182746 -1.909160
    6 15.938826 -0.000113 -0.000001 0.000002 0.000010 0.961212
    7 17.707031 0.000018 0.000000 -0.139746 -0.026388 -0.971921
    8 6.203125 0.000000 0.000000 -0.081331 -0.002953 -0.584372
    9 -0.000001 4.209253 -1.688832 1.570842 -0.575159 1.570695
    10 3.836055 0.000000 0.000000 0.022639 0.051858 0.071499
    11 3.617625 -0.000275 -0.000015 0.019727 0.037204 0.513857
    12 7.537925 0.003588 -0.000212 0.014043 -0.042194 0.168500
    13 3.177734 -0.000004 0.000000 3.137538 0.000823 0.400474
    14 2.966416 0.000318 0.000023 -0.118400 -0.086219 1.663852
    15 2.023770 0.904983 0.850949 2.118155 -1.295528 2.396558
    16 4.980521 0.000781 -0.001089 -2.087772 -0.876629 -0.830764
    17 11.119977 0.000007 0.000004 -0.000003 -0.000001 -1.604542
    18 11.205393 -0.000039 0.000000 1.678704 -0.317678 0.233953
    19 3.767608 0.148800 0.074041 0.089811 0.185396 -0.326312
    20 2.037109 0.000000 0.000000 0.003643 -0.024192 -0.299242
    21 1.063284 -0.000008 0.000000 0.003618 -0.024165 -0.299189
    22 3.783203 -0.017258 0.794434 0.548045 0.085960 -0.316569
    23 1.628906 0.000000 -0.000001 0.012406 -0.085556 -0.288091
    24 0.955566 -0.000008 0.000000 0.012406 -0.085554 -0.288100
    25 1.258789 -0.297852 1.251953 -1.378795 -0.581085 -0.486792
    26 1.392578 0.000008 -0.000004 -0.000054 -0.000328 0.324626
    27 1.099609 0.000000 -0.000006 0.000000 0.000000 0.000000
    28 3.548828 0.198730 -1.489258 -0.571799 0.100833 -0.256376
    29 1.218750 0.000003 0.000000 -0.009973 0.067699 -0.292688
    30 0.679688 0.000000 -0.000004 -0.009971 0.067689 -0.292686
    31 3.697042 0.266204 -0.725138 -0.097544 0.031574 -0.326833
    32 1.748047 0.000000 -0.000004 -0.003161 0.020964 -0.299479
    33 0.959961 0.000004 0.000000 -0.003166 0.020972 -0.299671
    34 2.023778 0.904982 -0.850921 -2.068557 1.213109 2.525894
    35 4.981625 0.002227 0.003236 2.497593 0.585977 -0.426251
    36 11.119975 -0.000005 0.000000 0.000001 0.000002 -1.753322
    37 11.205375 0.000073 0.000008 -1.670711 0.316180 0.233832
    38 3.767578 0.151855 -0.072693 -0.089524 -0.188072 -0.324860
    39 2.037109 0.000000 0.000000 -0.003278 0.021743 -0.299424
    40 1.066406 0.000006 0.000002 -0.003276 0.021743 -0.299428
    41 3.780812 -0.024988 -0.795569 -0.547791 -0.088513 -0.315894
    42 1.628906 -0.000004 -0.000001 -0.012095 0.083238 -0.288753
    43 0.955566 0.000000 0.000000 -0.012093 0.083233 -0.288763
    44 1.258789 -0.308350 -1.250000 1.375718 0.577178 -0.491580
    45 1.392578 0.000000 0.000002 0.000349 0.002142 0.324618
    46 1.099609 0.000004 -0.000006 0.000000 0.000000 0.000000
    47 3.548828 0.211304 1.487305 0.571268 -0.102934 -0.255551
    48 1.218750 0.000005 0.000000 0.010274 -0.069875 -0.292190
    49 0.679688 0.000004 -0.000004 0.010275 -0.069869 -0.292190
    50 3.697266 0.273682 0.726563 0.097886 -0.034228 -0.326615
    51 1.748047 -0.000011 0.000000 0.003526 -0.023385 -0.299307
    52 0.956684 0.000004 0.000002 0.003527 -0.023396 -0.299497
    53 -3.756462 5.577850 2.053357 1.570803 -0.000001 0.000000
    54 -2.735646 -0.081365 5.727119 0.000007 0.000015 1.570796
    55 0.000001 5.662003 -0.974302 1.570804 -0.000001 0.000000
    56 -0.000002 -2.275002 5.113525 0.000000 0.000000 -3.141592
    57 -2.477620 5.416855 4.597564 1.570804 -0.000001 0.000000
    58 -1.515218 1.317776 5.998497 0.000000 0.000000 0.000000
    59 -2.455992 5.657928 -0.087295 1.570804 -0.000001 0.000000
    60 -1.485628 -1.617812 5.263969 0.000000 0.000000 3.141592
    61 3.756460 5.577858 2.053359 1.570803 -0.000001 0.000000
    62 2.735645 -0.081364 5.727116 0.000004 -0.000011 -1.570795
    63 2.477613 5.416855 4.597570 1.570804 -0.000001 0.000000
    64 1.515220 1.317777 5.998508 0.000000 0.000000 0.000000
    65 2.455991 5.657928 -0.087293 1.570804 -0.000001 0.000000
    66 1.485620 -1.617803 5.263973 0.000000 0.000000 -3.141592
    67 4.575642 5.632584 0.000132 0.000000 -1.570771 0.249128
    68 -0.000001 0.314078 5.161098 0.000000 0.000000 0.000000
    69 -0.000001 -0.323108 3.750217 0.000000 0.000000 0.000000
    70 5.734947 1.075212 4.685178 1.570830 -0.000004 -1.321669
    71 -0.753896 0.305901 4.971462 -0.000001 0.000002 0.000000
    72 -1.101006 -0.314705 3.448307 0.000001 0.000001 0.000000
    73 5.809101 -1.029643 4.595047 1.570829 -0.000004 -1.321671
    74 -0.714908 -0.199657 5.028973 0.000000 0.000003 0.000000
    75 -0.282898 -0.851690 4.444889 0.000000 0.000000 0.000000
    76 9.578484 -1.290738 0.000240 0.000000 1.570770 -2.892481
    77 9.369518 -1.236408 1.787905 0.000000 1.570770 -2.892481
    78 9.436707 -1.331719 -1.409029 0.000000 1.570770 -2.892477
    79 5.735191 1.075235 -4.684885 -1.570814 0.000004 1.819923
    80 0.753901 0.305904 4.971474 -0.000001 -0.000002 0.000000
    81 1.101010 -0.314705 3.448315 0.000000 -0.000001 0.000000
    82 5.809341 -1.029617 -4.594752 -1.570814 0.000004 1.819922
    83 0.714908 -0.199655 5.028969 0.000000 -0.000003 0.000000
    84 0.282897 -0.851688 4.444893 0.000000 0.000000 0.000000
  time 4
    0 0.327478 9.561382 28.442476 1.674627 0.027421 0.197757
    1 3.983847 0.002149 0.003401 -1.734846 -1.107201 -1.416410
    2 15.938816 -0.000100 -0.000005 -0.000009 -0.000002 1.866762
    3 17.707025 -0.000068 0.000003 0.245108 0.136785 -1.244313
    4 6.202515 0.003416 -0.000367 -0.007294 -0.002948 -0.584341
    5 -3.983848 0.002149 0.003395 -0.844874 -1.212762 -1.944290
    6 15.938826 -0.000113 -0.000001 0.000002 0.000010 0.943011
    7 17.707031 0.000018 0.000000 -0.054629 -0.039308 -1.056534
    8 6.203125 0.000000 0.000000 -0.081331 -0.002953 -0.584372
    9 -0.000001 4.209253 -1.688832 1.570842 -0.575159 1.570743
    10 3.836055 0.000000 0.000000 0.024257 0.048790 0.077755
    11 3.617625 -0.000275 -0.000015 0.021561 0.033753 0.518841
    12 7.537925 0.003588 -0.000212 0.014990 -0.043285 0.164665
    13 3.177734 -0.000004 0.000000 3.137538 0.000823 0.400474
    14 2.966416 0.000318 0.000023 -0.156463 -0.100145 1.651780
    15 2.023770 0.904983 0.850949 2.123405 -1.301839 2.391210
    16 4.980521 0.000781 -0.001089 -2.111406 -0.906080 -0.786492
    17 11.119977 0.000007 0.000004 -0.000003 -0.000001 -1.593621
    18 11.205393 -0.000039 0.000000 1.678704 -0.317799 0.233953
    19 3.767608 0.148800 0.074041 0.089811 0.185396 -0.326312
    20 2.037109 0.000000 0.000000 0.003643 -0.024192 -0.299242
    21 1.063284 -0.000008 0.000000 0.003618 -0.024177 -0.299189
    22 3.783203 -0.017258 0.794434 0.548045 0.085960 -0.316569
    23 1.628906 0.000000 -0.000001 0.012406 -0.085556 -0.288091
    24 0.955566 -0.000008 0.000000 0.012406 -0.085554 -0.288100
    25 1.258789 -0.297852 1.251953 -1.378795 -0.581085 -0.486792
    26 1.392578 0.000008 -0.000004 -0.000054 -0.000328 0.324626
    27 1.099609 0.000000 -0.000006 0.000000 0.000000 0.000000
    28 3.548828 0.198730 -1.489258 -0.571799 0.100833 -0.256376
    29 1.218750 0.000003 0.000000 -0.009973 0.067699 -0.292688
    30 0.679688 0.000000 -0.000004 -0.009971 0.067689 -0.292686
    31 3.697042 0.266204 -0.725138 -0.097568 0.031574 -0.326833
    32 1.748047 0.000000 -0.000004 -0.003161 0.020964 -0.299479
    33 0.959961 0.000004 0.000000 -0.003166 0.020972 -0.299671
    34 2.023778 0.904982 -0.850921 -2.060990 1.210341 2.533932
    35 4.981625 0.002227 0.003236 2.509512 0.581799 -0.428954
    36 11.119975 -0.000005 0.000000 0.000001 0.000002 -1.765744
    37 11.205375 0.000073 0.000008 -1.670711 0.316024 0.233832
    38 3.767578 0.151855 -0.072693 -0.089524 -0.188072 -0.324860
    39 2.037109 0.000000 0.000000 -0.003278 0.021743 -0.299424
    40 1.066406 0.000006 0.000002 -0.003276 0.021743 -0.299428
    41 3.780812 -0.024988 -0.795569 -0.547791 -0.088525 -0.315894
    42 1.628906 -0.000004 -0.000001 -0.012095 0.083238 -0.288753
    43 0.955566 0.000000 0.000000 -0.012093 0.083233 -0.288763
    44 1.258789 -0.308350 -1.250000 1.375718 0.577178 -0.491580
    45 1.392578 0.000000 0.000002 0.000349 0.002142 0.324618
    46 1.099609 0.000004 -0.000006 0.000000 0.000000 0.000000
    47 3.548828 0.211304 1.487305 0.571268 -0.102934 -0.255551
    48 1.218750 0.000005 0.000000 0.010274 -0.069875 -0.292190
    49 0.679688 0.000004 -0.000004 0.010275 -0.069869 -0.292190
    50 3.697266 0.273682 0.726563 0.097886 -0.034228 -0.326615
    51 1.748047 -0.000011 0.000000 0.003526 -0.023385 -0.299307
    52 0.956684 0.000004 0.000002 0.003527 -0.023396 -0.299497
    53 -3.756462 5.577850 2.053357 1.570803 -0.000001 0.000000
    54 -2.735646 -0.081365 5.727119 0.000007 0.000015 1.570796
    55 0.000001 5.662003 -0.974302 1.570804 -0.000001 0.000000
    56 -0.000002 -2.275002 5.113525 0.000000 0.000000 -3.141592
    57 -2.477620 5.416855 4.597564 1.570804 -0.000001 0.000000
    58 -1.515218 1.317776 5.998497 0.000000 0.000000 0.000000
    59 -2.455992 5.657928 -0.087295 1.570804 -0.000001 0.000000
    60 -1.485628 -1.617812 5.263969 0.000000 0.000000 3.141592
    61 3.756460 5.577858 2.053359 1.570803 -0.000001 0.000000
    62 2.735645 -0.081364 5.727116 0.000004 -0.000011 -1.570795
    63 2.477613 5.416855 4.597570 1.570804 -0.000001 0.000000
    64 1.515220 1.317777 5.998508 0.000000 0.000000 0.000000
    65 2.455991 5.657928 -0.087293 1.570804 -0.000001 0.000000
    66 1.485620 -1.617803 5.263973 0.000000 0.000000 -3.141592
    67 4.575642 5.632584 0.000132 0.000000 -1.570771 0.249128
    68 -0.000001 0.314078 5.161098 0.000000 0.000000 0.000000
    69 -0.000001 -0.323108 3.750217 0.000000 0.000000 0.000000
    70 5.734947 1.075212 4.685178 1.570830 -0.000004 -1.321669
    71 -0.753896 0.305901 4.971462 -0.000001 0.000002 0.000000
    72 -1.101006 -0.314705 3.448307 0.000001 0.000001 0.000000
    73 5.809101 -1.029643 4.595047 1.570829 -0.000004 -1.321671
    74 -0.714908 -0.199657 5.028973 0.000000 0.000003 0.000000
    75 -0.282898 -0.851690 4.444889 0.000000 0.000000 0.000000
    76 9.578484 -1.290738 0.000240 0.000000 1.570770 -2.892481
    77 9.369518 -1.236408 1.787905 0.000000 1.570770 -2.892481
    78 9.436707 -1.331719 -1.409029 0.000000 1.570770 -2.892477
    79 5.735191 1.075235 -4.684885 -1.570814 0.000004 1.819923
    80 0.753901 0.305904 4.971474 -0.000001 -0.000002 0.000000
    81 1.101010 -0.314705 3.448315 0.000000 -0.000001 0.000000
    82 5.809341 -1.029617 -4.594752 -1.570814 0.000004 1.819922
    83 0.714908 -0.199655 5.028969 0.000000 -0.000003 0.000000
    84 0.282897 -0.851688 4.444893 0.000000 0.000000 0.000000
  time 5
    0 0.366542 12.323809 28.028401 1.666381 0.037320 0.206576
    1 3.983847 0.002149 0.003401 -1.707296 -1.062879 -1.457268
    2 15.938816 -0.000100 -0.000005 -0.000009 -0.000002 1.725685
    3 17.707025 -0.000068 0.000003 0.219448 0.170880 -1.449434
    4 6.202515 0.003416 -0.000367 -0.007294 -0.002948 -0.584341
    5 -3.983848 0.002149 0.003395 -0.779623 -1.246513 -1.998341
    6 15.938826 -0.000113 -0.000001 0.000002 0.000010 0.974564
    7 17.707031 0.000018 0.000000 0.010335 -0.026352 -1.143092
    8 6.203125 0.000000 0.000000 -0.081331 -0.002953 -0.584372
    9 -0.000001 4.209253 -1.688832 1.570794 -0.575159 1.570791
    10 3.836055 0.000000 0.000000 0.025910 0.045555 0.085126
    11 3.617625 -0.000275 -0.000015 0.023526 0.029954 0.524740
    12 7.537925 0.003588 -0.000212 0.016380 -0.044807 0.160375
    13 3.177734 -0.000004 0.000000 3.137538 0.000823 0.400474
    14 2.966416 0.000318 0.000023 -0.200902 -0.115149 1.638074
    15 2.023770 0.904983 0.850949 2.128955 -1.308109 2.385591
    16 4.980521 0.000781 -0.001089 -2.139221 -0.936273 -0.737638
    17 11.119977 0.000007 0.000004 -0.000003 -0.000001 -1.582700
    18 11.205393 -0.000039 0.000000 1.678704 -0.317872 0.233953
    19 3.767608 0.148800 0.074041 0.089811 0.185408 -0.326312
    20 2.037109 0.000000 0.000000 0.003643 -0.024192 -0.299242
    21 1.063284 -0.000008 0.000000 0.003618 -0.024177 -0.299189
    22 3.783203 -0.017258 0.794434 0.548045 0.085960 -0.316569
    23 1.628906 0.000000 -0.000001 0.012406 -0.085556 -0.288091
    24 0.955566 -0.000008 0.000000 0.012406 -0.085554 -0.288100
    25 1.258789 -0.297852 1.251953 -1.378795 -0.581085 -0.486792
    26 1.392578 0.000008 -0.000004 -0.000054 -0.000328 0.324626
    27 1.099609 0.000000 -0.000006 0.000000 0.000000 0.000000
    28 3.548828 0.198730 -1.489258 -0.571799 0.100833 -0.256376
    29 1.218750 0.000003 0.000000 -0.009973 0.067699 -0.292688
    30 0.679688 0.000000 -0.000004 -0.009971 0.067689 -0.292686
    31 3.697042 0.266204 -0.725138 -0.097568 0.031574 -0.326833
    32 1.748047 0.000000 -0.000004 -0.003161 0.020964 -0.299479
    33 0.959961 0.000004 0.000000 -0.003166 0.020972 -0.299671
    34 2.023778 0.904982 -0.850921 -2.053736 1.207531 2.541700
    35 4.981625 0.002227 0.003236 2.523649 0.578062 -0.430952
    36 11.119975 -0.000005 0.000000 0.000001 0.000002 -1.778040
    37 11.205375 0.000073 0.000008 -1.670711 0.315892 0.233832
    38 3.767578 0.151855 -0.072693 -0.089524 -0.188072 -0.324860
    39 2.037109 0.000000 0.000000 -0.003278 0.021743 -0.299424
    40 1.066406 0.000006 0.000002 -0.003276 0.021743 -0.299428
    41 3.780812 -0.024988 -0.795569 -0.547791 -0.088513 -0.315894
    42 1.628906 -0.000004 -0.000001 -0.012095 0.083238 -0.288753
    43 0.955566 0.000000 0.000000 -0.012093 0.083233 -0.288763
    44 1.258789 -0.308350 -1.250000 1.375718 0.577178 -0.491580
    45 1.392578 0.000000 0.000002 0.000349 0.002142 0.324618
    46 1.099609 0.000004 -0.000006 0.000000 0.000000 0.000000
    47 3.548828 0.211304 1.487305 0.571268 -0.102934 -0.255551
    48 1.218750 0.000005 0.000000 0.010274 -0.069875 -0.292190
    49 0.679688 0.000004 -0.000004 0.010275 -0.069869 -0.292190
    50 3.697266 0.273682 0.726563 0.097886 -0.034228 -0.326615
    51 1.748047 -0.000011 0.000000 0.003526 -0.023385 -0.299307
    52 0.956684 0.000004 0.000002 0.003527 -0.023396 -0.299497
    53 -3.756462 5.577850 2.053357 1.570803 -0.000001 0.000000
    54 -2.735646 -0.081365 5.727119 0.000007 0.000015 1.570796
    55 0.000001 5.662003 -0.974302 1.570804 -0.000001 0.000000
    56 -0.000002 -2.275002 5.113525 0.000000 0.000000 -3.141592
    57 -2.477620 5.416855 4.597564 1.570804 -0.000001 0.000000
    58 -1.515218 1.317776 5.998497 0.000000 0.000000 0.000000
    59 -2.455992 5.657928 -0.087295 1.570804 -0.000001 0.000000
    60 -1.485628 -1.617812 5.263969 0.000000 0.000000 3.141592
    61 3.756460 5.577858 2.053359 1.570803 -0.000001 0.000000
    62 2.735645 -0.081364 5.727116 0.000004 -0.000011 -1.570795
    63 2.477613 5.416855 4.597570 1.570804 -0.000001 0.000000
    64 1.515220 1.317777 5.998508 0.000000 0.000000 0.000000
    65 2.455991 5.657928 -0.087293 1.570804 -0.000001 0.000000
    66 1.485620 -1.617803 5.263973 0.000000 0.000000 -3.141592
    67 4.575642 5.632584 0.000132 0.000000 -1.570771 0.249128
    68 -0.000001 0.314078 5.161098 0.000000 0.000000 0.000000
    69 -0.000001 -0.323108 3.750217 0.000000 0.000000 0.000000
    70 5.734947 1.075212 4.685178 1.570830 -0.000004 -1.321669
    71 -0.753896 0.305901 4.971462 -0.000001 0.000002 0.000000
    72 -1.101006 -0.314705 3.448307 0.000001 0.000001 0.000000
    73 5.809101 -1.029643 4.595047 1.570829 -0.000004 -1.321671
    74 -0.714908 -0.199657 5.028973 0.000000 0.000003 0.000000
    75 -0.282898 -0.851690 4.444889 0.000000 0.000000 0.000000
    76 9.578484 -1.290738 0.000240 0.000000 1.570770 -2.892481
    77 9.369518 -1.236408 1.787905 0.000000 1.570770 -2.892481
    78 9.436707 -1.331719 -1.409029 0.000000 1.570770 -2.892477
    79 5.735191 1.075235 -4.684885 -1.570814 0.000004 1.819923
    80 0.753901 0.305904 4.971474 -0.000001 -0.000002 0.000000
    81 1.101010 -0.314705 3.448315 0.000000 -0.000001 0.000000
    82 5.809341 -1.029617 -4.594752 -1.570814 0.000004 1.819922
    83 0.714908 -0.199655 5.028969 0.000000 -0.000003 0.000000
    84 0.282897 -0.851688 4.444893 0.000000 0.000000 0.000000
  time 6
    0 0.296227 14.926075 27.723704 1.658232 0.047303 0.215074
    1 3.983847 0.002149 0.003401 -1.680600 -1.036935 -1.494371
    2 15.938816 -0.000100 -0.000005 -0.000009 -0.000002 1.591557
    3 17.707025 -0.000068 0.000003 0.205159 0.193475 -1.598755
    4 6.202515 0.003416 -0.000367 -0.007294 -0.002948 -0.584341
    5 -3.983848 0.002149 0.003395 -0.692302 -1.301049 -2.132581
    6 15.938826 -0.000113 -0.000001 0.000002 0.000010 1.264710
    7 17.707031 0.000018 0.000000 -0.029083 0.080186 -1.223489
    8 6.203125 0.000000 0.000000 -0.081331 -0.002953 -0.584372
    9 -0.000001 4.209253 -1.688832 1.570794 -0.575159 1.570791
    10 3.836055 0.000000 0.000000 0.027552 0.042235 0.092916
    11 3.617625 -0.000275 -0.000015 0.025552 0.026035 0.531006
    12 7.537925 0.003588 -0.000212 0.018022 -0.046496 0.155892
    13 3.177734 -0.000004 0.000000 3.137538 0.000823 0.400474
    14 2.966416 0.000318 0.000023 -0.247606 -0.131436 1.624323
    15 2.023770 0.904983 0.850949 2.134455 -1.314297 2.380062
    16 4.980521 0.000781 -0.001089 -2.170957 -0.965386 -0.685314
    17 11.119977 0.000007 0.000004 -0.000003 -0.000001 -1.572179
    18 11.205393 -0.000039 0.000000 1.678704 -0.317982 0.233953
    19 3.767608 0.148800 0.074041 0.089811 0.185396 -0.326312
    20 2.037109 0.000000 0.000000 0.003643 -0.024192 -0.299242
    21 1.063284 -0.000008 0.000000 0.003618 -0.024177 -0.299189
    22 3.783203 -0.017258 0.794434 0.548045 0.085960 -0.316569
    23 1.628906 0.000000 -0.000001 0.012406 -0.085556 -0.288091
    24 0.955566 -0.000008 0.000000 0.012406 -0.085554 -0.288100
    25 1.258789 -0.297852 1.251953 -1.378795 -0.581085 -0.486792
    26 1.392578 0.000008 -0.000004 -0.000054 -0.000328 0.324626
    27 1.099609 0.000000 -0.000006 0.000000 0.000000 0.000000
    28 3.548828 0.198730 -1.489258 -0.571799 0.100833 -0.256376
    29 1.218750 0.000003 0.000000 -0.009973 0.067699 -0.292688
    30 0.679688 0.000000 -0.000004 -0.009971 0.067689 -0.292686
    31 3.697042 0.266204 -0.725138 -0.097568 0.031574 -0.326833
    32 1.748047 0.000000 -0.000004 -0.003161 0.020964 -0.299479
    33 0.959961 0.000004 0.000000 -0.003166 0.020972 -0.299671
    34 2.023778 0.904982 -0.850921 -2.047108 1.204681 2.548745
    35 4.981625 0.002227 0.003236 2.538664 0.574517 -0.432656
    36 11.119975 -0.000005 0.000000 0.000001 0.000002 -1.789643
    37 11.205375 0.000073 0.000008 -1.670711 0.315772 0.233832
    38 3.767578 0.151855 -0.072693 -0.089524 -0.188072 -0.324860
    39 2.037109 0.000000 0.000000 -0.003278 0.021743 -0.299424
    40 1.066406 0.000006 0.000002 -0.003276 0.021743 -0.299428
    41 3.780812 -0.024988 -0.795569 -0.547791 -0.088513 -0.315894
    42 1.628906 -0.000004 -0.000001 -0.012095 0.083238 -0.288753
    43 0.955566 0.000000 0.000000 -0.012093 0.083233 -0.288763
    44 1.258789 -0.308350 -1.250000 1.375718 0.577178 -0.491580
    45 1.392578 0.000000 0.000002 0.000349 0.002142 0.324618
    46 1.099609 0.000004 -0.000006 0.000000 0.000000 0.000000
    47 3.548828 0.211304 1.487305 0.571268 -0.102934 -0.255551
    48 1.218750 0.000005 0.000000 0.010274 -0.069875 -0.292190
    49 0.679688 0.000004 -0.000004 0.010275 -0.069869 -0.292190
    50 3.697266 0.273682 0.726563 0.097886 -0.034228 -0.326615
    51 1.748047 -0.000011 0.000000 0.003526 -0.023385 -0.299307
    52 0.956684 0.000004 0.000002 0.003527 -0.023396 -0.299497
    53 -3.756462 5.577850 2.053357 1.570803 -0.000001 0.000000
    54 -2.735646 -0.081365 5.727119 0.000007 0.000015 1.570796
    55 0.000001 5.662003 -0.974302 1.570804 -0.000001 0.000000
    56 -0.000002 -2.275002 5.113525 0.000000 0.000000 -3.141592
    57 -2.477620 5.416855 4.597564 1.570804 -0.000001 0.000000
    58 -1.515218 1.317776 5.998497 0.000000 0.000000 0.000000
    59 -2.455992 5.657928 -0.087295 1.570804 -0.000001 0.000000
    60 -1.485628 -1.617812 5.263969 0.000000 0.000000 3.141592
    61 3.756460 5.577858 2.053359 1.570803 -0.000001 0.000000
    62 2.735645 -0.081364 5.727116 0.000004 -0.000011 -1.570795
    63 2.477613 5.416855 4.597570 1.570804 -0.000001 0.000000
    64 1.515220 1.317777 5.998508 0.000000 0.000000 0.000000
    65 2.455991 5.657928 -0.087293 1.570804 -0.000001 0.000000
    66 1.485620 -1.617803 5.263973 0.000000 0.000000 -3.141592
    67 4.575642 5.632584 0.000132 0.000000 -1.570771 0.249128
    68 -0.000001 0.314078 5.161098 0.000000 0.000000 0.000000
    69 -0.000001 -0.323108 3.750217 0.000000 0.000000 0.000000
    70 5.734947 1.075212 4.685178 1.570830 -0.000004 -1.321669
    71 -0.753896 0.305901 4.971462 -0.000001 0.000002 0.000000
    72 -1.101006 -0.314705 3.448307 0.000001 0.000001 0.000000
    73 5.809101 -1.029643 4.595047 1.570829 -0.000004 -1.321671
    74 -0.714908 -0.199657 5.028973 0.000000 0.000003 0.000000
    75 -0.282898 -0.851690 4.444889 0.000000 0.000000 0.000000
    76 9.578484 -1.290738 0.000240 0.000000 1.570770 -2.892481
    77 9.369518 -1.236408 1.787905 0.000000 1.570770 -2.892481
    78 9.436707 -1.331719 -1.409029 0.000000 1.570770 -2.892477
    79 5.735191 1.075235 -4.684885 -1.570814 0.000004 1.819923
    80 0.753901 0.305904 4.971474 -0.000001 -0.000002 0.000000
    81 1.101010 -0.314705 3.448315 0.000000 -0.000001 0.000000
    82 5.809341 -1.029617 -4.594752 -1.570814 0.000004 1.819922
    83 0.714908 -0.199655 5.028969 0.000000 -0.000003 0.000000
    84 0.282897 -0.851688 4.444893 0.000000 0.000000 0.000000
  time 7
    0 -0.016283 17.422869 27.598700 1.650275 0.057418 0.223253
    1 3.983847 0.002149 0.003401 -1.605359 -1.117481 -1.543902
    2 15.938816 -0.000100 -0.000005 -0.000009 -0.000002 1.571094
    3 17.707025 -0.000068 0.000003 0.190952 0.160802 -1.494221
    4 6.202515 0.003416 -0.000367 -0.007294 -0.002948 -0.584341
    5 -3.983848 0.002149 0.003395 -0.721632 -1.285676 -2.132956
    6 15.938826 -0.000113 -0.000001 0.000002 0.000010 1.621741
    7 17.707031 0.000018 0.000000 -0.067845 0.174964 -1.212333
    8 6.203125 0.000000 0.000000 -0.081331 -0.002953 -0.584372
    9 -0.000001 4.209253 -1.688832 1.570794 -0.575159 1.570791
    10 3.836055 0.000000 0.000000 0.029182 0.038927 0.100478
    11 3.617625 -0.000275 -0.000015 0.027517 0.022152 0.537102
    12 7.537925 0.003588 -0.000212 0.019544 -0.048102 0.151506
    13 3.177734 -0.000004 0.000000 3.137538 0.000823 0.400474
    14 2.966416 0.000318 0.000023 -0.292692 -0.148730 1.611797
    15 2.023770 0.904983 0.850949 2.140005 -1.320242 2.374533
    16 4.980521 0.000781 -0.001089 -2.205273 -0.991902 -0.631225
    17 11.119977 0.000007 0.000004 -0.000003 -0.000001 -1.562458
    18 11.205393 -0.000039 0.000000 1.678704 -0.318067 0.233953
    19 3.767608 0.148800 0.074041 0.089811 0.185408 -0.326312
    20 2.037109 0.000000 0.000000 0.003643 -0.024192 -0.299242
    21 1.063284 -0.000008 0.000000 0.003618 -0.024177 -0.299189
    22 3.783203 -0.017258 0.794434 0.548045 0.085960 -0.316569
    23 1.628906 0.000000 -0.000001 0.012406 -0.085556 -0.288091
    24 0.955566 -0.000008 0.000000 0.012406 -0.085554 -0.288100
    25 1.258789 -0.297852 1.251953 -1.378795 -0.581085 -0.486792
    26 1.392578 0.000008 -0.000004 -0.000054 -0.000328 0.324626
    27 1.099609 0.000000 -0.000006 0.000000 0.000000 0.000000
    28 3.548828 0.198730 -1.489258 -0.571799 0.100833 -0.256376
    29 1.218750 0.000003 0.000000 -0.009973 0.067699 -0.292688
    30 0.679688 0.000000 -0.000004 -0.009971 0.067689 -0.292686
    31 3.697042 0.266204 -0.725138 -0.097568 0.031574 -0.326833
    32 1.748047 0.000000 -0.000004 -0.003161 0.020964 -0.299479
    33 0.959961 0.000004 0.000000 -0.003166 0.020972 -0.299671
    34 2.023778 0.904982 -0.850921 -2.041524 1.201709 2.554706
    35 4.981625 0.002227 0.003236 2.553214 0.571219 -0.434596
    36 11.119975 -0.000005 0.000000 0.000001 0.000002 -1.800174
    37 11.205375 0.000073 0.000008 -1.670711 0.315652 0.233832
    38 3.767578 0.151855 -0.072693 -0.089524 -0.188072 -0.324860
    39 2.037109 0.000000 0.000000 -0.003278 0.021743 -0.299424
    40 1.066406 0.000006 0.000002 -0.003276 0.021743 -0.299428
    41 3.780812 -0.024988 -0.795569 -0.547791 -0.088513 -0.315894
    42 1.628906 -0.000004 -0.000001 -0.012095 0.083238 -0.288753
    43 0.955566 0.000000 0.000000 -0.012093 0.083233 -0.288763
    44 1.258789 -0.308350 -1.250000 1.375718 0.577178 -0.491580
    45 1.392578 0.000000 0.000002 0.000349 0.002142 0.324618
    46 1.099609 0.000004 -0.000006 0.000000 0.000000 0.000000
    47 3.548828 0.211304 1.487305 0.571268 -0.102934 -0.255551
    48 1.218750 0.000005 0.000000 0.010274 -0.069875 -0.292190
    49 0.679688 0.000004 -0.000004 0.010275 -0.069869 -0.292190
    50 3.697266 0.273682 0.726563 0.097886 -0.034228 -0.326615
    51 1.748047 -0.000011 0.000000 0.003526 -0.023385 -0.299307
    52 0.956684 0.000004 0.000002 0.003527 -0.023396 -0.299510
    53 -3.756462 5.577850 2.053357 1.570803 -0.000001 0.000000
    54 -2.735646 -0.081365 5.727119 0.000007 0.000015 1.570796
    55 0.000001 5.662003 -0.974302 1.570804 -0.000001 0.000000
    56 -0.000002 -2.275002 5.113525 0.000000 0.000000 -3.141592
    57 -2.477620 5.416855 4.597564 1.570804 -0.000001 0.000000
    58 -1.515218 1.317776 5.998497 0.000000 0.000000 0.000000
    59 -2.455992 5.657928 -0.087295 1.570804 -0.000001 0.000000
    60 -1.485628 -1.617812 5.263969 0.000000 0.000000 3.141592
    61 3.756460 5.577858 2.053359 1.570803 -0.000001 0.000000
    62 2.735645 -0.081364 5.727116 0.000004 -0.000011 -1.570795
    63 2.477613 5.416855 4.597570 1.570804 -0.000001 0.000000
    64 1.515220 1.317777 5.998508 0.000000 0.000000 0.000000
    65 2.455991 5.657928 -0.087293 1.570804 -0.000001 0.000000
    66 1.485620 -1.617803 5.263973 0.000000 0.000000 -3.141592
    67 4.575642 5.632584 0.000132 0.000000 -1.570771 0.249128
    68 -0.000001 0.314078 5.161098 0.000000 0.000000 0.000000
    69 -0.000001 -0.323108 3.750217 0.000000 0.000000 0.000000
    70 5.734947 1.075212 4.685178 1.570830 -0.000004 -1.321669
    71 -0.753896 0.305901 4.971462 -0.000001 0.000002 0.000000
    72 -1.101006 -0.314705 3.448307 0.000001 0.000001 0.000000
    73 5.809101 -1.029643 4.595047 1.570829 -0.000004 -1.321671
    74 -0.714908 -0.199657 5.028973 0.000000 0.000003 0.000000
    75 -0.282898 -0.851690 4.444889 0.000000 0.000000 0.000000
    76 9.578484 -1.290738 0.000240 0.000000 1.570770 -2.892481
    77 9.369518 -1.236408 1.787905 0.000000 1.570770 -2.892481
    78 9.436707 -1.331719 -1.409029 0.000000 1.570770 -2.892477
    79 5.735191 1.075235 -4.684885 -1.570814 0.000004 1.819923
    80 0.753901 0.305904 4.971474 -0.000001 -0.000002 0.000000
    81 1.101010 -0.314705 3.448315 0.000000 -0.000001 0.000000
    82 5.809341 -1.029617 -4.594752 -1.570814 0.000004 1.819922
    83 0.714908 -0.199655 5.028969 0.000000 -0.000003 0.000000
    84 0.282897 -0.851688 4.444893 0.000000 0.000000 0.000000
  time 8
    0 -0.137380 19.603247 27.551824 1.649172 0.042809 0.217439
    1 3.983847 0.002149 0.003401 -1.655900 -1.170792 -1.538180
    2 15.938816 -0.000100 -0.000005 -0.000009 -0.000002 1.522135
    3 17.707025 -0.000068 0.000003 0.221265 0.166658 -1.385833
    4 6.202515 0.003416 -0.000367 -0.007294 -0.002948 -0.584341
    5 -3.983848 0.002149 0.003395 -0.796055 -1.265536 -2.072253
    6 15.938826 -0.000113 -0.000001 0.000002 0.000010 1.872714
    7 17.707031 0.000018 0.000000 -0.070043 0.175160 -1.167707
    8 6.203125 0.000000 0.000000 -0.081331 -0.002953 -0.584372
    9 -0.000001 4.209253 -1.688832 1.570794 -0.575159 1.570791
    10 3.836055 0.000000 0.000000 0.026977 0.031473 0.100418
    11 3.617625 -0.000275 -0.000015 0.025935 0.013103 0.538045
    12 7.537925 0.003588 -0.000212 0.019197 -0.053052 0.154298
    13 3.177734 -0.000004 0.000000 3.137538 0.000823 0.400474
    14 2.966416 0.000318 0.000023 -0.304329 -0.146345 1.620602
    15 2.023770 0.904983 0.850949 2.131655 -1.305951 2.382781
    16 4.980521 0.000781 -0.001089 -2.170286 -0.965049 -0.679993
    17 11.119977 0.000007 0.000004 -0.000003 -0.000001 -1.576581
    18 11.205393 -0.000039 0.000000 1.678704 -0.317945 0.233953
    19 3.767608 0.148800 0.074041 0.089811 0.185408 -0.326312
    20 2.037109 0.000000 0.000000 0.003643 -0.024192 -0.299242
    21 1.063284 -0.000008 0.000000 0.003618 -0.024177 -0.299189
    22 3.783203 -0.017258 0.794434 0.548045 0.085960 -0.316569
    23 1.628906 0.000000 -0.000001 0.012406 -0.085556 -0.288091
    24 0.955566 -0.000008 0.000000 0.012406 -0.085554 -0.288100
    25 1.258789 -0.297852 1.251953 -1.378795 -0.581085 -0.486792
    26 1.392578 0.000008 -0.000004 -0.000054 -0.000328 0.324626
    27 1.099609 0.000000 -0.000006 0.000000 0.000000 0.000000
    28 3.548828 0.198730 -1.489258 -0.571799 0.100833 -0.256376
    29 1.218750 0.000003 0.000000 -0.009973 0.067699 -0.292688
    30 0.679688 0.000000 -0.000004 -0.009971 0.067689 -0.292686
    31 3.697042 0.266204 -0.725138 -0.097568 0.031574 -0.326833
    32 1.748047 0.000000 -0.000004 -0.003161 0.020964 -0.299479
    33 0.959961 0.000004 0.000000 -0.003166 0.020972 -0.299671
    34 2.023778 0.904982 -0.850921 -2.033904 1.213720 2.562293
    35 4.981625 0.002227 0.003236 2.550222 0.594358 -0.442440
    36 11.119975 -0.000005 0.000000 0.000001 0.000002 -1.796832
    37 11.205375 0.000073 0.000008 -1.670711 0.315688 0.233832
    38 3.767578 0.151855 -0.072693 -0.089524 -0.188072 -0.324860
    39 2.037109 0.000000 0.000000 -0.003278 0.021743 -0.299424
    40 1.066406 0.000006 0.000002 -0.003276 0.021743 -0.299428
    41 3.780812 -0.024988 -0.795569 -0.547791 -0.088513 -0.315894
    42 1.628906 -0.000004 -0.000001 -0.012095 0.083238 -0.288753
    43 0.955566 0.000000 0.000000 -0.012093 0.083233 -0.288763
    44 1.258789 -0.308350 -1.250000 1.375718 0.577178 -0.491580
    45 1.392578 0.000000 0.000002 0.000349 0.002142 0.324618
    46 1.099609 0.000004 -0.000006 0.000000 0.000000 0.000000
    47 3.548828 0.211304 1.487305 0.571268 -0.102934 -0.255551
    48 1.218750 0.000005 0.000000 0.010274 -0.069875 -0.292190
    49 0.679688 0.000004 -0.000004 0.010275 -0.069869 -0.292190
    50 3.697266 0.273682 0.726563 0.097886 -0.034228 -0.326615
    51 1.748047 -0.000011 0.000000 0.003526 -0.023385 -0.299307
    52 0.956684 0.000004 0.000002 0.003527 -0.023396 -0.299497
    53 -3.756462 5.577850 2.053357 1.570803 -0.000001 0.000000
    54 -2.735646 -0.081365 5.727119 0.000007 0.000015 1.570796
    55 0.000001 5.662003 -0.974302 1.570804 -0.000001 0.000000
    56 -0.000002 -2.275002 5.113525 0.000000 0.000000 -3.141592
    57 -2.477620 5.416855 4.597564 1.570804 -0.000001 0.000000
    58 -1.515218 1.317776 5.998497 0.000000 0.000000 0.000000
    59 -2.455992 5.657928 -0.087295 1.570804 -0.000001 0.000000
    60 -1.485628 -1.617812 5.263969 0.000000 0.000000 3.141592
    61 3.756460 5.577858 2.053359 1.570803 -0.000001 0.000000
    62 2.735645 -0.081364 5.727116 0.000004 -0.000011 -1.570795
    63 2.477613 5.416855 4.597570 1.570804 -0.000001 0.000000
    64 1.515220 1.317777 5.998508 0.000000 0.000000 0.000000
    65 2.455991 5.657928 -0.087293 1.570804 -0.000001 0.000000
    66 1.485620 -1.617803 5.263973 0.000000 0.000000 -3.141592
    67 4.575642 5.632584 0.000132 0.000000 -1.570771 0.249128
    68 -0.000001 0.314078 5.161098 0.000000 0.000000 0.000000
    69 -0.000001 -0.323108 3.750217 0.000000 0.000000 0.000000
    70 5.734947 1.075212 4.685178 1.570830 -0.000004 -1.321669
    71 -0.753896 0.305901 4.971462 -0.000001 0.000002 0.000000
    72 -1.101006 -0.314705 3.448307 0.000001 0.000001 0.000000
    73 5.809101 -1.029643 4.595047 1.570829 -0.000004 -1.321671
    74 -0.714908 -0.199657 5.028973 0.000000 0.000003 0.000000
    75 -0.282898 -0.851690 4.444889 0.000000 0.000000 0.000000
    76 9.578484 -1.290738 0.000240 0.000000 1.570770 -2.892481
    77 9.369518 -1.236408 1.787905 0.000000 1.570770 -2.892481
    78 9.436707 -1.331719 -1.409029 0.000000 1.570770 -2.892477
    79 5.735191 1.075235 -4.684885 -1.570814 0.000004 1.819923
    80 0.753901 0.305904 4.971474 -0.000001 -0.000002 0.000000
    81 1.101010 -0.314705 3.448315 0.000000 -0.000001 0.000000
    82 5.809341 -1.029617 -4.594752 -1.570814 0.000004 1.819922
    83 0.714908 -0.199655 5.028969 0.000000 -0.000003 0.000000
    84 0.282897 -0.851688 4.444893 0.000000 0.000000 0.000000
  time 9
    0 -0.250665 21.822689 27.696360 1.650131 0.027816 0.211751
    1 3.983847 0.002149 0.003401 -1.707961 -1.203588 -1.533173
    2 15.938816 -0.000100 -0.000005 -0.000009 -0.000002 1.436902
    3 17.707025 -0.000068 0.000003 0.253780 0.169989 -1.262943
    4 6.202515 0.003416 -0.000367 -0.007294 -0.002948 -0.584341
    5 -3.983848 0.002149 0.003395 -0.900285 -1.208425 -1.973142
    6 15.938826 -0.000113 -0.000001 0.000002 0.000010 2.012970
    7 17.707031 0.000018 0.000000 -0.081490 0.137131 -1.062501
    8 6.203125 0.000000 0.000000 -0.081331 -0.002953 -0.584372
    9 -0.000001 4.209253 -1.688832 1.570794 -0.575159 1.570791
    10 3.836055 0.000000 0.000000 0.024760 0.024366 0.100119
    11 3.617625 -0.000275 -0.000015 0.024269 0.004427 0.538693
    12 7.537925 0.003588 -0.000212 0.018777 -0.057906 0.157019
    13 3.177734 -0.000004 0.000000 3.137538 0.000823 0.400474
    14 2.966416 0.000318 0.000023 -0.315007 -0.143097 1.629633
    15 2.023770 0.904983 0.850949 2.123905 -1.290479 2.390394
    16 4.980521 0.000781 -0.001089 -2.138343 -0.935463 -0.729871
    17 11.119977 0.000007 0.000004 -0.000003 -0.000001 -1.591276
    18 11.205393 -0.000039 0.000000 1.678704 -0.317799 0.233953
    19 3.767608 0.148800 0.074041 0.089811 0.185396 -0.326312
    20 2.037109 0.000000 0.000000 0.003643 -0.024192 -0.299242
    21 1.063284 -0.000008 0.000000 0.003618 -0.024177 -0.299189
    22 3.783203 -0.017258 0.794434 0.548045 0.085960 -0.316569
    23 1.628906 0.000000 -0.000001 0.012406 -0.085556 -0.288091
    24 0.955566 -0.000008 0.000000 0.012406 -0.085554 -0.288100
    25 1.258789 -0.297852 1.251953 -1.378795 -0.581085 -0.486792
    26 1.392578 0.000008 -0.000004 -0.000054 -0.000328 0.324626
    27 1.099609 0.000000 -0.000006 0.000000 0.000000 0.000000
    28 3.548828 0.198730 -1.489258 -0.571799 0.100833 -0.256376
    29 1.218750 0.000003 0.000000 -0.009973 0.067699 -0.292688
    30 0.679688 0.000000 -0.000004 -0.009971 0.067689 -0.292686
    31 3.697042 0.266204 -0.725138 -0.097568 0.031574 -0.326833
    32 1.748047 0.000000 -0.000004 -0.003161 0.020964 -0.299479
    33 0.959961 0.000004 0.000000 -0.003166 0.020972 -0.299671
    34 2.023778 0.904982 -0.850921 -2.023936 1.226912 2.572318
    35 4.981625 0.002227 0.003236 2.546042 0.618432 -0.449492
    36 11.119975 -0.000005 0.000000 0.000001 0.000002 -1.794309
    37 11.205375 0.000073 0.000008 -1.670711 0.315724 0.233832
    38 3.767578 0.151855 -0.072693 -0.089524 -0.188072 -0.324860
    39 2.037109 0.000000 0.000000 -0.003278 0.021743 -0.299424
    40 1.066406 0.000006 0.000002 -0.003276 0.021743 -0.299428
    41 3.780812 -0.024988 -0.795569 -0.547791 -0.088513 -0.315894
    42 1.628906 -0.000004 -0.000001 -0.012095 0.083238 -0.288753
    43 0.955566 0.000000 0.000000 -0.012093 0.083233 -0.288763
    44 1.258789 -0.308350 -1.250000 1.375718 0.577178 -0.491580
    45 1.392578 0.000000 0.000002 0.000349 0.002142 0.324618
    46 1.099609 0.000004 -0.000006 0.000000 0.000000 0.000000
    47 3.548828 0.211304 1.487305 0.571268 -0.102934 -0.255551
    48 1.218750 0.000005 0.000000 0.010274 -0.069875 -0.292190
    49 0.679688 0.000004 -0.000004 0.010275 -0.069869 -0.292190
    50 3.697266 0.273682 0.726563 0.097886 -0.034228 -0.326615
    51 1.748047 -0.000011 0.000000 0.003526 -0.023385 -0.299307
    52 0.956684 0.000004 0.000002 0.003527 -0.023396 -0.299510
    53 -3.756462 5.577850 2.053357 1.570803 -0.000001 0.000000
    54 -2.735646 -0.081365 5.727119 0.000007 0.000015 1.570796
    55 0.000001 5.662003 -0.974302 1.570804 -0.000001 0.000000
    56 -0.000002 -2.275002 5.113525 0.000000 0.000000 -3.141592
    57 -2.477620 5.416855 4.597564 1.570804 -0.000001 0.000000
    58 -1.515218 1.317776 5.998497 0.000000 0.000000 0.000000
    59 -2.455992 5.657928 -0.087295 1.570804 -0.000001 0.000000
    60 -1.485628 -1.617812 5.263969 0.000000 0.000000 3.141592
    61 3.756460 5.577858 2.053359 1.570803 -0.000001 0.000000
    62 2.735645 -0.081364 5.727116 0.000004 -0.000011 -1.570795
    63 2.477613 5.416855 4.597570 1.570804 -0.000001 0.000000
    64 1.515220 1.317777 5.998508 0.000000 0.000000 0.000000
    65 2.455991 5.657928 -0.087293 1.570804 -0.000001 0.000000
    66 1.485620 -1.617803 5.263973 0.000000 0.000000 -3.141592
    67 4.575642 5.632584 0.000132 0.000000 -1.570771 0.249128
    68 -0.000001 0.314078 5.161098 0.000000 0.000000 0.000000
    69 -0.000001 -0.323108 3.750217 0.000000 0.000000 0.000000
    70 5.734947 1.075212 4.685178 1.570830 -0.000004 -1.321669
    71 -0.753896 0.305901 4.971462 -0.000001 0.000002 0.000000
    72 -1.101006 -0.314705 3.448307 0.000001 0.000001 0.000000
    73 5.809101 -1.029643 4.595047 1.570829 -0.000004 -1.321671
    74 -0.714908 -0.199657 5.028973 0.000000 0.000003 0.000000
    75 -0.282898 -0.851690 4.444889 0.000000 0.000000 0.000000
    76 9.578484 -1.290738 0.000240 0.000000 1.570770 -2.892481
    77 9.369518 -1.236408 1.787905 0.000000 1.570770 -2.892481
    78 9.436707 -1.331719 -1.409029 0.000000 1.570770 -2.892477
    79 5.735191 1.075235 -4.684885 -1.570814 0.000004 1.819923
    80 0.753901 0.305904 4.971474 -0.000001 -0.000002 0.000000
    81 1.101010 -0.314705 3.448315 0.000000 -0.000001 0.000000
    82 5.809341 -1.029617 -4.594752 -1.570814 0.000004 1.819922
    83 0.714908 -0.199655 5.028969 0.000000 -0.000003 0.000000
    84 0.282897 -0.851688 4.444893 0.000000 0.000000 0.000000
  time 10
    0 -0.395201 24.116351 28.024495 1.661348 0.010546 0.207406
    1 3.983847 0.002149 0.003401 -1.729431 -1.222278 -1.554899
    2 15.938816 -0.000100 -0.000005 -0.000009 -0.000002 1.309213
    3 17.707025 -0.000068 0.000003 0.279220 0.167273 -1.124207
    4 6.202515 0.003416 -0.000367 -0.007294 -0.002948 -0.584341
    5 -3.983848 0.002149 0.003395 -0.981778 -1.129112 -1.886116
    6 15.938826 -0.000113 -0.000001 0.000002 0.000010 2.043137
    7 17.707031 0.000018 0.000000 -0.082941 0.108114 -0.975878
    8 6.203125 0.000000 0.000000 -0.081331 -0.002953 -0.584372
    9 -0.000001 4.209253 -1.688832 1.570363 -0.575159 1.571510
    10 3.836055 0.000000 0.000000 0.022279 0.019141 0.098369
    11 3.617625 -0.000275 -0.000015 0.022184 -0.002153 0.537848
    12 7.537925 0.003588 -0.000212 0.018094 -0.062328 0.159500
    13 3.177734 -0.000004 0.000000 3.137538 0.000823 0.400474
    14 2.966416 0.000318 0.000023 -0.320269 -0.135763 1.640525
    15 2.023770 0.904983 0.850949 2.117255 -1.275578 2.397011
    16 4.980521 0.000781 -0.001089 -2.110529 -0.902841 -0.778838
    17 11.119977 0.000007 0.000004 -0.000003 -0.000001 -1.605743
    18 11.205393 -0.000039 0.000000 1.678608 -0.317641 0.233905
    19 3.767608 0.148800 0.074041 0.089811 0.185408 -0.326312
    20 2.037109 0.000000 0.000000 0.003643 -0.024192 -0.299242
    21 1.063284 -0.000008 0.000000 0.003618 -0.024165 -0.299189
    22 3.783203 -0.017258 0.794434 0.548045 0.085960 -0.316569
    23 1.628906 0.000000 -0.000001 0.012406 -0.085556 -0.288091
    24 0.955566 -0.000008 0.000000 0.012406 -0.085554 -0.288100
    25 1.258789 -0.297852 1.251953 -1.378795 -0.581085 -0.486792
    26 1.392578 0.000008 -0.000004 -0.000054 -0.000328 0.324626
    27 1.099609 0.000000 -0.000006 0.000000 0.000000 0.000000
    28 3.548828 0.198730 -1.489258 -0.571799 0.100833 -0.256376
    29 1.218750 0.000003 0.000000 -0.009973 0.067699 -0.292688
    30 0.679688 0.000000 -0.000004 -0.009971 0.067689 -0.292686
    31 3.697042 0.266204 -0.725138 -0.097568 0.031574 -0.326833
    32 1.748047 0.000000 -0.000004 -0.003161 0.020964 -0.299479
    33 0.959961 0.000004 0.000000 -0.003166 0.020972 -0.299671
    34 2.023778 0.904982 -0.850921 -2.014333 1.239534 2.582073
    35 4.981625 0.002227 0.003236 2.538303 0.640418 -0.456103
    36 11.119975 -0.000005 0.000000 0.000001 0.000002 -1.791472
    37 11.205375 0.000073 0.000008 -1.670902 0.315772 0.233939
    38 3.767578 0.151855 -0.072693 -0.089524 -0.188072 -0.324860
    39 2.037109 0.000000 0.000000 -0.003278 0.021743 -0.299424
    40 1.066406 0.000006 0.000002 -0.003276 0.021743 -0.299428
    41 3.780812 -0.024988 -0.795569 -0.547791 -0.088525 -0.315894
    42 1.628906 -0.000004 -0.000001 -0.012095 0.083238 -0.288753
    43 0.955566 0.000000 0.000000 -0.012093 0.083233 -0.288763
    44 1.258789 -0.308350 -1.250000 1.375718 0.577178 -0.491580
    45 1.392578 0.000000 0.000002 0.000349 0.002142 0.324618
    46 1.099609 0.000004 -0.000006 0.000000 0.000000 0.000000
    47 3.548828 0.211304 1.487305 0.571268 -0.102934 -0.255551
    48 1.218750 0.000005 0.000000 0.010274 -0.069875 -0.292190
    49 0.679688 0.000004 -0.000004 0.010275 -0.069869 -0.292190
    50 3.697266 0.273682 0.726563 0.097886 -0.034228 -0.326615
    51 1.748047 -0.000011 0.000000 0.003526 -0.023385 -0.299307
    52 0.956684 0.000004 0.000002 0.003527 -0.023396 -0.299497
    53 -3.756462 5.577850 2.053357 1.570803 -0.000001 0.000000
    54 -2.735646 -0.081365 5.727119 0.000007 0.000015 1.570796
    55 0.000001 5.662003 -0.974302 1.570804 -0.000001 0.000000
    56 -0.000002 -2.275002 5.113525 0.000000 0.000000 -3.141592
    57 -2.477620 5.416855 4.597564 1.570804 -0.000001 0.000000
    58 -1.515218 1.317776 5.998497 0.000000 0.000000 0.000000
    59 -2.455992 5.657928 -0.087295 1.570804 -0.000001 0.000000
    60 -1.485628 -1.617812 5.263969 0.000000 0.000000 3.141592
    61 3.756460 5.577858 2.053359 1.570803 -0.000001 0.000000
    62 2.735645 -0.081364 5.727116 0.000004 -0.000011 -1.570795
    63 2.477613 5.416855 4.597570 1.570804 -0.000001 0.000000
    64 1.515220 1.317777 5.998508 0.000000 0.000000 0.000000
    65 2.455991 5.657928 -0.087293 1.570804 -0.000001 0.000000
    66 1.485620 -1.617803 5.263973 0.000000 0.000000 -3.141592
    67 4.575642 5.632584 0.000132 0.000000 -1.570771 0.249128
    68 -0.000001 0.314078 5.161098 0.000000 0.000000 0.000000
    69 -0.000001 -0.323108 3.750217 0.000000 0.000000 0.000000
    70 5.734947 1.075212 4.685178 1.570830 -0.000004 -1.321669
    71 -0.753896 0.305901 4.971462 -0.000001 0.000002 0.000000
    72 -1.101006 -0.314705 3.448307 0.000001 0.000001 0.000000
    73 5.809101 -1.029643 4.595047 1.570829 -0.000004 -1.321671
    74 -0.714908 -0.199657 5.028973 0.000000 0.000003 0.000000
    75 -0.282898 -0.851690 4.444889 0.000000 0.000000 0.000000
    76 9.578484 -1.290738 0.000240 0.000000 1.570770 -2.892481
    77 9.369518 -1.236408 1.787905 0.000000 1.570770 -2.892481
    78 9.436707 -1.331719 -1.409029 0.000000 1.570770 -2.892477
    79 5.735191 1.075235 -4.684885 -1.570814 0.000004 1.819923
    80 0.753901 0.305904 4.971474 -0.000001 -0.000002 0.000000
    81 1.101010 -0.314705 3.448315 0.000000 -0.000001 0.000000
    82 5.809341 -1.029617 -4.594752 -1.570814 0.000004 1.819922
    83 0.714908 -0.199655 5.028969 0.000000 -0.000003 0.000000
    84 0.282897 -0.851688 4.444893 0.000000 0.000000 0.000000
  time 11
    0 -0.606145 26.503767 28.504978 1.678893 -0.008545 0.204339
    1 3.983847 0.002149 0.003401 -1.693520 -1.217383 -1.620523
    2 15.938816 -0.000100 -0.000005 -0.000009 -0.000002 1.126891
    3 17.707025 -0.000068 0.000003 0.288141 0.156898 -0.964699
    4 6.202515 0.003416 -0.000367 -0.007294 -0.002960 -0.584341
    5 -3.983848 0.002149 0.003395 -1.040342 -1.049543 -1.816513
    6 15.938826 -0.000113 -0.000001 0.000002 0.000010 2.000185
    7 17.707031 0.000018 0.000000 -0.068570 0.105562 -0.988072
    8 6.203125 0.000000 0.000000 -0.081331 -0.002953 -0.584372
    9 -0.000001 4.209253 -1.688832 1.571370 -0.575159 1.569928
    10 3.836055 0.000000 0.000000 0.019846 0.015821 0.096044
    11 3.617625 -0.000275 -0.000015 0.020015 -0.006611 0.536342
    12 7.537925 0.003588 -0.000212 0.017447 -0.065959 0.161909
    13 3.177734 -0.000004 0.000000 3.137538 0.000823 0.400474
    14 2.966416 0.000318 0.000023 -0.320784 -0.125396 1.653277
    15 2.023770 0.904983 0.850949 2.111804 -1.262997 2.402540
    16 4.980521 0.000781 -0.001089 -2.089217 -0.871670 -0.821062
    17 11.119977 0.000007 0.000004 -0.000003 -0.000001 -1.618894
    18 11.205393 -0.000039 0.000000 1.678992 -0.317605 0.234001
    19 3.767608 0.148800 0.074041 0.089811 0.185396 -0.326312
    20 2.037109 0.000000 0.000000 0.003643 -0.024192 -0.299242
    21 1.063284 -0.000008 0.000000 0.003618 -0.024177 -0.299189
    22 3.783203 -0.017258 0.794434 0.548045 0.085960 -0.316569
    23 1.628906 0.000000 -0.000001 0.012406 -0.085556 -0.288091
    24 0.955566 -0.000008 0.000000 0.012406 -0.085554 -0.288100
    25 1.258789 -0.297852 1.251953 -1.378795 -0.581085 -0.486792
    26 1.392578 0.000008 -0.000004 -0.000054 -0.000328 0.324626
    27 1.099609 0.000000 -0.000006 0.000000 0.000000 0.000000
    28 3.548828 0.198730 -1.489258 -0.571799 0.100833 -0.256376
    29 1.218750 0.000003 0.000000 -0.009973 0.067699 -0.292688
    30 0.679688 0.000000 -0.000004 -0.009971 0.067689 -0.292686
    31 3.697042 0.266204 -0.725138 -0.097568 0.031574 -0.326833
    32 1.748047 0.000000 -0.000004 -0.003161 0.020964 -0.299479
    33 0.959961 0.000004 0.000000 -0.003166 0.020972 -0.299671
    34 2.023778 0.904982 -0.850921 -2.008175 1.249591 2.588305
    35 4.981625 0.002227 0.003236 2.530563 0.657923 -0.460510
    36 11.119975 -0.000005 0.000000 0.000001 0.000002 -1.786616
    37 11.205375 0.000073 0.000008 -1.670568 0.315808 0.233772
    38 3.767578 0.151855 -0.072693 -0.089524 -0.188072 -0.324860
    39 2.037109 0.000000 0.000000 -0.003278 0.021743 -0.299424
    40 1.066406 0.000006 0.000002 -0.003276 0.021743 -0.299428
    41 3.780812 -0.024988 -0.795569 -0.547791 -0.088525 -0.315894
    42 1.628906 -0.000004 -0.000001 -0.012095 0.083238 -0.288753
    43 0.955566 0.000000 0.000000 -0.012093 0.083233 -0.288763
    44 1.258789 -0.308350 -1.250000 1.375718 0.577178 -0.491580
    45 1.392578 0.000000 0.000002 0.000349 0.002142 0.324618
    46 1.099609 0.000004 -0.000006 0.000000 0.000000 0.000000
    47 3.548828 0.211304 1.487305 0.571268 -0.102934 -0.255551
    48 1.218750 0.000005 0.000000 0.010274 -0.069875 -0.292190
    49 0.679688 0.000004 -0.000004 0.010275 -0.069869 -0.292190
    50 3.697266 0.273682 0.726563 0.097886 -0.034228 -0.326615
    51 1.748047 -0.000011 0.000000 0.003526 -0.023385 -0.299307
    52 0.956684 0.000004 0.000002 0.003527 -0.023396 -0.299497
    53 -3.756462 5.577850 2.053357 1.570803 -0.000001 0.000000
    54 -2.735646 -0.081365 5.727119 0.000007 0.000015 1.570796
    55 0.000001 5.662003 -0.974302 1.570804 -0.000001 0.000000
    56 -0.000002 -2.275002 5.113525 0.000000 0.000000 -3.141592
    57 -2.477620 5.416855 4.597564 1.570804 -0.000001 0.000000
    58 -1.515218 1.317776 5.998497 0.000000 0.000000 0.000000
    59 -2.455992 5.657928 -0.087295 1.570804 -0.000001 0.000000
    60 -1.485628 -1.617812 5.263969 0.000000 0.000000 3.141592
    61 3.756460 5.577858 2.053359 1.570803 -0.000001 0.000000
    62 2.735645 -0.081364 5.727116 0.000004 -0.000011 -1.570795
    63 2.477613 5.416855 4.597570 1.570804 -0.000001 0.000000
    64 1.515220 1.317777 5.998508 0.000000 0.000000 0.000000
    65 2.455991 5.657928 -0.087293 1.570804 -0.000001 0.000000
    66 1.485620 -1.617803 5.263973 0.000000 0.000000 -3.141592
    67 4.575642 5.632584 0.000132 0.000000 -1.570771 0.249128
    68 -0.000001 0.314078 5.161098 0.000000 0.000000 0.000000
    69 -0.000001 -0.323108 3.750217 0.000000 0.000000 0.000000
    70 5.734947 1.075212 4.685178 1.570830 -0.000004 -1.321669
    71 -0.753896 0.305901 4.971462 -0.000001 0.000002 0.000000
    72 -1.101006 -0.314705 3.448307 0.000001 0.000001 0.000000
    73 5.809101 -1.029643 4.595047 1.570829 -0.000004 -1.321671
    74 -0.714908 -0.199657 5.028973 0.000000 0.000003 0.000000
    75 -0.282898 -0.851690 4.444889 0.000000 0.000000 0.000000
    76 9.578484 -1.290738 0.000240 0.000000 1.570770 -2.892481
    77 9.369518 -1.236408 1.787905 0.000000 1.570770 -2.892481
    78 9.436707 -1.331719 -1.409029 0.000000 1.570770 -2.892477
    79 5.735191 1.075235 -4.684885 -1.570814 0.000004 1.819923
    80 0.753901 0.305904 4.971474 -0.000001 -0.000002 0.000000
    81 1.101010 -0.314705 3.448315 0.000000 -0.000001 0.000000
    82 5.809341 -1.029617 -4.594752 -1.570814 0.000004 1.819922
    83 0.714908 -0.199655 5.028969 0.000000 -0.000003 0.000000
    84 0.282897 -0.851688 4.444893 0.000000 0.000000 0.000000
  time 12
    0 -0.875685 28.973216 29.067495 1.698930 -0.024449 0.202486
    1 3.983847 0.002149 0.003401 -1.585599 -1.191039 -1.703044
    2 15.938816 -0.000100 -0.000005 -0.000009 -0.000002 0.926655
    3 17.707025 -0.000068 0.000003 0.195440 0.152294 -0.893204
    4 6.202515 0.003416 -0.000367 -0.007294 -0.002948 -0.584341
    5 -3.983848 0.002149 0.003395 -1.103778 -0.971991 -1.744194
    6 15.938826 -0.000113 -0.000001 0.000002 0.000010 1.907605
    7 17.707031 0.000018 0.000000 -0.046152 0.097157 -1.161967
    8 6.203125 0.000000 0.000000 -0.081331 -0.002953 -0.584372
    9 -0.000001 4.209253 -1.688832 1.570794 -0.575159 1.570791
    10 3.836055 0.000000 0.000000 0.017485 0.014395 0.093647
    11 3.617625 -0.000275 -0.000015 0.017929 -0.008780 0.534807
    12 7.537925 0.003588 -0.000212 0.017183 -0.068464 0.164270
    13 3.177734 -0.000004 0.000000 3.137538 0.000823 0.400474
    14 2.966416 0.000318 0.000023 -0.316206 -0.112249 1.667437
    15 2.023770 0.904983 0.850949 2.107604 -1.254528 2.406981
    16 4.980521 0.000781 -0.001089 -2.076316 -0.844716 -0.850197
    17 11.119977 0.000007 0.000004 -0.000003 -0.000001 -1.629643
    18 11.205393 -0.000039 0.000000 1.678800 -0.317446 0.233953
    19 3.767608 0.148800 0.074041 0.089811 0.185396 -0.326312
    20 2.037109 0.000000 0.000000 0.003643 -0.024192 -0.299242
    21 1.063284 -0.000008 0.000000 0.003618 -0.024177 -0.299189
    22 3.783203 -0.017258 0.794434 0.548045 0.085960 -0.316569
    23 1.628906 0.000000 -0.000001 0.012406 -0.085556 -0.288091
    24 0.955566 -0.000008 0.000000 0.012406 -0.085554 -0.288100
    25 1.258789 -0.297852 1.251953 -1.378795 -0.581085 -0.486792
    26 1.392578 0.000008 -0.000004 -0.000054 -0.000328 0.324626
    27 1.099609 0.000000 -0.000006 0.000000 0.000000 0.000000
    28 3.548828 0.198730 -1.489258 -0.571799 0.100833 -0.256376
    29 1.218750 0.000003 0.000000 -0.009973 0.067699 -0.292688
    30 0.679688 0.000000 -0.000004 -0.009971 0.067689 -0.292686
    31 3.697042 0.266204 -0.725138 -0.097568 0.031574 -0.326833
    32 1.748047 0.000000 -0.000004 -0.003161 0.020964 -0.299479
    33 0.959961 0.000004 0.000000 -0.003166 0.020972 -0.299671
    34 2.023778 0.904982 -0.850921 -2.009062 1.255454 2.587311
    35 4.981625 0.002227 0.003236 2.524836 0.670263 -0.462802
    36 11.119975 -0.000005 0.000000 0.000001 0.000002 -1.778986
    37 11.205375 0.000073 0.000008 -1.670711 0.315892 0.233832
    38 3.767578 0.151855 -0.072693 -0.089524 -0.188072 -0.324860
    39 2.037109 0.000000 0.000000 -0.003278 0.021743 -0.299424
    40 1.066406 0.000006 0.000002 -0.003276 0.021743 -0.299428
    41 3.780812 -0.024988 -0.795569 -0.547791 -0.088525 -0.315894
    42 1.628906 -0.000004 -0.000001 -0.012095 0.083238 -0.288753
    43 0.955566 0.000000 0.000000 -0.012093 0.083233 -0.288763
    44 1.258789 -0.308350 -1.250000 1.375718 0.577178 -0.491580
    45 1.392578 0.000000 0.000002 0.000349 0.002142 0.324618
    46 1.099609 0.000004 -0.000006 0.000000 0.000000 0.000000
    47 3.548828 0.211304 1.487305 0.571268 -0.102934 -0.255551
    48 1.218750 0.000005 0.000000 0.010274 -0.069875 -0.292190
    49 0.679688 0.000004 -0.000004 0.010275 -0.069869 -0.292190
    50 3.697266 0.273682 0.726563 0.097886 -0.034228 -0.326615
    51 1.748047 -0.000011 0.000000 0.003526 -0.023385 -0.299307
    52 0.956684 0.000004 0.000002 0.003527 -0.023396 -0.299497
    53 -3.756462 5.577850 2.053357 1.570803 -0.000001 0.000000
    54 -2.735646 -0.081365 5.727119 0.000007 0.000015 1.570796
    55 0.000001 5.662003 -0.974302 1.570804 -0.000001 0.000000
    56 -0.000002 -2.275002 5.113525 0.000000 0.000000 -3.141592
    57 -2.477620 5.416855 4.597564 1.570804 -0.000001 0.000000
    58 -1.515218 1.317776 5.998497 0.000000 0.000000 0.000000
    59 -2.455992 5.657928 -0.087295 1.570804 -0.000001 0.000000
    60 -1.485628 -1.617812 5.263969 0.000000 0.000000 3.141592
    61 3.756460 5.577858 2.053359 1.570803 -0.000001 0.000000
    62 2.735645 -0.081364 5.727116 0.000004 -0.000011 -1.570795
    63 2.477613 5.416855 4.597570 1.570804 -0.000001 0.000000
    64 1.515220 1.317777 5.998508 0.000000 0.000000 0.000000
    65 2.455991 5.657928 -0.087293 1.570804 -0.000001 0.000000
    66 1.485620 -1.617803 5.263973 0.000000 0.000000 -3.141592
    67 4.575642 5.632584 0.000132 0.000000 -1.570771 0.249128
    68 -0.000001 0.314078 5.161098 0.000000 0.000000 0.000000
    69 -0.000001 -0.323108 3.750217 0.000000 0.000000 0.000000
    70 5.734947 1.075212 4.685178 1.570830 -0.000004 -1.321669
    71 -0.753896 0.305901 4.971462 -0.000001 0.000002 0.000000
    72 -1.101006 -0.314705 3.448307 0.000001 0.000001 0.000000
    73 5.809101 -1.029643 4.595047 1.570829 -0.000004 -1.321671
    74 -0.714908 -0.199657 5.028973 0.000000 0.000003 0.000000
    75 -0.282898 -0.851690 4.444889 0.000000 0.000000 0.000000
    76 9.578484 -1.290738 0.000240 0.000000 1.570770 -2.892481
    77 9.369518 -1.236408 1.787905 0.000000 1.570770 -2.892481
    78 9.436707 -1.331719 -1.409029 0.000000 1.570770 -2.892477
    79 5.735191 1.075235 -4.684885 -1.570814 0.000004 1.819923
    80 0.753901 0.305904 4.971474 -0.000001 -0.000002 0.000000
    81 1.101010 -0.314705 3.448315 0.000000 -0.000001 0.000000
    82 5.809341 -1.029617 -4.594752 -1.570814 0.000004 1.819922
    83 0.714908 -0.199655 5.028969 0.000000 -0.000003 0.000000
    84 0.282897 -0.851688 4.444893 0.000000 0.000000 0.000000
  time 13
    0 -1.153038 31.516887 29.575323 1.716427 -0.038794 0.200441
    1 3.983847 0.002149 0.003401 -1.511023 -1.155484 -1.760174
    2 15.938816 -0.000100 -0.000005 -0.000009 -0.000002 0.729671
    3 17.707025 -0.000068 0.000003 0.104721 0.132902 -0.852761
    4 6.202515 0.003416 -0.000367 -0.007294 -0.002948 -0.584341
    5 -3.983848 0.002149 0.003395 -1.177532 -0.903629 -1.679370
    6 15.938826 -0.000113 -0.000001 0.000002 0.000010 1.759729
    7 17.707031 0.000018 0.000000 -0.022827 0.063625 -1.410162
    8 6.203125 0.000000 0.000000 -0.081331 -0.002953 -0.584372
    9 -0.000001 4.209253 -1.688832 1.570794 -0.575159 1.570791
    10 3.836055 0.000000 0.000000 0.015304 0.014730 0.091574
    11 3.617625 -0.000275 -0.000015 0.016072 -0.008720 0.533512
    12 7.537925 0.003588 -0.000212 0.017423 -0.069567 0.166475
    13 3.177734 -0.000004 0.000000 3.137538 0.000823 0.400474
    14 2.966416 0.000318 0.000023 -0.306594 -0.097484 1.680780
    15 2.023770 0.904983 0.850949 2.104054 -1.250823 2.410697
    16 4.980521 0.000781 -0.001089 -2.067801 -0.821405 -0.868236
    17 11.119977 0.000007 0.000004 -0.000003 -0.000001 -1.639135
    18 11.205393 -0.000039 0.000000 1.678800 -0.317337 0.233953
    19 3.767608 0.148800 0.074041 0.089811 0.185396 -0.326312
    20 2.037109 0.000000 0.000000 0.003643 -0.024192 -0.299242
    21 1.063284 -0.000008 0.000000 0.003618 -0.024177 -0.299189
    22 3.783203 -0.017258 0.794434 0.548045 0.085960 -0.316569
    23 1.628906 0.000000 -0.000001 0.012406 -0.085556 -0.288091
    24 0.955566 -0.000008 0.000000 0.012406 -0.085554 -0.288100
    25 1.258789 -0.297852 1.251953 -1.378795 -0.581085 -0.486792
    26 1.392578 0.000008 -0.000004 -0.000054 -0.000328 0.324626
    27 1.099609 0.000000 -0.000006 0.000000 0.000000 0.000000
    28 3.548828 0.198730 -1.489258 -0.571799 0.100833 -0.256376
    29 1.218750 0.000003 0.000000 -0.009973 0.067699 -0.292688
    30 0.679688 0.000000 -0.000004 -0.009971 0.067689 -0.292686
    31 3.697042 0.266204 -0.725138 -0.097568 0.031574 -0.326833
    32 1.748047 0.000000 -0.000004 -0.003161 0.020964 -0.299479
    33 0.959961 0.000004 0.000000 -0.003166 0.020972 -0.299671
    34 2.023778 0.904982 -0.850921 -2.021796 1.255617 2.573944
    35 4.981625 0.002227 0.003236 2.523288 0.675622 -0.462038
    36 11.119975 -0.000005 0.000000 0.000001 0.000002 -1.764546
    37 11.205375 0.000073 0.000008 -1.670711 0.316060 0.233832
    38 3.767578 0.151855 -0.072693 -0.089524 -0.188072 -0.324860
    39 2.037109 0.000000 0.000000 -0.003278 0.021743 -0.299424
    40 1.066406 0.000006 0.000002 -0.003276 0.021743 -0.299428
    41 3.780812 -0.024988 -0.795569 -0.547791 -0.088513 -0.315894
    42 1.628906 -0.000004 -0.000001 -0.012095 0.083238 -0.288753
    43 0.955566 0.000000 0.000000 -0.012093 0.083233 -0.288763
    44 1.258789 -0.308350 -1.250000 1.375718 0.577178 -0.491580
    45 1.392578 0.000000 0.000002 0.000349 0.002142 0.324618
    46 1.099609 0.000004 -0.000006 0.000000 0.000000 0.000000
    47 3.548828 0.211304 1.487305 0.571268 -0.102934 -0.255551
    48 1.218750 0.000005 0.000000 0.010274 -0.069875 -0.292190
    49 0.679688 0.000004 -0.000004 0.010275 -0.069869 -0.292190
    50 3.697266 0.273682 0.726563 0.097886 -0.034228 -0.326615
    51 1.748047 -0.000011 0.000000 0.003526 -0.023385 -0.299307
    52 0.956684 0.000004 0.000002 0.003527 -0.023396 -0.299497
    53 -3.756462 5.577850 2.053357 1.570803 -0.000001 0.000000
    54 -2.735646 -0.081365 5.727119 0.000007 0.000015 1.570796
    55 0.000001 5.662003 -0.974302 1.570804 -0.000001 0.000000
    56 -0.000002 -2.275002 5.113525 0.000000 0.000000 -3.141592
    57 -2.477620 5.416855 4.597564 1.570804 -0.000001 0.000000
    58 -1.515218 1.317776 5.998497 0.000000 0.000000 0.000000
    59 -2.455992 5.657928 -0.087295 1.570804 -0.000001 0.000000
    60 -1.485628 -1.617812 5.263969 0.000000 0.000000 3.141592
    61 3.756460 5.577858 2.053359 1.570803 -0.000001 0.000000
    62 2.735645 -0.081364 5.727116 0.000004 -0.000011 -1.570795
    63 2.477613 5.416855 4.597570 1.570804 -0.000001 0.000000
    64 1.515220 1.317777 5.998508 0.000000 0.000000 0.000000
    65 2.455991 5.657928 -0.087293 1.570804 -0.000001 0.000000
    66 1.485620 -1.617803 5.263973 0.000000 0.000000 -3.141592
    67 4.575642 5.632584 0.000132 0.000000 -1.570771 0.249128
    68 -0.000001 0.314078 5.161098 0.000000 0.000000 0.000000
    69 -0.000001 -0.323108 3.750217 0.000000 0.000000 0.000000
    70 5.734947 1.075212 4.685178 1.570830 -0.000004 -1.321669
    71 -0.753896 0.305901 4.971462 -0.000001 0.000002 0.000000
    72 -1.101006 -0.314705 3.448307 0.000001 0.000001 0.000000
    73 5.809101 -1.029643 4.595047 1.570829 -0.000004 -1.321671
    74 -0.714908 -0.199657 5.028973 0.000000 0.000003 0.000000
    75 -0.282898 -0.851690 4.444889 0.000000 0.000000 0.000000
    76 9.578484 -1.290738 0.000240 0.000000 1.570770 -2.892481
    77 9.369518 -1.236408 1.787905 0.000000 1.570770 -2.892481
    78 9.436707 -1.331719 -1.409029 0.000000 1.570770 -2.892477
    79 5.735191 1.075235 -4.684885 -1.570814 0.000004 1.819923
    80 0.753901 0.305904 4.971474 -0.000001 -0.000002 0.000000
    81 1.101010 -0.314705 3.448315 0.000000 -0.000001 0.000000
    82 5.809341 -1.029617 -4.594752 -1.570814 0.000004 1.819922
    83 0.714908 -0.199655 5.028969 0.000000 -0.000003 0.000000
    84 0.282897 -0.851688 4.444893 0.000000 0.000000 0.000000
  time 14
    0 -1.379607 34.095715 29.887833 1.727549 -0.049700 0.197055
    1 3.983847 0.002149 0.003401 -1.604599 -1.110538 -1.736482
    2 15.938816 -0.000100 -0.000005 -0.000009 -0.000002 0.570744
    3 17.707025 -0.000068 0.000003 0.097783 0.115462 -0.875675
    4 6.202515 0.003416 -0.000367 -0.007294 -0.002948 -0.584341
    5 -3.983848 0.002149 0.003395 -1.234568 -0.891562 -1.648269
    6 15.938826 -0.000113 -0.000001 0.000002 0.000010 1.614939
    7 17.707031 0.000018 0.000000 -0.025683 0.044566 -1.549810
    8 6.203125 0.000000 0.000000 -0.081331 -0.002953 -0.584372
    9 -0.000001 4.209253 -1.688832 1.570794 -0.575159 1.570791
    10 3.836055 0.000000 0.000000 0.013411 0.016612 0.089896
    11 3.617625 -0.000275 -0.000015 0.014562 -0.006611 0.532526
    12 7.537925 0.003588 -0.000212 0.018250 -0.069123 0.168392
    13 3.177734 -0.000004 0.000000 3.137538 0.000823 0.400474
    14 2.966416 0.000318 0.000023 -0.291865 -0.082491 1.690355
    15 2.023770 0.904983 0.850949 2.100604 -1.250783 2.414323
    16 4.980521 0.000781 -0.001089 -2.061248 -0.800489 -0.879702
    17 11.119977 0.000007 0.000004 -0.000003 -0.000001 -1.647769
    18 11.205393 -0.000039 0.000000 1.678800 -0.317264 0.233953
    19 3.767608 0.148800 0.074041 0.089811 0.185396 -0.326312
    20 2.037109 0.000000 0.000000 0.003643 -0.024192 -0.299242
    21 1.063284 -0.000008 0.000000 0.003618 -0.024177 -0.299189
    22 3.783203 -0.017258 0.794434 0.548045 0.085960 -0.316569
    23 1.628906 0.000000 -0.000001 0.012406 -0.085556 -0.288091
    24 0.955566 -0.000008 0.000000 0.012406 -0.085554 -0.288100
    25 1.258789 -0.297852 1.251953 -1.378795 -0.581085 -0.486792
    26 1.392578 0.000008 -0.000004 -0.000054 -0.000328 0.324626
    27 1.099609 0.000000 -0.000006 0.000000 0.000000 0.000000
    28 3.548828 0.198730 -1.489258 -0.571799 0.100833 -0.256376
    29 1.218750 0.000003 0.000000 -0.009973 0.067699 -0.292688
    30 0.679688 0.000000 -0.000004 -0.009971 0.067689 -0.292686
    31 3.697042 0.266204 -0.725138 -0.097568 0.031574 -0.326833
    32 1.748047 0.000000 -0.000004 -0.003161 0.020964 -0.299479
    33 0.959961 0.000004 0.000000 -0.003166 0.020972 -0.299671
    34 2.023778 0.904982 -0.850921 -2.043924 1.251219 2.550912
    35 4.981625 0.002227 0.003236 2.524991 0.675319 -0.458012
    36 11.119975 -0.000005 0.000000 0.000001 0.000002 -1.744557
    37 11.205375 0.000073 0.000008 -1.670615 0.316299 0.233892
    38 3.767578 0.151855 -0.072693 -0.089524 -0.188072 -0.324860
    39 2.037109 0.000000 0.000000 -0.003278 0.021743 -0.299424
    40 1.066406 0.000006 0.000002 -0.003276 0.021743 -0.299428
    41 3.780812 -0.024988 -0.795569 -0.547791 -0.088513 -0.315894
    42 1.628906 -0.000004 -0.000001 -0.012095 0.083238 -0.288753
    43 0.955566 0.000000 0.000000 -0.012093 0.083233 -0.288763
    44 1.258789 -0.308350 -1.250000 1.375718 0.577178 -0.491580
    45 1.392578 0.000000 0.000002 0.000349 0.002142 0.324618
    46 1.099609 0.000004 -0.000006 0.000000 0.000000 0.000000
    47 3.548828 0.211304 1.487305 0.571268 -0.102934 -0.255551
    48 1.218750 0.000005 0.000000 0.010274 -0.069875 -0.292190
    49 0.679688 0.000004 -0.000004 0.010275 -0.069869 -0.292190
    50 3.697266 0.273682 0.726563 0.097886 -0.034228 -0.326615
    51 1.748047 -0.000011 0.000000 0.003526 -0.023385 -0.299307
    52 0.956684 0.000004 0.000002 0.003527 -0.023396 -0.299497
    53 -3.756462 5.577850 2.053357 1.570803 -0.000001 0.000000
    54 -2.735646 -0.081365 5.727119 0.000007 0.000015 1.570796
    55 0.000001 5.662003 -0.974302 1.570804 -0.000001 0.000000
    56 -0.000002 -2.275002 5.113525 0.000000 0.000000 -3.141592
    57 -2.477620 5.416855 4.597564 1.570804 -0.000001 0.000000
    58 -1.515218 1.317776 5.998497 0.000000 0.000000 0.000000
    59 -2.455992 5.657928 -0.087295 1.570804 -0.000001 0.000000
    60 -1.485628 -1.617812 5.263969 0.000000 0.000000 3.141592
    61 3.756460 5.577858 2.053359 1.570803 -0.000001 0.000000
    62 2.735645 -0.081364 5.727116 0.000004 -0.000011 -1.570795
    63 2.477613 5.416855 4.597570 1.570804 -0.000001 0.000000
    64 1.515220 1.317777 5.998508 0.000000 0.000000 0.000000
    65 2.455991 5.657928 -0.087293 1.570804 -0.000001 0.000000
    66 1.485620 -1.617803 5.263973 0.000000 0.000000 -3.141592
    67 4.575642 5.632584 0.000132 0.000000 -1.570771 0.249128
    68 -0.000001 0.314078 5.161098 0.000000 0.000000 0.000000
    69 -0.000001 -0.323108 3.750217 0.000000 0.000000 0.000000
    70 5.734947 1.075212 4.685178 1.570830 -0.000004 -1.321669
    71 -0.753896 0.305901 4.971462 -0.000001 0.000002 0.000000
    72 -1.101006 -0.314705 3.448307 0.000001 0.000001 0.000000
    73 5.809101 -1.029643 4.595047 1.570829 -0.000004 -1.321671
    74 -0.714908 -0.199657 5.028973 0.000000 0.000003 0.000000
    75 -0.282898 -0.851690 4.444889 0.000000 0.000000 0.000000
    76 9.578484 -1.290738 0.000240 0.000000 1.570770 -2.892481
    77 9.369518 -1.236408 1.787905 0.000000 1.570770 -2.892481
    78 9.436707 -1.331719 -1.409029 0.000000 1.570770 -2.892477
    79 5.735191 1.075235 -4.684885 -1.570814 0.000004 1.819923
    80 0.753901 0.305904 4.971474 -0.000001 -0.000002 0.000000
    81 1.101010 -0.314705 3.448315 0.000000 -0.000001 0.000000
    82 5.809341 -1.029617 -4.594752 -1.570814 0.000004 1.819922
    83 0.714908 -0.199655 5.028969 0.000000 -0.000003 0.000000
    84 0.282897 -0.851688 4.444893 0.000000 0.000000 0.000000
  time 15
    0 -1.512424 36.647198 29.938615 1.731048 -0.055585 0.191304
    1 3.983847 0.002149 0.003401 -1.675850 -1.183029 -1.693656
    2 15.938816 -0.000100 -0.000005 -0.000009 -0.000002 0.732794
    3 17.707025 -0.000068 0.000003 0.119341 0.072307 -0.975559
    4 6.202515 0.003416 -0.000367 -0.007294 -0.002948 -0.584341
    5 -3.983848 0.002149 0.003395 -1.262369 -0.936350 -1.647238
    6 15.938826 -0.000113 -0.000001 0.000002 0.000010 1.539679
    7 17.707031 0.000018 0.000000 -0.053881 0.048332 -1.574003
    8 6.203125 0.000000 0.000000 -0.081331 -0.002953 -0.584372
    9 -0.000001 4.209253 -1.688832 1.570794 -0.575159 1.570791
    10 3.836055 0.000000 0.000000 0.012020 0.019884 0.088458
    11 3.617625 -0.000275 -0.000015 0.013531 -0.002644 0.531639
    12 7.537925 0.003588 -0.000212 0.019508 -0.067278 0.169902
    13 3.177734 -0.000004 0.000000 3.137538 0.000823 0.400474
    14 2.966416 0.000318 0.000023 -0.272234 -0.068529 1.694213
    15 2.023770 0.904983 0.850949 2.097904 -1.253348 2.417223
    16 4.980521 0.000781 -0.001089 -2.056294 -0.784937 -0.887100
    17 11.119977 0.000007 0.000004 -0.000003 -0.000001 -1.654459
    18 11.205393 -0.000039 0.000000 1.678800 -0.317227 0.233953
    19 3.767608 0.148800 0.074041 0.089811 0.185396 -0.326312
    20 2.037109 0.000000 0.000000 0.003643 -0.024192 -0.299242
    21 1.063284 -0.000008 0.000000 0.003618 -0.024177 -0.299189
    22 3.783203 -0.017258 0.794434 0.548045 0.085960 -0.316569
    23 1.628906 0.000000 -0.000001 0.012406 -0.085556 -0.288091
    24 0.955566 -0.000008 0.000000 0.012406 -0.085554 -0.288100
    25 1.258789 -0.297852 1.251953 -1.378795 -0.581085 -0.486792
    26 1.392578 0.000008 -0.000004 -0.000054 -0.000328 0.324626
    27 1.099609 0.000000 -0.000006 0.000000 0.000000 0.000000
    28 3.548828 0.198730 -1.489258 -0.571799 0.100833 -0.256376
    29 1.218750 0.000003 0.000000 -0.009973 0.067699 -0.292688
    30 0.679688 0.000000 -0.000004 -0.009971 0.067689 -0.292686
    31 3.697042 0.266204 -0.725138 -0.097568 0.031574 -0.326833
    32 1.748047 0.000000 -0.000004 -0.003161 0.020964 -0.299479
    33 0.959961 0.000004 0.000000 -0.003166 0.020972 -0.299671
    34 2.023778 0.904982 -0.850921 -2.067827 1.244257 2.525984
    35 4.981625 0.002227 0.003236 2.527880 0.670373 -0.451225
    36 11.119975 -0.000005 0.000000 0.000001 0.000002 -1.724000
    37 11.205375 0.000073 0.000008 -1.670615 0.316515 0.233892
    38 3.767578 0.151855 -0.072693 -0.089524 -0.188072 -0.324860
    39 2.037109 0.000000 0.000000 -0.003278 0.021743 -0.299424
    40 1.066406 0.000006 0.000002 -0.003276 0.021743 -0.299428
    41 3.780812 -0.024988 -0.795569 -0.547791 -0.088513 -0.315894
    42 1.628906 -0.000004 -0.000001 -0.012095 0.083238 -0.288753
    43 0.955566 0.000000 0.000000 -0.012093 0.083233 -0.288763
    44 1.258789 -0.308350 -1.250000 1.375718 0.577178 -0.491580
    45 1.392578 0.000000 0.000002 0.000349 0.002142 0.324618
    46 1.099609 0.000004 -0.000006 0.000000 0.000000 0.000000
    47 3.548828 0.211304 1.487305 0.571268 -0.102934 -0.255551
    48 1.218750 0.000005 0.000000 0.010274 -0.069875 -0.292190
    49 0.679688 0.000004 -0.000004 0.010275 -0.069869 -0.292190
    50 3.697266 0.273682 0.726563 0.097886 -0.034228 -0.326615
    51 1.748047 -0.000011 0.000000 0.003526 -0.023385 -0.299307
    52 0.956684 0.000004 0.000002 0.003527 -0.023396 -0.299497
    53 -3.756462 5.577850 2.053357 1.570803 -0.000001 0.000000
    54 -2.735646 -0.081365 5.727119 0.000007 0.000015 1.570796
    55 0.000001 5.662003 -0.974302 1.570804 -0.000001 0.000000
    56 -0.000002 -2.275002 5.113525 0.000000 0.000000 -3.141592
    57 -2.477620 5.416855 4.597564 1.570804 -0.000001 0.000000
    58 -1.515218 1.317776 5.998497 0.000000 0.000000 0.000000
    59 -2.455992 5.657928 -0.087295 1.570804 -0.000001 0.000000
    60 -1.485628 -1.617812 5.263969 0.000000 0.000000 3.141592
    61 3.756460 5.577858 2.053359 1.570803 -0.000001 0.000000
    62 2.735645 -0.081364 5.727116 0.000004 -0.000011 -1.570795
    63 2.477613 5.416855 4.597570 1.570804 -0.000001 0.000000
    64 1.515220 1.317777 5.998508 0.000000 0.000000 0.000000
    65 2.455991 5.657928 -0.087293 1.570804 -0.000001 0.000000
    66 1.485620 -1.617803 5.263973 0.000000 0.000000 -3.141592
    67 4.575642 5.632584 0.000132 0.000000 -1.570771 0.249128
    68 -0.000001 0.314078 5.161098 0.000000 0.000000 0.000000
    69 -0.000001 -0.323108 3.750217 0.000000 0.000000 0.000000
    70 5.734947 1.075212 4.685178 1.570830 -0.000004 -1.321669
    71 -0.753896 0.305901 4.971462 -0.000001 0.000002 0.000000
    72 -1.101006 -0.314705 3.448307 0.000001 0.000001 0.000000
    73 5.809101 -1.029643 4.595047 1.570829 -0.000004 -1.321671
    74 -0.714908 -0.199657 5.028973 0.000000 0.000003 0.000000
    75 -0.282898 -0.851690 4.444889 0.000000 0.000000 0.000000
    76 9.578484 -1.290738 0.000240 0.000000 1.570770 -2.892481
    77 9.369518 -1.236408 1.787905 0.000000 1.570770 -2.892481
    78 9.436707 -1.331719 -1.409029 0.000000 1.570770 -2.892477
    79 5.735191 1.075235 -4.684885 -1.570814 0.000004 1.819923
    80 0.753901 0.305904 4.971474 -0.000001 -0.000002 0.000000
    81 1.101010 -0.314705 3.448315 0.000000 -0.000001 0.000000
    82 5.809341 -1.029617 -4.594752 -1.570814 0.000004 1.819922
    83 0.714908 -0.199655 5.028969 0.000000 -0.000003 0.000000
    84 0.282897 -0.851688 4.444893 0.000000 0.000000 0.000000
  time 16
    0 -1.531956 39.120553 29.762829 1.729035 -0.055537 0.183636
    1 3.983847 0.002149 0.003401 -1.929409 -1.285335 -1.475775
    2 15.938816 -0.000100 -0.000005 -0.000009 -0.000002 1.080545
    3 17.707025 -0.000068 0.000003 0.220907 0.088411 -1.068896
    4 6.202515 0.003416 -0.000367 -0.007294 -0.002948 -0.584341
    5 -3.983848 0.002149 0.003395 -1.252720 -0.973279 -1.662133
    6 15.938826 -0.000113 -0.000001 0.000002 0.000010 1.462151
    7 17.707031 0.000018 0.000000 -0.107830 0.049866 -1.563431
    8 6.203125 0.000000 0.000000 -0.081331 -0.002953 -0.584372
    9 -0.000001 4.209253 -1.688832 1.570794 -0.575159 1.570791
    10 3.836055 0.000000 0.000000 0.011289 0.024486 0.087019
    11 3.617625 -0.000275 -0.000015 0.013052 0.002952 0.530555
    12 7.537925 0.003588 -0.000212 0.020850 -0.064329 0.170897
    13 3.177734 -0.000004 0.000000 3.137538 0.000823 0.400474
    14 2.966416 0.000318 0.000023 -0.248433 -0.056701 1.691898
    15 2.023770 0.904983 0.850949 2.096354 -1.257297 2.418855
    16 4.980521 0.000781 -0.001089 -2.053043 -0.777549 -0.892051
    17 11.119977 0.000007 0.000004 -0.000003 -0.000001 -1.657718
    18 11.205393 -0.000039 0.000000 1.678800 -0.317179 0.233953
    19 3.767608 0.148800 0.074041 0.089811 0.185396 -0.326312
    20 2.037109 0.000000 0.000000 0.003643 -0.024192 -0.299242
    21 1.063284 -0.000008 0.000000 0.003618 -0.024177 -0.299189
    22 3.783203 -0.017258 0.794434 0.548045 0.085960 -0.316569
    23 1.628906 0.000000 -0.000001 0.012406 -0.085556 -0.288091
    24 0.955566 -0.000008 0.000000 0.012406 -0.085554 -0.288100
    25 1.258789 -0.297852 1.251953 -1.378795 -0.581085 -0.486792
    26 1.392578 0.000008 -0.000004 -0.000054 -0.000328 0.324626
    27 1.099609 0.000000 -0.000006 0.000000 0.000000 0.000000
    28 3.548828 0.198730 -1.489258 -0.571799 0.100833 -0.256376
    29 1.218750 0.000003 0.000000 -0.009973 0.067699 -0.292688
    30 0.679688 0.000000 -0.000004 -0.009971 0.067689 -0.292686
    31 3.697042 0.266204 -0.725138 -0.097568 0.031574 -0.326833
    32 1.748047 0.000000 -0.000004 -0.003161 0.020964 -0.299479
    33 0.959961 0.000004 0.000000 -0.003166 0.020972 -0.299671
    34 2.023778 0.904982 -0.850921 -2.086771 1.236887 2.506294
    35 4.981625 0.002227 0.003236 2.529583 0.661936 -0.442822
    36 11.119975 -0.000005 0.000000 0.000001 0.000002 -1.708298
    37 11.205375 0.000073 0.000008 -1.670615 0.316635 0.233892
    38 3.767578 0.151855 -0.072693 -0.089524 -0.188072 -0.324860
    39 2.037109 0.000000 0.000000 -0.003278 0.021743 -0.299424
    40 1.066406 0.000006 0.000002 -0.003276 0.021743 -0.299428
    41 3.780812 -0.024988 -0.795569 -0.547791 -0.088513 -0.315894
    42 1.628906 -0.000004 -0.000001 -0.012095 0.083238 -0.288753
    43 0.955566 0.000000 0.000000 -0.012093 0.083233 -0.288763
    44 1.258789 -0.308350 -1.250000 1.375718 0.577178 -0.491580
    45 1.392578 0.000000 0.000002 0.000349 0.002142 0.324618
    46 1.099609 0.000004 -0.000006 0.000000 0.000000 0.000000
    47 3.548828 0.211304 1.487305 0.571268 -0.102934 -0.255551
    48 1.218750 0.000005 0.000000 0.010274 -0.069875 -0.292190
    49 0.679688 0.000004 -0.000004 0.010275 -0.069869 -0.292190
    50 3.697266 0.273682 0.726563 0.097886 -0.034228 -0.326615
    51 1.748047 -0.000011 0.000000 0.003526 -0.023385 -0.299307
    52 0.956684 0.000004 0.000002 0.003527 -0.023396 -0.299497
    53 -3.756462 5.577850 2.053357 1.570803 -0.000001 0.000000
    54 -2.735646 -0.081365 5.727119 0.000007 0.000015 1.570796
    55 0.000001 5.662003 -0.974302 1.570804 -0.000001 0.000000
    56 -0.000002 -2.275002 5.113525 0.000000 0.000000 -3.141592
    57 -2.477620 5.416855 4.597564 1.570804 -0.000001 0.000000
    58 -1.515218 1.317776 5.998497 0.000000 0.000000 0.000000
    59 -2.455992 5.657928 -0.087295 1.570804 -0.000001 0.000000
    60 -1.485628 -1.617812 5.263969 0.000000 0.000000 3.141592
    61 3.756460 5.577858 2.053359 1.570803 -0.000001 0.000000
    62 2.735645 -0.081364 5.727116 0.000004 -0.000011 -1.570795
    63 2.477613 5.416855 4.597570 1.570804 -0.000001 0.000000
    64 1.515220 1.317777 5.998508 0.000000 0.000000 0.000000
    65 2.455991 5.657928 -0.087293 1.570804 -0.000001 0.000000
    66 1.485620 -1.617803 5.263973 0.000000 0.000000 -3.141592
    67 4.575642 5.632584 0.000132 0.000000 -1.570771 0.249128
    68 -0.000001 0.314078 5.161098 0.000000 0.000000 0.000000
    69 -0.000001 -0.323108 3.750217 0.000000 0.000000 0.000000
    70 5.734947 1.075212 4.685178 1.570830 -0.000004 -1.321669
    71 -0.753896 0.305901 4.971462 -0.000001 0.000002 0.000000
    72 -1.101006 -0.314705 3.448307 0.000001 0.000001 0.000000
    73 5.809101 -1.029643 4.595047 1.570829 -0.000004 -1.321671
    74 -0.714908 -0.199657 5.028973 0.000000 0.000003 0.000000
    75 -0.282898 -0.851690 4.444889 0.000000 0.000000 0.000000
    76 9.578484 -1.290738 0.000240 0.000000 1.570770 -2.892481
    77 9.369518 -1.236408 1.787905 0.000000 1.570770 -2.892481
    78 9.436707 -1.331719 -1.409029 0.000000 1.570770 -2.892477
    79 5.735191 1.075235 -4.684885 -1.570814 0.000004 1.819923
    80 0.753901 0.305904 4.971474 -0.000001 -0.000002 0.000000
    81 1.101010 -0.314705 3.448315 0.000000 -0.000001 0.000000
    82 5.809341 -1.029617 -4.594752 -1.570814 0.000004 1.819922
    83 0.714908 -0.199655 5.028969 0.000000 -0.000003 0.000000
    84 0.282897 -0.851688 4.444893 0.000000 0.000000 0.000000
  time 17
    0 -1.434297 41.527501 29.485477 1.724529 -0.049436 0.174562
    1 3.983847 0.002149 0.003401 -2.093381 -1.342518 -1.256731
    2 15.938816 -0.000100 -0.000005 -0.000009 -0.000002 1.424408
    3 17.707025 -0.000068 0.000003 0.278229 0.069676 -1.109706
    4 6.202515 0.003416 -0.000367 -0.007294 -0.002948 -0.584341
    5 -3.983848 0.002149 0.003395 -1.225587 -1.014030 -1.687426
    6 15.938826 -0.000113 -0.000001 0.000002 0.000010 1.395519
    7 17.707031 0.000018 0.000000 -0.159806 0.043103 -1.533432
    8 6.203125 0.000000 0.000000 -0.081331 -0.002953 -0.584372
    9 -0.000001 4.209253 -1.688832 1.570794 -0.575159 1.570791
    10 3.836055 0.000000 0.000000 0.011361 0.030250 0.085378
    11 3.617625 -0.000275 -0.000015 0.013171 0.009940 0.529035
    12 7.537925 0.003588 -0.000212 0.021941 -0.060746 0.171364
    13 3.177734 -0.000004 0.000000 3.137538 0.000823 0.400474
    14 2.966416 0.000318 0.000023 -0.222426 -0.048048 1.684864
    15 2.023770 0.904983 0.850949 2.096754 -1.261857 2.418402
    16 4.980521 0.000781 -0.001089 -2.052217 -0.780889 -0.895607
    17 11.119977 0.000007 0.000004 -0.000003 -0.000001 -1.656002
    18 11.205393 -0.000039 0.000000 1.678800 -0.317179 0.233953
    19 3.767608 0.148800 0.074041 0.089811 0.185408 -0.326312
    20 2.037109 0.000000 0.000000 0.003643 -0.024192 -0.299242
    21 1.063284 -0.000008 0.000000 0.003618 -0.024177 -0.299189
    22 3.783203 -0.017258 0.794434 0.548045 0.085960 -0.316569
    23 1.628906 0.000000 -0.000001 0.012406 -0.085556 -0.288091
    24 0.955566 -0.000008 0.000000 0.012406 -0.085554 -0.288100
    25 1.258789 -0.297852 1.251953 -1.378795 -0.581085 -0.486792
    26 1.392578 0.000008 -0.000004 -0.000054 -0.000328 0.324626
    27 1.099609 0.000000 -0.000006 0.000000 0.000000 0.000000
    28 3.548828 0.198730 -1.489258 -0.571799 0.100833 -0.256376
    29 1.218750 0.000003 0.000000 -0.009973 0.067699 -0.292688
    30 0.679688 0.000000 -0.000004 -0.009971 0.067689 -0.292686
    31 3.697042 0.266204 -0.725138 -0.097568 0.031574 -0.326833
    32 1.748047 0.000000 -0.000004 -0.003161 0.020964 -0.299479
    33 0.959961 0.000004 0.000000 -0.003166 0.020972 -0.299671
    34 2.023778 0.904982 -0.850921 -2.095121 1.231513 2.497533
    35 4.981625 0.002227 0.003236 2.528241 0.651465 -0.433626
    36 11.119975 -0.000005 0.000000 0.000001 0.000002 -1.702812
    37 11.205375 0.000073 0.000008 -1.670615 0.316755 0.233892
    38 3.767578 0.151855 -0.072693 -0.089524 -0.188072 -0.324860
    39 2.037109 0.000000 0.000000 -0.003278 0.021743 -0.299424
    40 1.066406 0.000006 0.000002 -0.003276 0.021743 -0.299428
    41 3.780812 -0.024988 -0.795569 -0.547791 -0.088513 -0.315894
    42 1.628906 -0.000004 -0.000001 -0.012095 0.083238 -0.288753
    43 0.955566 0.000000 0.000000 -0.012093 0.083233 -0.288763
    44 1.258789 -0.308350 -1.250000 1.375718 0.577178 -0.491580
    45 1.392578 0.000000 0.000002 0.000349 0.002142 0.324618
    46 1.099609 0.000004 -0.000006 0.000000 0.000000 0.000000
    47 3.548828 0.211304 1.487305 0.571268 -0.102934 -0.255551
    48 1.218750 0.000005 0.000000 0.010274 -0.069875 -0.292190
    49 0.679688 0.000004 -0.000004 0.010275 -0.069869 -0.292190
    50 3.697266 0.273682 0.726563 0.097886 -0.034228 -0.326615
    51 1.748047 -0.000011 0.000000 0.003526 -0.023385 -0.299307
    52 0.956684 0.000004 0.000002 0.003527 -0.023396 -0.299497
    53 -3.756462 5.577850 2.053357 1.570803 -0.000001 0.000000
    54 -2.735646 -0.081365 5.727119 0.000007 0.000015 1.570796
    55 0.000001 5.662003 -0.974302 1.570804 -0.000001 0.000000
    56 -0.000002 -2.275002 5.113525 0.000000 0.000000 -3.141592
    57 -2.477620 5.416855 4.597564 1.570804 -0.000001 0.000000
    58 -1.515218 1.317776 5.998497 0.000000 0.000000 0.000000
    59 -2.455992 5.657928 -0.087295 1.570804 -0.000001 0.000000
    60 -1.485628 -1.617812 5.263969 0.000000 0.000000 3.141592
    61 3.756460 5.577858 2.053359 1.570803 -0.000001 0.000000
    62 2.735645 -0.081364 5.727116 0.000004 -0.000011 -1.570795
    63 2.477613 5.416855 4.597570 1.570804 -0.000001 0.000000
    64 1.515220 1.317777 5.998508 0.000000 0.000000 0.000000
    65 2.455991 5.657928 -0.087293 1.570804 -0.000001 0.000000
    66 1.485620 -1.617803 5.263973 0.000000 0.000000 -3.141592
    67 4.575642 5.632584 0.000132 0.000000 -1.570771 0.249128
    68 -0.000001 0.314078 5.161098 0.000000 0.000000 0.000000
    69 -0.000001 -0.323108 3.750217 0.000000 0.000000 0.000000
    70 5.734947 1.075212 4.685178 1.570830 -0.000004 -1.321669
    71 -0.753896 0.305901 4.971462 -0.000001 0.000002 0.000000
    72 -1.101006 -0.314705 3.448307 0.000001 0.000001 0.000000
    73 5.809101 -1.029643 4.595047 1.570829 -0.000004 -1.321671
    74 -0.714908 -0.199657 5.028973 0.000000 0.000003 0.000000
    75 -0.282898 -0.851690 4.444889 0.000000 0.000000 0.000000
    76 9.578484 -1.290738 0.000240 0.000000 1.570770 -2.892481
    77 9.369518 -1.236408 1.787905 0.000000 1.570770 -2.892481
    78 9.436707 -1.331719 -1.409029 0.000000 1.570770 -2.892477
    79 5.735191 1.075235 -4.684885 -1.570814 0.000004 1.819923
    80 0.753901 0.305904 4.971474 -0.000001 -0.000002 0.000000
    81 1.101010 -0.314705 3.448315 0.000000 -0.000001 0.000000
    82 5.809341 -1.029617 -4.594752 -1.570814 0.000004 1.819922
    83 0.714908 -0.199655 5.028969 0.000000 -0.000003 0.000000
    84 0.282897 -0.851688 4.444893 0.000000 0.000000 0.000000
  time 18
    0 -1.231166 43.934448 29.227656 1.719735 -0.037967 0.165616
    1 3.983847 0.002149 0.003401 -2.090151 -1.360452 -1.181720
    2 15.938816 -0.000100 -0.000005 -0.000009 -0.000002 1.706242
    3 17.707025 -0.000068 0.000003 0.297557 0.041288 -1.090433
    4 6.202515 0.003416 -0.000367 -0.007294 -0.002948 -0.584341
    5 -3.983848 0.002149 0.003395 -1.149254 -1.080804 -1.747661
    6 15.938826 -0.000113 -0.000001 0.000002 0.000010 1.384938
    7 17.707031 0.000018 0.000000 -0.178371 0.021635 -1.441490
    8 6.203125 0.000000 0.000000 -0.081331 -0.002953 -0.584372
    9 -0.000001 4.209253 -1.688832 1.570842 -0.575159 1.570743
    10 3.836055 0.000000 0.000000 0.012392 0.036782 0.083400
    11 3.617625 -0.000275 -0.000015 0.013843 0.017706 0.527035
    12 7.537925 0.003588 -0.000212 0.022360 -0.056971 0.171340
    13 3.177734 -0.000004 0.000000 3.137538 0.000823 0.400474
    14 2.966416 0.000318 0.000023 -0.196791 -0.043793 1.675470
    15 2.023770 0.904983 0.850949 2.098654 -1.266498 2.416498
    16 4.980521 0.000781 -0.001089 -2.053301 -0.792359 -0.898111
    17 11.119977 0.000007 0.000004 -0.000003 -0.000001 -1.650570
    18 11.205393 -0.000039 0.000000 1.678800 -0.317227 0.233953
    19 3.767608 0.148800 0.074041 0.089811 0.185408 -0.326312
    20 2.037109 0.000000 0.000000 0.003643 -0.024192 -0.299242
    21 1.063284 -0.000008 0.000000 0.003618 -0.024177 -0.299189
    22 3.783203 -0.017258 0.794434 0.548045 0.085960 -0.316569
    23 1.628906 0.000000 -0.000001 0.012406 -0.085556 -0.288091
    24 0.955566 -0.000008 0.000000 0.012406 -0.085554 -0.288100
    25 1.258789 -0.297852 1.251953 -1.378795 -0.581085 -0.486792
    26 1.392578 0.000008 -0.000004 -0.000054 -0.000328 0.324626
    27 1.099609 0.000000 -0.000006 0.000000 0.000000 0.000000
    28 3.548828 0.198730 -1.489258 -0.571799 0.100833 -0.256376
    29 1.218750 0.000003 0.000000 -0.009973 0.067699 -0.292688
    30 0.679688 0.000000 -0.000004 -0.009971 0.067689 -0.292686
    31 3.697042 0.266204 -0.725138 -0.097568 0.031574 -0.326833
    32 1.748047 0.000000 -0.000004 -0.003161 0.020964 -0.299479
    33 0.959961 0.000004 0.000000 -0.003166 0.020972 -0.299671
    34 2.023778 0.904982 -0.850921 -2.095226 1.228011 2.497533
    35 4.981625 0.002227 0.003236 2.524062 0.639593 -0.424841
    36 11.119975 -0.000005 0.000000 0.000001 0.000002 -1.705839
    37 11.205375 0.000073 0.000008 -1.670615 0.316671 0.233892
    38 3.767578 0.151855 -0.072693 -0.089524 -0.188072 -0.324860
    39 2.037109 0.000000 0.000000 -0.003278 0.021743 -0.299424
    40 1.066406 0.000006 0.000002 -0.003276 0.021743 -0.299428
    41 3.780812 -0.024988 -0.795569 -0.547791 -0.088513 -0.315894
    42 1.628906 -0.000004 -0.000001 -0.012095 0.083238 -0.288753
    43 0.955566 0.000000 0.000000 -0.012093 0.083233 -0.288763
    44 1.258789 -0.308350 -1.250000 1.375718 0.577178 -0.491580
    45 1.392578 0.000000 0.000002 0.000349 0.002142 0.324618
    46 1.099609 0.000004 -0.000006 0.000000 0.000000 0.000000
    47 3.548828 0.211304 1.487305 0.571268 -0.102934 -0.255551
    48 1.218750 0.000005 0.000000 0.010274 -0.069875 -0.292190
    49 0.679688 0.000004 -0.000004 0.010275 -0.069869 -0.292190
    50 3.697266 0.273682 0.726563 0.097886 -0.034228 -0.326615
    51 1.748047 -0.000011 0.000000 0.003526 -0.023385 -0.299307
    52 0.956684 0.000004 0.000002 0.003527 -0.023396 -0.299497
    53 -3.756462 5.577850 2.053357 1.570803 -0.000001 0.000000
    54 -2.735646 -0.081365 5.727119 0.000007 0.000015 1.570796
    55 0.000001 5.662003 -0.974302 1.570804 -0.000001 0.000000
    56 -0.000002 -2.275002 5.113525 0.000000 0.000000 -3.141592
    57 -2.477620 5.416855 4.597564 1.570804 -0.000001 0.000000
    58 -1.515218 1.317776 5.998497 0.000000 0.000000 0.000000
    59 -2.455992 5.657928 -0.087295 1.570804 -0.000001 0.000000
    60 -1.485628 -1.617812 5.263969 0.000000 0.000000 3.141592
    61 3.756460 5.577858 2.053359 1.570803 -0.000001 0.000000
    62 2.735645 -0.081364 5.727116 0.000004 -0.000011 -1.570795
    63 2.477613 5.416855 4.597570 1.570804 -0.000001 0.000000
    64 1.515220 1.317777 5.998508 0.000000 0.000000 0.000000
    65 2.455991 5.657928 -0.087293 1.570804 -0.000001 0.000000
    66 1.485620 -1.617803 5.263973 0.000000 0.000000 -3.141592
    67 4.575642 5.632584 0.000132 0.000000 -1.570771 0.249128
    68 -0.000001 0.314078 5.161098 0.000000 0.000000 0.000000
    69 -0.000001 -0.323108 3.750217 0.000000 0.000000 0.000000
    70 5.734947 1.075212 4.685178 1.570830 -0.000004 -1.321669
    71 -0.753896 0.305901 4.971462 -0.000001 0.000002 0.000000
    72 -1.101006 -0.314705 3.448307 0.000001 0.000001 0.000000
    73 5.809101 -1.029643 4.595047 1.570829 -0.000004 -1.321671
    74 -0.714908 -0.199657 5.028973 0.000000 0.000003 0.000000
    75 -0.282898 -0.851690 4.444889 0.000000 0.000000 0.000000
    76 9.578484 -1.290738 0.000240 0.000000 1.570770 -2.892481
    77 9.369518 -1.236408 1.787905 0.000000 1.570770 -2.892481
    78 9.436707 -1.331719 -1.409029 0.000000 1.570770 -2.892477
    79 5.735191 1.075235 -4.684885 -1.570814 0.000004 1.819923
    80 0.753901 0.305904 4.971474 -0.000001 -0.000002 0.000000
    81 1.101010 -0.314705 3.448315 0.000000 -0.000001 0.000000
    82 5.809341 -1.029617 -4.594752 -1.570814 0.000004 1.819922
    83 0.714908 -0.199655 5.028969 0.000000 -0.000003 0.000000
    84 0.282897 -0.851688 4.444893 0.000000 0.000000 0.000000
  time 19
    0 -0.969439 46.341396 29.087027 1.715996 -0.022363 0.157309
    1 3.983847 0.002149 0.003401 -2.004175 -1.339180 -1.207916
    2 15.938816 -0.000100 -0.000005 -0.000009 -0.000002 1.900995
    3 17.707025 -0.000068 0.000003 0.326190 0.026797 -1.017195
    4 6.202515 0.003416 -0.000367 -0.007294 -0.002948 -0.584341
    5 -3.983848 0.002149 0.003395 -1.068621 -1.129284 -1.804616
    6 15.938826 -0.000113 -0.000001 0.000002 0.000010 1.340097
    7 17.707031 0.000018 0.000000 -0.199293 0.000737 -1.333203
    8 6.203125 0.000000 0.000000 -0.081331 -0.002953 -0.584372
    9 -0.000001 4.209253 -1.688832 1.570842 -0.575159 1.570695
    10 3.836055 0.000000 0.000000 0.014285 0.043361 0.081063
    11 3.617625 -0.000275 -0.000015 0.015041 0.025424 0.524487
    12 7.537925 0.003588 -0.000212 0.021977 -0.053316 0.170921
    13 3.177734 -0.000004 0.000000 3.137538 0.000823 0.400474
    14 2.966416 0.000318 0.000023 -0.173925 -0.044692 1.666439
    15 2.023770 0.904983 0.850949 2.101354 -1.271669 2.413598
    16 4.980521 0.000781 -0.001089 -2.054797 -0.806696 -0.898310
    17 11.119977 0.000007 0.000004 -0.000003 -0.000001 -1.643595
    18 11.205393 -0.000039 0.000000 1.678800 -0.317300 0.233953
    19 3.767608 0.148800 0.074041 0.089811 0.185396 -0.326312
    20 2.037109 0.000000 0.000000 0.003643 -0.024192 -0.299242
    21 1.063284 -0.000008 0.000000 0.003618 -0.024165 -0.299189
    22 3.783203 -0.017258 0.794434 0.548045 0.085960 -0.316569
    23 1.628906 0.000000 -0.000001 0.012406 -0.085556 -0.288091
    24 0.955566 -0.000008 0.000000 0.012406 -0.085554 -0.288100
    25 1.258789 -0.297852 1.251953 -1.378795 -0.581085 -0.486792
    26 1.392578 0.000008 -0.000004 -0.000054 -0.000328 0.324626
    27 1.099609 0.000000 -0.000006 0.000000 0.000000 0.000000
    28 3.548828 0.198730 -1.489258 -0.571799 0.100833 -0.256376
    29 1.218750 0.000003 0.000000 -0.009973 0.067699 -0.292688
    30 0.679688 0.000000 -0.000004 -0.009971 0.067689 -0.292686
    31 3.697042 0.266204 -0.725138 -0.097568 0.031574 -0.326833
    32 1.748047 0.000000 -0.000004 -0.003161 0.020964 -0.299479
    33 0.959961 0.000004 0.000000 -0.003166 0.020972 -0.299671
    34 2.023778 0.904982 -0.850921 -2.092929 1.224754 2.500062
    35 4.981625 0.002227 0.003236 2.518696 0.626512 -0.417848
    36 11.119975 -0.000005 0.000000 0.000001 0.000002 -1.711703
    37 11.205375 0.000073 0.000008 -1.670615 0.316587 0.233892
    38 3.767578 0.151855 -0.072693 -0.089524 -0.188072 -0.324860
    39 2.037109 0.000000 0.000000 -0.003278 0.021743 -0.299424
    40 1.066406 0.000006 0.000002 -0.003276 0.021743 -0.299428
    41 3.780812 -0.024988 -0.795569 -0.547791 -0.088513 -0.315894
    42 1.628906 -0.000004 -0.000001 -0.012095 0.083238 -0.288753
    43 0.955566 0.000000 0.000000 -0.012093 0.083233 -0.288763
    44 1.258789 -0.308350 -1.250000 1.375718 0.577178 -0.491580
    45 1.392578 0.000000 0.000002 0.000349 0.002142 0.324618
    46 1.099609 0.000004 -0.000006 0.000000 0.000000 0.000000
    47 3.548828 0.211304 1.487305 0.571268 -0.102934 -0.255551
    48 1.218750 0.000005 0.000000 0.010274 -0.069875 -0.292190
    49 0.679688 0.000004 -0.000004 0.010275 -0.069869 -0.292190
    50 3.697266 0.273682 0.726563 0.097886 -0.034228 -0.326615
    51 1.748047 -0.000011 0.000000 0.003526 -0.023385 -0.299307
    52 0.956684 0.000004 0.000002 0.003527 -0.023396 -0.299510
    53 -3.756462 5.577850 2.053357 1.570803 -0.000001 0.000000
    54 -2.735646 -0.081365 5.727119 0.000007 0.000015 1.570796
    55 0.000001 5.662003 -0.974302 1.570804 -0.000001 0.000000
    56 -0.000002 -2.275002 5.113525 0.000000 0.000000 -3.141592
    57 -2.477620 5.416855 4.597564 1.570804 -0.000001 0.000000
    58 -1.515218 1.317776 5.998497 0.000000 0.000000 0.000000
    59 -2.455992 5.657928 -0.087295 1.570804 -0.000001 0.000000
    60 -1.485628 -1.617812 5.263969 0.000000 0.000000 3.141592
    61 3.756460 5.577858 2.053359 1.570803 -0.000001 0.000000
    62 2.735645 -0.081364 5.727116 0.000004 -0.000011 -1.570795
    63 2.477613 5.416855 4.597570 1.570804 -0.000001 0.000000
    64 1.515220 1.317777 5.998508 0.000000 0.000000 0.000000
    65 2.455991 5.657928 -0.087293 1.570804 -0.000001 0.000000
    66 1.485620 -1.617803 5.263973 0.000000 0.000000 -3.141592
    67 4.575642 5.632584 0.000132 0.000000 -1.570771 0.249128
    68 -0.000001 0.314078 5.161098 0.000000 0.000000 0.000000
    69 -0.000001 -0.323108 3.750217 0.000000 0.000000 0.000000
    70 5.734947 1.075212 4.685178 1.570830 -0.000004 -1.321669
    71 -0.753896 0.305901 4.971462 -0.000001 0.000002 0.000000
    72 -1.101006 -0.314705 3.448307 0.000001 0.000001 0.000000
    73 5.809101 -1.029643 4.595047 1.570829 -0.000004 -1.321671
    74 -0.714908 -0.199657 5.028973 0.000000 0.000003 0.000000
    75 -0.282898 -0.851690 4.444889 0.000000 0.000000 0.000000
    76 9.578484 -1.290738 0.000240 0.000000 1.570770 -2.892481
    77 9.369518 -1.236408 1.787905 0.000000 1.570770 -2.892481
    78 9.436707 -1.331719 -1.409029 0.000000 1.570770 -2.892477
    79 5.735191 1.075235 -4.684885 -1.570814 0.000004 1.819923
    80 0.753901 0.305904 4.971474 -0.000001 -0.000002 0.000000
    81 1.101010 -0.314705 3.448315 0.000000 -0.000001 0.000000
    82 5.809341 -1.029617 -4.594752 -1.570814 0.000004 1.819922
    83 0.714908 -0.199655 5.028969 0.000000 -0.000003 0.000000
    84 0.282897 -0.851688 4.444893 0.000000 0.000000 0.000000
  time 20
    0 -0.688181 48.767875 29.098746 1.707847 -0.012248 0.164402
    1 3.983847 0.002149 0.003401 -1.924468 -1.290275 -1.254496
    2 15.938816 -0.000100 -0.000005 -0.000009 -0.000002 1.999615
    3 17.707025 -0.000068 0.000003 0.372720 0.019053 -0.915690
    4 6.202515 0.003416 -0.000367 -0.007294 -0.002948 -0.584341
    5 -3.983848 0.002149 0.003395 -0.990949 -1.151614 -1.863633
    6 15.938826 -0.000113 -0.000001 0.000002 0.000010 1.259357
    7 17.707031 0.000018 0.000000 -0.210513 -0.009345 -1.211262
    8 6.203125 0.000000 0.000000 -0.081331 -0.002953 -0.584372
    9 -0.000001 4.209253 -1.688832 1.570986 -0.575159 1.570551
    10 3.836055 0.000000 0.000000 0.016706 0.048970 0.078367
    11 3.617625 -0.000275 -0.000015 0.016539 0.032075 0.521474
    12 7.537925 0.003588 -0.000212 0.020767 -0.049948 0.170286
    13 3.177734 -0.000004 0.000000 3.137538 0.000823 0.400474
    14 2.966416 0.000318 0.000023 -0.154941 -0.050648 1.660040
    15 2.023770 0.904983 0.850949 2.104704 -1.277247 2.410244
    16 4.980521 0.000781 -0.001089 -2.057532 -0.822822 -0.893900
    17 11.119977 0.000007 0.000004 -0.000003 -0.000001 -1.635132
    18 11.205393 -0.000039 0.000000 1.678800 -0.317410 0.233953
    19 3.767608 0.148800 0.074041 0.089811 0.185408 -0.326312
    20 2.037109 0.000000 0.000000 0.003643 -0.024192 -0.299242
    21 1.063284 -0.000008 0.000000 0.003618 -0.024177 -0.299189
    22 3.783203 -0.017258 0.794434 0.548045 0.085960 -0.316569
    23 1.628906 0.000000 -0.000001 0.012406 -0.085556 -0.288091
    24 0.955566 -0.000008 0.000000 0.012406 -0.085554 -0.288100
    25 1.258789 -0.297852 1.251953 -1.378795 -0.581085 -0.486792
    26 1.392578 0.000008 -0.000004 -0.000054 -0.000328 0.324626
    27 1.099609 0.000000 -0.000006 0.000000 0.000000 0.000000
    28 3.548828 0.198730 -1.489258 -0.571799 0.100833 -0.256376
    29 1.218750 0.000003 0.000000 -0.009973 0.067699 -0.292688
    30 0.679688 0.000000 -0.000004 -0.009971 0.067689 -0.292686
    31 3.697042 0.266204 -0.725138 -0.097568 0.031574 -0.326833
    32 1.748047 0.000000 -0.000004 -0.003161 0.020964 -0.299479
    33 0.959961 0.000004 0.000000 -0.003166 0.020972 -0.299671
    34 2.023778 0.904982 -0.850921 -2.088493 1.221660 2.504759
    35 4.981625 0.002227 0.003236 2.512504 0.613156 -0.413911
    36 11.119975 -0.000005 0.000000 0.000001 0.000002 -1.719775
    37 11.205375 0.000073 0.000008 -1.670615 0.316515 0.233832
    38 3.767578 0.151855 -0.072693 -0.089524 -0.188072 -0.324860
    39 2.037109 0.000000 0.000000 -0.003278 0.021743 -0.299424
    40 1.066406 0.000006 0.000002 -0.003276 0.021743 -0.299428
    41 3.780812 -0.024988 -0.795569 -0.547791 -0.088513 -0.315894
    42 1.628906 -0.000004 -0.000001 -0.012095 0.083238 -0.288753
    43 0.955566 0.000000 0.000000 -0.012093 0.083233 -0.288763
    44 1.258789 -0.308350 -1.250000 1.375718 0.577178 -0.491580
    45 1.392578 0.000000 0.000002 0.000349 0.002142 0.324618
    46 1.099609 0.000004 -0.000006 0.000000 0.000000 0.000000
    47 3.548828 0.211304 1.487305 0.571268 -0.102934 -0.255551
    48 1.218750 0.000005 0.000000 0.010274 -0.069875 -0.292190
    49 0.679688 0.000004 -0.000004 0.010275 -0.069869 -0.292190
    50 3.697266 0.273682 0.726563 0.097886 -0.034228 -0.326615
    51 1.748047 -0.000011 0.000000 0.003526 -0.023385 -0.299307
    52 0.956684 0.000004 0.000002 0.003527 -0.023396 -0.299497
    53 -3.756462 5.577850 2.053357 1.570803 -0.000001 0.000000
    54 -2.735646 -0.081365 5.727119 0.000007 0.000015 1.570796
    55 0.000001 5.662003 -0.974302 1.570804 -0.000001 0.000000
    56 -0.000002 -2.275002 5.113525 0.000000 0.000000 -3.141592
    57 -2.477620 5.416855 4.597564 1.570804 -0.000001 0.000000
    58 -1.515218 1.317776 5.998497 0.000000 0.000000 0.000000
    59 -2.455992 5.657928 -0.087295 1.570804 -0.000001 0.000000
    60 -1.485628 -1.617812 5.263969 0.000000 0.000000 3.141592
    61 3.756460 5.577858 2.053359 1.570803 -0.000001 0.000000
    62 2.735645 -0.081364 5.727116 0.000004 -0.000011 -1.570795
    63 2.477613 5.416855 4.597570 1.570804 -0.000001 0.000000
    64 1.515220 1.317777 5.998508 0.000000 0.000000 0.000000
    65 2.455991 5.657928 -0.087293 1.570804 -0.000001 0.000000
    66 1.485620 -1.617803 5.263973 0.000000 0.000000 -3.141592
    67 4.575642 5.632584 0.000132 0.000000 -1.570771 0.249128
    68 -0.000001 0.314078 5.161098 0.000000 0.000000 0.000000
    69 -0.000001 -0.323108 3.750217 0.000000 0.000000 0.000000
    70 5.734947 1.075212 4.685178 1.570830 -0.000004 -1.321669
    71 -0.753896 0.305901 4.971462 -0.000001 0.000002 0.000000
    72 -1.101006 -0.314705 3.448307 0.000001 0.000001 0.000000
    73 5.809101 -1.029643 4.595047 1.570829 -0.000004 -1.321671
    74 -0.714908 -0.199657 5.028973 0.000000 0.000003 0.000000
    75 -0.282898 -0.851690 4.444889 0.000000 0.000000 0.000000
    76 9.578484 -1.290738 0.000240 0.000000 1.570770 -2.892481
    77 9.369518 -1.236408 1.787905 0.000000 1.570770 -2.892481
    78 9.436707 -1.331719 -1.409029 0.000000 1.570770 -2.892477
    79 5.735191 1.075235 -4.684885 -1.570814 0.000004 1.819923
    80 0.753901 0.305904 4.971474 -0.000001 -0.000002 0.000000
    81 1.101010 -0.314705 3.448315 0.000000 -0.000001 0.000000
    82 5.809341 -1.029617 -4.594752 -1.570814 0.000004 1.819922
    83 0.714908 -0.199655 5.028969 0.000000 -0.000003 0.000000
    84 0.282897 -0.851688 4.444893 0.000000 0.000000 0.000000
end
