// Created by Crowbar 0.76
version 1
nodes
  0 "ValveBiped.Bip01_Pelvis" -1
  1 "ValveBiped.Bip01_L_Thigh" 0
  2 "ValveBiped.Bip01_L_Calf" 1
  3 "ValveBiped.Bip01_L_Foot" 2
  4 "ValveBiped.Bip01_L_Toe0" 3
  5 "ValveBiped.Bip01_R_Thigh" 0
  6 "ValveBiped.Bip01_R_Calf" 5
  7 "ValveBiped.Bip01_R_Foot" 6
  8 "ValveBiped.Bip01_R_Toe0" 7
  9 "ValveBiped.Bip01_Spine" 0
  10 "ValveBiped.Bip01_Spine1" 9
  11 "ValveBiped.Bip01_Spine2" 10
  12 "ValveBiped.Bip01_Spine4" 11
  13 "ValveBiped.Bip01_Neck1" 12
  14 "ValveBiped.Bip01_Head1" 13
  15 "ValveBiped.Bip01_L_Clavicle" 12
  16 "ValveBiped.Bip01_L_UpperArm" 15
  17 "ValveBiped.Bip01_L_Forearm" 16
  18 "ValveBiped.Bip01_L_Hand" 17
  19 "ValveBiped.Bip01_L_Finger2" 18
  20 "ValveBiped.Bip01_L_Finger21" 19
  21 "ValveBiped.Bip01_L_Finger22" 20
  22 "ValveBiped.Bip01_L_Finger1" 18
  23 "ValveBiped.Bip01_L_Finger11" 22
  24 "ValveBiped.Bip01_L_Finger12" 23
  25 "ValveBiped.Bip01_L_Finger0" 18
  26 "ValveBiped.Bip01_L_Finger01" 25
  27 "ValveBiped.Bip01_L_Finger02" 26
  28 "ValveBiped.Bip01_L_Finger4" 18
  29 "ValveBiped.Bip01_L_Finger41" 28
  30 "ValveBiped.Bip01_L_Finger42" 29
  31 "ValveBiped.Bip01_L_Finger3" 18
  32 "ValveBiped.Bip01_L_Finger31" 31
  33 "ValveBiped.Bip01_L_Finger32" 32
  34 "ValveBiped.Bip01_R_Clavicle" 12
  35 "ValveBiped.Bip01_R_UpperArm" 34
  36 "ValveBiped.Bip01_R_Forearm" 35
  37 "ValveBiped.Bip01_R_Hand" 36
  38 "ValveBiped.Bip01_R_Finger2" 37
  39 "ValveBiped.Bip01_R_Finger21" 38
  40 "ValveBiped.Bip01_R_Finger22" 39
  41 "ValveBiped.Bip01_R_Finger1" 37
  42 "ValveBiped.Bip01_R_Finger11" 41
  43 "ValveBiped.Bip01_R_Finger12" 42
  44 "ValveBiped.Bip01_R_Finger0" 37
  45 "ValveBiped.Bip01_R_Finger01" 44
  46 "ValveBiped.Bip01_R_Finger02" 45
  47 "ValveBiped.Bip01_R_Finger4" 37
  48 "ValveBiped.Bip01_R_Finger41" 47
  49 "ValveBiped.Bip01_R_Finger42" 48
  50 "ValveBiped.Bip01_R_Finger3" 37
  51 "ValveBiped.Bip01_R_Finger31" 50
  52 "ValveBiped.Bip01_R_Finger32" 51
  53 "ValveBiped.Skirt.R.001" 0
  54 "Skirt2_r" 53
  55 "ValveBiped.Skirt.B" 0
  56 "Skirtb2" 55
  57 "ValveBiped.Skirt.R" 0
  58 "Skirt5_r" 57
  59 "ValveBiped.Skirt.R.002" 0
  60 "Skirt8_r" 59
  61 "ValveBiped.Skirt.L.001" 0
  62 "Skirt2_l" 61
  63 "ValveBiped.Skirt.L" 0
  64 "Skirt5_l" 63
  65 "ValveBiped.Skirt.L.002" 0
  66 "Skirt8_l" 65
  67 "Hair_002" 14
  68 "Hair_001" 67
  69 "Hair_003" 68
  70 "Hair_006_r" 14
  71 "Hair_005_r" 70
  72 "Hair_007_r" 71
  73 "Hair_009_r" 14
  74 "Hair_010_r" 73
  75 "Hair_011_r" 74
  76 "Hair_004" 14
  77 "Hair_005" 14
  78 "Hair_006" 14
  79 "Hair_006_l" 14
  80 "Hair_005_l" 79
  81 "Hair_007_l" 80
  82 "Hair_009_l" 14
  83 "Hair_010_l" 82
  84 "Hair_011_l" 83
end
skeleton
  time 0
    0 0.464202 -0.492203 27.446352 2.147282 0.036745 -0.062890
    1 3.983847 0.002149 0.003401 -4.075963 -1.320935 0.829547
    2 15.938816 -0.000100 -0.000005 -0.000009 -0.000002 1.982913
    3 17.707025 -0.000068 0.000003 0.244309 0.017292 -1.135863
    4 6.202515 0.003416 -0.000367 -0.007306 -0.002960 -0.584341
    5 -3.983848 0.002149 0.003395 -0.622560 -1.413168 -2.225041
    6 15.938826 -0.000113 -0.000001 0.000002 0.000010 1.590440
    7 17.707031 0.000018 0.000000 -0.144256 -0.067361 -1.691306
    8 6.202710 0.003078 0.003745 -0.081323 -0.002959 -0.584354
    9 -0.000001 4.209253 -1.688832 1.571993 -0.575159 1.571558
    10 3.836055 0.000000 0.000000 -0.021417 0.089202 -0.207430
    11 3.617625 -0.000275 -0.000015 -0.032574 0.077437 0.262876
    12 7.537925 0.003588 -0.000212 -0.024619 -0.040025 0.250583
    13 3.177734 0.000000 0.000000 3.137538 0.000823 0.400474
    14 2.966416 0.000318 0.000023 0.185565 -0.080298 1.560741
    15 2.023770 0.904983 0.850949 2.044504 -1.242762 2.473509
    16 4.980521 0.000781 -0.001089 -2.230404 -0.346516 -0.685029
    17 11.119977 0.000007 0.000004 -0.000003 -0.000001 -1.886718
    18 11.205393 -0.000039 0.000000 1.679617 -0.314552 0.234097
    19 3.767608 0.148800 0.074041 0.089823 0.185396 -0.326372
    20 2.037109 0.000000 0.000000 0.003645 -0.024191 -0.299242
    21 1.063284 -0.000008 0.000000 0.003618 -0.024177 -0.299189
    22 3.783203 -0.017258 0.794434 0.548045 0.085960 -0.316569
    23 1.628906 0.000000 0.000001 0.012406 -0.085556 -0.288091
    24 0.954085 0.000004 0.000001 0.012402 -0.085542 -0.288095
    25 1.258789 -0.297852 1.251953 -1.378795 -0.581085 -0.486792
    26 1.392578 0.000003 -0.000004 -0.000054 -0.000328 0.324626
    27 1.099609 0.000000 -0.000008 0.000000 0.000000 0.000000
    28 3.548828 0.198730 -1.489258 -0.571799 0.100833 -0.256376
    29 1.218750 0.000003 0.000000 -0.009973 0.067699 -0.292690
    30 0.679688 0.000001 0.000000 -0.009972 0.067693 -0.292686
    31 3.697042 0.266204 -0.725138 -0.097568 0.031574 -0.326833
    32 1.748047 0.000000 0.000002 -0.003159 0.020964 -0.299478
    33 0.959961 0.000004 0.000000 -0.003166 0.020972 -0.299671
    34 2.023778 0.904982 -0.850921 -2.246677 1.163762 2.338389
    35 4.981625 0.002227 0.003236 2.030178 0.385883 -0.928789
    36 11.119975 -0.000005 0.000000 0.000001 0.000002 -2.268694
    37 11.205375 0.000073 0.000008 -1.670281 0.308953 0.233652
    38 3.766600 0.148254 -0.075376 -0.089513 -0.188043 -0.324859
    39 2.037109 0.000002 -0.000002 -0.003278 0.021743 -0.299424
    40 1.063287 -0.000004 0.000001 -0.003271 0.021726 -0.299411
    41 3.780812 -0.024988 -0.795569 -0.547791 -0.088513 -0.315894
    42 1.628906 -0.000004 0.000000 -0.012097 0.083240 -0.288753
    43 0.955566 0.000000 0.000000 -0.012095 0.083232 -0.288763
    44 1.258789 -0.308350 -1.250000 1.375719 0.577179 -0.491579
    45 1.392578 -0.000002 0.000002 0.000351 0.002142 0.324620
    46 1.099609 0.000000 -0.000004 0.000000 0.000000 0.000000
    47 3.548828 0.211304 1.487305 0.571268 -0.102934 -0.255551
    48 1.218750 0.000006 0.000000 0.010274 -0.069875 -0.292190
    49 0.679688 0.000003 0.000000 0.010275 -0.069871 -0.292190
    50 3.696249 0.271114 0.723153 0.097888 -0.034222 -0.326611
    51 1.748047 -0.000011 -0.000004 0.003526 -0.023385 -0.299307
    52 0.956684 0.000004 0.000002 0.003515 -0.023396 -0.299510
    53 -3.756462 5.577850 2.053357 1.570803 -0.000001 0.000000
    54 -2.735646 -0.081365 5.727119 0.000007 0.000015 1.570796
    55 0.000001 5.662003 -0.974302 1.570804 -0.000001 0.000000
    56 -0.000002 -2.275002 5.113525 0.000000 0.000000 -3.141592
    57 -2.477620 5.416855 4.597564 1.570804 -0.000001 0.000000
    58 -1.515218 1.317776 5.998497 0.000000 0.000000 0.000000
    59 -2.455992 5.657928 -0.087295 1.570804 -0.000001 0.000000
    60 -1.485628 -1.617812 5.263969 0.000000 0.000000 3.141592
    61 3.756460 5.577858 2.053359 1.570803 -0.000001 0.000000
    62 2.735645 -0.081364 5.727116 0.000004 -0.000011 -1.570795
    63 2.477613 5.416855 4.597570 1.570804 -0.000001 0.000000
    64 1.515220 1.317777 5.998508 0.000000 0.000000 0.000000
    65 2.455991 5.657928 -0.087293 1.570804 -0.000001 0.000000
    66 1.485620 -1.617803 5.263973 0.000000 0.000000 -3.141592
    67 4.575642 5.632584 0.000132 0.000000 -1.570771 0.249128
    68 -0.000001 0.314078 5.161098 0.000000 0.000000 0.000000
    69 -0.000001 -0.323108 3.750217 0.000000 0.000000 0.000000
    70 5.734947 1.075212 4.685178 1.570830 -0.000004 -1.321669
    71 -0.753896 0.305901 4.971462 -0.000001 0.000002 0.000000
    72 -1.101006 -0.314705 3.448307 0.000001 0.000001 0.000000
    73 5.809101 -1.029643 4.595047 1.570829 -0.000004 -1.321671
    74 -0.714908 -0.199657 5.028973 0.000000 0.000003 0.000000
    75 -0.282898 -0.851690 4.444889 0.000000 0.000000 0.000000
    76 9.578484 -1.290738 0.000240 0.000000 1.570770 -2.892481
    77 9.369518 -1.236408 1.787905 0.000000 1.570770 -2.892481
    78 9.436707 -1.331719 -1.409029 0.000000 1.570770 -2.892477
    79 5.735191 1.075235 -4.684885 -1.570814 0.000004 1.819923
    80 0.753901 0.305904 4.971474 -0.000001 -0.000002 0.000000
    81 1.101010 -0.314705 3.448315 0.000000 -0.000001 0.000000
    82 5.809341 -1.029617 -4.594752 -1.570814 0.000004 1.819922
    83 0.714908 -0.199655 5.028969 0.000000 -0.000003 0.000000
    84 0.282897 -0.851688 4.444893 0.000000 0.000000 0.000000
  time 1
    0 0.421232 -3.487791 27.282284 2.147330 0.038315 -0.061803
    1 3.983847 0.002149 0.003401 -4.192149 -1.256588 0.898747
    2 15.938816 -0.000100 -0.000005 -0.000009 -0.000002 1.821500
    3 17.707025 -0.000068 0.000003 0.226331 0.053933 -1.220206
    4 6.202515 0.003416 -0.000367 -0.007306 -0.002960 -0.584341
    5 -3.983848 0.002149 0.003395 -0.930857 -1.322820 -1.938294
    6 15.938826 -0.000113 -0.000001 0.000002 0.000010 1.603288
    7 17.707031 0.000018 0.000000 -0.109099 -0.080781 -1.810263
    8 6.202710 0.003078 0.003745 -0.081323 -0.002959 -0.584354
    9 -0.000001 4.209253 -1.688832 1.570794 -0.575159 1.572037
    10 3.836055 0.000000 0.000000 -0.017618 0.081808 -0.201557
    11 3.617625 -0.000275 -0.000015 -0.028127 0.069683 0.267776
    12 7.537925 0.003588 -0.000212 -0.022714 -0.040205 0.247802
    13 3.177734 0.000000 0.000000 3.137538 0.000823 0.400474
    14 2.966416 0.000318 0.000023 0.186859 -0.079268 1.565960
    15 2.023770 0.904983 0.850949 2.027554 -1.228186 2.491728
    16 4.980521 0.000781 -0.001089 -2.253574 -0.303099 -0.721847
    17 11.119977 0.000007 0.000004 -0.000003 -0.000001 -1.885231
    18 11.205393 -0.000039 0.000000 1.679088 -0.314625 0.233857
    19 3.767608 0.148800 0.074041 0.089823 0.185396 -0.326372
    20 2.037109 0.000000 0.000000 0.003645 -0.024191 -0.299242
    21 1.063284 -0.000008 0.000000 0.003618 -0.024177 -0.299189
    22 3.783203 -0.017258 0.794434 0.548045 0.085960 -0.316569
    23 1.628906 0.000000 0.000001 0.012406 -0.085556 -0.288091
    24 0.954085 0.000004 0.000001 0.012390 -0.085542 -0.288095
    25 1.258789 -0.297852 1.251953 -1.378795 -0.581085 -0.486792
    26 1.392578 0.000003 -0.000004 -0.000054 -0.000328 0.324626
    27 1.099609 0.000000 -0.000008 0.000000 0.000000 0.000000
    28 3.548828 0.198730 -1.489258 -0.571799 0.100833 -0.256376
    29 1.218750 0.000003 0.000000 -0.009973 0.067699 -0.292690
    30 0.679688 0.000001 0.000000 -0.009972 0.067693 -0.292686
    31 3.697042 0.266204 -0.725138 -0.097568 0.031574 -0.326833
    32 1.748047 0.000000 0.000002 -0.003159 0.020964 -0.299478
    33 0.959961 0.000004 0.000000 -0.003166 0.020972 -0.299671
    34 2.023778 0.904982 -0.850921 -2.259829 1.174918 2.324028
    35 4.981625 0.002227 0.003236 2.022026 0.411825 -0.936928
    36 11.119975 -0.000005 0.000000 0.000001 0.000002 -2.270586
    37 11.205375 0.000073 0.000008 -1.671379 0.308342 0.233592
    38 3.766600 0.148254 -0.075376 -0.089513 -0.188043 -0.324859
    39 2.037109 0.000002 -0.000002 -0.003278 0.021743 -0.299424
    40 1.063287 -0.000004 0.000001 -0.003271 0.021726 -0.299411
    41 3.780812 -0.024988 -0.795569 -0.547791 -0.088513 -0.315894
    42 1.628906 -0.000004 0.000000 -0.012097 0.083240 -0.288753
    43 0.955566 0.000000 0.000000 -0.012095 0.083232 -0.288763
    44 1.258789 -0.308350 -1.250000 1.375719 0.577179 -0.491579
    45 1.392578 -0.000002 0.000002 0.000351 0.002142 0.324620
    46 1.099609 0.000000 -0.000004 0.000000 0.000000 0.000000
    47 3.548828 0.211304 1.487305 0.571268 -0.102934 -0.255551
    48 1.218750 0.000006 0.000000 0.010274 -0.069875 -0.292190
    49 0.679688 0.000003 0.000000 0.010275 -0.069871 -0.292190
    50 3.696249 0.271114 0.723153 0.097888 -0.034222 -0.326611
    51 1.748047 -0.000011 -0.000004 0.003526 -0.023385 -0.299307
    52 0.956684 0.000004 0.000002 0.003515 -0.023396 -0.299497
    53 -3.756462 5.577850 2.053357 1.570803 -0.000001 0.000000
    54 -2.735646 -0.081365 5.727119 0.000007 0.000015 1.570796
    55 0.000001 5.662003 -0.974302 1.570804 -0.000001 0.000000
    56 -0.000002 -2.275002 5.113525 0.000000 0.000000 -3.141592
    57 -2.477620 5.416855 4.597564 1.570804 -0.000001 0.000000
    58 -1.515218 1.317776 5.998497 0.000000 0.000000 0.000000
    59 -2.455992 5.657928 -0.087295 1.570804 -0.000001 0.000000
    60 -1.485628 -1.617812 5.263969 0.000000 0.000000 3.141592
    61 3.756460 5.577858 2.053359 1.570803 -0.000001 0.000000
    62 2.735645 -0.081364 5.727116 0.000004 -0.000011 -1.570795
    63 2.477613 5.416855 4.597570 1.570804 -0.000001 0.000000
    64 1.515220 1.317777 5.998508 0.000000 0.000000 0.000000
    65 2.455991 5.657928 -0.087293 1.570804 -0.000001 0.000000
    66 1.485620 -1.617803 5.263973 0.000000 0.000000 -3.141592
    67 4.575642 5.632584 0.000132 0.000000 -1.570771 0.249128
    68 -0.000001 0.314078 5.161098 0.000000 0.000000 0.000000
    69 -0.000001 -0.323108 3.750217 0.000000 0.000000 0.000000
    70 5.734947 1.075212 4.685178 1.570830 -0.000004 -1.321669
    71 -0.753896 0.305901 4.971462 -0.000001 0.000002 0.000000
    72 -1.101006 -0.314705 3.448307 0.000001 0.000001 0.000000
    73 5.809101 -1.029643 4.595047 1.570829 -0.000004 -1.321671
    74 -0.714908 -0.199657 5.028973 0.000000 0.000003 0.000000
    75 -0.282898 -0.851690 4.444889 0.000000 0.000000 0.000000
    76 9.578484 -1.290738 0.000240 0.000000 1.570770 -2.892481
    77 9.369518 -1.236408 1.787905 0.000000 1.570770 -2.892481
    78 9.436707 -1.331719 -1.409029 0.000000 1.570770 -2.892477
    79 5.735191 1.075235 -4.684885 -1.570814 0.000004 1.819923
    80 0.753901 0.305904 4.971474 -0.000001 -0.000002 0.000000
    81 1.101010 -0.314705 3.448315 0.000000 -0.000001 0.000000
    82 5.809341 -1.029617 -4.594752 -1.570814 0.000004 1.819922
    83 0.714908 -0.199655 5.028969 0.000000 -0.000003 0.000000
    84 0.282897 -0.851688 4.444893 0.000000 0.000000 0.000000
  time 2
    0 0.358731 -6.467755 27.067434 2.147330 0.038315 -0.061803
    1 3.983847 0.002149 0.003401 -4.227585 -1.209106 0.870853
    2 15.938816 -0.000100 -0.000005 -0.000009 -0.000002 1.587605
    3 17.707025 -0.000068 0.000003 0.165292 0.131968 -1.286285
    4 6.202515 0.003416 -0.000367 -0.007306 -0.002960 -0.584341
    5 -3.983848 0.002149 0.003395 -1.030311 -1.263089 -1.852673
    6 15.938826 -0.000113 -0.000001 0.000002 0.000010 1.665575
    7 17.707031 0.000018 0.000000 -0.141310 -0.062989 -1.775822
    8 6.202710 0.003078 0.003745 -0.080963 -0.003439 -0.697318
    9 -0.000001 4.209253 -1.688832 1.571034 -0.575139 1.569496
    10 3.836055 0.000000 0.000000 -0.013711 0.075528 -0.197674
    11 3.617625 -0.000275 -0.000015 -0.023765 0.063043 0.270986
    12 7.537925 0.003588 -0.000212 -0.021251 -0.040492 0.246064
    13 3.177734 0.000000 0.000000 3.137538 0.000823 0.400474
    14 2.966416 0.000318 0.000023 0.187411 -0.080730 1.570907
    15 2.023770 0.904983 0.850949 2.009804 -1.215809 2.510490
    16 4.980521 0.000781 -0.001089 -2.273028 -0.270376 -0.756133
    17 11.119977 0.000007 0.000004 -0.000003 -0.000001 -1.883230
    18 11.205393 -0.000039 0.000000 1.679088 -0.314661 0.233857
    19 3.767608 0.148800 0.074041 0.089823 0.185396 -0.326372
    20 2.037109 0.000000 0.000000 0.003645 -0.024191 -0.299242
    21 1.063284 -0.000008 0.000000 0.003618 -0.024177 -0.299189
    22 3.783203 -0.017258 0.794434 0.548045 0.085960 -0.316569
    23 1.628906 0.000000 0.000001 0.012406 -0.085556 -0.288091
    24 0.954085 0.000004 0.000001 0.012390 -0.085542 -0.288095
    25 1.258789 -0.297852 1.251953 -1.378795 -0.581085 -0.486792
    26 1.392578 0.000003 -0.000004 -0.000054 -0.000328 0.324626
    27 1.099609 0.000000 -0.000008 0.000000 0.000000 0.000000
    28 3.548828 0.198730 -1.489258 -0.571799 0.100833 -0.256376
    29 1.218750 0.000003 0.000000 -0.009973 0.067699 -0.292690
    30 0.679688 0.000001 0.000000 -0.009972 0.067693 -0.292686
    31 3.697042 0.266204 -0.725138 -0.097568 0.031574 -0.326833
    32 1.748047 0.000000 0.000002 -0.003159 0.020964 -0.299478
    33 0.959961 0.000004 0.000000 -0.003166 0.020972 -0.299671
    34 2.023778 0.904982 -0.850921 -2.272093 1.182491 2.310571
    35 4.981625 0.002227 0.003236 2.019342 0.431310 -0.941335
    36 11.119975 -0.000005 0.000000 0.000001 0.000002 -2.269451
    37 11.205375 0.000073 0.000008 -1.671379 0.308378 0.233592
    38 3.766600 0.148254 -0.075376 -0.089513 -0.188055 -0.324859
    39 2.037109 0.000002 -0.000002 -0.003278 0.021743 -0.299424
    40 1.063287 -0.000004 0.000001 -0.003271 0.021726 -0.299411
    41 3.780812 -0.024988 -0.795569 -0.547791 -0.088513 -0.315894
    42 1.628906 -0.000004 0.000000 -0.012097 0.083240 -0.288753
    43 0.955566 0.000000 0.000000 -0.012095 0.083232 -0.288763
    44 1.258789 -0.308350 -1.250000 1.375719 0.577179 -0.491579
    45 1.392578 -0.000002 0.000002 0.000351 0.002142 0.324620
    46 1.099609 0.000000 -0.000004 0.000000 0.000000 0.000000
    47 3.548828 0.211304 1.487305 0.571268 -0.102934 -0.255551
    48 1.218750 0.000006 0.000000 0.010274 -0.069875 -0.292190
    49 0.679688 0.000003 0.000000 0.010275 -0.069871 -0.292190
    50 3.696249 0.271114 0.723153 0.097888 -0.034222 -0.326611
    51 1.748047 -0.000011 -0.000004 0.003526 -0.023385 -0.299307
    52 0.956684 0.000004 0.000002 0.003515 -0.023396 -0.299497
    53 -3.756462 5.577850 2.053357 1.570803 -0.000001 0.000000
    54 -2.735646 -0.081365 5.727119 0.000007 0.000015 1.570796
    55 0.000001 5.662003 -0.974302 1.570804 -0.000001 0.000000
    56 -0.000002 -2.275002 5.113525 0.000000 0.000000 -3.141592
    57 -2.477620 5.416855 4.597564 1.570804 -0.000001 0.000000
    58 -1.515218 1.317776 5.998497 0.000000 0.000000 0.000000
    59 -2.455992 5.657928 -0.087295 1.570804 -0.000001 0.000000
    60 -1.485628 -1.617812 5.263969 0.000000 0.000000 3.141592
    61 3.756460 5.577858 2.053359 1.570803 -0.000001 0.000000
    62 2.735645 -0.081364 5.727116 0.000004 -0.000011 -1.570795
    63 2.477613 5.416855 4.597570 1.570804 -0.000001 0.000000
    64 1.515220 1.317777 5.998508 0.000000 0.000000 0.000000
    65 2.455991 5.657928 -0.087293 1.570804 -0.000001 0.000000
    66 1.485620 -1.617803 5.263973 0.000000 0.000000 -3.141592
    67 4.575642 5.632584 0.000132 0.000000 -1.570771 0.249128
    68 -0.000001 0.314078 5.161098 0.000000 0.000000 0.000000
    69 -0.000001 -0.323108 3.750217 0.000000 0.000000 0.000000
    70 5.734947 1.075212 4.685178 1.570830 -0.000004 -1.321669
    71 -0.753896 0.305901 4.971462 -0.000001 0.000002 0.000000
    72 -1.101006 -0.314705 3.448307 0.000001 0.000001 0.000000
    73 5.809101 -1.029643 4.595047 1.570829 -0.000004 -1.321671
    74 -0.714908 -0.199657 5.028973 0.000000 0.000003 0.000000
    75 -0.282898 -0.851690 4.444889 0.000000 0.000000 0.000000
    76 9.578484 -1.290738 0.000240 0.000000 1.570770 -2.892481
    77 9.369518 -1.236408 1.787905 0.000000 1.570770 -2.892481
    78 9.436707 -1.331719 -1.409029 0.000000 1.570770 -2.892477
    79 5.735191 1.075235 -4.684885 -1.570814 0.000004 1.819923
    80 0.753901 0.305904 4.971474 -0.000001 -0.000002 0.000000
    81 1.101010 -0.314705 3.448315 0.000000 -0.000001 0.000000
    82 5.809341 -1.029617 -4.594752 -1.570814 0.000004 1.819922
    83 0.714908 -0.199655 5.028969 0.000000 -0.000003 0.000000
    84 0.282897 -0.851688 4.444893 0.000000 0.000000 0.000000
  time 3
    0 0.288416 -9.424280 26.852584 2.147330 0.038315 -0.061803
    1 3.983847 0.002149 0.003401 -4.250575 -1.189793 0.838041
    2 15.938816 -0.000100 -0.000005 -0.000009 -0.000002 1.343956
    3 17.707025 -0.000068 0.000003 0.117716 0.179069 -1.258446
    4 6.202515 0.003416 -0.000367 -0.007306 -0.002960 -0.584341
    5 -3.983848 0.002149 0.003395 -1.087346 -1.207652 -1.808738
    6 15.938826 -0.000113 -0.000001 0.000002 0.000010 1.733467
    7 17.707031 0.000018 0.000000 -0.173747 -0.038880 -1.710473
    8 6.202710 0.003078 0.003745 -0.080556 -0.003882 -0.810334
    9 -0.000001 4.209253 -1.688832 1.571561 -0.575078 1.565182
    10 3.836055 0.000000 0.000000 -0.009876 0.070506 -0.195817
    11 3.617625 -0.000275 -0.000015 -0.019678 0.057662 0.272548
    12 7.537925 0.003588 -0.000212 -0.020281 -0.040744 0.245309
    13 3.177734 0.000000 0.000000 3.137538 0.000823 0.400474
    14 2.966416 0.000318 0.000023 0.187039 -0.084757 1.574629
    15 2.023770 0.904983 0.850949 1.988904 -1.205304 2.532787
    16 4.980521 0.000781 -0.001089 -2.285052 -0.245547 -0.787146
    17 11.119977 0.000007 0.000004 -0.000003 -0.000001 -1.883573
    18 11.205393 -0.000039 0.000000 1.679088 -0.314661 0.233857
    19 3.767608 0.148800 0.074041 0.089823 0.185396 -0.326372
    20 2.037109 0.000000 0.000000 0.003645 -0.024191 -0.299242
    21 1.063284 -0.000008 0.000000 0.003618 -0.024177 -0.299189
    22 3.783203 -0.017258 0.794434 0.548045 0.085960 -0.316569
    23 1.628906 0.000000 0.000001 0.012406 -0.085556 -0.288091
    24 0.954085 0.000004 0.000001 0.012390 -0.085542 -0.288095
    25 1.258789 -0.297852 1.251953 -1.378795 -0.581085 -0.486792
    26 1.392578 0.000003 -0.000004 -0.000054 -0.000328 0.324626
    27 1.099609 0.000000 -0.000008 0.000000 0.000000 0.000000
    28 3.548828 0.198730 -1.489258 -0.571799 0.100833 -0.256376
    29 1.218750 0.000003 0.000000 -0.009973 0.067699 -0.292690
    30 0.679688 0.000001 0.000000 -0.009972 0.067693 -0.292686
    31 3.697042 0.266204 -0.725138 -0.097568 0.031574 -0.326833
    32 1.748047 0.000000 0.000002 -0.003159 0.020964 -0.299478
    33 0.959961 0.000004 0.000000 -0.003166 0.020972 -0.299671
    34 2.023778 0.904982 -0.850921 -2.283574 1.186848 2.298106
    35 4.981625 0.002227 0.003236 2.019755 0.439939 -0.945360
    36 11.119975 -0.000005 0.000000 0.000001 0.000002 -2.268001
    37 11.205375 0.000073 0.000008 -1.671379 0.308378 0.233592
    38 3.766600 0.148254 -0.075376 -0.089513 -0.188043 -0.324859
    39 2.037109 0.000002 -0.000002 -0.003278 0.021743 -0.299424
    40 1.063287 -0.000004 0.000001 -0.003271 0.021726 -0.299411
    41 3.780812 -0.024988 -0.795569 -0.547791 -0.088513 -0.315894
    42 1.628906 -0.000004 0.000000 -0.012097 0.083240 -0.288753
    43 0.955566 0.000000 0.000000 -0.012095 0.083232 -0.288763
    44 1.258789 -0.308350 -1.250000 1.375719 0.577179 -0.491579
    45 1.392578 -0.000002 0.000002 0.000351 0.002142 0.324620
    46 1.099609 0.000000 -0.000004 0.000000 0.000000 0.000000
    47 3.548828 0.211304 1.487305 0.571268 -0.102934 -0.255551
    48 1.218750 0.000006 0.000000 0.010274 -0.069875 -0.292190
    49 0.679688 0.000003 0.000000 0.010275 -0.069871 -0.292190
    50 3.696249 0.271114 0.723153 0.097888 -0.034222 -0.326611
    51 1.748047 -0.000011 -0.000004 0.003526 -0.023385 -0.299307
    52 0.956684 0.000004 0.000002 0.003515 -0.023396 -0.299497
    53 -3.756462 5.577850 2.053357 1.570803 -0.000001 0.000000
    54 -2.735646 -0.081365 5.727119 0.000007 0.000015 1.570796
    55 0.000001 5.662003 -0.974302 1.570804 -0.000001 0.000000
    56 -0.000002 -2.275002 5.113525 0.000000 0.000000 -3.141592
    57 -2.477620 5.416855 4.597564 1.570804 -0.000001 0.000000
    58 -1.515218 1.317776 5.998497 0.000000 0.000000 0.000000
    59 -2.455992 5.657928 -0.087295 1.570804 -0.000001 0.000000
    60 -1.485628 -1.617812 5.263969 0.000000 0.000000 3.141592
    61 3.756460 5.577858 2.053359 1.570803 -0.000001 0.000000
    62 2.735645 -0.081364 5.727116 0.000004 -0.000011 -1.570795
    63 2.477613 5.416855 4.597570 1.570804 -0.000001 0.000000
    64 1.515220 1.317777 5.998508 0.000000 0.000000 0.000000
    65 2.455991 5.657928 -0.087293 1.570804 -0.000001 0.000000
    66 1.485620 -1.617803 5.263973 0.000000 0.000000 -3.141592
    67 4.575642 5.632584 0.000132 0.000000 -1.570771 0.249128
    68 -0.000001 0.314078 5.161098 0.000000 0.000000 0.000000
    69 -0.000001 -0.323108 3.750217 0.000000 0.000000 0.000000
    70 5.734947 1.075212 4.685178 1.570830 -0.000004 -1.321669
    71 -0.753896 0.305901 4.971462 -0.000001 0.000002 0.000000
    72 -1.101006 -0.314705 3.448307 0.000001 0.000001 0.000000
    73 5.809101 -1.029643 4.595047 1.570829 -0.000004 -1.321671
    74 -0.714908 -0.199657 5.028973 0.000000 0.000003 0.000000
    75 -0.282898 -0.851690 4.444889 0.000000 0.000000 0.000000
    76 9.578484 -1.290738 0.000240 0.000000 1.570770 -2.892481
    77 9.369518 -1.236408 1.787905 0.000000 1.570770 -2.892481
    78 9.436707 -1.331719 -1.409029 0.000000 1.570770 -2.892477
    79 5.735191 1.075235 -4.684885 -1.570814 0.000004 1.819923
    80 0.753901 0.305904 4.971474 -0.000001 -0.000002 0.000000
    81 1.101010 -0.314705 3.448315 0.000000 -0.000001 0.000000
    82 5.809341 -1.029617 -4.594752 -1.570814 0.000004 1.819922
    83 0.714908 -0.199655 5.028969 0.000000 -0.000003 0.000000
    84 0.282897 -0.851688 4.444893 0.000000 0.000000 0.000000
  time 4
    0 0.210289 -12.369086 26.688516 2.147330 0.038315 -0.061803
    1 3.983847 0.002149 0.003401 -4.260075 -1.244929 0.813991
    2 15.938816 -0.000100 -0.000005 -0.000009 -0.000002 1.057022
    3 17.707025 -0.000068 0.000003 0.196183 0.139988 -0.951116
    4 6.202515 0.003416 -0.000367 -0.007306 -0.002960 -0.584341
    5 -3.983848 0.002149 0.003395 -1.112376 -1.141608 -1.802275
    6 15.938826 -0.000113 -0.000001 0.000002 0.000010 1.780008
    7 17.707031 0.000018 0.000000 -0.158492 -0.039611 -1.637698
    8 6.202710 0.003078 0.003745 -0.080232 -0.004158 -0.889784
    9 -0.000001 4.209253 -1.688832 1.572281 -0.575018 1.558759
    10 3.836055 0.000000 0.000000 -0.006472 0.066815 -0.195445
    11 3.617625 -0.000275 -0.000015 -0.016083 0.053731 0.272858
    12 7.537925 0.003588 -0.000212 -0.019550 -0.040708 0.245213
    13 3.177734 0.000000 0.000000 3.137538 0.000823 0.400474
    14 2.966416 0.000318 0.000023 0.185793 -0.091288 1.576535
    15 2.023770 0.904983 0.850949 1.965804 -1.197446 2.557350
    16 4.980521 0.000781 -0.001089 -2.288458 -0.226116 -0.816281
    17 11.119977 0.000007 0.000004 -0.000003 -0.000001 -1.886603
    18 11.205393 -0.000039 0.000000 1.679088 -0.314625 0.233857
    19 3.767608 0.148800 0.074041 0.089823 0.185396 -0.326372
    20 2.037109 0.000000 0.000000 0.003645 -0.024191 -0.299242
    21 1.063284 -0.000008 0.000000 0.003618 -0.024165 -0.299189
    22 3.783203 -0.017258 0.794434 0.548045 0.085960 -0.316569
    23 1.628906 0.000000 0.000001 0.012406 -0.085556 -0.288091
    24 0.954085 0.000004 0.000001 0.012402 -0.085542 -0.288095
    25 1.258789 -0.297852 1.251953 -1.378795 -0.581085 -0.486792
    26 1.392578 0.000003 -0.000004 -0.000054 -0.000328 0.324626
    27 1.099609 0.000000 -0.000008 0.000000 0.000000 0.000000
    28 3.548828 0.198730 -1.489258 -0.571799 0.100833 -0.256376
    29 1.218750 0.000003 0.000000 -0.009973 0.067699 -0.292690
    30 0.679688 0.000001 0.000000 -0.009972 0.067693 -0.292686
    31 3.697042 0.266204 -0.725138 -0.097568 0.031574 -0.326833
    32 1.748047 0.000000 0.000002 -0.003159 0.020964 -0.299478
    33 0.959961 0.000004 0.000000 -0.003166 0.020972 -0.299671
    34 2.023778 0.904982 -0.850921 -2.295056 1.189779 2.285732
    35 4.981625 0.002227 0.003236 2.020787 0.433591 -0.953587
    36 11.119975 -0.000005 0.000000 0.000001 0.000002 -2.269136
    37 11.205375 0.000073 0.000008 -1.671379 0.308378 0.233592
    38 3.766600 0.148254 -0.075376 -0.089513 -0.188043 -0.324859
    39 2.037109 0.000002 -0.000002 -0.003278 0.021743 -0.299424
    40 1.063287 -0.000004 0.000001 -0.003271 0.021726 -0.299411
    41 3.780812 -0.024988 -0.795569 -0.547791 -0.088513 -0.315894
    42 1.628906 -0.000004 0.000000 -0.012097 0.083240 -0.288753
    43 0.955566 0.000000 0.000000 -0.012095 0.083232 -0.288763
    44 1.258789 -0.308350 -1.250000 1.375719 0.577179 -0.491579
    45 1.392578 -0.000002 0.000002 0.000351 0.002142 0.324620
    46 1.099609 0.000000 -0.000004 0.000000 0.000000 0.000000
    47 3.548828 0.211304 1.487305 0.571268 -0.102934 -0.255551
    48 1.218750 0.000006 0.000000 0.010274 -0.069875 -0.292190
    49 0.679688 0.000003 0.000000 0.010275 -0.069871 -0.292190
    50 3.696249 0.271114 0.723153 0.097888 -0.034222 -0.326611
    51 1.748047 -0.000011 -0.000004 0.003526 -0.023385 -0.299307
    52 0.956684 0.000004 0.000002 0.003515 -0.023396 -0.299510
    53 -3.756462 5.577850 2.053357 1.570803 -0.000001 0.000000
    54 -2.735646 -0.081365 5.727119 0.000007 0.000015 1.570796
    55 0.000001 5.662003 -0.974302 1.570804 -0.000001 0.000000
    56 -0.000002 -2.275002 5.113525 0.000000 0.000000 -3.141592
    57 -2.477620 5.416855 4.597564 1.570804 -0.000001 0.000000
    58 -1.515218 1.317776 5.998497 0.000000 0.000000 0.000000
    59 -2.455992 5.657928 -0.087295 1.570804 -0.000001 0.000000
    60 -1.485628 -1.617812 5.263969 0.000000 0.000000 3.141592
    61 3.756460 5.577858 2.053359 1.570803 -0.000001 0.000000
    62 2.735645 -0.081364 5.727116 0.000004 -0.000011 -1.570795
    63 2.477613 5.416855 4.597570 1.570804 -0.000001 0.000000
    64 1.515220 1.317777 5.998508 0.000000 0.000000 0.000000
    65 2.455991 5.657928 -0.087293 1.570804 -0.000001 0.000000
    66 1.485620 -1.617803 5.263973 0.000000 0.000000 -3.141592
    67 4.575642 5.632584 0.000132 0.000000 -1.570771 0.249128
    68 -0.000001 0.314078 5.161098 0.000000 0.000000 0.000000
    69 -0.000001 -0.323108 3.750217 0.000000 0.000000 0.000000
    70 5.734947 1.075212 4.685178 1.570830 -0.000004 -1.321669
    71 -0.753896 0.305901 4.971462 -0.000001 0.000002 0.000000
    72 -1.101006 -0.314705 3.448307 0.000001 0.000001 0.000000
    73 5.809101 -1.029643 4.595047 1.570829 -0.000004 -1.321671
    74 -0.714908 -0.199657 5.028973 0.000000 0.000003 0.000000
    75 -0.282898 -0.851690 4.444889 0.000000 0.000000 0.000000
    76 9.578484 -1.290738 0.000240 0.000000 1.570770 -2.892481
    77 9.369518 -1.236408 1.787905 0.000000 1.570770 -2.892481
    78 9.436707 -1.331719 -1.409029 0.000000 1.570770 -2.892477
    79 5.735191 1.075235 -4.684885 -1.570814 0.000004 1.819923
    80 0.753901 0.305904 4.971474 -0.000001 -0.000002 0.000000
    81 1.101010 -0.314705 3.448315 0.000000 -0.000001 0.000000
    82 5.809341 -1.029617 -4.594752 -1.570814 0.000004 1.819922
    83 0.714908 -0.199655 5.028969 0.000000 -0.000003 0.000000
    84 0.282897 -0.851688 4.444893 0.000000 0.000000 0.000000
  time 5
    0 0.128256 -15.317798 26.622108 2.147330 0.038315 -0.061803
    1 3.983847 0.002149 0.003401 -4.245065 -1.311946 0.780106
    2 15.938816 -0.000100 -0.000005 -0.000009 -0.000002 0.842251
    3 17.707025 -0.000068 0.000003 0.294390 0.064266 -0.629621
    4 6.202515 0.003416 -0.000367 -0.007306 -0.002960 -0.584341
    5 -3.983848 0.002149 0.003395 -1.108842 -1.102145 -1.820354
    6 15.938826 -0.000113 -0.000001 0.000002 0.000010 1.838390
    7 17.707031 0.000018 0.000000 -0.157222 -0.038808 -1.516990
    8 6.202710 0.003078 0.003745 -0.080412 -0.004002 -0.845019
    9 -0.000001 4.209253 -1.688832 1.573383 -0.574897 1.550178
    10 3.836055 0.000000 0.000000 -0.003811 0.064502 -0.195901
    11 3.617625 -0.000275 -0.000015 -0.013243 0.051418 0.272464
    12 7.537925 0.003588 -0.000212 -0.018795 -0.040109 0.245489
    13 3.177734 0.000000 0.000000 3.137538 0.000823 0.400474
    14 2.966416 0.000318 0.000023 0.183899 -0.100001 1.576308
    15 2.023770 0.904983 0.850949 1.946904 -1.192764 2.577381
    16 4.980521 0.000781 -0.001089 -2.285465 -0.212183 -0.843738
    17 11.119977 0.000007 0.000004 -0.000003 -0.000001 -1.888719
    18 11.205393 -0.000039 0.000000 1.679088 -0.314588 0.233857
    19 3.767608 0.148800 0.074041 0.089823 0.185396 -0.326372
    20 2.037109 0.000000 0.000000 0.003645 -0.024191 -0.299242
    21 1.063284 -0.000008 0.000000 0.003618 -0.024165 -0.299189
    22 3.783203 -0.017258 0.794434 0.548045 0.085960 -0.316569
    23 1.628906 0.000000 0.000001 0.012406 -0.085556 -0.288091
    24 0.954085 0.000004 0.000001 0.012390 -0.085542 -0.288095
    25 1.258789 -0.297852 1.251953 -1.378795 -0.581085 -0.486792
    26 1.392578 0.000003 -0.000004 -0.000054 -0.000328 0.324626
    27 1.099609 0.000000 -0.000008 0.000000 0.000000 0.000000
    28 3.548828 0.198730 -1.489258 -0.571799 0.100833 -0.256376
    29 1.218750 0.000003 0.000000 -0.009973 0.067699 -0.292690
    30 0.679688 0.000001 0.000000 -0.009972 0.067693 -0.292686
    31 3.697042 0.266204 -0.725138 -0.097568 0.031574 -0.326833
    32 1.748047 0.000000 0.000002 -0.003159 0.020964 -0.299478
    33 0.959961 0.000004 0.000000 -0.003166 0.020972 -0.299671
    34 2.023778 0.904982 -0.850921 -2.301997 1.195032 2.278417
    35 4.981625 0.002227 0.003236 2.020581 0.413062 -0.968865
    36 11.119975 -0.000005 0.000000 0.000001 0.000002 -2.273234
    37 11.205375 0.000073 0.000008 -1.671379 0.308294 0.233592
    38 3.766600 0.148254 -0.075376 -0.089513 -0.188043 -0.324859
    39 2.037109 0.000002 -0.000002 -0.003278 0.021743 -0.299424
    40 1.063287 -0.000004 0.000001 -0.003271 0.021726 -0.299411
    41 3.780812 -0.024988 -0.795569 -0.547791 -0.088525 -0.315894
    42 1.628906 -0.000004 0.000000 -0.012097 0.083240 -0.288753
    43 0.955566 0.000000 0.000000 -0.012095 0.083232 -0.288763
    44 1.258789 -0.308350 -1.250000 1.375719 0.577179 -0.491579
    45 1.392578 -0.000002 0.000002 0.000351 0.002142 0.324620
    46 1.099609 0.000000 -0.000004 0.000000 0.000000 0.000000
    47 3.548828 0.211304 1.487305 0.571268 -0.102934 -0.255551
    48 1.218750 0.000006 0.000000 0.010274 -0.069875 -0.292190
    49 0.679688 0.000003 0.000000 0.010275 -0.069871 -0.292190
    50 3.696249 0.271114 0.723153 0.097888 -0.034222 -0.326611
    51 1.748047 -0.000011 -0.000004 0.003526 -0.023385 -0.299307
    52 0.956684 0.000004 0.000002 0.003515 -0.023396 -0.299497
    53 -3.756462 5.577850 2.053357 1.570803 -0.000001 0.000000
    54 -2.735646 -0.081365 5.727119 0.000007 0.000015 1.570796
    55 0.000001 5.662003 -0.974302 1.570804 -0.000001 0.000000
    56 -0.000002 -2.275002 5.113525 0.000000 0.000000 -3.141592
    57 -2.477620 5.416855 4.597564 1.570804 -0.000001 0.000000
    58 -1.515218 1.317776 5.998497 0.000000 0.000000 0.000000
    59 -2.455992 5.657928 -0.087295 1.570804 -0.000001 0.000000
    60 -1.485628 -1.617812 5.263969 0.000000 0.000000 3.141592
    61 3.756460 5.577858 2.053359 1.570803 -0.000001 0.000000
    62 2.735645 -0.081364 5.727116 0.000004 -0.000011 -1.570795
    63 2.477613 5.416855 4.597570 1.570804 -0.000001 0.000000
    64 1.515220 1.317777 5.998508 0.000000 0.000000 0.000000
    65 2.455991 5.657928 -0.087293 1.570804 -0.000001 0.000000
    66 1.485620 -1.617803 5.263973 0.000000 0.000000 -3.141592
    67 4.575642 5.632584 0.000132 0.000000 -1.570771 0.249128
    68 -0.000001 0.314078 5.161098 0.000000 0.000000 0.000000
    69 -0.000001 -0.323108 3.750217 0.000000 0.000000 0.000000
    70 5.734947 1.075212 4.685178 1.570830 -0.000004 -1.321669
    71 -0.753896 0.305901 4.971462 -0.000001 0.000002 0.000000
    72 -1.101006 -0.314705 3.448307 0.000001 0.000001 0.000000
    73 5.809101 -1.029643 4.595047 1.570829 -0.000004 -1.321671
    74 -0.714908 -0.199657 5.028973 0.000000 0.000003 0.000000
    75 -0.282898 -0.851690 4.444889 0.000000 0.000000 0.000000
    76 9.578484 -1.290738 0.000240 0.000000 1.570770 -2.892481
    77 9.369518 -1.236408 1.787905 0.000000 1.570770 -2.892481
    78 9.436707 -1.331719 -1.409029 0.000000 1.570770 -2.892477
    79 5.735191 1.075235 -4.684885 -1.570814 0.000004 1.819923
    80 0.753901 0.305904 4.971474 -0.000001 -0.000002 0.000000
    81 1.101010 -0.314705 3.448315 0.000000 -0.000001 0.000000
    82 5.809341 -1.029617 -4.594752 -1.570814 0.000004 1.819922
    83 0.714908 -0.199655 5.028969 0.000000 -0.000003 0.000000
    84 0.282897 -0.851688 4.444893 0.000000 0.000000 0.000000
  time 6
    0 0.042316 -18.254791 26.672891 2.147282 0.036397 -0.063017
    1 3.983847 0.002149 0.003401 -4.245160 -1.252094 0.783057
    2 15.938816 -0.000100 -0.000005 -0.000009 -0.000002 1.103877
    3 17.707025 -0.000068 0.000003 0.291032 0.090532 -0.837251
    4 6.202515 0.003416 -0.000367 -0.007306 -0.002960 -0.584341
    5 -3.983848 0.002149 0.003395 -1.104447 -1.061480 -1.840682
    6 15.938826 -0.000113 -0.000001 0.000002 0.000010 1.899103
    7 17.707031 0.000018 0.000000 -0.161574 -0.039237 -1.386195
    8 6.202710 0.003078 0.003745 -0.080832 -0.003595 -0.737027
    9 -0.000001 4.209253 -1.688832 1.575732 -0.574776 1.542700
    10 3.836055 0.000000 0.000000 -0.002793 0.063855 -0.196236
    11 3.617625 -0.000275 -0.000015 -0.012116 0.050879 0.272168
    12 7.537925 0.003588 -0.000212 -0.018399 -0.039605 0.245681
    13 3.177734 0.000000 0.000000 3.137538 0.000823 0.400474
    14 2.966416 0.000318 0.000023 0.182976 -0.104915 1.575491
    15 2.023770 0.904983 0.850949 1.939654 -1.191706 2.584994
    16 4.980521 0.000781 -0.001089 -2.282575 -0.208169 -0.856542
    17 11.119977 0.000007 0.000004 -0.000003 -0.000001 -1.889119
    18 11.205393 -0.000039 0.000000 1.679809 -0.314515 0.234097
    19 3.767608 0.148800 0.074041 0.089811 0.185396 -0.326372
    20 2.037109 0.000000 0.000000 0.003645 -0.024191 -0.299242
    21 1.063284 -0.000008 0.000000 0.003618 -0.024177 -0.299189
    22 3.783203 -0.017258 0.794434 0.548045 0.085960 -0.316569
    23 1.628906 0.000000 0.000001 0.012406 -0.085556 -0.288091
    24 0.954085 0.000004 0.000001 0.012402 -0.085542 -0.288095
    25 1.258789 -0.297852 1.251953 -1.378795 -0.581085 -0.486792
    26 1.392578 0.000003 -0.000004 -0.000054 -0.000328 0.324626
    27 1.099609 0.000000 -0.000008 0.000000 0.000000 0.000000
    28 3.548828 0.198730 -1.489258 -0.571799 0.100833 -0.256376
    29 1.218750 0.000003 0.000000 -0.009973 0.067699 -0.292690
    30 0.679688 0.000001 0.000000 -0.009972 0.067693 -0.292686
    31 3.697042 0.266204 -0.725138 -0.097568 0.031574 -0.326833
    32 1.748047 0.000000 0.000002 -0.003159 0.020964 -0.299478
    33 0.959961 0.000004 0.000000 -0.003166 0.020972 -0.299671
    34 2.023778 0.904982 -0.850921 -2.301893 1.198574 2.278507
    35 4.981625 0.002227 0.003236 2.020787 0.398469 -0.976710
    36 11.119975 -0.000005 0.000000 0.000001 0.000002 -2.275378
    37 11.205375 0.000073 0.000008 -1.669995 0.308953 0.233592
    38 3.766600 0.148254 -0.075376 -0.089513 -0.188043 -0.324859
    39 2.037109 0.000002 -0.000002 -0.003278 0.021743 -0.299424
    40 1.063287 -0.000004 0.000001 -0.003271 0.021726 -0.299411
    41 3.780812 -0.024988 -0.795569 -0.547791 -0.088513 -0.315894
    42 1.628906 -0.000004 0.000000 -0.012097 0.083240 -0.288753
    43 0.955566 0.000000 0.000000 -0.012095 0.083232 -0.288763
    44 1.258789 -0.308350 -1.250000 1.375719 0.577179 -0.491579
    45 1.392578 -0.000002 0.000002 0.000351 0.002142 0.324620
    46 1.099609 0.000000 -0.000004 0.000000 0.000000 0.000000
    47 3.548828 0.211304 1.487305 0.571268 -0.102934 -0.255551
    48 1.218750 0.000006 0.000000 0.010274 -0.069875 -0.292190
    49 0.679688 0.000003 0.000000 0.010275 -0.069871 -0.292190
    50 3.696249 0.271114 0.723153 0.097888 -0.034222 -0.326611
    51 1.748047 -0.000011 -0.000004 0.003526 -0.023385 -0.299307
    52 0.956684 0.000004 0.000002 0.003515 -0.023396 -0.299497
    53 -3.756462 5.577850 2.053357 1.570803 -0.000001 0.000000
    54 -2.735646 -0.081365 5.727119 0.000007 0.000015 1.570796
    55 0.000001 5.662003 -0.974302 1.570804 -0.000001 0.000000
    56 -0.000002 -2.275002 5.113525 0.000000 0.000000 -3.141592
    57 -2.477620 5.416855 4.597564 1.570804 -0.000001 0.000000
    58 -1.515218 1.317776 5.998497 0.000000 0.000000 0.000000
    59 -2.455992 5.657928 -0.087295 1.570804 -0.000001 0.000000
    60 -1.485628 -1.617812 5.263969 0.000000 0.000000 3.141592
    61 3.756460 5.577858 2.053359 1.570803 -0.000001 0.000000
    62 2.735645 -0.081364 5.727116 0.000004 -0.000011 -1.570795
    63 2.477613 5.416855 4.597570 1.570804 -0.000001 0.000000
    64 1.515220 1.317777 5.998508 0.000000 0.000000 0.000000
    65 2.455991 5.657928 -0.087293 1.570804 -0.000001 0.000000
    66 1.485620 -1.617803 5.263973 0.000000 0.000000 -3.141592
    67 4.575642 5.632584 0.000132 0.000000 -1.570771 0.249128
    68 -0.000001 0.314078 5.161098 0.000000 0.000000 0.000000
    69 -0.000001 -0.323108 3.750217 0.000000 0.000000 0.000000
    70 5.734947 1.075212 4.685178 1.570830 -0.000004 -1.321669
    71 -0.753896 0.305901 4.971462 -0.000001 0.000002 0.000000
    72 -1.101006 -0.314705 3.448307 0.000001 0.000001 0.000000
    73 5.809101 -1.029643 4.595047 1.570829 -0.000004 -1.321671
    74 -0.714908 -0.199657 5.028973 0.000000 0.000003 0.000000
    75 -0.282898 -0.851690 4.444889 0.000000 0.000000 0.000000
    76 9.578484 -1.290738 0.000240 0.000000 1.570770 -2.892481
    77 9.369518 -1.236408 1.787905 0.000000 1.570770 -2.892481
    78 9.436707 -1.331719 -1.409029 0.000000 1.570770 -2.892477
    79 5.735191 1.075235 -4.684885 -1.570814 0.000004 1.819923
    80 0.753901 0.305904 4.971474 -0.000001 -0.000002 0.000000
    81 1.101010 -0.314705 3.448315 0.000000 -0.000001 0.000000
    82 5.809341 -1.029617 -4.594752 -1.570814 0.000004 1.819922
    83 0.714908 -0.199655 5.028969 0.000000 -0.000003 0.000000
    84 0.282897 -0.851688 4.444893 0.000000 0.000000 0.000000
  time 7
    0 -0.039718 -21.191784 26.797895 2.147330 0.038626 -0.061548
    1 3.983847 0.002149 0.003401 -4.169729 -1.231802 0.715108
    2 15.938816 -0.000100 -0.000005 -0.000009 -0.000002 1.283331
    3 17.707025 -0.000068 0.000003 0.285332 0.120575 -1.010648
    4 6.202515 0.003416 -0.000367 -0.007306 -0.002960 -0.584341
    5 -3.983848 0.002149 0.003395 -1.101390 -1.034427 -1.855296
    6 15.938826 -0.000113 -0.000001 0.000002 0.000010 1.955469
    7 17.707031 0.000018 0.000000 -0.171140 -0.034436 -1.259358
    8 6.202710 0.003078 0.003745 -0.081191 -0.003151 -0.629034
    9 -0.000001 4.209253 -1.688832 1.574438 -0.574755 1.540974
    10 3.836055 0.000000 0.000000 -0.002098 0.063807 -0.196656
    11 3.617625 -0.000275 -0.000015 -0.011313 0.050999 0.271816
    12 7.537925 0.003588 -0.000212 -0.018004 -0.038922 0.245885
    13 3.177734 0.000000 0.000000 3.137538 0.000823 0.400474
    14 2.966416 0.000318 0.000023 0.182197 -0.110236 1.574084
    15 2.023770 0.904983 0.850949 1.936854 -1.191054 2.587985
    16 4.980521 0.000781 -0.001089 -2.280356 -0.206482 -0.864850
    17 11.119977 0.000007 0.000004 -0.000003 -0.000001 -1.886660
    18 11.205393 -0.000039 0.000000 1.678992 -0.314625 0.233809
    19 3.767608 0.148800 0.074041 0.089823 0.185396 -0.326372
    20 2.037109 0.000000 0.000000 0.003645 -0.024191 -0.299242
    21 1.063284 -0.000008 0.000000 0.003618 -0.024177 -0.299189
    22 3.783203 -0.017258 0.794434 0.548045 0.085960 -0.316569
    23 1.628906 0.000000 0.000001 0.012406 -0.085556 -0.288091
    24 0.954085 0.000004 0.000001 0.012390 -0.085542 -0.288095
    25 1.258789 -0.297852 1.251953 -1.378795 -0.581085 -0.486792
    26 1.392578 0.000003 -0.000004 -0.000054 -0.000328 0.324626
    27 1.099609 0.000000 -0.000008 0.000000 0.000000 0.000000
    28 3.548828 0.198730 -1.489258 -0.571799 0.100833 -0.256376
    29 1.218750 0.000003 0.000000 -0.009973 0.067699 -0.292690
    30 0.679688 0.000001 0.000000 -0.009972 0.067693 -0.292686
    31 3.697042 0.266204 -0.725138 -0.097568 0.031574 -0.326833
    32 1.748047 0.000000 0.000002 -0.003159 0.020964 -0.299478
    33 0.959961 0.000004 0.000000 -0.003166 0.020972 -0.299671
    34 2.023778 0.904982 -0.850921 -2.296778 1.202401 2.283836
    35 4.981625 0.002227 0.003236 2.020116 0.384206 -0.987346
    36 11.119975 -0.000005 0.000000 0.000001 0.000002 -2.277459
    37 11.205375 0.000073 0.000008 -1.671665 0.308090 0.233592
    38 3.766600 0.148254 -0.075376 -0.089513 -0.188043 -0.324859
    39 2.037109 0.000002 -0.000002 -0.003278 0.021743 -0.299424
    40 1.063287 -0.000004 0.000001 -0.003271 0.021726 -0.299411
    41 3.780812 -0.024988 -0.795569 -0.547791 -0.088513 -0.315894
    42 1.628906 -0.000004 0.000000 -0.012097 0.083240 -0.288753
    43 0.955566 0.000000 0.000000 -0.012095 0.083232 -0.288763
    44 1.258789 -0.308350 -1.250000 1.375719 0.577179 -0.491579
    45 1.392578 -0.000002 0.000002 0.000351 0.002142 0.324620
    46 1.099609 0.000000 -0.000004 0.000000 0.000000 0.000000
    47 3.548828 0.211304 1.487305 0.571268 -0.102934 -0.255551
    48 1.218750 0.000006 0.000000 0.010274 -0.069875 -0.292190
    49 0.679688 0.000003 0.000000 0.010275 -0.069871 -0.292190
    50 3.696249 0.271114 0.723153 0.097888 -0.034222 -0.326611
    51 1.748047 -0.000011 -0.000004 0.003526 -0.023385 -0.299307
    52 0.956684 0.000004 0.000002 0.003515 -0.023396 -0.299497
    53 -3.756462 5.577850 2.053357 1.570803 -0.000001 0.000000
    54 -2.735646 -0.081365 5.727119 0.000007 0.000015 1.570796
    55 0.000001 5.662003 -0.974302 1.570804 -0.000001 0.000000
    56 -0.000002 -2.275002 5.113525 0.000000 0.000000 -3.141592
    57 -2.477620 5.416855 4.597564 1.570804 -0.000001 0.000000
    58 -1.515218 1.317776 5.998497 0.000000 0.000000 0.000000
    59 -2.455992 5.657928 -0.087295 1.570804 -0.000001 0.000000
    60 -1.485628 -1.617812 5.263969 0.000000 0.000000 3.141592
    61 3.756460 5.577858 2.053359 1.570803 -0.000001 0.000000
    62 2.735645 -0.081364 5.727116 0.000004 -0.000011 -1.570795
    63 2.477613 5.416855 4.597570 1.570804 -0.000001 0.000000
    64 1.515220 1.317777 5.998508 0.000000 0.000000 0.000000
    65 2.455991 5.657928 -0.087293 1.570804 -0.000001 0.000000
    66 1.485620 -1.617803 5.263973 0.000000 0.000000 -3.141592
    67 4.575642 5.632584 0.000132 0.000000 -1.570771 0.249128
    68 -0.000001 0.314078 5.161098 0.000000 0.000000 0.000000
    69 -0.000001 -0.323108 3.750217 0.000000 0.000000 0.000000
    70 5.734947 1.075212 4.685178 1.570830 -0.000004 -1.321669
    71 -0.753896 0.305901 4.971462 -0.000001 0.000002 0.000000
    72 -1.101006 -0.314705 3.448307 0.000001 0.000001 0.000000
    73 5.809101 -1.029643 4.595047 1.570829 -0.000004 -1.321671
    74 -0.714908 -0.199657 5.028973 0.000000 0.000003 0.000000
    75 -0.282898 -0.851690 4.444889 0.000000 0.000000 0.000000
    76 9.578484 -1.290738 0.000240 0.000000 1.570770 -2.892481
    77 9.369518 -1.236408 1.787905 0.000000 1.570770 -2.892481
    78 9.436707 -1.331719 -1.409029 0.000000 1.570770 -2.892477
    79 5.735191 1.075235 -4.684885 -1.570814 0.000004 1.819923
    80 0.753901 0.305904 4.971474 -0.000001 -0.000002 0.000000
    81 1.101010 -0.314705 3.448315 0.000000 -0.000001 0.000000
    82 5.809341 -1.029617 -4.594752 -1.570814 0.000004 1.819922
    83 0.714908 -0.199655 5.028969 0.000000 -0.000003 0.000000
    84 0.282897 -0.851688 4.444893 0.000000 0.000000 0.000000
  time 8
    0 -0.121751 -24.140497 26.973681 2.148193 0.063698 -0.045253
    1 3.983847 0.002149 0.003401 -4.041572 -1.214446 0.604961
    2 15.938816 -0.000100 -0.000005 -0.000009 -0.000002 1.422176
    3 17.707025 -0.000068 0.000003 0.293702 0.164048 -1.162662
    4 6.202515 0.003416 -0.000367 -0.007306 -0.002960 -0.584341
    5 -3.983848 0.002149 0.003395 -1.112663 -1.035801 -1.829347
    6 15.938826 -0.000113 -0.000001 0.000002 0.000010 1.996658
    7 17.707031 0.000018 0.000000 -0.178847 -0.018018 -1.148800
    8 6.202710 0.003078 0.003745 -0.081323 -0.002959 -0.584354
    9 -0.000001 4.209253 -1.688832 1.553921 -0.574977 1.567291
    10 3.836055 0.000000 0.000000 -0.001414 0.065053 -0.197543
    11 3.617625 -0.000275 -0.000015 -0.010498 0.052748 0.271112
    12 7.537925 0.003588 -0.000212 -0.017333 -0.037292 0.246436
    13 3.177734 0.000000 0.000000 3.137538 0.000823 0.400474
    14 2.966416 0.000318 0.000023 0.181406 -0.121214 1.570317
    15 2.023770 0.904983 0.850949 1.945304 -1.188571 2.579284
    16 4.980521 0.000781 -0.001089 -2.281853 -0.206583 -0.864395
    17 11.119977 0.000007 0.000004 -0.000003 -0.000001 -1.872194
    18 11.205393 -0.000039 0.000000 1.670109 -0.315427 0.230705
    19 3.767608 0.148800 0.074041 0.089823 0.185396 -0.326372
    20 2.037109 0.000000 0.000000 0.003645 -0.024191 -0.299242
    21 1.063284 -0.000008 0.000000 0.003618 -0.024177 -0.299189
    22 3.783203 -0.017258 0.794434 0.548045 0.085960 -0.316569
    23 1.628906 0.000000 0.000001 0.012406 -0.085556 -0.288091
    24 0.954085 0.000004 0.000001 0.012390 -0.085542 -0.288095
    25 1.258789 -0.297852 1.251953 -1.378795 -0.581085 -0.486792
    26 1.392578 0.000003 -0.000004 -0.000054 -0.000328 0.324626
    27 1.099609 0.000000 -0.000008 0.000000 0.000000 0.000000
    28 3.548828 0.198730 -1.489258 -0.571799 0.100833 -0.256376
    29 1.218750 0.000003 0.000000 -0.009973 0.067699 -0.292690
    30 0.679688 0.000001 0.000000 -0.009972 0.067693 -0.292686
    31 3.697042 0.266204 -0.725138 -0.097568 0.031574 -0.326833
    32 1.748047 0.000000 0.000002 -0.003159 0.020964 -0.299478
    33 0.959961 0.000004 0.000000 -0.003166 0.020972 -0.299671
    34 2.023778 0.904982 -0.850921 -2.274076 1.209404 2.308222
    35 4.981625 0.002227 0.003236 2.015060 0.365244 -1.019460
    36 11.119975 -0.000005 0.000000 0.000001 0.000002 -2.281621
    37 11.205375 0.000073 0.000008 -1.690372 0.298682 0.233184
    38 3.766600 0.148254 -0.075376 -0.089513 -0.188043 -0.324859
    39 2.037109 0.000002 -0.000002 -0.003278 0.021743 -0.299424
    40 1.063287 -0.000004 0.000001 -0.003271 0.021726 -0.299411
    41 3.780812 -0.024988 -0.795569 -0.547791 -0.088513 -0.315894
    42 1.628906 -0.000004 0.000000 -0.012097 0.083240 -0.288753
    43 0.955566 0.000000 0.000000 -0.012095 0.083232 -0.288763
    44 1.258789 -0.308350 -1.250000 1.375719 0.577179 -0.491579
    45 1.392578 -0.000002 0.000002 0.000351 0.002142 0.324620
    46 1.099609 0.000000 -0.000004 0.000000 0.000000 0.000000
    47 3.548828 0.211304 1.487305 0.571268 -0.102934 -0.255551
    48 1.218750 0.000006 0.000000 0.010274 -0.069875 -0.292190
    49 0.679688 0.000003 0.000000 0.010275 -0.069871 -0.292190
    50 3.696249 0.271114 0.723153 0.097888 -0.034222 -0.326611
    51 1.748047 -0.000011 -0.000004 0.003526 -0.023385 -0.299307
    52 0.956684 0.000004 0.000002 0.003515 -0.023396 -0.299497
    53 -3.756462 5.577850 2.053357 1.570803 -0.000001 0.000000
    54 -2.735646 -0.081365 5.727119 0.000007 0.000015 1.570796
    55 0.000001 5.662003 -0.974302 1.570804 -0.000001 0.000000
    56 -0.000002 -2.275002 5.113525 0.000000 0.000000 -3.141592
    57 -2.477620 5.416855 4.597564 1.570804 -0.000001 0.000000
    58 -1.515218 1.317776 5.998497 0.000000 0.000000 0.000000
    59 -2.455992 5.657928 -0.087295 1.570804 -0.000001 0.000000
    60 -1.485628 -1.617812 5.263969 0.000000 0.000000 3.141592
    61 3.756460 5.577858 2.053359 1.570803 -0.000001 0.000000
    62 2.735645 -0.081364 5.727116 0.000004 -0.000011 -1.570795
    63 2.477613 5.416855 4.597570 1.570804 -0.000001 0.000000
    64 1.515220 1.317777 5.998508 0.000000 0.000000 0.000000
    65 2.455991 5.657928 -0.087293 1.570804 -0.000001 0.000000
    66 1.485620 -1.617803 5.263973 0.000000 0.000000 -3.141592
    67 4.575642 5.632584 0.000132 0.000000 -1.570771 0.249128
    68 -0.000001 0.314078 5.161098 0.000000 0.000000 0.000000
    69 -0.000001 -0.323108 3.750217 0.000000 0.000000 0.000000
    70 5.734947 1.075212 4.685178 1.570830 -0.000004 -1.321669
    71 -0.753896 0.305901 4.971462 -0.000001 0.000002 0.000000
    72 -1.101006 -0.314705 3.448307 0.000001 0.000001 0.000000
    73 5.809101 -1.029643 4.595047 1.570829 -0.000004 -1.321671
    74 -0.714908 -0.199657 5.028973 0.000000 0.000003 0.000000
    75 -0.282898 -0.851690 4.444889 0.000000 0.000000 0.000000
    76 9.578484 -1.290738 0.000240 0.000000 1.570770 -2.892481
    77 9.369518 -1.236408 1.787905 0.000000 1.570770 -2.892481
    78 9.436707 -1.331719 -1.409029 0.000000 1.570770 -2.892477
    79 5.735191 1.075235 -4.684885 -1.570814 0.000004 1.819923
    80 0.753901 0.305904 4.971474 -0.000001 -0.000002 0.000000
    81 1.101010 -0.314705 3.448315 0.000000 -0.000001 0.000000
    82 5.809341 -1.029617 -4.594752 -1.570814 0.000004 1.819922
    83 0.714908 -0.199655 5.028969 0.000000 -0.000003 0.000000
    84 0.282897 -0.851688 4.444893 0.000000 0.000000 0.000000
  time 9
    0 -0.195972 -27.100928 27.161187 2.149295 0.086277 -0.030492
    1 3.983847 0.002149 0.003401 -3.880165 -1.224548 0.499373
    2 15.938816 -0.000100 -0.000005 -0.000009 -0.000002 1.525896
    3 17.707025 -0.000068 0.000003 0.258020 0.188108 -1.312075
    4 6.202515 0.003416 -0.000367 -0.007306 -0.002960 -0.584341
    5 -3.983848 0.002149 0.003395 -1.116198 -1.087975 -1.820448
    6 15.938826 -0.000113 -0.000001 0.000002 0.000010 2.022165
    7 17.707031 0.000018 0.000000 -0.181227 0.004324 -1.058642
    8 6.202710 0.003078 0.003745 -0.081323 -0.002959 -0.584354
    9 -0.000001 4.209253 -1.688832 1.535129 -0.574876 1.592650
    10 3.836055 0.000000 0.000000 -0.001630 0.068529 -0.198729
    11 3.617625 -0.000275 -0.000015 -0.010786 0.056823 0.270155
    12 7.537925 0.003588 -0.000212 -0.017273 -0.035602 0.247275
    13 3.177734 0.000000 0.000000 3.137538 0.000823 0.400474
    14 2.966416 0.000318 0.000023 0.182102 -0.132060 1.566006
    15 2.023770 0.904983 0.850949 1.969904 -1.186616 2.553452
    16 4.980521 0.000781 -0.001089 -2.291296 -0.218897 -0.848234
    17 11.119977 0.000007 0.000004 -0.000003 -0.000001 -1.853497
    18 11.205393 -0.000039 0.000000 1.662618 -0.315926 0.227505
    19 3.767608 0.148800 0.074041 0.089823 0.185396 -0.326372
    20 2.037109 0.000000 0.000000 0.003645 -0.024191 -0.299242
    21 1.063284 -0.000008 0.000000 0.003618 -0.024165 -0.299189
    22 3.783203 -0.017258 0.794434 0.548045 0.085960 -0.316569
    23 1.628906 0.000000 0.000001 0.012406 -0.085556 -0.288091
    24 0.954085 0.000004 0.000001 0.012402 -0.085542 -0.288095
    25 1.258789 -0.297852 1.251953 -1.378795 -0.581085 -0.486792
    26 1.392578 0.000003 -0.000004 -0.000054 -0.000328 0.324626
    27 1.099609 0.000000 -0.000008 0.000000 0.000000 0.000000
    28 3.548828 0.198730 -1.489258 -0.571799 0.100833 -0.256376
    29 1.218750 0.000003 0.000000 -0.009973 0.067699 -0.292690
    30 0.679688 0.000001 0.000000 -0.009972 0.067693 -0.292686
    31 3.697042 0.266204 -0.725138 -0.097568 0.031574 -0.326833
    32 1.748047 0.000000 0.000002 -0.003159 0.020964 -0.299478
    33 0.959961 0.000004 0.000000 -0.003166 0.020972 -0.299671
    34 2.023778 0.904982 -0.850921 -2.244850 1.209160 2.339292
    35 4.981625 0.002227 0.003236 2.017537 0.348040 -1.040026
    36 11.119975 -0.000005 0.000000 0.000001 0.000002 -2.282126
    37 11.205375 0.000073 0.000008 -1.707408 0.290221 0.232429
    38 3.766600 0.148254 -0.075376 -0.089513 -0.188055 -0.324859
    39 2.037109 0.000002 -0.000002 -0.003278 0.021743 -0.299424
    40 1.063287 -0.000004 0.000001 -0.003271 0.021738 -0.299411
    41 3.780812 -0.024988 -0.795569 -0.547791 -0.088513 -0.315894
    42 1.628906 -0.000004 0.000000 -0.012097 0.083240 -0.288753
    43 0.955566 0.000000 0.000000 -0.012095 0.083232 -0.288763
    44 1.258789 -0.308350 -1.250000 1.375719 0.577179 -0.491579
    45 1.392578 -0.000002 0.000002 0.000351 0.002142 0.324620
    46 1.099609 0.000000 -0.000004 0.000000 0.000000 0.000000
    47 3.548828 0.211304 1.487305 0.571268 -0.102934 -0.255551
    48 1.218750 0.000006 0.000000 0.010274 -0.069875 -0.292190
    49 0.679688 0.000003 0.000000 0.010275 -0.069871 -0.292190
    50 3.696249 0.271114 0.723153 0.097888 -0.034222 -0.326611
    51 1.748047 -0.000011 -0.000004 0.003526 -0.023385 -0.299307
    52 0.956684 0.000004 0.000002 0.003515 -0.023396 -0.299497
    53 -3.756462 5.577850 2.053357 1.570803 -0.000001 0.000000
    54 -2.735646 -0.081365 5.727119 0.000007 0.000015 1.570796
    55 0.000001 5.662003 -0.974302 1.570804 -0.000001 0.000000
    56 -0.000002 -2.275002 5.113525 0.000000 0.000000 -3.141592
    57 -2.477620 5.416855 4.597564 1.570804 -0.000001 0.000000
    58 -1.515218 1.317776 5.998497 0.000000 0.000000 0.000000
    59 -2.455992 5.657928 -0.087295 1.570804 -0.000001 0.000000
    60 -1.485628 -1.617812 5.263969 0.000000 0.000000 3.141592
    61 3.756460 5.577858 2.053359 1.570803 -0.000001 0.000000
    62 2.735645 -0.081364 5.727116 0.000004 -0.000011 -1.570795
    63 2.477613 5.416855 4.597570 1.570804 -0.000001 0.000000
    64 1.515220 1.317777 5.998508 0.000000 0.000000 0.000000
    65 2.455991 5.657928 -0.087293 1.570804 -0.000001 0.000000
    66 1.485620 -1.617803 5.263973 0.000000 0.000000 -3.141592
    67 4.575642 5.632584 0.000132 0.000000 -1.570771 0.249128
    68 -0.000001 0.314078 5.161098 0.000000 0.000000 0.000000
    69 -0.000001 -0.323108 3.750217 0.000000 0.000000 0.000000
    70 5.734947 1.075212 4.685178 1.570830 -0.000004 -1.321669
    71 -0.753896 0.305901 4.971462 -0.000001 0.000002 0.000000
    72 -1.101006 -0.314705 3.448307 0.000001 0.000001 0.000000
    73 5.809101 -1.029643 4.595047 1.570829 -0.000004 -1.321671
    74 -0.714908 -0.199657 5.028973 0.000000 0.000003 0.000000
    75 -0.282898 -0.851690 4.444889 0.000000 0.000000 0.000000
    76 9.578484 -1.290738 0.000240 0.000000 1.570770 -2.892481
    77 9.369518 -1.236408 1.787905 0.000000 1.570770 -2.892481
    78 9.436707 -1.331719 -1.409029 0.000000 1.570770 -2.892477
    79 5.735191 1.075235 -4.684885 -1.570814 0.000004 1.819923
    80 0.753901 0.305904 4.971474 -0.000001 -0.000002 0.000000
    81 1.101010 -0.314705 3.448315 0.000000 -0.000001 0.000000
    82 5.809341 -1.029617 -4.594752 -1.570814 0.000004 1.819922
    83 0.714908 -0.199655 5.028969 0.000000 -0.000003 0.000000
    84 0.282897 -0.851688 4.444893 0.000000 0.000000 0.000000
  time 10
    0 -0.258474 -30.080891 27.336974 2.150158 0.100059 -0.021419
    1 3.983847 0.002149 0.003401 -3.655962 -1.254541 0.336655
    2 15.938816 -0.000100 -0.000005 -0.000009 -0.000002 1.597677
    3 17.707025 -0.000068 0.000003 0.202571 0.195321 -1.459530
    4 6.202515 0.003416 -0.000367 -0.007306 -0.002960 -0.584341
    5 -3.983848 0.002149 0.003395 -1.096900 -1.182746 -1.845272
    6 15.938826 -0.000113 -0.000001 0.000002 0.000010 2.039169
    7 17.707031 0.000018 0.000000 -0.181499 0.032395 -0.993780
    8 6.202710 0.003078 0.003745 -0.081323 -0.002959 -0.584354
    9 -0.000001 4.209253 -1.688832 1.523529 -0.574614 1.609859
    10 3.836055 0.000000 0.000000 -0.002661 0.074210 -0.200755
    11 3.617625 -0.000275 -0.000015 -0.012236 0.063067 0.268564
    12 7.537925 0.003588 -0.000212 -0.018135 -0.034116 0.248533
    13 3.177734 0.000000 0.000000 3.137538 0.000823 0.400474
    14 2.966416 0.000318 0.000023 0.184415 -0.142139 1.562375
    15 2.023770 0.904983 0.850949 2.002504 -1.188286 2.519191
    16 4.980521 0.000781 -0.001089 -2.305074 -0.245075 -0.821517
    17 11.119977 0.000007 0.000004 -0.000003 -0.000001 -1.835371
    18 11.205393 -0.000039 0.000000 1.658633 -0.316084 0.225025
    19 3.767608 0.148800 0.074041 0.089823 0.185396 -0.326372
    20 2.037109 0.000000 0.000000 0.003645 -0.024191 -0.299242
    21 1.063284 -0.000008 0.000000 0.003618 -0.024177 -0.299189
    22 3.783203 -0.017258 0.794434 0.548045 0.085960 -0.316569
    23 1.628906 0.000000 0.000001 0.012406 -0.085556 -0.288091
    24 0.954085 0.000004 0.000001 0.012390 -0.085542 -0.288095
    25 1.258789 -0.297852 1.251953 -1.378795 -0.581085 -0.486792
    26 1.392578 0.000003 -0.000004 -0.000054 -0.000328 0.324626
    27 1.099609 0.000000 -0.000008 0.000000 0.000000 0.000000
    28 3.548828 0.198730 -1.489258 -0.571799 0.100833 -0.256376
    29 1.218750 0.000003 0.000000 -0.009973 0.067699 -0.292690
    30 0.679688 0.000001 0.000000 -0.009972 0.067693 -0.292686
    31 3.697042 0.266204 -0.725138 -0.097568 0.031574 -0.326833
    32 1.748047 0.000000 0.000002 -0.003159 0.020964 -0.299478
    33 0.959961 0.000004 0.000000 -0.003166 0.020972 -0.299671
    34 2.023778 0.904982 -0.850921 -2.224132 1.200813 2.361511
    35 4.981625 0.002227 0.003236 2.027959 0.330232 -1.046931
    36 11.119975 -0.000005 0.000000 0.000001 0.000002 -2.278027
    37 11.205375 0.000073 0.000008 -1.717573 0.285535 0.231614
    38 3.766600 0.148254 -0.075376 -0.089513 -0.188043 -0.324859
    39 2.037109 0.000002 -0.000002 -0.003278 0.021743 -0.299424
    40 1.063287 -0.000004 0.000001 -0.003271 0.021726 -0.299411
    41 3.780812 -0.024988 -0.795569 -0.547791 -0.088513 -0.315894
    42 1.628906 -0.000004 0.000000 -0.012097 0.083240 -0.288753
    43 0.955566 0.000000 0.000000 -0.012095 0.083232 -0.288763
    44 1.258789 -0.308350 -1.250000 1.375719 0.577179 -0.491579
    45 1.392578 -0.000002 0.000002 0.000351 0.002142 0.324620
    46 1.099609 0.000000 -0.000004 0.000000 0.000000 0.000000
    47 3.548828 0.211304 1.487305 0.571268 -0.102934 -0.255551
    48 1.218750 0.000006 0.000000 0.010274 -0.069875 -0.292190
    49 0.679688 0.000003 0.000000 0.010275 -0.069871 -0.292190
    50 3.696249 0.271114 0.723153 0.097888 -0.034222 -0.326611
    51 1.748047 -0.000011 -0.000004 0.003526 -0.023385 -0.299307
    52 0.956684 0.000004 0.000002 0.003515 -0.023396 -0.299510
    53 -3.756462 5.577850 2.053357 1.570803 -0.000001 0.000000
    54 -2.735646 -0.081365 5.727119 0.000007 0.000015 1.570796
    55 0.000001 5.662003 -0.974302 1.570804 -0.000001 0.000000
    56 -0.000002 -2.275002 5.113525 0.000000 0.000000 -3.141592
    57 -2.477620 5.416855 4.597564 1.570804 -0.000001 0.000000
    58 -1.515218 1.317776 5.998497 0.000000 0.000000 0.000000
    59 -2.455992 5.657928 -0.087295 1.570804 -0.000001 0.000000
    60 -1.485628 -1.617812 5.263969 0.000000 0.000000 3.141592
    61 3.756460 5.577858 2.053359 1.570803 -0.000001 0.000000
    62 2.735645 -0.081364 5.727116 0.000004 -0.000011 -1.570795
    63 2.477613 5.416855 4.597570 1.570804 -0.000001 0.000000
    64 1.515220 1.317777 5.998508 0.000000 0.000000 0.000000
    65 2.455991 5.657928 -0.087293 1.570804 -0.000001 0.000000
    66 1.485620 -1.617803 5.263973 0.000000 0.000000 -3.141592
    67 4.575642 5.632584 0.000132 0.000000 -1.570771 0.249128
    68 -0.000001 0.314078 5.161098 0.000000 0.000000 0.000000
    69 -0.000001 -0.323108 3.750217 0.000000 0.000000 0.000000
    70 5.734947 1.075212 4.685178 1.570830 -0.000004 -1.321669
    71 -0.753896 0.305901 4.971462 -0.000001 0.000002 0.000000
    72 -1.101006 -0.314705 3.448307 0.000001 0.000001 0.000000
    73 5.809101 -1.029643 4.595047 1.570829 -0.000004 -1.321671
    74 -0.714908 -0.199657 5.028973 0.000000 0.000003 0.000000
    75 -0.282898 -0.851690 4.444889 0.000000 0.000000 0.000000
    76 9.578484 -1.290738 0.000240 0.000000 1.570770 -2.892481
    77 9.369518 -1.236408 1.787905 0.000000 1.570770 -2.892481
    78 9.436707 -1.331719 -1.409029 0.000000 1.570770 -2.892477
    79 5.735191 1.075235 -4.684885 -1.570814 0.000004 1.819923
    80 0.753901 0.305904 4.971474 -0.000001 -0.000002 0.000000
    81 1.101010 -0.314705 3.448315 0.000000 -0.000001 0.000000
    82 5.809341 -1.029617 -4.594752 -1.570814 0.000004 1.819922
    83 0.714908 -0.199655 5.028969 0.000000 -0.000003 0.000000
    84 0.282897 -0.851688 4.444893 0.000000 0.000000 0.000000
  time 11
    0 -0.309256 -33.084293 27.465884 2.150302 0.102936 -0.019566
    1 3.983847 0.002149 0.003401 -3.329062 -1.282042 0.054044
    2 15.938816 -0.000100 -0.000005 -0.000009 -0.000002 1.639306
    3 17.707025 -0.000068 0.000003 0.148002 0.193730 -1.600958
    4 6.202515 0.003416 -0.000367 -0.007306 -0.002960 -0.584341
    5 -3.983848 0.002149 0.003395 -1.027158 -1.289755 -1.920495
    6 15.938826 -0.000113 -0.000001 0.000002 0.000010 2.061779
    7 17.707031 0.000018 0.000000 -0.186667 0.073851 -0.971013
    8 6.202710 0.003078 0.003745 -0.081323 -0.002959 -0.584354
    9 -0.000001 4.209253 -1.688832 1.520700 -0.574452 1.616379
    10 3.836055 0.000000 0.000000 -0.004458 0.081592 -0.204086
    11 3.617625 -0.000275 -0.000015 -0.014825 0.070989 0.265818
    12 7.537925 0.003588 -0.000212 -0.020053 -0.032906 0.250223
    13 3.177734 0.000000 0.000000 3.137538 0.000823 0.400474
    14 2.966416 0.000318 0.000023 0.187782 -0.151007 1.560515
    15 2.023770 0.904983 0.850949 2.029454 -1.198179 2.490368
    16 4.980521 0.000781 -0.001089 -2.317046 -0.285186 -0.792467
    17 11.119977 0.000007 0.000004 -0.000003 -0.000001 -1.823364
    18 11.205393 -0.000039 0.000000 1.658201 -0.315999 0.223982
    19 3.767608 0.148800 0.074041 0.089823 0.185396 -0.326372
    20 2.037109 0.000000 0.000000 0.003645 -0.024191 -0.299242
    21 1.063284 -0.000008 0.000000 0.003618 -0.024177 -0.299189
    22 3.783203 -0.017258 0.794434 0.548045 0.085960 -0.316569
    23 1.628906 0.000000 0.000001 0.012406 -0.085556 -0.288091
    24 0.954085 0.000004 0.000001 0.012390 -0.085542 -0.288095
    25 1.258789 -0.297852 1.251953 -1.378795 -0.581085 -0.486792
    26 1.392578 0.000003 -0.000004 -0.000054 -0.000328 0.324626
    27 1.099609 0.000000 -0.000008 0.000000 0.000000 0.000000
    28 3.548828 0.198730 -1.489258 -0.571799 0.100833 -0.256376
    29 1.218750 0.000003 0.000000 -0.009973 0.067699 -0.292690
    30 0.679688 0.000001 0.000000 -0.009972 0.067693 -0.292686
    31 3.697042 0.266204 -0.725138 -0.097568 0.031574 -0.326833
    32 1.748047 0.000000 0.000002 -0.003159 0.020964 -0.299478
    33 0.959961 0.000004 0.000000 -0.003166 0.020972 -0.299671
    34 2.023778 0.904982 -0.850921 -2.217138 1.185341 2.369369
    35 4.981625 0.002227 0.003236 2.042871 0.309978 -1.042054
    36 11.119975 -0.000005 0.000000 0.000001 0.000002 -2.268820
    37 11.205375 0.000073 0.000008 -1.719243 0.285535 0.231039
    38 3.766600 0.148254 -0.075376 -0.089513 -0.188043 -0.324859
    39 2.037109 0.000002 -0.000002 -0.003278 0.021743 -0.299424
    40 1.063287 -0.000004 0.000001 -0.003271 0.021726 -0.299411
    41 3.780812 -0.024988 -0.795569 -0.547791 -0.088513 -0.315894
    42 1.628906 -0.000004 0.000000 -0.012097 0.083240 -0.288753
    43 0.955566 0.000000 0.000000 -0.012095 0.083232 -0.288763
    44 1.258789 -0.308350 -1.250000 1.375719 0.577179 -0.491579
    45 1.392578 -0.000002 0.000002 0.000351 0.002142 0.324620
    46 1.099609 0.000000 -0.000004 0.000000 0.000000 0.000000
    47 3.548828 0.211304 1.487305 0.571268 -0.102934 -0.255551
    48 1.218750 0.000006 0.000000 0.010274 -0.069875 -0.292190
    49 0.679688 0.000003 0.000000 0.010275 -0.069871 -0.292190
    50 3.696249 0.271114 0.723153 0.097888 -0.034222 -0.326611
    51 1.748047 -0.000011 -0.000004 0.003526 -0.023385 -0.299307
    52 0.956684 0.000004 0.000002 0.003515 -0.023396 -0.299510
    53 -3.756462 5.577850 2.053357 1.570803 -0.000001 0.000000
    54 -2.735646 -0.081365 5.727119 0.000007 0.000015 1.570796
    55 0.000001 5.662003 -0.974302 1.570804 -0.000001 0.000000
    56 -0.000002 -2.275002 5.113525 0.000000 0.000000 -3.141592
    57 -2.477620 5.416855 4.597564 1.570804 -0.000001 0.000000
    58 -1.515218 1.317776 5.998497 0.000000 0.000000 0.000000
    59 -2.455992 5.657928 -0.087295 1.570804 -0.000001 0.000000
    60 -1.485628 -1.617812 5.263969 0.000000 0.000000 3.141592
    61 3.756460 5.577858 2.053359 1.570803 -0.000001 0.000000
    62 2.735645 -0.081364 5.727116 0.000004 -0.000011 -1.570795
    63 2.477613 5.416855 4.597570 1.570804 -0.000001 0.000000
    64 1.515220 1.317777 5.998508 0.000000 0.000000 0.000000
    65 2.455991 5.657928 -0.087293 1.570804 -0.000001 0.000000
    66 1.485620 -1.617803 5.263973 0.000000 0.000000 -3.141592
    67 4.575642 5.632584 0.000132 0.000000 -1.570771 0.249128
    68 -0.000001 0.314078 5.161098 0.000000 0.000000 0.000000
    69 -0.000001 -0.323108 3.750217 0.000000 0.000000 0.000000
    70 5.734947 1.075212 4.685178 1.570830 -0.000004 -1.321669
    71 -0.753896 0.305901 4.971462 -0.000001 0.000002 0.000000
    72 -1.101006 -0.314705 3.448307 0.000001 0.000001 0.000000
    73 5.809101 -1.029643 4.595047 1.570829 -0.000004 -1.321671
    74 -0.714908 -0.199657 5.028973 0.000000 0.000003 0.000000
    75 -0.282898 -0.851690 4.444889 0.000000 0.000000 0.000000
    76 9.578484 -1.290738 0.000240 0.000000 1.570770 -2.892481
    77 9.369518 -1.236408 1.787905 0.000000 1.570770 -2.892481
    78 9.436707 -1.331719 -1.409029 0.000000 1.570770 -2.892477
    79 5.735191 1.075235 -4.684885 -1.570814 0.000004 1.819923
    80 0.753901 0.305904 4.971474 -0.000001 -0.000002 0.000000
    81 1.101010 -0.314705 3.448315 0.000000 -0.000001 0.000000
    82 5.809341 -1.029617 -4.594752 -1.570814 0.000004 1.819922
    83 0.714908 -0.199655 5.028969 0.000000 -0.000003 0.000000
    84 0.282897 -0.851688 4.444893 0.000000 0.000000 0.000000
  time 12
    0 -0.344413 -36.118945 27.512760 2.149487 0.090376 -0.027809
    1 3.983847 0.002149 0.003401 -2.904787 -1.277459 -0.357401
    2 15.938816 -0.000100 -0.000005 -0.000009 -0.000002 1.648485
    3 17.707025 -0.000068 0.000003 0.103344 0.189444 -1.731710
    4 6.202515 0.003416 -0.000367 -0.007306 -0.002960 -0.584341
    5 -3.983848 0.002149 0.003395 -0.605173 -1.440006 -2.300732
    6 15.938826 -0.000113 -0.000001 0.000002 0.000010 2.106116
    7 17.707031 0.000018 0.000000 -0.244855 0.191043 -1.168518
    8 6.202710 0.003078 0.003745 -0.081323 -0.002959 -0.584354
    9 -0.000001 4.209253 -1.688832 1.530911 -0.574675 1.604538
    10 3.836055 0.000000 0.000000 -0.007167 0.089850 -0.209024
    11 3.617625 -0.000275 -0.000015 -0.018552 0.079786 0.261538
    12 7.537925 0.003588 -0.000212 -0.022893 -0.031755 0.252212
    13 3.177734 0.000000 0.000000 3.137538 0.000823 0.400474
    14 2.966416 0.000318 0.000023 0.191941 -0.158054 1.560605
    15 2.023770 0.904983 0.850949 2.047954 -1.215035 2.470337
    16 4.980521 0.000781 -0.001089 -2.324271 -0.336295 -0.766489
    17 11.119977 0.000007 0.000004 -0.000003 -0.000001 -1.822163
    18 11.205393 -0.000039 0.000000 1.662282 -0.315817 0.225648
    19 3.767608 0.148800 0.074041 0.089823 0.185396 -0.326372
    20 2.037109 0.000000 0.000000 0.003645 -0.024191 -0.299242
    21 1.063284 -0.000008 0.000000 0.003618 -0.024177 -0.299189
    22 3.783203 -0.017258 0.794434 0.548045 0.085960 -0.316569
    23 1.628906 0.000000 0.000001 0.012406 -0.085556 -0.288091
    24 0.954085 0.000004 0.000001 0.012390 -0.085542 -0.288095
    25 1.258789 -0.297852 1.251953 -1.378795 -0.581085 -0.486792
    26 1.392578 0.000003 -0.000004 -0.000054 -0.000328 0.324626
    27 1.099609 0.000000 -0.000008 0.000000 0.000000 0.000000
    28 3.548828 0.198730 -1.489258 -0.571799 0.100833 -0.256376
    29 1.218750 0.000003 0.000000 -0.009973 0.067699 -0.292690
    30 0.679688 0.000001 0.000000 -0.009972 0.067693 -0.292686
    31 3.697042 0.266204 -0.725138 -0.097568 0.031574 -0.326833
    32 1.748047 0.000000 0.000002 -0.003159 0.020964 -0.299478
    33 0.959961 0.000004 0.000000 -0.003166 0.020972 -0.299671
    34 2.023778 0.904982 -0.850921 -2.216303 1.167263 2.370904
    35 4.981625 0.002227 0.003236 2.057472 0.286317 -1.025688
    36 11.119975 -0.000005 0.000000 0.000001 0.000002 -2.256209
    37 11.205375 0.000073 0.000008 -1.709269 0.291168 0.231267
    38 3.766600 0.148254 -0.075376 -0.089513 -0.188043 -0.324859
    39 2.037109 0.000002 -0.000002 -0.003278 0.021743 -0.299424
    40 1.063287 -0.000004 0.000001 -0.003271 0.021726 -0.299411
    41 3.780812 -0.024988 -0.795569 -0.547791 -0.088525 -0.315894
    42 1.628906 -0.000004 0.000000 -0.012097 0.083240 -0.288753
    43 0.955566 0.000000 0.000000 -0.012095 0.083232 -0.288763
    44 1.258789 -0.308350 -1.250000 1.375719 0.577179 -0.491579
    45 1.392578 -0.000002 0.000002 0.000351 0.002142 0.324620
    46 1.099609 0.000000 -0.000004 0.000000 0.000000 0.000000
    47 3.548828 0.211304 1.487305 0.571268 -0.102934 -0.255551
    48 1.218750 0.000006 0.000000 0.010274 -0.069875 -0.292190
    49 0.679688 0.000003 0.000000 0.010275 -0.069871 -0.292190
    50 3.696249 0.271114 0.723153 0.097888 -0.034222 -0.326611
    51 1.748047 -0.000011 -0.000004 0.003526 -0.023385 -0.299307
    52 0.956684 0.000004 0.000002 0.003515 -0.023396 -0.299497
    53 -3.756462 5.577850 2.053357 1.570803 -0.000001 0.000000
    54 -2.735646 -0.081365 5.727119 0.000007 0.000015 1.570796
    55 0.000001 5.662003 -0.974302 1.570804 -0.000001 0.000000
    56 -0.000002 -2.275002 5.113525 0.000000 0.000000 -3.141592
    57 -2.477620 5.416855 4.597564 1.570804 -0.000001 0.000000
    58 -1.515218 1.317776 5.998497 0.000000 0.000000 0.000000
    59 -2.455992 5.657928 -0.087295 1.570804 -0.000001 0.000000
    60 -1.485628 -1.617812 5.263969 0.000000 0.000000 3.141592
    61 3.756460 5.577858 2.053359 1.570803 -0.000001 0.000000
    62 2.735645 -0.081364 5.727116 0.000004 -0.000011 -1.570795
    63 2.477613 5.416855 4.597570 1.570804 -0.000001 0.000000
    64 1.515220 1.317777 5.998508 0.000000 0.000000 0.000000
    65 2.455991 5.657928 -0.087293 1.570804 -0.000001 0.000000
    66 1.485620 -1.617803 5.263973 0.000000 0.000000 -3.141592
    67 4.575642 5.632584 0.000132 0.000000 -1.570771 0.249128
    68 -0.000001 0.314078 5.161098 0.000000 0.000000 0.000000
    69 -0.000001 -0.323108 3.750217 0.000000 0.000000 0.000000
    70 5.734947 1.075212 4.685178 1.570830 -0.000004 -1.321669
    71 -0.753896 0.305901 4.971462 -0.000001 0.000002 0.000000
    72 -1.101006 -0.314705 3.448307 0.000001 0.000001 0.000000
    73 5.809101 -1.029643 4.595047 1.570829 -0.000004 -1.321671
    74 -0.714908 -0.199657 5.028973 0.000000 0.000003 0.000000
    75 -0.282898 -0.851690 4.444889 0.000000 0.000000 0.000000
    76 9.578484 -1.290738 0.000240 0.000000 1.570770 -2.892481
    77 9.369518 -1.236408 1.787905 0.000000 1.570770 -2.892481
    78 9.436707 -1.331719 -1.409029 0.000000 1.570770 -2.892477
    79 5.735191 1.075235 -4.684885 -1.570814 0.000004 1.819923
    80 0.753901 0.305904 4.971474 -0.000001 -0.000002 0.000000
    81 1.101010 -0.314705 3.448315 0.000000 -0.000001 0.000000
    82 5.809341 -1.029617 -4.594752 -1.570814 0.000004 1.819922
    83 0.714908 -0.199655 5.028969 0.000000 -0.000003 0.000000
    84 0.282897 -0.851688 4.444893 0.000000 0.000000 0.000000
  time 13
    0 -0.344413 -39.220006 27.469790 2.147905 0.057202 -0.049535
    1 3.983847 0.002149 0.003401 -2.487921 -1.218496 -0.797544
    2 15.938816 -0.000100 -0.000005 -0.000009 -0.000002 1.618842
    3 17.707025 -0.000068 0.000003 0.068792 0.182443 -1.847012
    4 6.202515 0.003416 -0.000367 -0.007306 -0.002960 -0.584341
    5 -3.983848 0.002149 0.003395 1.028503 -1.453361 -3.903741
    6 15.938826 -0.000113 -0.000001 0.000002 0.000010 2.055859
    7 17.707031 0.000018 0.000000 -0.291345 0.256804 -1.327041
    8 6.202710 0.003078 0.003745 -0.081323 -0.002959 -0.584354
    9 -0.000001 4.209253 -1.688832 1.558762 -0.574957 1.565662
    10 3.836055 0.000000 0.000000 -0.010846 0.098023 -0.215735
    11 3.617625 -0.000275 -0.000015 -0.023358 0.088618 0.255526
    12 7.537925 0.003588 -0.000212 -0.026273 -0.030497 0.254190
    13 3.177734 0.000000 0.000000 3.137538 0.000823 0.400474
    14 2.966416 0.000318 0.000023 0.196651 -0.162513 1.561785
    15 2.023770 0.904983 0.850949 2.060604 -1.233316 2.456651
    16 4.980521 0.000781 -0.001089 -2.327573 -0.393611 -0.744723
    17 11.119977 0.000007 0.000004 -0.000003 -0.000001 -1.832398
    18 11.205393 -0.000039 0.000000 1.672894 -0.315464 0.230897
    19 3.767608 0.148800 0.074041 0.089823 0.185396 -0.326372
    20 2.037109 0.000000 0.000000 0.003645 -0.024191 -0.299242
    21 1.063284 -0.000008 0.000000 0.003618 -0.024177 -0.299189
    22 3.783203 -0.017258 0.794434 0.548045 0.085960 -0.316569
    23 1.628906 0.000000 0.000001 0.012406 -0.085556 -0.288091
    24 0.954085 0.000004 0.000001 0.012390 -0.085542 -0.288095
    25 1.258789 -0.297852 1.251953 -1.378795 -0.581085 -0.486792
    26 1.392578 0.000003 -0.000004 -0.000054 -0.000328 0.324626
    27 1.099609 0.000000 -0.000008 0.000000 0.000000 0.000000
    28 3.548828 0.198730 -1.489258 -0.571799 0.100833 -0.256376
    29 1.218750 0.000003 0.000000 -0.009973 0.067699 -0.292690
    30 0.679688 0.000001 0.000000 -0.009972 0.067693 -0.292686
    31 3.697042 0.266204 -0.725138 -0.097568 0.031574 -0.326833
    32 1.748047 0.000000 0.000002 -0.003159 0.020964 -0.299478
    33 0.959961 0.000004 0.000000 -0.003166 0.020972 -0.299671
    34 2.023778 0.904982 -0.850921 -2.214372 1.152687 2.373524
    35 4.981625 0.002227 0.003236 2.067327 0.259384 -0.998246
    36 11.119975 -0.000005 0.000000 0.000001 0.000002 -2.243093
    37 11.205375 0.000073 0.000008 -1.684836 0.302913 0.232777
    38 3.766600 0.148254 -0.075376 -0.089525 -0.188043 -0.324859
    39 2.037109 0.000002 -0.000002 -0.003278 0.021743 -0.299424
    40 1.063287 -0.000004 0.000001 -0.003271 0.021726 -0.299411
    41 3.780812 -0.024988 -0.795569 -0.547791 -0.088513 -0.315894
    42 1.628906 -0.000004 0.000000 -0.012097 0.083240 -0.288753
    43 0.955566 0.000000 0.000000 -0.012095 0.083232 -0.288763
    44 1.258789 -0.308350 -1.250000 1.375719 0.577179 -0.491579
    45 1.392578 -0.000002 0.000002 0.000351 0.002142 0.324620
    46 1.099609 0.000000 -0.000004 0.000000 0.000000 0.000000
    47 3.548828 0.211304 1.487305 0.571268 -0.102934 -0.255551
    48 1.218750 0.000006 0.000000 0.010274 -0.069875 -0.292190
    49 0.679688 0.000003 0.000000 0.010275 -0.069871 -0.292190
    50 3.696249 0.271114 0.723153 0.097900 -0.034222 -0.326611
    51 1.748047 -0.000011 -0.000004 0.003526 -0.023385 -0.299307
    52 0.956684 0.000004 0.000002 0.003515 -0.023396 -0.299497
    53 -3.756462 5.577850 2.053357 1.570803 -0.000001 0.000000
    54 -2.735646 -0.081365 5.727119 0.000007 0.000015 1.570796
    55 0.000001 5.662003 -0.974302 1.570804 -0.000001 0.000000
    56 -0.000002 -2.275002 5.113525 0.000000 0.000000 -3.141592
    57 -2.477620 5.416855 4.597564 1.570804 -0.000001 0.000000
    58 -1.515218 1.317776 5.998497 0.000000 0.000000 0.000000
    59 -2.455992 5.657928 -0.087295 1.570804 -0.000001 0.000000
    60 -1.485628 -1.617812 5.263969 0.000000 0.000000 3.141592
    61 3.756460 5.577858 2.053359 1.570803 -0.000001 0.000000
    62 2.735645 -0.081364 5.727116 0.000004 -0.000011 -1.570795
    63 2.477613 5.416855 4.597570 1.570804 -0.000001 0.000000
    64 1.515220 1.317777 5.998508 0.000000 0.000000 0.000000
    65 2.455991 5.657928 -0.087293 1.570804 -0.000001 0.000000
    66 1.485620 -1.617803 5.263973 0.000000 0.000000 -3.141592
    67 4.575642 5.632584 0.000132 0.000000 -1.570771 0.249128
    68 -0.000001 0.314078 5.161098 0.000000 0.000000 0.000000
    69 -0.000001 -0.323108 3.750217 0.000000 0.000000 0.000000
    70 5.734947 1.075212 4.685178 1.570830 -0.000004 -1.321669
    71 -0.753896 0.305901 4.971462 -0.000001 0.000002 0.000000
    72 -1.101006 -0.314705 3.448307 0.000001 0.000001 0.000000
    73 5.809101 -1.029643 4.595047 1.570829 -0.000004 -1.321671
    74 -0.714908 -0.199657 5.028973 0.000000 0.000003 0.000000
    75 -0.282898 -0.851690 4.444889 0.000000 0.000000 0.000000
    76 9.578484 -1.290738 0.000240 0.000000 1.570770 -2.892481
    77 9.369518 -1.236408 1.787905 0.000000 1.570770 -2.892481
    78 9.436707 -1.331719 -1.409029 0.000000 1.570770 -2.892477
    79 5.735191 1.075235 -4.684885 -1.570814 0.000004 1.819923
    80 0.753901 0.305904 4.971474 -0.000001 -0.000002 0.000000
    81 1.101010 -0.314705 3.448315 0.000000 -0.000001 0.000000
    82 5.809341 -1.029617 -4.594752 -1.570814 0.000004 1.819922
    83 0.714908 -0.199655 5.028969 0.000000 -0.000003 0.000000
    84 0.282897 -0.851688 4.444893 0.000000 0.000000 0.000000
  time 14
    0 -0.305349 -42.407007 27.348693 2.147330 0.038315 -0.061803
    1 3.983847 0.002149 0.003401 -2.226953 -1.111072 -1.072824
    2 15.938816 -0.000100 -0.000005 -0.000009 -0.000002 1.567652
    3 17.707025 -0.000068 0.000003 0.040543 0.178009 -1.946621
    4 6.202515 0.003416 -0.000367 -0.007306 -0.002960 -0.584341
    5 -3.983848 0.002149 0.003395 1.559017 -1.338064 -4.395454
    6 15.938826 -0.000113 -0.000001 0.000002 0.000010 1.885373
    7 17.707031 0.000018 0.000000 -0.289577 0.240350 -1.404162
    8 6.202710 0.003078 0.003745 -0.081323 -0.002959 -0.584354
    9 -0.000001 4.209253 -1.688832 1.574054 -0.574856 1.547110
    10 3.836055 0.000000 0.000000 -0.015400 0.105346 -0.224065
    11 3.617625 -0.000275 -0.000015 -0.029038 0.096768 0.247825
    12 7.537925 0.003588 -0.000212 -0.029832 -0.029011 0.256012
    13 3.177734 0.000000 0.000000 3.137538 0.000823 0.400474
    14 2.966416 0.000318 0.000023 0.202104 -0.163603 1.562375
    15 2.023770 0.904983 0.850949 2.075004 -1.245368 2.441424
    16 4.980521 0.000781 -0.001089 -2.330824 -0.441885 -0.718404
    17 11.119977 0.000007 0.000004 -0.000003 -0.000001 -1.842690
    18 11.205393 -0.000039 0.000000 1.679088 -0.315196 0.233857
    19 3.767608 0.148800 0.074041 0.089823 0.185396 -0.326372
    20 2.037109 0.000000 0.000000 0.003645 -0.024191 -0.299242
    21 1.063284 -0.000008 0.000000 0.003618 -0.024177 -0.299189
    22 3.783203 -0.017258 0.794434 0.548045 0.085960 -0.316569
    23 1.628906 0.000000 0.000001 0.012406 -0.085556 -0.288091
    24 0.954085 0.000004 0.000001 0.012390 -0.085542 -0.288095
    25 1.258789 -0.297852 1.251953 -1.378795 -0.581085 -0.486792
    26 1.392578 0.000003 -0.000004 -0.000054 -0.000328 0.324626
    27 1.099609 0.000000 -0.000008 0.000000 0.000000 0.000000
    28 3.548828 0.198730 -1.489258 -0.571799 0.100833 -0.256376
    29 1.218750 0.000003 0.000000 -0.009973 0.067699 -0.292690
    30 0.679688 0.000001 0.000000 -0.009972 0.067693 -0.292686
    31 3.697042 0.266204 -0.725138 -0.097568 0.031574 -0.326833
    32 1.748047 0.000000 0.000002 -0.003159 0.020964 -0.299478
    33 0.959961 0.000004 0.000000 -0.003166 0.020972 -0.299671
    34 2.023778 0.904982 -0.850921 -2.205761 1.146702 2.383007
    35 4.981625 0.002227 0.003236 2.062477 0.242758 -0.986758
    36 11.119975 -0.000005 0.000000 0.000001 0.000002 -2.236156
    37 11.205375 0.000073 0.000008 -1.671379 0.309037 0.233592
    38 3.766600 0.148254 -0.075376 -0.089513 -0.188043 -0.324859
    39 2.037109 0.000002 -0.000002 -0.003278 0.021743 -0.299424
    40 1.063287 -0.000004 0.000001 -0.003271 0.021726 -0.299411
    41 3.780812 -0.024988 -0.795569 -0.547791 -0.088513 -0.315894
    42 1.628906 -0.000004 0.000000 -0.012097 0.083240 -0.288753
    43 0.955566 0.000000 0.000000 -0.012095 0.083232 -0.288763
    44 1.258789 -0.308350 -1.250000 1.375719 0.577179 -0.491579
    45 1.392578 -0.000002 0.000002 0.000351 0.002142 0.324620
    46 1.099609 0.000000 -0.000004 0.000000 0.000000 0.000000
    47 3.548828 0.211304 1.487305 0.571268 -0.102934 -0.255551
    48 1.218750 0.000006 0.000000 0.010274 -0.069875 -0.292190
    49 0.679688 0.000003 0.000000 0.010275 -0.069871 -0.292190
    50 3.696249 0.271114 0.723153 0.097888 -0.034222 -0.326611
    51 1.748047 -0.000011 -0.000004 0.003526 -0.023385 -0.299307
    52 0.956684 0.000004 0.000002 0.003515 -0.023396 -0.299497
    53 -3.756462 5.577850 2.053357 1.570803 -0.000001 0.000000
    54 -2.735646 -0.081365 5.727119 0.000007 0.000015 1.570796
    55 0.000001 5.662003 -0.974302 1.570804 -0.000001 0.000000
    56 -0.000002 -2.275002 5.113525 0.000000 0.000000 -3.141592
    57 -2.477620 5.416855 4.597564 1.570804 -0.000001 0.000000
    58 -1.515218 1.317776 5.998497 0.000000 0.000000 0.000000
    59 -2.455992 5.657928 -0.087295 1.570804 -0.000001 0.000000
    60 -1.485628 -1.617812 5.263969 0.000000 0.000000 3.141592
    61 3.756460 5.577858 2.053359 1.570803 -0.000001 0.000000
    62 2.735645 -0.081364 5.727116 0.000004 -0.000011 -1.570795
    63 2.477613 5.416855 4.597570 1.570804 -0.000001 0.000000
    64 1.515220 1.317777 5.998508 0.000000 0.000000 0.000000
    65 2.455991 5.657928 -0.087293 1.570804 -0.000001 0.000000
    66 1.485620 -1.617803 5.263973 0.000000 0.000000 -3.141592
    67 4.575642 5.632584 0.000132 0.000000 -1.570771 0.249128
    68 -0.000001 0.314078 5.161098 0.000000 0.000000 0.000000
    69 -0.000001 -0.323108 3.750217 0.000000 0.000000 0.000000
    70 5.734947 1.075212 4.685178 1.570830 -0.000004 -1.321669
    71 -0.753896 0.305901 4.971462 -0.000001 0.000002 0.000000
    72 -1.101006 -0.314705 3.448307 0.000001 0.000001 0.000000
    73 5.809101 -1.029643 4.595047 1.570829 -0.000004 -1.321671
    74 -0.714908 -0.199657 5.028973 0.000000 0.000003 0.000000
    75 -0.282898 -0.851690 4.444889 0.000000 0.000000 0.000000
    76 9.578484 -1.290738 0.000240 0.000000 1.570770 -2.892481
    77 9.369518 -1.236408 1.787905 0.000000 1.570770 -2.892481
    78 9.436707 -1.331719 -1.409029 0.000000 1.570770 -2.892477
    79 5.735191 1.075235 -4.684885 -1.570814 0.000004 1.819923
    80 0.753901 0.305904 4.971474 -0.000001 -0.000002 0.000000
    81 1.101010 -0.314705 3.448315 0.000000 -0.000001 0.000000
    82 5.809341 -1.029617 -4.594752 -1.570814 0.000004 1.819922
    83 0.714908 -0.199655 5.028969 0.000000 -0.000003 0.000000
    84 0.282897 -0.851688 4.444893 0.000000 0.000000 0.000000
  time 15
    0 -0.235034 -45.648697 27.180719 2.147282 0.036181 -0.063209
    1 3.983847 0.002149 0.003401 -2.123591 -1.042676 -1.172422
    2 15.938816 -0.000100 -0.000005 -0.000009 -0.000002 1.601120
    3 17.707025 -0.000068 0.000003 0.033715 0.184968 -1.907615
    4 6.202515 0.003416 -0.000367 -0.007114 -0.003236 -0.649421
    5 -3.983848 0.002149 0.003395 -4.544337 -1.282842 -4.522949
    6 15.938826 -0.000113 -0.000001 0.000002 0.000010 1.610216
    7 17.707031 0.000018 0.000000 -0.240888 0.148927 -1.420896
    8 6.202710 0.003078 0.003745 -0.081323 -0.002959 -0.584354
    9 -0.000001 4.209253 -1.688832 1.575109 -0.574897 1.550514
    10 3.836055 0.000000 0.000000 -0.020254 0.111086 -0.227792
    11 3.617625 -0.000275 -0.000015 -0.034060 0.103180 0.244685
    12 7.537925 0.003588 -0.000212 -0.030671 -0.028088 0.257594
    13 3.177734 0.000000 0.000000 3.137538 0.000823 0.400474
    14 2.966416 0.000318 0.000023 0.222981 -0.139622 1.563464
    15 2.023770 0.904983 0.850949 2.110754 -1.263445 2.403718
    16 4.980521 0.000781 -0.001089 -2.313950 -0.496334 -0.656093
    17 11.119977 0.000007 0.000004 -0.000003 -0.000001 -1.824050
    18 11.205393 -0.000039 0.000000 1.679713 -0.315391 0.234193
    19 3.767608 0.148800 0.074041 0.089823 0.185396 -0.326372
    20 2.037109 0.000000 0.000000 0.003645 -0.024191 -0.299242
    21 1.063284 -0.000008 0.000000 0.003618 -0.024177 -0.299189
    22 3.783203 -0.017258 0.794434 0.548045 0.085960 -0.316569
    23 1.628906 0.000000 0.000001 0.012406 -0.085556 -0.288091
    24 0.954085 0.000004 0.000001 0.012390 -0.085542 -0.288095
    25 1.258789 -0.297852 1.251953 -1.378795 -0.581085 -0.486792
    26 1.392578 0.000003 -0.000004 -0.000054 -0.000328 0.324626
    27 1.099609 0.000000 -0.000008 0.000000 0.000000 0.000000
    28 3.548828 0.198730 -1.489258 -0.571799 0.100833 -0.256376
    29 1.218750 0.000003 0.000000 -0.009973 0.067699 -0.292690
    30 0.679688 0.000001 0.000000 -0.009972 0.067693 -0.292686
    31 3.697042 0.266204 -0.725138 -0.097544 0.031574 -0.326833
    32 1.748047 0.000000 0.000002 -0.003159 0.020964 -0.299478
    33 0.959961 0.000004 0.000000 -0.003166 0.020972 -0.299671
    34 2.023778 0.904982 -0.850921 -2.193079 1.143282 2.396826
    35 4.981625 0.002227 0.003236 2.073158 0.261198 -0.967719
    36 11.119975 -0.000005 0.000000 0.000001 0.000002 -2.243408
    37 11.205375 0.000073 0.000008 -1.669804 0.309564 0.233772
    38 3.766600 0.148254 -0.075376 -0.089513 -0.188043 -0.324859
    39 2.037109 0.000002 -0.000002 -0.003278 0.021743 -0.299424
    40 1.063287 -0.000004 0.000001 -0.003271 0.021726 -0.299411
    41 3.780812 -0.024988 -0.795569 -0.547791 -0.088525 -0.315894
    42 1.628906 -0.000004 0.000000 -0.012097 0.083240 -0.288753
    43 0.955566 0.000000 0.000000 -0.012095 0.083232 -0.288763
    44 1.258789 -0.308350 -1.250000 1.375719 0.577179 -0.491579
    45 1.392578 -0.000002 0.000002 0.000351 0.002142 0.324620
    46 1.099609 0.000000 -0.000004 0.000000 0.000000 0.000000
    47 3.548828 0.211304 1.487305 0.571268 -0.102934 -0.255551
    48 1.218750 0.000006 0.000000 0.010274 -0.069875 -0.292190
    49 0.679688 0.000003 0.000000 0.010275 -0.069871 -0.292190
    50 3.696249 0.271114 0.723153 0.097888 -0.034222 -0.326611
    51 1.748047 -0.000011 -0.000004 0.003526 -0.023385 -0.299307
    52 0.956684 0.000004 0.000002 0.003515 -0.023396 -0.299497
    53 -3.756462 5.577850 2.053357 1.570803 -0.000001 0.000000
    54 -2.735646 -0.081365 5.727119 0.000007 0.000015 1.570796
    55 0.000001 5.662003 -0.974302 1.570804 -0.000001 0.000000
    56 -0.000002 -2.275002 5.113525 0.000000 0.000000 -3.141592
    57 -2.477620 5.416855 4.597564 1.570804 -0.000001 0.000000
    58 -1.515218 1.317776 5.998497 0.000000 0.000000 0.000000
    59 -2.455992 5.657928 -0.087295 1.570804 -0.000001 0.000000
    60 -1.485628 -1.617812 5.263969 0.000000 0.000000 3.141592
    61 3.756460 5.577858 2.053359 1.570803 -0.000001 0.000000
    62 2.735645 -0.081364 5.727116 0.000004 -0.000011 -1.570795
    63 2.477613 5.416855 4.597570 1.570804 -0.000001 0.000000
    64 1.515220 1.317777 5.998508 0.000000 0.000000 0.000000
    65 2.455991 5.657928 -0.087293 1.570804 -0.000001 0.000000
    66 1.485620 -1.617803 5.263973 0.000000 0.000000 -3.141592
    67 4.575642 5.632584 0.000132 0.000000 -1.570771 0.249128
    68 -0.000001 0.314078 5.161098 0.000000 0.000000 0.000000
    69 -0.000001 -0.323108 3.750217 0.000000 0.000000 0.000000
    70 5.734947 1.075212 4.685178 1.570830 -0.000004 -1.321669
    71 -0.753896 0.305901 4.971462 -0.000001 0.000002 0.000000
    72 -1.101006 -0.314705 3.448307 0.000001 0.000001 0.000000
    73 5.809101 -1.029643 4.595047 1.570829 -0.000004 -1.321671
    74 -0.714908 -0.199657 5.028973 0.000000 0.000003 0.000000
    75 -0.282898 -0.851690 4.444889 0.000000 0.000000 0.000000
    76 9.578484 -1.290738 0.000240 0.000000 1.570770 -2.892481
    77 9.369518 -1.236408 1.787905 0.000000 1.570770 -2.892481
    78 9.436707 -1.331719 -1.409029 0.000000 1.570770 -2.892477
    79 5.735191 1.075235 -4.684885 -1.570814 0.000004 1.819923
    80 0.753901 0.305904 4.971474 -0.000001 -0.000002 0.000000
    81 1.101010 -0.314705 3.448315 0.000000 -0.000001 0.000000
    82 5.809341 -1.029617 -4.594752 -1.570814 0.000004 1.819922
    83 0.714908 -0.199655 5.028969 0.000000 -0.000003 0.000000
    84 0.282897 -0.851688 4.444893 0.000000 0.000000 0.000000
  time 16
    0 -0.153000 -48.921638 26.985400 2.147282 0.036445 -0.063017
    1 3.983847 0.002149 0.003401 -2.043505 -0.972632 -1.248059
    2 15.938816 -0.000100 -0.000005 -0.000009 -0.000002 1.618396
    3 17.707025 -0.000068 0.000003 0.031843 0.194961 -1.827005
    4 6.202515 0.003416 -0.000367 -0.006719 -0.003691 -0.762325
    5 -3.983848 0.002149 0.003395 -4.390141 -1.308048 -4.624308
    6 15.938826 -0.000113 -0.000001 0.000002 0.000010 1.262821
    7 17.707031 0.000018 0.000000 -0.157494 0.000987 -1.386876
    8 6.202710 0.003078 0.003745 -0.081323 -0.002959 -0.584354
    9 -0.000001 4.209253 -1.688832 1.574102 -0.574977 1.556937
    10 3.836055 0.000000 0.000000 -0.025204 0.116599 -0.230908
    11 3.617625 -0.000275 -0.000015 -0.038985 0.109364 0.242123
    12 7.537925 0.003588 -0.000212 -0.031115 -0.027225 0.259187
    13 3.177734 0.000000 0.000000 3.137538 0.000823 0.400474
    14 2.966416 0.000318 0.000023 0.246123 -0.112273 1.565552
    15 2.023770 0.904983 0.850949 2.154255 -1.281766 2.358218
    16 4.980521 0.000781 -0.001089 -2.299862 -0.553009 -0.586782
    17 11.119977 0.000007 0.000004 -0.000003 -0.000001 -1.801522
    18 11.205393 -0.000039 0.000000 1.679521 -0.315658 0.234193
    19 3.767608 0.148800 0.074041 0.089823 0.185396 -0.326372
    20 2.037109 0.000000 0.000000 0.003645 -0.024191 -0.299242
    21 1.063284 -0.000008 0.000000 0.003618 -0.024177 -0.299189
    22 3.783203 -0.017258 0.794434 0.548045 0.085960 -0.316569
    23 1.628906 0.000000 0.000001 0.012406 -0.085556 -0.288091
    24 0.954085 0.000004 0.000001 0.012390 -0.085542 -0.288095
    25 1.258789 -0.297852 1.251953 -1.378795 -0.581085 -0.486792
    26 1.392578 0.000003 -0.000004 -0.000054 -0.000328 0.324626
    27 1.099609 0.000000 -0.000008 0.000000 0.000000 0.000000
    28 3.548828 0.198730 -1.489258 -0.571799 0.100833 -0.256376
    29 1.218750 0.000003 0.000000 -0.009973 0.067699 -0.292690
    30 0.679688 0.000001 0.000000 -0.009972 0.067693 -0.292686
    31 3.697042 0.266204 -0.725138 -0.097568 0.031574 -0.326833
    32 1.748047 0.000000 0.000002 -0.003159 0.020964 -0.299478
    33 0.959961 0.000004 0.000000 -0.003166 0.020972 -0.299671
    34 2.023778 0.904982 -0.850921 -2.179876 1.140187 2.411097
    35 4.981625 0.002227 0.003236 2.086160 0.284750 -0.947358
    36 11.119975 -0.000005 0.000000 0.000001 0.000002 -2.252678
    37 11.205375 0.000073 0.000008 -1.669995 0.309360 0.233712
    38 3.766600 0.148254 -0.075376 -0.089513 -0.188043 -0.324859
    39 2.037109 0.000002 -0.000002 -0.003278 0.021743 -0.299424
    40 1.063287 -0.000004 0.000001 -0.003271 0.021726 -0.299411
    41 3.780812 -0.024988 -0.795569 -0.547791 -0.088513 -0.315894
    42 1.628906 -0.000004 0.000000 -0.012097 0.083240 -0.288753
    43 0.955566 0.000000 0.000000 -0.012095 0.083232 -0.288763
    44 1.258789 -0.308350 -1.250000 1.375719 0.577179 -0.491579
    45 1.392578 -0.000002 0.000002 0.000351 0.002142 0.324620
    46 1.099609 0.000000 -0.000004 0.000000 0.000000 0.000000
    47 3.548828 0.211304 1.487305 0.571268 -0.102934 -0.255551
    48 1.218750 0.000006 0.000000 0.010274 -0.069875 -0.292190
    49 0.679688 0.000003 0.000000 0.010275 -0.069871 -0.292190
    50 3.696249 0.271114 0.723153 0.097888 -0.034222 -0.326611
    51 1.748047 -0.000011 -0.000004 0.003526 -0.023385 -0.299307
    52 0.956684 0.000004 0.000002 0.003515 -0.023396 -0.299497
    53 -3.756462 5.577850 2.053357 1.570803 -0.000001 0.000000
    54 -2.735646 -0.081365 5.727119 0.000007 0.000015 1.570796
    55 0.000001 5.662003 -0.974302 1.570804 -0.000001 0.000000
    56 -0.000002 -2.275002 5.113525 0.000000 0.000000 -3.141592
    57 -2.477620 5.416855 4.597564 1.570804 -0.000001 0.000000
    58 -1.515218 1.317776 5.998497 0.000000 0.000000 0.000000
    59 -2.455992 5.657928 -0.087295 1.570804 -0.000001 0.000000
    60 -1.485628 -1.617812 5.263969 0.000000 0.000000 3.141592
    61 3.756460 5.577858 2.053359 1.570803 -0.000001 0.000000
    62 2.735645 -0.081364 5.727116 0.000004 -0.000011 -1.570795
    63 2.477613 5.416855 4.597570 1.570804 -0.000001 0.000000
    64 1.515220 1.317777 5.998508 0.000000 0.000000 0.000000
    65 2.455991 5.657928 -0.087293 1.570804 -0.000001 0.000000
    66 1.485620 -1.617803 5.263973 0.000000 0.000000 -3.141592
    67 4.575642 5.632584 0.000132 0.000000 -1.570771 0.249128
    68 -0.000001 0.314078 5.161098 0.000000 0.000000 0.000000
    69 -0.000001 -0.323108 3.750217 0.000000 0.000000 0.000000
    70 5.734947 1.075212 4.685178 1.570830 -0.000004 -1.321669
    71 -0.753896 0.305901 4.971462 -0.000001 0.000002 0.000000
    72 -1.101006 -0.314705 3.448307 0.000001 0.000001 0.000000
    73 5.809101 -1.029643 4.595047 1.570829 -0.000004 -1.321671
    74 -0.714908 -0.199657 5.028973 0.000000 0.000003 0.000000
    75 -0.282898 -0.851690 4.444889 0.000000 0.000000 0.000000
    76 9.578484 -1.290738 0.000240 0.000000 1.570770 -2.892481
    77 9.369518 -1.236408 1.787905 0.000000 1.570770 -2.892481
    78 9.436707 -1.331719 -1.409029 0.000000 1.570770 -2.892477
    79 5.735191 1.075235 -4.684885 -1.570814 0.000004 1.819923
    80 0.753901 0.305904 4.971474 -0.000001 -0.000002 0.000000
    81 1.101010 -0.314705 3.448315 0.000000 -0.000001 0.000000
    82 5.809341 -1.029617 -4.594752 -1.570814 0.000004 1.819922
    83 0.714908 -0.199655 5.028969 0.000000 -0.000003 0.000000
    84 0.282897 -0.851688 4.444893 0.000000 0.000000 0.000000
  time 17
    0 -0.067060 -52.190672 26.790082 2.147282 0.037620 -0.062315
    1 3.983847 0.002149 0.003401 -1.968929 -0.880294 -1.318600
    2 15.938816 -0.000100 -0.000005 -0.000009 -0.000002 1.604052
    3 17.707025 -0.000068 0.000003 0.030301 0.206990 -1.731648
    4 6.202515 0.003416 -0.000367 -0.005999 -0.004314 -0.940309
    5 -3.983848 0.002149 0.003395 -4.385937 -1.331022 -4.612411
    6 15.938826 -0.000113 -0.000001 0.000002 0.000010 1.156952
    7 17.707031 0.000018 0.000000 -0.213959 0.021884 -1.310534
    8 6.202710 0.003078 0.003745 -0.081323 -0.002959 -0.584354
    9 -0.000001 4.209253 -1.688832 1.572328 -0.575078 1.564655
    10 3.836055 0.000000 0.000000 -0.030153 0.122004 -0.233784
    11 3.617625 -0.000275 -0.000015 -0.043887 0.115464 0.239828
    12 7.537925 0.003588 -0.000212 -0.031402 -0.026398 0.260733
    13 3.177734 0.000000 0.000000 3.137538 0.000823 0.400474
    14 2.966416 0.000318 0.000023 0.270152 -0.083654 1.568638
    15 2.023770 0.904983 0.850949 2.205205 -1.299803 2.305376
    16 4.980521 0.000781 -0.001089 -2.291502 -0.610831 -0.512407
    17 11.119977 0.000007 0.000004 -0.000003 -0.000001 -1.777392
    18 11.205393 -0.000039 0.000000 1.679088 -0.315926 0.234001
    19 3.767608 0.148800 0.074041 0.089823 0.185396 -0.326372
    20 2.037109 0.000000 0.000000 0.003645 -0.024191 -0.299242
    21 1.063284 -0.000008 0.000000 0.003618 -0.024177 -0.299189
    22 3.783203 -0.017258 0.794434 0.548045 0.085960 -0.316569
    23 1.628906 0.000000 0.000001 0.012406 -0.085556 -0.288091
    24 0.954085 0.000004 0.000001 0.012390 -0.085542 -0.288095
    25 1.258789 -0.297852 1.251953 -1.378795 -0.581085 -0.486792
    26 1.392578 0.000003 -0.000004 -0.000054 -0.000328 0.324626
    27 1.099609 0.000000 -0.000008 0.000000 0.000000 0.000000
    28 3.548828 0.198730 -1.489258 -0.571799 0.100833 -0.256376
    29 1.218750 0.000003 0.000000 -0.009973 0.067699 -0.292690
    30 0.679688 0.000001 0.000000 -0.009972 0.067693 -0.292686
    31 3.697042 0.266204 -0.725138 -0.097568 0.031574 -0.326833
    32 1.748047 0.000000 0.000002 -0.003159 0.020964 -0.299478
    33 0.959961 0.000004 0.000000 -0.003166 0.020972 -0.299671
    34 2.023778 0.904982 -0.850921 -2.166515 1.137215 2.425548
    35 4.981625 0.002227 0.003236 2.100298 0.310555 -0.926409
    36 11.119975 -0.000005 0.000000 0.000001 0.000002 -2.262767
    37 11.205375 0.000073 0.000008 -1.670806 0.308749 0.233652
    38 3.766600 0.148254 -0.075376 -0.089513 -0.188043 -0.324859
    39 2.037109 0.000002 -0.000002 -0.003278 0.021743 -0.299424
    40 1.063287 -0.000004 0.000001 -0.003271 0.021726 -0.299411
    41 3.780812 -0.024988 -0.795569 -0.547791 -0.088525 -0.315894
    42 1.628906 -0.000004 0.000000 -0.012097 0.083240 -0.288753
    43 0.955566 0.000000 0.000000 -0.012095 0.083232 -0.288763
    44 1.258789 -0.308350 -1.250000 1.375719 0.577179 -0.491579
    45 1.392578 -0.000002 0.000002 0.000351 0.002142 0.324620
    46 1.099609 0.000000 -0.000004 0.000000 0.000000 0.000000
    47 3.548828 0.211304 1.487305 0.571268 -0.102934 -0.255551
    48 1.218750 0.000006 0.000000 0.010274 -0.069875 -0.292190
    49 0.679688 0.000003 0.000000 0.010275 -0.069871 -0.292190
    50 3.696249 0.271114 0.723153 0.097888 -0.034222 -0.326611
    51 1.748047 -0.000011 -0.000004 0.003526 -0.023385 -0.299307
    52 0.956684 0.000004 0.000002 0.003515 -0.023396 -0.299510
    53 -3.756462 5.577850 2.053357 1.570803 -0.000001 0.000000
    54 -2.735646 -0.081365 5.727119 0.000007 0.000015 1.570796
    55 0.000001 5.662003 -0.974302 1.570804 -0.000001 0.000000
    56 -0.000002 -2.275002 5.113525 0.000000 0.000000 -3.141592
    57 -2.477620 5.416855 4.597564 1.570804 -0.000001 0.000000
    58 -1.515218 1.317776 5.998497 0.000000 0.000000 0.000000
    59 -2.455992 5.657928 -0.087295 1.570804 -0.000001 0.000000
    60 -1.485628 -1.617812 5.263969 0.000000 0.000000 3.141592
    61 3.756460 5.577858 2.053359 1.570803 -0.000001 0.000000
    62 2.735645 -0.081364 5.727116 0.000004 -0.000011 -1.570795
    63 2.477613 5.416855 4.597570 1.570804 -0.000001 0.000000
    64 1.515220 1.317777 5.998508 0.000000 0.000000 0.000000
    65 2.455991 5.657928 -0.087293 1.570804 -0.000001 0.000000
    66 1.485620 -1.617803 5.263973 0.000000 0.000000 -3.141592
    67 4.575642 5.632584 0.000132 0.000000 -1.570771 0.249128
    68 -0.000001 0.314078 5.161098 0.000000 0.000000 0.000000
    69 -0.000001 -0.323108 3.750217 0.000000 0.000000 0.000000
    70 5.734947 1.075212 4.685178 1.570830 -0.000004 -1.321669
    71 -0.753896 0.305901 4.971462 -0.000001 0.000002 0.000000
    72 -1.101006 -0.314705 3.448307 0.000001 0.000001 0.000000
    73 5.809101 -1.029643 4.595047 1.570829 -0.000004 -1.321671
    74 -0.714908 -0.199657 5.028973 0.000000 0.000003 0.000000
    75 -0.282898 -0.851690 4.444889 0.000000 0.000000 0.000000
    76 9.578484 -1.290738 0.000240 0.000000 1.570770 -2.892481
    77 9.369518 -1.236408 1.787905 0.000000 1.570770 -2.892481
    78 9.436707 -1.331719 -1.409029 0.000000 1.570770 -2.892477
    79 5.735191 1.075235 -4.684885 -1.570814 0.000004 1.819923
    80 0.753901 0.305904 4.971474 -0.000001 -0.000002 0.000000
    81 1.101010 -0.314705 3.448315 0.000000 -0.000001 0.000000
    82 5.809341 -1.029617 -4.594752 -1.570814 0.000004 1.819922
    83 0.714908 -0.199655 5.028969 0.000000 -0.000003 0.000000
    84 0.282897 -0.851688 4.444893 0.000000 0.000000 0.000000
  time 18
    0 -0.000651 -55.436269 26.622108 2.147330 0.038315 -0.061803
    1 3.983847 0.002149 0.003401 -1.910883 -0.796367 -1.370813
    2 15.938816 -0.000100 -0.000005 -0.000009 -0.000002 1.602459
    3 17.707025 -0.000068 0.000003 0.029641 0.217917 -1.637761
    4 6.202515 0.003416 -0.000367 -0.006035 -0.004290 -0.933378
    5 -3.983848 0.002149 0.003395 -4.418038 -1.353609 -4.571755
    6 15.938826 -0.000113 -0.000001 0.000002 0.000010 1.094917
    7 17.707031 0.000018 0.000000 -0.298486 0.075760 -1.231402
    8 6.202710 0.003078 0.003745 -0.081323 -0.002959 -0.584354
    9 -0.000001 4.209253 -1.688832 1.570986 -0.575159 1.571558
    10 3.836055 0.000000 0.000000 -0.035115 0.127445 -0.236828
    11 3.617625 -0.000275 -0.000015 -0.048873 0.121576 0.237364
    12 7.537925 0.003588 -0.000212 -0.031762 -0.025559 0.262291
    13 3.177734 0.000000 0.000000 3.137538 0.000823 0.400474
    14 2.966416 0.000318 0.000023 0.293942 -0.055898 1.572723
    15 2.023770 0.904983 0.850949 2.262505 -1.316862 2.246189
    16 4.980521 0.000781 -0.001089 -2.291502 -0.668686 -0.434703
    17 11.119977 0.000007 0.000004 -0.000003 -0.000001 -1.754121
    18 11.205393 -0.000039 0.000000 1.678896 -0.316194 0.233905
    19 3.767608 0.148800 0.074041 0.089811 0.185396 -0.326372
    20 2.037109 0.000000 0.000000 0.003645 -0.024191 -0.299242
    21 1.063284 -0.000008 0.000000 0.003618 -0.024177 -0.299189
    22 3.783203 -0.017258 0.794434 0.548045 0.085960 -0.316569
    23 1.628906 0.000000 0.000001 0.012406 -0.085556 -0.288091
    24 0.954085 0.000004 0.000001 0.012390 -0.085542 -0.288095
    25 1.258789 -0.297852 1.251953 -1.378795 -0.581085 -0.486792
    26 1.392578 0.000003 -0.000004 -0.000054 -0.000328 0.324626
    27 1.099609 0.000000 -0.000008 0.000000 0.000000 0.000000
    28 3.548828 0.198730 -1.489258 -0.571799 0.100833 -0.256376
    29 1.218750 0.000003 0.000000 -0.009973 0.067699 -0.292690
    30 0.679688 0.000001 0.000000 -0.009972 0.067693 -0.292686
    31 3.697042 0.266204 -0.725138 -0.097568 0.031574 -0.326833
    32 1.748047 0.000000 0.000002 -0.003159 0.020964 -0.299478
    33 0.959961 0.000004 0.000000 -0.003166 0.020972 -0.299671
    34 2.023778 0.904982 -0.850921 -2.153520 1.134080 2.439638
    35 4.981625 0.002227 0.003236 2.114074 0.335509 -0.905254
    36 11.119975 -0.000005 0.000000 0.000001 0.000002 -2.272541
    37 11.205375 0.000073 0.000008 -1.671379 0.308294 0.233592
    38 3.766600 0.148254 -0.075376 -0.089513 -0.188043 -0.324859
    39 2.037109 0.000002 -0.000002 -0.003278 0.021743 -0.299424
    40 1.063287 -0.000004 0.000001 -0.003271 0.021726 -0.299411
    41 3.780812 -0.024988 -0.795569 -0.547791 -0.088513 -0.315894
    42 1.628906 -0.000004 0.000000 -0.012097 0.083240 -0.288753
    43 0.955566 0.000000 0.000000 -0.012095 0.083232 -0.288763
    44 1.258789 -0.308350 -1.250000 1.375719 0.577179 -0.491579
    45 1.392578 -0.000002 0.000002 0.000351 0.002142 0.324620
    46 1.099609 0.000000 -0.000004 0.000000 0.000000 0.000000
    47 3.548828 0.211304 1.487305 0.571268 -0.102934 -0.255551
    48 1.218750 0.000006 0.000000 0.010274 -0.069875 -0.292190
    49 0.679688 0.000003 0.000000 0.010275 -0.069871 -0.292190
    50 3.696249 0.271114 0.723153 0.097888 -0.034222 -0.326611
    51 1.748047 -0.000011 -0.000004 0.003526 -0.023385 -0.299307
    52 0.956684 0.000004 0.000002 0.003515 -0.023396 -0.299510
    53 -3.756462 5.577850 2.053357 1.570803 -0.000001 0.000000
    54 -2.735646 -0.081365 5.727119 0.000007 0.000015 1.570796
    55 0.000001 5.662003 -0.974302 1.570804 -0.000001 0.000000
    56 -0.000002 -2.275002 5.113525 0.000000 0.000000 -3.141592
    57 -2.477620 5.416855 4.597564 1.570804 -0.000001 0.000000
    58 -1.515218 1.317776 5.998497 0.000000 0.000000 0.000000
    59 -2.455992 5.657928 -0.087295 1.570804 -0.000001 0.000000
    60 -1.485628 -1.617812 5.263969 0.000000 0.000000 3.141592
    61 3.756460 5.577858 2.053359 1.570803 -0.000001 0.000000
    62 2.735645 -0.081364 5.727116 0.000004 -0.000011 -1.570795
    63 2.477613 5.416855 4.597570 1.570804 -0.000001 0.000000
    64 1.515220 1.317777 5.998508 0.000000 0.000000 0.000000
    65 2.455991 5.657928 -0.087293 1.570804 -0.000001 0.000000
    66 1.485620 -1.617803 5.263973 0.000000 0.000000 -3.141592
    67 4.575642 5.632584 0.000132 0.000000 -1.570771 0.249128
    68 -0.000001 0.314078 5.161098 0.000000 0.000000 0.000000
    69 -0.000001 -0.323108 3.750217 0.000000 0.000000 0.000000
    70 5.734947 1.075212 4.685178 1.570830 -0.000004 -1.321669
    71 -0.753896 0.305901 4.971462 -0.000001 0.000002 0.000000
    72 -1.101006 -0.314705 3.448307 0.000001 0.000001 0.000000
    73 5.809101 -1.029643 4.595047 1.570829 -0.000004 -1.321671
    74 -0.714908 -0.199657 5.028973 0.000000 0.000003 0.000000
    75 -0.282898 -0.851690 4.444889 0.000000 0.000000 0.000000
    76 9.578484 -1.290738 0.000240 0.000000 1.570770 -2.892481
    77 9.369518 -1.236408 1.787905 0.000000 1.570770 -2.892481
    78 9.436707 -1.331719 -1.409029 0.000000 1.570770 -2.892477
    79 5.735191 1.075235 -4.684885 -1.570814 0.000004 1.819923
    80 0.753901 0.305904 4.971474 -0.000001 -0.000002 0.000000
    81 1.101010 -0.314705 3.448315 0.000000 -0.000001 0.000000
    82 5.809341 -1.029617 -4.594752 -1.570814 0.000004 1.819922
    83 0.714908 -0.199655 5.028969 0.000000 -0.000003 0.000000
    84 0.282897 -0.851688 4.444893 0.000000 0.000000 0.000000
  time 19
    0 0.116540 -58.674052 26.829146 2.147282 0.035702 -0.063529
    1 3.983847 0.002149 0.003401 -1.971684 -0.991723 -1.281854
    2 15.938816 -0.000100 -0.000005 -0.000009 -0.000002 1.739264
    3 17.707025 -0.000068 0.000003 0.108190 0.238985 -1.335264
    4 6.202515 0.003416 -0.000367 -0.005928 -0.004374 -0.958710
    5 -3.983848 0.002149 0.003395 -4.534019 -1.364559 -4.492504
    6 15.938826 -0.000113 -0.000001 0.000002 0.000010 1.191717
    7 17.707031 0.000018 0.000000 -0.270650 0.070853 -1.153665
    8 6.202710 0.003078 0.003745 -0.081323 -0.002959 -0.584354
    9 -0.000001 4.209253 -1.688832 1.573143 -0.575159 1.569113
    10 3.836055 0.000000 0.000000 -0.033461 0.122124 -0.233472
    11 3.617625 -0.000275 -0.000015 -0.046967 0.114960 0.240391
    12 7.537925 0.003588 -0.000212 -0.031115 -0.029023 0.261297
    13 3.177734 0.000000 0.000000 3.137538 0.000823 0.400474
    14 2.966416 0.000318 0.000023 0.264376 -0.064359 1.567594
    15 2.023770 0.904983 0.850949 2.214205 -1.307376 2.296312
    16 4.980521 0.000781 -0.001089 -2.260179 -0.619062 -0.482987
    17 11.119977 0.000007 0.000004 -0.000003 -0.000001 -1.785340
    18 11.205393 -0.000039 0.000000 1.679617 -0.315853 0.234337
    19 3.767608 0.148800 0.074041 0.089823 0.185396 -0.326372
    20 2.037109 0.000000 0.000000 0.003645 -0.024191 -0.299242
    21 1.063284 -0.000008 0.000000 0.003618 -0.024177 -0.299189
    22 3.783203 -0.017258 0.794434 0.548045 0.085960 -0.316569
    23 1.628906 0.000000 0.000001 0.012406 -0.085556 -0.288091
    24 0.954085 0.000004 0.000001 0.012390 -0.085542 -0.288095
    25 1.258789 -0.297852 1.251953 -1.378795 -0.581085 -0.486792
    26 1.392578 0.000003 -0.000004 -0.000054 -0.000328 0.324626
    27 1.099609 0.000000 -0.000008 0.000000 0.000000 0.000000
    28 3.548828 0.198730 -1.489258 -0.571799 0.100833 -0.256376
    29 1.218750 0.000003 0.000000 -0.009973 0.067699 -0.292690
    30 0.679688 0.000001 0.000000 -0.009972 0.067693 -0.292686
    31 3.697042 0.266204 -0.725138 -0.097568 0.031574 -0.326833
    32 1.748047 0.000000 0.000002 -0.003159 0.020964 -0.299478
    33 0.959961 0.000004 0.000000 -0.003166 0.020972 -0.299671
    34 2.023778 0.904982 -0.850921 -2.169594 1.134446 2.422387
    35 4.981625 0.002227 0.003236 2.100711 0.333365 -0.904990
    36 11.119975 -0.000005 0.000000 0.000001 0.000002 -2.268883
    37 11.205375 0.000073 0.000008 -1.669422 0.309324 0.233772
    38 3.766600 0.148254 -0.075376 -0.089513 -0.188043 -0.324859
    39 2.037109 0.000002 -0.000002 -0.003278 0.021743 -0.299424
    40 1.063287 -0.000004 0.000001 -0.003271 0.021726 -0.299411
    41 3.780812 -0.024988 -0.795569 -0.547791 -0.088525 -0.315894
    42 1.628906 -0.000004 0.000000 -0.012097 0.083240 -0.288753
    43 0.955566 0.000000 0.000000 -0.012095 0.083232 -0.288763
    44 1.258789 -0.308350 -1.250000 1.375719 0.577179 -0.491579
    45 1.392578 -0.000002 0.000002 0.000351 0.002142 0.324620
    46 1.099609 0.000000 -0.000004 0.000000 0.000000 0.000000
    47 3.548828 0.211304 1.487305 0.571268 -0.102934 -0.255551
    48 1.218750 0.000006 0.000000 0.010274 -0.069875 -0.292190
    49 0.679688 0.000003 0.000000 0.010275 -0.069871 -0.292190
    50 3.696249 0.271114 0.723153 0.097888 -0.034222 -0.326611
    51 1.748047 -0.000011 -0.000004 0.003526 -0.023385 -0.299307
    52 0.956684 0.000004 0.000002 0.003515 -0.023396 -0.299497
    53 -3.756462 5.577850 2.053357 1.570803 -0.000001 0.000000
    54 -2.735646 -0.081365 5.727119 0.000007 0.000015 1.570796
    55 0.000001 5.662003 -0.974302 1.570804 -0.000001 0.000000
    56 -0.000002 -2.275002 5.113525 0.000000 0.000000 -3.141592
    57 -2.477620 5.416855 4.597564 1.570804 -0.000001 0.000000
    58 -1.515218 1.317776 5.998497 0.000000 0.000000 0.000000
    59 -2.455992 5.657928 -0.087295 1.570804 -0.000001 0.000000
    60 -1.485628 -1.617812 5.263969 0.000000 0.000000 3.141592
    61 3.756460 5.577858 2.053359 1.570803 -0.000001 0.000000
    62 2.735645 -0.081364 5.727116 0.000004 -0.000011 -1.570795
    63 2.477613 5.416855 4.597570 1.570804 -0.000001 0.000000
    64 1.515220 1.317777 5.998508 0.000000 0.000000 0.000000
    65 2.455991 5.657928 -0.087293 1.570804 -0.000001 0.000000
    66 1.485620 -1.617803 5.263973 0.000000 0.000000 -3.141592
    67 4.575642 5.632584 0.000132 0.000000 -1.570771 0.249128
    68 -0.000001 0.314078 5.161098 0.000000 0.000000 0.000000
    69 -0.000001 -0.323108 3.750217 0.000000 0.000000 0.000000
    70 5.734947 1.075212 4.685178 1.570830 -0.000004 -1.321669
    71 -0.753896 0.305901 4.971462 -0.000001 0.000002 0.000000
    72 -1.101006 -0.314705 3.448307 0.000001 0.000001 0.000000
    73 5.809101 -1.029643 4.595047 1.570829 -0.000004 -1.321671
    74 -0.714908 -0.199657 5.028973 0.000000 0.000003 0.000000
    75 -0.282898 -0.851690 4.444889 0.000000 0.000000 0.000000
    76 9.578484 -1.290738 0.000240 0.000000 1.570770 -2.892481
    77 9.369518 -1.236408 1.787905 0.000000 1.570770 -2.892481
    78 9.436707 -1.331719 -1.409029 0.000000 1.570770 -2.892477
    79 5.735191 1.075235 -4.684885 -1.570814 0.000004 1.819923
    80 0.753901 0.305904 4.971474 -0.000001 -0.000002 0.000000
    81 1.101010 -0.314705 3.448315 0.000000 -0.000001 0.000000
    82 5.809341 -1.029617 -4.594752 -1.570814 0.000004 1.819922
    83 0.714908 -0.199655 5.028969 0.000000 -0.000003 0.000000
    84 0.282897 -0.851688 4.444893 0.000000 0.000000 0.000000
  time 20
    0 0.253263 -61.950900 27.063528 2.147186 0.033006 -0.065318
    1 3.983847 0.002149 0.003401 -2.105731 -1.180982 -1.121461
    2 15.938816 -0.000100 -0.000005 -0.000009 -0.000002 1.876069
    3 17.707025 -0.000068 0.000003 0.184867 0.248066 -1.031573
    4 6.202515 0.003416 -0.000367 -0.005700 -0.004518 -1.009306
    5 -3.983848 0.002149 0.003395 -4.670254 -1.386759 -4.392269
    6 15.938826 -0.000113 -0.000001 0.000002 0.000010 1.278881
    7 17.707031 0.000018 0.000000 -0.245535 0.052347 -1.107872
    8 6.202710 0.003078 0.003745 -0.081323 -0.002959 -0.584354
    9 -0.000001 4.209253 -1.688832 1.575348 -0.575139 1.566285
    10 3.836055 0.000000 0.000000 -0.031903 0.116875 -0.230237
    11 3.617625 -0.000275 -0.000015 -0.045146 0.108429 0.243362
    12 7.537925 0.003588 -0.000212 -0.030516 -0.032522 0.260350
    13 3.177734 0.000000 0.000000 3.137538 0.000823 0.400474
    14 2.966416 0.000318 0.000023 0.234163 -0.073515 1.562602
    15 2.023770 0.904983 0.850949 2.169155 -1.297442 2.343172
    16 4.980521 0.000781 -0.001089 -2.234016 -0.567920 -0.526605
    17 11.119977 0.000007 0.000004 -0.000003 -0.000001 -1.817303
    18 11.205393 -0.000039 0.000000 1.680433 -0.315464 0.234804
    19 3.767608 0.148800 0.074041 0.089823 0.185396 -0.326372
    20 2.037109 0.000000 0.000000 0.003645 -0.024191 -0.299242
    21 1.063284 -0.000008 0.000000 0.003618 -0.024165 -0.299189
    22 3.783203 -0.017258 0.794434 0.548045 0.085960 -0.316569
    23 1.628906 0.000000 0.000001 0.012406 -0.085556 -0.288091
    24 0.954085 0.000004 0.000001 0.012390 -0.085542 -0.288095
    25 1.258789 -0.297852 1.251953 -1.378795 -0.581085 -0.486792
    26 1.392578 0.000003 -0.000004 -0.000054 -0.000328 0.324626
    27 1.099609 0.000000 -0.000008 0.000000 0.000000 0.000000
    28 3.548828 0.198730 -1.489258 -0.571799 0.100833 -0.256376
    29 1.218750 0.000003 0.000000 -0.009973 0.067699 -0.292690
    30 0.679688 0.000001 0.000000 -0.009972 0.067693 -0.292686
    31 3.697042 0.266204 -0.725138 -0.097544 0.031574 -0.326833
    32 1.748047 0.000000 0.000002 -0.003159 0.020964 -0.299478
    33 0.959961 0.000004 0.000000 -0.003166 0.020972 -0.299671
    34 2.023778 0.904982 -0.850921 -2.185825 1.134365 2.405045
    35 4.981625 0.002227 0.003236 2.087399 0.330754 -0.904314
    36 11.119975 -0.000005 0.000000 0.000001 0.000002 -2.265163
    37 11.205375 0.000073 0.000008 -1.667513 0.310307 0.233832
    38 3.766600 0.148254 -0.075376 -0.089513 -0.188043 -0.324859
    39 2.037109 0.000002 -0.000002 -0.003278 0.021743 -0.299424
    40 1.063287 -0.000004 0.000001 -0.003271 0.021726 -0.299411
    41 3.780812 -0.024988 -0.795569 -0.547791 -0.088513 -0.315894
    42 1.628906 -0.000004 0.000000 -0.012097 0.083240 -0.288753
    43 0.955566 0.000000 0.000000 -0.012095 0.083232 -0.288763
    44 1.258789 -0.308350 -1.250000 1.375719 0.577179 -0.491579
    45 1.392578 -0.000002 0.000002 0.000351 0.002142 0.324620
    46 1.099609 0.000000 -0.000004 0.000000 0.000000 0.000000
    47 3.548828 0.211304 1.487305 0.571268 -0.102934 -0.255551
    48 1.218750 0.000006 0.000000 0.010274 -0.069875 -0.292190
    49 0.679688 0.000003 0.000000 0.010275 -0.069871 -0.292190
    50 3.696249 0.271114 0.723153 0.097888 -0.034222 -0.326611
    51 1.748047 -0.000011 -0.000004 0.003526 -0.023385 -0.299307
    52 0.956684 0.000004 0.000002 0.003515 -0.023396 -0.299497
    53 -3.756462 5.577850 2.053357 1.570803 -0.000001 0.000000
    54 -2.735646 -0.081365 5.727119 0.000007 0.000015 1.570796
    55 0.000001 5.662003 -0.974302 1.570804 -0.000001 0.000000
    56 -0.000002 -2.275002 5.113525 0.000000 0.000000 -3.141592
    57 -2.477620 5.416855 4.597564 1.570804 -0.000001 0.000000
    58 -1.515218 1.317776 5.998497 0.000000 0.000000 0.000000
    59 -2.455992 5.657928 -0.087295 1.570804 -0.000001 0.000000
    60 -1.485628 -1.617812 5.263969 0.000000 0.000000 3.141592
    61 3.756460 5.577858 2.053359 1.570803 -0.000001 0.000000
    62 2.735645 -0.081364 5.727116 0.000004 -0.000011 -1.570795
    63 2.477613 5.416855 4.597570 1.570804 -0.000001 0.000000
    64 1.515220 1.317777 5.998508 0.000000 0.000000 0.000000
    65 2.455991 5.657928 -0.087293 1.570804 -0.000001 0.000000
    66 1.485620 -1.617803 5.263973 0.000000 0.000000 -3.141592
    67 4.575642 5.632584 0.000132 0.000000 -1.570771 0.249128
    68 -0.000001 0.314078 5.161098 0.000000 0.000000 0.000000
    69 -0.000001 -0.323108 3.750217 0.000000 0.000000 0.000000
    70 5.734947 1.075212 4.685178 1.570830 -0.000004 -1.321669
    71 -0.753896 0.305901 4.971462 -0.000001 0.000002 0.000000
    72 -1.101006 -0.314705 3.448307 0.000001 0.000001 0.000000
    73 5.809101 -1.029643 4.595047 1.570829 -0.000004 -1.321671
    74 -0.714908 -0.199657 5.028973 0.000000 0.000003 0.000000
    75 -0.282898 -0.851690 4.444889 0.000000 0.000000 0.000000
    76 9.578484 -1.290738 0.000240 0.000000 1.570770 -2.892481
    77 9.369518 -1.236408 1.787905 0.000000 1.570770 -2.892481
    78 9.436707 -1.331719 -1.409029 0.000000 1.570770 -2.892477
    79 5.735191 1.075235 -4.684885 -1.570814 0.000004 1.819923
    80 0.753901 0.305904 4.971474 -0.000001 -0.000002 0.000000
    81 1.101010 -0.314705 3.448315 0.000000 -0.000001 0.000000
    82 5.809341 -1.029617 -4.594752 -1.570814 0.000004 1.819922
    83 0.714908 -0.199655 5.028969 0.000000 -0.000003 0.000000
    84 0.282897 -0.851688 4.444893 0.000000 0.000000 0.000000
  time 21
    0 0.382174 -65.208215 27.286191 2.147138 0.030477 -0.066915
    1 3.983847 0.002149 0.003401 -2.412775 -1.329702 -0.801389
    2 15.938816 -0.000100 -0.000005 -0.000009 -0.000002 1.972777
    3 17.707025 -0.000068 0.000003 0.230103 0.227656 -0.848968
    4 6.202515 0.003416 -0.000367 -0.005568 -0.004590 -1.034638
    5 -3.983848 0.002149 0.003395 1.396701 -1.420983 -4.205382
    6 15.938826 -0.000113 -0.000001 0.000002 0.000010 1.409059
    7 17.707031 0.000018 0.000000 -0.216271 0.024276 -1.273076
    8 6.202710 0.003078 0.003745 -0.081323 -0.002959 -0.584354
    9 -0.000001 4.209253 -1.688832 1.577458 -0.575159 1.563792
    10 3.836055 0.000000 0.000000 -0.030261 0.111470 -0.226785
    11 3.617625 -0.000275 -0.000015 -0.043216 0.101753 0.246445
    12 7.537925 0.003588 -0.000212 -0.029832 -0.035914 0.259271
    13 3.177734 0.000000 0.000000 3.137538 0.000823 0.400474
    14 2.966416 0.000318 0.000023 0.205567 -0.082276 1.558064
    15 2.023770 0.904983 0.850949 2.127705 -1.286693 2.386316
    16 4.980521 0.000781 -0.001089 -2.213788 -0.514956 -0.566780
    17 11.119977 0.000007 0.000004 -0.000003 -0.000001 -1.848294
    18 11.205393 -0.000039 0.000000 1.681249 -0.315014 0.235283
    19 3.767608 0.148800 0.074041 0.089823 0.185396 -0.326372
    20 2.037109 0.000000 0.000000 0.003645 -0.024191 -0.299242
    21 1.063284 -0.000008 0.000000 0.003618 -0.024177 -0.299189
    22 3.783203 -0.017258 0.794434 0.548045 0.085960 -0.316569
    23 1.628906 0.000000 0.000001 0.012406 -0.085556 -0.288091
    24 0.954085 0.000004 0.000001 0.012390 -0.085542 -0.288095
    25 1.258789 -0.297852 1.251953 -1.378795 -0.581085 -0.486792
    26 1.392578 0.000003 -0.000004 -0.000054 -0.000328 0.324626
    27 1.099609 0.000000 -0.000008 0.000000 0.000000 0.000000
    28 3.548828 0.198730 -1.489258 -0.571799 0.100833 -0.256376
    29 1.218750 0.000003 0.000000 -0.009973 0.067699 -0.292690
    30 0.679688 0.000001 0.000000 -0.009972 0.067693 -0.292686
    31 3.697042 0.266204 -0.725138 -0.097568 0.031574 -0.326833
    32 1.748047 0.000000 0.000002 -0.003159 0.020964 -0.299478
    33 0.959961 0.000004 0.000000 -0.003166 0.020972 -0.299671
    34 2.023778 0.904982 -0.850921 -2.201899 1.134853 2.387885
    35 4.981625 0.002227 0.003236 2.074138 0.329600 -0.904109
    36 11.119975 -0.000005 0.000000 0.000001 0.000002 -2.261821
    37 11.205375 0.000073 0.000008 -1.665652 0.311254 0.233939
    38 3.766600 0.148254 -0.075376 -0.089513 -0.188043 -0.324859
    39 2.037109 0.000002 -0.000002 -0.003278 0.021743 -0.299424
    40 1.063287 -0.000004 0.000001 -0.003271 0.021726 -0.299411
    41 3.780812 -0.024988 -0.795569 -0.547791 -0.088525 -0.315894
    42 1.628906 -0.000004 0.000000 -0.012097 0.083240 -0.288753
    43 0.955566 0.000000 0.000000 -0.012095 0.083232 -0.288763
    44 1.258789 -0.308350 -1.250000 1.375719 0.577179 -0.491579
    45 1.392578 -0.000002 0.000002 0.000351 0.002142 0.324620
    46 1.099609 0.000000 -0.000004 0.000000 0.000000 0.000000
    47 3.548828 0.211304 1.487305 0.571268 -0.102934 -0.255551
    48 1.218750 0.000006 0.000000 0.010274 -0.069875 -0.292190
    49 0.679688 0.000003 0.000000 0.010275 -0.069871 -0.292190
    50 3.696249 0.271114 0.723153 0.097888 -0.034222 -0.326611
    51 1.748047 -0.000011 -0.000004 0.003526 -0.023385 -0.299307
    52 0.956684 0.000004 0.000002 0.003515 -0.023396 -0.299497
    53 -3.756462 5.577850 2.053357 1.570803 -0.000001 0.000000
    54 -2.735646 -0.081365 5.727119 0.000007 0.000015 1.570796
    55 0.000001 5.662003 -0.974302 1.570804 -0.000001 0.000000
    56 -0.000002 -2.275002 5.113525 0.000000 0.000000 -3.141592
    57 -2.477620 5.416855 4.597564 1.570804 -0.000001 0.000000
    58 -1.515218 1.317776 5.998497 0.000000 0.000000 0.000000
    59 -2.455992 5.657928 -0.087295 1.570804 -0.000001 0.000000
    60 -1.485628 -1.617812 5.263969 0.000000 0.000000 3.141592
    61 3.756460 5.577858 2.053359 1.570803 -0.000001 0.000000
    62 2.735645 -0.081364 5.727116 0.000004 -0.000011 -1.570795
    63 2.477613 5.416855 4.597570 1.570804 -0.000001 0.000000
    64 1.515220 1.317777 5.998508 0.000000 0.000000 0.000000
    65 2.455991 5.657928 -0.087293 1.570804 -0.000001 0.000000
    66 1.485620 -1.617803 5.263973 0.000000 0.000000 -3.141592
    67 4.575642 5.632584 0.000132 0.000000 -1.570771 0.249128
    68 -0.000001 0.314078 5.161098 0.000000 0.000000 0.000000
    69 -0.000001 -0.323108 3.750217 0.000000 0.000000 0.000000
    70 5.734947 1.075212 4.685178 1.570830 -0.000004 -1.321669
    71 -0.753896 0.305901 4.971462 -0.000001 0.000002 0.000000
    72 -1.101006 -0.314705 3.448307 0.000001 0.000001 0.000000
    73 5.809101 -1.029643 4.595047 1.570829 -0.000004 -1.321671
    74 -0.714908 -0.199657 5.028973 0.000000 0.000003 0.000000
    75 -0.282898 -0.851690 4.444889 0.000000 0.000000 0.000000
    76 9.578484 -1.290738 0.000240 0.000000 1.570770 -2.892481
    77 9.369518 -1.236408 1.787905 0.000000 1.570770 -2.892481
    78 9.436707 -1.331719 -1.409029 0.000000 1.570770 -2.892477
    79 5.735191 1.075235 -4.684885 -1.570814 0.000004 1.819923
    80 0.753901 0.305904 4.971474 -0.000001 -0.000002 0.000000
    81 1.101010 -0.314705 3.448315 0.000000 -0.000001 0.000000
    82 5.809341 -1.029617 -4.594752 -1.570814 0.000004 1.819922
    83 0.714908 -0.199655 5.028969 0.000000 -0.000003 0.000000
    84 0.282897 -0.851688 4.444893 0.000000 0.000000 0.000000
  time 22
    0 0.472020 -68.414748 27.450258 2.147138 0.028643 -0.068065
    1 3.983847 0.002149 0.003401 -3.039404 -1.405397 -0.177159
    2 15.938816 -0.000100 -0.000005 -0.000009 -0.000002 2.026198
    3 17.707025 -0.000068 0.000003 0.233682 0.158447 -0.873258
    4 6.202515 0.003416 -0.000367 -0.006083 -0.004254 -0.922012
    5 -3.983848 0.002149 0.003395 0.935163 -1.464354 -3.762663
    6 15.938826 -0.000113 -0.000001 0.000002 0.000010 1.499624
    7 17.707031 0.000018 0.000000 -0.193785 -0.009042 -1.424594
    8 6.202710 0.003078 0.003745 -0.081323 -0.002959 -0.584354
    9 -0.000001 4.209253 -1.688832 1.578896 -0.575139 1.562018
    10 3.836055 0.000000 0.000000 -0.028428 0.105705 -0.222782
    11 3.617625 -0.000275 -0.000015 -0.041035 0.094814 0.249965
    12 7.537925 0.003588 -0.000212 -0.028970 -0.038970 0.257857
    13 3.177734 0.000000 0.000000 3.137538 0.000823 0.400474
    14 2.966416 0.000318 0.000023 0.180903 -0.089502 1.554569
    15 2.023770 0.904983 0.850949 2.090604 -1.275008 2.425018
    16 4.980521 0.000781 -0.001089 -2.200680 -0.460170 -0.604622
    17 11.119977 0.000007 0.000004 -0.000003 -0.000001 -1.876483
    18 11.205393 -0.000039 0.000000 1.682066 -0.314515 0.235571
    19 3.767608 0.148800 0.074041 0.089823 0.185396 -0.326372
    20 2.037109 0.000000 0.000000 0.003645 -0.024191 -0.299242
    21 1.063284 -0.000008 0.000000 0.003618 -0.024177 -0.299189
    22 3.783203 -0.017258 0.794434 0.548045 0.085960 -0.316569
    23 1.628906 0.000000 0.000001 0.012406 -0.085556 -0.288091
    24 0.954085 0.000004 0.000001 0.012390 -0.085542 -0.288095
    25 1.258789 -0.297852 1.251953 -1.378795 -0.581085 -0.486792
    26 1.392578 0.000003 -0.000004 -0.000054 -0.000328 0.324626
    27 1.099609 0.000000 -0.000008 0.000000 0.000000 0.000000
    28 3.548828 0.198730 -1.489258 -0.571799 0.100833 -0.256376
    29 1.218750 0.000003 0.000000 -0.009973 0.067699 -0.292690
    30 0.679688 0.000001 0.000000 -0.009972 0.067693 -0.292686
    31 3.697042 0.266204 -0.725138 -0.097568 0.031574 -0.326833
    32 1.748047 0.000000 0.000002 -0.003159 0.020964 -0.299478
    33 0.959961 0.000004 0.000000 -0.003166 0.020972 -0.299671
    34 2.023778 0.904982 -0.850921 -2.217817 1.136726 2.370633
    35 4.981625 0.002227 0.003236 2.060568 0.331854 -0.905078
    36 11.119975 -0.000005 0.000000 0.000001 0.000002 -2.259425
    37 11.205375 0.000073 0.000008 -1.664268 0.311865 0.233939
    38 3.766600 0.148254 -0.075376 -0.089513 -0.188055 -0.324859
    39 2.037109 0.000002 -0.000002 -0.003278 0.021743 -0.299424
    40 1.063287 -0.000004 0.000001 -0.003271 0.021726 -0.299411
    41 3.780812 -0.024988 -0.795569 -0.547791 -0.088513 -0.315894
    42 1.628906 -0.000004 0.000000 -0.012097 0.083240 -0.288753
    43 0.955566 0.000000 0.000000 -0.012095 0.083232 -0.288763
    44 1.258789 -0.308350 -1.250000 1.375719 0.577179 -0.491579
    45 1.392578 -0.000002 0.000002 0.000351 0.002142 0.324620
    46 1.099609 0.000000 -0.000004 0.000000 0.000000 0.000000
    47 3.548828 0.211304 1.487305 0.571268 -0.102934 -0.255551
    48 1.218750 0.000006 0.000000 0.010274 -0.069875 -0.292190
    49 0.679688 0.000003 0.000000 0.010275 -0.069871 -0.292190
    50 3.696249 0.271114 0.723153 0.097888 -0.034222 -0.326611
    51 1.748047 -0.000011 -0.000004 0.003526 -0.023385 -0.299307
    52 0.956684 0.000004 0.000002 0.003515 -0.023396 -0.299497
    53 -3.756462 5.577850 2.053357 1.570803 -0.000001 0.000000
    54 -2.735646 -0.081365 5.727119 0.000007 0.000015 1.570796
    55 0.000001 5.662003 -0.974302 1.570804 -0.000001 0.000000
    56 -0.000002 -2.275002 5.113525 0.000000 0.000000 -3.141592
    57 -2.477620 5.416855 4.597564 1.570804 -0.000001 0.000000
    58 -1.515218 1.317776 5.998497 0.000000 0.000000 0.000000
    59 -2.455992 5.657928 -0.087295 1.570804 -0.000001 0.000000
    60 -1.485628 -1.617812 5.263969 0.000000 0.000000 3.141592
    61 3.756460 5.577858 2.053359 1.570803 -0.000001 0.000000
    62 2.735645 -0.081364 5.727116 0.000004 -0.000011 -1.570795
    63 2.477613 5.416855 4.597570 1.570804 -0.000001 0.000000
    64 1.515220 1.317777 5.998508 0.000000 0.000000 0.000000
    65 2.455991 5.657928 -0.087293 1.570804 -0.000001 0.000000
    66 1.485620 -1.617803 5.263973 0.000000 0.000000 -3.141592
    67 4.575642 5.632584 0.000132 0.000000 -1.570771 0.249128
    68 -0.000001 0.314078 5.161098 0.000000 0.000000 0.000000
    69 -0.000001 -0.323108 3.750217 0.000000 0.000000 0.000000
    70 5.734947 1.075212 4.685178 1.570830 -0.000004 -1.321669
    71 -0.753896 0.305901 4.971462 -0.000001 0.000002 0.000000
    72 -1.101006 -0.314705 3.448307 0.000001 0.000001 0.000000
    73 5.809101 -1.029643 4.595047 1.570829 -0.000004 -1.321671
    74 -0.714908 -0.199657 5.028973 0.000000 0.000003 0.000000
    75 -0.282898 -0.851690 4.444889 0.000000 0.000000 0.000000
    76 9.578484 -1.290738 0.000240 0.000000 1.570770 -2.892481
    77 9.369518 -1.236408 1.787905 0.000000 1.570770 -2.892481
    78 9.436707 -1.331719 -1.409029 0.000000 1.570770 -2.892477
    79 5.735191 1.075235 -4.684885 -1.570814 0.000004 1.819923
    80 0.753901 0.305904 4.971474 -0.000001 -0.000002 0.000000
    81 1.101010 -0.314705 3.448315 0.000000 -0.000001 0.000000
    82 5.809341 -1.029617 -4.594752 -1.570814 0.000004 1.819922
    83 0.714908 -0.199655 5.028969 0.000000 -0.000003 0.000000
    84 0.282897 -0.851688 4.444893 0.000000 0.000000 0.000000
  time 23
    0 0.495459 -71.519715 27.512760 2.147138 0.031436 -0.066276
    1 3.983847 0.002149 0.003401 -3.739278 -1.385995 0.513409
    2 15.938816 -0.000100 -0.000005 -0.000009 -0.000002 2.040223
    3 17.707025 -0.000068 0.000003 0.234260 0.067151 -1.013769
    4 6.202515 0.003416 -0.000367 -0.006958 -0.003439 -0.696898
    5 -3.983848 0.002149 0.003395 0.040272 -1.471568 -2.877504
    6 15.938826 -0.000113 -0.000001 0.000002 0.000010 1.557313
    7 17.707031 0.000018 0.000000 -0.171979 -0.042199 -1.563171
    8 6.202710 0.003078 0.003745 -0.081323 -0.002959 -0.584354
    9 -0.000001 4.209253 -1.688832 1.576547 -0.575159 1.565374
    10 3.836055 0.000000 0.000000 -0.025036 0.097364 -0.214836
    11 3.617625 -0.000275 -0.000015 -0.036924 0.085970 0.256681
    12 7.537925 0.003588 -0.000212 -0.026824 -0.039725 0.254130
    13 3.177734 0.000000 0.000000 3.137538 0.000823 0.400474
    14 2.966416 0.000318 0.000023 0.183624 -0.083738 1.556657
    15 2.023770 0.904983 0.850949 2.064854 -1.259170 2.452119
    16 4.980521 0.000781 -0.001089 -2.210433 -0.400661 -0.646561
    17 11.119977 0.000007 0.000004 -0.000003 -0.000001 -1.884373
    18 11.205393 -0.000039 0.000000 1.681249 -0.314479 0.235092
    19 3.767608 0.148800 0.074041 0.089823 0.185396 -0.326372
    20 2.037109 0.000000 0.000000 0.003645 -0.024191 -0.299242
    21 1.063284 -0.000008 0.000000 0.003618 -0.024177 -0.299189
    22 3.783203 -0.017258 0.794434 0.548045 0.085960 -0.316569
    23 1.628906 0.000000 0.000001 0.012406 -0.085556 -0.288091
    24 0.954085 0.000004 0.000001 0.012390 -0.085542 -0.288095
    25 1.258789 -0.297852 1.251953 -1.378795 -0.581085 -0.486792
    26 1.392578 0.000003 -0.000004 -0.000054 -0.000328 0.324626
    27 1.099609 0.000000 -0.000008 0.000000 0.000000 0.000000
    28 3.548828 0.198730 -1.489258 -0.571799 0.100833 -0.256376
    29 1.218750 0.000003 0.000000 -0.009973 0.067699 -0.292690
    30 0.679688 0.000001 0.000000 -0.009972 0.067693 -0.292686
    31 3.697042 0.266204 -0.725138 -0.097568 0.031574 -0.326833
    32 1.748047 0.000000 0.000002 -0.003159 0.020964 -0.299478
    33 0.959961 0.000004 0.000000 -0.003166 0.020972 -0.299671
    34 2.023778 0.904982 -0.850921 -2.233421 1.149959 2.353111
    35 4.981625 0.002227 0.003236 2.044573 0.356807 -0.915597
    36 11.119975 -0.000005 0.000000 0.000001 0.000002 -2.263839
    37 11.205375 0.000073 0.000008 -1.666320 0.310882 0.233832
    38 3.766600 0.148254 -0.075376 -0.089513 -0.188043 -0.324859
    39 2.037109 0.000002 -0.000002 -0.003278 0.021743 -0.299424
    40 1.063287 -0.000004 0.000001 -0.003271 0.021726 -0.299411
    41 3.780812 -0.024988 -0.795569 -0.547791 -0.088513 -0.315894
    42 1.628906 -0.000004 0.000000 -0.012097 0.083240 -0.288753
    43 0.955566 0.000000 0.000000 -0.012095 0.083232 -0.288763
    44 1.258789 -0.308350 -1.250000 1.375719 0.577179 -0.491579
    45 1.392578 -0.000002 0.000002 0.000351 0.002142 0.324620
    46 1.099609 0.000000 -0.000004 0.000000 0.000000 0.000000
    47 3.548828 0.211304 1.487305 0.571268 -0.102934 -0.255551
    48 1.218750 0.000006 0.000000 0.010274 -0.069875 -0.292190
    49 0.679688 0.000003 0.000000 0.010275 -0.069871 -0.292190
    50 3.696249 0.271114 0.723153 0.097888 -0.034222 -0.326611
    51 1.748047 -0.000011 -0.000004 0.003526 -0.023385 -0.299307
    52 0.956684 0.000004 0.000002 0.003515 -0.023396 -0.299497
    53 -3.756462 5.577850 2.053357 1.570803 -0.000001 0.000000
    54 -2.735646 -0.081365 5.727119 0.000007 0.000015 1.570796
    55 0.000001 5.662003 -0.974302 1.570804 -0.000001 0.000000
    56 -0.000002 -2.275002 5.113525 0.000000 0.000000 -3.141592
    57 -2.477620 5.416855 4.597564 1.570804 -0.000001 0.000000
    58 -1.515218 1.317776 5.998497 0.000000 0.000000 0.000000
    59 -2.455992 5.657928 -0.087295 1.570804 -0.000001 0.000000
    60 -1.485628 -1.617812 5.263969 0.000000 0.000000 3.141592
    61 3.756460 5.577858 2.053359 1.570803 -0.000001 0.000000
    62 2.735645 -0.081364 5.727116 0.000004 -0.000011 -1.570795
    63 2.477613 5.416855 4.597570 1.570804 -0.000001 0.000000
    64 1.515220 1.317777 5.998508 0.000000 0.000000 0.000000
    65 2.455991 5.657928 -0.087293 1.570804 -0.000001 0.000000
    66 1.485620 -1.617803 5.263973 0.000000 0.000000 -3.141592
    67 4.575642 5.632584 0.000132 0.000000 -1.570771 0.249128
    68 -0.000001 0.314078 5.161098 0.000000 0.000000 0.000000
    69 -0.000001 -0.323108 3.750217 0.000000 0.000000 0.000000
    70 5.734947 1.075212 4.685178 1.570830 -0.000004 -1.321669
    71 -0.753896 0.305901 4.971462 -0.000001 0.000002 0.000000
    72 -1.101006 -0.314705 3.448307 0.000001 0.000001 0.000000
    73 5.809101 -1.029643 4.595047 1.570829 -0.000004 -1.321671
    74 -0.714908 -0.199657 5.028973 0.000000 0.000003 0.000000
    75 -0.282898 -0.851690 4.444889 0.000000 0.000000 0.000000
    76 9.578484 -1.290738 0.000240 0.000000 1.570770 -2.892481
    77 9.369518 -1.236408 1.787905 0.000000 1.570770 -2.892481
    78 9.436707 -1.331719 -1.409029 0.000000 1.570770 -2.892477
    79 5.735191 1.075235 -4.684885 -1.570814 0.000004 1.819923
    80 0.753901 0.305904 4.971474 -0.000001 -0.000002 0.000000
    81 1.101010 -0.314705 3.448315 0.000000 -0.000001 0.000000
    82 5.809341 -1.029617 -4.594752 -1.570814 0.000004 1.819922
    83 0.714908 -0.199655 5.028969 0.000000 -0.000003 0.000000
    84 0.282897 -0.851688 4.444893 0.000000 0.000000 0.000000
  time 24
    0 0.464208 -74.542648 27.446352 2.147282 0.036745 -0.062890
    1 3.983847 0.002149 0.003401 -4.075963 -1.320935 0.829547
    2 15.938816 -0.000100 -0.000005 -0.000009 -0.000002 1.982913
    3 17.707025 -0.000068 0.000003 0.244309 0.017292 -1.135863
    4 6.202515 0.003416 -0.000367 -0.007306 -0.002960 -0.584341
    5 -3.983848 0.002149 0.003395 -0.622560 -1.413168 -2.225041
    6 15.938826 -0.000113 -0.000001 0.000002 0.000010 1.590440
    7 17.707031 0.000018 0.000000 -0.144256 -0.067361 -1.691306
    8 6.202710 0.003078 0.003745 -0.081323 -0.002959 -0.584354
    9 -0.000001 4.209253 -1.688832 1.571993 -0.575159 1.571558
    10 3.836055 0.000000 0.000000 -0.021417 0.089202 -0.207430
    11 3.617625 -0.000275 -0.000015 -0.032574 0.077437 0.262876
    12 7.537925 0.003588 -0.000212 -0.024619 -0.040025 0.250583
    13 3.177734 0.000000 0.000000 3.137538 0.000823 0.400474
    14 2.966416 0.000318 0.000023 0.185565 -0.080298 1.560741
    15 2.023770 0.904983 0.850949 2.044504 -1.242762 2.473509
    16 4.980521 0.000781 -0.001089 -2.230404 -0.346516 -0.685029
    17 11.119977 0.000007 0.000004 -0.000003 -0.000001 -1.886718
    18 11.205393 -0.000039 0.000000 1.679617 -0.314552 0.234097
    19 3.767608 0.148800 0.074041 0.089823 0.185396 -0.326372
    20 2.037109 0.000000 0.000000 0.003645 -0.024191 -0.299242
    21 1.063284 -0.000008 0.000000 0.003618 -0.024177 -0.299189
    22 3.783203 -0.017258 0.794434 0.548045 0.085960 -0.316569
    23 1.628906 0.000000 0.000001 0.012406 -0.085556 -0.288091
    24 0.954085 0.000004 0.000001 0.012402 -0.085542 -0.288095
    25 1.258789 -0.297852 1.251953 -1.378795 -0.581085 -0.486792
    26 1.392578 0.000003 -0.000004 -0.000054 -0.000328 0.324626
    27 1.099609 0.000000 -0.000008 0.000000 0.000000 0.000000
    28 3.548828 0.198730 -1.489258 -0.571799 0.100833 -0.256376
    29 1.218750 0.000003 0.000000 -0.009973 0.067699 -0.292690
    30 0.679688 0.000001 0.000000 -0.009972 0.067693 -0.292686
    31 3.697042 0.266204 -0.725138 -0.097568 0.031574 -0.326833
    32 1.748047 0.000000 0.000002 -0.003159 0.020964 -0.299478
    33 0.959961 0.000004 0.000000 -0.003166 0.020972 -0.299671
    34 2.023778 0.904982 -0.850921 -2.246677 1.163762 2.338389
    35 4.981625 0.002227 0.003236 2.030178 0.385883 -0.928789
    36 11.119975 -0.000005 0.000000 0.000001 0.000002 -2.268694
    37 11.205375 0.000073 0.000008 -1.670281 0.308953 0.233652
    38 3.766600 0.148254 -0.075376 -0.089513 -0.188043 -0.324859
    39 2.037109 0.000002 -0.000002 -0.003278 0.021743 -0.299424
    40 1.063287 -0.000004 0.000001 -0.003271 0.021726 -0.299411
    41 3.780812 -0.024988 -0.795569 -0.547791 -0.088513 -0.315894
    42 1.628906 -0.000004 0.000000 -0.012097 0.083240 -0.288753
    43 0.955566 0.000000 0.000000 -0.012095 0.083232 -0.288763
    44 1.258789 -0.308350 -1.250000 1.375719 0.577179 -0.491579
    45 1.392578 -0.000002 0.000002 0.000351 0.002142 0.324620
    46 1.099609 0.000000 -0.000004 0.000000 0.000000 0.000000
    47 3.548828 0.211304 1.487305 0.571268 -0.102934 -0.255551
    48 1.218750 0.000006 0.000000 0.010274 -0.069875 -0.292190
    49 0.679688 0.000003 0.000000 0.010275 -0.069871 -0.292190
    50 3.696249 0.271114 0.723153 0.097888 -0.034222 -0.326611
    51 1.748047 -0.000011 -0.000004 0.003526 -0.023385 -0.299307
    52 0.956684 0.000004 0.000002 0.003515 -0.023396 -0.299510
    53 -3.756462 5.577850 2.053357 1.570803 -0.000001 0.000000
    54 -2.735646 -0.081365 5.727119 0.000007 0.000015 1.570796
    55 0.000001 5.662003 -0.974302 1.570804 -0.000001 0.000000
    56 -0.000002 -2.275002 5.113525 0.000000 0.000000 -3.141592
    57 -2.477620 5.416855 4.597564 1.570804 -0.000001 0.000000
    58 -1.515218 1.317776 5.998497 0.000000 0.000000 0.000000
    59 -2.455992 5.657928 -0.087295 1.570804 -0.000001 0.000000
    60 -1.485628 -1.617812 5.263969 0.000000 0.000000 3.141592
    61 3.756460 5.577858 2.053359 1.570803 -0.000001 0.000000
    62 2.735645 -0.081364 5.727116 0.000004 -0.000011 -1.570795
    63 2.477613 5.416855 4.597570 1.570804 -0.000001 0.000000
    64 1.515220 1.317777 5.998508 0.000000 0.000000 0.000000
    65 2.455991 5.657928 -0.087293 1.570804 -0.000001 0.000000
    66 1.485620 -1.617803 5.263973 0.000000 0.000000 -3.141592
    67 4.575642 5.632584 0.000132 0.000000 -1.570771 0.249128
    68 -0.000001 0.314078 5.161098 0.000000 0.000000 0.000000
    69 -0.000001 -0.323108 3.750217 0.000000 0.000000 0.000000
    70 5.734947 1.075212 4.685178 1.570830 -0.000004 -1.321669
    71 -0.753896 0.305901 4.971462 -0.000001 0.000002 0.000000
    72 -1.101006 -0.314705 3.448307 0.000001 0.000001 0.000000
    73 5.809101 -1.029643 4.595047 1.570829 -0.000004 -1.321671
    74 -0.714908 -0.199657 5.028973 0.000000 0.000003 0.000000
    75 -0.282898 -0.851690 4.444889 0.000000 0.000000 0.000000
    76 9.578484 -1.290738 0.000240 0.000000 1.570770 -2.892481
    77 9.369518 -1.236408 1.787905 0.000000 1.570770 -2.892481
    78 9.436707 -1.331719 -1.409029 0.000000 1.570770 -2.892477
    79 5.735191 1.075235 -4.684885 -1.570814 0.000004 1.819923
    80 0.753901 0.305904 4.971474 -0.000001 -0.000002 0.000000
    81 1.101010 -0.314705 3.448315 0.000000 -0.000001 0.000000
    82 5.809341 -1.029617 -4.594752 -1.570814 0.000004 1.819922
    83 0.714908 -0.199655 5.028969 0.000000 -0.000003 0.000000
    84 0.282897 -0.851688 4.444893 0.000000 0.000000 0.000000
end
