// Created by Crowbar 0.76
version 1
nodes
  0 "ValveBiped.Bip01_Pelvis" -1
  1 "ValveBiped.Bip01_L_Thigh" 0
  2 "ValveBiped.Bip01_L_Calf" 1
  3 "ValveBiped.Bip01_L_Foot" 2
  4 "ValveBiped.Bip01_L_Toe0" 3
  5 "ValveBiped.Bip01_R_Thigh" 0
  6 "ValveBiped.Bip01_R_Calf" 5
  7 "ValveBiped.Bip01_R_Foot" 6
  8 "ValveBiped.Bip01_R_Toe0" 7
  9 "ValveBiped.Bip01_Spine" 0
  10 "ValveBiped.Bip01_Spine1" 9
  11 "ValveBiped.Bip01_Spine2" 10
  12 "ValveBiped.Bip01_Spine4" 11
  13 "ValveBiped.Bip01_Neck1" 12
  14 "ValveBiped.Bip01_Head1" 13
  15 "ValveBiped.Bip01_L_Clavicle" 12
  16 "ValveBiped.Bip01_L_UpperArm" 15
  17 "ValveBiped.Bip01_L_Forearm" 16
  18 "ValveBiped.Bip01_L_Hand" 17
  19 "ValveBiped.Bip01_L_Finger2" 18
  20 "ValveBiped.Bip01_L_Finger21" 19
  21 "ValveBiped.Bip01_L_Finger22" 20
  22 "ValveBiped.Bip01_L_Finger1" 18
  23 "ValveBiped.Bip01_L_Finger11" 22
  24 "ValveBiped.Bip01_L_Finger12" 23
  25 "ValveBiped.Bip01_L_Finger0" 18
  26 "ValveBiped.Bip01_L_Finger01" 25
  27 "ValveBiped.Bip01_L_Finger02" 26
  28 "ValveBiped.Bip01_L_Finger4" 18
  29 "ValveBiped.Bip01_L_Finger41" 28
  30 "ValveBiped.Bip01_L_Finger42" 29
  31 "ValveBiped.Bip01_L_Finger3" 18
  32 "ValveBiped.Bip01_L_Finger31" 31
  33 "ValveBiped.Bip01_L_Finger32" 32
  34 "ValveBiped.Bip01_R_Clavicle" 12
  35 "ValveBiped.Bip01_R_UpperArm" 34
  36 "ValveBiped.Bip01_R_Forearm" 35
  37 "ValveBiped.Bip01_R_Hand" 36
  38 "ValveBiped.Bip01_R_Finger2" 37
  39 "ValveBiped.Bip01_R_Finger21" 38
  40 "ValveBiped.Bip01_R_Finger22" 39
  41 "ValveBiped.Bip01_R_Finger1" 37
  42 "ValveBiped.Bip01_R_Finger11" 41
  43 "ValveBiped.Bip01_R_Finger12" 42
  44 "ValveBiped.Bip01_R_Finger0" 37
  45 "ValveBiped.Bip01_R_Finger01" 44
  46 "ValveBiped.Bip01_R_Finger02" 45
  47 "ValveBiped.Bip01_R_Finger4" 37
  48 "ValveBiped.Bip01_R_Finger41" 47
  49 "ValveBiped.Bip01_R_Finger42" 48
  50 "ValveBiped.Bip01_R_Finger3" 37
  51 "ValveBiped.Bip01_R_Finger31" 50
  52 "ValveBiped.Bip01_R_Finger32" 51
  53 "ValveBiped.Skirt.R.001" 0
  54 "Skirt2_r" 53
  55 "ValveBiped.Skirt.B" 0
  56 "Skirtb2" 55
  57 "ValveBiped.Skirt.R" 0
  58 "Skirt5_r" 57
  59 "ValveBiped.Skirt.R.002" 0
  60 "Skirt8_r" 59
  61 "ValveBiped.Skirt.L.001" 0
  62 "Skirt2_l" 61
  63 "ValveBiped.Skirt.L" 0
  64 "Skirt5_l" 63
  65 "ValveBiped.Skirt.L.002" 0
  66 "Skirt8_l" 65
  67 "Hair_002" 14
  68 "Hair_001" 67
  69 "Hair_003" 68
  70 "Hair_006_r" 14
  71 "Hair_005_r" 70
  72 "Hair_007_r" 71
  73 "Hair_009_r" 14
  74 "Hair_010_r" 73
  75 "Hair_011_r" 74
  76 "Hair_004" 14
  77 "Hair_005" 14
  78 "Hair_006" 14
  79 "Hair_006_l" 14
  80 "Hair_005_l" 79
  81 "Hair_007_l" 80
  82 "Hair_009_l" 14
  83 "Hair_010_l" 82
  84 "Hair_011_l" 83
end
skeleton
  time 0
    0 0.100910 0.000000 26.497104 1.733589 0.021189 0.083505
    1 3.983847 0.002149 0.003401 -2.890251 -1.268069 -0.298930
    2 15.938816 -0.000100 -0.000005 -0.000009 -0.000002 1.688711
    3 17.707025 -0.000068 0.000003 0.225725 -0.082957 -1.094869
    4 6.202515 0.003416 -0.000367 -0.006683 -0.003715 -0.771508
    5 -3.983848 0.002149 0.003395 -1.225205 -1.195929 -1.625880
    6 15.938826 -0.000113 -0.000001 0.000002 0.000010 1.624638
    7 17.707031 0.000018 0.000000 -0.289283 -0.099126 -1.551269
    8 6.203125 0.000000 0.000000 -0.081331 -0.002953 -0.584372
    9 -0.000001 4.209253 -1.688832 1.571897 -0.575159 1.568442
    10 3.836055 0.000000 0.000000 -0.064993 -0.016957 0.003583
    11 3.617625 -0.000275 -0.000015 -0.053295 -0.017134 0.435758
    12 7.537925 0.003588 -0.000212 0.014199 -0.007475 0.137196
    13 3.177734 0.000000 0.000000 3.137538 0.000823 0.400474
    14 2.966416 0.000318 0.000023 0.087579 -0.147424 1.750896
    15 2.023770 0.904983 0.850949 2.005304 -1.283273 2.514387
    16 4.980521 0.000781 -0.001089 -2.167190 -0.713857 -0.336171
    17 11.119977 0.000007 0.000004 -0.000003 -0.000001 -1.691796
    18 11.205393 -0.000039 0.000000 1.678896 -0.316838 0.233953
    19 3.767608 0.148800 0.074041 0.089823 0.185396 -0.326372
    20 2.037109 0.000000 0.000000 0.003643 -0.024192 -0.299242
    21 1.066406 0.000000 0.000000 0.003643 -0.024192 -0.299244
    22 3.783203 -0.017258 0.794434 0.548045 0.085960 -0.316569
    23 1.628906 0.000000 0.000000 0.012406 -0.085556 -0.288091
    24 0.955566 -0.000004 0.000001 0.012406 -0.085556 -0.288099
    25 1.258789 -0.297852 1.251953 -1.378796 -0.581083 -0.486790
    26 1.392578 0.000002 -0.000002 -0.000054 -0.000329 0.324626
    27 1.099609 0.000002 -0.000004 0.000000 0.000000 0.000000
    28 3.548828 0.198730 -1.489258 -0.571798 0.100828 -0.256377
    29 1.218750 0.000004 0.000004 -0.009975 0.067698 -0.292690
    30 0.679688 -0.000001 0.000000 -0.009971 0.067689 -0.292686
    31 3.697042 0.266204 -0.725138 -0.097556 0.031562 -0.326884
    32 1.748047 0.000000 0.000002 -0.003159 0.020962 -0.299478
    33 0.959961 0.000004 0.000000 -0.003166 0.020972 -0.299671
    34 2.023778 0.904982 -0.850921 -2.093869 1.188069 2.499972
    35 4.981625 0.002227 0.003236 1.920638 0.720802 -0.938749
    36 11.119975 -0.000005 0.000000 0.000001 0.000002 -2.157838
    37 11.205375 0.000073 0.000008 -1.671093 0.310595 0.233652
    38 3.766600 0.148254 -0.075376 -0.089513 -0.188043 -0.324859
    39 2.037109 0.000002 0.000000 -0.003278 0.021743 -0.299424
    40 1.066406 0.000002 0.000002 -0.003278 0.021743 -0.299428
    41 3.780812 -0.024988 -0.795569 -0.547791 -0.088513 -0.315894
    42 1.628906 0.000000 0.000000 -0.012097 0.083240 -0.288753
    43 0.955566 0.000000 -0.000001 -0.012097 0.083232 -0.288761
    44 1.258789 -0.308350 -1.250000 1.375718 0.577178 -0.491580
    45 1.392578 -0.000002 0.000002 0.000349 0.002144 0.324618
    46 1.099609 0.000004 -0.000002 0.000000 0.000000 0.000000
    47 3.548828 0.211304 1.487305 0.571268 -0.102934 -0.255551
    48 1.218750 0.000006 0.000000 0.010274 -0.069875 -0.292190
    49 0.679688 0.000003 0.000000 0.010275 -0.069871 -0.292190
    50 3.696249 0.271114 0.723153 0.097888 -0.034222 -0.326611
    51 1.748047 -0.000012 -0.000002 0.003526 -0.023385 -0.299307
    52 0.956684 0.000004 0.000002 0.003527 -0.023396 -0.299510
    53 -3.756462 5.577850 2.053357 1.570803 -0.000001 0.000000
    54 -2.735646 -0.081365 5.727119 0.000007 0.000015 1.570796
    55 0.000001 5.662003 -0.974302 1.570804 -0.000001 0.000000
    56 -0.000002 -2.275002 5.113525 0.000000 0.000000 -3.141592
    57 -2.477620 5.416855 4.597564 1.570804 -0.000001 0.000000
    58 -1.515218 1.317776 5.998497 0.000000 0.000000 0.000000
    59 -2.455992 5.657928 -0.087295 1.570804 -0.000001 0.000000
    60 -1.485628 -1.617812 5.263969 0.000000 0.000000 3.141592
    61 3.756460 5.577858 2.053359 1.570803 -0.000001 0.000000
    62 2.735645 -0.081364 5.727116 0.000004 -0.000011 -1.570795
    63 2.477613 5.416855 4.597570 1.570804 -0.000001 0.000000
    64 1.515220 1.317777 5.998508 0.000000 0.000000 0.000000
    65 2.455991 5.657928 -0.087293 1.570804 -0.000001 0.000000
    66 1.485620 -1.617803 5.263973 0.000000 0.000000 -3.141592
    67 4.575642 5.632584 0.000132 0.000000 -1.570771 0.249128
    68 -0.000001 0.314078 5.161098 0.000000 0.000000 0.000000
    69 -0.000001 -0.323108 3.750217 0.000000 0.000000 0.000000
    70 5.734947 1.075212 4.685178 1.570830 -0.000004 -1.321669
    71 -0.753896 0.305901 4.971462 -0.000001 0.000002 0.000000
    72 -1.101006 -0.314705 3.448307 0.000001 0.000001 0.000000
    73 5.809101 -1.029643 4.595047 1.570829 -0.000004 -1.321671
    74 -0.714908 -0.199657 5.028973 0.000000 0.000003 0.000000
    75 -0.282898 -0.851690 4.444889 0.000000 0.000000 0.000000
    76 9.578484 -1.290738 0.000240 0.000000 1.570770 -2.892481
    77 9.369518 -1.236408 1.787905 0.000000 1.570770 -2.892481
    78 9.436707 -1.331719 -1.409029 0.000000 1.570770 -2.892477
    79 5.735191 1.075235 -4.684885 -1.570814 0.000004 1.819923
    80 0.753901 0.305904 4.971474 -0.000001 -0.000002 0.000000
    81 1.101010 -0.314705 3.448315 0.000000 -0.000001 0.000000
    82 5.809341 -1.029617 -4.594752 -1.570814 0.000004 1.819922
    83 0.714908 -0.199655 5.028969 0.000000 -0.000003 0.000000
    84 0.282897 -0.851688 4.444893 0.000000 0.000000 0.000000
  time 1
    0 -1.524840 1.727315 26.168969 1.715421 0.021440 0.102355
    1 3.983847 0.002149 0.003401 -2.757440 -1.294280 -0.466923
    2 15.938816 -0.000100 -0.000005 -0.000009 -0.000002 1.952249
    3 17.707025 -0.000068 0.000003 0.376822 -0.194387 -1.100835
    4 6.202515 0.003416 -0.000367 -0.005928 -0.004374 -0.958710
    5 -3.983848 0.002149 0.003395 -1.308895 -1.239085 -1.502507
    6 15.938826 -0.000113 -0.000001 0.000002 0.000010 1.594723
    7 17.707031 0.000018 0.000000 -0.315214 -0.027887 -1.478072
    8 6.203125 0.000000 0.000000 -0.081331 -0.002953 -0.584372
    9 -0.000001 4.209253 -1.688832 1.572137 -0.575159 1.567723
    10 3.836055 0.000000 0.000000 -0.069283 -0.013254 0.005908
    11 3.617625 -0.000275 -0.000015 -0.056543 -0.011789 0.438166
    12 7.537925 0.003588 -0.000212 0.016668 -0.003088 0.137724
    13 3.177734 0.000000 0.000000 3.137538 0.000823 0.400474
    14 2.966416 0.000318 0.000023 0.078938 -0.147208 1.754572
    15 2.023770 0.904983 0.850949 2.049404 -1.299233 2.468524
    16 4.980521 0.000781 -0.001089 -2.137311 -0.727992 -0.375009
    17 11.119977 0.000007 0.000004 -0.000003 -0.000001 -1.687622
    18 11.205393 -0.000039 0.000000 1.678800 -0.316875 0.233905
    19 3.767608 0.148800 0.074041 0.089823 0.185396 -0.326372
    20 2.037109 0.000000 0.000000 0.003643 -0.024192 -0.299242
    21 1.066406 0.000000 0.000000 0.003643 -0.024192 -0.299244
    22 3.783203 -0.017258 0.794434 0.548045 0.085960 -0.316569
    23 1.628906 0.000000 0.000000 0.012406 -0.085556 -0.288091
    24 0.955566 -0.000004 0.000001 0.012406 -0.085556 -0.288099
    25 1.258789 -0.297852 1.251953 -1.378796 -0.581083 -0.486790
    26 1.392578 0.000002 -0.000002 -0.000054 -0.000329 0.324626
    27 1.099609 0.000002 -0.000004 0.000000 0.000000 0.000000
    28 3.548828 0.198730 -1.489258 -0.571798 0.100828 -0.256377
    29 1.218750 0.000004 0.000004 -0.009975 0.067698 -0.292690
    30 0.679688 -0.000001 0.000000 -0.009971 0.067689 -0.292686
    31 3.697042 0.266204 -0.725138 -0.097556 0.031562 -0.326884
    32 1.748047 0.000000 0.000002 -0.003159 0.020962 -0.299478
    33 0.959961 0.000004 0.000000 -0.003166 0.020972 -0.299671
    34 2.023778 0.904982 -0.850921 -2.075968 1.161807 2.520294
    35 4.981625 0.002227 0.003236 1.924662 0.655478 -0.930052
    36 11.119975 -0.000005 0.000000 0.000001 0.000002 -2.163955
    37 11.205375 0.000073 0.000008 -1.671283 0.310427 0.233652
    38 3.766600 0.148254 -0.075376 -0.089513 -0.188043 -0.324859
    39 2.037109 0.000002 0.000000 -0.003278 0.021743 -0.299424
    40 1.066406 0.000002 0.000002 -0.003278 0.021743 -0.299428
    41 3.780812 -0.024988 -0.795569 -0.547791 -0.088513 -0.315894
    42 1.628906 0.000000 0.000000 -0.012097 0.083240 -0.288753
    43 0.955566 0.000000 -0.000001 -0.012097 0.083232 -0.288761
    44 1.258789 -0.308350 -1.250000 1.375718 0.577178 -0.491580
    45 1.392578 -0.000002 0.000002 0.000349 0.002144 0.324618
    46 1.099609 0.000004 -0.000002 0.000000 0.000000 0.000000
    47 3.548828 0.211304 1.487305 0.571268 -0.102934 -0.255551
    48 1.218750 0.000006 0.000000 0.010274 -0.069875 -0.292190
    49 0.679688 0.000003 0.000000 0.010275 -0.069871 -0.292190
    50 3.696249 0.271114 0.723153 0.097888 -0.034222 -0.326611
    51 1.748047 -0.000012 -0.000002 0.003526 -0.023385 -0.299307
    52 0.956684 0.000004 0.000002 0.003527 -0.023396 -0.299497
    53 -3.756462 5.577850 2.053357 1.570803 -0.000001 0.000000
    54 -2.735646 -0.081365 5.727119 0.000007 0.000015 1.570796
    55 0.000001 5.662003 -0.974302 1.570804 -0.000001 0.000000
    56 -0.000002 -2.275002 5.113525 0.000000 0.000000 -3.141592
    57 -2.477620 5.416855 4.597564 1.570804 -0.000001 0.000000
    58 -1.515218 1.317776 5.998497 0.000000 0.000000 0.000000
    59 -2.455992 5.657928 -0.087295 1.570804 -0.000001 0.000000
    60 -1.485628 -1.617812 5.263969 0.000000 0.000000 3.141592
    61 3.756460 5.577858 2.053359 1.570803 -0.000001 0.000000
    62 2.735645 -0.081364 5.727116 0.000004 -0.000011 -1.570795
    63 2.477613 5.416855 4.597570 1.570804 -0.000001 0.000000
    64 1.515220 1.317777 5.998508 0.000000 0.000000 0.000000
    65 2.455991 5.657928 -0.087293 1.570804 -0.000001 0.000000
    66 1.485620 -1.617803 5.263973 0.000000 0.000000 -3.141592
    67 4.575642 5.632584 0.000132 0.000000 -1.570771 0.249128
    68 -0.000001 0.314078 5.161098 0.000000 0.000000 0.000000
    69 -0.000001 -0.323108 3.750217 0.000000 0.000000 0.000000
    70 5.734947 1.075212 4.685178 1.570830 -0.000004 -1.321669
    71 -0.753896 0.305901 4.971462 -0.000001 0.000002 0.000000
    72 -1.101006 -0.314705 3.448307 0.000001 0.000001 0.000000
    73 5.809101 -1.029643 4.595047 1.570829 -0.000004 -1.321671
    74 -0.714908 -0.199657 5.028973 0.000000 0.000003 0.000000
    75 -0.282898 -0.851690 4.444889 0.000000 0.000000 0.000000
    76 9.578484 -1.290738 0.000240 0.000000 1.570770 -2.892481
    77 9.369518 -1.236408 1.787905 0.000000 1.570770 -2.892481
    78 9.436707 -1.331719 -1.409029 0.000000 1.570770 -2.892477
    79 5.735191 1.075235 -4.684885 -1.570814 0.000004 1.819923
    80 0.753901 0.305904 4.971474 -0.000001 -0.000002 0.000000
    81 1.101010 -0.314705 3.448315 0.000000 -0.000001 0.000000
    82 5.809341 -1.029617 -4.594752 -1.570814 0.000004 1.819922
    83 0.714908 -0.199655 5.028969 0.000000 -0.000003 0.000000
    84 0.282897 -0.851688 4.444893 0.000000 0.000000 0.000000
  time 2
    0 -3.162308 3.407753 25.938493 1.704347 0.027025 0.123506
    1 3.983847 0.002149 0.003401 -2.404225 -1.248489 -0.881854
    2 15.938816 -0.000100 -0.000005 -0.000009 -0.000002 2.046152
    3 17.707025 -0.000068 0.000003 0.474038 -0.282966 -1.064797
    4 6.202515 0.003416 -0.000367 -0.005352 -0.004722 -1.083500
    5 -3.983848 0.002149 0.003395 -1.464333 -1.270990 -1.317400
    6 15.938826 -0.000113 -0.000001 0.000002 0.000010 1.536278
    7 17.707031 0.000018 0.000000 -0.321879 0.050705 -1.393590
    8 6.203125 0.000000 0.000000 -0.081331 -0.002953 -0.584372
    9 -0.000001 4.209253 -1.688832 1.571034 -0.575159 1.569353
    10 3.836055 0.000000 0.000000 -0.072771 -0.008208 0.006819
    11 3.617625 -0.000275 -0.000015 -0.059180 -0.005065 0.439348
    12 7.537925 0.003588 -0.000212 0.019328 0.001382 0.138814
    13 3.177734 0.000000 0.000000 3.137538 0.000823 0.400474
    14 2.966416 0.000318 0.000023 0.070909 -0.144332 1.756070
    15 2.023770 0.904983 0.850949 2.092654 -1.312058 2.423659
    16 4.980521 0.000781 -0.001089 -2.110839 -0.739024 -0.413022
    17 11.119977 0.000007 0.000004 -0.000003 -0.000001 -1.683048
    18 11.205393 -0.000039 0.000000 1.678464 -0.316875 0.233761
    19 3.767608 0.148800 0.074041 0.089823 0.185396 -0.326372
    20 2.037109 0.000000 0.000000 0.003643 -0.024192 -0.299242
    21 1.066406 0.000000 0.000000 0.003643 -0.024192 -0.299244
    22 3.783203 -0.017258 0.794434 0.548045 0.085960 -0.316569
    23 1.628906 0.000000 0.000000 0.012406 -0.085556 -0.288091
    24 0.955566 -0.000004 0.000001 0.012406 -0.085556 -0.288099
    25 1.258789 -0.297852 1.251953 -1.378796 -0.581083 -0.486790
    26 1.392578 0.000002 -0.000002 -0.000054 -0.000329 0.324626
    27 1.099609 0.000002 -0.000004 0.000000 0.000000 0.000000
    28 3.548828 0.198730 -1.489258 -0.571798 0.100828 -0.256377
    29 1.218750 0.000004 0.000004 -0.009975 0.067698 -0.292690
    30 0.679688 -0.000001 0.000000 -0.009971 0.067689 -0.292686
    31 3.697042 0.266204 -0.725138 -0.097556 0.031562 -0.326884
    32 1.748047 0.000000 0.000002 -0.003159 0.020962 -0.299478
    33 0.959961 0.000004 0.000000 -0.003166 0.020972 -0.299671
    34 2.023778 0.904982 -0.850921 -2.061773 1.138233 2.536823
    35 4.981625 0.002227 0.003236 1.931318 0.593369 -0.919328
    36 11.119975 -0.000005 0.000000 0.000001 0.000002 -2.169189
    37 11.205375 0.000073 0.000008 -1.672190 0.309984 0.233652
    38 3.766600 0.148254 -0.075376 -0.089513 -0.188055 -0.324859
    39 2.037109 0.000002 0.000000 -0.003278 0.021743 -0.299424
    40 1.066406 0.000002 0.000002 -0.003278 0.021743 -0.299428
    41 3.780812 -0.024988 -0.795569 -0.547791 -0.088525 -0.315894
    42 1.628906 0.000000 0.000000 -0.012097 0.083240 -0.288753
    43 0.955566 0.000000 -0.000001 -0.012097 0.083232 -0.288761
    44 1.258789 -0.308350 -1.250000 1.375718 0.577178 -0.491580
    45 1.392578 -0.000002 0.000002 0.000349 0.002144 0.324618
    46 1.099609 0.000004 -0.000002 0.000000 0.000000 0.000000
    47 3.548828 0.211304 1.487305 0.571268 -0.102934 -0.255551
    48 1.218750 0.000006 0.000000 0.010274 -0.069875 -0.292190
    49 0.679688 0.000003 0.000000 0.010275 -0.069871 -0.292190
    50 3.696249 0.271114 0.723153 0.097888 -0.034222 -0.326611
    51 1.748047 -0.000012 -0.000002 0.003526 -0.023385 -0.299307
    52 0.956684 0.000004 0.000002 0.003527 -0.023396 -0.299510
    53 -3.756462 5.577850 2.053357 1.570803 -0.000001 0.000000
    54 -2.735646 -0.081365 5.727119 0.000007 0.000015 1.570796
    55 0.000001 5.662003 -0.974302 1.570804 -0.000001 0.000000
    56 -0.000002 -2.275002 5.113525 0.000000 0.000000 -3.141592
    57 -2.477620 5.416855 4.597564 1.570804 -0.000001 0.000000
    58 -1.515218 1.317776 5.998497 0.000000 0.000000 0.000000
    59 -2.455992 5.657928 -0.087295 1.570804 -0.000001 0.000000
    60 -1.485628 -1.617812 5.263969 0.000000 0.000000 3.141592
    61 3.756460 5.577858 2.053359 1.570803 -0.000001 0.000000
    62 2.735645 -0.081364 5.727116 0.000004 -0.000011 -1.570795
    63 2.477613 5.416855 4.597570 1.570804 -0.000001 0.000000
    64 1.515220 1.317777 5.998508 0.000000 0.000000 0.000000
    65 2.455991 5.657928 -0.087293 1.570804 -0.000001 0.000000
    66 1.485620 -1.617803 5.263973 0.000000 0.000000 -3.141592
    67 4.575642 5.632584 0.000132 0.000000 -1.570771 0.249128
    68 -0.000001 0.314078 5.161098 0.000000 0.000000 0.000000
    69 -0.000001 -0.323108 3.750217 0.000000 0.000000 0.000000
    70 5.734947 1.075212 4.685178 1.570830 -0.000004 -1.321669
    71 -0.753896 0.305901 4.971462 -0.000001 0.000002 0.000000
    72 -1.101006 -0.314705 3.448307 0.000001 0.000001 0.000000
    73 5.809101 -1.029643 4.595047 1.570829 -0.000004 -1.321671
    74 -0.714908 -0.199657 5.028973 0.000000 0.000003 0.000000
    75 -0.282898 -0.851690 4.444889 0.000000 0.000000 0.000000
    76 9.578484 -1.290738 0.000240 0.000000 1.570770 -2.892481
    77 9.369518 -1.236408 1.787905 0.000000 1.570770 -2.892481
    78 9.436707 -1.331719 -1.409029 0.000000 1.570770 -2.892477
    79 5.735191 1.075235 -4.684885 -1.570814 0.000004 1.819923
    80 0.753901 0.305904 4.971474 -0.000001 -0.000002 0.000000
    81 1.101010 -0.314705 3.448315 0.000000 -0.000001 0.000000
    82 5.809341 -1.029617 -4.594752 -1.570814 0.000004 1.819922
    83 0.714908 -0.199655 5.028969 0.000000 -0.000003 0.000000
    84 0.282897 -0.851688 4.444893 0.000000 0.000000 0.000000
  time 3
    0 -4.807589 5.103817 25.805677 1.699937 0.041766 0.141973
    1 3.983847 0.002149 0.003401 -2.365654 -1.193798 -1.040638
    2 15.938816 -0.000100 -0.000005 -0.000009 -0.000002 2.171674
    3 17.707025 -0.000068 0.000003 0.562389 -0.250017 -1.083152
    4 6.202515 0.003416 -0.000367 -0.005640 -0.004542 -1.018905
    5 -3.983848 0.002149 0.003395 -1.593785 -1.281167 -1.141005
    6 15.938826 -0.000113 -0.000001 0.000002 0.000010 1.443761
    7 17.707031 0.000018 0.000000 -0.339899 0.109453 -1.294448
    8 6.203125 0.000000 0.000000 -0.081331 -0.002953 -0.584372
    9 -0.000001 4.209253 -1.688832 1.566384 -0.575159 1.576927
    10 3.836055 0.000000 0.000000 -0.075635 -0.003762 0.006926
    11 3.617625 -0.000275 -0.000015 -0.061157 0.000963 0.439728
    12 7.537925 0.003588 -0.000212 0.022097 0.005792 0.139929
    13 3.177734 0.000000 0.000000 3.137538 0.000823 0.400474
    14 2.966416 0.000318 0.000023 0.061153 -0.140485 1.756161
    15 2.023770 0.904983 0.850949 2.123605 -1.318206 2.391573
    16 4.980521 0.000781 -0.001089 -2.098041 -0.740812 -0.437207
    17 11.119977 0.000007 0.000004 -0.000003 -0.000001 -1.677787
    18 11.205393 -0.000039 0.000000 1.676976 -0.316765 0.233042
    19 3.767608 0.148800 0.074041 0.089823 0.185396 -0.326372
    20 2.037109 0.000000 0.000000 0.003643 -0.024192 -0.299242
    21 1.066406 0.000000 0.000000 0.003643 -0.024192 -0.299244
    22 3.783203 -0.017258 0.794434 0.548045 0.085960 -0.316569
    23 1.628906 0.000000 0.000000 0.012406 -0.085556 -0.288091
    24 0.955566 -0.000004 0.000001 0.012406 -0.085556 -0.288099
    25 1.258789 -0.297852 1.251953 -1.378796 -0.581083 -0.486790
    26 1.392578 0.000002 -0.000002 -0.000054 -0.000329 0.324626
    27 1.099609 0.000002 -0.000004 0.000000 0.000000 0.000000
    28 3.548828 0.198730 -1.489258 -0.571798 0.100828 -0.256377
    29 1.218750 0.000004 0.000004 -0.009975 0.067698 -0.292690
    30 0.679688 -0.000001 0.000000 -0.009971 0.067689 -0.292686
    31 3.697042 0.266204 -0.725138 -0.097556 0.031562 -0.326884
    32 1.748047 0.000000 0.000002 -0.003159 0.020962 -0.299478
    33 0.959961 0.000004 0.000000 -0.003166 0.020972 -0.299671
    34 2.023778 0.904982 -0.850921 -2.051700 1.122069 2.548474
    35 4.981625 0.002227 0.003236 1.939368 0.544864 -0.912717
    36 11.119975 -0.000005 0.000000 0.000001 0.000002 -2.172468
    37 11.205375 0.000073 0.000008 -1.675912 0.308545 0.233592
    38 3.766600 0.148254 -0.075376 -0.089513 -0.188043 -0.324859
    39 2.037109 0.000002 0.000000 -0.003278 0.021743 -0.299424
    40 1.066406 0.000002 0.000002 -0.003278 0.021743 -0.299428
    41 3.780812 -0.024988 -0.795569 -0.547791 -0.088513 -0.315894
    42 1.628906 0.000000 0.000000 -0.012097 0.083240 -0.288753
    43 0.955566 0.000000 -0.000001 -0.012097 0.083232 -0.288761
    44 1.258789 -0.308350 -1.250000 1.375718 0.577178 -0.491580
    45 1.392578 -0.000002 0.000002 0.000349 0.002144 0.324618
    46 1.099609 0.000004 -0.000002 0.000000 0.000000 0.000000
    47 3.548828 0.211304 1.487305 0.571268 -0.102934 -0.255551
    48 1.218750 0.000006 0.000000 0.010274 -0.069875 -0.292190
    49 0.679688 0.000003 0.000000 0.010275 -0.069871 -0.292190
    50 3.696249 0.271114 0.723153 0.097888 -0.034222 -0.326611
    51 1.748047 -0.000012 -0.000002 0.003526 -0.023385 -0.299307
    52 0.956684 0.000004 0.000002 0.003527 -0.023396 -0.299497
    53 -3.756462 5.577850 2.053357 1.570803 -0.000001 0.000000
    54 -2.735646 -0.081365 5.727119 0.000007 0.000015 1.570796
    55 0.000001 5.662003 -0.974302 1.570804 -0.000001 0.000000
    56 -0.000002 -2.275002 5.113525 0.000000 0.000000 -3.141592
    57 -2.477620 5.416855 4.597564 1.570804 -0.000001 0.000000
    58 -1.515218 1.317776 5.998497 0.000000 0.000000 0.000000
    59 -2.455992 5.657928 -0.087295 1.570804 -0.000001 0.000000
    60 -1.485628 -1.617812 5.263969 0.000000 0.000000 3.141592
    61 3.756460 5.577858 2.053359 1.570803 -0.000001 0.000000
    62 2.735645 -0.081364 5.727116 0.000004 -0.000011 -1.570795
    63 2.477613 5.416855 4.597570 1.570804 -0.000001 0.000000
    64 1.515220 1.317777 5.998508 0.000000 0.000000 0.000000
    65 2.455991 5.657928 -0.087293 1.570804 -0.000001 0.000000
    66 1.485620 -1.617803 5.263973 0.000000 0.000000 -3.141592
    67 4.575642 5.632584 0.000132 0.000000 -1.570771 0.249128
    68 -0.000001 0.314078 5.161098 0.000000 0.000000 0.000000
    69 -0.000001 -0.323108 3.750217 0.000000 0.000000 0.000000
    70 5.734947 1.075212 4.685178 1.570830 -0.000004 -1.321669
    71 -0.753896 0.305901 4.971462 -0.000001 0.000002 0.000000
    72 -1.101006 -0.314705 3.448307 0.000001 0.000001 0.000000
    73 5.809101 -1.029643 4.595047 1.570829 -0.000004 -1.321671
    74 -0.714908 -0.199657 5.028973 0.000000 0.000003 0.000000
    75 -0.282898 -0.851690 4.444889 0.000000 0.000000 0.000000
    76 9.578484 -1.290738 0.000240 0.000000 1.570770 -2.892481
    77 9.369518 -1.236408 1.787905 0.000000 1.570770 -2.892481
    78 9.436707 -1.331719 -1.409029 0.000000 1.570770 -2.892477
    79 5.735191 1.075235 -4.684885 -1.570814 0.000004 1.819923
    80 0.753901 0.305904 4.971474 -0.000001 -0.000002 0.000000
    81 1.101010 -0.314705 3.448315 0.000000 -0.000001 0.000000
    82 5.809341 -1.029617 -4.594752 -1.570814 0.000004 1.819922
    83 0.714908 -0.199655 5.028969 0.000000 -0.000003 0.000000
    84 0.282897 -0.851688 4.444893 0.000000 0.000000 0.000000
  time 4
    0 -6.433339 6.858477 25.778332 1.701615 0.057238 0.154306
    1 3.983847 0.002149 0.003401 -2.372590 -1.135281 -1.131027
    2 15.938816 -0.000100 -0.000005 -0.000009 -0.000002 2.236953
    3 17.707025 -0.000068 0.000003 0.596639 -0.119004 -1.110808
    4 6.202515 0.003416 -0.000367 -0.005940 -0.004350 -0.954344
    5 -3.983848 0.002149 0.003395 -1.633146 -1.273910 -1.032714
    6 15.938826 -0.000113 -0.000001 0.000002 0.000010 1.317298
    7 17.707031 0.000018 0.000000 -0.386254 0.139826 -1.183955
    8 6.203125 0.000000 0.000000 -0.081331 -0.002953 -0.584372
    9 -0.000001 4.209253 -1.688832 1.563460 -0.575139 1.581672
    10 3.836055 0.000000 0.000000 -0.078092 -0.000970 0.006843
    11 3.617625 -0.000275 -0.000015 -0.062547 0.005301 0.439785
    12 7.537925 0.003588 -0.000212 0.025105 0.010119 0.140756
    13 3.177734 0.000000 0.000000 3.137538 0.000823 0.400474
    14 2.966416 0.000318 0.000023 0.049372 -0.136674 1.755752
    15 2.023770 0.904983 0.850949 2.139905 -1.317717 2.374533
    16 4.980521 0.000781 -0.001089 -2.098815 -0.735718 -0.443296
    17 11.119977 0.000007 0.000004 -0.000003 -0.000001 -1.670926
    18 11.205393 -0.000039 0.000000 1.676255 -0.316692 0.232659
    19 3.767608 0.148800 0.074041 0.089823 0.185396 -0.326372
    20 2.037109 0.000000 0.000000 0.003643 -0.024192 -0.299242
    21 1.066406 0.000000 0.000000 0.003643 -0.024192 -0.299244
    22 3.783203 -0.017258 0.794434 0.548045 0.085960 -0.316569
    23 1.628906 0.000000 0.000000 0.012406 -0.085556 -0.288091
    24 0.955566 -0.000004 0.000001 0.012406 -0.085556 -0.288099
    25 1.258789 -0.297852 1.251953 -1.378796 -0.581083 -0.486790
    26 1.392578 0.000002 -0.000002 -0.000054 -0.000329 0.324626
    27 1.099609 0.000002 -0.000004 0.000000 0.000000 0.000000
    28 3.548828 0.198730 -1.489258 -0.571798 0.100828 -0.256377
    29 1.218750 0.000004 0.000004 -0.009975 0.067698 -0.292690
    30 0.679688 -0.000001 0.000000 -0.009971 0.067689 -0.292686
    31 3.697042 0.266204 -0.725138 -0.097556 0.031562 -0.326884
    32 1.748047 0.000000 0.000002 -0.003159 0.020962 -0.299478
    33 0.959961 0.000004 0.000000 -0.003166 0.020972 -0.299671
    34 2.023778 0.904982 -0.850921 -2.044603 1.112745 2.556693
    35 4.981625 0.002227 0.003236 1.950461 0.505593 -0.909955
    36 11.119975 -0.000005 0.000000 0.000001 0.000002 -2.173351
    37 11.205375 0.000073 0.000008 -1.677917 0.307754 0.233592
    38 3.766600 0.148254 -0.075376 -0.089513 -0.188043 -0.324859
    39 2.037109 0.000002 0.000000 -0.003278 0.021743 -0.299424
    40 1.066406 0.000002 0.000002 -0.003278 0.021743 -0.299428
    41 3.780812 -0.024988 -0.795569 -0.547791 -0.088513 -0.315894
    42 1.628906 0.000000 0.000000 -0.012097 0.083240 -0.288753
    43 0.955566 0.000000 -0.000001 -0.012097 0.083232 -0.288761
    44 1.258789 -0.308350 -1.250000 1.375718 0.577178 -0.491580
    45 1.392578 -0.000002 0.000002 0.000349 0.002144 0.324618
    46 1.099609 0.000004 -0.000002 0.000000 0.000000 0.000000
    47 3.548828 0.211304 1.487305 0.571268 -0.102934 -0.255551
    48 1.218750 0.000006 0.000000 0.010274 -0.069875 -0.292190
    49 0.679688 0.000003 0.000000 0.010275 -0.069871 -0.292190
    50 3.696249 0.271114 0.723153 0.097888 -0.034222 -0.326611
    51 1.748047 -0.000012 -0.000002 0.003526 -0.023385 -0.299307
    52 0.956684 0.000004 0.000002 0.003527 -0.023396 -0.299497
    53 -3.756462 5.577850 2.053357 1.570803 -0.000001 0.000000
    54 -2.735646 -0.081365 5.727119 0.000007 0.000015 1.570796
    55 0.000001 5.662003 -0.974302 1.570804 -0.000001 0.000000
    56 -0.000002 -2.275002 5.113525 0.000000 0.000000 -3.141592
    57 -2.477620 5.416855 4.597564 1.570804 -0.000001 0.000000
    58 -1.515218 1.317776 5.998497 0.000000 0.000000 0.000000
    59 -2.455992 5.657928 -0.087295 1.570804 -0.000001 0.000000
    60 -1.485628 -1.617812 5.263969 0.000000 0.000000 3.141592
    61 3.756460 5.577858 2.053359 1.570803 -0.000001 0.000000
    62 2.735645 -0.081364 5.727116 0.000004 -0.000011 -1.570795
    63 2.477613 5.416855 4.597570 1.570804 -0.000001 0.000000
    64 1.515220 1.317777 5.998508 0.000000 0.000000 0.000000
    65 2.455991 5.657928 -0.087293 1.570804 -0.000001 0.000000
    66 1.485620 -1.617803 5.263973 0.000000 0.000000 -3.141592
    67 4.575642 5.632584 0.000132 0.000000 -1.570771 0.249128
    68 -0.000001 0.314078 5.161098 0.000000 0.000000 0.000000
    69 -0.000001 -0.323108 3.750217 0.000000 0.000000 0.000000
    70 5.734947 1.075212 4.685178 1.570830 -0.000004 -1.321669
    71 -0.753896 0.305901 4.971462 -0.000001 0.000002 0.000000
    72 -1.101006 -0.314705 3.448307 0.000001 0.000001 0.000000
    73 5.809101 -1.029643 4.595047 1.570829 -0.000004 -1.321671
    74 -0.714908 -0.199657 5.028973 0.000000 0.000003 0.000000
    75 -0.282898 -0.851690 4.444889 0.000000 0.000000 0.000000
    76 9.578484 -1.290738 0.000240 0.000000 1.570770 -2.892481
    77 9.369518 -1.236408 1.787905 0.000000 1.570770 -2.892481
    78 9.436707 -1.331719 -1.409029 0.000000 1.570770 -2.892477
    79 5.735191 1.075235 -4.684885 -1.570814 0.000004 1.819923
    80 0.753901 0.305904 4.971474 -0.000001 -0.000002 0.000000
    81 1.101010 -0.314705 3.448315 0.000000 -0.000001 0.000000
    82 5.809341 -1.029617 -4.594752 -1.570814 0.000004 1.819922
    83 0.714908 -0.199655 5.028969 0.000000 -0.000003 0.000000
    84 0.282897 -0.851688 4.444893 0.000000 0.000000 0.000000
  time 5
    0 -8.051275 8.718608 25.825209 1.706792 0.061864 0.158970
    1 3.983847 0.002149 0.003401 -2.336014 -1.039561 -1.165538
    2 15.938816 -0.000100 -0.000005 -0.000009 -0.000002 2.106713
    3 17.707025 -0.000068 0.000003 0.416606 0.324234 -1.180895
    4 6.202515 0.003416 -0.000367 -0.006695 -0.003715 -0.769325
    5 -3.983848 0.002149 0.003395 -1.608307 -1.251151 -0.980349
    6 15.938826 -0.000113 -0.000001 0.000002 0.000010 1.157078
    7 17.707031 0.000018 0.000000 -0.457158 0.151140 -1.062274
    8 6.203125 0.000000 0.000000 -0.081331 -0.002953 -0.584372
    9 -0.000001 4.209253 -1.688832 1.570171 -0.575159 1.570983
    10 3.836055 0.000000 0.000000 -0.080333 -0.000490 0.007382
    11 3.617625 -0.000275 -0.000015 -0.063482 0.007315 0.440249
    12 7.537925 0.003588 -0.000212 0.028425 0.014385 0.140948
    13 3.177734 0.000000 0.000000 3.137538 0.000823 0.400474
    14 2.966416 0.000318 0.000023 0.035890 -0.133762 1.755979
    15 2.023770 0.904983 0.850949 2.149205 -1.313687 2.364653
    16 4.980521 0.000781 -0.001089 -2.105111 -0.730388 -0.437577
    17 11.119977 0.000007 0.000004 -0.000003 -0.000001 -1.662807
    18 11.205393 -0.000039 0.000000 1.678176 -0.317033 0.233570
    19 3.767608 0.148800 0.074041 0.089823 0.185396 -0.326372
    20 2.037109 0.000000 0.000000 0.003643 -0.024192 -0.299242
    21 1.066406 0.000000 0.000000 0.003643 -0.024192 -0.299244
    22 3.783203 -0.017258 0.794434 0.548045 0.085960 -0.316569
    23 1.628906 0.000000 0.000000 0.012406 -0.085556 -0.288091
    24 0.955566 -0.000004 0.000001 0.012406 -0.085556 -0.288099
    25 1.258789 -0.297852 1.251953 -1.378796 -0.581083 -0.486790
    26 1.392578 0.000002 -0.000002 -0.000054 -0.000329 0.324626
    27 1.099609 0.000002 -0.000004 0.000000 0.000000 0.000000
    28 3.548828 0.198730 -1.489258 -0.571798 0.100828 -0.256377
    29 1.218750 0.000004 0.000004 -0.009975 0.067698 -0.292690
    30 0.679688 -0.000001 0.000000 -0.009971 0.067689 -0.292686
    31 3.697042 0.266204 -0.725138 -0.097556 0.031562 -0.326884
    32 1.748047 0.000000 0.000002 -0.003159 0.020962 -0.299478
    33 0.959961 0.000004 0.000000 -0.003166 0.020972 -0.299671
    34 2.023778 0.904982 -0.850921 -2.038392 1.106515 2.563828
    35 4.981625 0.002227 0.003236 1.966507 0.466844 -0.906224
    36 11.119975 -0.000005 0.000000 0.000001 0.000002 -2.172153
    37 11.205375 0.000073 0.000008 -1.672858 0.309696 0.233652
    38 3.766600 0.148254 -0.075376 -0.089513 -0.188043 -0.324859
    39 2.037109 0.000002 0.000000 -0.003278 0.021743 -0.299424
    40 1.066406 0.000002 0.000002 -0.003278 0.021743 -0.299428
    41 3.780812 -0.024988 -0.795569 -0.547791 -0.088525 -0.315894
    42 1.628906 0.000000 0.000000 -0.012097 0.083240 -0.288753
    43 0.955566 0.000000 -0.000001 -0.012097 0.083232 -0.288761
    44 1.258789 -0.308350 -1.250000 1.375718 0.577178 -0.491580
    45 1.392578 -0.000002 0.000002 0.000349 0.002144 0.324618
    46 1.099609 0.000004 -0.000002 0.000000 0.000000 0.000000
    47 3.548828 0.211304 1.487305 0.571268 -0.102934 -0.255551
    48 1.218750 0.000006 0.000000 0.010274 -0.069875 -0.292190
    49 0.679688 0.000003 0.000000 0.010275 -0.069871 -0.292190
    50 3.696249 0.271114 0.723153 0.097888 -0.034222 -0.326611
    51 1.748047 -0.000012 -0.000002 0.003526 -0.023385 -0.299307
    52 0.956684 0.000004 0.000002 0.003527 -0.023396 -0.299510
    53 -3.756462 5.577850 2.053357 1.570803 -0.000001 0.000000
    54 -2.735646 -0.081365 5.727119 0.000007 0.000015 1.570796
    55 0.000001 5.662003 -0.974302 1.570804 -0.000001 0.000000
    56 -0.000002 -2.275002 5.113525 0.000000 0.000000 -3.141592
    57 -2.477620 5.416855 4.597564 1.570804 -0.000001 0.000000
    58 -1.515218 1.317776 5.998497 0.000000 0.000000 0.000000
    59 -2.455992 5.657928 -0.087295 1.570804 -0.000001 0.000000
    60 -1.485628 -1.617812 5.263969 0.000000 0.000000 3.141592
    61 3.756460 5.577858 2.053359 1.570803 -0.000001 0.000000
    62 2.735645 -0.081364 5.727116 0.000004 -0.000011 -1.570795
    63 2.477613 5.416855 4.597570 1.570804 -0.000001 0.000000
    64 1.515220 1.317777 5.998508 0.000000 0.000000 0.000000
    65 2.455991 5.657928 -0.087293 1.570804 -0.000001 0.000000
    66 1.485620 -1.617803 5.263973 0.000000 0.000000 -3.141592
    67 4.575642 5.632584 0.000132 0.000000 -1.570771 0.249128
    68 -0.000001 0.314078 5.161098 0.000000 0.000000 0.000000
    69 -0.000001 -0.323108 3.750217 0.000000 0.000000 0.000000
    70 5.734947 1.075212 4.685178 1.570830 -0.000004 -1.321669
    71 -0.753896 0.305901 4.971462 -0.000001 0.000002 0.000000
    72 -1.101006 -0.314705 3.448307 0.000001 0.000001 0.000000
    73 5.809101 -1.029643 4.595047 1.570829 -0.000004 -1.321671
    74 -0.714908 -0.199657 5.028973 0.000000 0.000003 0.000000
    75 -0.282898 -0.851690 4.444889 0.000000 0.000000 0.000000
    76 9.578484 -1.290738 0.000240 0.000000 1.570770 -2.892481
    77 9.369518 -1.236408 1.787905 0.000000 1.570770 -2.892481
    78 9.436707 -1.331719 -1.409029 0.000000 1.570770 -2.892477
    79 5.735191 1.075235 -4.684885 -1.570814 0.000004 1.819923
    80 0.753901 0.305904 4.971474 -0.000001 -0.000002 0.000000
    81 1.101010 -0.314705 3.448315 0.000000 -0.000001 0.000000
    82 5.809341 -1.029617 -4.594752 -1.570814 0.000004 1.819922
    83 0.714908 -0.199655 5.028969 0.000000 -0.000003 0.000000
    84 0.282897 -0.851688 4.444893 0.000000 0.000000 0.000000
  time 6
    0 -9.661399 10.656867 25.887711 1.711730 0.071452 0.160184
    1 3.983847 0.002149 0.003401 -2.303429 -0.971075 -1.157938
    2 15.938816 -0.000100 -0.000005 -0.000009 -0.000002 1.944536
    3 17.707025 -0.000068 0.000003 0.110558 0.637286 -1.401741
    4 6.202515 0.003416 -0.000367 -0.007306 -0.002960 -0.584341
    5 -3.983848 0.002149 0.003395 -1.612606 -1.189874 -0.902690
    6 15.938826 -0.000113 -0.000001 0.000002 0.000010 0.933186
    7 17.707031 0.000018 0.000000 -0.521307 0.165613 -0.911989
    8 6.203125 0.000000 0.000000 -0.081331 -0.002953 -0.584372
    9 -0.000001 4.209253 -1.688832 1.571897 -0.575159 1.568250
    10 3.836055 0.000000 0.000000 -0.082502 -0.002360 0.009120
    11 3.617625 -0.000275 -0.000015 -0.064081 0.006895 0.441587
    12 7.537925 0.003588 -0.000212 0.032068 0.018640 0.140204
    13 3.177734 0.000000 0.000000 3.137538 0.000823 0.400474
    14 2.966416 0.000318 0.000023 0.021892 -0.132395 1.757522
    15 2.023770 0.904983 0.850949 2.152255 -1.307498 2.361118
    16 4.980521 0.000781 -0.001089 -2.117392 -0.720503 -0.421415
    17 11.119977 0.000007 0.000004 -0.000003 -0.000001 -1.654459
    18 11.205393 -0.000039 0.000000 1.678800 -0.317227 0.233953
    19 3.767608 0.148800 0.074041 0.089823 0.185396 -0.326372
    20 2.037109 0.000000 0.000000 0.003643 -0.024192 -0.299242
    21 1.066406 0.000000 0.000000 0.003643 -0.024192 -0.299244
    22 3.783203 -0.017258 0.794434 0.548045 0.085960 -0.316569
    23 1.628906 0.000000 0.000000 0.012406 -0.085556 -0.288091
    24 0.955566 -0.000004 0.000001 0.012406 -0.085556 -0.288099
    25 1.258789 -0.297852 1.251953 -1.378796 -0.581083 -0.486790
    26 1.392578 0.000002 -0.000002 -0.000054 -0.000329 0.324626
    27 1.099609 0.000002 -0.000004 0.000000 0.000000 0.000000
    28 3.548828 0.198730 -1.489258 -0.571798 0.100828 -0.256377
    29 1.218750 0.000004 0.000004 -0.009975 0.067698 -0.292690
    30 0.679688 -0.000001 0.000000 -0.009971 0.067689 -0.292686
    31 3.697042 0.266204 -0.725138 -0.097556 0.031562 -0.326884
    32 1.748047 0.000000 0.000002 -0.003159 0.020962 -0.299478
    33 0.959961 0.000004 0.000000 -0.003166 0.020972 -0.299671
    34 2.023778 0.904982 -0.850921 -2.033226 1.102932 2.569699
    35 4.981625 0.002227 0.003236 1.981625 0.436366 -0.910631
    36 11.119975 -0.000005 0.000000 0.000001 0.000002 -2.170576
    37 11.205375 0.000073 0.000008 -1.671283 0.310307 0.233652
    38 3.766600 0.148254 -0.075376 -0.089513 -0.188043 -0.324859
    39 2.037109 0.000002 0.000000 -0.003278 0.021743 -0.299424
    40 1.066406 0.000002 0.000002 -0.003278 0.021743 -0.299428
    41 3.780812 -0.024988 -0.795569 -0.547791 -0.088513 -0.315894
    42 1.628906 0.000000 0.000000 -0.012097 0.083240 -0.288753
    43 0.955566 0.000000 -0.000001 -0.012097 0.083232 -0.288761
    44 1.258789 -0.308350 -1.250000 1.375718 0.577178 -0.491580
    45 1.392578 -0.000002 0.000002 0.000349 0.002144 0.324618
    46 1.099609 0.000004 -0.000002 0.000000 0.000000 0.000000
    47 3.548828 0.211304 1.487305 0.571268 -0.102934 -0.255551
    48 1.218750 0.000006 0.000000 0.010274 -0.069875 -0.292190
    49 0.679688 0.000003 0.000000 0.010275 -0.069871 -0.292190
    50 3.696249 0.271114 0.723153 0.097888 -0.034222 -0.326611
    51 1.748047 -0.000012 -0.000002 0.003526 -0.023385 -0.299307
    52 0.956684 0.000004 0.000002 0.003527 -0.023396 -0.299510
    53 -3.756462 5.577850 2.053357 1.570803 -0.000001 0.000000
    54 -2.735646 -0.081365 5.727119 0.000007 0.000015 1.570796
    55 0.000001 5.662003 -0.974302 1.570804 -0.000001 0.000000
    56 -0.000002 -2.275002 5.113525 0.000000 0.000000 -3.141592
    57 -2.477620 5.416855 4.597564 1.570804 -0.000001 0.000000
    58 -1.515218 1.317776 5.998497 0.000000 0.000000 0.000000
    59 -2.455992 5.657928 -0.087295 1.570804 -0.000001 0.000000
    60 -1.485628 -1.617812 5.263969 0.000000 0.000000 3.141592
    61 3.756460 5.577858 2.053359 1.570803 -0.000001 0.000000
    62 2.735645 -0.081364 5.727116 0.000004 -0.000011 -1.570795
    63 2.477613 5.416855 4.597570 1.570804 -0.000001 0.000000
    64 1.515220 1.317777 5.998508 0.000000 0.000000 0.000000
    65 2.455991 5.657928 -0.087293 1.570804 -0.000001 0.000000
    66 1.485620 -1.617803 5.263973 0.000000 0.000000 -3.141592
    67 4.575642 5.632584 0.000132 0.000000 -1.570771 0.249128
    68 -0.000001 0.314078 5.161098 0.000000 0.000000 0.000000
    69 -0.000001 -0.323108 3.750217 0.000000 0.000000 0.000000
    70 5.734947 1.075212 4.685178 1.570830 -0.000004 -1.321669
    71 -0.753896 0.305901 4.971462 -0.000001 0.000002 0.000000
    72 -1.101006 -0.314705 3.448307 0.000001 0.000001 0.000000
    73 5.809101 -1.029643 4.595047 1.570829 -0.000004 -1.321671
    74 -0.714908 -0.199657 5.028973 0.000000 0.000003 0.000000
    75 -0.282898 -0.851690 4.444889 0.000000 0.000000 0.000000
    76 9.578484 -1.290738 0.000240 0.000000 1.570770 -2.892481
    77 9.369518 -1.236408 1.787905 0.000000 1.570770 -2.892481
    78 9.436707 -1.331719 -1.409029 0.000000 1.570770 -2.892477
    79 5.735191 1.075235 -4.684885 -1.570814 0.000004 1.819923
    80 0.753901 0.305904 4.971474 -0.000001 -0.000002 0.000000
    81 1.101010 -0.314705 3.448315 0.000000 -0.000001 0.000000
    82 5.809341 -1.029617 -4.594752 -1.570814 0.000004 1.819922
    83 0.714908 -0.199655 5.028969 0.000000 -0.000003 0.000000
    84 0.282897 -0.851688 4.444893 0.000000 0.000000 0.000000
  time 7
    0 -11.275429 12.642002 25.883804 1.713264 0.081004 0.159801
    1 3.983847 0.002149 0.003401 -2.276828 -0.979752 -1.172958
    2 15.938816 -0.000100 -0.000005 -0.000009 -0.000002 1.866252
    3 17.707025 -0.000068 0.000003 0.103482 0.558169 -1.554213
    4 6.202515 0.003416 -0.000367 -0.007306 -0.002960 -0.584341
    5 -3.983848 0.002149 0.003395 -1.511719 -1.217700 -0.992152
    6 15.938826 -0.000113 -0.000001 0.000002 0.000010 0.884125
    7 17.707031 0.000018 0.000000 -0.278584 -0.060598 -0.727002
    8 6.203125 0.000000 0.000000 -0.081331 -0.002953 -0.584372
    9 -0.000001 4.209253 -1.688832 1.571609 -0.575159 1.568921
    10 3.836055 0.000000 0.000000 -0.084599 -0.006159 0.012212
    11 3.617625 -0.000275 -0.000015 -0.064381 0.004463 0.443896
    12 7.537925 0.003588 -0.000212 0.035759 0.022798 0.138347
    13 3.177734 0.000000 0.000000 3.137538 0.000823 0.400474
    14 2.966416 0.000318 0.000023 0.009368 -0.132467 1.760472
    15 2.023770 0.904983 0.850949 2.150355 -1.300414 2.362931
    16 4.980521 0.000781 -0.001089 -2.133493 -0.707515 -0.401072
    17 11.119977 0.000007 0.000004 -0.000003 -0.000001 -1.646625
    18 11.205393 -0.000039 0.000000 1.678800 -0.317264 0.233953
    19 3.767608 0.148800 0.074041 0.089823 0.185396 -0.326372
    20 2.037109 0.000000 0.000000 0.003643 -0.024192 -0.299242
    21 1.066406 0.000000 0.000000 0.003643 -0.024192 -0.299244
    22 3.783203 -0.017258 0.794434 0.548045 0.085960 -0.316569
    23 1.628906 0.000000 0.000000 0.012406 -0.085556 -0.288091
    24 0.955566 -0.000004 0.000001 0.012406 -0.085556 -0.288099
    25 1.258789 -0.297852 1.251953 -1.378796 -0.581083 -0.486790
    26 1.392578 0.000002 -0.000002 -0.000054 -0.000329 0.324626
    27 1.099609 0.000002 -0.000004 0.000000 0.000000 0.000000
    28 3.548828 0.198730 -1.489258 -0.571798 0.100828 -0.256377
    29 1.218750 0.000004 0.000004 -0.009975 0.067698 -0.292690
    30 0.679688 -0.000001 0.000000 -0.009971 0.067689 -0.292686
    31 3.697042 0.266204 -0.725138 -0.097556 0.031562 -0.326884
    32 1.748047 0.000000 0.000002 -0.003159 0.020962 -0.299478
    33 0.959961 0.000004 0.000000 -0.003166 0.020972 -0.299671
    34 2.023778 0.904982 -0.850921 -2.028894 1.101385 2.574215
    35 4.981625 0.002227 0.003236 1.996692 0.415260 -0.918270
    36 11.119975 -0.000005 0.000000 0.000001 0.000002 -2.168747
    37 11.205375 0.000073 0.000008 -1.671283 0.310343 0.233652
    38 3.766600 0.148254 -0.075376 -0.089513 -0.188043 -0.324859
    39 2.037109 0.000002 0.000000 -0.003278 0.021743 -0.299424
    40 1.066406 0.000002 0.000002 -0.003278 0.021743 -0.299428
    41 3.780812 -0.024988 -0.795569 -0.547791 -0.088513 -0.315894
    42 1.628906 0.000000 0.000000 -0.012097 0.083240 -0.288753
    43 0.955566 0.000000 -0.000001 -0.012097 0.083232 -0.288761
    44 1.258789 -0.308350 -1.250000 1.375718 0.577178 -0.491580
    45 1.392578 -0.000002 0.000002 0.000349 0.002144 0.324618
    46 1.099609 0.000004 -0.000002 0.000000 0.000000 0.000000
    47 3.548828 0.211304 1.487305 0.571268 -0.102934 -0.255551
    48 1.218750 0.000006 0.000000 0.010274 -0.069875 -0.292190
    49 0.679688 0.000003 0.000000 0.010275 -0.069871 -0.292190
    50 3.696249 0.271114 0.723153 0.097888 -0.034222 -0.326611
    51 1.748047 -0.000012 -0.000002 0.003526 -0.023385 -0.299307
    52 0.956684 0.000004 0.000002 0.003527 -0.023396 -0.299497
    53 -3.756462 5.577850 2.053357 1.570803 -0.000001 0.000000
    54 -2.735646 -0.081365 5.727119 0.000007 0.000015 1.570796
    55 0.000001 5.662003 -0.974302 1.570804 -0.000001 0.000000
    56 -0.000002 -2.275002 5.113525 0.000000 0.000000 -3.141592
    57 -2.477620 5.416855 4.597564 1.570804 -0.000001 0.000000
    58 -1.515218 1.317776 5.998497 0.000000 0.000000 0.000000
    59 -2.455992 5.657928 -0.087295 1.570804 -0.000001 0.000000
    60 -1.485628 -1.617812 5.263969 0.000000 0.000000 3.141592
    61 3.756460 5.577858 2.053359 1.570803 -0.000001 0.000000
    62 2.735645 -0.081364 5.727116 0.000004 -0.000011 -1.570795
    63 2.477613 5.416855 4.597570 1.570804 -0.000001 0.000000
    64 1.515220 1.317777 5.998508 0.000000 0.000000 0.000000
    65 2.455991 5.657928 -0.087293 1.570804 -0.000001 0.000000
    66 1.485620 -1.617803 5.263973 0.000000 0.000000 -3.141592
    67 4.575642 5.632584 0.000132 0.000000 -1.570771 0.249128
    68 -0.000001 0.314078 5.161098 0.000000 0.000000 0.000000
    69 -0.000001 -0.323108 3.750217 0.000000 0.000000 0.000000
    70 5.734947 1.075212 4.685178 1.570830 -0.000004 -1.321669
    71 -0.753896 0.305901 4.971462 -0.000001 0.000002 0.000000
    72 -1.101006 -0.314705 3.448307 0.000001 0.000001 0.000000
    73 5.809101 -1.029643 4.595047 1.570829 -0.000004 -1.321671
    74 -0.714908 -0.199657 5.028973 0.000000 0.000003 0.000000
    75 -0.282898 -0.851690 4.444889 0.000000 0.000000 0.000000
    76 9.578484 -1.290738 0.000240 0.000000 1.570770 -2.892481
    77 9.369518 -1.236408 1.787905 0.000000 1.570770 -2.892481
    78 9.436707 -1.331719 -1.409029 0.000000 1.570770 -2.892477
    79 5.735191 1.075235 -4.684885 -1.570814 0.000004 1.819923
    80 0.753901 0.305904 4.971474 -0.000001 -0.000002 0.000000
    81 1.101010 -0.314705 3.448315 0.000000 -0.000001 0.000000
    82 5.809341 -1.029617 -4.594752 -1.570814 0.000004 1.819922
    83 0.714908 -0.199655 5.028969 0.000000 -0.000003 0.000000
    84 0.282897 -0.851688 4.444893 0.000000 0.000000 0.000000
  time 8
    0 -12.885553 14.603700 25.774426 1.710244 0.086457 0.159609
    1 3.983847 0.002149 0.003401 -2.248518 -1.018512 -1.194326
    2 15.938816 -0.000100 -0.000005 -0.000009 -0.000002 1.810663
    3 17.707025 -0.000068 0.000003 0.263444 0.376957 -1.647795
    4 6.202515 0.003416 -0.000367 -0.007306 -0.002960 -0.584341
    5 -3.983848 0.002149 0.003395 -1.335263 -1.266223 -1.170701
    6 15.938826 -0.000113 -0.000001 0.000002 0.000010 0.908939
    7 17.707031 0.000018 0.000000 -0.040190 -0.318020 -0.634022
    8 6.203125 0.000000 0.000000 -0.081331 -0.002953 -0.584372
    9 -0.000001 4.209253 -1.688832 1.571370 -0.575159 1.569544
    10 3.836055 0.000000 0.000000 -0.086469 -0.011228 0.016370
    11 3.617625 -0.000275 -0.000015 -0.064429 0.000639 0.446839
    12 7.537925 0.003588 -0.000212 0.039283 0.026693 0.135315
    13 3.177734 0.000000 0.000000 3.137538 0.000823 0.400474
    14 2.966416 0.000318 0.000023 0.000451 -0.133750 1.764194
    15 2.023770 0.904983 0.850949 2.144605 -1.293777 2.368641
    16 4.980521 0.000781 -0.001089 -2.150728 -0.692739 -0.383033
    17 11.119977 0.000007 0.000004 -0.000003 -0.000001 -1.640107
    18 11.205393 -0.000039 0.000000 1.678800 -0.317337 0.233953
    19 3.767608 0.148800 0.074041 0.089823 0.185396 -0.326372
    20 2.037109 0.000000 0.000000 0.003643 -0.024192 -0.299242
    21 1.066406 0.000000 0.000000 0.003643 -0.024192 -0.299244
    22 3.783203 -0.017258 0.794434 0.548045 0.085960 -0.316569
    23 1.628906 0.000000 0.000000 0.012406 -0.085556 -0.288091
    24 0.955566 -0.000004 0.000001 0.012406 -0.085556 -0.288099
    25 1.258789 -0.297852 1.251953 -1.378796 -0.581083 -0.486790
    26 1.392578 0.000002 -0.000002 -0.000054 -0.000329 0.324626
    27 1.099609 0.000002 -0.000004 0.000000 0.000000 0.000000
    28 3.548828 0.198730 -1.489258 -0.571798 0.100828 -0.256377
    29 1.218750 0.000004 0.000004 -0.009975 0.067698 -0.292690
    30 0.679688 -0.000001 0.000000 -0.009971 0.067689 -0.292686
    31 3.697042 0.266204 -0.725138 -0.097556 0.031562 -0.326884
    32 1.748047 0.000000 0.000002 -0.003159 0.020962 -0.299478
    33 0.959961 0.000004 0.000000 -0.003166 0.020972 -0.299671
    34 2.023778 0.904982 -0.850921 -2.025919 1.101303 2.577467
    35 4.981625 0.002227 0.003236 2.012274 0.403965 -0.924411
    36 11.119975 -0.000005 0.000000 0.000001 0.000002 -2.166856
    37 11.205375 0.000073 0.000008 -1.671283 0.310391 0.233652
    38 3.766600 0.148254 -0.075376 -0.089513 -0.188043 -0.324859
    39 2.037109 0.000002 0.000000 -0.003278 0.021743 -0.299424
    40 1.066406 0.000002 0.000002 -0.003278 0.021743 -0.299428
    41 3.780812 -0.024988 -0.795569 -0.547791 -0.088513 -0.315894
    42 1.628906 0.000000 0.000000 -0.012097 0.083240 -0.288753
    43 0.955566 0.000000 -0.000001 -0.012097 0.083232 -0.288761
    44 1.258789 -0.308350 -1.250000 1.375718 0.577178 -0.491580
    45 1.392578 -0.000002 0.000002 0.000349 0.002144 0.324618
    46 1.099609 0.000004 -0.000002 0.000000 0.000000 0.000000
    47 3.548828 0.211304 1.487305 0.571268 -0.102934 -0.255551
    48 1.218750 0.000006 0.000000 0.010274 -0.069875 -0.292190
    49 0.679688 0.000003 0.000000 0.010275 -0.069871 -0.292190
    50 3.696249 0.271114 0.723153 0.097900 -0.034222 -0.326611
    51 1.748047 -0.000012 -0.000002 0.003526 -0.023385 -0.299307
    52 0.956684 0.000004 0.000002 0.003527 -0.023396 -0.299497
    53 -3.756462 5.577850 2.053357 1.570803 -0.000001 0.000000
    54 -2.735646 -0.081365 5.727119 0.000007 0.000015 1.570796
    55 0.000001 5.662003 -0.974302 1.570804 -0.000001 0.000000
    56 -0.000002 -2.275002 5.113525 0.000000 0.000000 -3.141592
    57 -2.477620 5.416855 4.597564 1.570804 -0.000001 0.000000
    58 -1.515218 1.317776 5.998497 0.000000 0.000000 0.000000
    59 -2.455992 5.657928 -0.087295 1.570804 -0.000001 0.000000
    60 -1.485628 -1.617812 5.263969 0.000000 0.000000 3.141592
    61 3.756460 5.577858 2.053359 1.570803 -0.000001 0.000000
    62 2.735645 -0.081364 5.727116 0.000004 -0.000011 -1.570795
    63 2.477613 5.416855 4.597570 1.570804 -0.000001 0.000000
    64 1.515220 1.317777 5.998508 0.000000 0.000000 0.000000
    65 2.455991 5.657928 -0.087293 1.570804 -0.000001 0.000000
    66 1.485620 -1.617803 5.263973 0.000000 0.000000 -3.141592
    67 4.575642 5.632584 0.000132 0.000000 -1.570771 0.249128
    68 -0.000001 0.314078 5.161098 0.000000 0.000000 0.000000
    69 -0.000001 -0.323108 3.750217 0.000000 0.000000 0.000000
    70 5.734947 1.075212 4.685178 1.570830 -0.000004 -1.321669
    71 -0.753896 0.305901 4.971462 -0.000001 0.000002 0.000000
    72 -1.101006 -0.314705 3.448307 0.000001 0.000001 0.000000
    73 5.809101 -1.029643 4.595047 1.570829 -0.000004 -1.321671
    74 -0.714908 -0.199657 5.028973 0.000000 0.000003 0.000000
    75 -0.282898 -0.851690 4.444889 0.000000 0.000000 0.000000
    76 9.578484 -1.290738 0.000240 0.000000 1.570770 -2.892481
    77 9.369518 -1.236408 1.787905 0.000000 1.570770 -2.892481
    78 9.436707 -1.331719 -1.409029 0.000000 1.570770 -2.892477
    79 5.735191 1.075235 -4.684885 -1.570814 0.000004 1.819923
    80 0.753901 0.305904 4.971474 -0.000001 -0.000002 0.000000
    81 1.101010 -0.314705 3.448315 0.000000 -0.000001 0.000000
    82 5.809341 -1.029617 -4.594752 -1.570814 0.000004 1.819922
    83 0.714908 -0.199655 5.028969 0.000000 -0.000003 0.000000
    84 0.282897 -0.851688 4.444893 0.000000 0.000000 0.000000
  time 9
    0 -14.483958 16.498988 25.567388 1.704204 0.087679 0.160440
    1 3.983847 0.002149 0.003401 -2.236548 -1.064659 -1.194863
    2 15.938816 -0.000100 -0.000005 -0.000009 -0.000002 1.767377
    3 17.707025 -0.000068 0.000003 0.424012 0.239579 -1.717943
    4 6.202515 0.003416 -0.000367 -0.007294 -0.002960 -0.584341
    5 -3.983848 0.002149 0.003395 -0.900954 -1.328917 -1.610329
    6 15.938826 -0.000113 -0.000001 0.000002 0.000010 1.126659
    7 17.707031 0.000018 0.000000 -0.003900 -0.372199 -0.752590
    8 6.203125 0.000000 0.000000 -0.081331 -0.002953 -0.584372
    9 -0.000001 4.209253 -1.688832 1.571082 -0.575159 1.570024
    10 3.836055 0.000000 0.000000 -0.087955 -0.016885 0.020865
    11 3.617625 -0.000275 -0.000015 -0.064225 -0.003975 0.449880
    12 7.537925 0.003588 -0.000212 0.042243 0.030121 0.131360
    13 3.177734 0.000000 0.000000 3.137538 0.000823 0.400474
    14 2.966416 0.000318 0.000023 -0.004247 -0.135799 1.767552
    15 2.023770 0.904983 0.850949 2.136155 -1.288810 2.377433
    16 4.980521 0.000781 -0.001089 -2.165951 -0.677086 -0.374269
    17 11.119977 0.000007 0.000004 -0.000003 -0.000001 -1.635533
    18 11.205393 -0.000039 0.000000 1.678800 -0.317373 0.233953
    19 3.767608 0.148800 0.074041 0.089823 0.185396 -0.326372
    20 2.037109 0.000000 0.000000 0.003643 -0.024192 -0.299242
    21 1.066406 0.000000 0.000000 0.003643 -0.024192 -0.299244
    22 3.783203 -0.017258 0.794434 0.548045 0.085960 -0.316569
    23 1.628906 0.000000 0.000000 0.012406 -0.085556 -0.288091
    24 0.955566 -0.000004 0.000001 0.012406 -0.085556 -0.288099
    25 1.258789 -0.297852 1.251953 -1.378796 -0.581083 -0.486790
    26 1.392578 0.000002 -0.000002 -0.000054 -0.000329 0.324626
    27 1.099609 0.000002 -0.000004 0.000000 0.000000 0.000000
    28 3.548828 0.198730 -1.489258 -0.571798 0.100828 -0.256377
    29 1.218750 0.000004 0.000004 -0.009975 0.067698 -0.292690
    30 0.679688 -0.000001 0.000000 -0.009971 0.067689 -0.292686
    31 3.697042 0.266204 -0.725138 -0.097556 0.031562 -0.326884
    32 1.748047 0.000000 0.000002 -0.003159 0.020962 -0.299478
    33 0.959961 0.000004 0.000000 -0.003166 0.020972 -0.299671
    34 2.023778 0.904982 -0.850921 -2.024093 1.102118 2.579273
    35 4.981625 0.002227 0.003236 2.027650 0.402949 -0.925939
    36 11.119975 -0.000005 0.000000 0.000001 0.000002 -2.165279
    37 11.205375 0.000073 0.000008 -1.671283 0.310391 0.233652
    38 3.766600 0.148254 -0.075376 -0.089513 -0.188043 -0.324859
    39 2.037109 0.000002 0.000000 -0.003278 0.021743 -0.299424
    40 1.066406 0.000002 0.000002 -0.003278 0.021743 -0.299428
    41 3.780812 -0.024988 -0.795569 -0.547791 -0.088525 -0.315894
    42 1.628906 0.000000 0.000000 -0.012097 0.083240 -0.288753
    43 0.955566 0.000000 -0.000001 -0.012097 0.083232 -0.288761
    44 1.258789 -0.308350 -1.250000 1.375718 0.577178 -0.491580
    45 1.392578 -0.000002 0.000002 0.000349 0.002144 0.324618
    46 1.099609 0.000004 -0.000002 0.000000 0.000000 0.000000
    47 3.548828 0.211304 1.487305 0.571268 -0.102934 -0.255551
    48 1.218750 0.000006 0.000000 0.010274 -0.069875 -0.292190
    49 0.679688 0.000003 0.000000 0.010275 -0.069871 -0.292190
    50 3.696249 0.271114 0.723153 0.097888 -0.034222 -0.326611
    51 1.748047 -0.000012 -0.000002 0.003526 -0.023385 -0.299307
    52 0.956684 0.000004 0.000002 0.003527 -0.023396 -0.299497
    53 -3.756462 5.577850 2.053357 1.570803 -0.000001 0.000000
    54 -2.735646 -0.081365 5.727119 0.000007 0.000015 1.570796
    55 0.000001 5.662003 -0.974302 1.570804 -0.000001 0.000000
    56 -0.000002 -2.275002 5.113525 0.000000 0.000000 -3.141592
    57 -2.477620 5.416855 4.597564 1.570804 -0.000001 0.000000
    58 -1.515218 1.317776 5.998497 0.000000 0.000000 0.000000
    59 -2.455992 5.657928 -0.087295 1.570804 -0.000001 0.000000
    60 -1.485628 -1.617812 5.263969 0.000000 0.000000 3.141592
    61 3.756460 5.577858 2.053359 1.570803 -0.000001 0.000000
    62 2.735645 -0.081364 5.727116 0.000004 -0.000011 -1.570795
    63 2.477613 5.416855 4.597570 1.570804 -0.000001 0.000000
    64 1.515220 1.317777 5.998508 0.000000 0.000000 0.000000
    65 2.455991 5.657928 -0.087293 1.570804 -0.000001 0.000000
    66 1.485620 -1.617803 5.263973 0.000000 0.000000 -3.141592
    67 4.575642 5.632584 0.000132 0.000000 -1.570771 0.249128
    68 -0.000001 0.314078 5.161098 0.000000 0.000000 0.000000
    69 -0.000001 -0.323108 3.750217 0.000000 0.000000 0.000000
    70 5.734947 1.075212 4.685178 1.570830 -0.000004 -1.321669
    71 -0.753896 0.305901 4.971462 -0.000001 0.000002 0.000000
    72 -1.101006 -0.314705 3.448307 0.000001 0.000001 0.000000
    73 5.809101 -1.029643 4.595047 1.570829 -0.000004 -1.321671
    74 -0.714908 -0.199657 5.028973 0.000000 0.000003 0.000000
    75 -0.282898 -0.851690 4.444889 0.000000 0.000000 0.000000
    76 9.578484 -1.290738 0.000240 0.000000 1.570770 -2.892481
    77 9.369518 -1.236408 1.787905 0.000000 1.570770 -2.892481
    78 9.436707 -1.331719 -1.409029 0.000000 1.570770 -2.892477
    79 5.735191 1.075235 -4.684885 -1.570814 0.000004 1.819923
    80 0.753901 0.305904 4.971474 -0.000001 -0.000002 0.000000
    81 1.101010 -0.314705 3.448315 0.000000 -0.000001 0.000000
    82 5.809341 -1.029617 -4.594752 -1.570814 0.000004 1.819922
    83 0.714908 -0.199655 5.028969 0.000000 -0.000003 0.000000
    84 0.282897 -0.851688 4.444893 0.000000 0.000000 0.000000
  time 10
    0 -16.090175 18.339588 25.329100 1.698307 0.085234 0.161974
    1 3.983847 0.002149 0.003401 -2.351974 -1.137417 -1.040996
    2 15.938816 -0.000100 -0.000005 -0.000009 -0.000002 1.781657
    3 17.707025 -0.000068 0.000003 0.401684 0.242741 -1.629898
    4 6.202515 0.003416 -0.000367 -0.007306 -0.002960 -0.584341
    5 -3.983848 0.002149 0.003395 -0.643579 -1.340597 -1.937264
    6 15.938826 -0.000113 -0.000001 0.000002 0.000010 1.308418
    7 17.707031 0.000018 0.000000 -0.020152 -0.298247 -0.916432
    8 6.203125 0.000000 0.000000 -0.081331 -0.002953 -0.584372
    9 -0.000001 4.209253 -1.688832 1.570986 -0.575159 1.570311
    10 3.836055 0.000000 0.000000 -0.088962 -0.022782 0.024903
    11 3.617625 -0.000275 -0.000015 -0.063842 -0.009056 0.452259
    12 7.537925 0.003588 -0.000212 0.044412 0.032961 0.126926
    13 3.177734 0.000000 0.000000 3.137538 0.000823 0.400474
    14 2.966416 0.000318 0.000023 -0.006045 -0.138364 1.769458
    15 2.023770 0.904983 0.850949 2.124555 -1.285105 2.389579
    16 4.980521 0.000781 -0.001089 -2.179729 -0.658262 -0.376119
    17 11.119977 0.000007 0.000004 -0.000003 -0.000001 -1.632388
    18 11.205393 -0.000039 0.000000 1.678800 -0.317410 0.233953
    19 3.767608 0.148800 0.074041 0.089823 0.185396 -0.326372
    20 2.037109 0.000000 0.000000 0.003643 -0.024192 -0.299242
    21 1.066406 0.000000 0.000000 0.003643 -0.024192 -0.299244
    22 3.783203 -0.017258 0.794434 0.548045 0.085960 -0.316569
    23 1.628906 0.000000 0.000000 0.012406 -0.085556 -0.288091
    24 0.955566 -0.000004 0.000001 0.012406 -0.085556 -0.288099
    25 1.258789 -0.297852 1.251953 -1.378796 -0.581083 -0.486790
    26 1.392578 0.000002 -0.000002 -0.000054 -0.000329 0.324626
    27 1.099609 0.000002 -0.000004 0.000000 0.000000 0.000000
    28 3.548828 0.198730 -1.489258 -0.571798 0.100828 -0.256377
    29 1.218750 0.000004 0.000004 -0.009975 0.067698 -0.292690
    30 0.679688 -0.000001 0.000000 -0.009971 0.067689 -0.292686
    31 3.697042 0.266204 -0.725138 -0.097556 0.031562 -0.326884
    32 1.748047 0.000000 0.000002 -0.003159 0.020962 -0.299478
    33 0.959961 0.000004 0.000000 -0.003166 0.020972 -0.299671
    34 2.023778 0.904982 -0.850921 -2.023258 1.103461 2.580086
    35 4.981625 0.002227 0.003236 2.045141 0.409324 -0.921826
    36 11.119975 -0.000005 0.000000 0.000001 0.000002 -2.163829
    37 11.205375 0.000073 0.000008 -1.671283 0.310427 0.233652
    38 3.766600 0.148254 -0.075376 -0.089525 -0.188055 -0.324859
    39 2.037109 0.000002 0.000000 -0.003278 0.021743 -0.299424
    40 1.066406 0.000002 0.000002 -0.003278 0.021743 -0.299428
    41 3.780812 -0.024988 -0.795569 -0.547791 -0.088513 -0.315894
    42 1.628906 0.000000 0.000000 -0.012097 0.083240 -0.288753
    43 0.955566 0.000000 -0.000001 -0.012097 0.083232 -0.288761
    44 1.258789 -0.308350 -1.250000 1.375718 0.577178 -0.491580
    45 1.392578 -0.000002 0.000002 0.000349 0.002144 0.324618
    46 1.099609 0.000004 -0.000002 0.000000 0.000000 0.000000
    47 3.548828 0.211304 1.487305 0.571268 -0.102934 -0.255551
    48 1.218750 0.000006 0.000000 0.010274 -0.069875 -0.292190
    49 0.679688 0.000003 0.000000 0.010275 -0.069871 -0.292190
    50 3.696249 0.271114 0.723153 0.097888 -0.034222 -0.326611
    51 1.748047 -0.000012 -0.000002 0.003526 -0.023385 -0.299307
    52 0.956684 0.000004 0.000002 0.003527 -0.023396 -0.299497
    53 -3.756462 5.577850 2.053357 1.570803 -0.000001 0.000000
    54 -2.735646 -0.081365 5.727119 0.000007 0.000015 1.570796
    55 0.000001 5.662003 -0.974302 1.570804 -0.000001 0.000000
    56 -0.000002 -2.275002 5.113525 0.000000 0.000000 -3.141592
    57 -2.477620 5.416855 4.597564 1.570804 -0.000001 0.000000
    58 -1.515218 1.317776 5.998497 0.000000 0.000000 0.000000
    59 -2.455992 5.657928 -0.087295 1.570804 -0.000001 0.000000
    60 -1.485628 -1.617812 5.263969 0.000000 0.000000 3.141592
    61 3.756460 5.577858 2.053359 1.570803 -0.000001 0.000000
    62 2.735645 -0.081364 5.727116 0.000004 -0.000011 -1.570795
    63 2.477613 5.416855 4.597570 1.570804 -0.000001 0.000000
    64 1.515220 1.317777 5.998508 0.000000 0.000000 0.000000
    65 2.455991 5.657928 -0.087293 1.570804 -0.000001 0.000000
    66 1.485620 -1.617803 5.263973 0.000000 0.000000 -3.141592
    67 4.575642 5.632584 0.000132 0.000000 -1.570771 0.249128
    68 -0.000001 0.314078 5.161098 0.000000 0.000000 0.000000
    69 -0.000001 -0.323108 3.750217 0.000000 0.000000 0.000000
    70 5.734947 1.075212 4.685178 1.570830 -0.000004 -1.321669
    71 -0.753896 0.305901 4.971462 -0.000001 0.000002 0.000000
    72 -1.101006 -0.314705 3.448307 0.000001 0.000001 0.000000
    73 5.809101 -1.029643 4.595047 1.570829 -0.000004 -1.321671
    74 -0.714908 -0.199657 5.028973 0.000000 0.000003 0.000000
    75 -0.282898 -0.851690 4.444889 0.000000 0.000000 0.000000
    76 9.578484 -1.290738 0.000240 0.000000 1.570770 -2.892481
    77 9.369518 -1.236408 1.787905 0.000000 1.570770 -2.892481
    78 9.436707 -1.331719 -1.409029 0.000000 1.570770 -2.892477
    79 5.735191 1.075235 -4.684885 -1.570814 0.000004 1.819923
    80 0.753901 0.305904 4.971474 -0.000001 -0.000002 0.000000
    81 1.101010 -0.314705 3.448315 0.000000 -0.000001 0.000000
    82 5.809341 -1.029617 -4.594752 -1.570814 0.000004 1.819922
    83 0.714908 -0.199655 5.028969 0.000000 -0.000003 0.000000
    84 0.282897 -0.851688 4.444893 0.000000 0.000000 0.000000
  time 11
    0 -16.899493 19.258284 25.215815 1.696006 0.082969 0.162804
    1 3.983847 0.002149 0.003401 -2.428545 -1.166119 -0.948729
    2 15.938816 -0.000100 -0.000005 -0.000009 -0.000002 1.781147
    3 17.707025 -0.000068 0.000003 0.392873 0.248618 -1.581624
    4 6.202515 0.003416 -0.000367 -0.007306 -0.002960 -0.584341
    5 -3.983848 0.002149 0.003395 -0.438366 -1.336131 -2.225416
    6 15.938826 -0.000113 -0.000001 0.000002 0.000010 1.483627
    7 17.707031 0.000018 0.000000 -0.050391 -0.199954 -1.082835
    8 6.203125 0.000000 0.000000 -0.081331 -0.002953 -0.584372
    9 -0.000001 4.209253 -1.688832 1.570890 -0.575159 1.570455
    10 3.836055 0.000000 0.000000 -0.089273 -0.025730 0.026557
    11 3.617625 -0.000275 -0.000015 -0.063554 -0.011717 0.453132
    12 7.537925 0.003588 -0.000212 0.045191 0.034124 0.124672
    13 3.177734 0.000000 0.000000 3.137538 0.000823 0.400474
    14 2.966416 0.000318 0.000023 -0.001155 -0.139802 1.769867
    15 2.023770 0.904983 0.850949 2.109704 -1.281400 2.405168
    16 4.980521 0.000781 -0.001089 -2.195314 -0.635255 -0.388268
    17 11.119977 0.000007 0.000004 -0.000003 -0.000001 -1.629357
    18 11.205393 -0.000039 0.000000 1.678800 -0.317446 0.233953
    19 3.767608 0.148800 0.074041 0.089823 0.185396 -0.326372
    20 2.037109 0.000000 0.000000 0.003643 -0.024192 -0.299242
    21 1.066406 0.000000 0.000000 0.003643 -0.024192 -0.299244
    22 3.783203 -0.017258 0.794434 0.548045 0.085960 -0.316569
    23 1.628906 0.000000 0.000000 0.012406 -0.085556 -0.288091
    24 0.955566 -0.000004 0.000001 0.012406 -0.085556 -0.288099
    25 1.258789 -0.297852 1.251953 -1.378796 -0.581083 -0.486790
    26 1.392578 0.000002 -0.000002 -0.000054 -0.000329 0.324626
    27 1.099609 0.000002 -0.000004 0.000000 0.000000 0.000000
    28 3.548828 0.198730 -1.489258 -0.571798 0.100828 -0.256377
    29 1.218750 0.000004 0.000004 -0.009975 0.067698 -0.292690
    30 0.679688 -0.000001 0.000000 -0.009971 0.067689 -0.292686
    31 3.697042 0.266204 -0.725138 -0.097556 0.031562 -0.326884
    32 1.748047 0.000000 0.000002 -0.003159 0.020962 -0.299478
    33 0.959961 0.000004 0.000000 -0.003166 0.020972 -0.299671
    34 2.023778 0.904982 -0.850921 -2.022683 1.105375 2.580447
    35 4.981625 0.002227 0.003236 2.065986 0.418531 -0.909779
    36 11.119975 -0.000005 0.000000 0.000001 0.000002 -2.162315
    37 11.205375 0.000073 0.000008 -1.671188 0.310475 0.233652
    38 3.766600 0.148254 -0.075376 -0.089513 -0.188043 -0.324859
    39 2.037109 0.000002 0.000000 -0.003278 0.021743 -0.299424
    40 1.066406 0.000002 0.000002 -0.003278 0.021743 -0.299428
    41 3.780812 -0.024988 -0.795569 -0.547791 -0.088513 -0.315894
    42 1.628906 0.000000 0.000000 -0.012097 0.083240 -0.288753
    43 0.955566 0.000000 -0.000001 -0.012097 0.083232 -0.288761
    44 1.258789 -0.308350 -1.250000 1.375718 0.577178 -0.491580
    45 1.392578 -0.000002 0.000002 0.000349 0.002144 0.324618
    46 1.099609 0.000004 -0.000002 0.000000 0.000000 0.000000
    47 3.548828 0.211304 1.487305 0.571268 -0.102934 -0.255551
    48 1.218750 0.000006 0.000000 0.010274 -0.069875 -0.292190
    49 0.679688 0.000003 0.000000 0.010275 -0.069871 -0.292190
    50 3.696249 0.271114 0.723153 0.097888 -0.034222 -0.326611
    51 1.748047 -0.000012 -0.000002 0.003526 -0.023385 -0.299307
    52 0.956684 0.000004 0.000002 0.003527 -0.023396 -0.299497
    53 -3.756462 5.577850 2.053357 1.570803 -0.000001 0.000000
    54 -2.735646 -0.081365 5.727119 0.000007 0.000015 1.570796
    55 0.000001 5.662003 -0.974302 1.570804 -0.000001 0.000000
    56 -0.000002 -2.275002 5.113525 0.000000 0.000000 -3.141592
    57 -2.477620 5.416855 4.597564 1.570804 -0.000001 0.000000
    58 -1.515218 1.317776 5.998497 0.000000 0.000000 0.000000
    59 -2.455992 5.657928 -0.087295 1.570804 -0.000001 0.000000
    60 -1.485628 -1.617812 5.263969 0.000000 0.000000 3.141592
    61 3.756460 5.577858 2.053359 1.570803 -0.000001 0.000000
    62 2.735645 -0.081364 5.727116 0.000004 -0.000011 -1.570795
    63 2.477613 5.416855 4.597570 1.570804 -0.000001 0.000000
    64 1.515220 1.317777 5.998508 0.000000 0.000000 0.000000
    65 2.455991 5.657928 -0.087293 1.570804 -0.000001 0.000000
    66 1.485620 -1.617803 5.263973 0.000000 0.000000 -3.141592
    67 4.575642 5.632584 0.000132 0.000000 -1.570771 0.249128
    68 -0.000001 0.314078 5.161098 0.000000 0.000000 0.000000
    69 -0.000001 -0.323108 3.750217 0.000000 0.000000 0.000000
    70 5.734947 1.075212 4.685178 1.570830 -0.000004 -1.321669
    71 -0.753896 0.305901 4.971462 -0.000001 0.000002 0.000000
    72 -1.101006 -0.314705 3.448307 0.000001 0.000001 0.000000
    73 5.809101 -1.029643 4.595047 1.570829 -0.000004 -1.321671
    74 -0.714908 -0.199657 5.028973 0.000000 0.000003 0.000000
    75 -0.282898 -0.851690 4.444889 0.000000 0.000000 0.000000
    76 9.578484 -1.290738 0.000240 0.000000 1.570770 -2.892481
    77 9.369518 -1.236408 1.787905 0.000000 1.570770 -2.892481
    78 9.436707 -1.331719 -1.409029 0.000000 1.570770 -2.892477
    79 5.735191 1.075235 -4.684885 -1.570814 0.000004 1.819923
    80 0.753901 0.305904 4.971474 -0.000001 -0.000002 0.000000
    81 1.101010 -0.314705 3.448315 0.000000 -0.000001 0.000000
    82 5.809341 -1.029617 -4.594752 -1.570814 0.000004 1.819922
    83 0.714908 -0.199655 5.028969 0.000000 -0.000003 0.000000
    84 0.282897 -0.851688 4.444893 0.000000 0.000000 0.000000
  time 12
    0 -17.720531 20.157449 25.125969 1.694568 0.079865 0.162868
    1 3.983847 0.002149 0.003401 -2.513476 -1.187702 -0.850472
    2 15.938816 -0.000100 -0.000005 -0.000009 -0.000002 1.772286
    3 17.707025 -0.000068 0.000003 0.385109 0.256722 -1.529617
    4 6.202515 0.003416 -0.000367 -0.007306 -0.002960 -0.584341
    5 -3.983848 0.002149 0.003395 -0.305570 -1.316464 -2.463637
    6 15.938826 -0.000113 -0.000001 0.000002 0.000010 1.663056
    7 17.707031 0.000018 0.000000 -0.099534 -0.078979 -1.198095
    8 6.203125 0.000000 0.000000 -0.081331 -0.002953 -0.584372
    9 -0.000001 4.209253 -1.688832 1.570890 -0.575159 1.570551
    10 3.836055 0.000000 0.000000 -0.089465 -0.028714 0.027792
    11 3.617625 -0.000275 -0.000015 -0.063266 -0.014473 0.453583
    12 7.537925 0.003588 -0.000212 0.045718 0.035047 0.122515
    13 3.177734 0.000000 0.000000 3.137538 0.000823 0.400474
    14 2.966416 0.000318 0.000023 0.006324 -0.141420 1.769503
    15 2.023770 0.904983 0.850949 2.092754 -1.277654 2.422843
    16 4.980521 0.000781 -0.001089 -2.212085 -0.609852 -0.405084
    17 11.119977 0.000007 0.000004 -0.000003 -0.000001 -1.626727
    18 11.205393 -0.000039 0.000000 1.678800 -0.317495 0.233953
    19 3.767608 0.148800 0.074041 0.089811 0.185396 -0.326372
    20 2.037109 0.000000 0.000000 0.003643 -0.024192 -0.299242
    21 1.066406 0.000000 0.000000 0.003643 -0.024192 -0.299244
    22 3.783203 -0.017258 0.794434 0.548045 0.085960 -0.316569
    23 1.628906 0.000000 0.000000 0.012406 -0.085556 -0.288091
    24 0.955566 -0.000004 0.000001 0.012406 -0.085556 -0.288099
    25 1.258789 -0.297852 1.251953 -1.378796 -0.581083 -0.486790
    26 1.392578 0.000002 -0.000002 -0.000054 -0.000329 0.324626
    27 1.099609 0.000002 -0.000004 0.000000 0.000000 0.000000
    28 3.548828 0.198730 -1.489258 -0.571798 0.100828 -0.256377
    29 1.218750 0.000004 0.000004 -0.009975 0.067698 -0.292690
    30 0.679688 -0.000001 0.000000 -0.009971 0.067689 -0.292686
    31 3.697042 0.266204 -0.725138 -0.097556 0.031562 -0.326884
    32 1.748047 0.000000 0.000002 -0.003159 0.020962 -0.299478
    33 0.959961 0.000004 0.000000 -0.003166 0.020972 -0.299671
    34 2.023778 0.904982 -0.850921 -2.022579 1.107859 2.580447
    35 4.981625 0.002227 0.003236 2.088843 0.431145 -0.894266
    36 11.119975 -0.000005 0.000000 0.000001 0.000002 -2.160676
    37 11.205375 0.000073 0.000008 -1.671188 0.310475 0.233652
    38 3.766600 0.148254 -0.075376 -0.089513 -0.188055 -0.324859
    39 2.037109 0.000002 0.000000 -0.003278 0.021743 -0.299424
    40 1.066406 0.000002 0.000002 -0.003278 0.021743 -0.299428
    41 3.780812 -0.024988 -0.795569 -0.547791 -0.088513 -0.315894
    42 1.628906 0.000000 0.000000 -0.012097 0.083240 -0.288753
    43 0.955566 0.000000 -0.000001 -0.012097 0.083232 -0.288761
    44 1.258789 -0.308350 -1.250000 1.375718 0.577178 -0.491580
    45 1.392578 -0.000002 0.000002 0.000349 0.002144 0.324618
    46 1.099609 0.000004 -0.000002 0.000000 0.000000 0.000000
    47 3.548828 0.211304 1.487305 0.571268 -0.102934 -0.255551
    48 1.218750 0.000006 0.000000 0.010274 -0.069875 -0.292190
    49 0.679688 0.000003 0.000000 0.010275 -0.069871 -0.292190
    50 3.696249 0.271114 0.723153 0.097888 -0.034222 -0.326611
    51 1.748047 -0.000012 -0.000002 0.003526 -0.023385 -0.299307
    52 0.956684 0.000004 0.000002 0.003527 -0.023396 -0.299497
    53 -3.756462 5.577850 2.053357 1.570803 -0.000001 0.000000
    54 -2.735646 -0.081365 5.727119 0.000007 0.000015 1.570796
    55 0.000001 5.662003 -0.974302 1.570804 -0.000001 0.000000
    56 -0.000002 -2.275002 5.113525 0.000000 0.000000 -3.141592
    57 -2.477620 5.416855 4.597564 1.570804 -0.000001 0.000000
    58 -1.515218 1.317776 5.998497 0.000000 0.000000 0.000000
    59 -2.455992 5.657928 -0.087295 1.570804 -0.000001 0.000000
    60 -1.485628 -1.617812 5.263969 0.000000 0.000000 3.141592
    61 3.756460 5.577858 2.053359 1.570803 -0.000001 0.000000
    62 2.735645 -0.081364 5.727116 0.000004 -0.000011 -1.570795
    63 2.477613 5.416855 4.597570 1.570804 -0.000001 0.000000
    64 1.515220 1.317777 5.998508 0.000000 0.000000 0.000000
    65 2.455991 5.657928 -0.087293 1.570804 -0.000001 0.000000
    66 1.485620 -1.617803 5.263973 0.000000 0.000000 -3.141592
    67 4.575642 5.632584 0.000132 0.000000 -1.570771 0.249128
    68 -0.000001 0.314078 5.161098 0.000000 0.000000 0.000000
    69 -0.000001 -0.323108 3.750217 0.000000 0.000000 0.000000
    70 5.734947 1.075212 4.685178 1.570830 -0.000004 -1.321669
    71 -0.753896 0.305901 4.971462 -0.000001 0.000002 0.000000
    72 -1.101006 -0.314705 3.448307 0.000001 0.000001 0.000000
    73 5.809101 -1.029643 4.595047 1.570829 -0.000004 -1.321671
    74 -0.714908 -0.199657 5.028973 0.000000 0.000003 0.000000
    75 -0.282898 -0.851690 4.444889 0.000000 0.000000 0.000000
    76 9.578484 -1.290738 0.000240 0.000000 1.570770 -2.892481
    77 9.369518 -1.236408 1.787905 0.000000 1.570770 -2.892481
    78 9.436707 -1.331719 -1.409029 0.000000 1.570770 -2.892477
    79 5.735191 1.075235 -4.684885 -1.570814 0.000004 1.819923
    80 0.753901 0.305904 4.971474 -0.000001 -0.000002 0.000000
    81 1.101010 -0.314705 3.448315 0.000000 -0.000001 0.000000
    82 5.809341 -1.029617 -4.594752 -1.570814 0.000004 1.819922
    83 0.714908 -0.199655 5.028969 0.000000 -0.000003 0.000000
    84 0.282897 -0.851688 4.444893 0.000000 0.000000 0.000000
  time 13
    0 -19.385344 21.931640 25.012684 1.693849 0.072411 0.160440
    1 3.983847 0.002149 0.003401 -2.693314 -1.214090 -0.647164
    2 15.938816 -0.000100 -0.000005 -0.000009 -0.000002 1.736650
    3 17.707025 -0.000068 0.000003 0.369443 0.274693 -1.418658
    4 6.202515 0.003416 -0.000367 -0.007306 -0.002960 -0.584341
    5 -3.983848 0.002149 0.003395 -0.264680 -1.286663 -2.668510
    6 15.938826 -0.000113 -0.000001 0.000002 0.000010 1.885373
    7 17.707031 0.000018 0.000000 -0.174835 0.127352 -1.170399
    8 6.203125 0.000000 0.000000 -0.081331 -0.002953 -0.584372
    9 -0.000001 4.209253 -1.688832 1.570842 -0.575159 1.570695
    10 3.836055 0.000000 0.000000 -0.089633 -0.034778 0.029134
    11 3.617625 -0.000275 -0.000015 -0.062643 -0.020298 0.453498
    12 7.537925 0.003588 -0.000212 0.046222 0.036317 0.118572
    13 3.177734 0.000000 0.000000 3.137538 0.000823 0.400474
    14 2.966416 0.000318 0.000023 0.011261 -0.145183 1.767370
    15 2.023770 0.904983 0.850949 2.074404 -1.274031 2.441967
    16 4.980521 0.000781 -0.001089 -2.226792 -0.582696 -0.421046
    17 11.119977 0.000007 0.000004 -0.000003 -0.000001 -1.624669
    18 11.205393 -0.000039 0.000000 1.678704 -0.317495 0.233953
    19 3.767608 0.148800 0.074041 0.089823 0.185396 -0.326372
    20 2.037109 0.000000 0.000000 0.003643 -0.024192 -0.299242
    21 1.066406 0.000000 0.000000 0.003643 -0.024192 -0.299244
    22 3.783203 -0.017258 0.794434 0.548045 0.085960 -0.316569
    23 1.628906 0.000000 0.000000 0.012406 -0.085556 -0.288091
    24 0.955566 -0.000004 0.000001 0.012406 -0.085556 -0.288099
    25 1.258789 -0.297852 1.251953 -1.378796 -0.581083 -0.486790
    26 1.392578 0.000002 -0.000002 -0.000054 -0.000329 0.324626
    27 1.099609 0.000002 -0.000004 0.000000 0.000000 0.000000
    28 3.548828 0.198730 -1.489258 -0.571798 0.100828 -0.256377
    29 1.218750 0.000004 0.000004 -0.009975 0.067698 -0.292690
    30 0.679688 -0.000001 0.000000 -0.009971 0.067689 -0.292686
    31 3.697042 0.266204 -0.725138 -0.097556 0.031562 -0.326884
    32 1.748047 0.000000 0.000002 -0.003159 0.020962 -0.299478
    33 0.959961 0.000004 0.000000 -0.003166 0.020972 -0.299671
    34 2.023778 0.904982 -0.850921 -2.022736 1.110994 2.579815
    35 4.981625 0.002227 0.003236 2.111288 0.445930 -0.882308
    36 11.119975 -0.000005 0.000000 0.000001 0.000002 -2.158973
    37 11.205375 0.000073 0.000008 -1.671188 0.310511 0.233652
    38 3.766600 0.148254 -0.075376 -0.089513 -0.188043 -0.324859
    39 2.037109 0.000002 0.000000 -0.003278 0.021743 -0.299424
    40 1.066406 0.000002 0.000002 -0.003278 0.021743 -0.299428
    41 3.780812 -0.024988 -0.795569 -0.547791 -0.088513 -0.315894
    42 1.628906 0.000000 0.000000 -0.012097 0.083240 -0.288753
    43 0.955566 0.000000 -0.000001 -0.012097 0.083232 -0.288761
    44 1.258789 -0.308350 -1.250000 1.375718 0.577178 -0.491580
    45 1.392578 -0.000002 0.000002 0.000349 0.002144 0.324618
    46 1.099609 0.000004 -0.000002 0.000000 0.000000 0.000000
    47 3.548828 0.211304 1.487305 0.571268 -0.102934 -0.255551
    48 1.218750 0.000006 0.000000 0.010274 -0.069875 -0.292190
    49 0.679688 0.000003 0.000000 0.010275 -0.069871 -0.292190
    50 3.696249 0.271114 0.723153 0.097888 -0.034222 -0.326611
    51 1.748047 -0.000012 -0.000002 0.003526 -0.023385 -0.299307
    52 0.956684 0.000004 0.000002 0.003527 -0.023396 -0.299510
    53 -3.756462 5.577850 2.053357 1.570803 -0.000001 0.000000
    54 -2.735646 -0.081365 5.727119 0.000007 0.000015 1.570796
    55 0.000001 5.662003 -0.974302 1.570804 -0.000001 0.000000
    56 -0.000002 -2.275002 5.113525 0.000000 0.000000 -3.141592
    57 -2.477620 5.416855 4.597564 1.570804 -0.000001 0.000000
    58 -1.515218 1.317776 5.998497 0.000000 0.000000 0.000000
    59 -2.455992 5.657928 -0.087295 1.570804 -0.000001 0.000000
    60 -1.485628 -1.617812 5.263969 0.000000 0.000000 3.141592
    61 3.756460 5.577858 2.053359 1.570803 -0.000001 0.000000
    62 2.735645 -0.081364 5.727116 0.000004 -0.000011 -1.570795
    63 2.477613 5.416855 4.597570 1.570804 -0.000001 0.000000
    64 1.515220 1.317777 5.998508 0.000000 0.000000 0.000000
    65 2.455991 5.657928 -0.087293 1.570804 -0.000001 0.000000
    66 1.485620 -1.617803 5.263973 0.000000 0.000000 -3.141592
    67 4.575642 5.632584 0.000132 0.000000 -1.570771 0.249128
    68 -0.000001 0.314078 5.161098 0.000000 0.000000 0.000000
    69 -0.000001 -0.323108 3.750217 0.000000 0.000000 0.000000
    70 5.734947 1.075212 4.685178 1.570830 -0.000004 -1.321669
    71 -0.753896 0.305901 4.971462 -0.000001 0.000002 0.000000
    72 -1.101006 -0.314705 3.448307 0.000001 0.000001 0.000000
    73 5.809101 -1.029643 4.595047 1.570829 -0.000004 -1.321671
    74 -0.714908 -0.199657 5.028973 0.000000 0.000003 0.000000
    75 -0.282898 -0.851690 4.444889 0.000000 0.000000 0.000000
    76 9.578484 -1.290738 0.000240 0.000000 1.570770 -2.892481
    77 9.369518 -1.236408 1.787905 0.000000 1.570770 -2.892481
    78 9.436707 -1.331719 -1.409029 0.000000 1.570770 -2.892477
    79 5.735191 1.075235 -4.684885 -1.570814 0.000004 1.819923
    80 0.753901 0.305904 4.971474 -0.000001 -0.000002 0.000000
    81 1.101010 -0.314705 3.448315 0.000000 -0.000001 0.000000
    82 5.809341 -1.029617 -4.594752 -1.570814 0.000004 1.819922
    83 0.714908 -0.199655 5.028969 0.000000 -0.000003 0.000000
    84 0.282897 -0.851688 4.444893 0.000000 0.000000 0.000000
  time 14
    0 -21.104846 23.682394 25.000965 1.695767 0.063602 0.152836
    1 3.983847 0.002149 0.003401 -2.849496 -1.220276 -0.468353
    2 15.938816 -0.000100 -0.000005 -0.000009 -0.000002 1.673347
    3 17.707025 -0.000068 0.000003 0.347996 0.292345 -1.301061
    4 6.202515 0.003416 -0.000367 -0.007306 -0.002960 -0.584341
    5 -3.983848 0.002149 0.003395 -0.373974 -1.252396 -2.735583
    6 15.938826 -0.000113 -0.000001 0.000002 0.000010 2.051072
    7 17.707031 0.000018 0.000000 -0.260359 0.263032 -1.125126
    8 6.203125 0.000000 0.000000 -0.081331 -0.002953 -0.584372
    9 -0.000001 4.209253 -1.688832 1.570842 -0.575159 1.570743
    10 3.836055 0.000000 0.000000 -0.089717 -0.040986 0.028810
    11 3.617625 -0.000275 -0.000015 -0.062188 -0.026506 0.452076
    12 7.537925 0.003588 -0.000212 0.046078 0.036761 0.115348
    13 3.177734 0.000000 0.000000 3.137538 0.000823 0.400474
    14 2.966416 0.000318 0.000023 0.016858 -0.149977 1.763104
    15 2.023770 0.904983 0.850949 2.055804 -1.270570 2.461545
    16 4.980521 0.000781 -0.001089 -2.239486 -0.555235 -0.437207
    17 11.119977 0.000007 0.000004 -0.000003 -0.000001 -1.623411
    18 11.205393 -0.000039 0.000000 1.678704 -0.317483 0.233953
    19 3.767608 0.148800 0.074041 0.089823 0.185396 -0.326372
    20 2.037109 0.000000 0.000000 0.003643 -0.024192 -0.299242
    21 1.066406 0.000000 0.000000 0.003643 -0.024192 -0.299244
    22 3.783203 -0.017258 0.794434 0.548045 0.085960 -0.316569
    23 1.628906 0.000000 0.000000 0.012406 -0.085556 -0.288091
    24 0.955566 -0.000004 0.000001 0.012406 -0.085556 -0.288099
    25 1.258789 -0.297852 1.251953 -1.378796 -0.581083 -0.486790
    26 1.392578 0.000002 -0.000002 -0.000054 -0.000329 0.324626
    27 1.099609 0.000002 -0.000004 0.000000 0.000000 0.000000
    28 3.548828 0.198730 -1.489258 -0.571798 0.100828 -0.256377
    29 1.218750 0.000004 0.000004 -0.009975 0.067698 -0.292690
    30 0.679688 -0.000001 0.000000 -0.009971 0.067689 -0.292686
    31 3.697042 0.266204 -0.725138 -0.097556 0.031562 -0.326884
    32 1.748047 0.000000 0.000002 -0.003159 0.020962 -0.299478
    33 0.959961 0.000004 0.000000 -0.003166 0.020972 -0.299671
    34 2.023778 0.904982 -0.850921 -2.023832 1.114862 2.578460
    35 4.981625 0.002227 0.003236 2.130998 0.462144 -0.871495
    36 11.119975 -0.000005 0.000000 0.000001 0.000002 -2.157397
    37 11.205375 0.000073 0.000008 -1.671188 0.310595 0.233652
    38 3.766600 0.148254 -0.075376 -0.089513 -0.188043 -0.324859
    39 2.037109 0.000002 0.000000 -0.003278 0.021743 -0.299424
    40 1.066406 0.000002 0.000002 -0.003278 0.021743 -0.299428
    41 3.780812 -0.024988 -0.795569 -0.547791 -0.088513 -0.315894
    42 1.628906 0.000000 0.000000 -0.012097 0.083240 -0.288753
    43 0.955566 0.000000 -0.000001 -0.012097 0.083232 -0.288761
    44 1.258789 -0.308350 -1.250000 1.375718 0.577178 -0.491580
    45 1.392578 -0.000002 0.000002 0.000349 0.002144 0.324618
    46 1.099609 0.000004 -0.000002 0.000000 0.000000 0.000000
    47 3.548828 0.211304 1.487305 0.571268 -0.102934 -0.255551
    48 1.218750 0.000006 0.000000 0.010274 -0.069875 -0.292190
    49 0.679688 0.000003 0.000000 0.010275 -0.069871 -0.292190
    50 3.696249 0.271114 0.723153 0.097888 -0.034222 -0.326611
    51 1.748047 -0.000012 -0.000002 0.003526 -0.023385 -0.299307
    52 0.956684 0.000004 0.000002 0.003527 -0.023396 -0.299510
    53 -3.756462 5.577850 2.053357 1.570803 -0.000001 0.000000
    54 -2.735646 -0.081365 5.727119 0.000007 0.000015 1.570796
    55 0.000001 5.662003 -0.974302 1.570804 -0.000001 0.000000
    56 -0.000002 -2.275002 5.113525 0.000000 0.000000 -3.141592
    57 -2.477620 5.416855 4.597564 1.570804 -0.000001 0.000000
    58 -1.515218 1.317776 5.998497 0.000000 0.000000 0.000000
    59 -2.455992 5.657928 -0.087295 1.570804 -0.000001 0.000000
    60 -1.485628 -1.617812 5.263969 0.000000 0.000000 3.141592
    61 3.756460 5.577858 2.053359 1.570803 -0.000001 0.000000
    62 2.735645 -0.081364 5.727116 0.000004 -0.000011 -1.570795
    63 2.477613 5.416855 4.597570 1.570804 -0.000001 0.000000
    64 1.515220 1.317777 5.998508 0.000000 0.000000 0.000000
    65 2.455991 5.657928 -0.087293 1.570804 -0.000001 0.000000
    66 1.485620 -1.617803 5.263973 0.000000 0.000000 -3.141592
    67 4.575642 5.632584 0.000132 0.000000 -1.570771 0.249128
    68 -0.000001 0.314078 5.161098 0.000000 0.000000 0.000000
    69 -0.000001 -0.323108 3.750217 0.000000 0.000000 0.000000
    70 5.734947 1.075212 4.685178 1.570830 -0.000004 -1.321669
    71 -0.753896 0.305901 4.971462 -0.000001 0.000002 0.000000
    72 -1.101006 -0.314705 3.448307 0.000001 0.000001 0.000000
    73 5.809101 -1.029643 4.595047 1.570829 -0.000004 -1.321671
    74 -0.714908 -0.199657 5.028973 0.000000 0.000003 0.000000
    75 -0.282898 -0.851690 4.444889 0.000000 0.000000 0.000000
    76 9.578484 -1.290738 0.000240 0.000000 1.570770 -2.892481
    77 9.369518 -1.236408 1.787905 0.000000 1.570770 -2.892481
    78 9.436707 -1.331719 -1.409029 0.000000 1.570770 -2.892477
    79 5.735191 1.075235 -4.684885 -1.570814 0.000004 1.819923
    80 0.753901 0.305904 4.971474 -0.000001 -0.000002 0.000000
    81 1.101010 -0.314705 3.448315 0.000000 -0.000001 0.000000
    82 5.809341 -1.029617 -4.594752 -1.570814 0.000004 1.819922
    83 0.714908 -0.199655 5.028969 0.000000 -0.000003 0.000000
    84 0.282897 -0.851688 4.444893 0.000000 0.000000 0.000000
  time 15
    0 -22.898569 25.425334 25.098624 1.700896 0.054146 0.139545
    1 3.983847 0.002149 0.003401 -2.938322 -1.220187 -0.345152
    2 15.938816 -0.000100 -0.000005 -0.000009 -0.000002 1.580848
    3 17.707025 -0.000068 0.000003 0.305403 0.303887 -1.182516
    4 6.202515 0.003416 -0.000367 -0.007306 -0.002960 -0.584341
    5 -3.983848 0.002149 0.003395 -0.642432 -1.201941 -2.609025
    6 15.938826 -0.000113 -0.000001 0.000002 0.000010 2.041499
    7 17.707031 0.000018 0.000000 -0.388090 0.157011 -1.224040
    8 6.203125 0.000000 0.000000 -0.081331 -0.002953 -0.584372
    9 -0.000001 4.209253 -1.688832 1.570794 -0.575159 1.570791
    10 3.836055 0.000000 0.000000 -0.090016 -0.047254 0.026977
    11 3.617625 -0.000275 -0.000015 -0.062140 -0.033013 0.449331
    12 7.537925 0.003588 -0.000212 0.045359 0.036317 0.112904
    13 3.177734 0.000000 0.000000 3.137538 0.000823 0.400474
    14 2.966416 0.000318 0.000023 0.022671 -0.156137 1.757068
    15 2.023770 0.904983 0.850949 2.037604 -1.267272 2.480579
    16 4.980521 0.000781 -0.001089 -2.250013 -0.528854 -0.451234
    17 11.119977 0.000007 0.000004 -0.000003 -0.000001 -1.623010
    18 11.205393 -0.000039 0.000000 1.678704 -0.317495 0.233953
    19 3.767608 0.148800 0.074041 0.089823 0.185396 -0.326372
    20 2.037109 0.000000 0.000000 0.003643 -0.024192 -0.299242
    21 1.066406 0.000000 0.000000 0.003643 -0.024192 -0.299244
    22 3.783203 -0.017258 0.794434 0.548045 0.085960 -0.316569
    23 1.628906 0.000000 0.000000 0.012406 -0.085556 -0.288091
    24 0.955566 -0.000004 0.000001 0.012406 -0.085556 -0.288099
    25 1.258789 -0.297852 1.251953 -1.378796 -0.581083 -0.486790
    26 1.392578 0.000002 -0.000002 -0.000054 -0.000329 0.324626
    27 1.099609 0.000002 -0.000004 0.000000 0.000000 0.000000
    28 3.548828 0.198730 -1.489258 -0.571798 0.100828 -0.256377
    29 1.218750 0.000004 0.000004 -0.009975 0.067698 -0.292690
    30 0.679688 -0.000001 0.000000 -0.009971 0.067689 -0.292686
    31 3.697042 0.266204 -0.725138 -0.097556 0.031562 -0.326884
    32 1.748047 0.000000 0.000002 -0.003159 0.020962 -0.299478
    33 0.959961 0.000004 0.000000 -0.003166 0.020972 -0.299671
    34 2.023778 0.904982 -0.850921 -2.025554 1.119463 2.576292
    35 4.981625 0.002227 0.003236 2.145961 0.479815 -0.863386
    36 11.119975 -0.000005 0.000000 0.000001 0.000002 -2.155821
    37 11.205375 0.000073 0.000008 -1.671188 0.310595 0.233652
    38 3.766600 0.148254 -0.075376 -0.089513 -0.188043 -0.324859
    39 2.037109 0.000002 0.000000 -0.003278 0.021743 -0.299424
    40 1.066406 0.000002 0.000002 -0.003278 0.021743 -0.299428
    41 3.780812 -0.024988 -0.795569 -0.547791 -0.088513 -0.315894
    42 1.628906 0.000000 0.000000 -0.012097 0.083240 -0.288753
    43 0.955566 0.000000 -0.000001 -0.012097 0.083232 -0.288761
    44 1.258789 -0.308350 -1.250000 1.375718 0.577178 -0.491580
    45 1.392578 -0.000002 0.000002 0.000349 0.002144 0.324618
    46 1.099609 0.000004 -0.000002 0.000000 0.000000 0.000000
    47 3.548828 0.211304 1.487305 0.571268 -0.102934 -0.255551
    48 1.218750 0.000006 0.000000 0.010274 -0.069875 -0.292190
    49 0.679688 0.000003 0.000000 0.010275 -0.069871 -0.292190
    50 3.696249 0.271114 0.723153 0.097888 -0.034222 -0.326611
    51 1.748047 -0.000012 -0.000002 0.003526 -0.023385 -0.299307
    52 0.956684 0.000004 0.000002 0.003527 -0.023396 -0.299510
    53 -3.756462 5.577850 2.053357 1.570803 -0.000001 0.000000
    54 -2.735646 -0.081365 5.727119 0.000007 0.000015 1.570796
    55 0.000001 5.662003 -0.974302 1.570804 -0.000001 0.000000
    56 -0.000002 -2.275002 5.113525 0.000000 0.000000 -3.141592
    57 -2.477620 5.416855 4.597564 1.570804 -0.000001 0.000000
    58 -1.515218 1.317776 5.998497 0.000000 0.000000 0.000000
    59 -2.455992 5.657928 -0.087295 1.570804 -0.000001 0.000000
    60 -1.485628 -1.617812 5.263969 0.000000 0.000000 3.141592
    61 3.756460 5.577858 2.053359 1.570803 -0.000001 0.000000
    62 2.735645 -0.081364 5.727116 0.000004 -0.000011 -1.570795
    63 2.477613 5.416855 4.597570 1.570804 -0.000001 0.000000
    64 1.515220 1.317777 5.998508 0.000000 0.000000 0.000000
    65 2.455991 5.657928 -0.087293 1.570804 -0.000001 0.000000
    66 1.485620 -1.617803 5.263973 0.000000 0.000000 -3.141592
    67 4.575642 5.632584 0.000132 0.000000 -1.570771 0.249128
    68 -0.000001 0.314078 5.161098 0.000000 0.000000 0.000000
    69 -0.000001 -0.323108 3.750217 0.000000 0.000000 0.000000
    70 5.734947 1.075212 4.685178 1.570830 -0.000004 -1.321669
    71 -0.753896 0.305901 4.971462 -0.000001 0.000002 0.000000
    72 -1.101006 -0.314705 3.448307 0.000001 0.000001 0.000000
    73 5.809101 -1.029643 4.595047 1.570829 -0.000004 -1.321671
    74 -0.714908 -0.199657 5.028973 0.000000 0.000003 0.000000
    75 -0.282898 -0.851690 4.444889 0.000000 0.000000 0.000000
    76 9.578484 -1.290738 0.000240 0.000000 1.570770 -2.892481
    77 9.369518 -1.236408 1.787905 0.000000 1.570770 -2.892481
    78 9.436707 -1.331719 -1.409029 0.000000 1.570770 -2.892477
    79 5.735191 1.075235 -4.684885 -1.570814 0.000004 1.819923
    80 0.753901 0.305904 4.971474 -0.000001 -0.000002 0.000000
    81 1.101010 -0.314705 3.448315 0.000000 -0.000001 0.000000
    82 5.809341 -1.029617 -4.594752 -1.570814 0.000004 1.819922
    83 0.714908 -0.199655 5.028969 0.000000 -0.000003 0.000000
    84 0.282897 -0.851688 4.444893 0.000000 0.000000 0.000000
  time 16
    0 -24.805577 27.183900 25.313474 1.709716 0.044559 0.121717
    1 3.983847 0.002149 0.003401 -2.938607 -1.222234 -0.290078
    2 15.938816 -0.000100 -0.000005 -0.000009 -0.000002 1.453222
    3 17.707025 -0.000068 0.000003 0.231810 0.309361 -1.064032
    4 6.202515 0.003416 -0.000367 -0.007306 -0.002960 -0.584341
    5 -3.983848 0.002149 0.003395 -0.917004 -1.123101 -2.428602
    6 15.938826 -0.000113 -0.000001 0.000002 0.000010 1.948227
    7 17.707031 0.000018 0.000000 -0.420935 -0.022248 -1.381039
    8 6.203125 0.000000 0.000000 -0.081331 -0.002953 -0.584372
    9 -0.000001 4.209253 -1.688832 1.570794 -0.575159 1.570791
    10 3.836055 0.000000 0.000000 -0.090819 -0.053282 0.023885
    11 3.617625 -0.000275 -0.000015 -0.062739 -0.039509 0.445670
    12 7.537925 0.003588 -0.000212 0.044172 0.035083 0.111154
    13 3.177734 0.000000 0.000000 3.137538 0.000823 0.400474
    14 2.966416 0.000318 0.000023 0.028771 -0.163831 1.749626
    15 2.023770 0.904983 0.850949 2.020554 -1.264259 2.498435
    16 4.980521 0.000781 -0.001089 -2.257960 -0.504970 -0.460765
    17 11.119977 0.000007 0.000004 -0.000003 -0.000001 -1.623697
    18 11.205393 -0.000039 0.000000 1.678704 -0.317495 0.233953
    19 3.767608 0.148800 0.074041 0.089823 0.185396 -0.326372
    20 2.037109 0.000000 0.000000 0.003643 -0.024192 -0.299242
    21 1.066406 0.000000 0.000000 0.003643 -0.024192 -0.299244
    22 3.783203 -0.017258 0.794434 0.548045 0.085960 -0.316569
    23 1.628906 0.000000 0.000000 0.012406 -0.085556 -0.288091
    24 0.955566 -0.000004 0.000001 0.012406 -0.085556 -0.288099
    25 1.258789 -0.297852 1.251953 -1.378796 -0.581083 -0.486790
    26 1.392578 0.000002 -0.000002 -0.000054 -0.000329 0.324626
    27 1.099609 0.000002 -0.000004 0.000000 0.000000 0.000000
    28 3.548828 0.198730 -1.489258 -0.571798 0.100828 -0.256377
    29 1.218750 0.000004 0.000004 -0.009975 0.067698 -0.292690
    30 0.679688 -0.000001 0.000000 -0.009971 0.067689 -0.292686
    31 3.697042 0.266204 -0.725138 -0.097556 0.031562 -0.326884
    32 1.748047 0.000000 0.000002 -0.003159 0.020962 -0.299478
    33 0.959961 0.000004 0.000000 -0.003166 0.020972 -0.299671
    34 2.023778 0.904982 -0.850921 -2.028111 1.125041 2.573131
    35 4.981625 0.002227 0.003236 2.154010 0.499382 -0.859273
    36 11.119975 -0.000005 0.000000 0.000001 0.000002 -2.154370
    37 11.205375 0.000073 0.000008 -1.671188 0.310631 0.233652
    38 3.766600 0.148254 -0.075376 -0.089513 -0.188043 -0.324859
    39 2.037109 0.000002 0.000000 -0.003278 0.021743 -0.299424
    40 1.066406 0.000002 0.000002 -0.003278 0.021743 -0.299428
    41 3.780812 -0.024988 -0.795569 -0.547791 -0.088513 -0.315894
    42 1.628906 0.000000 0.000000 -0.012097 0.083240 -0.288753
    43 0.955566 0.000000 -0.000001 -0.012097 0.083232 -0.288761
    44 1.258789 -0.308350 -1.250000 1.375718 0.577178 -0.491580
    45 1.392578 -0.000002 0.000002 0.000349 0.002144 0.324618
    46 1.099609 0.000004 -0.000002 0.000000 0.000000 0.000000
    47 3.548828 0.211304 1.487305 0.571268 -0.102934 -0.255551
    48 1.218750 0.000006 0.000000 0.010274 -0.069875 -0.292190
    49 0.679688 0.000003 0.000000 0.010275 -0.069871 -0.292190
    50 3.696249 0.271114 0.723153 0.097888 -0.034222 -0.326611
    51 1.748047 -0.000012 -0.000002 0.003526 -0.023385 -0.299307
    52 0.956684 0.000004 0.000002 0.003527 -0.023396 -0.299497
    53 -3.756462 5.577850 2.053357 1.570803 -0.000001 0.000000
    54 -2.735646 -0.081365 5.727119 0.000007 0.000015 1.570796
    55 0.000001 5.662003 -0.974302 1.570804 -0.000001 0.000000
    56 -0.000002 -2.275002 5.113525 0.000000 0.000000 -3.141592
    57 -2.477620 5.416855 4.597564 1.570804 -0.000001 0.000000
    58 -1.515218 1.317776 5.998497 0.000000 0.000000 0.000000
    59 -2.455992 5.657928 -0.087295 1.570804 -0.000001 0.000000
    60 -1.485628 -1.617812 5.263969 0.000000 0.000000 3.141592
    61 3.756460 5.577858 2.053359 1.570803 -0.000001 0.000000
    62 2.735645 -0.081364 5.727116 0.000004 -0.000011 -1.570795
    63 2.477613 5.416855 4.597570 1.570804 -0.000001 0.000000
    64 1.515220 1.317777 5.998508 0.000000 0.000000 0.000000
    65 2.455991 5.657928 -0.087293 1.570804 -0.000001 0.000000
    66 1.485620 -1.617803 5.263973 0.000000 0.000000 -3.141592
    67 4.575642 5.632584 0.000132 0.000000 -1.570771 0.249128
    68 -0.000001 0.314078 5.161098 0.000000 0.000000 0.000000
    69 -0.000001 -0.323108 3.750217 0.000000 0.000000 0.000000
    70 5.734947 1.075212 4.685178 1.570830 -0.000004 -1.321669
    71 -0.753896 0.305901 4.971462 -0.000001 0.000002 0.000000
    72 -1.101006 -0.314705 3.448307 0.000001 0.000001 0.000000
    73 5.809101 -1.029643 4.595047 1.570829 -0.000004 -1.321671
    74 -0.714908 -0.199657 5.028973 0.000000 0.000003 0.000000
    75 -0.282898 -0.851690 4.444889 0.000000 0.000000 0.000000
    76 9.578484 -1.290738 0.000240 0.000000 1.570770 -2.892481
    77 9.369518 -1.236408 1.787905 0.000000 1.570770 -2.892481
    78 9.436707 -1.331719 -1.409029 0.000000 1.570770 -2.892477
    79 5.735191 1.075235 -4.684885 -1.570814 0.000004 1.819923
    80 0.753901 0.305904 4.971474 -0.000001 -0.000002 0.000000
    81 1.101010 -0.314705 3.448315 0.000000 -0.000001 0.000000
    82 5.809341 -1.029617 -4.594752 -1.570814 0.000004 1.819922
    83 0.714908 -0.199655 5.028969 0.000000 -0.000003 0.000000
    84 0.282897 -0.851688 4.444893 0.000000 0.000000 0.000000
  time 17
    0 -26.872746 28.997155 25.645516 1.722515 0.035091 0.102547
    1 3.983847 0.002149 0.003401 -2.829546 -1.222768 -0.322175
    2 15.938816 -0.000100 -0.000005 -0.000009 -0.000002 1.277912
    3 17.707025 -0.000068 0.000003 0.126527 0.311822 -0.939919
    4 6.202515 0.003416 -0.000367 -0.007306 -0.002960 -0.584341
    5 -3.983848 0.002149 0.003395 -1.125943 -0.996081 -2.220357
    6 15.938826 -0.000113 -0.000001 0.000002 0.000010 1.803311
    7 17.707031 0.000018 0.000000 -0.230982 -0.150611 -1.616002
    8 6.203125 0.000000 0.000000 -0.081331 -0.002953 -0.584372
    9 -0.000001 4.209253 -1.688832 1.570794 -0.575159 1.570791
    10 3.836055 0.000000 0.000000 -0.092306 -0.058699 0.020169
    11 3.617625 -0.000275 -0.000015 -0.064177 -0.045609 0.441545
    12 7.537925 0.003588 -0.000212 0.042602 0.033105 0.110051
    13 3.177734 0.000000 0.000000 3.137538 0.000823 0.400474
    14 2.966416 0.000318 0.000023 0.035338 -0.172951 1.741774
    15 2.023770 0.904983 0.850949 2.005404 -1.261735 2.514206
    16 4.980521 0.000781 -0.001089 -2.263172 -0.485572 -0.464208
    17 11.119977 0.000007 0.000004 -0.000003 -0.000001 -1.625812
    18 11.205393 -0.000039 0.000000 1.678800 -0.317483 0.233953
    19 3.767608 0.148800 0.074041 0.089811 0.185396 -0.326372
    20 2.037109 0.000000 0.000000 0.003643 -0.024192 -0.299242
    21 1.066406 0.000000 0.000000 0.003643 -0.024192 -0.299244
    22 3.783203 -0.017258 0.794434 0.548045 0.085960 -0.316569
    23 1.628906 0.000000 0.000000 0.012406 -0.085556 -0.288091
    24 0.955566 -0.000004 0.000001 0.012406 -0.085556 -0.288099
    25 1.258789 -0.297852 1.251953 -1.378796 -0.581083 -0.486790
    26 1.392578 0.000002 -0.000002 -0.000054 -0.000329 0.324626
    27 1.099609 0.000002 -0.000004 0.000000 0.000000 0.000000
    28 3.548828 0.198730 -1.489258 -0.571798 0.100828 -0.256377
    29 1.218750 0.000004 0.000004 -0.009975 0.067698 -0.292690
    30 0.679688 -0.000001 0.000000 -0.009971 0.067689 -0.292686
    31 3.697042 0.266204 -0.725138 -0.097556 0.031562 -0.326884
    32 1.748047 0.000000 0.000002 -0.003159 0.020962 -0.299478
    33 0.959961 0.000004 0.000000 -0.003166 0.020972 -0.299671
    34 2.023778 0.904982 -0.850921 -2.031764 1.131474 2.568796
    35 4.981625 0.002227 0.003236 2.153546 0.521697 -0.859831
    36 11.119975 -0.000005 0.000000 0.000001 0.000002 -2.153109
    37 11.205375 0.000073 0.000008 -1.671188 0.310631 0.233652
    38 3.766600 0.148254 -0.075376 -0.089513 -0.188043 -0.324859
    39 2.037109 0.000002 0.000000 -0.003278 0.021743 -0.299424
    40 1.066406 0.000002 0.000002 -0.003278 0.021743 -0.299428
    41 3.780812 -0.024988 -0.795569 -0.547791 -0.088513 -0.315894
    42 1.628906 0.000000 0.000000 -0.012097 0.083240 -0.288753
    43 0.955566 0.000000 -0.000001 -0.012097 0.083232 -0.288761
    44 1.258789 -0.308350 -1.250000 1.375718 0.577178 -0.491580
    45 1.392578 -0.000002 0.000002 0.000349 0.002144 0.324618
    46 1.099609 0.000004 -0.000002 0.000000 0.000000 0.000000
    47 3.548828 0.211304 1.487305 0.571268 -0.102934 -0.255551
    48 1.218750 0.000006 0.000000 0.010274 -0.069875 -0.292190
    49 0.679688 0.000003 0.000000 0.010275 -0.069871 -0.292190
    50 3.696249 0.271114 0.723153 0.097888 -0.034222 -0.326611
    51 1.748047 -0.000012 -0.000002 0.003526 -0.023385 -0.299307
    52 0.956684 0.000004 0.000002 0.003527 -0.023396 -0.299497
    53 -3.756462 5.577850 2.053357 1.570803 -0.000001 0.000000
    54 -2.735646 -0.081365 5.727119 0.000007 0.000015 1.570796
    55 0.000001 5.662003 -0.974302 1.570804 -0.000001 0.000000
    56 -0.000002 -2.275002 5.113525 0.000000 0.000000 -3.141592
    57 -2.477620 5.416855 4.597564 1.570804 -0.000001 0.000000
    58 -1.515218 1.317776 5.998497 0.000000 0.000000 0.000000
    59 -2.455992 5.657928 -0.087295 1.570804 -0.000001 0.000000
    60 -1.485628 -1.617812 5.263969 0.000000 0.000000 3.141592
    61 3.756460 5.577858 2.053359 1.570803 -0.000001 0.000000
    62 2.735645 -0.081364 5.727116 0.000004 -0.000011 -1.570795
    63 2.477613 5.416855 4.597570 1.570804 -0.000001 0.000000
    64 1.515220 1.317777 5.998508 0.000000 0.000000 0.000000
    65 2.455991 5.657928 -0.087293 1.570804 -0.000001 0.000000
    66 1.485620 -1.617803 5.263973 0.000000 0.000000 -3.141592
    67 4.575642 5.632584 0.000132 0.000000 -1.570771 0.249128
    68 -0.000001 0.314078 5.161098 0.000000 0.000000 0.000000
    69 -0.000001 -0.323108 3.750217 0.000000 0.000000 0.000000
    70 5.734947 1.075212 4.685178 1.570830 -0.000004 -1.321669
    71 -0.753896 0.305901 4.971462 -0.000001 0.000002 0.000000
    72 -1.101006 -0.314705 3.448307 0.000001 0.000001 0.000000
    73 5.809101 -1.029643 4.595047 1.570829 -0.000004 -1.321671
    74 -0.714908 -0.199657 5.028973 0.000000 0.000003 0.000000
    75 -0.282898 -0.851690 4.444889 0.000000 0.000000 0.000000
    76 9.578484 -1.290738 0.000240 0.000000 1.570770 -2.892481
    77 9.369518 -1.236408 1.787905 0.000000 1.570770 -2.892481
    78 9.436707 -1.331719 -1.409029 0.000000 1.570770 -2.892477
    79 5.735191 1.075235 -4.684885 -1.570814 0.000004 1.819923
    80 0.753901 0.305904 4.971474 -0.000001 -0.000002 0.000000
    81 1.101010 -0.314705 3.448315 0.000000 -0.000001 0.000000
    82 5.809341 -1.029617 -4.594752 -1.570814 0.000004 1.819922
    83 0.714908 -0.199655 5.028969 0.000000 -0.000003 0.000000
    84 0.282897 -0.851688 4.444893 0.000000 0.000000 0.000000
  time 18
    0 -29.123514 30.872912 26.059591 1.737376 0.025407 0.084974
    1 3.983847 0.002149 0.003401 -2.565062 -1.207460 -0.475684
    2 15.938816 -0.000100 -0.000005 -0.000009 -0.000002 1.030375
    3 17.707025 -0.000068 0.000003 -0.023304 0.306963 -0.802804
    4 6.202515 0.003416 -0.000367 -0.007306 -0.002960 -0.584341
    5 -3.983848 0.002149 0.003395 -1.235045 -0.880999 -2.065227
    6 15.938826 -0.000113 -0.000001 0.000002 0.000010 1.666393
    7 17.707031 0.000018 0.000000 -0.012672 -0.209626 -1.841657
    8 6.203125 0.000000 0.000000 -0.081331 -0.002953 -0.584372
    9 -0.000001 4.209253 -1.688832 1.570794 -0.575159 1.570791
    10 3.836055 0.000000 0.000000 -0.094499 -0.063110 0.016454
    11 3.617625 -0.000275 -0.000015 -0.066418 -0.050834 0.437645
    12 7.537925 0.003588 -0.000212 0.040805 0.030612 0.109644
    13 3.177734 0.000000 0.000000 3.137538 0.000823 0.400474
    14 2.966416 0.000318 0.000023 0.042493 -0.182922 1.734740
    15 2.023770 0.904983 0.850949 1.992954 -1.259740 2.527348
    16 4.980521 0.000781 -0.001089 -2.265391 -0.473090 -0.459627
    17 11.119977 0.000007 0.000004 -0.000003 -0.000001 -1.629300
    18 11.205393 -0.000039 0.000000 1.678800 -0.317446 0.233953
    19 3.767608 0.148800 0.074041 0.089823 0.185396 -0.326372
    20 2.037109 0.000000 0.000000 0.003643 -0.024192 -0.299242
    21 1.066406 0.000000 0.000000 0.003643 -0.024192 -0.299244
    22 3.783203 -0.017258 0.794434 0.548045 0.085960 -0.316569
    23 1.628906 0.000000 0.000000 0.012406 -0.085556 -0.288091
    24 0.955566 -0.000004 0.000001 0.012406 -0.085556 -0.288099
    25 1.258789 -0.297852 1.251953 -1.378796 -0.581083 -0.486790
    26 1.392578 0.000002 -0.000002 -0.000054 -0.000329 0.324626
    27 1.099609 0.000002 -0.000004 0.000000 0.000000 0.000000
    28 3.548828 0.198730 -1.489258 -0.571798 0.100828 -0.256377
    29 1.218750 0.000004 0.000004 -0.009975 0.067698 -0.292690
    30 0.679688 -0.000001 0.000000 -0.009971 0.067689 -0.292686
    31 3.697042 0.266204 -0.725138 -0.097556 0.031562 -0.326884
    32 1.748047 0.000000 0.000002 -0.003159 0.020962 -0.299478
    33 0.959961 0.000004 0.000000 -0.003166 0.020972 -0.299671
    34 2.023778 0.904982 -0.850921 -2.036566 1.138966 2.563286
    35 4.981625 0.002227 0.003236 2.142917 0.547255 -0.865972
    36 11.119975 -0.000005 0.000000 0.000001 0.000002 -2.151974
    37 11.205375 0.000073 0.000008 -1.671188 0.310679 0.233652
    38 3.766600 0.148254 -0.075376 -0.089513 -0.188043 -0.324859
    39 2.037109 0.000002 0.000000 -0.003278 0.021743 -0.299424
    40 1.066406 0.000002 0.000002 -0.003278 0.021743 -0.299428
    41 3.780812 -0.024988 -0.795569 -0.547791 -0.088525 -0.315894
    42 1.628906 0.000000 0.000000 -0.012097 0.083240 -0.288753
    43 0.955566 0.000000 -0.000001 -0.012097 0.083232 -0.288761
    44 1.258789 -0.308350 -1.250000 1.375718 0.577178 -0.491580
    45 1.392578 -0.000002 0.000002 0.000349 0.002144 0.324618
    46 1.099609 0.000004 -0.000002 0.000000 0.000000 0.000000
    47 3.548828 0.211304 1.487305 0.571268 -0.102934 -0.255551
    48 1.218750 0.000006 0.000000 0.010274 -0.069875 -0.292190
    49 0.679688 0.000003 0.000000 0.010275 -0.069871 -0.292190
    50 3.696249 0.271114 0.723153 0.097888 -0.034222 -0.326611
    51 1.748047 -0.000012 -0.000002 0.003526 -0.023385 -0.299307
    52 0.956684 0.000004 0.000002 0.003527 -0.023396 -0.299510
    53 -3.756462 5.577850 2.053357 1.570803 -0.000001 0.000000
    54 -2.735646 -0.081365 5.727119 0.000007 0.000015 1.570796
    55 0.000001 5.662003 -0.974302 1.570804 -0.000001 0.000000
    56 -0.000002 -2.275002 5.113525 0.000000 0.000000 -3.141592
    57 -2.477620 5.416855 4.597564 1.570804 -0.000001 0.000000
    58 -1.515218 1.317776 5.998497 0.000000 0.000000 0.000000
    59 -2.455992 5.657928 -0.087295 1.570804 -0.000001 0.000000
    60 -1.485628 -1.617812 5.263969 0.000000 0.000000 3.141592
    61 3.756460 5.577858 2.053359 1.570803 -0.000001 0.000000
    62 2.735645 -0.081364 5.727116 0.000004 -0.000011 -1.570795
    63 2.477613 5.416855 4.597570 1.570804 -0.000001 0.000000
    64 1.515220 1.317777 5.998508 0.000000 0.000000 0.000000
    65 2.455991 5.657928 -0.087293 1.570804 -0.000001 0.000000
    66 1.485620 -1.617803 5.263973 0.000000 0.000000 -3.141592
    67 4.575642 5.632584 0.000132 0.000000 -1.570771 0.249128
    68 -0.000001 0.314078 5.161098 0.000000 0.000000 0.000000
    69 -0.000001 -0.323108 3.750217 0.000000 0.000000 0.000000
    70 5.734947 1.075212 4.685178 1.570830 -0.000004 -1.321669
    71 -0.753896 0.305901 4.971462 -0.000001 0.000002 0.000000
    72 -1.101006 -0.314705 3.448307 0.000001 0.000001 0.000000
    73 5.809101 -1.029643 4.595047 1.570829 -0.000004 -1.321671
    74 -0.714908 -0.199657 5.028973 0.000000 0.000003 0.000000
    75 -0.282898 -0.851690 4.444889 0.000000 0.000000 0.000000
    76 9.578484 -1.290738 0.000240 0.000000 1.570770 -2.892481
    77 9.369518 -1.236408 1.787905 0.000000 1.570770 -2.892481
    78 9.436707 -1.331719 -1.409029 0.000000 1.570770 -2.892477
    79 5.735191 1.075235 -4.684885 -1.570814 0.000004 1.819923
    80 0.753901 0.305904 4.971474 -0.000001 -0.000002 0.000000
    81 1.101010 -0.314705 3.448315 0.000000 -0.000001 0.000000
    82 5.809341 -1.029617 -4.594752 -1.570814 0.000004 1.819922
    83 0.714908 -0.199655 5.028969 0.000000 -0.000003 0.000000
    84 0.282897 -0.851688 4.444893 0.000000 0.000000 0.000000
  time 19
    0 -31.511006 32.807264 26.465853 1.750127 0.015556 0.071236
    1 3.983847 0.002149 0.003401 -2.168337 -1.105643 -0.730669
    2 15.938816 -0.000100 -0.000005 -0.000009 -0.000002 0.626461
    3 17.707025 -0.000068 0.000003 -0.212533 0.291624 -0.605820
    4 6.202515 0.003416 -0.000367 -0.007306 -0.002960 -0.584341
    5 -3.983848 0.002149 0.003395 -1.275935 -0.868245 -1.969114
    6 15.938826 -0.000113 -0.000001 0.000002 0.000010 1.627976
    7 17.707031 0.000018 0.000000 0.047170 -0.231880 -1.893514
    8 6.203125 0.000000 0.000000 -0.081331 -0.002953 -0.584372
    9 -0.000001 4.209253 -1.688832 1.570794 -0.575159 1.570791
    10 3.836055 0.000000 0.000000 -0.097159 -0.066130 0.013350
    11 3.617625 -0.000275 -0.000015 -0.069235 -0.054705 0.434674
    12 7.537925 0.003588 -0.000212 0.039019 0.027820 0.110003
    13 3.177734 0.000000 0.000000 3.137538 0.000823 0.400474
    14 2.966416 0.000318 0.000023 0.050115 -0.192738 1.729793
    15 2.023770 0.904983 0.850949 1.984104 -1.259251 2.536503
    16 4.980521 0.000781 -0.001089 -2.259199 -0.478353 -0.440023
    17 11.119977 0.000007 0.000004 -0.000003 -0.000001 -1.636848
    18 11.205393 -0.000039 0.000000 1.678800 -0.317373 0.233953
    19 3.767608 0.148800 0.074041 0.089823 0.185396 -0.326372
    20 2.037109 0.000000 0.000000 0.003643 -0.024192 -0.299242
    21 1.066406 0.000000 0.000000 0.003643 -0.024192 -0.299244
    22 3.783203 -0.017258 0.794434 0.548045 0.085960 -0.316569
    23 1.628906 0.000000 0.000000 0.012406 -0.085556 -0.288091
    24 0.955566 -0.000004 0.000001 0.012406 -0.085556 -0.288099
    25 1.258789 -0.297852 1.251953 -1.378796 -0.581083 -0.486790
    26 1.392578 0.000002 -0.000002 -0.000054 -0.000329 0.324626
    27 1.099609 0.000002 -0.000004 0.000000 0.000000 0.000000
    28 3.548828 0.198730 -1.489258 -0.571798 0.100828 -0.256377
    29 1.218750 0.000004 0.000004 -0.009975 0.067698 -0.292690
    30 0.679688 -0.000001 0.000000 -0.009971 0.067689 -0.292686
    31 3.697042 0.266204 -0.725138 -0.097544 0.031562 -0.326884
    32 1.748047 0.000000 0.000002 -0.003159 0.020962 -0.299478
    33 0.959961 0.000004 0.000000 -0.003166 0.020972 -0.299671
    34 2.023778 0.904982 -0.850921 -2.044811 1.149470 2.553803
    35 4.981625 0.002227 0.003236 2.111752 0.583641 -0.882396
    36 11.119975 -0.000005 0.000000 0.000001 0.000002 -2.151470
    37 11.205375 0.000073 0.000008 -1.671188 0.310679 0.233652
    38 3.766600 0.148254 -0.075376 -0.089513 -0.188043 -0.324859
    39 2.037109 0.000002 0.000000 -0.003278 0.021743 -0.299424
    40 1.066406 0.000002 0.000002 -0.003278 0.021743 -0.299428
    41 3.780812 -0.024988 -0.795569 -0.547791 -0.088513 -0.315894
    42 1.628906 0.000000 0.000000 -0.012097 0.083240 -0.288753
    43 0.955566 0.000000 -0.000001 -0.012097 0.083232 -0.288761
    44 1.258789 -0.308350 -1.250000 1.375718 0.577178 -0.491580
    45 1.392578 -0.000002 0.000002 0.000349 0.002144 0.324618
    46 1.099609 0.000004 -0.000002 0.000000 0.000000 0.000000
    47 3.548828 0.211304 1.487305 0.571268 -0.102934 -0.255551
    48 1.218750 0.000006 0.000000 0.010274 -0.069875 -0.292190
    49 0.679688 0.000003 0.000000 0.010275 -0.069871 -0.292190
    50 3.696249 0.271114 0.723153 0.097888 -0.034222 -0.326611
    51 1.748047 -0.000012 -0.000002 0.003526 -0.023385 -0.299307
    52 0.956684 0.000004 0.000002 0.003527 -0.023396 -0.299497
    53 -3.756462 5.577850 2.053357 1.570803 -0.000001 0.000000
    54 -2.735646 -0.081365 5.727119 0.000007 0.000015 1.570796
    55 0.000001 5.662003 -0.974302 1.570804 -0.000001 0.000000
    56 -0.000002 -2.275002 5.113525 0.000000 0.000000 -3.141592
    57 -2.477620 5.416855 4.597564 1.570804 -0.000001 0.000000
    58 -1.515218 1.317776 5.998497 0.000000 0.000000 0.000000
    59 -2.455992 5.657928 -0.087295 1.570804 -0.000001 0.000000
    60 -1.485628 -1.617812 5.263969 0.000000 0.000000 3.141592
    61 3.756460 5.577858 2.053359 1.570803 -0.000001 0.000000
    62 2.735645 -0.081364 5.727116 0.000004 -0.000011 -1.570795
    63 2.477613 5.416855 4.597570 1.570804 -0.000001 0.000000
    64 1.515220 1.317777 5.998508 0.000000 0.000000 0.000000
    65 2.455991 5.657928 -0.087293 1.570804 -0.000001 0.000000
    66 1.485620 -1.617803 5.263973 0.000000 0.000000 -3.141592
    67 4.575642 5.632584 0.000132 0.000000 -1.570771 0.249128
    68 -0.000001 0.314078 5.161098 0.000000 0.000000 0.000000
    69 -0.000001 -0.323108 3.750217 0.000000 0.000000 0.000000
    70 5.734947 1.075212 4.685178 1.570830 -0.000004 -1.321669
    71 -0.753896 0.305901 4.971462 -0.000001 0.000002 0.000000
    72 -1.101006 -0.314705 3.448307 0.000001 0.000001 0.000000
    73 5.809101 -1.029643 4.595047 1.570829 -0.000004 -1.321671
    74 -0.714908 -0.199657 5.028973 0.000000 0.000003 0.000000
    75 -0.282898 -0.851690 4.444889 0.000000 0.000000 0.000000
    76 9.578484 -1.290738 0.000240 0.000000 1.570770 -2.892481
    77 9.369518 -1.236408 1.787905 0.000000 1.570770 -2.892481
    78 9.436707 -1.331719 -1.409029 0.000000 1.570770 -2.892477
    79 5.735191 1.075235 -4.684885 -1.570814 0.000004 1.819923
    80 0.753901 0.305904 4.971474 -0.000001 -0.000002 0.000000
    81 1.101010 -0.314705 3.448315 0.000000 -0.000001 0.000000
    82 5.809341 -1.029617 -4.594752 -1.570814 0.000004 1.819922
    83 0.714908 -0.199655 5.028969 0.000000 -0.000003 0.000000
    84 0.282897 -0.851688 4.444893 0.000000 0.000000 0.000000
  time 20
    0 -33.941467 34.768961 26.751018 1.752284 0.015951 0.068360
    1 3.983847 0.002149 0.003401 -2.265238 -1.133590 -0.675953
    2 15.938816 -0.000100 -0.000005 -0.000009 -0.000002 0.751345
    3 17.707025 -0.000068 0.000003 -0.177236 0.228950 -0.673857
    4 6.202515 0.003416 -0.000367 -0.007306 -0.002960 -0.584341
    5 -3.983848 0.002149 0.003395 -1.292272 -0.905003 -1.883024
    6 15.938826 -0.000113 -0.000001 0.000002 0.000010 1.627976
    7 17.707031 0.000018 0.000000 0.038738 -0.242034 -1.869288
    8 6.203125 0.000000 0.000000 -0.081331 -0.002953 -0.584372
    9 -0.000001 4.209253 -1.688832 1.570890 -0.575159 1.570551
    10 3.836055 0.000000 0.000000 -0.089273 -0.056362 0.010102
    11 3.617625 -0.000275 -0.000015 -0.065244 -0.047922 0.433970
    12 7.537925 0.003588 -0.000212 0.032847 0.018628 0.115888
    13 3.177734 0.000000 0.000000 3.137538 0.000823 0.400474
    14 2.966416 0.000318 0.000023 0.061117 -0.183833 1.732925
    15 2.023770 0.904983 0.850949 1.978854 -1.260636 2.542122
    16 4.980521 0.000781 -0.001089 -2.243563 -0.522141 -0.412823
    17 11.119977 0.000007 0.000004 -0.000003 -0.000001 -1.649541
    18 11.205393 -0.000039 0.000000 1.678800 -0.317264 0.233953
    19 3.767608 0.148800 0.074041 0.089811 0.185396 -0.326372
    20 2.037109 0.000000 0.000000 0.003643 -0.024192 -0.299242
    21 1.066406 0.000000 0.000000 0.003643 -0.024192 -0.299244
    22 3.783203 -0.017258 0.794434 0.548045 0.085960 -0.316569
    23 1.628906 0.000000 0.000000 0.012406 -0.085556 -0.288091
    24 0.955566 -0.000004 0.000001 0.012406 -0.085556 -0.288099
    25 1.258789 -0.297852 1.251953 -1.378796 -0.581083 -0.486790
    26 1.392578 0.000002 -0.000002 -0.000054 -0.000329 0.324626
    27 1.099609 0.000002 -0.000004 0.000000 0.000000 0.000000
    28 3.548828 0.198730 -1.489258 -0.571798 0.100828 -0.256377
    29 1.218750 0.000004 0.000004 -0.009975 0.067698 -0.292690
    30 0.679688 -0.000001 0.000000 -0.009971 0.067689 -0.292686
    31 3.697042 0.266204 -0.725138 -0.097556 0.031562 -0.326884
    32 1.748047 0.000000 0.000002 -0.003159 0.020962 -0.299478
    33 0.959961 0.000004 0.000000 -0.003166 0.020972 -0.299671
    34 2.023778 0.904982 -0.850921 -2.058015 1.163802 2.539081
    35 4.981625 0.002227 0.003236 2.074861 0.629370 -0.890740
    36 11.119975 -0.000005 0.000000 0.000001 0.000002 -2.151470
    37 11.205375 0.000073 0.000008 -1.671188 0.310679 0.233652
    38 3.766600 0.148254 -0.075376 -0.089513 -0.188043 -0.324859
    39 2.037109 0.000002 0.000000 -0.003278 0.021743 -0.299424
    40 1.066406 0.000002 0.000002 -0.003278 0.021743 -0.299428
    41 3.780812 -0.024988 -0.795569 -0.547791 -0.088513 -0.315894
    42 1.628906 0.000000 0.000000 -0.012097 0.083240 -0.288753
    43 0.955566 0.000000 -0.000001 -0.012097 0.083232 -0.288761
    44 1.258789 -0.308350 -1.250000 1.375718 0.577178 -0.491580
    45 1.392578 -0.000002 0.000002 0.000349 0.002144 0.324618
    46 1.099609 0.000004 -0.000002 0.000000 0.000000 0.000000
    47 3.548828 0.211304 1.487305 0.571268 -0.102934 -0.255551
    48 1.218750 0.000006 0.000000 0.010274 -0.069875 -0.292190
    49 0.679688 0.000003 0.000000 0.010275 -0.069871 -0.292190
    50 3.696249 0.271114 0.723153 0.097888 -0.034222 -0.326611
    51 1.748047 -0.000012 -0.000002 0.003526 -0.023385 -0.299307
    52 0.956684 0.000004 0.000002 0.003527 -0.023396 -0.299497
    53 -3.756462 5.577850 2.053357 1.570803 -0.000001 0.000000
    54 -2.735646 -0.081365 5.727119 0.000007 0.000015 1.570796
    55 0.000001 5.662003 -0.974302 1.570804 -0.000001 0.000000
    56 -0.000002 -2.275002 5.113525 0.000000 0.000000 -3.141592
    57 -2.477620 5.416855 4.597564 1.570804 -0.000001 0.000000
    58 -1.515218 1.317776 5.998497 0.000000 0.000000 0.000000
    59 -2.455992 5.657928 -0.087295 1.570804 -0.000001 0.000000
    60 -1.485628 -1.617812 5.263969 0.000000 0.000000 3.141592
    61 3.756460 5.577858 2.053359 1.570803 -0.000001 0.000000
    62 2.735645 -0.081364 5.727116 0.000004 -0.000011 -1.570795
    63 2.477613 5.416855 4.597570 1.570804 -0.000001 0.000000
    64 1.515220 1.317777 5.998508 0.000000 0.000000 0.000000
    65 2.455991 5.657928 -0.087293 1.570804 -0.000001 0.000000
    66 1.485620 -1.617803 5.263973 0.000000 0.000000 -3.141592
    67 4.575642 5.632584 0.000132 0.000000 -1.570771 0.249128
    68 -0.000001 0.314078 5.161098 0.000000 0.000000 0.000000
    69 -0.000001 -0.323108 3.750217 0.000000 0.000000 0.000000
    70 5.734947 1.075212 4.685178 1.570830 -0.000004 -1.321669
    71 -0.753896 0.305901 4.971462 -0.000001 0.000002 0.000000
    72 -1.101006 -0.314705 3.448307 0.000001 0.000001 0.000000
    73 5.809101 -1.029643 4.595047 1.570829 -0.000004 -1.321671
    74 -0.714908 -0.199657 5.028973 0.000000 0.000003 0.000000
    75 -0.282898 -0.851690 4.444889 0.000000 0.000000 0.000000
    76 9.578484 -1.290738 0.000240 0.000000 1.570770 -2.892481
    77 9.369518 -1.236408 1.787905 0.000000 1.570770 -2.892481
    78 9.436707 -1.331719 -1.409029 0.000000 1.570770 -2.892477
    79 5.735191 1.075235 -4.684885 -1.570814 0.000004 1.819923
    80 0.753901 0.305904 4.971474 -0.000001 -0.000002 0.000000
    81 1.101010 -0.314705 3.448315 0.000000 -0.000001 0.000000
    82 5.809341 -1.029617 -4.594752 -1.570814 0.000004 1.819922
    83 0.714908 -0.199655 5.028969 0.000000 -0.000003 0.000000
    84 0.282897 -0.851688 4.444893 0.000000 0.000000 0.000000
  time 21
    0 -36.297707 36.715033 26.817426 1.752763 0.017785 0.066955
    1 3.983847 0.002149 0.003401 -2.445930 -1.175865 -0.563123
    2 15.938816 -0.000100 -0.000005 -0.000009 -0.000002 0.950816
    3 17.707025 -0.000068 0.000003 -0.112839 0.155582 -0.790047
    4 6.202515 0.003416 -0.000367 -0.007306 -0.002960 -0.584341
    5 -3.983848 0.002149 0.003395 -1.256446 -1.001320 -1.825694
    6 15.938826 -0.000113 -0.000001 0.000002 0.000010 1.656128
    7 17.707031 0.000018 0.000000 -0.061656 -0.217550 -1.792556
    8 6.203125 0.000000 0.000000 -0.081331 -0.002953 -0.584372
    9 -0.000001 4.209253 -1.688832 1.571034 -0.575159 1.570168
    10 3.836055 0.000000 0.000000 -0.079949 -0.044761 0.006962
    11 3.617625 -0.000275 -0.000015 -0.060318 -0.039665 0.433576
    12 7.537925 0.003588 -0.000212 0.026004 0.008585 0.122611
    13 3.177734 0.000000 0.000000 3.137538 0.000823 0.400474
    14 2.966416 0.000318 0.000023 0.072155 -0.172220 1.737281
    15 2.023770 0.904983 0.850949 1.975304 -1.263160 2.545748
    16 4.980521 0.000781 -0.001089 -2.223489 -0.580773 -0.376688
    17 11.119977 0.000007 0.000004 -0.000003 -0.000001 -1.665151
    18 11.205393 -0.000039 0.000000 1.678800 -0.317106 0.233953
    19 3.767608 0.148800 0.074041 0.089823 0.185396 -0.326372
    20 2.037109 0.000000 0.000000 0.003643 -0.024192 -0.299242
    21 1.066406 0.000000 0.000000 0.003643 -0.024192 -0.299244
    22 3.783203 -0.017258 0.794434 0.548045 0.085960 -0.316569
    23 1.628906 0.000000 0.000000 0.012406 -0.085556 -0.288091
    24 0.955566 -0.000004 0.000001 0.012406 -0.085556 -0.288099
    25 1.258789 -0.297852 1.251953 -1.378796 -0.581083 -0.486790
    26 1.392578 0.000002 -0.000002 -0.000054 -0.000329 0.324626
    27 1.099609 0.000002 -0.000004 0.000000 0.000000 0.000000
    28 3.548828 0.198730 -1.489258 -0.571798 0.100828 -0.256377
    29 1.218750 0.000004 0.000004 -0.009975 0.067698 -0.292690
    30 0.679688 -0.000001 0.000000 -0.009971 0.067689 -0.292686
    31 3.697042 0.266204 -0.725138 -0.097556 0.031562 -0.326884
    32 1.748047 0.000000 0.000002 -0.003159 0.020962 -0.299478
    33 0.959961 0.000004 0.000000 -0.003166 0.020972 -0.299671
    34 2.023778 0.904982 -0.850921 -2.074976 1.180252 2.520384
    35 4.981625 0.002227 0.003236 2.024709 0.681200 -0.906518
    36 11.119975 -0.000005 0.000000 0.000001 0.000002 -2.151659
    37 11.205375 0.000073 0.000008 -1.671188 0.310679 0.233652
    38 3.766600 0.148254 -0.075376 -0.089513 -0.188055 -0.324859
    39 2.037109 0.000002 0.000000 -0.003278 0.021743 -0.299424
    40 1.066406 0.000002 0.000002 -0.003278 0.021743 -0.299428
    41 3.780812 -0.024988 -0.795569 -0.547791 -0.088513 -0.315894
    42 1.628906 0.000000 0.000000 -0.012097 0.083240 -0.288753
    43 0.955566 0.000000 -0.000001 -0.012097 0.083232 -0.288761
    44 1.258789 -0.308350 -1.250000 1.375718 0.577178 -0.491580
    45 1.392578 -0.000002 0.000002 0.000349 0.002144 0.324618
    46 1.099609 0.000004 -0.000002 0.000000 0.000000 0.000000
    47 3.548828 0.211304 1.487305 0.571268 -0.102934 -0.255551
    48 1.218750 0.000006 0.000000 0.010274 -0.069875 -0.292190
    49 0.679688 0.000003 0.000000 0.010275 -0.069871 -0.292190
    50 3.696249 0.271114 0.723153 0.097888 -0.034222 -0.326611
    51 1.748047 -0.000012 -0.000002 0.003526 -0.023385 -0.299307
    52 0.956684 0.000004 0.000002 0.003527 -0.023396 -0.299497
    53 -3.756462 5.577850 2.053357 1.570803 -0.000001 0.000000
    54 -2.735646 -0.081365 5.727119 0.000007 0.000015 1.570796
    55 0.000001 5.662003 -0.974302 1.570804 -0.000001 0.000000
    56 -0.000002 -2.275002 5.113525 0.000000 0.000000 -3.141592
    57 -2.477620 5.416855 4.597564 1.570804 -0.000001 0.000000
    58 -1.515218 1.317776 5.998497 0.000000 0.000000 0.000000
    59 -2.455992 5.657928 -0.087295 1.570804 -0.000001 0.000000
    60 -1.485628 -1.617812 5.263969 0.000000 0.000000 3.141592
    61 3.756460 5.577858 2.053359 1.570803 -0.000001 0.000000
    62 2.735645 -0.081364 5.727116 0.000004 -0.000011 -1.570795
    63 2.477613 5.416855 4.597570 1.570804 -0.000001 0.000000
    64 1.515220 1.317777 5.998508 0.000000 0.000000 0.000000
    65 2.455991 5.657928 -0.087293 1.570804 -0.000001 0.000000
    66 1.485620 -1.617803 5.263973 0.000000 0.000000 -3.141592
    67 4.575642 5.632584 0.000132 0.000000 -1.570771 0.249128
    68 -0.000001 0.314078 5.161098 0.000000 0.000000 0.000000
    69 -0.000001 -0.323108 3.750217 0.000000 0.000000 0.000000
    70 5.734947 1.075212 4.685178 1.570830 -0.000004 -1.321669
    71 -0.753896 0.305901 4.971462 -0.000001 0.000002 0.000000
    72 -1.101006 -0.314705 3.448307 0.000001 0.000001 0.000000
    73 5.809101 -1.029643 4.595047 1.570829 -0.000004 -1.321671
    74 -0.714908 -0.199657 5.028973 0.000000 0.000003 0.000000
    75 -0.282898 -0.851690 4.444889 0.000000 0.000000 0.000000
    76 9.578484 -1.290738 0.000240 0.000000 1.570770 -2.892481
    77 9.369518 -1.236408 1.787905 0.000000 1.570770 -2.892481
    78 9.436707 -1.331719 -1.409029 0.000000 1.570770 -2.892477
    79 5.735191 1.075235 -4.684885 -1.570814 0.000004 1.819923
    80 0.753901 0.305904 4.971474 -0.000001 -0.000002 0.000000
    81 1.101010 -0.314705 3.448315 0.000000 -0.000001 0.000000
    82 5.809341 -1.029617 -4.594752 -1.570814 0.000004 1.819922
    83 0.714908 -0.199655 5.028969 0.000000 -0.000003 0.000000
    84 0.282897 -0.851688 4.444893 0.000000 0.000000 0.000000
  time 22
    0 -38.482068 38.614228 26.844771 1.752715 0.020134 0.066188
    1 3.983847 0.002149 0.003401 -2.692364 -1.213111 -0.394146
    2 15.938816 -0.000100 -0.000005 -0.000009 -0.000002 1.180058
    3 17.707025 -0.000068 0.000003 -0.038171 0.071564 -0.935789
    4 6.202515 0.003416 -0.000367 -0.007306 -0.002960 -0.584341
    5 -3.983848 0.002149 0.003395 -1.213454 -1.079558 -1.773328
    6 15.938826 -0.000113 -0.000001 0.000002 0.000010 1.656191
    7 17.707031 0.000018 0.000000 -0.160690 -0.193869 -1.706808
    8 6.203125 0.000000 0.000000 -0.081331 -0.002953 -0.584372
    9 -0.000001 4.209253 -1.688832 1.571226 -0.575159 1.569832
    10 3.836055 0.000000 0.000000 -0.070110 -0.032417 0.003942
    11 3.617625 -0.000275 -0.000015 -0.054997 -0.030772 0.433364
    12 7.537925 0.003588 -0.000212 0.018837 -0.001734 0.129730
    13 3.177734 0.000000 0.000000 3.137538 0.000823 0.400474
    14 2.966416 0.000318 0.000023 0.083097 -0.159480 1.742183
    15 2.023770 0.904983 0.850949 1.972154 -1.265928 2.549102
    16 4.980521 0.000781 -0.001089 -2.205273 -0.644161 -0.337480
    17 11.119977 0.000007 0.000004 -0.000003 -0.000001 -1.681332
    18 11.205393 -0.000039 0.000000 1.678800 -0.316960 0.233905
    19 3.767608 0.148800 0.074041 0.089823 0.185396 -0.326372
    20 2.037109 0.000000 0.000000 0.003643 -0.024192 -0.299242
    21 1.066406 0.000000 0.000000 0.003643 -0.024192 -0.299244
    22 3.783203 -0.017258 0.794434 0.548045 0.085960 -0.316569
    23 1.628906 0.000000 0.000000 0.012406 -0.085556 -0.288091
    24 0.955566 -0.000004 0.000001 0.012406 -0.085556 -0.288099
    25 1.258789 -0.297852 1.251953 -1.378796 -0.581083 -0.486790
    26 1.392578 0.000002 -0.000002 -0.000054 -0.000329 0.324626
    27 1.099609 0.000002 -0.000004 0.000000 0.000000 0.000000
    28 3.548828 0.198730 -1.489258 -0.571798 0.100828 -0.256377
    29 1.218750 0.000004 0.000004 -0.009975 0.067698 -0.292690
    30 0.679688 -0.000001 0.000000 -0.009971 0.067689 -0.292686
    31 3.697042 0.266204 -0.725138 -0.097544 0.031562 -0.326884
    32 1.748047 0.000000 0.000002 -0.003159 0.020962 -0.299478
    33 0.959961 0.000004 0.000000 -0.003166 0.020972 -0.299671
    34 2.023778 0.904982 -0.850921 -2.094286 1.197149 2.499430
    35 4.981625 0.002227 0.003236 1.969397 0.733938 -0.926703
    36 11.119975 -0.000005 0.000000 0.000001 0.000002 -2.151974
    37 11.205375 0.000073 0.000008 -1.671188 0.310679 0.233652
    38 3.766600 0.148254 -0.075376 -0.089525 -0.188043 -0.324859
    39 2.037109 0.000002 0.000000 -0.003278 0.021743 -0.299424
    40 1.066406 0.000002 0.000002 -0.003278 0.021743 -0.299428
    41 3.780812 -0.024988 -0.795569 -0.547791 -0.088525 -0.315894
    42 1.628906 0.000000 0.000000 -0.012097 0.083240 -0.288753
    43 0.955566 0.000000 -0.000001 -0.012097 0.083232 -0.288761
    44 1.258789 -0.308350 -1.250000 1.375718 0.577178 -0.491580
    45 1.392578 -0.000002 0.000002 0.000349 0.002144 0.324618
    46 1.099609 0.000004 -0.000002 0.000000 0.000000 0.000000
    47 3.548828 0.211304 1.487305 0.571268 -0.102934 -0.255551
    48 1.218750 0.000006 0.000000 0.010274 -0.069875 -0.292190
    49 0.679688 0.000003 0.000000 0.010275 -0.069871 -0.292190
    50 3.696249 0.271114 0.723153 0.097888 -0.034222 -0.326611
    51 1.748047 -0.000012 -0.000002 0.003526 -0.023385 -0.299307
    52 0.956684 0.000004 0.000002 0.003527 -0.023396 -0.299497
    53 -3.756462 5.577850 2.053357 1.570803 -0.000001 0.000000
    54 -2.735646 -0.081365 5.727119 0.000007 0.000015 1.570796
    55 0.000001 5.662003 -0.974302 1.570804 -0.000001 0.000000
    56 -0.000002 -2.275002 5.113525 0.000000 0.000000 -3.141592
    57 -2.477620 5.416855 4.597564 1.570804 -0.000001 0.000000
    58 -1.515218 1.317776 5.998497 0.000000 0.000000 0.000000
    59 -2.455992 5.657928 -0.087295 1.570804 -0.000001 0.000000
    60 -1.485628 -1.617812 5.263969 0.000000 0.000000 3.141592
    61 3.756460 5.577858 2.053359 1.570803 -0.000001 0.000000
    62 2.735645 -0.081364 5.727116 0.000004 -0.000011 -1.570795
    63 2.477613 5.416855 4.597570 1.570804 -0.000001 0.000000
    64 1.515220 1.317777 5.998508 0.000000 0.000000 0.000000
    65 2.455991 5.657928 -0.087293 1.570804 -0.000001 0.000000
    66 1.485620 -1.617803 5.263973 0.000000 0.000000 -3.141592
    67 4.575642 5.632584 0.000132 0.000000 -1.570771 0.249128
    68 -0.000001 0.314078 5.161098 0.000000 0.000000 0.000000
    69 -0.000001 -0.323108 3.750217 0.000000 0.000000 0.000000
    70 5.734947 1.075212 4.685178 1.570830 -0.000004 -1.321669
    71 -0.753896 0.305901 4.971462 -0.000001 0.000002 0.000000
    72 -1.101006 -0.314705 3.448307 0.000001 0.000001 0.000000
    73 5.809101 -1.029643 4.595047 1.570829 -0.000004 -1.321671
    74 -0.714908 -0.199657 5.028973 0.000000 0.000003 0.000000
    75 -0.282898 -0.851690 4.444889 0.000000 0.000000 0.000000
    76 9.578484 -1.290738 0.000240 0.000000 1.570770 -2.892481
    77 9.369518 -1.236408 1.787905 0.000000 1.570770 -2.892481
    78 9.436707 -1.331719 -1.409029 0.000000 1.570770 -2.892477
    79 5.735191 1.075235 -4.684885 -1.570814 0.000004 1.819923
    80 0.753901 0.305904 4.971474 -0.000001 -0.000002 0.000000
    81 1.101010 -0.314705 3.448315 0.000000 -0.000001 0.000000
    82 5.809341 -1.029617 -4.594752 -1.570814 0.000004 1.819922
    83 0.714908 -0.199655 5.028969 0.000000 -0.000003 0.000000
    84 0.282897 -0.851688 4.444893 0.000000 0.000000 0.000000
  time 23
    0 -40.459390 40.447015 26.891647 1.752907 0.022279 0.065038
    1 3.983847 0.002149 0.003401 -2.953807 -1.231980 -0.204785
    2 15.938816 -0.000100 -0.000005 -0.000009 -0.000002 1.394382
    3 17.707025 -0.000068 0.000003 0.029448 -0.016485 -1.085600
    4 6.202515 0.003416 -0.000367 -0.007306 -0.002960 -0.584341
    5 -3.983848 0.002149 0.003395 -1.171896 -1.139805 -1.723117
    6 15.938826 -0.000113 -0.000001 0.000002 0.000010 1.630306
    7 17.707031 0.000018 0.000000 -0.254284 -0.170205 -1.615612
    8 6.203125 0.000000 0.000000 -0.081331 -0.002953 -0.584372
    9 -0.000001 4.209253 -1.688832 1.571370 -0.575159 1.569496
    10 3.836055 0.000000 0.000000 -0.060570 -0.020409 0.001006
    11 3.617625 -0.000275 -0.000015 -0.049903 -0.022203 0.433153
    12 7.537925 0.003588 -0.000212 0.011742 -0.011849 0.136753
    13 3.177734 0.000000 0.000000 3.137538 0.000823 0.400474
    14 2.966416 0.000318 0.000023 0.094003 -0.147232 1.746812
    15 2.023770 0.904983 0.850949 1.968004 -1.268127 2.553361
    16 4.980521 0.000781 -0.001089 -2.193249 -0.701645 -0.301317
    17 11.119977 0.000007 0.000004 -0.000003 -0.000001 -1.696199
    18 11.205393 -0.000039 0.000000 1.678896 -0.316802 0.233905
    19 3.767608 0.148800 0.074041 0.089823 0.185396 -0.326372
    20 2.037109 0.000000 0.000000 0.003643 -0.024192 -0.299242
    21 1.066406 0.000000 0.000000 0.003643 -0.024192 -0.299244
    22 3.783203 -0.017258 0.794434 0.548045 0.085960 -0.316569
    23 1.628906 0.000000 0.000000 0.012406 -0.085556 -0.288091
    24 0.955566 -0.000004 0.000001 0.012406 -0.085556 -0.288099
    25 1.258789 -0.297852 1.251953 -1.378796 -0.581083 -0.486790
    26 1.392578 0.000002 -0.000002 -0.000054 -0.000329 0.324626
    27 1.099609 0.000002 -0.000004 0.000000 0.000000 0.000000
    28 3.548828 0.198730 -1.489258 -0.571798 0.100828 -0.256377
    29 1.218750 0.000004 0.000004 -0.009975 0.067698 -0.292690
    30 0.679688 -0.000001 0.000000 -0.009971 0.067689 -0.292686
    31 3.697042 0.266204 -0.725138 -0.097556 0.031562 -0.326884
    32 1.748047 0.000000 0.000002 -0.003159 0.020962 -0.299478
    33 0.959961 0.000004 0.000000 -0.003166 0.020972 -0.299671
    34 2.023778 0.904982 -0.850921 -2.113909 1.212784 2.478205
    35 4.981625 0.002227 0.003236 1.918729 0.782910 -0.945830
    36 11.119975 -0.000005 0.000000 0.000001 0.000002 -2.152163
    37 11.205375 0.000073 0.000008 -1.671188 0.310679 0.233652
    38 3.766600 0.148254 -0.075376 -0.089513 -0.188043 -0.324859
    39 2.037109 0.000002 0.000000 -0.003278 0.021743 -0.299424
    40 1.066406 0.000002 0.000002 -0.003278 0.021743 -0.299428
    41 3.780812 -0.024988 -0.795569 -0.547791 -0.088513 -0.315894
    42 1.628906 0.000000 0.000000 -0.012097 0.083240 -0.288753
    43 0.955566 0.000000 -0.000001 -0.012097 0.083232 -0.288761
    44 1.258789 -0.308350 -1.250000 1.375718 0.577178 -0.491580
    45 1.392578 -0.000002 0.000002 0.000349 0.002144 0.324618
    46 1.099609 0.000004 -0.000002 0.000000 0.000000 0.000000
    47 3.548828 0.211304 1.487305 0.571268 -0.102934 -0.255551
    48 1.218750 0.000006 0.000000 0.010274 -0.069875 -0.292190
    49 0.679688 0.000003 0.000000 0.010275 -0.069871 -0.292190
    50 3.696249 0.271114 0.723153 0.097888 -0.034222 -0.326611
    51 1.748047 -0.000012 -0.000002 0.003526 -0.023385 -0.299307
    52 0.956684 0.000004 0.000002 0.003527 -0.023396 -0.299497
    53 -3.756462 5.577850 2.053357 1.570803 -0.000001 0.000000
    54 -2.735646 -0.081365 5.727119 0.000007 0.000015 1.570796
    55 0.000001 5.662003 -0.974302 1.570804 -0.000001 0.000000
    56 -0.000002 -2.275002 5.113525 0.000000 0.000000 -3.141592
    57 -2.477620 5.416855 4.597564 1.570804 -0.000001 0.000000
    58 -1.515218 1.317776 5.998497 0.000000 0.000000 0.000000
    59 -2.455992 5.657928 -0.087295 1.570804 -0.000001 0.000000
    60 -1.485628 -1.617812 5.263969 0.000000 0.000000 3.141592
    61 3.756460 5.577858 2.053359 1.570803 -0.000001 0.000000
    62 2.735645 -0.081364 5.727116 0.000004 -0.000011 -1.570795
    63 2.477613 5.416855 4.597570 1.570804 -0.000001 0.000000
    64 1.515220 1.317777 5.998508 0.000000 0.000000 0.000000
    65 2.455991 5.657928 -0.087293 1.570804 -0.000001 0.000000
    66 1.485620 -1.617803 5.263973 0.000000 0.000000 -3.141592
    67 4.575642 5.632584 0.000132 0.000000 -1.570771 0.249128
    68 -0.000001 0.314078 5.161098 0.000000 0.000000 0.000000
    69 -0.000001 -0.323108 3.750217 0.000000 0.000000 0.000000
    70 5.734947 1.075212 4.685178 1.570830 -0.000004 -1.321669
    71 -0.753896 0.305901 4.971462 -0.000001 0.000002 0.000000
    72 -1.101006 -0.314705 3.448307 0.000001 0.000001 0.000000
    73 5.809101 -1.029643 4.595047 1.570829 -0.000004 -1.321671
    74 -0.714908 -0.199657 5.028973 0.000000 0.000003 0.000000
    75 -0.282898 -0.851690 4.444889 0.000000 0.000000 0.000000
    76 9.578484 -1.290738 0.000240 0.000000 1.570770 -2.892481
    77 9.369518 -1.236408 1.787905 0.000000 1.570770 -2.892481
    78 9.436707 -1.331719 -1.409029 0.000000 1.570770 -2.892477
    79 5.735191 1.075235 -4.684885 -1.570814 0.000004 1.819923
    80 0.753901 0.305904 4.971474 -0.000001 -0.000002 0.000000
    81 1.101010 -0.314705 3.448315 0.000000 -0.000001 0.000000
    82 5.809341 -1.029617 -4.594752 -1.570814 0.000004 1.819922
    83 0.714908 -0.199655 5.028969 0.000000 -0.000003 0.000000
    84 0.282897 -0.851688 4.444893 0.000000 0.000000 0.000000
  time 24
    0 -42.104671 42.205581 26.497104 1.733589 0.021189 0.083505
    1 3.983847 0.002149 0.003401 -2.890251 -1.268069 -0.298930
    2 15.938816 -0.000100 -0.000005 -0.000009 -0.000002 1.688711
    3 17.707025 -0.000068 0.000003 0.225725 -0.082957 -1.094869
    4 6.202515 0.003416 -0.000367 -0.006683 -0.003715 -0.771508
    5 -3.983848 0.002149 0.003395 -1.225205 -1.195929 -1.625880
    6 15.938826 -0.000113 -0.000001 0.000002 0.000010 1.624638
    7 17.707031 0.000018 0.000000 -0.289283 -0.099126 -1.551269
    8 6.203125 0.000000 0.000000 -0.081331 -0.002953 -0.584372
    9 -0.000001 4.209253 -1.688832 1.571897 -0.575159 1.568442
    10 3.836055 0.000000 0.000000 -0.064993 -0.016957 0.003583
    11 3.617625 -0.000275 -0.000015 -0.053295 -0.017134 0.435758
    12 7.537925 0.003588 -0.000212 0.014199 -0.007475 0.137196
    13 3.177734 0.000000 0.000000 3.137538 0.000823 0.400474
    14 2.966416 0.000318 0.000023 0.087579 -0.147424 1.750896
    15 2.023770 0.904983 0.850949 2.005304 -1.283273 2.514387
    16 4.980521 0.000781 -0.001089 -2.167190 -0.713857 -0.336171
    17 11.119977 0.000007 0.000004 -0.000003 -0.000001 -1.691796
    18 11.205393 -0.000039 0.000000 1.678896 -0.316838 0.233953
    19 3.767608 0.148800 0.074041 0.089823 0.185396 -0.326372
    20 2.037109 0.000000 0.000000 0.003643 -0.024192 -0.299242
    21 1.066406 0.000000 0.000000 0.003643 -0.024192 -0.299244
    22 3.783203 -0.017258 0.794434 0.548045 0.085960 -0.316569
    23 1.628906 0.000000 0.000000 0.012406 -0.085556 -0.288091
    24 0.955566 -0.000004 0.000001 0.012406 -0.085556 -0.288099
    25 1.258789 -0.297852 1.251953 -1.378796 -0.581083 -0.486790
    26 1.392578 0.000002 -0.000002 -0.000054 -0.000329 0.324626
    27 1.099609 0.000002 -0.000004 0.000000 0.000000 0.000000
    28 3.548828 0.198730 -1.489258 -0.571798 0.100828 -0.256377
    29 1.218750 0.000004 0.000004 -0.009975 0.067698 -0.292690
    30 0.679688 -0.000001 0.000000 -0.009971 0.067689 -0.292686
    31 3.697042 0.266204 -0.725138 -0.097556 0.031562 -0.326884
    32 1.748047 0.000000 0.000002 -0.003159 0.020962 -0.299478
    33 0.959961 0.000004 0.000000 -0.003166 0.020972 -0.299671
    34 2.023778 0.904982 -0.850921 -2.093869 1.188069 2.499972
    35 4.981625 0.002227 0.003236 1.920638 0.720802 -0.938749
    36 11.119975 -0.000005 0.000000 0.000001 0.000002 -2.157838
    37 11.205375 0.000073 0.000008 -1.671093 0.310595 0.233652
    38 3.766600 0.148254 -0.075376 -0.089513 -0.188043 -0.324859
    39 2.037109 0.000002 0.000000 -0.003278 0.021743 -0.299424
    40 1.066406 0.000002 0.000002 -0.003278 0.021743 -0.299428
    41 3.780812 -0.024988 -0.795569 -0.547791 -0.088513 -0.315894
    42 1.628906 0.000000 0.000000 -0.012097 0.083240 -0.288753
    43 0.955566 0.000000 -0.000001 -0.012097 0.083232 -0.288761
    44 1.258789 -0.308350 -1.250000 1.375718 0.577178 -0.491580
    45 1.392578 -0.000002 0.000002 0.000349 0.002144 0.324618
    46 1.099609 0.000004 -0.000002 0.000000 0.000000 0.000000
    47 3.548828 0.211304 1.487305 0.571268 -0.102934 -0.255551
    48 1.218750 0.000006 0.000000 0.010274 -0.069875 -0.292190
    49 0.679688 0.000003 0.000000 0.010275 -0.069871 -0.292190
    50 3.696249 0.271114 0.723153 0.097888 -0.034222 -0.326611
    51 1.748047 -0.000012 -0.000002 0.003526 -0.023385 -0.299307
    52 0.956684 0.000004 0.000002 0.003527 -0.023396 -0.299510
    53 -3.756462 5.577850 2.053357 1.570803 -0.000001 0.000000
    54 -2.735646 -0.081365 5.727119 0.000007 0.000015 1.570796
    55 0.000001 5.662003 -0.974302 1.570804 -0.000001 0.000000
    56 -0.000002 -2.275002 5.113525 0.000000 0.000000 -3.141592
    57 -2.477620 5.416855 4.597564 1.570804 -0.000001 0.000000
    58 -1.515218 1.317776 5.998497 0.000000 0.000000 0.000000
    59 -2.455992 5.657928 -0.087295 1.570804 -0.000001 0.000000
    60 -1.485628 -1.617812 5.263969 0.000000 0.000000 3.141592
    61 3.756460 5.577858 2.053359 1.570803 -0.000001 0.000000
    62 2.735645 -0.081364 5.727116 0.000004 -0.000011 -1.570795
    63 2.477613 5.416855 4.597570 1.570804 -0.000001 0.000000
    64 1.515220 1.317777 5.998508 0.000000 0.000000 0.000000
    65 2.455991 5.657928 -0.087293 1.570804 -0.000001 0.000000
    66 1.485620 -1.617803 5.263973 0.000000 0.000000 -3.141592
    67 4.575642 5.632584 0.000132 0.000000 -1.570771 0.249128
    68 -0.000001 0.314078 5.161098 0.000000 0.000000 0.000000
    69 -0.000001 -0.323108 3.750217 0.000000 0.000000 0.000000
    70 5.734947 1.075212 4.685178 1.570830 -0.000004 -1.321669
    71 -0.753896 0.305901 4.971462 -0.000001 0.000002 0.000000
    72 -1.101006 -0.314705 3.448307 0.000001 0.000001 0.000000
    73 5.809101 -1.029643 4.595047 1.570829 -0.000004 -1.321671
    74 -0.714908 -0.199657 5.028973 0.000000 0.000003 0.000000
    75 -0.282898 -0.851690 4.444889 0.000000 0.000000 0.000000
    76 9.578484 -1.290738 0.000240 0.000000 1.570770 -2.892481
    77 9.369518 -1.236408 1.787905 0.000000 1.570770 -2.892481
    78 9.436707 -1.331719 -1.409029 0.000000 1.570770 -2.892477
    79 5.735191 1.075235 -4.684885 -1.570814 0.000004 1.819923
    80 0.753901 0.305904 4.971474 -0.000001 -0.000002 0.000000
    81 1.101010 -0.314705 3.448315 0.000000 -0.000001 0.000000
    82 5.809341 -1.029617 -4.594752 -1.570814 0.000004 1.819922
    83 0.714908 -0.199655 5.028969 0.000000 -0.000003 0.000000
    84 0.282897 -0.851688 4.444893 0.000000 0.000000 0.000000
end
