// Created by Crowbar 0.76
version 1
nodes
  0 "ValveBiped.Bip01_Pelvis" -1
  1 "ValveBiped.Bip01_L_Thigh" 0
  2 "ValveBiped.Bip01_L_Calf" 1
  3 "ValveBiped.Bip01_L_Foot" 2
  4 "ValveBiped.Bip01_L_Toe0" 3
  5 "ValveBiped.Bip01_R_Thigh" 0
  6 "ValveBiped.Bip01_R_Calf" 5
  7 "ValveBiped.Bip01_R_Foot" 6
  8 "ValveBiped.Bip01_R_Toe0" 7
  9 "ValveBiped.Bip01_Spine" 0
  10 "ValveBiped.Bip01_Spine1" 9
  11 "ValveBiped.Bip01_Spine2" 10
  12 "ValveBiped.Bip01_Spine4" 11
  13 "ValveBiped.Bip01_Neck1" 12
  14 "ValveBiped.Bip01_Head1" 13
  15 "ValveBiped.Bip01_L_Clavicle" 12
  16 "ValveBiped.Bip01_L_UpperArm" 15
  17 "ValveBiped.Bip01_L_Forearm" 16
  18 "ValveBiped.Bip01_L_Hand" 17
  19 "ValveBiped.Bip01_L_Finger2" 18
  20 "ValveBiped.Bip01_L_Finger21" 19
  21 "ValveBiped.Bip01_L_Finger22" 20
  22 "ValveBiped.Bip01_L_Finger1" 18
  23 "ValveBiped.Bip01_L_Finger11" 22
  24 "ValveBiped.Bip01_L_Finger12" 23
  25 "ValveBiped.Bip01_L_Finger0" 18
  26 "ValveBiped.Bip01_L_Finger01" 25
  27 "ValveBiped.Bip01_L_Finger02" 26
  28 "ValveBiped.Bip01_L_Finger4" 18
  29 "ValveBiped.Bip01_L_Finger41" 28
  30 "ValveBiped.Bip01_L_Finger42" 29
  31 "ValveBiped.Bip01_L_Finger3" 18
  32 "ValveBiped.Bip01_L_Finger31" 31
  33 "ValveBiped.Bip01_L_Finger32" 32
  34 "ValveBiped.Bip01_R_Clavicle" 12
  35 "ValveBiped.Bip01_R_UpperArm" 34
  36 "ValveBiped.Bip01_R_Forearm" 35
  37 "ValveBiped.Bip01_R_Hand" 36
  38 "ValveBiped.Bip01_R_Finger2" 37
  39 "ValveBiped.Bip01_R_Finger21" 38
  40 "ValveBiped.Bip01_R_Finger22" 39
  41 "ValveBiped.Bip01_R_Finger1" 37
  42 "ValveBiped.Bip01_R_Finger11" 41
  43 "ValveBiped.Bip01_R_Finger12" 42
  44 "ValveBiped.Bip01_R_Finger0" 37
  45 "ValveBiped.Bip01_R_Finger01" 44
  46 "ValveBiped.Bip01_R_Finger02" 45
  47 "ValveBiped.Bip01_R_Finger4" 37
  48 "ValveBiped.Bip01_R_Finger41" 47
  49 "ValveBiped.Bip01_R_Finger42" 48
  50 "ValveBiped.Bip01_R_Finger3" 37
  51 "ValveBiped.Bip01_R_Finger31" 50
  52 "ValveBiped.Bip01_R_Finger32" 51
  53 "ValveBiped.Skirt.R.001" 0
  54 "Skirt2_r" 53
  55 "ValveBiped.Skirt.B" 0
  56 "Skirtb2" 55
  57 "ValveBiped.Skirt.R" 0
  58 "Skirt5_r" 57
  59 "ValveBiped.Skirt.R.002" 0
  60 "Skirt8_r" 59
  61 "ValveBiped.Skirt.L.001" 0
  62 "Skirt2_l" 61
  63 "ValveBiped.Skirt.L" 0
  64 "Skirt5_l" 63
  65 "ValveBiped.Skirt.L.002" 0
  66 "Skirt8_l" 65
  67 "Hair_002" 14
  68 "Hair_001" 67
  69 "Hair_003" 68
  70 "Hair_006_r" 14
  71 "Hair_005_r" 70
  72 "Hair_007_r" 71
  73 "Hair_009_r" 14
  74 "Hair_010_r" 73
  75 "Hair_011_r" 74
  76 "Hair_004" 14
  77 "Hair_005" 14
  78 "Hair_006" 14
  79 "Hair_006_l" 14
  80 "Hair_005_l" 79
  81 "Hair_007_l" 80
  82 "Hair_009_l" 14
  83 "Hair_010_l" 82
  84 "Hair_011_l" 83
end
skeleton
  time 0
    0 -0.985061 0.085940 22.977466 1.806980 -0.072543 -0.108258
    1 3.983847 0.002149 0.003401 -2.228853 -1.429427 -0.822131
    2 15.938816 -0.000100 -0.000005 -0.000009 -0.000002 1.972203
    3 17.707025 -0.000068 0.000003 0.116643 0.259862 -1.477487
    4 6.202515 0.003416 -0.000367 -0.005748 -0.004494 -0.999256
    5 -3.983848 0.002149 0.003395 -0.631254 -1.329390 -2.246587
    6 15.938826 -0.000113 -0.000001 0.000002 0.000010 1.941614
    7 17.707031 0.000018 0.000000 -0.173452 0.123908 -1.823236
    8 6.202710 0.003078 0.003745 -0.081323 -0.002959 -0.584354
    9 -0.000001 4.209253 -1.688832 1.579663 -0.575139 1.561443
    10 3.836055 0.000000 0.000000 0.019978 -0.023896 -0.046477
    11 3.617625 -0.000275 -0.000015 0.025336 -0.041954 0.394040
    12 7.537925 0.003588 -0.000212 0.021713 -0.052069 0.162280
    13 3.177734 0.000002 0.000000 3.137538 0.000823 0.400474
    14 2.966416 0.000318 0.000023 -0.157805 -0.018697 1.702745
    15 2.023438 0.907227 0.852539 1.947284 -1.223454 2.575829
    16 4.980521 0.000781 -0.001089 -1.993080 -0.794282 -0.630486
    17 11.119977 0.000007 0.000004 -0.000003 -0.000001 -1.820791
    18 11.205393 -0.000039 0.000000 1.684707 -0.315354 0.234948
    19 3.767608 0.148800 0.074041 0.089811 0.185396 -0.326372
    20 2.037109 -0.000002 -0.000002 0.003643 -0.024192 -0.299242
    21 1.063284 -0.000008 0.000000 0.003618 -0.024177 -0.299189
    22 3.783203 -0.017258 0.794434 0.548045 0.085960 -0.316569
    23 1.628906 0.000000 0.000000 0.012406 -0.085556 -0.288091
    24 0.955566 -0.000004 0.000001 0.012406 -0.085556 -0.288099
    25 1.258789 -0.297852 1.251953 -1.378796 -0.581086 -0.486791
    26 1.392578 0.000004 -0.000006 -0.000054 -0.000328 0.324626
    27 1.099609 -0.000002 -0.000004 0.000000 0.000000 0.000000
    28 3.548828 0.198730 -1.489258 -0.571800 0.100829 -0.256375
    29 1.218750 0.000003 0.000000 -0.009975 0.067698 -0.292690
    30 0.679688 0.000000 0.000000 -0.009971 0.067689 -0.292684
    31 3.697042 0.266204 -0.725138 -0.097568 0.031574 -0.326833
    32 1.748047 0.000000 -0.000002 -0.003161 0.020964 -0.299479
    33 0.959961 0.000006 0.000000 -0.003166 0.020972 -0.299671
    34 2.023438 0.907227 -0.852051 -2.069461 1.218897 2.524817
    35 4.981625 0.002227 0.003236 2.572202 0.371345 -0.741424
    36 11.119975 -0.000005 0.000000 0.000001 0.000002 -1.882780
    37 11.205375 0.000073 0.000008 -1.665748 0.315077 0.231555
    38 3.766600 0.148254 -0.075376 -0.089513 -0.188043 -0.324859
    39 2.037109 0.000000 -0.000002 -0.003278 0.021743 -0.299424
    40 1.066406 0.000002 0.000000 -0.003278 0.021741 -0.299428
    41 3.780812 -0.024988 -0.795569 -0.547791 -0.088513 -0.315894
    42 1.628906 0.000000 0.000000 -0.012095 0.083240 -0.288751
    43 0.955566 0.000000 0.000000 -0.012097 0.083232 -0.288761
    44 1.255143 -0.311021 -1.248832 1.375777 0.577169 -0.491573
    45 1.392578 -0.000001 0.000004 0.000349 0.002144 0.324620
    46 1.099609 0.000001 -0.000004 0.000000 0.000000 0.000000
    47 3.548828 0.211304 1.487305 0.571268 -0.102934 -0.255551
    48 1.218750 0.000005 0.000000 0.010274 -0.069873 -0.292190
    49 0.679688 0.000005 0.000000 0.010275 -0.069871 -0.292190
    50 3.697266 0.273682 0.726563 0.097886 -0.034228 -0.326615
    51 1.748047 -0.000013 -0.000002 0.003526 -0.023385 -0.299307
    52 0.956684 0.000004 0.000002 0.003527 -0.023396 -0.299497
    53 -3.756462 5.577850 2.053357 1.570803 -0.000001 0.000000
    54 -2.735646 -0.081365 5.727119 0.000007 0.000015 1.570796
    55 0.000001 5.662003 -0.974302 1.570804 -0.000001 0.000000
    56 -0.000002 -2.275002 5.113525 0.000000 0.000000 -3.141592
    57 -2.477620 5.416855 4.597564 1.570804 -0.000001 0.000000
    58 -1.515218 1.317776 5.998497 0.000000 0.000000 0.000000
    59 -2.455992 5.657928 -0.087295 1.570804 -0.000001 0.000000
    60 -1.485628 -1.617812 5.263969 0.000000 0.000000 3.141592
    61 3.756460 5.577858 2.053359 1.570803 -0.000001 0.000000
    62 2.735645 -0.081364 5.727116 0.000004 -0.000011 -1.570795
    63 2.477613 5.416855 4.597570 1.570804 -0.000001 0.000000
    64 1.515220 1.317777 5.998508 0.000000 0.000000 0.000000
    65 2.455991 5.657928 -0.087293 1.570804 -0.000001 0.000000
    66 1.485620 -1.617803 5.263973 0.000000 0.000000 -3.141592
    67 4.575642 5.632584 0.000132 0.000000 -1.570771 0.249128
    68 -0.000001 0.314078 5.161098 0.000000 0.000000 0.000000
    69 -0.000001 -0.323108 3.750217 0.000000 0.000000 0.000000
    70 5.734947 1.075212 4.685178 1.570830 -0.000004 -1.321669
    71 -0.753896 0.305901 4.971462 -0.000001 0.000002 0.000000
    72 -1.101006 -0.314705 3.448307 0.000001 0.000001 0.000000
    73 5.809101 -1.029643 4.595047 1.570829 -0.000004 -1.321671
    74 -0.714908 -0.199657 5.028973 0.000000 0.000003 0.000000
    75 -0.282898 -0.851690 4.444889 0.000000 0.000000 0.000000
    76 9.578484 -1.290738 0.000240 0.000000 1.570770 -2.892481
    77 9.369518 -1.236408 1.787905 0.000000 1.570770 -2.892481
    78 9.436707 -1.331719 -1.409029 0.000000 1.570770 -2.892477
    79 5.735191 1.075235 -4.684885 -1.570814 0.000004 1.819923
    80 0.753901 0.305904 4.971474 -0.000001 -0.000002 0.000000
    81 1.101010 -0.314705 3.448315 0.000000 -0.000001 0.000000
    82 5.809341 -1.029617 -4.594752 -1.570814 0.000004 1.819922
    83 0.714908 -0.199655 5.028969 0.000000 -0.000003 0.000000
    84 0.282897 -0.851688 4.444893 0.000000 0.000000 0.000000
  time 1
    0 -3.140823 -2.062011 22.864181 1.809281 -0.066922 -0.111773
    1 3.983847 0.002149 0.003401 -3.626606 -1.483361 0.401474
    2 15.938816 -0.000100 -0.000005 -0.000009 -0.000002 1.915084
    3 17.707025 -0.000068 0.000003 0.161355 0.233660 -1.302866
    4 6.202515 0.003416 -0.000367 -0.006862 -0.003535 -0.722611
    5 -3.983848 0.002149 0.003395 -0.975950 -1.251194 -1.830940
    6 15.938826 -0.000113 -0.000001 0.000002 0.000010 1.931663
    7 17.707031 0.000018 0.000000 -0.229214 0.139719 -1.955100
    8 6.202710 0.003078 0.003745 -0.081323 -0.002959 -0.584354
    9 -0.000001 4.209253 -1.688832 1.567487 -0.575139 1.580330
    10 3.836055 0.000000 0.000000 0.022818 -0.031746 -0.044739
    11 3.617625 -0.000275 -0.000015 0.028308 -0.050223 0.396082
    12 7.537925 0.003588 -0.000212 0.021258 -0.052824 0.163407
    13 3.177734 0.000002 0.000000 3.137538 0.000823 0.400474
    14 2.966416 0.000318 0.000023 -0.163294 -0.015270 1.709734
    15 2.023438 0.907227 0.852539 1.947284 -1.223454 2.575829
    16 4.980521 0.000781 -0.001089 -2.000356 -0.794822 -0.604907
    17 11.119977 0.000007 0.000004 -0.000003 -0.000001 -1.819876
    18 11.205393 -0.000039 0.000000 1.679088 -0.315464 0.233857
    19 3.767608 0.148800 0.074041 0.089823 0.185396 -0.326372
    20 2.037109 -0.000002 -0.000002 0.003643 -0.024192 -0.299242
    21 1.063284 -0.000008 0.000000 0.003618 -0.024177 -0.299189
    22 3.783203 -0.017258 0.794434 0.548045 0.085960 -0.316569
    23 1.628906 0.000000 0.000000 0.012406 -0.085556 -0.288091
    24 0.955566 -0.000004 0.000001 0.012406 -0.085556 -0.288099
    25 1.258789 -0.297852 1.251953 -1.378796 -0.581086 -0.486791
    26 1.392578 0.000004 -0.000006 -0.000054 -0.000328 0.324626
    27 1.099609 -0.000002 -0.000004 0.000000 0.000000 0.000000
    28 3.548828 0.198730 -1.489258 -0.571800 0.100829 -0.256375
    29 1.218750 0.000003 0.000000 -0.009975 0.067698 -0.292690
    30 0.679688 0.000000 0.000000 -0.009971 0.067689 -0.292684
    31 3.697042 0.266204 -0.725138 -0.097568 0.031574 -0.326833
    32 1.748047 0.000000 -0.000002 -0.003161 0.020964 -0.299479
    33 0.959961 0.000006 0.000000 -0.003166 0.020972 -0.299671
    34 2.023438 0.907227 -0.852051 -2.069461 1.218897 2.524817
    35 4.981625 0.002227 0.003236 2.578135 0.381458 -0.757496
    36 11.119975 -0.000005 0.000000 0.000001 0.000002 -1.886500
    37 11.205375 0.000073 0.000008 -1.670806 0.314622 0.233832
    38 3.766600 0.148254 -0.075376 -0.089513 -0.188043 -0.324859
    39 2.037109 0.000000 -0.000002 -0.003278 0.021743 -0.299424
    40 1.066406 0.000002 0.000000 -0.003278 0.021741 -0.299428
    41 3.780812 -0.024988 -0.795569 -0.547791 -0.088513 -0.315894
    42 1.628906 0.000000 0.000000 -0.012095 0.083240 -0.288751
    43 0.955566 0.000000 0.000000 -0.012097 0.083232 -0.288761
    44 1.255143 -0.311021 -1.248832 1.375777 0.577169 -0.491573
    45 1.392578 -0.000001 0.000004 0.000349 0.002144 0.324620
    46 1.099609 0.000001 -0.000004 0.000000 0.000000 0.000000
    47 3.548828 0.211304 1.487305 0.571268 -0.102934 -0.255551
    48 1.218750 0.000005 0.000000 0.010274 -0.069873 -0.292190
    49 0.679688 0.000005 0.000000 0.010275 -0.069871 -0.292190
    50 3.697266 0.273682 0.726563 0.097886 -0.034228 -0.326615
    51 1.748047 -0.000013 -0.000002 0.003526 -0.023385 -0.299307
    52 0.956684 0.000004 0.000002 0.003527 -0.023396 -0.299497
    53 -3.756462 5.577850 2.053357 1.570803 -0.000001 0.000000
    54 -2.735646 -0.081365 5.727119 0.000007 0.000015 1.570796
    55 0.000001 5.662003 -0.974302 1.570804 -0.000001 0.000000
    56 -0.000002 -2.275002 5.113525 0.000000 0.000000 -3.141592
    57 -2.477620 5.416855 4.597564 1.570804 -0.000001 0.000000
    58 -1.515218 1.317776 5.998497 0.000000 0.000000 0.000000
    59 -2.455992 5.657928 -0.087295 1.570804 -0.000001 0.000000
    60 -1.485628 -1.617812 5.263969 0.000000 0.000000 3.141592
    61 3.756460 5.577858 2.053359 1.570803 -0.000001 0.000000
    62 2.735645 -0.081364 5.727116 0.000004 -0.000011 -1.570795
    63 2.477613 5.416855 4.597570 1.570804 -0.000001 0.000000
    64 1.515220 1.317777 5.998508 0.000000 0.000000 0.000000
    65 2.455991 5.657928 -0.087293 1.570804 -0.000001 0.000000
    66 1.485620 -1.617803 5.263973 0.000000 0.000000 -3.141592
    67 4.575642 5.632584 0.000132 0.000000 -1.570771 0.249128
    68 -0.000001 0.314078 5.161098 0.000000 0.000000 0.000000
    69 -0.000001 -0.323108 3.750217 0.000000 0.000000 0.000000
    70 5.734947 1.075212 4.685178 1.570830 -0.000004 -1.321669
    71 -0.753896 0.305901 4.971462 -0.000001 0.000002 0.000000
    72 -1.101006 -0.314705 3.448307 0.000001 0.000001 0.000000
    73 5.809101 -1.029643 4.595047 1.570829 -0.000004 -1.321671
    74 -0.714908 -0.199657 5.028973 0.000000 0.000003 0.000000
    75 -0.282898 -0.851690 4.444889 0.000000 0.000000 0.000000
    76 9.578484 -1.290738 0.000240 0.000000 1.570770 -2.892481
    77 9.369518 -1.236408 1.787905 0.000000 1.570770 -2.892481
    78 9.436707 -1.331719 -1.409029 0.000000 1.570770 -2.892477
    79 5.735191 1.075235 -4.684885 -1.570814 0.000004 1.819923
    80 0.753901 0.305904 4.971474 -0.000001 -0.000002 0.000000
    81 1.101010 -0.314705 3.448315 0.000000 -0.000001 0.000000
    82 5.809341 -1.029617 -4.594752 -1.570814 0.000004 1.819922
    83 0.714908 -0.199655 5.028969 0.000000 -0.000003 0.000000
    84 0.282897 -0.851688 4.444893 0.000000 0.000000 0.000000
  time 2
    0 -5.284866 -4.256838 22.911057 1.815944 -0.072639 -0.117013
    1 3.983847 0.002149 0.003401 -4.426802 -1.432586 1.039382
    2 15.938816 -0.000100 -0.000005 -0.000009 -0.000002 1.815763
    3 17.707025 -0.000068 0.000003 0.182032 0.206990 -1.165568
    4 6.202515 0.003416 -0.000367 -0.007306 -0.002960 -0.584341
    5 -3.983848 0.002149 0.003395 -1.132821 -1.134523 -1.613889
    6 15.938826 -0.000113 -0.000001 0.000002 0.000010 1.887515
    7 17.707031 0.000018 0.000000 -0.283004 0.135222 -2.064977
    8 6.202710 0.003078 0.003745 -0.081323 -0.002959 -0.584354
    9 -0.000001 4.209253 -1.688832 1.568110 -0.575139 1.578557
    10 3.836055 0.000000 0.000000 0.026078 -0.038697 -0.043505
    11 3.617625 -0.000275 -0.000015 0.031412 -0.057522 0.397476
    12 7.537925 0.003588 -0.000212 0.020107 -0.053304 0.164018
    13 3.177734 0.000002 0.000000 3.137538 0.000823 0.400474
    14 2.966416 0.000318 0.000023 -0.169394 -0.014203 1.716133
    15 2.023438 0.907227 0.852539 1.947284 -1.223454 2.575829
    16 4.980521 0.000781 -0.001089 -2.000872 -0.798229 -0.589201
    17 11.119977 0.000007 0.000004 -0.000003 -0.000001 -1.819876
    18 11.205393 -0.000039 0.000000 1.679088 -0.315464 0.233857
    19 3.767608 0.148800 0.074041 0.089823 0.185396 -0.326372
    20 2.037109 -0.000002 -0.000002 0.003643 -0.024192 -0.299242
    21 1.063284 -0.000008 0.000000 0.003618 -0.024177 -0.299189
    22 3.783203 -0.017258 0.794434 0.548045 0.085960 -0.316569
    23 1.628906 0.000000 0.000000 0.012406 -0.085556 -0.288091
    24 0.955566 -0.000004 0.000001 0.012406 -0.085556 -0.288099
    25 1.258789 -0.297852 1.251953 -1.378796 -0.581086 -0.486791
    26 1.392578 0.000004 -0.000006 -0.000054 -0.000328 0.324626
    27 1.099609 -0.000002 -0.000004 0.000000 0.000000 0.000000
    28 3.548828 0.198730 -1.489258 -0.571800 0.100829 -0.256375
    29 1.218750 0.000003 0.000000 -0.009975 0.067698 -0.292690
    30 0.679688 0.000000 0.000000 -0.009971 0.067689 -0.292684
    31 3.697042 0.266204 -0.725138 -0.097568 0.031574 -0.326833
    32 1.748047 0.000000 -0.000002 -0.003161 0.020964 -0.299479
    33 0.959961 0.000006 0.000000 -0.003166 0.020972 -0.299671
    34 2.023438 0.907227 -0.852051 -2.069461 1.218897 2.524817
    35 4.981625 0.002227 0.003236 2.584275 0.385498 -0.769160
    36 11.119975 -0.000005 0.000000 0.000001 0.000002 -1.886500
    37 11.205375 0.000073 0.000008 -1.670806 0.314622 0.233832
    38 3.766600 0.148254 -0.075376 -0.089513 -0.188043 -0.324859
    39 2.037109 0.000000 -0.000002 -0.003278 0.021743 -0.299424
    40 1.066406 0.000002 0.000000 -0.003278 0.021741 -0.299428
    41 3.780812 -0.024988 -0.795569 -0.547791 -0.088513 -0.315894
    42 1.628906 0.000000 0.000000 -0.012095 0.083240 -0.288751
    43 0.955566 0.000000 0.000000 -0.012097 0.083232 -0.288761
    44 1.255143 -0.311021 -1.248832 1.375777 0.577169 -0.491573
    45 1.392578 -0.000001 0.000004 0.000349 0.002144 0.324620
    46 1.099609 0.000001 -0.000004 0.000000 0.000000 0.000000
    47 3.548828 0.211304 1.487305 0.571268 -0.102934 -0.255551
    48 1.218750 0.000005 0.000000 0.010274 -0.069873 -0.292190
    49 0.679688 0.000005 0.000000 0.010275 -0.069871 -0.292190
    50 3.697266 0.273682 0.726563 0.097886 -0.034228 -0.326615
    51 1.748047 -0.000013 -0.000002 0.003526 -0.023385 -0.299307
    52 0.956684 0.000004 0.000002 0.003527 -0.023396 -0.299497
    53 -3.756462 5.577850 2.053357 1.570803 -0.000001 0.000000
    54 -2.735646 -0.081365 5.727119 0.000007 0.000015 1.570796
    55 0.000001 5.662003 -0.974302 1.570804 -0.000001 0.000000
    56 -0.000002 -2.275002 5.113525 0.000000 0.000000 -3.141592
    57 -2.477620 5.416855 4.597564 1.570804 -0.000001 0.000000
    58 -1.515218 1.317776 5.998497 0.000000 0.000000 0.000000
    59 -2.455992 5.657928 -0.087295 1.570804 -0.000001 0.000000
    60 -1.485628 -1.617812 5.263969 0.000000 0.000000 3.141592
    61 3.756460 5.577858 2.053359 1.570803 -0.000001 0.000000
    62 2.735645 -0.081364 5.727116 0.000004 -0.000011 -1.570795
    63 2.477613 5.416855 4.597570 1.570804 -0.000001 0.000000
    64 1.515220 1.317777 5.998508 0.000000 0.000000 0.000000
    65 2.455991 5.657928 -0.087293 1.570804 -0.000001 0.000000
    66 1.485620 -1.617803 5.263973 0.000000 0.000000 -3.141592
    67 4.575642 5.632584 0.000132 0.000000 -1.570771 0.249128
    68 -0.000001 0.314078 5.161098 0.000000 0.000000 0.000000
    69 -0.000001 -0.323108 3.750217 0.000000 0.000000 0.000000
    70 5.734947 1.075212 4.685178 1.570830 -0.000004 -1.321669
    71 -0.753896 0.305901 4.971462 -0.000001 0.000002 0.000000
    72 -1.101006 -0.314705 3.448307 0.000001 0.000001 0.000000
    73 5.809101 -1.029643 4.595047 1.570829 -0.000004 -1.321671
    74 -0.714908 -0.199657 5.028973 0.000000 0.000003 0.000000
    75 -0.282898 -0.851690 4.444889 0.000000 0.000000 0.000000
    76 9.578484 -1.290738 0.000240 0.000000 1.570770 -2.892481
    77 9.369518 -1.236408 1.787905 0.000000 1.570770 -2.892481
    78 9.436707 -1.331719 -1.409029 0.000000 1.570770 -2.892477
    79 5.735191 1.075235 -4.684885 -1.570814 0.000004 1.819923
    80 0.753901 0.305904 4.971474 -0.000001 -0.000002 0.000000
    81 1.101010 -0.314705 3.448315 0.000000 -0.000001 0.000000
    82 5.809341 -1.029617 -4.594752 -1.570814 0.000004 1.819922
    83 0.714908 -0.199655 5.028969 0.000000 -0.000003 0.000000
    84 0.282897 -0.851688 4.444893 0.000000 0.000000 0.000000
  time 3
    0 -7.487504 -6.580575 23.200129 1.822847 -0.071584 -0.118674
    1 3.983847 0.002149 0.003401 -4.683116 -1.438505 1.171613
    2 15.938816 -0.000100 -0.000005 -0.000009 -0.000002 1.637967
    3 17.707025 -0.000068 0.000003 0.172698 0.252946 -1.124850
    4 6.202515 0.003416 -0.000367 -0.007306 -0.002960 -0.584341
    5 -3.983848 0.002149 0.003395 -1.105593 -1.039967 -1.558245
    6 15.938826 -0.000113 -0.000001 0.000002 0.000010 1.883295
    7 17.707031 0.000018 0.000000 -0.163297 0.091768 -1.942841
    8 6.202710 0.003078 0.003745 -0.080987 -0.003415 -0.692533
    9 -0.000001 4.209253 -1.688832 1.568350 -0.575159 1.577742
    10 3.836055 0.000000 0.000000 0.029422 -0.044306 -0.042222
    11 3.617625 -0.000275 -0.000015 0.034348 -0.063382 0.398673
    12 7.537925 0.003588 -0.000212 0.018465 -0.053507 0.164042
    13 3.177734 0.000002 0.000000 3.137538 0.000823 0.400474
    14 2.966416 0.000318 0.000023 -0.176417 -0.015593 1.720081
    15 2.023438 0.907227 0.852539 1.947284 -1.223454 2.575829
    16 4.980521 0.000781 -0.001089 -2.000356 -0.801535 -0.577421
    17 11.119977 0.000007 0.000004 -0.000003 -0.000001 -1.819876
    18 11.205393 -0.000039 0.000000 1.679088 -0.315464 0.233857
    19 3.767608 0.148800 0.074041 0.089823 0.185396 -0.326372
    20 2.037109 -0.000002 -0.000002 0.003643 -0.024192 -0.299242
    21 1.063284 -0.000008 0.000000 0.003618 -0.024165 -0.299189
    22 3.783203 -0.017258 0.794434 0.548045 0.085960 -0.316569
    23 1.628906 0.000000 0.000000 0.012406 -0.085556 -0.288091
    24 0.955566 -0.000004 0.000001 0.012406 -0.085556 -0.288099
    25 1.258789 -0.297852 1.251953 -1.378796 -0.581086 -0.486791
    26 1.392578 0.000004 -0.000006 -0.000054 -0.000328 0.324626
    27 1.099609 -0.000002 -0.000004 0.000000 0.000000 0.000000
    28 3.548828 0.198730 -1.489258 -0.571800 0.100829 -0.256375
    29 1.218750 0.000003 0.000000 -0.009975 0.067698 -0.292690
    30 0.679688 0.000000 0.000000 -0.009971 0.067689 -0.292684
    31 3.697042 0.266204 -0.725138 -0.097544 0.031574 -0.326833
    32 1.748047 0.000000 -0.000002 -0.003161 0.020964 -0.299479
    33 0.959961 0.000006 0.000000 -0.003166 0.020972 -0.299671
    34 2.023438 0.907227 -0.852051 -2.069461 1.218897 2.524817
    35 4.981625 0.002227 0.003236 2.589693 0.388218 -0.778533
    36 11.119975 -0.000005 0.000000 0.000001 0.000002 -1.886500
    37 11.205375 0.000073 0.000008 -1.670806 0.314622 0.233832
    38 3.766600 0.148254 -0.075376 -0.089513 -0.188055 -0.324859
    39 2.037109 0.000000 -0.000002 -0.003278 0.021743 -0.299424
    40 1.066406 0.000002 0.000000 -0.003278 0.021741 -0.299428
    41 3.780812 -0.024988 -0.795569 -0.547791 -0.088525 -0.315894
    42 1.628906 0.000000 0.000000 -0.012095 0.083240 -0.288751
    43 0.955566 0.000000 0.000000 -0.012097 0.083232 -0.288761
    44 1.255143 -0.311021 -1.248832 1.375777 0.577169 -0.491573
    45 1.392578 -0.000001 0.000004 0.000349 0.002144 0.324620
    46 1.099609 0.000001 -0.000004 0.000000 0.000000 0.000000
    47 3.548828 0.211304 1.487305 0.571268 -0.102934 -0.255551
    48 1.218750 0.000005 0.000000 0.010274 -0.069873 -0.292190
    49 0.679688 0.000005 0.000000 0.010275 -0.069871 -0.292190
    50 3.697266 0.273682 0.726563 0.097886 -0.034228 -0.326615
    51 1.748047 -0.000013 -0.000002 0.003526 -0.023385 -0.299307
    52 0.956684 0.000004 0.000002 0.003527 -0.023396 -0.299497
    53 -3.756462 5.577850 2.053357 1.570803 -0.000001 0.000000
    54 -2.735646 -0.081365 5.727119 0.000007 0.000015 1.570796
    55 0.000001 5.662003 -0.974302 1.570804 -0.000001 0.000000
    56 -0.000002 -2.275002 5.113525 0.000000 0.000000 -3.141592
    57 -2.477620 5.416855 4.597564 1.570804 -0.000001 0.000000
    58 -1.515218 1.317776 5.998497 0.000000 0.000000 0.000000
    59 -2.455992 5.657928 -0.087295 1.570804 -0.000001 0.000000
    60 -1.485628 -1.617812 5.263969 0.000000 0.000000 3.141592
    61 3.756460 5.577858 2.053359 1.570803 -0.000001 0.000000
    62 2.735645 -0.081364 5.727116 0.000004 -0.000011 -1.570795
    63 2.477613 5.416855 4.597570 1.570804 -0.000001 0.000000
    64 1.515220 1.317777 5.998508 0.000000 0.000000 0.000000
    65 2.455991 5.657928 -0.087293 1.570804 -0.000001 0.000000
    66 1.485620 -1.617803 5.263973 0.000000 0.000000 -3.141592
    67 4.575642 5.632584 0.000132 0.000000 -1.570771 0.249128
    68 -0.000001 0.314078 5.161098 0.000000 0.000000 0.000000
    69 -0.000001 -0.323108 3.750217 0.000000 0.000000 0.000000
    70 5.734947 1.075212 4.685178 1.570830 -0.000004 -1.321669
    71 -0.753896 0.305901 4.971462 -0.000001 0.000002 0.000000
    72 -1.101006 -0.314705 3.448307 0.000001 0.000001 0.000000
    73 5.809101 -1.029643 4.595047 1.570829 -0.000004 -1.321671
    74 -0.714908 -0.199657 5.028973 0.000000 0.000003 0.000000
    75 -0.282898 -0.851690 4.444889 0.000000 0.000000 0.000000
    76 9.578484 -1.290738 0.000240 0.000000 1.570770 -2.892481
    77 9.369518 -1.236408 1.787905 0.000000 1.570770 -2.892481
    78 9.436707 -1.331719 -1.409029 0.000000 1.570770 -2.892477
    79 5.735191 1.075235 -4.684885 -1.570814 0.000004 1.819923
    80 0.753901 0.305904 4.971474 -0.000001 -0.000002 0.000000
    81 1.101010 -0.314705 3.448315 0.000000 -0.000001 0.000000
    82 5.809341 -1.029617 -4.594752 -1.570814 0.000004 1.819922
    83 0.714908 -0.199655 5.028969 0.000000 -0.000003 0.000000
    84 0.282897 -0.851688 4.444893 0.000000 0.000000 0.000000
  time 4
    0 -9.787802 -9.084006 23.543889 1.826442 -0.063866 -0.115926
    1 3.983847 0.002149 0.003401 1.335121 -1.490570 1.342646
    2 15.938816 -0.000100 -0.000005 -0.000009 -0.000002 1.422559
    3 17.707025 -0.000068 0.000003 0.148745 0.333124 -1.112551
    4 6.202515 0.003416 -0.000367 -0.007306 -0.002960 -0.584341
    5 -3.983848 0.002149 0.003395 -1.056297 -0.953999 -1.520867
    6 15.938826 -0.000113 -0.000001 0.000002 0.000010 1.887640
    7 17.707031 0.000018 0.000000 -0.033050 0.021081 -1.777703
    8 6.202710 0.003078 0.003745 -0.080148 -0.004218 -0.908976
    9 -0.000001 4.209253 -1.688832 1.568206 -0.575139 1.578077
    10 3.836055 0.000000 0.000000 0.032346 -0.048285 -0.040389
    11 3.617625 -0.000275 -0.000015 0.036733 -0.067457 0.400278
    12 7.537925 0.003588 -0.000212 0.016584 -0.053376 0.163443
    13 3.177734 0.000002 0.000000 3.137538 0.000823 0.400474
    14 2.966416 0.000318 0.000023 -0.184219 -0.019033 1.720399
    15 2.023438 0.907227 0.852539 1.947284 -1.223454 2.575829
    16 4.980521 0.000781 -0.001089 -2.000149 -0.805212 -0.569028
    17 11.119977 0.000007 0.000004 -0.000003 -0.000001 -1.819876
    18 11.205393 -0.000039 0.000000 1.679088 -0.315464 0.233857
    19 3.767608 0.148800 0.074041 0.089823 0.185396 -0.326372
    20 2.037109 -0.000002 -0.000002 0.003643 -0.024192 -0.299242
    21 1.063284 -0.000008 0.000000 0.003618 -0.024177 -0.299189
    22 3.783203 -0.017258 0.794434 0.548045 0.085960 -0.316569
    23 1.628906 0.000000 0.000000 0.012406 -0.085556 -0.288091
    24 0.955566 -0.000004 0.000001 0.012406 -0.085556 -0.288099
    25 1.258789 -0.297852 1.251953 -1.378796 -0.581086 -0.486791
    26 1.392578 0.000004 -0.000006 -0.000054 -0.000328 0.324626
    27 1.099609 -0.000002 -0.000004 0.000000 0.000000 0.000000
    28 3.548828 0.198730 -1.489258 -0.571800 0.100829 -0.256375
    29 1.218750 0.000003 0.000000 -0.009975 0.067698 -0.292690
    30 0.679688 0.000000 0.000000 -0.009971 0.067689 -0.292684
    31 3.697042 0.266204 -0.725138 -0.097568 0.031574 -0.326833
    32 1.748047 0.000000 -0.000002 -0.003161 0.020964 -0.299479
    33 0.959961 0.000006 0.000000 -0.003166 0.020972 -0.299671
    34 2.023438 0.907227 -0.852051 -2.069461 1.218897 2.524817
    35 4.981625 0.002227 0.003236 2.594956 0.390032 -0.784174
    36 11.119975 -0.000005 0.000000 0.000001 0.000002 -1.886500
    37 11.205375 0.000073 0.000008 -1.670806 0.314622 0.233832
    38 3.766600 0.148254 -0.075376 -0.089513 -0.188043 -0.324859
    39 2.037109 0.000000 -0.000002 -0.003278 0.021743 -0.299424
    40 1.066406 0.000002 0.000000 -0.003278 0.021741 -0.299428
    41 3.780812 -0.024988 -0.795569 -0.547791 -0.088513 -0.315894
    42 1.628906 0.000000 0.000000 -0.012095 0.083240 -0.288751
    43 0.955566 0.000000 0.000000 -0.012097 0.083232 -0.288761
    44 1.255143 -0.311021 -1.248832 1.375777 0.577169 -0.491573
    45 1.392578 -0.000001 0.000004 0.000349 0.002144 0.324620
    46 1.099609 0.000001 -0.000004 0.000000 0.000000 0.000000
    47 3.548828 0.211304 1.487305 0.571268 -0.102934 -0.255551
    48 1.218750 0.000005 0.000000 0.010274 -0.069873 -0.292190
    49 0.679688 0.000005 0.000000 0.010275 -0.069871 -0.292190
    50 3.697266 0.273682 0.726563 0.097886 -0.034228 -0.326615
    51 1.748047 -0.000013 -0.000002 0.003526 -0.023385 -0.299307
    52 0.956684 0.000004 0.000002 0.003527 -0.023396 -0.299497
    53 -3.756462 5.577850 2.053357 1.570803 -0.000001 0.000000
    54 -2.735646 -0.081365 5.727119 0.000007 0.000015 1.570796
    55 0.000001 5.662003 -0.974302 1.570804 -0.000001 0.000000
    56 -0.000002 -2.275002 5.113525 0.000000 0.000000 -3.141592
    57 -2.477620 5.416855 4.597564 1.570804 -0.000001 0.000000
    58 -1.515218 1.317776 5.998497 0.000000 0.000000 0.000000
    59 -2.455992 5.657928 -0.087295 1.570804 -0.000001 0.000000
    60 -1.485628 -1.617812 5.263969 0.000000 0.000000 3.141592
    61 3.756460 5.577858 2.053359 1.570803 -0.000001 0.000000
    62 2.735645 -0.081364 5.727116 0.000004 -0.000011 -1.570795
    63 2.477613 5.416855 4.597570 1.570804 -0.000001 0.000000
    64 1.515220 1.317777 5.998508 0.000000 0.000000 0.000000
    65 2.455991 5.657928 -0.087293 1.570804 -0.000001 0.000000
    66 1.485620 -1.617803 5.263973 0.000000 0.000000 -3.141592
    67 4.575642 5.632584 0.000132 0.000000 -1.570771 0.249128
    68 -0.000001 0.314078 5.161098 0.000000 0.000000 0.000000
    69 -0.000001 -0.323108 3.750217 0.000000 0.000000 0.000000
    70 5.734947 1.075212 4.685178 1.570830 -0.000004 -1.321669
    71 -0.753896 0.305901 4.971462 -0.000001 0.000002 0.000000
    72 -1.101006 -0.314705 3.448307 0.000001 0.000001 0.000000
    73 5.809101 -1.029643 4.595047 1.570829 -0.000004 -1.321671
    74 -0.714908 -0.199657 5.028973 0.000000 0.000003 0.000000
    75 -0.282898 -0.851690 4.444889 0.000000 0.000000 0.000000
    76 9.578484 -1.290738 0.000240 0.000000 1.570770 -2.892481
    77 9.369518 -1.236408 1.787905 0.000000 1.570770 -2.892481
    78 9.436707 -1.331719 -1.409029 0.000000 1.570770 -2.892477
    79 5.735191 1.075235 -4.684885 -1.570814 0.000004 1.819923
    80 0.753901 0.305904 4.971474 -0.000001 -0.000002 0.000000
    81 1.101010 -0.314705 3.448315 0.000000 -0.000001 0.000000
    82 5.809341 -1.029617 -4.594752 -1.570814 0.000004 1.819922
    83 0.714908 -0.199655 5.028969 0.000000 -0.000003 0.000000
    84 0.282897 -0.851688 4.444893 0.000000 0.000000 0.000000
  time 5
    0 -12.181852 -11.755410 23.844679 1.824237 -0.052181 -0.109025
    1 3.983847 0.002149 0.003401 0.586035 -1.522655 -4.239569
    2 15.938816 -0.000100 -0.000005 -0.000009 -0.000002 1.273322
    3 17.707025 -0.000068 0.000003 0.149268 0.341780 -1.095817
    4 6.202515 0.003416 -0.000367 -0.007306 -0.002960 -0.584341
    5 -3.983848 0.002149 0.003395 -1.018846 -0.909039 -1.510095
    6 15.938826 -0.000113 -0.000001 0.000002 0.000010 1.915351
    7 17.707031 0.000018 0.000000 0.066687 -0.042806 -1.621255
    8 6.202710 0.003078 0.003745 -0.079681 -0.004553 -1.017155
    9 -0.000001 4.209253 -1.688832 1.567679 -0.575139 1.579467
    10 3.836055 0.000000 0.000000 0.034467 -0.050334 -0.037464
    11 3.617625 -0.000275 -0.000015 0.038195 -0.069470 0.402727
    12 7.537925 0.003588 -0.000212 0.014570 -0.052920 0.162352
    13 3.177734 0.000002 0.000000 3.137538 0.000823 0.400474
    14 2.966416 0.000318 0.000023 -0.192129 -0.023899 1.716859
    15 2.023438 0.907227 0.852539 1.947284 -1.223454 2.575829
    16 4.980521 0.000781 -0.001089 -2.002007 -0.809530 -0.563593
    17 11.119977 0.000007 0.000004 -0.000003 -0.000001 -1.819876
    18 11.205393 -0.000039 0.000000 1.679088 -0.315464 0.233857
    19 3.767608 0.148800 0.074041 0.089823 0.185396 -0.326372
    20 2.037109 -0.000002 -0.000002 0.003643 -0.024192 -0.299242
    21 1.063284 -0.000008 0.000000 0.003618 -0.024177 -0.299189
    22 3.783203 -0.017258 0.794434 0.548045 0.085960 -0.316569
    23 1.628906 0.000000 0.000000 0.012406 -0.085556 -0.288091
    24 0.955566 -0.000004 0.000001 0.012406 -0.085556 -0.288099
    25 1.258789 -0.297852 1.251953 -1.378796 -0.581086 -0.486791
    26 1.392578 0.000004 -0.000006 -0.000054 -0.000328 0.324626
    27 1.099609 -0.000002 -0.000004 0.000000 0.000000 0.000000
    28 3.548828 0.198730 -1.489258 -0.571800 0.100829 -0.256375
    29 1.218750 0.000003 0.000000 -0.009975 0.067698 -0.292690
    30 0.679688 0.000000 0.000000 -0.009971 0.067689 -0.292684
    31 3.697042 0.266204 -0.725138 -0.097568 0.031574 -0.326833
    32 1.748047 0.000000 -0.000002 -0.003161 0.020964 -0.299479
    33 0.959961 0.000006 0.000000 -0.003166 0.020972 -0.299671
    34 2.023438 0.907227 -0.852051 -2.069461 1.218897 2.524817
    35 4.981625 0.002227 0.003236 2.600322 0.391983 -0.785144
    36 11.119975 -0.000005 0.000000 0.000001 0.000002 -1.886500
    37 11.205375 0.000073 0.000008 -1.670806 0.314622 0.233832
    38 3.766600 0.148254 -0.075376 -0.089513 -0.188055 -0.324859
    39 2.037109 0.000000 -0.000002 -0.003278 0.021743 -0.299424
    40 1.066406 0.000002 0.000000 -0.003278 0.021741 -0.299428
    41 3.780812 -0.024988 -0.795569 -0.547791 -0.088513 -0.315894
    42 1.628906 0.000000 0.000000 -0.012095 0.083240 -0.288751
    43 0.955566 0.000000 0.000000 -0.012097 0.083232 -0.288761
    44 1.255143 -0.311021 -1.248832 1.375777 0.577169 -0.491573
    45 1.392578 -0.000001 0.000004 0.000349 0.002144 0.324620
    46 1.099609 0.000001 -0.000004 0.000000 0.000000 0.000000
    47 3.548828 0.211304 1.487305 0.571268 -0.102934 -0.255551
    48 1.218750 0.000005 0.000000 0.010274 -0.069873 -0.292190
    49 0.679688 0.000005 0.000000 0.010275 -0.069871 -0.292190
    50 3.697266 0.273682 0.726563 0.097886 -0.034228 -0.326615
    51 1.748047 -0.000013 -0.000002 0.003526 -0.023385 -0.299307
    52 0.956684 0.000004 0.000002 0.003527 -0.023396 -0.299497
    53 -3.756462 5.577850 2.053357 1.570803 -0.000001 0.000000
    54 -2.735646 -0.081365 5.727119 0.000007 0.000015 1.570796
    55 0.000001 5.662003 -0.974302 1.570804 -0.000001 0.000000
    56 -0.000002 -2.275002 5.113525 0.000000 0.000000 -3.141592
    57 -2.477620 5.416855 4.597564 1.570804 -0.000001 0.000000
    58 -1.515218 1.317776 5.998497 0.000000 0.000000 0.000000
    59 -2.455992 5.657928 -0.087295 1.570804 -0.000001 0.000000
    60 -1.485628 -1.617812 5.263969 0.000000 0.000000 3.141592
    61 3.756460 5.577858 2.053359 1.570803 -0.000001 0.000000
    62 2.735645 -0.081364 5.727116 0.000004 -0.000011 -1.570795
    63 2.477613 5.416855 4.597570 1.570804 -0.000001 0.000000
    64 1.515220 1.317777 5.998508 0.000000 0.000000 0.000000
    65 2.455991 5.657928 -0.087293 1.570804 -0.000001 0.000000
    66 1.485620 -1.617803 5.263973 0.000000 0.000000 -3.141592
    67 4.575642 5.632584 0.000132 0.000000 -1.570771 0.249128
    68 -0.000001 0.314078 5.161098 0.000000 0.000000 0.000000
    69 -0.000001 -0.323108 3.750217 0.000000 0.000000 0.000000
    70 5.734947 1.075212 4.685178 1.570830 -0.000004 -1.321669
    71 -0.753896 0.305901 4.971462 -0.000001 0.000002 0.000000
    72 -1.101006 -0.314705 3.448307 0.000001 0.000001 0.000000
    73 5.809101 -1.029643 4.595047 1.570829 -0.000004 -1.321671
    74 -0.714908 -0.199657 5.028973 0.000000 0.000003 0.000000
    75 -0.282898 -0.851690 4.444889 0.000000 0.000000 0.000000
    76 9.578484 -1.290738 0.000240 0.000000 1.570770 -2.892481
    77 9.369518 -1.236408 1.787905 0.000000 1.570770 -2.892481
    78 9.436707 -1.331719 -1.409029 0.000000 1.570770 -2.892477
    79 5.735191 1.075235 -4.684885 -1.570814 0.000004 1.819923
    80 0.753901 0.305904 4.971474 -0.000001 -0.000002 0.000000
    81 1.101010 -0.314705 3.448315 0.000000 -0.000001 0.000000
    82 5.809341 -1.029617 -4.594752 -1.570814 0.000004 1.819922
    83 0.714908 -0.199655 5.028969 0.000000 -0.000003 0.000000
    84 0.282897 -0.851688 4.444893 0.000000 0.000000 0.000000
  time 6
    0 -14.599341 -14.508848 24.008747 1.815608 -0.041419 -0.098610
    1 3.983847 0.002149 0.003401 -0.063963 -1.497067 -3.576269
    2 15.938816 -0.000100 -0.000005 -0.000009 -0.000002 1.234754
    3 17.707025 -0.000068 0.000003 0.211959 0.193157 -1.053875
    4 6.202515 0.003416 -0.000367 -0.007306 -0.002960 -0.584341
    5 -3.983848 0.002149 0.003395 -1.003847 -0.909898 -1.529111
    6 15.938826 -0.000113 -0.000001 0.000002 0.000010 1.977953
    7 17.707031 0.000018 0.000000 0.143779 -0.091828 -1.468603
    8 6.202710 0.003078 0.003745 -0.079621 -0.004589 -1.030968
    9 -0.000001 4.209253 -1.688832 1.567870 -0.575139 1.579899
    10 3.836055 0.000000 0.000000 0.035678 -0.050094 -0.033294
    11 3.617625 -0.000275 -0.000015 0.038603 -0.069051 0.406402
    12 7.537925 0.003588 -0.000212 0.012401 -0.052237 0.160878
    13 3.177734 0.000002 0.000000 3.137538 0.000823 0.400474
    14 2.966416 0.000318 0.000023 -0.199140 -0.029627 1.710551
    15 2.023438 0.907227 0.852539 1.947284 -1.223454 2.575829
    16 4.980521 0.000781 -0.001089 -2.006961 -0.814826 -0.560976
    17 11.119977 0.000007 0.000004 -0.000003 -0.000001 -1.819990
    18 11.205393 -0.000039 0.000000 1.679425 -0.315427 0.233953
    19 3.767608 0.148800 0.074041 0.089823 0.185396 -0.326372
    20 2.037109 -0.000002 -0.000002 0.003643 -0.024192 -0.299242
    21 1.063284 -0.000008 0.000000 0.003618 -0.024177 -0.299189
    22 3.783203 -0.017258 0.794434 0.548045 0.085960 -0.316569
    23 1.628906 0.000000 0.000000 0.012406 -0.085556 -0.288091
    24 0.955566 -0.000004 0.000001 0.012406 -0.085556 -0.288099
    25 1.258789 -0.297852 1.251953 -1.378796 -0.581086 -0.486791
    26 1.392578 0.000004 -0.000006 -0.000054 -0.000328 0.324626
    27 1.099609 -0.000002 -0.000004 0.000000 0.000000 0.000000
    28 3.548828 0.198730 -1.489258 -0.571800 0.100829 -0.256375
    29 1.218750 0.000003 0.000000 -0.009975 0.067698 -0.292690
    30 0.679688 0.000000 0.000000 -0.009971 0.067689 -0.292684
    31 3.697042 0.266204 -0.725138 -0.097568 0.031574 -0.326833
    32 1.748047 0.000000 -0.000002 -0.003161 0.020964 -0.299479
    33 0.959961 0.000006 0.000000 -0.003166 0.020972 -0.299671
    34 2.023438 0.907227 -0.852051 -2.069461 1.218897 2.524817
    35 4.981625 0.002227 0.003236 2.605843 0.394457 -0.780443
    36 11.119975 -0.000005 0.000000 0.000001 0.000002 -1.886185
    37 11.205375 0.000073 0.000008 -1.670568 0.314658 0.233652
    38 3.766600 0.148254 -0.075376 -0.089513 -0.188043 -0.324859
    39 2.037109 0.000000 -0.000002 -0.003278 0.021743 -0.299424
    40 1.066406 0.000002 0.000000 -0.003278 0.021741 -0.299428
    41 3.780812 -0.024988 -0.795569 -0.547791 -0.088525 -0.315894
    42 1.628906 0.000000 0.000000 -0.012095 0.083240 -0.288751
    43 0.955566 0.000000 0.000000 -0.012097 0.083232 -0.288761
    44 1.255143 -0.311021 -1.248832 1.375777 0.577169 -0.491573
    45 1.392578 -0.000001 0.000004 0.000349 0.002144 0.324620
    46 1.099609 0.000001 -0.000004 0.000000 0.000000 0.000000
    47 3.548828 0.211304 1.487305 0.571268 -0.102934 -0.255551
    48 1.218750 0.000005 0.000000 0.010274 -0.069873 -0.292190
    49 0.679688 0.000005 0.000000 0.010275 -0.069871 -0.292190
    50 3.697266 0.273682 0.726563 0.097886 -0.034228 -0.326615
    51 1.748047 -0.000013 -0.000002 0.003526 -0.023385 -0.299307
    52 0.956684 0.000004 0.000002 0.003527 -0.023396 -0.299497
    53 -3.756462 5.577850 2.053357 1.570803 -0.000001 0.000000
    54 -2.735646 -0.081365 5.727119 0.000007 0.000015 1.570796
    55 0.000001 5.662003 -0.974302 1.570804 -0.000001 0.000000
    56 -0.000002 -2.275002 5.113525 0.000000 0.000000 -3.141592
    57 -2.477620 5.416855 4.597564 1.570804 -0.000001 0.000000
    58 -1.515218 1.317776 5.998497 0.000000 0.000000 0.000000
    59 -2.455992 5.657928 -0.087295 1.570804 -0.000001 0.000000
    60 -1.485628 -1.617812 5.263969 0.000000 0.000000 3.141592
    61 3.756460 5.577858 2.053359 1.570803 -0.000001 0.000000
    62 2.735645 -0.081364 5.727116 0.000004 -0.000011 -1.570795
    63 2.477613 5.416855 4.597570 1.570804 -0.000001 0.000000
    64 1.515220 1.317777 5.998508 0.000000 0.000000 0.000000
    65 2.455991 5.657928 -0.087293 1.570804 -0.000001 0.000000
    66 1.485620 -1.617803 5.263973 0.000000 0.000000 -3.141592
    67 4.575642 5.632584 0.000132 0.000000 -1.570771 0.249128
    68 -0.000001 0.314078 5.161098 0.000000 0.000000 0.000000
    69 -0.000001 -0.323108 3.750217 0.000000 0.000000 0.000000
    70 5.734947 1.075212 4.685178 1.570830 -0.000004 -1.321669
    71 -0.753896 0.305901 4.971462 -0.000001 0.000002 0.000000
    72 -1.101006 -0.314705 3.448307 0.000001 0.000001 0.000000
    73 5.809101 -1.029643 4.595047 1.570829 -0.000004 -1.321671
    74 -0.714908 -0.199657 5.028973 0.000000 0.000003 0.000000
    75 -0.282898 -0.851690 4.444889 0.000000 0.000000 0.000000
    76 9.578484 -1.290738 0.000240 0.000000 1.570770 -2.892481
    77 9.369518 -1.236408 1.787905 0.000000 1.570770 -2.892481
    78 9.436707 -1.331719 -1.409029 0.000000 1.570770 -2.892477
    79 5.735191 1.075235 -4.684885 -1.570814 0.000004 1.819923
    80 0.753901 0.305904 4.971474 -0.000001 -0.000002 0.000000
    81 1.101010 -0.314705 3.448315 0.000000 -0.000001 0.000000
    82 5.809341 -1.029617 -4.594752 -1.570814 0.000004 1.819922
    83 0.714908 -0.199655 5.028969 0.000000 -0.000003 0.000000
    84 0.282897 -0.851688 4.444893 0.000000 0.000000 0.000000
  time 7
    0 -16.966047 -17.254474 23.750927 1.801803 -0.040628 -0.086788
    1 3.983847 0.002149 0.003401 -0.277336 -1.451810 -3.312433
    2 15.938816 -0.000100 -0.000005 -0.000009 -0.000002 1.258469
    3 17.707025 -0.000068 0.000003 0.279028 -0.045785 -1.015880
    4 6.202515 0.003416 -0.000367 -0.007306 -0.002960 -0.584341
    5 -3.983848 0.002149 0.003395 -0.992000 -0.936092 -1.580072
    6 15.938826 -0.000113 -0.000001 0.000002 0.000010 2.064550
    7 17.707031 0.000018 0.000000 0.208041 -0.148719 -1.309885
    8 6.202710 0.003078 0.003745 -0.079465 -0.004685 -1.064279
    9 -0.000001 4.209253 -1.688832 1.574102 -0.575159 1.570311
    10 3.836055 0.000000 0.000000 0.036253 -0.047122 -0.027817
    11 3.617625 -0.000275 -0.000015 0.038147 -0.065875 0.411246
    12 7.537925 0.003588 -0.000212 0.009837 -0.051614 0.158924
    13 3.177734 0.000002 0.000000 3.137538 0.000823 0.400474
    14 2.966416 0.000318 0.000023 -0.204509 -0.035548 1.703290
    15 2.023438 0.907227 0.852539 1.947284 -1.223454 2.575829
    16 4.980521 0.000781 -0.001089 -2.013102 -0.822484 -0.563992
    17 11.119977 0.000007 0.000004 -0.000003 -0.000001 -1.820448
    18 11.205393 -0.000039 0.000000 1.682546 -0.315391 0.234528
    19 3.767608 0.148800 0.074041 0.089823 0.185396 -0.326372
    20 2.037109 -0.000002 -0.000002 0.003643 -0.024192 -0.299242
    21 1.063284 -0.000008 0.000000 0.003618 -0.024177 -0.299189
    22 3.783203 -0.017258 0.794434 0.548045 0.085960 -0.316569
    23 1.628906 0.000000 0.000000 0.012406 -0.085556 -0.288091
    24 0.955566 -0.000004 0.000001 0.012406 -0.085556 -0.288099
    25 1.258789 -0.297852 1.251953 -1.378796 -0.581086 -0.486791
    26 1.392578 0.000004 -0.000006 -0.000054 -0.000328 0.324626
    27 1.099609 -0.000002 -0.000004 0.000000 0.000000 0.000000
    28 3.548828 0.198730 -1.489258 -0.571800 0.100829 -0.256375
    29 1.218750 0.000003 0.000000 -0.009975 0.067698 -0.292690
    30 0.679688 0.000000 0.000000 -0.009971 0.067689 -0.292684
    31 3.697042 0.266204 -0.725138 -0.097568 0.031574 -0.326833
    32 1.748047 0.000000 -0.000002 -0.003161 0.020964 -0.299479
    33 0.959961 0.000006 0.000000 -0.003166 0.020972 -0.299671
    34 2.023438 0.907227 -0.852051 -2.069461 1.218897 2.524817
    35 4.981625 0.002227 0.003236 2.612138 0.395721 -0.768690
    36 11.119975 -0.000005 0.000000 0.000001 0.000002 -1.884230
    37 11.205375 0.000073 0.000008 -1.667704 0.314909 0.232429
    38 3.766600 0.148254 -0.075376 -0.089513 -0.188043 -0.324859
    39 2.037109 0.000000 -0.000002 -0.003278 0.021743 -0.299424
    40 1.066406 0.000002 0.000000 -0.003278 0.021741 -0.299428
    41 3.780812 -0.024988 -0.795569 -0.547791 -0.088525 -0.315894
    42 1.628906 0.000000 0.000000 -0.012095 0.083240 -0.288751
    43 0.955566 0.000000 0.000000 -0.012097 0.083232 -0.288761
    44 1.255143 -0.311021 -1.248832 1.375777 0.577169 -0.491573
    45 1.392578 -0.000001 0.000004 0.000349 0.002144 0.324620
    46 1.099609 0.000001 -0.000004 0.000000 0.000000 0.000000
    47 3.548828 0.211304 1.487305 0.571268 -0.102934 -0.255551
    48 1.218750 0.000005 0.000000 0.010274 -0.069873 -0.292190
    49 0.679688 0.000005 0.000000 0.010275 -0.069871 -0.292190
    50 3.697266 0.273682 0.726563 0.097886 -0.034228 -0.326615
    51 1.748047 -0.000013 -0.000002 0.003526 -0.023385 -0.299307
    52 0.956684 0.000004 0.000002 0.003527 -0.023396 -0.299497
    53 -3.756462 5.577850 2.053357 1.570803 -0.000001 0.000000
    54 -2.735646 -0.081365 5.727119 0.000007 0.000015 1.570796
    55 0.000001 5.662003 -0.974302 1.570804 -0.000001 0.000000
    56 -0.000002 -2.275002 5.113525 0.000000 0.000000 -3.141592
    57 -2.477620 5.416855 4.597564 1.570804 -0.000001 0.000000
    58 -1.515218 1.317776 5.998497 0.000000 0.000000 0.000000
    59 -2.455992 5.657928 -0.087295 1.570804 -0.000001 0.000000
    60 -1.485628 -1.617812 5.263969 0.000000 0.000000 3.141592
    61 3.756460 5.577858 2.053359 1.570803 -0.000001 0.000000
    62 2.735645 -0.081364 5.727116 0.000004 -0.000011 -1.570795
    63 2.477613 5.416855 4.597570 1.570804 -0.000001 0.000000
    64 1.515220 1.317777 5.998508 0.000000 0.000000 0.000000
    65 2.455991 5.657928 -0.087293 1.570804 -0.000001 0.000000
    66 1.485620 -1.617803 5.263973 0.000000 0.000000 -3.141592
    67 4.575642 5.632584 0.000132 0.000000 -1.570771 0.249128
    68 -0.000001 0.314078 5.161098 0.000000 0.000000 0.000000
    69 -0.000001 -0.323108 3.750217 0.000000 0.000000 0.000000
    70 5.734947 1.075212 4.685178 1.570830 -0.000004 -1.321669
    71 -0.753896 0.305901 4.971462 -0.000001 0.000002 0.000000
    72 -1.101006 -0.314705 3.448307 0.000001 0.000001 0.000000
    73 5.809101 -1.029643 4.595047 1.570829 -0.000004 -1.321671
    74 -0.714908 -0.199657 5.028973 0.000000 0.000003 0.000000
    75 -0.282898 -0.851690 4.444889 0.000000 0.000000 0.000000
    76 9.578484 -1.290738 0.000240 0.000000 1.570770 -2.892481
    77 9.369518 -1.236408 1.787905 0.000000 1.570770 -2.892481
    78 9.436707 -1.331719 -1.409029 0.000000 1.570770 -2.892477
    79 5.735191 1.075235 -4.684885 -1.570814 0.000004 1.819923
    80 0.753901 0.305904 4.971474 -0.000001 -0.000002 0.000000
    81 1.101010 -0.314705 3.448315 0.000000 -0.000001 0.000000
    82 5.809341 -1.029617 -4.594752 -1.570814 0.000004 1.819922
    83 0.714908 -0.199655 5.028969 0.000000 -0.000003 0.000000
    84 0.282897 -0.851688 4.444893 0.000000 0.000000 0.000000
  time 8
    0 -19.258532 -19.894627 23.301694 1.785840 -0.040196 -0.071580
    1 3.983847 0.002149 0.003401 -0.306027 -1.414430 -3.222044
    2 15.938816 -0.000100 -0.000005 -0.000009 -0.000002 1.316672
    3 17.707025 -0.000068 0.000003 0.302044 -0.247534 -1.004102
    4 6.202515 0.003416 -0.000367 -0.007306 -0.002960 -0.584341
    5 -3.983848 0.002149 0.003395 -0.975568 -0.979205 -1.647613
    6 15.938826 -0.000113 -0.000001 0.000002 0.000010 2.148376
    7 17.707031 0.000018 0.000000 0.253421 -0.203077 -1.184961
    8 6.202710 0.003078 0.003745 -0.079309 -0.004769 -1.097590
    9 -0.000001 4.209253 -1.688832 1.578656 -0.575139 1.563313
    10 3.836055 0.000000 0.000000 0.036852 -0.041058 -0.021237
    11 3.617625 -0.000275 -0.000015 0.037260 -0.059727 0.416934
    12 7.537925 0.003588 -0.000212 0.006769 -0.051410 0.156384
    13 3.177734 0.000002 0.000000 3.137538 0.000823 0.400474
    14 2.966416 0.000318 0.000023 -0.207649 -0.040797 1.697299
    15 2.023438 0.907227 0.852539 1.947284 -1.223454 2.575829
    16 4.980521 0.000781 -0.001089 -2.022339 -0.829974 -0.568743
    17 11.119977 0.000007 0.000004 -0.000003 -0.000001 -1.820791
    18 11.205393 -0.000039 0.000000 1.684707 -0.315354 0.234948
    19 3.767608 0.148800 0.074041 0.089823 0.185396 -0.326372
    20 2.037109 -0.000002 -0.000002 0.003643 -0.024192 -0.299242
    21 1.063284 -0.000008 0.000000 0.003618 -0.024177 -0.299189
    22 3.783203 -0.017258 0.794434 0.548045 0.085960 -0.316569
    23 1.628906 0.000000 0.000000 0.012406 -0.085556 -0.288091
    24 0.955566 -0.000004 0.000001 0.012406 -0.085556 -0.288099
    25 1.258789 -0.297852 1.251953 -1.378796 -0.581086 -0.486791
    26 1.392578 0.000004 -0.000006 -0.000054 -0.000328 0.324626
    27 1.099609 -0.000002 -0.000004 0.000000 0.000000 0.000000
    28 3.548828 0.198730 -1.489258 -0.571800 0.100829 -0.256375
    29 1.218750 0.000003 0.000000 -0.009975 0.067698 -0.292690
    30 0.679688 0.000000 0.000000 -0.009971 0.067689 -0.292684
    31 3.697042 0.266204 -0.725138 -0.097568 0.031574 -0.326833
    32 1.748047 0.000000 -0.000002 -0.003161 0.020964 -0.299479
    33 0.959961 0.000006 0.000000 -0.003166 0.020972 -0.299671
    34 2.023438 0.907227 -0.852051 -2.069461 1.218897 2.524817
    35 4.981625 0.002227 0.003236 2.618071 0.397920 -0.752707
    36 11.119975 -0.000005 0.000000 0.000001 0.000002 -1.882780
    37 11.205375 0.000073 0.000008 -1.665748 0.315077 0.231555
    38 3.766600 0.148254 -0.075376 -0.089513 -0.188055 -0.324859
    39 2.037109 0.000000 -0.000002 -0.003278 0.021743 -0.299424
    40 1.066406 0.000002 0.000000 -0.003278 0.021741 -0.299428
    41 3.780812 -0.024988 -0.795569 -0.547791 -0.088513 -0.315894
    42 1.628906 0.000000 0.000000 -0.012095 0.083240 -0.288751
    43 0.955566 0.000000 0.000000 -0.012097 0.083232 -0.288761
    44 1.255143 -0.311021 -1.248832 1.375777 0.577169 -0.491573
    45 1.392578 -0.000001 0.000004 0.000349 0.002144 0.324620
    46 1.099609 0.000001 -0.000004 0.000000 0.000000 0.000000
    47 3.548828 0.211304 1.487305 0.571268 -0.102934 -0.255551
    48 1.218750 0.000005 0.000000 0.010274 -0.069873 -0.292190
    49 0.679688 0.000005 0.000000 0.010275 -0.069871 -0.292190
    50 3.697266 0.273682 0.726563 0.097886 -0.034228 -0.326615
    51 1.748047 -0.000013 -0.000002 0.003526 -0.023385 -0.299307
    52 0.956684 0.000004 0.000002 0.003527 -0.023396 -0.299510
    53 -3.756462 5.577850 2.053357 1.570803 -0.000001 0.000000
    54 -2.735646 -0.081365 5.727119 0.000007 0.000015 1.570796
    55 0.000001 5.662003 -0.974302 1.570804 -0.000001 0.000000
    56 -0.000002 -2.275002 5.113525 0.000000 0.000000 -3.141592
    57 -2.477620 5.416855 4.597564 1.570804 -0.000001 0.000000
    58 -1.515218 1.317776 5.998497 0.000000 0.000000 0.000000
    59 -2.455992 5.657928 -0.087295 1.570804 -0.000001 0.000000
    60 -1.485628 -1.617812 5.263969 0.000000 0.000000 3.141592
    61 3.756460 5.577858 2.053359 1.570803 -0.000001 0.000000
    62 2.735645 -0.081364 5.727116 0.000004 -0.000011 -1.570795
    63 2.477613 5.416855 4.597570 1.570804 -0.000001 0.000000
    64 1.515220 1.317777 5.998508 0.000000 0.000000 0.000000
    65 2.455991 5.657928 -0.087293 1.570804 -0.000001 0.000000
    66 1.485620 -1.617803 5.263973 0.000000 0.000000 -3.141592
    67 4.575642 5.632584 0.000132 0.000000 -1.570771 0.249128
    68 -0.000001 0.314078 5.161098 0.000000 0.000000 0.000000
    69 -0.000001 -0.323108 3.750217 0.000000 0.000000 0.000000
    70 5.734947 1.075212 4.685178 1.570830 -0.000004 -1.321669
    71 -0.753896 0.305901 4.971462 -0.000001 0.000002 0.000000
    72 -1.101006 -0.314705 3.448307 0.000001 0.000001 0.000000
    73 5.809101 -1.029643 4.595047 1.570829 -0.000004 -1.321671
    74 -0.714908 -0.199657 5.028973 0.000000 0.000003 0.000000
    75 -0.282898 -0.851690 4.444889 0.000000 0.000000 0.000000
    76 9.578484 -1.290738 0.000240 0.000000 1.570770 -2.892481
    77 9.369518 -1.236408 1.787905 0.000000 1.570770 -2.892481
    78 9.436707 -1.331719 -1.409029 0.000000 1.570770 -2.892477
    79 5.735191 1.075235 -4.684885 -1.570814 0.000004 1.819923
    80 0.753901 0.305904 4.971474 -0.000001 -0.000002 0.000000
    81 1.101010 -0.314705 3.448315 0.000000 -0.000001 0.000000
    82 5.809341 -1.029617 -4.594752 -1.570814 0.000004 1.819922
    83 0.714908 -0.199655 5.028969 0.000000 -0.000003 0.000000
    84 0.282897 -0.851688 4.444893 0.000000 0.000000 0.000000
  time 9
    0 -21.515859 -22.378526 23.039967 1.771602 -0.040939 -0.054647
    1 3.983847 0.002149 0.003401 -0.074413 -1.428359 -3.363842
    2 15.938816 -0.000100 -0.000005 -0.000009 -0.000002 1.533482
    3 17.707025 -0.000068 0.000003 0.216199 -0.212972 -1.159144
    4 6.202515 0.003416 -0.000367 -0.007294 -0.002960 -0.584341
    5 -3.983848 0.002149 0.003395 -0.936971 -1.031507 -1.740166
    6 15.938826 -0.000113 -0.000001 0.000002 0.000010 2.207513
    7 17.707031 0.000018 0.000000 0.286856 -0.233290 -1.136184
    8 6.202710 0.003078 0.003745 -0.079238 -0.004793 -1.111386
    9 -0.000001 4.209253 -1.688832 1.582970 -0.575119 1.556170
    10 3.836055 0.000000 0.000000 0.038135 -0.031830 -0.014214
    11 3.617625 -0.000275 -0.000015 0.036589 -0.050726 0.422791
    12 7.537925 0.003588 -0.000212 0.003029 -0.052057 0.153052
    13 3.177734 0.000002 0.000000 3.137538 0.000823 0.400474
    14 2.966416 0.000318 0.000023 -0.208344 -0.044416 1.695121
    15 2.023438 0.907227 0.852539 1.947284 -1.223454 2.575829
    16 4.980521 0.000781 -0.001089 -2.031989 -0.837328 -0.577251
    17 11.119977 0.000007 0.000004 -0.000003 -0.000001 -1.821020
    18 11.205393 -0.000039 0.000000 1.686723 -0.315318 0.235283
    19 3.767608 0.148800 0.074041 0.089823 0.185396 -0.326372
    20 2.037109 -0.000002 -0.000002 0.003643 -0.024192 -0.299242
    21 1.063284 -0.000008 0.000000 0.003618 -0.024177 -0.299189
    22 3.783203 -0.017258 0.794434 0.548045 0.085960 -0.316569
    23 1.628906 0.000000 0.000000 0.012406 -0.085556 -0.288091
    24 0.955566 -0.000004 0.000001 0.012406 -0.085556 -0.288099
    25 1.258789 -0.297852 1.251953 -1.378796 -0.581086 -0.486791
    26 1.392578 0.000004 -0.000006 -0.000054 -0.000328 0.324626
    27 1.099609 -0.000002 -0.000004 0.000000 0.000000 0.000000
    28 3.548828 0.198730 -1.489258 -0.571800 0.100829 -0.256375
    29 1.218750 0.000003 0.000000 -0.009975 0.067698 -0.292690
    30 0.679688 0.000000 0.000000 -0.009971 0.067689 -0.292684
    31 3.697042 0.266204 -0.725138 -0.097568 0.031574 -0.326833
    32 1.748047 0.000000 -0.000002 -0.003161 0.020964 -0.299479
    33 0.959961 0.000006 0.000000 -0.003166 0.020972 -0.299671
    34 2.023438 0.907227 -0.852051 -2.069461 1.218897 2.524817
    35 4.981625 0.002227 0.003236 2.623334 0.399046 -0.732904
    36 11.119975 -0.000005 0.000000 0.000001 0.000002 -1.881582
    37 11.205375 0.000073 0.000008 -1.663982 0.315197 0.230799
    38 3.766600 0.148254 -0.075376 -0.089513 -0.188043 -0.324859
    39 2.037109 0.000000 -0.000002 -0.003278 0.021743 -0.299424
    40 1.066406 0.000002 0.000000 -0.003278 0.021741 -0.299428
    41 3.780812 -0.024988 -0.795569 -0.547791 -0.088513 -0.315894
    42 1.628906 0.000000 0.000000 -0.012095 0.083240 -0.288751
    43 0.955566 0.000000 0.000000 -0.012097 0.083232 -0.288761
    44 1.255143 -0.311021 -1.248832 1.375777 0.577169 -0.491573
    45 1.392578 -0.000001 0.000004 0.000349 0.002144 0.324620
    46 1.099609 0.000001 -0.000004 0.000000 0.000000 0.000000
    47 3.548828 0.211304 1.487305 0.571268 -0.102934 -0.255551
    48 1.218750 0.000005 0.000000 0.010274 -0.069873 -0.292190
    49 0.679688 0.000005 0.000000 0.010275 -0.069871 -0.292190
    50 3.697266 0.273682 0.726563 0.097886 -0.034228 -0.326615
    51 1.748047 -0.000013 -0.000002 0.003526 -0.023385 -0.299307
    52 0.956684 0.000004 0.000002 0.003527 -0.023396 -0.299497
    53 -3.756462 5.577850 2.053357 1.570803 -0.000001 0.000000
    54 -2.735646 -0.081365 5.727119 0.000007 0.000015 1.570796
    55 0.000001 5.662003 -0.974302 1.570804 -0.000001 0.000000
    56 -0.000002 -2.275002 5.113525 0.000000 0.000000 -3.141592
    57 -2.477620 5.416855 4.597564 1.570804 -0.000001 0.000000
    58 -1.515218 1.317776 5.998497 0.000000 0.000000 0.000000
    59 -2.455992 5.657928 -0.087295 1.570804 -0.000001 0.000000
    60 -1.485628 -1.617812 5.263969 0.000000 0.000000 3.141592
    61 3.756460 5.577858 2.053359 1.570803 -0.000001 0.000000
    62 2.735645 -0.081364 5.727116 0.000004 -0.000011 -1.570795
    63 2.477613 5.416855 4.597570 1.570804 -0.000001 0.000000
    64 1.515220 1.317777 5.998508 0.000000 0.000000 0.000000
    65 2.455991 5.657928 -0.087293 1.570804 -0.000001 0.000000
    66 1.485620 -1.617803 5.263973 0.000000 0.000000 -3.141592
    67 4.575642 5.632584 0.000132 0.000000 -1.570771 0.249128
    68 -0.000001 0.314078 5.161098 0.000000 0.000000 0.000000
    69 -0.000001 -0.323108 3.750217 0.000000 0.000000 0.000000
    70 5.734947 1.075212 4.685178 1.570830 -0.000004 -1.321669
    71 -0.753896 0.305901 4.971462 -0.000001 0.000002 0.000000
    72 -1.101006 -0.314705 3.448307 0.000001 0.000001 0.000000
    73 5.809101 -1.029643 4.595047 1.570829 -0.000004 -1.321671
    74 -0.714908 -0.199657 5.028973 0.000000 0.000003 0.000000
    75 -0.282898 -0.851690 4.444889 0.000000 0.000000 0.000000
    76 9.578484 -1.290738 0.000240 0.000000 1.570770 -2.892481
    77 9.369518 -1.236408 1.787905 0.000000 1.570770 -2.892481
    78 9.436707 -1.331719 -1.409029 0.000000 1.570770 -2.892477
    79 5.735191 1.075235 -4.684885 -1.570814 0.000004 1.819923
    80 0.753901 0.305904 4.971474 -0.000001 -0.000002 0.000000
    81 1.101010 -0.314705 3.448315 0.000000 -0.000001 0.000000
    82 5.809341 -1.029617 -4.594752 -1.570814 0.000004 1.819922
    83 0.714908 -0.199655 5.028969 0.000000 -0.000003 0.000000
    84 0.282897 -0.851688 4.444893 0.000000 0.000000 0.000000
  time 10
    0 -23.784906 -24.717888 22.887619 1.763214 -0.035750 -0.036627
    1 3.983847 0.002149 0.003401 -0.046103 -1.447805 -3.301705
    2 15.938816 -0.000100 -0.000005 -0.000009 -0.000002 1.693875
    3 17.707025 -0.000068 0.000003 0.143129 -0.164789 -1.300266
    4 6.202515 0.003416 -0.000367 -0.007306 -0.002960 -0.584341
    5 -3.983848 0.002149 0.003395 -0.821277 -1.120911 -1.921807
    6 15.938826 -0.000113 -0.000001 0.000002 0.000010 2.211733
    7 17.707031 0.000018 0.000000 0.321038 -0.137441 -1.362164
    8 6.202710 0.003078 0.003745 -0.079669 -0.004565 -1.020363
    9 -0.000001 4.209253 -1.688832 1.582635 -0.575119 1.556170
    10 3.836055 0.000000 0.000000 0.040735 -0.019821 -0.007455
    11 3.617625 -0.000275 -0.000015 0.036613 -0.039353 0.428099
    12 7.537925 0.003588 -0.000212 -0.001237 -0.053999 0.148893
    13 3.177734 0.000002 0.000000 3.137538 0.000823 0.400474
    14 2.966416 0.000318 0.000023 -0.206403 -0.045279 1.697798
    15 2.023438 0.907227 0.852539 1.947284 -1.223454 2.575829
    16 4.980521 0.000781 -0.001089 -2.040916 -0.843029 -0.587807
    17 11.119977 0.000007 0.000004 -0.000003 -0.000001 -1.821020
    18 11.205393 -0.000039 0.000000 1.686339 -0.315318 0.235236
    19 3.767608 0.148800 0.074041 0.089823 0.185396 -0.326372
    20 2.037109 -0.000002 -0.000002 0.003643 -0.024192 -0.299242
    21 1.063284 -0.000008 0.000000 0.003618 -0.024177 -0.299189
    22 3.783203 -0.017258 0.794434 0.548045 0.085960 -0.316569
    23 1.628906 0.000000 0.000000 0.012406 -0.085556 -0.288091
    24 0.955566 -0.000004 0.000001 0.012406 -0.085556 -0.288099
    25 1.258789 -0.297852 1.251953 -1.378796 -0.581086 -0.486791
    26 1.392578 0.000004 -0.000006 -0.000054 -0.000328 0.324626
    27 1.099609 -0.000002 -0.000004 0.000000 0.000000 0.000000
    28 3.548828 0.198730 -1.489258 -0.571800 0.100829 -0.256375
    29 1.218750 0.000003 0.000000 -0.009975 0.067698 -0.292690
    30 0.679688 0.000000 0.000000 -0.009971 0.067689 -0.292684
    31 3.697042 0.266204 -0.725138 -0.097568 0.031574 -0.326833
    32 1.748047 0.000000 -0.000002 -0.003161 0.020964 -0.299479
    33 0.959961 0.000006 0.000000 -0.003166 0.020972 -0.299671
    34 2.023438 0.907227 -0.852051 -2.069461 1.218897 2.524817
    35 4.981625 0.002227 0.003236 2.627256 0.399513 -0.712543
    36 11.119975 -0.000005 0.000000 0.000001 0.000002 -1.881834
    37 11.205375 0.000073 0.000008 -1.664364 0.315197 0.230919
    38 3.766600 0.148254 -0.075376 -0.089513 -0.188055 -0.324859
    39 2.037109 0.000000 -0.000002 -0.003278 0.021743 -0.299424
    40 1.066406 0.000002 0.000000 -0.003278 0.021741 -0.299428
    41 3.780812 -0.024988 -0.795569 -0.547791 -0.088513 -0.315894
    42 1.628906 0.000000 0.000000 -0.012095 0.083240 -0.288751
    43 0.955566 0.000000 0.000000 -0.012097 0.083232 -0.288761
    44 1.255143 -0.311021 -1.248832 1.375777 0.577169 -0.491573
    45 1.392578 -0.000001 0.000004 0.000349 0.002144 0.324620
    46 1.099609 0.000001 -0.000004 0.000000 0.000000 0.000000
    47 3.548828 0.211304 1.487305 0.571268 -0.102934 -0.255551
    48 1.218750 0.000005 0.000000 0.010274 -0.069873 -0.292190
    49 0.679688 0.000005 0.000000 0.010275 -0.069871 -0.292190
    50 3.697266 0.273682 0.726563 0.097886 -0.034228 -0.326615
    51 1.748047 -0.000013 -0.000002 0.003526 -0.023385 -0.299307
    52 0.956684 0.000004 0.000002 0.003527 -0.023396 -0.299510
    53 -3.756462 5.577850 2.053357 1.570803 -0.000001 0.000000
    54 -2.735646 -0.081365 5.727119 0.000007 0.000015 1.570796
    55 0.000001 5.662003 -0.974302 1.570804 -0.000001 0.000000
    56 -0.000002 -2.275002 5.113525 0.000000 0.000000 -3.141592
    57 -2.477620 5.416855 4.597564 1.570804 -0.000001 0.000000
    58 -1.515218 1.317776 5.998497 0.000000 0.000000 0.000000
    59 -2.455992 5.657928 -0.087295 1.570804 -0.000001 0.000000
    60 -1.485628 -1.617812 5.263969 0.000000 0.000000 3.141592
    61 3.756460 5.577858 2.053359 1.570803 -0.000001 0.000000
    62 2.735645 -0.081364 5.727116 0.000004 -0.000011 -1.570795
    63 2.477613 5.416855 4.597570 1.570804 -0.000001 0.000000
    64 1.515220 1.317777 5.998508 0.000000 0.000000 0.000000
    65 2.455991 5.657928 -0.087293 1.570804 -0.000001 0.000000
    66 1.485620 -1.617803 5.263973 0.000000 0.000000 -3.141592
    67 4.575642 5.632584 0.000132 0.000000 -1.570771 0.249128
    68 -0.000001 0.314078 5.161098 0.000000 0.000000 0.000000
    69 -0.000001 -0.323108 3.750217 0.000000 0.000000 0.000000
    70 5.734947 1.075212 4.685178 1.570830 -0.000004 -1.321669
    71 -0.753896 0.305901 4.971462 -0.000001 0.000002 0.000000
    72 -1.101006 -0.314705 3.448307 0.000001 0.000001 0.000000
    73 5.809101 -1.029643 4.595047 1.570829 -0.000004 -1.321671
    74 -0.714908 -0.199657 5.028973 0.000000 0.000003 0.000000
    75 -0.282898 -0.851690 4.444889 0.000000 0.000000 0.000000
    76 9.578484 -1.290738 0.000240 0.000000 1.570770 -2.892481
    77 9.369518 -1.236408 1.787905 0.000000 1.570770 -2.892481
    78 9.436707 -1.331719 -1.409029 0.000000 1.570770 -2.892477
    79 5.735191 1.075235 -4.684885 -1.570814 0.000004 1.819923
    80 0.753901 0.305904 4.971474 -0.000001 -0.000002 0.000000
    81 1.101010 -0.314705 3.448315 0.000000 -0.000001 0.000000
    82 5.809341 -1.029617 -4.594752 -1.570814 0.000004 1.819922
    83 0.714908 -0.199655 5.028969 0.000000 -0.000003 0.000000
    84 0.282897 -0.851688 4.444893 0.000000 0.000000 0.000000
  time 11
    0 -26.108642 -26.951779 22.950121 1.763933 -0.021357 -0.019885
    1 3.983847 0.002149 0.003401 -0.331202 -1.485809 -2.923162
    2 15.938816 -0.000100 -0.000005 -0.000009 -0.000002 1.804415
    3 17.707025 -0.000068 0.000003 0.083466 -0.097044 -1.432364
    4 6.202515 0.003416 -0.000367 -0.007306 -0.002960 -0.584341
    5 -3.983848 0.002149 0.003395 -0.593040 -1.210701 -2.223074
    6 15.938826 -0.000113 -0.000001 0.000002 0.000010 2.144345
    7 17.707031 0.000018 0.000000 0.284158 0.011213 -1.613439
    8 6.202710 0.003078 0.003745 -0.080065 -0.004290 -0.929322
    9 -0.000001 4.209253 -1.688832 1.576068 -0.575159 1.565997
    10 3.836055 0.000000 0.000000 0.044774 -0.005823 -0.001511
    11 3.617625 -0.000275 -0.000015 0.037668 -0.026554 0.432280
    12 7.537925 0.003588 -0.000212 -0.005815 -0.057450 0.144159
    13 3.177734 0.000002 0.000000 3.137538 0.000823 0.400474
    14 2.966416 0.000318 0.000023 -0.201645 -0.042751 1.704923
    15 2.023438 0.907227 0.852539 1.947284 -1.223454 2.575829
    16 4.980521 0.000781 -0.001089 -2.047934 -0.846639 -0.599956
    17 11.119977 0.000007 0.000004 -0.000003 -0.000001 -1.820505
    18 11.205393 -0.000039 0.000000 1.683170 -0.315391 0.234624
    19 3.767608 0.148800 0.074041 0.089823 0.185396 -0.326372
    20 2.037109 -0.000002 -0.000002 0.003643 -0.024192 -0.299242
    21 1.063284 -0.000008 0.000000 0.003618 -0.024165 -0.299189
    22 3.783203 -0.017258 0.794434 0.548045 0.085960 -0.316569
    23 1.628906 0.000000 0.000000 0.012406 -0.085556 -0.288091
    24 0.955566 -0.000004 0.000001 0.012406 -0.085556 -0.288099
    25 1.258789 -0.297852 1.251953 -1.378796 -0.581086 -0.486791
    26 1.392578 0.000004 -0.000006 -0.000054 -0.000328 0.324626
    27 1.099609 -0.000002 -0.000004 0.000000 0.000000 0.000000
    28 3.548828 0.198730 -1.489258 -0.571800 0.100829 -0.256375
    29 1.218750 0.000003 0.000000 -0.009975 0.067698 -0.292690
    30 0.679688 0.000000 0.000000 -0.009971 0.067689 -0.292684
    31 3.697042 0.266204 -0.725138 -0.097544 0.031574 -0.326833
    32 1.748047 0.000000 -0.000002 -0.003161 0.020964 -0.299479
    33 0.959961 0.000006 0.000000 -0.003166 0.020972 -0.299671
    34 2.023438 0.907227 -0.852051 -2.069461 1.218897 2.524817
    35 4.981625 0.002227 0.003236 2.629577 0.398854 -0.693592
    36 11.119975 -0.000005 0.000000 0.000001 0.000002 -1.883852
    37 11.205375 0.000073 0.000008 -1.667132 0.314945 0.232202
    38 3.766600 0.148254 -0.075376 -0.089513 -0.188043 -0.324859
    39 2.037109 0.000000 -0.000002 -0.003278 0.021743 -0.299424
    40 1.066406 0.000002 0.000000 -0.003278 0.021741 -0.299428
    41 3.780812 -0.024988 -0.795569 -0.547791 -0.088513 -0.315894
    42 1.628906 0.000000 0.000000 -0.012095 0.083240 -0.288751
    43 0.955566 0.000000 0.000000 -0.012097 0.083232 -0.288761
    44 1.255143 -0.311021 -1.248832 1.375777 0.577169 -0.491573
    45 1.392578 -0.000001 0.000004 0.000349 0.002144 0.324620
    46 1.099609 0.000001 -0.000004 0.000000 0.000000 0.000000
    47 3.548828 0.211304 1.487305 0.571268 -0.102934 -0.255551
    48 1.218750 0.000005 0.000000 0.010274 -0.069873 -0.292190
    49 0.679688 0.000005 0.000000 0.010275 -0.069871 -0.292190
    50 3.697266 0.273682 0.726563 0.097886 -0.034228 -0.326615
    51 1.748047 -0.000013 -0.000002 0.003526 -0.023385 -0.299307
    52 0.956684 0.000004 0.000002 0.003527 -0.023396 -0.299497
    53 -3.756462 5.577850 2.053357 1.570803 -0.000001 0.000000
    54 -2.735646 -0.081365 5.727119 0.000007 0.000015 1.570796
    55 0.000001 5.662003 -0.974302 1.570804 -0.000001 0.000000
    56 -0.000002 -2.275002 5.113525 0.000000 0.000000 -3.141592
    57 -2.477620 5.416855 4.597564 1.570804 -0.000001 0.000000
    58 -1.515218 1.317776 5.998497 0.000000 0.000000 0.000000
    59 -2.455992 5.657928 -0.087295 1.570804 -0.000001 0.000000
    60 -1.485628 -1.617812 5.263969 0.000000 0.000000 3.141592
    61 3.756460 5.577858 2.053359 1.570803 -0.000001 0.000000
    62 2.735645 -0.081364 5.727116 0.000004 -0.000011 -1.570795
    63 2.477613 5.416855 4.597570 1.570804 -0.000001 0.000000
    64 1.515220 1.317777 5.998508 0.000000 0.000000 0.000000
    65 2.455991 5.657928 -0.087293 1.570804 -0.000001 0.000000
    66 1.485620 -1.617803 5.263973 0.000000 0.000000 -3.141592
    67 4.575642 5.632584 0.000132 0.000000 -1.570771 0.249128
    68 -0.000001 0.314078 5.161098 0.000000 0.000000 0.000000
    69 -0.000001 -0.323108 3.750217 0.000000 0.000000 0.000000
    70 5.734947 1.075212 4.685178 1.570830 -0.000004 -1.321669
    71 -0.753896 0.305901 4.971462 -0.000001 0.000002 0.000000
    72 -1.101006 -0.314705 3.448307 0.000001 0.000001 0.000000
    73 5.809101 -1.029643 4.595047 1.570829 -0.000004 -1.321671
    74 -0.714908 -0.199657 5.028973 0.000000 0.000003 0.000000
    75 -0.282898 -0.851690 4.444889 0.000000 0.000000 0.000000
    76 9.578484 -1.290738 0.000240 0.000000 1.570770 -2.892481
    77 9.369518 -1.236408 1.787905 0.000000 1.570770 -2.892481
    78 9.436707 -1.331719 -1.409029 0.000000 1.570770 -2.892477
    79 5.735191 1.075235 -4.684885 -1.570814 0.000004 1.819923
    80 0.753901 0.305904 4.971474 -0.000001 -0.000002 0.000000
    81 1.101010 -0.314705 3.448315 0.000000 -0.000001 0.000000
    82 5.809341 -1.029617 -4.594752 -1.570814 0.000004 1.819922
    83 0.714908 -0.199655 5.028969 0.000000 -0.000003 0.000000
    84 0.282897 -0.851688 4.444893 0.000000 0.000000 0.000000
  time 12
    0 -28.483160 -29.138794 23.250911 1.773903 -0.006268 -0.008255
    1 3.983847 0.002149 0.003401 -1.357216 -1.490659 -1.806665
    2 15.938816 -0.000100 -0.000005 -0.000009 -0.000002 1.863128
    3 17.707025 -0.000068 0.000003 0.028292 -0.013557 -1.551307
    4 6.202515 0.003416 -0.000367 -0.007306 -0.002960 -0.584341
    5 -3.983848 0.002149 0.003395 -0.293819 -1.253728 -2.598252
    6 15.938826 -0.000113 -0.000001 0.000002 0.000010 2.018638
    7 17.707031 0.000018 0.000000 0.215294 0.083630 -1.621774
    8 6.202710 0.003078 0.003745 -0.080424 -0.004002 -0.843085
    9 -0.000001 4.209253 -1.688832 1.569692 -0.575159 1.575632
    10 3.836055 0.000000 0.000000 0.050095 0.008954 0.003391
    11 3.617625 -0.000275 -0.000015 0.039729 -0.013442 0.435293
    12 7.537925 0.003588 -0.000212 -0.010322 -0.062448 0.139198
    13 3.177734 0.000002 0.000000 3.137538 0.000823 0.400474
    14 2.966416 0.000318 0.000023 -0.194382 -0.036770 1.713728
    15 2.023438 0.907227 0.852539 1.947284 -1.223454 2.575829
    16 4.980521 0.000781 -0.001089 -2.049689 -0.850113 -0.615178
    17 11.119977 0.000007 0.000004 -0.000003 -0.000001 -1.820048
    18 11.205393 -0.000039 0.000000 1.679905 -0.315427 0.234049
    19 3.767608 0.148800 0.074041 0.089823 0.185396 -0.326372
    20 2.037109 -0.000002 -0.000002 0.003643 -0.024192 -0.299242
    21 1.063284 -0.000008 0.000000 0.003618 -0.024165 -0.299189
    22 3.783203 -0.017258 0.794434 0.548045 0.085960 -0.316569
    23 1.628906 0.000000 0.000000 0.012406 -0.085556 -0.288091
    24 0.955566 -0.000004 0.000001 0.012406 -0.085556 -0.288099
    25 1.258789 -0.297852 1.251953 -1.378796 -0.581086 -0.486791
    26 1.392578 0.000004 -0.000006 -0.000054 -0.000328 0.324626
    27 1.099609 -0.000002 -0.000004 0.000000 0.000000 0.000000
    28 3.548828 0.198730 -1.489258 -0.571800 0.100829 -0.256375
    29 1.218750 0.000003 0.000000 -0.009975 0.067698 -0.292690
    30 0.679688 0.000000 0.000000 -0.009971 0.067689 -0.292684
    31 3.697042 0.266204 -0.725138 -0.097568 0.031574 -0.326833
    32 1.748047 0.000000 -0.000002 -0.003161 0.020964 -0.299479
    33 0.959961 0.000006 0.000000 -0.003166 0.020972 -0.299671
    34 2.023438 0.907227 -0.852051 -2.069461 1.218897 2.524817
    35 4.981625 0.002227 0.003236 2.631383 0.395089 -0.676492
    36 11.119975 -0.000005 0.000000 0.000001 0.000002 -1.885933
    37 11.205375 0.000073 0.000008 -1.669995 0.314706 0.233472
    38 3.766600 0.148254 -0.075376 -0.089513 -0.188043 -0.324859
    39 2.037109 0.000000 -0.000002 -0.003278 0.021743 -0.299424
    40 1.066406 0.000002 0.000000 -0.003278 0.021741 -0.299428
    41 3.780812 -0.024988 -0.795569 -0.547791 -0.088513 -0.315894
    42 1.628906 0.000000 0.000000 -0.012095 0.083240 -0.288751
    43 0.955566 0.000000 0.000000 -0.012097 0.083232 -0.288761
    44 1.255143 -0.311021 -1.248832 1.375777 0.577169 -0.491573
    45 1.392578 -0.000001 0.000004 0.000349 0.002144 0.324620
    46 1.099609 0.000001 -0.000004 0.000000 0.000000 0.000000
    47 3.548828 0.211304 1.487305 0.571268 -0.102934 -0.255551
    48 1.218750 0.000005 0.000000 0.010274 -0.069873 -0.292190
    49 0.679688 0.000005 0.000000 0.010275 -0.069871 -0.292190
    50 3.697266 0.273682 0.726563 0.097886 -0.034228 -0.326615
    51 1.748047 -0.000013 -0.000002 0.003526 -0.023385 -0.299307
    52 0.956684 0.000004 0.000002 0.003527 -0.023396 -0.299510
    53 -3.756462 5.577850 2.053357 1.570803 -0.000001 0.000000
    54 -2.735646 -0.081365 5.727119 0.000007 0.000015 1.570796
    55 0.000001 5.662003 -0.974302 1.570804 -0.000001 0.000000
    56 -0.000002 -2.275002 5.113525 0.000000 0.000000 -3.141592
    57 -2.477620 5.416855 4.597564 1.570804 -0.000001 0.000000
    58 -1.515218 1.317776 5.998497 0.000000 0.000000 0.000000
    59 -2.455992 5.657928 -0.087295 1.570804 -0.000001 0.000000
    60 -1.485628 -1.617812 5.263969 0.000000 0.000000 3.141592
    61 3.756460 5.577858 2.053359 1.570803 -0.000001 0.000000
    62 2.735645 -0.081364 5.727116 0.000004 -0.000011 -1.570795
    63 2.477613 5.416855 4.597570 1.570804 -0.000001 0.000000
    64 1.515220 1.317777 5.998508 0.000000 0.000000 0.000000
    65 2.455991 5.657928 -0.087293 1.570804 -0.000001 0.000000
    66 1.485620 -1.617803 5.263973 0.000000 0.000000 -3.141592
    67 4.575642 5.632584 0.000132 0.000000 -1.570771 0.249128
    68 -0.000001 0.314078 5.161098 0.000000 0.000000 0.000000
    69 -0.000001 -0.323108 3.750217 0.000000 0.000000 0.000000
    70 5.734947 1.075212 4.685178 1.570830 -0.000004 -1.321669
    71 -0.753896 0.305901 4.971462 -0.000001 0.000002 0.000000
    72 -1.101006 -0.314705 3.448307 0.000001 0.000001 0.000000
    73 5.809101 -1.029643 4.595047 1.570829 -0.000004 -1.321671
    74 -0.714908 -0.199657 5.028973 0.000000 0.000003 0.000000
    75 -0.282898 -0.851690 4.444889 0.000000 0.000000 0.000000
    76 9.578484 -1.290738 0.000240 0.000000 1.570770 -2.892481
    77 9.369518 -1.236408 1.787905 0.000000 1.570770 -2.892481
    78 9.436707 -1.331719 -1.409029 0.000000 1.570770 -2.892477
    79 5.735191 1.075235 -4.684885 -1.570814 0.000004 1.819923
    80 0.753901 0.305904 4.971474 -0.000001 -0.000002 0.000000
    81 1.101010 -0.314705 3.448315 0.000000 -0.000001 0.000000
    82 5.809341 -1.029617 -4.594752 -1.570814 0.000004 1.819922
    83 0.714908 -0.199655 5.028969 0.000000 -0.000003 0.000000
    84 0.282897 -0.851688 4.444893 0.000000 0.000000 0.000000
  time 13
    0 -30.935806 -31.368779 23.407166 1.789099 0.001522 -0.003910
    1 3.983847 0.002149 0.003401 -1.934444 -1.413896 -1.145332
    2 15.938816 -0.000100 -0.000005 -0.000009 -0.000002 1.894047
    3 17.707025 -0.000068 0.000003 -0.034867 0.074598 -1.666609
    4 6.202515 0.003416 -0.000367 -0.007306 -0.002960 -0.584341
    5 -3.983848 0.002149 0.003395 0.045718 -1.249176 -3.022892
    6 15.938826 -0.000113 -0.000001 0.000002 0.000010 1.864023
    7 17.707031 0.000018 0.000000 0.133125 0.122391 -1.560836
    8 6.202710 0.003078 0.003745 -0.081059 -0.003331 -0.670558
    9 -0.000001 4.209253 -1.688832 1.568541 -0.575159 1.576639
    10 3.836055 0.000000 0.000000 0.056220 0.023287 0.007705
    11 3.617625 -0.000275 -0.000015 0.042618 -0.001182 0.437631
    12 7.537925 0.003588 -0.000212 -0.014324 -0.068596 0.134308
    13 3.177734 0.000002 0.000000 3.137538 0.000823 0.400474
    14 2.966416 0.000318 0.000023 -0.185238 -0.028201 1.720898
    15 2.023438 0.907227 0.852539 1.947284 -1.223454 2.575829
    16 4.980521 0.000781 -0.001089 -2.045509 -0.855646 -0.633672
    17 11.119977 0.000007 0.000004 -0.000003 -0.000001 -1.819876
    18 11.205393 -0.000039 0.000000 1.679088 -0.315464 0.233857
    19 3.767608 0.148800 0.074041 0.089811 0.185396 -0.326372
    20 2.037109 -0.000002 -0.000002 0.003643 -0.024192 -0.299242
    21 1.063284 -0.000008 0.000000 0.003618 -0.024177 -0.299189
    22 3.783203 -0.017258 0.794434 0.548045 0.085960 -0.316569
    23 1.628906 0.000000 0.000000 0.012406 -0.085556 -0.288091
    24 0.955566 -0.000004 0.000001 0.012406 -0.085556 -0.288099
    25 1.258789 -0.297852 1.251953 -1.378796 -0.581086 -0.486791
    26 1.392578 0.000004 -0.000006 -0.000054 -0.000328 0.324626
    27 1.099609 -0.000002 -0.000004 0.000000 0.000000 0.000000
    28 3.548828 0.198730 -1.489258 -0.571800 0.100829 -0.256375
    29 1.218750 0.000003 0.000000 -0.009975 0.067698 -0.292690
    30 0.679688 0.000000 0.000000 -0.009971 0.067689 -0.292684
    31 3.697042 0.266204 -0.725138 -0.097568 0.031574 -0.326833
    32 1.748047 0.000000 -0.000002 -0.003161 0.020964 -0.299479
    33 0.959961 0.000006 0.000000 -0.003166 0.020972 -0.299671
    34 2.023438 0.907227 -0.852051 -2.069461 1.218897 2.524817
    35 4.981625 0.002227 0.003236 2.634324 0.387751 -0.660685
    36 11.119975 -0.000005 0.000000 0.000001 0.000002 -1.886500
    37 11.205375 0.000073 0.000008 -1.670806 0.314622 0.233832
    38 3.766600 0.148254 -0.075376 -0.089513 -0.188055 -0.324859
    39 2.037109 0.000000 -0.000002 -0.003278 0.021743 -0.299424
    40 1.066406 0.000002 0.000000 -0.003278 0.021741 -0.299428
    41 3.780812 -0.024988 -0.795569 -0.547791 -0.088513 -0.315894
    42 1.628906 0.000000 0.000000 -0.012095 0.083240 -0.288751
    43 0.955566 0.000000 0.000000 -0.012097 0.083232 -0.288761
    44 1.255143 -0.311021 -1.248832 1.375777 0.577169 -0.491573
    45 1.392578 -0.000001 0.000004 0.000349 0.002144 0.324620
    46 1.099609 0.000001 -0.000004 0.000000 0.000000 0.000000
    47 3.548828 0.211304 1.487305 0.571268 -0.102934 -0.255551
    48 1.218750 0.000005 0.000000 0.010274 -0.069873 -0.292190
    49 0.679688 0.000005 0.000000 0.010275 -0.069871 -0.292190
    50 3.697266 0.273682 0.726563 0.097886 -0.034228 -0.326615
    51 1.748047 -0.000013 -0.000002 0.003526 -0.023385 -0.299307
    52 0.956684 0.000004 0.000002 0.003527 -0.023396 -0.299497
    53 -3.756462 5.577850 2.053357 1.570803 -0.000001 0.000000
    54 -2.735646 -0.081365 5.727119 0.000007 0.000015 1.570796
    55 0.000001 5.662003 -0.974302 1.570804 -0.000001 0.000000
    56 -0.000002 -2.275002 5.113525 0.000000 0.000000 -3.141592
    57 -2.477620 5.416855 4.597564 1.570804 -0.000001 0.000000
    58 -1.515218 1.317776 5.998497 0.000000 0.000000 0.000000
    59 -2.455992 5.657928 -0.087295 1.570804 -0.000001 0.000000
    60 -1.485628 -1.617812 5.263969 0.000000 0.000000 3.141592
    61 3.756460 5.577858 2.053359 1.570803 -0.000001 0.000000
    62 2.735645 -0.081364 5.727116 0.000004 -0.000011 -1.570795
    63 2.477613 5.416855 4.597570 1.570804 -0.000001 0.000000
    64 1.515220 1.317777 5.998508 0.000000 0.000000 0.000000
    65 2.455991 5.657928 -0.087293 1.570804 -0.000001 0.000000
    66 1.485620 -1.617803 5.263973 0.000000 0.000000 -3.141592
    67 4.575642 5.632584 0.000132 0.000000 -1.570771 0.249128
    68 -0.000001 0.314078 5.161098 0.000000 0.000000 0.000000
    69 -0.000001 -0.323108 3.750217 0.000000 0.000000 0.000000
    70 5.734947 1.075212 4.685178 1.570830 -0.000004 -1.321669
    71 -0.753896 0.305901 4.971462 -0.000001 0.000002 0.000000
    72 -1.101006 -0.314705 3.448307 0.000001 0.000001 0.000000
    73 5.809101 -1.029643 4.595047 1.570829 -0.000004 -1.321671
    74 -0.714908 -0.199657 5.028973 0.000000 0.000003 0.000000
    75 -0.282898 -0.851690 4.444889 0.000000 0.000000 0.000000
    76 9.578484 -1.290738 0.000240 0.000000 1.570770 -2.892481
    77 9.369518 -1.236408 1.787905 0.000000 1.570770 -2.892481
    78 9.436707 -1.331719 -1.409029 0.000000 1.570770 -2.892477
    79 5.735191 1.075235 -4.684885 -1.570814 0.000004 1.819923
    80 0.753901 0.305904 4.971474 -0.000001 -0.000002 0.000000
    81 1.101010 -0.314705 3.448315 0.000000 -0.000001 0.000000
    82 5.809341 -1.029617 -4.594752 -1.570814 0.000004 1.819922
    83 0.714908 -0.199655 5.028969 0.000000 -0.000003 0.000000
    84 0.282897 -0.851688 4.444893 0.000000 0.000000 0.000000
  time 14
    0 -33.517362 -33.704235 23.539983 1.801563 0.005357 -0.005508
    1 3.983847 0.002149 0.003401 -2.049395 -1.291254 -0.945779
    2 15.938816 -0.000100 -0.000005 -0.000009 -0.000002 1.886907
    3 17.707025 -0.000068 0.000003 -0.114931 0.158850 -1.774937
    4 6.202515 0.003416 -0.000367 -0.007306 -0.002960 -0.584341
    5 -3.983848 0.002149 0.003395 0.289527 -1.209842 -3.338210
    6 15.938826 -0.000113 -0.000001 0.000002 0.000010 1.701158
    7 17.707031 0.000018 0.000000 0.061859 0.116752 -1.499898
    8 6.202710 0.003078 0.003745 -0.081323 -0.002959 -0.584354
    9 -0.000001 4.209253 -1.688832 1.569260 -0.575159 1.574770
    10 3.836055 0.000000 0.000000 0.062547 0.035907 0.012212
    11 3.617625 -0.000275 -0.000015 0.046033 0.009125 0.440235
    12 7.537925 0.003588 -0.000212 -0.017536 -0.075295 0.129718
    13 3.177734 0.000002 0.000000 3.137538 0.000823 0.400474
    14 2.966416 0.000318 0.000023 -0.175315 -0.018518 1.723576
    15 2.023438 0.907227 0.852539 1.947284 -1.223454 2.575829
    16 4.980521 0.000781 -0.001089 -2.039316 -0.863236 -0.650659
    17 11.119977 0.000007 0.000004 -0.000003 -0.000001 -1.819876
    18 11.205393 -0.000039 0.000000 1.679088 -0.315464 0.233857
    19 3.767608 0.148800 0.074041 0.089823 0.185396 -0.326372
    20 2.037109 -0.000002 -0.000002 0.003643 -0.024192 -0.299242
    21 1.063284 -0.000008 0.000000 0.003618 -0.024177 -0.299189
    22 3.783203 -0.017258 0.794434 0.548045 0.085960 -0.316569
    23 1.628906 0.000000 0.000000 0.012406 -0.085556 -0.288091
    24 0.955566 -0.000004 0.000001 0.012406 -0.085556 -0.288099
    25 1.258789 -0.297852 1.251953 -1.378796 -0.581086 -0.486791
    26 1.392578 0.000004 -0.000006 -0.000054 -0.000328 0.324626
    27 1.099609 -0.000002 -0.000004 0.000000 0.000000 0.000000
    28 3.548828 0.198730 -1.489258 -0.571800 0.100829 -0.256375
    29 1.218750 0.000003 0.000000 -0.009975 0.067698 -0.292690
    30 0.679688 0.000000 0.000000 -0.009971 0.067689 -0.292684
    31 3.697042 0.266204 -0.725138 -0.097568 0.031574 -0.326833
    32 1.748047 0.000000 -0.000002 -0.003161 0.020964 -0.299479
    33 0.959961 0.000006 0.000000 -0.003166 0.020972 -0.299671
    34 2.023438 0.907227 -0.852051 -2.069461 1.218897 2.524817
    35 4.981625 0.002227 0.003236 2.639587 0.379727 -0.647199
    36 11.119975 -0.000005 0.000000 0.000001 0.000002 -1.886500
    37 11.205375 0.000073 0.000008 -1.670806 0.314622 0.233832
    38 3.766600 0.148254 -0.075376 -0.089513 -0.188043 -0.324859
    39 2.037109 0.000000 -0.000002 -0.003278 0.021743 -0.299424
    40 1.066406 0.000002 0.000000 -0.003278 0.021741 -0.299428
    41 3.780812 -0.024988 -0.795569 -0.547791 -0.088513 -0.315894
    42 1.628906 0.000000 0.000000 -0.012095 0.083240 -0.288751
    43 0.955566 0.000000 0.000000 -0.012097 0.083232 -0.288761
    44 1.255143 -0.311021 -1.248832 1.375720 0.577169 -0.491573
    45 1.392578 -0.000001 0.000004 0.000349 0.002144 0.324620
    46 1.099609 0.000001 -0.000004 0.000000 0.000000 0.000000
    47 3.548828 0.211304 1.487305 0.571268 -0.102934 -0.255551
    48 1.218750 0.000005 0.000000 0.010274 -0.069873 -0.292190
    49 0.679688 0.000005 0.000000 0.010275 -0.069871 -0.292190
    50 3.697266 0.273682 0.726563 0.097886 -0.034228 -0.326615
    51 1.748047 -0.000013 -0.000002 0.003526 -0.023385 -0.299307
    52 0.956684 0.000004 0.000002 0.003527 -0.023396 -0.299510
    53 -3.756462 5.577850 2.053357 1.570803 -0.000001 0.000000
    54 -2.735646 -0.081365 5.727119 0.000007 0.000015 1.570796
    55 0.000001 5.662003 -0.974302 1.570804 -0.000001 0.000000
    56 -0.000002 -2.275002 5.113525 0.000000 0.000000 -3.141592
    57 -2.477620 5.416855 4.597564 1.570804 -0.000001 0.000000
    58 -1.515218 1.317776 5.998497 0.000000 0.000000 0.000000
    59 -2.455992 5.657928 -0.087295 1.570804 -0.000001 0.000000
    60 -1.485628 -1.617812 5.263969 0.000000 0.000000 3.141592
    61 3.756460 5.577858 2.053359 1.570803 -0.000001 0.000000
    62 2.735645 -0.081364 5.727116 0.000004 -0.000011 -1.570795
    63 2.477613 5.416855 4.597570 1.570804 -0.000001 0.000000
    64 1.515220 1.317777 5.998508 0.000000 0.000000 0.000000
    65 2.455991 5.657928 -0.087293 1.570804 -0.000001 0.000000
    66 1.485620 -1.617803 5.263973 0.000000 0.000000 -3.141592
    67 4.575642 5.632584 0.000132 0.000000 -1.570771 0.249128
    68 -0.000001 0.314078 5.161098 0.000000 0.000000 0.000000
    69 -0.000001 -0.323108 3.750217 0.000000 0.000000 0.000000
    70 5.734947 1.075212 4.685178 1.570830 -0.000004 -1.321669
    71 -0.753896 0.305901 4.971462 -0.000001 0.000002 0.000000
    72 -1.101006 -0.314705 3.448307 0.000001 0.000001 0.000000
    73 5.809101 -1.029643 4.595047 1.570829 -0.000004 -1.321671
    74 -0.714908 -0.199657 5.028973 0.000000 0.000003 0.000000
    75 -0.282898 -0.851690 4.444889 0.000000 0.000000 0.000000
    76 9.578484 -1.290738 0.000240 0.000000 1.570770 -2.892481
    77 9.369518 -1.236408 1.787905 0.000000 1.570770 -2.892481
    78 9.436707 -1.331719 -1.409029 0.000000 1.570770 -2.892477
    79 5.735191 1.075235 -4.684885 -1.570814 0.000004 1.819923
    80 0.753901 0.305904 4.971474 -0.000001 -0.000002 0.000000
    81 1.101010 -0.314705 3.448315 0.000000 -0.000001 0.000000
    82 5.809341 -1.029617 -4.594752 -1.570814 0.000004 1.819922
    83 0.714908 -0.199655 5.028969 0.000000 -0.000003 0.000000
    84 0.282897 -0.851688 4.444893 0.000000 0.000000 0.000000
  time 15
    0 -36.235642 -36.231104 23.860305 1.888568 -0.026546 -0.068577
    1 3.983847 0.002149 0.003401 -1.906703 -1.020292 -0.936928
    2 15.938816 -0.000100 -0.000005 -0.000009 -0.000002 1.720076
    3 17.707025 -0.000068 0.000003 -0.364428 0.177393 -1.962437
    4 6.202515 0.003416 -0.000367 -0.007306 -0.002960 -0.584341
    5 -3.983848 0.002149 0.003395 0.424520 -1.149982 -3.510577
    6 15.938826 -0.000113 -0.000001 0.000002 0.000010 1.340726
    7 17.707031 0.000018 0.000000 0.057257 -0.076373 -1.404940
    8 6.202710 0.003078 0.003745 -0.081323 -0.002959 -0.584354
    9 -0.000001 4.209253 -1.688832 1.567391 -0.575139 1.581001
    10 3.836055 0.000000 0.000000 0.010319 0.003596 -0.066323
    11 3.617625 -0.000275 -0.000015 0.013771 -0.008325 0.373301
    12 7.537925 0.003588 -0.000212 0.017818 -0.035207 0.159164
    13 3.177734 0.000002 0.000000 3.137538 0.000823 0.400474
    14 2.966416 0.000318 0.000023 -0.155864 -0.040773 1.696482
    15 2.023438 0.907227 0.852539 1.947284 -1.223454 2.575829
    16 4.980521 0.000781 -0.001089 -1.985958 -0.745670 -0.709783
    17 11.119977 0.000007 0.000004 -0.000003 -0.000001 -1.819876
    18 11.205393 -0.000039 0.000000 1.679088 -0.315464 0.233857
    19 3.767608 0.148800 0.074041 0.089823 0.185396 -0.326372
    20 2.037109 -0.000002 -0.000002 0.003643 -0.024192 -0.299242
    21 1.063284 -0.000008 0.000000 0.003618 -0.024177 -0.299189
    22 3.783203 -0.017258 0.794434 0.548045 0.085960 -0.316569
    23 1.628906 0.000000 0.000000 0.012406 -0.085556 -0.288091
    24 0.955566 -0.000004 0.000001 0.012406 -0.085556 -0.288099
    25 1.258789 -0.297852 1.251953 -1.378796 -0.581086 -0.486791
    26 1.392578 0.000004 -0.000006 -0.000054 -0.000328 0.324626
    27 1.099609 -0.000002 -0.000004 0.000000 0.000000 0.000000
    28 3.548828 0.198730 -1.489258 -0.571800 0.100829 -0.256375
    29 1.218750 0.000003 0.000000 -0.009975 0.067698 -0.292690
    30 0.679688 0.000000 0.000000 -0.009971 0.067689 -0.292684
    31 3.697042 0.266204 -0.725138 -0.097568 0.031574 -0.326833
    32 1.748047 0.000000 -0.000002 -0.003161 0.020964 -0.299479
    33 0.959961 0.000006 0.000000 -0.003166 0.020972 -0.299671
    34 2.023438 0.907227 -0.852051 -2.069461 1.218897 2.524817
    35 4.981625 0.002227 0.003236 2.510079 0.349607 -0.701436
    36 11.119975 -0.000005 0.000000 0.000001 0.000002 -1.886500
    37 11.205375 0.000073 0.000008 -1.670806 0.314622 0.233832
    38 3.766600 0.148254 -0.075376 -0.089513 -0.188043 -0.324859
    39 2.037109 0.000000 -0.000002 -0.003278 0.021743 -0.299424
    40 1.066406 0.000002 0.000000 -0.003278 0.021741 -0.299428
    41 3.780812 -0.024988 -0.795569 -0.547791 -0.088513 -0.315894
    42 1.628906 0.000000 0.000000 -0.012095 0.083240 -0.288751
    43 0.955566 0.000000 0.000000 -0.012097 0.083232 -0.288761
    44 1.255143 -0.311021 -1.248832 1.375777 0.577169 -0.491573
    45 1.392578 -0.000001 0.000004 0.000349 0.002144 0.324620
    46 1.099609 0.000001 -0.000004 0.000000 0.000000 0.000000
    47 3.548828 0.211304 1.487305 0.571268 -0.102934 -0.255551
    48 1.218750 0.000005 0.000000 0.010274 -0.069873 -0.292190
    49 0.679688 0.000005 0.000000 0.010275 -0.069871 -0.292190
    50 3.697266 0.273682 0.726563 0.097886 -0.034228 -0.326615
    51 1.748047 -0.000013 -0.000002 0.003526 -0.023385 -0.299307
    52 0.956684 0.000004 0.000002 0.003527 -0.023396 -0.299510
    53 -3.756462 5.577850 2.053357 1.570803 -0.000001 0.000000
    54 -2.735646 -0.081365 5.727119 0.000007 0.000015 1.570796
    55 0.000001 5.662003 -0.974302 1.570804 -0.000001 0.000000
    56 -0.000002 -2.275002 5.113525 0.000000 0.000000 -3.141592
    57 -2.477620 5.416855 4.597564 1.570804 -0.000001 0.000000
    58 -1.515218 1.317776 5.998497 0.000000 0.000000 0.000000
    59 -2.455992 5.657928 -0.087295 1.570804 -0.000001 0.000000
    60 -1.485628 -1.617812 5.263969 0.000000 0.000000 3.141592
    61 3.756460 5.577858 2.053359 1.570803 -0.000001 0.000000
    62 2.735645 -0.081364 5.727116 0.000004 -0.000011 -1.570795
    63 2.477613 5.416855 4.597570 1.570804 -0.000001 0.000000
    64 1.515220 1.317777 5.998508 0.000000 0.000000 0.000000
    65 2.455991 5.657928 -0.087293 1.570804 -0.000001 0.000000
    66 1.485620 -1.617803 5.263973 0.000000 0.000000 -3.141592
    67 4.575642 5.632584 0.000132 0.000000 -1.570771 0.249128
    68 -0.000001 0.314078 5.161098 0.000000 0.000000 0.000000
    69 -0.000001 -0.323108 3.750217 0.000000 0.000000 0.000000
    70 5.734947 1.075212 4.685178 1.570830 -0.000004 -1.321669
    71 -0.753896 0.305901 4.971462 -0.000001 0.000002 0.000000
    72 -1.101006 -0.314705 3.448307 0.000001 0.000001 0.000000
    73 5.809101 -1.029643 4.595047 1.570829 -0.000004 -1.321671
    74 -0.714908 -0.199657 5.028973 0.000000 0.000003 0.000000
    75 -0.282898 -0.851690 4.444889 0.000000 0.000000 0.000000
    76 9.578484 -1.290738 0.000240 0.000000 1.570770 -2.892481
    77 9.369518 -1.236408 1.787905 0.000000 1.570770 -2.892481
    78 9.436707 -1.331719 -1.409029 0.000000 1.570770 -2.892477
    79 5.735191 1.075235 -4.684885 -1.570814 0.000004 1.819923
    80 0.753901 0.305904 4.971474 -0.000001 -0.000002 0.000000
    81 1.101010 -0.314705 3.448315 0.000000 -0.000001 0.000000
    82 5.809341 -1.029617 -4.594752 -1.570814 0.000004 1.819922
    83 0.714908 -0.199655 5.028969 0.000000 -0.000003 0.000000
    84 0.282897 -0.851688 4.444893 0.000000 0.000000 0.000000
  time 16
    0 -39.028142 -38.750160 24.043904 1.876296 -0.031783 -0.074583
    1 3.983847 0.002149 0.003401 -1.838017 -1.002181 -0.930043
    2 15.938816 -0.000100 -0.000005 -0.000009 -0.000002 1.787522
    3 17.707025 -0.000068 0.000003 -0.164186 0.191460 -1.470237
    4 6.202515 0.003416 -0.000367 -0.005616 -0.004566 -1.024138
    5 -3.983848 0.002149 0.003395 0.412483 -1.176176 -3.488469
    6 15.938826 -0.000113 -0.000001 0.000002 0.000010 1.427134
    7 17.707031 0.000018 0.000000 0.030623 -0.061401 -1.231856
    8 6.202710 0.003078 0.003745 -0.081323 -0.002959 -0.584354
    9 -0.000001 4.209253 -1.688832 1.571370 -0.575159 1.575345
    10 3.836055 0.000000 0.000000 0.011253 0.002949 -0.063747
    11 3.617625 -0.000275 -0.000015 0.014682 -0.010410 0.375568
    12 7.537925 0.003588 -0.000212 0.018226 -0.039414 0.158397
    13 3.177734 0.000002 0.000000 3.137538 0.000823 0.400474
    14 2.966416 0.000318 0.000023 -0.150267 -0.038592 1.694258
    15 2.023438 0.907227 0.852539 1.947284 -1.223454 2.575829
    16 4.980521 0.000781 -0.001089 -1.982656 -0.752855 -0.706710
    17 11.119977 0.000007 0.000004 -0.000003 -0.000001 -1.820162
    18 11.205393 -0.000039 0.000000 1.681105 -0.315427 0.234289
    19 3.767608 0.148800 0.074041 0.089823 0.185396 -0.326372
    20 2.037109 -0.000002 -0.000002 0.003643 -0.024192 -0.299242
    21 1.063284 -0.000008 0.000000 0.003618 -0.024177 -0.299189
    22 3.783203 -0.017258 0.794434 0.548045 0.085960 -0.316569
    23 1.628906 0.000000 0.000000 0.012406 -0.085556 -0.288091
    24 0.955566 -0.000004 0.000001 0.012406 -0.085556 -0.288099
    25 1.258789 -0.297852 1.251953 -1.378796 -0.581086 -0.486791
    26 1.392578 0.000004 -0.000006 -0.000054 -0.000328 0.324626
    27 1.099609 -0.000002 -0.000004 0.000000 0.000000 0.000000
    28 3.548828 0.198730 -1.489258 -0.571800 0.100829 -0.256375
    29 1.218750 0.000003 0.000000 -0.009975 0.067698 -0.292690
    30 0.679688 0.000000 0.000000 -0.009971 0.067689 -0.292684
    31 3.697042 0.266204 -0.725138 -0.097568 0.031574 -0.326833
    32 1.748047 0.000000 -0.000002 -0.003161 0.020964 -0.299479
    33 0.959961 0.000006 0.000000 -0.003166 0.020972 -0.299671
    34 2.023438 0.907227 -0.852051 -2.069461 1.218897 2.524817
    35 4.981625 0.002227 0.003236 2.517819 0.348425 -0.703258
    36 11.119975 -0.000005 0.000000 0.000001 0.000002 -1.885176
    37 11.205375 0.000073 0.000008 -1.668897 0.314789 0.233017
    38 3.766600 0.148254 -0.075376 -0.089513 -0.188055 -0.324859
    39 2.037109 0.000000 -0.000002 -0.003278 0.021743 -0.299424
    40 1.066406 0.000002 0.000000 -0.003278 0.021741 -0.299428
    41 3.780812 -0.024988 -0.795569 -0.547791 -0.088513 -0.315894
    42 1.628906 0.000000 0.000000 -0.012095 0.083240 -0.288751
    43 0.955566 0.000000 0.000000 -0.012097 0.083232 -0.288761
    44 1.255143 -0.311021 -1.248832 1.375777 0.577169 -0.491573
    45 1.392578 -0.000001 0.000004 0.000349 0.002144 0.324620
    46 1.099609 0.000001 -0.000004 0.000000 0.000000 0.000000
    47 3.548828 0.211304 1.487305 0.571268 -0.102934 -0.255551
    48 1.218750 0.000005 0.000000 0.010274 -0.069873 -0.292190
    49 0.679688 0.000005 0.000000 0.010275 -0.069871 -0.292190
    50 3.697266 0.273682 0.726563 0.097886 -0.034228 -0.326615
    51 1.748047 -0.000013 -0.000002 0.003526 -0.023385 -0.299307
    52 0.956684 0.000004 0.000002 0.003527 -0.023396 -0.299510
    53 -3.756462 5.577850 2.053357 1.570803 -0.000001 0.000000
    54 -2.735646 -0.081365 5.727119 0.000007 0.000015 1.570796
    55 0.000001 5.662003 -0.974302 1.570804 -0.000001 0.000000
    56 -0.000002 -2.275002 5.113525 0.000000 0.000000 -3.141592
    57 -2.477620 5.416855 4.597564 1.570804 -0.000001 0.000000
    58 -1.515218 1.317776 5.998497 0.000000 0.000000 0.000000
    59 -2.455992 5.657928 -0.087295 1.570804 -0.000001 0.000000
    60 -1.485628 -1.617812 5.263969 0.000000 0.000000 3.141592
    61 3.756460 5.577858 2.053359 1.570803 -0.000001 0.000000
    62 2.735645 -0.081364 5.727116 0.000004 -0.000011 -1.570795
    63 2.477613 5.416855 4.597570 1.570804 -0.000001 0.000000
    64 1.515220 1.317777 5.998508 0.000000 0.000000 0.000000
    65 2.455991 5.657928 -0.087293 1.570804 -0.000001 0.000000
    66 1.485620 -1.617803 5.263973 0.000000 0.000000 -3.141592
    67 4.575642 5.632584 0.000132 0.000000 -1.570771 0.249128
    68 -0.000001 0.314078 5.161098 0.000000 0.000000 0.000000
    69 -0.000001 -0.323108 3.750217 0.000000 0.000000 0.000000
    70 5.734947 1.075212 4.685178 1.570830 -0.000004 -1.321669
    71 -0.753896 0.305901 4.971462 -0.000001 0.000002 0.000000
    72 -1.101006 -0.314705 3.448307 0.000001 0.000001 0.000000
    73 5.809101 -1.029643 4.595047 1.570829 -0.000004 -1.321671
    74 -0.714908 -0.199657 5.028973 0.000000 0.000003 0.000000
    75 -0.282898 -0.851690 4.444889 0.000000 0.000000 0.000000
    76 9.578484 -1.290738 0.000240 0.000000 1.570770 -2.892481
    77 9.369518 -1.236408 1.787905 0.000000 1.570770 -2.892481
    78 9.436707 -1.331719 -1.409029 0.000000 1.570770 -2.892477
    79 5.735191 1.075235 -4.684885 -1.570814 0.000004 1.819923
    80 0.753901 0.305904 4.971474 -0.000001 -0.000002 0.000000
    81 1.101010 -0.314705 3.448315 0.000000 -0.000001 0.000000
    82 5.809341 -1.029617 -4.594752 -1.570814 0.000004 1.819922
    83 0.714908 -0.199655 5.028969 0.000000 -0.000003 0.000000
    84 0.282897 -0.851688 4.444893 0.000000 0.000000 0.000000
  time 17
    0 -41.824548 -41.292654 24.016560 1.862778 -0.038015 -0.080654
    1 3.983847 0.002149 0.003401 -1.782062 -1.006497 -0.932726
    2 15.938816 -0.000100 -0.000005 -0.000009 -0.000002 1.852418
    3 17.707025 -0.000068 0.000003 0.018931 0.160314 -1.067581
    4 6.202515 0.003416 -0.000367 -0.003423 -0.005309 -1.463969
    5 -3.983848 0.002149 0.003395 0.394617 -1.206750 -3.458023
    6 15.938826 -0.000113 -0.000001 0.000002 0.000010 1.526453
    7 17.707031 0.000018 0.000000 0.011718 -0.033508 -1.116337
    8 6.202710 0.003078 0.003745 -0.081323 -0.002959 -0.584354
    9 -0.000001 4.209253 -1.688832 1.575828 -0.575159 1.569113
    10 3.836055 0.000000 0.000000 0.012272 0.001787 -0.060954
    11 3.617625 -0.000275 -0.000015 0.015712 -0.012963 0.378187
    12 7.537925 0.003588 -0.000212 0.018681 -0.043500 0.157822
    13 3.177734 0.000002 0.000000 3.137538 0.000823 0.400474
    14 2.966416 0.000318 0.000023 -0.145509 -0.036243 1.692261
    15 2.023438 0.907227 0.852539 1.947284 -1.223454 2.575829
    16 4.980521 0.000781 -0.001089 -1.979766 -0.760749 -0.702414
    17 11.119977 0.000007 0.000004 -0.000003 -0.000001 -1.820562
    18 11.205393 -0.000039 0.000000 1.683362 -0.315391 0.234720
    19 3.767608 0.148800 0.074041 0.089823 0.185396 -0.326372
    20 2.037109 -0.000002 -0.000002 0.003643 -0.024192 -0.299242
    21 1.063284 -0.000008 0.000000 0.003618 -0.024177 -0.299189
    22 3.783203 -0.017258 0.794434 0.548045 0.085960 -0.316569
    23 1.628906 0.000000 0.000000 0.012406 -0.085556 -0.288091
    24 0.955566 -0.000004 0.000001 0.012406 -0.085556 -0.288099
    25 1.258789 -0.297852 1.251953 -1.378796 -0.581086 -0.486791
    26 1.392578 0.000004 -0.000006 -0.000054 -0.000328 0.324626
    27 1.099609 -0.000002 -0.000004 0.000000 0.000000 0.000000
    28 3.548828 0.198730 -1.489258 -0.571800 0.100829 -0.256375
    29 1.218750 0.000003 0.000000 -0.009975 0.067698 -0.292690
    30 0.679688 0.000000 0.000000 -0.009971 0.067689 -0.292684
    31 3.697042 0.266204 -0.725138 -0.097544 0.031574 -0.326833
    32 1.748047 0.000000 -0.000002 -0.003161 0.020964 -0.299479
    33 0.959961 0.000006 0.000000 -0.003166 0.020972 -0.299671
    34 2.023438 0.907227 -0.852051 -2.069461 1.218897 2.524817
    35 4.981625 0.002227 0.003236 2.526435 0.347738 -0.705550
    36 11.119975 -0.000005 0.000000 0.000001 0.000002 -1.883789
    37 11.205375 0.000073 0.000008 -1.666941 0.314993 0.232142
    38 3.766600 0.148254 -0.075376 -0.089513 -0.188043 -0.324859
    39 2.037109 0.000000 -0.000002 -0.003278 0.021743 -0.299424
    40 1.066406 0.000002 0.000000 -0.003278 0.021741 -0.299428
    41 3.780812 -0.024988 -0.795569 -0.547791 -0.088513 -0.315894
    42 1.628906 0.000000 0.000000 -0.012095 0.083240 -0.288751
    43 0.955566 0.000000 0.000000 -0.012097 0.083232 -0.288761
    44 1.255143 -0.311021 -1.248832 1.375777 0.577169 -0.491573
    45 1.392578 -0.000001 0.000004 0.000349 0.002144 0.324620
    46 1.099609 0.000001 -0.000004 0.000000 0.000000 0.000000
    47 3.548828 0.211304 1.487305 0.571268 -0.102934 -0.255551
    48 1.218750 0.000005 0.000000 0.010274 -0.069873 -0.292190
    49 0.679688 0.000005 0.000000 0.010275 -0.069871 -0.292190
    50 3.697266 0.273682 0.726563 0.097886 -0.034228 -0.326615
    51 1.748047 -0.000013 -0.000002 0.003526 -0.023385 -0.299307
    52 0.956684 0.000004 0.000002 0.003527 -0.023396 -0.299497
    53 -3.756462 5.577850 2.053357 1.570803 -0.000001 0.000000
    54 -2.735646 -0.081365 5.727119 0.000007 0.000015 1.570796
    55 0.000001 5.662003 -0.974302 1.570804 -0.000001 0.000000
    56 -0.000002 -2.275002 5.113525 0.000000 0.000000 -3.141592
    57 -2.477620 5.416855 4.597564 1.570804 -0.000001 0.000000
    58 -1.515218 1.317776 5.998497 0.000000 0.000000 0.000000
    59 -2.455992 5.657928 -0.087295 1.570804 -0.000001 0.000000
    60 -1.485628 -1.617812 5.263969 0.000000 0.000000 3.141592
    61 3.756460 5.577858 2.053359 1.570803 -0.000001 0.000000
    62 2.735645 -0.081364 5.727116 0.000004 -0.000011 -1.570795
    63 2.477613 5.416855 4.597570 1.570804 -0.000001 0.000000
    64 1.515220 1.317777 5.998508 0.000000 0.000000 0.000000
    65 2.455991 5.657928 -0.087293 1.570804 -0.000001 0.000000
    66 1.485620 -1.617803 5.263973 0.000000 0.000000 -3.141592
    67 4.575642 5.632584 0.000132 0.000000 -1.570771 0.249128
    68 -0.000001 0.314078 5.161098 0.000000 0.000000 0.000000
    69 -0.000001 -0.323108 3.750217 0.000000 0.000000 0.000000
    70 5.734947 1.075212 4.685178 1.570830 -0.000004 -1.321669
    71 -0.753896 0.305901 4.971462 -0.000001 0.000002 0.000000
    72 -1.101006 -0.314705 3.448307 0.000001 0.000001 0.000000
    73 5.809101 -1.029643 4.595047 1.570829 -0.000004 -1.321671
    74 -0.714908 -0.199657 5.028973 0.000000 0.000003 0.000000
    75 -0.282898 -0.851690 4.444889 0.000000 0.000000 0.000000
    76 9.578484 -1.290738 0.000240 0.000000 1.570770 -2.892481
    77 9.369518 -1.236408 1.787905 0.000000 1.570770 -2.892481
    78 9.436707 -1.331719 -1.409029 0.000000 1.570770 -2.892477
    79 5.735191 1.075235 -4.684885 -1.570814 0.000004 1.819923
    80 0.753901 0.305904 4.971474 -0.000001 -0.000002 0.000000
    81 1.101010 -0.314705 3.448315 0.000000 -0.000001 0.000000
    82 5.809341 -1.029617 -4.594752 -1.570814 0.000004 1.819922
    83 0.714908 -0.199655 5.028969 0.000000 -0.000003 0.000000
    84 0.282897 -0.851688 4.444893 0.000000 0.000000 0.000000
  time 18
    0 -44.538921 -43.799991 23.821241 1.841926 -0.049041 -0.087747
    1 3.983847 0.002149 0.003401 -1.744536 -1.071823 -0.977518
    2 15.938816 -0.000100 -0.000005 -0.000009 -0.000002 1.910048
    3 17.707025 -0.000068 0.000003 0.169972 0.173765 -0.846796
    4 6.202515 0.003416 -0.000367 -0.002812 -0.005345 -1.577427
    5 -3.983848 0.002149 0.003395 0.346276 -1.262015 -3.382988
    6 15.938826 -0.000113 -0.000001 0.000002 0.000010 1.696057
    7 17.707031 0.000018 0.000000 -0.019540 0.015406 -1.312707
    8 6.202710 0.003078 0.003745 -0.081323 -0.002959 -0.584354
    9 -0.000001 4.209253 -1.688832 1.582347 -0.575139 1.559046
    10 3.836055 0.000000 0.000000 0.013878 -0.002288 -0.056724
    11 3.617625 -0.000275 -0.000015 0.017666 -0.018260 0.382594
    12 7.537925 0.003588 -0.000212 0.019592 -0.046844 0.158337
    13 3.177734 0.000002 0.000000 3.137538 0.000823 0.400474
    14 2.966416 0.000318 0.000023 -0.145461 -0.033283 1.691308
    15 2.023438 0.907227 0.852539 1.947284 -1.223454 2.575829
    16 4.980521 0.000781 -0.001089 -1.979405 -0.772287 -0.691773
    17 11.119977 0.000007 0.000004 -0.000003 -0.000001 -1.821020
    18 11.205393 -0.000039 0.000000 1.686435 -0.315318 0.235236
    19 3.767608 0.148800 0.074041 0.089823 0.185396 -0.326372
    20 2.037109 -0.000002 -0.000002 0.003643 -0.024192 -0.299242
    21 1.063284 -0.000008 0.000000 0.003618 -0.024177 -0.299189
    22 3.783203 -0.017258 0.794434 0.548045 0.085960 -0.316569
    23 1.628906 0.000000 0.000000 0.012406 -0.085556 -0.288091
    24 0.955566 -0.000004 0.000001 0.012406 -0.085556 -0.288099
    25 1.258789 -0.297852 1.251953 -1.378796 -0.581086 -0.486791
    26 1.392578 0.000004 -0.000006 -0.000054 -0.000328 0.324626
    27 1.099609 -0.000002 -0.000004 0.000000 0.000000 0.000000
    28 3.548828 0.198730 -1.489258 -0.571800 0.100829 -0.256375
    29 1.218750 0.000003 0.000000 -0.009975 0.067698 -0.292690
    30 0.679688 0.000000 0.000000 -0.009971 0.067689 -0.292684
    31 3.697042 0.266204 -0.725138 -0.097568 0.031574 -0.326833
    32 1.748047 0.000000 -0.000002 -0.003161 0.020964 -0.299479
    33 0.959961 0.000006 0.000000 -0.003166 0.020972 -0.299671
    34 2.023438 0.907227 -0.852051 -2.069461 1.218897 2.524817
    35 4.981625 0.002227 0.003236 2.539644 0.349937 -0.709575
    36 11.119975 -0.000005 0.000000 0.000001 0.000002 -1.881834
    37 11.205375 0.000073 0.000008 -1.664268 0.315197 0.230859
    38 3.766600 0.148254 -0.075376 -0.089513 -0.188043 -0.324859
    39 2.037109 0.000000 -0.000002 -0.003278 0.021743 -0.299424
    40 1.066406 0.000002 0.000000 -0.003278 0.021741 -0.299428
    41 3.780812 -0.024988 -0.795569 -0.547791 -0.088525 -0.315894
    42 1.628906 0.000000 0.000000 -0.012095 0.083240 -0.288751
    43 0.955566 0.000000 0.000000 -0.012097 0.083232 -0.288761
    44 1.255143 -0.311021 -1.248832 1.375777 0.577169 -0.491573
    45 1.392578 -0.000001 0.000004 0.000349 0.002144 0.324620
    46 1.099609 0.000001 -0.000004 0.000000 0.000000 0.000000
    47 3.548828 0.211304 1.487305 0.571268 -0.102934 -0.255551
    48 1.218750 0.000005 0.000000 0.010274 -0.069873 -0.292190
    49 0.679688 0.000005 0.000000 0.010275 -0.069871 -0.292190
    50 3.697266 0.273682 0.726563 0.097886 -0.034228 -0.326615
    51 1.748047 -0.000013 -0.000002 0.003526 -0.023385 -0.299307
    52 0.956684 0.000004 0.000002 0.003527 -0.023396 -0.299497
    53 -3.756462 5.577850 2.053357 1.570803 -0.000001 0.000000
    54 -2.735646 -0.081365 5.727119 0.000007 0.000015 1.570796
    55 0.000001 5.662003 -0.974302 1.570804 -0.000001 0.000000
    56 -0.000002 -2.275002 5.113525 0.000000 0.000000 -3.141592
    57 -2.477620 5.416855 4.597564 1.570804 -0.000001 0.000000
    58 -1.515218 1.317776 5.998497 0.000000 0.000000 0.000000
    59 -2.455992 5.657928 -0.087295 1.570804 -0.000001 0.000000
    60 -1.485628 -1.617812 5.263969 0.000000 0.000000 3.141592
    61 3.756460 5.577858 2.053359 1.570803 -0.000001 0.000000
    62 2.735645 -0.081364 5.727116 0.000004 -0.000011 -1.570795
    63 2.477613 5.416855 4.597570 1.570804 -0.000001 0.000000
    64 1.515220 1.317777 5.998508 0.000000 0.000000 0.000000
    65 2.455991 5.657928 -0.087293 1.570804 -0.000001 0.000000
    66 1.485620 -1.617803 5.263973 0.000000 0.000000 -3.141592
    67 4.575642 5.632584 0.000132 0.000000 -1.570771 0.249128
    68 -0.000001 0.314078 5.161098 0.000000 0.000000 0.000000
    69 -0.000001 -0.323108 3.750217 0.000000 0.000000 0.000000
    70 5.734947 1.075212 4.685178 1.570830 -0.000004 -1.321669
    71 -0.753896 0.305901 4.971462 -0.000001 0.000002 0.000000
    72 -1.101006 -0.314705 3.448307 0.000001 0.000001 0.000000
    73 5.809101 -1.029643 4.595047 1.570829 -0.000004 -1.321671
    74 -0.714908 -0.199657 5.028973 0.000000 0.000003 0.000000
    75 -0.282898 -0.851690 4.444889 0.000000 0.000000 0.000000
    76 9.578484 -1.290738 0.000240 0.000000 1.570770 -2.892481
    77 9.369518 -1.236408 1.787905 0.000000 1.570770 -2.892481
    78 9.436707 -1.331719 -1.409029 0.000000 1.570770 -2.892477
    79 5.735191 1.075235 -4.684885 -1.570814 0.000004 1.819923
    80 0.753901 0.305904 4.971474 -0.000001 -0.000002 0.000000
    81 1.101010 -0.314705 3.448315 0.000000 -0.000001 0.000000
    82 5.809341 -1.029617 -4.594752 -1.570814 0.000004 1.819922
    83 0.714908 -0.199655 5.028969 0.000000 -0.000003 0.000000
    84 0.282897 -0.851688 4.444893 0.000000 0.000000 0.000000
  time 19
    0 -47.112664 -46.205762 23.532170 1.823230 -0.056112 -0.093945
    1 3.983847 0.002149 0.003401 -1.732661 -1.166253 -1.027227
    2 15.938816 -0.000100 -0.000005 -0.000009 -0.000002 1.964808
    3 17.707025 -0.000068 0.000003 0.258571 0.220039 -0.832142
    4 6.202515 0.003416 -0.000367 -0.002212 -0.005297 -1.690920
    5 -3.983848 0.002149 0.003395 0.164088 -1.318182 -3.154790
    6 15.938826 -0.000113 -0.000001 0.000002 0.000010 1.819812
    7 17.707031 0.000018 0.000000 -0.063152 0.060913 -1.497109
    8 6.202710 0.003078 0.003745 -0.081323 -0.002959 -0.584354
    9 -0.000001 4.209253 -1.688832 1.583354 -0.575119 1.557225
    10 3.836055 0.000000 0.000000 0.015664 -0.008352 -0.052529
    11 3.617625 -0.000275 -0.000015 0.019991 -0.025247 0.387099
    12 7.537925 0.003588 -0.000212 0.020611 -0.049301 0.159440
    13 3.177734 0.000002 0.000000 3.137538 0.000823 0.400474
    14 2.966416 0.000318 0.000023 -0.148242 -0.028956 1.692715
    15 2.023438 0.907227 0.852539 1.947284 -1.223454 2.575829
    16 4.980521 0.000781 -0.001089 -1.982914 -0.782036 -0.674217
    17 11.119977 0.000007 0.000004 -0.000003 -0.000001 -1.821020
    18 11.205393 -0.000039 0.000000 1.686915 -0.315318 0.235283
    19 3.767608 0.148800 0.074041 0.089823 0.185396 -0.326372
    20 2.037109 -0.000002 -0.000002 0.003643 -0.024192 -0.299242
    21 1.063284 -0.000008 0.000000 0.003618 -0.024177 -0.299189
    22 3.783203 -0.017258 0.794434 0.548045 0.085960 -0.316569
    23 1.628906 0.000000 0.000000 0.012406 -0.085556 -0.288091
    24 0.955566 -0.000004 0.000001 0.012406 -0.085556 -0.288099
    25 1.258789 -0.297852 1.251953 -1.378796 -0.581086 -0.486791
    26 1.392578 0.000004 -0.000006 -0.000054 -0.000328 0.324626
    27 1.099609 -0.000002 -0.000004 0.000000 0.000000 0.000000
    28 3.548828 0.198730 -1.489258 -0.571800 0.100829 -0.256375
    29 1.218750 0.000003 0.000000 -0.009975 0.067698 -0.292690
    30 0.679688 0.000000 0.000000 -0.009971 0.067689 -0.292684
    31 3.697042 0.266204 -0.725138 -0.097568 0.031574 -0.326833
    32 1.748047 0.000000 -0.000002 -0.003161 0.020964 -0.299479
    33 0.959961 0.000006 0.000000 -0.003166 0.020972 -0.299671
    34 2.023438 0.907227 -0.852051 -2.069461 1.218897 2.524817
    35 4.981625 0.002227 0.003236 2.552234 0.355708 -0.717420
    36 11.119975 -0.000005 0.000000 0.000001 0.000002 -1.881455
    37 11.205375 0.000073 0.000008 -1.663887 0.315233 0.230692
    38 3.766600 0.148254 -0.075376 -0.089513 -0.188043 -0.324859
    39 2.037109 0.000000 -0.000002 -0.003278 0.021743 -0.299424
    40 1.066406 0.000002 0.000000 -0.003278 0.021741 -0.299428
    41 3.780812 -0.024988 -0.795569 -0.547791 -0.088513 -0.315894
    42 1.628906 0.000000 0.000000 -0.012095 0.083240 -0.288751
    43 0.955566 0.000000 0.000000 -0.012097 0.083232 -0.288761
    44 1.255143 -0.311021 -1.248832 1.375777 0.577169 -0.491573
    45 1.392578 -0.000001 0.000004 0.000349 0.002144 0.324620
    46 1.099609 0.000001 -0.000004 0.000000 0.000000 0.000000
    47 3.548828 0.211304 1.487305 0.571268 -0.102934 -0.255551
    48 1.218750 0.000005 0.000000 0.010274 -0.069873 -0.292190
    49 0.679688 0.000005 0.000000 0.010275 -0.069871 -0.292190
    50 3.697266 0.273682 0.726563 0.097886 -0.034228 -0.326615
    51 1.748047 -0.000013 -0.000002 0.003526 -0.023385 -0.299307
    52 0.956684 0.000004 0.000002 0.003527 -0.023396 -0.299497
    53 -3.756462 5.577850 2.053357 1.570803 -0.000001 0.000000
    54 -2.735646 -0.081365 5.727119 0.000007 0.000015 1.570796
    55 0.000001 5.662003 -0.974302 1.570804 -0.000001 0.000000
    56 -0.000002 -2.275002 5.113525 0.000000 0.000000 -3.141592
    57 -2.477620 5.416855 4.597564 1.570804 -0.000001 0.000000
    58 -1.515218 1.317776 5.998497 0.000000 0.000000 0.000000
    59 -2.455992 5.657928 -0.087295 1.570804 -0.000001 0.000000
    60 -1.485628 -1.617812 5.263969 0.000000 0.000000 3.141592
    61 3.756460 5.577858 2.053359 1.570803 -0.000001 0.000000
    62 2.735645 -0.081364 5.727116 0.000004 -0.000011 -1.570795
    63 2.477613 5.416855 4.597570 1.570804 -0.000001 0.000000
    64 1.515220 1.317777 5.998508 0.000000 0.000000 0.000000
    65 2.455991 5.657928 -0.087293 1.570804 -0.000001 0.000000
    66 1.485620 -1.617803 5.263973 0.000000 0.000000 -3.141592
    67 4.575642 5.632584 0.000132 0.000000 -1.570771 0.249128
    68 -0.000001 0.314078 5.161098 0.000000 0.000000 0.000000
    69 -0.000001 -0.323108 3.750217 0.000000 0.000000 0.000000
    70 5.734947 1.075212 4.685178 1.570830 -0.000004 -1.321669
    71 -0.753896 0.305901 4.971462 -0.000001 0.000002 0.000000
    72 -1.101006 -0.314705 3.448307 0.000001 0.000001 0.000000
    73 5.809101 -1.029643 4.595047 1.570829 -0.000004 -1.321671
    74 -0.714908 -0.199657 5.028973 0.000000 0.000003 0.000000
    75 -0.282898 -0.851690 4.444889 0.000000 0.000000 0.000000
    76 9.578484 -1.290738 0.000240 0.000000 1.570770 -2.892481
    77 9.369518 -1.236408 1.787905 0.000000 1.570770 -2.892481
    78 9.436707 -1.331719 -1.409029 0.000000 1.570770 -2.892477
    79 5.735191 1.075235 -4.684885 -1.570814 0.000004 1.819923
    80 0.753901 0.305904 4.971474 -0.000001 -0.000002 0.000000
    81 1.101010 -0.314705 3.448315 0.000000 -0.000001 0.000000
    82 5.809341 -1.029617 -4.594752 -1.570814 0.000004 1.819922
    83 0.714908 -0.199655 5.028969 0.000000 -0.000003 0.000000
    84 0.282897 -0.851688 4.444893 0.000000 0.000000 0.000000
  time 20
    0 -49.510621 -48.478716 23.223567 1.811198 -0.065616 -0.101357
    1 3.983847 0.002149 0.003401 -1.846187 -1.298240 -1.028390
    2 15.938816 -0.000100 -0.000005 -0.000009 -0.000002 2.013321
    3 17.707025 -0.000068 0.000003 0.095773 0.267797 -1.519276
    4 6.202515 0.003416 -0.000367 -0.005101 -0.004842 -1.137596
    5 -3.983848 0.002149 0.003395 -0.188251 -1.349229 -2.748979
    6 15.938826 -0.000113 -0.000001 0.000002 0.000010 1.902189
    7 17.707031 0.000018 0.000000 -0.116489 0.097585 -1.668280
    8 6.202710 0.003078 0.003745 -0.081323 -0.002959 -0.584354
    9 -0.000001 4.209253 -1.688832 1.583210 -0.575119 1.556745
    10 3.836055 0.000000 0.000000 0.017641 -0.015819 -0.049054
    11 3.617625 -0.000275 -0.000015 0.022543 -0.033373 0.391041
    12 7.537925 0.003588 -0.000212 0.021426 -0.050967 0.160854
    13 3.177734 0.000002 0.000000 3.137538 0.000823 0.400474
    14 2.966416 0.000318 0.000023 -0.152628 -0.023683 1.696709
    15 2.023438 0.907227 0.852539 1.947284 -1.223454 2.575829
    16 4.980521 0.000781 -0.001089 -1.987610 -0.789626 -0.653362
    17 11.119977 0.000007 0.000004 -0.000003 -0.000001 -1.821020
    18 11.205393 -0.000039 0.000000 1.686531 -0.315318 0.235236
    19 3.767608 0.148800 0.074041 0.089823 0.185396 -0.326372
    20 2.037109 -0.000002 -0.000002 0.003643 -0.024192 -0.299242
    21 1.063284 -0.000008 0.000000 0.003618 -0.024177 -0.299189
    22 3.783203 -0.017258 0.794434 0.548045 0.085960 -0.316569
    23 1.628906 0.000000 0.000000 0.012406 -0.085556 -0.288091
    24 0.955566 -0.000004 0.000001 0.012406 -0.085556 -0.288099
    25 1.258789 -0.297852 1.251953 -1.378796 -0.581086 -0.486791
    26 1.392578 0.000004 -0.000006 -0.000054 -0.000328 0.324626
    27 1.099609 -0.000002 -0.000004 0.000000 0.000000 0.000000
    28 3.548828 0.198730 -1.489258 -0.571800 0.100829 -0.256375
    29 1.218750 0.000003 0.000000 -0.009975 0.067698 -0.292690
    30 0.679688 0.000000 0.000000 -0.009971 0.067689 -0.292684
    31 3.697042 0.266204 -0.725138 -0.097568 0.031574 -0.326833
    32 1.748047 0.000000 -0.000002 -0.003161 0.020964 -0.299479
    33 0.959961 0.000006 0.000000 -0.003166 0.020972 -0.299671
    34 2.023438 0.907227 -0.852051 -2.069461 1.218897 2.524817
    35 4.981625 0.002227 0.003236 2.563430 0.363045 -0.728115
    36 11.119975 -0.000005 0.000000 0.000001 0.000002 -1.881645
    37 11.205375 0.000073 0.000008 -1.664173 0.315197 0.230859
    38 3.766600 0.148254 -0.075376 -0.089513 -0.188043 -0.324859
    39 2.037109 0.000000 -0.000002 -0.003278 0.021743 -0.299424
    40 1.066406 0.000002 0.000000 -0.003278 0.021741 -0.299428
    41 3.780812 -0.024988 -0.795569 -0.547791 -0.088525 -0.315894
    42 1.628906 0.000000 0.000000 -0.012095 0.083240 -0.288751
    43 0.955566 0.000000 0.000000 -0.012097 0.083232 -0.288761
    44 1.255143 -0.311021 -1.248832 1.375777 0.577169 -0.491573
    45 1.392578 -0.000001 0.000004 0.000349 0.002144 0.324620
    46 1.099609 0.000001 -0.000004 0.000000 0.000000 0.000000
    47 3.548828 0.211304 1.487305 0.571268 -0.102934 -0.255551
    48 1.218750 0.000005 0.000000 0.010274 -0.069873 -0.292190
    49 0.679688 0.000005 0.000000 0.010275 -0.069871 -0.292190
    50 3.697266 0.273682 0.726563 0.097886 -0.034228 -0.326615
    51 1.748047 -0.000013 -0.000002 0.003526 -0.023385 -0.299307
    52 0.956684 0.000004 0.000002 0.003527 -0.023396 -0.299497
    53 -3.756462 5.577850 2.053357 1.570803 -0.000001 0.000000
    54 -2.735646 -0.081365 5.727119 0.000007 0.000015 1.570796
    55 0.000001 5.662003 -0.974302 1.570804 -0.000001 0.000000
    56 -0.000002 -2.275002 5.113525 0.000000 0.000000 -3.141592
    57 -2.477620 5.416855 4.597564 1.570804 -0.000001 0.000000
    58 -1.515218 1.317776 5.998497 0.000000 0.000000 0.000000
    59 -2.455992 5.657928 -0.087295 1.570804 -0.000001 0.000000
    60 -1.485628 -1.617812 5.263969 0.000000 0.000000 3.141592
    61 3.756460 5.577858 2.053359 1.570803 -0.000001 0.000000
    62 2.735645 -0.081364 5.727116 0.000004 -0.000011 -1.570795
    63 2.477613 5.416855 4.597570 1.570804 -0.000001 0.000000
    64 1.515220 1.317777 5.998508 0.000000 0.000000 0.000000
    65 2.455991 5.657928 -0.087293 1.570804 -0.000001 0.000000
    66 1.485620 -1.617803 5.263973 0.000000 0.000000 -3.141592
    67 4.575642 5.632584 0.000132 0.000000 -1.570771 0.249128
    68 -0.000001 0.314078 5.161098 0.000000 0.000000 0.000000
    69 -0.000001 -0.323108 3.750217 0.000000 0.000000 0.000000
    70 5.734947 1.075212 4.685178 1.570830 -0.000004 -1.321669
    71 -0.753896 0.305901 4.971462 -0.000001 0.000002 0.000000
    72 -1.101006 -0.314705 3.448307 0.000001 0.000001 0.000000
    73 5.809101 -1.029643 4.595047 1.570829 -0.000004 -1.321671
    74 -0.714908 -0.199657 5.028973 0.000000 0.000003 0.000000
    75 -0.282898 -0.851690 4.444889 0.000000 0.000000 0.000000
    76 9.578484 -1.290738 0.000240 0.000000 1.570770 -2.892481
    77 9.369518 -1.236408 1.787905 0.000000 1.570770 -2.892481
    78 9.436707 -1.331719 -1.409029 0.000000 1.570770 -2.892477
    79 5.735191 1.075235 -4.684885 -1.570814 0.000004 1.819923
    80 0.753901 0.305904 4.971474 -0.000001 -0.000002 0.000000
    81 1.101010 -0.314705 3.448315 0.000000 -0.000001 0.000000
    82 5.809341 -1.029617 -4.594752 -1.570814 0.000004 1.819922
    83 0.714908 -0.199655 5.028969 0.000000 -0.000003 0.000000
    84 0.282897 -0.851688 4.444893 0.000000 0.000000 0.000000
  time 21
    0 -51.752323 -50.681356 22.977466 1.806980 -0.072543 -0.108258
    1 3.983847 0.002149 0.003401 -2.228853 -1.429427 -0.822131
    2 15.938816 -0.000100 -0.000005 -0.000009 -0.000002 1.972203
    3 17.707025 -0.000068 0.000003 0.116643 0.259862 -1.477487
    4 6.202515 0.003416 -0.000367 -0.005748 -0.004494 -0.999256
    5 -3.983848 0.002149 0.003395 -0.631254 -1.329390 -2.246587
    6 15.938826 -0.000113 -0.000001 0.000002 0.000010 1.941614
    7 17.707031 0.000018 0.000000 -0.173452 0.123908 -1.823236
    8 6.202710 0.003078 0.003745 -0.081323 -0.002959 -0.584354
    9 -0.000001 4.209253 -1.688832 1.579663 -0.575139 1.561443
    10 3.836055 0.000000 0.000000 0.019978 -0.023896 -0.046477
    11 3.617625 -0.000275 -0.000015 0.025336 -0.041954 0.394040
    12 7.537925 0.003588 -0.000212 0.021713 -0.052069 0.162280
    13 3.177734 0.000002 0.000000 3.137538 0.000823 0.400474
    14 2.966416 0.000318 0.000023 -0.157805 -0.018697 1.702745
    15 2.023438 0.907227 0.852539 1.947284 -1.223454 2.575829
    16 4.980521 0.000781 -0.001089 -1.993080 -0.794282 -0.630486
    17 11.119977 0.000007 0.000004 -0.000003 -0.000001 -1.820791
    18 11.205393 -0.000039 0.000000 1.684707 -0.315354 0.234948
    19 3.767608 0.148800 0.074041 0.089811 0.185396 -0.326372
    20 2.037109 -0.000002 -0.000002 0.003643 -0.024192 -0.299242
    21 1.063284 -0.000008 0.000000 0.003618 -0.024177 -0.299189
    22 3.783203 -0.017258 0.794434 0.548045 0.085960 -0.316569
    23 1.628906 0.000000 0.000000 0.012406 -0.085556 -0.288091
    24 0.955566 -0.000004 0.000001 0.012406 -0.085556 -0.288099
    25 1.258789 -0.297852 1.251953 -1.378796 -0.581086 -0.486791
    26 1.392578 0.000004 -0.000006 -0.000054 -0.000328 0.324626
    27 1.099609 -0.000002 -0.000004 0.000000 0.000000 0.000000
    28 3.548828 0.198730 -1.489258 -0.571800 0.100829 -0.256375
    29 1.218750 0.000003 0.000000 -0.009975 0.067698 -0.292690
    30 0.679688 0.000000 0.000000 -0.009971 0.067689 -0.292684
    31 3.697042 0.266204 -0.725138 -0.097568 0.031574 -0.326833
    32 1.748047 0.000000 -0.000002 -0.003161 0.020964 -0.299479
    33 0.959961 0.000006 0.000000 -0.003166 0.020972 -0.299671
    34 2.023438 0.907227 -0.852051 -2.069461 1.218897 2.524817
    35 4.981625 0.002227 0.003236 2.572202 0.371345 -0.741424
    36 11.119975 -0.000005 0.000000 0.000001 0.000002 -1.882780
    37 11.205375 0.000073 0.000008 -1.665748 0.315077 0.231555
    38 3.766600 0.148254 -0.075376 -0.089513 -0.188043 -0.324859
    39 2.037109 0.000000 -0.000002 -0.003278 0.021743 -0.299424
    40 1.066406 0.000002 0.000000 -0.003278 0.021741 -0.299428
    41 3.780812 -0.024988 -0.795569 -0.547791 -0.088513 -0.315894
    42 1.628906 0.000000 0.000000 -0.012095 0.083240 -0.288751
    43 0.955566 0.000000 0.000000 -0.012097 0.083232 -0.288761
    44 1.255143 -0.311021 -1.248832 1.375777 0.577169 -0.491573
    45 1.392578 -0.000001 0.000004 0.000349 0.002144 0.324620
    46 1.099609 0.000001 -0.000004 0.000000 0.000000 0.000000
    47 3.548828 0.211304 1.487305 0.571268 -0.102934 -0.255551
    48 1.218750 0.000005 0.000000 0.010274 -0.069873 -0.292190
    49 0.679688 0.000005 0.000000 0.010275 -0.069871 -0.292190
    50 3.697266 0.273682 0.726563 0.097886 -0.034228 -0.326615
    51 1.748047 -0.000013 -0.000002 0.003526 -0.023385 -0.299307
    52 0.956684 0.000004 0.000002 0.003527 -0.023396 -0.299497
    53 -3.756462 5.577850 2.053357 1.570803 -0.000001 0.000000
    54 -2.735646 -0.081365 5.727119 0.000007 0.000015 1.570796
    55 0.000001 5.662003 -0.974302 1.570804 -0.000001 0.000000
    56 -0.000002 -2.275002 5.113525 0.000000 0.000000 -3.141592
    57 -2.477620 5.416855 4.597564 1.570804 -0.000001 0.000000
    58 -1.515218 1.317776 5.998497 0.000000 0.000000 0.000000
    59 -2.455992 5.657928 -0.087295 1.570804 -0.000001 0.000000
    60 -1.485628 -1.617812 5.263969 0.000000 0.000000 3.141592
    61 3.756460 5.577858 2.053359 1.570803 -0.000001 0.000000
    62 2.735645 -0.081364 5.727116 0.000004 -0.000011 -1.570795
    63 2.477613 5.416855 4.597570 1.570804 -0.000001 0.000000
    64 1.515220 1.317777 5.998508 0.000000 0.000000 0.000000
    65 2.455991 5.657928 -0.087293 1.570804 -0.000001 0.000000
    66 1.485620 -1.617803 5.263973 0.000000 0.000000 -3.141592
    67 4.575642 5.632584 0.000132 0.000000 -1.570771 0.249128
    68 -0.000001 0.314078 5.161098 0.000000 0.000000 0.000000
    69 -0.000001 -0.323108 3.750217 0.000000 0.000000 0.000000
    70 5.734947 1.075212 4.685178 1.570830 -0.000004 -1.321669
    71 -0.753896 0.305901 4.971462 -0.000001 0.000002 0.000000
    72 -1.101006 -0.314705 3.448307 0.000001 0.000001 0.000000
    73 5.809101 -1.029643 4.595047 1.570829 -0.000004 -1.321671
    74 -0.714908 -0.199657 5.028973 0.000000 0.000003 0.000000
    75 -0.282898 -0.851690 4.444889 0.000000 0.000000 0.000000
    76 9.578484 -1.290738 0.000240 0.000000 1.570770 -2.892481
    77 9.369518 -1.236408 1.787905 0.000000 1.570770 -2.892481
    78 9.436707 -1.331719 -1.409029 0.000000 1.570770 -2.892477
    79 5.735191 1.075235 -4.684885 -1.570814 0.000004 1.819923
    80 0.753901 0.305904 4.971474 -0.000001 -0.000002 0.000000
    81 1.101010 -0.314705 3.448315 0.000000 -0.000001 0.000000
    82 5.809341 -1.029617 -4.594752 -1.570814 0.000004 1.819922
    83 0.714908 -0.199655 5.028969 0.000000 -0.000003 0.000000
    84 0.282897 -0.851688 4.444893 0.000000 0.000000 0.000000
end
