// Created by Crowbar 0.76
version 1
nodes
  0 "ValveBiped.Bip01_Pelvis" -1
  1 "ValveBiped.Bip01_L_Thigh" 0
  2 "ValveBiped.Bip01_L_Calf" 1
  3 "ValveBiped.Bip01_L_Foot" 2
  4 "ValveBiped.Bip01_L_Toe0" 3
  5 "ValveBiped.Bip01_R_Thigh" 0
  6 "ValveBiped.Bip01_R_Calf" 5
  7 "ValveBiped.Bip01_R_Foot" 6
  8 "ValveBiped.Bip01_R_Toe0" 7
  9 "ValveBiped.Bip01_Spine" 0
  10 "ValveBiped.Bip01_Spine1" 9
  11 "ValveBiped.Bip01_Spine2" 10
  12 "ValveBiped.Bip01_Spine4" 11
  13 "ValveBiped.Bip01_Neck1" 12
  14 "ValveBiped.Bip01_Head1" 13
  15 "ValveBiped.Bip01_L_Clavicle" 12
  16 "ValveBiped.Bip01_L_UpperArm" 15
  17 "ValveBiped.Bip01_L_Forearm" 16
  18 "ValveBiped.Bip01_L_Hand" 17
  19 "ValveBiped.Bip01_L_Finger2" 18
  20 "ValveBiped.Bip01_L_Finger21" 19
  21 "ValveBiped.Bip01_L_Finger22" 20
  22 "ValveBiped.Bip01_L_Finger1" 18
  23 "ValveBiped.Bip01_L_Finger11" 22
  24 "ValveBiped.Bip01_L_Finger12" 23
  25 "ValveBiped.Bip01_L_Finger0" 18
  26 "ValveBiped.Bip01_L_Finger01" 25
  27 "ValveBiped.Bip01_L_Finger02" 26
  28 "ValveBiped.Bip01_L_Finger4" 18
  29 "ValveBiped.Bip01_L_Finger41" 28
  30 "ValveBiped.Bip01_L_Finger42" 29
  31 "ValveBiped.Bip01_L_Finger3" 18
  32 "ValveBiped.Bip01_L_Finger31" 31
  33 "ValveBiped.Bip01_L_Finger32" 32
  34 "ValveBiped.Bip01_R_Clavicle" 12
  35 "ValveBiped.Bip01_R_UpperArm" 34
  36 "ValveBiped.Bip01_R_Forearm" 35
  37 "ValveBiped.Bip01_R_Hand" 36
  38 "ValveBiped.Bip01_R_Finger2" 37
  39 "ValveBiped.Bip01_R_Finger21" 38
  40 "ValveBiped.Bip01_R_Finger22" 39
  41 "ValveBiped.Bip01_R_Finger1" 37
  42 "ValveBiped.Bip01_R_Finger11" 41
  43 "ValveBiped.Bip01_R_Finger12" 42
  44 "ValveBiped.Bip01_R_Finger0" 37
  45 "ValveBiped.Bip01_R_Finger01" 44
  46 "ValveBiped.Bip01_R_Finger02" 45
  47 "ValveBiped.Bip01_R_Finger4" 37
  48 "ValveBiped.Bip01_R_Finger41" 47
  49 "ValveBiped.Bip01_R_Finger42" 48
  50 "ValveBiped.Bip01_R_Finger3" 37
  51 "ValveBiped.Bip01_R_Finger31" 50
  52 "ValveBiped.Bip01_R_Finger32" 51
  53 "ValveBiped.Skirt.R.001" 0
  54 "Skirt2_r" 53
  55 "ValveBiped.Skirt.B" 0
  56 "Skirtb2" 55
  57 "ValveBiped.Skirt.R" 0
  58 "Skirt5_r" 57
  59 "ValveBiped.Skirt.R.002" 0
  60 "Skirt8_r" 59
  61 "ValveBiped.Skirt.L.001" 0
  62 "Skirt2_l" 61
  63 "ValveBiped.Skirt.L" 0
  64 "Skirt5_l" 63
  65 "ValveBiped.Skirt.L.002" 0
  66 "Skirt8_l" 65
  67 "Hair_002" 14
  68 "Hair_001" 67
  69 "Hair_003" 68
  70 "Hair_006_r" 14
  71 "Hair_005_r" 70
  72 "Hair_007_r" 71
  73 "Hair_009_r" 14
  74 "Hair_010_r" 73
  75 "Hair_011_r" 74
  76 "Hair_004" 14
  77 "Hair_005" 14
  78 "Hair_006" 14
  79 "Hair_006_l" 14
  80 "Hair_005_l" 79
  81 "Hair_007_l" 80
  82 "Hair_009_l" 14
  83 "Hair_010_l" 82
  84 "Hair_011_l" 83
end
skeleton
  time 0
    0 -2.422605 0.117191 28.379974 1.543424 -0.177971 0.488565
    1 3.983847 0.002149 0.003401 -2.420945 -1.118504 -1.089006
    2 15.938816 -0.000100 -0.000005 -0.000009 -0.000002 1.527298
    3 17.707025 -0.000068 0.000003 0.242657 0.384447 -0.783684
    4 6.202515 0.003416 -0.000367 -0.007306 -0.002960 -0.584341
    5 -3.983848 0.002149 0.003395 -1.030693 -0.729502 -1.876092
    6 15.938826 -0.000113 -0.000001 0.000002 0.000010 1.544654
    7 17.707031 0.000018 0.000000 -0.111275 0.138309 -1.787756
    8 6.203125 0.000000 0.000000 -0.081331 -0.002953 -0.584372
    9 -0.000001 4.209253 -1.688832 1.567103 -0.575139 1.578125
    10 3.836055 0.000000 0.000000 -0.045829 0.040221 0.107729
    11 3.617625 -0.000275 -0.000015 -0.035210 0.049105 0.533639
    12 7.537925 0.003588 -0.000212 0.026939 0.022115 0.119076
    13 3.177734 0.000000 0.000000 3.137538 0.000823 0.400474
    14 2.966416 0.000318 0.000023 -0.243543 0.087462 1.713955
    15 2.023770 0.904983 0.850949 1.742053 -1.241907 2.788658
    16 4.980521 0.000781 -0.001089 -1.984720 -0.559924 -0.805839
    17 11.119977 0.000007 0.000004 -0.000003 -0.000001 -1.900097
    18 11.205393 -0.000039 0.000000 1.679088 -0.314442 0.233857
    19 3.767608 0.148800 0.074041 0.089811 0.185396 -0.326372
    20 2.037109 0.000000 0.000000 0.003643 -0.024192 -0.299242
    21 1.063284 -0.000008 0.000000 0.003618 -0.024177 -0.299189
    22 3.783203 -0.017258 0.794434 0.548046 0.085958 -0.316569
    23 1.628906 0.000000 0.000000 0.012406 -0.085556 -0.288089
    24 0.955566 -0.000008 0.000001 0.012406 -0.085556 -0.288099
    25 1.258789 -0.297852 1.251953 -1.378796 -0.581085 -0.486789
    26 1.392578 0.000004 -0.000002 -0.000054 -0.000328 0.324626
    27 1.099609 -0.000002 -0.000004 0.000000 0.000000 0.000000
    28 3.548828 0.198730 -1.489258 -0.571798 0.100828 -0.256377
    29 1.218750 0.000005 0.000000 -0.009972 0.067697 -0.292690
    30 0.679688 0.000001 0.000004 -0.009971 0.067689 -0.292686
    31 3.697042 0.266204 -0.725138 -0.097568 0.031574 -0.326833
    32 1.748047 0.000000 0.000000 -0.003161 0.020964 -0.299479
    33 0.959961 0.000004 0.000000 -0.003166 0.020972 -0.299671
    34 2.023778 0.904982 -0.850921 -2.112083 1.239860 2.479560
    35 4.981625 0.002227 0.003236 2.386453 0.501333 -0.437827
    36 11.119975 -0.000005 0.000000 0.000001 0.000002 -1.398558
    37 11.205375 0.000073 0.000008 -1.670281 0.319463 0.233999
    38 3.766600 0.148254 -0.075376 -0.089525 -0.188043 -0.324859
    39 2.036716 -0.000004 0.000000 -0.003272 0.021749 -0.299433
    40 1.066406 0.000006 -0.000002 -0.003280 0.021741 -0.299428
    41 3.780812 -0.024988 -0.795569 -0.547791 -0.088525 -0.315894
    42 1.628906 0.000000 -0.000001 -0.012095 0.083240 -0.288751
    43 0.955566 0.000000 0.000000 -0.012097 0.083232 -0.288763
    44 1.258789 -0.308350 -1.250000 1.375719 0.577181 -0.491578
    45 1.392578 -0.000003 0.000004 0.000351 0.002142 0.324620
    46 1.099609 0.000003 -0.000006 0.000000 0.000000 0.000000
    47 3.548828 0.211304 1.487305 0.571268 -0.102934 -0.255551
    48 1.218750 0.000005 -0.000002 0.010274 -0.069875 -0.292188
    49 0.681767 0.000000 -0.000002 0.010262 -0.069855 -0.292175
    50 3.697266 0.273682 0.726563 0.097886 -0.034228 -0.326615
    51 1.748047 -0.000011 0.000002 0.003526 -0.023385 -0.299307
    52 0.956684 0.000004 0.000002 0.003515 -0.023396 -0.299497
    53 -3.756462 5.577850 2.053357 1.570803 -0.000001 0.000000
    54 -2.735646 -0.081365 5.727119 0.000007 0.000015 1.570796
    55 0.000001 5.662003 -0.974302 1.570804 -0.000001 0.000000
    56 -0.000002 -2.275002 5.113525 0.000000 0.000000 -3.141592
    57 -2.477620 5.416855 4.597564 1.570804 -0.000001 0.000000
    58 -1.515218 1.317776 5.998497 0.000000 0.000000 0.000000
    59 -2.455992 5.657928 -0.087295 1.570804 -0.000001 0.000000
    60 -1.485628 -1.617812 5.263969 0.000000 0.000000 3.141592
    61 3.756460 5.577858 2.053359 1.570803 -0.000001 0.000000
    62 2.735645 -0.081364 5.727116 0.000004 -0.000011 -1.570795
    63 2.477613 5.416855 4.597570 1.570804 -0.000001 0.000000
    64 1.515220 1.317777 5.998508 0.000000 0.000000 0.000000
    65 2.455991 5.657928 -0.087293 1.570804 -0.000001 0.000000
    66 1.485620 -1.617803 5.263973 0.000000 0.000000 -3.141592
    67 4.575642 5.632584 0.000132 0.000000 -1.570771 0.249128
    68 -0.000001 0.314078 5.161098 0.000000 0.000000 0.000000
    69 -0.000001 -0.323108 3.750217 0.000000 0.000000 0.000000
    70 5.734947 1.075212 4.685178 1.570830 -0.000004 -1.321669
    71 -0.753896 0.305901 4.971462 -0.000001 0.000002 0.000000
    72 -1.101006 -0.314705 3.448307 0.000001 0.000001 0.000000
    73 5.809101 -1.029643 4.595047 1.570829 -0.000004 -1.321671
    74 -0.714908 -0.199657 5.028973 0.000000 0.000003 0.000000
    75 -0.282898 -0.851690 4.444889 0.000000 0.000000 0.000000
    76 9.578484 -1.290738 0.000240 0.000000 1.570770 -2.892481
    77 9.369518 -1.236408 1.787905 0.000000 1.570770 -2.892481
    78 9.436707 -1.331719 -1.409029 0.000000 1.570770 -2.892477
    79 5.735191 1.075235 -4.684885 -1.570814 0.000004 1.819923
    80 0.753901 0.305904 4.971474 -0.000001 -0.000002 0.000000
    81 1.101010 -0.314705 3.448315 0.000000 -0.000001 0.000000
    82 5.809341 -1.029617 -4.594752 -1.570814 0.000004 1.819922
    83 0.714908 -0.199655 5.028969 0.000000 -0.000003 0.000000
    84 0.282897 -0.851688 4.444893 0.000000 0.000000 0.000000
  time 1
    0 -1.736126 0.862265 28.137779 1.536473 -0.172135 0.495722
    1 3.983847 0.002149 0.003401 -2.417050 -1.126603 -1.022042
    2 15.938816 -0.000100 -0.000005 -0.000009 -0.000002 1.593916
    3 17.707025 -0.000068 0.000003 0.253615 0.247917 -0.882222
    4 6.202515 0.003416 -0.000367 -0.007306 -0.002960 -0.584341
    5 -3.983848 0.002149 0.003395 -1.028400 -0.750071 -1.913189
    6 15.938826 -0.000113 -0.000001 0.000002 0.000010 1.579041
    7 17.707031 0.000018 0.000000 -0.078838 0.139719 -1.778319
    8 6.203125 0.000000 0.000000 -0.081331 -0.002953 -0.584372
    9 -0.000001 4.209253 -1.688832 1.567631 -0.575159 1.577023
    10 3.836055 0.000000 0.000000 -0.048310 0.040401 0.108292
    11 3.617625 -0.000275 -0.000015 -0.036253 0.050531 0.533850
    12 7.537925 0.003588 -0.000212 0.030582 0.025711 0.118309
    13 3.177734 0.000000 0.000000 3.137538 0.000823 0.400474
    14 2.966416 0.000318 0.000023 -0.250938 0.099051 1.709326
    15 2.023770 0.904983 0.850949 1.758653 -1.245530 2.771436
    16 4.980521 0.000781 -0.001089 -1.995918 -0.574768 -0.794515
    17 11.119977 0.000007 0.000004 -0.000003 -0.000001 -1.898039
    18 11.205393 -0.000039 0.000000 1.679088 -0.314479 0.233857
    19 3.767608 0.148800 0.074041 0.089823 0.185396 -0.326372
    20 2.037109 0.000000 0.000000 0.003643 -0.024192 -0.299242
    21 1.063284 -0.000008 0.000000 0.003618 -0.024177 -0.299189
    22 3.783203 -0.017258 0.794434 0.548046 0.085958 -0.316569
    23 1.628906 0.000000 0.000000 0.012406 -0.085556 -0.288089
    24 0.955566 -0.000008 0.000001 0.012406 -0.085556 -0.288099
    25 1.258789 -0.297852 1.251953 -1.378796 -0.581085 -0.486789
    26 1.392578 0.000004 -0.000002 -0.000054 -0.000328 0.324626
    27 1.099609 -0.000002 -0.000004 0.000000 0.000000 0.000000
    28 3.548828 0.198730 -1.489258 -0.571798 0.100828 -0.256377
    29 1.218750 0.000005 0.000000 -0.009972 0.067697 -0.292690
    30 0.679688 0.000001 0.000004 -0.009971 0.067689 -0.292686
    31 3.697042 0.266204 -0.725138 -0.097568 0.031574 -0.326833
    32 1.748047 0.000000 0.000000 -0.003161 0.020964 -0.299479
    33 0.959961 0.000004 0.000000 -0.003166 0.020972 -0.299671
    34 2.023778 0.904982 -0.850921 -2.107803 1.228052 2.484347
    35 4.981625 0.002227 0.003236 2.380004 0.497568 -0.437357
    36 11.119975 -0.000005 0.000000 0.000001 0.000002 -1.396540
    37 11.205375 0.000073 0.000008 -1.670281 0.319511 0.233999
    38 3.766600 0.148254 -0.075376 -0.089513 -0.188043 -0.324859
    39 2.036716 -0.000004 0.000000 -0.003260 0.021749 -0.299433
    40 1.066406 0.000006 -0.000002 -0.003280 0.021741 -0.299428
    41 3.780812 -0.024988 -0.795569 -0.547791 -0.088513 -0.315894
    42 1.628906 0.000000 -0.000001 -0.012095 0.083240 -0.288751
    43 0.955566 0.000000 0.000000 -0.012097 0.083232 -0.288763
    44 1.258789 -0.308350 -1.250000 1.375719 0.577181 -0.491578
    45 1.392578 -0.000003 0.000004 0.000351 0.002142 0.324620
    46 1.099609 0.000003 -0.000006 0.000000 0.000000 0.000000
    47 3.548828 0.211304 1.487305 0.571268 -0.102934 -0.255551
    48 1.218750 0.000005 -0.000002 0.010274 -0.069875 -0.292188
    49 0.681767 0.000000 -0.000002 0.010262 -0.069855 -0.292175
    50 3.697266 0.273682 0.726563 0.097886 -0.034228 -0.326615
    51 1.748047 -0.000011 0.000002 0.003526 -0.023385 -0.299307
    52 0.956684 0.000004 0.000002 0.003515 -0.023396 -0.299510
    53 -3.756462 5.577850 2.053357 1.570803 -0.000001 0.000000
    54 -2.735646 -0.081365 5.727119 0.000007 0.000015 1.570796
    55 0.000001 5.662003 -0.974302 1.570804 -0.000001 0.000000
    56 -0.000002 -2.275002 5.113525 0.000000 0.000000 -3.141592
    57 -2.477620 5.416855 4.597564 1.570804 -0.000001 0.000000
    58 -1.515218 1.317776 5.998497 0.000000 0.000000 0.000000
    59 -2.455992 5.657928 -0.087295 1.570804 -0.000001 0.000000
    60 -1.485628 -1.617812 5.263969 0.000000 0.000000 3.141592
    61 3.756460 5.577858 2.053359 1.570803 -0.000001 0.000000
    62 2.735645 -0.081364 5.727116 0.000004 -0.000011 -1.570795
    63 2.477613 5.416855 4.597570 1.570804 -0.000001 0.000000
    64 1.515220 1.317777 5.998508 0.000000 0.000000 0.000000
    65 2.455991 5.657928 -0.087293 1.570804 -0.000001 0.000000
    66 1.485620 -1.617803 5.263973 0.000000 0.000000 -3.141592
    67 4.575642 5.632584 0.000132 0.000000 -1.570771 0.249128
    68 -0.000001 0.314078 5.161098 0.000000 0.000000 0.000000
    69 -0.000001 -0.323108 3.750217 0.000000 0.000000 0.000000
    70 5.734947 1.075212 4.685178 1.570830 -0.000004 -1.321669
    71 -0.753896 0.305901 4.971462 -0.000001 0.000002 0.000000
    72 -1.101006 -0.314705 3.448307 0.000001 0.000001 0.000000
    73 5.809101 -1.029643 4.595047 1.570829 -0.000004 -1.321671
    74 -0.714908 -0.199657 5.028973 0.000000 0.000003 0.000000
    75 -0.282898 -0.851690 4.444889 0.000000 0.000000 0.000000
    76 9.578484 -1.290738 0.000240 0.000000 1.570770 -2.892481
    77 9.369518 -1.236408 1.787905 0.000000 1.570770 -2.892481
    78 9.436707 -1.331719 -1.409029 0.000000 1.570770 -2.892477
    79 5.735191 1.075235 -4.684885 -1.570814 0.000004 1.819923
    80 0.753901 0.305904 4.971474 -0.000001 -0.000002 0.000000
    81 1.101010 -0.314705 3.448315 0.000000 -0.000001 0.000000
    82 5.809341 -1.029617 -4.594752 -1.570814 0.000004 1.819922
    83 0.714908 -0.199655 5.028969 0.000000 -0.000003 0.000000
    84 0.282897 -0.851688 4.444893 0.000000 0.000000 0.000000
  time 2
    0 -0.358220 2.302673 27.680734 1.523962 -0.156782 0.509013
    1 3.983847 0.002149 0.003401 -2.368409 -1.132878 -0.924143
    2 15.938816 -0.000100 -0.000005 -0.000009 -0.000002 1.667993
    3 17.707025 -0.000068 0.000003 0.303063 0.035220 -0.992232
    4 6.202515 0.003416 -0.000367 -0.007306 -0.002960 -0.584341
    5 -3.983848 0.002149 0.003395 -1.032126 -0.786657 -1.978857
    6 15.938826 -0.000113 -0.000001 0.000002 0.000010 1.634400
    7 17.707031 0.000018 0.000000 -0.009000 0.141164 -1.752763
    8 6.203125 0.000000 0.000000 -0.081331 -0.002953 -0.584372
    9 -0.000001 4.209253 -1.688832 1.568254 -0.575159 1.575584
    10 3.836055 0.000000 0.000000 -0.051917 0.040905 0.108568
    11 3.617625 -0.000275 -0.000015 -0.037116 0.053360 0.533610
    12 7.537925 0.003588 -0.000212 0.037904 0.032530 0.117338
    13 3.177734 0.000000 0.000000 3.137538 0.000823 0.400474
    14 2.966416 0.000318 0.000023 -0.251908 0.112797 1.704197
    15 2.023770 0.904983 0.850949 1.785653 -1.254691 2.743248
    16 4.980521 0.000781 -0.001089 -2.012276 -0.602835 -0.777984
    17 11.119977 0.000007 0.000004 -0.000003 -0.000001 -1.899411
    18 11.205393 -0.000039 0.000000 1.679088 -0.314442 0.233857
    19 3.767608 0.148800 0.074041 0.089823 0.185396 -0.326372
    20 2.037109 0.000000 0.000000 0.003643 -0.024192 -0.299242
    21 1.063284 -0.000008 0.000000 0.003618 -0.024177 -0.299189
    22 3.783203 -0.017258 0.794434 0.548046 0.085958 -0.316569
    23 1.628906 0.000000 0.000000 0.012406 -0.085556 -0.288089
    24 0.955566 -0.000008 0.000001 0.012406 -0.085556 -0.288099
    25 1.258789 -0.297852 1.251953 -1.378796 -0.581085 -0.486789
    26 1.392578 0.000004 -0.000002 -0.000054 -0.000328 0.324626
    27 1.099609 -0.000002 -0.000004 0.000000 0.000000 0.000000
    28 3.548828 0.198730 -1.489258 -0.571798 0.100828 -0.256377
    29 1.218750 0.000005 0.000000 -0.009972 0.067697 -0.292690
    30 0.679688 0.000001 0.000004 -0.009971 0.067689 -0.292686
    31 3.697042 0.266204 -0.725138 -0.097568 0.031574 -0.326833
    32 1.748047 0.000000 0.000000 -0.003161 0.020964 -0.299479
    33 0.959961 0.000004 0.000000 -0.003166 0.020972 -0.299671
    34 2.023778 0.904982 -0.850921 -2.091990 1.215430 2.501236
    35 4.981625 0.002227 0.003236 2.360552 0.495012 -0.449316
    36 11.119975 -0.000005 0.000000 0.000001 0.000002 -1.402278
    37 11.205375 0.000073 0.000008 -1.670281 0.319427 0.233999
    38 3.766600 0.148254 -0.075376 -0.089513 -0.188043 -0.324859
    39 2.036716 -0.000004 0.000000 -0.003272 0.021749 -0.299433
    40 1.066406 0.000006 -0.000002 -0.003280 0.021741 -0.299428
    41 3.780812 -0.024988 -0.795569 -0.547791 -0.088513 -0.315894
    42 1.628906 0.000000 -0.000001 -0.012095 0.083240 -0.288751
    43 0.955566 0.000000 0.000000 -0.012097 0.083232 -0.288763
    44 1.258789 -0.308350 -1.250000 1.375719 0.577181 -0.491578
    45 1.392578 -0.000003 0.000004 0.000351 0.002142 0.324620
    46 1.099609 0.000003 -0.000006 0.000000 0.000000 0.000000
    47 3.548828 0.211304 1.487305 0.571268 -0.102934 -0.255551
    48 1.218750 0.000005 -0.000002 0.010274 -0.069875 -0.292188
    49 0.681767 0.000000 -0.000002 0.010262 -0.069867 -0.292175
    50 3.697266 0.273682 0.726563 0.097886 -0.034228 -0.326615
    51 1.748047 -0.000011 0.000002 0.003526 -0.023385 -0.299307
    52 0.956684 0.000004 0.000002 0.003515 -0.023396 -0.299497
    53 -3.756462 5.577850 2.053357 1.570803 -0.000001 0.000000
    54 -2.735646 -0.081365 5.727119 0.000007 0.000015 1.570796
    55 0.000001 5.662003 -0.974302 1.570804 -0.000001 0.000000
    56 -0.000002 -2.275002 5.113525 0.000000 0.000000 -3.141592
    57 -2.477620 5.416855 4.597564 1.570804 -0.000001 0.000000
    58 -1.515218 1.317776 5.998497 0.000000 0.000000 0.000000
    59 -2.455992 5.657928 -0.087295 1.570804 -0.000001 0.000000
    60 -1.485628 -1.617812 5.263969 0.000000 0.000000 3.141592
    61 3.756460 5.577858 2.053359 1.570803 -0.000001 0.000000
    62 2.735645 -0.081364 5.727116 0.000004 -0.000011 -1.570795
    63 2.477613 5.416855 4.597570 1.570804 -0.000001 0.000000
    64 1.515220 1.317777 5.998508 0.000000 0.000000 0.000000
    65 2.455991 5.657928 -0.087293 1.570804 -0.000001 0.000000
    66 1.485620 -1.617803 5.263973 0.000000 0.000000 -3.141592
    67 4.575642 5.632584 0.000132 0.000000 -1.570771 0.249128
    68 -0.000001 0.314078 5.161098 0.000000 0.000000 0.000000
    69 -0.000001 -0.323108 3.750217 0.000000 0.000000 0.000000
    70 5.734947 1.075212 4.685178 1.570830 -0.000004 -1.321669
    71 -0.753896 0.305901 4.971462 -0.000001 0.000002 0.000000
    72 -1.101006 -0.314705 3.448307 0.000001 0.000001 0.000000
    73 5.809101 -1.029643 4.595047 1.570829 -0.000004 -1.321671
    74 -0.714908 -0.199657 5.028973 0.000000 0.000003 0.000000
    75 -0.282898 -0.851690 4.444889 0.000000 0.000000 0.000000
    76 9.578484 -1.290738 0.000240 0.000000 1.570770 -2.892481
    77 9.369518 -1.236408 1.787905 0.000000 1.570770 -2.892481
    78 9.436707 -1.331719 -1.409029 0.000000 1.570770 -2.892477
    79 5.735191 1.075235 -4.684885 -1.570814 0.000004 1.819923
    80 0.753901 0.305904 4.971474 -0.000001 -0.000002 0.000000
    81 1.101010 -0.314705 3.448315 0.000000 -0.000001 0.000000
    82 5.809341 -1.029617 -4.594752 -1.570814 0.000004 1.819922
    83 0.714908 -0.199655 5.028969 0.000000 -0.000003 0.000000
    84 0.282897 -0.851688 4.444893 0.000000 0.000000 0.000000
  time 3
    0 1.062656 3.688392 27.313535 1.513655 -0.137691 0.519365
    1 3.983847 0.002149 0.003401 -2.263243 -1.124423 -0.875417
    2 15.938816 -0.000100 -0.000005 -0.000009 -0.000002 1.681380
    3 17.707025 -0.000068 0.000003 0.350033 -0.030615 -1.004224
    4 6.202515 0.003416 -0.000367 -0.007306 -0.002960 -0.584341
    5 -3.983848 0.002149 0.003395 -1.060405 -0.826850 -2.037311
    6 15.938826 -0.000113 -0.000001 0.000002 0.000010 1.683146
    7 17.707031 0.000018 0.000000 0.042977 0.108721 -1.660919
    8 6.203125 0.000000 0.000000 -0.081331 -0.002953 -0.584372
    9 -0.000001 4.209253 -1.688832 1.568541 -0.575159 1.574865
    10 3.836055 0.000000 0.000000 -0.052852 0.041911 0.107789
    11 3.617625 -0.000275 -0.000015 -0.035905 0.056296 0.532540
    12 7.537925 0.003588 -0.000212 0.044544 0.038247 0.116966
    13 3.177734 0.000000 0.000000 3.137538 0.000823 0.400474
    14 2.966416 0.000318 0.000023 -0.249452 0.119006 1.696301
    15 2.023770 0.904983 0.850949 1.803503 -1.267679 2.724486
    16 4.980521 0.000781 -0.001089 -2.014289 -0.627192 -0.776590
    17 11.119977 0.000007 0.000004 -0.000003 -0.000001 -1.907874
    18 11.205393 -0.000039 0.000000 1.679088 -0.314321 0.233857
    19 3.767608 0.148800 0.074041 0.089811 0.185396 -0.326372
    20 2.037109 0.000000 0.000000 0.003643 -0.024192 -0.299242
    21 1.063284 -0.000008 0.000000 0.003618 -0.024177 -0.299189
    22 3.783203 -0.017258 0.794434 0.548046 0.085958 -0.316569
    23 1.628906 0.000000 0.000000 0.012406 -0.085556 -0.288089
    24 0.955566 -0.000008 0.000001 0.012406 -0.085556 -0.288099
    25 1.258789 -0.297852 1.251953 -1.378796 -0.581085 -0.486789
    26 1.392578 0.000004 -0.000002 -0.000054 -0.000328 0.324626
    27 1.099609 -0.000002 -0.000004 0.000000 0.000000 0.000000
    28 3.548828 0.198730 -1.489258 -0.571798 0.100828 -0.256377
    29 1.218750 0.000005 0.000000 -0.009972 0.067697 -0.292690
    30 0.679688 0.000001 0.000004 -0.009971 0.067689 -0.292686
    31 3.697042 0.266204 -0.725138 -0.097568 0.031574 -0.326833
    32 1.748047 0.000000 0.000000 -0.003161 0.020964 -0.299479
    33 0.959961 0.000004 0.000000 -0.003166 0.020972 -0.299671
    34 2.023778 0.904982 -0.850921 -2.079047 1.217466 2.514694
    35 4.981625 0.002227 0.003236 2.335321 0.496166 -0.476963
    36 11.119975 -0.000005 0.000000 0.000001 0.000002 -1.416466
    37 11.205375 0.000073 0.000008 -1.670281 0.319344 0.233999
    38 3.766600 0.148254 -0.075376 -0.089513 -0.188043 -0.324859
    39 2.036716 -0.000004 0.000000 -0.003272 0.021749 -0.299392
    40 1.066406 0.000006 -0.000002 -0.003280 0.021741 -0.299428
    41 3.780812 -0.024988 -0.795569 -0.547791 -0.088513 -0.315894
    42 1.628906 0.000000 -0.000001 -0.012095 0.083240 -0.288751
    43 0.955566 0.000000 0.000000 -0.012097 0.083232 -0.288763
    44 1.258789 -0.308350 -1.250000 1.375719 0.577181 -0.491578
    45 1.392578 -0.000003 0.000004 0.000351 0.002142 0.324620
    46 1.099609 0.000003 -0.000006 0.000000 0.000000 0.000000
    47 3.548828 0.211304 1.487305 0.571268 -0.102934 -0.255551
    48 1.218750 0.000005 -0.000002 0.010274 -0.069875 -0.292188
    49 0.681767 0.000000 -0.000002 0.010262 -0.069855 -0.292175
    50 3.697266 0.273682 0.726563 0.097886 -0.034228 -0.326615
    51 1.748047 -0.000011 0.000002 0.003526 -0.023385 -0.299307
    52 0.956684 0.000004 0.000002 0.003515 -0.023396 -0.299497
    53 -3.756462 5.577850 2.053357 1.570803 -0.000001 0.000000
    54 -2.735646 -0.081365 5.727119 0.000007 0.000015 1.570796
    55 0.000001 5.662003 -0.974302 1.570804 -0.000001 0.000000
    56 -0.000002 -2.275002 5.113525 0.000000 0.000000 -3.141592
    57 -2.477620 5.416855 4.597564 1.570804 -0.000001 0.000000
    58 -1.515218 1.317776 5.998497 0.000000 0.000000 0.000000
    59 -2.455992 5.657928 -0.087295 1.570804 -0.000001 0.000000
    60 -1.485628 -1.617812 5.263969 0.000000 0.000000 3.141592
    61 3.756460 5.577858 2.053359 1.570803 -0.000001 0.000000
    62 2.735645 -0.081364 5.727116 0.000004 -0.000011 -1.570795
    63 2.477613 5.416855 4.597570 1.570804 -0.000001 0.000000
    64 1.515220 1.317777 5.998508 0.000000 0.000000 0.000000
    65 2.455991 5.657928 -0.087293 1.570804 -0.000001 0.000000
    66 1.485620 -1.617803 5.263973 0.000000 0.000000 -3.141592
    67 4.575642 5.632584 0.000132 0.000000 -1.570771 0.249128
    68 -0.000001 0.314078 5.161098 0.000000 0.000000 0.000000
    69 -0.000001 -0.323108 3.750217 0.000000 0.000000 0.000000
    70 5.734947 1.075212 4.685178 1.570830 -0.000004 -1.321669
    71 -0.753896 0.305901 4.971462 -0.000001 0.000002 0.000000
    72 -1.101006 -0.314705 3.448307 0.000001 0.000001 0.000000
    73 5.809101 -1.029643 4.595047 1.570829 -0.000004 -1.321671
    74 -0.714908 -0.199657 5.028973 0.000000 0.000003 0.000000
    75 -0.282898 -0.851690 4.444889 0.000000 0.000000 0.000000
    76 9.578484 -1.290738 0.000240 0.000000 1.570770 -2.892481
    77 9.369518 -1.236408 1.787905 0.000000 1.570770 -2.892481
    78 9.436707 -1.331719 -1.409029 0.000000 1.570770 -2.892477
    79 5.735191 1.075235 -4.684885 -1.570814 0.000004 1.819923
    80 0.753901 0.305904 4.971474 -0.000001 -0.000002 0.000000
    81 1.101010 -0.314705 3.448315 0.000000 -0.000001 0.000000
    82 5.809341 -1.029617 -4.594752 -1.570814 0.000004 1.819922
    83 0.714908 -0.199655 5.028969 0.000000 -0.000003 0.000000
    84 0.282897 -0.851688 4.444893 0.000000 0.000000 0.000000
  time 4
    0 2.620255 5.081924 27.075247 1.506033 -0.116107 0.523007
    1 3.983847 0.002149 0.003401 -2.111146 -1.098612 -0.883105
    2 15.938816 -0.000100 -0.000005 -0.000009 -0.000002 1.657474
    3 17.707025 -0.000068 0.000003 0.345435 0.021429 -0.958366
    4 6.202515 0.003416 -0.000367 -0.007306 -0.002960 -0.584341
    5 -3.983848 0.002149 0.003395 -1.090403 -0.869748 -2.096141
    6 15.938826 -0.000113 -0.000001 0.000002 0.000010 1.735293
    7 17.707031 0.000018 0.000000 0.085795 0.057754 -1.565150
    8 6.203125 0.000000 0.000000 -0.081331 -0.002953 -0.584372
    9 -0.000001 4.209253 -1.688832 1.568541 -0.575159 1.574722
    10 3.836055 0.000000 0.000000 -0.050503 0.043697 0.106279
    11 3.617625 -0.000275 -0.000015 -0.032382 0.059364 0.530865
    12 7.537925 0.003588 -0.000212 0.049637 0.042285 0.116775
    13 3.177734 0.000000 0.000000 3.137538 0.000823 0.400474
    14 2.966416 0.000318 0.000023 -0.240211 0.113517 1.686498
    15 2.023770 0.904983 0.850949 1.803803 -1.278876 2.724123
    16 4.980521 0.000781 -0.001089 -1.996021 -0.649558 -0.788540
    17 11.119977 0.000007 0.000004 -0.000003 -0.000001 -1.923884
    18 11.205393 -0.000039 0.000000 1.679088 -0.314138 0.233809
    19 3.767608 0.148800 0.074041 0.089811 0.185396 -0.326372
    20 2.037109 0.000000 0.000000 0.003643 -0.024192 -0.299242
    21 1.063284 -0.000008 0.000000 0.003618 -0.024177 -0.299189
    22 3.783203 -0.017258 0.794434 0.548046 0.085958 -0.316569
    23 1.628906 0.000000 0.000000 0.012406 -0.085556 -0.288089
    24 0.955566 -0.000008 0.000001 0.012406 -0.085556 -0.288099
    25 1.258789 -0.297852 1.251953 -1.378796 -0.581085 -0.486789
    26 1.392578 0.000004 -0.000002 -0.000054 -0.000328 0.324626
    27 1.099609 -0.000002 -0.000004 0.000000 0.000000 0.000000
    28 3.548828 0.198730 -1.489258 -0.571798 0.100828 -0.256377
    29 1.218750 0.000005 0.000000 -0.009972 0.067697 -0.292690
    30 0.679688 0.000001 0.000004 -0.009971 0.067689 -0.292686
    31 3.697042 0.266204 -0.725138 -0.097568 0.031574 -0.326833
    32 1.748047 0.000000 0.000000 -0.003161 0.020964 -0.299479
    33 0.959961 0.000004 0.000000 -0.003166 0.020972 -0.299671
    34 2.023778 0.904982 -0.850921 -2.075551 1.220764 2.518307
    35 4.981625 0.002227 0.003236 2.316179 0.495589 -0.499616
    36 11.119975 -0.000005 0.000000 0.000001 0.000002 -1.429519
    37 11.205375 0.000073 0.000008 -1.670281 0.319224 0.233999
    38 3.766600 0.148254 -0.075376 -0.089513 -0.188043 -0.324859
    39 2.036716 -0.000004 0.000000 -0.003272 0.021749 -0.299433
    40 1.066406 0.000006 -0.000002 -0.003280 0.021741 -0.299428
    41 3.780812 -0.024988 -0.795569 -0.547791 -0.088513 -0.315894
    42 1.628906 0.000000 -0.000001 -0.012095 0.083240 -0.288751
    43 0.955566 0.000000 0.000000 -0.012097 0.083232 -0.288763
    44 1.258789 -0.308350 -1.250000 1.375719 0.577181 -0.491578
    45 1.392578 -0.000003 0.000004 0.000351 0.002142 0.324620
    46 1.099609 0.000003 -0.000006 0.000000 0.000000 0.000000
    47 3.548828 0.211304 1.487305 0.571268 -0.102934 -0.255551
    48 1.218750 0.000005 -0.000002 0.010274 -0.069875 -0.292188
    49 0.681767 0.000000 -0.000002 0.010262 -0.069855 -0.292175
    50 3.697266 0.273682 0.726563 0.097886 -0.034228 -0.326615
    51 1.748047 -0.000011 0.000002 0.003526 -0.023385 -0.299307
    52 0.956684 0.000004 0.000002 0.003515 -0.023396 -0.299510
    53 -3.756462 5.577850 2.053357 1.570803 -0.000001 0.000000
    54 -2.735646 -0.081365 5.727119 0.000007 0.000015 1.570796
    55 0.000001 5.662003 -0.974302 1.570804 -0.000001 0.000000
    56 -0.000002 -2.275002 5.113525 0.000000 0.000000 -3.141592
    57 -2.477620 5.416855 4.597564 1.570804 -0.000001 0.000000
    58 -1.515218 1.317776 5.998497 0.000000 0.000000 0.000000
    59 -2.455992 5.657928 -0.087295 1.570804 -0.000001 0.000000
    60 -1.485628 -1.617812 5.263969 0.000000 0.000000 3.141592
    61 3.756460 5.577858 2.053359 1.570803 -0.000001 0.000000
    62 2.735645 -0.081364 5.727116 0.000004 -0.000011 -1.570795
    63 2.477613 5.416855 4.597570 1.570804 -0.000001 0.000000
    64 1.515220 1.317777 5.998508 0.000000 0.000000 0.000000
    65 2.455991 5.657928 -0.087293 1.570804 -0.000001 0.000000
    66 1.485620 -1.617803 5.263973 0.000000 0.000000 -3.141592
    67 4.575642 5.632584 0.000132 0.000000 -1.570771 0.249128
    68 -0.000001 0.314078 5.161098 0.000000 0.000000 0.000000
    69 -0.000001 -0.323108 3.750217 0.000000 0.000000 0.000000
    70 5.734947 1.075212 4.685178 1.570830 -0.000004 -1.321669
    71 -0.753896 0.305901 4.971462 -0.000001 0.000002 0.000000
    72 -1.101006 -0.314705 3.448307 0.000001 0.000001 0.000000
    73 5.809101 -1.029643 4.595047 1.570829 -0.000004 -1.321671
    74 -0.714908 -0.199657 5.028973 0.000000 0.000003 0.000000
    75 -0.282898 -0.851690 4.444889 0.000000 0.000000 0.000000
    76 9.578484 -1.290738 0.000240 0.000000 1.570770 -2.892481
    77 9.369518 -1.236408 1.787905 0.000000 1.570770 -2.892481
    78 9.436707 -1.331719 -1.409029 0.000000 1.570770 -2.892477
    79 5.735191 1.075235 -4.684885 -1.570814 0.000004 1.819923
    80 0.753901 0.305904 4.971474 -0.000001 -0.000002 0.000000
    81 1.101010 -0.314705 3.448315 0.000000 -0.000001 0.000000
    82 5.809341 -1.029617 -4.594752 -1.570814 0.000004 1.819922
    83 0.714908 -0.199655 5.028969 0.000000 -0.000003 0.000000
    84 0.282897 -0.851688 4.444893 0.000000 0.000000 0.000000
  time 5
    0 4.408330 6.526238 26.946337 1.502150 -0.094079 0.515850
    1 3.983847 0.002149 0.003401 -1.938624 -1.055803 -0.935497
    2 15.938816 -0.000100 -0.000005 -0.000009 -0.000002 1.627129
    3 17.707025 -0.000068 0.000003 0.243649 0.160017 -0.949892
    4 6.202515 0.003416 -0.000367 -0.007294 -0.002960 -0.584341
    5 -3.983848 0.002149 0.003395 -1.119828 -0.911229 -2.152909
    6 15.938826 -0.000113 -0.000001 0.000002 0.000010 1.775159
    7 17.707031 0.000018 0.000000 0.126710 -0.007989 -1.471910
    8 6.203125 0.000000 0.000000 -0.081331 -0.002953 -0.584372
    9 -0.000001 4.209253 -1.688832 1.568589 -0.575159 1.574626
    10 3.836055 0.000000 0.000000 -0.044715 0.046274 0.104373
    11 3.617625 -0.000275 -0.000015 -0.026486 0.062480 0.528880
    12 7.537925 0.003588 -0.000212 0.052861 0.044395 0.116439
    13 3.177734 0.000000 0.000000 3.137538 0.000823 0.400474
    14 2.966416 0.000318 0.000023 -0.226130 0.103737 1.678465
    15 2.023770 0.904983 0.850949 1.775053 -1.283558 2.753762
    16 4.980521 0.000781 -0.001089 -1.955100 -0.671183 -0.811046
    17 11.119977 0.000007 0.000004 -0.000003 -0.000001 -1.948528
    18 11.205393 -0.000039 0.000000 1.679184 -0.313822 0.233809
    19 3.767608 0.148800 0.074041 0.089823 0.185396 -0.326372
    20 2.037109 0.000000 0.000000 0.003643 -0.024192 -0.299242
    21 1.063284 -0.000008 0.000000 0.003618 -0.024177 -0.299189
    22 3.783203 -0.017258 0.794434 0.548046 0.085958 -0.316569
    23 1.628906 0.000000 0.000000 0.012406 -0.085556 -0.288089
    24 0.955566 -0.000008 0.000001 0.012406 -0.085556 -0.288099
    25 1.258789 -0.297852 1.251953 -1.378796 -0.581085 -0.486789
    26 1.392578 0.000004 -0.000002 -0.000054 -0.000328 0.324626
    27 1.099609 -0.000002 -0.000004 0.000000 0.000000 0.000000
    28 3.548828 0.198730 -1.489258 -0.571798 0.100828 -0.256377
    29 1.218750 0.000005 0.000000 -0.009972 0.067697 -0.292690
    30 0.679688 0.000001 0.000004 -0.009971 0.067689 -0.292686
    31 3.697042 0.266204 -0.725138 -0.097568 0.031574 -0.326833
    32 1.748047 0.000000 0.000000 -0.003161 0.020964 -0.299479
    33 0.959961 0.000004 0.000000 -0.003166 0.020972 -0.299671
    34 2.023778 0.904982 -0.850921 -2.080352 1.218443 2.513339
    35 4.981625 0.002227 0.003236 2.311999 0.492264 -0.503465
    36 11.119975 -0.000005 0.000000 0.000001 0.000002 -1.441815
    37 11.205375 0.000073 0.000008 -1.670377 0.319104 0.233999
    38 3.766600 0.148254 -0.075376 -0.089513 -0.188043 -0.324859
    39 2.036716 -0.000004 0.000000 -0.003272 0.021749 -0.299433
    40 1.066406 0.000006 -0.000002 -0.003280 0.021741 -0.299428
    41 3.780812 -0.024988 -0.795569 -0.547791 -0.088525 -0.315894
    42 1.628906 0.000000 -0.000001 -0.012095 0.083240 -0.288751
    43 0.955566 0.000000 0.000000 -0.012097 0.083232 -0.288763
    44 1.258789 -0.308350 -1.250000 1.375719 0.577181 -0.491578
    45 1.392578 -0.000003 0.000004 0.000351 0.002142 0.324620
    46 1.099609 0.000003 -0.000006 0.000000 0.000000 0.000000
    47 3.548828 0.211304 1.487305 0.571268 -0.102934 -0.255551
    48 1.218750 0.000005 -0.000002 0.010274 -0.069875 -0.292188
    49 0.681767 0.000000 -0.000002 0.010262 -0.069867 -0.292175
    50 3.697266 0.273682 0.726563 0.097886 -0.034228 -0.326615
    51 1.748047 -0.000011 0.000002 0.003526 -0.023385 -0.299307
    52 0.956684 0.000004 0.000002 0.003515 -0.023396 -0.299510
    53 -3.756462 5.577850 2.053357 1.570803 -0.000001 0.000000
    54 -2.735646 -0.081365 5.727119 0.000007 0.000015 1.570796
    55 0.000001 5.662003 -0.974302 1.570804 -0.000001 0.000000
    56 -0.000002 -2.275002 5.113525 0.000000 0.000000 -3.141592
    57 -2.477620 5.416855 4.597564 1.570804 -0.000001 0.000000
    58 -1.515218 1.317776 5.998497 0.000000 0.000000 0.000000
    59 -2.455992 5.657928 -0.087295 1.570804 -0.000001 0.000000
    60 -1.485628 -1.617812 5.263969 0.000000 0.000000 3.141592
    61 3.756460 5.577858 2.053359 1.570803 -0.000001 0.000000
    62 2.735645 -0.081364 5.727116 0.000004 -0.000011 -1.570795
    63 2.477613 5.416855 4.597570 1.570804 -0.000001 0.000000
    64 1.515220 1.317777 5.998508 0.000000 0.000000 0.000000
    65 2.455991 5.657928 -0.087293 1.570804 -0.000001 0.000000
    66 1.485620 -1.617803 5.263973 0.000000 0.000000 -3.141592
    67 4.575642 5.632584 0.000132 0.000000 -1.570771 0.249128
    68 -0.000001 0.314078 5.161098 0.000000 0.000000 0.000000
    69 -0.000001 -0.323108 3.750217 0.000000 0.000000 0.000000
    70 5.734947 1.075212 4.685178 1.570830 -0.000004 -1.321669
    71 -0.753896 0.305901 4.971462 -0.000001 0.000002 0.000000
    72 -1.101006 -0.314705 3.448307 0.000001 0.000001 0.000000
    73 5.809101 -1.029643 4.595047 1.570829 -0.000004 -1.321671
    74 -0.714908 -0.199657 5.028973 0.000000 0.000003 0.000000
    75 -0.282898 -0.851690 4.444889 0.000000 0.000000 0.000000
    76 9.578484 -1.290738 0.000240 0.000000 1.570770 -2.892481
    77 9.369518 -1.236408 1.787905 0.000000 1.570770 -2.892481
    78 9.436707 -1.331719 -1.409029 0.000000 1.570770 -2.892477
    79 5.735191 1.075235 -4.684885 -1.570814 0.000004 1.819923
    80 0.753901 0.305904 4.971474 -0.000001 -0.000002 0.000000
    81 1.101010 -0.314705 3.448315 0.000000 -0.000001 0.000000
    82 5.809341 -1.029617 -4.594752 -1.570814 0.000004 1.819922
    83 0.714908 -0.199655 5.028969 0.000000 -0.000003 0.000000
    84 0.282897 -0.851688 4.444893 0.000000 0.000000 0.000000
  time 6
    0 6.438600 8.087743 26.907273 1.503157 -0.083269 0.496553
    1 3.983847 0.002149 0.003401 -1.838872 -0.983490 -1.030803
    2 15.938816 -0.000100 -0.000005 -0.000009 -0.000002 1.563635
    3 17.707025 -0.000068 0.000003 0.095278 0.253052 -1.131886
    4 6.202515 0.003416 -0.000367 -0.007306 -0.002960 -0.584341
    5 -3.983848 0.002149 0.003395 -1.139031 -0.945582 -2.225041
    6 15.938826 -0.000113 -0.000001 0.000002 0.000010 1.789266
    7 17.707031 0.000018 0.000000 0.175989 -0.083440 -1.386974
    8 6.203125 0.000000 0.000000 -0.081331 -0.002953 -0.584372
    9 -0.000001 4.209253 -1.688832 1.576930 -0.575139 1.560916
    10 3.836055 0.000000 0.000000 -0.035954 0.049390 0.102444
    11 3.617625 -0.000275 -0.000015 -0.018576 0.065416 0.526838
    12 7.537925 0.003588 -0.000212 0.054323 0.044551 0.115828
    13 3.177734 0.000000 0.000000 3.137538 0.000823 0.400474
    14 2.966416 0.000318 0.000023 -0.208668 0.096858 1.676287
    15 2.023770 0.904983 0.850949 1.725453 -1.285227 2.804972
    16 4.980521 0.000781 -0.001089 -1.896272 -0.692469 -0.848518
    17 11.119977 0.000007 0.000004 -0.000003 -0.000001 -1.980891
    18 11.205393 -0.000039 0.000000 1.683170 -0.312679 0.234948
    19 3.767608 0.148800 0.074041 0.089823 0.185396 -0.326372
    20 2.037109 0.000000 0.000000 0.003643 -0.024192 -0.299242
    21 1.063284 -0.000008 0.000000 0.003618 -0.024177 -0.299189
    22 3.783203 -0.017258 0.794434 0.548046 0.085958 -0.316569
    23 1.628906 0.000000 0.000000 0.012406 -0.085556 -0.288089
    24 0.955566 -0.000008 0.000001 0.012406 -0.085556 -0.288099
    25 1.258789 -0.297852 1.251953 -1.378796 -0.581085 -0.486789
    26 1.392578 0.000004 -0.000002 -0.000054 -0.000328 0.324626
    27 1.099609 -0.000002 -0.000004 0.000000 0.000000 0.000000
    28 3.548828 0.198730 -1.489258 -0.571798 0.100828 -0.256377
    29 1.218750 0.000005 0.000000 -0.009972 0.067697 -0.292690
    30 0.679688 0.000001 0.000004 -0.009971 0.067689 -0.292686
    31 3.697042 0.266204 -0.725138 -0.097568 0.031574 -0.326833
    32 1.748047 0.000000 0.000000 -0.003161 0.020964 -0.299479
    33 0.959961 0.000004 0.000000 -0.003166 0.020972 -0.299671
    34 2.023778 0.904982 -0.850921 -2.089850 1.218606 2.503314
    35 4.981625 0.002227 0.003236 2.321751 0.494023 -0.491889
    36 11.119975 -0.000005 0.000000 0.000001 0.000002 -1.448437
    37 11.205375 0.000073 0.000008 -1.668229 0.318241 0.232549
    38 3.766600 0.148254 -0.075376 -0.089513 -0.188043 -0.324859
    39 2.036716 -0.000004 0.000000 -0.003272 0.021749 -0.299392
    40 1.066406 0.000006 -0.000002 -0.003280 0.021741 -0.299428
    41 3.780812 -0.024988 -0.795569 -0.547791 -0.088513 -0.315894
    42 1.628906 0.000000 -0.000001 -0.012095 0.083240 -0.288751
    43 0.955566 0.000000 0.000000 -0.012097 0.083232 -0.288763
    44 1.258789 -0.308350 -1.250000 1.375719 0.577181 -0.491578
    45 1.392578 -0.000003 0.000004 0.000351 0.002142 0.324620
    46 1.099609 0.000003 -0.000006 0.000000 0.000000 0.000000
    47 3.548828 0.211304 1.487305 0.571268 -0.102934 -0.255551
    48 1.218750 0.000005 -0.000002 0.010274 -0.069875 -0.292188
    49 0.681767 0.000000 -0.000002 0.010262 -0.069867 -0.292175
    50 3.697266 0.273682 0.726563 0.097886 -0.034228 -0.326615
    51 1.748047 -0.000011 0.000002 0.003526 -0.023385 -0.299307
    52 0.956684 0.000004 0.000002 0.003515 -0.023396 -0.299497
    53 -3.756462 5.577850 2.053357 1.570803 -0.000001 0.000000
    54 -2.735646 -0.081365 5.727119 0.000007 0.000015 1.570796
    55 0.000001 5.662003 -0.974302 1.570804 -0.000001 0.000000
    56 -0.000002 -2.275002 5.113525 0.000000 0.000000 -3.141592
    57 -2.477620 5.416855 4.597564 1.570804 -0.000001 0.000000
    58 -1.515218 1.317776 5.998497 0.000000 0.000000 0.000000
    59 -2.455992 5.657928 -0.087295 1.570804 -0.000001 0.000000
    60 -1.485628 -1.617812 5.263969 0.000000 0.000000 3.141592
    61 3.756460 5.577858 2.053359 1.570803 -0.000001 0.000000
    62 2.735645 -0.081364 5.727116 0.000004 -0.000011 -1.570795
    63 2.477613 5.416855 4.597570 1.570804 -0.000001 0.000000
    64 1.515220 1.317777 5.998508 0.000000 0.000000 0.000000
    65 2.455991 5.657928 -0.087293 1.570804 -0.000001 0.000000
    66 1.485620 -1.617803 5.263973 0.000000 0.000000 -3.141592
    67 4.575642 5.632584 0.000132 0.000000 -1.570771 0.249128
    68 -0.000001 0.314078 5.161098 0.000000 0.000000 0.000000
    69 -0.000001 -0.323108 3.750217 0.000000 0.000000 0.000000
    70 5.734947 1.075212 4.685178 1.570830 -0.000004 -1.321669
    71 -0.753896 0.305901 4.971462 -0.000001 0.000002 0.000000
    72 -1.101006 -0.314705 3.448307 0.000001 0.000001 0.000000
    73 5.809101 -1.029643 4.595047 1.570829 -0.000004 -1.321671
    74 -0.714908 -0.199657 5.028973 0.000000 0.000003 0.000000
    75 -0.282898 -0.851690 4.444889 0.000000 0.000000 0.000000
    76 9.578484 -1.290738 0.000240 0.000000 1.570770 -2.892481
    77 9.369518 -1.236408 1.787905 0.000000 1.570770 -2.892481
    78 9.436707 -1.331719 -1.409029 0.000000 1.570770 -2.892477
    79 5.735191 1.075235 -4.684885 -1.570814 0.000004 1.819923
    80 0.753901 0.305904 4.971474 -0.000001 -0.000002 0.000000
    81 1.101010 -0.314705 3.448315 0.000000 -0.000001 0.000000
    82 5.809341 -1.029617 -4.594752 -1.570814 0.000004 1.819922
    83 0.714908 -0.199655 5.028969 0.000000 -0.000003 0.000000
    84 0.282897 -0.851688 4.444893 0.000000 0.000000 0.000000
  time 7
    0 8.652469 9.778159 26.989307 1.509149 -0.059815 0.463900
    1 3.983847 0.002149 0.003401 -1.780637 -0.904280 -1.090973
    2 15.938816 -0.000100 -0.000005 -0.000009 -0.000002 1.498548
    3 17.707025 -0.000068 0.000003 -0.070329 0.307048 -1.361971
    4 6.202515 0.003416 -0.000367 -0.007294 -0.002960 -0.584341
    5 -3.983848 0.002149 0.003395 -1.202754 -0.960912 -2.245181
    6 15.938826 -0.000113 -0.000001 0.000002 0.000010 1.700843
    7 17.707031 0.000018 0.000000 0.309092 -0.160640 -1.309918
    8 6.203125 0.000000 0.000000 -0.081331 -0.002953 -0.584372
    9 -0.000001 4.209253 -1.688832 1.575301 -0.575139 1.563552
    10 3.836055 0.000000 0.000000 -0.025168 0.052685 0.100706
    11 3.617625 -0.000275 -0.000015 -0.009348 0.067933 0.524952
    12 7.537925 0.003588 -0.000212 0.054407 0.043076 0.115061
    13 3.177734 0.000000 0.000000 3.137538 0.000823 0.400474
    14 2.966416 0.000318 0.000023 -0.186628 0.092663 1.681460
    15 2.023770 0.904983 0.850949 1.684053 -1.286530 2.847844
    16 4.980521 0.000781 -0.001089 -1.839714 -0.701848 -0.887840
    17 11.119977 0.000007 0.000004 -0.000003 -0.000001 -2.012053
    18 11.205393 -0.000039 0.000000 1.682450 -0.312265 0.234624
    19 3.767608 0.148800 0.074041 0.089823 0.185396 -0.326372
    20 2.037109 0.000000 0.000000 0.003643 -0.024192 -0.299242
    21 1.063284 -0.000008 0.000000 0.003618 -0.024177 -0.299189
    22 3.783203 -0.017258 0.794434 0.548046 0.085958 -0.316569
    23 1.628906 0.000000 0.000000 0.012406 -0.085556 -0.288089
    24 0.955566 -0.000008 0.000001 0.012406 -0.085556 -0.288099
    25 1.258789 -0.297852 1.251953 -1.378796 -0.581085 -0.486789
    26 1.392578 0.000004 -0.000002 -0.000054 -0.000328 0.324626
    27 1.099609 -0.000002 -0.000004 0.000000 0.000000 0.000000
    28 3.548828 0.198730 -1.489258 -0.571798 0.100828 -0.256377
    29 1.218750 0.000005 0.000000 -0.009972 0.067697 -0.292690
    30 0.679688 0.000001 0.000004 -0.009971 0.067689 -0.292686
    31 3.697042 0.266204 -0.725138 -0.097568 0.031574 -0.326833
    32 1.748047 0.000000 0.000000 -0.003161 0.020964 -0.299479
    33 0.959961 0.000004 0.000000 -0.003166 0.020972 -0.299671
    34 2.023778 0.904982 -0.850921 -2.097052 1.226912 2.495637
    35 4.981625 0.002227 0.003236 2.338004 0.512820 -0.475700
    36 11.119975 -0.000005 0.000000 0.000001 0.000002 -1.447995
    37 11.205375 0.000073 0.000008 -1.668706 0.318445 0.232897
    38 3.766600 0.148254 -0.075376 -0.089513 -0.188043 -0.324859
    39 2.036716 -0.000004 0.000000 -0.003272 0.021749 -0.299433
    40 1.066406 0.000006 -0.000002 -0.003280 0.021741 -0.299428
    41 3.780812 -0.024988 -0.795569 -0.547791 -0.088513 -0.315894
    42 1.628906 0.000000 -0.000001 -0.012095 0.083240 -0.288751
    43 0.955566 0.000000 0.000000 -0.012097 0.083232 -0.288763
    44 1.258789 -0.308350 -1.250000 1.375719 0.577181 -0.491578
    45 1.392578 -0.000003 0.000004 0.000351 0.002142 0.324620
    46 1.099609 0.000003 -0.000006 0.000000 0.000000 0.000000
    47 3.548828 0.211304 1.487305 0.571268 -0.102934 -0.255551
    48 1.218750 0.000005 -0.000002 0.010274 -0.069875 -0.292188
    49 0.681767 0.000000 -0.000002 0.010262 -0.069855 -0.292175
    50 3.697266 0.273682 0.726563 0.097886 -0.034228 -0.326615
    51 1.748047 -0.000011 0.000002 0.003526 -0.023385 -0.299307
    52 0.956684 0.000004 0.000002 0.003515 -0.023396 -0.299497
    53 -3.756462 5.577850 2.053357 1.570803 -0.000001 0.000000
    54 -2.735646 -0.081365 5.727119 0.000007 0.000015 1.570796
    55 0.000001 5.662003 -0.974302 1.570804 -0.000001 0.000000
    56 -0.000002 -2.275002 5.113525 0.000000 0.000000 -3.141592
    57 -2.477620 5.416855 4.597564 1.570804 -0.000001 0.000000
    58 -1.515218 1.317776 5.998497 0.000000 0.000000 0.000000
    59 -2.455992 5.657928 -0.087295 1.570804 -0.000001 0.000000
    60 -1.485628 -1.617812 5.263969 0.000000 0.000000 3.141592
    61 3.756460 5.577858 2.053359 1.570803 -0.000001 0.000000
    62 2.735645 -0.081364 5.727116 0.000004 -0.000011 -1.570795
    63 2.477613 5.416855 4.597570 1.570804 -0.000001 0.000000
    64 1.515220 1.317777 5.998508 0.000000 0.000000 0.000000
    65 2.455991 5.657928 -0.087293 1.570804 -0.000001 0.000000
    66 1.485620 -1.617803 5.263973 0.000000 0.000000 -3.141592
    67 4.575642 5.632584 0.000132 0.000000 -1.570771 0.249128
    68 -0.000001 0.314078 5.161098 0.000000 0.000000 0.000000
    69 -0.000001 -0.323108 3.750217 0.000000 0.000000 0.000000
    70 5.734947 1.075212 4.685178 1.570830 -0.000004 -1.321669
    71 -0.753896 0.305901 4.971462 -0.000001 0.000002 0.000000
    72 -1.101006 -0.314705 3.448307 0.000001 0.000001 0.000000
    73 5.809101 -1.029643 4.595047 1.570829 -0.000004 -1.321671
    74 -0.714908 -0.199657 5.028973 0.000000 0.000003 0.000000
    75 -0.282898 -0.851690 4.444889 0.000000 0.000000 0.000000
    76 9.578484 -1.290738 0.000240 0.000000 1.570770 -2.892481
    77 9.369518 -1.236408 1.787905 0.000000 1.570770 -2.892481
    78 9.436707 -1.331719 -1.409029 0.000000 1.570770 -2.892477
    79 5.735191 1.075235 -4.684885 -1.570814 0.000004 1.819923
    80 0.753901 0.305904 4.971474 -0.000001 -0.000002 0.000000
    81 1.101010 -0.314705 3.448315 0.000000 -0.000001 0.000000
    82 5.809341 -1.029617 -4.594752 -1.570814 0.000004 1.819922
    83 0.714908 -0.199655 5.028969 0.000000 -0.000003 0.000000
    84 0.282897 -0.851688 4.444893 0.000000 0.000000 0.000000
  time 8
    0 10.940559 11.593578 27.219782 1.518689 -0.031340 0.422301
    1 3.983847 0.002149 0.003401 -1.753941 -0.846652 -1.131653
    2 15.938816 -0.000100 -0.000005 -0.000009 -0.000002 1.452967
    3 17.707025 -0.000068 0.000003 -0.199097 0.317466 -1.562136
    4 6.202515 0.003416 -0.000367 -0.007306 -0.002960 -0.584341
    5 -3.983848 0.002149 0.003395 -1.200270 -0.965421 -2.268414
    6 15.938826 -0.000113 -0.000001 0.000002 0.000010 1.588614
    7 17.707031 0.000018 0.000000 0.410212 -0.188568 -1.232115
    8 6.203125 0.000000 0.000000 -0.081331 -0.002953 -0.584372
    9 -0.000001 4.209253 -1.688832 1.569117 -0.575159 1.573523
    10 3.836055 0.000000 0.000000 -0.013771 0.055777 0.099280
    11 3.617625 -0.000275 -0.000015 0.000084 0.069862 0.523417
    12 7.537925 0.003588 -0.000212 0.053592 0.040476 0.114414
    13 3.177734 0.000000 0.000000 3.137538 0.000823 0.400474
    14 2.966416 0.000318 0.000023 -0.159136 0.085772 1.691354
    15 2.023770 0.904983 0.850949 1.678503 -1.289706 2.853554
    16 4.980521 0.000781 -0.001089 -1.796574 -0.698879 -0.924828
    17 11.119977 0.000007 0.000004 -0.000003 -0.000001 -2.033552
    18 11.205393 -0.000039 0.000000 1.679280 -0.312606 0.233761
    19 3.767608 0.148800 0.074041 0.089823 0.185396 -0.326372
    20 2.037109 0.000000 0.000000 0.003643 -0.024192 -0.299242
    21 1.063284 -0.000008 0.000000 0.003618 -0.024177 -0.299189
    22 3.783203 -0.017258 0.794434 0.548046 0.085958 -0.316569
    23 1.628906 0.000000 0.000000 0.012406 -0.085556 -0.288089
    24 0.955566 -0.000008 0.000001 0.012406 -0.085556 -0.288099
    25 1.258789 -0.297852 1.251953 -1.378796 -0.581085 -0.486789
    26 1.392578 0.000004 -0.000002 -0.000054 -0.000328 0.324626
    27 1.099609 -0.000002 -0.000004 0.000000 0.000000 0.000000
    28 3.548828 0.198730 -1.489258 -0.571798 0.100828 -0.256377
    29 1.218750 0.000005 0.000000 -0.009972 0.067697 -0.292690
    30 0.679688 0.000001 0.000004 -0.009971 0.067689 -0.292686
    31 3.697042 0.266204 -0.725138 -0.097544 0.031574 -0.326833
    32 1.748047 0.000000 0.000000 -0.003161 0.020964 -0.299479
    33 0.959961 0.000004 0.000000 -0.003166 0.020972 -0.299671
    34 2.023778 0.904982 -0.850921 -2.102428 1.238475 2.489675
    35 4.981625 0.002227 0.003236 2.360345 0.547832 -0.450285
    36 11.119975 -0.000005 0.000000 0.000001 0.000002 -1.435888
    37 11.205375 0.000073 0.000008 -1.670377 0.319140 0.233999
    38 3.766600 0.148254 -0.075376 -0.089513 -0.188043 -0.324859
    39 2.036716 -0.000004 0.000000 -0.003272 0.021749 -0.299392
    40 1.066406 0.000006 -0.000002 -0.003280 0.021741 -0.299428
    41 3.780812 -0.024988 -0.795569 -0.547791 -0.088525 -0.315894
    42 1.628906 0.000000 -0.000001 -0.012095 0.083240 -0.288751
    43 0.955566 0.000000 0.000000 -0.012097 0.083232 -0.288763
    44 1.258789 -0.308350 -1.250000 1.375719 0.577181 -0.491578
    45 1.392578 -0.000003 0.000004 0.000351 0.002142 0.324620
    46 1.099609 0.000003 -0.000006 0.000000 0.000000 0.000000
    47 3.548828 0.211304 1.487305 0.571268 -0.102934 -0.255551
    48 1.218750 0.000005 -0.000002 0.010274 -0.069875 -0.292188
    49 0.681767 0.000000 -0.000002 0.010262 -0.069867 -0.292175
    50 3.697266 0.273682 0.726563 0.097886 -0.034228 -0.326615
    51 1.748047 -0.000011 0.000002 0.003526 -0.023385 -0.299307
    52 0.956684 0.000004 0.000002 0.003515 -0.023396 -0.299497
    53 -3.756462 5.577850 2.053357 1.570803 -0.000001 0.000000
    54 -2.735646 -0.081365 5.727119 0.000007 0.000015 1.570796
    55 0.000001 5.662003 -0.974302 1.570804 -0.000001 0.000000
    56 -0.000002 -2.275002 5.113525 0.000000 0.000000 -3.141592
    57 -2.477620 5.416855 4.597564 1.570804 -0.000001 0.000000
    58 -1.515218 1.317776 5.998497 0.000000 0.000000 0.000000
    59 -2.455992 5.657928 -0.087295 1.570804 -0.000001 0.000000
    60 -1.485628 -1.617812 5.263969 0.000000 0.000000 3.141592
    61 3.756460 5.577858 2.053359 1.570803 -0.000001 0.000000
    62 2.735645 -0.081364 5.727116 0.000004 -0.000011 -1.570795
    63 2.477613 5.416855 4.597570 1.570804 -0.000001 0.000000
    64 1.515220 1.317777 5.998508 0.000000 0.000000 0.000000
    65 2.455991 5.657928 -0.087293 1.570804 -0.000001 0.000000
    66 1.485620 -1.617803 5.263973 0.000000 0.000000 -3.141592
    67 4.575642 5.632584 0.000132 0.000000 -1.570771 0.249128
    68 -0.000001 0.314078 5.161098 0.000000 0.000000 0.000000
    69 -0.000001 -0.323108 3.750217 0.000000 0.000000 0.000000
    70 5.734947 1.075212 4.685178 1.570830 -0.000004 -1.321669
    71 -0.753896 0.305901 4.971462 -0.000001 0.000002 0.000000
    72 -1.101006 -0.314705 3.448307 0.000001 0.000001 0.000000
    73 5.809101 -1.029643 4.595047 1.570829 -0.000004 -1.321671
    74 -0.714908 -0.199657 5.028973 0.000000 0.000003 0.000000
    75 -0.282898 -0.851690 4.444889 0.000000 0.000000 0.000000
    76 9.578484 -1.290738 0.000240 0.000000 1.570770 -2.892481
    77 9.369518 -1.236408 1.787905 0.000000 1.570770 -2.892481
    78 9.436707 -1.331719 -1.409029 0.000000 1.570770 -2.892477
    79 5.735191 1.075235 -4.684885 -1.570814 0.000004 1.819923
    80 0.753901 0.305904 4.971474 -0.000001 -0.000002 0.000000
    81 1.101010 -0.314705 3.448315 0.000000 -0.000001 0.000000
    82 5.809341 -1.029617 -4.594752 -1.570814 0.000004 1.819922
    83 0.714908 -0.199655 5.028969 0.000000 -0.000003 0.000000
    84 0.282897 -0.851688 4.444893 0.000000 0.000000 0.000000
  time 9
    0 13.189585 13.506657 27.473696 1.541219 -0.026462 0.397636
    1 3.983847 0.002149 0.003401 -1.807807 -0.915227 -1.186906
    2 15.938816 -0.000100 -0.000005 -0.000009 -0.000002 1.503138
    3 17.707025 -0.000068 0.000003 -0.102266 0.267140 -1.539590
    4 6.202515 0.003416 -0.000367 -0.007306 -0.002960 -0.584341
    5 -3.983848 0.002149 0.003395 -1.031170 -0.967096 -2.361248
    6 15.938826 -0.000113 -0.000001 0.000002 0.000010 1.552023
    7 17.707031 0.000018 0.000000 0.349554 -0.154269 -1.138325
    8 6.203125 0.000000 0.000000 -0.081331 -0.002953 -0.584372
    9 -0.000001 4.209253 -1.688832 1.567535 -0.575159 1.576591
    10 3.836055 0.000000 0.000000 -0.005261 0.049797 0.097842
    11 3.617625 -0.000275 -0.000015 0.005334 0.059112 0.524177
    12 7.537925 0.003588 -0.000212 0.045203 0.026741 0.120394
    13 3.177734 0.000000 0.000000 3.137538 0.000823 0.400474
    14 2.966416 0.000318 0.000023 -0.150639 0.053713 1.711413
    15 2.023770 0.904983 0.850949 1.732853 -1.298297 2.797268
    16 4.980521 0.000781 -0.001089 -1.836979 -0.676816 -0.894014
    17 11.119977 0.000007 0.000004 -0.000003 -0.000001 -1.989925
    18 11.205393 -0.000039 0.000000 1.678896 -0.313299 0.233713
    19 3.767608 0.148800 0.074041 0.089823 0.185396 -0.326372
    20 2.037109 0.000000 0.000000 0.003643 -0.024192 -0.299242
    21 1.063284 -0.000008 0.000000 0.003618 -0.024177 -0.299189
    22 3.783203 -0.017258 0.794434 0.548046 0.085958 -0.316569
    23 1.628906 0.000000 0.000000 0.012406 -0.085556 -0.288089
    24 0.955566 -0.000008 0.000001 0.012406 -0.085556 -0.288099
    25 1.258789 -0.297852 1.251953 -1.378796 -0.581085 -0.486789
    26 1.392578 0.000004 -0.000002 -0.000054 -0.000328 0.324626
    27 1.099609 -0.000002 -0.000004 0.000000 0.000000 0.000000
    28 3.548828 0.198730 -1.489258 -0.571798 0.100828 -0.256377
    29 1.218750 0.000005 0.000000 -0.009972 0.067697 -0.292690
    30 0.679688 0.000001 0.000004 -0.009971 0.067689 -0.292686
    31 3.697042 0.266204 -0.725138 -0.097568 0.031574 -0.326833
    32 1.748047 0.000000 0.000000 -0.003161 0.020964 -0.299479
    33 0.959961 0.000004 0.000000 -0.003166 0.020972 -0.299671
    34 2.023778 0.904982 -0.850921 -2.118711 1.250690 2.472515
    35 4.981625 0.002227 0.003236 2.399146 0.541017 -0.435624
    36 11.119975 -0.000005 0.000000 0.000001 0.000002 -1.417538
    37 11.205375 0.000073 0.000008 -1.670568 0.319391 0.234119
    38 3.766600 0.148254 -0.075376 -0.089513 -0.188043 -0.324859
    39 2.036716 -0.000004 0.000000 -0.003272 0.021749 -0.299392
    40 1.066406 0.000006 -0.000002 -0.003280 0.021741 -0.299428
    41 3.780812 -0.024988 -0.795569 -0.547791 -0.088513 -0.315894
    42 1.628906 0.000000 -0.000001 -0.012095 0.083240 -0.288751
    43 0.955566 0.000000 0.000000 -0.012097 0.083232 -0.288763
    44 1.258789 -0.308350 -1.250000 1.375719 0.577181 -0.491578
    45 1.392578 -0.000003 0.000004 0.000351 0.002142 0.324620
    46 1.099609 0.000003 -0.000006 0.000000 0.000000 0.000000
    47 3.548828 0.211304 1.487305 0.571268 -0.102934 -0.255551
    48 1.218750 0.000005 -0.000002 0.010274 -0.069875 -0.292188
    49 0.681767 0.000000 -0.000002 0.010262 -0.069867 -0.292175
    50 3.697266 0.273682 0.726563 0.097886 -0.034228 -0.326615
    51 1.748047 -0.000011 0.000002 0.003526 -0.023385 -0.299307
    52 0.956684 0.000004 0.000002 0.003515 -0.023396 -0.299497
    53 -3.756462 5.577850 2.053357 1.570803 -0.000001 0.000000
    54 -2.735646 -0.081365 5.727119 0.000007 0.000015 1.570796
    55 0.000001 5.662003 -0.974302 1.570804 -0.000001 0.000000
    56 -0.000002 -2.275002 5.113525 0.000000 0.000000 -3.141592
    57 -2.477620 5.416855 4.597564 1.570804 -0.000001 0.000000
    58 -1.515218 1.317776 5.998497 0.000000 0.000000 0.000000
    59 -2.455992 5.657928 -0.087295 1.570804 -0.000001 0.000000
    60 -1.485628 -1.617812 5.263969 0.000000 0.000000 3.141592
    61 3.756460 5.577858 2.053359 1.570803 -0.000001 0.000000
    62 2.735645 -0.081364 5.727116 0.000004 -0.000011 -1.570795
    63 2.477613 5.416855 4.597570 1.570804 -0.000001 0.000000
    64 1.515220 1.317777 5.998508 0.000000 0.000000 0.000000
    65 2.455991 5.657928 -0.087293 1.570804 -0.000001 0.000000
    66 1.485620 -1.617803 5.263973 0.000000 0.000000 -3.141592
    67 4.575642 5.632584 0.000132 0.000000 -1.570771 0.249128
    68 -0.000001 0.314078 5.161098 0.000000 0.000000 0.000000
    69 -0.000001 -0.323108 3.750217 0.000000 0.000000 0.000000
    70 5.734947 1.075212 4.685178 1.570830 -0.000004 -1.321669
    71 -0.753896 0.305901 4.971462 -0.000001 0.000002 0.000000
    72 -1.101006 -0.314705 3.448307 0.000001 0.000001 0.000000
    73 5.809101 -1.029643 4.595047 1.570829 -0.000004 -1.321671
    74 -0.714908 -0.199657 5.028973 0.000000 0.000003 0.000000
    75 -0.282898 -0.851690 4.444889 0.000000 0.000000 0.000000
    76 9.578484 -1.290738 0.000240 0.000000 1.570770 -2.892481
    77 9.369518 -1.236408 1.787905 0.000000 1.570770 -2.892481
    78 9.436707 -1.331719 -1.409029 0.000000 1.570770 -2.892477
    79 5.735191 1.075235 -4.684885 -1.570814 0.000004 1.819923
    80 0.753901 0.305904 4.971474 -0.000001 -0.000002 0.000000
    81 1.101010 -0.314705 3.448315 0.000000 -0.000001 0.000000
    82 5.809341 -1.029617 -4.594752 -1.570814 0.000004 1.819922
    83 0.714908 -0.199655 5.028969 0.000000 -0.000003 0.000000
    84 0.282897 -0.851688 4.444893 0.000000 0.000000 0.000000
  time 10
    0 15.325327 15.404110 27.911210 1.590881 -0.024149 0.354759
    1 3.983847 0.002149 0.003401 -1.929884 -1.019135 -1.291600
    2 15.938816 -0.000100 -0.000005 -0.000009 -0.000002 1.505305
    3 17.707025 -0.000068 0.000003 0.092607 0.178157 -1.460356
    4 6.202515 0.003416 -0.000367 -0.007306 -0.002960 -0.584341
    5 -3.983848 0.002149 0.003395 -0.581766 -0.924498 -2.572959
    6 15.938826 -0.000113 -0.000001 0.000002 0.000010 1.520155
    7 17.707031 0.000018 0.000000 0.118074 0.002468 -0.995596
    8 6.203125 0.000000 0.000000 -0.081331 -0.002953 -0.584372
    9 -0.000001 4.209253 -1.688832 1.565905 -0.575139 1.580330
    10 3.836055 0.000000 0.000000 0.010678 0.034433 0.094809
    11 3.617625 -0.000275 -0.000015 0.014178 0.032806 0.526416
    12 7.537925 0.003588 -0.000212 0.025345 -0.004610 0.135315
    13 3.177734 0.000000 0.000000 3.137538 0.000823 0.400474
    14 2.966416 0.000318 0.000023 -0.144538 -0.017703 1.756978
    15 2.023770 0.904983 0.850949 1.876653 -1.313768 2.648441
    16 4.980521 0.000781 -0.001089 -1.941889 -0.620681 -0.814688
    17 11.119977 0.000007 0.000004 -0.000003 -0.000001 -1.878255
    18 11.205393 -0.000039 0.000000 1.679088 -0.314710 0.233857
    19 3.767608 0.148800 0.074041 0.089823 0.185396 -0.326372
    20 2.037109 0.000000 0.000000 0.003643 -0.024192 -0.299242
    21 1.063284 -0.000008 0.000000 0.003618 -0.024177 -0.299189
    22 3.783203 -0.017258 0.794434 0.548046 0.085958 -0.316569
    23 1.628906 0.000000 0.000000 0.012406 -0.085556 -0.288089
    24 0.955566 -0.000008 0.000001 0.012406 -0.085556 -0.288099
    25 1.258789 -0.297852 1.251953 -1.378796 -0.581085 -0.486789
    26 1.392578 0.000004 -0.000002 -0.000054 -0.000328 0.324626
    27 1.099609 -0.000002 -0.000004 0.000000 0.000000 0.000000
    28 3.548828 0.198730 -1.489258 -0.571798 0.100828 -0.256377
    29 1.218750 0.000005 0.000000 -0.009972 0.067697 -0.292690
    30 0.679688 0.000001 0.000004 -0.009971 0.067689 -0.292686
    31 3.697042 0.266204 -0.725138 -0.097568 0.031574 -0.326833
    32 1.748047 0.000000 0.000000 -0.003161 0.020964 -0.299479
    33 0.959961 0.000004 0.000000 -0.003166 0.020972 -0.299671
    34 2.023778 0.904982 -0.850921 -2.159731 1.275038 2.429522
    35 4.981625 0.002227 0.003236 2.476851 0.505840 -0.417261
    36 11.119975 -0.000005 0.000000 0.000001 0.000002 -1.378631
    37 11.205375 0.000073 0.000008 -1.670281 0.319631 0.233999
    38 3.766600 0.148254 -0.075376 -0.089513 -0.188043 -0.324859
    39 2.036716 -0.000004 0.000000 -0.003272 0.021749 -0.299392
    40 1.066406 0.000006 -0.000002 -0.003280 0.021741 -0.299428
    41 3.780812 -0.024988 -0.795569 -0.547791 -0.088513 -0.315894
    42 1.628906 0.000000 -0.000001 -0.012095 0.083240 -0.288751
    43 0.955566 0.000000 0.000000 -0.012097 0.083232 -0.288763
    44 1.258789 -0.308350 -1.250000 1.375719 0.577181 -0.491578
    45 1.392578 -0.000003 0.000004 0.000351 0.002142 0.324620
    46 1.099609 0.000003 -0.000006 0.000000 0.000000 0.000000
    47 3.548828 0.211304 1.487305 0.571268 -0.102934 -0.255551
    48 1.218750 0.000005 -0.000002 0.010274 -0.069875 -0.292188
    49 0.681767 0.000000 -0.000002 0.010262 -0.069855 -0.292175
    50 3.697266 0.273682 0.726563 0.097886 -0.034228 -0.326615
    51 1.748047 -0.000011 0.000002 0.003526 -0.023385 -0.299307
    52 0.956684 0.000004 0.000002 0.003515 -0.023396 -0.299497
    53 -3.756462 5.577850 2.053357 1.570803 -0.000001 0.000000
    54 -2.735646 -0.081365 5.727119 0.000007 0.000015 1.570796
    55 0.000001 5.662003 -0.974302 1.570804 -0.000001 0.000000
    56 -0.000002 -2.275002 5.113525 0.000000 0.000000 -3.141592
    57 -2.477620 5.416855 4.597564 1.570804 -0.000001 0.000000
    58 -1.515218 1.317776 5.998497 0.000000 0.000000 0.000000
    59 -2.455992 5.657928 -0.087295 1.570804 -0.000001 0.000000
    60 -1.485628 -1.617812 5.263969 0.000000 0.000000 3.141592
    61 3.756460 5.577858 2.053359 1.570803 -0.000001 0.000000
    62 2.735645 -0.081364 5.727116 0.000004 -0.000011 -1.570795
    63 2.477613 5.416855 4.597570 1.570804 -0.000001 0.000000
    64 1.515220 1.317777 5.998508 0.000000 0.000000 0.000000
    65 2.455991 5.657928 -0.087293 1.570804 -0.000001 0.000000
    66 1.485620 -1.617803 5.263973 0.000000 0.000000 -3.141592
    67 4.575642 5.632584 0.000132 0.000000 -1.570771 0.249128
    68 -0.000001 0.314078 5.161098 0.000000 0.000000 0.000000
    69 -0.000001 -0.323108 3.750217 0.000000 0.000000 0.000000
    70 5.734947 1.075212 4.685178 1.570830 -0.000004 -1.321669
    71 -0.753896 0.305901 4.971462 -0.000001 0.000002 0.000000
    72 -1.101006 -0.314705 3.448307 0.000001 0.000001 0.000000
    73 5.809101 -1.029643 4.595047 1.570829 -0.000004 -1.321671
    74 -0.714908 -0.199657 5.028973 0.000000 0.000003 0.000000
    75 -0.282898 -0.851690 4.444889 0.000000 0.000000 0.000000
    76 9.578484 -1.290738 0.000240 0.000000 1.570770 -2.892481
    77 9.369518 -1.236408 1.787905 0.000000 1.570770 -2.892481
    78 9.436707 -1.331719 -1.409029 0.000000 1.570770 -2.892477
    79 5.735191 1.075235 -4.684885 -1.570814 0.000004 1.819923
    80 0.753901 0.305904 4.971474 -0.000001 -0.000002 0.000000
    81 1.101010 -0.314705 3.448315 0.000000 -0.000001 0.000000
    82 5.809341 -1.029617 -4.594752 -1.570814 0.000004 1.819922
    83 0.714908 -0.199655 5.028969 0.000000 -0.000003 0.000000
    84 0.282897 -0.851688 4.444893 0.000000 0.000000 0.000000
  time 11
    0 16.980585 17.012492 28.083090 1.593997 -0.034480 0.348561
    1 3.983847 0.002149 0.003401 -2.013675 -1.029148 -1.335140
    2 15.938816 -0.000100 -0.000005 -0.000009 -0.000002 1.473558
    3 17.707025 -0.000068 0.000003 0.205021 0.169013 -1.409756
    4 6.202515 0.003416 -0.000367 -0.007306 -0.002960 -0.584341
    5 -3.983848 0.002149 0.003395 -0.531227 -0.939055 -2.530242
    6 15.938826 -0.000113 -0.000001 0.000002 0.000010 1.705630
    7 17.707031 0.000018 0.000000 0.153004 0.034109 -1.260655
    8 6.203125 0.000000 0.000000 -0.081331 -0.002953 -0.584372
    9 -0.000001 4.209253 -1.688832 1.563268 -0.575119 1.585507
    10 3.836055 0.000000 0.000000 0.011793 0.033198 0.093216
    11 3.617625 -0.000275 -0.000015 0.014250 0.030996 0.525754
    12 7.537925 0.003588 -0.000212 0.022001 -0.006120 0.138143
    13 3.177734 0.000000 0.000000 3.137538 0.000823 0.400474
    14 2.966416 0.000318 0.000023 -0.167081 -0.001931 1.754300
    15 2.023770 0.904983 0.850949 1.865453 -1.294551 2.660042
    16 4.980521 0.000781 -0.001089 -1.936264 -0.574633 -0.811160
    17 11.119977 0.000007 0.000004 -0.000003 -0.000001 -1.887518
    18 11.205393 -0.000039 0.000000 1.679088 -0.314588 0.233857
    19 3.767608 0.148800 0.074041 0.089823 0.185396 -0.326372
    20 2.037109 0.000000 0.000000 0.003643 -0.024192 -0.299242
    21 1.063284 -0.000008 0.000000 0.003618 -0.024165 -0.299189
    22 3.783203 -0.017258 0.794434 0.548046 0.085958 -0.316569
    23 1.628906 0.000000 0.000000 0.012406 -0.085556 -0.288089
    24 0.955566 -0.000008 0.000001 0.012406 -0.085556 -0.288099
    25 1.258789 -0.297852 1.251953 -1.378796 -0.581085 -0.486789
    26 1.392578 0.000004 -0.000002 -0.000054 -0.000328 0.324626
    27 1.099609 -0.000002 -0.000004 0.000000 0.000000 0.000000
    28 3.548828 0.198730 -1.489258 -0.571798 0.100828 -0.256377
    29 1.218750 0.000005 0.000000 -0.009972 0.067697 -0.292690
    30 0.679688 0.000001 0.000004 -0.009971 0.067689 -0.292686
    31 3.697042 0.266204 -0.725138 -0.097568 0.031574 -0.326833
    32 1.748047 0.000000 0.000000 -0.003161 0.020964 -0.299479
    33 0.959961 0.000004 0.000000 -0.003166 0.020972 -0.299671
    34 2.023778 0.904982 -0.850921 -2.187025 1.288149 2.401071
    35 4.981625 0.002227 0.003236 2.475303 0.519251 -0.426751
    36 11.119975 -0.000005 0.000000 0.000001 0.000002 -1.394522
    37 11.205375 0.000073 0.000008 -1.670281 0.319511 0.233999
    38 3.766600 0.148254 -0.075376 -0.089513 -0.188043 -0.324859
    39 2.036716 -0.000004 0.000000 -0.003272 0.021749 -0.299433
    40 1.066406 0.000006 -0.000002 -0.003280 0.021741 -0.299428
    41 3.780812 -0.024988 -0.795569 -0.547791 -0.088513 -0.315894
    42 1.628906 0.000000 -0.000001 -0.012095 0.083240 -0.288751
    43 0.955566 0.000000 0.000000 -0.012097 0.083232 -0.288763
    44 1.258789 -0.308350 -1.250000 1.375719 0.577181 -0.491578
    45 1.392578 -0.000003 0.000004 0.000351 0.002142 0.324620
    46 1.099609 0.000003 -0.000006 0.000000 0.000000 0.000000
    47 3.548828 0.211304 1.487305 0.571268 -0.102934 -0.255551
    48 1.218750 0.000005 -0.000002 0.010274 -0.069875 -0.292188
    49 0.681767 0.000000 -0.000002 0.010262 -0.069855 -0.292175
    50 3.697266 0.273682 0.726563 0.097886 -0.034228 -0.326615
    51 1.748047 -0.000011 0.000002 0.003526 -0.023385 -0.299307
    52 0.956684 0.000004 0.000002 0.003515 -0.023396 -0.299497
    53 -3.756462 5.577850 2.053357 1.570803 -0.000001 0.000000
    54 -2.735646 -0.081365 5.727119 0.000007 0.000015 1.570796
    55 0.000001 5.662003 -0.974302 1.570804 -0.000001 0.000000
    56 -0.000002 -2.275002 5.113525 0.000000 0.000000 -3.141592
    57 -2.477620 5.416855 4.597564 1.570804 -0.000001 0.000000
    58 -1.515218 1.317776 5.998497 0.000000 0.000000 0.000000
    59 -2.455992 5.657928 -0.087295 1.570804 -0.000001 0.000000
    60 -1.485628 -1.617812 5.263969 0.000000 0.000000 3.141592
    61 3.756460 5.577858 2.053359 1.570803 -0.000001 0.000000
    62 2.735645 -0.081364 5.727116 0.000004 -0.000011 -1.570795
    63 2.477613 5.416855 4.597570 1.570804 -0.000001 0.000000
    64 1.515220 1.317777 5.998508 0.000000 0.000000 0.000000
    65 2.455991 5.657928 -0.087293 1.570804 -0.000001 0.000000
    66 1.485620 -1.617803 5.263973 0.000000 0.000000 -3.141592
    67 4.575642 5.632584 0.000132 0.000000 -1.570771 0.249128
    68 -0.000001 0.314078 5.161098 0.000000 0.000000 0.000000
    69 -0.000001 -0.323108 3.750217 0.000000 0.000000 0.000000
    70 5.734947 1.075212 4.685178 1.570830 -0.000004 -1.321669
    71 -0.753896 0.305901 4.971462 -0.000001 0.000002 0.000000
    72 -1.101006 -0.314705 3.448307 0.000001 0.000001 0.000000
    73 5.809101 -1.029643 4.595047 1.570829 -0.000004 -1.321671
    74 -0.714908 -0.199657 5.028973 0.000000 0.000003 0.000000
    75 -0.282898 -0.851690 4.444889 0.000000 0.000000 0.000000
    76 9.578484 -1.290738 0.000240 0.000000 1.570770 -2.892481
    77 9.369518 -1.236408 1.787905 0.000000 1.570770 -2.892481
    78 9.436707 -1.331719 -1.409029 0.000000 1.570770 -2.892477
    79 5.735191 1.075235 -4.684885 -1.570814 0.000004 1.819923
    80 0.753901 0.305904 4.971474 -0.000001 -0.000002 0.000000
    81 1.101010 -0.314705 3.448315 0.000000 -0.000001 0.000000
    82 5.809341 -1.029617 -4.594752 -1.570814 0.000004 1.819922
    83 0.714908 -0.199655 5.028969 0.000000 -0.000003 0.000000
    84 0.282897 -0.851688 4.444893 0.000000 0.000000 0.000000
  time 12
    0 18.499120 18.542746 28.313566 1.597784 -0.048526 0.348305
    1 3.983847 0.002149 0.003401 -2.058040 -1.028836 -1.408363
    2 15.938816 -0.000100 -0.000005 -0.000009 -0.000002 1.417586
    3 17.707025 -0.000068 0.000003 0.304688 0.155837 -1.354751
    4 6.202515 0.003416 -0.000367 -0.007306 -0.002960 -0.584341
    5 -3.983848 0.002149 0.003395 -0.554825 -0.950520 -2.410522
    6 15.938826 -0.000113 -0.000001 0.000002 0.000010 1.868243
    7 17.707031 0.000018 0.000000 0.178483 -0.005687 -1.232505
    8 6.203125 0.000000 0.000000 -0.081331 -0.002953 -0.584372
    9 -0.000001 4.209253 -1.688832 1.560488 -0.575058 1.591116
    10 3.836055 0.000000 0.000000 0.010307 0.032000 0.091370
    11 3.617625 -0.000275 -0.000015 0.011961 0.029522 0.524487
    12 7.537925 0.003588 -0.000212 0.018465 -0.007019 0.139869
    13 3.177734 0.000000 0.000000 3.137538 0.000823 0.400474
    14 2.966416 0.000318 0.000023 -0.187132 0.011192 1.749172
    15 2.023770 0.904983 0.850949 1.827103 -1.274397 2.700014
    16 4.980521 0.000781 -0.001089 -1.924860 -0.528517 -0.817505
    17 11.119977 0.000007 0.000004 -0.000003 -0.000001 -1.899411
    18 11.205393 -0.000039 0.000000 1.679088 -0.314442 0.233857
    19 3.767608 0.148800 0.074041 0.089811 0.185396 -0.326372
    20 2.037109 0.000000 0.000000 0.003643 -0.024192 -0.299242
    21 1.063284 -0.000008 0.000000 0.003618 -0.024177 -0.299189
    22 3.783203 -0.017258 0.794434 0.548046 0.085958 -0.316569
    23 1.628906 0.000000 0.000000 0.012406 -0.085556 -0.288089
    24 0.955566 -0.000008 0.000001 0.012406 -0.085556 -0.288099
    25 1.258789 -0.297852 1.251953 -1.378796 -0.581085 -0.486789
    26 1.392578 0.000004 -0.000002 -0.000054 -0.000328 0.324626
    27 1.099609 -0.000002 -0.000004 0.000000 0.000000 0.000000
    28 3.548828 0.198730 -1.489258 -0.571798 0.100828 -0.256377
    29 1.218750 0.000005 0.000000 -0.009972 0.067697 -0.292690
    30 0.679688 0.000001 0.000004 -0.009971 0.067689 -0.292686
    31 3.697042 0.266204 -0.725138 -0.097568 0.031574 -0.326833
    32 1.748047 0.000000 0.000000 -0.003161 0.020964 -0.299479
    33 0.959961 0.000004 0.000000 -0.003166 0.020972 -0.299671
    34 2.023778 0.904982 -0.850921 -2.224810 1.298491 2.361692
    35 4.981625 0.002227 0.003236 2.464623 0.524775 -0.444350
    36 11.119975 -0.000005 0.000000 0.000001 0.000002 -1.415836
    37 11.205375 0.000073 0.000008 -1.670281 0.319344 0.233999
    38 3.766600 0.148254 -0.075376 -0.089513 -0.188043 -0.324859
    39 2.036716 -0.000004 0.000000 -0.003272 0.021749 -0.299392
    40 1.066406 0.000006 -0.000002 -0.003280 0.021741 -0.299428
    41 3.780812 -0.024988 -0.795569 -0.547791 -0.088513 -0.315894
    42 1.628906 0.000000 -0.000001 -0.012095 0.083240 -0.288751
    43 0.955566 0.000000 0.000000 -0.012097 0.083232 -0.288763
    44 1.258789 -0.308350 -1.250000 1.375719 0.577181 -0.491578
    45 1.392578 -0.000003 0.000004 0.000351 0.002142 0.324620
    46 1.099609 0.000003 -0.000006 0.000000 0.000000 0.000000
    47 3.548828 0.211304 1.487305 0.571268 -0.102934 -0.255551
    48 1.218750 0.000005 -0.000002 0.010274 -0.069875 -0.292188
    49 0.681767 0.000000 -0.000002 0.010262 -0.069855 -0.292175
    50 3.697266 0.273682 0.726563 0.097886 -0.034228 -0.326615
    51 1.748047 -0.000011 0.000002 0.003526 -0.023385 -0.299307
    52 0.956684 0.000004 0.000002 0.003515 -0.023396 -0.299497
    53 -3.756462 5.577850 2.053357 1.570803 -0.000001 0.000000
    54 -2.735646 -0.081365 5.727119 0.000007 0.000015 1.570796
    55 0.000001 5.662003 -0.974302 1.570804 -0.000001 0.000000
    56 -0.000002 -2.275002 5.113525 0.000000 0.000000 -3.141592
    57 -2.477620 5.416855 4.597564 1.570804 -0.000001 0.000000
    58 -1.515218 1.317776 5.998497 0.000000 0.000000 0.000000
    59 -2.455992 5.657928 -0.087295 1.570804 -0.000001 0.000000
    60 -1.485628 -1.617812 5.263969 0.000000 0.000000 3.141592
    61 3.756460 5.577858 2.053359 1.570803 -0.000001 0.000000
    62 2.735645 -0.081364 5.727116 0.000004 -0.000011 -1.570795
    63 2.477613 5.416855 4.597570 1.570804 -0.000001 0.000000
    64 1.515220 1.317777 5.998508 0.000000 0.000000 0.000000
    65 2.455991 5.657928 -0.087293 1.570804 -0.000001 0.000000
    66 1.485620 -1.617803 5.263973 0.000000 0.000000 -3.141592
    67 4.575642 5.632584 0.000132 0.000000 -1.570771 0.249128
    68 -0.000001 0.314078 5.161098 0.000000 0.000000 0.000000
    69 -0.000001 -0.323108 3.750217 0.000000 0.000000 0.000000
    70 5.734947 1.075212 4.685178 1.570830 -0.000004 -1.321669
    71 -0.753896 0.305901 4.971462 -0.000001 0.000002 0.000000
    72 -1.101006 -0.314705 3.448307 0.000001 0.000001 0.000000
    73 5.809101 -1.029643 4.595047 1.570829 -0.000004 -1.321671
    74 -0.714908 -0.199657 5.028973 0.000000 0.000003 0.000000
    75 -0.282898 -0.851690 4.444889 0.000000 0.000000 0.000000
    76 9.578484 -1.290738 0.000240 0.000000 1.570770 -2.892481
    77 9.369518 -1.236408 1.787905 0.000000 1.570770 -2.892481
    78 9.436707 -1.331719 -1.409029 0.000000 1.570770 -2.892477
    79 5.735191 1.075235 -4.684885 -1.570814 0.000004 1.819923
    80 0.753901 0.305904 4.971474 -0.000001 -0.000002 0.000000
    81 1.101010 -0.314705 3.448315 0.000000 -0.000001 0.000000
    82 5.809341 -1.029617 -4.594752 -1.570814 0.000004 1.819922
    83 0.714908 -0.199655 5.028969 0.000000 -0.000003 0.000000
    84 0.282897 -0.851688 4.444893 0.000000 0.000000 0.000000
  time 13
    0 19.955154 20.069094 28.629982 1.603537 -0.088590 0.353225
    1 3.983847 0.002149 0.003401 -2.061080 -1.005696 -1.546227
    2 15.938816 -0.000100 -0.000005 -0.000009 -0.000002 1.312656
    3 17.707025 -0.000068 0.000003 0.402234 0.145441 -1.281819
    4 6.202515 0.003416 -0.000367 -0.007306 -0.002960 -0.584341
    5 -3.983848 0.002149 0.003395 -0.640139 -0.938583 -2.234783
    6 15.938826 -0.000113 -0.000001 0.000002 0.000010 1.945582
    7 17.707031 0.000018 0.000000 0.114107 -0.010202 -1.316955
    8 6.203125 0.000000 0.000000 -0.081331 -0.002953 -0.584372
    9 -0.000001 4.209253 -1.688832 1.575732 -0.575159 1.567196
    10 3.836055 0.000000 0.000000 0.006507 0.031353 0.089896
    11 3.617625 -0.000275 -0.000015 0.007683 0.028959 0.523121
    12 7.537925 0.003588 -0.000212 0.015230 -0.007163 0.140097
    13 3.177734 0.000000 0.000000 3.137538 0.000823 0.400474
    14 2.966416 0.000318 0.000023 -0.203491 0.022038 1.742410
    15 2.023770 0.904983 0.850949 1.769853 -1.253836 2.759563
    16 4.980521 0.000781 -0.001089 -1.905663 -0.493230 -0.838048
    17 11.119977 0.000007 0.000004 -0.000003 -0.000001 -1.917651
    18 11.205393 -0.000039 0.000000 1.687155 -0.313335 0.236338
    19 3.767608 0.148800 0.074041 0.089823 0.185396 -0.326372
    20 2.037109 0.000000 0.000000 0.003643 -0.024192 -0.299242
    21 1.063284 -0.000008 0.000000 0.003618 -0.024177 -0.299189
    22 3.783203 -0.017258 0.794434 0.548046 0.085958 -0.316569
    23 1.628906 0.000000 0.000000 0.012406 -0.085556 -0.288089
    24 0.955566 -0.000008 0.000001 0.012406 -0.085556 -0.288099
    25 1.258789 -0.297852 1.251953 -1.378796 -0.581085 -0.486789
    26 1.392578 0.000004 -0.000002 -0.000054 -0.000328 0.324626
    27 1.099609 -0.000002 -0.000004 0.000000 0.000000 0.000000
    28 3.548828 0.198730 -1.489258 -0.571798 0.100828 -0.256377
    29 1.218750 0.000005 0.000000 -0.009972 0.067697 -0.292690
    30 0.679688 0.000001 0.000004 -0.009971 0.067689 -0.292686
    31 3.697042 0.266204 -0.725138 -0.097568 0.031574 -0.326833
    32 1.748047 0.000000 0.000000 -0.003161 0.020964 -0.299479
    33 0.959961 0.000004 0.000000 -0.003166 0.020972 -0.299671
    34 2.023778 0.904982 -0.850921 -2.239684 1.295030 2.345976
    35 4.981625 0.002227 0.003236 2.454768 0.522741 -0.441941
    36 11.119975 -0.000005 0.000000 0.000001 0.000002 -1.428006
    37 11.205375 0.000073 0.000008 -1.666416 0.317618 0.230224
    38 3.766600 0.148254 -0.075376 -0.089513 -0.188043 -0.324859
    39 2.036716 -0.000004 0.000000 -0.003272 0.021749 -0.299392
    40 1.066406 0.000006 -0.000002 -0.003280 0.021741 -0.299428
    41 3.780812 -0.024988 -0.795569 -0.547791 -0.088513 -0.315894
    42 1.628906 0.000000 -0.000001 -0.012095 0.083240 -0.288751
    43 0.955566 0.000000 0.000000 -0.012097 0.083232 -0.288763
    44 1.258789 -0.308350 -1.250000 1.375719 0.577181 -0.491578
    45 1.392578 -0.000003 0.000004 0.000351 0.002142 0.324620
    46 1.099609 0.000003 -0.000006 0.000000 0.000000 0.000000
    47 3.548828 0.211304 1.487305 0.571268 -0.102934 -0.255551
    48 1.218750 0.000005 -0.000002 0.010274 -0.069875 -0.292188
    49 0.681767 0.000000 -0.000002 0.010262 -0.069867 -0.292175
    50 3.697266 0.273682 0.726563 0.097886 -0.034228 -0.326615
    51 1.748047 -0.000011 0.000002 0.003526 -0.023385 -0.299307
    52 0.956684 0.000004 0.000002 0.003515 -0.023396 -0.299497
    53 -3.756462 5.577850 2.053357 1.570803 -0.000001 0.000000
    54 -2.735646 -0.081365 5.727119 0.000007 0.000015 1.570796
    55 0.000001 5.662003 -0.974302 1.570804 -0.000001 0.000000
    56 -0.000002 -2.275002 5.113525 0.000000 0.000000 -3.141592
    57 -2.477620 5.416855 4.597564 1.570804 -0.000001 0.000000
    58 -1.515218 1.317776 5.998497 0.000000 0.000000 0.000000
    59 -2.455992 5.657928 -0.087295 1.570804 -0.000001 0.000000
    60 -1.485628 -1.617812 5.263969 0.000000 0.000000 3.141592
    61 3.756460 5.577858 2.053359 1.570803 -0.000001 0.000000
    62 2.735645 -0.081364 5.727116 0.000004 -0.000011 -1.570795
    63 2.477613 5.416855 4.597570 1.570804 -0.000001 0.000000
    64 1.515220 1.317777 5.998508 0.000000 0.000000 0.000000
    65 2.455991 5.657928 -0.087293 1.570804 -0.000001 0.000000
    66 1.485620 -1.617803 5.263973 0.000000 0.000000 -3.141592
    67 4.575642 5.632584 0.000132 0.000000 -1.570771 0.249128
    68 -0.000001 0.314078 5.161098 0.000000 0.000000 0.000000
    69 -0.000001 -0.323108 3.750217 0.000000 0.000000 0.000000
    70 5.734947 1.075212 4.685178 1.570830 -0.000004 -1.321669
    71 -0.753896 0.305901 4.971462 -0.000001 0.000002 0.000000
    72 -1.101006 -0.314705 3.448307 0.000001 0.000001 0.000000
    73 5.809101 -1.029643 4.595047 1.570829 -0.000004 -1.321671
    74 -0.714908 -0.199657 5.028973 0.000000 0.000003 0.000000
    75 -0.282898 -0.851690 4.444889 0.000000 0.000000 0.000000
    76 9.578484 -1.290738 0.000240 0.000000 1.570770 -2.892481
    77 9.369518 -1.236408 1.787905 0.000000 1.570770 -2.892481
    78 9.436707 -1.331719 -1.409029 0.000000 1.570770 -2.892477
    79 5.735191 1.075235 -4.684885 -1.570814 0.000004 1.819923
    80 0.753901 0.305904 4.971474 -0.000001 -0.000002 0.000000
    81 1.101010 -0.314705 3.448315 0.000000 -0.000001 0.000000
    82 5.809341 -1.029617 -4.594752 -1.570814 0.000004 1.819922
    83 0.714908 -0.199655 5.028969 0.000000 -0.000003 0.000000
    84 0.282897 -0.851688 4.444893 0.000000 0.000000 0.000000
  time 14
    0 21.348685 21.669663 29.008900 1.609960 -0.129398 0.363833
    1 3.983847 0.002149 0.003401 -2.066115 -0.961641 -1.691332
    2 15.938816 -0.000100 -0.000005 -0.000009 -0.000002 1.171834
    3 17.707025 -0.000068 0.000003 0.509527 0.148920 -1.191051
    4 6.202515 0.003416 -0.000367 -0.007306 -0.002960 -0.584341
    5 -3.983848 0.002149 0.003395 -0.752968 -0.892077 -2.045836
    6 15.938826 -0.000113 -0.000001 0.000002 0.000010 1.921586
    7 17.707031 0.000018 0.000000 0.025840 0.009036 -1.426410
    8 6.203125 0.000000 0.000000 -0.081331 -0.002953 -0.584372
    9 -0.000001 4.209253 -1.688832 1.590113 -0.574998 1.544474
    10 3.836055 0.000000 0.000000 0.000875 0.031557 0.089416
    11 3.617625 -0.000275 -0.000015 0.001918 0.029582 0.522248
    12 7.537925 0.003588 -0.000212 0.012653 -0.006516 0.138862
    13 3.177734 0.000000 0.000000 3.137538 0.000823 0.400474
    14 2.966416 0.000318 0.000023 -0.215727 0.030667 1.735466
    15 2.023770 0.904983 0.850949 1.713303 -1.235474 2.818568
    16 4.980521 0.000781 -0.001089 -1.892659 -0.466276 -0.858420
    17 11.119977 0.000007 0.000004 -0.000003 -0.000001 -1.938121
    18 11.205393 -0.000039 0.000000 1.694886 -0.311961 0.238196
    19 3.767608 0.148800 0.074041 0.089823 0.185396 -0.326372
    20 2.037109 0.000000 0.000000 0.003643 -0.024192 -0.299242
    21 1.063284 -0.000008 0.000000 0.003618 -0.024165 -0.299189
    22 3.783203 -0.017258 0.794434 0.548046 0.085958 -0.316569
    23 1.628906 0.000000 0.000000 0.012406 -0.085556 -0.288089
    24 0.955566 -0.000008 0.000001 0.012406 -0.085556 -0.288099
    25 1.258789 -0.297852 1.251953 -1.378796 -0.581085 -0.486789
    26 1.392578 0.000004 -0.000002 -0.000054 -0.000328 0.324626
    27 1.099609 -0.000002 -0.000004 0.000000 0.000000 0.000000
    28 3.548828 0.198730 -1.489258 -0.571798 0.100828 -0.256377
    29 1.218750 0.000005 0.000000 -0.009972 0.067697 -0.292690
    30 0.679688 0.000001 0.000004 -0.009971 0.067689 -0.292686
    31 3.697042 0.266204 -0.725138 -0.097544 0.031574 -0.326833
    32 1.748047 0.000000 0.000000 -0.003161 0.020964 -0.299479
    33 0.959961 0.000004 0.000000 -0.003166 0.020972 -0.299671
    34 2.023778 0.904982 -0.850921 -2.224601 1.288475 2.361601
    35 4.981625 0.002227 0.003236 2.445790 0.524143 -0.428367
    36 11.119975 -0.000005 0.000000 0.000001 0.000002 -1.431537
    37 11.205375 0.000073 0.000008 -1.662980 0.316264 0.226725
    38 3.766600 0.148254 -0.075376 -0.089513 -0.188043 -0.324859
    39 2.036716 -0.000004 0.000000 -0.003272 0.021749 -0.299433
    40 1.066406 0.000006 -0.000002 -0.003280 0.021741 -0.299428
    41 3.780812 -0.024988 -0.795569 -0.547791 -0.088513 -0.315894
    42 1.628906 0.000000 -0.000001 -0.012095 0.083240 -0.288751
    43 0.955566 0.000000 0.000000 -0.012097 0.083232 -0.288763
    44 1.258789 -0.308350 -1.250000 1.375719 0.577181 -0.491578
    45 1.392578 -0.000003 0.000004 0.000351 0.002142 0.324620
    46 1.099609 0.000003 -0.000006 0.000000 0.000000 0.000000
    47 3.548828 0.211304 1.487305 0.571268 -0.102934 -0.255551
    48 1.218750 0.000005 -0.000002 0.010274 -0.069875 -0.292188
    49 0.681767 0.000000 -0.000002 0.010262 -0.069855 -0.292175
    50 3.697266 0.273682 0.726563 0.097886 -0.034228 -0.326615
    51 1.748047 -0.000011 0.000002 0.003526 -0.023385 -0.299307
    52 0.956684 0.000004 0.000002 0.003515 -0.023396 -0.299497
    53 -3.756462 5.577850 2.053357 1.570803 -0.000001 0.000000
    54 -2.735646 -0.081365 5.727119 0.000007 0.000015 1.570796
    55 0.000001 5.662003 -0.974302 1.570804 -0.000001 0.000000
    56 -0.000002 -2.275002 5.113525 0.000000 0.000000 -3.141592
    57 -2.477620 5.416855 4.597564 1.570804 -0.000001 0.000000
    58 -1.515218 1.317776 5.998497 0.000000 0.000000 0.000000
    59 -2.455992 5.657928 -0.087295 1.570804 -0.000001 0.000000
    60 -1.485628 -1.617812 5.263969 0.000000 0.000000 3.141592
    61 3.756460 5.577858 2.053359 1.570803 -0.000001 0.000000
    62 2.735645 -0.081364 5.727116 0.000004 -0.000011 -1.570795
    63 2.477613 5.416855 4.597570 1.570804 -0.000001 0.000000
    64 1.515220 1.317777 5.998508 0.000000 0.000000 0.000000
    65 2.455991 5.657928 -0.087293 1.570804 -0.000001 0.000000
    66 1.485620 -1.617803 5.263973 0.000000 0.000000 -3.141592
    67 4.575642 5.632584 0.000132 0.000000 -1.570771 0.249128
    68 -0.000001 0.314078 5.161098 0.000000 0.000000 0.000000
    69 -0.000001 -0.323108 3.750217 0.000000 0.000000 0.000000
    70 5.734947 1.075212 4.685178 1.570830 -0.000004 -1.321669
    71 -0.753896 0.305901 4.971462 -0.000001 0.000002 0.000000
    72 -1.101006 -0.314705 3.448307 0.000001 0.000001 0.000000
    73 5.809101 -1.029643 4.595047 1.570829 -0.000004 -1.321671
    74 -0.714908 -0.199657 5.028973 0.000000 0.000003 0.000000
    75 -0.282898 -0.851690 4.444889 0.000000 0.000000 0.000000
    76 9.578484 -1.290738 0.000240 0.000000 1.570770 -2.892481
    77 9.369518 -1.236408 1.787905 0.000000 1.570770 -2.892481
    78 9.436707 -1.331719 -1.409029 0.000000 1.570770 -2.892477
    79 5.735191 1.075235 -4.684885 -1.570814 0.000004 1.819923
    80 0.753901 0.305904 4.971474 -0.000001 -0.000002 0.000000
    81 1.101010 -0.314705 3.448315 0.000000 -0.000001 0.000000
    82 5.809341 -1.029617 -4.594752 -1.570814 0.000004 1.819922
    83 0.714908 -0.199655 5.028969 0.000000 -0.000003 0.000000
    84 0.282897 -0.851688 4.444893 0.000000 0.000000 0.000000
  time 15
    0 22.671902 23.360079 29.391724 1.613124 -0.158832 0.380063
    1 3.983847 0.002149 0.003401 -2.059750 -0.901343 -1.836258
    2 15.938816 -0.000100 -0.000005 -0.000009 -0.000002 1.002453
    3 17.707025 -0.000068 0.000003 0.615058 0.154925 -1.085600
    4 6.202515 0.003416 -0.000367 -0.007306 -0.002960 -0.584341
    5 -3.983848 0.002149 0.003395 -0.887197 -0.783394 -1.856982
    6 15.938826 -0.000113 -0.000001 0.000002 0.000010 1.711928
    7 17.707031 0.000018 0.000000 -0.079745 0.047207 -1.550037
    8 6.203125 0.000000 0.000000 -0.081331 -0.002953 -0.584372
    9 -0.000001 4.209253 -1.688832 1.594667 -0.574876 1.537091
    10 3.836055 0.000000 0.000000 -0.005969 0.032647 0.090399
    11 3.617625 -0.000275 -0.000015 -0.004686 0.031392 0.522445
    12 7.537925 0.003588 -0.000212 0.011059 -0.005030 0.136441
    13 3.177734 0.000000 0.000000 3.137538 0.000823 0.400474
    14 2.966416 0.000318 0.000023 -0.223996 0.037450 1.729703
    15 2.023770 0.904983 0.850949 1.676203 -1.225540 2.856999
    16 4.980521 0.000781 -0.001089 -1.889460 -0.449813 -0.875036
    17 11.119977 0.000007 0.000004 -0.000003 -0.000001 -1.952187
    18 11.205393 -0.000039 0.000000 1.697623 -0.311122 0.238483
    19 3.767608 0.148800 0.074041 0.089823 0.185396 -0.326372
    20 2.037109 0.000000 0.000000 0.003643 -0.024192 -0.299242
    21 1.063284 -0.000008 0.000000 0.003618 -0.024177 -0.299189
    22 3.783203 -0.017258 0.794434 0.548046 0.085958 -0.316569
    23 1.628906 0.000000 0.000000 0.012406 -0.085556 -0.288089
    24 0.955566 -0.000008 0.000001 0.012406 -0.085556 -0.288099
    25 1.258789 -0.297852 1.251953 -1.378796 -0.581085 -0.486789
    26 1.392578 0.000004 -0.000002 -0.000054 -0.000328 0.324626
    27 1.099609 -0.000002 -0.000004 0.000000 0.000000 0.000000
    28 3.548828 0.198730 -1.489258 -0.571798 0.100828 -0.256377
    29 1.218750 0.000005 0.000000 -0.009972 0.067697 -0.292690
    30 0.679688 0.000001 0.000004 -0.009971 0.067689 -0.292686
    31 3.697042 0.266204 -0.725138 -0.097568 0.031574 -0.326833
    32 1.748047 0.000000 0.000000 -0.003161 0.020964 -0.299479
    33 0.959961 0.000004 0.000000 -0.003166 0.020972 -0.299671
    34 2.023778 0.904982 -0.850921 -2.195115 1.289492 2.392672
    35 4.981625 0.002227 0.003236 2.435625 0.532690 -0.420346
    36 11.119975 -0.000005 0.000000 0.000001 0.000002 -1.428195
    37 11.205375 0.000073 0.000008 -1.662073 0.315892 0.225562
    38 3.766600 0.148254 -0.075376 -0.089513 -0.188043 -0.324859
    39 2.036716 -0.000004 0.000000 -0.003272 0.021749 -0.299433
    40 1.066406 0.000006 -0.000002 -0.003280 0.021741 -0.299428
    41 3.780812 -0.024988 -0.795569 -0.547791 -0.088513 -0.315894
    42 1.628906 0.000000 -0.000001 -0.012095 0.083240 -0.288751
    43 0.955566 0.000000 0.000000 -0.012097 0.083232 -0.288763
    44 1.258789 -0.308350 -1.250000 1.375719 0.577181 -0.491578
    45 1.392578 -0.000003 0.000004 0.000351 0.002142 0.324620
    46 1.099609 0.000003 -0.000006 0.000000 0.000000 0.000000
    47 3.548828 0.211304 1.487305 0.571268 -0.102934 -0.255551
    48 1.218750 0.000005 -0.000002 0.010274 -0.069875 -0.292188
    49 0.681767 0.000000 -0.000002 0.010262 -0.069855 -0.292175
    50 3.697266 0.273682 0.726563 0.097886 -0.034228 -0.326615
    51 1.748047 -0.000011 0.000002 0.003526 -0.023385 -0.299307
    52 0.956684 0.000004 0.000002 0.003515 -0.023396 -0.299497
    53 -3.756462 5.577850 2.053357 1.570803 -0.000001 0.000000
    54 -2.735646 -0.081365 5.727119 0.000007 0.000015 1.570796
    55 0.000001 5.662003 -0.974302 1.570804 -0.000001 0.000000
    56 -0.000002 -2.275002 5.113525 0.000000 0.000000 -3.141592
    57 -2.477620 5.416855 4.597564 1.570804 -0.000001 0.000000
    58 -1.515218 1.317776 5.998497 0.000000 0.000000 0.000000
    59 -2.455992 5.657928 -0.087295 1.570804 -0.000001 0.000000
    60 -1.485628 -1.617812 5.263969 0.000000 0.000000 3.141592
    61 3.756460 5.577858 2.053359 1.570803 -0.000001 0.000000
    62 2.735645 -0.081364 5.727116 0.000004 -0.000011 -1.570795
    63 2.477613 5.416855 4.597570 1.570804 -0.000001 0.000000
    64 1.515220 1.317777 5.998508 0.000000 0.000000 0.000000
    65 2.455991 5.657928 -0.087293 1.570804 -0.000001 0.000000
    66 1.485620 -1.617803 5.263973 0.000000 0.000000 -3.141592
    67 4.575642 5.632584 0.000132 0.000000 -1.570771 0.249128
    68 -0.000001 0.314078 5.161098 0.000000 0.000000 0.000000
    69 -0.000001 -0.323108 3.750217 0.000000 0.000000 0.000000
    70 5.734947 1.075212 4.685178 1.570830 -0.000004 -1.321669
    71 -0.753896 0.305901 4.971462 -0.000001 0.000002 0.000000
    72 -1.101006 -0.314705 3.448307 0.000001 0.000001 0.000000
    73 5.809101 -1.029643 4.595047 1.570829 -0.000004 -1.321671
    74 -0.714908 -0.199657 5.028973 0.000000 0.000003 0.000000
    75 -0.282898 -0.851690 4.444889 0.000000 0.000000 0.000000
    76 9.578484 -1.290738 0.000240 0.000000 1.570770 -2.892481
    77 9.369518 -1.236408 1.787905 0.000000 1.570770 -2.892481
    78 9.436707 -1.331719 -1.409029 0.000000 1.570770 -2.892477
    79 5.735191 1.075235 -4.684885 -1.570814 0.000004 1.819923
    80 0.753901 0.305904 4.971474 -0.000001 -0.000002 0.000000
    81 1.101010 -0.314705 3.448315 0.000000 -0.000001 0.000000
    82 5.809341 -1.029617 -4.594752 -1.570814 0.000004 1.819922
    83 0.714908 -0.199655 5.028969 0.000000 -0.000003 0.000000
    84 0.282897 -0.851688 4.444893 0.000000 0.000000 0.000000
  time 16
    0 23.944336 25.089558 29.661263 1.609385 -0.174795 0.401278
    1 3.983847 0.002149 0.003401 -2.109721 -0.972009 -1.758744
    2 15.938816 -0.000100 -0.000005 -0.000009 -0.000002 1.089470
    3 17.707025 -0.000068 0.000003 0.497716 0.251397 -0.925082
    4 6.202515 0.003416 -0.000367 -0.007306 -0.002960 -0.584341
    5 -3.983848 0.002149 0.003395 -0.995535 -0.641860 -1.693983
    6 15.938826 -0.000113 -0.000001 0.000002 0.000010 1.428268
    7 17.707031 0.000018 0.000000 -0.201673 0.072798 -1.683036
    8 6.203125 0.000000 0.000000 -0.081331 -0.002953 -0.584372
    9 -0.000001 4.209253 -1.688832 1.589106 -0.575018 1.545768
    10 3.836055 0.000000 0.000000 -0.013543 0.034373 0.092868
    11 3.617625 -0.000275 -0.000015 -0.011649 0.034172 0.523882
    12 7.537925 0.003588 -0.000212 0.010544 -0.002597 0.133277
    13 3.177734 0.000000 0.000000 3.137538 0.000823 0.400474
    14 2.966416 0.000318 0.000023 -0.229030 0.043167 1.725936
    15 2.023770 0.904983 0.850949 1.661703 -1.219636 2.872226
    16 4.980521 0.000781 -0.001089 -1.894878 -0.448329 -0.879247
    17 11.119977 0.000007 0.000004 -0.000003 -0.000001 -1.954074
    18 11.205393 -0.000039 0.000000 1.694358 -0.311572 0.237573
    19 3.767608 0.148800 0.074041 0.089823 0.185396 -0.326372
    20 2.037109 0.000000 0.000000 0.003643 -0.024192 -0.299242
    21 1.063284 -0.000008 0.000000 0.003618 -0.024177 -0.299189
    22 3.783203 -0.017258 0.794434 0.548046 0.085958 -0.316569
    23 1.628906 0.000000 0.000000 0.012406 -0.085556 -0.288089
    24 0.955566 -0.000008 0.000001 0.012406 -0.085556 -0.288099
    25 1.258789 -0.297852 1.251953 -1.378796 -0.581085 -0.486789
    26 1.392578 0.000004 -0.000002 -0.000054 -0.000328 0.324626
    27 1.099609 -0.000002 -0.000004 0.000000 0.000000 0.000000
    28 3.548828 0.198730 -1.489258 -0.571798 0.100828 -0.256377
    29 1.218750 0.000005 0.000000 -0.009972 0.067697 -0.292690
    30 0.679688 0.000001 0.000004 -0.009971 0.067689 -0.292686
    31 3.697042 0.266204 -0.725138 -0.097568 0.031574 -0.326833
    32 1.748047 0.000000 0.000000 -0.003161 0.020964 -0.299479
    33 0.959961 0.000004 0.000000 -0.003166 0.020972 -0.299671
    34 2.023778 0.904982 -0.850921 -2.146997 1.290592 2.443070
    35 4.981625 0.002227 0.003236 2.425409 0.543627 -0.414499
    36 11.119975 -0.000005 0.000000 0.000001 0.000002 -1.422331
    37 11.205375 0.000073 0.000008 -1.663648 0.316515 0.227024
    38 3.766600 0.148254 -0.075376 -0.089513 -0.188055 -0.324859
    39 2.036716 -0.000004 0.000000 -0.003272 0.021749 -0.299433
    40 1.066406 0.000006 -0.000002 -0.003280 0.021741 -0.299428
    41 3.780812 -0.024988 -0.795569 -0.547791 -0.088513 -0.315894
    42 1.628906 0.000000 -0.000001 -0.012095 0.083240 -0.288751
    43 0.955566 0.000000 0.000000 -0.012097 0.083232 -0.288763
    44 1.258789 -0.308350 -1.250000 1.375719 0.577181 -0.491578
    45 1.392578 -0.000003 0.000004 0.000351 0.002142 0.324620
    46 1.099609 0.000003 -0.000006 0.000000 0.000000 0.000000
    47 3.548828 0.211304 1.487305 0.571268 -0.102934 -0.255551
    48 1.218750 0.000005 -0.000002 0.010274 -0.069875 -0.292188
    49 0.681767 0.000000 -0.000002 0.010262 -0.069867 -0.292175
    50 3.697266 0.273682 0.726563 0.097886 -0.034228 -0.326615
    51 1.748047 -0.000011 0.000002 0.003526 -0.023385 -0.299307
    52 0.956684 0.000004 0.000002 0.003515 -0.023396 -0.299510
    53 -3.756462 5.577850 2.053357 1.570803 -0.000001 0.000000
    54 -2.735646 -0.081365 5.727119 0.000007 0.000015 1.570796
    55 0.000001 5.662003 -0.974302 1.570804 -0.000001 0.000000
    56 -0.000002 -2.275002 5.113525 0.000000 0.000000 -3.141592
    57 -2.477620 5.416855 4.597564 1.570804 -0.000001 0.000000
    58 -1.515218 1.317776 5.998497 0.000000 0.000000 0.000000
    59 -2.455992 5.657928 -0.087295 1.570804 -0.000001 0.000000
    60 -1.485628 -1.617812 5.263969 0.000000 0.000000 3.141592
    61 3.756460 5.577858 2.053359 1.570803 -0.000001 0.000000
    62 2.735645 -0.081364 5.727116 0.000004 -0.000011 -1.570795
    63 2.477613 5.416855 4.597570 1.570804 -0.000001 0.000000
    64 1.515220 1.317777 5.998508 0.000000 0.000000 0.000000
    65 2.455991 5.657928 -0.087293 1.570804 -0.000001 0.000000
    66 1.485620 -1.617803 5.263973 0.000000 0.000000 -3.141592
    67 4.575642 5.632584 0.000132 0.000000 -1.570771 0.249128
    68 -0.000001 0.314078 5.161098 0.000000 0.000000 0.000000
    69 -0.000001 -0.323108 3.750217 0.000000 0.000000 0.000000
    70 5.734947 1.075212 4.685178 1.570830 -0.000004 -1.321669
    71 -0.753896 0.305901 4.971462 -0.000001 0.000002 0.000000
    72 -1.101006 -0.314705 3.448307 0.000001 0.000001 0.000000
    73 5.809101 -1.029643 4.595047 1.570829 -0.000004 -1.321671
    74 -0.714908 -0.199657 5.028973 0.000000 0.000003 0.000000
    75 -0.282898 -0.851690 4.444889 0.000000 0.000000 0.000000
    76 9.578484 -1.290738 0.000240 0.000000 1.570770 -2.892481
    77 9.369518 -1.236408 1.787905 0.000000 1.570770 -2.892481
    78 9.436707 -1.331719 -1.409029 0.000000 1.570770 -2.892477
    79 5.735191 1.075235 -4.684885 -1.570814 0.000004 1.819923
    80 0.753901 0.305904 4.971474 -0.000001 -0.000002 0.000000
    81 1.101010 -0.314705 3.448315 0.000000 -0.000001 0.000000
    82 5.809341 -1.029617 -4.594752 -1.570814 0.000004 1.819922
    83 0.714908 -0.199655 5.028969 0.000000 -0.000003 0.000000
    84 0.282897 -0.851688 4.444893 0.000000 0.000000 0.000000
  time 17
    0 25.185519 26.744816 29.723765 1.598791 -0.178714 0.424218
    1 3.983847 0.002149 0.003401 -2.187432 -1.049662 -1.611493
    2 15.938816 -0.000100 -0.000005 -0.000009 -0.000002 1.202625
    3 17.707025 -0.000068 0.000003 0.358293 0.395140 -0.765053
    4 6.202515 0.003416 -0.000367 -0.007306 -0.002960 -0.584341
    5 -3.983848 0.002149 0.003395 -1.062984 -0.522097 -1.582226
    6 15.938826 -0.000113 -0.000001 0.000002 0.000010 1.196566
    7 17.707031 0.000018 0.000000 -0.302838 0.078312 -1.794113
    8 6.203125 0.000000 0.000000 -0.081331 -0.002953 -0.584372
    9 -0.000001 4.209253 -1.688832 1.576787 -0.575159 1.565038
    10 3.836055 0.000000 0.000000 -0.021297 0.036326 0.096391
    11 3.617625 -0.000275 -0.000015 -0.018384 0.037528 0.526219
    12 7.537925 0.003588 -0.000212 0.011383 0.000903 0.129742
    13 3.177734 0.000000 0.000000 3.137538 0.000823 0.400474
    14 2.966416 0.000318 0.000023 -0.231942 0.048884 1.723848
    15 2.023770 0.904983 0.850949 1.663453 -1.218455 2.870413
    16 4.980521 0.000781 -0.001089 -1.907160 -0.457910 -0.872419
    17 11.119977 0.000007 0.000004 -0.000003 -0.000001 -1.943953
    18 11.205393 -0.000039 0.000000 1.687251 -0.312800 0.235907
    19 3.767608 0.148800 0.074041 0.089823 0.185396 -0.326372
    20 2.037109 0.000000 0.000000 0.003643 -0.024192 -0.299242
    21 1.063284 -0.000008 0.000000 0.003618 -0.024177 -0.299189
    22 3.783203 -0.017258 0.794434 0.548046 0.085958 -0.316569
    23 1.628906 0.000000 0.000000 0.012406 -0.085556 -0.288089
    24 0.955566 -0.000008 0.000001 0.012406 -0.085556 -0.288099
    25 1.258789 -0.297852 1.251953 -1.378796 -0.581085 -0.486789
    26 1.392578 0.000004 -0.000002 -0.000054 -0.000328 0.324626
    27 1.099609 -0.000002 -0.000004 0.000000 0.000000 0.000000
    28 3.548828 0.198730 -1.489258 -0.571798 0.100828 -0.256377
    29 1.218750 0.000005 0.000000 -0.009972 0.067697 -0.292690
    30 0.679688 0.000001 0.000004 -0.009971 0.067689 -0.292686
    31 3.697042 0.266204 -0.725138 -0.097568 0.031574 -0.326833
    32 1.748047 0.000000 0.000000 -0.003161 0.020964 -0.299479
    33 0.959961 0.000004 0.000000 -0.003166 0.020972 -0.299671
    34 2.023778 0.904982 -0.850921 -2.103471 1.289167 2.488592
    35 4.981625 0.002227 0.003236 2.412510 0.548629 -0.418524
    36 11.119975 -0.000005 0.000000 0.000001 0.000002 -1.420880
    37 11.205375 0.000073 0.000008 -1.666750 0.317786 0.230224
    38 3.766600 0.148254 -0.075376 -0.089513 -0.188043 -0.324859
    39 2.036716 -0.000004 0.000000 -0.003272 0.021749 -0.299392
    40 1.066406 0.000006 -0.000002 -0.003280 0.021741 -0.299428
    41 3.780812 -0.024988 -0.795569 -0.547791 -0.088525 -0.315894
    42 1.628906 0.000000 -0.000001 -0.012095 0.083240 -0.288751
    43 0.955566 0.000000 0.000000 -0.012097 0.083232 -0.288763
    44 1.258789 -0.308350 -1.250000 1.375719 0.577181 -0.491578
    45 1.392578 -0.000003 0.000004 0.000351 0.002142 0.324620
    46 1.099609 0.000003 -0.000006 0.000000 0.000000 0.000000
    47 3.548828 0.211304 1.487305 0.571268 -0.102934 -0.255551
    48 1.218750 0.000005 -0.000002 0.010274 -0.069875 -0.292188
    49 0.681767 0.000000 -0.000002 0.010262 -0.069855 -0.292175
    50 3.697266 0.273682 0.726563 0.097886 -0.034228 -0.326615
    51 1.748047 -0.000011 0.000002 0.003526 -0.023385 -0.299307
    52 0.956684 0.000004 0.000002 0.003515 -0.023396 -0.299497
    53 -3.756462 5.577850 2.053357 1.570803 -0.000001 0.000000
    54 -2.735646 -0.081365 5.727119 0.000007 0.000015 1.570796
    55 0.000001 5.662003 -0.974302 1.570804 -0.000001 0.000000
    56 -0.000002 -2.275002 5.113525 0.000000 0.000000 -3.141592
    57 -2.477620 5.416855 4.597564 1.570804 -0.000001 0.000000
    58 -1.515218 1.317776 5.998497 0.000000 0.000000 0.000000
    59 -2.455992 5.657928 -0.087295 1.570804 -0.000001 0.000000
    60 -1.485628 -1.617812 5.263969 0.000000 0.000000 3.141592
    61 3.756460 5.577858 2.053359 1.570803 -0.000001 0.000000
    62 2.735645 -0.081364 5.727116 0.000004 -0.000011 -1.570795
    63 2.477613 5.416855 4.597570 1.570804 -0.000001 0.000000
    64 1.515220 1.317777 5.998508 0.000000 0.000000 0.000000
    65 2.455991 5.657928 -0.087293 1.570804 -0.000001 0.000000
    66 1.485620 -1.617803 5.263973 0.000000 0.000000 -3.141592
    67 4.575642 5.632584 0.000132 0.000000 -1.570771 0.249128
    68 -0.000001 0.314078 5.161098 0.000000 0.000000 0.000000
    69 -0.000001 -0.323108 3.750217 0.000000 0.000000 0.000000
    70 5.734947 1.075212 4.685178 1.570830 -0.000004 -1.321669
    71 -0.753896 0.305901 4.971462 -0.000001 0.000002 0.000000
    72 -1.101006 -0.314705 3.448307 0.000001 0.000001 0.000000
    73 5.809101 -1.029643 4.595047 1.570829 -0.000004 -1.321671
    74 -0.714908 -0.199657 5.028973 0.000000 0.000003 0.000000
    75 -0.282898 -0.851690 4.444889 0.000000 0.000000 0.000000
    76 9.578484 -1.290738 0.000240 0.000000 1.570770 -2.892481
    77 9.369518 -1.236408 1.787905 0.000000 1.570770 -2.892481
    78 9.436707 -1.331719 -1.409029 0.000000 1.570770 -2.892477
    79 5.735191 1.075235 -4.684885 -1.570814 0.000004 1.819923
    80 0.753901 0.305904 4.971474 -0.000001 -0.000002 0.000000
    81 1.101010 -0.314705 3.448315 0.000000 -0.000001 0.000000
    82 5.809341 -1.029617 -4.594752 -1.570814 0.000004 1.819922
    83 0.714908 -0.199655 5.028969 0.000000 -0.000003 0.000000
    84 0.282897 -0.851688 4.444893 0.000000 0.000000 0.000000
  time 18
    0 26.461860 28.329760 29.536259 1.583211 -0.180200 0.446136
    1 3.983847 0.002149 0.003401 -2.232653 -1.072802 -1.503938
    2 15.938816 -0.000100 -0.000005 -0.000009 -0.000002 1.215183
    3 17.707025 -0.000068 0.000003 0.245163 0.575715 -0.571251
    4 6.202515 0.003416 -0.000367 -0.007306 -0.002960 -0.584341
    5 -3.983848 0.002149 0.003395 -1.064990 -0.586079 -1.655295
    6 15.938826 -0.000113 -0.000001 0.000002 0.000010 1.295948
    7 17.707031 0.000018 0.000000 -0.251496 0.110684 -1.795669
    8 6.203125 0.000000 0.000000 -0.081331 -0.002953 -0.584372
    9 -0.000001 4.209253 -1.688832 1.567535 -0.575139 1.579180
    10 3.836055 0.000000 0.000000 -0.028931 0.038088 0.100382
    11 3.617625 -0.000275 -0.000015 -0.024472 0.041063 0.528964
    12 7.537925 0.003588 -0.000212 0.013708 0.005661 0.126159
    13 3.177734 0.000000 0.000000 3.137538 0.000823 0.400474
    14 2.966416 0.000318 0.000023 -0.233512 0.055655 1.722441
    15 2.023770 0.904983 0.850949 1.673303 -1.222608 2.860171
    16 4.980521 0.000781 -0.001089 -1.921764 -0.477847 -0.861607
    17 11.119977 0.000007 0.000004 -0.000003 -0.000001 -1.928915
    18 11.205393 -0.000039 0.000000 1.681537 -0.313785 0.234433
    19 3.767608 0.148800 0.074041 0.089823 0.185396 -0.326372
    20 2.037109 0.000000 0.000000 0.003643 -0.024192 -0.299242
    21 1.063284 -0.000008 0.000000 0.003618 -0.024177 -0.299189
    22 3.783203 -0.017258 0.794434 0.548046 0.085958 -0.316569
    23 1.628906 0.000000 0.000000 0.012406 -0.085556 -0.288089
    24 0.955566 -0.000008 0.000001 0.012406 -0.085556 -0.288099
    25 1.258789 -0.297852 1.251953 -1.378796 -0.581085 -0.486789
    26 1.392578 0.000004 -0.000002 -0.000054 -0.000328 0.324626
    27 1.099609 -0.000002 -0.000004 0.000000 0.000000 0.000000
    28 3.548828 0.198730 -1.489258 -0.571798 0.100828 -0.256377
    29 1.218750 0.000005 0.000000 -0.009972 0.067697 -0.292690
    30 0.679688 0.000001 0.000004 -0.009971 0.067689 -0.292686
    31 3.697042 0.266204 -0.725138 -0.097568 0.031574 -0.326833
    32 1.748047 0.000000 0.000000 -0.003161 0.020964 -0.299479
    33 0.959961 0.000004 0.000000 -0.003166 0.020972 -0.299671
    34 2.023778 0.904982 -0.850921 -2.091416 1.285624 2.501146
    35 4.981625 0.002227 0.003236 2.399353 0.539670 -0.434684
    36 11.119975 -0.000005 0.000000 0.000001 0.000002 -1.421511
    37 11.205375 0.000073 0.000008 -1.669184 0.318816 0.232837
    38 3.766600 0.148254 -0.075376 -0.089513 -0.188043 -0.324859
    39 2.036716 -0.000004 0.000000 -0.003272 0.021749 -0.299433
    40 1.066406 0.000006 -0.000002 -0.003280 0.021741 -0.299428
    41 3.780812 -0.024988 -0.795569 -0.547791 -0.088513 -0.315894
    42 1.628906 0.000000 -0.000001 -0.012095 0.083240 -0.288751
    43 0.955566 0.000000 0.000000 -0.012097 0.083232 -0.288763
    44 1.258789 -0.308350 -1.250000 1.375719 0.577181 -0.491578
    45 1.392578 -0.000003 0.000004 0.000351 0.002142 0.324620
    46 1.099609 0.000003 -0.000006 0.000000 0.000000 0.000000
    47 3.548828 0.211304 1.487305 0.571268 -0.102934 -0.255551
    48 1.218750 0.000005 -0.000002 0.010274 -0.069875 -0.292188
    49 0.681767 0.000000 -0.000002 0.010262 -0.069867 -0.292175
    50 3.697266 0.273682 0.726563 0.097886 -0.034228 -0.326615
    51 1.748047 -0.000011 0.000002 0.003526 -0.023385 -0.299307
    52 0.956684 0.000004 0.000002 0.003515 -0.023396 -0.299497
    53 -3.756462 5.577850 2.053357 1.570803 -0.000001 0.000000
    54 -2.735646 -0.081365 5.727119 0.000007 0.000015 1.570796
    55 0.000001 5.662003 -0.974302 1.570804 -0.000001 0.000000
    56 -0.000002 -2.275002 5.113525 0.000000 0.000000 -3.141592
    57 -2.477620 5.416855 4.597564 1.570804 -0.000001 0.000000
    58 -1.515218 1.317776 5.998497 0.000000 0.000000 0.000000
    59 -2.455992 5.657928 -0.087295 1.570804 -0.000001 0.000000
    60 -1.485628 -1.617812 5.263969 0.000000 0.000000 3.141592
    61 3.756460 5.577858 2.053359 1.570803 -0.000001 0.000000
    62 2.735645 -0.081364 5.727116 0.000004 -0.000011 -1.570795
    63 2.477613 5.416855 4.597570 1.570804 -0.000001 0.000000
    64 1.515220 1.317777 5.998508 0.000000 0.000000 0.000000
    65 2.455991 5.657928 -0.087293 1.570804 -0.000001 0.000000
    66 1.485620 -1.617803 5.263973 0.000000 0.000000 -3.141592
    67 4.575642 5.632584 0.000132 0.000000 -1.570771 0.249128
    68 -0.000001 0.314078 5.161098 0.000000 0.000000 0.000000
    69 -0.000001 -0.323108 3.750217 0.000000 0.000000 0.000000
    70 5.734947 1.075212 4.685178 1.570830 -0.000004 -1.321669
    71 -0.753896 0.305901 4.971462 -0.000001 0.000002 0.000000
    72 -1.101006 -0.314705 3.448307 0.000001 0.000001 0.000000
    73 5.809101 -1.029643 4.595047 1.570829 -0.000004 -1.321671
    74 -0.714908 -0.199657 5.028973 0.000000 0.000003 0.000000
    75 -0.282898 -0.851690 4.444889 0.000000 0.000000 0.000000
    76 9.578484 -1.290738 0.000240 0.000000 1.570770 -2.892481
    77 9.369518 -1.236408 1.787905 0.000000 1.570770 -2.892481
    78 9.436707 -1.331719 -1.409029 0.000000 1.570770 -2.892477
    79 5.735191 1.075235 -4.684885 -1.570814 0.000004 1.819923
    80 0.753901 0.305904 4.971474 -0.000001 -0.000002 0.000000
    81 1.101010 -0.314705 3.448315 0.000000 -0.000001 0.000000
    82 5.809341 -1.029617 -4.594752 -1.570814 0.000004 1.819922
    83 0.714908 -0.199655 5.028969 0.000000 -0.000003 0.000000
    84 0.282897 -0.851688 4.444893 0.000000 0.000000 0.000000
  time 19
    0 27.781170 29.996737 29.106559 1.567440 -0.182417 0.464539
    1 3.983847 0.002149 0.003401 -2.273788 -1.083349 -1.396830
    2 15.938816 -0.000100 -0.000005 -0.000009 -0.000002 1.235328
    3 17.707025 -0.000068 0.000003 0.182142 0.712393 -0.436644
    4 6.202515 0.003416 -0.000367 -0.007306 -0.002960 -0.584341
    5 -3.983848 0.002149 0.003395 -1.053430 -0.652208 -1.743820
    6 15.938826 -0.000113 -0.000001 0.000002 0.000010 1.406918
    7 17.707031 0.000018 0.000000 -0.198205 0.129226 -1.798329
    8 6.203125 0.000000 0.000000 -0.081331 -0.002953 -0.584372
    9 -0.000001 4.209253 -1.688832 1.564659 -0.575139 1.583063
    10 3.836055 0.000000 0.000000 -0.036206 0.039299 0.103978
    11 3.617625 -0.000275 -0.000015 -0.029637 0.044467 0.531372
    12 7.537925 0.003588 -0.000212 0.017806 0.011617 0.122827
    13 3.177734 0.000000 0.000000 3.137538 0.000823 0.400474
    14 2.966416 0.000318 0.000023 -0.234531 0.064308 1.720717
    15 2.023770 0.904983 0.850949 1.692603 -1.229774 2.840049
    16 4.980521 0.000781 -0.001089 -1.945089 -0.510671 -0.841149
    17 11.119977 0.000007 0.000004 -0.000003 -0.000001 -1.917079
    18 11.205393 -0.000039 0.000000 1.679088 -0.314211 0.233809
    19 3.767608 0.148800 0.074041 0.089823 0.185396 -0.326372
    20 2.037109 0.000000 0.000000 0.003643 -0.024192 -0.299242
    21 1.063284 -0.000008 0.000000 0.003618 -0.024165 -0.299189
    22 3.783203 -0.017258 0.794434 0.548046 0.085958 -0.316569
    23 1.628906 0.000000 0.000000 0.012406 -0.085556 -0.288089
    24 0.955566 -0.000008 0.000001 0.012406 -0.085556 -0.288099
    25 1.258789 -0.297852 1.251953 -1.378796 -0.581085 -0.486789
    26 1.392578 0.000004 -0.000002 -0.000054 -0.000328 0.324626
    27 1.099609 -0.000002 -0.000004 0.000000 0.000000 0.000000
    28 3.548828 0.198730 -1.489258 -0.571798 0.100828 -0.256377
    29 1.218750 0.000005 0.000000 -0.009972 0.067697 -0.292690
    30 0.679688 0.000001 0.000004 -0.009971 0.067689 -0.292686
    31 3.697042 0.266204 -0.725138 -0.097544 0.031574 -0.326833
    32 1.748047 0.000000 0.000000 -0.003161 0.020964 -0.299479
    33 0.959961 0.000004 0.000000 -0.003166 0.020972 -0.299671
    34 2.023778 0.904982 -0.850921 -2.101749 1.275649 2.490308
    35 4.981625 0.002227 0.003236 2.395225 0.522824 -0.443087
    36 11.119975 -0.000005 0.000000 0.000001 0.000002 -1.417286
    37 11.205375 0.000073 0.000008 -1.670281 0.319344 0.233999
    38 3.766600 0.148254 -0.075376 -0.089513 -0.188043 -0.324859
    39 2.036716 -0.000004 0.000000 -0.003272 0.021749 -0.299433
    40 1.066406 0.000006 -0.000002 -0.003280 0.021741 -0.299428
    41 3.780812 -0.024988 -0.795569 -0.547791 -0.088513 -0.315894
    42 1.628906 0.000000 -0.000001 -0.012095 0.083240 -0.288751
    43 0.955566 0.000000 0.000000 -0.012097 0.083232 -0.288763
    44 1.258789 -0.308350 -1.250000 1.375719 0.577181 -0.491578
    45 1.392578 -0.000003 0.000004 0.000351 0.002142 0.324620
    46 1.099609 0.000003 -0.000006 0.000000 0.000000 0.000000
    47 3.548828 0.211304 1.487305 0.571268 -0.102934 -0.255551
    48 1.218750 0.000005 -0.000002 0.010274 -0.069875 -0.292188
    49 0.681767 0.000000 -0.000002 0.010262 -0.069855 -0.292175
    50 3.697266 0.273682 0.726563 0.097886 -0.034228 -0.326615
    51 1.748047 -0.000011 0.000002 0.003526 -0.023385 -0.299307
    52 0.956684 0.000004 0.000002 0.003515 -0.023396 -0.299497
    53 -3.756462 5.577850 2.053357 1.570803 -0.000001 0.000000
    54 -2.735646 -0.081365 5.727119 0.000007 0.000015 1.570796
    55 0.000001 5.662003 -0.974302 1.570804 -0.000001 0.000000
    56 -0.000002 -2.275002 5.113525 0.000000 0.000000 -3.141592
    57 -2.477620 5.416855 4.597564 1.570804 -0.000001 0.000000
    58 -1.515218 1.317776 5.998497 0.000000 0.000000 0.000000
    59 -2.455992 5.657928 -0.087295 1.570804 -0.000001 0.000000
    60 -1.485628 -1.617812 5.263969 0.000000 0.000000 3.141592
    61 3.756460 5.577858 2.053359 1.570803 -0.000001 0.000000
    62 2.735645 -0.081364 5.727116 0.000004 -0.000011 -1.570795
    63 2.477613 5.416855 4.597570 1.570804 -0.000001 0.000000
    64 1.515220 1.317777 5.998508 0.000000 0.000000 0.000000
    65 2.455991 5.657928 -0.087293 1.570804 -0.000001 0.000000
    66 1.485620 -1.617803 5.263973 0.000000 0.000000 -3.141592
    67 4.575642 5.632584 0.000132 0.000000 -1.570771 0.249128
    68 -0.000001 0.314078 5.161098 0.000000 0.000000 0.000000
    69 -0.000001 -0.323108 3.750217 0.000000 0.000000 0.000000
    70 5.734947 1.075212 4.685178 1.570830 -0.000004 -1.321669
    71 -0.753896 0.305901 4.971462 -0.000001 0.000002 0.000000
    72 -1.101006 -0.314705 3.448307 0.000001 0.000001 0.000000
    73 5.809101 -1.029643 4.595047 1.570829 -0.000004 -1.321671
    74 -0.714908 -0.199657 5.028973 0.000000 0.000003 0.000000
    75 -0.282898 -0.851690 4.444889 0.000000 0.000000 0.000000
    76 9.578484 -1.290738 0.000240 0.000000 1.570770 -2.892481
    77 9.369518 -1.236408 1.787905 0.000000 1.570770 -2.892481
    78 9.436707 -1.331719 -1.409029 0.000000 1.570770 -2.892477
    79 5.735191 1.075235 -4.684885 -1.570814 0.000004 1.819923
    80 0.753901 0.305904 4.971474 -0.000001 -0.000002 0.000000
    81 1.101010 -0.314705 3.448315 0.000000 -0.000001 0.000000
    82 5.809341 -1.029617 -4.594752 -1.570814 0.000004 1.819922
    83 0.714908 -0.199655 5.028969 0.000000 -0.000003 0.000000
    84 0.282897 -0.851688 4.444893 0.000000 0.000000 0.000000
  time 20
    0 29.120012 31.581681 28.626075 1.551142 -0.181375 0.480961
    1 3.983847 0.002149 0.003401 -2.395675 -1.108135 -1.176892
    2 15.938816 -0.000100 -0.000005 -0.000009 -0.000002 1.439070
    3 17.707025 -0.000068 0.000003 0.233544 0.517115 -0.662324
    4 6.202515 0.003416 -0.000367 -0.007306 -0.002960 -0.584341
    5 -3.983848 0.002149 0.003395 -1.036807 -0.706100 -1.834593
    6 15.938826 -0.000113 -0.000001 0.000002 0.000010 1.503402
    7 17.707031 0.000018 0.000000 -0.141514 0.136399 -1.793788
    8 6.203125 0.000000 0.000000 -0.081331 -0.002953 -0.584372
    9 -0.000001 4.209253 -1.688832 1.566384 -0.575139 1.579563
    10 3.836055 0.000000 0.000000 -0.042821 0.040018 0.106758
    11 3.617625 -0.000275 -0.000015 -0.033652 0.047619 0.533104
    12 7.537925 0.003588 -0.000212 0.023571 0.018484 0.120118
    13 3.177734 0.000000 0.000000 3.137538 0.000823 0.400474
    14 2.966416 0.000318 0.000023 -0.235501 0.075370 1.718084
    15 2.023770 0.904983 0.850949 1.724603 -1.238365 2.806876
    16 4.980521 0.000781 -0.001089 -1.971509 -0.544170 -0.818330
    17 11.119977 0.000007 0.000004 -0.000003 -0.000001 -1.904672
    18 11.205393 -0.000039 0.000000 1.679088 -0.314394 0.233857
    19 3.767608 0.148800 0.074041 0.089823 0.185396 -0.326372
    20 2.037109 0.000000 0.000000 0.003643 -0.024192 -0.299242
    21 1.063284 -0.000008 0.000000 0.003618 -0.024177 -0.299189
    22 3.783203 -0.017258 0.794434 0.548046 0.085958 -0.316569
    23 1.628906 0.000000 0.000000 0.012406 -0.085556 -0.288089
    24 0.955566 -0.000008 0.000001 0.012406 -0.085556 -0.288099
    25 1.258789 -0.297852 1.251953 -1.378796 -0.581085 -0.486789
    26 1.392578 0.000004 -0.000002 -0.000054 -0.000328 0.324626
    27 1.099609 -0.000002 -0.000004 0.000000 0.000000 0.000000
    28 3.548828 0.198730 -1.489258 -0.571798 0.100828 -0.256377
    29 1.218750 0.000005 0.000000 -0.009972 0.067697 -0.292690
    30 0.679688 0.000001 0.000004 -0.009971 0.067689 -0.292686
    31 3.697042 0.266204 -0.725138 -0.097544 0.031574 -0.326833
    32 1.748047 0.000000 0.000000 -0.003161 0.020964 -0.299479
    33 0.959961 0.000004 0.000000 -0.003166 0.020972 -0.299671
    34 2.023778 0.904982 -0.850921 -2.112396 1.253255 2.479198
    35 4.981625 0.002227 0.003236 2.390426 0.507269 -0.440707
    36 11.119975 -0.000005 0.000000 0.000001 0.000002 -1.403981
    37 11.205375 0.000073 0.000008 -1.670281 0.319427 0.233999
    38 3.766600 0.148254 -0.075376 -0.089513 -0.188043 -0.324859
    39 2.036716 -0.000004 0.000000 -0.003272 0.021749 -0.299433
    40 1.066406 0.000006 -0.000002 -0.003280 0.021741 -0.299428
    41 3.780812 -0.024988 -0.795569 -0.547791 -0.088513 -0.315894
    42 1.628906 0.000000 -0.000001 -0.012095 0.083240 -0.288751
    43 0.955566 0.000000 0.000000 -0.012097 0.083232 -0.288763
    44 1.258789 -0.308350 -1.250000 1.375719 0.577181 -0.491578
    45 1.392578 -0.000003 0.000004 0.000351 0.002142 0.324620
    46 1.099609 0.000003 -0.000006 0.000000 0.000000 0.000000
    47 3.548828 0.211304 1.487305 0.571268 -0.102934 -0.255551
    48 1.218750 0.000005 -0.000002 0.010274 -0.069875 -0.292188
    49 0.681767 0.000000 -0.000002 0.010262 -0.069855 -0.292175
    50 3.697266 0.273682 0.726563 0.097886 -0.034228 -0.326615
    51 1.748047 -0.000011 0.000002 0.003526 -0.023385 -0.299307
    52 0.956684 0.000004 0.000002 0.003515 -0.023396 -0.299497
    53 -3.756462 5.577850 2.053357 1.570803 -0.000001 0.000000
    54 -2.735646 -0.081365 5.727119 0.000007 0.000015 1.570796
    55 0.000001 5.662003 -0.974302 1.570804 -0.000001 0.000000
    56 -0.000002 -2.275002 5.113525 0.000000 0.000000 -3.141592
    57 -2.477620 5.416855 4.597564 1.570804 -0.000001 0.000000
    58 -1.515218 1.317776 5.998497 0.000000 0.000000 0.000000
    59 -2.455992 5.657928 -0.087295 1.570804 -0.000001 0.000000
    60 -1.485628 -1.617812 5.263969 0.000000 0.000000 3.141592
    61 3.756460 5.577858 2.053359 1.570803 -0.000001 0.000000
    62 2.735645 -0.081364 5.727116 0.000004 -0.000011 -1.570795
    63 2.477613 5.416855 4.597570 1.570804 -0.000001 0.000000
    64 1.515220 1.317777 5.998508 0.000000 0.000000 0.000000
    65 2.455991 5.657928 -0.087293 1.570804 -0.000001 0.000000
    66 1.485620 -1.617803 5.263973 0.000000 0.000000 -3.141592
    67 4.575642 5.632584 0.000132 0.000000 -1.570771 0.249128
    68 -0.000001 0.314078 5.161098 0.000000 0.000000 0.000000
    69 -0.000001 -0.323108 3.750217 0.000000 0.000000 0.000000
    70 5.734947 1.075212 4.685178 1.570830 -0.000004 -1.321669
    71 -0.753896 0.305901 4.971462 -0.000001 0.000002 0.000000
    72 -1.101006 -0.314705 3.448307 0.000001 0.000001 0.000000
    73 5.809101 -1.029643 4.595047 1.570829 -0.000004 -1.321671
    74 -0.714908 -0.199657 5.028973 0.000000 0.000003 0.000000
    75 -0.282898 -0.851690 4.444889 0.000000 0.000000 0.000000
    76 9.578484 -1.290738 0.000240 0.000000 1.570770 -2.892481
    77 9.369518 -1.236408 1.787905 0.000000 1.570770 -2.892481
    78 9.436707 -1.331719 -1.409029 0.000000 1.570770 -2.892477
    79 5.735191 1.075235 -4.684885 -1.570814 0.000004 1.819923
    80 0.753901 0.305904 4.971474 -0.000001 -0.000002 0.000000
    81 1.101010 -0.314705 3.448315 0.000000 -0.000001 0.000000
    82 5.809341 -1.029617 -4.594752 -1.570814 0.000004 1.819922
    83 0.714908 -0.199655 5.028969 0.000000 -0.000003 0.000000
    84 0.282897 -0.851688 4.444893 0.000000 0.000000 0.000000
  time 21
    0 29.794772 32.334568 28.379974 1.543424 -0.177971 0.488565
    1 3.983847 0.002149 0.003401 -2.420945 -1.118504 -1.089006
    2 15.938816 -0.000100 -0.000005 -0.000009 -0.000002 1.527298
    3 17.707025 -0.000068 0.000003 0.242657 0.384447 -0.783684
    4 6.202515 0.003416 -0.000367 -0.007306 -0.002960 -0.584341
    5 -3.983848 0.002149 0.003395 -1.030693 -0.729502 -1.876092
    6 15.938826 -0.000113 -0.000001 0.000002 0.000010 1.544654
    7 17.707031 0.000018 0.000000 -0.111275 0.138309 -1.787756
    8 6.203125 0.000000 0.000000 -0.081331 -0.002953 -0.584372
    9 -0.000001 4.209253 -1.688832 1.567103 -0.575139 1.578125
    10 3.836055 0.000000 0.000000 -0.045829 0.040221 0.107729
    11 3.617625 -0.000275 -0.000015 -0.035210 0.049105 0.533639
    12 7.537925 0.003588 -0.000212 0.026939 0.022115 0.119076
    13 3.177734 0.000000 0.000000 3.137538 0.000823 0.400474
    14 2.966416 0.000318 0.000023 -0.243543 0.087462 1.713955
    15 2.023770 0.904983 0.850949 1.742053 -1.241907 2.788658
    16 4.980521 0.000781 -0.001089 -1.984720 -0.559924 -0.805839
    17 11.119977 0.000007 0.000004 -0.000003 -0.000001 -1.900097
    18 11.205393 -0.000039 0.000000 1.679088 -0.314442 0.233857
    19 3.767608 0.148800 0.074041 0.089811 0.185396 -0.326372
    20 2.037109 0.000000 0.000000 0.003643 -0.024192 -0.299242
    21 1.063284 -0.000008 0.000000 0.003618 -0.024177 -0.299189
    22 3.783203 -0.017258 0.794434 0.548046 0.085958 -0.316569
    23 1.628906 0.000000 0.000000 0.012406 -0.085556 -0.288089
    24 0.955566 -0.000008 0.000001 0.012406 -0.085556 -0.288099
    25 1.258789 -0.297852 1.251953 -1.378796 -0.581085 -0.486789
    26 1.392578 0.000004 -0.000002 -0.000054 -0.000328 0.324626
    27 1.099609 -0.000002 -0.000004 0.000000 0.000000 0.000000
    28 3.548828 0.198730 -1.489258 -0.571798 0.100828 -0.256377
    29 1.218750 0.000005 0.000000 -0.009972 0.067697 -0.292690
    30 0.679688 0.000001 0.000004 -0.009971 0.067689 -0.292686
    31 3.697042 0.266204 -0.725138 -0.097568 0.031574 -0.326833
    32 1.748047 0.000000 0.000000 -0.003161 0.020964 -0.299479
    33 0.959961 0.000004 0.000000 -0.003166 0.020972 -0.299671
    34 2.023778 0.904982 -0.850921 -2.112083 1.239860 2.479560
    35 4.981625 0.002227 0.003236 2.386453 0.501333 -0.437827
    36 11.119975 -0.000005 0.000000 0.000001 0.000002 -1.398558
    37 11.205375 0.000073 0.000008 -1.670281 0.319463 0.233999
    38 3.766600 0.148254 -0.075376 -0.089525 -0.188043 -0.324859
    39 2.036716 -0.000004 0.000000 -0.003272 0.021749 -0.299433
    40 1.066406 0.000006 -0.000002 -0.003280 0.021741 -0.299428
    41 3.780812 -0.024988 -0.795569 -0.547791 -0.088525 -0.315894
    42 1.628906 0.000000 -0.000001 -0.012095 0.083240 -0.288751
    43 0.955566 0.000000 0.000000 -0.012097 0.083232 -0.288763
    44 1.258789 -0.308350 -1.250000 1.375719 0.577181 -0.491578
    45 1.392578 -0.000003 0.000004 0.000351 0.002142 0.324620
    46 1.099609 0.000003 -0.000006 0.000000 0.000000 0.000000
    47 3.548828 0.211304 1.487305 0.571268 -0.102934 -0.255551
    48 1.218750 0.000005 -0.000002 0.010274 -0.069875 -0.292188
    49 0.681767 0.000000 -0.000002 0.010262 -0.069855 -0.292175
    50 3.697266 0.273682 0.726563 0.097886 -0.034228 -0.326615
    51 1.748047 -0.000011 0.000002 0.003526 -0.023385 -0.299307
    52 0.956684 0.000004 0.000002 0.003515 -0.023396 -0.299497
    53 -3.756462 5.577850 2.053357 1.570803 -0.000001 0.000000
    54 -2.735646 -0.081365 5.727119 0.000007 0.000015 1.570796
    55 0.000001 5.662003 -0.974302 1.570804 -0.000001 0.000000
    56 -0.000002 -2.275002 5.113525 0.000000 0.000000 -3.141592
    57 -2.477620 5.416855 4.597564 1.570804 -0.000001 0.000000
    58 -1.515218 1.317776 5.998497 0.000000 0.000000 0.000000
    59 -2.455992 5.657928 -0.087295 1.570804 -0.000001 0.000000
    60 -1.485628 -1.617812 5.263969 0.000000 0.000000 3.141592
    61 3.756460 5.577858 2.053359 1.570803 -0.000001 0.000000
    62 2.735645 -0.081364 5.727116 0.000004 -0.000011 -1.570795
    63 2.477613 5.416855 4.597570 1.570804 -0.000001 0.000000
    64 1.515220 1.317777 5.998508 0.000000 0.000000 0.000000
    65 2.455991 5.657928 -0.087293 1.570804 -0.000001 0.000000
    66 1.485620 -1.617803 5.263973 0.000000 0.000000 -3.141592
    67 4.575642 5.632584 0.000132 0.000000 -1.570771 0.249128
    68 -0.000001 0.314078 5.161098 0.000000 0.000000 0.000000
    69 -0.000001 -0.323108 3.750217 0.000000 0.000000 0.000000
    70 5.734947 1.075212 4.685178 1.570830 -0.000004 -1.321669
    71 -0.753896 0.305901 4.971462 -0.000001 0.000002 0.000000
    72 -1.101006 -0.314705 3.448307 0.000001 0.000001 0.000000
    73 5.809101 -1.029643 4.595047 1.570829 -0.000004 -1.321671
    74 -0.714908 -0.199657 5.028973 0.000000 0.000003 0.000000
    75 -0.282898 -0.851690 4.444889 0.000000 0.000000 0.000000
    76 9.578484 -1.290738 0.000240 0.000000 1.570770 -2.892481
    77 9.369518 -1.236408 1.787905 0.000000 1.570770 -2.892481
    78 9.436707 -1.331719 -1.409029 0.000000 1.570770 -2.892477
    79 5.735191 1.075235 -4.684885 -1.570814 0.000004 1.819923
    80 0.753901 0.305904 4.971474 -0.000001 -0.000002 0.000000
    81 1.101010 -0.314705 3.448315 0.000000 -0.000001 0.000000
    82 5.809341 -1.029617 -4.594752 -1.570814 0.000004 1.819922
    83 0.714908 -0.199655 5.028969 0.000000 -0.000003 0.000000
    84 0.282897 -0.851688 4.444893 0.000000 0.000000 0.000000
end
