// Created by Crowbar 0.76
version 1
nodes
  0 "ValveBiped.Bip01_Pelvis" -1
  1 "ValveBiped.Bip01_L_Thigh" 0
  2 "ValveBiped.Bip01_L_Calf" 1
  3 "ValveBiped.Bip01_L_Foot" 2
  4 "ValveBiped.Bip01_L_Toe0" 3
  5 "ValveBiped.Bip01_R_Thigh" 0
  6 "ValveBiped.Bip01_R_Calf" 5
  7 "ValveBiped.Bip01_R_Foot" 6
  8 "ValveBiped.Bip01_R_Toe0" 7
  9 "ValveBiped.Bip01_Spine" 0
  10 "ValveBiped.Bip01_Spine1" 9
  11 "ValveBiped.Bip01_Spine2" 10
  12 "ValveBiped.Bip01_Spine4" 11
  13 "ValveBiped.Bip01_Neck1" 12
  14 "ValveBiped.Bip01_Head1" 13
  15 "ValveBiped.Bip01_L_Clavicle" 12
  16 "ValveBiped.Bip01_L_UpperArm" 15
  17 "ValveBiped.Bip01_L_Forearm" 16
  18 "ValveBiped.Bip01_L_Hand" 17
  19 "ValveBiped.Bip01_L_Finger2" 18
  20 "ValveBiped.Bip01_L_Finger21" 19
  21 "ValveBiped.Bip01_L_Finger22" 20
  22 "ValveBiped.Bip01_L_Finger1" 18
  23 "ValveBiped.Bip01_L_Finger11" 22
  24 "ValveBiped.Bip01_L_Finger12" 23
  25 "ValveBiped.Bip01_L_Finger0" 18
  26 "ValveBiped.Bip01_L_Finger01" 25
  27 "ValveBiped.Bip01_L_Finger02" 26
  28 "ValveBiped.Bip01_L_Finger4" 18
  29 "ValveBiped.Bip01_L_Finger41" 28
  30 "ValveBiped.Bip01_L_Finger42" 29
  31 "ValveBiped.Bip01_L_Finger3" 18
  32 "ValveBiped.Bip01_L_Finger31" 31
  33 "ValveBiped.Bip01_L_Finger32" 32
  34 "ValveBiped.Bip01_R_Clavicle" 12
  35 "ValveBiped.Bip01_R_UpperArm" 34
  36 "ValveBiped.Bip01_R_Forearm" 35
  37 "ValveBiped.Bip01_R_Hand" 36
  38 "ValveBiped.Bip01_R_Finger2" 37
  39 "ValveBiped.Bip01_R_Finger21" 38
  40 "ValveBiped.Bip01_R_Finger22" 39
  41 "ValveBiped.Bip01_R_Finger1" 37
  42 "ValveBiped.Bip01_R_Finger11" 41
  43 "ValveBiped.Bip01_R_Finger12" 42
  44 "ValveBiped.Bip01_R_Finger0" 37
  45 "ValveBiped.Bip01_R_Finger01" 44
  46 "ValveBiped.Bip01_R_Finger02" 45
  47 "ValveBiped.Bip01_R_Finger4" 37
  48 "ValveBiped.Bip01_R_Finger41" 47
  49 "ValveBiped.Bip01_R_Finger42" 48
  50 "ValveBiped.Bip01_R_Finger3" 37
  51 "ValveBiped.Bip01_R_Finger31" 50
  52 "ValveBiped.Bip01_R_Finger32" 51
  53 "ValveBiped.Skirt.R.001" 0
  54 "Skirt2_r" 53
  55 "ValveBiped.Skirt.B" 0
  56 "Skirtb2" 55
  57 "ValveBiped.Skirt.R" 0
  58 "Skirt5_r" 57
  59 "ValveBiped.Skirt.R.002" 0
  60 "Skirt8_r" 59
  61 "ValveBiped.Skirt.L.001" 0
  62 "Skirt2_l" 61
  63 "ValveBiped.Skirt.L" 0
  64 "Skirt5_l" 63
  65 "ValveBiped.Skirt.L.002" 0
  66 "Skirt8_l" 65
  67 "Hair_002" 14
  68 "Hair_001" 67
  69 "Hair_003" 68
  70 "Hair_006_r" 14
  71 "Hair_005_r" 70
  72 "Hair_007_r" 71
  73 "Hair_009_r" 14
  74 "Hair_010_r" 73
  75 "Hair_011_r" 74
  76 "Hair_004" 14
  77 "Hair_005" 14
  78 "Hair_006" 14
  79 "Hair_006_l" 14
  80 "Hair_005_l" 79
  81 "Hair_007_l" 80
  82 "Hair_009_l" 14
  83 "Hair_010_l" 82
  84 "Hair_011_l" 83
end
skeleton
  time 0
    0 -0.004562 -0.523453 37.040395 1.574727 0.037799 0.107787
    1 3.983847 0.002149 0.003401 -2.496281 0.028711 -1.266834
    2 15.938816 -0.000100 -0.000005 -0.000009 -0.000002 0.757019
    3 17.707025 -0.000068 0.000003 -0.043898 0.348103 -1.284603
    4 6.202515 0.003416 -0.000367 -0.008193 0.000504 -0.819504
    5 -3.983848 0.002149 0.003395 -1.799093 -0.274241 -1.417541
    6 15.938826 -0.000113 -0.000001 0.000002 0.000010 0.423430
    7 17.707031 0.000018 0.000000 -0.079654 -0.039736 -1.204549
    8 6.202710 0.003078 0.003745 -0.078650 -0.006183 -0.498948
    9 -0.000001 4.209253 -1.688832 1.594379 -0.027949 1.580043
    10 3.836055 0.000000 0.000000 0.032730 0.030106 -0.112608
    11 3.617625 -0.000275 -0.000015 0.025216 0.016219 0.035802
    12 7.537925 0.003588 -0.000212 0.001543 0.007902 0.208145
    13 3.181604 -0.002346 0.000028 3.125194 -0.043499 0.224450
    14 2.966416 0.000318 0.000023 -0.188893 -0.076487 0.127545
    15 2.023770 0.904983 0.850949 1.631352 -1.245938 2.907303
    16 4.980521 0.000781 -0.001089 -1.630462 0.393934 -1.144341
    17 11.119977 0.000007 0.000004 -0.000003 -0.136098 -0.239920
    18 11.205393 -0.000039 0.000000 1.647012 -0.428081 -0.046630
    19 3.767578 0.152466 0.071350 0.014352 0.037540 -0.177489
    20 2.037109 -0.000002 -0.000001 -0.000001 0.005004 -0.888530
    21 1.066406 -0.000002 -0.000002 0.000002 0.002790 0.001101
    22 3.783203 -0.017242 0.794434 0.333288 -0.031876 -0.219057
    23 1.628906 0.000000 0.000002 0.000000 0.005106 -0.697052
    24 0.955566 -0.000002 0.000000 -0.000004 0.003249 -0.272281
    25 1.258789 -0.297852 1.251953 -1.927900 -0.158439 -0.368925
    26 1.392578 0.000003 -0.000006 0.000002 0.002017 0.071902
    27 1.099609 0.000001 -0.000006 0.000000 -0.295768 0.023718
    28 3.547341 0.197447 -1.485758 -0.323544 0.115347 -0.238381
    29 1.218750 0.000002 0.000002 -0.000004 0.004664 -0.629642
    30 0.679688 0.000001 0.000001 0.000000 0.002402 -0.578397
    31 3.697042 0.266204 -0.725138 -0.105274 0.104464 -0.301437
    32 1.748047 0.000002 -0.000003 -0.000005 0.002898 -0.623724
    33 0.956684 0.000008 0.000001 0.000003 0.004804 -0.321825
    34 2.023778 0.904982 -0.850921 -1.886836 1.215837 2.711321
    35 4.981625 0.002227 0.003236 1.788860 -0.276618 -1.099759
    36 11.119975 -0.000005 0.000000 0.000001 0.136123 -0.375127
    37 11.205375 0.000073 0.000008 -1.580661 0.349665 -0.013027
    38 3.767578 0.151855 -0.072693 -0.090833 -0.078893 -0.174026
    39 2.037109 0.000002 0.000000 0.000002 -0.007580 -0.940658
    40 1.066406 0.000001 0.000000 0.000006 -0.004235 -0.116579
    41 3.783203 -0.023941 -0.794434 -0.344154 -0.088892 -0.269864
    42 1.628906 -0.000002 0.000000 0.000002 -0.007731 -0.659761
    43 0.955566 0.000001 0.000000 0.000003 -0.004921 -0.331349
    44 1.258789 -0.308350 -1.250000 1.738856 0.204802 -0.550002
    45 1.392578 0.000000 0.000004 0.000004 0.222430 0.216078
    46 1.099609 0.000003 0.000002 0.000004 0.280395 0.302810
    47 3.546538 0.208125 1.487114 0.333783 -0.052221 -0.250106
    48 1.218750 0.000006 -0.000001 0.000005 -0.007078 -0.610627
    49 0.679688 0.000001 -0.000001 0.000001 -0.003643 -0.669683
    50 3.696249 0.271114 0.723153 0.103581 -0.126168 -0.288627
    51 1.748047 -0.000013 0.000001 0.000000 -0.004401 -0.791139
    52 0.959961 0.000001 -0.000001 0.000003 -0.007260 -0.432410
    53 -3.756462 5.577850 2.053357 1.570803 -0.000001 0.000000
    54 -2.735646 -0.081365 5.727119 0.000007 0.000015 1.570796
    55 0.000001 5.662003 -0.974302 1.570804 -0.000001 0.000000
    56 -0.000002 -2.275002 5.113525 0.000000 0.000000 -3.141592
    57 -2.477620 5.416855 4.597564 1.570804 -0.000001 0.000000
    58 -1.515218 1.317776 5.998497 0.000000 0.000000 0.000000
    59 -2.455992 5.657928 -0.087295 1.570804 -0.000001 0.000000
    60 -1.485628 -1.617812 5.263969 0.000000 0.000000 3.141592
    61 3.756460 5.577858 2.053359 1.570803 -0.000001 0.000000
    62 2.735645 -0.081364 5.727116 0.000004 -0.000011 -1.570795
    63 2.477613 5.416855 4.597570 1.570804 -0.000001 0.000000
    64 1.515220 1.317777 5.998508 0.000000 0.000000 0.000000
    65 2.455991 5.657928 -0.087293 1.570804 -0.000001 0.000000
    66 1.485620 -1.617803 5.263973 0.000000 0.000000 -3.141592
    67 4.575642 5.632584 0.000132 0.000000 -1.570771 0.249128
    68 -0.000001 0.314078 5.161098 0.000000 0.000000 0.000000
    69 -0.000001 -0.323108 3.750217 0.000000 0.000000 0.000000
    70 5.734947 1.075212 4.685178 1.570830 -0.000004 -1.321669
    71 -0.753896 0.305901 4.971462 -0.000001 0.000002 0.000000
    72 -1.101006 -0.314705 3.448307 0.000001 0.000001 0.000000
    73 5.809101 -1.029643 4.595047 1.570829 -0.000004 -1.321671
    74 -0.714908 -0.199657 5.028973 0.000000 0.000003 0.000000
    75 -0.282898 -0.851690 4.444889 0.000000 0.000000 0.000000
    76 9.578484 -1.290738 0.000240 0.000000 1.570770 -2.892481
    77 9.369518 -1.236408 1.787905 0.000000 1.570770 -2.892481
    78 9.436707 -1.331719 -1.409029 0.000000 1.570770 -2.892477
    79 5.735191 1.075235 -4.684885 -1.570814 0.000004 1.819923
    80 0.753901 0.305904 4.971474 -0.000001 -0.000002 0.000000
    81 1.101010 -0.314705 3.448315 0.000000 -0.000001 0.000000
    82 5.809341 -1.029617 -4.594752 -1.570814 0.000004 1.819922
    83 0.714908 -0.199655 5.028969 0.000000 -0.000003 0.000000
    84 0.282897 -0.851688 4.444893 0.000000 0.000000 0.000000
  time 1
    0 1.602554 -0.558591 37.274777 1.570940 0.025192 0.081268
    1 3.983847 0.002149 0.003401 -2.483931 0.038457 -1.231072
    2 15.938816 -0.000100 -0.000005 -0.000009 -0.000002 0.666878
    3 17.707025 -0.000068 0.000003 -0.160910 0.332636 -1.372005
    4 6.202515 0.003416 -0.000367 -0.009799 0.000731 -0.615356
    5 -3.983848 0.002149 0.003395 -1.821831 -0.249292 -1.476464
    6 15.938826 -0.000113 -0.000001 0.000002 0.000010 0.391877
    7 17.707031 0.000018 0.000000 -0.040304 -0.064613 -1.205295
    8 6.202710 0.003078 0.003745 -0.078650 -0.006183 -0.498948
    9 -0.000001 4.209253 -1.688832 1.607131 -0.028979 1.574194
    10 3.836055 0.000000 0.000000 0.045685 0.019452 -0.111505
    11 3.617625 -0.000275 -0.000015 0.042090 0.018137 0.035098
    12 7.537925 0.003588 -0.000212 0.001543 0.007962 0.208145
    13 3.181604 -0.002346 0.000028 3.125194 -0.043272 0.224450
    14 2.966416 0.000318 0.000023 -0.204186 -0.079280 0.133445
    15 2.023770 0.904983 0.850949 1.630652 -1.246589 2.908028
    16 4.980521 0.000781 -0.001089 -1.646975 0.410498 -1.153246
    17 11.119977 0.000007 0.000004 -0.000003 -0.136098 -0.216991
    18 11.205393 -0.000039 0.000000 1.650374 -0.459972 -0.062953
    19 3.767578 0.152466 0.071350 0.014352 0.037540 -0.177489
    20 2.037109 -0.000002 -0.000001 -0.000001 0.005004 -0.888530
    21 1.066406 -0.000002 -0.000002 0.000002 0.002790 0.001101
    22 3.783203 -0.017242 0.794434 0.333288 -0.031876 -0.219057
    23 1.628906 0.000000 0.000002 0.000000 0.005106 -0.697052
    24 0.955566 -0.000002 0.000000 -0.000004 0.003249 -0.272281
    25 1.258789 -0.297852 1.251953 -1.927900 -0.158439 -0.368925
    26 1.392578 0.000003 -0.000006 0.000002 0.002017 0.071902
    27 1.099609 0.000001 -0.000006 0.000000 -0.295768 0.023718
    28 3.547341 0.197447 -1.485758 -0.323544 0.115347 -0.238453
    29 1.218750 0.000002 0.000002 -0.000004 0.004664 -0.629642
    30 0.679688 0.000001 0.000001 0.000000 0.002402 -0.578397
    31 3.697042 0.266204 -0.725138 -0.105274 0.104464 -0.301437
    32 1.748047 0.000002 -0.000003 -0.000005 0.002898 -0.623724
    33 0.956684 0.000008 0.000001 0.000003 0.004804 -0.321825
    34 2.023778 0.904982 -0.850921 -1.886628 1.214942 2.711411
    35 4.981625 0.002227 0.003236 1.771523 -0.275656 -1.087007
    36 11.119975 -0.000005 0.000000 0.000001 0.136123 -0.408674
    37 11.205375 0.000073 0.000008 -1.592067 0.362524 -0.046488
    38 3.767578 0.151855 -0.072693 -0.090833 -0.078893 -0.174026
    39 2.037109 0.000002 0.000000 0.000002 -0.007580 -0.940658
    40 1.066406 0.000001 0.000000 0.000006 -0.004235 -0.116579
    41 3.783203 -0.023941 -0.794434 -0.344154 -0.088892 -0.269864
    42 1.628906 -0.000002 0.000000 0.000002 -0.007731 -0.659761
    43 0.955566 0.000001 0.000000 0.000003 -0.004921 -0.331349
    44 1.258789 -0.308350 -1.250000 1.738856 0.204802 -0.550002
    45 1.392578 0.000000 0.000004 0.000004 0.222430 0.216078
    46 1.099609 0.000003 0.000002 0.000004 0.280395 0.302810
    47 3.546538 0.208125 1.487114 0.333783 -0.052221 -0.250106
    48 1.218750 0.000006 -0.000001 0.000005 -0.007078 -0.610627
    49 0.679688 0.000001 -0.000001 0.000001 -0.003643 -0.669683
    50 3.696249 0.271114 0.723153 0.103581 -0.126168 -0.288627
    51 1.748047 -0.000013 0.000001 0.000000 -0.004401 -0.791139
    52 0.959961 0.000001 -0.000001 0.000003 -0.007260 -0.432410
    53 -3.756462 5.577850 2.053357 1.570803 -0.000001 0.000000
    54 -2.735646 -0.081365 5.727119 0.000007 0.000015 1.570796
    55 0.000001 5.662003 -0.974302 1.570804 -0.000001 0.000000
    56 -0.000002 -2.275002 5.113525 0.000000 0.000000 -3.141592
    57 -2.477620 5.416855 4.597564 1.570804 -0.000001 0.000000
    58 -1.515218 1.317776 5.998497 0.000000 0.000000 0.000000
    59 -2.455992 5.657928 -0.087295 1.570804 -0.000001 0.000000
    60 -1.485628 -1.617812 5.263969 0.000000 0.000000 3.141592
    61 3.756460 5.577858 2.053359 1.570803 -0.000001 0.000000
    62 2.735645 -0.081364 5.727116 0.000004 -0.000011 -1.570795
    63 2.477613 5.416855 4.597570 1.570804 -0.000001 0.000000
    64 1.515220 1.317777 5.998508 0.000000 0.000000 0.000000
    65 2.455991 5.657928 -0.087293 1.570804 -0.000001 0.000000
    66 1.485620 -1.617803 5.263973 0.000000 0.000000 -3.141592
    67 4.575642 5.632584 0.000132 0.000000 -1.570771 0.249128
    68 -0.000001 0.314078 5.161098 0.000000 0.000000 0.000000
    69 -0.000001 -0.323108 3.750217 0.000000 0.000000 0.000000
    70 5.734947 1.075212 4.685178 1.570830 -0.000004 -1.321669
    71 -0.753896 0.305901 4.971462 -0.000001 0.000002 0.000000
    72 -1.101006 -0.314705 3.448307 0.000001 0.000001 0.000000
    73 5.809101 -1.029643 4.595047 1.570829 -0.000004 -1.321671
    74 -0.714908 -0.199657 5.028973 0.000000 0.000003 0.000000
    75 -0.282898 -0.851690 4.444889 0.000000 0.000000 0.000000
    76 9.578484 -1.290738 0.000240 0.000000 1.570770 -2.892481
    77 9.369518 -1.236408 1.787905 0.000000 1.570770 -2.892481
    78 9.436707 -1.331719 -1.409029 0.000000 1.570770 -2.892477
    79 5.735191 1.075235 -4.684885 -1.570814 0.000004 1.819923
    80 0.753901 0.305904 4.971474 -0.000001 -0.000002 0.000000
    81 1.101010 -0.314705 3.448315 0.000000 -0.000001 0.000000
    82 5.809341 -1.029617 -4.594752 -1.570814 0.000004 1.819922
    83 0.714908 -0.199655 5.028969 0.000000 -0.000003 0.000000
    84 0.282897 -0.851688 4.444893 0.000000 0.000000 0.000000
  time 2
    0 3.190138 -0.574197 37.415406 1.564372 0.019787 0.059542
    1 3.983847 0.002149 0.003401 -2.461891 0.059772 -1.215068
    2 15.938816 -0.000100 -0.000005 -0.000009 -0.000002 0.526184
    3 17.707025 -0.000068 0.000003 -0.252647 0.285004 -1.394368
    4 6.202515 0.003416 -0.000367 -0.011404 0.000791 -0.500547
    5 -3.983848 0.002149 0.003395 -1.833678 -0.218976 -1.531921
    6 15.938826 -0.000113 -0.000001 0.000002 0.000010 0.349681
    7 17.707031 0.000018 0.000000 -0.004058 -0.093755 -1.201436
    8 6.202710 0.003078 0.003745 -0.078650 -0.006183 -0.498948
    9 -0.000001 4.209253 -1.688832 1.618587 -0.032492 1.571126
    10 3.836055 0.000000 0.000000 0.056291 0.019812 -0.107934
    11 3.617625 -0.000275 -0.000015 0.055932 0.018700 0.036745
    12 7.537925 0.003588 -0.000212 0.001519 0.007722 0.208145
    13 3.181604 -0.002346 0.000028 3.125673 -0.041846 0.224450
    14 2.966416 0.000318 0.000023 -0.220029 -0.075241 0.143111
    15 2.023770 0.904983 0.850949 1.641902 -1.246630 2.896064
    16 4.980521 0.000781 -0.001089 -1.680156 0.431110 -1.166704
    17 11.119977 0.000007 0.000004 -0.000003 -0.136098 -0.187430
    18 11.205393 -0.000039 0.000000 1.656472 -0.499903 -0.073919
    19 3.767578 0.152466 0.071350 0.014352 0.037540 -0.177489
    20 2.037109 -0.000002 -0.000001 -0.000001 0.005004 -0.888530
    21 1.066406 -0.000002 -0.000002 0.000002 0.002790 0.001101
    22 3.783203 -0.017242 0.794434 0.333288 -0.031876 -0.219057
    23 1.628906 0.000000 0.000002 0.000000 0.005106 -0.697052
    24 0.955566 -0.000002 0.000000 -0.000004 0.003249 -0.272281
    25 1.258789 -0.297852 1.251953 -1.927900 -0.158439 -0.368925
    26 1.392578 0.000003 -0.000006 0.000002 0.002017 0.071902
    27 1.099609 0.000001 -0.000006 0.000000 -0.295768 0.023718
    28 3.547341 0.197447 -1.485758 -0.323544 0.115347 -0.238381
    29 1.218750 0.000002 0.000002 -0.000004 0.004664 -0.629642
    30 0.679688 0.000001 0.000001 0.000000 0.002402 -0.578397
    31 3.697042 0.266204 -0.725138 -0.105274 0.104464 -0.301437
    32 1.748047 0.000002 -0.000003 -0.000005 0.002898 -0.623724
    33 0.956684 0.000008 0.000001 0.000003 0.004804 -0.321825
    34 2.023778 0.904982 -0.850921 -1.876399 1.215837 2.722430
    35 4.981625 0.002227 0.003236 1.749440 -0.277580 -1.069114
    36 11.119975 -0.000005 0.000000 0.000001 0.136123 -0.469903
    37 11.205375 0.000073 0.000008 -1.649236 0.372136 -0.114033
    38 3.767578 0.151855 -0.072693 -0.090833 -0.078893 -0.174026
    39 2.037109 0.000002 0.000000 0.000002 -0.007580 -0.940658
    40 1.066406 0.000001 0.000000 0.000006 -0.004235 -0.116579
    41 3.783203 -0.023941 -0.794434 -0.344154 -0.088892 -0.269864
    42 1.628906 -0.000002 0.000000 0.000002 -0.007731 -0.659761
    43 0.955566 0.000001 0.000000 0.000003 -0.004921 -0.331349
    44 1.258789 -0.308350 -1.250000 1.738856 0.204802 -0.550002
    45 1.392578 0.000000 0.000004 0.000004 0.222430 0.216078
    46 1.099609 0.000003 0.000002 0.000004 0.280395 0.302810
    47 3.546538 0.208125 1.487114 0.333783 -0.052221 -0.250106
    48 1.218750 0.000006 -0.000001 0.000005 -0.007078 -0.610627
    49 0.679688 0.000001 -0.000001 0.000001 -0.003643 -0.669683
    50 3.696249 0.271114 0.723153 0.103581 -0.126168 -0.288614
    51 1.748047 -0.000013 0.000001 0.000000 -0.004401 -0.791139
    52 0.959961 0.000001 -0.000001 0.000003 -0.007260 -0.432410
    53 -3.756462 5.577850 2.053357 1.570803 -0.000001 0.000000
    54 -2.735646 -0.081365 5.727119 0.000007 0.000015 1.570796
    55 0.000001 5.662003 -0.974302 1.570804 -0.000001 0.000000
    56 -0.000002 -2.275002 5.113525 0.000000 0.000000 -3.141592
    57 -2.477620 5.416855 4.597564 1.570804 -0.000001 0.000000
    58 -1.515218 1.317776 5.998497 0.000000 0.000000 0.000000
    59 -2.455992 5.657928 -0.087295 1.570804 -0.000001 0.000000
    60 -1.485628 -1.617812 5.263969 0.000000 0.000000 3.141592
    61 3.756460 5.577858 2.053359 1.570803 -0.000001 0.000000
    62 2.735645 -0.081364 5.727116 0.000004 -0.000011 -1.570795
    63 2.477613 5.416855 4.597570 1.570804 -0.000001 0.000000
    64 1.515220 1.317777 5.998508 0.000000 0.000000 0.000000
    65 2.455991 5.657928 -0.087293 1.570804 -0.000001 0.000000
    66 1.485620 -1.617803 5.263973 0.000000 0.000000 -3.141592
    67 4.575642 5.632584 0.000132 0.000000 -1.570771 0.249128
    68 -0.000001 0.314078 5.161098 0.000000 0.000000 0.000000
    69 -0.000001 -0.323108 3.750217 0.000000 0.000000 0.000000
    70 5.734947 1.075212 4.685178 1.570830 -0.000004 -1.321669
    71 -0.753896 0.305901 4.971462 -0.000001 0.000002 0.000000
    72 -1.101006 -0.314705 3.448307 0.000001 0.000001 0.000000
    73 5.809101 -1.029643 4.595047 1.570829 -0.000004 -1.321671
    74 -0.714908 -0.199657 5.028973 0.000000 0.000003 0.000000
    75 -0.282898 -0.851690 4.444889 0.000000 0.000000 0.000000
    76 9.578484 -1.290738 0.000240 0.000000 1.570770 -2.892481
    77 9.369518 -1.236408 1.787905 0.000000 1.570770 -2.892481
    78 9.436707 -1.331719 -1.409029 0.000000 1.570770 -2.892477
    79 5.735191 1.075235 -4.684885 -1.570814 0.000004 1.819923
    80 0.753901 0.305904 4.971474 -0.000001 -0.000002 0.000000
    81 1.101010 -0.314705 3.448315 0.000000 -0.000001 0.000000
    82 5.809341 -1.029617 -4.594752 -1.570814 0.000004 1.819922
    83 0.714908 -0.199655 5.028969 0.000000 -0.000003 0.000000
    84 0.282897 -0.851688 4.444893 0.000000 0.000000 0.000000
  time 3
    0 4.773816 -0.570271 37.450563 1.554641 0.017438 0.044015
    1 3.983847 0.002149 0.003401 -2.427310 0.084870 -1.198618
    2 15.938816 -0.000100 -0.000005 -0.000009 -0.000002 0.404423
    3 17.707025 -0.000068 0.000003 -0.319908 0.227995 -1.385710
    4 6.202515 0.003416 -0.000367 -0.012052 0.000444 -0.500547
    5 -3.983848 0.002149 0.003395 -1.835111 -0.192309 -1.585411
    6 15.938826 -0.000113 -0.000001 0.000002 0.000010 0.315861
    7 17.707031 0.000018 0.000000 0.029807 -0.126662 -1.198939
    8 6.202710 0.003078 0.003745 -0.078638 -0.006183 -0.501629
    9 -0.000001 4.209253 -1.688832 1.628031 -0.038025 1.569736
    10 3.836055 0.000000 0.000000 0.063866 0.023251 -0.102385
    11 3.617625 -0.000275 -0.000015 0.065820 0.018664 0.041983
    12 7.537925 0.003588 -0.000212 0.001471 0.007434 0.208145
    13 3.181604 -0.002346 0.000028 3.126824 -0.039041 0.224414
    14 2.966416 0.000318 0.000023 -0.233704 -0.068565 0.155728
    15 2.023770 0.904983 0.850949 1.653302 -1.246182 2.884190
    16 4.980521 0.000781 -0.001089 -1.695844 0.434821 -1.170517
    17 11.119977 0.000007 0.000004 -0.000003 -0.136098 -0.179082
    18 11.205393 -0.000039 0.000000 1.651910 -0.505279 -0.057176
    19 3.767578 0.152466 0.071350 0.014352 0.037540 -0.177489
    20 2.037109 -0.000002 -0.000001 -0.000001 0.005004 -0.888530
    21 1.066406 -0.000002 -0.000002 0.000002 0.002790 0.001101
    22 3.783203 -0.017242 0.794434 0.333288 -0.031876 -0.219057
    23 1.628906 0.000000 0.000002 0.000000 0.005106 -0.697052
    24 0.955566 -0.000002 0.000000 -0.000004 0.003249 -0.272281
    25 1.258789 -0.297852 1.251953 -1.927900 -0.158439 -0.368925
    26 1.392578 0.000003 -0.000006 0.000002 0.002017 0.071902
    27 1.099609 0.000001 -0.000006 0.000000 -0.295768 0.023718
    28 3.547341 0.197447 -1.485758 -0.323544 0.115347 -0.238381
    29 1.218750 0.000002 0.000002 -0.000004 0.004664 -0.629642
    30 0.679688 0.000001 0.000001 0.000000 0.002402 -0.578397
    31 3.697042 0.266204 -0.725138 -0.105274 0.104464 -0.301437
    32 1.748047 0.000002 -0.000003 -0.000005 0.002898 -0.623724
    33 0.956684 0.000008 0.000001 0.000003 0.004804 -0.321825
    34 2.023778 0.904982 -0.850921 -1.866900 1.217059 2.732727
    35 4.981625 0.002227 0.003236 1.745776 -0.276783 -1.066705
    36 11.119975 -0.000005 0.000000 0.000001 0.136123 -0.493172
    37 11.205375 0.000073 0.000008 -1.691469 0.367042 -0.150167
    38 3.767578 0.151855 -0.072693 -0.090833 -0.078893 -0.174026
    39 2.037109 0.000002 0.000000 0.000002 -0.007580 -0.940658
    40 1.066406 0.000001 0.000000 0.000006 -0.004235 -0.116579
    41 3.783203 -0.023941 -0.794434 -0.344154 -0.088892 -0.269864
    42 1.628906 -0.000002 0.000000 0.000002 -0.007731 -0.659761
    43 0.955566 0.000001 0.000000 0.000003 -0.004921 -0.331349
    44 1.258789 -0.308350 -1.250000 1.738856 0.204802 -0.550002
    45 1.392578 0.000000 0.000004 0.000004 0.222430 0.216078
    46 1.099609 0.000003 0.000002 0.000004 0.280395 0.302810
    47 3.546538 0.208125 1.487114 0.333783 -0.052221 -0.250106
    48 1.218750 0.000006 -0.000001 0.000005 -0.007078 -0.610627
    49 0.679688 0.000001 -0.000001 0.000001 -0.003643 -0.669683
    50 3.696249 0.271114 0.723153 0.103581 -0.126168 -0.288614
    51 1.748047 -0.000013 0.000001 0.000000 -0.004401 -0.791139
    52 0.959961 0.000001 -0.000001 0.000003 -0.007260 -0.432410
    53 -3.756462 5.577850 2.053357 1.570803 -0.000001 0.000000
    54 -2.735646 -0.081365 5.727119 0.000007 0.000015 1.570796
    55 0.000001 5.662003 -0.974302 1.570804 -0.000001 0.000000
    56 -0.000002 -2.275002 5.113525 0.000000 0.000000 -3.141592
    57 -2.477620 5.416855 4.597564 1.570804 -0.000001 0.000000
    58 -1.515218 1.317776 5.998497 0.000000 0.000000 0.000000
    59 -2.455992 5.657928 -0.087295 1.570804 -0.000001 0.000000
    60 -1.485628 -1.617812 5.263969 0.000000 0.000000 3.141592
    61 3.756460 5.577858 2.053359 1.570803 -0.000001 0.000000
    62 2.735645 -0.081364 5.727116 0.000004 -0.000011 -1.570795
    63 2.477613 5.416855 4.597570 1.570804 -0.000001 0.000000
    64 1.515220 1.317777 5.998508 0.000000 0.000000 0.000000
    65 2.455991 5.657928 -0.087293 1.570804 -0.000001 0.000000
    66 1.485620 -1.617803 5.263973 0.000000 0.000000 -3.141592
    67 4.575642 5.632584 0.000132 0.000000 -1.570771 0.249128
    68 -0.000001 0.314078 5.161098 0.000000 0.000000 0.000000
    69 -0.000001 -0.323108 3.750217 0.000000 0.000000 0.000000
    70 5.734947 1.075212 4.685178 1.570830 -0.000004 -1.321669
    71 -0.753896 0.305901 4.971462 -0.000001 0.000002 0.000000
    72 -1.101006 -0.314705 3.448307 0.000001 0.000001 0.000000
    73 5.809101 -1.029643 4.595047 1.570829 -0.000004 -1.321671
    74 -0.714908 -0.199657 5.028973 0.000000 0.000003 0.000000
    75 -0.282898 -0.851690 4.444889 0.000000 0.000000 0.000000
    76 9.578484 -1.290738 0.000240 0.000000 1.570770 -2.892481
    77 9.369518 -1.236408 1.787905 0.000000 1.570770 -2.892481
    78 9.436707 -1.331719 -1.409029 0.000000 1.570770 -2.892477
    79 5.735191 1.075235 -4.684885 -1.570814 0.000004 1.819923
    80 0.753901 0.305904 4.971474 -0.000001 -0.000002 0.000000
    81 1.101010 -0.314705 3.448315 0.000000 -0.000001 0.000000
    82 5.809341 -1.029617 -4.594752 -1.570814 0.000004 1.819922
    83 0.714908 -0.199655 5.028969 0.000000 -0.000003 0.000000
    84 0.282897 -0.851688 4.444893 0.000000 0.000000 0.000000
  time 4
    0 6.369213 -0.542907 37.364623 1.544958 0.016826 0.036411
    1 3.983847 0.002149 0.003401 -2.383990 0.119447 -1.198707
    2 15.938816 -0.000100 -0.000005 -0.000009 -0.000002 0.275076
    3 17.707025 -0.000068 0.000003 -0.362473 0.170901 -1.344349
    4 6.202515 0.003416 -0.000367 -0.012447 0.000228 -0.500547
    5 -3.983848 0.002149 0.003395 -1.826226 -0.180672 -1.635903
    6 15.938826 -0.000113 -0.000001 0.000002 0.000010 0.308366
    7 17.707031 0.000018 0.000000 0.061700 -0.163210 -1.203479
    8 6.202710 0.003078 0.003745 -0.078566 -0.006183 -0.509876
    9 -0.000001 4.209253 -1.688832 1.634455 -0.043638 1.569065
    10 3.836055 0.000000 0.000000 0.067593 0.027134 -0.096728
    11 3.617625 -0.000275 -0.000015 0.070674 0.018029 0.049656
    12 7.537925 0.003588 -0.000212 0.001411 0.007003 0.208145
    13 3.181604 -0.002346 0.000028 3.128549 -0.034643 0.224354
    14 2.966416 0.000318 0.000023 -0.243495 -0.061207 0.168299
    15 2.023770 0.904983 0.850949 1.667403 -1.245490 2.869325
    16 4.980521 0.000781 -0.001089 -1.710654 0.432493 -1.172566
    17 11.119977 0.000007 0.000004 -0.000003 -0.136098 -0.174393
    18 11.205393 -0.000039 0.000000 1.640098 -0.500207 -0.019809
    19 3.767578 0.152466 0.071350 0.014352 0.037540 -0.177489
    20 2.037109 -0.000002 -0.000001 -0.000001 0.005004 -0.888530
    21 1.066406 -0.000002 -0.000002 0.000002 0.002790 0.001101
    22 3.783203 -0.017242 0.794434 0.333288 -0.031876 -0.219057
    23 1.628906 0.000000 0.000002 0.000000 0.005106 -0.697052
    24 0.955566 -0.000002 0.000000 -0.000004 0.003249 -0.272281
    25 1.258789 -0.297852 1.251953 -1.927900 -0.158439 -0.368925
    26 1.392578 0.000003 -0.000006 0.000002 0.002017 0.071902
    27 1.099609 0.000001 -0.000006 0.000000 -0.295768 0.023718
    28 3.547341 0.197447 -1.485758 -0.323544 0.115347 -0.238381
    29 1.218750 0.000002 0.000002 -0.000004 0.004664 -0.629642
    30 0.679688 0.000001 0.000001 0.000000 0.002402 -0.578397
    31 3.697042 0.266204 -0.725138 -0.105274 0.104464 -0.301437
    32 1.748047 0.000002 -0.000003 -0.000005 0.002898 -0.623724
    33 0.956684 0.000008 0.000001 0.000003 0.004804 -0.321825
    34 2.023778 0.904982 -0.850921 -1.854845 1.218850 2.745552
    35 4.981625 0.002227 0.003236 1.747376 -0.275848 -1.066734
    36 11.119975 -0.000005 0.000000 0.000001 0.136123 -0.509567
    37 11.205375 0.000073 0.000008 -1.736470 0.354962 -0.184023
    38 3.767578 0.151855 -0.072693 -0.090833 -0.078893 -0.174026
    39 2.037109 0.000002 0.000000 0.000002 -0.007580 -0.940658
    40 1.066406 0.000001 0.000000 0.000006 -0.004235 -0.116579
    41 3.783203 -0.023941 -0.794434 -0.344154 -0.088892 -0.269864
    42 1.628906 -0.000002 0.000000 0.000002 -0.007731 -0.659761
    43 0.955566 0.000001 0.000000 0.000003 -0.004921 -0.331349
    44 1.258789 -0.308350 -1.250000 1.738856 0.204802 -0.550002
    45 1.392578 0.000000 0.000004 0.000004 0.222430 0.216078
    46 1.099609 0.000003 0.000002 0.000004 0.280395 0.302810
    47 3.546538 0.208125 1.487114 0.333783 -0.052221 -0.250106
    48 1.218750 0.000006 -0.000001 0.000005 -0.007078 -0.610627
    49 0.679688 0.000001 -0.000001 0.000001 -0.003643 -0.669683
    50 3.696249 0.271114 0.723153 0.103581 -0.126168 -0.288614
    51 1.748047 -0.000013 0.000001 0.000000 -0.004401 -0.791139
    52 0.959961 0.000001 -0.000001 0.000003 -0.007260 -0.432410
    53 -3.756462 5.577850 2.053357 1.570803 -0.000001 0.000000
    54 -2.735646 -0.081365 5.727119 0.000007 0.000015 1.570796
    55 0.000001 5.662003 -0.974302 1.570804 -0.000001 0.000000
    56 -0.000002 -2.275002 5.113525 0.000000 0.000000 -3.141592
    57 -2.477620 5.416855 4.597564 1.570804 -0.000001 0.000000
    58 -1.515218 1.317776 5.998497 0.000000 0.000000 0.000000
    59 -2.455992 5.657928 -0.087295 1.570804 -0.000001 0.000000
    60 -1.485628 -1.617812 5.263969 0.000000 0.000000 3.141592
    61 3.756460 5.577858 2.053359 1.570803 -0.000001 0.000000
    62 2.735645 -0.081364 5.727116 0.000004 -0.000011 -1.570795
    63 2.477613 5.416855 4.597570 1.570804 -0.000001 0.000000
    64 1.515220 1.317777 5.998508 0.000000 0.000000 0.000000
    65 2.455991 5.657928 -0.087293 1.570804 -0.000001 0.000000
    66 1.485620 -1.617803 5.263973 0.000000 0.000000 -3.141592
    67 4.575642 5.632584 0.000132 0.000000 -1.570771 0.249128
    68 -0.000001 0.314078 5.161098 0.000000 0.000000 0.000000
    69 -0.000001 -0.323108 3.750217 0.000000 0.000000 0.000000
    70 5.734947 1.075212 4.685178 1.570830 -0.000004 -1.321669
    71 -0.753896 0.305901 4.971462 -0.000001 0.000002 0.000000
    72 -1.101006 -0.314705 3.448307 0.000001 0.000001 0.000000
    73 5.809101 -1.029643 4.595047 1.570829 -0.000004 -1.321671
    74 -0.714908 -0.199657 5.028973 0.000000 0.000003 0.000000
    75 -0.282898 -0.851690 4.444889 0.000000 0.000000 0.000000
    76 9.578484 -1.290738 0.000240 0.000000 1.570770 -2.892481
    77 9.369518 -1.236408 1.787905 0.000000 1.570770 -2.892481
    78 9.436707 -1.331719 -1.409029 0.000000 1.570770 -2.892477
    79 5.735191 1.075235 -4.684885 -1.570814 0.000004 1.819923
    80 0.753901 0.305904 4.971474 -0.000001 -0.000002 0.000000
    81 1.101010 -0.314705 3.448315 0.000000 -0.000001 0.000000
    82 5.809341 -1.029617 -4.594752 -1.570814 0.000004 1.819922
    83 0.714908 -0.199655 5.028969 0.000000 -0.000003 0.000000
    84 0.282897 -0.851688 4.444893 0.000000 0.000000 0.000000
  time 5
    0 7.984142 -0.460854 37.157586 1.538774 0.016215 0.037944
    1 3.983847 0.002149 0.003401 -2.334874 0.135734 -1.203267
    2 15.938816 -0.000100 -0.000005 -0.000009 -0.000002 0.208969
    3 17.707025 -0.000068 0.000003 -0.372935 0.114252 -1.326789
    4 6.202515 0.003416 -0.000367 -0.012627 0.000120 -0.500547
    5 -3.983848 0.002149 0.003395 -1.806354 -0.187414 -1.686114
    6 15.938826 -0.000113 -0.000001 0.000002 0.000010 0.328268
    7 17.707031 0.000018 0.000000 0.091961 -0.203719 -1.212689
    8 6.202710 0.003078 0.003745 -0.078435 -0.006219 -0.525623
    9 -0.000001 4.209253 -1.688832 1.637379 -0.047353 1.568682
    10 3.836055 0.000000 0.000000 0.066862 0.029603 -0.093013
    11 3.617625 -0.000275 -0.000015 0.069739 0.016723 0.054612
    12 7.537925 0.003588 -0.000212 0.001316 0.006392 0.208145
    13 3.181604 -0.002346 0.000028 3.130850 -0.028375 0.224258
    14 2.966416 0.000318 0.000023 -0.247977 -0.053872 0.174335
    15 2.023770 0.904983 0.850949 1.683603 -1.244472 2.852285
    16 4.980521 0.000781 -0.001089 -1.723039 0.428074 -1.172338
    17 11.119977 0.000007 0.000004 -0.000003 -0.136098 -0.172907
    18 11.205393 -0.000039 0.000000 1.623580 -0.483313 0.037789
    19 3.767578 0.152466 0.071350 0.014352 0.037540 -0.177489
    20 2.037109 -0.000002 -0.000001 -0.000001 0.005004 -0.888530
    21 1.066406 -0.000002 -0.000002 0.000002 0.002790 0.001101
    22 3.783203 -0.017242 0.794434 0.333288 -0.031876 -0.219057
    23 1.628906 0.000000 0.000002 0.000000 0.005106 -0.697052
    24 0.955566 -0.000002 0.000000 -0.000004 0.003249 -0.272281
    25 1.258789 -0.297852 1.251953 -1.927900 -0.158439 -0.368925
    26 1.392578 0.000003 -0.000006 0.000002 0.002017 0.071902
    27 1.099609 0.000001 -0.000006 0.000000 -0.295768 0.023718
    28 3.547341 0.197447 -1.485758 -0.323544 0.115347 -0.238321
    29 1.218750 0.000002 0.000002 -0.000004 0.004664 -0.629642
    30 0.679688 0.000001 0.000001 0.000000 0.002402 -0.578397
    31 3.697042 0.266204 -0.725138 -0.105274 0.104464 -0.301437
    32 1.748047 0.000002 -0.000003 -0.000005 0.002898 -0.623724
    33 0.956684 0.000008 0.000001 0.000015 0.004804 -0.321825
    34 2.023778 0.904982 -0.850921 -1.840754 1.220968 2.760546
    35 4.981625 0.002227 0.003236 1.753671 -0.277442 -1.069966
    36 11.119975 -0.000005 0.000000 0.000001 0.136123 -0.518017
    37 11.205375 0.000073 0.000008 -1.768539 0.337177 -0.213182
    38 3.767578 0.151855 -0.072693 -0.090833 -0.078893 -0.174026
    39 2.037109 0.000002 0.000000 0.000002 -0.007580 -0.940658
    40 1.066406 0.000001 0.000000 0.000006 -0.004235 -0.116579
    41 3.783203 -0.023941 -0.794434 -0.344154 -0.088892 -0.269864
    42 1.628906 -0.000002 0.000000 0.000002 -0.007731 -0.659761
    43 0.955566 0.000001 0.000000 0.000003 -0.004921 -0.331349
    44 1.258789 -0.308350 -1.250000 1.738856 0.204802 -0.550002
    45 1.392578 0.000000 0.000004 0.000004 0.222430 0.216078
    46 1.099609 0.000003 0.000002 0.000004 0.280395 0.302810
    47 3.546538 0.208125 1.487114 0.333783 -0.052221 -0.250166
    48 1.218750 0.000006 -0.000001 0.000005 -0.007078 -0.610627
    49 0.679688 0.000001 -0.000001 0.000001 -0.003643 -0.669683
    50 3.696249 0.271114 0.723153 0.103581 -0.126168 -0.288614
    51 1.748047 -0.000013 0.000001 0.000000 -0.004401 -0.791139
    52 0.959961 0.000001 -0.000001 0.000003 -0.007260 -0.432410
    53 -3.756462 5.577850 2.053357 1.570803 -0.000001 0.000000
    54 -2.735646 -0.081365 5.727119 0.000007 0.000015 1.570796
    55 0.000001 5.662003 -0.974302 1.570804 -0.000001 0.000000
    56 -0.000002 -2.275002 5.113525 0.000000 0.000000 -3.141592
    57 -2.477620 5.416855 4.597564 1.570804 -0.000001 0.000000
    58 -1.515218 1.317776 5.998497 0.000000 0.000000 0.000000
    59 -2.455992 5.657928 -0.087295 1.570804 -0.000001 0.000000
    60 -1.485628 -1.617812 5.263969 0.000000 0.000000 3.141592
    61 3.756460 5.577858 2.053359 1.570803 -0.000001 0.000000
    62 2.735645 -0.081364 5.727116 0.000004 -0.000011 -1.570795
    63 2.477613 5.416855 4.597570 1.570804 -0.000001 0.000000
    64 1.515220 1.317777 5.998508 0.000000 0.000000 0.000000
    65 2.455991 5.657928 -0.087293 1.570804 -0.000001 0.000000
    66 1.485620 -1.617803 5.263973 0.000000 0.000000 -3.141592
    67 4.575642 5.632584 0.000132 0.000000 -1.570771 0.249128
    68 -0.000001 0.314078 5.161098 0.000000 0.000000 0.000000
    69 -0.000001 -0.323108 3.750217 0.000000 0.000000 0.000000
    70 5.734947 1.075212 4.685178 1.570830 -0.000004 -1.321669
    71 -0.753896 0.305901 4.971462 -0.000001 0.000002 0.000000
    72 -1.101006 -0.314705 3.448307 0.000001 0.000001 0.000000
    73 5.809101 -1.029643 4.595047 1.570829 -0.000004 -1.321671
    74 -0.714908 -0.199657 5.028973 0.000000 0.000003 0.000000
    75 -0.282898 -0.851690 4.444889 0.000000 0.000000 0.000000
    76 9.578484 -1.290738 0.000240 0.000000 1.570770 -2.892481
    77 9.369518 -1.236408 1.787905 0.000000 1.570770 -2.892481
    78 9.436707 -1.331719 -1.409029 0.000000 1.570770 -2.892477
    79 5.735191 1.075235 -4.684885 -1.570814 0.000004 1.819923
    80 0.753901 0.305904 4.971474 -0.000001 -0.000002 0.000000
    81 1.101010 -0.314705 3.448315 0.000000 -0.000001 0.000000
    82 5.809341 -1.029617 -4.594752 -1.570814 0.000004 1.819922
    83 0.714908 -0.199655 5.028969 0.000000 -0.000003 0.000000
    84 0.282897 -0.851688 4.444893 0.000000 0.000000 0.000000
  time 6
    0 9.653761 -0.261609 36.942735 1.536761 0.013555 0.048232
    1 3.983847 0.002149 0.003401 -2.279488 0.111392 -1.193611
    2 15.938816 -0.000100 -0.000005 -0.000009 -0.000002 0.236126
    3 17.707025 -0.000068 0.000003 -0.358949 0.063545 -1.335753
    4 6.202515 0.003416 -0.000367 -0.012531 0.000180 -0.500547
    5 -3.983848 0.002149 0.003395 -1.775687 -0.195744 -1.742415
    6 15.938826 -0.000113 -0.000001 0.000002 0.000010 0.339541
    7 17.707031 0.000018 0.000000 0.123469 -0.235003 -1.200852
    8 6.202710 0.003078 0.003745 -0.078243 -0.006243 -0.552231
    9 -0.000001 4.209253 -1.688832 1.636084 -0.048605 1.568058
    10 3.836055 0.000000 0.000000 0.061816 0.028764 -0.091695
    11 3.617625 -0.000275 -0.000015 0.063171 0.014649 0.056048
    12 7.537925 0.003588 -0.000212 0.001076 0.004546 0.208145
    13 3.181604 -0.002346 0.000028 3.134014 -0.019998 0.224174
    14 2.966416 0.000318 0.000023 -0.247007 -0.045147 0.174335
    15 2.023770 0.904983 0.850949 1.720103 -1.241337 2.813583
    16 4.980521 0.000781 -0.001089 -1.735733 0.414580 -1.164258
    17 11.119977 0.000007 0.000004 -0.000003 -0.136098 -0.178053
    18 11.205393 -0.000039 0.000000 1.612584 -0.422121 0.144332
    19 3.767578 0.152466 0.071350 0.014352 0.037540 -0.177489
    20 2.037109 -0.000002 -0.000001 -0.000001 0.005004 -0.888530
    21 1.066406 -0.000002 -0.000002 0.000002 0.002790 0.001101
    22 3.783203 -0.017242 0.794434 0.333288 -0.031876 -0.219057
    23 1.628906 0.000000 0.000002 0.000000 0.005106 -0.697052
    24 0.955566 -0.000002 0.000000 -0.000004 0.003249 -0.272281
    25 1.258789 -0.297852 1.251953 -1.927900 -0.158439 -0.368925
    26 1.392578 0.000003 -0.000006 0.000002 0.002017 0.071902
    27 1.099609 0.000001 -0.000006 0.000000 -0.295768 0.023718
    28 3.547341 0.197447 -1.485758 -0.323544 0.115347 -0.238381
    29 1.218750 0.000002 0.000002 -0.000004 0.004664 -0.629642
    30 0.679688 0.000001 0.000001 0.000000 0.002402 -0.578397
    31 3.697042 0.266204 -0.725138 -0.105274 0.104464 -0.301437
    32 1.748047 0.000002 -0.000003 -0.000005 0.002898 -0.623724
    33 0.956684 0.000008 0.000001 0.000003 0.004804 -0.321825
    34 2.023778 0.904982 -0.850921 -1.808345 1.226057 2.795048
    35 4.981625 0.002227 0.003236 1.779418 -0.289891 -1.086126
    36 11.119975 -0.000005 0.000000 0.000001 0.136123 -0.511459
    37 11.205375 0.000073 0.000008 -1.783857 0.291168 -0.249135
    38 3.767578 0.151855 -0.072693 -0.090833 -0.078893 -0.174026
    39 2.037109 0.000002 0.000000 0.000002 -0.007580 -0.940658
    40 1.066406 0.000001 0.000000 0.000006 -0.004235 -0.116579
    41 3.783203 -0.023941 -0.794434 -0.344154 -0.088892 -0.269864
    42 1.628906 -0.000002 0.000000 0.000002 -0.007731 -0.659761
    43 0.955566 0.000001 0.000000 0.000003 -0.004921 -0.331349
    44 1.258789 -0.308350 -1.250000 1.738856 0.204802 -0.550002
    45 1.392578 0.000000 0.000004 0.000004 0.222430 0.216078
    46 1.099609 0.000003 0.000002 0.000004 0.280395 0.302810
    47 3.546538 0.208125 1.487114 0.333783 -0.052221 -0.250106
    48 1.218750 0.000006 -0.000001 0.000005 -0.007078 -0.610627
    49 0.679688 0.000001 -0.000001 0.000001 -0.003643 -0.669683
    50 3.696249 0.271114 0.723153 0.103581 -0.126168 -0.288614
    51 1.748047 -0.000013 0.000001 0.000000 -0.004401 -0.791139
    52 0.959961 0.000001 -0.000001 0.000003 -0.007260 -0.432410
    53 -3.756462 5.577850 2.053357 1.570803 -0.000001 0.000000
    54 -2.735646 -0.081365 5.727119 0.000007 0.000015 1.570796
    55 0.000001 5.662003 -0.974302 1.570804 -0.000001 0.000000
    56 -0.000002 -2.275002 5.113525 0.000000 0.000000 -3.141592
    57 -2.477620 5.416855 4.597564 1.570804 -0.000001 0.000000
    58 -1.515218 1.317776 5.998497 0.000000 0.000000 0.000000
    59 -2.455992 5.657928 -0.087295 1.570804 -0.000001 0.000000
    60 -1.485628 -1.617812 5.263969 0.000000 0.000000 3.141592
    61 3.756460 5.577858 2.053359 1.570803 -0.000001 0.000000
    62 2.735645 -0.081364 5.727116 0.000004 -0.000011 -1.570795
    63 2.477613 5.416855 4.597570 1.570804 -0.000001 0.000000
    64 1.515220 1.317777 5.998508 0.000000 0.000000 0.000000
    65 2.455991 5.657928 -0.087293 1.570804 -0.000001 0.000000
    66 1.485620 -1.617803 5.263973 0.000000 0.000000 -3.141592
    67 4.575642 5.632584 0.000132 0.000000 -1.570771 0.249128
    68 -0.000001 0.314078 5.161098 0.000000 0.000000 0.000000
    69 -0.000001 -0.323108 3.750217 0.000000 0.000000 0.000000
    70 5.734947 1.075212 4.685178 1.570830 -0.000004 -1.321669
    71 -0.753896 0.305901 4.971462 -0.000001 0.000002 0.000000
    72 -1.101006 -0.314705 3.448307 0.000001 0.000001 0.000000
    73 5.809101 -1.029643 4.595047 1.570829 -0.000004 -1.321671
    74 -0.714908 -0.199657 5.028973 0.000000 0.000003 0.000000
    75 -0.282898 -0.851690 4.444889 0.000000 0.000000 0.000000
    76 9.578484 -1.290738 0.000240 0.000000 1.570770 -2.892481
    77 9.369518 -1.236408 1.787905 0.000000 1.570770 -2.892481
    78 9.436707 -1.331719 -1.409029 0.000000 1.570770 -2.892477
    79 5.735191 1.075235 -4.684885 -1.570814 0.000004 1.819923
    80 0.753901 0.305904 4.971474 -0.000001 -0.000002 0.000000
    81 1.101010 -0.314705 3.448315 0.000000 -0.000001 0.000000
    82 5.809341 -1.029617 -4.594752 -1.570814 0.000004 1.819922
    83 0.714908 -0.199655 5.028969 0.000000 -0.000003 0.000000
    84 0.282897 -0.851688 4.444893 0.000000 0.000000 0.000000
  time 7
    0 11.510884 0.000137 36.794293 1.537528 0.000431 0.065868
    1 3.983847 0.002149 0.003401 -2.230278 0.040059 -1.205055
    2 15.938816 -0.000100 -0.000005 -0.000009 -0.000002 0.354189
    3 17.707025 -0.000068 0.000003 -0.312888 0.026543 -1.348021
    4 6.202515 0.003416 -0.000367 -0.012076 0.000432 -0.500547
    5 -3.983848 0.002149 0.003395 -1.737186 -0.207768 -1.809769
    6 15.938826 -0.000113 -0.000001 0.000002 0.000010 0.350311
    7 17.707031 0.000018 0.000000 0.160258 -0.234878 -1.157654
    8 6.202710 0.003078 0.003745 -0.077919 -0.006303 -0.595910
    9 -0.000001 4.209253 -1.688832 1.630716 -0.047797 1.563840
    10 3.836055 0.000000 0.000000 0.053211 0.016732 -0.092594
    11 3.617625 -0.000275 -0.000015 0.051966 0.011737 0.055119
    12 7.537925 0.003588 -0.000212 0.000896 0.003347 0.208133
    13 3.181604 -0.002346 0.000028 3.138329 -0.009319 0.224138
    14 2.966416 0.000318 0.000023 -0.239564 -0.037453 0.167664
    15 2.023770 0.904983 0.850949 1.739203 -1.239220 2.793280
    16 4.980521 0.000781 -0.001089 -1.736611 0.404662 -1.154754
    17 11.119977 0.000007 0.000004 -0.000003 -0.136098 -0.187487
    18 11.205393 -0.000039 0.000000 1.618922 -0.392297 0.152782
    19 3.767578 0.152466 0.071350 0.014352 0.037540 -0.177489
    20 2.037109 -0.000002 -0.000001 -0.000001 0.005004 -0.888530
    21 1.066406 -0.000002 -0.000002 0.000002 0.002790 0.001101
    22 3.783203 -0.017242 0.794434 0.333288 -0.031876 -0.219057
    23 1.628906 0.000000 0.000002 0.000000 0.005106 -0.697052
    24 0.955566 -0.000002 0.000000 -0.000004 0.003249 -0.272281
    25 1.258789 -0.297852 1.251953 -1.927900 -0.158439 -0.368925
    26 1.392578 0.000003 -0.000006 0.000002 0.002017 0.071902
    27 1.099609 0.000001 -0.000006 0.000000 -0.295768 0.023718
    28 3.547341 0.197447 -1.485758 -0.323544 0.115347 -0.238381
    29 1.218750 0.000002 0.000002 -0.000004 0.004664 -0.629642
    30 0.679688 0.000001 0.000001 0.000000 0.002402 -0.578397
    31 3.697042 0.266204 -0.725138 -0.105274 0.104452 -0.301437
    32 1.748047 0.000002 -0.000003 -0.000005 0.002898 -0.623724
    33 0.956684 0.000008 0.000001 0.000015 0.004804 -0.321825
    34 2.023778 0.904982 -0.850921 -1.790914 1.229029 2.813654
    35 4.981625 0.002227 0.003236 1.796651 -0.298988 -1.100346
    36 11.119975 -0.000005 0.000000 0.000001 0.136123 -0.496451
    37 11.205375 0.000073 0.000008 -1.773502 0.267990 -0.252515
    38 3.767578 0.151855 -0.072693 -0.090833 -0.078893 -0.174026
    39 2.037109 0.000002 0.000000 0.000002 -0.007580 -0.940658
    40 1.066406 0.000001 0.000000 0.000006 -0.004235 -0.116579
    41 3.783203 -0.023941 -0.794434 -0.344154 -0.088892 -0.269864
    42 1.628906 -0.000002 0.000000 0.000002 -0.007731 -0.659761
    43 0.955566 0.000001 0.000000 0.000003 -0.004921 -0.331349
    44 1.258789 -0.308350 -1.250000 1.738856 0.204802 -0.550002
    45 1.392578 0.000000 0.000004 0.000004 0.222430 0.216078
    46 1.099609 0.000003 0.000002 0.000004 0.280395 0.302810
    47 3.546538 0.208125 1.487114 0.333783 -0.052221 -0.250106
    48 1.218750 0.000006 -0.000001 0.000005 -0.007078 -0.610627
    49 0.679688 0.000001 -0.000001 0.000001 -0.003643 -0.669683
    50 3.696249 0.271114 0.723153 0.103581 -0.126168 -0.288627
    51 1.748047 -0.000013 0.000001 0.000000 -0.004401 -0.791139
    52 0.959961 0.000001 -0.000001 0.000003 -0.007260 -0.432410
    53 -3.756462 5.577850 2.053357 1.570803 -0.000001 0.000000
    54 -2.735646 -0.081365 5.727119 0.000007 0.000015 1.570796
    55 0.000001 5.662003 -0.974302 1.570804 -0.000001 0.000000
    56 -0.000002 -2.275002 5.113525 0.000000 0.000000 -3.141592
    57 -2.477620 5.416855 4.597564 1.570804 -0.000001 0.000000
    58 -1.515218 1.317776 5.998497 0.000000 0.000000 0.000000
    59 -2.455992 5.657928 -0.087295 1.570804 -0.000001 0.000000
    60 -1.485628 -1.617812 5.263969 0.000000 0.000000 3.141592
    61 3.756460 5.577858 2.053359 1.570803 -0.000001 0.000000
    62 2.735645 -0.081364 5.727116 0.000004 -0.000011 -1.570795
    63 2.477613 5.416855 4.597570 1.570804 -0.000001 0.000000
    64 1.515220 1.317777 5.998508 0.000000 0.000000 0.000000
    65 2.455991 5.657928 -0.087293 1.570804 -0.000001 0.000000
    66 1.485620 -1.617803 5.263973 0.000000 0.000000 -3.141592
    67 4.575642 5.632584 0.000132 0.000000 -1.570771 0.249128
    68 -0.000001 0.314078 5.161098 0.000000 0.000000 0.000000
    69 -0.000001 -0.323108 3.750217 0.000000 0.000000 0.000000
    70 5.734947 1.075212 4.685178 1.570830 -0.000004 -1.321669
    71 -0.753896 0.305901 4.971462 -0.000001 0.000002 0.000000
    72 -1.101006 -0.314705 3.448307 0.000001 0.000001 0.000000
    73 5.809101 -1.029643 4.595047 1.570829 -0.000004 -1.321671
    74 -0.714908 -0.199657 5.028973 0.000000 0.000003 0.000000
    75 -0.282898 -0.851690 4.444889 0.000000 0.000000 0.000000
    76 9.578484 -1.290738 0.000240 0.000000 1.570770 -2.892481
    77 9.369518 -1.236408 1.787905 0.000000 1.570770 -2.892481
    78 9.436707 -1.331719 -1.409029 0.000000 1.570770 -2.892477
    79 5.735191 1.075235 -4.684885 -1.570814 0.000004 1.819923
    80 0.753901 0.305904 4.971474 -0.000001 -0.000002 0.000000
    81 1.101010 -0.314705 3.448315 0.000000 -0.000001 0.000000
    82 5.809341 -1.029617 -4.594752 -1.570814 0.000004 1.819922
    83 0.714908 -0.199655 5.028969 0.000000 -0.000003 0.000000
    84 0.282897 -0.851688 4.444893 0.000000 0.000000 0.000000
  time 8
    0 13.387540 0.293134 36.716166 1.539541 -0.028859 0.089256
    1 3.983847 0.002149 0.003401 -2.188857 -0.000837 -1.278815
    2 15.938816 -0.000100 -0.000005 -0.000009 -0.000002 0.382494
    3 17.707025 -0.000068 0.000003 -0.263027 -0.001124 -1.281696
    4 6.202515 0.003416 -0.000367 -0.011452 0.000767 -0.500547
    5 -3.983848 0.002149 0.003395 -1.694481 -0.248476 -1.881807
    6 15.938826 -0.000113 -0.000001 0.000002 0.000010 0.410015
    7 17.707031 0.000018 0.000000 0.193511 -0.212071 -1.090132
    8 6.202710 0.003078 0.003745 -0.077404 -0.006387 -0.669285
    9 -0.000001 4.209253 -1.688832 1.621655 -0.045092 1.553917
    10 3.836055 0.000000 0.000000 0.041802 -0.010797 -0.095386
    11 3.617625 -0.000275 -0.000015 0.037045 0.007866 0.052345
    12 7.537925 0.003588 -0.000212 0.000680 0.001909 0.208133
    13 3.181604 -0.002346 0.000028 3.142739 0.003468 0.224138
    14 2.966416 0.000318 0.000023 -0.225710 -0.032468 0.150781
    15 2.023770 0.904983 0.850949 1.757953 -1.236817 2.773340
    16 4.980521 0.000781 -0.001089 -1.733927 0.393293 -1.138906
    17 11.119977 0.000007 0.000004 -0.000003 -0.136098 -0.200867
    18 11.205393 -0.000039 0.000000 1.620219 -0.369176 0.152494
    19 3.767578 0.152466 0.071350 0.014352 0.037540 -0.177489
    20 2.037109 -0.000002 -0.000001 -0.000001 0.005004 -0.888530
    21 1.066406 -0.000002 -0.000002 0.000002 0.002790 0.001101
    22 3.783203 -0.017242 0.794434 0.333288 -0.031876 -0.219057
    23 1.628906 0.000000 0.000002 0.000000 0.005106 -0.697052
    24 0.955566 -0.000002 0.000000 -0.000004 0.003249 -0.272281
    25 1.258789 -0.297852 1.251953 -1.927900 -0.158439 -0.368925
    26 1.392578 0.000003 -0.000006 0.000002 0.002017 0.071902
    27 1.099609 0.000001 -0.000006 0.000000 -0.295768 0.023718
    28 3.547341 0.197447 -1.485758 -0.323544 0.115347 -0.238381
    29 1.218750 0.000002 0.000002 -0.000004 0.004664 -0.629642
    30 0.679688 0.000001 0.000001 0.000000 0.002402 -0.578397
    31 3.697042 0.266204 -0.725138 -0.105274 0.104464 -0.301437
    32 1.748047 0.000002 -0.000003 -0.000005 0.002898 -0.623724
    33 0.956684 0.000008 0.000001 0.000015 0.004804 -0.321825
    34 2.023778 0.904982 -0.850921 -1.773065 1.232124 2.832531
    35 4.981625 0.002227 0.003236 1.814452 -0.309706 -1.120678
    36 11.119975 -0.000005 0.000000 0.000001 0.136123 -0.470786
    37 11.205375 0.000073 0.000008 -1.757849 0.253117 -0.238841
    38 3.767578 0.151855 -0.072693 -0.090833 -0.078893 -0.174026
    39 2.037109 0.000002 0.000000 0.000002 -0.007580 -0.940658
    40 1.066406 0.000001 0.000000 0.000006 -0.004235 -0.116579
    41 3.783203 -0.023941 -0.794434 -0.344154 -0.088892 -0.269864
    42 1.628906 -0.000002 0.000000 0.000002 -0.007731 -0.659761
    43 0.955566 0.000001 0.000000 0.000003 -0.004921 -0.331349
    44 1.258789 -0.308350 -1.250000 1.738856 0.204802 -0.550002
    45 1.392578 0.000000 0.000004 0.000004 0.222430 0.216078
    46 1.099609 0.000003 0.000002 0.000004 0.280395 0.302810
    47 3.546538 0.208125 1.487114 0.333783 -0.052221 -0.250106
    48 1.218750 0.000006 -0.000001 0.000005 -0.007078 -0.610627
    49 0.679688 0.000001 -0.000001 0.000001 -0.003643 -0.669683
    50 3.696249 0.271114 0.723153 0.103581 -0.126168 -0.288614
    51 1.748047 -0.000013 0.000001 0.000000 -0.004401 -0.791139
    52 0.959961 0.000001 -0.000001 0.000003 -0.007260 -0.432410
    53 -3.756462 5.577850 2.053357 1.570803 -0.000001 0.000000
    54 -2.735646 -0.081365 5.727119 0.000007 0.000015 1.570796
    55 0.000001 5.662003 -0.974302 1.570804 -0.000001 0.000000
    56 -0.000002 -2.275002 5.113525 0.000000 0.000000 -3.141592
    57 -2.477620 5.416855 4.597564 1.570804 -0.000001 0.000000
    58 -1.515218 1.317776 5.998497 0.000000 0.000000 0.000000
    59 -2.455992 5.657928 -0.087295 1.570804 -0.000001 0.000000
    60 -1.485628 -1.617812 5.263969 0.000000 0.000000 3.141592
    61 3.756460 5.577858 2.053359 1.570803 -0.000001 0.000000
    62 2.735645 -0.081364 5.727116 0.000004 -0.000011 -1.570795
    63 2.477613 5.416855 4.597570 1.570804 -0.000001 0.000000
    64 1.515220 1.317777 5.998508 0.000000 0.000000 0.000000
    65 2.455991 5.657928 -0.087293 1.570804 -0.000001 0.000000
    66 1.485620 -1.617803 5.263973 0.000000 0.000000 -3.141592
    67 4.575642 5.632584 0.000132 0.000000 -1.570771 0.249128
    68 -0.000001 0.314078 5.161098 0.000000 0.000000 0.000000
    69 -0.000001 -0.323108 3.750217 0.000000 0.000000 0.000000
    70 5.734947 1.075212 4.685178 1.570830 -0.000004 -1.321669
    71 -0.753896 0.305901 4.971462 -0.000001 0.000002 0.000000
    72 -1.101006 -0.314705 3.448307 0.000001 0.000001 0.000000
    73 5.809101 -1.029643 4.595047 1.570829 -0.000004 -1.321671
    74 -0.714908 -0.199657 5.028973 0.000000 0.000003 0.000000
    75 -0.282898 -0.851690 4.444889 0.000000 0.000000 0.000000
    76 9.578484 -1.290738 0.000240 0.000000 1.570770 -2.892481
    77 9.369518 -1.236408 1.787905 0.000000 1.570770 -2.892481
    78 9.436707 -1.331719 -1.409029 0.000000 1.570770 -2.892477
    79 5.735191 1.075235 -4.684885 -1.570814 0.000004 1.819923
    80 0.753901 0.305904 4.971474 -0.000001 -0.000002 0.000000
    81 1.101010 -0.314705 3.448315 0.000000 -0.000001 0.000000
    82 5.809341 -1.029617 -4.594752 -1.570814 0.000004 1.819922
    83 0.714908 -0.199655 5.028969 0.000000 -0.000003 0.000000
    84 0.282897 -0.851688 4.444893 0.000000 0.000000 0.000000
  time 9
    0 15.272009 0.539255 36.743511 1.541842 -0.061685 0.117244
    1 3.983847 0.002149 0.003401 -2.153422 -0.017213 -1.372422
    2 15.938816 -0.000100 -0.000005 -0.000009 -0.000002 0.370955
    3 17.707025 -0.000068 0.000003 -0.224757 -0.030806 -1.246791
    4 6.202515 0.003416 -0.000367 -0.011165 0.000923 -0.500547
    5 -3.983848 0.002149 0.003395 -1.649197 -0.311771 -1.943727
    6 15.938826 -0.000113 -0.000001 0.000002 0.000010 0.505555
    7 17.707031 0.000018 0.000000 0.221075 -0.177665 -0.988883
    8 6.202710 0.003078 0.003745 -0.076709 -0.006495 -0.777973
    9 -0.000001 4.209253 -1.688832 1.609959 -0.040973 1.543035
    10 3.836055 0.000000 0.000000 0.028331 -0.041561 -0.099605
    11 3.617625 -0.000275 -0.000015 0.019415 0.003000 0.048135
    12 7.537925 0.003588 -0.000212 0.000213 -0.001362 0.208133
    13 3.181604 -0.002346 0.000028 3.148299 0.017754 0.224138
    14 2.966416 0.000318 0.000023 -0.208668 -0.026775 0.125049
    15 2.023770 0.904983 0.850949 1.792403 -1.231158 2.736631
    16 4.980521 0.000781 -0.001089 -1.712770 0.367182 -1.095516
    17 11.119977 0.000007 0.000004 -0.000003 -0.136098 -0.242836
    18 11.205393 -0.000039 0.000000 1.609318 -0.352658 0.132084
    19 3.767578 0.152466 0.071350 0.014352 0.037540 -0.177489
    20 2.037109 -0.000002 -0.000001 -0.000001 0.005004 -0.888530
    21 1.066406 -0.000002 -0.000002 0.000002 0.002790 0.001101
    22 3.783203 -0.017242 0.794434 0.333288 -0.031876 -0.219057
    23 1.628906 0.000000 0.000002 0.000000 0.005106 -0.697052
    24 0.955566 -0.000002 0.000000 -0.000004 0.003249 -0.272281
    25 1.258789 -0.297852 1.251953 -1.927900 -0.158439 -0.368925
    26 1.392578 0.000003 -0.000006 0.000002 0.002017 0.071902
    27 1.099609 0.000001 -0.000006 0.000000 -0.295768 0.023718
    28 3.547341 0.197447 -1.485758 -0.323544 0.115347 -0.238381
    29 1.218750 0.000002 0.000002 -0.000004 0.004664 -0.629642
    30 0.679688 0.000001 0.000001 0.000000 0.002402 -0.578397
    31 3.697042 0.266204 -0.725138 -0.105274 0.104464 -0.301437
    32 1.748047 0.000002 -0.000003 -0.000005 0.002898 -0.623724
    33 0.956684 0.000008 0.000001 0.000003 0.004804 -0.321825
    34 2.023778 0.904982 -0.850921 -1.739038 1.238557 2.869020
    35 4.981625 0.002227 0.003236 1.849538 -0.335319 -1.171743
    36 11.119975 -0.000005 0.000000 0.000001 0.136123 -0.391901
    37 11.205375 0.000073 0.000008 -1.714614 0.252541 -0.147782
    38 3.767578 0.151855 -0.072693 -0.090833 -0.078893 -0.174026
    39 2.037109 0.000002 0.000000 0.000002 -0.007580 -0.940658
    40 1.066406 0.000001 0.000000 0.000006 -0.004235 -0.116579
    41 3.783203 -0.023941 -0.794434 -0.344154 -0.088892 -0.269864
    42 1.628906 -0.000002 0.000000 0.000002 -0.007731 -0.659761
    43 0.955566 0.000001 0.000000 0.000003 -0.004921 -0.331349
    44 1.258789 -0.308350 -1.250000 1.738856 0.204802 -0.550002
    45 1.392578 0.000000 0.000004 0.000004 0.222430 0.216078
    46 1.099609 0.000003 0.000002 0.000004 0.280395 0.302810
    47 3.546538 0.208125 1.487114 0.333783 -0.052221 -0.250106
    48 1.218750 0.000006 -0.000001 0.000005 -0.007078 -0.610627
    49 0.679688 0.000001 -0.000001 0.000001 -0.003643 -0.669683
    50 3.696249 0.271114 0.723153 0.103581 -0.126168 -0.288614
    51 1.748047 -0.000013 0.000001 0.000000 -0.004401 -0.791139
    52 0.959961 0.000001 -0.000001 0.000003 -0.007260 -0.432410
    53 -3.756462 5.577850 2.053357 1.570803 -0.000001 0.000000
    54 -2.735646 -0.081365 5.727119 0.000007 0.000015 1.570796
    55 0.000001 5.662003 -0.974302 1.570804 -0.000001 0.000000
    56 -0.000002 -2.275002 5.113525 0.000000 0.000000 -3.141592
    57 -2.477620 5.416855 4.597564 1.570804 -0.000001 0.000000
    58 -1.515218 1.317776 5.998497 0.000000 0.000000 0.000000
    59 -2.455992 5.657928 -0.087295 1.570804 -0.000001 0.000000
    60 -1.485628 -1.617812 5.263969 0.000000 0.000000 3.141592
    61 3.756460 5.577858 2.053359 1.570803 -0.000001 0.000000
    62 2.735645 -0.081364 5.727116 0.000004 -0.000011 -1.570795
    63 2.477613 5.416855 4.597570 1.570804 -0.000001 0.000000
    64 1.515220 1.317777 5.998508 0.000000 0.000000 0.000000
    65 2.455991 5.657928 -0.087293 1.570804 -0.000001 0.000000
    66 1.485620 -1.617803 5.263973 0.000000 0.000000 -3.141592
    67 4.575642 5.632584 0.000132 0.000000 -1.570771 0.249128
    68 -0.000001 0.314078 5.161098 0.000000 0.000000 0.000000
    69 -0.000001 -0.323108 3.750217 0.000000 0.000000 0.000000
    70 5.734947 1.075212 4.685178 1.570830 -0.000004 -1.321669
    71 -0.753896 0.305901 4.971462 -0.000001 0.000002 0.000000
    72 -1.101006 -0.314705 3.448307 0.000001 0.000001 0.000000
    73 5.809101 -1.029643 4.595047 1.570829 -0.000004 -1.321671
    74 -0.714908 -0.199657 5.028973 0.000000 0.000003 0.000000
    75 -0.282898 -0.851690 4.444889 0.000000 0.000000 0.000000
    76 9.578484 -1.290738 0.000240 0.000000 1.570770 -2.892481
    77 9.369518 -1.236408 1.787905 0.000000 1.570770 -2.892481
    78 9.436707 -1.331719 -1.409029 0.000000 1.570770 -2.892477
    79 5.735191 1.075235 -4.684885 -1.570814 0.000004 1.819923
    80 0.753901 0.305904 4.971474 -0.000001 -0.000002 0.000000
    81 1.101010 -0.314705 3.448315 0.000000 -0.000001 0.000000
    82 5.809341 -1.029617 -4.594752 -1.570814 0.000004 1.819922
    83 0.714908 -0.199655 5.028969 0.000000 -0.000003 0.000000
    84 0.282897 -0.851688 4.444893 0.000000 0.000000 0.000000
  time 10
    0 17.152571 0.722874 36.845076 1.545677 -0.076989 0.147980
    1 3.983847 0.002149 0.003401 -2.128436 -0.027048 -1.447702
    2 15.938816 -0.000100 -0.000005 -0.000009 -0.000002 0.364835
    3 17.707025 -0.000068 0.000003 -0.183706 -0.055927 -1.267502
    4 6.202515 0.003416 -0.000367 -0.011141 0.000923 -0.501378
    5 -3.983848 0.002149 0.003395 -1.600664 -0.371975 -1.957779
    6 15.938826 -0.000113 -0.000001 0.000002 0.000010 0.600024
    7 17.707031 0.000018 0.000000 0.240591 -0.111422 -0.928983
    8 6.202710 0.003078 0.003745 -0.076517 -0.006543 -0.813728
    9 -0.000001 4.209253 -1.688832 1.596776 -0.036288 1.539057
    10 3.836055 0.000000 0.000000 0.013423 -0.055535 -0.104422
    11 3.617625 -0.000275 -0.000015 0.000012 -0.002656 0.043334
    12 7.537925 0.003588 -0.000212 0.000009 -0.003016 0.208133
    13 3.181604 -0.002346 0.000028 3.153572 0.031740 0.224306
    14 2.966416 0.000318 0.000023 -0.193184 -0.014299 0.108212
    15 2.023770 0.904983 0.850949 1.807253 -1.228227 2.720770
    16 4.980521 0.000781 -0.001089 -1.692799 0.351057 -1.075571
    17 11.119977 0.000007 0.000004 -0.000003 -0.136098 -0.273312
    18 11.205393 -0.000039 0.000000 1.599331 -0.356173 0.113520
    19 3.767578 0.152466 0.071350 0.014352 0.037540 -0.177489
    20 2.037109 -0.000002 -0.000001 -0.000001 0.005004 -0.888530
    21 1.066406 -0.000002 -0.000002 0.000002 0.002790 0.001101
    22 3.783203 -0.017242 0.794434 0.333288 -0.031876 -0.219057
    23 1.628906 0.000000 0.000002 0.000000 0.005106 -0.697052
    24 0.955566 -0.000002 0.000000 -0.000004 0.003249 -0.272281
    25 1.258789 -0.297852 1.251953 -1.927900 -0.158439 -0.368925
    26 1.392578 0.000003 -0.000006 0.000002 0.002017 0.071902
    27 1.099609 0.000001 -0.000006 0.000000 -0.295768 0.023718
    28 3.547341 0.197447 -1.485758 -0.323544 0.115347 -0.238381
    29 1.218750 0.000002 0.000002 -0.000004 0.004664 -0.629642
    30 0.679688 0.000001 0.000001 0.000000 0.002402 -0.578397
    31 3.697042 0.266204 -0.725138 -0.105274 0.104452 -0.301437
    32 1.748047 0.000002 -0.000003 -0.000005 0.002898 -0.623724
    33 0.956684 0.000008 0.000001 0.000015 0.004804 -0.321825
    34 2.023778 0.904982 -0.850921 -1.723486 1.241773 2.885368
    35 4.981625 0.002227 0.003236 1.867338 -0.348098 -1.194161
    36 11.119975 -0.000005 0.000000 0.000001 0.136123 -0.348265
    37 11.205375 0.000073 0.000008 -1.695907 0.264826 -0.109791
    38 3.767578 0.151855 -0.072693 -0.090833 -0.078893 -0.174026
    39 2.037109 0.000002 0.000000 0.000002 -0.007580 -0.940658
    40 1.066406 0.000001 0.000000 0.000006 -0.004235 -0.116579
    41 3.783203 -0.023941 -0.794434 -0.344154 -0.088892 -0.269864
    42 1.628906 -0.000002 0.000000 0.000002 -0.007731 -0.659761
    43 0.955566 0.000001 0.000000 0.000003 -0.004921 -0.331349
    44 1.258789 -0.308350 -1.250000 1.738856 0.204802 -0.550002
    45 1.392578 0.000000 0.000004 0.000004 0.222430 0.216078
    46 1.099609 0.000003 0.000002 0.000004 0.280395 0.302810
    47 3.546538 0.208125 1.487114 0.333783 -0.052221 -0.250106
    48 1.218750 0.000006 -0.000001 0.000005 -0.007078 -0.610627
    49 0.679688 0.000001 -0.000001 0.000001 -0.003643 -0.669683
    50 3.696249 0.271114 0.723153 0.103581 -0.126168 -0.288627
    51 1.748047 -0.000013 0.000001 0.000000 -0.004401 -0.791139
    52 0.959961 0.000001 -0.000001 0.000003 -0.007260 -0.432410
    53 -3.756462 5.577850 2.053357 1.570803 -0.000001 0.000000
    54 -2.735646 -0.081365 5.727119 0.000007 0.000015 1.570796
    55 0.000001 5.662003 -0.974302 1.570804 -0.000001 0.000000
    56 -0.000002 -2.275002 5.113525 0.000000 0.000000 -3.141592
    57 -2.477620 5.416855 4.597564 1.570804 -0.000001 0.000000
    58 -1.515218 1.317776 5.998497 0.000000 0.000000 0.000000
    59 -2.455992 5.657928 -0.087295 1.570804 -0.000001 0.000000
    60 -1.485628 -1.617812 5.263969 0.000000 0.000000 3.141592
    61 3.756460 5.577858 2.053359 1.570803 -0.000001 0.000000
    62 2.735645 -0.081364 5.727116 0.000004 -0.000011 -1.570795
    63 2.477613 5.416855 4.597570 1.570804 -0.000001 0.000000
    64 1.515220 1.317777 5.998508 0.000000 0.000000 0.000000
    65 2.455991 5.657928 -0.087293 1.570804 -0.000001 0.000000
    66 1.485620 -1.617803 5.263973 0.000000 0.000000 -3.141592
    67 4.575642 5.632584 0.000132 0.000000 -1.570771 0.249128
    68 -0.000001 0.314078 5.161098 0.000000 0.000000 0.000000
    69 -0.000001 -0.323108 3.750217 0.000000 0.000000 0.000000
    70 5.734947 1.075212 4.685178 1.570830 -0.000004 -1.321669
    71 -0.753896 0.305901 4.971462 -0.000001 0.000002 0.000000
    72 -1.101006 -0.314705 3.448307 0.000001 0.000001 0.000000
    73 5.809101 -1.029643 4.595047 1.570829 -0.000004 -1.321671
    74 -0.714908 -0.199657 5.028973 0.000000 0.000003 0.000000
    75 -0.282898 -0.851690 4.444889 0.000000 0.000000 0.000000
    76 9.578484 -1.290738 0.000240 0.000000 1.570770 -2.892481
    77 9.369518 -1.236408 1.787905 0.000000 1.570770 -2.892481
    78 9.436707 -1.331719 -1.409029 0.000000 1.570770 -2.892477
    79 5.735191 1.075235 -4.684885 -1.570814 0.000004 1.819923
    80 0.753901 0.305904 4.971474 -0.000001 -0.000002 0.000000
    81 1.101010 -0.314705 3.448315 0.000000 -0.000001 0.000000
    82 5.809341 -1.029617 -4.594752 -1.570814 0.000004 1.819922
    83 0.714908 -0.199655 5.028969 0.000000 -0.000003 0.000000
    84 0.282897 -0.851688 4.444893 0.000000 0.000000 0.000000
  time 11
    0 19.021414 0.847897 37.009144 1.550902 -0.073765 0.179865
    1 3.983847 0.002149 0.003401 -2.104021 -0.038840 -1.499825
    2 15.938816 -0.000100 -0.000005 -0.000009 -0.000002 0.371720
    3 17.707025 -0.000068 0.000003 -0.142546 -0.076231 -1.296320
    4 6.202515 0.003416 -0.000367 -0.011021 0.000923 -0.509141
    5 -3.983848 0.002149 0.003395 -1.549647 -0.463053 -1.912252
    6 15.938826 -0.000113 -0.000001 0.000002 0.000010 0.749412
    7 17.707031 0.000018 0.000000 0.224905 -0.020160 -0.952009
    8 6.202710 0.003078 0.003745 -0.076829 -0.006543 -0.764059
    9 -0.000001 4.209253 -1.688832 1.583018 -0.032008 1.541885
    10 3.836055 0.000000 0.000000 -0.002038 -0.054517 -0.108677
    11 3.617625 -0.000275 -0.000015 -0.020122 -0.008840 0.039012
    12 7.537925 0.003588 -0.000212 -0.000171 -0.004442 0.208145
    13 3.181604 -0.002346 0.000028 3.157983 0.043101 0.224450
    14 2.966416 0.000318 0.000023 -0.178035 -0.002686 0.100633
    15 2.023770 0.904983 0.850949 1.819803 -1.225377 2.707537
    16 4.980521 0.000781 -0.001089 -1.668339 0.333177 -1.056507
    17 11.119977 0.000007 0.000004 -0.000003 -0.136098 -0.308934
    18 11.205393 -0.000039 0.000000 1.588239 -0.363033 0.090761
    19 3.767578 0.152466 0.071350 0.014352 0.037540 -0.177489
    20 2.037109 -0.000002 -0.000001 -0.000001 0.005004 -0.888530
    21 1.066406 -0.000002 -0.000002 0.000002 0.002790 0.001101
    22 3.783203 -0.017242 0.794434 0.333288 -0.031876 -0.219057
    23 1.628906 0.000000 0.000002 0.000000 0.005106 -0.697052
    24 0.955566 -0.000002 0.000000 -0.000004 0.003249 -0.272281
    25 1.258789 -0.297852 1.251953 -1.927900 -0.158439 -0.368925
    26 1.392578 0.000003 -0.000006 0.000002 0.002017 0.071902
    27 1.099609 0.000001 -0.000006 0.000000 -0.295768 0.023718
    28 3.547341 0.197447 -1.485758 -0.323544 0.115347 -0.238381
    29 1.218750 0.000002 0.000002 -0.000004 0.004664 -0.629642
    30 0.679688 0.000001 0.000001 0.000000 0.002402 -0.578397
    31 3.697042 0.266204 -0.725138 -0.105274 0.104464 -0.301437
    32 1.748047 0.000002 -0.000003 -0.000005 0.002898 -0.623724
    33 0.956684 0.000008 0.000001 0.000015 0.004804 -0.321825
    34 2.023778 0.904982 -0.850921 -1.710073 1.244827 2.899819
    35 4.981625 0.002227 0.003236 1.884056 -0.358018 -1.214111
    36 11.119975 -0.000005 0.000000 0.000001 0.136123 -0.308727
    37 11.205375 0.000073 0.000008 -1.682784 0.288531 -0.090244
    38 3.767578 0.151855 -0.072693 -0.090833 -0.078893 -0.174026
    39 2.037109 0.000002 0.000000 0.000002 -0.007580 -0.940658
    40 1.066406 0.000001 0.000000 0.000006 -0.004235 -0.116579
    41 3.783203 -0.023941 -0.794434 -0.344154 -0.088892 -0.269864
    42 1.628906 -0.000002 0.000000 0.000002 -0.007731 -0.659761
    43 0.955566 0.000001 0.000000 0.000003 -0.004921 -0.331349
    44 1.258789 -0.308350 -1.250000 1.738856 0.204802 -0.550002
    45 1.392578 0.000000 0.000004 0.000004 0.222430 0.216078
    46 1.099609 0.000003 0.000002 0.000004 0.280395 0.302810
    47 3.546538 0.208125 1.487114 0.333783 -0.052221 -0.250106
    48 1.218750 0.000006 -0.000001 0.000005 -0.007078 -0.610627
    49 0.679688 0.000001 -0.000001 0.000001 -0.003643 -0.669683
    50 3.696249 0.271114 0.723153 0.103581 -0.126168 -0.288627
    51 1.748047 -0.000013 0.000001 0.000000 -0.004401 -0.791139
    52 0.959961 0.000001 -0.000001 0.000003 -0.007260 -0.432410
    53 -3.756462 5.577850 2.053357 1.570803 -0.000001 0.000000
    54 -2.735646 -0.081365 5.727119 0.000007 0.000015 1.570796
    55 0.000001 5.662003 -0.974302 1.570804 -0.000001 0.000000
    56 -0.000002 -2.275002 5.113525 0.000000 0.000000 -3.141592
    57 -2.477620 5.416855 4.597564 1.570804 -0.000001 0.000000
    58 -1.515218 1.317776 5.998497 0.000000 0.000000 0.000000
    59 -2.455992 5.657928 -0.087295 1.570804 -0.000001 0.000000
    60 -1.485628 -1.617812 5.263969 0.000000 0.000000 3.141592
    61 3.756460 5.577858 2.053359 1.570803 -0.000001 0.000000
    62 2.735645 -0.081364 5.727116 0.000004 -0.000011 -1.570795
    63 2.477613 5.416855 4.597570 1.570804 -0.000001 0.000000
    64 1.515220 1.317777 5.998508 0.000000 0.000000 0.000000
    65 2.455991 5.657928 -0.087293 1.570804 -0.000001 0.000000
    66 1.485620 -1.617803 5.263973 0.000000 0.000000 -3.141592
    67 4.575642 5.632584 0.000132 0.000000 -1.570771 0.249128
    68 -0.000001 0.314078 5.161098 0.000000 0.000000 0.000000
    69 -0.000001 -0.323108 3.750217 0.000000 0.000000 0.000000
    70 5.734947 1.075212 4.685178 1.570830 -0.000004 -1.321669
    71 -0.753896 0.305901 4.971462 -0.000001 0.000002 0.000000
    72 -1.101006 -0.314705 3.448307 0.000001 0.000001 0.000000
    73 5.809101 -1.029643 4.595047 1.570829 -0.000004 -1.321671
    74 -0.714908 -0.199657 5.028973 0.000000 0.000003 0.000000
    75 -0.282898 -0.851690 4.444889 0.000000 0.000000 0.000000
    76 9.578484 -1.290738 0.000240 0.000000 1.570770 -2.892481
    77 9.369518 -1.236408 1.787905 0.000000 1.570770 -2.892481
    78 9.436707 -1.331719 -1.409029 0.000000 1.570770 -2.892477
    79 5.735191 1.075235 -4.684885 -1.570814 0.000004 1.819923
    80 0.753901 0.305904 4.971474 -0.000001 -0.000002 0.000000
    81 1.101010 -0.314705 3.448315 0.000000 -0.000001 0.000000
    82 5.809341 -1.029617 -4.594752 -1.570814 0.000004 1.819922
    83 0.714908 -0.199655 5.028969 0.000000 -0.000003 0.000000
    84 0.282897 -0.851688 4.444893 0.000000 0.000000 0.000000
  time 12
    0 20.862912 0.906513 37.161492 1.556511 -0.059204 0.211432
    1 3.983847 0.002149 0.003401 -2.082456 -0.044180 -1.539521
    2 15.938816 -0.000100 -0.000005 -0.000009 -0.000002 0.374079
    3 17.707025 -0.000068 0.000003 -0.101908 -0.090488 -1.316205
    4 6.202515 0.003416 -0.000367 -0.010817 0.000899 -0.524770
    5 -3.983848 0.002149 0.003395 -1.498344 -0.528753 -1.846771
    6 15.938826 -0.000113 -0.000001 0.000002 0.000010 0.846715
    7 17.707031 0.000018 0.000000 0.168554 0.025436 -0.986710
    8 6.202710 0.003078 0.003745 -0.077308 -0.006471 -0.694671
    9 -0.000001 4.209253 -1.688832 1.569308 -0.029060 1.548932
    10 3.836055 0.000000 0.000000 -0.017486 -0.044498 -0.111613
    11 3.617625 -0.000275 -0.000015 -0.040172 -0.014653 0.036126
    12 7.537925 0.003588 -0.000212 -0.000386 -0.006144 0.208157
    13 3.181604 -0.002346 0.000028 3.160763 0.050112 0.224581
    14 2.966416 0.000318 0.000023 -0.162839 0.006530 0.101177
    15 2.023770 0.904983 0.850949 1.836853 -1.220776 2.689137
    16 4.980521 0.000781 -0.001089 -1.613898 0.297250 -1.021368
    17 11.119977 0.000007 0.000004 -0.000003 -0.136098 -0.387555
    18 11.205393 -0.000039 0.000000 1.565478 -0.385887 0.045759
    19 3.767578 0.152466 0.071350 0.014352 0.037540 -0.177489
    20 2.037109 -0.000002 -0.000001 -0.000001 0.005004 -0.888530
    21 1.066406 -0.000002 -0.000002 0.000002 0.002790 0.001101
    22 3.783203 -0.017242 0.794434 0.333288 -0.031876 -0.219057
    23 1.628906 0.000000 0.000002 0.000000 0.005106 -0.697052
    24 0.955566 -0.000002 0.000000 -0.000004 0.003249 -0.272281
    25 1.258789 -0.297852 1.251953 -1.927900 -0.158439 -0.368925
    26 1.392578 0.000003 -0.000006 0.000002 0.002017 0.071902
    27 1.099609 0.000001 -0.000006 0.000000 -0.295768 0.023718
    28 3.547341 0.197447 -1.485758 -0.323544 0.115347 -0.238381
    29 1.218750 0.000002 0.000002 -0.000004 0.004664 -0.629642
    30 0.679688 0.000001 0.000001 0.000000 0.002402 -0.578397
    31 3.697042 0.266204 -0.725138 -0.105274 0.104464 -0.301437
    32 1.748047 0.000002 -0.000003 -0.000005 0.002898 -0.623724
    33 0.956684 0.000008 0.000001 0.000015 0.004804 -0.321825
    34 2.023778 0.904982 -0.850921 -1.690555 1.249713 2.920232
    35 4.981625 0.002227 0.003236 1.913621 -0.374645 -1.249926
    36 11.119975 -0.000005 0.000000 0.000001 0.136123 -0.247561
    37 11.205375 0.000073 0.000008 -1.670472 0.344032 -0.093551
    38 3.767578 0.151855 -0.072693 -0.090833 -0.078893 -0.174026
    39 2.037109 0.000002 0.000000 0.000002 -0.007580 -0.940658
    40 1.066406 0.000001 0.000000 0.000006 -0.004235 -0.116579
    41 3.783203 -0.023941 -0.794434 -0.344154 -0.088892 -0.269864
    42 1.628906 -0.000002 0.000000 0.000002 -0.007731 -0.659761
    43 0.955566 0.000001 0.000000 0.000003 -0.004921 -0.331349
    44 1.258789 -0.308350 -1.250000 1.738856 0.204802 -0.550002
    45 1.392578 0.000000 0.000004 0.000004 0.222430 0.216078
    46 1.099609 0.000003 0.000002 0.000004 0.280395 0.302810
    47 3.546538 0.208125 1.487114 0.333783 -0.052221 -0.250106
    48 1.218750 0.000006 -0.000001 0.000005 -0.007078 -0.610627
    49 0.679688 0.000001 -0.000001 0.000001 -0.003643 -0.669683
    50 3.696249 0.271114 0.723153 0.103581 -0.126168 -0.288627
    51 1.748047 -0.000013 0.000001 0.000000 -0.004401 -0.791139
    52 0.959961 0.000001 -0.000001 0.000003 -0.007260 -0.432410
    53 -3.756462 5.577850 2.053357 1.570803 -0.000001 0.000000
    54 -2.735646 -0.081365 5.727119 0.000007 0.000015 1.570796
    55 0.000001 5.662003 -0.974302 1.570804 -0.000001 0.000000
    56 -0.000002 -2.275002 5.113525 0.000000 0.000000 -3.141592
    57 -2.477620 5.416855 4.597564 1.570804 -0.000001 0.000000
    58 -1.515218 1.317776 5.998497 0.000000 0.000000 0.000000
    59 -2.455992 5.657928 -0.087295 1.570804 -0.000001 0.000000
    60 -1.485628 -1.617812 5.263969 0.000000 0.000000 3.141592
    61 3.756460 5.577858 2.053359 1.570803 -0.000001 0.000000
    62 2.735645 -0.081364 5.727116 0.000004 -0.000011 -1.570795
    63 2.477613 5.416855 4.597570 1.570804 -0.000001 0.000000
    64 1.515220 1.317777 5.998508 0.000000 0.000000 0.000000
    65 2.455991 5.657928 -0.087293 1.570804 -0.000001 0.000000
    66 1.485620 -1.617803 5.263973 0.000000 0.000000 -3.141592
    67 4.575642 5.632584 0.000132 0.000000 -1.570771 0.249128
    68 -0.000001 0.314078 5.161098 0.000000 0.000000 0.000000
    69 -0.000001 -0.323108 3.750217 0.000000 0.000000 0.000000
    70 5.734947 1.075212 4.685178 1.570830 -0.000004 -1.321669
    71 -0.753896 0.305901 4.971462 -0.000001 0.000002 0.000000
    72 -1.101006 -0.314705 3.448307 0.000001 0.000001 0.000000
    73 5.809101 -1.029643 4.595047 1.570829 -0.000004 -1.321671
    74 -0.714908 -0.199657 5.028973 0.000000 0.000003 0.000000
    75 -0.282898 -0.851690 4.444889 0.000000 0.000000 0.000000
    76 9.578484 -1.290738 0.000240 0.000000 1.570770 -2.892481
    77 9.369518 -1.236408 1.787905 0.000000 1.570770 -2.892481
    78 9.436707 -1.331719 -1.409029 0.000000 1.570770 -2.892477
    79 5.735191 1.075235 -4.684885 -1.570814 0.000004 1.819923
    80 0.753901 0.305904 4.971474 -0.000001 -0.000002 0.000000
    81 1.101010 -0.314705 3.448315 0.000000 -0.000001 0.000000
    82 5.809341 -1.029617 -4.594752 -1.570814 0.000004 1.819922
    83 0.714908 -0.199655 5.028969 0.000000 -0.000003 0.000000
    84 0.282897 -0.851688 4.444893 0.000000 0.000000 0.000000
  time 13
    0 22.661440 0.910439 37.286496 1.560681 -0.041850 0.241018
    1 3.983847 0.002149 0.003401 -2.069820 -0.040398 -1.573674
    2 15.938816 -0.000100 -0.000005 -0.000009 -0.000002 0.371146
    3 17.707025 -0.000068 0.000003 -0.061381 -0.095432 -1.326789
    4 6.202515 0.003416 -0.000367 -0.010542 0.000851 -0.547988
    5 -3.983848 0.002149 0.003395 -1.455066 -0.556278 -1.769394
    6 15.938826 -0.000113 -0.000001 0.000002 0.000010 0.872789
    7 17.707031 0.000018 0.000000 0.100371 0.022473 -1.011001
    8 6.202710 0.003078 0.003745 -0.077608 -0.006399 -0.642643
    9 -0.000001 4.209253 -1.688832 1.555694 -0.027969 1.556745
    10 3.836055 0.000000 0.000000 -0.032083 -0.031590 -0.112608
    11 3.617625 -0.000275 -0.000015 -0.059156 -0.019135 0.035098
    12 7.537925 0.003588 -0.000212 -0.000434 -0.006384 0.208145
    13 3.181604 -0.002346 0.000028 3.161626 0.052389 0.224629
    14 2.966416 0.000318 0.000023 -0.147499 0.012978 0.108484
    15 2.023770 0.904983 0.850949 1.840603 -1.219392 2.684968
    16 4.980521 0.000781 -0.001089 -1.588148 0.282305 -1.005236
    17 11.119977 0.000007 0.000004 -0.000003 -0.136098 -0.429981
    18 11.205393 -0.000039 0.000000 1.557939 -0.399425 0.036028
    19 3.767578 0.152466 0.071350 0.014352 0.037540 -0.177489
    20 2.037109 -0.000002 -0.000001 -0.000001 0.005004 -0.888530
    21 1.066406 -0.000002 -0.000002 0.000002 0.002790 0.001101
    22 3.783203 -0.017242 0.794434 0.333288 -0.031876 -0.219057
    23 1.628906 0.000000 0.000002 0.000000 0.005106 -0.697052
    24 0.955566 -0.000002 0.000000 -0.000004 0.003249 -0.272281
    25 1.258789 -0.297852 1.251953 -1.927900 -0.158439 -0.368925
    26 1.392578 0.000003 -0.000006 0.000002 0.002017 0.071902
    27 1.099609 0.000001 -0.000006 0.000000 -0.295768 0.023718
    28 3.547341 0.197447 -1.485758 -0.323544 0.115347 -0.238453
    29 1.218750 0.000002 0.000002 -0.000004 0.004664 -0.629642
    30 0.679688 0.000001 0.000001 0.000000 0.002402 -0.578397
    31 3.697042 0.266204 -0.725138 -0.105274 0.104464 -0.301437
    32 1.748047 0.000002 -0.000003 -0.000005 0.002898 -0.623724
    33 0.956684 0.000008 0.000001 0.000015 0.004804 -0.321825
    34 2.023778 0.904982 -0.850921 -1.685754 1.251342 2.925290
    35 4.981625 0.002227 0.003236 1.928429 -0.383027 -1.265822
    36 11.119975 -0.000005 0.000000 0.000001 0.136123 -0.225680
    37 11.205375 0.000073 0.000008 -1.671665 0.377768 -0.108101
    38 3.767578 0.151855 -0.072693 -0.090833 -0.078893 -0.174026
    39 2.037109 0.000002 0.000000 0.000002 -0.007580 -0.940658
    40 1.066406 0.000001 0.000000 0.000006 -0.004235 -0.116579
    41 3.783203 -0.023941 -0.794434 -0.344154 -0.088892 -0.269864
    42 1.628906 -0.000002 0.000000 0.000002 -0.007731 -0.659761
    43 0.955566 0.000001 0.000000 0.000003 -0.004921 -0.331349
    44 1.258789 -0.308350 -1.250000 1.738856 0.204802 -0.550002
    45 1.392578 0.000000 0.000004 0.000004 0.222430 0.216078
    46 1.099609 0.000003 0.000002 0.000004 0.280395 0.302810
    47 3.546538 0.208125 1.487114 0.333783 -0.052221 -0.250106
    48 1.218750 0.000006 -0.000001 0.000005 -0.007078 -0.610627
    49 0.679688 0.000001 -0.000001 0.000001 -0.003643 -0.669683
    50 3.696249 0.271114 0.723153 0.103581 -0.126168 -0.288627
    51 1.748047 -0.000013 0.000001 0.000000 -0.004401 -0.791139
    52 0.959961 0.000001 -0.000001 0.000003 -0.007260 -0.432410
    53 -3.756462 5.577850 2.053357 1.570803 -0.000001 0.000000
    54 -2.735646 -0.081365 5.727119 0.000007 0.000015 1.570796
    55 0.000001 5.662003 -0.974302 1.570804 -0.000001 0.000000
    56 -0.000002 -2.275002 5.113525 0.000000 0.000000 -3.141592
    57 -2.477620 5.416855 4.597564 1.570804 -0.000001 0.000000
    58 -1.515218 1.317776 5.998497 0.000000 0.000000 0.000000
    59 -2.455992 5.657928 -0.087295 1.570804 -0.000001 0.000000
    60 -1.485628 -1.617812 5.263969 0.000000 0.000000 3.141592
    61 3.756460 5.577858 2.053359 1.570803 -0.000001 0.000000
    62 2.735645 -0.081364 5.727116 0.000004 -0.000011 -1.570795
    63 2.477613 5.416855 4.597570 1.570804 -0.000001 0.000000
    64 1.515220 1.317777 5.998508 0.000000 0.000000 0.000000
    65 2.455991 5.657928 -0.087293 1.570804 -0.000001 0.000000
    66 1.485620 -1.617803 5.263973 0.000000 0.000000 -3.141592
    67 4.575642 5.632584 0.000132 0.000000 -1.570771 0.249128
    68 -0.000001 0.314078 5.161098 0.000000 0.000000 0.000000
    69 -0.000001 -0.323108 3.750217 0.000000 0.000000 0.000000
    70 5.734947 1.075212 4.685178 1.570830 -0.000004 -1.321669
    71 -0.753896 0.305901 4.971462 -0.000001 0.000002 0.000000
    72 -1.101006 -0.314705 3.448307 0.000001 0.000001 0.000000
    73 5.809101 -1.029643 4.595047 1.570829 -0.000004 -1.321671
    74 -0.714908 -0.199657 5.028973 0.000000 0.000003 0.000000
    75 -0.282898 -0.851690 4.444889 0.000000 0.000000 0.000000
    76 9.578484 -1.290738 0.000240 0.000000 1.570770 -2.892481
    77 9.369518 -1.236408 1.787905 0.000000 1.570770 -2.892481
    78 9.436707 -1.331719 -1.409029 0.000000 1.570770 -2.892477
    79 5.735191 1.075235 -4.684885 -1.570814 0.000004 1.819923
    80 0.753901 0.305904 4.971474 -0.000001 -0.000002 0.000000
    81 1.101010 -0.314705 3.448315 0.000000 -0.000001 0.000000
    82 5.809341 -1.029617 -4.594752 -1.570814 0.000004 1.819922
    83 0.714908 -0.199655 5.028969 0.000000 -0.000003 0.000000
    84 0.282897 -0.851688 4.444893 0.000000 0.000000 0.000000
  time 14
    0 24.416999 0.844050 37.352904 1.560921 -0.029506 0.267600
    1 3.983847 0.002149 0.003401 -2.071340 -0.024511 -1.609794
    2 15.938816 -0.000100 -0.000005 -0.000009 -0.000002 0.361584
    3 17.707025 -0.000068 0.000003 -0.019807 -0.088727 -1.327738
    4 6.202515 0.003416 -0.000367 -0.010158 0.000815 -0.578588
    5 -3.983848 0.002149 0.003395 -1.426119 -0.551812 -1.687426
    6 15.938826 -0.000113 -0.000001 0.000002 0.000010 0.844511
    7 17.707031 0.000018 0.000000 0.029217 -0.032455 -1.024849
    8 6.202710 0.003078 0.003745 -0.077787 -0.006339 -0.613728
    9 -0.000001 4.209253 -1.688832 1.542895 -0.028858 1.562594
    10 3.836055 0.000000 0.000000 -0.045098 -0.021679 -0.111613
    11 3.617625 -0.000275 -0.000015 -0.076102 -0.021724 0.036168
    12 7.537925 0.003588 -0.000212 -0.000410 -0.006180 0.208157
    13 3.181604 -0.002346 0.000028 3.161434 0.051862 0.224629
    14 2.966416 0.000318 0.000023 -0.132398 0.017328 0.119376
    15 2.023770 0.904983 0.850949 1.837253 -1.218862 2.688321
    16 4.980521 0.000781 -0.001089 -1.545729 0.265235 -0.977551
    17 11.119977 0.000007 0.000004 -0.000003 -0.136098 -0.514491
    18 11.205393 -0.000039 0.000000 1.585694 -0.419871 -0.007261
    19 3.767578 0.152466 0.071350 0.014352 0.037540 -0.177489
    20 2.037109 -0.000002 -0.000001 -0.000001 0.005004 -0.888530
    21 1.066406 -0.000002 -0.000002 0.000002 0.002790 0.001101
    22 3.783203 -0.017242 0.794434 0.333288 -0.031876 -0.219057
    23 1.628906 0.000000 0.000002 0.000000 0.005106 -0.697052
    24 0.955566 -0.000002 0.000000 -0.000004 0.003249 -0.272281
    25 1.258789 -0.297852 1.251953 -1.927900 -0.158439 -0.368925
    26 1.392578 0.000003 -0.000006 0.000002 0.002017 0.071902
    27 1.099609 0.000001 -0.000006 0.000000 -0.295768 0.023718
    28 3.547341 0.197447 -1.485758 -0.323544 0.115347 -0.238381
    29 1.218750 0.000002 0.000002 -0.000004 0.004664 -0.629642
    30 0.679688 0.000001 0.000001 0.000000 0.002402 -0.578397
    31 3.697042 0.266204 -0.725138 -0.105274 0.104464 -0.301437
    32 1.748047 0.000002 -0.000003 -0.000005 0.002898 -0.623724
    33 0.956684 0.000008 0.000001 0.000003 0.004804 -0.321825
    34 2.023778 0.904982 -0.850921 -1.689198 1.252604 2.921677
    35 4.981625 0.002227 0.003236 1.965217 -0.394624 -1.293323
    36 11.119975 -0.000005 0.000000 0.000001 0.136123 -0.196106
    37 11.205375 0.000073 0.000008 -1.684168 0.433473 -0.143132
    38 3.767578 0.151855 -0.072693 -0.090833 -0.078893 -0.174026
    39 2.037109 0.000002 0.000000 0.000002 -0.007580 -0.940658
    40 1.066406 0.000001 0.000000 0.000006 -0.004235 -0.116579
    41 3.783203 -0.023941 -0.794434 -0.344154 -0.088892 -0.269864
    42 1.628906 -0.000002 0.000000 0.000002 -0.007731 -0.659761
    43 0.955566 0.000001 0.000000 0.000003 -0.004921 -0.331349
    44 1.258789 -0.308350 -1.250000 1.738856 0.204802 -0.550002
    45 1.392578 0.000000 0.000004 0.000004 0.222430 0.216078
    46 1.099609 0.000003 0.000002 0.000004 0.280395 0.302810
    47 3.546538 0.208125 1.487114 0.333783 -0.052221 -0.250106
    48 1.218750 0.000006 -0.000001 0.000005 -0.007078 -0.610627
    49 0.679688 0.000001 -0.000001 0.000001 -0.003643 -0.669683
    50 3.696249 0.271114 0.723153 0.103581 -0.126168 -0.288627
    51 1.748047 -0.000013 0.000001 0.000000 -0.004401 -0.791139
    52 0.959961 0.000001 -0.000001 0.000003 -0.007260 -0.432410
    53 -3.756462 5.577850 2.053357 1.570803 -0.000001 0.000000
    54 -2.735646 -0.081365 5.727119 0.000007 0.000015 1.570796
    55 0.000001 5.662003 -0.974302 1.570804 -0.000001 0.000000
    56 -0.000002 -2.275002 5.113525 0.000000 0.000000 -3.141592
    57 -2.477620 5.416855 4.597564 1.570804 -0.000001 0.000000
    58 -1.515218 1.317776 5.998497 0.000000 0.000000 0.000000
    59 -2.455992 5.657928 -0.087295 1.570804 -0.000001 0.000000
    60 -1.485628 -1.617812 5.263969 0.000000 0.000000 3.141592
    61 3.756460 5.577858 2.053359 1.570803 -0.000001 0.000000
    62 2.735645 -0.081364 5.727116 0.000004 -0.000011 -1.570795
    63 2.477613 5.416855 4.597570 1.570804 -0.000001 0.000000
    64 1.515220 1.317777 5.998508 0.000000 0.000000 0.000000
    65 2.455991 5.657928 -0.087293 1.570804 -0.000001 0.000000
    66 1.485620 -1.617803 5.263973 0.000000 0.000000 -3.141592
    67 4.575642 5.632584 0.000132 0.000000 -1.570771 0.249128
    68 -0.000001 0.314078 5.161098 0.000000 0.000000 0.000000
    69 -0.000001 -0.323108 3.750217 0.000000 0.000000 0.000000
    70 5.734947 1.075212 4.685178 1.570830 -0.000004 -1.321669
    71 -0.753896 0.305901 4.971462 -0.000001 0.000002 0.000000
    72 -1.101006 -0.314705 3.448307 0.000001 0.000001 0.000000
    73 5.809101 -1.029643 4.595047 1.570829 -0.000004 -1.321671
    74 -0.714908 -0.199657 5.028973 0.000000 0.000003 0.000000
    75 -0.282898 -0.851690 4.444889 0.000000 0.000000 0.000000
    76 9.578484 -1.290738 0.000240 0.000000 1.570770 -2.892481
    77 9.369518 -1.236408 1.787905 0.000000 1.570770 -2.892481
    78 9.436707 -1.331719 -1.409029 0.000000 1.570770 -2.892477
    79 5.735191 1.075235 -4.684885 -1.570814 0.000004 1.819923
    80 0.753901 0.305904 4.971474 -0.000001 -0.000002 0.000000
    81 1.101010 -0.314705 3.448315 0.000000 -0.000001 0.000000
    82 5.809341 -1.029617 -4.594752 -1.570814 0.000004 1.819922
    83 0.714908 -0.199655 5.028969 0.000000 -0.000003 0.000000
    84 0.282897 -0.851688 4.444893 0.000000 0.000000 0.000000
  time 15
    0 26.156931 0.726878 37.368530 1.555887 -0.024413 0.289326
    1 3.983847 0.002149 0.003401 -2.091481 0.003702 -1.650026
    2 15.938816 -0.000100 -0.000005 -0.000009 -0.000002 0.346475
    3 17.707025 -0.000068 0.000003 0.024217 -0.070057 -1.319753
    4 6.202515 0.003416 -0.000367 -0.009775 0.000731 -0.616881
    5 -3.983848 0.002149 0.003395 -1.412266 -0.530814 -1.609112
    6 15.938826 -0.000113 -0.000001 0.000002 0.000010 0.794694
    7 17.707031 0.000018 0.000000 -0.023190 -0.127840 -1.040383
    8 6.202710 0.003078 0.003745 -0.077943 -0.006279 -0.588783
    9 -0.000001 4.209253 -1.688832 1.531390 -0.032109 1.565566
    10 3.836055 0.000000 0.000000 -0.055788 -0.018539 -0.108269
    11 3.617625 -0.000275 -0.000015 -0.090028 -0.022395 0.039491
    12 7.537925 0.003588 -0.000212 -0.000374 -0.005917 0.208145
    13 3.181604 -0.002346 0.000028 3.160763 0.050088 0.224581
    14 2.966416 0.000318 0.000023 -0.117705 0.018503 0.131766
    15 2.023770 0.904983 0.850949 1.830553 -1.219514 2.695572
    16 4.980521 0.000781 -0.001089 -1.530713 0.261389 -0.968190
    17 11.119977 0.000007 0.000004 -0.000003 -0.136098 -0.551485
    18 11.205393 -0.000039 0.000000 1.620747 -0.422243 -0.042376
    19 3.767578 0.152466 0.071350 0.014352 0.037540 -0.177489
    20 2.037109 -0.000002 -0.000001 -0.000001 0.005004 -0.888530
    21 1.066406 -0.000002 -0.000002 0.000002 0.002790 0.001101
    22 3.783203 -0.017242 0.794434 0.333288 -0.031876 -0.219057
    23 1.628906 0.000000 0.000002 0.000000 0.005106 -0.697052
    24 0.955566 -0.000002 0.000000 -0.000004 0.003249 -0.272281
    25 1.258789 -0.297852 1.251953 -1.927900 -0.158439 -0.368925
    26 1.392578 0.000003 -0.000006 0.000002 0.002017 0.071902
    27 1.099609 0.000001 -0.000006 0.000000 -0.295768 0.023718
    28 3.547341 0.197447 -1.485758 -0.323544 0.115347 -0.238381
    29 1.218750 0.000002 0.000002 -0.000004 0.004664 -0.629642
    30 0.679688 0.000001 0.000001 0.000000 0.002402 -0.578397
    31 3.697042 0.266204 -0.725138 -0.105274 0.104464 -0.301437
    32 1.748047 0.000002 -0.000003 -0.000005 0.002898 -0.623724
    33 0.956684 0.000008 0.000001 0.000027 0.004804 -0.321825
    34 2.023778 0.904982 -0.850921 -1.696974 1.252319 2.913548
    35 4.981625 0.002227 0.003236 1.985031 -0.397922 -1.302783
    36 11.119975 -0.000005 0.000000 0.000001 0.136123 -0.186773
    37 11.205375 0.000073 0.000008 -1.692567 0.448549 -0.154589
    38 3.767578 0.151855 -0.072693 -0.090833 -0.078893 -0.174026
    39 2.037109 0.000002 0.000000 0.000002 -0.007580 -0.940658
    40 1.066406 0.000001 0.000000 0.000006 -0.004235 -0.116579
    41 3.783203 -0.023941 -0.794434 -0.344154 -0.088892 -0.269864
    42 1.628906 -0.000002 0.000000 0.000002 -0.007731 -0.659761
    43 0.955566 0.000001 0.000000 0.000003 -0.004921 -0.331349
    44 1.258789 -0.308350 -1.250000 1.738856 0.204802 -0.550002
    45 1.392578 0.000000 0.000004 0.000004 0.222430 0.216078
    46 1.099609 0.000003 0.000002 0.000004 0.280395 0.302810
    47 3.546538 0.208125 1.487114 0.333783 -0.052221 -0.250106
    48 1.218750 0.000006 -0.000001 0.000005 -0.007078 -0.610627
    49 0.679688 0.000001 -0.000001 0.000001 -0.003643 -0.669683
    50 3.696249 0.271114 0.723153 0.103581 -0.126168 -0.288614
    51 1.748047 -0.000013 0.000001 0.000000 -0.004401 -0.791139
    52 0.959961 0.000001 -0.000001 0.000003 -0.007260 -0.432410
    53 -3.756462 5.577850 2.053357 1.570803 -0.000001 0.000000
    54 -2.735646 -0.081365 5.727119 0.000007 0.000015 1.570796
    55 0.000001 5.662003 -0.974302 1.570804 -0.000001 0.000000
    56 -0.000002 -2.275002 5.113525 0.000000 0.000000 -3.141592
    57 -2.477620 5.416855 4.597564 1.570804 -0.000001 0.000000
    58 -1.515218 1.317776 5.998497 0.000000 0.000000 0.000000
    59 -2.455992 5.657928 -0.087295 1.570804 -0.000001 0.000000
    60 -1.485628 -1.617812 5.263969 0.000000 0.000000 3.141592
    61 3.756460 5.577858 2.053359 1.570803 -0.000001 0.000000
    62 2.735645 -0.081364 5.727116 0.000004 -0.000011 -1.570795
    63 2.477613 5.416855 4.597570 1.570804 -0.000001 0.000000
    64 1.515220 1.317777 5.998508 0.000000 0.000000 0.000000
    65 2.455991 5.657928 -0.087293 1.570804 -0.000001 0.000000
    66 1.485620 -1.617803 5.263973 0.000000 0.000000 -3.141592
    67 4.575642 5.632584 0.000132 0.000000 -1.570771 0.249128
    68 -0.000001 0.314078 5.161098 0.000000 0.000000 0.000000
    69 -0.000001 -0.323108 3.750217 0.000000 0.000000 0.000000
    70 5.734947 1.075212 4.685178 1.570830 -0.000004 -1.321669
    71 -0.753896 0.305901 4.971462 -0.000001 0.000002 0.000000
    72 -1.101006 -0.314705 3.448307 0.000001 0.000001 0.000000
    73 5.809101 -1.029643 4.595047 1.570829 -0.000004 -1.321671
    74 -0.714908 -0.199657 5.028973 0.000000 0.000003 0.000000
    75 -0.282898 -0.851690 4.444889 0.000000 0.000000 0.000000
    76 9.578484 -1.290738 0.000240 0.000000 1.570770 -2.892481
    77 9.369518 -1.236408 1.787905 0.000000 1.570770 -2.892481
    78 9.436707 -1.331719 -1.409029 0.000000 1.570770 -2.892477
    79 5.735191 1.075235 -4.684885 -1.570814 0.000004 1.819923
    80 0.753901 0.305904 4.971474 -0.000001 -0.000002 0.000000
    81 1.101010 -0.314705 3.448315 0.000000 -0.000001 0.000000
    82 5.809341 -1.029617 -4.594752 -1.570814 0.000004 1.819922
    83 0.714908 -0.199655 5.028969 0.000000 -0.000003 0.000000
    84 0.282897 -0.851688 4.444893 0.000000 0.000000 0.000000
  time 16
    0 27.881239 0.570643 37.286496 1.546732 -0.022447 0.304853
    1 3.983847 0.002149 0.003401 -2.131571 0.033250 -1.687219
    2 15.938816 -0.000100 -0.000005 -0.000009 -0.000002 0.344754
    3 17.707025 -0.000068 0.000003 0.071435 -0.040629 -1.311157
    4 6.202515 0.003416 -0.000367 -0.009319 0.000671 -0.663144
    5 -3.983848 0.002149 0.003395 -1.411693 -0.497749 -1.534825
    6 15.938826 -0.000113 -0.000001 0.000002 0.000010 0.730896
    7 17.707031 0.000018 0.000000 -0.028902 -0.236466 -1.067431
    8 6.202710 0.003078 0.003745 -0.078063 -0.006207 -0.566044
    9 -0.000001 4.209253 -1.688832 1.521947 -0.037298 1.567052
    10 3.836055 0.000000 0.000000 -0.063387 -0.018899 -0.103056
    11 3.617625 -0.000275 -0.000015 -0.099951 -0.022215 0.044742
    12 7.537925 0.003588 -0.000212 -0.000326 -0.005533 0.208145
    13 3.181604 -0.002346 0.000028 3.159517 0.046840 0.224497
    14 2.966416 0.000318 0.000023 -0.104905 0.015698 0.144337
    15 2.023770 0.904983 0.850949 1.820553 -1.220654 2.706268
    16 4.980521 0.000781 -0.001089 -1.520134 0.259770 -0.963154
    17 11.119977 0.000007 0.000004 -0.000003 -0.136098 -0.581561
    18 11.205393 -0.000039 0.000000 1.668621 -0.417742 -0.087617
    19 3.767578 0.152466 0.071350 0.014352 0.037540 -0.177489
    20 2.037109 -0.000002 -0.000001 -0.000001 0.005004 -0.888530
    21 1.066406 -0.000002 -0.000002 0.000002 0.002790 0.001101
    22 3.783203 -0.017242 0.794434 0.333288 -0.031876 -0.219057
    23 1.628906 0.000000 0.000002 0.000000 0.005106 -0.697052
    24 0.955566 -0.000002 0.000000 -0.000004 0.003249 -0.272281
    25 1.258789 -0.297852 1.251953 -1.927900 -0.158439 -0.368925
    26 1.392578 0.000003 -0.000006 0.000002 0.002017 0.071902
    27 1.099609 0.000001 -0.000006 0.000000 -0.295768 0.023718
    28 3.547341 0.197447 -1.485758 -0.323544 0.115347 -0.238381
    29 1.218750 0.000002 0.000002 -0.000004 0.004664 -0.629642
    30 0.679688 0.000001 0.000001 0.000000 0.002402 -0.578397
    31 3.697042 0.266204 -0.725138 -0.105274 0.104464 -0.301437
    32 1.748047 0.000002 -0.000003 -0.000005 0.002898 -0.623724
    33 0.956684 0.000008 0.000001 0.000003 0.004804 -0.321825
    34 2.023778 0.904982 -0.850921 -1.708351 1.251627 2.901626
    35 4.981625 0.002227 0.003236 2.003863 -0.399516 -1.309482
    36 11.119975 -0.000005 0.000000 0.000001 0.136123 -0.180404
    37 11.205375 0.000073 0.000008 -1.700584 0.453966 -0.154996
    38 3.767578 0.151855 -0.072693 -0.090833 -0.078893 -0.174026
    39 2.037109 0.000002 0.000000 0.000002 -0.007580 -0.940658
    40 1.066406 0.000001 0.000000 0.000006 -0.004235 -0.116579
    41 3.783203 -0.023941 -0.794434 -0.344154 -0.088892 -0.269864
    42 1.628906 -0.000002 0.000000 0.000002 -0.007731 -0.659761
    43 0.955566 0.000001 0.000000 0.000003 -0.004921 -0.331349
    44 1.258789 -0.308350 -1.250000 1.738856 0.204802 -0.550002
    45 1.392578 0.000000 0.000004 0.000004 0.222430 0.216078
    46 1.099609 0.000003 0.000002 0.000004 0.280395 0.302810
    47 3.546538 0.208125 1.487114 0.333783 -0.052221 -0.250106
    48 1.218750 0.000006 -0.000001 0.000005 -0.007078 -0.610627
    49 0.679688 0.000001 -0.000001 0.000001 -0.003643 -0.669683
    50 3.696249 0.271114 0.723153 0.103581 -0.126168 -0.288614
    51 1.748047 -0.000013 0.000001 0.000000 -0.004401 -0.791139
    52 0.959961 0.000001 -0.000001 0.000003 -0.007260 -0.432410
    53 -3.756462 5.577850 2.053357 1.570803 -0.000001 0.000000
    54 -2.735646 -0.081365 5.727119 0.000007 0.000015 1.570796
    55 0.000001 5.662003 -0.974302 1.570804 -0.000001 0.000000
    56 -0.000002 -2.275002 5.113525 0.000000 0.000000 -3.141592
    57 -2.477620 5.416855 4.597564 1.570804 -0.000001 0.000000
    58 -1.515218 1.317776 5.998497 0.000000 0.000000 0.000000
    59 -2.455992 5.657928 -0.087295 1.570804 -0.000001 0.000000
    60 -1.485628 -1.617812 5.263969 0.000000 0.000000 3.141592
    61 3.756460 5.577858 2.053359 1.570803 -0.000001 0.000000
    62 2.735645 -0.081364 5.727116 0.000004 -0.000011 -1.570795
    63 2.477613 5.416855 4.597570 1.570804 -0.000001 0.000000
    64 1.515220 1.317777 5.998508 0.000000 0.000000 0.000000
    65 2.455991 5.657928 -0.087293 1.570804 -0.000001 0.000000
    66 1.485620 -1.617803 5.263973 0.000000 0.000000 -3.141592
    67 4.575642 5.632584 0.000132 0.000000 -1.570771 0.249128
    68 -0.000001 0.314078 5.161098 0.000000 0.000000 0.000000
    69 -0.000001 -0.323108 3.750217 0.000000 0.000000 0.000000
    70 5.734947 1.075212 4.685178 1.570830 -0.000004 -1.321669
    71 -0.753896 0.305901 4.971462 -0.000001 0.000002 0.000000
    72 -1.101006 -0.314705 3.448307 0.000001 0.000001 0.000000
    73 5.809101 -1.029643 4.595047 1.570829 -0.000004 -1.321671
    74 -0.714908 -0.199657 5.028973 0.000000 0.000003 0.000000
    75 -0.282898 -0.851690 4.444889 0.000000 0.000000 0.000000
    76 9.578484 -1.290738 0.000240 0.000000 1.570770 -2.892481
    77 9.369518 -1.236408 1.787905 0.000000 1.570770 -2.892481
    78 9.436707 -1.331719 -1.409029 0.000000 1.570770 -2.892477
    79 5.735191 1.075235 -4.684885 -1.570814 0.000004 1.819923
    80 0.753901 0.305904 4.971474 -0.000001 -0.000002 0.000000
    81 1.101010 -0.314705 3.448315 0.000000 -0.000001 0.000000
    82 5.809341 -1.029617 -4.594752 -1.570814 0.000004 1.819922
    83 0.714908 -0.199655 5.028969 0.000000 -0.000003 0.000000
    84 0.282897 -0.851688 4.444893 0.000000 0.000000 0.000000
  time 17
    0 29.593827 0.398782 37.134148 1.537384 -0.021620 0.312777
    1 3.983847 0.002149 0.003401 -2.186387 0.061819 -1.722177
    2 15.938816 -0.000100 -0.000005 -0.000009 -0.000002 0.349153
    3 17.707025 -0.000068 0.000003 0.120222 -0.007786 -1.297757
    4 6.202515 0.003416 -0.000367 -0.008888 0.000599 -0.717725
    5 -3.983848 0.002149 0.003395 -1.423826 -0.453005 -1.464848
    6 15.938826 -0.000113 -0.000001 0.000002 0.000010 0.649274
    7 17.707031 0.000018 0.000000 0.022825 -0.329209 -1.106251
    8 6.202710 0.003078 0.003745 -0.078183 -0.006183 -0.544697
    9 -0.000001 4.209253 -1.688832 1.515475 -0.042608 1.567963
    10 3.836055 0.000000 0.000000 -0.067210 -0.020277 -0.097747
    11 3.617625 -0.000275 -0.000015 -0.104937 -0.021400 0.050064
    12 7.537925 0.003588 -0.000212 -0.000147 -0.004251 0.208145
    13 3.181604 -0.002346 0.000028 3.157503 0.041831 0.224450
    14 2.966416 0.000318 0.000023 -0.095342 0.009346 0.154185
    15 2.023770 0.904983 0.850949 1.793353 -1.223748 2.735181
    16 4.980521 0.000781 -0.001089 -1.510381 0.264796 -0.963069
    17 11.119977 0.000007 0.000004 -0.000003 -0.136098 -0.613638
    18 11.205393 -0.000039 0.000000 1.753564 -0.388065 -0.158147
    19 3.767578 0.152466 0.071350 0.014352 0.037540 -0.177489
    20 2.037109 -0.000002 -0.000001 -0.000001 0.005004 -0.888530
    21 1.066406 -0.000002 -0.000002 0.000002 0.002790 0.001101
    22 3.783203 -0.017242 0.794434 0.333288 -0.031876 -0.219057
    23 1.628906 0.000000 0.000002 0.000000 0.005106 -0.697052
    24 0.955566 -0.000002 0.000000 -0.000004 0.003249 -0.272281
    25 1.258789 -0.297852 1.251953 -1.927900 -0.158439 -0.368925
    26 1.392578 0.000003 -0.000006 0.000002 0.002017 0.071902
    27 1.099609 0.000001 -0.000006 0.000000 -0.295768 0.023718
    28 3.547341 0.197447 -1.485758 -0.323544 0.115347 -0.238321
    29 1.218750 0.000002 0.000002 -0.000004 0.004664 -0.629642
    30 0.679688 0.000001 0.000001 0.000000 0.002402 -0.578397
    31 3.697042 0.266204 -0.725138 -0.105274 0.104464 -0.301437
    32 1.748047 0.000002 -0.000003 -0.000005 0.002898 -0.623724
    33 0.956684 0.000008 0.000001 0.000027 0.004804 -0.321825
    34 2.023778 0.904982 -0.850921 -1.738099 1.249062 2.870194
    35 4.981625 0.002227 0.003236 2.028527 -0.394679 -1.312538
    36 11.119975 -0.000005 0.000000 0.000001 0.136123 -0.175360
    37 11.205375 0.000073 0.000008 -1.711751 0.435486 -0.103043
    38 3.767578 0.151855 -0.072693 -0.090833 -0.078893 -0.174026
    39 2.037109 0.000002 0.000000 0.000002 -0.007580 -0.940658
    40 1.066406 0.000001 0.000000 0.000006 -0.004235 -0.116579
    41 3.783203 -0.023941 -0.794434 -0.344154 -0.088892 -0.269864
    42 1.628906 -0.000002 0.000000 0.000002 -0.007731 -0.659761
    43 0.955566 0.000001 0.000000 0.000003 -0.004921 -0.331349
    44 1.258789 -0.308350 -1.250000 1.738856 0.204802 -0.550002
    45 1.392578 0.000000 0.000004 0.000004 0.222430 0.216078
    46 1.099609 0.000003 0.000002 0.000004 0.280395 0.302810
    47 3.546538 0.208125 1.487114 0.333783 -0.052221 -0.250106
    48 1.218750 0.000006 -0.000001 0.000005 -0.007078 -0.610627
    49 0.679688 0.000001 -0.000001 0.000001 -0.003643 -0.669683
    50 3.696249 0.271114 0.723153 0.103581 -0.126168 -0.288627
    51 1.748047 -0.000013 0.000001 0.000000 -0.004401 -0.791139
    52 0.959961 0.000001 -0.000001 0.000003 -0.007260 -0.432410
    53 -3.756462 5.577850 2.053357 1.570803 -0.000001 0.000000
    54 -2.735646 -0.081365 5.727119 0.000007 0.000015 1.570796
    55 0.000001 5.662003 -0.974302 1.570804 -0.000001 0.000000
    56 -0.000002 -2.275002 5.113525 0.000000 0.000000 -3.141592
    57 -2.477620 5.416855 4.597564 1.570804 -0.000001 0.000000
    58 -1.515218 1.317776 5.998497 0.000000 0.000000 0.000000
    59 -2.455992 5.657928 -0.087295 1.570804 -0.000001 0.000000
    60 -1.485628 -1.617812 5.263969 0.000000 0.000000 3.141592
    61 3.756460 5.577858 2.053359 1.570803 -0.000001 0.000000
    62 2.735645 -0.081364 5.727116 0.000004 -0.000011 -1.570795
    63 2.477613 5.416855 4.597570 1.570804 -0.000001 0.000000
    64 1.515220 1.317777 5.998508 0.000000 0.000000 0.000000
    65 2.455991 5.657928 -0.087293 1.570804 -0.000001 0.000000
    66 1.485620 -1.617803 5.263973 0.000000 0.000000 -3.141592
    67 4.575642 5.632584 0.000132 0.000000 -1.570771 0.249128
    68 -0.000001 0.314078 5.161098 0.000000 0.000000 0.000000
    69 -0.000001 -0.323108 3.750217 0.000000 0.000000 0.000000
    70 5.734947 1.075212 4.685178 1.570830 -0.000004 -1.321669
    71 -0.753896 0.305901 4.971462 -0.000001 0.000002 0.000000
    72 -1.101006 -0.314705 3.448307 0.000001 0.000001 0.000000
    73 5.809101 -1.029643 4.595047 1.570829 -0.000004 -1.321671
    74 -0.714908 -0.199657 5.028973 0.000000 0.000003 0.000000
    75 -0.282898 -0.851690 4.444889 0.000000 0.000000 0.000000
    76 9.578484 -1.290738 0.000240 0.000000 1.570770 -2.892481
    77 9.369518 -1.236408 1.787905 0.000000 1.570770 -2.892481
    78 9.436707 -1.331719 -1.409029 0.000000 1.570770 -2.892477
    79 5.735191 1.075235 -4.684885 -1.570814 0.000004 1.819923
    80 0.753901 0.305904 4.971474 -0.000001 -0.000002 0.000000
    81 1.101010 -0.314705 3.448315 0.000000 -0.000001 0.000000
    82 5.809341 -1.029617 -4.594752 -1.570814 0.000004 1.819922
    83 0.714908 -0.199655 5.028969 0.000000 -0.000003 0.000000
    84 0.282897 -0.851688 4.444893 0.000000 0.000000 0.000000
  time 18
    0 31.298602 0.223015 36.954455 1.531440 -0.020709 0.311307
    1 3.983847 0.002149 0.003401 -2.247378 0.089009 -1.759369
    2 15.938816 -0.000100 -0.000005 -0.000009 -0.000002 0.346730
    3 17.707025 -0.000068 0.000003 0.166393 0.018735 -1.270408
    4 6.202515 0.003416 -0.000367 -0.008420 0.000539 -0.781350
    5 -3.983848 0.002149 0.003395 -1.448283 -0.395507 -1.398431
    6 15.938826 -0.000113 -0.000001 0.000002 0.000010 0.541390
    7 17.707031 0.000018 0.000000 0.085546 -0.364918 -1.098273
    8 6.202710 0.003078 0.003745 -0.078279 -0.006123 -0.524028
    9 -0.000001 4.209253 -1.688832 1.512503 -0.046122 1.568490
    10 3.836055 0.000000 0.000000 -0.066551 -0.021224 -0.094211
    11 3.617625 -0.000275 -0.000015 -0.104086 -0.019902 0.053556
    12 7.537925 0.003588 -0.000212 -0.000015 -0.003328 0.208133
    13 3.181604 -0.002346 0.000028 3.154915 0.034784 0.224354
    14 2.966416 0.000318 0.000023 -0.090308 0.000130 0.159086
    15 2.023770 0.904983 0.850949 1.777153 -1.225702 2.752493
    16 4.980521 0.000781 -0.001089 -1.510433 0.271543 -0.968446
    17 11.119977 0.000007 0.000004 -0.000003 -0.136098 -0.614267
    18 11.205393 -0.000039 0.000000 1.768210 -0.365977 -0.172516
    19 3.767578 0.152466 0.071350 0.014352 0.037540 -0.177489
    20 2.037109 -0.000002 -0.000001 -0.000001 0.005004 -0.888530
    21 1.066406 -0.000002 -0.000002 0.000002 0.002790 0.001101
    22 3.783203 -0.017242 0.794434 0.333288 -0.031876 -0.219057
    23 1.628906 0.000000 0.000002 0.000000 0.005106 -0.697052
    24 0.955566 -0.000002 0.000000 -0.000004 0.003249 -0.272281
    25 1.258789 -0.297852 1.251953 -1.927900 -0.158439 -0.368925
    26 1.392578 0.000003 -0.000006 0.000002 0.002017 0.071902
    27 1.099609 0.000001 -0.000006 0.000000 -0.295768 0.023718
    28 3.547341 0.197447 -1.485758 -0.323544 0.115347 -0.238381
    29 1.218750 0.000002 0.000002 -0.000004 0.004664 -0.629642
    30 0.679688 0.000001 0.000001 0.000000 0.002402 -0.578397
    31 3.697042 0.266204 -0.725138 -0.105274 0.104464 -0.301437
    32 1.748047 0.000002 -0.000003 -0.000005 0.002898 -0.623724
    33 0.956684 0.000008 0.000001 0.000015 0.004804 -0.321825
    34 2.023778 0.904982 -0.850921 -1.755530 1.247107 2.851498
    35 4.981625 0.002227 0.003236 2.031107 -0.389787 -1.308689
    36 11.119975 -0.000005 0.000000 0.000001 0.136123 -0.176053
    37 11.205375 0.000073 0.000008 -1.718766 0.410750 -0.047411
    38 3.767578 0.151855 -0.072693 -0.090833 -0.078893 -0.174026
    39 2.037109 0.000002 0.000000 0.000002 -0.007580 -0.940658
    40 1.066406 0.000001 0.000000 0.000006 -0.004235 -0.116579
    41 3.783203 -0.023941 -0.794434 -0.344154 -0.088892 -0.269864
    42 1.628906 -0.000002 0.000000 0.000002 -0.007731 -0.659761
    43 0.955566 0.000001 0.000000 0.000003 -0.004921 -0.331349
    44 1.258789 -0.308350 -1.250000 1.738856 0.204802 -0.550002
    45 1.392578 0.000000 0.000004 0.000004 0.222430 0.216078
    46 1.099609 0.000003 0.000002 0.000004 0.280395 0.302810
    47 3.546538 0.208125 1.487114 0.333783 -0.052221 -0.250106
    48 1.218750 0.000006 -0.000001 0.000005 -0.007078 -0.610627
    49 0.679688 0.000001 -0.000001 0.000001 -0.003643 -0.669683
    50 3.696249 0.271114 0.723153 0.103581 -0.126168 -0.288614
    51 1.748047 -0.000013 0.000001 0.000000 -0.004401 -0.791139
    52 0.959961 0.000001 -0.000001 0.000003 -0.007260 -0.432410
    53 -3.756462 5.577850 2.053357 1.570803 -0.000001 0.000000
    54 -2.735646 -0.081365 5.727119 0.000007 0.000015 1.570796
    55 0.000001 5.662003 -0.974302 1.570804 -0.000001 0.000000
    56 -0.000002 -2.275002 5.113525 0.000000 0.000000 -3.141592
    57 -2.477620 5.416855 4.597564 1.570804 -0.000001 0.000000
    58 -1.515218 1.317776 5.998497 0.000000 0.000000 0.000000
    59 -2.455992 5.657928 -0.087295 1.570804 -0.000001 0.000000
    60 -1.485628 -1.617812 5.263969 0.000000 0.000000 3.141592
    61 3.756460 5.577858 2.053359 1.570803 -0.000001 0.000000
    62 2.735645 -0.081364 5.727116 0.000004 -0.000011 -1.570795
    63 2.477613 5.416855 4.597570 1.570804 -0.000001 0.000000
    64 1.515220 1.317777 5.998508 0.000000 0.000000 0.000000
    65 2.455991 5.657928 -0.087293 1.570804 -0.000001 0.000000
    66 1.485620 -1.617803 5.263973 0.000000 0.000000 -3.141592
    67 4.575642 5.632584 0.000132 0.000000 -1.570771 0.249128
    68 -0.000001 0.314078 5.161098 0.000000 0.000000 0.000000
    69 -0.000001 -0.323108 3.750217 0.000000 0.000000 0.000000
    70 5.734947 1.075212 4.685178 1.570830 -0.000004 -1.321669
    71 -0.753896 0.305901 4.971462 -0.000001 0.000002 0.000000
    72 -1.101006 -0.314705 3.448307 0.000001 0.000001 0.000000
    73 5.809101 -1.029643 4.595047 1.570829 -0.000004 -1.321671
    74 -0.714908 -0.199657 5.028973 0.000000 0.000003 0.000000
    75 -0.282898 -0.851690 4.444889 0.000000 0.000000 0.000000
    76 9.578484 -1.290738 0.000240 0.000000 1.570770 -2.892481
    77 9.369518 -1.236408 1.787905 0.000000 1.570770 -2.892481
    78 9.436707 -1.331719 -1.409029 0.000000 1.570770 -2.892477
    79 5.735191 1.075235 -4.684885 -1.570814 0.000004 1.819923
    80 0.753901 0.305904 4.971474 -0.000001 -0.000002 0.000000
    81 1.101010 -0.314705 3.448315 0.000000 -0.000001 0.000000
    82 5.809341 -1.029617 -4.594752 -1.570814 0.000004 1.819922
    83 0.714908 -0.199655 5.028969 0.000000 -0.000003 0.000000
    84 0.282897 -0.851688 4.444893 0.000000 0.000000 0.000000
  time 19
    0 32.995565 0.062874 36.798200 1.530193 -0.018564 0.301083
    1 3.983847 0.002149 0.003401 -2.308179 0.116732 -1.804072
    2 15.938816 -0.000100 -0.000005 -0.000009 -0.000002 0.324928
    3 17.707025 -0.000068 0.000003 0.204663 0.036281 -1.225254
    4 6.202515 0.003416 -0.000367 -0.007965 0.000480 -0.854852
    5 -3.983848 0.002149 0.003395 -1.482199 -0.336119 -1.340445
    6 15.938826 -0.000113 -0.000001 0.000002 0.000010 0.429665
    7 17.707031 0.000018 0.000000 0.071946 -0.328888 -1.038113
    8 6.202710 0.003078 0.003745 -0.078399 -0.006075 -0.503648
    9 -0.000001 4.209253 -1.688832 1.513750 -0.047353 1.569065
    10 3.836055 0.000000 0.000000 -0.061577 -0.020169 -0.093037
    11 3.617625 -0.000275 -0.000015 -0.097626 -0.017553 0.054753
    12 7.537925 0.003588 -0.000212 0.000105 -0.002153 0.208133
    13 3.181604 -0.002346 0.000028 3.151176 0.025388 0.224222
    14 2.966416 0.000318 0.000023 -0.090584 -0.010979 0.159948
    15 2.023770 0.904983 0.850949 1.759603 -1.227738 2.771074
    16 4.980521 0.000781 -0.001089 -1.513116 0.280517 -0.977893
    17 11.119977 0.000007 0.000004 -0.000003 -0.136098 -0.605462
    18 11.205393 -0.000039 0.000000 1.767393 -0.341602 -0.175896
    19 3.767578 0.152466 0.071350 0.014352 0.037540 -0.177489
    20 2.037109 -0.000002 -0.000001 -0.000001 0.005004 -0.888530
    21 1.066406 -0.000002 -0.000002 0.000002 0.002790 0.001101
    22 3.783203 -0.017242 0.794434 0.333288 -0.031876 -0.219057
    23 1.628906 0.000000 0.000002 0.000000 0.005106 -0.697052
    24 0.955566 -0.000002 0.000000 -0.000004 0.003249 -0.272281
    25 1.258789 -0.297852 1.251953 -1.927900 -0.158439 -0.368925
    26 1.392578 0.000003 -0.000006 0.000002 0.002017 0.071902
    27 1.099609 0.000001 -0.000006 0.000000 -0.295768 0.023718
    28 3.547341 0.197447 -1.485758 -0.323544 0.115347 -0.238321
    29 1.218750 0.000002 0.000002 -0.000004 0.004664 -0.629642
    30 0.679688 0.000001 0.000001 0.000000 0.002402 -0.578397
    31 3.697042 0.266204 -0.725138 -0.105274 0.104452 -0.301437
    32 1.748047 0.000002 -0.000003 -0.000005 0.002898 -0.623724
    33 0.956684 0.000008 0.000001 0.000027 0.004804 -0.321825
    34 2.023778 0.904982 -0.850921 -1.773952 1.244624 2.832169
    35 4.981625 0.002227 0.003236 2.027392 -0.382724 -1.300080
    36 11.119975 -0.000005 0.000000 0.000001 0.136123 -0.178450
    37 11.205375 0.000073 0.000008 -1.736470 0.378703 0.015892
    38 3.767578 0.151855 -0.072693 -0.090833 -0.078893 -0.174026
    39 2.037109 0.000002 0.000000 0.000002 -0.007580 -0.940658
    40 1.066406 0.000001 0.000000 0.000006 -0.004235 -0.116579
    41 3.783203 -0.023941 -0.794434 -0.344154 -0.088892 -0.269864
    42 1.628906 -0.000002 0.000000 0.000002 -0.007731 -0.659761
    43 0.955566 0.000001 0.000000 0.000003 -0.004921 -0.331349
    44 1.258789 -0.308350 -1.250000 1.738856 0.204802 -0.550002
    45 1.392578 0.000000 0.000004 0.000004 0.222430 0.216078
    46 1.099609 0.000003 0.000002 0.000004 0.280395 0.302810
    47 3.546538 0.208125 1.487114 0.333783 -0.052221 -0.250106
    48 1.218750 0.000006 -0.000001 0.000005 -0.007078 -0.610627
    49 0.679688 0.000001 -0.000001 0.000001 -0.003643 -0.669683
    50 3.696249 0.271114 0.723153 0.103581 -0.126168 -0.288627
    51 1.748047 -0.000013 0.000001 0.000000 -0.004401 -0.791139
    52 0.959961 0.000001 -0.000001 0.000003 -0.007260 -0.432410
    53 -3.756462 5.577850 2.053357 1.570803 -0.000001 0.000000
    54 -2.735646 -0.081365 5.727119 0.000007 0.000015 1.570796
    55 0.000001 5.662003 -0.974302 1.570804 -0.000001 0.000000
    56 -0.000002 -2.275002 5.113525 0.000000 0.000000 -3.141592
    57 -2.477620 5.416855 4.597564 1.570804 -0.000001 0.000000
    58 -1.515218 1.317776 5.998497 0.000000 0.000000 0.000000
    59 -2.455992 5.657928 -0.087295 1.570804 -0.000001 0.000000
    60 -1.485628 -1.617812 5.263969 0.000000 0.000000 3.141592
    61 3.756460 5.577858 2.053359 1.570803 -0.000001 0.000000
    62 2.735645 -0.081364 5.727116 0.000004 -0.000011 -1.570795
    63 2.477613 5.416855 4.597570 1.570804 -0.000001 0.000000
    64 1.515220 1.317777 5.998508 0.000000 0.000000 0.000000
    65 2.455991 5.657928 -0.087293 1.570804 -0.000001 0.000000
    66 1.485620 -1.617803 5.263973 0.000000 0.000000 -3.141592
    67 4.575642 5.632584 0.000132 0.000000 -1.570771 0.249128
    68 -0.000001 0.314078 5.161098 0.000000 0.000000 0.000000
    69 -0.000001 -0.323108 3.750217 0.000000 0.000000 0.000000
    70 5.734947 1.075212 4.685178 1.570830 -0.000004 -1.321669
    71 -0.753896 0.305901 4.971462 -0.000001 0.000002 0.000000
    72 -1.101006 -0.314705 3.448307 0.000001 0.000001 0.000000
    73 5.809101 -1.029643 4.595047 1.570829 -0.000004 -1.321671
    74 -0.714908 -0.199657 5.028973 0.000000 0.000003 0.000000
    75 -0.282898 -0.851690 4.444889 0.000000 0.000000 0.000000
    76 9.578484 -1.290738 0.000240 0.000000 1.570770 -2.892481
    77 9.369518 -1.236408 1.787905 0.000000 1.570770 -2.892481
    78 9.436707 -1.331719 -1.409029 0.000000 1.570770 -2.892477
    79 5.735191 1.075235 -4.684885 -1.570814 0.000004 1.819923
    80 0.753901 0.305904 4.971474 -0.000001 -0.000002 0.000000
    81 1.101010 -0.314705 3.448315 0.000000 -0.000001 0.000000
    82 5.809341 -1.029617 -4.594752 -1.570814 0.000004 1.819922
    83 0.714908 -0.199655 5.028969 0.000000 -0.000003 0.000000
    84 0.282897 -0.851688 4.444893 0.000000 0.000000 0.000000
  time 20
    0 34.684715 -0.050391 36.681009 1.535658 -0.006448 0.283575
    1 3.983847 0.002149 0.003401 -2.358624 0.099066 -1.796741
    2 15.938816 -0.000100 -0.000005 -0.000009 -0.000002 0.391227
    3 17.707025 -0.000068 0.000003 0.231975 0.039718 -1.173308
    4 6.202515 0.003416 -0.000367 -0.007414 0.000420 -0.974651
    5 -3.983848 0.002149 0.003395 -1.523661 -0.267499 -1.294355
    6 15.938826 -0.000113 -0.000001 0.000002 0.000010 0.307044
    7 17.707031 0.000018 0.000000 0.008363 -0.242426 -0.982364
    8 6.202710 0.003078 0.003745 -0.078614 -0.005991 -0.470388
    9 -0.000001 4.209253 -1.688832 1.519023 -0.046586 1.572852
    10 3.836055 0.000000 0.000000 -0.053032 -0.008820 -0.093876
    11 3.617625 -0.000275 -0.000015 -0.086516 -0.014305 0.053936
    12 7.537925 0.003588 -0.000212 0.000309 -0.000823 0.208133
    13 3.181604 -0.002346 0.000028 3.146574 0.013535 0.224138
    14 2.966416 0.000318 0.000023 -0.097187 -0.021777 0.159449
    15 2.023770 0.904983 0.850949 1.741303 -1.229937 2.790561
    16 4.980521 0.000781 -0.001089 -1.518122 0.289356 -0.992546
    17 11.119977 0.000007 0.000004 -0.000003 -0.136098 -0.586421
    18 11.205393 -0.000039 0.000000 1.753564 -0.317945 -0.162066
    19 3.767578 0.152466 0.071350 0.014352 0.037540 -0.177489
    20 2.037109 -0.000002 -0.000001 -0.000001 0.005004 -0.888530
    21 1.066406 -0.000002 -0.000002 0.000002 0.002790 0.001101
    22 3.783203 -0.017242 0.794434 0.333288 -0.031876 -0.219057
    23 1.628906 0.000000 0.000002 0.000000 0.005106 -0.697052
    24 0.955566 -0.000002 0.000000 -0.000004 0.003249 -0.272281
    25 1.258789 -0.297852 1.251953 -1.927900 -0.158439 -0.368925
    26 1.392578 0.000003 -0.000006 0.000002 0.002017 0.071902
    27 1.099609 0.000001 -0.000006 0.000000 -0.295768 0.023718
    28 3.547341 0.197447 -1.485758 -0.323544 0.115347 -0.238453
    29 1.218750 0.000002 0.000002 -0.000004 0.004664 -0.629642
    30 0.679688 0.000001 0.000001 0.000000 0.002402 -0.578397
    31 3.697042 0.266204 -0.725138 -0.105274 0.104464 -0.301437
    32 1.748047 0.000002 -0.000003 -0.000005 0.002898 -0.623724
    33 0.956684 0.000008 0.000001 0.000015 0.004804 -0.321825
    34 2.023778 0.904982 -0.850921 -1.792532 1.241773 2.812570
    35 4.981625 0.002227 0.003236 2.017743 -0.372007 -1.285302
    36 11.119975 -0.000005 0.000000 0.000001 0.136123 -0.184755
    37 11.205375 0.000073 0.000008 -1.774838 0.346908 0.057658
    38 3.767578 0.151855 -0.072693 -0.090833 -0.078893 -0.174026
    39 2.037109 0.000002 0.000000 0.000002 -0.007580 -0.940658
    40 1.066406 0.000001 0.000000 0.000006 -0.004235 -0.116579
    41 3.783203 -0.023941 -0.794434 -0.344154 -0.088892 -0.269864
    42 1.628906 -0.000002 0.000000 0.000002 -0.007731 -0.659761
    43 0.955566 0.000001 0.000000 0.000003 -0.004921 -0.331349
    44 1.258789 -0.308350 -1.250000 1.738856 0.204802 -0.550002
    45 1.392578 0.000000 0.000004 0.000004 0.222430 0.216078
    46 1.099609 0.000003 0.000002 0.000004 0.280395 0.302810
    47 3.546538 0.208125 1.487114 0.333783 -0.052221 -0.250106
    48 1.218750 0.000006 -0.000001 0.000005 -0.007078 -0.610627
    49 0.679688 0.000001 -0.000001 0.000001 -0.003643 -0.669683
    50 3.696249 0.271114 0.723153 0.103581 -0.126168 -0.288614
    51 1.748047 -0.000013 0.000001 0.000000 -0.004401 -0.791139
    52 0.959961 0.000001 -0.000001 0.000003 -0.007260 -0.432410
    53 -3.756462 5.577850 2.053357 1.570803 -0.000001 0.000000
    54 -2.735646 -0.081365 5.727119 0.000007 0.000015 1.570796
    55 0.000001 5.662003 -0.974302 1.570804 -0.000001 0.000000
    56 -0.000002 -2.275002 5.113525 0.000000 0.000000 -3.141592
    57 -2.477620 5.416855 4.597564 1.570804 -0.000001 0.000000
    58 -1.515218 1.317776 5.998497 0.000000 0.000000 0.000000
    59 -2.455992 5.657928 -0.087295 1.570804 -0.000001 0.000000
    60 -1.485628 -1.617812 5.263969 0.000000 0.000000 3.141592
    61 3.756460 5.577858 2.053359 1.570803 -0.000001 0.000000
    62 2.735645 -0.081364 5.727116 0.000004 -0.000011 -1.570795
    63 2.477613 5.416855 4.597570 1.570804 -0.000001 0.000000
    64 1.515220 1.317777 5.998508 0.000000 0.000000 0.000000
    65 2.455991 5.657928 -0.087293 1.570804 -0.000001 0.000000
    66 1.485620 -1.617803 5.263973 0.000000 0.000000 -3.141592
    67 4.575642 5.632584 0.000132 0.000000 -1.570771 0.249128
    68 -0.000001 0.314078 5.161098 0.000000 0.000000 0.000000
    69 -0.000001 -0.323108 3.750217 0.000000 0.000000 0.000000
    70 5.734947 1.075212 4.685178 1.570830 -0.000004 -1.321669
    71 -0.753896 0.305901 4.971462 -0.000001 0.000002 0.000000
    72 -1.101006 -0.314705 3.448307 0.000001 0.000001 0.000000
    73 5.809101 -1.029643 4.595047 1.570829 -0.000004 -1.321671
    74 -0.714908 -0.199657 5.028973 0.000000 0.000003 0.000000
    75 -0.282898 -0.851690 4.444889 0.000000 0.000000 0.000000
    76 9.578484 -1.290738 0.000240 0.000000 1.570770 -2.892481
    77 9.369518 -1.236408 1.787905 0.000000 1.570770 -2.892481
    78 9.436707 -1.331719 -1.409029 0.000000 1.570770 -2.892477
    79 5.735191 1.075235 -4.684885 -1.570814 0.000004 1.819923
    80 0.753901 0.305904 4.971474 -0.000001 -0.000002 0.000000
    81 1.101010 -0.314705 3.448315 0.000000 -0.000001 0.000000
    82 5.809341 -1.029617 -4.594752 -1.570814 0.000004 1.819922
    83 0.714908 -0.199655 5.028969 0.000000 -0.000003 0.000000
    84 0.282897 -0.851688 4.444893 0.000000 0.000000 0.000000
  time 21
    0 36.373865 -0.151937 36.614600 1.548985 0.025539 0.260315
    1 3.983847 0.002149 0.003401 -2.398050 0.042773 -1.709839
    2 15.938816 -0.000100 -0.000005 -0.000009 -0.000002 0.551301
    3 17.707025 -0.000068 0.000003 0.240730 0.049796 -1.162019
    4 6.202515 0.003416 -0.000367 -0.006934 0.000803 -1.024103
    5 -3.983848 0.002149 0.003395 -1.570857 -0.202787 -1.262224
    6 15.938826 -0.000113 -0.000001 0.000002 0.000010 0.195255
    7 17.707031 0.000018 0.000000 -0.096882 -0.118578 -0.966376
    8 6.202710 0.003078 0.003745 -0.078830 -0.005955 -0.442355
    9 -0.000001 4.209253 -1.688832 1.528083 -0.044022 1.583877
    10 3.836055 0.000000 0.000000 -0.041671 0.021106 -0.096548
    11 3.617625 -0.000275 -0.000015 -0.071655 -0.009967 0.051317
    12 7.537925 0.003588 -0.000212 0.000740 0.002353 0.208133
    13 3.181604 -0.002346 0.000028 3.141588 -0.000235 0.224138
    14 2.966416 0.000318 0.000023 -0.110778 -0.029759 0.157362
    15 2.023770 0.904983 0.850949 1.704453 -1.234578 2.829717
    16 4.980521 0.000781 -0.001089 -1.533603 0.303659 -1.035623
    17 11.119977 0.000007 0.000004 -0.000003 -0.136098 -0.509173
    18 11.205393 -0.000039 0.000000 1.705066 -0.297572 -0.069964
    19 3.767578 0.152466 0.071350 0.014352 0.037540 -0.177489
    20 2.037109 -0.000002 -0.000001 -0.000001 0.005004 -0.888530
    21 1.066406 -0.000002 -0.000002 0.000002 0.002790 0.001101
    22 3.783203 -0.017242 0.794434 0.333288 -0.031876 -0.219057
    23 1.628906 0.000000 0.000002 0.000000 0.005106 -0.697052
    24 0.955566 -0.000002 0.000000 -0.000004 0.003249 -0.272281
    25 1.258789 -0.297852 1.251953 -1.927900 -0.158439 -0.368925
    26 1.392578 0.000003 -0.000006 0.000002 0.002017 0.071902
    27 1.099609 0.000001 -0.000006 0.000000 -0.295768 0.023718
    28 3.547341 0.197447 -1.485758 -0.323544 0.115347 -0.238381
    29 1.218750 0.000002 0.000002 -0.000004 0.004664 -0.629642
    30 0.679688 0.000001 0.000001 0.000000 0.002402 -0.578397
    31 3.697042 0.266204 -0.725138 -0.105274 0.104464 -0.301437
    32 1.748047 0.000002 -0.000003 -0.000005 0.002898 -0.623724
    33 0.956684 0.000008 0.000001 0.000003 0.004804 -0.321825
    34 2.023778 0.904982 -0.850921 -1.827602 1.234974 2.775268
    35 4.981625 0.002227 0.003236 1.980593 -0.339523 -1.237116
    36 11.119975 -0.000005 0.000000 0.000001 0.136123 -0.208654
    37 11.205375 0.000073 0.000008 -1.811058 0.308545 0.072327
    38 3.767578 0.151855 -0.072693 -0.090833 -0.078893 -0.174026
    39 2.037109 0.000002 0.000000 0.000002 -0.007580 -0.940658
    40 1.066406 0.000001 0.000000 0.000006 -0.004235 -0.116579
    41 3.783203 -0.023941 -0.794434 -0.344154 -0.088892 -0.269864
    42 1.628906 -0.000002 0.000000 0.000002 -0.007731 -0.659761
    43 0.955566 0.000001 0.000000 0.000003 -0.004921 -0.331349
    44 1.258789 -0.308350 -1.250000 1.738856 0.204802 -0.550002
    45 1.392578 0.000000 0.000004 0.000004 0.222430 0.216078
    46 1.099609 0.000003 0.000002 0.000004 0.280395 0.302810
    47 3.546538 0.208125 1.487114 0.333783 -0.052221 -0.250106
    48 1.218750 0.000006 -0.000001 0.000005 -0.007078 -0.610627
    49 0.679688 0.000001 -0.000001 0.000001 -0.003643 -0.669683
    50 3.696249 0.271114 0.723153 0.103581 -0.126168 -0.288627
    51 1.748047 -0.000013 0.000001 0.000000 -0.004401 -0.791139
    52 0.959961 0.000001 -0.000001 0.000003 -0.007260 -0.432410
    53 -3.756462 5.577850 2.053357 1.570803 -0.000001 0.000000
    54 -2.735646 -0.081365 5.727119 0.000007 0.000015 1.570796
    55 0.000001 5.662003 -0.974302 1.570804 -0.000001 0.000000
    56 -0.000002 -2.275002 5.113525 0.000000 0.000000 -3.141592
    57 -2.477620 5.416855 4.597564 1.570804 -0.000001 0.000000
    58 -1.515218 1.317776 5.998497 0.000000 0.000000 0.000000
    59 -2.455992 5.657928 -0.087295 1.570804 -0.000001 0.000000
    60 -1.485628 -1.617812 5.263969 0.000000 0.000000 3.141592
    61 3.756460 5.577858 2.053359 1.570803 -0.000001 0.000000
    62 2.735645 -0.081364 5.727116 0.000004 -0.000011 -1.570795
    63 2.477613 5.416855 4.597570 1.570804 -0.000001 0.000000
    64 1.515220 1.317777 5.998508 0.000000 0.000000 0.000000
    65 2.455991 5.657928 -0.087293 1.570804 -0.000001 0.000000
    66 1.485620 -1.617803 5.263973 0.000000 0.000000 -3.141592
    67 4.575642 5.632584 0.000132 0.000000 -1.570771 0.249128
    68 -0.000001 0.314078 5.161098 0.000000 0.000000 0.000000
    69 -0.000001 -0.323108 3.750217 0.000000 0.000000 0.000000
    70 5.734947 1.075212 4.685178 1.570830 -0.000004 -1.321669
    71 -0.753896 0.305901 4.971462 -0.000001 0.000002 0.000000
    72 -1.101006 -0.314705 3.448307 0.000001 0.000001 0.000000
    73 5.809101 -1.029643 4.595047 1.570829 -0.000004 -1.321671
    74 -0.714908 -0.199657 5.028973 0.000000 0.000003 0.000000
    75 -0.282898 -0.851690 4.444889 0.000000 0.000000 0.000000
    76 9.578484 -1.290738 0.000240 0.000000 1.570770 -2.892481
    77 9.369518 -1.236408 1.787905 0.000000 1.570770 -2.892481
    78 9.436707 -1.331719 -1.409029 0.000000 1.570770 -2.892477
    79 5.735191 1.075235 -4.684885 -1.570814 0.000004 1.819923
    80 0.753901 0.305904 4.971474 -0.000001 -0.000002 0.000000
    81 1.101010 -0.314705 3.448315 0.000000 -0.000001 0.000000
    82 5.809341 -1.029617 -4.594752 -1.570814 0.000004 1.819922
    83 0.714908 -0.199655 5.028969 0.000000 -0.000003 0.000000
    84 0.282897 -0.851688 4.444893 0.000000 0.000000 0.000000
  time 22
    0 38.063015 -0.241764 36.563818 1.563653 0.061121 0.233094
    1 3.983847 0.002149 0.003401 -2.431965 0.002678 -1.595131
    2 15.938816 -0.000100 -0.000005 -0.000009 -0.000002 0.692441
    3 17.707025 -0.000068 0.000003 0.226661 0.086777 -1.169055
    4 6.202515 0.003416 -0.000367 -0.006707 0.001175 -1.024103
    5 -3.983848 0.002149 0.003395 -1.620918 -0.184923 -1.249015
    6 15.938826 -0.000113 -0.000001 0.000002 0.000010 0.171764
    7 17.707031 0.000018 0.000000 -0.204937 -0.016626 -1.002990
    8 6.202710 0.003078 0.003745 -0.078854 -0.006027 -0.454166
    9 -0.000001 4.209253 -1.688832 1.539827 -0.040125 1.595622
    10 3.836055 0.000000 0.000000 -0.028224 0.053740 -0.100623
    11 3.617625 -0.000275 -0.000015 -0.054062 -0.004670 0.047347
    12 7.537925 0.003588 -0.000212 0.000992 0.003971 0.208145
    13 3.181604 -0.002346 0.000028 3.136123 -0.014629 0.224138
    14 2.966416 0.000318 0.000023 -0.127353 -0.037825 0.146969
    15 2.023770 0.904983 0.850949 1.687203 -1.236899 2.848207
    16 4.980521 0.000781 -0.001089 -1.544594 0.314050 -1.058840
    17 11.119977 0.000007 0.000004 -0.000003 -0.136098 -0.456112
    18 11.205393 -0.000039 0.000000 1.683266 -0.299907 -0.031685
    19 3.767578 0.152466 0.071350 0.014352 0.037540 -0.177489
    20 2.037109 -0.000002 -0.000001 -0.000001 0.005004 -0.888530
    21 1.066406 -0.000002 -0.000002 0.000002 0.002790 0.001101
    22 3.783203 -0.017242 0.794434 0.333288 -0.031876 -0.219057
    23 1.628906 0.000000 0.000002 0.000000 0.005106 -0.697052
    24 0.955566 -0.000002 0.000000 -0.000004 0.003249 -0.272281
    25 1.258789 -0.297852 1.251953 -1.927900 -0.158439 -0.368925
    26 1.392578 0.000003 -0.000006 0.000002 0.002017 0.071902
    27 1.099609 0.000001 -0.000006 0.000000 -0.295768 0.023718
    28 3.547341 0.197447 -1.485758 -0.323544 0.115347 -0.238381
    29 1.218750 0.000002 0.000002 -0.000004 0.004664 -0.629642
    30 0.679688 0.000001 0.000001 0.000000 0.002402 -0.578397
    31 3.697042 0.266204 -0.725138 -0.105274 0.104464 -0.301437
    32 1.748047 0.000002 -0.000003 -0.000005 0.002898 -0.623724
    33 0.956684 0.000008 0.000001 0.000003 0.004804 -0.321825
    34 2.023778 0.904982 -0.850921 -1.843155 1.231147 2.758739
    35 4.981625 0.002227 0.003236 1.951906 -0.323337 -1.209175
    36 11.119975 -0.000005 0.000000 0.000001 0.136123 -0.227761
    37 11.205375 0.000073 0.000008 -1.767727 0.304231 0.071620
    38 3.767578 0.151855 -0.072693 -0.090833 -0.078893 -0.174026
    39 2.037109 0.000002 0.000000 0.000002 -0.007580 -0.940658
    40 1.066406 0.000001 0.000000 0.000006 -0.004235 -0.116579
    41 3.783203 -0.023941 -0.794434 -0.344154 -0.088892 -0.269864
    42 1.628906 -0.000002 0.000000 0.000002 -0.007731 -0.659761
    43 0.955566 0.000001 0.000000 0.000003 -0.004921 -0.331349
    44 1.258789 -0.308350 -1.250000 1.738856 0.204802 -0.550002
    45 1.392578 0.000000 0.000004 0.000004 0.222430 0.216078
    46 1.099609 0.000003 0.000002 0.000004 0.280395 0.302810
    47 3.546538 0.208125 1.487114 0.333783 -0.052221 -0.250106
    48 1.218750 0.000006 -0.000001 0.000005 -0.007078 -0.610627
    49 0.679688 0.000001 -0.000001 0.000001 -0.003643 -0.669683
    50 3.696249 0.271114 0.723153 0.103581 -0.126168 -0.288627
    51 1.748047 -0.000013 0.000001 0.000000 -0.004401 -0.791139
    52 0.959961 0.000001 -0.000001 0.000003 -0.007260 -0.432410
    53 -3.756462 5.577850 2.053357 1.570803 -0.000001 0.000000
    54 -2.735646 -0.081365 5.727119 0.000007 0.000015 1.570796
    55 0.000001 5.662003 -0.974302 1.570804 -0.000001 0.000000
    56 -0.000002 -2.275002 5.113525 0.000000 0.000000 -3.141592
    57 -2.477620 5.416855 4.597564 1.570804 -0.000001 0.000000
    58 -1.515218 1.317776 5.998497 0.000000 0.000000 0.000000
    59 -2.455992 5.657928 -0.087295 1.570804 -0.000001 0.000000
    60 -1.485628 -1.617812 5.263969 0.000000 0.000000 3.141592
    61 3.756460 5.577858 2.053359 1.570803 -0.000001 0.000000
    62 2.735645 -0.081364 5.727116 0.000004 -0.000011 -1.570795
    63 2.477613 5.416855 4.597570 1.570804 -0.000001 0.000000
    64 1.515220 1.317777 5.998508 0.000000 0.000000 0.000000
    65 2.455991 5.657928 -0.087293 1.570804 -0.000001 0.000000
    66 1.485620 -1.617803 5.263973 0.000000 0.000000 -3.141592
    67 4.575642 5.632584 0.000132 0.000000 -1.570771 0.249128
    68 -0.000001 0.314078 5.161098 0.000000 0.000000 0.000000
    69 -0.000001 -0.323108 3.750217 0.000000 0.000000 0.000000
    70 5.734947 1.075212 4.685178 1.570830 -0.000004 -1.321669
    71 -0.753896 0.305901 4.971462 -0.000001 0.000002 0.000000
    72 -1.101006 -0.314705 3.448307 0.000001 0.000001 0.000000
    73 5.809101 -1.029643 4.595047 1.570829 -0.000004 -1.321671
    74 -0.714908 -0.199657 5.028973 0.000000 0.000003 0.000000
    75 -0.282898 -0.851690 4.444889 0.000000 0.000000 0.000000
    76 9.578484 -1.290738 0.000240 0.000000 1.570770 -2.892481
    77 9.369518 -1.236408 1.787905 0.000000 1.570770 -2.892481
    78 9.436707 -1.331719 -1.409029 0.000000 1.570770 -2.892477
    79 5.735191 1.075235 -4.684885 -1.570814 0.000004 1.819923
    80 0.753901 0.305904 4.971474 -0.000001 -0.000002 0.000000
    81 1.101010 -0.314705 3.448315 0.000000 -0.000001 0.000000
    82 5.809341 -1.029617 -4.594752 -1.570814 0.000004 1.819922
    83 0.714908 -0.199655 5.028969 0.000000 -0.000003 0.000000
    84 0.282897 -0.851688 4.444893 0.000000 0.000000 0.000000
  time 23
    0 39.756071 -0.331591 36.556005 1.572330 0.076162 0.202678
    1 3.983847 0.002149 0.003401 -2.464171 -0.006088 -1.484000
    2 15.938816 -0.000100 -0.000005 -0.000009 -0.000002 0.788384
    3 17.707025 -0.000068 0.000003 0.196183 0.155689 -1.165690
    4 6.202515 0.003416 -0.000367 -0.006635 0.001283 -1.024103
    5 -3.983848 0.002149 0.003395 -1.671934 -0.232803 -1.264753
    6 15.938826 -0.000113 -0.000001 0.000002 0.000010 0.280655
    7 17.707031 0.000018 0.000000 -0.225769 0.013408 -1.090230
    8 6.202710 0.003078 0.003745 -0.078650 -0.006183 -0.501222
    9 -0.000001 4.209253 -1.688832 1.552866 -0.035683 1.599409
    10 3.836055 0.000000 0.000000 -0.013351 0.066623 -0.105201
    11 3.617625 -0.000275 -0.000015 -0.034683 0.001335 0.042856
    12 7.537925 0.003588 -0.000212 0.001184 0.005373 0.208145
    13 3.181604 -0.002346 0.000028 3.131426 -0.027308 0.224222
    14 2.966416 0.000318 0.000023 -0.143064 -0.048994 0.134443
    15 2.023770 0.904983 0.850949 1.671003 -1.239220 2.865337
    16 4.980521 0.000781 -0.001089 -1.558166 0.328252 -1.080009
    17 11.119977 0.000007 0.000004 -0.000003 -0.136098 -0.401392
    18 11.205393 -0.000039 0.000000 1.666988 -0.312338 -0.012174
    19 3.767578 0.152466 0.071350 0.014352 0.037540 -0.177489
    20 2.037109 -0.000002 -0.000001 -0.000001 0.005004 -0.888530
    21 1.066406 -0.000002 -0.000002 0.000002 0.002790 0.001101
    22 3.783203 -0.017242 0.794434 0.333288 -0.031876 -0.219057
    23 1.628906 0.000000 0.000002 0.000000 0.005106 -0.697052
    24 0.955566 -0.000002 0.000000 -0.000004 0.003249 -0.272281
    25 1.258789 -0.297852 1.251953 -1.927900 -0.158439 -0.368925
    26 1.392578 0.000003 -0.000006 0.000002 0.002017 0.071902
    27 1.099609 0.000001 -0.000006 0.000000 -0.295768 0.023718
    28 3.547341 0.197447 -1.485758 -0.323544 0.115347 -0.238321
    29 1.218750 0.000002 0.000002 -0.000004 0.004664 -0.629642
    30 0.679688 0.000001 0.000001 0.000000 0.002402 -0.578397
    31 3.697042 0.266204 -0.725138 -0.105274 0.104464 -0.301437
    32 1.748047 0.000002 -0.000003 -0.000005 0.002898 -0.623724
    33 0.956684 0.000008 0.000001 0.000003 0.004804 -0.321825
    34 2.023778 0.904982 -0.850921 -1.856724 1.227319 2.744017
    35 4.981625 0.002227 0.003236 1.917748 -0.310035 -1.182408
    36 11.119975 -0.000005 0.000000 0.000001 0.136123 -0.251849
    37 11.205375 0.000073 0.000008 -1.715521 0.306616 0.065688
    38 3.767578 0.151855 -0.072693 -0.090833 -0.078893 -0.174026
    39 2.037109 0.000002 0.000000 0.000002 -0.007580 -0.940658
    40 1.066406 0.000001 0.000000 0.000006 -0.004235 -0.116579
    41 3.783203 -0.023941 -0.794434 -0.344154 -0.088892 -0.269864
    42 1.628906 -0.000002 0.000000 0.000002 -0.007731 -0.659761
    43 0.955566 0.000001 0.000000 0.000003 -0.004921 -0.331349
    44 1.258789 -0.308350 -1.250000 1.738856 0.204802 -0.550002
    45 1.392578 0.000000 0.000004 0.000004 0.222430 0.216078
    46 1.099609 0.000003 0.000002 0.000004 0.280395 0.302810
    47 3.546538 0.208125 1.487114 0.333783 -0.052221 -0.250106
    48 1.218750 0.000006 -0.000001 0.000005 -0.007078 -0.610627
    49 0.679688 0.000001 -0.000001 0.000001 -0.003643 -0.669683
    50 3.696249 0.271114 0.723153 0.103581 -0.126168 -0.288627
    51 1.748047 -0.000013 0.000001 0.000000 -0.004401 -0.791139
    52 0.959961 0.000001 -0.000001 0.000003 -0.007260 -0.432410
    53 -3.756462 5.577850 2.053357 1.570803 -0.000001 0.000000
    54 -2.735646 -0.081365 5.727119 0.000007 0.000015 1.570796
    55 0.000001 5.662003 -0.974302 1.570804 -0.000001 0.000000
    56 -0.000002 -2.275002 5.113525 0.000000 0.000000 -3.141592
    57 -2.477620 5.416855 4.597564 1.570804 -0.000001 0.000000
    58 -1.515218 1.317776 5.998497 0.000000 0.000000 0.000000
    59 -2.455992 5.657928 -0.087295 1.570804 -0.000001 0.000000
    60 -1.485628 -1.617812 5.263969 0.000000 0.000000 3.141592
    61 3.756460 5.577858 2.053359 1.570803 -0.000001 0.000000
    62 2.735645 -0.081364 5.727116 0.000004 -0.000011 -1.570795
    63 2.477613 5.416855 4.597570 1.570804 -0.000001 0.000000
    64 1.515220 1.317777 5.998508 0.000000 0.000000 0.000000
    65 2.455991 5.657928 -0.087293 1.570804 -0.000001 0.000000
    66 1.485620 -1.617803 5.263973 0.000000 0.000000 -3.141592
    67 4.575642 5.632584 0.000132 0.000000 -1.570771 0.249128
    68 -0.000001 0.314078 5.161098 0.000000 0.000000 0.000000
    69 -0.000001 -0.323108 3.750217 0.000000 0.000000 0.000000
    70 5.734947 1.075212 4.685178 1.570830 -0.000004 -1.321669
    71 -0.753896 0.305901 4.971462 -0.000001 0.000002 0.000000
    72 -1.101006 -0.314705 3.448307 0.000001 0.000001 0.000000
    73 5.809101 -1.029643 4.595047 1.570829 -0.000004 -1.321671
    74 -0.714908 -0.199657 5.028973 0.000000 0.000003 0.000000
    75 -0.282898 -0.851690 4.444889 0.000000 0.000000 0.000000
    76 9.578484 -1.290738 0.000240 0.000000 1.570770 -2.892481
    77 9.369518 -1.236408 1.787905 0.000000 1.570770 -2.892481
    78 9.436707 -1.331719 -1.409029 0.000000 1.570770 -2.892477
    79 5.735191 1.075235 -4.684885 -1.570814 0.000004 1.819923
    80 0.753901 0.305904 4.971474 -0.000001 -0.000002 0.000000
    81 1.101010 -0.314705 3.448315 0.000000 -0.000001 0.000000
    82 5.809341 -1.029617 -4.594752 -1.570814 0.000004 1.819922
    83 0.714908 -0.199655 5.028969 0.000000 -0.000003 0.000000
    84 0.282897 -0.851688 4.444893 0.000000 0.000000 0.000000
  time 24
    0 41.456941 -0.409699 36.602881 1.576932 0.075515 0.170728
    1 3.983847 0.002149 0.003401 -2.488396 -0.001683 -1.375551
    2 15.938816 -0.000100 -0.000005 -0.000009 -0.000002 0.840976
    3 17.707025 -0.000068 0.000003 0.151801 0.241213 -1.146692
    4 6.202515 0.003416 -0.000367 -0.006719 0.001151 -1.024103
    5 -3.983848 0.002149 0.003395 -1.721040 -0.276259 -1.297634
    6 15.938826 -0.000113 -0.000001 0.000002 0.000010 0.383186
    7 17.707031 0.000018 0.000000 -0.176059 -0.000048 -1.154119
    8 6.202710 0.003078 0.003745 -0.078650 -0.006183 -0.498948
    9 -0.000001 4.209253 -1.688832 1.566768 -0.031705 1.597300
    10 3.836055 0.000000 0.000000 0.002133 0.064982 -0.109216
    11 3.617625 -0.000275 -0.000015 -0.014489 0.007387 0.038801
    12 7.537925 0.003588 -0.000212 0.001339 0.006535 0.208145
    13 3.181604 -0.002346 0.000028 3.127782 -0.036536 0.224354
    14 2.966416 0.000318 0.000023 -0.158632 -0.060044 0.127908
    15 2.023770 0.904983 0.850949 1.656753 -1.241377 2.880293
    16 4.980521 0.000781 -0.001089 -1.573750 0.342724 -1.099755
    17 11.119977 0.000007 0.000004 -0.000003 -0.136098 -0.350503
    18 11.205393 -0.000039 0.000000 1.655752 -0.336530 -0.007740
    19 3.767578 0.152466 0.071350 0.014352 0.037540 -0.177489
    20 2.037109 -0.000002 -0.000001 -0.000001 0.005004 -0.888530
    21 1.066406 -0.000002 -0.000002 0.000002 0.002790 0.001101
    22 3.783203 -0.017242 0.794434 0.333288 -0.031876 -0.219057
    23 1.628906 0.000000 0.000002 0.000000 0.005106 -0.697052
    24 0.955566 -0.000002 0.000000 -0.000004 0.003249 -0.272281
    25 1.258789 -0.297852 1.251953 -1.927900 -0.158439 -0.368925
    26 1.392578 0.000003 -0.000006 0.000002 0.002017 0.071902
    27 1.099609 0.000001 -0.000006 0.000000 -0.295768 0.023718
    28 3.547341 0.197447 -1.485758 -0.323544 0.115347 -0.238381
    29 1.218750 0.000002 0.000002 -0.000004 0.004664 -0.629642
    30 0.679688 0.000001 0.000001 0.000000 0.002402 -0.578397
    31 3.697042 0.266204 -0.725138 -0.105274 0.104464 -0.301437
    32 1.748047 0.000002 -0.000003 -0.000005 0.002898 -0.623724
    33 0.956684 0.000008 0.000001 0.000027 0.004804 -0.321825
    34 2.023778 0.904982 -0.850921 -1.868257 1.223614 2.731643
    35 4.981625 0.002227 0.003236 1.881373 -0.298658 -1.157258
    36 11.119975 -0.000005 0.000000 0.000001 0.136123 -0.279847
    37 11.205375 0.000073 0.000008 -1.662503 0.312488 0.054458
    38 3.767578 0.151855 -0.072693 -0.090833 -0.078893 -0.174026
    39 2.037109 0.000002 0.000000 0.000002 -0.007580 -0.940658
    40 1.066406 0.000001 0.000000 0.000006 -0.004235 -0.116579
    41 3.783203 -0.023941 -0.794434 -0.344154 -0.088892 -0.269864
    42 1.628906 -0.000002 0.000000 0.000002 -0.007731 -0.659761
    43 0.955566 0.000001 0.000000 0.000003 -0.004921 -0.331349
    44 1.258789 -0.308350 -1.250000 1.738856 0.204802 -0.550002
    45 1.392578 0.000000 0.000004 0.000004 0.222430 0.216078
    46 1.099609 0.000003 0.000002 0.000004 0.280395 0.302810
    47 3.546538 0.208125 1.487114 0.333783 -0.052221 -0.250106
    48 1.218750 0.000006 -0.000001 0.000005 -0.007078 -0.610627
    49 0.679688 0.000001 -0.000001 0.000001 -0.003643 -0.669683
    50 3.696249 0.271114 0.723153 0.103581 -0.126168 -0.288627
    51 1.748047 -0.000013 0.000001 0.000000 -0.004401 -0.791139
    52 0.959961 0.000001 -0.000001 0.000003 -0.007260 -0.432410
    53 -3.756462 5.577850 2.053357 1.570803 -0.000001 0.000000
    54 -2.735646 -0.081365 5.727119 0.000007 0.000015 1.570796
    55 0.000001 5.662003 -0.974302 1.570804 -0.000001 0.000000
    56 -0.000002 -2.275002 5.113525 0.000000 0.000000 -3.141592
    57 -2.477620 5.416855 4.597564 1.570804 -0.000001 0.000000
    58 -1.515218 1.317776 5.998497 0.000000 0.000000 0.000000
    59 -2.455992 5.657928 -0.087295 1.570804 -0.000001 0.000000
    60 -1.485628 -1.617812 5.263969 0.000000 0.000000 3.141592
    61 3.756460 5.577858 2.053359 1.570803 -0.000001 0.000000
    62 2.735645 -0.081364 5.727116 0.000004 -0.000011 -1.570795
    63 2.477613 5.416855 4.597570 1.570804 -0.000001 0.000000
    64 1.515220 1.317777 5.998508 0.000000 0.000000 0.000000
    65 2.455991 5.657928 -0.087293 1.570804 -0.000001 0.000000
    66 1.485620 -1.617803 5.263973 0.000000 0.000000 -3.141592
    67 4.575642 5.632584 0.000132 0.000000 -1.570771 0.249128
    68 -0.000001 0.314078 5.161098 0.000000 0.000000 0.000000
    69 -0.000001 -0.323108 3.750217 0.000000 0.000000 0.000000
    70 5.734947 1.075212 4.685178 1.570830 -0.000004 -1.321669
    71 -0.753896 0.305901 4.971462 -0.000001 0.000002 0.000000
    72 -1.101006 -0.314705 3.448307 0.000001 0.000001 0.000000
    73 5.809101 -1.029643 4.595047 1.570829 -0.000004 -1.321671
    74 -0.714908 -0.199657 5.028973 0.000000 0.000003 0.000000
    75 -0.282898 -0.851690 4.444889 0.000000 0.000000 0.000000
    76 9.578484 -1.290738 0.000240 0.000000 1.570770 -2.892481
    77 9.369518 -1.236408 1.787905 0.000000 1.570770 -2.892481
    78 9.436707 -1.331719 -1.409029 0.000000 1.570770 -2.892477
    79 5.735191 1.075235 -4.684885 -1.570814 0.000004 1.819923
    80 0.753901 0.305904 4.971474 -0.000001 -0.000002 0.000000
    81 1.101010 -0.314705 3.448315 0.000000 -0.000001 0.000000
    82 5.809341 -1.029617 -4.594752 -1.570814 0.000004 1.819922
    83 0.714908 -0.199655 5.028969 0.000000 -0.000003 0.000000
    84 0.282897 -0.851688 4.444893 0.000000 0.000000 0.000000
  time 25
    0 43.181248 -0.476088 36.786481 1.577171 0.059767 0.138906
    1 3.983847 0.002149 0.003401 -2.498751 0.024128 -1.325752
    2 15.938816 -0.000100 -0.000005 -0.000009 -0.000002 0.778885
    3 17.707025 -0.000068 0.000003 0.075372 0.311589 -1.161774
    4 6.202515 0.003416 -0.000367 -0.007210 0.000384 -1.022024
    5 -3.983848 0.002149 0.003395 -1.763840 -0.285577 -1.350000
    6 15.938826 -0.000113 -0.000001 0.000002 0.000010 0.423367
    7 17.707031 0.000018 0.000000 -0.127777 -0.017037 -1.187588
    8 6.202710 0.003078 0.003745 -0.078650 -0.006183 -0.498948
    9 -0.000001 4.209253 -1.688832 1.580334 -0.028959 1.589774
    10 3.836055 0.000000 0.000000 0.017593 0.050073 -0.111865
    11 3.617625 -0.000275 -0.000015 0.005501 0.012516 0.036069
    12 7.537925 0.003588 -0.000212 0.001519 0.007734 0.208145
    13 3.181604 -0.002346 0.000028 3.125769 -0.041810 0.224438
    14 2.966416 0.000318 0.000023 -0.173134 -0.071418 0.125049
    15 2.023770 0.904983 0.850949 1.636402 -1.244838 2.901774
    16 4.980521 0.000781 -0.001089 -1.610131 0.376291 -1.130996
    17 11.119977 0.000007 0.000004 -0.000003 -0.136098 -0.269996
    18 11.205393 -0.000039 0.000000 1.646004 -0.393137 -0.028929
    19 3.767578 0.152466 0.071350 0.014352 0.037540 -0.177489
    20 2.037109 -0.000002 -0.000001 -0.000001 0.005004 -0.888530
    21 1.066406 -0.000002 -0.000002 0.000002 0.002790 0.001101
    22 3.783203 -0.017242 0.794434 0.333288 -0.031876 -0.219057
    23 1.628906 0.000000 0.000002 0.000000 0.005106 -0.697052
    24 0.955566 -0.000002 0.000000 -0.000004 0.003249 -0.272281
    25 1.258789 -0.297852 1.251953 -1.927900 -0.158439 -0.368925
    26 1.392578 0.000003 -0.000006 0.000002 0.002017 0.071902
    27 1.099609 0.000001 -0.000006 0.000000 -0.295768 0.023718
    28 3.547341 0.197447 -1.485758 -0.323544 0.115347 -0.238381
    29 1.218750 0.000002 0.000002 -0.000004 0.004664 -0.629642
    30 0.679688 0.000001 0.000001 0.000000 0.002402 -0.578397
    31 3.697042 0.266204 -0.725138 -0.105274 0.104464 -0.301437
    32 1.748047 0.000002 -0.000003 -0.000005 0.002898 -0.623724
    33 0.956684 0.000008 0.000001 0.000003 0.004804 -0.321825
    34 2.023778 0.904982 -0.850921 -1.883392 1.217670 2.715205
    35 4.981625 0.002227 0.003236 1.814555 -0.282361 -1.116565
    36 11.119975 -0.000005 0.000000 0.000001 0.136123 -0.341202
    37 11.205375 0.000073 0.000008 -1.582666 0.334876 0.015712
    38 3.767578 0.151855 -0.072693 -0.090833 -0.078893 -0.174026
    39 2.037109 0.000002 0.000000 0.000002 -0.007580 -0.940658
    40 1.066406 0.000001 0.000000 0.000006 -0.004235 -0.116579
    41 3.783203 -0.023941 -0.794434 -0.344154 -0.088892 -0.269864
    42 1.628906 -0.000002 0.000000 0.000002 -0.007731 -0.659761
    43 0.955566 0.000001 0.000000 0.000003 -0.004921 -0.331349
    44 1.258789 -0.308350 -1.250000 1.738856 0.204802 -0.550002
    45 1.392578 0.000000 0.000004 0.000004 0.222430 0.216078
    46 1.099609 0.000003 0.000002 0.000004 0.280395 0.302810
    47 3.546538 0.208125 1.487114 0.333783 -0.052221 -0.250106
    48 1.218750 0.000006 -0.000001 0.000005 -0.007078 -0.610627
    49 0.679688 0.000001 -0.000001 0.000001 -0.003643 -0.669683
    50 3.696249 0.271114 0.723153 0.103581 -0.126168 -0.288614
    51 1.748047 -0.000013 0.000001 0.000000 -0.004401 -0.791139
    52 0.959961 0.000001 -0.000001 0.000003 -0.007260 -0.432410
    53 -3.756462 5.577850 2.053357 1.570803 -0.000001 0.000000
    54 -2.735646 -0.081365 5.727119 0.000007 0.000015 1.570796
    55 0.000001 5.662003 -0.974302 1.570804 -0.000001 0.000000
    56 -0.000002 -2.275002 5.113525 0.000000 0.000000 -3.141592
    57 -2.477620 5.416855 4.597564 1.570804 -0.000001 0.000000
    58 -1.515218 1.317776 5.998497 0.000000 0.000000 0.000000
    59 -2.455992 5.657928 -0.087295 1.570804 -0.000001 0.000000
    60 -1.485628 -1.617812 5.263969 0.000000 0.000000 3.141592
    61 3.756460 5.577858 2.053359 1.570803 -0.000001 0.000000
    62 2.735645 -0.081364 5.727116 0.000004 -0.000011 -1.570795
    63 2.477613 5.416855 4.597570 1.570804 -0.000001 0.000000
    64 1.515220 1.317777 5.998508 0.000000 0.000000 0.000000
    65 2.455991 5.657928 -0.087293 1.570804 -0.000001 0.000000
    66 1.485620 -1.617803 5.263973 0.000000 0.000000 -3.141592
    67 4.575642 5.632584 0.000132 0.000000 -1.570771 0.249128
    68 -0.000001 0.314078 5.161098 0.000000 0.000000 0.000000
    69 -0.000001 -0.323108 3.750217 0.000000 0.000000 0.000000
    70 5.734947 1.075212 4.685178 1.570830 -0.000004 -1.321669
    71 -0.753896 0.305901 4.971462 -0.000001 0.000002 0.000000
    72 -1.101006 -0.314705 3.448307 0.000001 0.000001 0.000000
    73 5.809101 -1.029643 4.595047 1.570829 -0.000004 -1.321671
    74 -0.714908 -0.199657 5.028973 0.000000 0.000003 0.000000
    75 -0.282898 -0.851690 4.444889 0.000000 0.000000 0.000000
    76 9.578484 -1.290738 0.000240 0.000000 1.570770 -2.892481
    77 9.369518 -1.236408 1.787905 0.000000 1.570770 -2.892481
    78 9.436707 -1.331719 -1.409029 0.000000 1.570770 -2.892477
    79 5.735191 1.075235 -4.684885 -1.570814 0.000004 1.819923
    80 0.753901 0.305904 4.971474 -0.000001 -0.000002 0.000000
    81 1.101010 -0.314705 3.448315 0.000000 -0.000001 0.000000
    82 5.809341 -1.029617 -4.594752 -1.570814 0.000004 1.819922
    83 0.714908 -0.199655 5.028969 0.000000 -0.000003 0.000000
    84 0.282897 -0.851688 4.444893 0.000000 0.000000 0.000000
  time 26
    0 44.928993 -0.522945 37.040395 1.574727 0.037799 0.107787
    1 3.983847 0.002149 0.003401 -2.496281 0.028711 -1.266834
    2 15.938816 -0.000100 -0.000005 -0.000009 -0.000002 0.757019
    3 17.707025 -0.000068 0.000003 -0.043898 0.348103 -1.284603
    4 6.202515 0.003416 -0.000367 -0.008193 0.000504 -0.819504
    5 -3.983848 0.002149 0.003395 -1.799093 -0.274241 -1.417541
    6 15.938826 -0.000113 -0.000001 0.000002 0.000010 0.423430
    7 17.707031 0.000018 0.000000 -0.079654 -0.039736 -1.204549
    8 6.202710 0.003078 0.003745 -0.078650 -0.006183 -0.498948
    9 -0.000001 4.209253 -1.688832 1.594379 -0.027949 1.580043
    10 3.836055 0.000000 0.000000 0.032730 0.030106 -0.112608
    11 3.617625 -0.000275 -0.000015 0.025216 0.016219 0.035802
    12 7.537925 0.003588 -0.000212 0.001543 0.007902 0.208145
    13 3.181604 -0.002346 0.000028 3.125194 -0.043499 0.224450
    14 2.966416 0.000318 0.000023 -0.188893 -0.076487 0.127545
    15 2.023770 0.904983 0.850949 1.631352 -1.245938 2.907303
    16 4.980521 0.000781 -0.001089 -1.630462 0.393934 -1.144341
    17 11.119977 0.000007 0.000004 -0.000003 -0.136098 -0.239920
    18 11.205393 -0.000039 0.000000 1.647012 -0.428081 -0.046630
    19 3.767578 0.152466 0.071350 0.014352 0.037540 -0.177489
    20 2.037109 -0.000002 -0.000001 -0.000001 0.005004 -0.888530
    21 1.066406 -0.000002 -0.000002 0.000002 0.002790 0.001101
    22 3.783203 -0.017242 0.794434 0.333288 -0.031876 -0.219057
    23 1.628906 0.000000 0.000002 0.000000 0.005106 -0.697052
    24 0.955566 -0.000002 0.000000 -0.000004 0.003249 -0.272281
    25 1.258789 -0.297852 1.251953 -1.927900 -0.158439 -0.368925
    26 1.392578 0.000003 -0.000006 0.000002 0.002017 0.071902
    27 1.099609 0.000001 -0.000006 0.000000 -0.295768 0.023718
    28 3.547341 0.197447 -1.485758 -0.323544 0.115347 -0.238381
    29 1.218750 0.000002 0.000002 -0.000004 0.004664 -0.629642
    30 0.679688 0.000001 0.000001 0.000000 0.002402 -0.578397
    31 3.697042 0.266204 -0.725138 -0.105274 0.104464 -0.301437
    32 1.748047 0.000002 -0.000003 -0.000005 0.002898 -0.623724
    33 0.956684 0.000008 0.000001 0.000003 0.004804 -0.321825
    34 2.023778 0.904982 -0.850921 -1.886836 1.215837 2.711321
    35 4.981625 0.002227 0.003236 1.788860 -0.276618 -1.099759
    36 11.119975 -0.000005 0.000000 0.000001 0.136123 -0.375127
    37 11.205375 0.000073 0.000008 -1.580661 0.349665 -0.013027
    38 3.767578 0.151855 -0.072693 -0.090833 -0.078893 -0.174026
    39 2.037109 0.000002 0.000000 0.000002 -0.007580 -0.940658
    40 1.066406 0.000001 0.000000 0.000006 -0.004235 -0.116579
    41 3.783203 -0.023941 -0.794434 -0.344154 -0.088892 -0.269864
    42 1.628906 -0.000002 0.000000 0.000002 -0.007731 -0.659761
    43 0.955566 0.000001 0.000000 0.000003 -0.004921 -0.331349
    44 1.258789 -0.308350 -1.250000 1.738856 0.204802 -0.550002
    45 1.392578 0.000000 0.000004 0.000004 0.222430 0.216078
    46 1.099609 0.000003 0.000002 0.000004 0.280395 0.302810
    47 3.546538 0.208125 1.487114 0.333783 -0.052221 -0.250106
    48 1.218750 0.000006 -0.000001 0.000005 -0.007078 -0.610627
    49 0.679688 0.000001 -0.000001 0.000001 -0.003643 -0.669683
    50 3.696249 0.271114 0.723153 0.103581 -0.126168 -0.288627
    51 1.748047 -0.000013 0.000001 0.000000 -0.004401 -0.791139
    52 0.959961 0.000001 -0.000001 0.000003 -0.007260 -0.432410
    53 -3.756462 5.577850 2.053357 1.570803 -0.000001 0.000000
    54 -2.735646 -0.081365 5.727119 0.000007 0.000015 1.570796
    55 0.000001 5.662003 -0.974302 1.570804 -0.000001 0.000000
    56 -0.000002 -2.275002 5.113525 0.000000 0.000000 -3.141592
    57 -2.477620 5.416855 4.597564 1.570804 -0.000001 0.000000
    58 -1.515218 1.317776 5.998497 0.000000 0.000000 0.000000
    59 -2.455992 5.657928 -0.087295 1.570804 -0.000001 0.000000
    60 -1.485628 -1.617812 5.263969 0.000000 0.000000 3.141592
    61 3.756460 5.577858 2.053359 1.570803 -0.000001 0.000000
    62 2.735645 -0.081364 5.727116 0.000004 -0.000011 -1.570795
    63 2.477613 5.416855 4.597570 1.570804 -0.000001 0.000000
    64 1.515220 1.317777 5.998508 0.000000 0.000000 0.000000
    65 2.455991 5.657928 -0.087293 1.570804 -0.000001 0.000000
    66 1.485620 -1.617803 5.263973 0.000000 0.000000 -3.141592
    67 4.575642 5.632584 0.000132 0.000000 -1.570771 0.249128
    68 -0.000001 0.314078 5.161098 0.000000 0.000000 0.000000
    69 -0.000001 -0.323108 3.750217 0.000000 0.000000 0.000000
    70 5.734947 1.075212 4.685178 1.570830 -0.000004 -1.321669
    71 -0.753896 0.305901 4.971462 -0.000001 0.000002 0.000000
    72 -1.101006 -0.314705 3.448307 0.000001 0.000001 0.000000
    73 5.809101 -1.029643 4.595047 1.570829 -0.000004 -1.321671
    74 -0.714908 -0.199657 5.028973 0.000000 0.000003 0.000000
    75 -0.282898 -0.851690 4.444889 0.000000 0.000000 0.000000
    76 9.578484 -1.290738 0.000240 0.000000 1.570770 -2.892481
    77 9.369518 -1.236408 1.787905 0.000000 1.570770 -2.892481
    78 9.436707 -1.331719 -1.409029 0.000000 1.570770 -2.892477
    79 5.735191 1.075235 -4.684885 -1.570814 0.000004 1.819923
    80 0.753901 0.305904 4.971474 -0.000001 -0.000002 0.000000
    81 1.101010 -0.314705 3.448315 0.000000 -0.000001 0.000000
    82 5.809341 -1.029617 -4.594752 -1.570814 0.000004 1.819922
    83 0.714908 -0.199655 5.028969 0.000000 -0.000003 0.000000
    84 0.282897 -0.851688 4.444893 0.000000 0.000000 0.000000
end
