// Created by Crowbar 0.76
version 1
nodes
  0 "ValveBiped.Bip01_Pelvis" -1
  1 "ValveBiped.Bip01_L_Thigh" 0
  2 "ValveBiped.Bip01_L_Calf" 1
  3 "ValveBiped.Bip01_L_Foot" 2
  4 "ValveBiped.Bip01_L_Toe0" 3
  5 "ValveBiped.Bip01_R_Thigh" 0
  6 "ValveBiped.Bip01_R_Calf" 5
  7 "ValveBiped.Bip01_R_Foot" 6
  8 "ValveBiped.Bip01_R_Toe0" 7
  9 "ValveBiped.Bip01_Spine" 0
  10 "ValveBiped.Bip01_Spine1" 9
  11 "ValveBiped.Bip01_Spine2" 10
  12 "ValveBiped.Bip01_Spine4" 11
  13 "ValveBiped.Bip01_Neck1" 12
  14 "ValveBiped.Bip01_Head1" 13
  15 "ValveBiped.Bip01_L_Clavicle" 12
  16 "ValveBiped.Bip01_L_UpperArm" 15
  17 "ValveBiped.Bip01_L_Forearm" 16
  18 "ValveBiped.Bip01_L_Hand" 17
  19 "ValveBiped.Bip01_L_Finger2" 18
  20 "ValveBiped.Bip01_L_Finger21" 19
  21 "ValveBiped.Bip01_L_Finger22" 20
  22 "ValveBiped.Bip01_L_Finger1" 18
  23 "ValveBiped.Bip01_L_Finger11" 22
  24 "ValveBiped.Bip01_L_Finger12" 23
  25 "ValveBiped.Bip01_L_Finger0" 18
  26 "ValveBiped.Bip01_L_Finger01" 25
  27 "ValveBiped.Bip01_L_Finger02" 26
  28 "ValveBiped.Bip01_L_Finger4" 18
  29 "ValveBiped.Bip01_L_Finger41" 28
  30 "ValveBiped.Bip01_L_Finger42" 29
  31 "ValveBiped.Bip01_L_Finger3" 18
  32 "ValveBiped.Bip01_L_Finger31" 31
  33 "ValveBiped.Bip01_L_Finger32" 32
  34 "ValveBiped.Bip01_R_Clavicle" 12
  35 "ValveBiped.Bip01_R_UpperArm" 34
  36 "ValveBiped.Bip01_R_Forearm" 35
  37 "ValveBiped.Bip01_R_Hand" 36
  38 "ValveBiped.Bip01_R_Finger2" 37
  39 "ValveBiped.Bip01_R_Finger21" 38
  40 "ValveBiped.Bip01_R_Finger22" 39
  41 "ValveBiped.Bip01_R_Finger1" 37
  42 "ValveBiped.Bip01_R_Finger11" 41
  43 "ValveBiped.Bip01_R_Finger12" 42
  44 "ValveBiped.Bip01_R_Finger0" 37
  45 "ValveBiped.Bip01_R_Finger01" 44
  46 "ValveBiped.Bip01_R_Finger02" 45
  47 "ValveBiped.Bip01_R_Finger4" 37
  48 "ValveBiped.Bip01_R_Finger41" 47
  49 "ValveBiped.Bip01_R_Finger42" 48
  50 "ValveBiped.Bip01_R_Finger3" 37
  51 "ValveBiped.Bip01_R_Finger31" 50
  52 "ValveBiped.Bip01_R_Finger32" 51
  53 "ValveBiped.Skirt.R.001" 0
  54 "Skirt2_r" 53
  55 "ValveBiped.Skirt.B" 0
  56 "Skirtb2" 55
  57 "ValveBiped.Skirt.R" 0
  58 "Skirt5_r" 57
  59 "ValveBiped.Skirt.R.002" 0
  60 "Skirt8_r" 59
  61 "ValveBiped.Skirt.L.001" 0
  62 "Skirt2_l" 61
  63 "ValveBiped.Skirt.L" 0
  64 "Skirt5_l" 63
  65 "ValveBiped.Skirt.L.002" 0
  66 "Skirt8_l" 65
  67 "Hair_002" 14
  68 "Hair_001" 67
  69 "Hair_003" 68
  70 "Hair_006_r" 14
  71 "Hair_005_r" 70
  72 "Hair_007_r" 71
  73 "Hair_009_r" 14
  74 "Hair_010_r" 73
  75 "Hair_011_r" 74
  76 "Hair_004" 14
  77 "Hair_005" 14
  78 "Hair_006" 14
  79 "Hair_006_l" 14
  80 "Hair_005_l" 79
  81 "Hair_007_l" 80
  82 "Hair_009_l" 14
  83 "Hair_010_l" 82
  84 "Hair_011_l" 83
end
skeleton
  time 0
    0 -0.004562 -0.523453 35.848952 1.524825 0.037967 -0.066915
    1 3.983847 0.002149 0.003401 -1.682120 -0.475031 -1.520120
    2 15.938816 -0.000100 -0.000005 -0.000009 -0.000002 1.264653
    3 17.707025 -0.000068 0.000003 0.032724 -0.113572 -1.277444
    4 6.202515 0.003416 -0.000367 -0.006850 0.002721 -0.634035
    5 -3.983848 0.002149 0.003395 -1.616332 -0.227907 -1.421663
    6 15.938826 -0.000113 -0.000001 0.000002 0.000010 0.662500
    7 17.707031 0.000018 0.000000 -0.090217 0.037767 -1.458160
    8 6.202710 0.003078 0.003745 -0.078650 -0.006183 -0.498948
    9 -0.000001 4.209253 -1.688832 1.570507 -0.027969 1.582775
    10 3.836055 0.000000 0.000000 -0.001151 0.030058 -0.112608
    11 3.617625 -0.000275 -0.000015 -0.001510 0.015848 0.035802
    12 7.537925 0.003588 -0.000212 0.001543 0.007902 0.208145
    13 3.181604 -0.002346 0.000028 3.125194 -0.043499 0.224450
    14 2.966416 0.000318 0.000023 0.059307 -0.004148 0.072722
    15 2.023770 0.904983 0.850949 1.840803 -1.218740 2.684605
    16 4.980521 0.000781 -0.001089 -1.639390 0.123244 -1.058044
    17 11.119977 0.000007 0.000004 -0.000003 -0.136098 -0.451995
    18 11.205393 -0.000039 0.000000 1.564134 -0.411782 0.017991
    19 3.767578 0.152466 0.071350 0.014350 0.037540 -0.177489
    20 2.036722 -0.000008 0.000000 -0.000008 0.005001 -0.888530
    21 1.066406 -0.000004 -0.000001 0.000002 0.002790 0.001101
    22 3.783203 -0.017258 0.794434 0.333288 -0.031876 -0.219057
    23 1.627436 0.000008 0.000000 -0.000002 0.005098 -0.697049
    24 0.955566 -0.000002 -0.000001 -0.000004 0.003249 -0.272277
    25 1.258789 -0.297852 1.251953 -1.927900 -0.158435 -0.368924
    26 1.392578 0.000004 -0.000007 0.000000 0.002019 0.071902
    27 1.099609 -0.000004 -0.000003 -0.000002 -0.295768 0.023714
    28 3.547341 0.197447 -1.485758 -0.323544 0.115347 -0.238381
    29 1.218750 0.000002 0.000000 -0.000004 0.004664 -0.629642
    30 0.679688 -0.000001 -0.000002 -0.000001 0.002398 -0.578395
    31 3.697266 0.267334 -0.728516 -0.105269 0.104461 -0.301442
    32 1.748047 0.000000 -0.000004 -0.000001 0.002900 -0.623724
    33 0.956684 0.000008 0.000001 0.000015 0.004804 -0.321825
    34 2.023778 0.904982 -0.850921 -1.685284 1.252360 2.925831
    35 4.981625 0.002227 0.003236 1.713890 -0.201346 -1.133606
    36 11.119975 -0.000005 0.000000 0.000001 0.136123 -0.214330
    37 11.205375 0.000073 0.000008 -1.676819 0.409192 -0.126018
    38 3.767578 0.151855 -0.072693 -0.090833 -0.078893 -0.174026
    39 2.036716 -0.000004 0.000000 0.000000 -0.007577 -0.940629
    40 1.063287 -0.000004 0.000001 0.000001 -0.004232 -0.116574
    41 3.783203 -0.023941 -0.794434 -0.344154 -0.088892 -0.269864
    42 1.628906 0.000000 0.000002 0.000002 -0.007731 -0.659761
    43 0.955566 -0.000001 0.000002 0.000003 -0.004923 -0.331349
    44 1.258789 -0.308350 -1.250000 1.738856 0.204803 -0.550000
    45 1.392578 -0.000004 0.000002 0.000004 0.222430 0.216078
    46 1.099609 0.000003 -0.000006 0.000001 0.280394 0.302814
    47 3.546538 0.208125 1.487114 0.333783 -0.052221 -0.250106
    48 1.218750 0.000004 -0.000001 0.000005 -0.007078 -0.610627
    49 0.679688 0.000006 0.000001 0.000001 -0.003643 -0.669683
    50 3.696249 0.271114 0.723153 0.103581 -0.126168 -0.288627
    51 1.748047 -0.000011 0.000000 0.000000 -0.004401 -0.791139
    52 0.959961 0.000000 0.000000 0.000003 -0.007260 -0.432410
    53 -3.756462 5.577850 2.053357 1.570803 -0.000001 0.000000
    54 -2.735646 -0.081365 5.727119 0.000007 0.000015 1.570796
    55 0.000001 5.662003 -0.974302 1.570804 -0.000001 0.000000
    56 -0.000002 -2.275002 5.113525 0.000000 0.000000 -3.141592
    57 -2.477620 5.416855 4.597564 1.570804 -0.000001 0.000000
    58 -1.515218 1.317776 5.998497 0.000000 0.000000 0.000000
    59 -2.455992 5.657928 -0.087295 1.570804 -0.000001 0.000000
    60 -1.485628 -1.617812 5.263969 0.000000 0.000000 3.141592
    61 3.756460 5.577858 2.053359 1.570803 -0.000001 0.000000
    62 2.735645 -0.081364 5.727116 0.000004 -0.000011 -1.570795
    63 2.477613 5.416855 4.597570 1.570804 -0.000001 0.000000
    64 1.515220 1.317777 5.998508 0.000000 0.000000 0.000000
    65 2.455991 5.657928 -0.087293 1.570804 -0.000001 0.000000
    66 1.485620 -1.617803 5.263973 0.000000 0.000000 -3.141592
    67 4.575642 5.632584 0.000132 0.000000 -1.570771 0.249128
    68 -0.000001 0.314078 5.161098 0.000000 0.000000 0.000000
    69 -0.000001 -0.323108 3.750217 0.000000 0.000000 0.000000
    70 5.734947 1.075212 4.685178 1.570830 -0.000004 -1.321669
    71 -0.753896 0.305901 4.971462 -0.000001 0.000002 0.000000
    72 -1.101006 -0.314705 3.448307 0.000001 0.000001 0.000000
    73 5.809101 -1.029643 4.595047 1.570829 -0.000004 -1.321671
    74 -0.714908 -0.199657 5.028973 0.000000 0.000003 0.000000
    75 -0.282898 -0.851690 4.444889 0.000000 0.000000 0.000000
    76 9.578484 -1.290738 0.000240 0.000000 1.570770 -2.892481
    77 9.369518 -1.236408 1.787905 0.000000 1.570770 -2.892481
    78 9.436707 -1.331719 -1.409029 0.000000 1.570770 -2.892477
    79 5.735191 1.075235 -4.684885 -1.570814 0.000004 1.819923
    80 0.753901 0.305904 4.971474 -0.000001 -0.000002 0.000000
    81 1.101010 -0.314705 3.448315 0.000000 -0.000001 0.000000
    82 5.809341 -1.029617 -4.594752 -1.570814 0.000004 1.819922
    83 0.714908 -0.199655 5.028969 0.000000 -0.000003 0.000000
    84 0.282897 -0.851688 4.444893 0.000000 0.000000 0.000000
  time 1
    0 0.030572 1.417097 36.032551 1.523434 0.025635 -0.091708
    1 3.983847 0.002149 0.003401 -1.700740 -0.313273 -1.525216
    2 15.938816 -0.000100 -0.000005 -0.000009 -0.000002 1.280207
    3 17.707025 -0.000068 0.000003 -0.060858 -0.069208 -1.250798
    4 6.202515 0.003416 -0.000367 -0.005460 0.003871 -0.555266
    5 -3.983848 0.002149 0.003395 -1.643082 -0.282829 -1.423256
    6 15.938826 -0.000113 -0.000001 0.000002 0.000010 0.653179
    7 17.707031 0.000018 0.000000 -0.089764 0.037624 -1.389503
    8 6.202710 0.003078 0.003745 -0.078650 -0.006183 -0.498948
    9 -0.000001 4.209253 -1.688832 1.570507 -0.028878 1.578509
    10 3.836055 0.000000 0.000000 -0.000803 0.019596 -0.111673
    11 3.617625 -0.000275 -0.000015 -0.001102 0.017454 0.035098
    12 7.537925 0.003588 -0.000212 0.001543 0.007962 0.208145
    13 3.181604 -0.002346 0.000028 3.125194 -0.043320 0.224450
    14 2.966416 0.000318 0.000023 0.083337 0.003774 0.080664
    15 2.023770 0.904983 0.850949 1.837253 -1.218862 2.688321
    16 4.980521 0.000781 -0.001089 -1.627056 0.117239 -1.041484
    17 11.119977 0.000007 0.000004 -0.000003 -0.136098 -0.490419
    18 11.205393 -0.000039 0.000000 1.585694 -0.419871 -0.007261
    19 3.767578 0.152466 0.071350 0.014350 0.037540 -0.177489
    20 2.036722 -0.000008 0.000000 -0.000008 0.005001 -0.888530
    21 1.066406 -0.000004 -0.000001 0.000002 0.002790 0.001101
    22 3.783203 -0.017258 0.794434 0.333288 -0.031876 -0.219057
    23 1.627436 0.000008 0.000000 -0.000002 0.005098 -0.697049
    24 0.955566 -0.000002 -0.000001 -0.000004 0.003249 -0.272277
    25 1.258789 -0.297852 1.251953 -1.927900 -0.158435 -0.368924
    26 1.392578 0.000004 -0.000007 0.000000 0.002019 0.071902
    27 1.099609 -0.000004 -0.000003 -0.000002 -0.295768 0.023714
    28 3.547341 0.197447 -1.485758 -0.323544 0.115347 -0.238381
    29 1.218750 0.000002 0.000000 -0.000004 0.004664 -0.629642
    30 0.679688 -0.000001 -0.000002 -0.000001 0.002398 -0.578395
    31 3.697266 0.267334 -0.728516 -0.105269 0.104461 -0.301442
    32 1.748047 0.000000 -0.000004 -0.000001 0.002900 -0.623724
    33 0.956684 0.000008 0.000001 0.000003 0.004804 -0.321825
    34 2.023778 0.904982 -0.850921 -1.689198 1.252604 2.921677
    35 4.981625 0.002227 0.003236 1.723177 -0.215581 -1.145182
    36 11.119975 -0.000005 0.000000 0.000001 0.136123 -0.199259
    37 11.205375 0.000073 0.000008 -1.684168 0.433473 -0.143132
    38 3.767578 0.151855 -0.072693 -0.090833 -0.078893 -0.174026
    39 2.036716 -0.000004 0.000000 0.000012 -0.007577 -0.940629
    40 1.063287 -0.000004 0.000001 0.000001 -0.004232 -0.116574
    41 3.783203 -0.023941 -0.794434 -0.344154 -0.088892 -0.269864
    42 1.628906 0.000000 0.000002 0.000002 -0.007731 -0.659761
    43 0.955566 -0.000001 0.000002 0.000003 -0.004923 -0.331349
    44 1.258789 -0.308350 -1.250000 1.738856 0.204803 -0.550000
    45 1.392578 -0.000004 0.000002 0.000004 0.222430 0.216078
    46 1.099609 0.000003 -0.000006 0.000001 0.280394 0.302814
    47 3.546538 0.208125 1.487114 0.333783 -0.052221 -0.250166
    48 1.218750 0.000004 -0.000001 0.000005 -0.007078 -0.610627
    49 0.679688 0.000006 0.000001 0.000001 -0.003643 -0.669683
    50 3.696249 0.271114 0.723153 0.103581 -0.126168 -0.288627
    51 1.748047 -0.000011 0.000000 0.000000 -0.004401 -0.791139
    52 0.959961 0.000000 0.000000 0.000003 -0.007260 -0.432410
    53 -3.756462 5.577850 2.053357 1.570803 -0.000001 0.000000
    54 -2.735646 -0.081365 5.727119 0.000007 0.000015 1.570796
    55 0.000001 5.662003 -0.974302 1.570804 -0.000001 0.000000
    56 -0.000002 -2.275002 5.113525 0.000000 0.000000 -3.141592
    57 -2.477620 5.416855 4.597564 1.570804 -0.000001 0.000000
    58 -1.515218 1.317776 5.998497 0.000000 0.000000 0.000000
    59 -2.455992 5.657928 -0.087295 1.570804 -0.000001 0.000000
    60 -1.485628 -1.617812 5.263969 0.000000 0.000000 3.141592
    61 3.756460 5.577858 2.053359 1.570803 -0.000001 0.000000
    62 2.735645 -0.081364 5.727116 0.000004 -0.000011 -1.570795
    63 2.477613 5.416855 4.597570 1.570804 -0.000001 0.000000
    64 1.515220 1.317777 5.998508 0.000000 0.000000 0.000000
    65 2.455991 5.657928 -0.087293 1.570804 -0.000001 0.000000
    66 1.485620 -1.617803 5.263973 0.000000 0.000000 -3.141592
    67 4.575642 5.632584 0.000132 0.000000 -1.570771 0.249128
    68 -0.000001 0.314078 5.161098 0.000000 0.000000 0.000000
    69 -0.000001 -0.323108 3.750217 0.000000 0.000000 0.000000
    70 5.734947 1.075212 4.685178 1.570830 -0.000004 -1.321669
    71 -0.753896 0.305901 4.971462 -0.000001 0.000002 0.000000
    72 -1.101006 -0.314705 3.448307 0.000001 0.000001 0.000000
    73 5.809101 -1.029643 4.595047 1.570829 -0.000004 -1.321671
    74 -0.714908 -0.199657 5.028973 0.000000 0.000003 0.000000
    75 -0.282898 -0.851690 4.444889 0.000000 0.000000 0.000000
    76 9.578484 -1.290738 0.000240 0.000000 1.570770 -2.892481
    77 9.369518 -1.236408 1.787905 0.000000 1.570770 -2.892481
    78 9.436707 -1.331719 -1.409029 0.000000 1.570770 -2.892477
    79 5.735191 1.075235 -4.684885 -1.570814 0.000004 1.819923
    80 0.753901 0.305904 4.971474 -0.000001 -0.000002 0.000000
    81 1.101010 -0.314705 3.448315 0.000000 -0.000001 0.000000
    82 5.809341 -1.029617 -4.594752 -1.570814 0.000004 1.819922
    83 0.714908 -0.199655 5.028969 0.000000 -0.000003 0.000000
    84 0.282897 -0.851688 4.444893 0.000000 0.000000 0.000000
  time 2
    0 0.081332 3.408429 36.130211 1.518401 0.020314 -0.112540
    1 3.983847 0.002149 0.003401 -1.715941 -0.140434 -1.530759
    2 15.938816 -0.000100 -0.000005 -0.000009 -0.000002 1.214355
    3 17.707025 -0.000068 0.000003 -0.101468 -0.000869 -1.186493
    4 6.202515 0.003416 -0.000367 -0.004537 0.004470 -0.539914
    5 -3.983848 0.002149 0.003395 -1.665629 -0.327273 -1.417822
    6 15.938826 -0.000113 -0.000001 0.000002 0.000010 0.629688
    7 17.707031 0.000018 0.000000 -0.088631 0.037178 -1.313615
    8 6.202710 0.003078 0.003745 -0.078650 -0.006183 -0.498948
    9 -0.000001 4.209253 -1.688832 1.570603 -0.031967 1.576735
    10 3.836055 0.000000 0.000000 -0.000504 0.019416 -0.108593
    11 3.617625 -0.000275 -0.000015 -0.000743 0.017861 0.036295
    12 7.537925 0.003588 -0.000212 0.001519 0.007722 0.208145
    13 3.181604 -0.002346 0.000028 3.125673 -0.042133 0.224450
    14 2.966416 0.000318 0.000023 0.100882 0.015255 0.091284
    15 2.023770 0.904983 0.850949 1.820553 -1.220654 2.706268
    16 4.980521 0.000781 -0.001089 -1.610595 0.110863 -1.030672
    17 11.119977 0.000007 0.000004 -0.000003 -0.136098 -0.552858
    18 11.205393 -0.000039 0.000000 1.668621 -0.417742 -0.087617
    19 3.767578 0.152466 0.071350 0.014350 0.037540 -0.177489
    20 2.036722 -0.000008 0.000000 -0.000008 0.005001 -0.888530
    21 1.066406 -0.000004 -0.000001 0.000002 0.002790 0.001101
    22 3.783203 -0.017258 0.794434 0.333288 -0.031876 -0.219057
    23 1.627436 0.000008 0.000000 -0.000014 0.005098 -0.697049
    24 0.955566 -0.000002 -0.000001 -0.000004 0.003249 -0.272277
    25 1.258789 -0.297852 1.251953 -1.927900 -0.158435 -0.368924
    26 1.392578 0.000004 -0.000007 0.000000 0.002019 0.071902
    27 1.099609 -0.000004 -0.000003 -0.000002 -0.295768 0.023714
    28 3.547341 0.197447 -1.485758 -0.323544 0.115347 -0.238381
    29 1.218750 0.000002 0.000000 -0.000004 0.004664 -0.629642
    30 0.679688 -0.000001 -0.000002 -0.000001 0.002398 -0.578395
    31 3.697266 0.267334 -0.728516 -0.105269 0.104461 -0.301442
    32 1.748047 0.000000 -0.000004 -0.000001 0.002900 -0.623724
    33 0.956684 0.000008 0.000001 0.000015 0.004804 -0.321825
    34 2.023778 0.904982 -0.850921 -1.708351 1.251627 2.901626
    35 4.981625 0.002227 0.003236 1.750265 -0.233334 -1.153615
    36 11.119975 -0.000005 0.000000 0.000001 0.136123 -0.180657
    37 11.205375 0.000073 0.000008 -1.700584 0.453966 -0.154996
    38 3.767578 0.151855 -0.072693 -0.090833 -0.078893 -0.174026
    39 2.036716 -0.000004 0.000000 0.000012 -0.007577 -0.940629
    40 1.063287 -0.000004 0.000001 0.000001 -0.004232 -0.116574
    41 3.783203 -0.023941 -0.794434 -0.344154 -0.088892 -0.269864
    42 1.628906 0.000000 0.000002 0.000002 -0.007731 -0.659761
    43 0.955566 -0.000001 0.000002 0.000003 -0.004923 -0.331349
    44 1.258789 -0.308350 -1.250000 1.738856 0.204803 -0.550000
    45 1.392578 -0.000004 0.000002 0.000004 0.222430 0.216078
    46 1.099609 0.000003 -0.000006 0.000001 0.280394 0.302814
    47 3.546538 0.208125 1.487114 0.333783 -0.052221 -0.250106
    48 1.218750 0.000004 -0.000001 0.000005 -0.007078 -0.610627
    49 0.679688 0.000006 0.000001 0.000001 -0.003643 -0.669683
    50 3.696249 0.271114 0.723153 0.103581 -0.126168 -0.288627
    51 1.748047 -0.000011 0.000000 0.000000 -0.004401 -0.791139
    52 0.959961 0.000000 0.000000 0.000003 -0.007260 -0.432410
    53 -3.756462 5.577850 2.053357 1.570803 -0.000001 0.000000
    54 -2.735646 -0.081365 5.727119 0.000007 0.000015 1.570796
    55 0.000001 5.662003 -0.974302 1.570804 -0.000001 0.000000
    56 -0.000002 -2.275002 5.113525 0.000000 0.000000 -3.141592
    57 -2.477620 5.416855 4.597564 1.570804 -0.000001 0.000000
    58 -1.515218 1.317776 5.998497 0.000000 0.000000 0.000000
    59 -2.455992 5.657928 -0.087295 1.570804 -0.000001 0.000000
    60 -1.485628 -1.617812 5.263969 0.000000 0.000000 3.141592
    61 3.756460 5.577858 2.053359 1.570803 -0.000001 0.000000
    62 2.735645 -0.081364 5.727116 0.000004 -0.000011 -1.570795
    63 2.477613 5.416855 4.597570 1.570804 -0.000001 0.000000
    64 1.515220 1.317777 5.998508 0.000000 0.000000 0.000000
    65 2.455991 5.657928 -0.087293 1.570804 -0.000001 0.000000
    66 1.485620 -1.617803 5.263973 0.000000 0.000000 -3.141592
    67 4.575642 5.632584 0.000132 0.000000 -1.570771 0.249128
    68 -0.000001 0.314078 5.161098 0.000000 0.000000 0.000000
    69 -0.000001 -0.323108 3.750217 0.000000 0.000000 0.000000
    70 5.734947 1.075212 4.685178 1.570830 -0.000004 -1.321669
    71 -0.753896 0.305901 4.971462 -0.000001 0.000002 0.000000
    72 -1.101006 -0.314705 3.448307 0.000001 0.000001 0.000000
    73 5.809101 -1.029643 4.595047 1.570829 -0.000004 -1.321671
    74 -0.714908 -0.199657 5.028973 0.000000 0.000003 0.000000
    75 -0.282898 -0.851690 4.444889 0.000000 0.000000 0.000000
    76 9.578484 -1.290738 0.000240 0.000000 1.570770 -2.892481
    77 9.369518 -1.236408 1.787905 0.000000 1.570770 -2.892481
    78 9.436707 -1.331719 -1.409029 0.000000 1.570770 -2.892477
    79 5.735191 1.075235 -4.684885 -1.570814 0.000004 1.819923
    80 0.753901 0.305904 4.971474 -0.000001 -0.000002 0.000000
    81 1.101010 -0.314705 3.448315 0.000000 -0.000001 0.000000
    82 5.809341 -1.029617 -4.594752 -1.570814 0.000004 1.819922
    83 0.714908 -0.199655 5.028969 0.000000 -0.000003 0.000000
    84 0.282897 -0.851688 4.444893 0.000000 0.000000 0.000000
  time 3
    0 0.171156 5.458358 36.161462 1.510060 0.017605 -0.128003
    1 3.983847 0.002149 0.003401 -1.729811 0.008908 -1.551412
    2 15.938816 -0.000100 -0.000005 -0.000009 -0.000002 1.103112
    3 17.707025 -0.000068 0.000003 -0.084838 0.012412 -1.099856
    4 6.202515 0.003416 -0.000367 -0.004022 0.004794 -0.567221
    5 -3.983848 0.002149 0.003395 -1.682252 -0.360080 -1.411733
    6 15.938826 -0.000113 -0.000001 0.000002 0.000010 0.586925
    7 17.707031 0.000018 0.000000 -0.086953 0.036304 -1.227802
    8 6.202710 0.003078 0.003745 -0.078650 -0.006183 -0.498948
    9 -0.000001 4.209253 -1.688832 1.570747 -0.036914 1.575968
    10 3.836055 0.000000 0.000000 -0.000288 0.022328 -0.103655
    11 3.617625 -0.000275 -0.000015 -0.000479 0.017777 0.040504
    12 7.537925 0.003588 -0.000212 0.001471 0.007422 0.208145
    13 3.181604 -0.002346 0.000028 3.126440 -0.039772 0.224390
    14 2.966416 0.000318 0.000023 0.112759 0.026724 0.104037
    15 2.023770 0.904983 0.850949 1.808003 -1.222038 2.719501
    16 4.980521 0.000781 -0.001089 -1.606415 0.107422 -1.031924
    17 11.119977 0.000007 0.000004 -0.000003 -0.136098 -0.572298
    18 11.205393 -0.000039 0.000000 1.719712 -0.405835 -0.131085
    19 3.767578 0.152466 0.071350 0.014350 0.037540 -0.177489
    20 2.036722 -0.000008 0.000000 -0.000008 0.005001 -0.888530
    21 1.066406 -0.000004 -0.000001 0.000002 0.002790 0.001101
    22 3.783203 -0.017258 0.794434 0.333288 -0.031876 -0.219057
    23 1.627436 0.000008 0.000000 -0.000014 0.005098 -0.697049
    24 0.955566 -0.000002 -0.000001 -0.000004 0.003249 -0.272277
    25 1.258789 -0.297852 1.251953 -1.927900 -0.158435 -0.368924
    26 1.392578 0.000004 -0.000007 0.000000 0.002019 0.071902
    27 1.099609 -0.000004 -0.000003 -0.000002 -0.295768 0.023714
    28 3.547341 0.197447 -1.485758 -0.323544 0.115347 -0.238381
    29 1.218750 0.000002 0.000000 -0.000004 0.004664 -0.629642
    30 0.679688 -0.000001 -0.000002 -0.000001 0.002398 -0.578395
    31 3.697266 0.267334 -0.728516 -0.105269 0.104461 -0.301442
    32 1.748047 0.000000 -0.000004 -0.000001 0.002900 -0.623724
    33 0.956684 0.000008 0.000001 0.000015 0.004804 -0.321825
    34 2.023778 0.904982 -0.850921 -1.721973 1.250487 2.886994
    35 4.981625 0.002227 0.003236 1.764042 -0.235698 -1.154143
    36 11.119975 -0.000005 0.000000 0.000001 0.136123 -0.176369
    37 11.205375 0.000073 0.000008 -1.706883 0.449904 -0.138997
    38 3.767578 0.151855 -0.072693 -0.090833 -0.078893 -0.174026
    39 2.036716 -0.000004 0.000000 0.000012 -0.007577 -0.940629
    40 1.063287 -0.000004 0.000001 0.000001 -0.004232 -0.116574
    41 3.783203 -0.023941 -0.794434 -0.344154 -0.088892 -0.269864
    42 1.628906 0.000000 0.000002 0.000002 -0.007731 -0.659761
    43 0.955566 -0.000001 0.000002 0.000003 -0.004923 -0.331349
    44 1.258789 -0.308350 -1.250000 1.738856 0.204803 -0.550000
    45 1.392578 -0.000004 0.000002 0.000004 0.222430 0.216078
    46 1.099609 0.000003 -0.000006 0.000001 0.280394 0.302814
    47 3.546538 0.208125 1.487114 0.333783 -0.052221 -0.250106
    48 1.218750 0.000004 -0.000001 0.000005 -0.007078 -0.610627
    49 0.679688 0.000006 0.000001 0.000001 -0.003643 -0.669683
    50 3.696249 0.271114 0.723153 0.103581 -0.126168 -0.288614
    51 1.748047 -0.000011 0.000000 0.000000 -0.004401 -0.791139
    52 0.959961 0.000000 0.000000 0.000003 -0.007260 -0.432410
    53 -3.756462 5.577850 2.053357 1.570803 -0.000001 0.000000
    54 -2.735646 -0.081365 5.727119 0.000007 0.000015 1.570796
    55 0.000001 5.662003 -0.974302 1.570804 -0.000001 0.000000
    56 -0.000002 -2.275002 5.113525 0.000000 0.000000 -3.141592
    57 -2.477620 5.416855 4.597564 1.570804 -0.000001 0.000000
    58 -1.515218 1.317776 5.998497 0.000000 0.000000 0.000000
    59 -2.455992 5.657928 -0.087295 1.570804 -0.000001 0.000000
    60 -1.485628 -1.617812 5.263969 0.000000 0.000000 3.141592
    61 3.756460 5.577858 2.053359 1.570803 -0.000001 0.000000
    62 2.735645 -0.081364 5.727116 0.000004 -0.000011 -1.570795
    63 2.477613 5.416855 4.597570 1.570804 -0.000001 0.000000
    64 1.515220 1.317777 5.998508 0.000000 0.000000 0.000000
    65 2.455991 5.657928 -0.087293 1.570804 -0.000001 0.000000
    66 1.485620 -1.617803 5.263973 0.000000 0.000000 -3.141592
    67 4.575642 5.632584 0.000132 0.000000 -1.570771 0.249128
    68 -0.000001 0.314078 5.161098 0.000000 0.000000 0.000000
    69 -0.000001 -0.323108 3.750217 0.000000 0.000000 0.000000
    70 5.734947 1.075212 4.685178 1.570830 -0.000004 -1.321669
    71 -0.753896 0.305901 4.971462 -0.000001 0.000002 0.000000
    72 -1.101006 -0.314705 3.448307 0.000001 0.000001 0.000000
    73 5.809101 -1.029643 4.595047 1.570829 -0.000004 -1.321671
    74 -0.714908 -0.199657 5.028973 0.000000 0.000003 0.000000
    75 -0.282898 -0.851690 4.444889 0.000000 0.000000 0.000000
    76 9.578484 -1.290738 0.000240 0.000000 1.570770 -2.892481
    77 9.369518 -1.236408 1.787905 0.000000 1.570770 -2.892481
    78 9.436707 -1.331719 -1.409029 0.000000 1.570770 -2.892477
    79 5.735191 1.075235 -4.684885 -1.570814 0.000004 1.819923
    80 0.753901 0.305904 4.971474 -0.000001 -0.000002 0.000000
    81 1.101010 -0.314705 3.448315 0.000000 -0.000001 0.000000
    82 5.809341 -1.029617 -4.594752 -1.570814 0.000004 1.819922
    83 0.714908 -0.199655 5.028969 0.000000 -0.000003 0.000000
    84 0.282897 -0.851688 4.444893 0.000000 0.000000 0.000000
  time 4
    0 0.276605 7.641103 36.161462 1.500952 0.016826 -0.137013
    1 3.983847 0.002149 0.003401 -1.740831 0.129460 -1.581542
    2 15.938816 -0.000100 -0.000005 -0.000009 -0.000002 0.939596
    3 17.707025 -0.000068 0.000003 -0.052818 -0.008889 -0.990366
    4 6.202515 0.003416 -0.000367 -0.003974 0.004818 -0.633030
    5 -3.983848 0.002149 0.003395 -1.691901 -0.378330 -1.407799
    6 15.938826 -0.000113 -0.000001 0.000002 0.000010 0.512672
    7 17.707031 0.000018 0.000000 -0.084641 0.035108 -1.125158
    8 6.202710 0.003078 0.003745 -0.078650 -0.006183 -0.498948
    9 -0.000001 4.209253 -1.688832 1.570794 -0.042386 1.575920
    10 3.836055 0.000000 0.000000 -0.000192 0.026008 -0.098202
    11 3.617625 -0.000275 -0.000015 -0.000287 0.017286 0.047544
    12 7.537925 0.003588 -0.000212 0.001411 0.007003 0.208145
    13 3.181604 -0.002346 0.000028 3.127878 -0.036057 0.224354
    14 2.966416 0.000318 0.000023 0.118583 0.036540 0.116925
    15 2.023770 0.904983 0.850949 1.793353 -1.223748 2.735181
    16 4.980521 0.000781 -0.001089 -1.603990 0.104825 -1.036249
    17 11.119977 0.000007 0.000004 -0.000003 -0.136098 -0.582476
    18 11.205393 -0.000039 0.000000 1.753564 -0.388065 -0.158147
    19 3.767578 0.152466 0.071350 0.014350 0.037540 -0.177489
    20 2.036722 -0.000008 0.000000 -0.000008 0.005001 -0.888499
    21 1.066406 -0.000004 -0.000001 0.000002 0.002790 0.001101
    22 3.783203 -0.017258 0.794434 0.333288 -0.031876 -0.219057
    23 1.627436 0.000008 0.000000 -0.000002 0.005098 -0.697049
    24 0.955566 -0.000002 -0.000001 -0.000004 0.003249 -0.272277
    25 1.258789 -0.297852 1.251953 -1.927900 -0.158435 -0.368924
    26 1.392578 0.000004 -0.000007 0.000000 0.002019 0.071902
    27 1.099609 -0.000004 -0.000003 -0.000002 -0.295768 0.023714
    28 3.547341 0.197447 -1.485758 -0.323544 0.115347 -0.238381
    29 1.218750 0.000002 0.000000 -0.000004 0.004664 -0.629642
    30 0.679688 -0.000001 -0.000002 -0.000001 0.002398 -0.578395
    31 3.697266 0.267334 -0.728516 -0.105269 0.104461 -0.301442
    32 1.748047 0.000000 -0.000004 -0.000001 0.002900 -0.623724
    33 0.956684 0.000008 0.000001 0.000003 0.004804 -0.321825
    34 2.023778 0.904982 -0.850921 -1.738099 1.249062 2.870194
    35 4.981625 0.002227 0.003236 1.774671 -0.231933 -1.152880
    36 11.119975 -0.000005 0.000000 0.000001 0.136123 -0.174666
    37 11.205375 0.000073 0.000008 -1.711751 0.435486 -0.103043
    38 3.767578 0.151855 -0.072693 -0.090833 -0.078893 -0.174026
    39 2.036716 -0.000004 0.000000 0.000012 -0.007577 -0.940629
    40 1.063287 -0.000004 0.000001 0.000001 -0.004232 -0.116574
    41 3.783203 -0.023941 -0.794434 -0.344154 -0.088892 -0.269864
    42 1.628906 0.000000 0.000002 0.000002 -0.007731 -0.659761
    43 0.955566 -0.000001 0.000002 0.000003 -0.004923 -0.331349
    44 1.258789 -0.308350 -1.250000 1.738856 0.204803 -0.550000
    45 1.392578 -0.000004 0.000002 0.000004 0.222430 0.216078
    46 1.099609 0.000003 -0.000006 0.000001 0.280394 0.302814
    47 3.546538 0.208125 1.487114 0.333783 -0.052221 -0.250106
    48 1.218750 0.000004 -0.000001 0.000005 -0.007078 -0.610627
    49 0.679688 0.000006 0.000001 0.000001 -0.003643 -0.669683
    50 3.696249 0.271114 0.723153 0.103581 -0.126168 -0.288614
    51 1.748047 -0.000011 0.000000 0.000000 -0.004401 -0.791139
    52 0.959961 0.000000 0.000000 0.000003 -0.007260 -0.432410
    53 -3.756462 5.577850 2.053357 1.570803 -0.000001 0.000000
    54 -2.735646 -0.081365 5.727119 0.000007 0.000015 1.570796
    55 0.000001 5.662003 -0.974302 1.570804 -0.000001 0.000000
    56 -0.000002 -2.275002 5.113525 0.000000 0.000000 -3.141592
    57 -2.477620 5.416855 4.597564 1.570804 -0.000001 0.000000
    58 -1.515218 1.317776 5.998497 0.000000 0.000000 0.000000
    59 -2.455992 5.657928 -0.087295 1.570804 -0.000001 0.000000
    60 -1.485628 -1.617812 5.263969 0.000000 0.000000 3.141592
    61 3.756460 5.577858 2.053359 1.570803 -0.000001 0.000000
    62 2.735645 -0.081364 5.727116 0.000004 -0.000011 -1.570795
    63 2.477613 5.416855 4.597570 1.570804 -0.000001 0.000000
    64 1.515220 1.317777 5.998508 0.000000 0.000000 0.000000
    65 2.455991 5.657928 -0.087293 1.570804 -0.000001 0.000000
    66 1.485620 -1.617803 5.263973 0.000000 0.000000 -3.141592
    67 4.575642 5.632584 0.000132 0.000000 -1.570771 0.249128
    68 -0.000001 0.314078 5.161098 0.000000 0.000000 0.000000
    69 -0.000001 -0.323108 3.750217 0.000000 0.000000 0.000000
    70 5.734947 1.075212 4.685178 1.570830 -0.000004 -1.321669
    71 -0.753896 0.305901 4.971462 -0.000001 0.000002 0.000000
    72 -1.101006 -0.314705 3.448307 0.000001 0.000001 0.000000
    73 5.809101 -1.029643 4.595047 1.570829 -0.000004 -1.321671
    74 -0.714908 -0.199657 5.028973 0.000000 0.000003 0.000000
    75 -0.282898 -0.851690 4.444889 0.000000 0.000000 0.000000
    76 9.578484 -1.290738 0.000240 0.000000 1.570770 -2.892481
    77 9.369518 -1.236408 1.787905 0.000000 1.570770 -2.892481
    78 9.436707 -1.331719 -1.409029 0.000000 1.570770 -2.892477
    79 5.735191 1.075235 -4.684885 -1.570814 0.000004 1.819923
    80 0.753901 0.305904 4.971474 -0.000001 -0.000002 0.000000
    81 1.101010 -0.314705 3.448315 0.000000 -0.000001 0.000000
    82 5.809341 -1.029617 -4.594752 -1.570814 0.000004 1.819922
    83 0.714908 -0.199655 5.028969 0.000000 -0.000003 0.000000
    84 0.282897 -0.851688 4.444893 0.000000 0.000000 0.000000
  time 5
    0 0.417211 9.980102 36.153649 1.494097 0.016383 -0.138355
    1 3.983847 0.002149 0.003401 -1.745866 0.214277 -1.610420
    2 15.938816 -0.000100 -0.000005 -0.000009 -0.000002 0.773658
    3 17.707025 -0.000068 0.000003 -0.016834 -0.033140 -0.939552
    4 6.202515 0.003416 -0.000367 -0.004525 0.004375 -0.734186
    5 -3.983848 0.002149 0.003395 -1.692761 -0.374895 -1.410703
    6 15.938826 -0.000113 -0.000001 0.000002 0.000010 0.397797
    7 17.707031 0.000018 0.000000 -0.083100 0.029397 -1.055107
    8 6.202710 0.003078 0.003745 -0.078662 -0.006195 -0.498948
    9 -0.000001 4.209253 -1.688832 1.570842 -0.046586 1.576016
    10 3.836055 0.000000 0.000000 -0.000156 0.028908 -0.094032
    11 3.617625 -0.000275 -0.000015 -0.000263 0.016255 0.053303
    12 7.537925 0.003588 -0.000212 0.001316 0.006380 0.208145
    13 3.181604 -0.002346 0.000028 3.129987 -0.030820 0.224306
    14 2.966416 0.000318 0.000023 0.117612 0.044018 0.125049
    15 2.023770 0.904983 0.850949 1.777153 -1.225702 2.752493
    16 4.980521 0.000781 -0.001089 -1.602390 0.105702 -1.043163
    17 11.119977 0.000007 0.000004 -0.000003 -0.136098 -0.583219
    18 11.205393 -0.000039 0.000000 1.768210 -0.365977 -0.172516
    19 3.767578 0.152466 0.071350 0.014350 0.037540 -0.177489
    20 2.036722 -0.000008 0.000000 -0.000008 0.005001 -0.888530
    21 1.066406 -0.000004 -0.000001 0.000002 0.002790 0.001101
    22 3.783203 -0.017258 0.794434 0.333288 -0.031876 -0.219057
    23 1.627436 0.000008 0.000000 -0.000002 0.005098 -0.697049
    24 0.955566 -0.000002 -0.000001 -0.000004 0.003249 -0.272277
    25 1.258789 -0.297852 1.251953 -1.927900 -0.158435 -0.368924
    26 1.392578 0.000004 -0.000007 0.000000 0.002019 0.071902
    27 1.099609 -0.000004 -0.000003 -0.000002 -0.295768 0.023714
    28 3.547341 0.197447 -1.485758 -0.323544 0.115347 -0.238381
    29 1.218750 0.000002 0.000000 -0.000004 0.004664 -0.629642
    30 0.679688 -0.000001 -0.000002 -0.000001 0.002398 -0.578395
    31 3.697266 0.267334 -0.728516 -0.105269 0.104461 -0.301442
    32 1.748047 0.000000 -0.000004 -0.000001 0.002900 -0.623724
    33 0.956684 0.000008 0.000001 0.000015 0.004804 -0.321825
    34 2.023778 0.904982 -0.850921 -1.755530 1.247107 2.851498
    35 4.981625 0.002227 0.003236 1.780914 -0.226326 -1.151058
    36 11.119975 -0.000005 0.000000 0.000001 0.136123 -0.175360
    37 11.205375 0.000073 0.000008 -1.718766 0.410750 -0.047411
    38 3.767578 0.151855 -0.072693 -0.090833 -0.078893 -0.174026
    39 2.036716 -0.000004 0.000000 0.000012 -0.007577 -0.940629
    40 1.063287 -0.000004 0.000001 0.000001 -0.004232 -0.116574
    41 3.783203 -0.023941 -0.794434 -0.344154 -0.088892 -0.269864
    42 1.628906 0.000000 0.000002 0.000002 -0.007731 -0.659761
    43 0.955566 -0.000001 0.000002 0.000003 -0.004923 -0.331349
    44 1.258789 -0.308350 -1.250000 1.738856 0.204803 -0.550000
    45 1.392578 -0.000004 0.000002 0.000004 0.222430 0.216078
    46 1.099609 0.000003 -0.000006 0.000001 0.280394 0.302814
    47 3.546538 0.208125 1.487114 0.333783 -0.052221 -0.250106
    48 1.218750 0.000004 -0.000001 0.000005 -0.007078 -0.610627
    49 0.679688 0.000006 0.000001 0.000001 -0.003643 -0.669683
    50 3.696249 0.271114 0.723153 0.103581 -0.126168 -0.288627
    51 1.748047 -0.000011 0.000000 0.000000 -0.004401 -0.791139
    52 0.959961 0.000000 0.000000 0.000003 -0.007260 -0.432410
    53 -3.756462 5.577850 2.053357 1.570803 -0.000001 0.000000
    54 -2.735646 -0.081365 5.727119 0.000007 0.000015 1.570796
    55 0.000001 5.662003 -0.974302 1.570804 -0.000001 0.000000
    56 -0.000002 -2.275002 5.113525 0.000000 0.000000 -3.141592
    57 -2.477620 5.416855 4.597564 1.570804 -0.000001 0.000000
    58 -1.515218 1.317776 5.998497 0.000000 0.000000 0.000000
    59 -2.455992 5.657928 -0.087295 1.570804 -0.000001 0.000000
    60 -1.485628 -1.617812 5.263969 0.000000 0.000000 3.141592
    61 3.756460 5.577858 2.053359 1.570803 -0.000001 0.000000
    62 2.735645 -0.081364 5.727116 0.000004 -0.000011 -1.570795
    63 2.477613 5.416855 4.597570 1.570804 -0.000001 0.000000
    64 1.515220 1.317777 5.998508 0.000000 0.000000 0.000000
    65 2.455991 5.657928 -0.087293 1.570804 -0.000001 0.000000
    66 1.485620 -1.617803 5.263973 0.000000 0.000000 -3.141592
    67 4.575642 5.632584 0.000132 0.000000 -1.570771 0.249128
    68 -0.000001 0.314078 5.161098 0.000000 0.000000 0.000000
    69 -0.000001 -0.323108 3.750217 0.000000 0.000000 0.000000
    70 5.734947 1.075212 4.685178 1.570830 -0.000004 -1.321669
    71 -0.753896 0.305901 4.971462 -0.000001 0.000002 0.000000
    72 -1.101006 -0.314705 3.448307 0.000001 0.000001 0.000000
    73 5.809101 -1.029643 4.595047 1.570829 -0.000004 -1.321671
    74 -0.714908 -0.199657 5.028973 0.000000 0.000003 0.000000
    75 -0.282898 -0.851690 4.444889 0.000000 0.000000 0.000000
    76 9.578484 -1.290738 0.000240 0.000000 1.570770 -2.892481
    77 9.369518 -1.236408 1.787905 0.000000 1.570770 -2.892481
    78 9.436707 -1.331719 -1.409029 0.000000 1.570770 -2.892477
    79 5.735191 1.075235 -4.684885 -1.570814 0.000004 1.819923
    80 0.753901 0.305904 4.971474 -0.000001 -0.000002 0.000000
    81 1.101010 -0.314705 3.448315 0.000000 -0.000001 0.000000
    82 5.809341 -1.029617 -4.594752 -1.570814 0.000004 1.819922
    83 0.714908 -0.199655 5.028969 0.000000 -0.000003 0.000000
    84 0.282897 -0.851688 4.444893 0.000000 0.000000 0.000000
  time 6
    0 0.577350 12.416761 36.095053 1.490981 0.014909 -0.131710
    1 3.983847 0.002149 0.003401 -1.742066 0.256997 -1.630894
    2 15.938816 -0.000100 -0.000005 -0.000009 -0.000002 0.659483
    3 17.707025 -0.000068 0.000003 0.021354 -0.043833 -1.045860
    4 6.202515 0.003416 -0.000367 -0.005628 0.003104 -0.868401
    5 -3.983848 0.002149 0.003395 -1.684641 -0.347842 -1.422319
    6 15.938826 -0.000113 -0.000001 0.000002 0.000010 0.264533
    7 17.707031 0.000018 0.000000 -0.081558 0.015817 -1.086370
    8 6.202710 0.003078 0.003745 -0.078830 -0.006279 -0.498948
    9 -0.000001 4.209253 -1.688832 1.570842 -0.048605 1.575632
    10 3.836055 0.000000 0.000000 -0.000264 0.029579 -0.091970
    11 3.617625 -0.000275 -0.000015 -0.000335 0.014685 0.055752
    12 7.537925 0.003588 -0.000212 0.001208 0.005577 0.208145
    13 3.181604 -0.002346 0.000028 3.132576 -0.023821 0.224222
    14 2.966416 0.000318 0.000023 0.109619 0.049950 0.127318
    15 2.023770 0.904983 0.850949 1.759603 -1.227738 2.771074
    16 4.980521 0.000781 -0.001089 -1.601410 0.110998 -1.051983
    17 11.119977 0.000007 0.000004 -0.000003 -0.136098 -0.574986
    18 11.205393 -0.000039 0.000000 1.767393 -0.341602 -0.175896
    19 3.767578 0.152466 0.071350 0.014350 0.037540 -0.177489
    20 2.036722 -0.000008 0.000000 -0.000008 0.005001 -0.888530
    21 1.066406 -0.000004 -0.000001 0.000002 0.002790 0.001101
    22 3.783203 -0.017258 0.794434 0.333288 -0.031876 -0.219057
    23 1.627436 0.000008 0.000000 -0.000014 0.005098 -0.697049
    24 0.955566 -0.000002 -0.000001 -0.000004 0.003249 -0.272277
    25 1.258789 -0.297852 1.251953 -1.927900 -0.158435 -0.368924
    26 1.392578 0.000004 -0.000007 0.000000 0.002019 0.071902
    27 1.099609 -0.000004 -0.000003 -0.000002 -0.295768 0.023714
    28 3.547341 0.197447 -1.485758 -0.323544 0.115347 -0.238381
    29 1.218750 0.000002 0.000000 -0.000004 0.004664 -0.629642
    30 0.679688 -0.000001 -0.000002 -0.000001 0.002398 -0.578395
    31 3.697266 0.267334 -0.728516 -0.105269 0.104461 -0.301442
    32 1.748047 0.000000 -0.000004 -0.000001 0.002900 -0.623724
    33 0.956684 0.000008 0.000001 0.000003 0.004804 -0.321825
    34 2.023778 0.904982 -0.850921 -1.773952 1.244624 2.832169
    35 4.981625 0.002227 0.003236 1.782410 -0.219538 -1.148679
    36 11.119975 -0.000005 0.000000 0.000001 0.136123 -0.178324
    37 11.205375 0.000073 0.000008 -1.736470 0.378703 0.015892
    38 3.767578 0.151855 -0.072693 -0.090833 -0.078893 -0.174026
    39 2.036716 -0.000004 0.000000 0.000012 -0.007577 -0.940629
    40 1.063287 -0.000004 0.000001 0.000001 -0.004232 -0.116574
    41 3.783203 -0.023941 -0.794434 -0.344154 -0.088892 -0.269864
    42 1.628906 0.000000 0.000002 0.000002 -0.007731 -0.659761
    43 0.955566 -0.000001 0.000002 0.000003 -0.004923 -0.331349
    44 1.258789 -0.308350 -1.250000 1.738856 0.204803 -0.550000
    45 1.392578 -0.000004 0.000002 0.000004 0.222430 0.216078
    46 1.099609 0.000003 -0.000006 0.000001 0.280394 0.302814
    47 3.546538 0.208125 1.487114 0.333783 -0.052221 -0.250106
    48 1.218750 0.000004 -0.000001 0.000005 -0.007078 -0.610627
    49 0.679688 0.000006 0.000001 0.000001 -0.003643 -0.669683
    50 3.696249 0.271114 0.723153 0.103581 -0.126168 -0.288627
    51 1.748047 -0.000011 0.000000 0.000000 -0.004401 -0.791139
    52 0.959961 0.000000 0.000000 0.000003 -0.007260 -0.432410
    53 -3.756462 5.577850 2.053357 1.570803 -0.000001 0.000000
    54 -2.735646 -0.081365 5.727119 0.000007 0.000015 1.570796
    55 0.000001 5.662003 -0.974302 1.570804 -0.000001 0.000000
    56 -0.000002 -2.275002 5.113525 0.000000 0.000000 -3.141592
    57 -2.477620 5.416855 4.597564 1.570804 -0.000001 0.000000
    58 -1.515218 1.317776 5.998497 0.000000 0.000000 0.000000
    59 -2.455992 5.657928 -0.087295 1.570804 -0.000001 0.000000
    60 -1.485628 -1.617812 5.263969 0.000000 0.000000 3.141592
    61 3.756460 5.577858 2.053359 1.570803 -0.000001 0.000000
    62 2.735645 -0.081364 5.727116 0.000004 -0.000011 -1.570795
    63 2.477613 5.416855 4.597570 1.570804 -0.000001 0.000000
    64 1.515220 1.317777 5.998508 0.000000 0.000000 0.000000
    65 2.455991 5.657928 -0.087293 1.570804 -0.000001 0.000000
    66 1.485620 -1.617803 5.263973 0.000000 0.000000 -3.141592
    67 4.575642 5.632584 0.000132 0.000000 -1.570771 0.249128
    68 -0.000001 0.314078 5.161098 0.000000 0.000000 0.000000
    69 -0.000001 -0.323108 3.750217 0.000000 0.000000 0.000000
    70 5.734947 1.075212 4.685178 1.570830 -0.000004 -1.321669
    71 -0.753896 0.305901 4.971462 -0.000001 0.000002 0.000000
    72 -1.101006 -0.314705 3.448307 0.000001 0.000001 0.000000
    73 5.809101 -1.029643 4.595047 1.570829 -0.000004 -1.321671
    74 -0.714908 -0.199657 5.028973 0.000000 0.000003 0.000000
    75 -0.282898 -0.851690 4.444889 0.000000 0.000000 0.000000
    76 9.578484 -1.290738 0.000240 0.000000 1.570770 -2.892481
    77 9.369518 -1.236408 1.787905 0.000000 1.570770 -2.892481
    78 9.436707 -1.331719 -1.409029 0.000000 1.570770 -2.892477
    79 5.735191 1.075235 -4.684885 -1.570814 0.000004 1.819923
    80 0.753901 0.305904 4.971474 -0.000001 -0.000002 0.000000
    81 1.101010 -0.314705 3.448315 0.000000 -0.000001 0.000000
    82 5.809341 -1.029617 -4.594752 -1.570814 0.000004 1.819922
    83 0.714908 -0.199655 5.028969 0.000000 -0.000003 0.000000
    84 0.282897 -0.851688 4.444893 0.000000 0.000000 0.000000
  time 7
    0 0.753113 14.896390 35.997394 1.491652 0.009372 -0.118291
    1 3.983847 0.002149 0.003401 -1.730571 0.286946 -1.647523
    2 15.938816 -0.000100 -0.000005 -0.000009 -0.000002 0.520319
    3 17.707025 -0.000068 0.000003 0.051171 -0.037574 -1.190103
    4 6.202515 0.003416 -0.000367 -0.006826 0.000995 -1.024103
    5 -3.983848 0.002149 0.003395 -1.671552 -0.348486 -1.438712
    6 15.938826 -0.000113 -0.000001 0.000002 0.000010 0.231279
    7 17.707031 0.000018 0.000000 -0.077932 0.002040 -1.171080
    8 6.202710 0.003078 0.003745 -0.079034 -0.006399 -0.498948
    9 -0.000001 4.209253 -1.688832 1.570794 -0.048666 1.573619
    10 3.836055 0.000000 0.000000 -0.000432 0.024965 -0.091898
    11 3.617625 -0.000275 -0.000015 -0.000575 0.012480 0.055809
    12 7.537925 0.003588 -0.000212 0.001076 0.004546 0.208145
    13 3.181604 -0.002346 0.000028 3.136123 -0.014892 0.224138
    14 2.966416 0.000318 0.000023 0.096220 0.054049 0.125321
    15 2.023770 0.904983 0.850949 1.741303 -1.229937 2.790561
    16 4.980521 0.000781 -0.001089 -1.601461 0.120141 -1.061999
    17 11.119977 0.000007 0.000004 -0.000003 -0.136098 -0.557318
    18 11.205393 -0.000039 0.000000 1.753564 -0.317945 -0.162066
    19 3.767578 0.152466 0.071350 0.014350 0.037540 -0.177489
    20 2.036722 -0.000008 0.000000 -0.000008 0.005001 -0.888530
    21 1.066406 -0.000004 -0.000001 0.000002 0.002790 0.001101
    22 3.783203 -0.017258 0.794434 0.333288 -0.031876 -0.219057
    23 1.627436 0.000008 0.000000 -0.000014 0.005098 -0.697049
    24 0.955566 -0.000002 -0.000001 -0.000004 0.003249 -0.272277
    25 1.258789 -0.297852 1.251953 -1.927900 -0.158435 -0.368924
    26 1.392578 0.000004 -0.000007 0.000000 0.002019 0.071902
    27 1.099609 -0.000004 -0.000003 -0.000002 -0.295768 0.023714
    28 3.547341 0.197447 -1.485758 -0.323544 0.115347 -0.238381
    29 1.218750 0.000002 0.000000 -0.000004 0.004664 -0.629642
    30 0.679688 -0.000001 -0.000002 -0.000001 0.002398 -0.578395
    31 3.697266 0.267334 -0.728516 -0.105269 0.104461 -0.301442
    32 1.748047 0.000000 -0.000004 -0.000001 0.002900 -0.623724
    33 0.956684 0.000008 0.000001 0.000015 0.004804 -0.321825
    34 2.023778 0.904982 -0.850921 -1.792532 1.241773 2.812570
    35 4.981625 0.002227 0.003236 1.778489 -0.210442 -1.145535
    36 11.119975 -0.000005 0.000000 0.000001 0.136123 -0.186017
    37 11.205375 0.000073 0.000008 -1.774838 0.346908 0.057658
    38 3.767578 0.151855 -0.072693 -0.090833 -0.078893 -0.174026
    39 2.036716 -0.000004 0.000000 0.000012 -0.007577 -0.940629
    40 1.063287 -0.000004 0.000001 0.000001 -0.004232 -0.116574
    41 3.783203 -0.023941 -0.794434 -0.344154 -0.088892 -0.269864
    42 1.628906 0.000000 0.000002 0.000002 -0.007731 -0.659761
    43 0.955566 -0.000001 0.000002 0.000003 -0.004923 -0.331349
    44 1.258789 -0.308350 -1.250000 1.738856 0.204803 -0.550000
    45 1.392578 -0.000004 0.000002 0.000004 0.222430 0.216078
    46 1.099609 0.000003 -0.000006 0.000001 0.280394 0.302814
    47 3.546538 0.208125 1.487114 0.333783 -0.052221 -0.250106
    48 1.218750 0.000004 -0.000001 0.000005 -0.007078 -0.610627
    49 0.679688 0.000006 0.000001 0.000001 -0.003643 -0.669683
    50 3.696249 0.271114 0.723153 0.103581 -0.126168 -0.288614
    51 1.748047 -0.000011 0.000000 0.000000 -0.004401 -0.791139
    52 0.959961 0.000000 0.000000 0.000003 -0.007260 -0.432410
    53 -3.756462 5.577850 2.053357 1.570803 -0.000001 0.000000
    54 -2.735646 -0.081365 5.727119 0.000007 0.000015 1.570796
    55 0.000001 5.662003 -0.974302 1.570804 -0.000001 0.000000
    56 -0.000002 -2.275002 5.113525 0.000000 0.000000 -3.141592
    57 -2.477620 5.416855 4.597564 1.570804 -0.000001 0.000000
    58 -1.515218 1.317776 5.998497 0.000000 0.000000 0.000000
    59 -2.455992 5.657928 -0.087295 1.570804 -0.000001 0.000000
    60 -1.485628 -1.617812 5.263969 0.000000 0.000000 3.141592
    61 3.756460 5.577858 2.053359 1.570803 -0.000001 0.000000
    62 2.735645 -0.081364 5.727116 0.000004 -0.000011 -1.570795
    63 2.477613 5.416855 4.597570 1.570804 -0.000001 0.000000
    64 1.515220 1.317777 5.998508 0.000000 0.000000 0.000000
    65 2.455991 5.657928 -0.087293 1.570804 -0.000001 0.000000
    66 1.485620 -1.617803 5.263973 0.000000 0.000000 -3.141592
    67 4.575642 5.632584 0.000132 0.000000 -1.570771 0.249128
    68 -0.000001 0.314078 5.161098 0.000000 0.000000 0.000000
    69 -0.000001 -0.323108 3.750217 0.000000 0.000000 0.000000
    70 5.734947 1.075212 4.685178 1.570830 -0.000004 -1.321669
    71 -0.753896 0.305901 4.971462 -0.000001 0.000002 0.000000
    72 -1.101006 -0.314705 3.448307 0.000001 0.000001 0.000000
    73 5.809101 -1.029643 4.595047 1.570829 -0.000004 -1.321671
    74 -0.714908 -0.199657 5.028973 0.000000 0.000003 0.000000
    75 -0.282898 -0.851690 4.444889 0.000000 0.000000 0.000000
    76 9.578484 -1.290738 0.000240 0.000000 1.570770 -2.892481
    77 9.369518 -1.236408 1.787905 0.000000 1.570770 -2.892481
    78 9.436707 -1.331719 -1.409029 0.000000 1.570770 -2.892477
    79 5.735191 1.075235 -4.684885 -1.570814 0.000004 1.819923
    80 0.753901 0.305904 4.971474 -0.000001 -0.000002 0.000000
    81 1.101010 -0.314705 3.448315 0.000000 -0.000001 0.000000
    82 5.809341 -1.029617 -4.594752 -1.570814 0.000004 1.819922
    83 0.714908 -0.199655 5.028969 0.000000 -0.000003 0.000000
    84 0.282897 -0.851688 4.444893 0.000000 0.000000 0.000000
  time 8
    0 0.940596 17.360394 35.805982 1.496638 -0.010714 -0.099249
    1 3.983847 0.002149 0.003401 -1.713471 0.309463 -1.673987
    2 15.938816 -0.000100 -0.000005 -0.000009 -0.000002 0.380007
    3 17.707025 -0.000068 0.000003 0.065928 -0.026350 -1.348265
    4 6.202515 0.003416 -0.000367 -0.008001 0.000492 -0.848267
    5 -3.983848 0.002149 0.003395 -1.655502 -0.397697 -1.467846
    6 15.938826 -0.000113 -0.000001 0.000002 0.000010 0.261258
    7 17.707031 0.000018 0.000000 -0.075370 -0.025103 -1.223035
    8 6.202710 0.003078 0.003745 -0.079178 -0.006483 -0.498948
    9 -0.000001 4.209253 -1.688832 1.570219 -0.047010 1.566476
    10 3.836055 0.000000 0.000000 -0.000659 0.006089 -0.093612
    11 3.617625 -0.000275 -0.000015 -0.000862 0.009520 0.054133
    12 7.537925 0.003588 -0.000212 0.000680 0.001897 0.208133
    13 3.181604 -0.002346 0.000028 3.140150 -0.003962 0.224138
    14 2.966416 0.000318 0.000023 0.080604 0.054708 0.119376
    15 2.023770 0.904983 0.850949 1.704453 -1.234578 2.829717
    16 4.980521 0.000781 -0.001089 -1.608273 0.146420 -1.078131
    17 11.119977 0.000007 0.000004 -0.000003 -0.136098 -0.485559
    18 11.205393 -0.000039 0.000000 1.705066 -0.297572 -0.069964
    19 3.767578 0.152466 0.071350 0.014350 0.037540 -0.177489
    20 2.036722 -0.000008 0.000000 -0.000008 0.005001 -0.888530
    21 1.066406 -0.000004 -0.000001 0.000002 0.002790 0.001101
    22 3.783203 -0.017258 0.794434 0.333288 -0.031876 -0.219057
    23 1.627436 0.000008 0.000000 -0.000002 0.005098 -0.697049
    24 0.955566 -0.000002 -0.000001 -0.000004 0.003249 -0.272277
    25 1.258789 -0.297852 1.251953 -1.927900 -0.158435 -0.368924
    26 1.392578 0.000004 -0.000007 0.000000 0.002019 0.071902
    27 1.099609 -0.000004 -0.000003 -0.000002 -0.295768 0.023714
    28 3.547341 0.197447 -1.485758 -0.323544 0.115347 -0.238381
    29 1.218750 0.000002 0.000000 -0.000004 0.004664 -0.629642
    30 0.679688 -0.000001 -0.000002 -0.000001 0.002398 -0.578395
    31 3.697266 0.267334 -0.728516 -0.105269 0.104461 -0.301442
    32 1.748047 0.000000 -0.000004 -0.000001 0.002900 -0.623724
    33 0.956684 0.000008 0.000001 0.000003 0.004804 -0.321825
    34 2.023778 0.904982 -0.850921 -1.827602 1.234974 2.775268
    35 4.981625 0.002227 0.003236 1.750111 -0.180982 -1.140775
    36 11.119975 -0.000005 0.000000 0.000001 0.136123 -0.214330
    37 11.205375 0.000073 0.000008 -1.811058 0.308545 0.072327
    38 3.767578 0.151855 -0.072693 -0.090833 -0.078893 -0.174026
    39 2.036716 -0.000004 0.000000 0.000012 -0.007577 -0.940629
    40 1.063287 -0.000004 0.000001 0.000001 -0.004232 -0.116574
    41 3.783203 -0.023941 -0.794434 -0.344154 -0.088892 -0.269864
    42 1.628906 0.000000 0.000002 0.000002 -0.007731 -0.659761
    43 0.955566 -0.000001 0.000002 0.000003 -0.004923 -0.331349
    44 1.258789 -0.308350 -1.250000 1.738856 0.204803 -0.550000
    45 1.392578 -0.000004 0.000002 0.000004 0.222430 0.216078
    46 1.099609 0.000003 -0.000006 0.000001 0.280394 0.302814
    47 3.546538 0.208125 1.487114 0.333783 -0.052221 -0.250106
    48 1.218750 0.000004 -0.000001 0.000005 -0.007078 -0.610627
    49 0.679688 0.000006 0.000001 0.000001 -0.003643 -0.669683
    50 3.696249 0.271114 0.723153 0.103581 -0.126168 -0.288627
    51 1.748047 -0.000011 0.000000 0.000000 -0.004401 -0.791139
    52 0.959961 0.000000 0.000000 0.000003 -0.007260 -0.432410
    53 -3.756462 5.577850 2.053357 1.570803 -0.000001 0.000000
    54 -2.735646 -0.081365 5.727119 0.000007 0.000015 1.570796
    55 0.000001 5.662003 -0.974302 1.570804 -0.000001 0.000000
    56 -0.000002 -2.275002 5.113525 0.000000 0.000000 -3.141592
    57 -2.477620 5.416855 4.597564 1.570804 -0.000001 0.000000
    58 -1.515218 1.317776 5.998497 0.000000 0.000000 0.000000
    59 -2.455992 5.657928 -0.087295 1.570804 -0.000001 0.000000
    60 -1.485628 -1.617812 5.263969 0.000000 0.000000 3.141592
    61 3.756460 5.577858 2.053359 1.570803 -0.000001 0.000000
    62 2.735645 -0.081364 5.727116 0.000004 -0.000011 -1.570795
    63 2.477613 5.416855 4.597570 1.570804 -0.000001 0.000000
    64 1.515220 1.317777 5.998508 0.000000 0.000000 0.000000
    65 2.455991 5.657928 -0.087293 1.570804 -0.000001 0.000000
    66 1.485620 -1.617803 5.263973 0.000000 0.000000 -3.141592
    67 4.575642 5.632584 0.000132 0.000000 -1.570771 0.249128
    68 -0.000001 0.314078 5.161098 0.000000 0.000000 0.000000
    69 -0.000001 -0.323108 3.750217 0.000000 0.000000 0.000000
    70 5.734947 1.075212 4.685178 1.570830 -0.000004 -1.321669
    71 -0.753896 0.305901 4.971462 -0.000001 0.000002 0.000000
    72 -1.101006 -0.314705 3.448307 0.000001 0.000001 0.000000
    73 5.809101 -1.029643 4.595047 1.570829 -0.000004 -1.321671
    74 -0.714908 -0.199657 5.028973 0.000000 0.000003 0.000000
    75 -0.282898 -0.851690 4.444889 0.000000 0.000000 0.000000
    76 9.578484 -1.290738 0.000240 0.000000 1.570770 -2.892481
    77 9.369518 -1.236408 1.787905 0.000000 1.570770 -2.892481
    78 9.436707 -1.331719 -1.409029 0.000000 1.570770 -2.892477
    79 5.735191 1.075235 -4.684885 -1.570814 0.000004 1.819923
    80 0.753901 0.305904 4.971474 -0.000001 -0.000002 0.000000
    81 1.101010 -0.314705 3.448315 0.000000 -0.000001 0.000000
    82 5.809341 -1.029617 -4.594752 -1.570814 0.000004 1.819922
    83 0.714908 -0.199655 5.028969 0.000000 -0.000003 0.000000
    84 0.282897 -0.851688 4.444893 0.000000 0.000000 0.000000
  time 9
    0 1.124173 19.777521 35.638008 1.504116 -0.041503 -0.075733
    1 3.983847 0.002149 0.003401 -1.691145 0.314536 -1.706531
    2 15.938816 -0.000100 -0.000005 -0.000009 -0.000002 0.254422
    3 17.707025 -0.000068 0.000003 0.076308 -0.014554 -1.469442
    4 6.202515 0.003416 -0.000367 -0.009823 0.000731 -0.612376
    5 -3.983848 0.002149 0.003395 -1.636490 -0.498565 -1.507940
    6 15.938826 -0.000113 -0.000001 0.000002 0.000010 0.412597
    7 17.707031 0.000018 0.000000 -0.070134 -0.053995 -1.288221
    8 6.202710 0.003078 0.003745 -0.079202 -0.006495 -0.498948
    9 -0.000001 4.209253 -1.688832 1.569165 -0.043860 1.555163
    10 3.836055 0.000000 0.000000 -0.000947 -0.022638 -0.096812
    11 3.617625 -0.000275 -0.000015 -0.001222 0.005769 0.050909
    12 7.537925 0.003588 -0.000212 0.000465 0.000291 0.208133
    13 3.181604 -0.002346 0.000028 3.144848 0.008562 0.224138
    14 2.966416 0.000318 0.000023 0.062543 0.053210 0.105443
    15 2.023770 0.904983 0.850949 1.687203 -1.236899 2.848207
    16 4.980521 0.000781 -0.001089 -1.614981 0.162950 -1.084590
    17 11.119977 0.000007 0.000004 -0.000003 -0.136098 -0.436271
    18 11.205393 -0.000039 0.000000 1.683266 -0.299907 -0.031685
    19 3.767578 0.152466 0.071350 0.014350 0.037540 -0.177489
    20 2.036722 -0.000008 0.000000 -0.000008 0.005001 -0.888530
    21 1.066406 -0.000004 -0.000001 0.000002 0.002790 0.001101
    22 3.783203 -0.017258 0.794434 0.333288 -0.031876 -0.219057
    23 1.627436 0.000008 0.000000 -0.000014 0.005098 -0.697049
    24 0.955566 -0.000002 -0.000001 -0.000004 0.003249 -0.272277
    25 1.258789 -0.297852 1.251953 -1.927900 -0.158435 -0.368924
    26 1.392578 0.000004 -0.000007 0.000000 0.002019 0.071902
    27 1.099609 -0.000004 -0.000003 -0.000002 -0.295768 0.023714
    28 3.547341 0.197447 -1.485758 -0.323544 0.115347 -0.238381
    29 1.218750 0.000002 0.000000 -0.000004 0.004664 -0.629642
    30 0.679688 -0.000001 -0.000002 -0.000001 0.002398 -0.578395
    31 3.697266 0.267334 -0.728516 -0.105269 0.104461 -0.301442
    32 1.748047 0.000000 -0.000004 -0.000001 0.002900 -0.623724
    33 0.956684 0.000008 0.000001 0.000015 0.004804 -0.321825
    34 2.023778 0.904982 -0.850921 -1.843155 1.231147 2.758739
    35 4.981625 0.002227 0.003236 1.726995 -0.161827 -1.138219
    36 11.119975 -0.000005 0.000000 0.000001 0.136123 -0.237031
    37 11.205375 0.000073 0.000008 -1.767727 0.304231 0.071620
    38 3.767578 0.151855 -0.072693 -0.090833 -0.078893 -0.174026
    39 2.036716 -0.000004 0.000000 0.000012 -0.007577 -0.940629
    40 1.063287 -0.000004 0.000001 0.000001 -0.004232 -0.116574
    41 3.783203 -0.023941 -0.794434 -0.344154 -0.088892 -0.269864
    42 1.628906 0.000000 0.000002 0.000002 -0.007731 -0.659761
    43 0.955566 -0.000001 0.000002 0.000003 -0.004923 -0.331349
    44 1.258789 -0.308350 -1.250000 1.738856 0.204803 -0.550000
    45 1.392578 -0.000004 0.000002 0.000004 0.222430 0.216078
    46 1.099609 0.000003 -0.000006 0.000001 0.280394 0.302814
    47 3.546538 0.208125 1.487114 0.333783 -0.052221 -0.250106
    48 1.218750 0.000004 -0.000001 0.000005 -0.007078 -0.610627
    49 0.679688 0.000006 0.000001 0.000001 -0.003643 -0.669683
    50 3.696249 0.271114 0.723153 0.103581 -0.126168 -0.288627
    51 1.748047 -0.000011 0.000000 0.000000 -0.004401 -0.791139
    52 0.959961 0.000000 0.000000 0.000003 -0.007260 -0.432410
    53 -3.756462 5.577850 2.053357 1.570803 -0.000001 0.000000
    54 -2.735646 -0.081365 5.727119 0.000007 0.000015 1.570796
    55 0.000001 5.662003 -0.974302 1.570804 -0.000001 0.000000
    56 -0.000002 -2.275002 5.113525 0.000000 0.000000 -3.141592
    57 -2.477620 5.416855 4.597564 1.570804 -0.000001 0.000000
    58 -1.515218 1.317776 5.998497 0.000000 0.000000 0.000000
    59 -2.455992 5.657928 -0.087295 1.570804 -0.000001 0.000000
    60 -1.485628 -1.617812 5.263969 0.000000 0.000000 3.141592
    61 3.756460 5.577858 2.053359 1.570803 -0.000001 0.000000
    62 2.735645 -0.081364 5.727116 0.000004 -0.000011 -1.570795
    63 2.477613 5.416855 4.597570 1.570804 -0.000001 0.000000
    64 1.515220 1.317777 5.998508 0.000000 0.000000 0.000000
    65 2.455991 5.657928 -0.087293 1.570804 -0.000001 0.000000
    66 1.485620 -1.617803 5.263973 0.000000 0.000000 -3.141592
    67 4.575642 5.632584 0.000132 0.000000 -1.570771 0.249128
    68 -0.000001 0.314078 5.161098 0.000000 0.000000 0.000000
    69 -0.000001 -0.323108 3.750217 0.000000 0.000000 0.000000
    70 5.734947 1.075212 4.685178 1.570830 -0.000004 -1.321669
    71 -0.753896 0.305901 4.971462 -0.000001 0.000002 0.000000
    72 -1.101006 -0.314705 3.448307 0.000001 0.000001 0.000000
    73 5.809101 -1.029643 4.595047 1.570829 -0.000004 -1.321671
    74 -0.714908 -0.199657 5.028973 0.000000 0.000003 0.000000
    75 -0.282898 -0.851690 4.444889 0.000000 0.000000 0.000000
    76 9.578484 -1.290738 0.000240 0.000000 1.570770 -2.892481
    77 9.369518 -1.236408 1.787905 0.000000 1.570770 -2.892481
    78 9.436707 -1.331719 -1.409029 0.000000 1.570770 -2.892477
    79 5.735191 1.075235 -4.684885 -1.570814 0.000004 1.819923
    80 0.753901 0.305904 4.971474 -0.000001 -0.000002 0.000000
    81 1.101010 -0.314705 3.448315 0.000000 -0.000001 0.000000
    82 5.809341 -1.029617 -4.594752 -1.570814 0.000004 1.819922
    83 0.714908 -0.199655 5.028969 0.000000 -0.000003 0.000000
    84 0.282897 -0.851688 4.444893 0.000000 0.000000 0.000000
  time 10
    0 1.280405 22.077457 35.571600 1.511354 -0.069319 -0.049023
    1 3.983847 0.002149 0.003401 -1.662075 0.222554 -1.725038
    2 15.938816 -0.000100 -0.000005 -0.000009 -0.000002 0.297389
    3 17.707025 -0.000068 0.000003 0.083797 -0.009420 -1.537265
    4 6.202515 0.003416 -0.000367 -0.011141 0.000923 -0.500547
    5 -3.983848 0.002149 0.003395 -1.610791 -0.592520 -1.551219
    6 15.938826 -0.000113 -0.000001 0.000002 0.000010 0.635797
    7 17.707031 0.000018 0.000000 -0.067867 -0.065559 -1.328792
    8 6.202710 0.003078 0.003745 -0.078986 -0.006363 -0.498948
    9 -0.000001 4.209253 -1.688832 1.568062 -0.039680 1.545097
    10 3.836055 0.000000 0.000000 -0.001283 -0.048189 -0.100983
    11 3.617625 -0.000275 -0.000015 -0.001653 0.001203 0.046713
    12 7.537925 0.003588 -0.000212 0.000213 -0.001374 0.208133
    13 3.181604 -0.002346 0.000028 3.149929 0.021984 0.224174
    14 2.966416 0.000318 0.000023 0.040504 0.051784 0.088289
    15 2.023770 0.904983 0.850949 1.671003 -1.239220 2.865337
    16 4.980521 0.000781 -0.001089 -1.622619 0.180965 -1.092500
    17 11.119977 0.000007 0.000004 -0.000003 -0.136098 -0.385496
    18 11.205393 -0.000039 0.000000 1.666988 -0.312338 -0.012174
    19 3.767578 0.152466 0.071350 0.014350 0.037540 -0.177489
    20 2.036722 -0.000008 0.000000 -0.000008 0.005001 -0.888530
    21 1.066406 -0.000004 -0.000001 0.000002 0.002790 0.001101
    22 3.783203 -0.017258 0.794434 0.333288 -0.031876 -0.219057
    23 1.627436 0.000008 0.000000 -0.000002 0.005098 -0.697049
    24 0.955566 -0.000002 -0.000001 -0.000004 0.003249 -0.272277
    25 1.258789 -0.297852 1.251953 -1.927900 -0.158435 -0.368924
    26 1.392578 0.000004 -0.000007 0.000000 0.002019 0.071902
    27 1.099609 -0.000004 -0.000003 -0.000002 -0.295768 0.023714
    28 3.547341 0.197447 -1.485758 -0.323544 0.115347 -0.238381
    29 1.218750 0.000002 0.000000 -0.000004 0.004664 -0.629642
    30 0.679688 -0.000001 -0.000002 -0.000001 0.002398 -0.578395
    31 3.697266 0.267334 -0.728516 -0.105269 0.104461 -0.301442
    32 1.748047 0.000000 -0.000004 -0.000001 0.002900 -0.623724
    33 0.956684 0.000008 0.000001 0.000027 0.004804 -0.321825
    34 2.023778 0.904982 -0.850921 -1.856724 1.227319 2.744107
    35 4.981625 0.002227 0.003236 1.700629 -0.141903 -1.132783
    36 11.119975 -0.000005 0.000000 0.000001 0.136123 -0.265722
    37 11.205375 0.000073 0.000008 -1.715521 0.306616 0.065688
    38 3.767578 0.151855 -0.072693 -0.090833 -0.078893 -0.174026
    39 2.036716 -0.000004 0.000000 0.000012 -0.007577 -0.940629
    40 1.063287 -0.000004 0.000001 0.000001 -0.004232 -0.116574
    41 3.783203 -0.023941 -0.794434 -0.344154 -0.088892 -0.269864
    42 1.628906 0.000000 0.000002 0.000002 -0.007731 -0.659761
    43 0.955566 -0.000001 0.000002 0.000003 -0.004923 -0.331349
    44 1.258789 -0.308350 -1.250000 1.738856 0.204803 -0.550000
    45 1.392578 -0.000004 0.000002 0.000004 0.222430 0.216078
    46 1.099609 0.000003 -0.000006 0.000001 0.280394 0.302814
    47 3.546538 0.208125 1.487114 0.333783 -0.052221 -0.250106
    48 1.218750 0.000004 -0.000001 0.000005 -0.007078 -0.610627
    49 0.679688 0.000006 0.000001 0.000001 -0.003643 -0.669683
    50 3.696249 0.271114 0.723153 0.103581 -0.126168 -0.288614
    51 1.748047 -0.000011 0.000000 0.000000 -0.004401 -0.791139
    52 0.959961 0.000000 0.000000 0.000003 -0.007260 -0.432410
    53 -3.756462 5.577850 2.053357 1.570803 -0.000001 0.000000
    54 -2.735646 -0.081365 5.727119 0.000007 0.000015 1.570796
    55 0.000001 5.662003 -0.974302 1.570804 -0.000001 0.000000
    56 -0.000002 -2.275002 5.113525 0.000000 0.000000 -3.141592
    57 -2.477620 5.416855 4.597564 1.570804 -0.000001 0.000000
    58 -1.515218 1.317776 5.998497 0.000000 0.000000 0.000000
    59 -2.455992 5.657928 -0.087295 1.570804 -0.000001 0.000000
    60 -1.485628 -1.617812 5.263969 0.000000 0.000000 3.141592
    61 3.756460 5.577858 2.053359 1.570803 -0.000001 0.000000
    62 2.735645 -0.081364 5.727116 0.000004 -0.000011 -1.570795
    63 2.477613 5.416855 4.597570 1.570804 -0.000001 0.000000
    64 1.515220 1.317777 5.998508 0.000000 0.000000 0.000000
    65 2.455991 5.657928 -0.087293 1.570804 -0.000001 0.000000
    66 1.485620 -1.617803 5.263973 0.000000 0.000000 -3.141592
    67 4.575642 5.632584 0.000132 0.000000 -1.570771 0.249128
    68 -0.000001 0.314078 5.161098 0.000000 0.000000 0.000000
    69 -0.000001 -0.323108 3.750217 0.000000 0.000000 0.000000
    70 5.734947 1.075212 4.685178 1.570830 -0.000004 -1.321669
    71 -0.753896 0.305901 4.971462 -0.000001 0.000002 0.000000
    72 -1.101006 -0.314705 3.448307 0.000001 0.000001 0.000000
    73 5.809101 -1.029643 4.595047 1.570829 -0.000004 -1.321671
    74 -0.714908 -0.199657 5.028973 0.000000 0.000003 0.000000
    75 -0.282898 -0.851690 4.444889 0.000000 0.000000 0.000000
    76 9.578484 -1.290738 0.000240 0.000000 1.570770 -2.892481
    77 9.369518 -1.236408 1.787905 0.000000 1.570770 -2.892481
    78 9.436707 -1.331719 -1.409029 0.000000 1.570770 -2.892477
    79 5.735191 1.075235 -4.684885 -1.570814 0.000004 1.819923
    80 0.753901 0.305904 4.971474 -0.000001 -0.000002 0.000000
    81 1.101010 -0.314705 3.448315 0.000000 -0.000001 0.000000
    82 5.809341 -1.029617 -4.594752 -1.570814 0.000004 1.819922
    83 0.714908 -0.199655 5.028969 0.000000 -0.000003 0.000000
    84 0.282897 -0.851688 4.444893 0.000000 0.000000 0.000000
  time 11
    0 1.401479 24.217232 35.595038 1.516915 -0.078523 -0.020141
    1 3.983847 0.002149 0.003401 -1.631104 0.058170 -1.725485
    2 15.938816 -0.000100 -0.000005 -0.000009 -0.000002 0.478053
    3 17.707025 -0.000068 0.000003 0.089055 -0.012241 -1.556966
    4 6.202515 0.003416 -0.000367 -0.011141 0.000923 -0.500547
    5 -3.983848 0.002149 0.003395 -1.576971 -0.622450 -1.583631
    6 15.938826 -0.000113 -0.000001 0.000002 0.000010 0.828010
    7 17.707031 0.000018 0.000000 -0.051071 -0.059010 -1.327787
    8 6.202710 0.003078 0.003745 -0.078722 -0.006219 -0.498948
    9 -0.000001 4.209253 -1.688832 1.567391 -0.035279 1.542173
    10 3.836055 0.000000 0.000000 -0.001654 -0.056350 -0.105417
    11 3.617625 -0.000275 -0.000015 -0.002061 -0.003987 0.042306
    12 7.537925 0.003588 -0.000212 -0.000171 -0.004454 0.208157
    13 3.181604 -0.002346 0.000028 3.154819 0.034556 0.224354
    14 2.966416 0.000318 0.000023 0.013442 0.051125 0.076852
    15 2.023770 0.904983 0.850949 1.644852 -1.243291 2.892891
    16 4.980521 0.000781 -0.001089 -1.637532 0.214936 -1.117567
    17 11.119977 0.000007 0.000004 -0.000003 -0.136098 -0.297441
    18 11.205393 -0.000039 0.000000 1.649029 -0.365855 -0.014655
    19 3.767578 0.152466 0.071350 0.014350 0.037540 -0.177489
    20 2.036722 -0.000008 0.000000 -0.000008 0.005001 -0.888530
    21 1.066406 -0.000004 -0.000001 0.000002 0.002790 0.001101
    22 3.783203 -0.017258 0.794434 0.333288 -0.031876 -0.219057
    23 1.627436 0.000008 0.000000 -0.000002 0.005098 -0.697049
    24 0.955566 -0.000002 -0.000001 -0.000004 0.003249 -0.272277
    25 1.258789 -0.297852 1.251953 -1.927900 -0.158435 -0.368924
    26 1.392578 0.000004 -0.000007 0.000000 0.002019 0.071902
    27 1.099609 -0.000004 -0.000003 -0.000002 -0.295768 0.023714
    28 3.547341 0.197447 -1.485758 -0.323544 0.115347 -0.238381
    29 1.218750 0.000002 0.000000 -0.000004 0.004664 -0.629642
    30 0.679688 -0.000001 -0.000002 -0.000001 0.002398 -0.578395
    31 3.697266 0.267334 -0.728516 -0.105269 0.104461 -0.301442
    32 1.748047 0.000000 -0.000004 -0.000001 0.002900 -0.623724
    33 0.956684 0.000008 0.000001 0.000015 0.004804 -0.321825
    34 2.023778 0.904982 -0.850921 -1.877182 1.220316 2.722069
    35 4.981625 0.002227 0.003236 1.651251 -0.104940 -1.108867
    36 11.119975 -0.000005 0.000000 0.000001 0.136123 -0.334770
    37 11.205375 0.000073 0.000008 -1.614686 0.322016 0.037824
    38 3.767578 0.151855 -0.072693 -0.090833 -0.078893 -0.174026
    39 2.036716 -0.000004 0.000000 0.000012 -0.007577 -0.940629
    40 1.063287 -0.000004 0.000001 0.000001 -0.004232 -0.116574
    41 3.783203 -0.023941 -0.794434 -0.344154 -0.088892 -0.269864
    42 1.628906 0.000000 0.000002 0.000002 -0.007731 -0.659761
    43 0.955566 -0.000001 0.000002 0.000003 -0.004923 -0.331349
    44 1.258789 -0.308350 -1.250000 1.738856 0.204803 -0.550000
    45 1.392578 -0.000004 0.000002 0.000004 0.222430 0.216078
    46 1.099609 0.000003 -0.000006 0.000001 0.280394 0.302814
    47 3.546538 0.208125 1.487114 0.333783 -0.052221 -0.250106
    48 1.218750 0.000004 -0.000001 0.000005 -0.007078 -0.610627
    49 0.679688 0.000006 0.000001 0.000001 -0.003643 -0.669683
    50 3.696249 0.271114 0.723153 0.103581 -0.126168 -0.288627
    51 1.748047 -0.000011 0.000000 0.000000 -0.004401 -0.791139
    52 0.959961 0.000000 0.000000 0.000003 -0.007260 -0.432410
    53 -3.756462 5.577850 2.053357 1.570803 -0.000001 0.000000
    54 -2.735646 -0.081365 5.727119 0.000007 0.000015 1.570796
    55 0.000001 5.662003 -0.974302 1.570804 -0.000001 0.000000
    56 -0.000002 -2.275002 5.113525 0.000000 0.000000 -3.141592
    57 -2.477620 5.416855 4.597564 1.570804 -0.000001 0.000000
    58 -1.515218 1.317776 5.998497 0.000000 0.000000 0.000000
    59 -2.455992 5.657928 -0.087295 1.570804 -0.000001 0.000000
    60 -1.485628 -1.617812 5.263969 0.000000 0.000000 3.141592
    61 3.756460 5.577858 2.053359 1.570803 -0.000001 0.000000
    62 2.735645 -0.081364 5.727116 0.000004 -0.000011 -1.570795
    63 2.477613 5.416855 4.597570 1.570804 -0.000001 0.000000
    64 1.515220 1.317777 5.998508 0.000000 0.000000 0.000000
    65 2.455991 5.657928 -0.087293 1.570804 -0.000001 0.000000
    66 1.485620 -1.617803 5.263973 0.000000 0.000000 -3.141592
    67 4.575642 5.632584 0.000132 0.000000 -1.570771 0.249128
    68 -0.000001 0.314078 5.161098 0.000000 0.000000 0.000000
    69 -0.000001 -0.323108 3.750217 0.000000 0.000000 0.000000
    70 5.734947 1.075212 4.685178 1.570830 -0.000004 -1.321669
    71 -0.753896 0.305901 4.971462 -0.000001 0.000002 0.000000
    72 -1.101006 -0.314705 3.448307 0.000001 0.000001 0.000000
    73 5.809101 -1.029643 4.595047 1.570829 -0.000004 -1.321671
    74 -0.714908 -0.199657 5.028973 0.000000 0.000003 0.000000
    75 -0.282898 -0.851690 4.444889 0.000000 0.000000 0.000000
    76 9.578484 -1.290738 0.000240 0.000000 1.570770 -2.892481
    77 9.369518 -1.236408 1.787905 0.000000 1.570770 -2.892481
    78 9.436707 -1.331719 -1.409029 0.000000 1.570770 -2.892477
    79 5.735191 1.075235 -4.684885 -1.570814 0.000004 1.819923
    80 0.753901 0.305904 4.971474 -0.000001 -0.000002 0.000000
    81 1.101010 -0.314705 3.448315 0.000000 -0.000001 0.000000
    82 5.809341 -1.029617 -4.594752 -1.570814 0.000004 1.819922
    83 0.714908 -0.199655 5.028969 0.000000 -0.000003 0.000000
    84 0.282897 -0.851688 4.444893 0.000000 0.000000 0.000000
  time 12
    0 1.471771 26.185126 35.657540 1.520990 -0.073370 0.009573
    1 3.983847 0.002149 0.003401 -1.600894 -0.057174 -1.721014
    2 15.938816 -0.000100 -0.000005 -0.000009 -0.000002 0.574506
    3 17.707025 -0.000068 0.000003 0.092800 -0.014278 -1.539590
    4 6.202515 0.003416 -0.000367 -0.011141 0.000923 -0.500547
    5 -3.983848 0.002149 0.003395 -1.540954 -0.609654 -1.603397
    6 15.938826 -0.000113 -0.000001 0.000002 0.000010 1.024758
    7 17.707031 0.000018 0.000000 -0.019994 -0.044233 -1.335765
    8 6.202710 0.003078 0.003745 -0.078075 -0.006243 -0.569913
    9 -0.000001 4.209253 -1.688832 1.567007 -0.031483 1.544282
    10 3.836055 0.000000 0.000000 -0.002074 -0.053450 -0.109228
    11 3.617625 -0.000275 -0.000015 -0.002540 -0.009476 0.038477
    12 7.537925 0.003588 -0.000212 -0.000326 -0.005545 0.208145
    13 3.181604 -0.002346 0.000028 3.158558 0.044479 0.224450
    14 2.966416 0.000318 0.000023 -0.014961 0.045995 0.069818
    15 2.023770 0.904983 0.850949 1.636402 -1.244838 2.901774
    16 4.980521 0.000781 -0.001089 -1.645324 0.230184 -1.131053
    17 11.119977 0.000007 0.000004 -0.000003 -0.136098 -0.263420
    18 11.205393 -0.000039 0.000000 1.646004 -0.393137 -0.028929
    19 3.767578 0.152466 0.071350 0.014350 0.037540 -0.177489
    20 2.036722 -0.000008 0.000000 -0.000008 0.005001 -0.888530
    21 1.066406 -0.000004 -0.000001 0.000002 0.002790 0.001101
    22 3.783203 -0.017258 0.794434 0.333288 -0.031876 -0.219057
    23 1.627436 0.000008 0.000000 -0.000014 0.005098 -0.697049
    24 0.955566 -0.000002 -0.000001 -0.000004 0.003249 -0.272277
    25 1.258789 -0.297852 1.251953 -1.927900 -0.158435 -0.368924
    26 1.392578 0.000004 -0.000007 0.000000 0.002019 0.071902
    27 1.099609 -0.000004 -0.000003 -0.000002 -0.295768 0.023714
    28 3.547341 0.197447 -1.485758 -0.323544 0.115347 -0.238453
    29 1.218750 0.000002 0.000000 -0.000004 0.004664 -0.629642
    30 0.679688 -0.000001 -0.000002 -0.000001 0.002398 -0.578395
    31 3.697266 0.267334 -0.728516 -0.105269 0.104461 -0.301442
    32 1.748047 0.000000 -0.000004 -0.000001 0.002900 -0.623724
    33 0.956684 0.000008 0.000001 0.000015 0.004804 -0.321825
    34 2.023778 0.904982 -0.850921 -1.883392 1.217670 2.715205
    35 4.981625 0.002227 0.003236 1.632728 -0.088616 -1.093765
    36 11.119975 -0.000005 0.000000 0.000001 0.136123 -0.372101
    37 11.205375 0.000073 0.000008 -1.582666 0.334876 0.015712
    38 3.767578 0.151855 -0.072693 -0.090833 -0.078893 -0.174026
    39 2.036716 -0.000004 0.000000 0.000012 -0.007577 -0.940629
    40 1.063287 -0.000004 0.000001 0.000001 -0.004232 -0.116574
    41 3.783203 -0.023941 -0.794434 -0.344154 -0.088892 -0.269864
    42 1.628906 0.000000 0.000002 0.000002 -0.007731 -0.659761
    43 0.955566 -0.000001 0.000002 0.000003 -0.004923 -0.331349
    44 1.258789 -0.308350 -1.250000 1.738856 0.204803 -0.550000
    45 1.392578 -0.000004 0.000002 0.000004 0.222430 0.216078
    46 1.099609 0.000003 -0.000006 0.000001 0.280394 0.302814
    47 3.546538 0.208125 1.487114 0.333783 -0.052221 -0.250106
    48 1.218750 0.000004 -0.000001 0.000005 -0.007078 -0.610627
    49 0.679688 0.000006 0.000001 0.000001 -0.003643 -0.669683
    50 3.696249 0.271114 0.723153 0.103581 -0.126168 -0.288614
    51 1.748047 -0.000011 0.000000 0.000000 -0.004401 -0.791139
    52 0.959961 0.000000 0.000000 0.000003 -0.007260 -0.432410
    53 -3.756462 5.577850 2.053357 1.570803 -0.000001 0.000000
    54 -2.735646 -0.081365 5.727119 0.000007 0.000015 1.570796
    55 0.000001 5.662003 -0.974302 1.570804 -0.000001 0.000000
    56 -0.000002 -2.275002 5.113525 0.000000 0.000000 -3.141592
    57 -2.477620 5.416855 4.597564 1.570804 -0.000001 0.000000
    58 -1.515218 1.317776 5.998497 0.000000 0.000000 0.000000
    59 -2.455992 5.657928 -0.087295 1.570804 -0.000001 0.000000
    60 -1.485628 -1.617812 5.263969 0.000000 0.000000 3.141592
    61 3.756460 5.577858 2.053359 1.570803 -0.000001 0.000000
    62 2.735645 -0.081364 5.727116 0.000004 -0.000011 -1.570795
    63 2.477613 5.416855 4.597570 1.570804 -0.000001 0.000000
    64 1.515220 1.317777 5.998508 0.000000 0.000000 0.000000
    65 2.455991 5.657928 -0.087293 1.570804 -0.000001 0.000000
    66 1.485620 -1.617803 5.263973 0.000000 0.000000 -3.141592
    67 4.575642 5.632584 0.000132 0.000000 -1.570771 0.249128
    68 -0.000001 0.314078 5.161098 0.000000 0.000000 0.000000
    69 -0.000001 -0.323108 3.750217 0.000000 0.000000 0.000000
    70 5.734947 1.075212 4.685178 1.570830 -0.000004 -1.321669
    71 -0.753896 0.305901 4.971462 -0.000001 0.000002 0.000000
    72 -1.101006 -0.314705 3.448307 0.000001 0.000001 0.000000
    73 5.809101 -1.029643 4.595047 1.570829 -0.000004 -1.321671
    74 -0.714908 -0.199657 5.028973 0.000000 0.000003 0.000000
    75 -0.282898 -0.851690 4.444889 0.000000 0.000000 0.000000
    76 9.578484 -1.290738 0.000240 0.000000 1.570770 -2.892481
    77 9.369518 -1.236408 1.787905 0.000000 1.570770 -2.892481
    78 9.436707 -1.331719 -1.409029 0.000000 1.570770 -2.892477
    79 5.735191 1.075235 -4.684885 -1.570814 0.000004 1.819923
    80 0.753901 0.305904 4.971474 -0.000001 -0.000002 0.000000
    81 1.101010 -0.314705 3.448315 0.000000 -0.000001 0.000000
    82 5.809341 -1.029617 -4.594752 -1.570814 0.000004 1.819922
    83 0.714908 -0.199655 5.028969 0.000000 -0.000003 0.000000
    84 0.282897 -0.851688 4.444893 0.000000 0.000000 0.000000
  time 13
    0 1.487374 28.035830 35.794263 1.523578 -0.059120 0.038839
    1 3.983847 0.002149 0.003401 -1.570874 -0.143905 -1.712253
    2 15.938816 -0.000100 -0.000005 -0.000009 -0.000002 0.623274
    3 17.707025 -0.000068 0.000003 0.094809 -0.015381 -1.501839
    4 6.202515 0.003416 -0.000367 -0.011141 0.000923 -0.500547
    5 -3.983848 0.002149 0.003395 -1.507516 -0.542408 -1.610236
    6 15.938826 -0.000113 -0.000001 0.000002 0.000010 1.181136
    7 17.707031 0.000018 0.000000 0.012285 -0.018340 -1.341635
    8 6.202710 0.003078 0.003745 -0.077164 -0.006471 -0.713813
    9 -0.000001 4.209253 -1.688832 1.567007 -0.028898 1.549651
    10 3.836055 0.000000 0.000000 -0.002481 -0.043443 -0.111769
    11 3.617625 -0.000275 -0.000015 -0.002996 -0.014521 0.035971
    12 7.537925 0.003588 -0.000212 -0.000410 -0.006156 0.208145
    13 3.181604 -0.002346 0.000028 3.160859 0.050436 0.224581
    14 2.966416 0.000318 0.000023 -0.043508 0.038361 0.068320
    15 2.023770 0.904983 0.850949 1.631352 -1.245938 2.907212
    16 4.980521 0.000781 -0.001089 -1.653374 0.246343 -1.145194
    17 11.119977 0.000007 0.000004 -0.000003 -0.136098 -0.236089
    18 11.205393 -0.000039 0.000000 1.646820 -0.427278 -0.046151
    19 3.767578 0.152466 0.071350 0.014350 0.037540 -0.177489
    20 2.036722 -0.000008 0.000000 -0.000008 0.005001 -0.888530
    21 1.066406 -0.000004 -0.000001 0.000002 0.002790 0.001101
    22 3.783203 -0.017258 0.794434 0.333288 -0.031876 -0.219057
    23 1.627436 0.000008 0.000000 -0.000002 0.005098 -0.697049
    24 0.955566 -0.000002 -0.000001 -0.000004 0.003249 -0.272277
    25 1.258789 -0.297852 1.251953 -1.927900 -0.158435 -0.368924
    26 1.392578 0.000004 -0.000007 0.000000 0.002019 0.071902
    27 1.099609 -0.000004 -0.000003 -0.000002 -0.295768 0.023714
    28 3.547341 0.197447 -1.485758 -0.323544 0.115347 -0.238381
    29 1.218750 0.000002 0.000000 -0.000004 0.004664 -0.629642
    30 0.679688 -0.000001 -0.000002 -0.000001 0.002398 -0.578395
    31 3.697266 0.267334 -0.728516 -0.105269 0.104461 -0.301442
    32 1.748047 0.000000 -0.000004 -0.000001 0.002900 -0.623724
    33 0.956684 0.000008 0.000001 0.000003 0.004804 -0.321825
    34 2.023778 0.904982 -0.850921 -1.886732 1.215837 2.711411
    35 4.981625 0.002227 0.003236 1.620500 -0.074738 -1.078046
    36 11.119975 -0.000005 0.000000 0.000001 0.136123 -0.411512
    37 11.205375 0.000073 0.000008 -1.580470 0.349329 -0.012332
    38 3.767578 0.151855 -0.072693 -0.090833 -0.078893 -0.174026
    39 2.036716 -0.000004 0.000000 0.000012 -0.007577 -0.940629
    40 1.063287 -0.000004 0.000001 0.000001 -0.004232 -0.116574
    41 3.783203 -0.023941 -0.794434 -0.344154 -0.088892 -0.269864
    42 1.628906 0.000000 0.000002 0.000002 -0.007731 -0.659761
    43 0.955566 -0.000001 0.000002 0.000003 -0.004923 -0.331349
    44 1.258789 -0.308350 -1.250000 1.738856 0.204803 -0.550000
    45 1.392578 -0.000004 0.000002 0.000004 0.222430 0.216078
    46 1.099609 0.000003 -0.000006 0.000001 0.280394 0.302814
    47 3.546538 0.208125 1.487114 0.333783 -0.052221 -0.250106
    48 1.218750 0.000004 -0.000001 0.000005 -0.007078 -0.610627
    49 0.679688 0.000006 0.000001 0.000001 -0.003643 -0.669683
    50 3.696249 0.271114 0.723153 0.103581 -0.126168 -0.288627
    51 1.748047 -0.000011 0.000000 0.000000 -0.004401 -0.791139
    52 0.959961 0.000000 0.000000 0.000003 -0.007260 -0.432410
    53 -3.756462 5.577850 2.053357 1.570803 -0.000001 0.000000
    54 -2.735646 -0.081365 5.727119 0.000007 0.000015 1.570796
    55 0.000001 5.662003 -0.974302 1.570804 -0.000001 0.000000
    56 -0.000002 -2.275002 5.113525 0.000000 0.000000 -3.141592
    57 -2.477620 5.416855 4.597564 1.570804 -0.000001 0.000000
    58 -1.515218 1.317776 5.998497 0.000000 0.000000 0.000000
    59 -2.455992 5.657928 -0.087295 1.570804 -0.000001 0.000000
    60 -1.485628 -1.617812 5.263969 0.000000 0.000000 3.141592
    61 3.756460 5.577858 2.053359 1.570803 -0.000001 0.000000
    62 2.735645 -0.081364 5.727116 0.000004 -0.000011 -1.570795
    63 2.477613 5.416855 4.597570 1.570804 -0.000001 0.000000
    64 1.515220 1.317777 5.998508 0.000000 0.000000 0.000000
    65 2.455991 5.657928 -0.087293 1.570804 -0.000001 0.000000
    66 1.485620 -1.617803 5.263973 0.000000 0.000000 -3.141592
    67 4.575642 5.632584 0.000132 0.000000 -1.570771 0.249128
    68 -0.000001 0.314078 5.161098 0.000000 0.000000 0.000000
    69 -0.000001 -0.323108 3.750217 0.000000 0.000000 0.000000
    70 5.734947 1.075212 4.685178 1.570830 -0.000004 -1.321669
    71 -0.753896 0.305901 4.971462 -0.000001 0.000002 0.000000
    72 -1.101006 -0.314705 3.448307 0.000001 0.000001 0.000000
    73 5.809101 -1.029643 4.595047 1.570829 -0.000004 -1.321671
    74 -0.714908 -0.199657 5.028973 0.000000 0.000003 0.000000
    75 -0.282898 -0.851690 4.444889 0.000000 0.000000 0.000000
    76 9.578484 -1.290738 0.000240 0.000000 1.570770 -2.892481
    77 9.369518 -1.236408 1.787905 0.000000 1.570770 -2.892481
    78 9.436707 -1.331719 -1.409029 0.000000 1.570770 -2.892477
    79 5.735191 1.075235 -4.684885 -1.570814 0.000004 1.819923
    80 0.753901 0.305904 4.971474 -0.000001 -0.000002 0.000000
    81 1.101010 -0.314705 3.448315 0.000000 -0.000001 0.000000
    82 5.809341 -1.029617 -4.594752 -1.570814 0.000004 1.819922
    83 0.714908 -0.199655 5.028969 0.000000 -0.000003 0.000000
    84 0.282897 -0.851688 4.444893 0.000000 0.000000 0.000000
  time 14
    0 1.463913 29.843563 35.977862 1.524537 -0.042893 0.066571
    1 3.983847 0.002149 0.003401 -1.542088 -0.210745 -1.704206
    2 15.938816 -0.000100 -0.000005 -0.000009 -0.000002 0.640103
    3 17.707025 -0.000068 0.000003 0.095498 -0.015869 -1.450321
    4 6.202515 0.003416 -0.000367 -0.011141 0.000923 -0.500547
    5 -3.983848 0.002149 0.003395 -1.481339 -0.404610 -1.603959
    6 15.938826 -0.000113 -0.000001 0.000002 0.000010 1.223710
    7 17.707031 0.000018 0.000000 0.052769 0.011588 -1.306707
    8 6.202710 0.003078 0.003745 -0.076721 -0.006794 -0.816511
    9 -0.000001 4.209253 -1.688832 1.567151 -0.027969 1.555547
    10 3.836055 0.000000 0.000000 -0.002888 -0.031446 -0.112608
    11 3.617625 -0.000275 -0.000015 -0.003427 -0.018380 0.035056
    12 7.537925 0.003588 -0.000212 -0.000434 -0.006384 0.208145
    13 3.181604 -0.002346 0.000028 3.161626 0.052389 0.224629
    14 2.966416 0.000318 0.000023 -0.070114 0.029001 0.072495
    15 2.023770 0.904983 0.850949 1.630652 -1.246589 2.908028
    16 4.980521 0.000781 -0.001089 -1.660444 0.262806 -1.157059
    17 11.119977 0.000007 0.000004 -0.000003 -0.136098 -0.214761
    18 11.205393 -0.000039 0.000000 1.650278 -0.459279 -0.062618
    19 3.767578 0.152466 0.071350 0.014350 0.037540 -0.177489
    20 2.036722 -0.000008 0.000000 -0.000008 0.005001 -0.888530
    21 1.066406 -0.000004 -0.000001 0.000002 0.002790 0.001101
    22 3.783203 -0.017258 0.794434 0.333288 -0.031876 -0.219057
    23 1.627436 0.000008 0.000000 -0.000002 0.005098 -0.697049
    24 0.955566 -0.000002 -0.000001 -0.000004 0.003249 -0.272277
    25 1.258789 -0.297852 1.251953 -1.927900 -0.158435 -0.368924
    26 1.392578 0.000004 -0.000007 0.000000 0.002019 0.071902
    27 1.099609 -0.000004 -0.000003 -0.000002 -0.295768 0.023714
    28 3.547341 0.197447 -1.485758 -0.323544 0.115347 -0.238381
    29 1.218750 0.000002 0.000000 -0.000004 0.004664 -0.629642
    30 0.679688 -0.000001 -0.000002 -0.000001 0.002398 -0.578395
    31 3.697266 0.267334 -0.728516 -0.105269 0.104461 -0.301442
    32 1.748047 0.000000 -0.000004 -0.000001 0.002900 -0.623724
    33 0.956684 0.000008 0.000001 0.000027 0.004804 -0.321825
    34 2.023778 0.904982 -0.850921 -1.886628 1.214901 2.711411
    35 4.981625 0.002227 0.003236 1.613947 -0.064075 -1.062327
    36 11.119975 -0.000005 0.000000 0.000001 0.136123 -0.451491
    37 11.205375 0.000073 0.000008 -1.591733 0.362236 -0.045793
    38 3.767578 0.151855 -0.072693 -0.090833 -0.078893 -0.174026
    39 2.036716 -0.000004 0.000000 0.000012 -0.007577 -0.940629
    40 1.063287 -0.000004 0.000001 0.000001 -0.004232 -0.116574
    41 3.783203 -0.023941 -0.794434 -0.344154 -0.088892 -0.269864
    42 1.628906 0.000000 0.000002 0.000002 -0.007731 -0.659761
    43 0.955566 -0.000001 0.000002 0.000003 -0.004923 -0.331349
    44 1.258789 -0.308350 -1.250000 1.738856 0.204803 -0.550000
    45 1.392578 -0.000004 0.000002 0.000004 0.222430 0.216078
    46 1.099609 0.000003 -0.000006 0.000001 0.280394 0.302814
    47 3.546538 0.208125 1.487114 0.333783 -0.052221 -0.250106
    48 1.218750 0.000004 -0.000001 0.000005 -0.007078 -0.610627
    49 0.679688 0.000006 0.000001 0.000001 -0.003643 -0.669683
    50 3.696249 0.271114 0.723153 0.103581 -0.126168 -0.288614
    51 1.748047 -0.000011 0.000000 0.000000 -0.004401 -0.791139
    52 0.959961 0.000000 0.000000 0.000003 -0.007260 -0.432410
    53 -3.756462 5.577850 2.053357 1.570803 -0.000001 0.000000
    54 -2.735646 -0.081365 5.727119 0.000007 0.000015 1.570796
    55 0.000001 5.662003 -0.974302 1.570804 -0.000001 0.000000
    56 -0.000002 -2.275002 5.113525 0.000000 0.000000 -3.141592
    57 -2.477620 5.416855 4.597564 1.570804 -0.000001 0.000000
    58 -1.515218 1.317776 5.998497 0.000000 0.000000 0.000000
    59 -2.455992 5.657928 -0.087295 1.570804 -0.000001 0.000000
    60 -1.485628 -1.617812 5.263969 0.000000 0.000000 3.141592
    61 3.756460 5.577858 2.053359 1.570803 -0.000001 0.000000
    62 2.735645 -0.081364 5.727116 0.000004 -0.000011 -1.570795
    63 2.477613 5.416855 4.597570 1.570804 -0.000001 0.000000
    64 1.515220 1.317777 5.998508 0.000000 0.000000 0.000000
    65 2.455991 5.657928 -0.087293 1.570804 -0.000001 0.000000
    66 1.485620 -1.617803 5.263973 0.000000 0.000000 -3.141592
    67 4.575642 5.632584 0.000132 0.000000 -1.570771 0.249128
    68 -0.000001 0.314078 5.161098 0.000000 0.000000 0.000000
    69 -0.000001 -0.323108 3.750217 0.000000 0.000000 0.000000
    70 5.734947 1.075212 4.685178 1.570830 -0.000004 -1.321669
    71 -0.753896 0.305901 4.971462 -0.000001 0.000002 0.000000
    72 -1.101006 -0.314705 3.448307 0.000001 0.000001 0.000000
    73 5.809101 -1.029643 4.595047 1.570829 -0.000004 -1.321671
    74 -0.714908 -0.199657 5.028973 0.000000 0.000003 0.000000
    75 -0.282898 -0.851690 4.444889 0.000000 0.000000 0.000000
    76 9.578484 -1.290738 0.000240 0.000000 1.570770 -2.892481
    77 9.369518 -1.236408 1.787905 0.000000 1.570770 -2.892481
    78 9.436707 -1.331719 -1.409029 0.000000 1.570770 -2.892477
    79 5.735191 1.075235 -4.684885 -1.570814 0.000004 1.819923
    80 0.753901 0.305904 4.971474 -0.000001 -0.000002 0.000000
    81 1.101010 -0.314705 3.448315 0.000000 -0.000001 0.000000
    82 5.809341 -1.029617 -4.594752 -1.570814 0.000004 1.819922
    83 0.714908 -0.199655 5.028969 0.000000 -0.000003 0.000000
    84 0.282897 -0.851688 4.444893 0.000000 0.000000 0.000000
  time 15
    0 1.405294 31.620046 36.095053 1.522859 -0.030956 0.091237
    1 3.983847 0.002149 0.003401 -1.515773 -0.267527 -1.702060
    2 15.938816 -0.000100 -0.000005 -0.000009 -0.000002 0.643482
    3 17.707025 -0.000068 0.000003 0.095278 -0.015806 -1.392869
    4 6.202515 0.003416 -0.000367 -0.011141 0.000923 -0.500547
    5 -3.983848 0.002149 0.003395 -1.459556 -0.262518 -1.590470
    6 15.938826 -0.000113 -0.000001 0.000002 0.000010 1.240085
    7 17.707031 0.000018 0.000000 0.086317 0.063732 -1.268244
    8 6.202710 0.003078 0.003745 -0.077871 -0.007214 -0.726047
    9 -0.000001 4.209253 -1.688832 1.567151 -0.028777 1.559717
    10 3.836055 0.000000 0.000000 -0.003260 -0.022039 -0.111733
    11 3.617625 -0.000275 -0.000015 -0.003847 -0.020621 0.036013
    12 7.537925 0.003588 -0.000212 -0.000434 -0.006348 0.208157
    13 3.181604 -0.002346 0.000028 3.161434 0.051946 0.224629
    14 2.966416 0.000318 0.000023 -0.093448 0.019905 0.080664
    15 2.023770 0.904983 0.850949 1.634302 -1.246793 2.904221
    16 4.980521 0.000781 -0.001089 -1.669165 0.277076 -1.166534
    17 11.119977 0.000007 0.000004 -0.000003 -0.136098 -0.198751
    18 11.205393 -0.000039 0.000000 1.654215 -0.484152 -0.073727
    19 3.767578 0.152466 0.071350 0.014350 0.037540 -0.177489
    20 2.036722 -0.000008 0.000000 -0.000008 0.005001 -0.888530
    21 1.066406 -0.000004 -0.000001 0.000002 0.002790 0.001101
    22 3.783203 -0.017258 0.794434 0.333288 -0.031876 -0.219057
    23 1.627436 0.000008 0.000000 -0.000002 0.005098 -0.697049
    24 0.955566 -0.000002 -0.000001 -0.000004 0.003249 -0.272277
    25 1.258789 -0.297852 1.251953 -1.927900 -0.158435 -0.368924
    26 1.392578 0.000004 -0.000007 0.000000 0.002019 0.071902
    27 1.099609 -0.000004 -0.000003 -0.000002 -0.295768 0.023714
    28 3.547341 0.197447 -1.485758 -0.323544 0.115347 -0.238381
    29 1.218750 0.000002 0.000000 -0.000004 0.004664 -0.629642
    30 0.679688 -0.000001 -0.000002 -0.000001 0.002398 -0.578395
    31 3.697266 0.267334 -0.728516 -0.105269 0.104461 -0.301442
    32 1.748047 0.000000 -0.000004 -0.000001 0.002900 -0.623724
    33 0.956684 0.000008 0.000001 0.000003 0.004804 -0.321825
    34 2.023778 0.904982 -0.850921 -1.883183 1.214942 2.715205
    35 4.981625 0.002227 0.003236 1.609355 -0.057149 -1.048782
    36 11.119975 -0.000005 0.000000 0.000001 0.136123 -0.489893
    37 11.205375 0.000073 0.000008 -1.614877 0.370242 -0.077852
    38 3.767578 0.151855 -0.072693 -0.090833 -0.078893 -0.174026
    39 2.036716 -0.000004 0.000000 0.000000 -0.007577 -0.940629
    40 1.063287 -0.000004 0.000001 0.000001 -0.004232 -0.116574
    41 3.783203 -0.023941 -0.794434 -0.344154 -0.088892 -0.269864
    42 1.628906 0.000000 0.000002 0.000002 -0.007731 -0.659761
    43 0.955566 -0.000001 0.000002 0.000003 -0.004923 -0.331349
    44 1.258789 -0.308350 -1.250000 1.738856 0.204803 -0.550000
    45 1.392578 -0.000004 0.000002 0.000004 0.222430 0.216078
    46 1.099609 0.000003 -0.000006 0.000001 0.280394 0.302814
    47 3.546538 0.208125 1.487114 0.333783 -0.052221 -0.250106
    48 1.218750 0.000004 -0.000001 0.000005 -0.007078 -0.610627
    49 0.679688 0.000006 0.000001 0.000001 -0.003643 -0.669683
    50 3.696249 0.271114 0.723153 0.103581 -0.126168 -0.288627
    51 1.748047 -0.000011 0.000000 0.000000 -0.004401 -0.791139
    52 0.959961 0.000000 0.000000 0.000003 -0.007260 -0.432410
    53 -3.756462 5.577850 2.053357 1.570803 -0.000001 0.000000
    54 -2.735646 -0.081365 5.727119 0.000007 0.000015 1.570796
    55 0.000001 5.662003 -0.974302 1.570804 -0.000001 0.000000
    56 -0.000002 -2.275002 5.113525 0.000000 0.000000 -3.141592
    57 -2.477620 5.416855 4.597564 1.570804 -0.000001 0.000000
    58 -1.515218 1.317776 5.998497 0.000000 0.000000 0.000000
    59 -2.455992 5.657928 -0.087295 1.570804 -0.000001 0.000000
    60 -1.485628 -1.617812 5.263969 0.000000 0.000000 3.141592
    61 3.756460 5.577858 2.053359 1.570803 -0.000001 0.000000
    62 2.735645 -0.081364 5.727116 0.000004 -0.000011 -1.570795
    63 2.477613 5.416855 4.597570 1.570804 -0.000001 0.000000
    64 1.515220 1.317777 5.998508 0.000000 0.000000 0.000000
    65 2.455991 5.657928 -0.087293 1.570804 -0.000001 0.000000
    66 1.485620 -1.617803 5.263973 0.000000 0.000000 -3.141592
    67 4.575642 5.632584 0.000132 0.000000 -1.570771 0.249128
    68 -0.000001 0.314078 5.161098 0.000000 0.000000 0.000000
    69 -0.000001 -0.323108 3.750217 0.000000 0.000000 0.000000
    70 5.734947 1.075212 4.685178 1.570830 -0.000004 -1.321669
    71 -0.753896 0.305901 4.971462 -0.000001 0.000002 0.000000
    72 -1.101006 -0.314705 3.448307 0.000001 0.000001 0.000000
    73 5.809101 -1.029643 4.595047 1.570829 -0.000004 -1.321671
    74 -0.714908 -0.199657 5.028973 0.000000 0.000003 0.000000
    75 -0.282898 -0.851690 4.444889 0.000000 0.000000 0.000000
    76 9.578484 -1.290738 0.000240 0.000000 1.570770 -2.892481
    77 9.369518 -1.236408 1.787905 0.000000 1.570770 -2.892481
    78 9.436707 -1.331719 -1.409029 0.000000 1.570770 -2.892477
    79 5.735191 1.075235 -4.684885 -1.570814 0.000004 1.819923
    80 0.753901 0.305904 4.971474 -0.000001 -0.000002 0.000000
    81 1.101010 -0.314705 3.448315 0.000000 -0.000001 0.000000
    82 5.809341 -1.029617 -4.594752 -1.570814 0.000004 1.819922
    83 0.714908 -0.199655 5.028969 0.000000 -0.000003 0.000000
    84 0.282897 -0.851688 4.444893 0.000000 0.000000 0.000000
  time 16
    0 1.319331 33.451218 36.161462 1.517778 -0.025671 0.112068
    1 3.983847 0.002149 0.003401 -1.493543 -0.314074 -1.706620
    2 15.938816 -0.000100 -0.000005 -0.000009 -0.000002 0.632135
    3 17.707025 -0.000068 0.000003 0.094314 -0.015381 -1.327524
    4 6.202515 0.003416 -0.000367 -0.011141 0.000923 -0.500547
    5 -3.983848 0.002149 0.003395 -1.441404 -0.116905 -1.571828
    6 15.938826 -0.000113 -0.000001 0.000002 0.000010 1.190898
    7 17.707031 0.000018 0.000000 0.108440 0.098567 -1.198193
    8 6.202710 0.003078 0.003745 -0.078890 -0.007573 -0.669862
    9 -0.000001 4.209253 -1.688832 1.567007 -0.031604 1.561395
    10 3.836055 0.000000 0.000000 -0.003536 -0.018599 -0.108857
    11 3.617625 -0.000275 -0.000015 -0.004206 -0.021232 0.038885
    12 7.537925 0.003588 -0.000212 -0.000410 -0.006180 0.208157
    13 3.181604 -0.002346 0.000028 3.160859 0.050400 0.224581
    14 2.966416 0.000318 0.000023 -0.111749 0.010821 0.091556
    15 2.023770 0.904983 0.850949 1.641802 -1.246630 2.896335
    16 4.980521 0.000781 -0.001089 -1.679795 0.287095 -1.173334
    17 11.119977 0.000007 0.000004 -0.000003 -0.136098 -0.186973
    18 11.205393 -0.000039 0.000000 1.656472 -0.499672 -0.074111
    19 3.767578 0.152466 0.071350 0.014350 0.037540 -0.177489
    20 2.036722 -0.000008 0.000000 -0.000008 0.005001 -0.888530
    21 1.066406 -0.000004 -0.000001 0.000002 0.002790 0.001101
    22 3.783203 -0.017258 0.794434 0.333288 -0.031876 -0.219057
    23 1.627436 0.000008 0.000000 -0.000014 0.005098 -0.697049
    24 0.955566 -0.000002 -0.000001 -0.000004 0.003249 -0.272277
    25 1.258789 -0.297852 1.251953 -1.927900 -0.158435 -0.368924
    26 1.392578 0.000004 -0.000007 0.000000 0.002019 0.071902
    27 1.099609 -0.000004 -0.000003 -0.000002 -0.295768 0.023714
    28 3.547341 0.197447 -1.485758 -0.323544 0.115347 -0.238381
    29 1.218750 0.000002 0.000000 -0.000004 0.004664 -0.629642
    30 0.679688 -0.000001 -0.000002 -0.000001 0.002398 -0.578395
    31 3.697266 0.267334 -0.728516 -0.105269 0.104461 -0.301442
    32 1.748047 0.000000 -0.000004 -0.000001 0.002900 -0.623724
    33 0.956684 0.000008 0.000001 0.000003 0.004804 -0.321825
    34 2.023778 0.904982 -0.850921 -1.876607 1.215837 2.722159
    35 4.981625 0.002227 0.003236 1.606981 -0.053137 -1.039791
    36 11.119975 -0.000005 0.000000 0.000001 0.136123 -0.524449
    37 11.205375 0.000073 0.000008 -1.648425 0.372172 -0.113278
    38 3.767578 0.151855 -0.072693 -0.090833 -0.078893 -0.174026
    39 2.036716 -0.000004 0.000000 0.000012 -0.007577 -0.940629
    40 1.063287 -0.000004 0.000001 0.000001 -0.004232 -0.116574
    41 3.783203 -0.023941 -0.794434 -0.344154 -0.088892 -0.269864
    42 1.628906 0.000000 0.000002 0.000002 -0.007731 -0.659761
    43 0.955566 -0.000001 0.000002 0.000003 -0.004923 -0.331349
    44 1.258789 -0.308350 -1.250000 1.738856 0.204803 -0.550000
    45 1.392578 -0.000004 0.000002 0.000004 0.222430 0.216078
    46 1.099609 0.000003 -0.000006 0.000001 0.280394 0.302814
    47 3.546538 0.208125 1.487114 0.333783 -0.052221 -0.250106
    48 1.218750 0.000004 -0.000001 0.000005 -0.007078 -0.610627
    49 0.679688 0.000006 0.000001 0.000001 -0.003643 -0.669683
    50 3.696249 0.271114 0.723153 0.103581 -0.126168 -0.288614
    51 1.748047 -0.000011 0.000000 0.000000 -0.004401 -0.791139
    52 0.959961 0.000000 0.000000 0.000003 -0.007260 -0.432410
    53 -3.756462 5.577850 2.053357 1.570803 -0.000001 0.000000
    54 -2.735646 -0.081365 5.727119 0.000007 0.000015 1.570796
    55 0.000001 5.662003 -0.974302 1.570804 -0.000001 0.000000
    56 -0.000002 -2.275002 5.113525 0.000000 0.000000 -3.141592
    57 -2.477620 5.416855 4.597564 1.570804 -0.000001 0.000000
    58 -1.515218 1.317776 5.998497 0.000000 0.000000 0.000000
    59 -2.455992 5.657928 -0.087295 1.570804 -0.000001 0.000000
    60 -1.485628 -1.617812 5.263969 0.000000 0.000000 3.141592
    61 3.756460 5.577858 2.053359 1.570803 -0.000001 0.000000
    62 2.735645 -0.081364 5.727116 0.000004 -0.000011 -1.570795
    63 2.477613 5.416855 4.597570 1.570804 -0.000001 0.000000
    64 1.515220 1.317777 5.998508 0.000000 0.000000 0.000000
    65 2.455991 5.657928 -0.087293 1.570804 -0.000001 0.000000
    66 1.485620 -1.617803 5.263973 0.000000 0.000000 -3.141592
    67 4.575642 5.632584 0.000132 0.000000 -1.570771 0.249128
    68 -0.000001 0.314078 5.161098 0.000000 0.000000 0.000000
    69 -0.000001 -0.323108 3.750217 0.000000 0.000000 0.000000
    70 5.734947 1.075212 4.685178 1.570830 -0.000004 -1.321669
    71 -0.753896 0.305901 4.971462 -0.000001 0.000002 0.000000
    72 -1.101006 -0.314705 3.448307 0.000001 0.000001 0.000000
    73 5.809101 -1.029643 4.595047 1.570829 -0.000004 -1.321671
    74 -0.714908 -0.199657 5.028973 0.000000 0.000003 0.000000
    75 -0.282898 -0.851690 4.444889 0.000000 0.000000 0.000000
    76 9.578484 -1.290738 0.000240 0.000000 1.570770 -2.892481
    77 9.369518 -1.236408 1.787905 0.000000 1.570770 -2.892481
    78 9.436707 -1.331719 -1.409029 0.000000 1.570770 -2.892477
    79 5.735191 1.075235 -4.684885 -1.570814 0.000004 1.819923
    80 0.753901 0.305904 4.971474 -0.000001 -0.000002 0.000000
    81 1.101010 -0.314705 3.448315 0.000000 -0.000001 0.000000
    82 5.809341 -1.029617 -4.594752 -1.570814 0.000004 1.819922
    83 0.714908 -0.199655 5.028969 0.000000 -0.000003 0.000000
    84 0.282897 -0.851688 4.444893 0.000000 0.000000 0.000000
  time 17
    0 1.206024 35.399580 36.180993 1.509341 -0.023622 0.127468
    1 3.983847 0.002149 0.003401 -1.476822 -0.349852 -1.712789
    2 15.938816 -0.000100 -0.000005 -0.000009 -0.000002 0.601216
    3 17.707025 -0.000068 0.000003 0.092772 -0.014575 -1.250615
    4 6.202515 0.003416 -0.000367 -0.011141 0.000923 -0.500547
    5 -3.983848 0.002149 0.003395 -1.426310 0.008999 -1.552811
    6 15.938826 -0.000113 -0.000001 0.000002 0.000010 1.099011
    7 17.707031 0.000018 0.000000 0.103816 0.086824 -1.106802
    8 6.202710 0.003078 0.003745 -0.079537 -0.008041 -0.662837
    9 -0.000001 4.209253 -1.688832 1.566912 -0.036288 1.562018
    10 3.836055 0.000000 0.000000 -0.003739 -0.018611 -0.104183
    11 3.617625 -0.000275 -0.000015 -0.004518 -0.020993 0.043531
    12 7.537925 0.003588 -0.000212 -0.000326 -0.005533 0.208145
    13 3.181604 -0.002346 0.000028 3.159708 0.047619 0.224545
    14 2.966416 0.000318 0.000023 -0.124261 0.001257 0.103447
    15 2.023770 0.904983 0.850949 1.666903 -1.245490 2.869779
    16 4.980521 0.000781 -0.001089 -1.704204 0.296845 -1.178114
    17 11.119977 0.000007 0.000004 -0.000003 -0.136098 -0.174794
    18 11.205393 -0.000039 0.000000 1.640386 -0.500475 -0.020959
    19 3.767578 0.152466 0.071350 0.014350 0.037540 -0.177489
    20 2.036722 -0.000008 0.000000 -0.000008 0.005001 -0.888530
    21 1.066406 -0.000004 -0.000001 0.000002 0.002790 0.001101
    22 3.783203 -0.017258 0.794434 0.333288 -0.031876 -0.219057
    23 1.627436 0.000008 0.000000 -0.000002 0.005098 -0.697049
    24 0.955566 -0.000002 -0.000001 -0.000004 0.003249 -0.272277
    25 1.258789 -0.297852 1.251953 -1.927900 -0.158435 -0.368924
    26 1.392578 0.000004 -0.000007 0.000000 0.002019 0.071902
    27 1.099609 -0.000004 -0.000003 -0.000002 -0.295768 0.023714
    28 3.547341 0.197447 -1.485758 -0.323544 0.115347 -0.238381
    29 1.218750 0.000002 0.000000 -0.000004 0.004664 -0.629642
    30 0.679688 -0.000001 -0.000002 -0.000001 0.002398 -0.578395
    31 3.697266 0.267334 -0.728516 -0.105269 0.104461 -0.301442
    32 1.748047 0.000000 -0.000004 -0.000001 0.002900 -0.623724
    33 0.956684 0.000008 0.000001 0.000003 0.004804 -0.321825
    34 2.023778 0.904982 -0.850921 -1.855210 1.218850 2.745281
    35 4.981625 0.002227 0.003236 1.610438 -0.047036 -1.036001
    36 11.119975 -0.000005 0.000000 0.000001 0.136123 -0.572183
    37 11.205375 0.000073 0.000008 -1.735468 0.355333 -0.183268
    38 3.767578 0.151855 -0.072693 -0.090833 -0.078893 -0.174026
    39 2.036716 -0.000004 0.000000 0.000000 -0.007577 -0.940629
    40 1.063287 -0.000004 0.000001 0.000001 -0.004232 -0.116574
    41 3.783203 -0.023941 -0.794434 -0.344154 -0.088892 -0.269864
    42 1.628906 0.000000 0.000002 0.000002 -0.007731 -0.659761
    43 0.955566 -0.000001 0.000002 0.000003 -0.004923 -0.331349
    44 1.258789 -0.308350 -1.250000 1.738856 0.204803 -0.550000
    45 1.392578 -0.000004 0.000002 0.000004 0.222430 0.216078
    46 1.099609 0.000003 -0.000006 0.000001 0.280394 0.302814
    47 3.546538 0.208125 1.487114 0.333783 -0.052221 -0.250106
    48 1.218750 0.000004 -0.000001 0.000005 -0.007078 -0.610627
    49 0.679688 0.000006 0.000001 0.000001 -0.003643 -0.669683
    50 3.696249 0.271114 0.723153 0.103581 -0.126168 -0.288627
    51 1.748047 -0.000011 0.000000 0.000000 -0.004401 -0.791139
    52 0.959961 0.000000 0.000000 0.000003 -0.007260 -0.432410
    53 -3.756462 5.577850 2.053357 1.570803 -0.000001 0.000000
    54 -2.735646 -0.081365 5.727119 0.000007 0.000015 1.570796
    55 0.000001 5.662003 -0.974302 1.570804 -0.000001 0.000000
    56 -0.000002 -2.275002 5.113525 0.000000 0.000000 -3.141592
    57 -2.477620 5.416855 4.597564 1.570804 -0.000001 0.000000
    58 -1.515218 1.317776 5.998497 0.000000 0.000000 0.000000
    59 -2.455992 5.657928 -0.087295 1.570804 -0.000001 0.000000
    60 -1.485628 -1.617812 5.263969 0.000000 0.000000 3.141592
    61 3.756460 5.577858 2.053359 1.570803 -0.000001 0.000000
    62 2.735645 -0.081364 5.727116 0.000004 -0.000011 -1.570795
    63 2.477613 5.416855 4.597570 1.570804 -0.000001 0.000000
    64 1.515220 1.317777 5.998508 0.000000 0.000000 0.000000
    65 2.455991 5.657928 -0.087293 1.570804 -0.000001 0.000000
    66 1.485620 -1.617803 5.263973 0.000000 0.000000 -3.141592
    67 4.575642 5.632584 0.000132 0.000000 -1.570771 0.249128
    68 -0.000001 0.314078 5.161098 0.000000 0.000000 0.000000
    69 -0.000001 -0.323108 3.750217 0.000000 0.000000 0.000000
    70 5.734947 1.075212 4.685178 1.570830 -0.000004 -1.321669
    71 -0.753896 0.305901 4.971462 -0.000001 0.000002 0.000000
    72 -1.101006 -0.314705 3.448307 0.000001 0.000001 0.000000
    73 5.809101 -1.029643 4.595047 1.570829 -0.000004 -1.321671
    74 -0.714908 -0.199657 5.028973 0.000000 0.000003 0.000000
    75 -0.282898 -0.851690 4.444889 0.000000 0.000000 0.000000
    76 9.578484 -1.290738 0.000240 0.000000 1.570770 -2.892481
    77 9.369518 -1.236408 1.787905 0.000000 1.570770 -2.892481
    78 9.436707 -1.331719 -1.409029 0.000000 1.570770 -2.892477
    79 5.735191 1.075235 -4.684885 -1.570814 0.000004 1.819923
    80 0.753901 0.305904 4.971474 -0.000001 -0.000002 0.000000
    81 1.101010 -0.314705 3.448315 0.000000 -0.000001 0.000000
    82 5.809341 -1.029617 -4.594752 -1.570814 0.000004 1.819922
    83 0.714908 -0.199655 5.028969 0.000000 -0.000003 0.000000
    84 0.282897 -0.851688 4.444893 0.000000 0.000000 0.000000
  time 18
    0 1.077091 37.480760 36.180993 1.500137 -0.022663 0.136605
    1 3.983847 0.002149 0.003401 -1.466942 -0.373660 -1.717081
    2 15.938816 -0.000100 -0.000005 -0.000009 -0.000002 0.541802
    3 17.707025 -0.000068 0.000003 0.090982 -0.013684 -1.157339
    4 6.202515 0.003416 -0.000367 -0.011141 0.000923 -0.500547
    5 -3.983848 0.002149 0.003395 -1.415705 0.113732 -1.532390
    6 15.938826 -0.000113 -0.000001 0.000002 0.000010 0.952458
    7 17.707031 0.000018 0.000000 0.077612 0.070353 -0.995434
    8 6.202710 0.003078 0.003745 -0.079585 -0.008424 -0.699015
    9 -0.000001 4.209253 -1.688832 1.566768 -0.041437 1.562258
    10 3.836055 0.000000 0.000000 -0.003883 -0.019797 -0.099089
    11 3.617625 -0.000275 -0.000015 -0.004662 -0.020322 0.048642
    12 7.537925 0.003588 -0.000212 -0.000242 -0.004982 0.208145
    13 3.181604 -0.002346 0.000028 3.158078 0.043389 0.224450
    14 2.966416 0.000318 0.000023 -0.130313 -0.008307 0.113703
    15 2.023770 0.904983 0.850949 1.683103 -1.244472 2.852739
    16 4.980521 0.000781 -0.001089 -1.716795 0.295192 -1.176720
    17 11.119977 0.000007 0.000004 -0.000003 -0.136098 -0.173307
    18 11.205393 -0.000039 0.000000 1.624012 -0.483884 0.036303
    19 3.767578 0.152466 0.071350 0.014350 0.037540 -0.177489
    20 2.036722 -0.000008 0.000000 -0.000008 0.005001 -0.888530
    21 1.066406 -0.000004 -0.000001 0.000002 0.002790 0.001101
    22 3.783203 -0.017258 0.794434 0.333288 -0.031876 -0.219057
    23 1.627436 0.000008 0.000000 -0.000002 0.005098 -0.697049
    24 0.955566 -0.000002 -0.000001 -0.000004 0.003249 -0.272277
    25 1.258789 -0.297852 1.251953 -1.927900 -0.158435 -0.368924
    26 1.392578 0.000004 -0.000007 0.000000 0.002019 0.071902
    27 1.099609 -0.000004 -0.000003 -0.000002 -0.295768 0.023714
    28 3.547341 0.197447 -1.485758 -0.323544 0.115347 -0.238381
    29 1.218750 0.000002 0.000000 -0.000004 0.004664 -0.629642
    30 0.679688 -0.000001 -0.000002 -0.000001 0.002398 -0.578395
    31 3.697266 0.267334 -0.728516 -0.105269 0.104461 -0.301442
    32 1.748047 0.000000 -0.000004 -0.000001 0.002900 -0.623724
    33 0.956684 0.000008 0.000001 0.000015 0.004804 -0.321825
    34 2.023778 0.904982 -0.850921 -1.841119 1.220927 2.760184
    35 4.981625 0.002227 0.003236 1.616011 -0.046734 -1.038381
    36 11.119975 -0.000005 0.000000 0.000001 0.136123 -0.582462
    37 11.205375 0.000073 0.000008 -1.768062 0.337704 -0.212594
    38 3.767578 0.151855 -0.072693 -0.090833 -0.078893 -0.174026
    39 2.036716 -0.000004 0.000000 0.000000 -0.007577 -0.940629
    40 1.063287 -0.000004 0.000001 0.000001 -0.004232 -0.116574
    41 3.783203 -0.023941 -0.794434 -0.344154 -0.088892 -0.269864
    42 1.628906 0.000000 0.000002 0.000002 -0.007731 -0.659761
    43 0.955566 -0.000001 0.000002 0.000003 -0.004923 -0.331349
    44 1.258789 -0.308350 -1.250000 1.738856 0.204803 -0.550000
    45 1.392578 -0.000004 0.000002 0.000004 0.222430 0.216078
    46 1.099609 0.000003 -0.000006 0.000001 0.280394 0.302814
    47 3.546538 0.208125 1.487114 0.333783 -0.052221 -0.250106
    48 1.218750 0.000004 -0.000001 0.000005 -0.007078 -0.610627
    49 0.679688 0.000006 0.000001 0.000001 -0.003643 -0.669683
    50 3.696249 0.271114 0.723153 0.103581 -0.126168 -0.288614
    51 1.748047 -0.000011 0.000000 0.000000 -0.004401 -0.791139
    52 0.959961 0.000000 0.000000 0.000003 -0.007260 -0.432410
    53 -3.756462 5.577850 2.053357 1.570803 -0.000001 0.000000
    54 -2.735646 -0.081365 5.727119 0.000007 0.000015 1.570796
    55 0.000001 5.662003 -0.974302 1.570804 -0.000001 0.000000
    56 -0.000002 -2.275002 5.113525 0.000000 0.000000 -3.141592
    57 -2.477620 5.416855 4.597564 1.570804 -0.000001 0.000000
    58 -1.515218 1.317776 5.998497 0.000000 0.000000 0.000000
    59 -2.455992 5.657928 -0.087295 1.570804 -0.000001 0.000000
    60 -1.485628 -1.617812 5.263969 0.000000 0.000000 3.141592
    61 3.756460 5.577858 2.053359 1.570803 -0.000001 0.000000
    62 2.735645 -0.081364 5.727116 0.000004 -0.000011 -1.570795
    63 2.477613 5.416855 4.597570 1.570804 -0.000001 0.000000
    64 1.515220 1.317777 5.998508 0.000000 0.000000 0.000000
    65 2.455991 5.657928 -0.087293 1.570804 -0.000001 0.000000
    66 1.485620 -1.617803 5.263973 0.000000 0.000000 -3.141592
    67 4.575642 5.632584 0.000132 0.000000 -1.570771 0.249128
    68 -0.000001 0.314078 5.161098 0.000000 0.000000 0.000000
    69 -0.000001 -0.323108 3.750217 0.000000 0.000000 0.000000
    70 5.734947 1.075212 4.685178 1.570830 -0.000004 -1.321669
    71 -0.753896 0.305901 4.971462 -0.000001 0.000002 0.000000
    72 -1.101006 -0.314705 3.448307 0.000001 0.000001 0.000000
    73 5.809101 -1.029643 4.595047 1.570829 -0.000004 -1.321671
    74 -0.714908 -0.199657 5.028973 0.000000 0.000003 0.000000
    75 -0.282898 -0.851690 4.444889 0.000000 0.000000 0.000000
    76 9.578484 -1.290738 0.000240 0.000000 1.570770 -2.892481
    77 9.369518 -1.236408 1.787905 0.000000 1.570770 -2.892481
    78 9.436707 -1.331719 -1.409029 0.000000 1.570770 -2.892477
    79 5.735191 1.075235 -4.684885 -1.570814 0.000004 1.819923
    80 0.753901 0.305904 4.971474 -0.000001 -0.000002 0.000000
    81 1.101010 -0.314705 3.448315 0.000000 -0.000001 0.000000
    82 5.809341 -1.029617 -4.594752 -1.570814 0.000004 1.819922
    83 0.714908 -0.199655 5.028969 0.000000 -0.000003 0.000000
    84 0.282897 -0.851688 4.444893 0.000000 0.000000 0.000000
  time 19
    0 0.928626 39.694756 36.157555 1.493282 -0.021968 0.138139
    1 3.983847 0.002149 0.003401 -1.465517 -0.384429 -1.716276
    2 15.938816 -0.000100 -0.000005 -0.000009 -0.000002 0.460204
    3 17.707025 -0.000068 0.000003 0.089441 -0.008422 -1.107840
    4 6.202515 0.003416 -0.000367 -0.011381 0.000791 -0.500547
    5 -3.983848 0.002149 0.003395 -1.411502 0.193173 -1.510188
    6 15.938826 -0.000113 -0.000001 0.000002 0.000010 0.794631
    7 17.707031 0.000018 0.000000 0.040234 0.072191 -0.943479
    8 6.202710 0.003078 0.003745 -0.078758 -0.008532 -0.776412
    9 -0.000001 4.209253 -1.688832 1.566624 -0.045395 1.562354
    10 3.836055 0.000000 0.000000 -0.003883 -0.020936 -0.095194
    11 3.617625 -0.000275 -0.000015 -0.004710 -0.019099 0.052528
    12 7.537925 0.003588 -0.000212 -0.000147 -0.004239 0.208145
    13 3.181604 -0.002346 0.000028 3.155778 0.037444 0.224354
    14 2.966416 0.000318 0.000023 -0.129294 -0.017355 0.119603
    15 2.023770 0.904983 0.850949 1.700953 -1.243088 2.833886
    16 4.980521 0.000781 -0.001089 -1.728148 0.291211 -1.173732
    17 11.119977 0.000007 0.000004 -0.000003 -0.136098 -0.174450
    18 11.205393 -0.000039 0.000000 1.612055 -0.455922 0.101356
    19 3.767578 0.152466 0.071350 0.014350 0.037540 -0.177489
    20 2.036722 -0.000008 0.000000 -0.000008 0.005001 -0.888530
    21 1.066406 -0.000004 -0.000001 0.000002 0.002790 0.001101
    22 3.783203 -0.017258 0.794434 0.333288 -0.031876 -0.219057
    23 1.627436 0.000008 0.000000 -0.000002 0.005098 -0.697049
    24 0.955566 -0.000002 -0.000001 -0.000004 0.003249 -0.272277
    25 1.258789 -0.297852 1.251953 -1.927900 -0.158435 -0.368924
    26 1.392578 0.000004 -0.000007 0.000000 0.002019 0.071902
    27 1.099609 -0.000004 -0.000003 -0.000002 -0.295768 0.023714
    28 3.547341 0.197447 -1.485758 -0.323544 0.115347 -0.238381
    29 1.218750 0.000002 0.000000 -0.000004 0.004664 -0.629642
    30 0.679688 -0.000001 -0.000002 -0.000001 0.002398 -0.578395
    31 3.697266 0.267334 -0.728516 -0.105269 0.104461 -0.301442
    32 1.748047 0.000000 -0.000004 -0.000001 0.002900 -0.623724
    33 0.956684 0.000008 0.000001 0.000003 0.004804 -0.321825
    34 2.023778 0.904982 -0.850921 -1.825567 1.223370 2.776713
    35 4.981625 0.002227 0.003236 1.623750 -0.049427 -1.043347
    36 11.119975 -0.000005 0.000000 0.000001 0.136123 -0.583282
    37 11.205375 0.000073 0.000008 -1.783380 0.315856 -0.234826
    38 3.767578 0.151855 -0.072693 -0.090833 -0.078893 -0.174026
    39 2.036716 -0.000004 0.000000 0.000012 -0.007577 -0.940629
    40 1.063287 -0.000004 0.000001 0.000001 -0.004232 -0.116574
    41 3.783203 -0.023941 -0.794434 -0.344154 -0.088892 -0.269864
    42 1.628906 0.000000 0.000002 0.000002 -0.007731 -0.659761
    43 0.955566 -0.000001 0.000002 0.000003 -0.004923 -0.331349
    44 1.258789 -0.308350 -1.250000 1.738856 0.204803 -0.550000
    45 1.392578 -0.000004 0.000002 0.000004 0.222430 0.216078
    46 1.099609 0.000003 -0.000006 0.000001 0.280394 0.302814
    47 3.546538 0.208125 1.487114 0.333783 -0.052221 -0.250106
    48 1.218750 0.000004 -0.000001 0.000005 -0.007078 -0.610627
    49 0.679688 0.000006 0.000001 0.000001 -0.003643 -0.669683
    50 3.696249 0.271114 0.723153 0.103581 -0.126168 -0.288627
    51 1.748047 -0.000011 0.000000 0.000000 -0.004401 -0.791139
    52 0.959961 0.000000 0.000000 0.000003 -0.007260 -0.432410
    53 -3.756462 5.577850 2.053357 1.570803 -0.000001 0.000000
    54 -2.735646 -0.081365 5.727119 0.000007 0.000015 1.570796
    55 0.000001 5.662003 -0.974302 1.570804 -0.000001 0.000000
    56 -0.000002 -2.275002 5.113525 0.000000 0.000000 -3.141592
    57 -2.477620 5.416855 4.597564 1.570804 -0.000001 0.000000
    58 -1.515218 1.317776 5.998497 0.000000 0.000000 0.000000
    59 -2.455992 5.657928 -0.087295 1.570804 -0.000001 0.000000
    60 -1.485628 -1.617812 5.263969 0.000000 0.000000 3.141592
    61 3.756460 5.577858 2.053359 1.570803 -0.000001 0.000000
    62 2.735645 -0.081364 5.727116 0.000004 -0.000011 -1.570795
    63 2.477613 5.416855 4.597570 1.570804 -0.000001 0.000000
    64 1.515220 1.317777 5.998508 0.000000 0.000000 0.000000
    65 2.455991 5.657928 -0.087293 1.570804 -0.000001 0.000000
    66 1.485620 -1.617803 5.263973 0.000000 0.000000 -3.141592
    67 4.575642 5.632584 0.000132 0.000000 -1.570771 0.249128
    68 -0.000001 0.314078 5.161098 0.000000 0.000000 0.000000
    69 -0.000001 -0.323108 3.750217 0.000000 0.000000 0.000000
    70 5.734947 1.075212 4.685178 1.570830 -0.000004 -1.321669
    71 -0.753896 0.305901 4.971462 -0.000001 0.000002 0.000000
    72 -1.101006 -0.314705 3.448307 0.000001 0.000001 0.000000
    73 5.809101 -1.029643 4.595047 1.570829 -0.000004 -1.321671
    74 -0.714908 -0.199657 5.028973 0.000000 0.000003 0.000000
    75 -0.282898 -0.851690 4.444889 0.000000 0.000000 0.000000
    76 9.578484 -1.290738 0.000240 0.000000 1.570770 -2.892481
    77 9.369518 -1.236408 1.787905 0.000000 1.570770 -2.892481
    78 9.436707 -1.331719 -1.409029 0.000000 1.570770 -2.892477
    79 5.735191 1.075235 -4.684885 -1.570814 0.000004 1.819923
    80 0.753901 0.305904 4.971474 -0.000001 -0.000002 0.000000
    81 1.101010 -0.314705 3.448315 0.000000 -0.000001 0.000000
    82 5.809341 -1.029617 -4.594752 -1.570814 0.000004 1.819922
    83 0.714908 -0.199655 5.028969 0.000000 -0.000003 0.000000
    84 0.282897 -0.851688 4.444893 0.000000 0.000000 0.000000
  time 20
    0 0.776255 41.986879 36.063802 1.490262 -0.020482 0.131685
    1 3.983847 0.002149 0.003401 -1.472642 -0.379623 -1.708587
    2 15.938816 -0.000100 -0.000005 -0.000009 -0.000002 0.359544
    3 17.707025 -0.000068 0.000003 0.087293 0.003989 -1.149201
    4 6.202515 0.003416 -0.000367 -0.012160 0.000396 -0.500547
    5 -3.983848 0.002149 0.003395 -1.415419 0.240237 -1.491265
    6 15.938826 -0.000113 -0.000001 0.000002 0.000010 0.679127
    7 17.707031 0.000018 0.000000 -0.004285 0.079793 -1.050988
    8 6.202710 0.003078 0.003745 -0.077056 -0.007921 -0.892618
    9 -0.000001 4.209253 -1.688832 1.566624 -0.047313 1.562737
    10 3.836055 0.000000 0.000000 -0.003811 -0.020912 -0.093253
    11 3.617625 -0.000275 -0.000015 -0.004614 -0.017289 0.054457
    12 7.537925 0.003588 -0.000212 -0.000015 -0.003316 0.208133
    13 3.181604 -0.002346 0.000028 3.152805 0.029559 0.224258
    14 2.966416 0.000318 0.000023 -0.120977 -0.025085 0.121509
    15 2.023770 0.904983 0.850949 1.719703 -1.241337 2.814036
    16 4.980521 0.000781 -0.001089 -1.736817 0.285004 -1.169351
    17 11.119977 0.000007 0.000004 -0.000003 -0.136098 -0.178053
    18 11.205393 -0.000039 0.000000 1.612488 -0.422851 0.143853
    19 3.767578 0.152466 0.071350 0.014350 0.037540 -0.177489
    20 2.036722 -0.000008 0.000000 -0.000008 0.005001 -0.888499
    21 1.066406 -0.000004 -0.000001 0.000002 0.002790 0.001101
    22 3.783203 -0.017258 0.794434 0.333288 -0.031876 -0.219057
    23 1.627436 0.000008 0.000000 -0.000002 0.005098 -0.697049
    24 0.955566 -0.000002 -0.000001 -0.000004 0.003249 -0.272277
    25 1.258789 -0.297852 1.251953 -1.927900 -0.158435 -0.368924
    26 1.392578 0.000004 -0.000007 0.000000 0.002019 0.071902
    27 1.099609 -0.000004 -0.000003 -0.000002 -0.295768 0.023714
    28 3.547341 0.197447 -1.485758 -0.323544 0.115347 -0.238381
    29 1.218750 0.000002 0.000000 -0.000004 0.004664 -0.629642
    30 0.679688 -0.000001 -0.000002 -0.000001 0.002398 -0.578395
    31 3.697266 0.267334 -0.728516 -0.105269 0.104461 -0.301442
    32 1.748047 0.000000 -0.000004 -0.000001 0.002900 -0.623724
    33 0.956684 0.000008 0.000001 0.000003 0.004804 -0.321825
    34 2.023778 0.904982 -0.850921 -1.808710 1.226057 2.794687
    35 4.981625 0.002227 0.003236 1.633502 -0.055500 -1.050104
    36 11.119975 -0.000005 0.000000 0.000001 0.136123 -0.575147
    37 11.205375 0.000073 0.000008 -1.783953 0.291695 -0.248908
    38 3.767578 0.151855 -0.072693 -0.090833 -0.078893 -0.174026
    39 2.036716 -0.000004 0.000000 0.000012 -0.007577 -0.940629
    40 1.063287 -0.000004 0.000001 0.000001 -0.004232 -0.116574
    41 3.783203 -0.023941 -0.794434 -0.344154 -0.088892 -0.269864
    42 1.628906 0.000000 0.000002 0.000002 -0.007731 -0.659761
    43 0.955566 -0.000001 0.000002 0.000003 -0.004923 -0.331349
    44 1.258789 -0.308350 -1.250000 1.738856 0.204803 -0.550000
    45 1.392578 -0.000004 0.000002 0.000004 0.222430 0.216078
    46 1.099609 0.000003 -0.000006 0.000001 0.280394 0.302814
    47 3.546538 0.208125 1.487114 0.333783 -0.052221 -0.250106
    48 1.218750 0.000004 -0.000001 0.000005 -0.007078 -0.610627
    49 0.679688 0.000006 0.000001 0.000001 -0.003643 -0.669683
    50 3.696249 0.271114 0.723153 0.103581 -0.126168 -0.288627
    51 1.748047 -0.000011 0.000000 0.000000 -0.004401 -0.791139
    52 0.959961 0.000000 0.000000 0.000003 -0.007260 -0.432410
    53 -3.756462 5.577850 2.053357 1.570803 -0.000001 0.000000
    54 -2.735646 -0.081365 5.727119 0.000007 0.000015 1.570796
    55 0.000001 5.662003 -0.974302 1.570804 -0.000001 0.000000
    56 -0.000002 -2.275002 5.113525 0.000000 0.000000 -3.141592
    57 -2.477620 5.416855 4.597564 1.570804 -0.000001 0.000000
    58 -1.515218 1.317776 5.998497 0.000000 0.000000 0.000000
    59 -2.455992 5.657928 -0.087295 1.570804 -0.000001 0.000000
    60 -1.485628 -1.617812 5.263969 0.000000 0.000000 3.141592
    61 3.756460 5.577858 2.053359 1.570803 -0.000001 0.000000
    62 2.735645 -0.081364 5.727116 0.000004 -0.000011 -1.570795
    63 2.477613 5.416855 4.597570 1.570804 -0.000001 0.000000
    64 1.515220 1.317777 5.998508 0.000000 0.000000 0.000000
    65 2.455991 5.657928 -0.087293 1.570804 -0.000001 0.000000
    66 1.485620 -1.617803 5.263973 0.000000 0.000000 -3.141592
    67 4.575642 5.632584 0.000132 0.000000 -1.570771 0.249128
    68 -0.000001 0.314078 5.161098 0.000000 0.000000 0.000000
    69 -0.000001 -0.323108 3.750217 0.000000 0.000000 0.000000
    70 5.734947 1.075212 4.685178 1.570830 -0.000004 -1.321669
    71 -0.753896 0.305901 4.971462 -0.000001 0.000002 0.000000
    72 -1.101006 -0.314705 3.448307 0.000001 0.000001 0.000000
    73 5.809101 -1.029643 4.595047 1.570829 -0.000004 -1.321671
    74 -0.714908 -0.199657 5.028973 0.000000 0.000003 0.000000
    75 -0.282898 -0.851690 4.444889 0.000000 0.000000 0.000000
    76 9.578484 -1.290738 0.000240 0.000000 1.570770 -2.892481
    77 9.369518 -1.236408 1.787905 0.000000 1.570770 -2.892481
    78 9.436707 -1.331719 -1.409029 0.000000 1.570770 -2.892477
    79 5.735191 1.075235 -4.684885 -1.570814 0.000004 1.819923
    80 0.753901 0.305904 4.971474 -0.000001 -0.000002 0.000000
    81 1.101010 -0.314705 3.448315 0.000000 -0.000001 0.000000
    82 5.809341 -1.029617 -4.594752 -1.570814 0.000004 1.819922
    83 0.714908 -0.199655 5.028969 0.000000 -0.000003 0.000000
    84 0.282897 -0.851688 4.444893 0.000000 0.000000 0.000000
  time 21
    0 0.616071 44.337598 35.907548 1.490981 -0.015472 0.118266
    1 3.983847 0.002149 0.003401 -1.486418 -0.374594 -1.693388
    2 15.938816 -0.000100 -0.000005 -0.000009 -0.000002 0.280559
    3 17.707025 -0.000068 0.000003 0.083494 0.016337 -1.193040
    4 6.202515 0.003416 -0.000367 -0.012903 -0.000036 -0.500547
    5 -3.983848 0.002149 0.003395 -1.427169 0.275062 -1.477401
    6 15.938826 -0.000113 -0.000001 0.000002 0.000010 0.540005
    7 17.707031 0.000018 0.000000 -0.042026 0.072066 -1.200203
    8 6.202710 0.003078 0.003745 -0.075403 -0.006998 -1.023638
    9 -0.000001 4.209253 -1.688832 1.566912 -0.047353 1.564463
    10 3.836055 0.000000 0.000000 -0.003632 -0.016705 -0.093217
    11 3.617625 -0.000275 -0.000015 -0.004422 -0.014761 0.054513
    12 7.537925 0.003588 -0.000212 0.000309 -0.000811 0.208133
    13 3.181604 -0.002346 0.000028 3.148875 0.019599 0.224174
    14 2.966416 0.000318 0.000023 -0.107266 -0.030586 0.119603
    15 2.023770 0.904983 0.850949 1.757503 -1.236817 2.773793
    16 4.980521 0.000781 -0.001089 -1.744041 0.263143 -1.158852
    17 11.119977 0.000007 0.000004 -0.000003 -0.136098 -0.198980
    18 11.205393 -0.000039 0.000000 1.620219 -0.369601 0.152542
    19 3.767578 0.152466 0.071350 0.014350 0.037540 -0.177489
    20 2.036722 -0.000008 0.000000 -0.000008 0.005001 -0.888499
    21 1.066406 -0.000004 -0.000001 0.000002 0.002790 0.001101
    22 3.783203 -0.017258 0.794434 0.333288 -0.031876 -0.219057
    23 1.627436 0.000008 0.000000 -0.000002 0.005098 -0.697049
    24 0.955566 -0.000002 -0.000001 -0.000004 0.003249 -0.272277
    25 1.258789 -0.297852 1.251953 -1.927900 -0.158435 -0.368924
    26 1.392578 0.000004 -0.000007 0.000000 0.002019 0.071902
    27 1.099609 -0.000004 -0.000003 -0.000002 -0.295768 0.023714
    28 3.547341 0.197447 -1.485758 -0.323544 0.115347 -0.238381
    29 1.218750 0.000002 0.000000 -0.000004 0.004664 -0.629642
    30 0.679688 -0.000001 -0.000002 -0.000001 0.002398 -0.578395
    31 3.697266 0.267334 -0.728516 -0.105269 0.104461 -0.301442
    32 1.748047 0.000000 -0.000004 -0.000001 0.002900 -0.623724
    33 0.956684 0.000008 0.000001 0.000003 0.004804 -0.321825
    34 2.023778 0.904982 -0.850921 -1.773535 1.232124 2.832169
    35 4.981625 0.002227 0.003236 1.658268 -0.076826 -1.064266
    36 11.119975 -0.000005 0.000000 0.000001 0.136123 -0.527223
    37 11.205375 0.000073 0.000008 -1.758231 0.253249 -0.239476
    38 3.767578 0.151855 -0.072693 -0.090833 -0.078893 -0.174026
    39 2.036716 -0.000004 0.000000 0.000000 -0.007577 -0.940629
    40 1.063287 -0.000004 0.000001 0.000001 -0.004244 -0.116574
    41 3.783203 -0.023941 -0.794434 -0.344154 -0.088892 -0.269864
    42 1.628906 0.000000 0.000002 0.000002 -0.007731 -0.659761
    43 0.955566 -0.000001 0.000002 0.000003 -0.004923 -0.331349
    44 1.258789 -0.308350 -1.250000 1.738856 0.204803 -0.550000
    45 1.392578 -0.000004 0.000002 0.000004 0.222430 0.216078
    46 1.099609 0.000003 -0.000006 0.000001 0.280394 0.302814
    47 3.546538 0.208125 1.487114 0.333783 -0.052221 -0.250106
    48 1.218750 0.000004 -0.000001 0.000005 -0.007078 -0.610627
    49 0.679688 0.000006 0.000001 0.000001 -0.003643 -0.669683
    50 3.696249 0.271114 0.723153 0.103581 -0.126168 -0.288627
    51 1.748047 -0.000011 0.000000 0.000000 -0.004401 -0.791139
    52 0.959961 0.000000 0.000000 0.000003 -0.007260 -0.432410
    53 -3.756462 5.577850 2.053357 1.570803 -0.000001 0.000000
    54 -2.735646 -0.081365 5.727119 0.000007 0.000015 1.570796
    55 0.000001 5.662003 -0.974302 1.570804 -0.000001 0.000000
    56 -0.000002 -2.275002 5.113525 0.000000 0.000000 -3.141592
    57 -2.477620 5.416855 4.597564 1.570804 -0.000001 0.000000
    58 -1.515218 1.317776 5.998497 0.000000 0.000000 0.000000
    59 -2.455992 5.657928 -0.087295 1.570804 -0.000001 0.000000
    60 -1.485628 -1.617812 5.263969 0.000000 0.000000 3.141592
    61 3.756460 5.577858 2.053359 1.570803 -0.000001 0.000000
    62 2.735645 -0.081364 5.727116 0.000004 -0.000011 -1.570795
    63 2.477613 5.416855 4.597570 1.570804 -0.000001 0.000000
    64 1.515220 1.317777 5.998508 0.000000 0.000000 0.000000
    65 2.455991 5.657928 -0.087293 1.570804 -0.000001 0.000000
    66 1.485620 -1.617803 5.263973 0.000000 0.000000 -3.141592
    67 4.575642 5.632584 0.000132 0.000000 -1.570771 0.249128
    68 -0.000001 0.314078 5.161098 0.000000 0.000000 0.000000
    69 -0.000001 -0.323108 3.750217 0.000000 0.000000 0.000000
    70 5.734947 1.075212 4.685178 1.570830 -0.000004 -1.321669
    71 -0.753896 0.305901 4.971462 -0.000001 0.000002 0.000000
    72 -1.101006 -0.314705 3.448307 0.000001 0.000001 0.000000
    73 5.809101 -1.029643 4.595047 1.570829 -0.000004 -1.321671
    74 -0.714908 -0.199657 5.028973 0.000000 0.000003 0.000000
    75 -0.282898 -0.851690 4.444889 0.000000 0.000000 0.000000
    76 9.578484 -1.290738 0.000240 0.000000 1.570770 -2.892481
    77 9.369518 -1.236408 1.787905 0.000000 1.570770 -2.892481
    78 9.436707 -1.331719 -1.409029 0.000000 1.570770 -2.892477
    79 5.735191 1.075235 -4.684885 -1.570814 0.000004 1.819923
    80 0.753901 0.305904 4.971474 -0.000001 -0.000002 0.000000
    81 1.101010 -0.314705 3.448315 0.000000 -0.000001 0.000000
    82 5.809341 -1.029617 -4.594752 -1.570814 0.000004 1.819922
    83 0.714908 -0.199655 5.028969 0.000000 -0.000003 0.000000
    84 0.282897 -0.851688 4.444893 0.000000 0.000000 0.000000
  time 22
    0 0.463699 46.739099 35.661446 1.496206 0.005836 0.099096
    1 3.983847 0.002149 0.003401 -1.503328 -0.410595 -1.662722
    2 15.938816 -0.000100 -0.000005 -0.000009 -0.000002 0.257482
    3 17.707025 -0.000068 0.000003 0.081153 0.042434 -1.204634
    4 6.202515 0.003416 -0.000367 -0.013358 -0.000287 -0.500547
    5 -3.983848 0.002149 0.003395 -1.444366 0.295974 -1.453232
    6 15.938826 -0.000113 -0.000001 0.000002 0.000010 0.408819
    7 17.707031 0.000018 0.000000 -0.062926 0.057272 -1.366704
    8 6.202710 0.003078 0.003745 -0.076253 -0.006543 -0.849652
    9 -0.000001 4.209253 -1.688832 1.567535 -0.045778 1.572037
    10 3.836055 0.000000 0.000000 -0.003368 0.002602 -0.094847
    11 3.617625 -0.000275 -0.000015 -0.004134 -0.011429 0.052894
    12 7.537925 0.003588 -0.000212 0.000501 0.000687 0.208133
    13 3.181604 -0.002346 0.000028 3.144273 0.007567 0.224138
    14 2.966416 0.000318 0.000023 -0.091926 -0.031641 0.114475
    15 2.023770 0.904983 0.850949 1.775403 -1.234090 2.754850
    16 4.980521 0.000781 -0.001089 -1.739913 0.246006 -1.155124
    17 11.119977 0.000007 0.000004 -0.000003 -0.136098 -0.215447
    18 11.205393 -0.000039 0.000000 1.616953 -0.355979 0.145579
    19 3.767578 0.152466 0.071350 0.014350 0.037540 -0.177489
    20 2.036722 -0.000008 0.000000 -0.000008 0.005001 -0.888499
    21 1.066406 -0.000004 -0.000001 0.000002 0.002790 0.001101
    22 3.783203 -0.017258 0.794434 0.333288 -0.031876 -0.219057
    23 1.627436 0.000008 0.000000 -0.000014 0.005098 -0.697049
    24 0.955566 -0.000002 -0.000001 -0.000004 0.003249 -0.272277
    25 1.258789 -0.297852 1.251953 -1.927900 -0.158435 -0.368924
    26 1.392578 0.000004 -0.000007 0.000000 0.002019 0.071902
    27 1.099609 -0.000004 -0.000003 -0.000002 -0.295768 0.023714
    28 3.547341 0.197447 -1.485758 -0.323544 0.115347 -0.238381
    29 1.218750 0.000002 0.000000 -0.000004 0.004664 -0.629642
    30 0.679688 -0.000001 -0.000002 -0.000001 0.002398 -0.578395
    31 3.697266 0.267334 -0.728516 -0.105269 0.104461 -0.301442
    32 1.748047 0.000000 -0.000004 -0.000001 0.002900 -0.623724
    33 0.956684 0.000008 0.000001 0.000015 0.004804 -0.321825
    34 2.023778 0.904982 -0.850921 -1.755999 1.235300 2.850775
    35 4.981625 0.002227 0.003236 1.673180 -0.090924 -1.068203
    36 11.119975 -0.000005 0.000000 0.000001 0.136123 -0.484407
    37 11.205375 0.000073 0.000008 -1.738236 0.249797 -0.201485
    38 3.767578 0.151855 -0.072693 -0.090833 -0.078893 -0.174026
    39 2.036716 -0.000004 0.000000 0.000012 -0.007577 -0.940629
    40 1.063287 -0.000004 0.000001 0.000001 -0.004232 -0.116574
    41 3.783203 -0.023941 -0.794434 -0.344154 -0.088892 -0.269864
    42 1.628906 0.000000 0.000002 0.000002 -0.007731 -0.659761
    43 0.955566 -0.000001 0.000002 0.000003 -0.004923 -0.331349
    44 1.258789 -0.308350 -1.250000 1.738856 0.204803 -0.550000
    45 1.392578 -0.000004 0.000002 0.000004 0.222430 0.216078
    46 1.099609 0.000003 -0.000006 0.000001 0.280394 0.302814
    47 3.546538 0.208125 1.487114 0.333783 -0.052221 -0.250106
    48 1.218750 0.000004 -0.000001 0.000005 -0.007078 -0.610627
    49 0.679688 0.000006 0.000001 0.000001 -0.003643 -0.669683
    50 3.696249 0.271114 0.723153 0.103581 -0.126168 -0.288627
    51 1.748047 -0.000011 0.000000 0.000000 -0.004401 -0.791139
    52 0.959961 0.000000 0.000000 0.000003 -0.007260 -0.432410
    53 -3.756462 5.577850 2.053357 1.570803 -0.000001 0.000000
    54 -2.735646 -0.081365 5.727119 0.000007 0.000015 1.570796
    55 0.000001 5.662003 -0.974302 1.570804 -0.000001 0.000000
    56 -0.000002 -2.275002 5.113525 0.000000 0.000000 -3.141592
    57 -2.477620 5.416855 4.597564 1.570804 -0.000001 0.000000
    58 -1.515218 1.317776 5.998497 0.000000 0.000000 0.000000
    59 -2.455992 5.657928 -0.087295 1.570804 -0.000001 0.000000
    60 -1.485628 -1.617812 5.263969 0.000000 0.000000 3.141592
    61 3.756460 5.577858 2.053359 1.570803 -0.000001 0.000000
    62 2.735645 -0.081364 5.727116 0.000004 -0.000011 -1.570795
    63 2.477613 5.416855 4.597570 1.570804 -0.000001 0.000000
    64 1.515220 1.317777 5.998508 0.000000 0.000000 0.000000
    65 2.455991 5.657928 -0.087293 1.570804 -0.000001 0.000000
    66 1.485620 -1.617803 5.263973 0.000000 0.000000 -3.141592
    67 4.575642 5.632584 0.000132 0.000000 -1.570771 0.249128
    68 -0.000001 0.314078 5.161098 0.000000 0.000000 0.000000
    69 -0.000001 -0.323108 3.750217 0.000000 0.000000 0.000000
    70 5.734947 1.075212 4.685178 1.570830 -0.000004 -1.321669
    71 -0.753896 0.305901 4.971462 -0.000001 0.000002 0.000000
    72 -1.101006 -0.314705 3.448307 0.000001 0.000001 0.000000
    73 5.809101 -1.029643 4.595047 1.570829 -0.000004 -1.321671
    74 -0.714908 -0.199657 5.028973 0.000000 0.000003 0.000000
    75 -0.282898 -0.851690 4.444889 0.000000 0.000000 0.000000
    76 9.578484 -1.290738 0.000240 0.000000 1.570770 -2.892481
    77 9.369518 -1.236408 1.787905 0.000000 1.570770 -2.892481
    78 9.436707 -1.331719 -1.409029 0.000000 1.570770 -2.892477
    79 5.735191 1.075235 -4.684885 -1.570814 0.000004 1.819923
    80 0.753901 0.305904 4.971474 -0.000001 -0.000002 0.000000
    81 1.101010 -0.314705 3.448315 0.000000 -0.000001 0.000000
    82 5.809341 -1.029617 -4.594752 -1.570814 0.000004 1.819922
    83 0.714908 -0.199655 5.028969 0.000000 -0.000003 0.000000
    84 0.282897 -0.851688 4.444893 0.000000 0.000000 0.000000
  time 23
    0 0.319141 49.148414 35.419251 1.504116 0.041239 0.075773
    1 3.983847 0.002149 0.003401 -1.523183 -0.500752 -1.617393
    2 15.938816 -0.000100 -0.000005 -0.000009 -0.000002 0.348643
    3 17.707025 -0.000068 0.000003 0.083494 0.070376 -1.219655
    4 6.202515 0.003416 -0.000367 -0.013406 -0.000311 -0.500547
    5 -3.983848 0.002149 0.003395 -1.467104 0.286828 -1.420258
    6 15.938826 -0.000113 -0.000001 0.000002 0.000010 0.311956
    7 17.707031 0.000018 0.000000 -0.075778 0.041104 -1.503271
    8 6.202710 0.003078 0.003745 -0.077775 -0.006327 -0.612099
    9 -0.000001 4.209253 -1.688832 1.568733 -0.042790 1.584788
    10 3.836055 0.000000 0.000000 -0.003104 0.034541 -0.097951
    11 3.617625 -0.000275 -0.000015 -0.003763 -0.007258 0.049923
    12 7.537925 0.003588 -0.000212 0.000740 0.002365 0.208133
    13 3.181604 -0.002346 0.000028 3.139767 -0.005640 0.224138
    14 2.966416 0.000318 0.000023 -0.075244 -0.028633 0.103129
    15 2.023770 0.904983 0.850949 1.792103 -1.231158 2.737085
    16 4.980521 0.000781 -0.001089 -1.730418 0.225900 -1.151539
    17 11.119977 0.000007 0.000004 -0.000003 -0.136098 -0.237575
    18 11.205393 -0.000039 0.000000 1.609511 -0.352585 0.132516
    19 3.767578 0.152466 0.071350 0.014350 0.037540 -0.177489
    20 2.036722 -0.000008 0.000000 -0.000008 0.005001 -0.888530
    21 1.066406 -0.000004 -0.000001 0.000002 0.002790 0.001101
    22 3.783203 -0.017258 0.794434 0.333288 -0.031876 -0.219057
    23 1.627436 0.000008 0.000000 -0.000014 0.005098 -0.697049
    24 0.955566 -0.000002 -0.000001 -0.000004 0.003249 -0.272277
    25 1.258789 -0.297852 1.251953 -1.927900 -0.158435 -0.368924
    26 1.392578 0.000004 -0.000007 0.000000 0.002019 0.071902
    27 1.099609 -0.000004 -0.000003 -0.000002 -0.295768 0.023714
    28 3.547341 0.197447 -1.485758 -0.323544 0.115347 -0.238381
    29 1.218750 0.000002 0.000000 -0.000004 0.004664 -0.629642
    30 0.679688 -0.000001 -0.000002 -0.000001 0.002398 -0.578395
    31 3.697266 0.267334 -0.728516 -0.105269 0.104461 -0.301442
    32 1.748047 0.000000 -0.000004 -0.000001 0.002900 -0.623724
    33 0.956684 0.000008 0.000001 0.000027 0.004804 -0.321825
    34 2.023778 0.904982 -0.850921 -1.739404 1.238516 2.868568
    35 4.981625 0.002227 0.003236 1.687524 -0.107138 -1.070759
    36 11.119975 -0.000005 0.000000 0.000001 0.136123 -0.433582
    37 11.205375 0.000073 0.000008 -1.715187 0.252386 -0.148944
    38 3.767578 0.151855 -0.072693 -0.090833 -0.078893 -0.174026
    39 2.036716 -0.000004 0.000000 0.000012 -0.007577 -0.940629
    40 1.063287 -0.000004 0.000001 0.000001 -0.004232 -0.116574
    41 3.783203 -0.023941 -0.794434 -0.344154 -0.088892 -0.269864
    42 1.628906 0.000000 0.000002 0.000002 -0.007731 -0.659761
    43 0.955566 -0.000001 0.000002 0.000003 -0.004923 -0.331349
    44 1.258789 -0.308350 -1.250000 1.738856 0.204803 -0.550000
    45 1.392578 -0.000004 0.000002 0.000004 0.222430 0.216078
    46 1.099609 0.000003 -0.000006 0.000001 0.280394 0.302814
    47 3.546538 0.208125 1.487114 0.333783 -0.052221 -0.250106
    48 1.218750 0.000004 -0.000001 0.000005 -0.007078 -0.610627
    49 0.679688 0.000006 0.000001 0.000001 -0.003643 -0.669683
    50 3.696249 0.271114 0.723153 0.103581 -0.126168 -0.288614
    51 1.748047 -0.000011 0.000000 0.000000 -0.004401 -0.791139
    52 0.959961 0.000000 0.000000 0.000003 -0.007260 -0.432410
    53 -3.756462 5.577850 2.053357 1.570803 -0.000001 0.000000
    54 -2.735646 -0.081365 5.727119 0.000007 0.000015 1.570796
    55 0.000001 5.662003 -0.974302 1.570804 -0.000001 0.000000
    56 -0.000002 -2.275002 5.113525 0.000000 0.000000 -3.141592
    57 -2.477620 5.416855 4.597564 1.570804 -0.000001 0.000000
    58 -1.515218 1.317776 5.998497 0.000000 0.000000 0.000000
    59 -2.455992 5.657928 -0.087295 1.570804 -0.000001 0.000000
    60 -1.485628 -1.617812 5.263969 0.000000 0.000000 3.141592
    61 3.756460 5.577858 2.053359 1.570803 -0.000001 0.000000
    62 2.735645 -0.081364 5.727116 0.000004 -0.000011 -1.570795
    63 2.477613 5.416855 4.597570 1.570804 -0.000001 0.000000
    64 1.515220 1.317777 5.998508 0.000000 0.000000 0.000000
    65 2.455991 5.657928 -0.087293 1.570804 -0.000001 0.000000
    66 1.485620 -1.617803 5.263973 0.000000 0.000000 -3.141592
    67 4.575642 5.632584 0.000132 0.000000 -1.570771 0.249128
    68 -0.000001 0.314078 5.161098 0.000000 0.000000 0.000000
    69 -0.000001 -0.323108 3.750217 0.000000 0.000000 0.000000
    70 5.734947 1.075212 4.685178 1.570830 -0.000004 -1.321669
    71 -0.753896 0.305901 4.971462 -0.000001 0.000002 0.000000
    72 -1.101006 -0.314705 3.448307 0.000001 0.000001 0.000000
    73 5.809101 -1.029643 4.595047 1.570829 -0.000004 -1.321671
    74 -0.714908 -0.199657 5.028973 0.000000 0.000003 0.000000
    75 -0.282898 -0.851690 4.444889 0.000000 0.000000 0.000000
    76 9.578484 -1.290738 0.000240 0.000000 1.570770 -2.892481
    77 9.369518 -1.236408 1.787905 0.000000 1.570770 -2.892481
    78 9.436707 -1.331719 -1.409029 0.000000 1.570770 -2.892477
    79 5.735191 1.075235 -4.684885 -1.570814 0.000004 1.819923
    80 0.753901 0.305904 4.971474 -0.000001 -0.000002 0.000000
    81 1.101010 -0.314705 3.448315 0.000000 -0.000001 0.000000
    82 5.809341 -1.029617 -4.594752 -1.570814 0.000004 1.819922
    83 0.714908 -0.199655 5.028969 0.000000 -0.000003 0.000000
    84 0.282897 -0.851688 4.444893 0.000000 0.000000 0.000000
  time 24
    0 0.194114 51.479601 35.341124 1.511354 0.069846 0.049063
    1 3.983847 0.002149 0.003401 -1.549878 -0.608087 -1.572691
    2 15.938816 -0.000100 -0.000005 -0.000009 -0.000002 0.558313
    3 17.707025 -0.000068 0.000003 0.097040 0.078884 -1.230974
    4 6.202515 0.003416 -0.000367 -0.012711 0.000072 -0.500547
    5 -3.983848 0.002149 0.003395 -1.495669 0.190940 -1.401429
    6 15.938826 -0.000113 -0.000001 0.000002 0.000010 0.360954
    7 17.707031 0.000018 0.000000 -0.082080 0.033199 -1.573614
    8 6.202710 0.003078 0.003745 -0.078650 -0.006183 -0.498948
    9 -0.000001 4.209253 -1.688832 1.569836 -0.038832 1.594903
    10 3.836055 0.000000 0.000000 -0.002781 0.060032 -0.102001
    11 3.617625 -0.000275 -0.000015 -0.003355 -0.002249 0.045953
    12 7.537925 0.003588 -0.000212 0.000992 0.003983 0.208145
    13 3.181604 -0.002346 0.000028 3.134589 -0.018715 0.224138
    14 2.966416 0.000318 0.000023 -0.054318 -0.024965 0.084794
    15 2.023770 0.904983 0.850949 1.806753 -1.228227 2.721314
    16 4.980521 0.000781 -0.001089 -1.717466 0.205254 -1.144824
    17 11.119977 0.000007 0.000004 -0.000003 -0.136098 -0.265764
    18 11.205393 -0.000039 0.000000 1.599619 -0.356088 0.113951
    19 3.767578 0.152466 0.071350 0.014350 0.037540 -0.177489
    20 2.036722 -0.000008 0.000000 -0.000008 0.005001 -0.888530
    21 1.066406 -0.000004 -0.000001 0.000002 0.002790 0.001101
    22 3.783203 -0.017258 0.794434 0.333288 -0.031876 -0.219057
    23 1.627436 0.000008 0.000000 -0.000014 0.005098 -0.697049
    24 0.955566 -0.000002 -0.000001 -0.000004 0.003249 -0.272277
    25 1.258789 -0.297852 1.251953 -1.927900 -0.158435 -0.368924
    26 1.392578 0.000004 -0.000007 0.000000 0.002019 0.071902
    27 1.099609 -0.000004 -0.000003 -0.000002 -0.295768 0.023714
    28 3.547341 0.197447 -1.485758 -0.323544 0.115347 -0.238453
    29 1.218750 0.000002 0.000000 -0.000004 0.004664 -0.629642
    30 0.679688 -0.000001 -0.000002 -0.000001 0.002398 -0.578395
    31 3.697266 0.267334 -0.728516 -0.105269 0.104461 -0.301442
    32 1.748047 0.000000 -0.000004 -0.000001 0.002900 -0.623724
    33 0.956684 0.000008 0.000001 0.000003 0.004804 -0.321825
    34 2.023778 0.904982 -0.850921 -1.723903 1.241773 2.884916
    35 4.981625 0.002227 0.003236 1.698720 -0.124809 -1.075490
    36 11.119975 -0.000005 0.000000 0.000001 0.136123 -0.381748
    37 11.205375 0.000073 0.000008 -1.696289 0.264418 -0.110426
    38 3.767578 0.151855 -0.072693 -0.090833 -0.078893 -0.174026
    39 2.036716 -0.000004 0.000000 0.000012 -0.007577 -0.940629
    40 1.063287 -0.000004 0.000001 0.000001 -0.004232 -0.116574
    41 3.783203 -0.023941 -0.794434 -0.344154 -0.088892 -0.269864
    42 1.628906 0.000000 0.000002 0.000002 -0.007731 -0.659761
    43 0.955566 -0.000001 0.000002 0.000003 -0.004923 -0.331349
    44 1.258789 -0.308350 -1.250000 1.738856 0.204803 -0.550000
    45 1.392578 -0.000004 0.000002 0.000004 0.222430 0.216078
    46 1.099609 0.000003 -0.000006 0.000001 0.280394 0.302814
    47 3.546538 0.208125 1.487114 0.333783 -0.052221 -0.250106
    48 1.218750 0.000004 -0.000001 0.000005 -0.007078 -0.610627
    49 0.679688 0.000006 0.000001 0.000001 -0.003643 -0.669683
    50 3.696249 0.271114 0.723153 0.103581 -0.126168 -0.288627
    51 1.748047 -0.000011 0.000000 0.000000 -0.004401 -0.791139
    52 0.959961 0.000000 0.000000 0.000003 -0.007260 -0.432410
    53 -3.756462 5.577850 2.053357 1.570803 -0.000001 0.000000
    54 -2.735646 -0.081365 5.727119 0.000007 0.000015 1.570796
    55 0.000001 5.662003 -0.974302 1.570804 -0.000001 0.000000
    56 -0.000002 -2.275002 5.113525 0.000000 0.000000 -3.141592
    57 -2.477620 5.416855 4.597564 1.570804 -0.000001 0.000000
    58 -1.515218 1.317776 5.998497 0.000000 0.000000 0.000000
    59 -2.455992 5.657928 -0.087295 1.570804 -0.000001 0.000000
    60 -1.485628 -1.617812 5.263969 0.000000 0.000000 3.141592
    61 3.756460 5.577858 2.053359 1.570803 -0.000001 0.000000
    62 2.735645 -0.081364 5.727116 0.000004 -0.000011 -1.570795
    63 2.477613 5.416855 4.597570 1.570804 -0.000001 0.000000
    64 1.515220 1.317777 5.998508 0.000000 0.000000 0.000000
    65 2.455991 5.657928 -0.087293 1.570804 -0.000001 0.000000
    66 1.485620 -1.617803 5.263973 0.000000 0.000000 -3.141592
    67 4.575642 5.632584 0.000132 0.000000 -1.570771 0.249128
    68 -0.000001 0.314078 5.161098 0.000000 0.000000 0.000000
    69 -0.000001 -0.323108 3.750217 0.000000 0.000000 0.000000
    70 5.734947 1.075212 4.685178 1.570830 -0.000004 -1.321669
    71 -0.753896 0.305901 4.971462 -0.000001 0.000002 0.000000
    72 -1.101006 -0.314705 3.448307 0.000001 0.000001 0.000000
    73 5.809101 -1.029643 4.595047 1.570829 -0.000004 -1.321671
    74 -0.714908 -0.199657 5.028973 0.000000 0.000003 0.000000
    75 -0.282898 -0.851690 4.444889 0.000000 0.000000 0.000000
    76 9.578484 -1.290738 0.000240 0.000000 1.570770 -2.892481
    77 9.369518 -1.236408 1.787905 0.000000 1.570770 -2.892481
    78 9.436707 -1.331719 -1.409029 0.000000 1.570770 -2.892477
    79 5.735191 1.075235 -4.684885 -1.570814 0.000004 1.819923
    80 0.753901 0.305904 4.971474 -0.000001 -0.000002 0.000000
    81 1.101010 -0.314705 3.448315 0.000000 -0.000001 0.000000
    82 5.809341 -1.029617 -4.594752 -1.570814 0.000004 1.819922
    83 0.714908 -0.199655 5.028969 0.000000 -0.000003 0.000000
    84 0.282897 -0.851688 4.444893 0.000000 0.000000 0.000000
  time 25
    0 0.092526 53.595937 35.372375 1.516819 0.078823 0.020180
    1 3.983847 0.002149 0.003401 -1.584364 -0.663490 -1.538269
    2 15.938816 -0.000100 -0.000005 -0.000009 -0.000002 0.772956
    3 17.707025 -0.000068 0.000003 0.127545 0.050284 -1.224489
    4 6.202515 0.003416 -0.000367 -0.011644 0.000635 -0.500547
    5 -3.983848 0.002149 0.003395 -1.525859 0.039186 -1.398899
    6 15.938826 -0.000113 -0.000001 0.000002 0.000010 0.519411
    7 17.707031 0.000018 0.000000 -0.085820 0.035108 -1.582987
    8 6.202710 0.003078 0.003745 -0.078650 -0.006183 -0.498948
    9 -0.000001 4.209253 -1.688832 1.570507 -0.034713 1.597731
    10 3.836055 0.000000 0.000000 -0.002409 0.067438 -0.106196
    11 3.617625 -0.000275 -0.000015 -0.002900 0.003168 0.041828
    12 7.537925 0.003588 -0.000212 0.001339 0.006547 0.208157
    13 3.181604 -0.002346 0.000028 3.130275 -0.029789 0.224258
    14 2.966416 0.000318 0.000023 -0.028036 -0.021670 0.071951
    15 2.023770 0.904983 0.850949 1.829403 -1.222812 2.697023
    16 4.980521 0.000781 -0.001089 -1.685626 0.166661 -1.117737
    17 11.119977 0.000007 0.000004 -0.000003 -0.136098 -0.334322
    18 11.205393 -0.000039 0.000000 1.576906 -0.372873 0.067140
    19 3.767578 0.152466 0.071350 0.014350 0.037540 -0.177489
    20 2.036722 -0.000008 0.000000 -0.000008 0.005001 -0.888530
    21 1.066406 -0.000004 -0.000001 0.000002 0.002790 0.001101
    22 3.783203 -0.017258 0.794434 0.333288 -0.031876 -0.219057
    23 1.627436 0.000008 0.000000 -0.000014 0.005098 -0.697049
    24 0.955566 -0.000002 -0.000001 -0.000004 0.003249 -0.272277
    25 1.258789 -0.297852 1.251953 -1.927900 -0.158435 -0.368924
    26 1.392578 0.000004 -0.000007 0.000000 0.002019 0.071902
    27 1.099609 -0.000004 -0.000003 -0.000002 -0.295768 0.023714
    28 3.547341 0.197447 -1.485758 -0.323544 0.115347 -0.238381
    29 1.218750 0.000002 0.000000 -0.000004 0.004664 -0.629642
    30 0.679688 -0.000001 -0.000002 -0.000001 0.002398 -0.578395
    31 3.697266 0.267334 -0.728516 -0.105269 0.104461 -0.301442
    32 1.748047 0.000000 -0.000004 -0.000001 0.002900 -0.623724
    33 0.956684 0.000008 0.000001 0.000003 0.004804 -0.321825
    34 2.023778 0.904982 -0.850921 -1.699166 1.247596 2.911200
    35 4.981625 0.002227 0.003236 1.708575 -0.157485 -1.093735
    36 11.119975 -0.000005 0.000000 0.000001 0.136123 -0.294287
    37 11.205375 0.000073 0.000008 -1.674672 0.316515 -0.085929
    38 3.767578 0.151855 -0.072693 -0.090833 -0.078893 -0.174026
    39 2.036716 -0.000004 0.000000 0.000000 -0.007577 -0.940629
    40 1.063287 -0.000004 0.000001 0.000001 -0.004232 -0.116574
    41 3.783203 -0.023941 -0.794434 -0.344154 -0.088892 -0.269864
    42 1.628906 0.000000 0.000002 0.000002 -0.007731 -0.659761
    43 0.955566 -0.000001 0.000002 0.000003 -0.004923 -0.331349
    44 1.258789 -0.308350 -1.250000 1.738856 0.204803 -0.550000
    45 1.392578 -0.000004 0.000002 0.000004 0.222430 0.216078
    46 1.099609 0.000003 -0.000006 0.000001 0.280394 0.302814
    47 3.546538 0.208125 1.487114 0.333783 -0.052221 -0.250166
    48 1.218750 0.000004 -0.000001 0.000005 -0.007078 -0.610627
    49 0.679688 0.000006 0.000001 0.000001 -0.003643 -0.669683
    50 3.696249 0.271114 0.723153 0.103581 -0.126168 -0.288627
    51 1.748047 -0.000011 0.000000 0.000000 -0.004401 -0.791139
    52 0.959961 0.000000 0.000000 0.000003 -0.007260 -0.432410
    53 -3.756462 5.577850 2.053357 1.570803 -0.000001 0.000000
    54 -2.735646 -0.081365 5.727119 0.000007 0.000015 1.570796
    55 0.000001 5.662003 -0.974302 1.570804 -0.000001 0.000000
    56 -0.000002 -2.275002 5.113525 0.000000 0.000000 -3.141592
    57 -2.477620 5.416855 4.597564 1.570804 -0.000001 0.000000
    58 -1.515218 1.317776 5.998497 0.000000 0.000000 0.000000
    59 -2.455992 5.657928 -0.087295 1.570804 -0.000001 0.000000
    60 -1.485628 -1.617812 5.263969 0.000000 0.000000 3.141592
    61 3.756460 5.577858 2.053359 1.570803 -0.000001 0.000000
    62 2.735645 -0.081364 5.727116 0.000004 -0.000011 -1.570795
    63 2.477613 5.416855 4.597570 1.570804 -0.000001 0.000000
    64 1.515220 1.317777 5.998508 0.000000 0.000000 0.000000
    65 2.455991 5.657928 -0.087293 1.570804 -0.000001 0.000000
    66 1.485620 -1.617803 5.263973 0.000000 0.000000 -3.141592
    67 4.575642 5.632584 0.000132 0.000000 -1.570771 0.249128
    68 -0.000001 0.314078 5.161098 0.000000 0.000000 0.000000
    69 -0.000001 -0.323108 3.750217 0.000000 0.000000 0.000000
    70 5.734947 1.075212 4.685178 1.570830 -0.000004 -1.321669
    71 -0.753896 0.305901 4.971462 -0.000001 0.000002 0.000000
    72 -1.101006 -0.314705 3.448307 0.000001 0.000001 0.000000
    73 5.809101 -1.029643 4.595047 1.570829 -0.000004 -1.321671
    74 -0.714908 -0.199657 5.028973 0.000000 0.000003 0.000000
    75 -0.282898 -0.851690 4.444889 0.000000 0.000000 0.000000
    76 9.578484 -1.290738 0.000240 0.000000 1.570770 -2.892481
    77 9.369518 -1.236408 1.787905 0.000000 1.570770 -2.892481
    78 9.436707 -1.331719 -1.409029 0.000000 1.570770 -2.892477
    79 5.735191 1.075235 -4.684885 -1.570814 0.000004 1.819923
    80 0.753901 0.305904 4.971474 -0.000001 -0.000002 0.000000
    81 1.101010 -0.314705 3.448315 0.000000 -0.000001 0.000000
    82 5.809341 -1.029617 -4.594752 -1.570814 0.000004 1.819922
    83 0.714908 -0.199655 5.028969 0.000000 -0.000003 0.000000
    84 0.282897 -0.851688 4.444893 0.000000 0.000000 0.000000
  time 26
    0 0.022188 55.556019 35.442690 1.520942 0.074940 -0.009469
    1 3.983847 0.002149 0.003401 -1.622839 -0.678397 -1.513862
    2 15.938816 -0.000100 -0.000005 -0.000009 -0.000002 1.011378
    3 17.707025 -0.000068 0.000003 0.144395 -0.013557 -1.248687
    4 6.202515 0.003416 -0.000367 -0.009870 0.001510 -0.511567
    5 -3.983848 0.002149 0.003395 -1.556144 -0.070185 -1.400960
    6 15.938826 -0.000113 -0.000001 0.000002 0.000010 0.605630
    7 17.707031 0.000018 0.000000 -0.088472 0.036643 -1.561096
    8 6.202710 0.003078 0.003745 -0.078650 -0.006183 -0.498948
    9 -0.000001 4.209253 -1.688832 1.570747 -0.031139 1.596197
    10 3.836055 0.000000 0.000000 -0.001966 0.063412 -0.109767
    11 3.617625 -0.000275 -0.000015 -0.002468 0.008405 0.038238
    12 7.537925 0.003588 -0.000212 0.001459 0.007314 0.208145
    13 3.181604 -0.002346 0.000028 3.127303 -0.037639 0.224354
    14 2.966416 0.000318 0.000023 0.000499 -0.017391 0.066187
    15 2.023770 0.904983 0.850949 1.836653 -1.220817 2.689228
    16 4.980521 0.000781 -0.001089 -1.669062 0.149760 -1.099215
    17 11.119977 0.000007 0.000004 -0.000003 -0.136098 -0.371773
    18 11.205393 -0.000039 0.000000 1.565862 -0.385583 0.046191
    19 3.767578 0.152466 0.071350 0.014350 0.037540 -0.177489
    20 2.036722 -0.000008 0.000000 -0.000008 0.005001 -0.888499
    21 1.066406 -0.000004 -0.000001 0.000002 0.002790 0.001101
    22 3.783203 -0.017258 0.794434 0.333288 -0.031876 -0.219057
    23 1.627436 0.000008 0.000000 -0.000002 0.005098 -0.697049
    24 0.955566 -0.000002 -0.000001 -0.000004 0.003249 -0.272277
    25 1.258789 -0.297852 1.251953 -1.927900 -0.158435 -0.368924
    26 1.392578 0.000004 -0.000007 0.000000 0.002019 0.071902
    27 1.099609 -0.000004 -0.000003 -0.000002 -0.295768 0.023714
    28 3.547341 0.197447 -1.485758 -0.323544 0.115347 -0.238381
    29 1.218750 0.000002 0.000000 -0.000004 0.004664 -0.629642
    30 0.679688 -0.000001 -0.000002 -0.000001 0.002398 -0.578395
    31 3.697266 0.267334 -0.728516 -0.105269 0.104461 -0.301442
    32 1.748047 0.000000 -0.000004 -0.000001 0.002900 -0.623724
    33 0.956684 0.000008 0.000001 0.000003 0.004804 -0.321825
    34 2.023778 0.904982 -0.850921 -1.690712 1.249713 2.919961
    35 4.981625 0.002227 0.003236 1.708420 -0.171775 -1.105723
    36 11.119975 -0.000005 0.000000 0.000001 0.136123 -0.261308
    37 11.205375 0.000073 0.000008 -1.670472 0.343253 -0.093204
    38 3.767578 0.151855 -0.072693 -0.090833 -0.078893 -0.174026
    39 2.036716 -0.000004 0.000000 0.000012 -0.007577 -0.940629
    40 1.063287 -0.000004 0.000001 0.000001 -0.004232 -0.116574
    41 3.783203 -0.023941 -0.794434 -0.344154 -0.088892 -0.269864
    42 1.628906 0.000000 0.000002 0.000002 -0.007731 -0.659761
    43 0.955566 -0.000001 0.000002 0.000003 -0.004923 -0.331349
    44 1.258789 -0.308350 -1.250000 1.738856 0.204803 -0.550000
    45 1.392578 -0.000004 0.000002 0.000004 0.222430 0.216078
    46 1.099609 0.000003 -0.000006 0.000001 0.280394 0.302814
    47 3.546538 0.208125 1.487114 0.333783 -0.052221 -0.250166
    48 1.218750 0.000004 -0.000001 0.000005 -0.007078 -0.610627
    49 0.679688 0.000006 0.000001 0.000001 -0.003643 -0.669683
    50 3.696249 0.271114 0.723153 0.103581 -0.126168 -0.288627
    51 1.748047 -0.000011 0.000000 0.000000 -0.004401 -0.791139
    52 0.959961 0.000000 0.000000 0.000003 -0.007260 -0.432410
    53 -3.756462 5.577850 2.053357 1.570803 -0.000001 0.000000
    54 -2.735646 -0.081365 5.727119 0.000007 0.000015 1.570796
    55 0.000001 5.662003 -0.974302 1.570804 -0.000001 0.000000
    56 -0.000002 -2.275002 5.113525 0.000000 0.000000 -3.141592
    57 -2.477620 5.416855 4.597564 1.570804 -0.000001 0.000000
    58 -1.515218 1.317776 5.998497 0.000000 0.000000 0.000000
    59 -2.455992 5.657928 -0.087295 1.570804 -0.000001 0.000000
    60 -1.485628 -1.617812 5.263969 0.000000 0.000000 3.141592
    61 3.756460 5.577858 2.053359 1.570803 -0.000001 0.000000
    62 2.735645 -0.081364 5.727116 0.000004 -0.000011 -1.570795
    63 2.477613 5.416855 4.597570 1.570804 -0.000001 0.000000
    64 1.515220 1.317777 5.998508 0.000000 0.000000 0.000000
    65 2.455991 5.657928 -0.087293 1.570804 -0.000001 0.000000
    66 1.485620 -1.617803 5.263973 0.000000 0.000000 -3.141592
    67 4.575642 5.632584 0.000132 0.000000 -1.570771 0.249128
    68 -0.000001 0.314078 5.161098 0.000000 0.000000 0.000000
    69 -0.000001 -0.323108 3.750217 0.000000 0.000000 0.000000
    70 5.734947 1.075212 4.685178 1.570830 -0.000004 -1.321669
    71 -0.753896 0.305901 4.971462 -0.000001 0.000002 0.000000
    72 -1.101006 -0.314705 3.448307 0.000001 0.000001 0.000000
    73 5.809101 -1.029643 4.595047 1.570829 -0.000004 -1.321671
    74 -0.714908 -0.199657 5.028973 0.000000 0.000003 0.000000
    75 -0.282898 -0.851690 4.444889 0.000000 0.000000 0.000000
    76 9.578484 -1.290738 0.000240 0.000000 1.570770 -2.892481
    77 9.369518 -1.236408 1.787905 0.000000 1.570770 -2.892481
    78 9.436707 -1.331719 -1.409029 0.000000 1.570770 -2.892477
    79 5.735191 1.075235 -4.684885 -1.570814 0.000004 1.819923
    80 0.753901 0.305904 4.971474 -0.000001 -0.000002 0.000000
    81 1.101010 -0.314705 3.448315 0.000000 -0.000001 0.000000
    82 5.809341 -1.029617 -4.594752 -1.570814 0.000004 1.819922
    83 0.714908 -0.199655 5.028969 0.000000 -0.000003 0.000000
    84 0.282897 -0.851688 4.444893 0.000000 0.000000 0.000000
  time 27
    0 -0.005179 57.473131 35.614570 1.523578 0.058329 -0.038863
    1 3.983847 0.002149 0.003401 -1.657800 -0.625887 -1.508944
    2 15.938816 -0.000100 -0.000005 -0.000009 -0.000002 1.201923
    3 17.707025 -0.000068 0.000003 0.111329 -0.079583 -1.279524
    4 6.202515 0.003416 -0.000367 -0.008037 0.002217 -0.567637
    5 -3.983848 0.002149 0.003395 -1.586238 -0.157269 -1.410890
    6 15.938826 -0.000113 -0.000001 0.000002 0.000010 0.651416
    7 17.707031 0.000018 0.000000 -0.089877 0.037481 -1.519552
    8 6.202710 0.003078 0.003745 -0.078650 -0.006183 -0.498948
    9 -0.000001 4.209253 -1.688832 1.570747 -0.028777 1.590109
    10 3.836055 0.000000 0.000000 -0.001558 0.048251 -0.112033
    11 3.617625 -0.000275 -0.000015 -0.001965 0.012780 0.035914
    12 7.537925 0.003588 -0.000212 0.001519 0.007734 0.208145
    13 3.181604 -0.002346 0.000028 3.125577 -0.042085 0.224450
    14 2.966416 0.000318 0.000023 0.031036 -0.013472 0.066187
    15 2.023770 0.904983 0.850949 1.840503 -1.219392 2.685058
    16 4.980521 0.000781 -0.001089 -1.653529 0.135423 -1.078615
    17 11.119977 0.000007 0.000004 -0.000003 -0.136098 -0.411055
    18 11.205393 -0.000039 0.000000 1.558131 -0.399048 0.036303
    19 3.767578 0.152466 0.071350 0.014350 0.037540 -0.177489
    20 2.036722 -0.000008 0.000000 -0.000008 0.005001 -0.888499
    21 1.066406 -0.000004 -0.000001 0.000002 0.002790 0.001101
    22 3.783203 -0.017258 0.794434 0.333288 -0.031876 -0.219057
    23 1.627436 0.000008 0.000000 -0.000014 0.005098 -0.697049
    24 0.955566 -0.000002 -0.000001 -0.000004 0.003249 -0.272277
    25 1.258789 -0.297852 1.251953 -1.927900 -0.158435 -0.368924
    26 1.392578 0.000004 -0.000007 0.000000 0.002019 0.071902
    27 1.099609 -0.000004 -0.000003 -0.000002 -0.295768 0.023714
    28 3.547341 0.197447 -1.485758 -0.323544 0.115347 -0.238321
    29 1.218750 0.000002 0.000000 -0.000004 0.004664 -0.629642
    30 0.679688 -0.000001 -0.000002 -0.000001 0.002398 -0.578395
    31 3.697266 0.267334 -0.728516 -0.105269 0.104461 -0.301442
    32 1.748047 0.000000 -0.000004 -0.000001 0.002900 -0.623724
    33 0.956684 0.000008 0.000001 0.000027 0.004804 -0.321825
    34 2.023778 0.904982 -0.850921 -1.685858 1.251342 2.925109
    35 4.981625 0.002227 0.003236 1.708678 -0.186670 -1.119150
    36 11.119975 -0.000005 0.000000 0.000001 0.136123 -0.235076
    37 11.205375 0.000073 0.000008 -1.671570 0.376989 -0.107633
    38 3.767578 0.151855 -0.072693 -0.090833 -0.078893 -0.174026
    39 2.036716 -0.000004 0.000000 0.000012 -0.007577 -0.940629
    40 1.063287 -0.000004 0.000001 0.000001 -0.004232 -0.116574
    41 3.783203 -0.023941 -0.794434 -0.344154 -0.088892 -0.269864
    42 1.628906 0.000000 0.000002 0.000002 -0.007731 -0.659761
    43 0.955566 -0.000001 0.000002 0.000003 -0.004923 -0.331349
    44 1.258789 -0.308350 -1.250000 1.738856 0.204803 -0.550000
    45 1.392578 -0.000004 0.000002 0.000004 0.222430 0.216078
    46 1.099609 0.000003 -0.000006 0.000001 0.280394 0.302814
    47 3.546538 0.208125 1.487114 0.333783 -0.052221 -0.250106
    48 1.218750 0.000004 -0.000001 0.000005 -0.007078 -0.610627
    49 0.679688 0.000006 0.000001 0.000001 -0.003643 -0.669683
    50 3.696249 0.271114 0.723153 0.103581 -0.126168 -0.288627
    51 1.748047 -0.000011 0.000000 0.000000 -0.004401 -0.791139
    52 0.959961 0.000000 0.000000 0.000003 -0.007260 -0.432410
    53 -3.756462 5.577850 2.053357 1.570803 -0.000001 0.000000
    54 -2.735646 -0.081365 5.727119 0.000007 0.000015 1.570796
    55 0.000001 5.662003 -0.974302 1.570804 -0.000001 0.000000
    56 -0.000002 -2.275002 5.113525 0.000000 0.000000 -3.141592
    57 -2.477620 5.416855 4.597564 1.570804 -0.000001 0.000000
    58 -1.515218 1.317776 5.998497 0.000000 0.000000 0.000000
    59 -2.455992 5.657928 -0.087295 1.570804 -0.000001 0.000000
    60 -1.485628 -1.617812 5.263969 0.000000 0.000000 3.141592
    61 3.756460 5.577858 2.053359 1.570803 -0.000001 0.000000
    62 2.735645 -0.081364 5.727116 0.000004 -0.000011 -1.570795
    63 2.477613 5.416855 4.597570 1.570804 -0.000001 0.000000
    64 1.515220 1.317777 5.998508 0.000000 0.000000 0.000000
    65 2.455991 5.657928 -0.087293 1.570804 -0.000001 0.000000
    66 1.485620 -1.617803 5.263973 0.000000 0.000000 -3.141592
    67 4.575642 5.632584 0.000132 0.000000 -1.570771 0.249128
    68 -0.000001 0.314078 5.161098 0.000000 0.000000 0.000000
    69 -0.000001 -0.323108 3.750217 0.000000 0.000000 0.000000
    70 5.734947 1.075212 4.685178 1.570830 -0.000004 -1.321669
    71 -0.753896 0.305901 4.971462 -0.000001 0.000002 0.000000
    72 -1.101006 -0.314705 3.448307 0.000001 0.000001 0.000000
    73 5.809101 -1.029643 4.595047 1.570829 -0.000004 -1.321671
    74 -0.714908 -0.199657 5.028973 0.000000 0.000003 0.000000
    75 -0.282898 -0.851690 4.444889 0.000000 0.000000 0.000000
    76 9.578484 -1.290738 0.000240 0.000000 1.570770 -2.892481
    77 9.369518 -1.236408 1.787905 0.000000 1.570770 -2.892481
    78 9.436707 -1.331719 -1.409029 0.000000 1.570770 -2.892477
    79 5.735191 1.075235 -4.684885 -1.570814 0.000004 1.819923
    80 0.753901 0.305904 4.971474 -0.000001 -0.000002 0.000000
    81 1.101010 -0.314705 3.448315 0.000000 -0.000001 0.000000
    82 5.809341 -1.029617 -4.594752 -1.570814 0.000004 1.819922
    83 0.714908 -0.199655 5.028969 0.000000 -0.000003 0.000000
    84 0.282897 -0.851688 4.444893 0.000000 0.000000 0.000000
  time 28
    0 -0.005202 59.390243 35.848952 1.524825 0.037967 -0.066915
    1 3.983847 0.002149 0.003401 -1.682120 -0.475031 -1.520120
    2 15.938816 -0.000100 -0.000005 -0.000009 -0.000002 1.264653
    3 17.707025 -0.000068 0.000003 0.032724 -0.113572 -1.277444
    4 6.202515 0.003416 -0.000367 -0.006850 0.002721 -0.634035
    5 -3.983848 0.002149 0.003395 -1.616332 -0.227907 -1.421663
    6 15.938826 -0.000113 -0.000001 0.000002 0.000010 0.662500
    7 17.707031 0.000018 0.000000 -0.090217 0.037767 -1.458160
    8 6.202710 0.003078 0.003745 -0.078650 -0.006183 -0.498948
    9 -0.000001 4.209253 -1.688832 1.570507 -0.027969 1.582775
    10 3.836055 0.000000 0.000000 -0.001151 0.030058 -0.112608
    11 3.617625 -0.000275 -0.000015 -0.001510 0.015848 0.035802
    12 7.537925 0.003588 -0.000212 0.001543 0.007902 0.208145
    13 3.181604 -0.002346 0.000028 3.125194 -0.043499 0.224450
    14 2.966416 0.000318 0.000023 0.059307 -0.004148 0.072722
    15 2.023770 0.904983 0.850949 1.840803 -1.218740 2.684605
    16 4.980521 0.000781 -0.001089 -1.639390 0.123244 -1.058044
    17 11.119977 0.000007 0.000004 -0.000003 -0.136098 -0.451995
    18 11.205393 -0.000039 0.000000 1.564134 -0.411782 0.017991
    19 3.767578 0.152466 0.071350 0.014350 0.037540 -0.177489
    20 2.036722 -0.000008 0.000000 -0.000008 0.005001 -0.888530
    21 1.066406 -0.000004 -0.000001 0.000002 0.002790 0.001101
    22 3.783203 -0.017258 0.794434 0.333288 -0.031876 -0.219057
    23 1.627436 0.000008 0.000000 -0.000002 0.005098 -0.697049
    24 0.955566 -0.000002 -0.000001 -0.000004 0.003249 -0.272277
    25 1.258789 -0.297852 1.251953 -1.927900 -0.158435 -0.368924
    26 1.392578 0.000004 -0.000007 0.000000 0.002019 0.071902
    27 1.099609 -0.000004 -0.000003 -0.000002 -0.295768 0.023714
    28 3.547341 0.197447 -1.485758 -0.323544 0.115347 -0.238381
    29 1.218750 0.000002 0.000000 -0.000004 0.004664 -0.629642
    30 0.679688 -0.000001 -0.000002 -0.000001 0.002398 -0.578395
    31 3.697266 0.267334 -0.728516 -0.105269 0.104461 -0.301442
    32 1.748047 0.000000 -0.000004 -0.000001 0.002900 -0.623724
    33 0.956684 0.000008 0.000001 0.000015 0.004804 -0.321825
    34 2.023778 0.904982 -0.850921 -1.685284 1.252360 2.925831
    35 4.981625 0.002227 0.003236 1.713890 -0.201346 -1.133606
    36 11.119975 -0.000005 0.000000 0.000001 0.136123 -0.214330
    37 11.205375 0.000073 0.000008 -1.676819 0.409192 -0.126018
    38 3.767578 0.151855 -0.072693 -0.090833 -0.078893 -0.174026
    39 2.036716 -0.000004 0.000000 0.000000 -0.007577 -0.940629
    40 1.063287 -0.000004 0.000001 0.000001 -0.004232 -0.116574
    41 3.783203 -0.023941 -0.794434 -0.344154 -0.088892 -0.269864
    42 1.628906 0.000000 0.000002 0.000002 -0.007731 -0.659761
    43 0.955566 -0.000001 0.000002 0.000003 -0.004923 -0.331349
    44 1.258789 -0.308350 -1.250000 1.738856 0.204803 -0.550000
    45 1.392578 -0.000004 0.000002 0.000004 0.222430 0.216078
    46 1.099609 0.000003 -0.000006 0.000001 0.280394 0.302814
    47 3.546538 0.208125 1.487114 0.333783 -0.052221 -0.250106
    48 1.218750 0.000004 -0.000001 0.000005 -0.007078 -0.610627
    49 0.679688 0.000006 0.000001 0.000001 -0.003643 -0.669683
    50 3.696249 0.271114 0.723153 0.103581 -0.126168 -0.288627
    51 1.748047 -0.000011 0.000000 0.000000 -0.004401 -0.791139
    52 0.959961 0.000000 0.000000 0.000003 -0.007260 -0.432410
    53 -3.756462 5.577850 2.053357 1.570803 -0.000001 0.000000
    54 -2.735646 -0.081365 5.727119 0.000007 0.000015 1.570796
    55 0.000001 5.662003 -0.974302 1.570804 -0.000001 0.000000
    56 -0.000002 -2.275002 5.113525 0.000000 0.000000 -3.141592
    57 -2.477620 5.416855 4.597564 1.570804 -0.000001 0.000000
    58 -1.515218 1.317776 5.998497 0.000000 0.000000 0.000000
    59 -2.455992 5.657928 -0.087295 1.570804 -0.000001 0.000000
    60 -1.485628 -1.617812 5.263969 0.000000 0.000000 3.141592
    61 3.756460 5.577858 2.053359 1.570803 -0.000001 0.000000
    62 2.735645 -0.081364 5.727116 0.000004 -0.000011 -1.570795
    63 2.477613 5.416855 4.597570 1.570804 -0.000001 0.000000
    64 1.515220 1.317777 5.998508 0.000000 0.000000 0.000000
    65 2.455991 5.657928 -0.087293 1.570804 -0.000001 0.000000
    66 1.485620 -1.617803 5.263973 0.000000 0.000000 -3.141592
    67 4.575642 5.632584 0.000132 0.000000 -1.570771 0.249128
    68 -0.000001 0.314078 5.161098 0.000000 0.000000 0.000000
    69 -0.000001 -0.323108 3.750217 0.000000 0.000000 0.000000
    70 5.734947 1.075212 4.685178 1.570830 -0.000004 -1.321669
    71 -0.753896 0.305901 4.971462 -0.000001 0.000002 0.000000
    72 -1.101006 -0.314705 3.448307 0.000001 0.000001 0.000000
    73 5.809101 -1.029643 4.595047 1.570829 -0.000004 -1.321671
    74 -0.714908 -0.199657 5.028973 0.000000 0.000003 0.000000
    75 -0.282898 -0.851690 4.444889 0.000000 0.000000 0.000000
    76 9.578484 -1.290738 0.000240 0.000000 1.570770 -2.892481
    77 9.369518 -1.236408 1.787905 0.000000 1.570770 -2.892481
    78 9.436707 -1.331719 -1.409029 0.000000 1.570770 -2.892477
    79 5.735191 1.075235 -4.684885 -1.570814 0.000004 1.819923
    80 0.753901 0.305904 4.971474 -0.000001 -0.000002 0.000000
    81 1.101010 -0.314705 3.448315 0.000000 -0.000001 0.000000
    82 5.809341 -1.029617 -4.594752 -1.570814 0.000004 1.819922
    83 0.714908 -0.199655 5.028969 0.000000 -0.000003 0.000000
    84 0.282897 -0.851688 4.444893 0.000000 0.000000 0.000000
end
