// Created by Crowbar 0.76
version 1
nodes
  0 "ValveBiped.Bip01_Pelvis" -1
  1 "ValveBiped.Bip01_L_Thigh" 0
  2 "ValveBiped.Bip01_L_Calf" 1
  3 "ValveBiped.Bip01_L_Foot" 2
  4 "ValveBiped.Bip01_L_Toe0" 3
  5 "ValveBiped.Bip01_R_Thigh" 0
  6 "ValveBiped.Bip01_R_Calf" 5
  7 "ValveBiped.Bip01_R_Foot" 6
  8 "ValveBiped.Bip01_R_Toe0" 7
  9 "ValveBiped.Bip01_Spine" 0
  10 "ValveBiped.Bip01_Spine1" 9
  11 "ValveBiped.Bip01_Spine2" 10
  12 "ValveBiped.Bip01_Spine4" 11
  13 "ValveBiped.Bip01_Neck1" 12
  14 "ValveBiped.Bip01_Head1" 13
  15 "ValveBiped.Bip01_L_Clavicle" 12
  16 "ValveBiped.Bip01_L_UpperArm" 15
  17 "ValveBiped.Bip01_L_Forearm" 16
  18 "ValveBiped.Bip01_L_Hand" 17
  19 "ValveBiped.Bip01_L_Finger2" 18
  20 "ValveBiped.Bip01_L_Finger21" 19
  21 "ValveBiped.Bip01_L_Finger22" 20
  22 "ValveBiped.Bip01_L_Finger1" 18
  23 "ValveBiped.Bip01_L_Finger11" 22
  24 "ValveBiped.Bip01_L_Finger12" 23
  25 "ValveBiped.Bip01_L_Finger0" 18
  26 "ValveBiped.Bip01_L_Finger01" 25
  27 "ValveBiped.Bip01_L_Finger02" 26
  28 "ValveBiped.Bip01_L_Finger4" 18
  29 "ValveBiped.Bip01_L_Finger41" 28
  30 "ValveBiped.Bip01_L_Finger42" 29
  31 "ValveBiped.Bip01_L_Finger3" 18
  32 "ValveBiped.Bip01_L_Finger31" 31
  33 "ValveBiped.Bip01_L_Finger32" 32
  34 "ValveBiped.Bip01_R_Clavicle" 12
  35 "ValveBiped.Bip01_R_UpperArm" 34
  36 "ValveBiped.Bip01_R_Forearm" 35
  37 "ValveBiped.Bip01_R_Hand" 36
  38 "ValveBiped.Bip01_R_Finger2" 37
  39 "ValveBiped.Bip01_R_Finger21" 38
  40 "ValveBiped.Bip01_R_Finger22" 39
  41 "ValveBiped.Bip01_R_Finger1" 37
  42 "ValveBiped.Bip01_R_Finger11" 41
  43 "ValveBiped.Bip01_R_Finger12" 42
  44 "ValveBiped.Bip01_R_Finger0" 37
  45 "ValveBiped.Bip01_R_Finger01" 44
  46 "ValveBiped.Bip01_R_Finger02" 45
  47 "ValveBiped.Bip01_R_Finger4" 37
  48 "ValveBiped.Bip01_R_Finger41" 47
  49 "ValveBiped.Bip01_R_Finger42" 48
  50 "ValveBiped.Bip01_R_Finger3" 37
  51 "ValveBiped.Bip01_R_Finger31" 50
  52 "ValveBiped.Bip01_R_Finger32" 51
  53 "ValveBiped.Skirt.R.001" 0
  54 "Skirt2_r" 53
  55 "ValveBiped.Skirt.B" 0
  56 "Skirtb2" 55
  57 "ValveBiped.Skirt.R" 0
  58 "Skirt5_r" 57
  59 "ValveBiped.Skirt.R.002" 0
  60 "Skirt8_r" 59
  61 "ValveBiped.Skirt.L.001" 0
  62 "Skirt2_l" 61
  63 "ValveBiped.Skirt.L" 0
  64 "Skirt5_l" 63
  65 "ValveBiped.Skirt.L.002" 0
  66 "Skirt8_l" 65
  67 "Hair_002" 14
  68 "Hair_001" 67
  69 "Hair_003" 68
  70 "Hair_006_r" 14
  71 "Hair_005_r" 70
  72 "Hair_007_r" 71
  73 "Hair_009_r" 14
  74 "Hair_010_r" 73
  75 "Hair_011_r" 74
  76 "Hair_004" 14
  77 "Hair_005" 14
  78 "Hair_006" 14
  79 "Hair_006_l" 14
  80 "Hair_005_l" 79
  81 "Hair_007_l" 80
  82 "Hair_009_l" 14
  83 "Hair_010_l" 82
  84 "Hair_011_l" 83
end
skeleton
  time 0
    0 -0.004562 -0.523453 36.985705 1.546827 0.037967 -0.066915
    1 3.983847 0.002149 0.003401 -1.581419 -0.570217 -1.581721
    2 15.938816 -0.000100 -0.000005 -0.000009 -0.000002 1.210402
    3 17.707025 -0.000068 0.000003 -0.071430 0.193857 -1.243640
    4 6.202515 0.003416 -0.000367 -0.007306 0.002793 -0.548439
    5 -3.983848 0.002149 0.003395 -1.042348 -0.107973 -1.577261
    6 15.938826 -0.000113 -0.000001 0.000002 0.000010 0.432058
    7 17.707031 0.000018 0.000000 0.013373 0.080150 -1.369331
    8 6.202710 0.003078 0.003745 -0.078650 -0.006183 -0.498948
    9 -0.000001 4.209253 -1.688832 1.570507 -0.027969 1.582775
    10 3.836055 0.000000 0.000000 -0.001151 0.030058 -0.112608
    11 3.617625 -0.000275 -0.000015 -0.001510 0.015848 0.035802
    12 7.537925 0.003588 -0.000212 0.001519 0.007902 0.208145
    13 3.181604 -0.002346 0.000028 3.125194 -0.043499 0.224450
    14 2.966416 0.000318 0.000023 0.059727 -0.003968 0.094733
    15 2.023770 0.904983 0.850949 1.840803 -1.218740 2.684605
    16 4.980521 0.000781 -0.001089 -1.641557 0.085798 -1.053577
    17 11.119977 0.000007 0.000004 -0.000003 -0.136098 -0.448050
    18 11.205393 -0.000039 0.000000 1.564134 -0.411782 0.017991
    19 3.767578 0.152466 0.071350 0.014350 0.037540 -0.177489
    20 2.037109 -0.000002 0.000002 -0.000001 0.005004 -0.888530
    21 1.066406 -0.000001 0.000000 0.000002 0.002790 0.001101
    22 3.783203 -0.017258 0.794434 0.333288 -0.031874 -0.219057
    23 1.628906 0.000000 -0.000001 0.000000 0.005106 -0.697052
    24 0.955566 -0.000002 0.000002 -0.000004 0.003247 -0.272279
    25 1.258789 -0.297852 1.251953 -1.927900 -0.158435 -0.368927
    26 1.392578 0.000004 -0.000004 0.000000 0.002017 0.071902
    27 1.099609 0.000002 -0.000005 -0.000002 -0.295768 0.023714
    28 3.547341 0.197447 -1.485758 -0.323544 0.115347 -0.238381
    29 1.218750 0.000000 0.000000 -0.000004 0.004663 -0.629642
    30 0.679688 -0.000004 0.000002 -0.000001 0.002398 -0.578397
    31 3.697266 0.267334 -0.728516 -0.105269 0.104461 -0.301442
    32 1.748047 0.000002 0.000002 -0.000001 0.002900 -0.623724
    33 0.956684 0.000008 0.000001 0.000015 0.004804 -0.321825
    34 2.023778 0.904982 -0.850921 -1.685284 1.252360 2.925831
    35 4.981625 0.002227 0.003236 1.846648 -0.197003 -1.094499
    36 11.119975 -0.000005 0.000000 0.000001 0.136123 -0.213888
    37 11.205375 0.000073 0.000008 -1.676819 0.409192 -0.126018
    38 3.767578 0.151855 -0.072693 -0.090833 -0.078893 -0.174026
    39 2.036716 -0.000004 0.000000 0.000012 -0.007577 -0.940629
    40 1.066406 0.000003 -0.000001 0.000006 -0.004235 -0.116579
    41 3.783203 -0.023941 -0.794434 -0.344152 -0.088893 -0.269864
    42 1.628906 0.000002 0.000000 0.000002 -0.007731 -0.659761
    43 0.954089 -0.000004 0.000000 0.000004 -0.004923 -0.331344
    44 1.258789 -0.308350 -1.250000 1.738856 0.204802 -0.550002
    45 1.392578 -0.000004 0.000002 0.000004 0.222430 0.216078
    46 1.099609 0.000002 -0.000002 0.000002 0.280392 0.302814
    47 3.546538 0.208125 1.487114 0.333783 -0.052221 -0.250106
    48 1.218750 0.000000 0.000000 0.000004 -0.007080 -0.610627
    49 0.679688 0.000004 0.000002 0.000001 -0.003641 -0.669685
    50 3.697266 0.273682 0.726563 0.103574 -0.126170 -0.288627
    51 1.748047 -0.000013 0.000001 0.000000 -0.004401 -0.791139
    52 0.956684 0.000004 0.000002 -0.000008 -0.007276 -0.432398
    53 -3.756462 5.577850 2.053357 1.570803 -0.000001 0.000000
    54 -2.735646 -0.081365 5.727119 0.000007 0.000015 1.570796
    55 0.000001 5.662003 -0.974302 1.570804 -0.000001 0.000000
    56 -0.000002 -2.275002 5.113525 0.000000 0.000000 -3.141592
    57 -2.477620 5.416855 4.597564 1.570804 -0.000001 0.000000
    58 -1.515218 1.317776 5.998497 0.000000 0.000000 0.000000
    59 -2.455992 5.657928 -0.087295 1.570804 -0.000001 0.000000
    60 -1.485628 -1.617812 5.263969 0.000000 0.000000 3.141592
    61 3.756460 5.577858 2.053359 1.570803 -0.000001 0.000000
    62 2.735645 -0.081364 5.727116 0.000004 -0.000011 -1.570795
    63 2.477613 5.416855 4.597570 1.570804 -0.000001 0.000000
    64 1.515220 1.317777 5.998508 0.000000 0.000000 0.000000
    65 2.455991 5.657928 -0.087293 1.570804 -0.000001 0.000000
    66 1.485620 -1.617803 5.263973 0.000000 0.000000 -3.141592
    67 4.575642 5.632584 0.000132 0.000000 -1.570771 0.249128
    68 -0.000001 0.314078 5.161098 0.000000 0.000000 0.000000
    69 -0.000001 -0.323108 3.750217 0.000000 0.000000 0.000000
    70 5.734947 1.075212 4.685178 1.570830 -0.000004 -1.321669
    71 -0.753896 0.305901 4.971462 -0.000001 0.000002 0.000000
    72 -1.101006 -0.314705 3.448307 0.000001 0.000001 0.000000
    73 5.809101 -1.029643 4.595047 1.570829 -0.000004 -1.321671
    74 -0.714908 -0.199657 5.028973 0.000000 0.000003 0.000000
    75 -0.282898 -0.851690 4.444889 0.000000 0.000000 0.000000
    76 9.578484 -1.290738 0.000240 0.000000 1.570770 -2.892481
    77 9.369518 -1.236408 1.787905 0.000000 1.570770 -2.892481
    78 9.436707 -1.331719 -1.409029 0.000000 1.570770 -2.892477
    79 5.735191 1.075235 -4.684885 -1.570814 0.000004 1.819923
    80 0.753901 0.305904 4.971474 -0.000001 -0.000002 0.000000
    81 1.101010 -0.314705 3.448315 0.000000 -0.000001 0.000000
    82 5.809341 -1.029617 -4.594752 -1.570814 0.000004 1.819922
    83 0.714908 -0.199655 5.028969 0.000000 -0.000003 0.000000
    84 0.282897 -0.851688 4.444893 0.000000 0.000000 0.000000
  time 1
    0 1.257206 0.527513 37.161492 1.545437 0.025635 -0.091708
    1 3.983847 0.002149 0.003401 -1.607544 -0.466354 -1.535855
    2 15.938816 -0.000100 -0.000005 -0.000009 -0.000002 1.154813
    3 17.707025 -0.000068 0.000003 -0.021872 0.122697 -1.236206
    4 6.202515 0.003416 -0.000367 -0.006934 0.003116 -0.519953
    5 -3.983848 0.002149 0.003395 -1.065277 -0.144602 -1.621196
    6 15.938826 -0.000113 -0.000001 0.000002 0.000010 0.429287
    7 17.707031 0.000018 0.000000 0.024548 0.074065 -1.316533
    8 6.202710 0.003078 0.003745 -0.078650 -0.006183 -0.498948
    9 -0.000001 4.209253 -1.688832 1.570507 -0.028878 1.578509
    10 3.836055 0.000000 0.000000 -0.000803 0.019596 -0.111673
    11 3.617625 -0.000275 -0.000015 -0.001102 0.017454 0.035098
    12 7.537925 0.003588 -0.000212 0.001543 0.007962 0.208145
    13 3.181604 -0.002346 0.000028 3.125194 -0.043320 0.224450
    14 2.966416 0.000318 0.000023 0.083516 0.003810 0.102675
    15 2.023770 0.904983 0.850949 1.837253 -1.218862 2.688321
    16 4.980521 0.000781 -0.001089 -1.632578 0.086675 -1.038525
    17 11.119977 0.000007 0.000004 -0.000003 -0.136098 -0.485959
    18 11.205393 -0.000039 0.000000 1.585694 -0.419871 -0.007261
    19 3.767578 0.152466 0.071350 0.014350 0.037540 -0.177489
    20 2.037109 -0.000002 0.000002 -0.000001 0.005004 -0.888530
    21 1.066406 -0.000001 0.000000 0.000002 0.002790 0.001101
    22 3.783203 -0.017258 0.794434 0.333288 -0.031874 -0.219057
    23 1.628906 0.000000 -0.000001 0.000000 0.005106 -0.697052
    24 0.955566 -0.000002 0.000002 -0.000004 0.003247 -0.272279
    25 1.258789 -0.297852 1.251953 -1.927900 -0.158435 -0.368927
    26 1.392578 0.000004 -0.000004 0.000000 0.002017 0.071902
    27 1.099609 0.000002 -0.000005 -0.000002 -0.295768 0.023714
    28 3.547341 0.197447 -1.485758 -0.323544 0.115347 -0.238381
    29 1.218750 0.000000 0.000000 -0.000004 0.004663 -0.629642
    30 0.679688 -0.000004 0.000002 -0.000001 0.002398 -0.578397
    31 3.697266 0.267334 -0.728516 -0.105269 0.104461 -0.301442
    32 1.748047 0.000002 0.000002 -0.000001 0.002900 -0.623724
    33 0.956684 0.000008 0.000001 0.000003 0.004804 -0.321825
    34 2.023778 0.904982 -0.850921 -1.689198 1.252604 2.921677
    35 4.981625 0.002227 0.003236 1.852685 -0.206869 -1.104753
    36 11.119975 -0.000005 0.000000 0.000001 0.136123 -0.199007
    37 11.205375 0.000073 0.000008 -1.684168 0.433473 -0.143132
    38 3.767578 0.151855 -0.072693 -0.090833 -0.078893 -0.174026
    39 2.036716 -0.000004 0.000000 0.000012 -0.007577 -0.940629
    40 1.066406 0.000003 -0.000001 0.000006 -0.004235 -0.116579
    41 3.783203 -0.023941 -0.794434 -0.344152 -0.088893 -0.269864
    42 1.628906 0.000002 0.000000 0.000002 -0.007731 -0.659761
    43 0.954089 -0.000004 0.000000 0.000004 -0.004923 -0.331344
    44 1.258789 -0.308350 -1.250000 1.738856 0.204802 -0.550002
    45 1.392578 -0.000004 0.000002 0.000004 0.222430 0.216078
    46 1.099609 0.000002 -0.000002 0.000002 0.280392 0.302814
    47 3.546538 0.208125 1.487114 0.333783 -0.052221 -0.250106
    48 1.218750 0.000000 0.000000 0.000004 -0.007080 -0.610627
    49 0.679688 0.000004 0.000002 0.000001 -0.003641 -0.669685
    50 3.697266 0.273682 0.726563 0.103574 -0.126170 -0.288627
    51 1.748047 -0.000013 0.000001 0.000000 -0.004401 -0.791139
    52 0.956684 0.000004 0.000002 -0.000008 -0.007276 -0.432398
    53 -3.756462 5.577850 2.053357 1.570803 -0.000001 0.000000
    54 -2.735646 -0.081365 5.727119 0.000007 0.000015 1.570796
    55 0.000001 5.662003 -0.974302 1.570804 -0.000001 0.000000
    56 -0.000002 -2.275002 5.113525 0.000000 0.000000 -3.141592
    57 -2.477620 5.416855 4.597564 1.570804 -0.000001 0.000000
    58 -1.515218 1.317776 5.998497 0.000000 0.000000 0.000000
    59 -2.455992 5.657928 -0.087295 1.570804 -0.000001 0.000000
    60 -1.485628 -1.617812 5.263969 0.000000 0.000000 3.141592
    61 3.756460 5.577858 2.053359 1.570803 -0.000001 0.000000
    62 2.735645 -0.081364 5.727116 0.000004 -0.000011 -1.570795
    63 2.477613 5.416855 4.597570 1.570804 -0.000001 0.000000
    64 1.515220 1.317777 5.998508 0.000000 0.000000 0.000000
    65 2.455991 5.657928 -0.087293 1.570804 -0.000001 0.000000
    66 1.485620 -1.617803 5.263973 0.000000 0.000000 -3.141592
    67 4.575642 5.632584 0.000132 0.000000 -1.570771 0.249128
    68 -0.000001 0.314078 5.161098 0.000000 0.000000 0.000000
    69 -0.000001 -0.323108 3.750217 0.000000 0.000000 0.000000
    70 5.734947 1.075212 4.685178 1.570830 -0.000004 -1.321669
    71 -0.753896 0.305901 4.971462 -0.000001 0.000002 0.000000
    72 -1.101006 -0.314705 3.448307 0.000001 0.000001 0.000000
    73 5.809101 -1.029643 4.595047 1.570829 -0.000004 -1.321671
    74 -0.714908 -0.199657 5.028973 0.000000 0.000003 0.000000
    75 -0.282898 -0.851690 4.444889 0.000000 0.000000 0.000000
    76 9.578484 -1.290738 0.000240 0.000000 1.570770 -2.892481
    77 9.369518 -1.236408 1.787905 0.000000 1.570770 -2.892481
    78 9.436707 -1.331719 -1.409029 0.000000 1.570770 -2.892477
    79 5.735191 1.075235 -4.684885 -1.570814 0.000004 1.819923
    80 0.753901 0.305904 4.971474 -0.000001 -0.000002 0.000000
    81 1.101010 -0.314705 3.448315 0.000000 -0.000001 0.000000
    82 5.809341 -1.029617 -4.594752 -1.570814 0.000004 1.819922
    83 0.714908 -0.199655 5.028969 0.000000 -0.000003 0.000000
    84 0.282897 -0.851688 4.444893 0.000000 0.000000 0.000000
  time 2
    0 2.515068 1.555040 37.200556 1.540404 0.020314 -0.112540
    1 3.983847 0.002149 0.003401 -1.626354 -0.346737 -1.494193
    2 15.938816 -0.000100 -0.000005 -0.000009 -0.000002 1.073533
    3 17.707025 -0.000068 0.000003 0.009184 0.033714 -1.227670
    4 6.202515 0.003416 -0.000367 -0.006766 0.003128 -0.543102
    5 -3.983848 0.002149 0.003395 -1.083716 -0.179384 -1.658011
    6 15.938826 -0.000113 -0.000001 0.000002 0.000010 0.429980
    7 17.707031 0.000018 0.000000 0.036063 0.067801 -1.266363
    8 6.202710 0.003078 0.003745 -0.078650 -0.006183 -0.498948
    9 -0.000001 4.209253 -1.688832 1.570603 -0.031967 1.576735
    10 3.836055 0.000000 0.000000 -0.000504 0.019416 -0.108593
    11 3.617625 -0.000275 -0.000015 -0.000743 0.017861 0.036295
    12 7.537925 0.003588 -0.000212 0.001543 0.007914 0.208145
    13 3.181604 -0.002346 0.000028 3.125577 -0.042133 0.224438
    14 2.966416 0.000318 0.000023 0.100930 0.015351 0.112977
    15 2.023770 0.904983 0.850949 1.830553 -1.219514 2.695572
    16 4.980521 0.000781 -0.001089 -1.625766 0.088025 -1.031042
    17 11.119977 0.000007 0.000004 -0.000003 -0.136098 -0.519980
    18 11.205393 -0.000039 0.000000 1.620747 -0.422243 -0.042376
    19 3.767578 0.152466 0.071350 0.014350 0.037540 -0.177489
    20 2.037109 -0.000002 0.000002 -0.000001 0.005004 -0.888530
    21 1.066406 -0.000001 0.000000 0.000002 0.002790 0.001101
    22 3.783203 -0.017258 0.794434 0.333288 -0.031874 -0.219057
    23 1.628906 0.000000 -0.000001 0.000000 0.005106 -0.697052
    24 0.955566 -0.000002 0.000002 -0.000004 0.003247 -0.272279
    25 1.258789 -0.297852 1.251953 -1.927900 -0.158435 -0.368927
    26 1.392578 0.000004 -0.000004 0.000000 0.002017 0.071902
    27 1.099609 0.000002 -0.000005 -0.000002 -0.295768 0.023714
    28 3.547341 0.197447 -1.485758 -0.323544 0.115347 -0.238381
    29 1.218750 0.000000 0.000000 -0.000004 0.004663 -0.629642
    30 0.679688 -0.000004 0.000002 -0.000001 0.002398 -0.578397
    31 3.697266 0.267334 -0.728516 -0.105269 0.104461 -0.301442
    32 1.748047 0.000002 0.000002 -0.000001 0.002900 -0.623724
    33 0.956684 0.000008 0.000001 0.000015 0.004804 -0.321825
    34 2.023778 0.904982 -0.850921 -1.696974 1.252319 2.913548
    35 4.981625 0.002227 0.003236 1.862695 -0.213987 -1.109249
    36 11.119975 -0.000005 0.000000 0.000001 0.136123 -0.188035
    37 11.205375 0.000073 0.000008 -1.692567 0.448549 -0.154589
    38 3.767578 0.151855 -0.072693 -0.090833 -0.078893 -0.174026
    39 2.036716 -0.000004 0.000000 0.000012 -0.007577 -0.940629
    40 1.066406 0.000003 -0.000001 0.000006 -0.004235 -0.116579
    41 3.783203 -0.023941 -0.794434 -0.344152 -0.088893 -0.269864
    42 1.628906 0.000002 0.000000 0.000002 -0.007731 -0.659761
    43 0.954089 -0.000004 0.000000 0.000004 -0.004923 -0.331344
    44 1.258789 -0.308350 -1.250000 1.738856 0.204802 -0.550002
    45 1.392578 -0.000004 0.000002 0.000004 0.222430 0.216078
    46 1.099609 0.000002 -0.000002 0.000002 0.280392 0.302814
    47 3.546538 0.208125 1.487114 0.333783 -0.052221 -0.250106
    48 1.218750 0.000000 0.000000 0.000004 -0.007080 -0.610627
    49 0.679688 0.000004 0.000002 0.000001 -0.003641 -0.669685
    50 3.697266 0.273682 0.726563 0.103574 -0.126170 -0.288627
    51 1.748047 -0.000013 0.000001 0.000000 -0.004401 -0.791139
    52 0.956684 0.000004 0.000002 -0.000008 -0.007276 -0.432398
    53 -3.756462 5.577850 2.053357 1.570803 -0.000001 0.000000
    54 -2.735646 -0.081365 5.727119 0.000007 0.000015 1.570796
    55 0.000001 5.662003 -0.974302 1.570804 -0.000001 0.000000
    56 -0.000002 -2.275002 5.113525 0.000000 0.000000 -3.141592
    57 -2.477620 5.416855 4.597564 1.570804 -0.000001 0.000000
    58 -1.515218 1.317776 5.998497 0.000000 0.000000 0.000000
    59 -2.455992 5.657928 -0.087295 1.570804 -0.000001 0.000000
    60 -1.485628 -1.617812 5.263969 0.000000 0.000000 3.141592
    61 3.756460 5.577858 2.053359 1.570803 -0.000001 0.000000
    62 2.735645 -0.081364 5.727116 0.000004 -0.000011 -1.570795
    63 2.477613 5.416855 4.597570 1.570804 -0.000001 0.000000
    64 1.515220 1.317777 5.998508 0.000000 0.000000 0.000000
    65 2.455991 5.657928 -0.087293 1.570804 -0.000001 0.000000
    66 1.485620 -1.617803 5.263973 0.000000 0.000000 -3.141592
    67 4.575642 5.632584 0.000132 0.000000 -1.570771 0.249128
    68 -0.000001 0.314078 5.161098 0.000000 0.000000 0.000000
    69 -0.000001 -0.323108 3.750217 0.000000 0.000000 0.000000
    70 5.734947 1.075212 4.685178 1.570830 -0.000004 -1.321669
    71 -0.753896 0.305901 4.971462 -0.000001 0.000002 0.000000
    72 -1.101006 -0.314705 3.448307 0.000001 0.000001 0.000000
    73 5.809101 -1.029643 4.595047 1.570829 -0.000004 -1.321671
    74 -0.714908 -0.199657 5.028973 0.000000 0.000003 0.000000
    75 -0.282898 -0.851690 4.444889 0.000000 0.000000 0.000000
    76 9.578484 -1.290738 0.000240 0.000000 1.570770 -2.892481
    77 9.369518 -1.236408 1.787905 0.000000 1.570770 -2.892481
    78 9.436707 -1.331719 -1.409029 0.000000 1.570770 -2.892477
    79 5.735191 1.075235 -4.684885 -1.570814 0.000004 1.819923
    80 0.753901 0.305904 4.971474 -0.000001 -0.000002 0.000000
    81 1.101010 -0.314705 3.448315 0.000000 -0.000001 0.000000
    82 5.809341 -1.029617 -4.594752 -1.570814 0.000004 1.819922
    83 0.714908 -0.199655 5.028969 0.000000 -0.000003 0.000000
    84 0.282897 -0.851688 4.444893 0.000000 0.000000 0.000000
  time 3
    0 3.772930 2.606006 37.087271 1.532159 0.017605 -0.128003
    1 3.983847 0.002149 0.003401 -1.638040 -0.226498 -1.459056
    2 15.938816 -0.000100 -0.000005 -0.000009 -0.000002 0.986707
    3 17.707025 -0.000068 0.000003 0.018903 -0.058239 -1.225070
    4 6.202515 0.003416 -0.000367 -0.006635 0.003032 -0.586108
    5 -3.983848 0.002149 0.003395 -1.095944 -0.219963 -1.696606
    6 15.938826 -0.000113 -0.000001 0.000002 0.000010 0.448685
    7 17.707031 0.000018 0.000000 0.047714 0.061466 -1.224883
    8 6.202710 0.003078 0.003745 -0.078650 -0.006183 -0.498948
    9 -0.000001 4.209253 -1.688832 1.570747 -0.036914 1.575968
    10 3.836055 0.000000 0.000000 -0.000288 0.022328 -0.103655
    11 3.617625 -0.000275 -0.000015 -0.000479 0.017777 0.040504
    12 7.537925 0.003588 -0.000212 0.001519 0.007722 0.208145
    13 3.181604 -0.002346 0.000028 3.126440 -0.039772 0.224390
    14 2.966416 0.000318 0.000023 0.112938 0.026856 0.125775
    15 2.023770 0.904983 0.850949 1.820453 -1.220613 2.706268
    16 4.980521 0.000781 -0.001089 -1.621638 0.088767 -1.029705
    17 11.119977 0.000007 0.000004 -0.000003 -0.136098 -0.547483
    18 11.205393 -0.000039 0.000000 1.668621 -0.417742 -0.087617
    19 3.767578 0.152466 0.071350 0.014350 0.037540 -0.177489
    20 2.037109 -0.000002 0.000002 -0.000001 0.005004 -0.888530
    21 1.066406 -0.000001 0.000000 0.000002 0.002790 0.001101
    22 3.783203 -0.017258 0.794434 0.333288 -0.031874 -0.219057
    23 1.628906 0.000000 -0.000001 0.000000 0.005106 -0.697052
    24 0.955566 -0.000002 0.000002 -0.000004 0.003247 -0.272279
    25 1.258789 -0.297852 1.251953 -1.927900 -0.158435 -0.368927
    26 1.392578 0.000004 -0.000004 0.000000 0.002017 0.071902
    27 1.099609 0.000002 -0.000005 -0.000002 -0.295768 0.023714
    28 3.547341 0.197447 -1.485758 -0.323544 0.115347 -0.238381
    29 1.218750 0.000000 0.000000 -0.000004 0.004663 -0.629642
    30 0.679688 -0.000004 0.000002 -0.000001 0.002398 -0.578397
    31 3.697266 0.267334 -0.728516 -0.105269 0.104461 -0.301442
    32 1.748047 0.000002 0.000002 -0.000001 0.002900 -0.623724
    33 0.956684 0.000008 0.000001 0.000003 0.004804 -0.321825
    34 2.023778 0.904982 -0.850921 -1.708351 1.251627 2.901626
    35 4.981625 0.002227 0.003236 1.874562 -0.217615 -1.110542
    36 11.119975 -0.000005 0.000000 0.000001 0.136123 -0.180594
    37 11.205375 0.000073 0.000008 -1.700584 0.453966 -0.154996
    38 3.767578 0.151855 -0.072693 -0.090833 -0.078893 -0.174026
    39 2.036716 -0.000004 0.000000 0.000000 -0.007577 -0.940629
    40 1.066406 0.000003 -0.000001 0.000006 -0.004235 -0.116579
    41 3.783203 -0.023941 -0.794434 -0.344152 -0.088893 -0.269864
    42 1.628906 0.000002 0.000000 0.000002 -0.007731 -0.659761
    43 0.954089 -0.000004 0.000000 0.000004 -0.004923 -0.331344
    44 1.258789 -0.308350 -1.250000 1.738856 0.204802 -0.550002
    45 1.392578 -0.000004 0.000002 0.000004 0.222430 0.216078
    46 1.099609 0.000002 -0.000002 0.000002 0.280392 0.302814
    47 3.546538 0.208125 1.487114 0.333783 -0.052221 -0.250166
    48 1.218750 0.000000 0.000000 0.000004 -0.007080 -0.610627
    49 0.679688 0.000004 0.000002 0.000001 -0.003641 -0.669685
    50 3.697266 0.273682 0.726563 0.103574 -0.126170 -0.288627
    51 1.748047 -0.000013 0.000001 0.000000 -0.004401 -0.791139
    52 0.956684 0.000004 0.000002 -0.000008 -0.007276 -0.432398
    53 -3.756462 5.577850 2.053357 1.570803 -0.000001 0.000000
    54 -2.735646 -0.081365 5.727119 0.000007 0.000015 1.570796
    55 0.000001 5.662003 -0.974302 1.570804 -0.000001 0.000000
    56 -0.000002 -2.275002 5.113525 0.000000 0.000000 -3.141592
    57 -2.477620 5.416855 4.597564 1.570804 -0.000001 0.000000
    58 -1.515218 1.317776 5.998497 0.000000 0.000000 0.000000
    59 -2.455992 5.657928 -0.087295 1.570804 -0.000001 0.000000
    60 -1.485628 -1.617812 5.263969 0.000000 0.000000 3.141592
    61 3.756460 5.577858 2.053359 1.570803 -0.000001 0.000000
    62 2.735645 -0.081364 5.727116 0.000004 -0.000011 -1.570795
    63 2.477613 5.416855 4.597570 1.570804 -0.000001 0.000000
    64 1.515220 1.317777 5.998508 0.000000 0.000000 0.000000
    65 2.455991 5.657928 -0.087293 1.570804 -0.000001 0.000000
    66 1.485620 -1.617803 5.263973 0.000000 0.000000 -3.141592
    67 4.575642 5.632584 0.000132 0.000000 -1.570771 0.249128
    68 -0.000001 0.314078 5.161098 0.000000 0.000000 0.000000
    69 -0.000001 -0.323108 3.750217 0.000000 0.000000 0.000000
    70 5.734947 1.075212 4.685178 1.570830 -0.000004 -1.321669
    71 -0.753896 0.305901 4.971462 -0.000001 0.000002 0.000000
    72 -1.101006 -0.314705 3.448307 0.000001 0.000001 0.000000
    73 5.809101 -1.029643 4.595047 1.570829 -0.000004 -1.321671
    74 -0.714908 -0.199657 5.028973 0.000000 0.000003 0.000000
    75 -0.282898 -0.851690 4.444889 0.000000 0.000000 0.000000
    76 9.578484 -1.290738 0.000240 0.000000 1.570770 -2.892481
    77 9.369518 -1.236408 1.787905 0.000000 1.570770 -2.892481
    78 9.436707 -1.331719 -1.409029 0.000000 1.570770 -2.892477
    79 5.735191 1.075235 -4.684885 -1.570814 0.000004 1.819923
    80 0.753901 0.305904 4.971474 -0.000001 -0.000002 0.000000
    81 1.101010 -0.314705 3.448315 0.000000 -0.000001 0.000000
    82 5.809341 -1.029617 -4.594752 -1.570814 0.000004 1.819922
    83 0.714908 -0.199655 5.028969 0.000000 -0.000003 0.000000
    84 0.282897 -0.851688 4.444893 0.000000 0.000000 0.000000
  time 4
    0 5.034698 3.688223 36.837263 1.522955 0.016826 -0.137013
    1 3.983847 0.002149 0.003401 -1.643075 -0.111732 -1.430268
    2 15.938816 -0.000100 -0.000005 -0.000009 -0.000002 0.892167
    3 17.707025 -0.000068 0.000003 0.011855 -0.129994 -1.221644
    4 6.202515 0.003416 -0.000367 -0.006719 0.002613 -0.687472
    5 -3.983848 0.002149 0.003395 -1.100721 -0.264493 -1.736326
    6 15.938826 -0.000113 -0.000001 0.000002 0.000010 0.476270
    7 17.707031 0.000018 0.000000 0.059252 0.055166 -1.186842
    8 6.202710 0.003078 0.003745 -0.078650 -0.006183 -0.498948
    9 -0.000001 4.209253 -1.688832 1.570794 -0.042386 1.575920
    10 3.836055 0.000000 0.000000 -0.000192 0.026008 -0.098202
    11 3.617625 -0.000275 -0.000015 -0.000287 0.017286 0.047544
    12 7.537925 0.003588 -0.000212 0.001411 0.007003 0.208145
    13 3.181604 -0.002346 0.000028 3.127974 -0.036057 0.224354
    14 2.966416 0.000318 0.000023 0.118955 0.036695 0.138981
    15 2.023770 0.904983 0.850949 1.793353 -1.223748 2.735181
    16 4.980521 0.000781 -0.001089 -1.617974 0.089509 -1.036989
    17 11.119977 0.000007 0.000004 -0.000003 -0.136098 -0.576816
    18 11.205393 -0.000039 0.000000 1.753564 -0.388065 -0.158147
    19 3.767578 0.152466 0.071350 0.014350 0.037540 -0.177489
    20 2.037109 -0.000002 0.000002 -0.000001 0.005004 -0.888530
    21 1.066406 -0.000001 0.000000 0.000002 0.002790 0.001101
    22 3.783203 -0.017258 0.794434 0.333288 -0.031874 -0.219057
    23 1.628906 0.000000 -0.000001 0.000000 0.005106 -0.697052
    24 0.955566 -0.000002 0.000002 -0.000004 0.003247 -0.272279
    25 1.258789 -0.297852 1.251953 -1.927900 -0.158435 -0.368927
    26 1.392578 0.000004 -0.000004 0.000000 0.002017 0.071902
    27 1.099609 0.000002 -0.000005 -0.000002 -0.295768 0.023714
    28 3.547341 0.197447 -1.485758 -0.323544 0.115347 -0.238381
    29 1.218750 0.000000 0.000000 -0.000004 0.004663 -0.629642
    30 0.679688 -0.000004 0.000002 -0.000001 0.002398 -0.578397
    31 3.697266 0.267334 -0.728516 -0.105269 0.104461 -0.301442
    32 1.748047 0.000002 0.000002 -0.000001 0.002900 -0.623724
    33 0.956684 0.000008 0.000001 0.000027 0.004804 -0.321825
    34 2.023778 0.904982 -0.850921 -1.738099 1.249062 2.870194
    35 4.981625 0.002227 0.003236 1.895665 -0.207062 -1.107897
    36 11.119975 -0.000005 0.000000 0.000001 0.136123 -0.174729
    37 11.205375 0.000073 0.000008 -1.711751 0.435486 -0.103043
    38 3.767578 0.151855 -0.072693 -0.090833 -0.078893 -0.174026
    39 2.036716 -0.000004 0.000000 0.000012 -0.007577 -0.940629
    40 1.066406 0.000003 -0.000001 0.000006 -0.004235 -0.116579
    41 3.783203 -0.023941 -0.794434 -0.344152 -0.088893 -0.269864
    42 1.628906 0.000002 0.000000 0.000002 -0.007731 -0.659761
    43 0.954089 -0.000004 0.000000 0.000004 -0.004923 -0.331344
    44 1.258789 -0.308350 -1.250000 1.738856 0.204802 -0.550002
    45 1.392578 -0.000004 0.000002 0.000004 0.222430 0.216078
    46 1.099609 0.000002 -0.000002 0.000002 0.280392 0.302814
    47 3.546538 0.208125 1.487114 0.333783 -0.052221 -0.250106
    48 1.218750 0.000000 0.000000 0.000004 -0.007080 -0.610627
    49 0.679688 0.000004 0.000002 0.000001 -0.003641 -0.669685
    50 3.697266 0.273682 0.726563 0.103574 -0.126170 -0.288627
    51 1.748047 -0.000013 0.000001 0.000000 -0.004401 -0.791139
    52 0.956684 0.000004 0.000002 0.000004 -0.007276 -0.432398
    53 -3.756462 5.577850 2.053357 1.570803 -0.000001 0.000000
    54 -2.735646 -0.081365 5.727119 0.000007 0.000015 1.570796
    55 0.000001 5.662003 -0.974302 1.570804 -0.000001 0.000000
    56 -0.000002 -2.275002 5.113525 0.000000 0.000000 -3.141592
    57 -2.477620 5.416855 4.597564 1.570804 -0.000001 0.000000
    58 -1.515218 1.317776 5.998497 0.000000 0.000000 0.000000
    59 -2.455992 5.657928 -0.087295 1.570804 -0.000001 0.000000
    60 -1.485628 -1.617812 5.263969 0.000000 0.000000 3.141592
    61 3.756460 5.577858 2.053359 1.570803 -0.000001 0.000000
    62 2.735645 -0.081364 5.727116 0.000004 -0.000011 -1.570795
    63 2.477613 5.416855 4.597570 1.570804 -0.000001 0.000000
    64 1.515220 1.317777 5.998508 0.000000 0.000000 0.000000
    65 2.455991 5.657928 -0.087293 1.570804 -0.000001 0.000000
    66 1.485620 -1.617803 5.263973 0.000000 0.000000 -3.141592
    67 4.575642 5.632584 0.000132 0.000000 -1.570771 0.249128
    68 -0.000001 0.314078 5.161098 0.000000 0.000000 0.000000
    69 -0.000001 -0.323108 3.750217 0.000000 0.000000 0.000000
    70 5.734947 1.075212 4.685178 1.570830 -0.000004 -1.321669
    71 -0.753896 0.305901 4.971462 -0.000001 0.000002 0.000000
    72 -1.101006 -0.314705 3.448307 0.000001 0.000001 0.000000
    73 5.809101 -1.029643 4.595047 1.570829 -0.000004 -1.321671
    74 -0.714908 -0.199657 5.028973 0.000000 0.000003 0.000000
    75 -0.282898 -0.851690 4.444889 0.000000 0.000000 0.000000
    76 9.578484 -1.290738 0.000240 0.000000 1.570770 -2.892481
    77 9.369518 -1.236408 1.787905 0.000000 1.570770 -2.892481
    78 9.436707 -1.331719 -1.409029 0.000000 1.570770 -2.892477
    79 5.735191 1.075235 -4.684885 -1.570814 0.000004 1.819923
    80 0.753901 0.305904 4.971474 -0.000001 -0.000002 0.000000
    81 1.101010 -0.314705 3.448315 0.000000 -0.000001 0.000000
    82 5.809341 -1.029617 -4.594752 -1.570814 0.000004 1.819922
    83 0.714908 -0.199655 5.028969 0.000000 -0.000003 0.000000
    84 0.282897 -0.851688 4.444893 0.000000 0.000000 0.000000
  time 5
    0 6.296466 4.836849 36.556005 1.516100 0.016383 -0.138355
    1 3.983847 0.002149 0.003401 -1.641270 -0.012986 -1.408810
    2 15.938816 -0.000100 -0.000005 -0.000009 -0.000002 0.793547
    3 17.707025 -0.000068 0.000003 -0.000369 -0.133198 -1.213781
    4 6.202515 0.003416 -0.000367 -0.006886 0.001798 -0.836450
    5 -3.983848 0.002149 0.003395 -1.097759 -0.303484 -1.773984
    6 15.938826 -0.000113 -0.000001 0.000002 0.000010 0.486913
    7 17.707031 0.000018 0.000000 0.070472 0.048974 -1.140044
    8 6.202710 0.003078 0.003745 -0.078650 -0.006183 -0.498948
    9 -0.000001 4.209253 -1.688832 1.570842 -0.046586 1.576016
    10 3.836055 0.000000 0.000000 -0.000156 0.028908 -0.094032
    11 3.617625 -0.000275 -0.000015 -0.000263 0.016255 0.053303
    12 7.537925 0.003588 -0.000212 0.001316 0.006380 0.208157
    13 3.181604 -0.002346 0.000028 3.129987 -0.030820 0.224306
    14 2.966416 0.000318 0.000023 0.118068 0.044222 0.146923
    15 2.023770 0.904983 0.850949 1.777153 -1.225702 2.752493
    16 4.980521 0.000781 -0.001089 -1.616736 0.092950 -1.044643
    17 11.119977 0.000007 0.000004 -0.000003 -0.136098 -0.577330
    18 11.205393 -0.000039 0.000000 1.768210 -0.365977 -0.172516
    19 3.767578 0.152466 0.071350 0.014350 0.037540 -0.177489
    20 2.037109 -0.000002 0.000002 -0.000001 0.005004 -0.888530
    21 1.066406 -0.000001 0.000000 0.000002 0.002790 0.001101
    22 3.783203 -0.017258 0.794434 0.333288 -0.031874 -0.219057
    23 1.628906 0.000000 -0.000001 0.000000 0.005106 -0.697052
    24 0.955566 -0.000002 0.000002 -0.000004 0.003247 -0.272279
    25 1.258789 -0.297852 1.251953 -1.927900 -0.158435 -0.368927
    26 1.392578 0.000004 -0.000004 0.000000 0.002017 0.071902
    27 1.099609 0.000002 -0.000005 -0.000002 -0.295768 0.023714
    28 3.547341 0.197447 -1.485758 -0.323544 0.115347 -0.238381
    29 1.218750 0.000000 0.000000 -0.000004 0.004663 -0.629642
    30 0.679688 -0.000004 0.000002 -0.000001 0.002398 -0.578397
    31 3.697266 0.267334 -0.728516 -0.105269 0.104461 -0.301442
    32 1.748047 0.000002 0.000002 -0.000001 0.002900 -0.623724
    33 0.956684 0.000008 0.000001 0.000027 0.004804 -0.321825
    34 2.023778 0.904982 -0.850921 -1.755530 1.247107 2.851498
    35 4.981625 0.002227 0.003236 1.901599 -0.197773 -1.105165
    36 11.119975 -0.000005 0.000000 0.000001 0.136123 -0.175486
    37 11.205375 0.000073 0.000008 -1.718766 0.410750 -0.047411
    38 3.767578 0.151855 -0.072693 -0.090833 -0.078893 -0.174026
    39 2.036716 -0.000004 0.000000 0.000012 -0.007577 -0.940629
    40 1.066406 0.000003 -0.000001 0.000006 -0.004235 -0.116579
    41 3.783203 -0.023941 -0.794434 -0.344152 -0.088893 -0.269864
    42 1.628906 0.000002 0.000000 0.000002 -0.007731 -0.659761
    43 0.954089 -0.000004 0.000000 0.000004 -0.004923 -0.331344
    44 1.258789 -0.308350 -1.250000 1.738856 0.204802 -0.550002
    45 1.392578 -0.000004 0.000002 0.000004 0.222430 0.216078
    46 1.099609 0.000002 -0.000002 0.000002 0.280392 0.302814
    47 3.546538 0.208125 1.487114 0.333783 -0.052221 -0.250106
    48 1.218750 0.000000 0.000000 0.000004 -0.007080 -0.610627
    49 0.679688 0.000004 0.000002 0.000001 -0.003641 -0.669685
    50 3.697266 0.273682 0.726563 0.103574 -0.126170 -0.288627
    51 1.748047 -0.000013 0.000001 0.000000 -0.004401 -0.791139
    52 0.956684 0.000004 0.000002 -0.000008 -0.007276 -0.432398
    53 -3.756462 5.577850 2.053357 1.570803 -0.000001 0.000000
    54 -2.735646 -0.081365 5.727119 0.000007 0.000015 1.570796
    55 0.000001 5.662003 -0.974302 1.570804 -0.000001 0.000000
    56 -0.000002 -2.275002 5.113525 0.000000 0.000000 -3.141592
    57 -2.477620 5.416855 4.597564 1.570804 -0.000001 0.000000
    58 -1.515218 1.317776 5.998497 0.000000 0.000000 0.000000
    59 -2.455992 5.657928 -0.087295 1.570804 -0.000001 0.000000
    60 -1.485628 -1.617812 5.263969 0.000000 0.000000 3.141592
    61 3.756460 5.577858 2.053359 1.570803 -0.000001 0.000000
    62 2.735645 -0.081364 5.727116 0.000004 -0.000011 -1.570795
    63 2.477613 5.416855 4.597570 1.570804 -0.000001 0.000000
    64 1.515220 1.317777 5.998508 0.000000 0.000000 0.000000
    65 2.455991 5.657928 -0.087293 1.570804 -0.000001 0.000000
    66 1.485620 -1.617803 5.263973 0.000000 0.000000 -3.141592
    67 4.575642 5.632584 0.000132 0.000000 -1.570771 0.249128
    68 -0.000001 0.314078 5.161098 0.000000 0.000000 0.000000
    69 -0.000001 -0.323108 3.750217 0.000000 0.000000 0.000000
    70 5.734947 1.075212 4.685178 1.570830 -0.000004 -1.321669
    71 -0.753896 0.305901 4.971462 -0.000001 0.000002 0.000000
    72 -1.101006 -0.314705 3.448307 0.000001 0.000001 0.000000
    73 5.809101 -1.029643 4.595047 1.570829 -0.000004 -1.321671
    74 -0.714908 -0.199657 5.028973 0.000000 0.000003 0.000000
    75 -0.282898 -0.851690 4.444889 0.000000 0.000000 0.000000
    76 9.578484 -1.290738 0.000240 0.000000 1.570770 -2.892481
    77 9.369518 -1.236408 1.787905 0.000000 1.570770 -2.892481
    78 9.436707 -1.331719 -1.409029 0.000000 1.570770 -2.892477
    79 5.735191 1.075235 -4.684885 -1.570814 0.000004 1.819923
    80 0.753901 0.305904 4.971474 -0.000001 -0.000002 0.000000
    81 1.101010 -0.314705 3.448315 0.000000 -0.000001 0.000000
    82 5.809341 -1.029617 -4.594752 -1.570814 0.000004 1.819922
    83 0.714908 -0.199655 5.028969 0.000000 -0.000003 0.000000
    84 0.282897 -0.851688 4.444893 0.000000 0.000000 0.000000
  time 6
    0 7.628549 6.087040 36.348967 1.512936 0.014909 -0.131710
    1 3.983847 0.002149 0.003401 -1.633955 0.076771 -1.406754
    2 15.938816 -0.000100 -0.000005 -0.000009 -0.000002 0.661395
    3 17.707025 -0.000068 0.000003 0.000429 -0.103813 -1.225376
    4 6.202515 0.003416 -0.000367 -0.007210 0.000599 -0.982830
    5 -3.983848 0.002149 0.003395 -1.088492 -0.324825 -1.806303
    6 15.938826 -0.000113 -0.000001 0.000002 0.000010 0.454920
    7 17.707031 0.000018 0.000000 0.081965 0.043192 -1.081473
    8 6.202710 0.003078 0.003745 -0.078650 -0.006183 -0.498948
    9 -0.000001 4.209253 -1.688832 1.570842 -0.048605 1.575632
    10 3.836055 0.000000 0.000000 -0.000264 0.029579 -0.091970
    11 3.617625 -0.000275 -0.000015 -0.000335 0.014685 0.055752
    12 7.537925 0.003588 -0.000212 0.001208 0.005577 0.208145
    13 3.181604 -0.002346 0.000028 3.132576 -0.023821 0.224222
    14 2.966416 0.000318 0.000023 0.110266 0.050214 0.149374
    15 2.023770 0.904983 0.850949 1.759603 -1.227738 2.771074
    16 4.980521 0.000781 -0.001089 -1.615291 0.100203 -1.054117
    17 11.119977 0.000007 0.000004 -0.000003 -0.136098 -0.569325
    18 11.205393 -0.000039 0.000000 1.767393 -0.341602 -0.175896
    19 3.767578 0.152466 0.071350 0.014350 0.037540 -0.177489
    20 2.037109 -0.000002 0.000002 -0.000001 0.005004 -0.888530
    21 1.066406 -0.000001 0.000000 0.000002 0.002790 0.001101
    22 3.783203 -0.017258 0.794434 0.333288 -0.031874 -0.219057
    23 1.628906 0.000000 -0.000001 0.000000 0.005106 -0.697052
    24 0.955566 -0.000002 0.000002 -0.000004 0.003247 -0.272279
    25 1.258789 -0.297852 1.251953 -1.927900 -0.158435 -0.368927
    26 1.392578 0.000004 -0.000004 0.000000 0.002017 0.071902
    27 1.099609 0.000002 -0.000005 -0.000002 -0.295768 0.023714
    28 3.547341 0.197447 -1.485758 -0.323544 0.115347 -0.238381
    29 1.218750 0.000000 0.000000 -0.000004 0.004663 -0.629642
    30 0.679688 -0.000004 0.000002 -0.000001 0.002398 -0.578397
    31 3.697266 0.267334 -0.728516 -0.105269 0.104461 -0.301442
    32 1.748047 0.000002 0.000002 -0.000001 0.002900 -0.623724
    33 0.956684 0.000008 0.000001 0.000015 0.004804 -0.321825
    34 2.023778 0.904982 -0.850921 -1.773952 1.244624 2.832169
    35 4.981625 0.002227 0.003236 1.903456 -0.187220 -1.102227
    36 11.119975 -0.000005 0.000000 0.000001 0.136123 -0.178324
    37 11.205375 0.000073 0.000008 -1.736470 0.378703 0.015892
    38 3.767578 0.151855 -0.072693 -0.090833 -0.078893 -0.174026
    39 2.036716 -0.000004 0.000000 0.000000 -0.007577 -0.940629
    40 1.066406 0.000003 -0.000001 0.000006 -0.004235 -0.116579
    41 3.783203 -0.023941 -0.794434 -0.344152 -0.088893 -0.269864
    42 1.628906 0.000002 0.000000 0.000002 -0.007731 -0.659761
    43 0.954089 -0.000004 0.000000 0.000004 -0.004923 -0.331344
    44 1.258789 -0.308350 -1.250000 1.738856 0.204802 -0.550002
    45 1.392578 -0.000004 0.000002 0.000004 0.222430 0.216078
    46 1.099609 0.000002 -0.000002 0.000002 0.280392 0.302814
    47 3.546538 0.208125 1.487114 0.333783 -0.052221 -0.250106
    48 1.218750 0.000000 0.000000 0.000004 -0.007080 -0.610627
    49 0.679688 0.000004 0.000002 0.000001 -0.003641 -0.669685
    50 3.697266 0.273682 0.726563 0.103574 -0.126170 -0.288627
    51 1.748047 -0.000013 0.000001 0.000000 -0.004401 -0.791139
    52 0.956684 0.000004 0.000002 -0.000008 -0.007276 -0.432398
    53 -3.756462 5.577850 2.053357 1.570803 -0.000001 0.000000
    54 -2.735646 -0.081365 5.727119 0.000007 0.000015 1.570796
    55 0.000001 5.662003 -0.974302 1.570804 -0.000001 0.000000
    56 -0.000002 -2.275002 5.113525 0.000000 0.000000 -3.141592
    57 -2.477620 5.416855 4.597564 1.570804 -0.000001 0.000000
    58 -1.515218 1.317776 5.998497 0.000000 0.000000 0.000000
    59 -2.455992 5.657928 -0.087295 1.570804 -0.000001 0.000000
    60 -1.485628 -1.617812 5.263969 0.000000 0.000000 3.141592
    61 3.756460 5.577858 2.053359 1.570803 -0.000001 0.000000
    62 2.735645 -0.081364 5.727116 0.000004 -0.000011 -1.570795
    63 2.477613 5.416855 4.597570 1.570804 -0.000001 0.000000
    64 1.515220 1.317777 5.998508 0.000000 0.000000 0.000000
    65 2.455991 5.657928 -0.087293 1.570804 -0.000001 0.000000
    66 1.485620 -1.617803 5.263973 0.000000 0.000000 -3.141592
    67 4.575642 5.632584 0.000132 0.000000 -1.570771 0.249128
    68 -0.000001 0.314078 5.161098 0.000000 0.000000 0.000000
    69 -0.000001 -0.323108 3.750217 0.000000 0.000000 0.000000
    70 5.734947 1.075212 4.685178 1.570830 -0.000004 -1.321669
    71 -0.753896 0.305901 4.971462 -0.000001 0.000002 0.000000
    72 -1.101006 -0.314705 3.448307 0.000001 0.000001 0.000000
    73 5.809101 -1.029643 4.595047 1.570829 -0.000004 -1.321671
    74 -0.714908 -0.199657 5.028973 0.000000 0.000003 0.000000
    75 -0.282898 -0.851690 4.444889 0.000000 0.000000 0.000000
    76 9.578484 -1.290738 0.000240 0.000000 1.570770 -2.892481
    77 9.369518 -1.236408 1.787905 0.000000 1.570770 -2.892481
    78 9.436707 -1.331719 -1.409029 0.000000 1.570770 -2.892477
    79 5.735191 1.075235 -4.684885 -1.570814 0.000004 1.819923
    80 0.753901 0.305904 4.971474 -0.000001 -0.000002 0.000000
    81 1.101010 -0.314705 3.448315 0.000000 -0.000001 0.000000
    82 5.809341 -1.029617 -4.594752 -1.570814 0.000004 1.819922
    83 0.714908 -0.199655 5.028969 0.000000 -0.000003 0.000000
    84 0.282897 -0.851688 4.444893 0.000000 0.000000 0.000000
  time 7
    0 9.097355 7.411452 36.282559 1.513655 0.009372 -0.118291
    1 3.983847 0.002149 0.003401 -1.622554 0.081177 -1.434738
    2 15.938816 -0.000100 -0.000005 -0.000009 -0.000002 0.623592
    3 17.707025 -0.000068 0.000003 0.015902 -0.081026 -1.301551
    4 6.202515 0.003416 -0.000367 -0.007653 0.000444 -0.916779
    5 -3.983848 0.002149 0.003395 -1.076168 -0.323022 -1.832532
    6 15.938826 -0.000113 -0.000001 0.000002 0.000010 0.387846
    7 17.707031 0.000018 0.000000 0.092392 0.041747 -1.064317
    8 6.202710 0.003078 0.003745 -0.078686 -0.006207 -0.498948
    9 -0.000001 4.209253 -1.688832 1.570794 -0.048666 1.573619
    10 3.836055 0.000000 0.000000 -0.000432 0.024965 -0.091898
    11 3.617625 -0.000275 -0.000015 -0.000575 0.012480 0.055809
    12 7.537925 0.003588 -0.000212 0.001076 0.004546 0.208145
    13 3.181604 -0.002346 0.000028 3.136123 -0.014892 0.224138
    14 2.966416 0.000318 0.000023 0.096819 0.054301 0.147377
    15 2.023770 0.904983 0.850949 1.741303 -1.229937 2.790561
    16 4.980521 0.000781 -0.001089 -1.614001 0.110391 -1.064417
    17 11.119977 0.000007 0.000004 -0.000003 -0.136098 -0.551886
    18 11.205393 -0.000039 0.000000 1.753564 -0.317945 -0.162066
    19 3.767578 0.152466 0.071350 0.014350 0.037540 -0.177489
    20 2.037109 -0.000002 0.000002 -0.000001 0.005004 -0.888530
    21 1.066406 -0.000001 0.000000 0.000002 0.002790 0.001101
    22 3.783203 -0.017258 0.794434 0.333288 -0.031874 -0.219057
    23 1.628906 0.000000 -0.000001 0.000000 0.005106 -0.697052
    24 0.955566 -0.000002 0.000002 -0.000004 0.003247 -0.272279
    25 1.258789 -0.297852 1.251953 -1.927900 -0.158435 -0.368927
    26 1.392578 0.000004 -0.000004 0.000000 0.002017 0.071902
    27 1.099609 0.000002 -0.000005 -0.000002 -0.295768 0.023714
    28 3.547341 0.197447 -1.485758 -0.323544 0.115347 -0.238381
    29 1.218750 0.000000 0.000000 -0.000004 0.004663 -0.629642
    30 0.679688 -0.000004 0.000002 -0.000001 0.002398 -0.578397
    31 3.697266 0.267334 -0.728516 -0.105269 0.104461 -0.301442
    32 1.748047 0.000002 0.000002 -0.000001 0.002900 -0.623724
    33 0.956684 0.000008 0.000001 0.000015 0.004804 -0.321825
    34 2.023778 0.904982 -0.850921 -1.792532 1.241773 2.812570
    35 4.981625 0.002227 0.003236 1.900515 -0.174551 -1.098642
    36 11.119975 -0.000005 0.000000 0.000001 0.136123 -0.185827
    37 11.205375 0.000073 0.000008 -1.774838 0.346908 0.057658
    38 3.767578 0.151855 -0.072693 -0.090833 -0.078893 -0.174026
    39 2.036716 -0.000004 0.000000 0.000012 -0.007577 -0.940629
    40 1.066406 0.000003 -0.000001 0.000006 -0.004235 -0.116579
    41 3.783203 -0.023941 -0.794434 -0.344152 -0.088893 -0.269864
    42 1.628906 0.000002 0.000000 0.000002 -0.007731 -0.659761
    43 0.954089 -0.000004 0.000000 0.000004 -0.004923 -0.331344
    44 1.258789 -0.308350 -1.250000 1.738856 0.204802 -0.550002
    45 1.392578 -0.000004 0.000002 0.000004 0.222430 0.216078
    46 1.099609 0.000002 -0.000002 0.000002 0.280392 0.302814
    47 3.546538 0.208125 1.487114 0.333783 -0.052221 -0.250166
    48 1.218750 0.000000 0.000000 0.000004 -0.007080 -0.610627
    49 0.679688 0.000004 0.000002 0.000001 -0.003641 -0.669685
    50 3.697266 0.273682 0.726563 0.103574 -0.126170 -0.288627
    51 1.748047 -0.000013 0.000001 0.000000 -0.004401 -0.791139
    52 0.956684 0.000004 0.000002 -0.000008 -0.007276 -0.432398
    53 -3.756462 5.577850 2.053357 1.570803 -0.000001 0.000000
    54 -2.735646 -0.081365 5.727119 0.000007 0.000015 1.570796
    55 0.000001 5.662003 -0.974302 1.570804 -0.000001 0.000000
    56 -0.000002 -2.275002 5.113525 0.000000 0.000000 -3.141592
    57 -2.477620 5.416855 4.597564 1.570804 -0.000001 0.000000
    58 -1.515218 1.317776 5.998497 0.000000 0.000000 0.000000
    59 -2.455992 5.657928 -0.087295 1.570804 -0.000001 0.000000
    60 -1.485628 -1.617812 5.263969 0.000000 0.000000 3.141592
    61 3.756460 5.577858 2.053359 1.570803 -0.000001 0.000000
    62 2.735645 -0.081364 5.727116 0.000004 -0.000011 -1.570795
    63 2.477613 5.416855 4.597570 1.570804 -0.000001 0.000000
    64 1.515220 1.317777 5.998508 0.000000 0.000000 0.000000
    65 2.455991 5.657928 -0.087293 1.570804 -0.000001 0.000000
    66 1.485620 -1.617803 5.263973 0.000000 0.000000 -3.141592
    67 4.575642 5.632584 0.000132 0.000000 -1.570771 0.249128
    68 -0.000001 0.314078 5.161098 0.000000 0.000000 0.000000
    69 -0.000001 -0.323108 3.750217 0.000000 0.000000 0.000000
    70 5.734947 1.075212 4.685178 1.570830 -0.000004 -1.321669
    71 -0.753896 0.305901 4.971462 -0.000001 0.000002 0.000000
    72 -1.101006 -0.314705 3.448307 0.000001 0.000001 0.000000
    73 5.809101 -1.029643 4.595047 1.570829 -0.000004 -1.321671
    74 -0.714908 -0.199657 5.028973 0.000000 0.000003 0.000000
    75 -0.282898 -0.851690 4.444889 0.000000 0.000000 0.000000
    76 9.578484 -1.290738 0.000240 0.000000 1.570770 -2.892481
    77 9.369518 -1.236408 1.787905 0.000000 1.570770 -2.892481
    78 9.436707 -1.331719 -1.409029 0.000000 1.570770 -2.892477
    79 5.735191 1.075235 -4.684885 -1.570814 0.000004 1.819923
    80 0.753901 0.305904 4.971474 -0.000001 -0.000002 0.000000
    81 1.101010 -0.314705 3.448315 0.000000 -0.000001 0.000000
    82 5.809341 -1.029617 -4.594752 -1.570814 0.000004 1.819922
    83 0.714908 -0.199655 5.028969 0.000000 -0.000003 0.000000
    84 0.282897 -0.851688 4.444893 0.000000 0.000000 0.000000
  time 8
    0 10.558348 8.794459 36.294278 1.518689 -0.010714 -0.099249
    1 3.983847 0.002149 0.003401 -1.606594 0.084025 -1.477295
    2 15.938816 -0.000100 -0.000005 -0.000009 -0.000002 0.557230
    3 17.707025 -0.000068 0.000003 0.021877 -0.045912 -1.374819
    4 6.202515 0.003416 -0.000367 -0.008408 0.000527 -0.786236
    5 -3.983848 0.002149 0.003395 -1.054386 -0.337579 -1.876092
    6 15.938826 -0.000113 -0.000001 0.000002 0.000010 0.400631
    7 17.707031 0.000018 0.000000 0.097197 0.042460 -1.095386
    8 6.202710 0.003078 0.003745 -0.078722 -0.006219 -0.498948
    9 -0.000001 4.209253 -1.688832 1.570219 -0.047010 1.566476
    10 3.836055 0.000000 0.000000 -0.000659 0.006089 -0.093612
    11 3.617625 -0.000275 -0.000015 -0.000862 0.009520 0.054133
    12 7.537925 0.003588 -0.000212 0.000680 0.001897 0.208133
    13 3.181604 -0.002346 0.000028 3.140150 -0.003962 0.224138
    14 2.966416 0.000318 0.000023 0.080844 0.054720 0.141296
    15 2.023770 0.904983 0.850949 1.704453 -1.234578 2.829717
    16 4.980521 0.000781 -0.001089 -1.615652 0.136030 -1.080180
    17 11.119977 0.000007 0.000004 -0.000003 -0.136098 -0.481156
    18 11.205393 -0.000039 0.000000 1.705066 -0.297572 -0.069964
    19 3.767578 0.152466 0.071350 0.014350 0.037540 -0.177489
    20 2.037109 -0.000002 0.000002 -0.000001 0.005004 -0.888530
    21 1.066406 -0.000001 0.000000 0.000002 0.002790 0.001101
    22 3.783203 -0.017258 0.794434 0.333288 -0.031874 -0.219057
    23 1.628906 0.000000 -0.000001 0.000000 0.005106 -0.697052
    24 0.955566 -0.000002 0.000002 -0.000004 0.003247 -0.272279
    25 1.258789 -0.297852 1.251953 -1.927900 -0.158435 -0.368927
    26 1.392578 0.000004 -0.000004 0.000000 0.002017 0.071902
    27 1.099609 0.000002 -0.000005 -0.000002 -0.295768 0.023714
    28 3.547341 0.197447 -1.485758 -0.323544 0.115347 -0.238381
    29 1.218750 0.000000 0.000000 -0.000004 0.004663 -0.629642
    30 0.679688 -0.000004 0.000002 -0.000001 0.002398 -0.578397
    31 3.697266 0.267334 -0.728516 -0.105269 0.104461 -0.301442
    32 1.748047 0.000002 0.000002 -0.000001 0.002900 -0.623724
    33 0.956684 0.000008 0.000001 0.000015 0.004804 -0.321825
    34 2.023778 0.904982 -0.850921 -1.827602 1.234974 2.775268
    35 4.981625 0.002227 0.003236 1.876471 -0.139072 -1.094029
    36 11.119975 -0.000005 0.000000 0.000001 0.136123 -0.213888
    37 11.205375 0.000073 0.000008 -1.811058 0.308545 0.072327
    38 3.767578 0.151855 -0.072693 -0.090833 -0.078893 -0.174026
    39 2.036716 -0.000004 0.000000 0.000012 -0.007577 -0.940629
    40 1.066406 0.000003 -0.000001 0.000006 -0.004235 -0.116579
    41 3.783203 -0.023941 -0.794434 -0.344152 -0.088893 -0.269864
    42 1.628906 0.000002 0.000000 0.000002 -0.007731 -0.659761
    43 0.954089 -0.000004 0.000000 0.000004 -0.004923 -0.331344
    44 1.258789 -0.308350 -1.250000 1.738856 0.204802 -0.550002
    45 1.392578 -0.000004 0.000002 0.000004 0.222430 0.216078
    46 1.099609 0.000002 -0.000002 0.000002 0.280392 0.302814
    47 3.546538 0.208125 1.487114 0.333783 -0.052221 -0.250106
    48 1.218750 0.000000 0.000000 0.000004 -0.007080 -0.610627
    49 0.679688 0.000004 0.000002 0.000001 -0.003641 -0.669685
    50 3.697266 0.273682 0.726563 0.103574 -0.126170 -0.288627
    51 1.748047 -0.000013 0.000001 0.000000 -0.004401 -0.791139
    52 0.956684 0.000004 0.000002 -0.000008 -0.007276 -0.432398
    53 -3.756462 5.577850 2.053357 1.570803 -0.000001 0.000000
    54 -2.735646 -0.081365 5.727119 0.000007 0.000015 1.570796
    55 0.000001 5.662003 -0.974302 1.570804 -0.000001 0.000000
    56 -0.000002 -2.275002 5.113525 0.000000 0.000000 -3.141592
    57 -2.477620 5.416855 4.597564 1.570804 -0.000001 0.000000
    58 -1.515218 1.317776 5.998497 0.000000 0.000000 0.000000
    59 -2.455992 5.657928 -0.087295 1.570804 -0.000001 0.000000
    60 -1.485628 -1.617812 5.263969 0.000000 0.000000 3.141592
    61 3.756460 5.577858 2.053359 1.570803 -0.000001 0.000000
    62 2.735645 -0.081364 5.727116 0.000004 -0.000011 -1.570795
    63 2.477613 5.416855 4.597570 1.570804 -0.000001 0.000000
    64 1.515220 1.317777 5.998508 0.000000 0.000000 0.000000
    65 2.455991 5.657928 -0.087293 1.570804 -0.000001 0.000000
    66 1.485620 -1.617803 5.263973 0.000000 0.000000 -3.141592
    67 4.575642 5.632584 0.000132 0.000000 -1.570771 0.249128
    68 -0.000001 0.314078 5.161098 0.000000 0.000000 0.000000
    69 -0.000001 -0.323108 3.750217 0.000000 0.000000 0.000000
    70 5.734947 1.075212 4.685178 1.570830 -0.000004 -1.321669
    71 -0.753896 0.305901 4.971462 -0.000001 0.000002 0.000000
    72 -1.101006 -0.314705 3.448307 0.000001 0.000001 0.000000
    73 5.809101 -1.029643 4.595047 1.570829 -0.000004 -1.321671
    74 -0.714908 -0.199657 5.028973 0.000000 0.000003 0.000000
    75 -0.282898 -0.851690 4.444889 0.000000 0.000000 0.000000
    76 9.578484 -1.290738 0.000240 0.000000 1.570770 -2.892481
    77 9.369518 -1.236408 1.787905 0.000000 1.570770 -2.892481
    78 9.436707 -1.331719 -1.409029 0.000000 1.570770 -2.892477
    79 5.735191 1.075235 -4.684885 -1.570814 0.000004 1.819923
    80 0.753901 0.305904 4.971474 -0.000001 -0.000002 0.000000
    81 1.101010 -0.314705 3.448315 0.000000 -0.000001 0.000000
    82 5.809341 -1.029617 -4.594752 -1.570814 0.000004 1.819922
    83 0.714908 -0.199655 5.028969 0.000000 -0.000003 0.000000
    84 0.282897 -0.851688 4.444893 0.000000 0.000000 0.000000
  time 9
    0 11.968558 10.181373 36.399750 1.526119 -0.041503 -0.075733
    1 3.983847 0.002149 0.003401 -1.586169 0.107521 -1.528971
    2 15.938816 -0.000100 -0.000005 -0.000009 -0.000002 0.438529
    3 17.707025 -0.000068 0.000003 0.014773 -0.009823 -1.417037
    4 6.202515 0.003416 -0.000367 -0.009379 0.000671 -0.656941
    5 -3.983848 0.002149 0.003395 -1.025725 -0.358534 -1.936140
    6 15.938826 -0.000113 -0.000001 0.000002 0.000010 0.422737
    7 17.707031 0.000018 0.000000 0.102569 0.041318 -1.102554
    8 6.202710 0.003078 0.003745 -0.078734 -0.006231 -0.498948
    9 -0.000001 4.209253 -1.688832 1.569165 -0.043860 1.555163
    10 3.836055 0.000000 0.000000 -0.000947 -0.022638 -0.096812
    11 3.617625 -0.000275 -0.000015 -0.001222 0.005769 0.050909
    12 7.537925 0.003588 -0.000212 0.000465 0.000291 0.208133
    13 3.181604 -0.002346 0.000028 3.144848 0.008562 0.224138
    14 2.966416 0.000318 0.000023 0.062088 0.052946 0.127182
    15 2.023770 0.904983 0.850949 1.687203 -1.236899 2.848207
    16 4.980521 0.000781 -0.001089 -1.618748 0.150738 -1.085842
    17 11.119977 0.000007 0.000004 -0.000003 -0.136098 -0.432611
    18 11.205393 -0.000039 0.000000 1.683266 -0.299907 -0.031685
    19 3.767578 0.152466 0.071350 0.014350 0.037540 -0.177489
    20 2.037109 -0.000002 0.000002 -0.000001 0.005004 -0.888530
    21 1.066406 -0.000001 0.000000 0.000002 0.002790 0.001101
    22 3.783203 -0.017258 0.794434 0.333288 -0.031874 -0.219057
    23 1.628906 0.000000 -0.000001 0.000000 0.005106 -0.697052
    24 0.955566 -0.000002 0.000002 -0.000004 0.003247 -0.272279
    25 1.258789 -0.297852 1.251953 -1.927900 -0.158435 -0.368927
    26 1.392578 0.000004 -0.000004 0.000000 0.002017 0.071902
    27 1.099609 0.000002 -0.000005 -0.000002 -0.295768 0.023714
    28 3.547341 0.197447 -1.485758 -0.323544 0.115347 -0.238381
    29 1.218750 0.000000 0.000000 -0.000004 0.004663 -0.629642
    30 0.679688 -0.000004 0.000002 -0.000001 0.002398 -0.578397
    31 3.697266 0.267334 -0.728516 -0.105269 0.104461 -0.301442
    32 1.748047 0.000002 0.000002 -0.000001 0.002900 -0.623724
    33 0.956684 0.000008 0.000001 0.000015 0.004804 -0.321825
    34 2.023778 0.904982 -0.850921 -1.843155 1.231147 2.758739
    35 4.981625 0.002227 0.003236 1.856452 -0.118241 -1.091503
    36 11.119975 -0.000005 0.000000 0.000001 0.136123 -0.236274
    37 11.205375 0.000073 0.000008 -1.767727 0.304231 0.071620
    38 3.767578 0.151855 -0.072693 -0.090833 -0.078893 -0.174026
    39 2.036716 -0.000004 0.000000 0.000012 -0.007577 -0.940629
    40 1.066406 0.000003 -0.000001 0.000006 -0.004235 -0.116579
    41 3.783203 -0.023941 -0.794434 -0.344152 -0.088893 -0.269864
    42 1.628906 0.000002 0.000000 0.000002 -0.007731 -0.659761
    43 0.954089 -0.000004 0.000000 0.000004 -0.004923 -0.331344
    44 1.258789 -0.308350 -1.250000 1.738856 0.204802 -0.550002
    45 1.392578 -0.000004 0.000002 0.000004 0.222430 0.216078
    46 1.099609 0.000002 -0.000002 0.000002 0.280392 0.302814
    47 3.546538 0.208125 1.487114 0.333783 -0.052221 -0.250106
    48 1.218750 0.000000 0.000000 0.000004 -0.007080 -0.610627
    49 0.679688 0.000004 0.000002 0.000001 -0.003641 -0.669685
    50 3.697266 0.273682 0.726563 0.103574 -0.126170 -0.288627
    51 1.748047 -0.000013 0.000001 0.000000 -0.004401 -0.791139
    52 0.956684 0.000004 0.000002 -0.000008 -0.007276 -0.432398
    53 -3.756462 5.577850 2.053357 1.570803 -0.000001 0.000000
    54 -2.735646 -0.081365 5.727119 0.000007 0.000015 1.570796
    55 0.000001 5.662003 -0.974302 1.570804 -0.000001 0.000000
    56 -0.000002 -2.275002 5.113525 0.000000 0.000000 -3.141592
    57 -2.477620 5.416855 4.597564 1.570804 -0.000001 0.000000
    58 -1.515218 1.317776 5.998497 0.000000 0.000000 0.000000
    59 -2.455992 5.657928 -0.087295 1.570804 -0.000001 0.000000
    60 -1.485628 -1.617812 5.263969 0.000000 0.000000 3.141592
    61 3.756460 5.577858 2.053359 1.570803 -0.000001 0.000000
    62 2.735645 -0.081364 5.727116 0.000004 -0.000011 -1.570795
    63 2.477613 5.416855 4.597570 1.570804 -0.000001 0.000000
    64 1.515220 1.317777 5.998508 0.000000 0.000000 0.000000
    65 2.455991 5.657928 -0.087293 1.570804 -0.000001 0.000000
    66 1.485620 -1.617803 5.263973 0.000000 0.000000 -3.141592
    67 4.575642 5.632584 0.000132 0.000000 -1.570771 0.249128
    68 -0.000001 0.314078 5.161098 0.000000 0.000000 0.000000
    69 -0.000001 -0.323108 3.750217 0.000000 0.000000 0.000000
    70 5.734947 1.075212 4.685178 1.570830 -0.000004 -1.321669
    71 -0.753896 0.305901 4.971462 -0.000001 0.000002 0.000000
    72 -1.101006 -0.314705 3.448307 0.000001 0.000001 0.000000
    73 5.809101 -1.029643 4.595047 1.570829 -0.000004 -1.321671
    74 -0.714908 -0.199657 5.028973 0.000000 0.000003 0.000000
    75 -0.282898 -0.851690 4.444889 0.000000 0.000000 0.000000
    76 9.578484 -1.290738 0.000240 0.000000 1.570770 -2.892481
    77 9.369518 -1.236408 1.787905 0.000000 1.570770 -2.892481
    78 9.436707 -1.331719 -1.409029 0.000000 1.570770 -2.892477
    79 5.735191 1.075235 -4.684885 -1.570814 0.000004 1.819923
    80 0.753901 0.305904 4.971474 -0.000001 -0.000002 0.000000
    81 1.101010 -0.314705 3.448315 0.000000 -0.000001 0.000000
    82 5.809341 -1.029617 -4.594752 -1.570814 0.000004 1.819922
    83 0.714908 -0.199655 5.028969 0.000000 -0.000003 0.000000
    84 0.282897 -0.851688 4.444893 0.000000 0.000000 0.000000
  time 10
    0 13.308453 11.525316 36.536473 1.533357 -0.069319 -0.049023
    1 3.983847 0.002149 0.003401 -1.562039 0.139339 -1.576803
    2 15.938816 -0.000100 -0.000005 -0.000009 -0.000002 0.296687
    3 17.707025 -0.000068 0.000003 0.002549 0.016422 -1.417924
    4 6.202515 0.003416 -0.000367 -0.010470 0.000839 -0.553984
    5 -3.983848 0.002149 0.003395 -0.986937 -0.392758 -1.990285
    6 15.938826 -0.000113 -0.000001 0.000002 0.000010 0.595112
    7 17.707031 0.000018 0.000000 0.094998 0.042585 -1.215154
    8 6.202710 0.003078 0.003745 -0.078710 -0.006219 -0.498948
    9 -0.000001 4.209253 -1.688832 1.568062 -0.039680 1.545097
    10 3.836055 0.000000 0.000000 -0.001283 -0.048189 -0.100983
    11 3.617625 -0.000275 -0.000015 -0.001653 0.001203 0.046713
    12 7.537925 0.003588 -0.000212 0.000213 -0.001374 0.208133
    13 3.181604 -0.002346 0.000028 3.149929 0.021984 0.224174
    14 2.966416 0.000318 0.000023 0.039533 0.051233 0.110072
    15 2.023770 0.904983 0.850949 1.671003 -1.239220 2.865337
    16 4.980521 0.000781 -0.001089 -1.622206 0.166020 -1.092784
    17 11.119977 0.000007 0.000004 -0.000003 -0.136098 -0.382523
    18 11.205393 -0.000039 0.000000 1.666988 -0.312338 -0.012174
    19 3.767578 0.152466 0.071350 0.014350 0.037540 -0.177489
    20 2.037109 -0.000002 0.000002 -0.000001 0.005004 -0.888530
    21 1.066406 -0.000001 0.000000 0.000002 0.002790 0.001101
    22 3.783203 -0.017258 0.794434 0.333288 -0.031874 -0.219057
    23 1.628906 0.000000 -0.000001 0.000000 0.005106 -0.697052
    24 0.955566 -0.000002 0.000002 -0.000004 0.003247 -0.272279
    25 1.258789 -0.297852 1.251953 -1.927900 -0.158435 -0.368927
    26 1.392578 0.000004 -0.000004 0.000000 0.002017 0.071902
    27 1.099609 0.000002 -0.000005 -0.000002 -0.295768 0.023714
    28 3.547341 0.197447 -1.485758 -0.323544 0.115347 -0.238381
    29 1.218750 0.000000 0.000000 -0.000004 0.004663 -0.629642
    30 0.679688 -0.000004 0.000002 -0.000001 0.002398 -0.578397
    31 3.697266 0.267334 -0.728516 -0.105269 0.104461 -0.301442
    32 1.748047 0.000002 0.000002 -0.000001 0.002900 -0.623724
    33 0.956684 0.000008 0.000001 0.000003 0.004804 -0.321825
    34 2.023778 0.904982 -0.850921 -1.856724 1.227319 2.744107
    35 4.981625 0.002227 0.003236 1.833646 -0.098344 -1.086478
    36 11.119975 -0.000005 0.000000 0.000001 0.136123 -0.264587
    37 11.205375 0.000073 0.000008 -1.715521 0.306616 0.065688
    38 3.767578 0.151855 -0.072693 -0.090833 -0.078893 -0.174026
    39 2.036716 -0.000004 0.000000 0.000012 -0.007577 -0.940629
    40 1.066406 0.000003 -0.000001 0.000006 -0.004235 -0.116579
    41 3.783203 -0.023941 -0.794434 -0.344152 -0.088893 -0.269864
    42 1.628906 0.000002 0.000000 0.000002 -0.007731 -0.659761
    43 0.954089 -0.000004 0.000000 0.000004 -0.004923 -0.331344
    44 1.258789 -0.308350 -1.250000 1.738856 0.204802 -0.550002
    45 1.392578 -0.000004 0.000002 0.000004 0.222430 0.216078
    46 1.099609 0.000002 -0.000002 0.000002 0.280392 0.302814
    47 3.546538 0.208125 1.487114 0.333783 -0.052221 -0.250106
    48 1.218750 0.000000 0.000000 0.000004 -0.007080 -0.610627
    49 0.679688 0.000004 0.000002 0.000001 -0.003641 -0.669685
    50 3.697266 0.273682 0.726563 0.103574 -0.126170 -0.288627
    51 1.748047 -0.000013 0.000001 0.000000 -0.004401 -0.791139
    52 0.956684 0.000004 0.000002 -0.000008 -0.007276 -0.432398
    53 -3.756462 5.577850 2.053357 1.570803 -0.000001 0.000000
    54 -2.735646 -0.081365 5.727119 0.000007 0.000015 1.570796
    55 0.000001 5.662003 -0.974302 1.570804 -0.000001 0.000000
    56 -0.000002 -2.275002 5.113525 0.000000 0.000000 -3.141592
    57 -2.477620 5.416855 4.597564 1.570804 -0.000001 0.000000
    58 -1.515218 1.317776 5.998497 0.000000 0.000000 0.000000
    59 -2.455992 5.657928 -0.087295 1.570804 -0.000001 0.000000
    60 -1.485628 -1.617812 5.263969 0.000000 0.000000 3.141592
    61 3.756460 5.577858 2.053359 1.570803 -0.000001 0.000000
    62 2.735645 -0.081364 5.727116 0.000004 -0.000011 -1.570795
    63 2.477613 5.416855 4.597570 1.570804 -0.000001 0.000000
    64 1.515220 1.317777 5.998508 0.000000 0.000000 0.000000
    65 2.455991 5.657928 -0.087293 1.570804 -0.000001 0.000000
    66 1.485620 -1.617803 5.263973 0.000000 0.000000 -3.141592
    67 4.575642 5.632584 0.000132 0.000000 -1.570771 0.249128
    68 -0.000001 0.314078 5.161098 0.000000 0.000000 0.000000
    69 -0.000001 -0.323108 3.750217 0.000000 0.000000 0.000000
    70 5.734947 1.075212 4.685178 1.570830 -0.000004 -1.321669
    71 -0.753896 0.305901 4.971462 -0.000001 0.000002 0.000000
    72 -1.101006 -0.314705 3.448307 0.000001 0.000001 0.000000
    73 5.809101 -1.029643 4.595047 1.570829 -0.000004 -1.321671
    74 -0.714908 -0.199657 5.028973 0.000000 0.000003 0.000000
    75 -0.282898 -0.851690 4.444889 0.000000 0.000000 0.000000
    76 9.578484 -1.290738 0.000240 0.000000 1.570770 -2.892481
    77 9.369518 -1.236408 1.787905 0.000000 1.570770 -2.892481
    78 9.436707 -1.331719 -1.409029 0.000000 1.570770 -2.892477
    79 5.735191 1.075235 -4.684885 -1.570814 0.000004 1.819923
    80 0.753901 0.305904 4.971474 -0.000001 -0.000002 0.000000
    81 1.101010 -0.314705 3.448315 0.000000 -0.000001 0.000000
    82 5.809341 -1.029617 -4.594752 -1.570814 0.000004 1.819922
    83 0.714908 -0.199655 5.028969 0.000000 -0.000003 0.000000
    84 0.282897 -0.851688 4.444893 0.000000 0.000000 0.000000
  time 11
    0 14.554596 12.744256 36.696634 1.538918 -0.078523 -0.020141
    1 3.983847 0.002149 0.003401 -1.533918 0.127946 -1.609257
    2 15.938816 -0.000100 -0.000005 -0.000009 -0.000002 0.233576
    3 17.707025 -0.000068 0.000003 -0.000452 0.027667 -1.400364
    4 6.202515 0.003416 -0.000367 -0.011117 0.000923 -0.502418
    5 -3.983848 0.002149 0.003395 -0.955888 -0.380778 -1.987381
    6 15.938826 -0.000113 -0.000001 0.000002 0.000010 0.736123
    7 17.707031 0.000018 0.000000 0.082531 0.042889 -1.292113
    8 6.202710 0.003078 0.003745 -0.078650 -0.006183 -0.498948
    9 -0.000001 4.209253 -1.688832 1.567391 -0.035279 1.542173
    10 3.836055 0.000000 0.000000 -0.001654 -0.056350 -0.105417
    11 3.617625 -0.000275 -0.000015 -0.002061 -0.003987 0.042306
    12 7.537925 0.003588 -0.000212 0.000009 -0.003028 0.208133
    13 3.181604 -0.002346 0.000028 3.154819 0.034556 0.224354
    14 2.966416 0.000318 0.000023 0.012376 0.050490 0.098681
    15 2.023770 0.904983 0.850949 1.656753 -1.241377 2.880293
    16 4.980521 0.000781 -0.001089 -1.625508 0.180358 -1.103454
    17 11.119977 0.000007 0.000004 -0.000003 -0.136098 -0.335980
    18 11.205393 -0.000039 0.000000 1.655752 -0.336518 -0.007740
    19 3.767578 0.152466 0.071350 0.014350 0.037540 -0.177489
    20 2.037109 -0.000002 0.000002 -0.000001 0.005004 -0.888530
    21 1.066406 -0.000001 0.000000 0.000002 0.002790 0.001101
    22 3.783203 -0.017258 0.794434 0.333288 -0.031874 -0.219057
    23 1.628906 0.000000 -0.000001 0.000000 0.005106 -0.697052
    24 0.955566 -0.000002 0.000002 -0.000004 0.003247 -0.272279
    25 1.258789 -0.297852 1.251953 -1.927900 -0.158435 -0.368927
    26 1.392578 0.000004 -0.000004 0.000000 0.002017 0.071902
    27 1.099609 0.000002 -0.000005 -0.000002 -0.295768 0.023714
    28 3.547341 0.197447 -1.485758 -0.323544 0.115347 -0.238381
    29 1.218750 0.000000 0.000000 -0.000004 0.004663 -0.629642
    30 0.679688 -0.000004 0.000002 -0.000001 0.002398 -0.578397
    31 3.697266 0.267334 -0.728516 -0.105269 0.104461 -0.301442
    32 1.748047 0.000002 0.000002 -0.000001 0.002900 -0.623724
    33 0.956684 0.000008 0.000001 0.000003 0.004804 -0.321825
    34 2.023778 0.904982 -0.850921 -1.868257 1.223614 2.731643
    35 4.981625 0.002227 0.003236 1.810995 -0.081388 -1.076224
    36 11.119975 -0.000005 0.000000 0.000001 0.136123 -0.297377
    37 11.205375 0.000073 0.000008 -1.662503 0.312488 0.054458
    38 3.767578 0.151855 -0.072693 -0.090833 -0.078893 -0.174026
    39 2.036716 -0.000004 0.000000 0.000000 -0.007577 -0.940629
    40 1.066406 0.000003 -0.000001 0.000006 -0.004235 -0.116579
    41 3.783203 -0.023941 -0.794434 -0.344152 -0.088893 -0.269864
    42 1.628906 0.000002 0.000000 0.000002 -0.007731 -0.659761
    43 0.954089 -0.000004 0.000000 0.000004 -0.004923 -0.331344
    44 1.258789 -0.308350 -1.250000 1.738856 0.204802 -0.550002
    45 1.392578 -0.000004 0.000002 0.000004 0.222430 0.216078
    46 1.099609 0.000002 -0.000002 0.000002 0.280392 0.302814
    47 3.546538 0.208125 1.487114 0.333783 -0.052221 -0.250106
    48 1.218750 0.000000 0.000000 0.000004 -0.007080 -0.610627
    49 0.679688 0.000004 0.000002 0.000001 -0.003641 -0.669685
    50 3.697266 0.273682 0.726563 0.103574 -0.126170 -0.288627
    51 1.748047 -0.000013 0.000001 0.000000 -0.004401 -0.791139
    52 0.956684 0.000004 0.000002 -0.000008 -0.007276 -0.432398
    53 -3.756462 5.577850 2.053357 1.570803 -0.000001 0.000000
    54 -2.735646 -0.081365 5.727119 0.000007 0.000015 1.570796
    55 0.000001 5.662003 -0.974302 1.570804 -0.000001 0.000000
    56 -0.000002 -2.275002 5.113525 0.000000 0.000000 -3.141592
    57 -2.477620 5.416855 4.597564 1.570804 -0.000001 0.000000
    58 -1.515218 1.317776 5.998497 0.000000 0.000000 0.000000
    59 -2.455992 5.657928 -0.087295 1.570804 -0.000001 0.000000
    60 -1.485628 -1.617812 5.263969 0.000000 0.000000 3.141592
    61 3.756460 5.577858 2.053359 1.570803 -0.000001 0.000000
    62 2.735645 -0.081364 5.727116 0.000004 -0.000011 -1.570795
    63 2.477613 5.416855 4.597570 1.570804 -0.000001 0.000000
    64 1.515220 1.317777 5.998508 0.000000 0.000000 0.000000
    65 2.455991 5.657928 -0.087293 1.570804 -0.000001 0.000000
    66 1.485620 -1.617803 5.263973 0.000000 0.000000 -3.141592
    67 4.575642 5.632584 0.000132 0.000000 -1.570771 0.249128
    68 -0.000001 0.314078 5.161098 0.000000 0.000000 0.000000
    69 -0.000001 -0.323108 3.750217 0.000000 0.000000 0.000000
    70 5.734947 1.075212 4.685178 1.570830 -0.000004 -1.321669
    71 -0.753896 0.305901 4.971462 -0.000001 0.000002 0.000000
    72 -1.101006 -0.314705 3.448307 0.000001 0.000001 0.000000
    73 5.809101 -1.029643 4.595047 1.570829 -0.000004 -1.321671
    74 -0.714908 -0.199657 5.028973 0.000000 0.000003 0.000000
    75 -0.282898 -0.851690 4.444889 0.000000 0.000000 0.000000
    76 9.578484 -1.290738 0.000240 0.000000 1.570770 -2.892481
    77 9.369518 -1.236408 1.787905 0.000000 1.570770 -2.892481
    78 9.436707 -1.331719 -1.409029 0.000000 1.570770 -2.892477
    79 5.735191 1.075235 -4.684885 -1.570814 0.000004 1.819923
    80 0.753901 0.305904 4.971474 -0.000001 -0.000002 0.000000
    81 1.101010 -0.314705 3.448315 0.000000 -0.000001 0.000000
    82 5.809341 -1.029617 -4.594752 -1.570814 0.000004 1.819922
    83 0.714908 -0.199655 5.028969 0.000000 -0.000003 0.000000
    84 0.282897 -0.851688 4.444893 0.000000 0.000000 0.000000
  time 12
    0 15.773394 13.916320 36.845076 1.542993 -0.073370 0.009573
    1 3.983847 0.002149 0.003401 -1.505133 0.051718 -1.640549
    2 15.938816 -0.000100 -0.000005 -0.000009 -0.000002 0.296050
    3 17.707025 -0.000068 0.000003 0.018821 0.020984 -1.390391
    4 6.202515 0.003416 -0.000367 -0.011141 0.000923 -0.500547
    5 -3.983848 0.002149 0.003395 -0.926558 -0.360638 -1.960496
    6 15.938826 -0.000113 -0.000001 0.000002 0.000010 0.896154
    7 17.707031 0.000018 0.000000 0.069951 0.044780 -1.362358
    8 6.202710 0.003078 0.003745 -0.078027 -0.006255 -0.575530
    9 -0.000001 4.209253 -1.688832 1.567007 -0.031483 1.544282
    10 3.836055 0.000000 0.000000 -0.002074 -0.053450 -0.109228
    11 3.617625 -0.000275 -0.000015 -0.002540 -0.009476 0.038477
    12 7.537925 0.003588 -0.000212 -0.000171 -0.004454 0.208145
    13 3.181604 -0.002346 0.000028 3.158558 0.044479 0.224450
    14 2.966416 0.000318 0.000023 -0.015884 0.045432 0.091647
    15 2.023770 0.904983 0.850949 1.644852 -1.243291 2.892891
    16 4.980521 0.000781 -0.001089 -1.629069 0.195134 -1.115404
    17 11.119977 0.000007 0.000004 -0.000003 -0.136098 -0.295726
    18 11.205393 -0.000039 0.000000 1.649029 -0.365855 -0.014655
    19 3.767578 0.152466 0.071350 0.014350 0.037540 -0.177489
    20 2.037109 -0.000002 0.000002 -0.000001 0.005004 -0.888530
    21 1.066406 -0.000001 0.000000 0.000002 0.002790 0.001101
    22 3.783203 -0.017258 0.794434 0.333288 -0.031874 -0.219057
    23 1.628906 0.000000 -0.000001 0.000000 0.005106 -0.697052
    24 0.955566 -0.000002 0.000002 -0.000004 0.003247 -0.272279
    25 1.258789 -0.297852 1.251953 -1.927900 -0.158435 -0.368927
    26 1.392578 0.000004 -0.000004 0.000000 0.002017 0.071902
    27 1.099609 0.000002 -0.000005 -0.000002 -0.295768 0.023714
    28 3.547341 0.197447 -1.485758 -0.323544 0.115347 -0.238381
    29 1.218750 0.000000 0.000000 -0.000004 0.004663 -0.629642
    30 0.679688 -0.000004 0.000002 -0.000001 0.002398 -0.578397
    31 3.697266 0.267334 -0.728516 -0.105269 0.104461 -0.301442
    32 1.748047 0.000002 0.000002 -0.000001 0.002900 -0.623724
    33 0.956684 0.000008 0.000001 0.000003 0.004804 -0.321825
    34 2.023778 0.904982 -0.850921 -1.877182 1.220316 2.722069
    35 4.981625 0.002227 0.003236 1.791182 -0.067675 -1.063737
    36 11.119975 -0.000005 0.000000 0.000001 0.136123 -0.332500
    37 11.205375 0.000073 0.000008 -1.614686 0.322016 0.037824
    38 3.767578 0.151855 -0.072693 -0.090833 -0.078893 -0.174026
    39 2.036716 -0.000004 0.000000 0.000012 -0.007577 -0.940629
    40 1.066406 0.000003 -0.000001 0.000006 -0.004235 -0.116579
    41 3.783203 -0.023941 -0.794434 -0.344152 -0.088893 -0.269864
    42 1.628906 0.000002 0.000000 0.000002 -0.007731 -0.659761
    43 0.954089 -0.000004 0.000000 0.000004 -0.004923 -0.331344
    44 1.258789 -0.308350 -1.250000 1.738856 0.204802 -0.550002
    45 1.392578 -0.000004 0.000002 0.000004 0.222430 0.216078
    46 1.099609 0.000002 -0.000002 0.000002 0.280392 0.302814
    47 3.546538 0.208125 1.487114 0.333783 -0.052221 -0.250106
    48 1.218750 0.000000 0.000000 0.000004 -0.007080 -0.610627
    49 0.679688 0.000004 0.000002 0.000001 -0.003641 -0.669685
    50 3.697266 0.273682 0.726563 0.103574 -0.126170 -0.288627
    51 1.748047 -0.000013 0.000001 0.000000 -0.004401 -0.791139
    52 0.956684 0.000004 0.000002 -0.000008 -0.007276 -0.432398
    53 -3.756462 5.577850 2.053357 1.570803 -0.000001 0.000000
    54 -2.735646 -0.081365 5.727119 0.000007 0.000015 1.570796
    55 0.000001 5.662003 -0.974302 1.570804 -0.000001 0.000000
    56 -0.000002 -2.275002 5.113525 0.000000 0.000000 -3.141592
    57 -2.477620 5.416855 4.597564 1.570804 -0.000001 0.000000
    58 -1.515218 1.317776 5.998497 0.000000 0.000000 0.000000
    59 -2.455992 5.657928 -0.087295 1.570804 -0.000001 0.000000
    60 -1.485628 -1.617812 5.263969 0.000000 0.000000 3.141592
    61 3.756460 5.577858 2.053359 1.570803 -0.000001 0.000000
    62 2.735645 -0.081364 5.727116 0.000004 -0.000011 -1.570795
    63 2.477613 5.416855 4.597570 1.570804 -0.000001 0.000000
    64 1.515220 1.317777 5.998508 0.000000 0.000000 0.000000
    65 2.455991 5.657928 -0.087293 1.570804 -0.000001 0.000000
    66 1.485620 -1.617803 5.263973 0.000000 0.000000 -3.141592
    67 4.575642 5.632584 0.000132 0.000000 -1.570771 0.249128
    68 -0.000001 0.314078 5.161098 0.000000 0.000000 0.000000
    69 -0.000001 -0.323108 3.750217 0.000000 0.000000 0.000000
    70 5.734947 1.075212 4.685178 1.570830 -0.000004 -1.321669
    71 -0.753896 0.305901 4.971462 -0.000001 0.000002 0.000000
    72 -1.101006 -0.314705 3.448307 0.000001 0.000001 0.000000
    73 5.809101 -1.029643 4.595047 1.570829 -0.000004 -1.321671
    74 -0.714908 -0.199657 5.028973 0.000000 0.000003 0.000000
    75 -0.282898 -0.851690 4.444889 0.000000 0.000000 0.000000
    76 9.578484 -1.290738 0.000240 0.000000 1.570770 -2.892481
    77 9.369518 -1.236408 1.787905 0.000000 1.570770 -2.892481
    78 9.436707 -1.331719 -1.409029 0.000000 1.570770 -2.892477
    79 5.735191 1.075235 -4.684885 -1.570814 0.000004 1.819923
    80 0.753901 0.305904 4.971474 -0.000001 -0.000002 0.000000
    81 1.101010 -0.314705 3.448315 0.000000 -0.000001 0.000000
    82 5.809341 -1.029617 -4.594752 -1.570814 0.000004 1.819922
    83 0.714908 -0.199655 5.028969 0.000000 -0.000003 0.000000
    84 0.282897 -0.851688 4.444893 0.000000 0.000000 0.000000
  time 13
    0 16.976567 15.045413 36.950548 1.545581 -0.059120 0.038839
    1 3.983847 0.002149 0.003401 -1.476252 -0.013342 -1.665672
    2 15.938816 -0.000100 -0.000005 -0.000009 -0.000002 0.346029
    3 17.707025 -0.000068 0.000003 0.048638 0.004817 -1.374085
    4 6.202515 0.003416 -0.000367 -0.011141 0.000923 -0.500547
    5 -3.983848 0.002149 0.003395 -0.906017 -0.311385 -1.896327
    6 15.938826 -0.000113 -0.000001 0.000002 0.000010 0.996166
    7 17.707031 0.000018 0.000000 0.059138 0.049902 -1.388563
    8 6.202710 0.003078 0.003745 -0.077560 -0.006351 -0.641914
    9 -0.000001 4.209253 -1.688832 1.567007 -0.028898 1.549651
    10 3.836055 0.000000 0.000000 -0.002481 -0.043443 -0.111769
    11 3.617625 -0.000275 -0.000015 -0.002996 -0.014521 0.035971
    12 7.537925 0.003588 -0.000212 -0.000326 -0.005545 0.208145
    13 3.181604 -0.002346 0.000028 3.160859 0.050436 0.224581
    14 2.966416 0.000318 0.000023 -0.044024 0.037858 0.090331
    15 2.023770 0.904983 0.850949 1.636402 -1.244838 2.901774
    16 4.980521 0.000781 -0.001089 -1.633249 0.211461 -1.128094
    17 11.119977 0.000007 0.000004 -0.000003 -0.136098 -0.262277
    18 11.205393 -0.000039 0.000000 1.646004 -0.393137 -0.028929
    19 3.767578 0.152466 0.071350 0.014350 0.037540 -0.177489
    20 2.037109 -0.000002 0.000002 -0.000001 0.005004 -0.888530
    21 1.066406 -0.000001 0.000000 0.000002 0.002790 0.001101
    22 3.783203 -0.017258 0.794434 0.333288 -0.031874 -0.219057
    23 1.628906 0.000000 -0.000001 0.000000 0.005106 -0.697052
    24 0.955566 -0.000002 0.000002 -0.000004 0.003247 -0.272279
    25 1.258789 -0.297852 1.251953 -1.927900 -0.158435 -0.368927
    26 1.392578 0.000004 -0.000004 0.000000 0.002017 0.071902
    27 1.099609 0.000002 -0.000005 -0.000002 -0.295768 0.023714
    28 3.547341 0.197447 -1.485758 -0.323544 0.115347 -0.238453
    29 1.218750 0.000000 0.000000 -0.000004 0.004663 -0.629642
    30 0.679688 -0.000004 0.000002 -0.000001 0.002398 -0.578397
    31 3.697266 0.267334 -0.728516 -0.105269 0.104461 -0.301442
    32 1.748047 0.000002 0.000002 -0.000001 0.002900 -0.623724
    33 0.956684 0.000008 0.000001 0.000003 0.004804 -0.321825
    34 2.023778 0.904982 -0.850921 -1.883392 1.217670 2.715205
    35 4.981625 0.002227 0.003236 1.776115 -0.057424 -1.049899
    36 11.119975 -0.000005 0.000000 0.000001 0.136123 -0.369389
    37 11.205375 0.000073 0.000008 -1.582666 0.334876 0.015712
    38 3.767578 0.151855 -0.072693 -0.090833 -0.078893 -0.174026
    39 2.036716 -0.000004 0.000000 0.000012 -0.007577 -0.940629
    40 1.066406 0.000003 -0.000001 0.000006 -0.004235 -0.116579
    41 3.783203 -0.023941 -0.794434 -0.344152 -0.088893 -0.269864
    42 1.628906 0.000002 0.000000 0.000002 -0.007731 -0.659761
    43 0.954089 -0.000004 0.000000 0.000004 -0.004923 -0.331344
    44 1.258789 -0.308350 -1.250000 1.738856 0.204802 -0.550002
    45 1.392578 -0.000004 0.000002 0.000004 0.222430 0.216078
    46 1.099609 0.000002 -0.000002 0.000002 0.280392 0.302814
    47 3.546538 0.208125 1.487114 0.333783 -0.052221 -0.250106
    48 1.218750 0.000000 0.000000 0.000004 -0.007080 -0.610627
    49 0.679688 0.000004 0.000002 0.000001 -0.003641 -0.669685
    50 3.697266 0.273682 0.726563 0.103574 -0.126170 -0.288627
    51 1.748047 -0.000013 0.000001 0.000000 -0.004401 -0.791139
    52 0.956684 0.000004 0.000002 -0.000008 -0.007276 -0.432398
    53 -3.756462 5.577850 2.053357 1.570803 -0.000001 0.000000
    54 -2.735646 -0.081365 5.727119 0.000007 0.000015 1.570796
    55 0.000001 5.662003 -0.974302 1.570804 -0.000001 0.000000
    56 -0.000002 -2.275002 5.113525 0.000000 0.000000 -3.141592
    57 -2.477620 5.416855 4.597564 1.570804 -0.000001 0.000000
    58 -1.515218 1.317776 5.998497 0.000000 0.000000 0.000000
    59 -2.455992 5.657928 -0.087295 1.570804 -0.000001 0.000000
    60 -1.485628 -1.617812 5.263969 0.000000 0.000000 3.141592
    61 3.756460 5.577858 2.053359 1.570803 -0.000001 0.000000
    62 2.735645 -0.081364 5.727116 0.000004 -0.000011 -1.570795
    63 2.477613 5.416855 4.597570 1.570804 -0.000001 0.000000
    64 1.515220 1.317777 5.998508 0.000000 0.000000 0.000000
    65 2.455991 5.657928 -0.087293 1.570804 -0.000001 0.000000
    66 1.485620 -1.617803 5.263973 0.000000 0.000000 -3.141592
    67 4.575642 5.632584 0.000132 0.000000 -1.570771 0.249128
    68 -0.000001 0.314078 5.161098 0.000000 0.000000 0.000000
    69 -0.000001 -0.323108 3.750217 0.000000 0.000000 0.000000
    70 5.734947 1.075212 4.685178 1.570830 -0.000004 -1.321669
    71 -0.753896 0.305901 4.971462 -0.000001 0.000002 0.000000
    72 -1.101006 -0.314705 3.448307 0.000001 0.000001 0.000000
    73 5.809101 -1.029643 4.595047 1.570829 -0.000004 -1.321671
    74 -0.714908 -0.199657 5.028973 0.000000 0.000003 0.000000
    75 -0.282898 -0.851690 4.444889 0.000000 0.000000 0.000000
    76 9.578484 -1.290738 0.000240 0.000000 1.570770 -2.892481
    77 9.369518 -1.236408 1.787905 0.000000 1.570770 -2.892481
    78 9.436707 -1.331719 -1.409029 0.000000 1.570770 -2.892477
    79 5.735191 1.075235 -4.684885 -1.570814 0.000004 1.819923
    80 0.753901 0.305904 4.971474 -0.000001 -0.000002 0.000000
    81 1.101010 -0.314705 3.448315 0.000000 -0.000001 0.000000
    82 5.809341 -1.029617 -4.594752 -1.570814 0.000004 1.819922
    83 0.714908 -0.199655 5.028969 0.000000 -0.000003 0.000000
    84 0.282897 -0.851688 4.444893 0.000000 0.000000 0.000000
  time 14
    0 18.136770 16.166694 37.001331 1.546540 -0.042893 0.066571
    1 3.983847 0.002149 0.003401 -1.448892 -0.068166 -1.690706
    2 15.938816 -0.000100 -0.000005 -0.000009 -0.000002 0.384788
    3 17.707025 -0.000068 0.000003 0.077684 -0.011138 -1.353466
    4 6.202515 0.003416 -0.000367 -0.011141 0.000923 -0.500547
    5 -3.983848 0.002149 0.003395 -0.890541 -0.244225 -1.810612
    6 15.938826 -0.000113 -0.000001 0.000002 0.000010 1.037984
    7 17.707031 0.000018 0.000000 0.051976 0.058396 -1.371245
    8 6.202710 0.003078 0.003745 -0.077332 -0.006531 -0.699728
    9 -0.000001 4.209253 -1.688832 1.567151 -0.027969 1.555547
    10 3.836055 0.000000 0.000000 -0.002888 -0.031446 -0.112608
    11 3.617625 -0.000275 -0.000015 -0.003427 -0.018380 0.035056
    12 7.537925 0.003588 -0.000212 -0.000434 -0.006384 0.208145
    13 3.181604 -0.002346 0.000028 3.161626 0.052389 0.224629
    14 2.966416 0.000318 0.000023 -0.070354 0.028630 0.094461
    15 2.023770 0.904983 0.850949 1.630652 -1.246589 2.908028
    16 4.980521 0.000781 -0.001089 -1.641144 0.242835 -1.151539
    17 11.119977 0.000007 0.000004 -0.000003 -0.136098 -0.214189
    18 11.205393 -0.000039 0.000000 1.650278 -0.459279 -0.062618
    19 3.767578 0.152466 0.071350 0.014350 0.037540 -0.177489
    20 2.037109 -0.000002 0.000002 -0.000001 0.005004 -0.888530
    21 1.066406 -0.000001 0.000000 0.000002 0.002790 0.001101
    22 3.783203 -0.017258 0.794434 0.333288 -0.031874 -0.219057
    23 1.628906 0.000000 -0.000001 0.000000 0.005106 -0.697052
    24 0.955566 -0.000002 0.000002 -0.000004 0.003247 -0.272279
    25 1.258789 -0.297852 1.251953 -1.927900 -0.158435 -0.368927
    26 1.392578 0.000004 -0.000004 0.000000 0.002017 0.071902
    27 1.099609 0.000002 -0.000005 -0.000002 -0.295768 0.023714
    28 3.547341 0.197447 -1.485758 -0.323544 0.115347 -0.238381
    29 1.218750 0.000000 0.000000 -0.000004 0.004663 -0.629642
    30 0.679688 -0.000004 0.000002 -0.000001 0.002398 -0.578397
    31 3.697266 0.267334 -0.728516 -0.105269 0.104461 -0.301442
    32 1.748047 0.000002 0.000002 -0.000001 0.002900 -0.623724
    33 0.956684 0.000008 0.000001 0.000027 0.004804 -0.321825
    34 2.023778 0.904982 -0.850921 -1.886628 1.214942 2.711411
    35 4.981625 0.002227 0.003236 1.763990 -0.048355 -1.021898
    36 11.119975 -0.000005 0.000000 0.000001 0.136123 -0.447581
    37 11.205375 0.000073 0.000008 -1.591733 0.362236 -0.045793
    38 3.767578 0.151855 -0.072693 -0.090833 -0.078893 -0.174026
    39 2.036716 -0.000004 0.000000 0.000012 -0.007577 -0.940629
    40 1.066406 0.000003 -0.000001 0.000006 -0.004235 -0.116579
    41 3.783203 -0.023941 -0.794434 -0.344152 -0.088893 -0.269864
    42 1.628906 0.000002 0.000000 0.000002 -0.007731 -0.659761
    43 0.954089 -0.000004 0.000000 0.000004 -0.004923 -0.331344
    44 1.258789 -0.308350 -1.250000 1.738856 0.204802 -0.550002
    45 1.392578 -0.000004 0.000002 0.000004 0.222430 0.216078
    46 1.099609 0.000002 -0.000002 0.000002 0.280392 0.302814
    47 3.546538 0.208125 1.487114 0.333783 -0.052221 -0.250106
    48 1.218750 0.000000 0.000000 0.000004 -0.007080 -0.610627
    49 0.679688 0.000004 0.000002 0.000001 -0.003641 -0.669685
    50 3.697266 0.273682 0.726563 0.103574 -0.126170 -0.288627
    51 1.748047 -0.000013 0.000001 0.000000 -0.004401 -0.791139
    52 0.956684 0.000004 0.000002 -0.000008 -0.007276 -0.432398
    53 -3.756462 5.577850 2.053357 1.570803 -0.000001 0.000000
    54 -2.735646 -0.081365 5.727119 0.000007 0.000015 1.570796
    55 0.000001 5.662003 -0.974302 1.570804 -0.000001 0.000000
    56 -0.000002 -2.275002 5.113525 0.000000 0.000000 -3.141592
    57 -2.477620 5.416855 4.597564 1.570804 -0.000001 0.000000
    58 -1.515218 1.317776 5.998497 0.000000 0.000000 0.000000
    59 -2.455992 5.657928 -0.087295 1.570804 -0.000001 0.000000
    60 -1.485628 -1.617812 5.263969 0.000000 0.000000 3.141592
    61 3.756460 5.577858 2.053359 1.570803 -0.000001 0.000000
    62 2.735645 -0.081364 5.727116 0.000004 -0.000011 -1.570795
    63 2.477613 5.416855 4.597570 1.570804 -0.000001 0.000000
    64 1.515220 1.317777 5.998508 0.000000 0.000000 0.000000
    65 2.455991 5.657928 -0.087293 1.570804 -0.000001 0.000000
    66 1.485620 -1.617803 5.263973 0.000000 0.000000 -3.141592
    67 4.575642 5.632584 0.000132 0.000000 -1.570771 0.249128
    68 -0.000001 0.314078 5.161098 0.000000 0.000000 0.000000
    69 -0.000001 -0.323108 3.750217 0.000000 0.000000 0.000000
    70 5.734947 1.075212 4.685178 1.570830 -0.000004 -1.321669
    71 -0.753896 0.305901 4.971462 -0.000001 0.000002 0.000000
    72 -1.101006 -0.314705 3.448307 0.000001 0.000001 0.000000
    73 5.809101 -1.029643 4.595047 1.570829 -0.000004 -1.321671
    74 -0.714908 -0.199657 5.028973 0.000000 0.000003 0.000000
    75 -0.282898 -0.851690 4.444889 0.000000 0.000000 0.000000
    76 9.578484 -1.290738 0.000240 0.000000 1.570770 -2.892481
    77 9.369518 -1.236408 1.787905 0.000000 1.570770 -2.892481
    78 9.436707 -1.331719 -1.409029 0.000000 1.570770 -2.892477
    79 5.735191 1.075235 -4.684885 -1.570814 0.000004 1.819923
    80 0.753901 0.305904 4.971474 -0.000001 -0.000002 0.000000
    81 1.101010 -0.314705 3.448315 0.000000 -0.000001 0.000000
    82 5.809341 -1.029617 -4.594752 -1.570814 0.000004 1.819922
    83 0.714908 -0.199655 5.028969 0.000000 -0.000003 0.000000
    84 0.282897 -0.851688 4.444893 0.000000 0.000000 0.000000
  time 15
    0 19.273534 17.287975 36.973986 1.544862 -0.030956 0.091237
    1 3.983847 0.002149 0.003401 -1.424667 -0.112533 -1.720836
    2 15.938816 -0.000100 -0.000005 -0.000009 -0.000002 0.412073
    3 17.707025 -0.000068 0.000003 0.106098 -0.026605 -1.328105
    4 6.202515 0.003416 -0.000367 -0.011141 0.000923 -0.500547
    5 -3.983848 0.002149 0.003395 -0.874873 -0.184966 -1.732391
    6 15.938826 -0.000113 -0.000001 0.000002 0.000010 1.067521
    7 17.707031 0.000018 0.000000 0.050616 0.068622 -1.316144
    8 6.202710 0.003078 0.003745 -0.077452 -0.006794 -0.726047
    9 -0.000001 4.209253 -1.688832 1.567151 -0.028777 1.559717
    10 3.836055 0.000000 0.000000 -0.003260 -0.022039 -0.111733
    11 3.617625 -0.000275 -0.000015 -0.003847 -0.020621 0.036013
    12 7.537925 0.003588 -0.000212 -0.000434 -0.006348 0.208145
    13 3.181604 -0.002346 0.000028 3.161434 0.051946 0.224629
    14 2.966416 0.000318 0.000023 -0.093448 0.019545 0.102675
    15 2.023770 0.904983 0.850949 1.634302 -1.246793 2.904221
    16 4.980521 0.000781 -0.001089 -1.646511 0.252989 -1.159392
    17 11.119977 0.000007 0.000004 -0.000003 -0.136098 -0.198465
    18 11.205393 -0.000039 0.000000 1.654215 -0.484152 -0.073727
    19 3.767578 0.152466 0.071350 0.014350 0.037540 -0.177489
    20 2.037109 -0.000002 0.000002 -0.000001 0.005004 -0.888530
    21 1.066406 -0.000001 0.000000 0.000002 0.002790 0.001101
    22 3.783203 -0.017258 0.794434 0.333288 -0.031874 -0.219057
    23 1.628906 0.000000 -0.000001 0.000000 0.005106 -0.697052
    24 0.955566 -0.000002 0.000002 -0.000004 0.003247 -0.272279
    25 1.258789 -0.297852 1.251953 -1.927900 -0.158435 -0.368927
    26 1.392578 0.000004 -0.000004 0.000000 0.002017 0.071902
    27 1.099609 0.000002 -0.000005 -0.000002 -0.295768 0.023714
    28 3.547341 0.197447 -1.485758 -0.323544 0.115347 -0.238381
    29 1.218750 0.000000 0.000000 -0.000004 0.004663 -0.629642
    30 0.679688 -0.000004 0.000002 -0.000001 0.002398 -0.578397
    31 3.697266 0.267334 -0.728516 -0.105269 0.104461 -0.301442
    32 1.748047 0.000002 0.000002 -0.000001 0.002900 -0.623724
    33 0.956684 0.000008 0.000001 0.000003 0.004804 -0.321825
    34 2.023778 0.904982 -0.850921 -1.883183 1.214942 2.715205
    35 4.981625 0.002227 0.003236 1.762442 -0.048795 -1.010146
    36 11.119975 -0.000005 0.000000 0.000001 0.136123 -0.485479
    37 11.205375 0.000073 0.000008 -1.614877 0.370242 -0.077852
    38 3.767578 0.151855 -0.072693 -0.090833 -0.078893 -0.174026
    39 2.036716 -0.000004 0.000000 0.000012 -0.007577 -0.940629
    40 1.066406 0.000003 -0.000001 0.000006 -0.004235 -0.116579
    41 3.783203 -0.023941 -0.794434 -0.344152 -0.088893 -0.269864
    42 1.628906 0.000002 0.000000 0.000002 -0.007731 -0.659761
    43 0.954089 -0.000004 0.000000 0.000004 -0.004923 -0.331344
    44 1.258789 -0.308350 -1.250000 1.738856 0.204802 -0.550002
    45 1.392578 -0.000004 0.000002 0.000004 0.222430 0.216078
    46 1.099609 0.000002 -0.000002 0.000002 0.280392 0.302814
    47 3.546538 0.208125 1.487114 0.333783 -0.052221 -0.250166
    48 1.218750 0.000000 0.000000 0.000004 -0.007080 -0.610627
    49 0.679688 0.000004 0.000002 0.000001 -0.003641 -0.669685
    50 3.697266 0.273682 0.726563 0.103574 -0.126170 -0.288627
    51 1.748047 -0.000013 0.000001 0.000000 -0.004401 -0.791139
    52 0.956684 0.000004 0.000002 -0.000008 -0.007276 -0.432398
    53 -3.756462 5.577850 2.053357 1.570803 -0.000001 0.000000
    54 -2.735646 -0.081365 5.727119 0.000007 0.000015 1.570796
    55 0.000001 5.662003 -0.974302 1.570804 -0.000001 0.000000
    56 -0.000002 -2.275002 5.113525 0.000000 0.000000 -3.141592
    57 -2.477620 5.416855 4.597564 1.570804 -0.000001 0.000000
    58 -1.515218 1.317776 5.998497 0.000000 0.000000 0.000000
    59 -2.455992 5.657928 -0.087295 1.570804 -0.000001 0.000000
    60 -1.485628 -1.617812 5.263969 0.000000 0.000000 3.141592
    61 3.756460 5.577858 2.053359 1.570803 -0.000001 0.000000
    62 2.735645 -0.081364 5.727116 0.000004 -0.000011 -1.570795
    63 2.477613 5.416855 4.597570 1.570804 -0.000001 0.000000
    64 1.515220 1.317777 5.998508 0.000000 0.000000 0.000000
    65 2.455991 5.657928 -0.087293 1.570804 -0.000001 0.000000
    66 1.485620 -1.617803 5.263973 0.000000 0.000000 -3.141592
    67 4.575642 5.632584 0.000132 0.000000 -1.570771 0.249128
    68 -0.000001 0.314078 5.161098 0.000000 0.000000 0.000000
    69 -0.000001 -0.323108 3.750217 0.000000 0.000000 0.000000
    70 5.734947 1.075212 4.685178 1.570830 -0.000004 -1.321669
    71 -0.753896 0.305901 4.971462 -0.000001 0.000002 0.000000
    72 -1.101006 -0.314705 3.448307 0.000001 0.000001 0.000000
    73 5.809101 -1.029643 4.595047 1.570829 -0.000004 -1.321671
    74 -0.714908 -0.199657 5.028973 0.000000 0.000003 0.000000
    75 -0.282898 -0.851690 4.444889 0.000000 0.000000 0.000000
    76 9.578484 -1.290738 0.000240 0.000000 1.570770 -2.892481
    77 9.369518 -1.236408 1.787905 0.000000 1.570770 -2.892481
    78 9.436707 -1.331719 -1.409029 0.000000 1.570770 -2.892477
    79 5.735191 1.075235 -4.684885 -1.570814 0.000004 1.819923
    80 0.753901 0.305904 4.971474 -0.000001 -0.000002 0.000000
    81 1.101010 -0.314705 3.448315 0.000000 -0.000001 0.000000
    82 5.809341 -1.029617 -4.594752 -1.570814 0.000004 1.819922
    83 0.714908 -0.199655 5.028969 0.000000 -0.000003 0.000000
    84 0.282897 -0.851688 4.444893 0.000000 0.000000 0.000000
  time 16
    0 20.402486 18.428787 36.903672 1.539781 -0.025671 0.112068
    1 3.983847 0.002149 0.003401 -1.405286 -0.145062 -1.756955
    2 15.938816 -0.000100 -0.000005 -0.000009 -0.000002 0.425205
    3 17.707025 -0.000068 0.000003 0.134070 -0.041945 -1.296197
    4 6.202515 0.003416 -0.000367 -0.011141 0.000923 -0.500547
    5 -3.983848 0.002149 0.003395 -0.859682 -0.139363 -1.671220
    6 15.938826 -0.000113 -0.000001 0.000002 0.000010 1.101656
    7 17.707031 0.000018 0.000000 0.053562 0.080400 -1.264546
    8 6.202710 0.003078 0.003745 -0.078279 -0.007082 -0.669862
    9 -0.000001 4.209253 -1.688832 1.567007 -0.031604 1.561395
    10 3.836055 0.000000 0.000000 -0.003536 -0.018599 -0.108857
    11 3.617625 -0.000275 -0.000015 -0.004206 -0.021232 0.038885
    12 7.537925 0.003588 -0.000212 -0.000410 -0.006180 0.208145
    13 3.181604 -0.002346 0.000028 3.160859 0.050400 0.224581
    14 2.966416 0.000318 0.000023 -0.111701 0.010497 0.113295
    15 2.023770 0.904983 0.850949 1.641802 -1.246630 2.896335
    16 4.980521 0.000781 -0.001089 -1.654045 0.259804 -1.164798
    17 11.119977 0.000007 0.000004 -0.000003 -0.136098 -0.186915
    18 11.205393 -0.000039 0.000000 1.656472 -0.499672 -0.074111
    19 3.767578 0.152466 0.071350 0.014350 0.037540 -0.177489
    20 2.037109 -0.000002 0.000002 -0.000001 0.005004 -0.888530
    21 1.066406 -0.000001 0.000000 0.000002 0.002790 0.001101
    22 3.783203 -0.017258 0.794434 0.333288 -0.031874 -0.219057
    23 1.628906 0.000000 -0.000001 0.000000 0.005106 -0.697052
    24 0.955566 -0.000002 0.000002 -0.000004 0.003247 -0.272279
    25 1.258789 -0.297852 1.251953 -1.927900 -0.158435 -0.368927
    26 1.392578 0.000004 -0.000004 0.000000 0.002017 0.071902
    27 1.099609 0.000002 -0.000005 -0.000002 -0.295768 0.023714
    28 3.547341 0.197447 -1.485758 -0.323544 0.115347 -0.238321
    29 1.218750 0.000000 0.000000 -0.000004 0.004663 -0.629642
    30 0.679688 -0.000004 0.000002 -0.000001 0.002398 -0.578397
    31 3.697266 0.267334 -0.728516 -0.105269 0.104461 -0.301442
    32 1.748047 0.000002 0.000002 -0.000001 0.002900 -0.623724
    33 0.956684 0.000008 0.000001 0.000003 0.004804 -0.321825
    34 2.023778 0.904982 -0.850921 -1.876607 1.215837 2.722250
    35 4.981625 0.002227 0.003236 1.762855 -0.049509 -1.002565
    36 11.119975 -0.000005 0.000000 0.000001 0.136123 -0.519530
    37 11.205375 0.000073 0.000008 -1.648425 0.372172 -0.113278
    38 3.767578 0.151855 -0.072693 -0.090833 -0.078893 -0.174026
    39 2.036716 -0.000004 0.000000 0.000012 -0.007577 -0.940629
    40 1.066406 0.000003 -0.000001 0.000006 -0.004235 -0.116579
    41 3.783203 -0.023941 -0.794434 -0.344152 -0.088893 -0.269864
    42 1.628906 0.000002 0.000000 0.000002 -0.007731 -0.659761
    43 0.954089 -0.000004 0.000000 0.000004 -0.004911 -0.331344
    44 1.258789 -0.308350 -1.250000 1.738856 0.204802 -0.550002
    45 1.392578 -0.000004 0.000002 0.000004 0.222430 0.216078
    46 1.099609 0.000002 -0.000002 0.000002 0.280392 0.302814
    47 3.546538 0.208125 1.487114 0.333783 -0.052221 -0.250106
    48 1.218750 0.000000 0.000000 0.000004 -0.007080 -0.610627
    49 0.679688 0.000004 0.000002 0.000001 -0.003641 -0.669685
    50 3.697266 0.273682 0.726563 0.103574 -0.126170 -0.288627
    51 1.748047 -0.000013 0.000001 0.000000 -0.004401 -0.791139
    52 0.956684 0.000004 0.000002 -0.000008 -0.007276 -0.432398
    53 -3.756462 5.577850 2.053357 1.570803 -0.000001 0.000000
    54 -2.735646 -0.081365 5.727119 0.000007 0.000015 1.570796
    55 0.000001 5.662003 -0.974302 1.570804 -0.000001 0.000000
    56 -0.000002 -2.275002 5.113525 0.000000 0.000000 -3.141592
    57 -2.477620 5.416855 4.597564 1.570804 -0.000001 0.000000
    58 -1.515218 1.317776 5.998497 0.000000 0.000000 0.000000
    59 -2.455992 5.657928 -0.087295 1.570804 -0.000001 0.000000
    60 -1.485628 -1.617812 5.263969 0.000000 0.000000 3.141592
    61 3.756460 5.577858 2.053359 1.570803 -0.000001 0.000000
    62 2.735645 -0.081364 5.727116 0.000004 -0.000011 -1.570795
    63 2.477613 5.416855 4.597570 1.570804 -0.000001 0.000000
    64 1.515220 1.317777 5.998508 0.000000 0.000000 0.000000
    65 2.455991 5.657928 -0.087293 1.570804 -0.000001 0.000000
    66 1.485620 -1.617803 5.263973 0.000000 0.000000 -3.141592
    67 4.575642 5.632584 0.000132 0.000000 -1.570771 0.249128
    68 -0.000001 0.314078 5.161098 0.000000 0.000000 0.000000
    69 -0.000001 -0.323108 3.750217 0.000000 0.000000 0.000000
    70 5.734947 1.075212 4.685178 1.570830 -0.000004 -1.321669
    71 -0.753896 0.305901 4.971462 -0.000001 0.000002 0.000000
    72 -1.101006 -0.314705 3.448307 0.000001 0.000001 0.000000
    73 5.809101 -1.029643 4.595047 1.570829 -0.000004 -1.321671
    74 -0.714908 -0.199657 5.028973 0.000000 0.000003 0.000000
    75 -0.282898 -0.851690 4.444889 0.000000 0.000000 0.000000
    76 9.578484 -1.290738 0.000240 0.000000 1.570770 -2.892481
    77 9.369518 -1.236408 1.787905 0.000000 1.570770 -2.892481
    78 9.436707 -1.331719 -1.409029 0.000000 1.570770 -2.892477
    79 5.735191 1.075235 -4.684885 -1.570814 0.000004 1.819923
    80 0.753901 0.305904 4.971474 -0.000001 -0.000002 0.000000
    81 1.101010 -0.314705 3.448315 0.000000 -0.000001 0.000000
    82 5.809341 -1.029617 -4.594752 -1.570814 0.000004 1.819922
    83 0.714908 -0.199655 5.028969 0.000000 -0.000003 0.000000
    84 0.282897 -0.851688 4.444893 0.000000 0.000000 0.000000
  time 17
    0 21.511905 19.604757 36.763042 1.531344 -0.023622 0.127468
    1 3.983847 0.002149 0.003401 -1.392366 -0.169448 -1.795936
    2 15.938816 -0.000100 -0.000005 -0.000009 -0.000002 0.428648
    3 17.707025 -0.000068 0.000003 0.162126 -0.057178 -1.259639
    4 6.202515 0.003416 -0.000367 -0.011141 0.000923 -0.500547
    5 -3.983848 0.002149 0.003395 -0.848791 -0.089336 -1.612016
    6 15.938826 -0.000113 -0.000001 0.000002 0.000010 1.090383
    7 17.707031 0.000018 0.000000 0.057574 0.092410 -1.217067
    8 6.202710 0.003078 0.003745 -0.078686 -0.007358 -0.662820
    9 -0.000001 4.209253 -1.688832 1.566912 -0.036288 1.562018
    10 3.836055 0.000000 0.000000 -0.003739 -0.018611 -0.104183
    11 3.617625 -0.000275 -0.000015 -0.004518 -0.020981 0.043531
    12 7.537925 0.003588 -0.000212 -0.000374 -0.005917 0.208145
    13 3.181604 -0.002346 0.000028 3.159708 0.047619 0.224545
    14 2.966416 0.000318 0.000023 -0.124213 0.000885 0.125276
    15 2.023770 0.904983 0.850949 1.653002 -1.246182 2.884462
    16 4.980521 0.000781 -0.001089 -1.663385 0.263177 -1.167273
    17 11.119977 0.000007 0.000004 -0.000003 -0.136098 -0.179253
    18 11.205393 -0.000039 0.000000 1.652102 -0.505279 -0.057848
    19 3.767578 0.152466 0.071350 0.014350 0.037540 -0.177489
    20 2.037109 -0.000002 0.000002 -0.000001 0.005004 -0.888530
    21 1.066406 -0.000001 0.000000 0.000002 0.002790 0.001101
    22 3.783203 -0.017258 0.794434 0.333288 -0.031874 -0.219057
    23 1.628906 0.000000 -0.000001 0.000000 0.005106 -0.697052
    24 0.955566 -0.000002 0.000002 -0.000004 0.003247 -0.272279
    25 1.258789 -0.297852 1.251953 -1.927900 -0.158435 -0.368927
    26 1.392578 0.000004 -0.000004 0.000000 0.002017 0.071902
    27 1.099609 0.000002 -0.000005 -0.000002 -0.295768 0.023714
    28 3.547341 0.197447 -1.485758 -0.323544 0.115347 -0.238381
    29 1.218750 0.000000 0.000000 -0.000004 0.004663 -0.629642
    30 0.679688 -0.000004 0.000002 -0.000001 0.002398 -0.578397
    31 3.697266 0.267334 -0.728516 -0.105269 0.104461 -0.301442
    32 1.748047 0.000002 0.000002 -0.000001 0.002900 -0.623724
    33 0.956684 0.000008 0.000001 0.000003 0.004804 -0.321825
    34 2.023778 0.904982 -0.850921 -1.867109 1.217059 2.732456
    35 4.981625 0.002227 0.003236 1.765693 -0.050086 -1.000185
    36 11.119975 -0.000005 0.000000 0.000001 0.136123 -0.547213
    37 11.205375 0.000073 0.000008 -1.690467 0.367294 -0.149292
    38 3.767578 0.151855 -0.072693 -0.090833 -0.078893 -0.174026
    39 2.036716 -0.000004 0.000000 0.000012 -0.007577 -0.940629
    40 1.066406 0.000003 -0.000001 0.000006 -0.004235 -0.116579
    41 3.783203 -0.023941 -0.794434 -0.344152 -0.088893 -0.269864
    42 1.628906 0.000002 0.000000 0.000002 -0.007731 -0.659761
    43 0.954089 -0.000004 0.000000 0.000004 -0.004923 -0.331344
    44 1.258789 -0.308350 -1.250000 1.738856 0.204802 -0.550002
    45 1.392578 -0.000004 0.000002 0.000004 0.222430 0.216078
    46 1.099609 0.000002 -0.000002 0.000002 0.280392 0.302814
    47 3.546538 0.208125 1.487114 0.333783 -0.052221 -0.250106
    48 1.218750 0.000000 0.000000 0.000004 -0.007080 -0.610627
    49 0.679688 0.000004 0.000002 0.000001 -0.003641 -0.669685
    50 3.697266 0.273682 0.726563 0.103574 -0.126170 -0.288627
    51 1.748047 -0.000013 0.000001 0.000000 -0.004401 -0.791139
    52 0.956684 0.000004 0.000002 -0.000008 -0.007276 -0.432398
    53 -3.756462 5.577850 2.053357 1.570803 -0.000001 0.000000
    54 -2.735646 -0.081365 5.727119 0.000007 0.000015 1.570796
    55 0.000001 5.662003 -0.974302 1.570804 -0.000001 0.000000
    56 -0.000002 -2.275002 5.113525 0.000000 0.000000 -3.141592
    57 -2.477620 5.416855 4.597564 1.570804 -0.000001 0.000000
    58 -1.515218 1.317776 5.998497 0.000000 0.000000 0.000000
    59 -2.455992 5.657928 -0.087295 1.570804 -0.000001 0.000000
    60 -1.485628 -1.617812 5.263969 0.000000 0.000000 3.141592
    61 3.756460 5.577858 2.053359 1.570803 -0.000001 0.000000
    62 2.735645 -0.081364 5.727116 0.000004 -0.000011 -1.570795
    63 2.477613 5.416855 4.597570 1.570804 -0.000001 0.000000
    64 1.515220 1.317777 5.998508 0.000000 0.000000 0.000000
    65 2.455991 5.657928 -0.087293 1.570804 -0.000001 0.000000
    66 1.485620 -1.617803 5.263973 0.000000 0.000000 -3.141592
    67 4.575642 5.632584 0.000132 0.000000 -1.570771 0.249128
    68 -0.000001 0.314078 5.161098 0.000000 0.000000 0.000000
    69 -0.000001 -0.323108 3.750217 0.000000 0.000000 0.000000
    70 5.734947 1.075212 4.685178 1.570830 -0.000004 -1.321669
    71 -0.753896 0.305901 4.971462 -0.000001 0.000002 0.000000
    72 -1.101006 -0.314705 3.448307 0.000001 0.000001 0.000000
    73 5.809101 -1.029643 4.595047 1.570829 -0.000004 -1.321671
    74 -0.714908 -0.199657 5.028973 0.000000 0.000003 0.000000
    75 -0.282898 -0.851690 4.444889 0.000000 0.000000 0.000000
    76 9.578484 -1.290738 0.000240 0.000000 1.570770 -2.892481
    77 9.369518 -1.236408 1.787905 0.000000 1.570770 -2.892481
    78 9.436707 -1.331719 -1.409029 0.000000 1.570770 -2.892477
    79 5.735191 1.075235 -4.684885 -1.570814 0.000004 1.819923
    80 0.753901 0.305904 4.971474 -0.000001 -0.000002 0.000000
    81 1.101010 -0.314705 3.448315 0.000000 -0.000001 0.000000
    82 5.809341 -1.029617 -4.594752 -1.570814 0.000004 1.819922
    83 0.714908 -0.199655 5.028969 0.000000 -0.000003 0.000000
    84 0.282897 -0.851688 4.444893 0.000000 0.000000 0.000000
  time 18
    0 22.648670 20.835416 36.575537 1.522140 -0.022663 0.136605
    1 3.983847 0.002149 0.003401 -1.387331 -0.185958 -1.834291
    2 15.938816 -0.000100 -0.000005 -0.000009 -0.000002 0.415771
    3 17.707025 -0.000068 0.000003 0.190787 -0.072815 -1.214363
    4 6.202515 0.003416 -0.000367 -0.011141 0.000923 -0.500963
    5 -3.983848 0.002149 0.003395 -0.842295 -0.038494 -1.558338
    6 15.938826 -0.000113 -0.000001 0.000002 0.000010 1.031938
    7 17.707031 0.000018 0.000000 0.060499 0.101761 -1.169134
    8 6.202710 0.003078 0.003745 -0.078650 -0.007633 -0.699015
    9 -0.000001 4.209253 -1.688832 1.566768 -0.041437 1.562258
    10 3.836055 0.000000 0.000000 -0.003883 -0.019797 -0.099089
    11 3.617625 -0.000275 -0.000015 -0.004662 -0.020322 0.048642
    12 7.537925 0.003588 -0.000212 -0.000326 -0.005533 0.208145
    13 3.181604 -0.002346 0.000028 3.158078 0.043389 0.224450
    14 2.966416 0.000318 0.000023 -0.130361 -0.008666 0.135578
    15 2.023770 0.904983 0.850949 1.666903 -1.245490 2.869779
    16 4.980521 0.000781 -0.001089 -1.674067 0.260782 -1.167302
    17 11.119977 0.000007 0.000004 -0.000003 -0.136098 -0.174794
    18 11.205393 -0.000039 0.000000 1.640386 -0.500475 -0.020959
    19 3.767578 0.152466 0.071350 0.014350 0.037540 -0.177489
    20 2.037109 -0.000002 0.000002 -0.000001 0.005004 -0.888530
    21 1.066406 -0.000001 0.000000 0.000002 0.002790 0.001101
    22 3.783203 -0.017258 0.794434 0.333288 -0.031874 -0.219057
    23 1.628906 0.000000 -0.000001 0.000000 0.005106 -0.697052
    24 0.955566 -0.000002 0.000002 -0.000004 0.003247 -0.272279
    25 1.258789 -0.297852 1.251953 -1.927900 -0.158435 -0.368927
    26 1.392578 0.000004 -0.000004 0.000000 0.002017 0.071902
    27 1.099609 0.000002 -0.000005 -0.000002 -0.295768 0.023714
    28 3.547341 0.197447 -1.485758 -0.323544 0.115347 -0.238453
    29 1.218750 0.000000 0.000000 -0.000004 0.004663 -0.629642
    30 0.679688 -0.000004 0.000002 -0.000001 0.002398 -0.578397
    31 3.697266 0.267334 -0.728516 -0.105269 0.104461 -0.301442
    32 1.748047 0.000002 0.000002 -0.000001 0.002900 -0.623724
    33 0.956684 0.000008 0.000001 0.000003 0.004804 -0.321825
    34 2.023778 0.904982 -0.850921 -1.855210 1.218850 2.745281
    35 4.981625 0.002227 0.003236 1.770852 -0.051213 -1.001038
    36 11.119975 -0.000005 0.000000 0.000001 0.136123 -0.566508
    37 11.205375 0.000073 0.000008 -1.735468 0.355333 -0.183328
    38 3.767578 0.151855 -0.072693 -0.090833 -0.078893 -0.174026
    39 2.036716 -0.000004 0.000000 0.000012 -0.007577 -0.940629
    40 1.066406 0.000003 -0.000001 0.000006 -0.004235 -0.116579
    41 3.783203 -0.023941 -0.794434 -0.344152 -0.088893 -0.269864
    42 1.628906 0.000002 0.000000 0.000002 -0.007731 -0.659761
    43 0.954089 -0.000004 0.000000 0.000004 -0.004923 -0.331344
    44 1.258789 -0.308350 -1.250000 1.738856 0.204802 -0.550002
    45 1.392578 -0.000004 0.000002 0.000004 0.222430 0.216078
    46 1.099609 0.000002 -0.000002 0.000002 0.280392 0.302814
    47 3.546538 0.208125 1.487114 0.333783 -0.052221 -0.250166
    48 1.218750 0.000000 0.000000 0.000004 -0.007080 -0.610627
    49 0.679688 0.000004 0.000002 0.000001 -0.003641 -0.669685
    50 3.697266 0.273682 0.726563 0.103574 -0.126170 -0.288627
    51 1.748047 -0.000013 0.000001 0.000000 -0.004401 -0.791139
    52 0.956684 0.000004 0.000002 -0.000008 -0.007276 -0.432398
    53 -3.756462 5.577850 2.053357 1.570803 -0.000001 0.000000
    54 -2.735646 -0.081365 5.727119 0.000007 0.000015 1.570796
    55 0.000001 5.662003 -0.974302 1.570804 -0.000001 0.000000
    56 -0.000002 -2.275002 5.113525 0.000000 0.000000 -3.141592
    57 -2.477620 5.416855 4.597564 1.570804 -0.000001 0.000000
    58 -1.515218 1.317776 5.998497 0.000000 0.000000 0.000000
    59 -2.455992 5.657928 -0.087295 1.570804 -0.000001 0.000000
    60 -1.485628 -1.617812 5.263969 0.000000 0.000000 3.141592
    61 3.756460 5.577858 2.053359 1.570803 -0.000001 0.000000
    62 2.735645 -0.081364 5.727116 0.000004 -0.000011 -1.570795
    63 2.477613 5.416855 4.597570 1.570804 -0.000001 0.000000
    64 1.515220 1.317777 5.998508 0.000000 0.000000 0.000000
    65 2.455991 5.657928 -0.087293 1.570804 -0.000001 0.000000
    66 1.485620 -1.617803 5.263973 0.000000 0.000000 -3.141592
    67 4.575642 5.632584 0.000132 0.000000 -1.570771 0.249128
    68 -0.000001 0.314078 5.161098 0.000000 0.000000 0.000000
    69 -0.000001 -0.323108 3.750217 0.000000 0.000000 0.000000
    70 5.734947 1.075212 4.685178 1.570830 -0.000004 -1.321669
    71 -0.753896 0.305901 4.971462 -0.000001 0.000002 0.000000
    72 -1.101006 -0.314705 3.448307 0.000001 0.000001 0.000000
    73 5.809101 -1.029643 4.595047 1.570829 -0.000004 -1.321671
    74 -0.714908 -0.199657 5.028973 0.000000 0.000003 0.000000
    75 -0.282898 -0.851690 4.444889 0.000000 0.000000 0.000000
    76 9.578484 -1.290738 0.000240 0.000000 1.570770 -2.892481
    77 9.369518 -1.236408 1.787905 0.000000 1.570770 -2.892481
    78 9.436707 -1.331719 -1.409029 0.000000 1.570770 -2.892477
    79 5.735191 1.075235 -4.684885 -1.570814 0.000004 1.819923
    80 0.753901 0.305904 4.971474 -0.000001 -0.000002 0.000000
    81 1.101010 -0.314705 3.448315 0.000000 -0.000001 0.000000
    82 5.809341 -1.029617 -4.594752 -1.570814 0.000004 1.819922
    83 0.714908 -0.199655 5.028969 0.000000 -0.000003 0.000000
    84 0.282897 -0.851688 4.444893 0.000000 0.000000 0.000000
  time 19
    0 23.824498 22.144203 36.388031 1.515333 -0.021968 0.138139
    1 3.983847 0.002149 0.003401 -1.390086 -0.203446 -1.870769
    2 15.938816 -0.000100 -0.000005 -0.000009 -0.000002 0.392821
    3 17.707025 -0.000068 0.000003 0.212042 -0.085036 -1.151373
    4 6.202515 0.003416 -0.000367 -0.010985 0.000923 -0.511671
    5 -3.983848 0.002149 0.003395 -0.841053 0.019863 -1.506628
    6 15.938826 -0.000113 -0.000001 0.000002 0.000010 0.889982
    7 17.707031 0.000018 0.000000 0.060816 0.105188 -1.090749
    8 6.202710 0.003078 0.003745 -0.078123 -0.007873 -0.776480
    9 -0.000001 4.209253 -1.688832 1.566624 -0.045395 1.562354
    10 3.836055 0.000000 0.000000 -0.003883 -0.020936 -0.095194
    11 3.617625 -0.000275 -0.000015 -0.004710 -0.019099 0.052528
    12 7.537925 0.003588 -0.000212 -0.000147 -0.004239 0.208145
    13 3.181604 -0.002346 0.000028 3.155778 0.037444 0.224354
    14 2.966416 0.000318 0.000023 -0.129438 -0.017763 0.141568
    15 2.023770 0.904983 0.850949 1.700953 -1.243088 2.833886
    16 4.980521 0.000781 -0.001089 -1.696102 0.247524 -1.161924
    17 11.119977 0.000007 0.000004 -0.000003 -0.136098 -0.174508
    18 11.205393 -0.000039 0.000000 1.612055 -0.455922 0.101356
    19 3.767578 0.152466 0.071350 0.014350 0.037540 -0.177489
    20 2.037109 -0.000002 0.000002 -0.000001 0.005004 -0.888530
    21 1.066406 -0.000001 0.000000 0.000002 0.002790 0.001101
    22 3.783203 -0.017258 0.794434 0.333288 -0.031874 -0.219057
    23 1.628906 0.000000 -0.000001 0.000000 0.005106 -0.697052
    24 0.955566 -0.000002 0.000002 -0.000004 0.003247 -0.272279
    25 1.258789 -0.297852 1.251953 -1.927900 -0.158435 -0.368927
    26 1.392578 0.000004 -0.000004 0.000000 0.002017 0.071902
    27 1.099609 0.000002 -0.000005 -0.000002 -0.295768 0.023714
    28 3.547341 0.197447 -1.485758 -0.323544 0.115347 -0.238381
    29 1.218750 0.000000 0.000000 -0.000004 0.004663 -0.629642
    30 0.679688 -0.000004 0.000002 -0.000001 0.002398 -0.578397
    31 3.697266 0.267334 -0.728516 -0.105269 0.104461 -0.301442
    32 1.748047 0.000002 0.000002 -0.000001 0.002900 -0.623724
    33 0.956684 0.000008 0.000001 0.000003 0.004804 -0.321825
    34 2.023778 0.904982 -0.850921 -1.825567 1.223370 2.776713
    35 4.981625 0.002227 0.003236 1.786383 -0.058963 -1.010469
    36 11.119975 -0.000005 0.000000 0.000001 0.136123 -0.577417
    37 11.205375 0.000073 0.000008 -1.783380 0.315856 -0.234826
    38 3.767578 0.151855 -0.072693 -0.090833 -0.078893 -0.174026
    39 2.036716 -0.000004 0.000000 0.000000 -0.007577 -0.940629
    40 1.066406 0.000003 -0.000001 0.000006 -0.004235 -0.116579
    41 3.783203 -0.023941 -0.794434 -0.344152 -0.088893 -0.269864
    42 1.628906 0.000002 0.000000 0.000002 -0.007731 -0.659761
    43 0.954089 -0.000004 0.000000 0.000004 -0.004923 -0.331344
    44 1.258789 -0.308350 -1.250000 1.738856 0.204802 -0.550002
    45 1.392578 -0.000004 0.000002 0.000004 0.222430 0.216078
    46 1.099609 0.000002 -0.000002 0.000002 0.280392 0.302814
    47 3.546538 0.208125 1.487114 0.333783 -0.052221 -0.250106
    48 1.218750 0.000000 0.000000 0.000004 -0.007080 -0.610627
    49 0.679688 0.000004 0.000002 0.000001 -0.003641 -0.669685
    50 3.697266 0.273682 0.726563 0.103574 -0.126170 -0.288627
    51 1.748047 -0.000013 0.000001 0.000000 -0.004401 -0.791139
    52 0.956684 0.000004 0.000002 -0.000008 -0.007276 -0.432398
    53 -3.756462 5.577850 2.053357 1.570803 -0.000001 0.000000
    54 -2.735646 -0.081365 5.727119 0.000007 0.000015 1.570796
    55 0.000001 5.662003 -0.974302 1.570804 -0.000001 0.000000
    56 -0.000002 -2.275002 5.113525 0.000000 0.000000 -3.141592
    57 -2.477620 5.416855 4.597564 1.570804 -0.000001 0.000000
    58 -1.515218 1.317776 5.998497 0.000000 0.000000 0.000000
    59 -2.455992 5.657928 -0.087295 1.570804 -0.000001 0.000000
    60 -1.485628 -1.617812 5.263969 0.000000 0.000000 3.141592
    61 3.756460 5.577858 2.053359 1.570803 -0.000001 0.000000
    62 2.735645 -0.081364 5.727116 0.000004 -0.000011 -1.570795
    63 2.477613 5.416855 4.597570 1.570804 -0.000001 0.000000
    64 1.515220 1.317777 5.998508 0.000000 0.000000 0.000000
    65 2.455991 5.657928 -0.087293 1.570804 -0.000001 0.000000
    66 1.485620 -1.617803 5.263973 0.000000 0.000000 -3.141592
    67 4.575642 5.632584 0.000132 0.000000 -1.570771 0.249128
    68 -0.000001 0.314078 5.161098 0.000000 0.000000 0.000000
    69 -0.000001 -0.323108 3.750217 0.000000 0.000000 0.000000
    70 5.734947 1.075212 4.685178 1.570830 -0.000004 -1.321669
    71 -0.753896 0.305901 4.971462 -0.000001 0.000002 0.000000
    72 -1.101006 -0.314705 3.448307 0.000001 0.000001 0.000000
    73 5.809101 -1.029643 4.595047 1.570829 -0.000004 -1.321671
    74 -0.714908 -0.199657 5.028973 0.000000 0.000003 0.000000
    75 -0.282898 -0.851690 4.444889 0.000000 0.000000 0.000000
    76 9.578484 -1.290738 0.000240 0.000000 1.570770 -2.892481
    77 9.369518 -1.236408 1.787905 0.000000 1.570770 -2.892481
    78 9.436707 -1.331719 -1.409029 0.000000 1.570770 -2.892477
    79 5.735191 1.075235 -4.684885 -1.570814 0.000004 1.819923
    80 0.753901 0.305904 4.971474 -0.000001 -0.000002 0.000000
    81 1.101010 -0.314705 3.448315 0.000000 -0.000001 0.000000
    82 5.809341 -1.029617 -4.594752 -1.570814 0.000004 1.819922
    83 0.714908 -0.199655 5.028969 0.000000 -0.000003 0.000000
    84 0.282897 -0.851688 4.444893 0.000000 0.000000 0.000000
  time 20
    0 25.062828 23.597525 36.188806 1.512217 -0.020482 0.131685
    1 3.983847 0.002149 0.003401 -1.397496 -0.243319 -1.892315
    2 15.938816 -0.000100 -0.000005 -0.000009 -0.000002 0.387976
    3 17.707025 -0.000068 0.000003 0.153233 -0.038826 -1.069753
    4 6.202515 0.003416 -0.000367 -0.010745 0.000887 -0.532359
    5 -3.983848 0.002149 0.003395 -0.846594 0.045499 -1.486488
    6 15.938826 -0.000113 -0.000001 0.000002 0.000010 0.793057
    7 17.707031 0.000018 0.000000 0.055104 0.107311 -1.077582
    8 6.202710 0.003078 0.003745 -0.076972 -0.007813 -0.892618
    9 -0.000001 4.209253 -1.688832 1.566624 -0.047313 1.562737
    10 3.836055 0.000000 0.000000 -0.003811 -0.020912 -0.093253
    11 3.617625 -0.000275 -0.000015 -0.004614 -0.017289 0.054457
    12 7.537925 0.003588 -0.000212 -0.000015 -0.003316 0.208133
    13 3.181604 -0.002346 0.000028 3.152805 0.029559 0.224258
    14 2.966416 0.000318 0.000023 -0.121300 -0.025529 0.143384
    15 2.023770 0.904983 0.850949 1.719703 -1.241337 2.814036
    16 4.980521 0.000781 -0.001089 -1.705081 0.237134 -1.157344
    17 11.119977 0.000007 0.000004 -0.000003 -0.136098 -0.178053
    18 11.205393 -0.000039 0.000000 1.612488 -0.422851 0.143853
    19 3.767578 0.152466 0.071350 0.014350 0.037540 -0.177489
    20 2.037109 -0.000002 0.000002 -0.000001 0.005004 -0.888530
    21 1.066406 -0.000001 0.000000 0.000002 0.002790 0.001101
    22 3.783203 -0.017258 0.794434 0.333288 -0.031874 -0.219057
    23 1.628906 0.000000 -0.000001 0.000000 0.005106 -0.697052
    24 0.955566 -0.000002 0.000002 -0.000004 0.003247 -0.272279
    25 1.258789 -0.297852 1.251953 -1.927900 -0.158435 -0.368927
    26 1.392578 0.000004 -0.000004 0.000000 0.002017 0.071902
    27 1.099609 0.000002 -0.000005 -0.000002 -0.295768 0.023714
    28 3.547341 0.197447 -1.485758 -0.323544 0.115347 -0.238381
    29 1.218750 0.000000 0.000000 -0.000004 0.004663 -0.629642
    30 0.679688 -0.000004 0.000002 -0.000001 0.002398 -0.578397
    31 3.697266 0.267334 -0.728516 -0.105269 0.104461 -0.301442
    32 1.748047 0.000002 0.000002 -0.000001 0.002900 -0.623724
    33 0.956684 0.000008 0.000001 0.000027 0.004804 -0.321825
    34 2.023778 0.904982 -0.850921 -1.808710 1.226057 2.794687
    35 4.981625 0.002227 0.003236 1.796032 -0.066658 -1.017814
    36 11.119975 -0.000005 0.000000 0.000001 0.136123 -0.569472
    37 11.205375 0.000073 0.000008 -1.783953 0.291695 -0.248908
    38 3.767578 0.151855 -0.072693 -0.090833 -0.078893 -0.174026
    39 2.036716 -0.000004 0.000000 0.000012 -0.007577 -0.940629
    40 1.066406 0.000003 -0.000001 0.000006 -0.004235 -0.116579
    41 3.783203 -0.023941 -0.794434 -0.344152 -0.088893 -0.269864
    42 1.628906 0.000002 0.000000 0.000002 -0.007731 -0.659761
    43 0.954089 -0.000004 0.000000 0.000004 -0.004923 -0.331344
    44 1.258789 -0.308350 -1.250000 1.738856 0.204802 -0.550002
    45 1.392578 -0.000004 0.000002 0.000004 0.222430 0.216078
    46 1.099609 0.000002 -0.000002 0.000002 0.280392 0.302814
    47 3.546538 0.208125 1.487114 0.333783 -0.052221 -0.250106
    48 1.218750 0.000000 0.000000 0.000004 -0.007080 -0.610627
    49 0.679688 0.000004 0.000002 0.000001 -0.003641 -0.669685
    50 3.697266 0.273682 0.726563 0.103574 -0.126170 -0.288627
    51 1.748047 -0.000013 0.000001 0.000000 -0.004401 -0.791139
    52 0.956684 0.000004 0.000002 -0.000008 -0.007276 -0.432398
    53 -3.756462 5.577850 2.053357 1.570803 -0.000001 0.000000
    54 -2.735646 -0.081365 5.727119 0.000007 0.000015 1.570796
    55 0.000001 5.662003 -0.974302 1.570804 -0.000001 0.000000
    56 -0.000002 -2.275002 5.113525 0.000000 0.000000 -3.141592
    57 -2.477620 5.416855 4.597564 1.570804 -0.000001 0.000000
    58 -1.515218 1.317776 5.998497 0.000000 0.000000 0.000000
    59 -2.455992 5.657928 -0.087295 1.570804 -0.000001 0.000000
    60 -1.485628 -1.617812 5.263969 0.000000 0.000000 3.141592
    61 3.756460 5.577858 2.053359 1.570803 -0.000001 0.000000
    62 2.735645 -0.081364 5.727116 0.000004 -0.000011 -1.570795
    63 2.477613 5.416855 4.597570 1.570804 -0.000001 0.000000
    64 1.515220 1.317777 5.998508 0.000000 0.000000 0.000000
    65 2.455991 5.657928 -0.087293 1.570804 -0.000001 0.000000
    66 1.485620 -1.617803 5.263973 0.000000 0.000000 -3.141592
    67 4.575642 5.632584 0.000132 0.000000 -1.570771 0.249128
    68 -0.000001 0.314078 5.161098 0.000000 0.000000 0.000000
    69 -0.000001 -0.323108 3.750217 0.000000 0.000000 0.000000
    70 5.734947 1.075212 4.685178 1.570830 -0.000004 -1.321669
    71 -0.753896 0.305901 4.971462 -0.000001 0.000002 0.000000
    72 -1.101006 -0.314705 3.448307 0.000001 0.000001 0.000000
    73 5.809101 -1.029643 4.595047 1.570829 -0.000004 -1.321671
    74 -0.714908 -0.199657 5.028973 0.000000 0.000003 0.000000
    75 -0.282898 -0.851690 4.444889 0.000000 0.000000 0.000000
    76 9.578484 -1.290738 0.000240 0.000000 1.570770 -2.892481
    77 9.369518 -1.236408 1.787905 0.000000 1.570770 -2.892481
    78 9.436707 -1.331719 -1.409029 0.000000 1.570770 -2.892477
    79 5.735191 1.075235 -4.684885 -1.570814 0.000004 1.819923
    80 0.753901 0.305904 4.971474 -0.000001 -0.000002 0.000000
    81 1.101010 -0.314705 3.448315 0.000000 -0.000001 0.000000
    82 5.809341 -1.029617 -4.594752 -1.570814 0.000004 1.819922
    83 0.714908 -0.199655 5.028969 0.000000 -0.000003 0.000000
    84 0.282897 -0.851688 4.444893 0.000000 0.000000 0.000000
  time 21
    0 26.355847 25.140693 36.024739 1.513032 -0.015472 0.118266
    1 3.983847 0.002149 0.003401 -1.410321 -0.282612 -1.905726
    2 15.938816 -0.000100 -0.000005 -0.000009 -0.000002 0.393522
    3 17.707025 -0.000068 0.000003 0.056319 0.029110 -1.000951
    4 6.202515 0.003416 -0.000367 -0.010386 0.000827 -0.560914
    5 -3.983848 0.002149 0.003395 -0.860447 0.021194 -1.508783
    6 15.938826 -0.000113 -0.000001 0.000002 0.000010 0.791230
    7 17.707031 0.000018 0.000000 0.043294 0.107882 -1.161546
    8 6.202710 0.003078 0.003745 -0.075642 -0.007322 -1.023638
    9 -0.000001 4.209253 -1.688832 1.566912 -0.047353 1.564463
    10 3.836055 0.000000 0.000000 -0.003632 -0.016705 -0.093217
    11 3.617625 -0.000275 -0.000015 -0.004422 -0.014773 0.054513
    12 7.537925 0.003588 -0.000212 0.000105 -0.002141 0.208133
    13 3.181604 -0.002346 0.000028 3.148875 0.019599 0.224174
    14 2.966416 0.000318 0.000023 -0.107542 -0.031006 0.141568
    15 2.023770 0.904983 0.850949 1.738603 -1.239220 2.793733
    16 4.980521 0.000781 -0.001089 -1.712047 0.224011 -1.151852
    17 11.119977 0.000007 0.000004 -0.000003 -0.136098 -0.186458
    18 11.205393 -0.000039 0.000000 1.618874 -0.392942 0.152686
    19 3.767578 0.152466 0.071350 0.014350 0.037540 -0.177489
    20 2.037109 -0.000002 0.000002 -0.000001 0.005004 -0.888530
    21 1.066406 -0.000001 0.000000 0.000002 0.002790 0.001101
    22 3.783203 -0.017258 0.794434 0.333288 -0.031874 -0.219057
    23 1.628906 0.000000 -0.000001 0.000000 0.005106 -0.697052
    24 0.955566 -0.000002 0.000002 -0.000004 0.003247 -0.272279
    25 1.258789 -0.297852 1.251953 -1.927900 -0.158435 -0.368927
    26 1.392578 0.000004 -0.000004 0.000000 0.002017 0.071902
    27 1.099609 0.000002 -0.000005 -0.000002 -0.295768 0.023714
    28 3.547341 0.197447 -1.485758 -0.323544 0.115347 -0.238381
    29 1.218750 0.000000 0.000000 -0.000004 0.004663 -0.629642
    30 0.679688 -0.000004 0.000002 -0.000001 0.002398 -0.578397
    31 3.697266 0.267334 -0.728516 -0.105269 0.104461 -0.301442
    32 1.748047 0.000002 0.000002 -0.000001 0.002900 -0.623724
    33 0.956684 0.000008 0.000001 0.000015 0.004804 -0.321825
    34 2.023778 0.904982 -0.850921 -1.791383 1.228989 2.813293
    35 4.981625 0.002227 0.003236 1.806403 -0.076744 -1.025894
    36 11.119975 -0.000005 0.000000 0.000001 0.136123 -0.552194
    37 11.205375 0.000073 0.000008 -1.773883 0.268481 -0.252623
    38 3.767578 0.151855 -0.072693 -0.090833 -0.078893 -0.174026
    39 2.036716 -0.000004 0.000000 0.000000 -0.007577 -0.940629
    40 1.066406 0.000003 -0.000001 0.000006 -0.004235 -0.116579
    41 3.783203 -0.023941 -0.794434 -0.344152 -0.088893 -0.269864
    42 1.628906 0.000002 0.000000 0.000002 -0.007731 -0.659761
    43 0.954089 -0.000004 0.000000 0.000004 -0.004923 -0.331344
    44 1.258789 -0.308350 -1.250000 1.738856 0.204802 -0.550002
    45 1.392578 -0.000004 0.000002 0.000004 0.222430 0.216078
    46 1.099609 0.000002 -0.000002 0.000002 0.280392 0.302814
    47 3.546538 0.208125 1.487114 0.333783 -0.052221 -0.250106
    48 1.218750 0.000000 0.000000 0.000004 -0.007080 -0.610627
    49 0.679688 0.000004 0.000002 0.000001 -0.003641 -0.669685
    50 3.697266 0.273682 0.726563 0.103574 -0.126170 -0.288627
    51 1.748047 -0.000013 0.000001 0.000000 -0.004401 -0.791139
    52 0.956684 0.000004 0.000002 -0.000008 -0.007276 -0.432398
    53 -3.756462 5.577850 2.053357 1.570803 -0.000001 0.000000
    54 -2.735646 -0.081365 5.727119 0.000007 0.000015 1.570796
    55 0.000001 5.662003 -0.974302 1.570804 -0.000001 0.000000
    56 -0.000002 -2.275002 5.113525 0.000000 0.000000 -3.141592
    57 -2.477620 5.416855 4.597564 1.570804 -0.000001 0.000000
    58 -1.515218 1.317776 5.998497 0.000000 0.000000 0.000000
    59 -2.455992 5.657928 -0.087295 1.570804 -0.000001 0.000000
    60 -1.485628 -1.617812 5.263969 0.000000 0.000000 3.141592
    61 3.756460 5.577858 2.053359 1.570803 -0.000001 0.000000
    62 2.735645 -0.081364 5.727116 0.000004 -0.000011 -1.570795
    63 2.477613 5.416855 4.597570 1.570804 -0.000001 0.000000
    64 1.515220 1.317777 5.998508 0.000000 0.000000 0.000000
    65 2.455991 5.657928 -0.087293 1.570804 -0.000001 0.000000
    66 1.485620 -1.617803 5.263973 0.000000 0.000000 -3.141592
    67 4.575642 5.632584 0.000132 0.000000 -1.570771 0.249128
    68 -0.000001 0.314078 5.161098 0.000000 0.000000 0.000000
    69 -0.000001 -0.323108 3.750217 0.000000 0.000000 0.000000
    70 5.734947 1.075212 4.685178 1.570830 -0.000004 -1.321669
    71 -0.753896 0.305901 4.971462 -0.000001 0.000002 0.000000
    72 -1.101006 -0.314705 3.448307 0.000001 0.000001 0.000000
    73 5.809101 -1.029643 4.595047 1.570829 -0.000004 -1.321671
    74 -0.714908 -0.199657 5.028973 0.000000 0.000003 0.000000
    75 -0.282898 -0.851690 4.444889 0.000000 0.000000 0.000000
    76 9.578484 -1.290738 0.000240 0.000000 1.570770 -2.892481
    77 9.369518 -1.236408 1.787905 0.000000 1.570770 -2.892481
    78 9.436707 -1.331719 -1.409029 0.000000 1.570770 -2.892477
    79 5.735191 1.075235 -4.684885 -1.570814 0.000004 1.819923
    80 0.753901 0.305904 4.971474 -0.000001 -0.000002 0.000000
    81 1.101010 -0.314705 3.448315 0.000000 -0.000001 0.000000
    82 5.809341 -1.029617 -4.594752 -1.570814 0.000004 1.819922
    83 0.714908 -0.199655 5.028969 0.000000 -0.000003 0.000000
    84 0.282897 -0.851688 4.444893 0.000000 0.000000 0.000000
  time 22
    0 27.656679 26.742457 35.903641 1.518209 0.005836 0.099096
    1 3.983847 0.002149 0.003401 -1.423717 -0.349852 -1.888650
    2 15.938816 -0.000100 -0.000005 -0.000009 -0.000002 0.480348
    3 17.707025 -0.000068 0.000003 -0.056673 0.100080 -0.995046
    4 6.202515 0.003416 -0.000367 -0.009954 0.000755 -0.599415
    5 -3.983848 0.002149 0.003395 -0.878694 0.021409 -1.490048
    6 15.938826 -0.000113 -0.000001 0.000002 0.000010 0.707090
    7 17.707031 0.000018 0.000000 0.026316 0.108293 -1.258514
    8 6.202710 0.003078 0.003745 -0.075283 -0.006770 -1.023638
    9 -0.000001 4.209253 -1.688832 1.567535 -0.045778 1.572037
    10 3.836055 0.000000 0.000000 -0.003368 0.002602 -0.094847
    11 3.617625 -0.000275 -0.000015 -0.004134 -0.011429 0.052894
    12 7.537925 0.003588 -0.000212 0.000309 -0.000811 0.208133
    13 3.181604 -0.002346 0.000028 3.144273 0.007567 0.224138
    14 2.966416 0.000318 0.000023 -0.091782 -0.031833 0.136349
    15 2.023770 0.904983 0.850949 1.757503 -1.236817 2.773793
    16 4.980521 0.000781 -0.001089 -1.715608 0.207177 -1.147044
    17 11.119977 0.000007 0.000004 -0.000003 -0.136098 -0.198637
    18 11.205393 -0.000039 0.000000 1.620219 -0.369601 0.152542
    19 3.767578 0.152466 0.071350 0.014350 0.037540 -0.177489
    20 2.037109 -0.000002 0.000002 -0.000001 0.005004 -0.888530
    21 1.066406 -0.000001 0.000000 0.000002 0.002790 0.001101
    22 3.783203 -0.017258 0.794434 0.333288 -0.031874 -0.219057
    23 1.628906 0.000000 -0.000001 0.000000 0.005106 -0.697052
    24 0.955566 -0.000002 0.000002 -0.000004 0.003247 -0.272279
    25 1.258789 -0.297852 1.251953 -1.927900 -0.158435 -0.368927
    26 1.392578 0.000004 -0.000004 0.000000 0.002017 0.071902
    27 1.099609 0.000002 -0.000005 -0.000002 -0.295768 0.023714
    28 3.547341 0.197447 -1.485758 -0.323544 0.115347 -0.238381
    29 1.218750 0.000000 0.000000 -0.000004 0.004663 -0.629642
    30 0.679688 -0.000004 0.000002 -0.000001 0.002398 -0.578397
    31 3.697266 0.267334 -0.728516 -0.105269 0.104461 -0.301442
    32 1.748047 0.000002 0.000002 -0.000001 0.002900 -0.623724
    33 0.956684 0.000008 0.000001 0.000003 0.004804 -0.321825
    34 2.023778 0.904982 -0.850921 -1.773535 1.232124 2.832169
    35 4.981625 0.002227 0.003236 1.817960 -0.088423 -1.032505
    36 11.119975 -0.000005 0.000000 0.000001 0.136123 -0.522242
    37 11.205375 0.000073 0.000008 -1.758231 0.253249 -0.239476
    38 3.767578 0.151855 -0.072693 -0.090833 -0.078893 -0.174026
    39 2.036716 -0.000004 0.000000 0.000012 -0.007577 -0.940629
    40 1.066406 0.000003 -0.000001 0.000006 -0.004235 -0.116579
    41 3.783203 -0.023941 -0.794434 -0.344152 -0.088893 -0.269864
    42 1.628906 0.000002 0.000000 0.000002 -0.007731 -0.659761
    43 0.954089 -0.000004 0.000000 0.000004 -0.004923 -0.331344
    44 1.258789 -0.308350 -1.250000 1.738856 0.204802 -0.550002
    45 1.392578 -0.000004 0.000002 0.000004 0.222430 0.216078
    46 1.099609 0.000002 -0.000002 0.000002 0.280392 0.302814
    47 3.546538 0.208125 1.487114 0.333783 -0.052221 -0.250106
    48 1.218750 0.000000 0.000000 0.000004 -0.007080 -0.610627
    49 0.679688 0.000004 0.000002 0.000001 -0.003641 -0.669685
    50 3.697266 0.273682 0.726563 0.103574 -0.126170 -0.288627
    51 1.748047 -0.000013 0.000001 0.000000 -0.004401 -0.791139
    52 0.956684 0.000004 0.000002 -0.000008 -0.007276 -0.432398
    53 -3.756462 5.577850 2.053357 1.570803 -0.000001 0.000000
    54 -2.735646 -0.081365 5.727119 0.000007 0.000015 1.570796
    55 0.000001 5.662003 -0.974302 1.570804 -0.000001 0.000000
    56 -0.000002 -2.275002 5.113525 0.000000 0.000000 -3.141592
    57 -2.477620 5.416855 4.597564 1.570804 -0.000001 0.000000
    58 -1.515218 1.317776 5.998497 0.000000 0.000000 0.000000
    59 -2.455992 5.657928 -0.087295 1.570804 -0.000001 0.000000
    60 -1.485628 -1.617812 5.263969 0.000000 0.000000 3.141592
    61 3.756460 5.577858 2.053359 1.570803 -0.000001 0.000000
    62 2.735645 -0.081364 5.727116 0.000004 -0.000011 -1.570795
    63 2.477613 5.416855 4.597570 1.570804 -0.000001 0.000000
    64 1.515220 1.317777 5.998508 0.000000 0.000000 0.000000
    65 2.455991 5.657928 -0.087293 1.570804 -0.000001 0.000000
    66 1.485620 -1.617803 5.263973 0.000000 0.000000 -3.141592
    67 4.575642 5.632584 0.000132 0.000000 -1.570771 0.249128
    68 -0.000001 0.314078 5.161098 0.000000 0.000000 0.000000
    69 -0.000001 -0.323108 3.750217 0.000000 0.000000 0.000000
    70 5.734947 1.075212 4.685178 1.570830 -0.000004 -1.321669
    71 -0.753896 0.305901 4.971462 -0.000001 0.000002 0.000000
    72 -1.101006 -0.314705 3.448307 0.000001 0.000001 0.000000
    73 5.809101 -1.029643 4.595047 1.570829 -0.000004 -1.321671
    74 -0.714908 -0.199657 5.028973 0.000000 0.000003 0.000000
    75 -0.282898 -0.851690 4.444889 0.000000 0.000000 0.000000
    76 9.578484 -1.290738 0.000240 0.000000 1.570770 -2.892481
    77 9.369518 -1.236408 1.787905 0.000000 1.570770 -2.892481
    78 9.436707 -1.331719 -1.409029 0.000000 1.570770 -2.892477
    79 5.735191 1.075235 -4.684885 -1.570814 0.000004 1.819923
    80 0.753901 0.305904 4.971474 -0.000001 -0.000002 0.000000
    81 1.101010 -0.314705 3.448315 0.000000 -0.000001 0.000000
    82 5.809341 -1.029617 -4.594752 -1.570814 0.000004 1.819922
    83 0.714908 -0.199655 5.028969 0.000000 -0.000003 0.000000
    84 0.282897 -0.851688 4.444893 0.000000 0.000000 0.000000
  time 23
    0 28.949698 28.348128 35.864578 1.526119 0.041239 0.075773
    1 3.983847 0.002149 0.003401 -1.437967 -0.434180 -1.840013
    2 15.938816 -0.000100 -0.000005 -0.000009 -0.000002 0.620915
    3 17.707025 -0.000068 0.000003 -0.158019 0.165300 -1.030595
    4 6.202515 0.003416 -0.000367 -0.009463 0.000683 -0.647619
    5 -3.983848 0.002149 0.003395 -0.901050 0.023899 -1.452577
    6 15.938826 -0.000113 -0.000001 0.000002 0.000010 0.613691
    7 17.707031 0.000018 0.000000 0.006233 0.107061 -1.388952
    8 6.202710 0.003078 0.003745 -0.076385 -0.006543 -0.831579
    9 -0.000001 4.209253 -1.688832 1.568733 -0.042790 1.584788
    10 3.836055 0.000000 0.000000 -0.003104 0.034541 -0.097951
    11 3.617625 -0.000275 -0.000015 -0.003763 -0.007258 0.049923
    12 7.537925 0.003588 -0.000212 0.000740 0.002365 0.208133
    13 3.181604 -0.002346 0.000028 3.139767 -0.005640 0.224138
    14 2.966416 0.000318 0.000023 -0.074369 -0.028525 0.124913
    15 2.023770 0.904983 0.850949 1.792103 -1.231158 2.737085
    16 4.980521 0.000781 -0.001089 -1.708848 0.164199 -1.140955
    17 11.119977 0.000007 0.000004 -0.000003 -0.136098 -0.236775
    18 11.205393 -0.000039 0.000000 1.609511 -0.352585 0.132516
    19 3.767578 0.152466 0.071350 0.014350 0.037540 -0.177489
    20 2.037109 -0.000002 0.000002 -0.000001 0.005004 -0.888530
    21 1.066406 -0.000001 0.000000 0.000002 0.002790 0.001101
    22 3.783203 -0.017258 0.794434 0.333288 -0.031874 -0.219057
    23 1.628906 0.000000 -0.000001 0.000000 0.005106 -0.697052
    24 0.955566 -0.000002 0.000002 -0.000004 0.003247 -0.272279
    25 1.258789 -0.297852 1.251953 -1.927900 -0.158435 -0.368927
    26 1.392578 0.000004 -0.000004 0.000000 0.002017 0.071902
    27 1.099609 0.000002 -0.000005 -0.000002 -0.295768 0.023714
    28 3.547341 0.197447 -1.485758 -0.323544 0.115347 -0.238381
    29 1.218750 0.000000 0.000000 -0.000004 0.004663 -0.629642
    30 0.679688 -0.000004 0.000002 -0.000001 0.002398 -0.578397
    31 3.697266 0.267334 -0.728516 -0.105269 0.104461 -0.301442
    32 1.748047 0.000002 0.000002 -0.000001 0.002900 -0.623724
    33 0.956684 0.000008 0.000001 0.000027 0.004804 -0.321825
    34 2.023778 0.904982 -0.850921 -1.739404 1.238516 2.868568
    35 4.981625 0.002227 0.003236 1.841282 -0.115081 -1.038146
    36 11.119975 -0.000005 0.000000 0.000001 0.136123 -0.429988
    37 11.205375 0.000073 0.000008 -1.715187 0.252386 -0.148944
    38 3.767578 0.151855 -0.072693 -0.090833 -0.078893 -0.174026
    39 2.036716 -0.000004 0.000000 0.000012 -0.007577 -0.940629
    40 1.066406 0.000003 -0.000001 0.000006 -0.004235 -0.116579
    41 3.783203 -0.023941 -0.794434 -0.344152 -0.088893 -0.269864
    42 1.628906 0.000002 0.000000 0.000002 -0.007731 -0.659761
    43 0.954089 -0.000004 0.000000 0.000004 -0.004923 -0.331344
    44 1.258789 -0.308350 -1.250000 1.738856 0.204802 -0.550002
    45 1.392578 -0.000004 0.000002 0.000004 0.222430 0.216078
    46 1.099609 0.000002 -0.000002 0.000002 0.280392 0.302814
    47 3.546538 0.208125 1.487114 0.333783 -0.052221 -0.250106
    48 1.218750 0.000000 0.000000 0.000004 -0.007080 -0.610627
    49 0.679688 0.000004 0.000002 0.000001 -0.003641 -0.669685
    50 3.697266 0.273682 0.726563 0.103574 -0.126170 -0.288627
    51 1.748047 -0.000013 0.000001 0.000000 -0.004401 -0.791139
    52 0.956684 0.000004 0.000002 -0.000008 -0.007276 -0.432398
    53 -3.756462 5.577850 2.053357 1.570803 -0.000001 0.000000
    54 -2.735646 -0.081365 5.727119 0.000007 0.000015 1.570796
    55 0.000001 5.662003 -0.974302 1.570804 -0.000001 0.000000
    56 -0.000002 -2.275002 5.113525 0.000000 0.000000 -3.141592
    57 -2.477620 5.416855 4.597564 1.570804 -0.000001 0.000000
    58 -1.515218 1.317776 5.998497 0.000000 0.000000 0.000000
    59 -2.455992 5.657928 -0.087295 1.570804 -0.000001 0.000000
    60 -1.485628 -1.617812 5.263969 0.000000 0.000000 3.141592
    61 3.756460 5.577858 2.053359 1.570803 -0.000001 0.000000
    62 2.735645 -0.081364 5.727116 0.000004 -0.000011 -1.570795
    63 2.477613 5.416855 4.597570 1.570804 -0.000001 0.000000
    64 1.515220 1.317777 5.998508 0.000000 0.000000 0.000000
    65 2.455991 5.657928 -0.087293 1.570804 -0.000001 0.000000
    66 1.485620 -1.617803 5.263973 0.000000 0.000000 -3.141592
    67 4.575642 5.632584 0.000132 0.000000 -1.570771 0.249128
    68 -0.000001 0.314078 5.161098 0.000000 0.000000 0.000000
    69 -0.000001 -0.323108 3.750217 0.000000 0.000000 0.000000
    70 5.734947 1.075212 4.685178 1.570830 -0.000004 -1.321669
    71 -0.753896 0.305901 4.971462 -0.000001 0.000002 0.000000
    72 -1.101006 -0.314705 3.448307 0.000001 0.000001 0.000000
    73 5.809101 -1.029643 4.595047 1.570829 -0.000004 -1.321671
    74 -0.714908 -0.199657 5.028973 0.000000 0.000003 0.000000
    75 -0.282898 -0.851690 4.444889 0.000000 0.000000 0.000000
    76 9.578484 -1.290738 0.000240 0.000000 1.570770 -2.892481
    77 9.369518 -1.236408 1.787905 0.000000 1.570770 -2.892481
    78 9.436707 -1.331719 -1.409029 0.000000 1.570770 -2.892477
    79 5.735191 1.075235 -4.684885 -1.570814 0.000004 1.819923
    80 0.753901 0.305904 4.971474 -0.000001 -0.000002 0.000000
    81 1.101010 -0.314705 3.448315 0.000000 -0.000001 0.000000
    82 5.809341 -1.029617 -4.594752 -1.570814 0.000004 1.819922
    83 0.714908 -0.199655 5.028969 0.000000 -0.000003 0.000000
    84 0.282897 -0.851688 4.444893 0.000000 0.000000 0.000000
  time 24
    0 30.238811 29.879577 35.919267 1.533357 0.069846 0.049063
    1 3.983847 0.002149 0.003401 -1.456682 -0.522913 -1.783241
    2 15.938816 -0.000100 -0.000005 -0.000009 -0.000002 0.793547
    3 17.707025 -0.000068 0.000003 -0.217984 0.216941 -1.088506
    4 6.202515 0.003416 -0.000367 -0.009008 0.000623 -0.702546
    5 -3.983848 0.002149 0.003395 -0.926749 0.045799 -1.410234
    6 15.938826 -0.000113 -0.000001 0.000002 0.000010 0.467893
    7 17.707031 0.000018 0.000000 -0.009884 0.101708 -1.478591
    8 6.202710 0.003078 0.003745 -0.077680 -0.006339 -0.626065
    9 -0.000001 4.209253 -1.688832 1.569836 -0.038832 1.594903
    10 3.836055 0.000000 0.000000 -0.002781 0.060032 -0.102001
    11 3.617625 -0.000275 -0.000015 -0.003355 -0.002249 0.045953
    12 7.537925 0.003588 -0.000212 0.000992 0.003983 0.208145
    13 3.181604 -0.002346 0.000028 3.134589 -0.018715 0.224138
    14 2.966416 0.000318 0.000023 -0.052940 -0.024570 0.106714
    15 2.023770 0.904983 0.850949 1.806753 -1.228227 2.721314
    16 4.980521 0.000781 -0.001089 -1.699921 0.142878 -1.135094
    17 11.119977 0.000007 0.000004 -0.000003 -0.136098 -0.264507
    18 11.205393 -0.000039 0.000000 1.599619 -0.356088 0.113951
    19 3.767578 0.152466 0.071350 0.014350 0.037540 -0.177489
    20 2.037109 -0.000002 0.000002 -0.000001 0.005004 -0.888530
    21 1.066406 -0.000001 0.000000 0.000002 0.002790 0.001101
    22 3.783203 -0.017258 0.794434 0.333288 -0.031874 -0.219057
    23 1.628906 0.000000 -0.000001 0.000000 0.005106 -0.697052
    24 0.955566 -0.000002 0.000002 -0.000004 0.003247 -0.272279
    25 1.258789 -0.297852 1.251953 -1.927900 -0.158435 -0.368927
    26 1.392578 0.000004 -0.000004 0.000000 0.002017 0.071902
    27 1.099609 0.000002 -0.000005 -0.000002 -0.295768 0.023714
    28 3.547341 0.197447 -1.485758 -0.323544 0.115347 -0.238381
    29 1.218750 0.000000 0.000000 -0.000004 0.004663 -0.629642
    30 0.679688 -0.000004 0.000002 -0.000001 0.002398 -0.578397
    31 3.697266 0.267334 -0.728516 -0.105269 0.104461 -0.301442
    32 1.748047 0.000002 0.000002 -0.000001 0.002900 -0.623724
    33 0.956684 0.000008 0.000001 0.000015 0.004804 -0.321825
    34 2.023778 0.904982 -0.850921 -1.723903 1.241773 2.884916
    35 4.981625 0.002227 0.003236 1.848918 -0.129371 -1.041584
    36 11.119975 -0.000005 0.000000 0.000001 0.136123 -0.378848
    37 11.205375 0.000073 0.000008 -1.696289 0.264418 -0.110426
    38 3.767578 0.151855 -0.072693 -0.090833 -0.078893 -0.174026
    39 2.036716 -0.000004 0.000000 0.000012 -0.007577 -0.940629
    40 1.066406 0.000003 -0.000001 0.000006 -0.004235 -0.116579
    41 3.783203 -0.023941 -0.794434 -0.344152 -0.088893 -0.269864
    42 1.628906 0.000002 0.000000 0.000002 -0.007731 -0.659761
    43 0.954089 -0.000004 0.000000 0.000004 -0.004923 -0.331344
    44 1.258789 -0.308350 -1.250000 1.738856 0.204802 -0.550002
    45 1.392578 -0.000004 0.000002 0.000004 0.222430 0.216078
    46 1.099609 0.000002 -0.000002 0.000002 0.280392 0.302814
    47 3.546538 0.208125 1.487114 0.333783 -0.052221 -0.250166
    48 1.218750 0.000000 0.000000 0.000004 -0.007080 -0.610627
    49 0.679688 0.000004 0.000002 0.000001 -0.003641 -0.669685
    50 3.697266 0.273682 0.726563 0.103574 -0.126170 -0.288627
    51 1.748047 -0.000013 0.000001 0.000000 -0.004401 -0.791139
    52 0.956684 0.000004 0.000002 -0.000008 -0.007276 -0.432398
    53 -3.756462 5.577850 2.053357 1.570803 -0.000001 0.000000
    54 -2.735646 -0.081365 5.727119 0.000007 0.000015 1.570796
    55 0.000001 5.662003 -0.974302 1.570804 -0.000001 0.000000
    56 -0.000002 -2.275002 5.113525 0.000000 0.000000 -3.141592
    57 -2.477620 5.416855 4.597564 1.570804 -0.000001 0.000000
    58 -1.515218 1.317776 5.998497 0.000000 0.000000 0.000000
    59 -2.455992 5.657928 -0.087295 1.570804 -0.000001 0.000000
    60 -1.485628 -1.617812 5.263969 0.000000 0.000000 3.141592
    61 3.756460 5.577858 2.053359 1.570803 -0.000001 0.000000
    62 2.735645 -0.081364 5.727116 0.000004 -0.000011 -1.570795
    63 2.477613 5.416855 4.597570 1.570804 -0.000001 0.000000
    64 1.515220 1.317777 5.998508 0.000000 0.000000 0.000000
    65 2.455991 5.657928 -0.087293 1.570804 -0.000001 0.000000
    66 1.485620 -1.617803 5.263973 0.000000 0.000000 -3.141592
    67 4.575642 5.632584 0.000132 0.000000 -1.570771 0.249128
    68 -0.000001 0.314078 5.161098 0.000000 0.000000 0.000000
    69 -0.000001 -0.323108 3.750217 0.000000 0.000000 0.000000
    70 5.734947 1.075212 4.685178 1.570830 -0.000004 -1.321669
    71 -0.753896 0.305901 4.971462 -0.000001 0.000002 0.000000
    72 -1.101006 -0.314705 3.448307 0.000001 0.000001 0.000000
    73 5.809101 -1.029643 4.595047 1.570829 -0.000004 -1.321671
    74 -0.714908 -0.199657 5.028973 0.000000 0.000003 0.000000
    75 -0.282898 -0.851690 4.444889 0.000000 0.000000 0.000000
    76 9.578484 -1.290738 0.000240 0.000000 1.570770 -2.892481
    77 9.369518 -1.236408 1.787905 0.000000 1.570770 -2.892481
    78 9.436707 -1.331719 -1.409029 0.000000 1.570770 -2.892477
    79 5.735191 1.075235 -4.684885 -1.570814 0.000004 1.819923
    80 0.753901 0.305904 4.971474 -0.000001 -0.000002 0.000000
    81 1.101010 -0.314705 3.448315 0.000000 -0.000001 0.000000
    82 5.809341 -1.029617 -4.594752 -1.570814 0.000004 1.819922
    83 0.714908 -0.199655 5.028969 0.000000 -0.000003 0.000000
    84 0.282897 -0.851688 4.444893 0.000000 0.000000 0.000000
  time 25
    0 31.516205 31.289929 36.106772 1.538822 0.078823 0.020180
    1 3.983847 0.002149 0.003401 -1.482522 -0.588462 -1.729419
    2 15.938816 -0.000100 -0.000005 -0.000009 -0.000002 0.952346
    3 17.707025 -0.000068 0.000003 -0.221426 0.247578 -1.142104
    4 6.202515 0.003416 -0.000367 -0.008552 0.000551 -0.761458
    5 -3.983848 0.002149 0.003395 -0.955888 0.046272 -1.408454
    6 15.938826 -0.000113 -0.000001 0.000002 0.000010 0.369142
    7 17.707031 0.000018 0.000000 -0.014372 0.095622 -1.496655
    8 6.202710 0.003078 0.003745 -0.078578 -0.006195 -0.507670
    9 -0.000001 4.209253 -1.688832 1.570507 -0.034713 1.597731
    10 3.836055 0.000000 0.000000 -0.002409 0.067438 -0.106196
    11 3.617625 -0.000275 -0.000015 -0.002900 0.003168 0.041828
    12 7.537925 0.003588 -0.000212 0.001184 0.005385 0.208145
    13 3.181604 -0.002346 0.000028 3.130275 -0.029789 0.224258
    14 2.966416 0.000318 0.000023 -0.026562 -0.021130 0.093825
    15 2.023770 0.904983 0.850949 1.819403 -1.225417 2.707899
    16 4.980521 0.000781 -0.001089 -1.688877 0.124492 -1.123855
    17 11.119977 0.000007 0.000004 -0.000003 -0.136098 -0.297041
    18 11.205393 -0.000039 0.000000 1.588527 -0.362851 0.091277
    19 3.767578 0.152466 0.071350 0.014350 0.037540 -0.177489
    20 2.037109 -0.000002 0.000002 -0.000001 0.005004 -0.888530
    21 1.066406 -0.000001 0.000000 0.000002 0.002790 0.001101
    22 3.783203 -0.017258 0.794434 0.333288 -0.031874 -0.219057
    23 1.628906 0.000000 -0.000001 0.000000 0.005106 -0.697052
    24 0.955566 -0.000002 0.000002 -0.000004 0.003247 -0.272279
    25 1.258789 -0.297852 1.251953 -1.927900 -0.158435 -0.368927
    26 1.392578 0.000004 -0.000004 0.000000 0.002017 0.071902
    27 1.099609 0.000002 -0.000005 -0.000002 -0.295768 0.023714
    28 3.547341 0.197447 -1.485758 -0.323544 0.115347 -0.238381
    29 1.218750 0.000000 0.000000 -0.000004 0.004663 -0.629642
    30 0.679688 -0.000004 0.000002 -0.000001 0.002398 -0.578397
    31 3.697266 0.267334 -0.728516 -0.105269 0.104461 -0.301442
    32 1.748047 0.000002 0.000002 -0.000001 0.002900 -0.623724
    33 0.956684 0.000008 0.000001 0.000003 0.004804 -0.321825
    34 2.023778 0.904982 -0.850921 -1.710073 1.244827 2.899458
    35 4.981625 0.002227 0.003236 1.851756 -0.142452 -1.048723
    36 11.119975 -0.000005 0.000000 0.000001 0.136123 -0.332248
    37 11.205375 0.000073 0.000008 -1.682975 0.287836 -0.090471
    38 3.767578 0.151855 -0.072693 -0.090833 -0.078893 -0.174026
    39 2.036716 -0.000004 0.000000 0.000012 -0.007577 -0.940629
    40 1.066406 0.000003 -0.000001 0.000006 -0.004235 -0.116579
    41 3.783203 -0.023941 -0.794434 -0.344152 -0.088893 -0.269864
    42 1.628906 0.000002 0.000000 0.000002 -0.007731 -0.659761
    43 0.954089 -0.000004 0.000000 0.000004 -0.004923 -0.331344
    44 1.258789 -0.308350 -1.250000 1.738856 0.204802 -0.550002
    45 1.392578 -0.000004 0.000002 0.000004 0.222430 0.216078
    46 1.099609 0.000002 -0.000002 0.000002 0.280392 0.302814
    47 3.546538 0.208125 1.487114 0.333783 -0.052221 -0.250106
    48 1.218750 0.000000 0.000000 0.000004 -0.007080 -0.610627
    49 0.679688 0.000004 0.000002 0.000001 -0.003641 -0.669685
    50 3.697266 0.273682 0.726563 0.103574 -0.126170 -0.288627
    51 1.748047 -0.000013 0.000001 0.000000 -0.004401 -0.791139
    52 0.956684 0.000004 0.000002 -0.000008 -0.007276 -0.432398
    53 -3.756462 5.577850 2.053357 1.570803 -0.000001 0.000000
    54 -2.735646 -0.081365 5.727119 0.000007 0.000015 1.570796
    55 0.000001 5.662003 -0.974302 1.570804 -0.000001 0.000000
    56 -0.000002 -2.275002 5.113525 0.000000 0.000000 -3.141592
    57 -2.477620 5.416855 4.597564 1.570804 -0.000001 0.000000
    58 -1.515218 1.317776 5.998497 0.000000 0.000000 0.000000
    59 -2.455992 5.657928 -0.087295 1.570804 -0.000001 0.000000
    60 -1.485628 -1.617812 5.263969 0.000000 0.000000 3.141592
    61 3.756460 5.577858 2.053359 1.570803 -0.000001 0.000000
    62 2.735645 -0.081364 5.727116 0.000004 -0.000011 -1.570795
    63 2.477613 5.416855 4.597570 1.570804 -0.000001 0.000000
    64 1.515220 1.317777 5.998508 0.000000 0.000000 0.000000
    65 2.455991 5.657928 -0.087293 1.570804 -0.000001 0.000000
    66 1.485620 -1.617803 5.263973 0.000000 0.000000 -3.141592
    67 4.575642 5.632584 0.000132 0.000000 -1.570771 0.249128
    68 -0.000001 0.314078 5.161098 0.000000 0.000000 0.000000
    69 -0.000001 -0.323108 3.750217 0.000000 0.000000 0.000000
    70 5.734947 1.075212 4.685178 1.570830 -0.000004 -1.321669
    71 -0.753896 0.305901 4.971462 -0.000001 0.000002 0.000000
    72 -1.101006 -0.314705 3.448307 0.000001 0.000001 0.000000
    73 5.809101 -1.029643 4.595047 1.570829 -0.000004 -1.321671
    74 -0.714908 -0.199657 5.028973 0.000000 0.000003 0.000000
    75 -0.282898 -0.851690 4.444889 0.000000 0.000000 0.000000
    76 9.578484 -1.290738 0.000240 0.000000 1.570770 -2.892481
    77 9.369518 -1.236408 1.787905 0.000000 1.570770 -2.892481
    78 9.436707 -1.331719 -1.409029 0.000000 1.570770 -2.892477
    79 5.735191 1.075235 -4.684885 -1.570814 0.000004 1.819923
    80 0.753901 0.305904 4.971474 -0.000001 -0.000002 0.000000
    81 1.101010 -0.314705 3.448315 0.000000 -0.000001 0.000000
    82 5.809341 -1.029617 -4.594752 -1.570814 0.000004 1.819922
    83 0.714908 -0.199655 5.028969 0.000000 -0.000003 0.000000
    84 0.282897 -0.851688 4.444893 0.000000 0.000000 0.000000
  time 26
    0 32.789692 32.547933 36.380218 1.542945 0.074940 -0.009469
    1 3.983847 0.002149 0.003401 -1.514158 -0.620992 -1.675149
    2 15.938816 -0.000100 -0.000005 -0.000009 -0.000002 1.082522
    3 17.707025 -0.000068 0.000003 -0.187093 0.256828 -1.187441
    4 6.202515 0.003416 -0.000367 -0.008193 0.001127 -0.727705
    5 -3.983848 0.002149 0.003395 -0.986937 -0.014061 -1.463068
    6 15.938826 -0.000113 -0.000001 0.000002 0.000010 0.408630
    7 17.707031 0.000018 0.000000 -0.006846 0.090982 -1.467338
    8 6.202710 0.003078 0.003745 -0.078650 -0.006183 -0.498948
    9 -0.000001 4.209253 -1.688832 1.570747 -0.031139 1.596197
    10 3.836055 0.000000 0.000000 -0.001966 0.063412 -0.109767
    11 3.617625 -0.000275 -0.000015 -0.002468 0.008405 0.038238
    12 7.537925 0.003588 -0.000212 0.001339 0.006547 0.208145
    13 3.181604 -0.002346 0.000028 3.127303 -0.037639 0.224354
    14 2.966416 0.000318 0.000023 0.001841 -0.016912 0.088062
    15 2.023770 0.904983 0.850949 1.829403 -1.222812 2.697023
    16 4.980521 0.000781 -0.001089 -1.676338 0.109244 -1.109486
    17 11.119977 0.000007 0.000004 -0.000003 -0.136098 -0.332034
    18 11.205393 -0.000039 0.000000 1.576906 -0.372873 0.067140
    19 3.767578 0.152466 0.071350 0.014350 0.037540 -0.177489
    20 2.037109 -0.000002 0.000002 -0.000001 0.005004 -0.888530
    21 1.066406 -0.000001 0.000000 0.000002 0.002790 0.001101
    22 3.783203 -0.017258 0.794434 0.333288 -0.031874 -0.219057
    23 1.628906 0.000000 -0.000001 0.000000 0.005106 -0.697052
    24 0.955566 -0.000002 0.000002 -0.000004 0.003247 -0.272279
    25 1.258789 -0.297852 1.251953 -1.927900 -0.158435 -0.368927
    26 1.392578 0.000004 -0.000004 0.000000 0.002017 0.071902
    27 1.099609 0.000002 -0.000005 -0.000002 -0.295768 0.023714
    28 3.547341 0.197447 -1.485758 -0.323544 0.115347 -0.238381
    29 1.218750 0.000000 0.000000 -0.000004 0.004663 -0.629642
    30 0.679688 -0.000004 0.000002 -0.000001 0.002398 -0.578397
    31 3.697266 0.267334 -0.728516 -0.105269 0.104461 -0.301442
    32 1.748047 0.000002 0.000002 -0.000001 0.002900 -0.623724
    33 0.956684 0.000008 0.000001 0.000027 0.004804 -0.321825
    34 2.023778 0.904982 -0.850921 -1.699166 1.247596 2.911200
    35 4.981625 0.002227 0.003236 1.851137 -0.155644 -1.057596
    36 11.119975 -0.000005 0.000000 0.000001 0.136123 -0.292585
    37 11.205375 0.000073 0.000008 -1.674672 0.316515 -0.085929
    38 3.767578 0.151855 -0.072693 -0.090833 -0.078893 -0.174026
    39 2.036716 -0.000004 0.000000 0.000000 -0.007577 -0.940629
    40 1.066406 0.000003 -0.000001 0.000006 -0.004235 -0.116579
    41 3.783203 -0.023941 -0.794434 -0.344152 -0.088893 -0.269864
    42 1.628906 0.000002 0.000000 0.000002 -0.007731 -0.659761
    43 0.954089 -0.000004 0.000000 0.000004 -0.004923 -0.331344
    44 1.258789 -0.308350 -1.250000 1.738856 0.204802 -0.550002
    45 1.392578 -0.000004 0.000002 0.000004 0.222430 0.216078
    46 1.099609 0.000002 -0.000002 0.000002 0.280392 0.302814
    47 3.546538 0.208125 1.487114 0.333783 -0.052221 -0.250106
    48 1.218750 0.000000 0.000000 0.000004 -0.007080 -0.610627
    49 0.679688 0.000004 0.000002 0.000001 -0.003641 -0.669685
    50 3.697266 0.273682 0.726563 0.103574 -0.126170 -0.288627
    51 1.748047 -0.000013 0.000001 0.000000 -0.004401 -0.791139
    52 0.956684 0.000004 0.000002 -0.000008 -0.007276 -0.432398
    53 -3.756462 5.577850 2.053357 1.570803 -0.000001 0.000000
    54 -2.735646 -0.081365 5.727119 0.000007 0.000015 1.570796
    55 0.000001 5.662003 -0.974302 1.570804 -0.000001 0.000000
    56 -0.000002 -2.275002 5.113525 0.000000 0.000000 -3.141592
    57 -2.477620 5.416855 4.597564 1.570804 -0.000001 0.000000
    58 -1.515218 1.317776 5.998497 0.000000 0.000000 0.000000
    59 -2.455992 5.657928 -0.087295 1.570804 -0.000001 0.000000
    60 -1.485628 -1.617812 5.263969 0.000000 0.000000 3.141592
    61 3.756460 5.577858 2.053359 1.570803 -0.000001 0.000000
    62 2.735645 -0.081364 5.727116 0.000004 -0.000011 -1.570795
    63 2.477613 5.416855 4.597570 1.570804 -0.000001 0.000000
    64 1.515220 1.317777 5.998508 0.000000 0.000000 0.000000
    65 2.455991 5.657928 -0.087293 1.570804 -0.000001 0.000000
    66 1.485620 -1.617803 5.263973 0.000000 0.000000 -3.141592
    67 4.575642 5.632584 0.000132 0.000000 -1.570771 0.249128
    68 -0.000001 0.314078 5.161098 0.000000 0.000000 0.000000
    69 -0.000001 -0.323108 3.750217 0.000000 0.000000 0.000000
    70 5.734947 1.075212 4.685178 1.570830 -0.000004 -1.321669
    71 -0.753896 0.305901 4.971462 -0.000001 0.000002 0.000000
    72 -1.101006 -0.314705 3.448307 0.000001 0.000001 0.000000
    73 5.809101 -1.029643 4.595047 1.570829 -0.000004 -1.321671
    74 -0.714908 -0.199657 5.028973 0.000000 0.000003 0.000000
    75 -0.282898 -0.851690 4.444889 0.000000 0.000000 0.000000
    76 9.578484 -1.290738 0.000240 0.000000 1.570770 -2.892481
    77 9.369518 -1.236408 1.787905 0.000000 1.570770 -2.892481
    78 9.436707 -1.331719 -1.409029 0.000000 1.570770 -2.892477
    79 5.735191 1.075235 -4.684885 -1.570814 0.000004 1.819923
    80 0.753901 0.305904 4.971474 -0.000001 -0.000002 0.000000
    81 1.101010 -0.314705 3.448315 0.000000 -0.000001 0.000000
    82 5.809341 -1.029617 -4.594752 -1.570814 0.000004 1.819922
    83 0.714908 -0.199655 5.028969 0.000000 -0.000003 0.000000
    84 0.282897 -0.851688 4.444893 0.000000 0.000000 0.000000
  time 27
    0 34.059273 33.712184 36.688821 1.545581 0.058329 -0.038863
    1 3.983847 0.002149 0.003401 -1.548643 -0.615830 -1.625976
    2 15.938816 -0.000100 -0.000005 -0.000009 -0.000002 1.172981
    3 17.707025 -0.000068 0.000003 -0.131671 0.239834 -1.222806
    4 6.202515 0.003416 -0.000367 -0.007737 0.002097 -0.621975
    5 -3.983848 0.002149 0.003395 -1.015789 -0.064989 -1.521523
    6 15.938826 -0.000113 -0.000001 0.000002 0.000010 0.428342
    7 17.707031 0.000018 0.000000 0.002651 0.085914 -1.421610
    8 6.202710 0.003078 0.003745 -0.078650 -0.006183 -0.498948
    9 -0.000001 4.209253 -1.688832 1.570747 -0.028777 1.590109
    10 3.836055 0.000000 0.000000 -0.001558 0.048251 -0.112033
    11 3.617625 -0.000275 -0.000015 -0.001965 0.012780 0.035914
    12 7.537925 0.003588 -0.000212 0.001459 0.007314 0.208145
    13 3.181604 -0.002346 0.000028 3.125577 -0.042085 0.224450
    14 2.966416 0.000318 0.000023 0.031911 -0.013161 0.088062
    15 2.023770 0.904983 0.850949 1.836503 -1.220817 2.689228
    16 4.980521 0.000781 -0.001089 -1.663695 0.097740 -1.092102
    17 11.119977 0.000007 0.000004 -0.000003 -0.136098 -0.368914
    18 11.205393 -0.000039 0.000000 1.565862 -0.385583 0.046191
    19 3.767578 0.152466 0.071350 0.014350 0.037540 -0.177489
    20 2.037109 -0.000002 0.000002 -0.000001 0.005004 -0.888530
    21 1.066406 -0.000001 0.000000 0.000002 0.002790 0.001101
    22 3.783203 -0.017258 0.794434 0.333288 -0.031874 -0.219057
    23 1.628906 0.000000 -0.000001 0.000000 0.005106 -0.697052
    24 0.955566 -0.000002 0.000002 -0.000004 0.003247 -0.272279
    25 1.258789 -0.297852 1.251953 -1.927900 -0.158435 -0.368927
    26 1.392578 0.000004 -0.000004 0.000000 0.002017 0.071902
    27 1.099609 0.000002 -0.000005 -0.000002 -0.295768 0.023714
    28 3.547341 0.197447 -1.485758 -0.323544 0.115347 -0.238381
    29 1.218750 0.000000 0.000000 -0.000004 0.004663 -0.629642
    30 0.679688 -0.000004 0.000002 -0.000001 0.002398 -0.578397
    31 3.697266 0.267334 -0.728516 -0.105269 0.104461 -0.301442
    32 1.748047 0.000002 0.000002 -0.000001 0.002900 -0.623724
    33 0.956684 0.000008 0.000001 0.000003 0.004804 -0.321825
    34 2.023778 0.904982 -0.850921 -1.690712 1.249713 2.919961
    35 4.981625 0.002227 0.003236 1.847474 -0.170291 -1.068850
    36 11.119975 -0.000005 0.000000 0.000001 0.136123 -0.260173
    37 11.205375 0.000073 0.000008 -1.670472 0.343253 -0.093204
    38 3.767578 0.151855 -0.072693 -0.090833 -0.078893 -0.174026
    39 2.036716 -0.000004 0.000000 0.000000 -0.007577 -0.940629
    40 1.066406 0.000003 -0.000001 0.000006 -0.004235 -0.116579
    41 3.783203 -0.023941 -0.794434 -0.344152 -0.088893 -0.269864
    42 1.628906 0.000002 0.000000 0.000002 -0.007731 -0.659761
    43 0.954089 -0.000004 0.000000 0.000004 -0.004923 -0.331344
    44 1.258789 -0.308350 -1.250000 1.738856 0.204802 -0.550002
    45 1.392578 -0.000004 0.000002 0.000004 0.222430 0.216078
    46 1.099609 0.000002 -0.000002 0.000002 0.280392 0.302814
    47 3.546538 0.208125 1.487114 0.333783 -0.052221 -0.250166
    48 1.218750 0.000000 0.000000 0.000004 -0.007080 -0.610627
    49 0.679688 0.000004 0.000002 0.000001 -0.003641 -0.669685
    50 3.697266 0.273682 0.726563 0.103574 -0.126170 -0.288627
    51 1.748047 -0.000013 0.000001 0.000000 -0.004401 -0.791139
    52 0.956684 0.000004 0.000002 -0.000008 -0.007276 -0.432398
    53 -3.756462 5.577850 2.053357 1.570803 -0.000001 0.000000
    54 -2.735646 -0.081365 5.727119 0.000007 0.000015 1.570796
    55 0.000001 5.662003 -0.974302 1.570804 -0.000001 0.000000
    56 -0.000002 -2.275002 5.113525 0.000000 0.000000 -3.141592
    57 -2.477620 5.416855 4.597564 1.570804 -0.000001 0.000000
    58 -1.515218 1.317776 5.998497 0.000000 0.000000 0.000000
    59 -2.455992 5.657928 -0.087295 1.570804 -0.000001 0.000000
    60 -1.485628 -1.617812 5.263969 0.000000 0.000000 3.141592
    61 3.756460 5.577858 2.053359 1.570803 -0.000001 0.000000
    62 2.735645 -0.081364 5.727116 0.000004 -0.000011 -1.570795
    63 2.477613 5.416855 4.597570 1.570804 -0.000001 0.000000
    64 1.515220 1.317777 5.998508 0.000000 0.000000 0.000000
    65 2.455991 5.657928 -0.087293 1.570804 -0.000001 0.000000
    66 1.485620 -1.617803 5.263973 0.000000 0.000000 -3.141592
    67 4.575642 5.632584 0.000132 0.000000 -1.570771 0.249128
    68 -0.000001 0.314078 5.161098 0.000000 0.000000 0.000000
    69 -0.000001 -0.323108 3.750217 0.000000 0.000000 0.000000
    70 5.734947 1.075212 4.685178 1.570830 -0.000004 -1.321669
    71 -0.753896 0.305901 4.971462 -0.000001 0.000002 0.000000
    72 -1.101006 -0.314705 3.448307 0.000001 0.000001 0.000000
    73 5.809101 -1.029643 4.595047 1.570829 -0.000004 -1.321671
    74 -0.714908 -0.199657 5.028973 0.000000 0.000003 0.000000
    75 -0.282898 -0.851690 4.444889 0.000000 0.000000 0.000000
    76 9.578484 -1.290738 0.000240 0.000000 1.570770 -2.892481
    77 9.369518 -1.236408 1.787905 0.000000 1.570770 -2.892481
    78 9.436707 -1.331719 -1.409029 0.000000 1.570770 -2.892477
    79 5.735191 1.075235 -4.684885 -1.570814 0.000004 1.819923
    80 0.753901 0.305904 4.971474 -0.000001 -0.000002 0.000000
    81 1.101010 -0.314705 3.448315 0.000000 -0.000001 0.000000
    82 5.809341 -1.029617 -4.594752 -1.570814 0.000004 1.819922
    83 0.714908 -0.199655 5.028969 0.000000 -0.000003 0.000000
    84 0.282897 -0.851688 4.444893 0.000000 0.000000 0.000000
  time 28
    0 35.324947 34.810026 36.985705 1.546827 0.037967 -0.066915
    1 3.983847 0.002149 0.003401 -1.581419 -0.570217 -1.581721
    2 15.938816 -0.000100 -0.000005 -0.000009 -0.000002 1.210402
    3 17.707025 -0.000068 0.000003 -0.071430 0.193857 -1.243640
    4 6.202515 0.003416 -0.000367 -0.007306 0.002793 -0.548439
    5 -3.983848 0.002149 0.003395 -1.042348 -0.107973 -1.577261
    6 15.938826 -0.000113 -0.000001 0.000002 0.000010 0.432058
    7 17.707031 0.000018 0.000000 0.013373 0.080150 -1.369331
    8 6.202710 0.003078 0.003745 -0.078650 -0.006183 -0.498948
    9 -0.000001 4.209253 -1.688832 1.570507 -0.027969 1.582775
    10 3.836055 0.000000 0.000000 -0.001151 0.030058 -0.112608
    11 3.617625 -0.000275 -0.000015 -0.001510 0.015848 0.035802
    12 7.537925 0.003588 -0.000212 0.001519 0.007902 0.208145
    13 3.181604 -0.002346 0.000028 3.125194 -0.043499 0.224450
    14 2.966416 0.000318 0.000023 0.059727 -0.003968 0.094733
    15 2.023770 0.904983 0.850949 1.840803 -1.218740 2.684605
    16 4.980521 0.000781 -0.001089 -1.641557 0.085798 -1.053577
    17 11.119977 0.000007 0.000004 -0.000003 -0.136098 -0.448050
    18 11.205393 -0.000039 0.000000 1.564134 -0.411782 0.017991
    19 3.767578 0.152466 0.071350 0.014350 0.037540 -0.177489
    20 2.037109 -0.000002 0.000002 -0.000001 0.005004 -0.888530
    21 1.066406 -0.000001 0.000000 0.000002 0.002790 0.001101
    22 3.783203 -0.017258 0.794434 0.333288 -0.031874 -0.219057
    23 1.628906 0.000000 -0.000001 0.000000 0.005106 -0.697052
    24 0.955566 -0.000002 0.000002 -0.000004 0.003247 -0.272279
    25 1.258789 -0.297852 1.251953 -1.927900 -0.158435 -0.368927
    26 1.392578 0.000004 -0.000004 0.000000 0.002017 0.071902
    27 1.099609 0.000002 -0.000005 -0.000002 -0.295768 0.023714
    28 3.547341 0.197447 -1.485758 -0.323544 0.115347 -0.238381
    29 1.218750 0.000000 0.000000 -0.000004 0.004663 -0.629642
    30 0.679688 -0.000004 0.000002 -0.000001 0.002398 -0.578397
    31 3.697266 0.267334 -0.728516 -0.105269 0.104461 -0.301442
    32 1.748047 0.000002 0.000002 -0.000001 0.002900 -0.623724
    33 0.956684 0.000008 0.000001 0.000015 0.004804 -0.321825
    34 2.023778 0.904982 -0.850921 -1.685284 1.252360 2.925831
    35 4.981625 0.002227 0.003236 1.846648 -0.197003 -1.094499
    36 11.119975 -0.000005 0.000000 0.000001 0.136123 -0.213888
    37 11.205375 0.000073 0.000008 -1.676819 0.409192 -0.126018
    38 3.767578 0.151855 -0.072693 -0.090833 -0.078893 -0.174026
    39 2.036716 -0.000004 0.000000 0.000012 -0.007577 -0.940629
    40 1.066406 0.000003 -0.000001 0.000006 -0.004235 -0.116579
    41 3.783203 -0.023941 -0.794434 -0.344152 -0.088893 -0.269864
    42 1.628906 0.000002 0.000000 0.000002 -0.007731 -0.659761
    43 0.954089 -0.000004 0.000000 0.000004 -0.004923 -0.331344
    44 1.258789 -0.308350 -1.250000 1.738856 0.204802 -0.550002
    45 1.392578 -0.000004 0.000002 0.000004 0.222430 0.216078
    46 1.099609 0.000002 -0.000002 0.000002 0.280392 0.302814
    47 3.546538 0.208125 1.487114 0.333783 -0.052221 -0.250106
    48 1.218750 0.000000 0.000000 0.000004 -0.007080 -0.610627
    49 0.679688 0.000004 0.000002 0.000001 -0.003641 -0.669685
    50 3.697266 0.273682 0.726563 0.103574 -0.126170 -0.288627
    51 1.748047 -0.000013 0.000001 0.000000 -0.004401 -0.791139
    52 0.956684 0.000004 0.000002 -0.000008 -0.007276 -0.432398
    53 -3.756462 5.577850 2.053357 1.570803 -0.000001 0.000000
    54 -2.735646 -0.081365 5.727119 0.000007 0.000015 1.570796
    55 0.000001 5.662003 -0.974302 1.570804 -0.000001 0.000000
    56 -0.000002 -2.275002 5.113525 0.000000 0.000000 -3.141592
    57 -2.477620 5.416855 4.597564 1.570804 -0.000001 0.000000
    58 -1.515218 1.317776 5.998497 0.000000 0.000000 0.000000
    59 -2.455992 5.657928 -0.087295 1.570804 -0.000001 0.000000
    60 -1.485628 -1.617812 5.263969 0.000000 0.000000 3.141592
    61 3.756460 5.577858 2.053359 1.570803 -0.000001 0.000000
    62 2.735645 -0.081364 5.727116 0.000004 -0.000011 -1.570795
    63 2.477613 5.416855 4.597570 1.570804 -0.000001 0.000000
    64 1.515220 1.317777 5.998508 0.000000 0.000000 0.000000
    65 2.455991 5.657928 -0.087293 1.570804 -0.000001 0.000000
    66 1.485620 -1.617803 5.263973 0.000000 0.000000 -3.141592
    67 4.575642 5.632584 0.000132 0.000000 -1.570771 0.249128
    68 -0.000001 0.314078 5.161098 0.000000 0.000000 0.000000
    69 -0.000001 -0.323108 3.750217 0.000000 0.000000 0.000000
    70 5.734947 1.075212 4.685178 1.570830 -0.000004 -1.321669
    71 -0.753896 0.305901 4.971462 -0.000001 0.000002 0.000000
    72 -1.101006 -0.314705 3.448307 0.000001 0.000001 0.000000
    73 5.809101 -1.029643 4.595047 1.570829 -0.000004 -1.321671
    74 -0.714908 -0.199657 5.028973 0.000000 0.000003 0.000000
    75 -0.282898 -0.851690 4.444889 0.000000 0.000000 0.000000
    76 9.578484 -1.290738 0.000240 0.000000 1.570770 -2.892481
    77 9.369518 -1.236408 1.787905 0.000000 1.570770 -2.892481
    78 9.436707 -1.331719 -1.409029 0.000000 1.570770 -2.892477
    79 5.735191 1.075235 -4.684885 -1.570814 0.000004 1.819923
    80 0.753901 0.305904 4.971474 -0.000001 -0.000002 0.000000
    81 1.101010 -0.314705 3.448315 0.000000 -0.000001 0.000000
    82 5.809341 -1.029617 -4.594752 -1.570814 0.000004 1.819922
    83 0.714908 -0.199655 5.028969 0.000000 -0.000003 0.000000
    84 0.282897 -0.851688 4.444893 0.000000 0.000000 0.000000
end
