// Created by Crowbar 0.76
version 1
nodes
  0 "ValveBiped.Bip01_Pelvis" -1
  1 "ValveBiped.Bip01_L_Thigh" 0
  2 "ValveBiped.Bip01_L_Calf" 1
  3 "ValveBiped.Bip01_L_Foot" 2
  4 "ValveBiped.Bip01_L_Toe0" 3
  5 "ValveBiped.Bip01_R_Thigh" 0
  6 "ValveBiped.Bip01_R_Calf" 5
  7 "ValveBiped.Bip01_R_Foot" 6
  8 "ValveBiped.Bip01_R_Toe0" 7
  9 "ValveBiped.Bip01_Spine" 0
  10 "ValveBiped.Bip01_Spine1" 9
  11 "ValveBiped.Bip01_Spine2" 10
  12 "ValveBiped.Bip01_Spine4" 11
  13 "ValveBiped.Bip01_Neck1" 12
  14 "ValveBiped.Bip01_Head1" 13
  15 "ValveBiped.Bip01_L_Clavicle" 12
  16 "ValveBiped.Bip01_L_UpperArm" 15
  17 "ValveBiped.Bip01_L_Forearm" 16
  18 "ValveBiped.Bip01_L_Hand" 17
  19 "ValveBiped.Bip01_L_Finger2" 18
  20 "ValveBiped.Bip01_L_Finger21" 19
  21 "ValveBiped.Bip01_L_Finger22" 20
  22 "ValveBiped.Bip01_L_Finger1" 18
  23 "ValveBiped.Bip01_L_Finger11" 22
  24 "ValveBiped.Bip01_L_Finger12" 23
  25 "ValveBiped.Bip01_L_Finger0" 18
  26 "ValveBiped.Bip01_L_Finger01" 25
  27 "ValveBiped.Bip01_L_Finger02" 26
  28 "ValveBiped.Bip01_L_Finger4" 18
  29 "ValveBiped.Bip01_L_Finger41" 28
  30 "ValveBiped.Bip01_L_Finger42" 29
  31 "ValveBiped.Bip01_L_Finger3" 18
  32 "ValveBiped.Bip01_L_Finger31" 31
  33 "ValveBiped.Bip01_L_Finger32" 32
  34 "ValveBiped.Bip01_R_Clavicle" 12
  35 "ValveBiped.Bip01_R_UpperArm" 34
  36 "ValveBiped.Bip01_R_Forearm" 35
  37 "ValveBiped.Bip01_R_Hand" 36
  38 "ValveBiped.Bip01_R_Finger2" 37
  39 "ValveBiped.Bip01_R_Finger21" 38
  40 "ValveBiped.Bip01_R_Finger22" 39
  41 "ValveBiped.Bip01_R_Finger1" 37
  42 "ValveBiped.Bip01_R_Finger11" 41
  43 "ValveBiped.Bip01_R_Finger12" 42
  44 "ValveBiped.Bip01_R_Finger0" 37
  45 "ValveBiped.Bip01_R_Finger01" 44
  46 "ValveBiped.Bip01_R_Finger02" 45
  47 "ValveBiped.Bip01_R_Finger4" 37
  48 "ValveBiped.Bip01_R_Finger41" 47
  49 "ValveBiped.Bip01_R_Finger42" 48
  50 "ValveBiped.Bip01_R_Finger3" 37
  51 "ValveBiped.Bip01_R_Finger31" 50
  52 "ValveBiped.Bip01_R_Finger32" 51
  53 "ValveBiped.Skirt.R.001" 0
  54 "Skirt2_r" 53
  55 "ValveBiped.Skirt.B" 0
  56 "Skirtb2" 55
  57 "ValveBiped.Skirt.R" 0
  58 "Skirt5_r" 57
  59 "ValveBiped.Skirt.R.002" 0
  60 "Skirt8_r" 59
  61 "ValveBiped.Skirt.L.001" 0
  62 "Skirt2_l" 61
  63 "ValveBiped.Skirt.L" 0
  64 "Skirt5_l" 63
  65 "ValveBiped.Skirt.L.002" 0
  66 "Skirt8_l" 65
  67 "Hair_002" 14
  68 "Hair_001" 67
  69 "Hair_003" 68
  70 "Hair_006_r" 14
  71 "Hair_005_r" 70
  72 "Hair_007_r" 71
  73 "Hair_009_r" 14
  74 "Hair_010_r" 73
  75 "Hair_011_r" 74
  76 "Hair_004" 14
  77 "Hair_005" 14
  78 "Hair_006" 14
  79 "Hair_006_l" 14
  80 "Hair_005_l" 79
  81 "Hair_007_l" 80
  82 "Hair_009_l" 14
  83 "Hair_010_l" 82
  84 "Hair_011_l" 83
end
skeleton
  time 0
    0 -0.004562 -0.523453 37.227900 1.565091 0.037620 -0.154011
    1 3.983847 0.002149 0.003401 -1.697605 -0.409838 -1.386101
    2 15.938816 -0.000100 -0.000005 -0.000009 -0.000002 0.949732
    3 17.707025 -0.000068 0.000003 -0.104882 0.009442 -1.136933
    4 6.202515 0.003416 -0.000367 -0.007521 0.000432 -0.950428
    5 -3.983848 0.002149 0.003395 -1.577926 -0.014533 -1.530516
    6 15.938826 -0.000113 -0.000001 0.000002 0.000010 0.334314
    7 17.707031 0.000018 0.000000 0.094522 0.161865 -1.344359
    8 6.202710 0.003078 0.003745 -0.078363 -0.006231 -0.534600
    9 -0.000001 4.209253 -1.688832 1.594379 -0.027949 1.580043
    10 3.836055 0.000000 0.000000 0.032730 0.030106 -0.112608
    11 3.617625 -0.000275 -0.000015 0.025216 0.016219 0.035802
    12 7.537925 0.003588 -0.000212 0.001543 0.007902 0.208145
    13 3.181604 -0.002346 0.000028 3.125194 -0.043499 0.224450
    14 2.966416 0.000318 0.000023 0.063981 -0.008846 0.112977
    15 2.023770 0.904983 0.850949 1.631352 -1.245938 2.907303
    16 4.980521 0.000781 -0.001089 -1.789762 0.398016 -1.229329
    17 11.119977 0.000007 0.000004 -0.000003 -0.136098 -0.263306
    18 11.205393 -0.000039 0.000000 1.646916 -0.428081 -0.046630
    19 3.767578 0.152466 0.071350 0.091228 0.111866 -0.306500
    20 2.036722 -0.000008 0.000000 0.000004 0.004989 -0.963096
    21 1.066406 -0.000002 -0.000002 -0.000003 0.002792 -0.550461
    22 3.782109 -0.019114 0.794763 0.324456 -0.053696 -0.155151
    23 1.627436 0.000008 0.000000 -0.000002 0.005086 -0.697000
    24 0.955566 -0.000006 0.000000 -0.000003 0.003249 -0.578379
    25 1.258789 -0.297852 1.251953 -1.927891 -0.158425 -0.368982
    26 1.392578 0.000005 -0.000004 0.000000 0.002017 0.071902
    27 1.100942 0.000011 0.000000 0.000005 -0.295767 0.023729
    28 3.547341 0.197447 -1.485758 -0.325312 0.113849 -0.242947
    29 1.218750 0.000004 0.000001 0.000000 0.004666 -1.036462
    30 0.681774 -0.000006 0.000000 -0.000005 0.002402 -0.578394
    31 3.697266 0.267334 -0.728516 -0.120242 0.090683 -0.423538
    32 1.748047 0.000000 -0.000002 -0.000001 0.002902 -0.844486
    33 0.956684 0.000008 0.000001 0.000003 0.004804 -0.764821
    34 2.023778 0.904982 -0.850921 -1.886836 1.215837 2.711411
    35 4.981625 0.002227 0.003236 1.511372 0.007488 -1.024190
    36 11.119975 -0.000005 0.000000 0.000001 0.136123 -0.526971
    37 11.205375 0.000073 0.000008 -1.580661 0.349665 -0.013027
    38 3.767578 0.151855 -0.072693 -0.091153 -0.086648 -0.259292
    39 2.036716 -0.000004 0.000000 0.000000 -0.007577 -1.152243
    40 1.066406 0.000007 0.000002 0.000000 -0.004241 -0.562584
    41 3.780812 -0.024988 -0.795569 -0.312708 -0.016306 -0.057383
    42 1.627434 -0.000011 -0.000001 0.000003 -0.007718 -0.915303
    43 0.954089 -0.000004 0.000000 0.000004 -0.004923 -0.567880
    44 1.258789 -0.308350 -1.250000 1.747969 0.219669 -0.507422
    45 1.392578 -0.000006 0.000002 0.000004 0.222430 0.216078
    46 1.099609 0.000002 -0.000006 0.000001 0.280398 0.302812
    47 3.548828 0.211304 1.487305 0.305524 -0.075300 -0.180333
    48 1.218360 -0.000002 0.000000 0.000010 -0.007083 -1.168838
    49 0.679688 0.000001 -0.000004 0.000000 -0.003643 -0.360285
    50 3.697266 0.273682 0.726563 0.113959 -0.036578 -0.367492
    51 1.748047 -0.000011 0.000000 0.000000 -0.004398 -0.989953
    52 0.959961 0.000005 0.000004 0.000003 -0.007258 -0.733353
    53 -3.756462 5.577850 2.053357 1.570803 -0.000001 0.000000
    54 -2.735646 -0.081365 5.727119 0.000007 0.000015 1.570796
    55 0.000001 5.662003 -0.974302 1.570804 -0.000001 0.000000
    56 -0.000002 -2.275002 5.113525 0.000000 0.000000 -3.141592
    57 -2.477620 5.416855 4.597564 1.570804 -0.000001 0.000000
    58 -1.515218 1.317776 5.998497 0.000000 0.000000 0.000000
    59 -2.455992 5.657928 -0.087295 1.570804 -0.000001 0.000000
    60 -1.485628 -1.617812 5.263969 0.000000 0.000000 3.141592
    61 3.756460 5.577858 2.053359 1.570803 -0.000001 0.000000
    62 2.735645 -0.081364 5.727116 0.000004 -0.000011 -1.570795
    63 2.477613 5.416855 4.597570 1.570804 -0.000001 0.000000
    64 1.515220 1.317777 5.998508 0.000000 0.000000 0.000000
    65 2.455991 5.657928 -0.087293 1.570804 -0.000001 0.000000
    66 1.485620 -1.617803 5.263973 0.000000 0.000000 -3.141592
    67 4.575642 5.632584 0.000132 0.000000 -1.570771 0.249128
    68 -0.000001 0.314078 5.161098 0.000000 0.000000 0.000000
    69 -0.000001 -0.323108 3.750217 0.000000 0.000000 0.000000
    70 5.734947 1.075212 4.685178 1.570830 -0.000004 -1.321669
    71 -0.753896 0.305901 4.971462 -0.000001 0.000002 0.000000
    72 -1.101006 -0.314705 3.448307 0.000001 0.000001 0.000000
    73 5.809101 -1.029643 4.595047 1.570829 -0.000004 -1.321671
    74 -0.714908 -0.199657 5.028973 0.000000 0.000003 0.000000
    75 -0.282898 -0.851690 4.444889 0.000000 0.000000 0.000000
    76 9.578484 -1.290738 0.000240 0.000000 1.570770 -2.892481
    77 9.369518 -1.236408 1.787905 0.000000 1.570770 -2.892481
    78 9.436707 -1.331719 -1.409029 0.000000 1.570770 -2.892477
    79 5.735191 1.075235 -4.684885 -1.570814 0.000004 1.819923
    80 0.753901 0.305904 4.971474 -0.000001 -0.000002 0.000000
    81 1.101010 -0.314705 3.448315 0.000000 -0.000001 0.000000
    82 5.809341 -1.029617 -4.594752 -1.570814 0.000004 1.819922
    83 0.714908 -0.199655 5.028969 0.000000 -0.000003 0.000000
    84 0.282897 -0.851688 4.444893 0.000000 0.000000 0.000000
  time 1
    0 -1.583955 -2.032606 37.188837 1.564516 0.024892 -0.180401
    1 3.983847 0.002149 0.003401 -1.726391 -0.444727 -1.497590
    2 15.938816 -0.000100 -0.000005 -0.000009 -0.000002 0.828737
    3 17.707025 -0.000068 0.000003 -0.039272 -0.017058 -1.217636
    4 6.202515 0.003416 -0.000367 -0.008780 0.000587 -0.729542
    5 -3.983848 0.002149 0.003395 -1.593212 0.015998 -1.505317
    6 15.938826 -0.000113 -0.000001 0.000002 0.000010 0.365048
    7 17.707031 0.000018 0.000000 0.064692 0.169146 -1.354478
    8 6.202710 0.003078 0.003745 -0.077955 -0.006291 -0.589903
    9 -0.000001 4.209253 -1.688832 1.607131 -0.028979 1.574194
    10 3.836055 0.000000 0.000000 0.045685 0.019452 -0.111505
    11 3.617625 -0.000275 -0.000015 0.042090 0.018137 0.035098
    12 7.537925 0.003588 -0.000212 0.001543 0.007962 0.208145
    13 3.181604 -0.002346 0.000028 3.125194 -0.043272 0.224450
    14 2.966416 0.000318 0.000023 0.049240 -0.013568 0.122190
    15 2.023770 0.904983 0.850949 1.630652 -1.246589 2.908028
    16 4.980521 0.000781 -0.001089 -1.810713 0.423115 -1.246144
    17 11.119977 0.000007 0.000004 -0.000003 -0.136098 -0.231572
    18 11.205393 -0.000039 0.000000 1.650470 -0.459972 -0.062953
    19 3.767578 0.152466 0.071350 0.091228 0.111866 -0.306500
    20 2.036722 -0.000008 0.000000 0.000004 0.004989 -0.963096
    21 1.066406 -0.000002 -0.000002 -0.000003 0.002792 -0.550461
    22 3.782109 -0.019114 0.794763 0.324456 -0.053672 -0.155151
    23 1.627436 0.000008 0.000000 -0.000002 0.005086 -0.697000
    24 0.955566 -0.000006 0.000000 -0.000003 0.003249 -0.578379
    25 1.258789 -0.297852 1.251953 -1.927891 -0.158425 -0.368982
    26 1.392578 0.000005 -0.000004 0.000000 0.002017 0.071902
    27 1.100942 0.000011 0.000000 0.000005 -0.295767 0.023716
    28 3.547341 0.197447 -1.485758 -0.325312 0.113849 -0.242888
    29 1.218750 0.000004 0.000001 0.000000 0.004666 -1.036462
    30 0.681774 -0.000006 0.000000 -0.000005 0.002402 -0.578394
    31 3.697266 0.267334 -0.728516 -0.120242 0.090683 -0.423538
    32 1.748047 0.000000 -0.000002 -0.000001 0.002902 -0.844486
    33 0.956684 0.000008 0.000001 0.000003 0.004804 -0.764821
    34 2.023778 0.904982 -0.850921 -1.886628 1.214942 2.711411
    35 4.981625 0.002227 0.003236 1.495119 0.024829 -1.012320
    36 11.119975 -0.000005 0.000000 0.000001 0.136123 -0.586561
    37 11.205375 0.000073 0.000008 -1.592067 0.362524 -0.046488
    38 3.767578 0.151855 -0.072693 -0.091153 -0.086648 -0.259292
    39 2.036716 -0.000004 0.000000 0.000012 -0.007577 -1.152243
    40 1.066406 0.000007 0.000002 0.000000 -0.004241 -0.562584
    41 3.780812 -0.024988 -0.795569 -0.312708 -0.016306 -0.057383
    42 1.627434 -0.000011 -0.000001 0.000003 -0.007718 -0.915303
    43 0.954089 -0.000004 0.000000 0.000004 -0.004923 -0.567880
    44 1.258789 -0.308350 -1.250000 1.747969 0.219669 -0.507422
    45 1.392578 -0.000006 0.000002 0.000004 0.222430 0.216078
    46 1.099609 0.000002 -0.000006 0.000001 0.280398 0.302812
    47 3.548828 0.211304 1.487305 0.305524 -0.075300 -0.180333
    48 1.218360 -0.000002 0.000000 0.000010 -0.007083 -1.168838
    49 0.679688 0.000001 -0.000004 0.000000 -0.003643 -0.360285
    50 3.697266 0.273682 0.726563 0.113959 -0.036578 -0.367492
    51 1.748047 -0.000011 0.000000 0.000000 -0.004398 -0.989953
    52 0.959961 0.000005 0.000004 0.000003 -0.007258 -0.733353
    53 -3.756462 5.577850 2.053357 1.570803 -0.000001 0.000000
    54 -2.735646 -0.081365 5.727119 0.000007 0.000015 1.570796
    55 0.000001 5.662003 -0.974302 1.570804 -0.000001 0.000000
    56 -0.000002 -2.275002 5.113525 0.000000 0.000000 -3.141592
    57 -2.477620 5.416855 4.597564 1.570804 -0.000001 0.000000
    58 -1.515218 1.317776 5.998497 0.000000 0.000000 0.000000
    59 -2.455992 5.657928 -0.087295 1.570804 -0.000001 0.000000
    60 -1.485628 -1.617812 5.263969 0.000000 0.000000 3.141592
    61 3.756460 5.577858 2.053359 1.570803 -0.000001 0.000000
    62 2.735645 -0.081364 5.727116 0.000004 -0.000011 -1.570795
    63 2.477613 5.416855 4.597570 1.570804 -0.000001 0.000000
    64 1.515220 1.317777 5.998508 0.000000 0.000000 0.000000
    65 2.455991 5.657928 -0.087293 1.570804 -0.000001 0.000000
    66 1.485620 -1.617803 5.263973 0.000000 0.000000 -3.141592
    67 4.575642 5.632584 0.000132 0.000000 -1.570771 0.249128
    68 -0.000001 0.314078 5.161098 0.000000 0.000000 0.000000
    69 -0.000001 -0.323108 3.750217 0.000000 0.000000 0.000000
    70 5.734947 1.075212 4.685178 1.570830 -0.000004 -1.321669
    71 -0.753896 0.305901 4.971462 -0.000001 0.000002 0.000000
    72 -1.101006 -0.314705 3.448307 0.000001 0.000001 0.000000
    73 5.809101 -1.029643 4.595047 1.570829 -0.000004 -1.321671
    74 -0.714908 -0.199657 5.028973 0.000000 0.000003 0.000000
    75 -0.282898 -0.851690 4.444889 0.000000 0.000000 0.000000
    76 9.578484 -1.290738 0.000240 0.000000 1.570770 -2.892481
    77 9.369518 -1.236408 1.787905 0.000000 1.570770 -2.892481
    78 9.436707 -1.331719 -1.409029 0.000000 1.570770 -2.892477
    79 5.735191 1.075235 -4.684885 -1.570814 0.000004 1.819923
    80 0.753901 0.305904 4.971474 -0.000001 -0.000002 0.000000
    81 1.101010 -0.314705 3.448315 0.000000 -0.000001 0.000000
    82 5.809341 -1.029617 -4.594752 -1.570814 0.000004 1.819922
    83 0.714908 -0.199655 5.028969 0.000000 -0.000003 0.000000
    84 0.282897 -0.851688 4.444893 0.000000 0.000000 0.000000
  time 2
    0 -3.182879 -3.584729 37.044301 1.559099 0.019487 -0.202063
    1 3.983847 0.002149 0.003401 -1.731331 -0.391638 -1.593701
    2 15.938816 -0.000100 -0.000005 -0.000009 -0.000002 0.586108
    3 17.707025 -0.000068 0.000003 0.010396 -0.007828 -1.253154
    4 6.202515 0.003416 -0.000367 -0.010925 0.000923 -0.516765
    5 -3.983848 0.002149 0.003395 -1.585856 0.056749 -1.477307
    6 15.938826 -0.000113 -0.000001 0.000002 0.000010 0.389295
    7 17.707031 0.000018 0.000000 0.030328 0.163096 -1.354380
    8 6.202710 0.003078 0.003745 -0.077500 -0.006375 -0.654454
    9 -0.000001 4.209253 -1.688832 1.618587 -0.032492 1.571126
    10 3.836055 0.000000 0.000000 0.056291 0.019812 -0.107934
    11 3.617625 -0.000275 -0.000015 0.055932 0.018700 0.036745
    12 7.537925 0.003588 -0.000212 0.001519 0.007722 0.208145
    13 3.181604 -0.002346 0.000028 3.125769 -0.041846 0.224450
    14 2.966416 0.000318 0.000023 0.033852 -0.011567 0.133127
    15 2.023770 0.904983 0.850949 1.641902 -1.246630 2.896064
    16 4.980521 0.000781 -0.001089 -1.849571 0.456985 -1.270756
    17 11.119977 0.000007 0.000004 -0.000003 -0.136098 -0.190460
    18 11.205393 -0.000039 0.000000 1.656472 -0.499903 -0.073919
    19 3.767578 0.152466 0.071350 0.091228 0.111866 -0.306500
    20 2.036722 -0.000008 0.000000 0.000004 0.004989 -0.963096
    21 1.066406 -0.000002 -0.000002 -0.000003 0.002792 -0.550461
    22 3.782109 -0.019114 0.794763 0.324456 -0.053696 -0.155151
    23 1.627436 0.000008 0.000000 -0.000002 0.005086 -0.697049
    24 0.955566 -0.000006 0.000000 -0.000003 0.003249 -0.578379
    25 1.258789 -0.297852 1.251953 -1.927891 -0.158425 -0.368982
    26 1.392578 0.000005 -0.000004 0.000000 0.002017 0.071902
    27 1.100942 0.000011 0.000000 0.000005 -0.295767 0.023729
    28 3.547341 0.197447 -1.485758 -0.325312 0.113849 -0.242947
    29 1.218750 0.000004 0.000001 0.000000 0.004666 -1.036462
    30 0.681774 -0.000006 0.000000 -0.000005 0.002402 -0.578394
    31 3.697266 0.267334 -0.728516 -0.120242 0.090683 -0.423538
    32 1.748047 0.000000 -0.000002 -0.000001 0.002902 -0.844486
    33 0.956684 0.000008 0.000001 0.000003 0.004804 -0.764821
    34 2.023778 0.904982 -0.850921 -1.876399 1.215837 2.722430
    35 4.981625 0.002227 0.003236 1.474274 0.033485 -0.995573
    36 11.119975 -0.000005 0.000000 0.000001 0.136123 -0.694957
    37 11.205375 0.000073 0.000008 -1.649236 0.372136 -0.114033
    38 3.767578 0.151855 -0.072693 -0.091153 -0.086648 -0.259292
    39 2.036716 -0.000004 0.000000 0.000012 -0.007577 -1.152243
    40 1.066406 0.000007 0.000002 0.000000 -0.004241 -0.562584
    41 3.780812 -0.024988 -0.795569 -0.312708 -0.016306 -0.057435
    42 1.627434 -0.000011 -0.000001 0.000003 -0.007718 -0.915250
    43 0.954089 -0.000004 0.000000 0.000004 -0.004923 -0.567880
    44 1.258789 -0.308350 -1.250000 1.747969 0.219669 -0.507422
    45 1.392578 -0.000006 0.000002 0.000004 0.222430 0.216078
    46 1.099609 0.000002 -0.000006 0.000001 0.280398 0.302812
    47 3.548828 0.211304 1.487305 0.305524 -0.075300 -0.180333
    48 1.218360 -0.000002 0.000000 0.000010 -0.007083 -1.168838
    49 0.679688 0.000001 -0.000004 0.000000 -0.003643 -0.360285
    50 3.697266 0.273682 0.726563 0.113959 -0.036578 -0.367492
    51 1.748047 -0.000011 0.000000 0.000000 -0.004398 -0.989953
    52 0.959961 0.000005 0.000004 0.000003 -0.007258 -0.733353
    53 -3.756462 5.577850 2.053357 1.570803 -0.000001 0.000000
    54 -2.735646 -0.081365 5.727119 0.000007 0.000015 1.570796
    55 0.000001 5.662003 -0.974302 1.570804 -0.000001 0.000000
    56 -0.000002 -2.275002 5.113525 0.000000 0.000000 -3.141592
    57 -2.477620 5.416855 4.597564 1.570804 -0.000001 0.000000
    58 -1.515218 1.317776 5.998497 0.000000 0.000000 0.000000
    59 -2.455992 5.657928 -0.087295 1.570804 -0.000001 0.000000
    60 -1.485628 -1.617812 5.263969 0.000000 0.000000 3.141592
    61 3.756460 5.577858 2.053359 1.570803 -0.000001 0.000000
    62 2.735645 -0.081364 5.727116 0.000004 -0.000011 -1.570795
    63 2.477613 5.416855 4.597570 1.570804 -0.000001 0.000000
    64 1.515220 1.317777 5.998508 0.000000 0.000000 0.000000
    65 2.455991 5.657928 -0.087293 1.570804 -0.000001 0.000000
    66 1.485620 -1.617803 5.263973 0.000000 0.000000 -3.141592
    67 4.575642 5.632584 0.000132 0.000000 -1.570771 0.249128
    68 -0.000001 0.314078 5.161098 0.000000 0.000000 0.000000
    69 -0.000001 -0.323108 3.750217 0.000000 0.000000 0.000000
    70 5.734947 1.075212 4.685178 1.570830 -0.000004 -1.321669
    71 -0.753896 0.305901 4.971462 -0.000001 0.000002 0.000000
    72 -1.101006 -0.314705 3.448307 0.000001 0.000001 0.000000
    73 5.809101 -1.029643 4.595047 1.570829 -0.000004 -1.321671
    74 -0.714908 -0.199657 5.028973 0.000000 0.000003 0.000000
    75 -0.282898 -0.851690 4.444889 0.000000 0.000000 0.000000
    76 9.578484 -1.290738 0.000240 0.000000 1.570770 -2.892481
    77 9.369518 -1.236408 1.787905 0.000000 1.570770 -2.892481
    78 9.436707 -1.331719 -1.409029 0.000000 1.570770 -2.892477
    79 5.735191 1.075235 -4.684885 -1.570814 0.000004 1.819923
    80 0.753901 0.305904 4.971474 -0.000001 -0.000002 0.000000
    81 1.101010 -0.314705 3.448315 0.000000 -0.000001 0.000000
    82 5.809341 -1.029617 -4.594752 -1.570814 0.000004 1.819922
    83 0.714908 -0.199655 5.028969 0.000000 -0.000003 0.000000
    84 0.282897 -0.851688 4.444893 0.000000 0.000000 0.000000
  time 3
    0 -4.809148 -5.191541 36.798200 1.550135 0.017042 -0.217783
    1 3.983847 0.002149 0.003401 -1.717651 -0.383717 -1.656642
    2 15.938816 -0.000100 -0.000005 -0.000009 -0.000002 0.487552
    3 17.707025 -0.000068 0.000003 0.033771 0.005750 -1.349703
    4 6.202515 0.003416 -0.000367 -0.012028 0.000456 -0.500547
    5 -3.983848 0.002149 0.003395 -1.560921 0.107634 -1.448923
    6 15.938826 -0.000113 -0.000001 0.000002 0.000010 0.406299
    7 17.707031 0.000018 0.000000 -0.006370 0.150729 -1.344457
    8 6.202710 0.003078 0.003745 -0.076996 -0.006447 -0.728627
    9 -0.000001 4.209253 -1.688832 1.628031 -0.038025 1.569736
    10 3.836055 0.000000 0.000000 0.063866 0.023251 -0.102385
    11 3.617625 -0.000275 -0.000015 0.065820 0.018664 0.041983
    12 7.537925 0.003588 -0.000212 0.001471 0.007434 0.208145
    13 3.181604 -0.002346 0.000028 3.126824 -0.039041 0.224390
    14 2.966416 0.000318 0.000023 0.020501 -0.006497 0.146197
    15 2.023770 0.904983 0.850949 1.653302 -1.246182 2.884190
    16 4.980521 0.000781 -0.001089 -1.867064 0.464879 -1.277812
    17 11.119977 0.000007 0.000004 -0.000003 -0.136098 -0.179025
    18 11.205393 -0.000039 0.000000 1.651910 -0.505291 -0.057176
    19 3.767578 0.152466 0.071350 0.091228 0.111866 -0.306500
    20 2.036722 -0.000008 0.000000 0.000004 0.004989 -0.963096
    21 1.066406 -0.000002 -0.000002 -0.000003 0.002792 -0.550461
    22 3.782109 -0.019114 0.794763 0.324456 -0.053696 -0.155151
    23 1.627436 0.000008 0.000000 -0.000002 0.005086 -0.697000
    24 0.955566 -0.000006 0.000000 -0.000003 0.003249 -0.578379
    25 1.258789 -0.297852 1.251953 -1.927891 -0.158425 -0.368982
    26 1.392578 0.000005 -0.000004 0.000000 0.002017 0.071902
    27 1.100942 0.000011 0.000000 0.000005 -0.295767 0.023716
    28 3.547341 0.197447 -1.485758 -0.325312 0.113849 -0.242888
    29 1.218750 0.000004 0.000001 0.000000 0.004666 -1.036462
    30 0.681774 -0.000006 0.000000 -0.000005 0.002402 -0.578394
    31 3.697266 0.267334 -0.728516 -0.120242 0.090683 -0.423538
    32 1.748047 0.000000 -0.000002 -0.000001 0.002902 -0.844486
    33 0.956684 0.000008 0.000001 0.000015 0.004804 -0.764821
    34 2.023778 0.904982 -0.850921 -1.866900 1.217059 2.732727
    35 4.981625 0.002227 0.003236 1.470920 0.031617 -0.992987
    36 11.119975 -0.000005 0.000000 0.000001 0.136123 -0.736512
    37 11.205375 0.000073 0.000008 -1.691469 0.367042 -0.150167
    38 3.767578 0.151855 -0.072693 -0.091153 -0.086648 -0.259292
    39 2.036716 -0.000004 0.000000 0.000012 -0.007577 -1.152243
    40 1.066406 0.000007 0.000002 0.000000 -0.004241 -0.562584
    41 3.780812 -0.024988 -0.795569 -0.312708 -0.016306 -0.057435
    42 1.627434 -0.000011 -0.000001 0.000003 -0.007718 -0.915250
    43 0.954089 -0.000004 0.000000 0.000004 -0.004923 -0.567880
    44 1.258789 -0.308350 -1.250000 1.747969 0.219669 -0.507422
    45 1.392578 -0.000006 0.000002 0.000004 0.222430 0.216078
    46 1.099609 0.000002 -0.000006 0.000001 0.280398 0.302812
    47 3.548828 0.211304 1.487305 0.305524 -0.075300 -0.180333
    48 1.218360 -0.000002 0.000000 0.000010 -0.007083 -1.168838
    49 0.679688 0.000001 -0.000004 0.000000 -0.003643 -0.360285
    50 3.697266 0.273682 0.726563 0.113959 -0.036578 -0.367492
    51 1.748047 -0.000011 0.000000 0.000000 -0.004398 -0.989953
    52 0.959961 0.000005 0.000004 0.000003 -0.007258 -0.733353
    53 -3.756462 5.577850 2.053357 1.570803 -0.000001 0.000000
    54 -2.735646 -0.081365 5.727119 0.000007 0.000015 1.570796
    55 0.000001 5.662003 -0.974302 1.570804 -0.000001 0.000000
    56 -0.000002 -2.275002 5.113525 0.000000 0.000000 -3.141592
    57 -2.477620 5.416855 4.597564 1.570804 -0.000001 0.000000
    58 -1.515218 1.317776 5.998497 0.000000 0.000000 0.000000
    59 -2.455992 5.657928 -0.087295 1.570804 -0.000001 0.000000
    60 -1.485628 -1.617812 5.263969 0.000000 0.000000 3.141592
    61 3.756460 5.577858 2.053359 1.570803 -0.000001 0.000000
    62 2.735645 -0.081364 5.727116 0.000004 -0.000011 -1.570795
    63 2.477613 5.416855 4.597570 1.570804 -0.000001 0.000000
    64 1.515220 1.317777 5.998508 0.000000 0.000000 0.000000
    65 2.455991 5.657928 -0.087293 1.570804 -0.000001 0.000000
    66 1.485620 -1.617803 5.263973 0.000000 0.000000 -3.141592
    67 4.575642 5.632584 0.000132 0.000000 -1.570771 0.249128
    68 -0.000001 0.314078 5.161098 0.000000 0.000000 0.000000
    69 -0.000001 -0.323108 3.750217 0.000000 0.000000 0.000000
    70 5.734947 1.075212 4.685178 1.570830 -0.000004 -1.321669
    71 -0.753896 0.305901 4.971462 -0.000001 0.000002 0.000000
    72 -1.101006 -0.314705 3.448307 0.000001 0.000001 0.000000
    73 5.809101 -1.029643 4.595047 1.570829 -0.000004 -1.321671
    74 -0.714908 -0.199657 5.028973 0.000000 0.000003 0.000000
    75 -0.282898 -0.851690 4.444889 0.000000 0.000000 0.000000
    76 9.578484 -1.290738 0.000240 0.000000 1.570770 -2.892481
    77 9.369518 -1.236408 1.787905 0.000000 1.570770 -2.892481
    78 9.436707 -1.331719 -1.409029 0.000000 1.570770 -2.892477
    79 5.735191 1.075235 -4.684885 -1.570814 0.000004 1.819923
    80 0.753901 0.305904 4.971474 -0.000001 -0.000002 0.000000
    81 1.101010 -0.314705 3.448315 0.000000 -0.000001 0.000000
    82 5.809341 -1.029617 -4.594752 -1.570814 0.000004 1.819922
    83 0.714908 -0.199655 5.028969 0.000000 -0.000003 0.000000
    84 0.282897 -0.851688 4.444893 0.000000 0.000000 0.000000
  time 4
    0 -6.454949 -6.837417 36.497409 1.540548 0.016431 -0.225259
    1 3.983847 0.002149 0.003401 -1.676325 -0.367296 -1.705726
    2 15.938816 -0.000100 -0.000005 -0.000009 -0.000002 0.401044
    3 17.707025 -0.000068 0.000003 0.050675 -0.016230 -1.396938
    4 6.202515 0.003416 -0.000367 -0.012783 0.000024 -0.500547
    5 -3.983848 0.002149 0.003395 -1.521942 0.163329 -1.419134
    6 15.938826 -0.000113 -0.000001 0.000002 0.000010 0.415243
    7 17.707031 0.000018 0.000000 -0.042434 0.138594 -1.315139
    8 6.202710 0.003078 0.003745 -0.076457 -0.006543 -0.819531
    9 -0.000001 4.209253 -1.688832 1.634455 -0.043638 1.569065
    10 3.836055 0.000000 0.000000 0.067593 0.027134 -0.096728
    11 3.617625 -0.000275 -0.000015 0.070674 0.018029 0.049656
    12 7.537925 0.003588 -0.000212 0.001411 0.007003 0.208145
    13 3.181604 -0.002346 0.000028 3.128549 -0.034643 0.224354
    14 2.966416 0.000318 0.000023 0.010938 -0.000049 0.158723
    15 2.023770 0.904983 0.850949 1.667403 -1.245490 2.869325
    16 4.980521 0.000781 -0.001089 -1.881565 0.462686 -1.280174
    17 11.119977 0.000007 0.000004 -0.000003 -0.136098 -0.172449
    18 11.205393 -0.000039 0.000000 1.640098 -0.500207 -0.019809
    19 3.767578 0.152466 0.071350 0.091228 0.111866 -0.306500
    20 2.036722 -0.000008 0.000000 0.000004 0.004989 -0.963096
    21 1.066406 -0.000002 -0.000002 -0.000003 0.002792 -0.550461
    22 3.782109 -0.019114 0.794763 0.324456 -0.053696 -0.155151
    23 1.627436 0.000008 0.000000 -0.000002 0.005086 -0.697000
    24 0.955566 -0.000006 0.000000 -0.000003 0.003249 -0.578379
    25 1.258789 -0.297852 1.251953 -1.927891 -0.158425 -0.368982
    26 1.392578 0.000005 -0.000004 0.000000 0.002017 0.071902
    27 1.100942 0.000011 0.000000 0.000005 -0.295767 0.023716
    28 3.547341 0.197447 -1.485758 -0.325312 0.113849 -0.242888
    29 1.218750 0.000004 0.000001 0.000000 0.004666 -1.036462
    30 0.681774 -0.000006 0.000000 -0.000005 0.002414 -0.578394
    31 3.697266 0.267334 -0.728516 -0.120242 0.090683 -0.423538
    32 1.748047 0.000000 -0.000002 -0.000001 0.002902 -0.844486
    33 0.956684 0.000008 0.000001 0.000003 0.004804 -0.764821
    34 2.023778 0.904982 -0.850921 -1.854845 1.218850 2.745552
    35 4.981625 0.002227 0.003236 1.472675 0.025488 -0.992429
    36 11.119975 -0.000005 0.000000 0.000001 0.136123 -0.765393
    37 11.205375 0.000073 0.000008 -1.736470 0.354962 -0.184023
    38 3.767578 0.151855 -0.072693 -0.091153 -0.086648 -0.259292
    39 2.036716 -0.000004 0.000000 0.000012 -0.007577 -1.152243
    40 1.066406 0.000007 0.000002 0.000000 -0.004241 -0.562584
    41 3.780812 -0.024988 -0.795569 -0.312708 -0.016306 -0.057383
    42 1.627434 -0.000011 -0.000001 0.000003 -0.007718 -0.915250
    43 0.954089 -0.000004 0.000000 0.000004 -0.004911 -0.567880
    44 1.258789 -0.308350 -1.250000 1.747969 0.219669 -0.507422
    45 1.392578 -0.000006 0.000002 0.000004 0.222430 0.216078
    46 1.099609 0.000002 -0.000006 0.000001 0.280398 0.302812
    47 3.548828 0.211304 1.487305 0.305524 -0.075300 -0.180333
    48 1.218360 -0.000002 0.000000 0.000010 -0.007083 -1.168869
    49 0.679688 0.000001 -0.000004 0.000000 -0.003643 -0.360285
    50 3.697266 0.273682 0.726563 0.113959 -0.036578 -0.367492
    51 1.748047 -0.000011 0.000000 0.000000 -0.004398 -0.989953
    52 0.959961 0.000005 0.000004 0.000003 -0.007258 -0.733353
    53 -3.756462 5.577850 2.053357 1.570803 -0.000001 0.000000
    54 -2.735646 -0.081365 5.727119 0.000007 0.000015 1.570796
    55 0.000001 5.662003 -0.974302 1.570804 -0.000001 0.000000
    56 -0.000002 -2.275002 5.113525 0.000000 0.000000 -3.141592
    57 -2.477620 5.416855 4.597564 1.570804 -0.000001 0.000000
    58 -1.515218 1.317776 5.998497 0.000000 0.000000 0.000000
    59 -2.455992 5.657928 -0.087295 1.570804 -0.000001 0.000000
    60 -1.485628 -1.617812 5.263969 0.000000 0.000000 3.141592
    61 3.756460 5.577858 2.053359 1.570803 -0.000001 0.000000
    62 2.735645 -0.081364 5.727116 0.000004 -0.000011 -1.570795
    63 2.477613 5.416855 4.597570 1.570804 -0.000001 0.000000
    64 1.515220 1.317777 5.998508 0.000000 0.000000 0.000000
    65 2.455991 5.657928 -0.087293 1.570804 -0.000001 0.000000
    66 1.485620 -1.617803 5.263973 0.000000 0.000000 -3.141592
    67 4.575642 5.632584 0.000132 0.000000 -1.570771 0.249128
    68 -0.000001 0.314078 5.161098 0.000000 0.000000 0.000000
    69 -0.000001 -0.323108 3.750217 0.000000 0.000000 0.000000
    70 5.734947 1.075212 4.685178 1.570830 -0.000004 -1.321669
    71 -0.753896 0.305901 4.971462 -0.000001 0.000002 0.000000
    72 -1.101006 -0.314705 3.448307 0.000001 0.000001 0.000000
    73 5.809101 -1.029643 4.595047 1.570829 -0.000004 -1.321671
    74 -0.714908 -0.199657 5.028973 0.000000 0.000003 0.000000
    75 -0.282898 -0.851690 4.444889 0.000000 0.000000 0.000000
    76 9.578484 -1.290738 0.000240 0.000000 1.570770 -2.892481
    77 9.369518 -1.236408 1.787905 0.000000 1.570770 -2.892481
    78 9.436707 -1.331719 -1.409029 0.000000 1.570770 -2.892477
    79 5.735191 1.075235 -4.684885 -1.570814 0.000004 1.819923
    80 0.753901 0.305904 4.971474 -0.000001 -0.000002 0.000000
    81 1.101010 -0.314705 3.448315 0.000000 -0.000001 0.000000
    82 5.809341 -1.029617 -4.594752 -1.570814 0.000004 1.819922
    83 0.714908 -0.199655 5.028969 0.000000 -0.000003 0.000000
    84 0.282897 -0.851688 4.444893 0.000000 0.000000 0.000000
  time 5
    0 -8.120281 -8.506730 36.220057 1.534508 0.015784 -0.223725
    1 3.983847 0.002149 0.003401 -1.613244 -0.361645 -1.741399
    2 15.938816 -0.000100 -0.000005 -0.000009 -0.000002 0.341503
    3 17.707025 -0.000068 0.000003 0.078373 -0.082553 -1.332908
    4 6.202515 0.003416 -0.000367 -0.012759 0.000060 -0.500547
    5 -3.983848 0.002149 0.003395 -1.474269 0.190768 -1.389344
    6 15.938826 -0.000113 -0.000001 0.000002 0.000010 0.460462
    7 17.707031 0.000018 0.000000 -0.069409 0.134704 -1.243272
    8 6.202710 0.003078 0.003745 -0.075606 -0.006651 -0.965060
    9 -0.000001 4.209253 -1.688832 1.637379 -0.047353 1.568682
    10 3.836055 0.000000 0.000000 0.066862 0.029603 -0.093013
    11 3.617625 -0.000275 -0.000015 0.069739 0.016723 0.054612
    12 7.537925 0.003588 -0.000212 0.001208 0.005577 0.208145
    13 3.181604 -0.002346 0.000028 3.130850 -0.028375 0.224258
    14 2.966416 0.000318 0.000023 0.006324 0.007153 0.164804
    15 2.023770 0.904983 0.850949 1.701403 -1.243047 2.833342
    16 4.980521 0.000781 -0.001089 -1.899729 0.444031 -1.271894
    17 11.119977 0.000007 0.000004 -0.000003 -0.136098 -0.172335
    18 11.205393 -0.000039 0.000000 1.611959 -0.455155 0.102830
    19 3.767578 0.152466 0.071350 0.091228 0.111866 -0.306500
    20 2.036722 -0.000008 0.000000 0.000004 0.004989 -0.963096
    21 1.066406 -0.000002 -0.000002 -0.000003 0.002792 -0.550461
    22 3.782109 -0.019114 0.794763 0.324456 -0.053696 -0.155151
    23 1.627436 0.000008 0.000000 -0.000002 0.005086 -0.697049
    24 0.955566 -0.000006 0.000000 -0.000003 0.003249 -0.578379
    25 1.258789 -0.297852 1.251953 -1.927891 -0.158425 -0.368982
    26 1.392578 0.000005 -0.000004 0.000000 0.002017 0.071902
    27 1.100942 0.000011 0.000000 0.000005 -0.295767 0.023729
    28 3.547341 0.197447 -1.485758 -0.325312 0.113849 -0.242888
    29 1.218750 0.000004 0.000001 0.000000 0.004666 -1.036462
    30 0.681774 -0.000006 0.000000 -0.000005 0.002402 -0.578394
    31 3.697266 0.267334 -0.728516 -0.120242 0.090683 -0.423538
    32 1.748047 0.000000 -0.000002 -0.000001 0.002902 -0.844486
    33 0.956684 0.000008 0.000001 0.000003 0.004804 -0.764821
    34 2.023778 0.904982 -0.850921 -1.825202 1.223451 2.777255
    35 4.981625 0.002227 0.003236 1.489650 -0.006473 -0.999715
    36 11.119975 -0.000005 0.000000 0.000001 0.136123 -0.781221
    37 11.205375 0.000073 0.000008 -1.783666 0.315281 -0.235233
    38 3.767578 0.151855 -0.072693 -0.091153 -0.086648 -0.259292
    39 2.036716 -0.000004 0.000000 0.000000 -0.007577 -1.152243
    40 1.066406 0.000007 0.000002 0.000000 -0.004241 -0.562584
    41 3.780812 -0.024988 -0.795569 -0.312708 -0.016306 -0.057435
    42 1.627434 -0.000011 -0.000001 0.000003 -0.007718 -0.915250
    43 0.954089 -0.000004 0.000000 0.000004 -0.004923 -0.567880
    44 1.258789 -0.308350 -1.250000 1.747969 0.219669 -0.507422
    45 1.392578 -0.000006 0.000002 0.000004 0.222430 0.216078
    46 1.099609 0.000002 -0.000006 0.000001 0.280398 0.302812
    47 3.548828 0.211304 1.487305 0.305524 -0.075300 -0.180333
    48 1.218360 -0.000002 0.000000 0.000010 -0.007083 -1.168838
    49 0.679688 0.000001 -0.000004 0.000000 -0.003643 -0.360285
    50 3.697266 0.273682 0.726563 0.113959 -0.036578 -0.367492
    51 1.748047 -0.000011 0.000000 0.000000 -0.004398 -0.989953
    52 0.959961 0.000005 0.000004 0.000003 -0.007258 -0.733353
    53 -3.756462 5.577850 2.053357 1.570803 -0.000001 0.000000
    54 -2.735646 -0.081365 5.727119 0.000007 0.000015 1.570796
    55 0.000001 5.662003 -0.974302 1.570804 -0.000001 0.000000
    56 -0.000002 -2.275002 5.113525 0.000000 0.000000 -3.141592
    57 -2.477620 5.416855 4.597564 1.570804 -0.000001 0.000000
    58 -1.515218 1.317776 5.998497 0.000000 0.000000 0.000000
    59 -2.455992 5.657928 -0.087295 1.570804 -0.000001 0.000000
    60 -1.485628 -1.617812 5.263969 0.000000 0.000000 3.141592
    61 3.756460 5.577858 2.053359 1.570803 -0.000001 0.000000
    62 2.735645 -0.081364 5.727116 0.000004 -0.000011 -1.570795
    63 2.477613 5.416855 4.597570 1.570804 -0.000001 0.000000
    64 1.515220 1.317777 5.998508 0.000000 0.000000 0.000000
    65 2.455991 5.657928 -0.087293 1.570804 -0.000001 0.000000
    66 1.485620 -1.617803 5.263973 0.000000 0.000000 -3.141592
    67 4.575642 5.632584 0.000132 0.000000 -1.570771 0.249128
    68 -0.000001 0.314078 5.161098 0.000000 0.000000 0.000000
    69 -0.000001 -0.323108 3.750217 0.000000 0.000000 0.000000
    70 5.734947 1.075212 4.685178 1.570830 -0.000004 -1.321669
    71 -0.753896 0.305901 4.971462 -0.000001 0.000002 0.000000
    72 -1.101006 -0.314705 3.448307 0.000001 0.000001 0.000000
    73 5.809101 -1.029643 4.595047 1.570829 -0.000004 -1.321671
    74 -0.714908 -0.199657 5.028973 0.000000 0.000003 0.000000
    75 -0.282898 -0.851690 4.444889 0.000000 0.000000 0.000000
    76 9.578484 -1.290738 0.000240 0.000000 1.570770 -2.892481
    77 9.369518 -1.236408 1.787905 0.000000 1.570770 -2.892481
    78 9.436707 -1.331719 -1.409029 0.000000 1.570770 -2.892477
    79 5.735191 1.075235 -4.684885 -1.570814 0.000004 1.819923
    80 0.753901 0.305904 4.971474 -0.000001 -0.000002 0.000000
    81 1.101010 -0.314705 3.448315 0.000000 -0.000001 0.000000
    82 5.809341 -1.029617 -4.594752 -1.570814 0.000004 1.819922
    83 0.714908 -0.199655 5.028969 0.000000 -0.000003 0.000000
    84 0.282897 -0.851688 4.444893 0.000000 0.000000 0.000000
  time 6
    0 -9.777801 -10.191670 36.063802 1.533165 0.013255 -0.213501
    1 3.983847 0.002149 0.003401 -1.550828 -0.374505 -1.761783
    2 15.938816 -0.000100 -0.000005 -0.000009 -0.000002 0.333343
    3 17.707025 -0.000068 0.000003 0.089688 -0.147689 -1.202401
    4 6.202515 0.003416 -0.000367 -0.012124 0.000408 -0.500547
    5 -3.983848 0.002149 0.003395 -1.425545 0.159378 -1.366393
    6 15.938826 -0.000113 -0.000001 0.000002 0.000010 0.597001
    7 17.707031 0.000018 0.000000 -0.082193 0.141236 -1.165697
    8 6.202710 0.003078 0.003745 -0.075462 -0.007082 -1.023638
    9 -0.000001 4.209253 -1.688832 1.636084 -0.048605 1.568058
    10 3.836055 0.000000 0.000000 0.061816 0.028764 -0.091695
    11 3.617625 -0.000275 -0.000015 0.063171 0.014649 0.056048
    12 7.537925 0.003588 -0.000212 0.001076 0.004546 0.208145
    13 3.181604 -0.002346 0.000028 3.134014 -0.019998 0.224174
    14 2.966416 0.000318 0.000023 0.007198 0.016453 0.165757
    15 2.023770 0.904983 0.850949 1.720103 -1.241337 2.813583
    16 4.980521 0.000781 -0.001089 -1.901174 0.426421 -1.260513
    17 11.119977 0.000007 0.000004 -0.000003 -0.136098 -0.177652
    18 11.205393 -0.000039 0.000000 1.612584 -0.422121 0.144332
    19 3.767578 0.152466 0.071350 0.091228 0.111866 -0.306500
    20 2.036722 -0.000008 0.000000 0.000004 0.004989 -0.963096
    21 1.066406 -0.000002 -0.000002 -0.000003 0.002792 -0.550461
    22 3.782109 -0.019114 0.794763 0.324456 -0.053672 -0.155151
    23 1.627436 0.000008 0.000000 -0.000002 0.005086 -0.697000
    24 0.955566 -0.000006 0.000000 -0.000003 0.003249 -0.578379
    25 1.258789 -0.297852 1.251953 -1.927891 -0.158425 -0.368982
    26 1.392578 0.000005 -0.000004 0.000000 0.002017 0.071902
    27 1.100942 0.000011 0.000000 0.000005 -0.295767 0.023729
    28 3.547341 0.197447 -1.485758 -0.325312 0.113849 -0.242947
    29 1.218750 0.000004 0.000001 0.000000 0.004666 -1.036462
    30 0.681774 -0.000006 0.000000 -0.000005 0.002402 -0.578394
    31 3.697266 0.267334 -0.728516 -0.120242 0.090683 -0.423538
    32 1.748047 0.000000 -0.000002 -0.000001 0.002902 -0.844486
    33 0.956684 0.000008 0.000001 0.000015 0.004804 -0.764821
    34 2.023778 0.904982 -0.850921 -1.808345 1.226057 2.795048
    35 4.981625 0.002227 0.003236 1.504200 -0.030932 -1.007825
    36 11.119975 -0.000005 0.000000 0.000001 0.136123 -0.768861
    37 11.205375 0.000073 0.000008 -1.783857 0.291168 -0.249135
    38 3.767578 0.151855 -0.072693 -0.091153 -0.086648 -0.259292
    39 2.036716 -0.000004 0.000000 0.000000 -0.007577 -1.152243
    40 1.066406 0.000007 0.000002 0.000000 -0.004241 -0.562584
    41 3.780812 -0.024988 -0.795569 -0.312708 -0.016306 -0.057383
    42 1.627434 -0.000011 -0.000001 0.000003 -0.007718 -0.915250
    43 0.954089 -0.000004 0.000000 0.000004 -0.004923 -0.567880
    44 1.258789 -0.308350 -1.250000 1.747969 0.219669 -0.507422
    45 1.392578 -0.000006 0.000002 0.000004 0.222430 0.216078
    46 1.099609 0.000002 -0.000006 0.000001 0.280398 0.302812
    47 3.548828 0.211304 1.487305 0.305524 -0.075300 -0.180333
    48 1.218360 -0.000002 0.000000 0.000010 -0.007083 -1.168838
    49 0.679688 0.000001 -0.000004 0.000000 -0.003643 -0.360285
    50 3.697266 0.273682 0.726563 0.113959 -0.036578 -0.367492
    51 1.748047 -0.000011 0.000000 0.000000 -0.004398 -0.989953
    52 0.959961 0.000005 0.000004 0.000003 -0.007258 -0.733353
    53 -3.756462 5.577850 2.053357 1.570803 -0.000001 0.000000
    54 -2.735646 -0.081365 5.727119 0.000007 0.000015 1.570796
    55 0.000001 5.662003 -0.974302 1.570804 -0.000001 0.000000
    56 -0.000002 -2.275002 5.113525 0.000000 0.000000 -3.141592
    57 -2.477620 5.416855 4.597564 1.570804 -0.000001 0.000000
    58 -1.515218 1.317776 5.998497 0.000000 0.000000 0.000000
    59 -2.455992 5.657928 -0.087295 1.570804 -0.000001 0.000000
    60 -1.485628 -1.617812 5.263969 0.000000 0.000000 3.141592
    61 3.756460 5.577858 2.053359 1.570803 -0.000001 0.000000
    62 2.735645 -0.081364 5.727116 0.000004 -0.000011 -1.570795
    63 2.477613 5.416855 4.597570 1.570804 -0.000001 0.000000
    64 1.515220 1.317777 5.998508 0.000000 0.000000 0.000000
    65 2.455991 5.657928 -0.087293 1.570804 -0.000001 0.000000
    66 1.485620 -1.617803 5.263973 0.000000 0.000000 -3.141592
    67 4.575642 5.632584 0.000132 0.000000 -1.570771 0.249128
    68 -0.000001 0.314078 5.161098 0.000000 0.000000 0.000000
    69 -0.000001 -0.323108 3.750217 0.000000 0.000000 0.000000
    70 5.734947 1.075212 4.685178 1.570830 -0.000004 -1.321669
    71 -0.753896 0.305901 4.971462 -0.000001 0.000002 0.000000
    72 -1.101006 -0.314705 3.448307 0.000001 0.000001 0.000000
    73 5.809101 -1.029643 4.595047 1.570829 -0.000004 -1.321671
    74 -0.714908 -0.199657 5.028973 0.000000 0.000003 0.000000
    75 -0.282898 -0.851690 4.444889 0.000000 0.000000 0.000000
    76 9.578484 -1.290738 0.000240 0.000000 1.570770 -2.892481
    77 9.369518 -1.236408 1.787905 0.000000 1.570770 -2.892481
    78 9.436707 -1.331719 -1.409029 0.000000 1.570770 -2.892477
    79 5.735191 1.075235 -4.684885 -1.570814 0.000004 1.819923
    80 0.753901 0.305904 4.971474 -0.000001 -0.000002 0.000000
    81 1.101010 -0.314705 3.448315 0.000000 -0.000001 0.000000
    82 5.809341 -1.029617 -4.594752 -1.570814 0.000004 1.819922
    83 0.714908 -0.199655 5.028969 0.000000 -0.000003 0.000000
    84 0.282897 -0.851688 4.444893 0.000000 0.000000 0.000000
  time 7
    0 -11.443134 -11.884422 36.040364 1.537384 0.000431 -0.195801
    1 3.983847 0.002149 0.003401 -1.498958 -0.401917 -1.769651
    2 15.938816 -0.000100 -0.000005 -0.000009 -0.000002 0.415324
    3 17.707025 -0.000068 0.000003 0.073775 -0.187788 -1.147824
    4 6.202515 0.003416 -0.000367 -0.011536 0.000695 -0.500547
    5 -3.983848 0.002149 0.003395 -1.383032 0.112444 -1.366862
    6 15.938826 -0.000113 -0.000001 0.000002 0.000010 0.718426
    7 17.707031 0.000018 0.000000 -0.083145 0.144716 -1.085592
    8 6.202710 0.003078 0.003745 -0.075846 -0.007645 -1.023638
    9 -0.000001 4.209253 -1.688832 1.630716 -0.047797 1.563840
    10 3.836055 0.000000 0.000000 0.053211 0.016732 -0.092594
    11 3.617625 -0.000275 -0.000015 0.051966 0.011737 0.055119
    12 7.537925 0.003588 -0.000212 0.000896 0.003347 0.208133
    13 3.181604 -0.002346 0.000028 3.138329 -0.009319 0.224138
    14 2.966416 0.000318 0.000023 0.014173 0.025693 0.163488
    15 2.023770 0.904983 0.850949 1.739203 -1.239220 2.793189
    16 4.980521 0.000781 -0.001089 -1.898491 0.401255 -1.242588
    17 11.119977 0.000007 0.000004 -0.000003 -0.136098 -0.190632
    18 11.205393 -0.000039 0.000000 1.618922 -0.392297 0.152782
    19 3.767578 0.152466 0.071350 0.091228 0.111866 -0.306500
    20 2.036722 -0.000008 0.000000 0.000004 0.004989 -0.963096
    21 1.066406 -0.000002 -0.000002 -0.000003 0.002792 -0.550461
    22 3.782109 -0.019114 0.794763 0.324456 -0.053672 -0.155151
    23 1.627436 0.000008 0.000000 -0.000002 0.005086 -0.697000
    24 0.955566 -0.000006 0.000000 -0.000003 0.003249 -0.578379
    25 1.258789 -0.297852 1.251953 -1.927891 -0.158425 -0.368982
    26 1.392578 0.000005 -0.000004 0.000000 0.002017 0.071902
    27 1.100942 0.000011 0.000000 0.000005 -0.295767 0.023716
    28 3.547341 0.197447 -1.485758 -0.325312 0.113849 -0.242888
    29 1.218750 0.000004 0.000001 0.000000 0.004666 -1.036462
    30 0.681774 -0.000006 0.000000 -0.000005 0.002402 -0.578394
    31 3.697266 0.267334 -0.728516 -0.120242 0.090683 -0.423538
    32 1.748047 0.000000 -0.000002 -0.000001 0.002902 -0.844486
    33 0.956684 0.000008 0.000001 0.000015 0.004804 -0.764821
    34 2.023778 0.904982 -0.850921 -1.790914 1.229029 2.813654
    35 4.981625 0.002227 0.003236 1.521073 -0.057754 -1.020077
    36 11.119975 -0.000005 0.000000 0.000001 0.136123 -0.742251
    37 11.205375 0.000073 0.000008 -1.773502 0.267990 -0.252515
    38 3.767578 0.151855 -0.072693 -0.091153 -0.086648 -0.259292
    39 2.036716 -0.000004 0.000000 0.000012 -0.007577 -1.152243
    40 1.066406 0.000007 0.000002 0.000000 -0.004241 -0.562584
    41 3.780812 -0.024988 -0.795569 -0.312708 -0.016306 -0.057435
    42 1.627434 -0.000011 -0.000001 0.000003 -0.007718 -0.915250
    43 0.954089 -0.000004 0.000000 0.000004 -0.004923 -0.567880
    44 1.258789 -0.308350 -1.250000 1.747969 0.219669 -0.507422
    45 1.392578 -0.000006 0.000002 0.000004 0.222430 0.216078
    46 1.099609 0.000002 -0.000006 0.000001 0.280398 0.302812
    47 3.548828 0.211304 1.487305 0.305524 -0.075300 -0.180333
    48 1.218360 -0.000002 0.000000 0.000010 -0.007083 -1.168838
    49 0.679688 0.000001 -0.000004 0.000000 -0.003643 -0.360285
    50 3.697266 0.273682 0.726563 0.113959 -0.036578 -0.367492
    51 1.748047 -0.000011 0.000000 0.000000 -0.004398 -0.989953
    52 0.959961 0.000005 0.000004 0.000003 -0.007258 -0.733353
    53 -3.756462 5.577850 2.053357 1.570803 -0.000001 0.000000
    54 -2.735646 -0.081365 5.727119 0.000007 0.000015 1.570796
    55 0.000001 5.662003 -0.974302 1.570804 -0.000001 0.000000
    56 -0.000002 -2.275002 5.113525 0.000000 0.000000 -3.141592
    57 -2.477620 5.416855 4.597564 1.570804 -0.000001 0.000000
    58 -1.515218 1.317776 5.998497 0.000000 0.000000 0.000000
    59 -2.455992 5.657928 -0.087295 1.570804 -0.000001 0.000000
    60 -1.485628 -1.617812 5.263969 0.000000 0.000000 3.141592
    61 3.756460 5.577858 2.053359 1.570803 -0.000001 0.000000
    62 2.735645 -0.081364 5.727116 0.000004 -0.000011 -1.570795
    63 2.477613 5.416855 4.597570 1.570804 -0.000001 0.000000
    64 1.515220 1.317777 5.998508 0.000000 0.000000 0.000000
    65 2.455991 5.657928 -0.087293 1.570804 -0.000001 0.000000
    66 1.485620 -1.617803 5.263973 0.000000 0.000000 -3.141592
    67 4.575642 5.632584 0.000132 0.000000 -1.570771 0.249128
    68 -0.000001 0.314078 5.161098 0.000000 0.000000 0.000000
    69 -0.000001 -0.323108 3.750217 0.000000 0.000000 0.000000
    70 5.734947 1.075212 4.685178 1.570830 -0.000004 -1.321669
    71 -0.753896 0.305901 4.971462 -0.000001 0.000002 0.000000
    72 -1.101006 -0.314705 3.448307 0.000001 0.000001 0.000000
    73 5.809101 -1.029643 4.595047 1.570829 -0.000004 -1.321671
    74 -0.714908 -0.199657 5.028973 0.000000 0.000003 0.000000
    75 -0.282898 -0.851690 4.444889 0.000000 0.000000 0.000000
    76 9.578484 -1.290738 0.000240 0.000000 1.570770 -2.892481
    77 9.369518 -1.236408 1.787905 0.000000 1.570770 -2.892481
    78 9.436707 -1.331719 -1.409029 0.000000 1.570770 -2.892477
    79 5.735191 1.075235 -4.684885 -1.570814 0.000004 1.819923
    80 0.753901 0.305904 4.971474 -0.000001 -0.000002 0.000000
    81 1.101010 -0.314705 3.448315 0.000000 -0.000001 0.000000
    82 5.809341 -1.029617 -4.594752 -1.570814 0.000004 1.819922
    83 0.714908 -0.199655 5.028969 0.000000 -0.000003 0.000000
    84 0.282897 -0.851688 4.444893 0.000000 0.000000 0.000000
  time 8
    0 -13.104560 -13.573268 36.145836 1.547163 -0.028547 -0.172414
    1 3.983847 0.002149 0.003401 -1.457347 -0.400627 -1.775105
    2 15.938816 -0.000100 -0.000005 -0.000009 -0.000002 0.493927
    3 17.707025 -0.000068 0.000003 0.042856 -0.198694 -1.155778
    4 6.202515 0.003416 -0.000367 -0.011213 0.000911 -0.500547
    5 -3.983848 0.002149 0.003395 -1.353129 0.038413 -1.406206
    6 15.938826 -0.000113 -0.000001 0.000002 0.000010 0.832104
    7 17.707031 0.000018 0.000000 -0.073421 0.131920 -1.025497
    8 6.202710 0.003078 0.003745 -0.076110 -0.008125 -1.023621
    9 -0.000001 4.209253 -1.688832 1.621655 -0.045092 1.553917
    10 3.836055 0.000000 0.000000 0.041802 -0.010797 -0.095386
    11 3.617625 -0.000275 -0.000015 0.037045 0.007866 0.052345
    12 7.537925 0.003588 -0.000212 0.000465 0.000291 0.208133
    13 3.181604 -0.002346 0.000028 3.142739 0.003468 0.224138
    14 2.966416 0.000318 0.000023 0.027201 0.033891 0.155682
    15 2.023770 0.904983 0.850949 1.775903 -1.234090 2.754306
    16 4.980521 0.000781 -0.001089 -1.879552 0.330006 -1.182382
    17 11.119977 0.000007 0.000004 -0.000003 -0.136098 -0.233973
    18 11.205393 -0.000039 0.000000 1.616761 -0.355748 0.145291
    19 3.767578 0.152466 0.071350 0.091228 0.111866 -0.306500
    20 2.036722 -0.000008 0.000000 0.000004 0.004989 -0.963096
    21 1.066406 -0.000002 -0.000002 -0.000003 0.002792 -0.550461
    22 3.782109 -0.019114 0.794763 0.324456 -0.053672 -0.155151
    23 1.627436 0.000008 0.000000 -0.000002 0.005086 -0.697000
    24 0.955566 -0.000006 0.000000 -0.000003 0.003249 -0.578379
    25 1.258789 -0.297852 1.251953 -1.927891 -0.158425 -0.368982
    26 1.392578 0.000005 -0.000004 0.000000 0.002017 0.071902
    27 1.100942 0.000011 0.000000 0.000005 -0.295767 0.023729
    28 3.547341 0.197447 -1.485758 -0.325312 0.113849 -0.242888
    29 1.218750 0.000004 0.000001 0.000000 0.004666 -1.036462
    30 0.681774 -0.000006 0.000000 -0.000005 0.002402 -0.578394
    31 3.697266 0.267334 -0.728516 -0.120242 0.090683 -0.423538
    32 1.748047 0.000000 -0.000002 -0.000001 0.002902 -0.844486
    33 0.956684 0.000008 0.000001 0.000003 0.004804 -0.764821
    34 2.023778 0.904982 -0.850921 -1.755634 1.235300 2.851137
    35 4.981625 0.002227 0.003236 1.557190 -0.113404 -1.060740
    36 11.119975 -0.000005 0.000000 0.000001 0.136123 -0.632404
    37 11.205375 0.000073 0.000008 -1.737663 0.249749 -0.200262
    38 3.767578 0.151855 -0.072693 -0.091153 -0.086648 -0.259292
    39 2.036716 -0.000004 0.000000 0.000000 -0.007577 -1.152243
    40 1.066406 0.000007 0.000002 0.000000 -0.004241 -0.562584
    41 3.780812 -0.024988 -0.795569 -0.312708 -0.016306 -0.057383
    42 1.627434 -0.000011 -0.000001 0.000003 -0.007718 -0.915276
    43 0.954089 -0.000004 0.000000 0.000004 -0.004923 -0.567880
    44 1.258789 -0.308350 -1.250000 1.747969 0.219669 -0.507422
    45 1.392578 -0.000006 0.000002 0.000004 0.222430 0.216078
    46 1.099609 0.000002 -0.000006 0.000001 0.280398 0.302812
    47 3.548828 0.211304 1.487305 0.305524 -0.075300 -0.180333
    48 1.218360 -0.000002 0.000000 0.000010 -0.007083 -1.168838
    49 0.679688 0.000001 -0.000004 0.000000 -0.003643 -0.360285
    50 3.697266 0.273682 0.726563 0.113959 -0.036578 -0.367492
    51 1.748047 -0.000011 0.000000 0.000000 -0.004398 -0.989953
    52 0.959961 0.000005 0.000004 0.000003 -0.007258 -0.733353
    53 -3.756462 5.577850 2.053357 1.570803 -0.000001 0.000000
    54 -2.735646 -0.081365 5.727119 0.000007 0.000015 1.570796
    55 0.000001 5.662003 -0.974302 1.570804 -0.000001 0.000000
    56 -0.000002 -2.275002 5.113525 0.000000 0.000000 -3.141592
    57 -2.477620 5.416855 4.597564 1.570804 -0.000001 0.000000
    58 -1.515218 1.317776 5.998497 0.000000 0.000000 0.000000
    59 -2.455992 5.657928 -0.087295 1.570804 -0.000001 0.000000
    60 -1.485628 -1.617812 5.263969 0.000000 0.000000 3.141592
    61 3.756460 5.577858 2.053359 1.570803 -0.000001 0.000000
    62 2.735645 -0.081364 5.727116 0.000004 -0.000011 -1.570795
    63 2.477613 5.416855 4.597570 1.570804 -0.000001 0.000000
    64 1.515220 1.317777 5.998508 0.000000 0.000000 0.000000
    65 2.455991 5.657928 -0.087293 1.570804 -0.000001 0.000000
    66 1.485620 -1.617803 5.263973 0.000000 0.000000 -3.141592
    67 4.575642 5.632584 0.000132 0.000000 -1.570771 0.249128
    68 -0.000001 0.314078 5.161098 0.000000 0.000000 0.000000
    69 -0.000001 -0.323108 3.750217 0.000000 0.000000 0.000000
    70 5.734947 1.075212 4.685178 1.570830 -0.000004 -1.321669
    71 -0.753896 0.305901 4.971462 -0.000001 0.000002 0.000000
    72 -1.101006 -0.314705 3.448307 0.000001 0.000001 0.000000
    73 5.809101 -1.029643 4.595047 1.570829 -0.000004 -1.321671
    74 -0.714908 -0.199657 5.028973 0.000000 0.000003 0.000000
    75 -0.282898 -0.851690 4.444889 0.000000 0.000000 0.000000
    76 9.578484 -1.290738 0.000240 0.000000 1.570770 -2.892481
    77 9.369518 -1.236408 1.787905 0.000000 1.570770 -2.892481
    78 9.436707 -1.331719 -1.409029 0.000000 1.570770 -2.892477
    79 5.735191 1.075235 -4.684885 -1.570814 0.000004 1.819923
    80 0.753901 0.305904 4.971474 -0.000001 -0.000002 0.000000
    81 1.101010 -0.314705 3.448315 0.000000 -0.000001 0.000000
    82 5.809341 -1.029617 -4.594752 -1.570814 0.000004 1.819922
    83 0.714908 -0.199655 5.028969 0.000000 -0.000003 0.000000
    84 0.282897 -0.851688 4.444893 0.000000 0.000000 0.000000
  time 9
    0 -14.754267 -15.223050 36.360686 1.558188 -0.061517 -0.144937
    1 3.983847 0.002149 0.003401 -1.421152 -0.360755 -1.778592
    2 15.938816 -0.000100 -0.000005 -0.000009 -0.000002 0.507187
    3 17.707025 -0.000068 0.000003 0.009019 -0.190207 -1.194845
    4 6.202515 0.003416 -0.000367 -0.011141 0.000923 -0.500547
    5 -3.983848 0.002149 0.003395 -1.330200 -0.060566 -1.479837
    6 15.938826 -0.000113 -0.000001 0.000002 0.000010 0.941310
    7 17.707031 0.000018 0.000000 -0.060886 0.089680 -1.011098
    8 6.202710 0.003078 0.003745 -0.076182 -0.008233 -1.023621
    9 -0.000001 4.209253 -1.688832 1.609959 -0.040973 1.543035
    10 3.836055 0.000000 0.000000 0.028331 -0.041561 -0.099605
    11 3.617625 -0.000275 -0.000015 0.019415 0.003000 0.048135
    12 7.537925 0.003588 -0.000212 0.000213 -0.001362 0.208133
    13 3.181604 -0.002346 0.000028 3.148299 0.017754 0.224138
    14 2.966416 0.000318 0.000023 0.042865 0.043574 0.140298
    15 2.023770 0.904983 0.850949 1.792403 -1.231158 2.736631
    16 4.980521 0.000781 -0.001089 -1.861439 0.288445 -1.145450
    17 11.119977 0.000007 0.000004 -0.000003 -0.136098 -0.267251
    18 11.205393 -0.000039 0.000000 1.609318 -0.352658 0.132084
    19 3.767578 0.152466 0.071350 0.091228 0.111866 -0.306500
    20 2.036722 -0.000008 0.000000 0.000004 0.004989 -0.963096
    21 1.066406 -0.000002 -0.000002 -0.000003 0.002792 -0.550461
    22 3.782109 -0.019114 0.794763 0.324456 -0.053696 -0.155151
    23 1.627436 0.000008 0.000000 -0.000002 0.005086 -0.697049
    24 0.955566 -0.000006 0.000000 -0.000003 0.003249 -0.578379
    25 1.258789 -0.297852 1.251953 -1.927891 -0.158425 -0.368982
    26 1.392578 0.000005 -0.000004 0.000000 0.002017 0.071902
    27 1.100942 0.000011 0.000000 0.000005 -0.295767 0.023716
    28 3.547341 0.197447 -1.485758 -0.325312 0.113849 -0.242947
    29 1.218750 0.000004 0.000001 0.000000 0.004666 -1.036462
    30 0.681774 -0.000006 0.000000 -0.000005 0.002402 -0.578394
    31 3.697266 0.267334 -0.728516 -0.120242 0.090683 -0.423538
    32 1.748047 0.000000 -0.000002 -0.000001 0.002902 -0.844486
    33 0.956684 0.000008 0.000001 0.000015 0.004804 -0.764821
    34 2.023778 0.904982 -0.850921 -1.739038 1.238557 2.869020
    35 4.981625 0.002227 0.003236 1.574785 -0.142892 -1.084363
    36 11.119975 -0.000005 0.000000 0.000001 0.136123 -0.556608
    37 11.205375 0.000073 0.000008 -1.714614 0.252541 -0.147782
    38 3.767578 0.151855 -0.072693 -0.091153 -0.086648 -0.259292
    39 2.036716 -0.000004 0.000000 0.000012 -0.007577 -1.152243
    40 1.066406 0.000007 0.000002 0.000000 -0.004241 -0.562584
    41 3.780812 -0.024988 -0.795569 -0.312708 -0.016306 -0.057435
    42 1.627434 -0.000011 -0.000001 0.000003 -0.007718 -0.915250
    43 0.954089 -0.000004 0.000000 0.000004 -0.004923 -0.567880
    44 1.258789 -0.308350 -1.250000 1.747969 0.219669 -0.507422
    45 1.392578 -0.000006 0.000002 0.000004 0.222430 0.216078
    46 1.099609 0.000002 -0.000006 0.000001 0.280398 0.302812
    47 3.548828 0.211304 1.487305 0.305524 -0.075300 -0.180333
    48 1.218360 -0.000002 0.000000 0.000010 -0.007083 -1.168838
    49 0.679688 0.000001 -0.000004 0.000000 -0.003643 -0.360285
    50 3.697266 0.273682 0.726563 0.113959 -0.036578 -0.367492
    51 1.748047 -0.000011 0.000000 0.000000 -0.004398 -0.989953
    52 0.959961 0.000005 0.000004 0.000003 -0.007258 -0.733353
    53 -3.756462 5.577850 2.053357 1.570803 -0.000001 0.000000
    54 -2.735646 -0.081365 5.727119 0.000007 0.000015 1.570796
    55 0.000001 5.662003 -0.974302 1.570804 -0.000001 0.000000
    56 -0.000002 -2.275002 5.113525 0.000000 0.000000 -3.141592
    57 -2.477620 5.416855 4.597564 1.570804 -0.000001 0.000000
    58 -1.515218 1.317776 5.998497 0.000000 0.000000 0.000000
    59 -2.455992 5.657928 -0.087295 1.570804 -0.000001 0.000000
    60 -1.485628 -1.617812 5.263969 0.000000 0.000000 3.141592
    61 3.756460 5.577858 2.053359 1.570803 -0.000001 0.000000
    62 2.735645 -0.081364 5.727116 0.000004 -0.000011 -1.570795
    63 2.477613 5.416855 4.597570 1.570804 -0.000001 0.000000
    64 1.515220 1.317777 5.998508 0.000000 0.000000 0.000000
    65 2.455991 5.657928 -0.087293 1.570804 -0.000001 0.000000
    66 1.485620 -1.617803 5.263973 0.000000 0.000000 -3.141592
    67 4.575642 5.632584 0.000132 0.000000 -1.570771 0.249128
    68 -0.000001 0.314078 5.161098 0.000000 0.000000 0.000000
    69 -0.000001 -0.323108 3.750217 0.000000 0.000000 0.000000
    70 5.734947 1.075212 4.685178 1.570830 -0.000004 -1.321669
    71 -0.753896 0.305901 4.971462 -0.000001 0.000002 0.000000
    72 -1.101006 -0.314705 3.448307 0.000001 0.000001 0.000000
    73 5.809101 -1.029643 4.595047 1.570829 -0.000004 -1.321671
    74 -0.714908 -0.199657 5.028973 0.000000 0.000003 0.000000
    75 -0.282898 -0.851690 4.444889 0.000000 0.000000 0.000000
    76 9.578484 -1.290738 0.000240 0.000000 1.570770 -2.892481
    77 9.369518 -1.236408 1.787905 0.000000 1.570770 -2.892481
    78 9.436707 -1.331719 -1.409029 0.000000 1.570770 -2.892477
    79 5.735191 1.075235 -4.684885 -1.570814 0.000004 1.819923
    80 0.753901 0.305904 4.971474 -0.000001 -0.000002 0.000000
    81 1.101010 -0.314705 3.448315 0.000000 -0.000001 0.000000
    82 5.809341 -1.029617 -4.594752 -1.570814 0.000004 1.819922
    83 0.714908 -0.199655 5.028969 0.000000 -0.000003 0.000000
    84 0.282897 -0.851688 4.444893 0.000000 0.000000 0.000000
  time 10
    0 -16.396161 -16.841581 36.677102 1.566098 -0.077301 -0.114521
    1 3.983847 0.002149 0.003401 -1.386761 -0.296808 -1.758833
    2 15.938816 -0.000100 -0.000005 -0.000009 -0.000002 0.477990
    3 17.707025 -0.000068 0.000003 -0.024846 -0.176586 -1.233728
    4 6.202515 0.003416 -0.000367 -0.011141 0.000923 -0.500547
    5 -3.983848 0.002149 0.003395 -1.304023 -0.172857 -1.572952
    6 15.938826 -0.000113 -0.000001 0.000002 0.000010 1.025955
    7 17.707031 0.000018 0.000000 -0.044520 0.012373 -1.026341
    8 6.202710 0.003078 0.003745 -0.076002 -0.007969 -1.023621
    9 -0.000001 4.209253 -1.688832 1.596776 -0.036288 1.539057
    10 3.836055 0.000000 0.000000 0.013423 -0.055535 -0.104422
    11 3.617625 -0.000275 -0.000015 0.000012 -0.002656 0.043334
    12 7.537925 0.003588 -0.000212 0.000009 -0.003016 0.208133
    13 3.181604 -0.002346 0.000028 3.153572 0.031740 0.224306
    14 2.966416 0.000318 0.000023 0.057881 0.057417 0.129133
    15 2.023770 0.904983 0.850949 1.807253 -1.228227 2.720770
    16 4.980521 0.000781 -0.001089 -1.837289 0.246411 -1.111051
    17 11.119977 0.000007 0.000004 -0.000003 -0.136098 -0.309506
    18 11.205393 -0.000039 0.000000 1.599331 -0.356173 0.113520
    19 3.767578 0.152466 0.071350 0.091228 0.111866 -0.306500
    20 2.036722 -0.000008 0.000000 0.000004 0.004989 -0.963096
    21 1.066406 -0.000002 -0.000002 -0.000003 0.002792 -0.550461
    22 3.782109 -0.019114 0.794763 0.324456 -0.053696 -0.155151
    23 1.627436 0.000008 0.000000 -0.000002 0.005086 -0.697000
    24 0.955566 -0.000006 0.000000 -0.000003 0.003249 -0.578379
    25 1.258789 -0.297852 1.251953 -1.927891 -0.158425 -0.368982
    26 1.392578 0.000005 -0.000004 0.000000 0.002017 0.071902
    27 1.100942 0.000011 0.000000 0.000005 -0.295767 0.023716
    28 3.547341 0.197447 -1.485758 -0.325312 0.113849 -0.242947
    29 1.218750 0.000004 0.000001 0.000000 0.004666 -1.036462
    30 0.681774 -0.000006 0.000000 -0.000005 0.002402 -0.578394
    31 3.697266 0.267334 -0.728516 -0.120242 0.090683 -0.423538
    32 1.748047 0.000000 -0.000002 -0.000001 0.002902 -0.844486
    33 0.956684 0.000008 0.000001 0.000027 0.004804 -0.764821
    34 2.023778 0.904982 -0.850921 -1.723486 1.241773 2.885368
    35 4.981625 0.002227 0.003236 1.592018 -0.173287 -1.104489
    36 11.119975 -0.000005 0.000000 0.000001 0.136123 -0.479362
    37 11.205375 0.000073 0.000008 -1.695907 0.264826 -0.109791
    38 3.767578 0.151855 -0.072693 -0.091153 -0.086648 -0.259292
    39 2.036716 -0.000004 0.000000 0.000012 -0.007577 -1.152243
    40 1.066406 0.000007 0.000002 0.000000 -0.004241 -0.562584
    41 3.780812 -0.024988 -0.795569 -0.312708 -0.016306 -0.057435
    42 1.627434 -0.000011 -0.000001 0.000003 -0.007718 -0.915250
    43 0.954089 -0.000004 0.000000 0.000004 -0.004923 -0.567880
    44 1.258789 -0.308350 -1.250000 1.747969 0.219669 -0.507422
    45 1.392578 -0.000006 0.000002 0.000004 0.222430 0.216078
    46 1.099609 0.000002 -0.000006 0.000001 0.280398 0.302812
    47 3.548828 0.211304 1.487305 0.305524 -0.075300 -0.180333
    48 1.218360 -0.000002 0.000000 0.000010 -0.007083 -1.168838
    49 0.679688 0.000001 -0.000004 0.000000 -0.003643 -0.360285
    50 3.697266 0.273682 0.726563 0.113959 -0.036578 -0.367492
    51 1.748047 -0.000011 0.000000 0.000000 -0.004398 -0.989953
    52 0.959961 0.000005 0.000004 0.000003 -0.007258 -0.733353
    53 -3.756462 5.577850 2.053357 1.570803 -0.000001 0.000000
    54 -2.735646 -0.081365 5.727119 0.000007 0.000015 1.570796
    55 0.000001 5.662003 -0.974302 1.570804 -0.000001 0.000000
    56 -0.000002 -2.275002 5.113525 0.000000 0.000000 -3.141592
    57 -2.477620 5.416855 4.597564 1.570804 -0.000001 0.000000
    58 -1.515218 1.317776 5.998497 0.000000 0.000000 0.000000
    59 -2.455992 5.657928 -0.087295 1.570804 -0.000001 0.000000
    60 -1.485628 -1.617812 5.263969 0.000000 0.000000 3.141592
    61 3.756460 5.577858 2.053359 1.570803 -0.000001 0.000000
    62 2.735645 -0.081364 5.727116 0.000004 -0.000011 -1.570795
    63 2.477613 5.416855 4.597570 1.570804 -0.000001 0.000000
    64 1.515220 1.317777 5.998508 0.000000 0.000000 0.000000
    65 2.455991 5.657928 -0.087293 1.570804 -0.000001 0.000000
    66 1.485620 -1.617803 5.263973 0.000000 0.000000 -3.141592
    67 4.575642 5.632584 0.000132 0.000000 -1.570771 0.249128
    68 -0.000001 0.314078 5.161098 0.000000 0.000000 0.000000
    69 -0.000001 -0.323108 3.750217 0.000000 0.000000 0.000000
    70 5.734947 1.075212 4.685178 1.570830 -0.000004 -1.321669
    71 -0.753896 0.305901 4.971462 -0.000001 0.000002 0.000000
    72 -1.101006 -0.314705 3.448307 0.000001 0.000001 0.000000
    73 5.809101 -1.029643 4.595047 1.570829 -0.000004 -1.321671
    74 -0.714908 -0.199657 5.028973 0.000000 0.000003 0.000000
    75 -0.282898 -0.851690 4.444889 0.000000 0.000000 0.000000
    76 9.578484 -1.290738 0.000240 0.000000 1.570770 -2.892481
    77 9.369518 -1.236408 1.787905 0.000000 1.570770 -2.892481
    78 9.436707 -1.331719 -1.409029 0.000000 1.570770 -2.892477
    79 5.735191 1.075235 -4.684885 -1.570814 0.000004 1.819923
    80 0.753901 0.305904 4.971474 -0.000001 -0.000002 0.000000
    81 1.101010 -0.314705 3.448315 0.000000 -0.000001 0.000000
    82 5.809341 -1.029617 -4.594752 -1.570814 0.000004 1.819922
    83 0.714908 -0.199655 5.028969 0.000000 -0.000003 0.000000
    84 0.282897 -0.851688 4.444893 0.000000 0.000000 0.000000
  time 11
    0 -18.002899 -18.413235 37.036488 1.570508 -0.074688 -0.082443
    1 3.983847 0.002149 0.003401 -1.355791 -0.216085 -1.713236
    2 15.938816 -0.000100 -0.000005 -0.000009 -0.000002 0.413476
    3 17.707025 -0.000068 0.000003 -0.056040 -0.161289 -1.254469
    4 6.202515 0.003416 -0.000367 -0.011141 0.000923 -0.500547
    5 -3.983848 0.002149 0.003395 -1.275553 -0.284976 -1.675529
    6 15.938826 -0.000113 -0.000001 0.000002 0.000010 1.063113
    7 17.707031 0.000018 0.000000 -0.006529 -0.083868 -1.043302
    8 6.202710 0.003078 0.003745 -0.075714 -0.007442 -1.023638
    9 -0.000001 4.209253 -1.688832 1.583018 -0.032008 1.541885
    10 3.836055 0.000000 0.000000 -0.002038 -0.054517 -0.108677
    11 3.617625 -0.000275 -0.000015 -0.020122 -0.008840 0.039012
    12 7.537925 0.003588 -0.000212 -0.000326 -0.005533 0.208145
    13 3.181604 -0.002346 0.000028 3.157983 0.043101 0.224450
    14 2.966416 0.000318 0.000023 0.073401 0.068562 0.121827
    15 2.023770 0.904983 0.850949 1.829603 -1.222812 2.696660
    16 4.980521 0.000781 -0.001089 -1.778667 0.168146 -1.048711
    17 11.119977 0.000007 0.000004 -0.000003 -0.136098 -0.411741
    18 11.205393 -0.000039 0.000000 1.576714 -0.373177 0.066516
    19 3.767578 0.152466 0.071350 0.091228 0.111866 -0.306500
    20 2.036722 -0.000008 0.000000 0.000004 0.004989 -0.963096
    21 1.066406 -0.000002 -0.000002 -0.000003 0.002792 -0.550461
    22 3.782109 -0.019114 0.794763 0.324456 -0.053696 -0.155151
    23 1.627436 0.000008 0.000000 -0.000002 0.005086 -0.697000
    24 0.955566 -0.000006 0.000000 -0.000003 0.003249 -0.578379
    25 1.258789 -0.297852 1.251953 -1.927891 -0.158425 -0.368982
    26 1.392578 0.000005 -0.000004 0.000000 0.002017 0.071902
    27 1.100942 0.000011 0.000000 0.000005 -0.295767 0.023729
    28 3.547341 0.197447 -1.485758 -0.325312 0.113849 -0.242888
    29 1.218750 0.000004 0.000001 0.000000 0.004666 -1.036462
    30 0.681774 -0.000006 0.000000 -0.000005 0.002402 -0.578394
    31 3.697266 0.267334 -0.728516 -0.120242 0.090683 -0.423538
    32 1.748047 0.000000 -0.000002 -0.000001 0.002902 -0.844486
    33 0.956684 0.000008 0.000001 0.000003 0.004804 -0.764821
    34 2.023778 0.904982 -0.850921 -1.698853 1.247596 2.911471
    35 4.981625 0.002227 0.003236 1.621996 -0.228223 -1.138953
    36 11.119975 -0.000005 0.000000 0.000001 0.136123 -0.349463
    37 11.205375 0.000073 0.000008 -1.674528 0.317007 -0.085989
    38 3.767578 0.151855 -0.072693 -0.091153 -0.086648 -0.259292
    39 2.036716 -0.000004 0.000000 0.000012 -0.007577 -1.152243
    40 1.066406 0.000007 0.000002 0.000000 -0.004241 -0.562584
    41 3.780812 -0.024988 -0.795569 -0.312708 -0.016306 -0.057435
    42 1.627434 -0.000011 -0.000001 0.000003 -0.007718 -0.915250
    43 0.954089 -0.000004 0.000000 0.000004 -0.004923 -0.567880
    44 1.258789 -0.308350 -1.250000 1.747969 0.219669 -0.507422
    45 1.392578 -0.000006 0.000002 0.000004 0.222430 0.216078
    46 1.099609 0.000002 -0.000006 0.000001 0.280398 0.302812
    47 3.548828 0.211304 1.487305 0.305524 -0.075300 -0.180333
    48 1.218360 -0.000002 0.000000 0.000010 -0.007083 -1.168838
    49 0.679688 0.000001 -0.000004 0.000000 -0.003643 -0.360285
    50 3.697266 0.273682 0.726563 0.113959 -0.036578 -0.367492
    51 1.748047 -0.000011 0.000000 0.000000 -0.004398 -0.989953
    52 0.959961 0.000005 0.000004 0.000003 -0.007258 -0.733353
    53 -3.756462 5.577850 2.053357 1.570803 -0.000001 0.000000
    54 -2.735646 -0.081365 5.727119 0.000007 0.000015 1.570796
    55 0.000001 5.662003 -0.974302 1.570804 -0.000001 0.000000
    56 -0.000002 -2.275002 5.113525 0.000000 0.000000 -3.141592
    57 -2.477620 5.416855 4.597564 1.570804 -0.000001 0.000000
    58 -1.515218 1.317776 5.998497 0.000000 0.000000 0.000000
    59 -2.455992 5.657928 -0.087295 1.570804 -0.000001 0.000000
    60 -1.485628 -1.617812 5.263969 0.000000 0.000000 3.141592
    61 3.756460 5.577858 2.053359 1.570803 -0.000001 0.000000
    62 2.735645 -0.081364 5.727116 0.000004 -0.000011 -1.570795
    63 2.477613 5.416855 4.597570 1.570804 -0.000001 0.000000
    64 1.515220 1.317777 5.998508 0.000000 0.000000 0.000000
    65 2.455991 5.657928 -0.087293 1.570804 -0.000001 0.000000
    66 1.485620 -1.617803 5.263973 0.000000 0.000000 -3.141592
    67 4.575642 5.632584 0.000132 0.000000 -1.570771 0.249128
    68 -0.000001 0.314078 5.161098 0.000000 0.000000 0.000000
    69 -0.000001 -0.323108 3.750217 0.000000 0.000000 0.000000
    70 5.734947 1.075212 4.685178 1.570830 -0.000004 -1.321669
    71 -0.753896 0.305901 4.971462 -0.000001 0.000002 0.000000
    72 -1.101006 -0.314705 3.448307 0.000001 0.000001 0.000000
    73 5.809101 -1.029643 4.595047 1.570829 -0.000004 -1.321671
    74 -0.714908 -0.199657 5.028973 0.000000 0.000003 0.000000
    75 -0.282898 -0.851690 4.444889 0.000000 0.000000 0.000000
    76 9.578484 -1.290738 0.000240 0.000000 1.570770 -2.892481
    77 9.369518 -1.236408 1.787905 0.000000 1.570770 -2.892481
    78 9.436707 -1.331719 -1.409029 0.000000 1.570770 -2.892477
    79 5.735191 1.075235 -4.684885 -1.570814 0.000004 1.819923
    80 0.753901 0.305904 4.971474 -0.000001 -0.000002 0.000000
    81 1.101010 -0.314705 3.448315 0.000000 -0.000001 0.000000
    82 5.809341 -1.029617 -4.594752 -1.570814 0.000004 1.819922
    83 0.714908 -0.199655 5.028969 0.000000 -0.000003 0.000000
    84 0.282897 -0.851688 4.444893 0.000000 0.000000 0.000000
  time 12
    0 -19.590104 -19.953639 37.352904 1.572042 -0.060426 -0.050749
    1 3.983847 0.002149 0.003401 -1.327670 -0.150892 -1.654228
    2 15.938816 -0.000100 -0.000005 -0.000009 -0.000002 0.370254
    3 17.707025 -0.000068 0.000003 -0.089354 -0.141027 -1.255387
    4 6.202515 0.003416 -0.000367 -0.010781 0.000899 -0.526953
    5 -3.983848 0.002149 0.003395 -1.253866 -0.342474 -1.751220
    6 15.938826 -0.000113 -0.000001 0.000002 0.000010 1.000826
    7 17.707031 0.000018 0.000000 0.057733 -0.154269 -1.062696
    8 6.202710 0.003078 0.003745 -0.075367 -0.006902 -1.023638
    9 -0.000001 4.209253 -1.688832 1.569308 -0.029060 1.548932
    10 3.836055 0.000000 0.000000 -0.017486 -0.044498 -0.111613
    11 3.617625 -0.000275 -0.000015 -0.040172 -0.014653 0.036126
    12 7.537925 0.003588 -0.000212 -0.000386 -0.006144 0.208157
    13 3.181604 -0.002346 0.000028 3.160763 0.050112 0.224581
    14 2.966416 0.000318 0.000023 0.089149 0.076484 0.119376
    15 2.023770 0.904983 0.850949 1.836653 -1.220776 2.689137
    16 4.980521 0.000781 -0.001089 -1.748583 0.136772 -1.022449
    17 11.119977 0.000007 0.000004 -0.000003 -0.136098 -0.467547
    18 11.205393 -0.000039 0.000000 1.565574 -0.385887 0.045759
    19 3.767578 0.152466 0.071350 0.091228 0.111866 -0.306500
    20 2.036722 -0.000008 0.000000 0.000004 0.004989 -0.963096
    21 1.066406 -0.000002 -0.000002 -0.000003 0.002792 -0.550461
    22 3.782109 -0.019114 0.794763 0.324456 -0.053696 -0.155151
    23 1.627436 0.000008 0.000000 -0.000002 0.005086 -0.697000
    24 0.955566 -0.000006 0.000000 -0.000003 0.003249 -0.578379
    25 1.258789 -0.297852 1.251953 -1.927891 -0.158425 -0.368982
    26 1.392578 0.000005 -0.000004 0.000000 0.002017 0.071902
    27 1.100942 0.000011 0.000000 0.000005 -0.295767 0.023729
    28 3.547341 0.197447 -1.485758 -0.325312 0.113849 -0.242888
    29 1.218750 0.000004 0.000001 0.000000 0.004666 -1.036462
    30 0.681774 -0.000006 0.000000 -0.000005 0.002402 -0.578394
    31 3.697266 0.267334 -0.728516 -0.120242 0.090683 -0.423538
    32 1.748047 0.000000 -0.000002 -0.000001 0.002902 -0.844486
    33 0.956684 0.000008 0.000001 0.000015 0.004804 -0.764821
    34 2.023778 0.904982 -0.850921 -1.690555 1.249713 2.920232
    35 4.981625 0.002227 0.003236 1.634224 -0.258947 -1.153761
    36 11.119975 -0.000005 0.000000 0.000001 0.136123 -0.300656
    37 11.205375 0.000073 0.000008 -1.670472 0.344032 -0.093551
    38 3.767578 0.151855 -0.072693 -0.091153 -0.086648 -0.259292
    39 2.036716 -0.000004 0.000000 0.000012 -0.007577 -1.152243
    40 1.066406 0.000007 0.000002 0.000000 -0.004241 -0.562584
    41 3.780812 -0.024988 -0.795569 -0.312708 -0.016306 -0.057383
    42 1.627434 -0.000011 -0.000001 0.000003 -0.007718 -0.915250
    43 0.954089 -0.000004 0.000000 0.000004 -0.004923 -0.567880
    44 1.258789 -0.308350 -1.250000 1.747969 0.219669 -0.507422
    45 1.392578 -0.000006 0.000002 0.000004 0.222430 0.216078
    46 1.099609 0.000002 -0.000006 0.000001 0.280398 0.302812
    47 3.548828 0.211304 1.487305 0.305524 -0.075300 -0.180333
    48 1.218360 -0.000002 0.000000 0.000010 -0.007083 -1.168838
    49 0.679688 0.000001 -0.000004 0.000000 -0.003643 -0.360285
    50 3.697266 0.273682 0.726563 0.113959 -0.036578 -0.367492
    51 1.748047 -0.000011 0.000000 0.000000 -0.004398 -0.989953
    52 0.959961 0.000005 0.000004 0.000003 -0.007258 -0.733353
    53 -3.756462 5.577850 2.053357 1.570803 -0.000001 0.000000
    54 -2.735646 -0.081365 5.727119 0.000007 0.000015 1.570796
    55 0.000001 5.662003 -0.974302 1.570804 -0.000001 0.000000
    56 -0.000002 -2.275002 5.113525 0.000000 0.000000 -3.141592
    57 -2.477620 5.416855 4.597564 1.570804 -0.000001 0.000000
    58 -1.515218 1.317776 5.998497 0.000000 0.000000 0.000000
    59 -2.455992 5.657928 -0.087295 1.570804 -0.000001 0.000000
    60 -1.485628 -1.617812 5.263969 0.000000 0.000000 3.141592
    61 3.756460 5.577858 2.053359 1.570803 -0.000001 0.000000
    62 2.735645 -0.081364 5.727116 0.000004 -0.000011 -1.570795
    63 2.477613 5.416855 4.597570 1.570804 -0.000001 0.000000
    64 1.515220 1.317777 5.998508 0.000000 0.000000 0.000000
    65 2.455991 5.657928 -0.087293 1.570804 -0.000001 0.000000
    66 1.485620 -1.617803 5.263973 0.000000 0.000000 -3.141592
    67 4.575642 5.632584 0.000132 0.000000 -1.570771 0.249128
    68 -0.000001 0.314078 5.161098 0.000000 0.000000 0.000000
    69 -0.000001 -0.323108 3.750217 0.000000 0.000000 0.000000
    70 5.734947 1.075212 4.685178 1.570830 -0.000004 -1.321669
    71 -0.753896 0.305901 4.971462 -0.000001 0.000002 0.000000
    72 -1.101006 -0.314705 3.448307 0.000001 0.000001 0.000000
    73 5.809101 -1.029643 4.595047 1.570829 -0.000004 -1.321671
    74 -0.714908 -0.199657 5.028973 0.000000 0.000003 0.000000
    75 -0.282898 -0.851690 4.444889 0.000000 0.000000 0.000000
    76 9.578484 -1.290738 0.000240 0.000000 1.570770 -2.892481
    77 9.369518 -1.236408 1.787905 0.000000 1.570770 -2.892481
    78 9.436707 -1.331719 -1.409029 0.000000 1.570770 -2.892477
    79 5.735191 1.075235 -4.684885 -1.570814 0.000004 1.819923
    80 0.753901 0.305904 4.971474 -0.000001 -0.000002 0.000000
    81 1.101010 -0.314705 3.448315 0.000000 -0.000001 0.000000
    82 5.809341 -1.029617 -4.594752 -1.570814 0.000004 1.819922
    83 0.714908 -0.199655 5.028969 0.000000 -0.000003 0.000000
    84 0.282897 -0.851688 4.444893 0.000000 0.000000 0.000000
  time 13
    0 -21.181215 -21.486230 37.532597 1.571659 -0.043121 -0.020780
    1 3.983847 0.002149 0.003401 -1.304395 -0.091884 -1.589141
    2 15.938816 -0.000100 -0.000005 -0.000009 -0.000002 0.335829
    3 17.707025 -0.000068 0.000003 -0.120740 -0.115694 -1.257131
    4 6.202515 0.003416 -0.000367 -0.010434 0.000839 -0.556687
    5 -3.983848 0.002149 0.003395 -1.241829 -0.362742 -1.805366
    6 15.938826 -0.000113 -0.000001 0.000002 0.000010 0.888597
    7 17.707031 0.000018 0.000000 0.143257 -0.187748 -1.100478
    8 6.202710 0.003078 0.003745 -0.075906 -0.006603 -0.913982
    9 -0.000001 4.209253 -1.688832 1.555694 -0.027969 1.556745
    10 3.836055 0.000000 0.000000 -0.032083 -0.031590 -0.112608
    11 3.617625 -0.000275 -0.000015 -0.059156 -0.019135 0.035098
    12 7.537925 0.003588 -0.000212 -0.000434 -0.006384 0.208145
    13 3.181604 -0.002346 0.000028 3.161626 0.052389 0.224629
    14 2.966416 0.000318 0.000023 0.105232 0.081062 0.122780
    15 2.023770 0.904983 0.850949 1.840603 -1.219392 2.684968
    16 4.980521 0.000781 -0.001089 -1.720510 0.113360 -1.000256
    17 11.119977 0.000007 0.000004 -0.000003 -0.136098 -0.526270
    18 11.205393 -0.000039 0.000000 1.557939 -0.399425 0.036028
    19 3.767578 0.152466 0.071350 0.091228 0.111866 -0.306500
    20 2.036722 -0.000008 0.000000 0.000004 0.004989 -0.963096
    21 1.066406 -0.000002 -0.000002 -0.000003 0.002792 -0.550461
    22 3.782109 -0.019114 0.794763 0.324456 -0.053696 -0.155151
    23 1.627436 0.000008 0.000000 -0.000002 0.005086 -0.697049
    24 0.955566 -0.000006 0.000000 -0.000003 0.003249 -0.578379
    25 1.258789 -0.297852 1.251953 -1.927891 -0.158425 -0.368982
    26 1.392578 0.000005 -0.000004 0.000000 0.002017 0.071902
    27 1.100942 0.000011 0.000000 0.000005 -0.295767 0.023729
    28 3.547341 0.197447 -1.485758 -0.325312 0.113849 -0.242947
    29 1.218750 0.000004 0.000001 0.000000 0.004666 -1.036462
    30 0.681774 -0.000006 0.000000 -0.000005 0.002402 -0.578394
    31 3.697266 0.267334 -0.728516 -0.120242 0.090683 -0.423538
    32 1.748047 0.000000 -0.000002 -0.000001 0.002902 -0.844486
    33 0.956684 0.000008 0.000001 0.000015 0.004804 -0.764821
    34 2.023778 0.904982 -0.850921 -1.685754 1.251342 2.925290
    35 4.981625 0.002227 0.003236 1.647485 -0.291211 -1.167071
    36 11.119975 -0.000005 0.000000 0.000001 0.136123 -0.261875
    37 11.205375 0.000073 0.000008 -1.671665 0.377768 -0.108101
    38 3.767578 0.151855 -0.072693 -0.091153 -0.086648 -0.259292
    39 2.036716 -0.000004 0.000000 0.000012 -0.007577 -1.152243
    40 1.066406 0.000007 0.000002 0.000000 -0.004241 -0.562584
    41 3.780812 -0.024988 -0.795569 -0.312708 -0.016306 -0.057435
    42 1.627434 -0.000011 -0.000001 0.000003 -0.007718 -0.915250
    43 0.954089 -0.000004 0.000000 0.000004 -0.004923 -0.567880
    44 1.258789 -0.308350 -1.250000 1.747969 0.219669 -0.507422
    45 1.392578 -0.000006 0.000002 0.000004 0.222430 0.216078
    46 1.099609 0.000002 -0.000006 0.000001 0.280398 0.302812
    47 3.548828 0.211304 1.487305 0.305524 -0.075300 -0.180333
    48 1.218360 -0.000002 0.000000 0.000010 -0.007083 -1.168838
    49 0.679688 0.000001 -0.000004 0.000000 -0.003643 -0.360285
    50 3.697266 0.273682 0.726563 0.113959 -0.036578 -0.367492
    51 1.748047 -0.000011 0.000000 0.000000 -0.004398 -0.989953
    52 0.959961 0.000005 0.000004 0.000003 -0.007258 -0.733353
    53 -3.756462 5.577850 2.053357 1.570803 -0.000001 0.000000
    54 -2.735646 -0.081365 5.727119 0.000007 0.000015 1.570796
    55 0.000001 5.662003 -0.974302 1.570804 -0.000001 0.000000
    56 -0.000002 -2.275002 5.113525 0.000000 0.000000 -3.141592
    57 -2.477620 5.416855 4.597564 1.570804 -0.000001 0.000000
    58 -1.515218 1.317776 5.998497 0.000000 0.000000 0.000000
    59 -2.455992 5.657928 -0.087295 1.570804 -0.000001 0.000000
    60 -1.485628 -1.617812 5.263969 0.000000 0.000000 3.141592
    61 3.756460 5.577858 2.053359 1.570803 -0.000001 0.000000
    62 2.735645 -0.081364 5.727116 0.000004 -0.000011 -1.570795
    63 2.477613 5.416855 4.597570 1.570804 -0.000001 0.000000
    64 1.515220 1.317777 5.998508 0.000000 0.000000 0.000000
    65 2.455991 5.657928 -0.087293 1.570804 -0.000001 0.000000
    66 1.485620 -1.617803 5.263973 0.000000 0.000000 -3.141592
    67 4.575642 5.632584 0.000132 0.000000 -1.570771 0.249128
    68 -0.000001 0.314078 5.161098 0.000000 0.000000 0.000000
    69 -0.000001 -0.323108 3.750217 0.000000 0.000000 0.000000
    70 5.734947 1.075212 4.685178 1.570830 -0.000004 -1.321669
    71 -0.753896 0.305901 4.971462 -0.000001 0.000002 0.000000
    72 -1.101006 -0.314705 3.448307 0.000001 0.000001 0.000000
    73 5.809101 -1.029643 4.595047 1.570829 -0.000004 -1.321671
    74 -0.714908 -0.199657 5.028973 0.000000 0.000003 0.000000
    75 -0.282898 -0.851690 4.444889 0.000000 0.000000 0.000000
    76 9.578484 -1.290738 0.000240 0.000000 1.570770 -2.892481
    77 9.369518 -1.236408 1.787905 0.000000 1.570770 -2.892481
    78 9.436707 -1.331719 -1.409029 0.000000 1.570770 -2.892477
    79 5.735191 1.075235 -4.684885 -1.570814 0.000004 1.819923
    80 0.753901 0.305904 4.971474 -0.000001 -0.000002 0.000000
    81 1.101010 -0.314705 3.448315 0.000000 -0.000001 0.000000
    82 5.809341 -1.029617 -4.594752 -1.570814 0.000004 1.819922
    83 0.714908 -0.199655 5.028969 0.000000 -0.000003 0.000000
    84 0.282897 -0.851688 4.444893 0.000000 0.000000 0.000000
  time 14
    0 -22.776233 -23.046165 37.501346 1.568878 -0.030597 0.005739
    1 3.983847 0.002149 0.003401 -1.287105 -0.036348 -1.525216
    2 15.938816 -0.000100 -0.000005 -0.000009 -0.000002 0.310138
    3 17.707025 -0.000068 0.000003 -0.138306 -0.092822 -1.265666
    4 6.202515 0.003416 -0.000367 -0.010110 0.000779 -0.583578
    5 -3.983848 0.002149 0.003395 -1.242020 -0.347198 -1.844523
    6 15.938826 -0.000113 -0.000001 0.000002 0.000010 0.733352
    7 17.707031 0.000018 0.000000 0.236148 -0.181287 -1.141568
    8 6.202710 0.003078 0.003745 -0.077056 -0.006435 -0.719820
    9 -0.000001 4.209253 -1.688832 1.542895 -0.028858 1.562594
    10 3.836055 0.000000 0.000000 -0.045098 -0.021679 -0.111613
    11 3.617625 -0.000275 -0.000015 -0.076102 -0.021724 0.036168
    12 7.537925 0.003588 -0.000212 -0.000410 -0.006180 0.208145
    13 3.181604 -0.002346 0.000028 3.161434 0.051862 0.224629
    14 2.966416 0.000318 0.000023 0.121076 0.083315 0.130994
    15 2.023770 0.904983 0.850949 1.837253 -1.218862 2.688321
    16 4.980521 0.000781 -0.001089 -1.675512 0.093591 -0.968958
    17 11.119977 0.000007 0.000004 -0.000003 -0.136098 -0.643085
    18 11.205393 -0.000039 0.000000 1.585694 -0.419871 -0.007261
    19 3.767578 0.152466 0.071350 0.091228 0.111866 -0.306500
    20 2.036722 -0.000008 0.000000 0.000004 0.004989 -0.963096
    21 1.066406 -0.000002 -0.000002 -0.000003 0.002792 -0.550461
    22 3.782109 -0.019114 0.794763 0.324456 -0.053672 -0.155151
    23 1.627436 0.000008 0.000000 -0.000002 0.005086 -0.697000
    24 0.955566 -0.000006 0.000000 -0.000003 0.003249 -0.578379
    25 1.258789 -0.297852 1.251953 -1.927891 -0.158425 -0.368982
    26 1.392578 0.000005 -0.000004 0.000000 0.002017 0.071902
    27 1.100942 0.000011 0.000000 0.000005 -0.295767 0.023729
    28 3.547341 0.197447 -1.485758 -0.325312 0.113849 -0.242888
    29 1.218750 0.000004 0.000001 0.000000 0.004666 -1.036462
    30 0.681774 -0.000006 0.000000 -0.000005 0.002402 -0.578394
    31 3.697266 0.267334 -0.728516 -0.120242 0.090683 -0.423538
    32 1.748047 0.000000 -0.000002 -0.000001 0.002902 -0.844486
    33 0.956684 0.000008 0.000001 0.000003 0.004804 -0.764821
    34 2.023778 0.904982 -0.850921 -1.689198 1.252604 2.921677
    35 4.981625 0.002227 0.003236 1.682777 -0.340980 -1.190253
    36 11.119975 -0.000005 0.000000 0.000001 0.136123 -0.208844
    37 11.205375 0.000073 0.000008 -1.684168 0.433473 -0.143132
    38 3.767578 0.151855 -0.072693 -0.091153 -0.086648 -0.259292
    39 2.036716 -0.000004 0.000000 0.000012 -0.007577 -1.152243
    40 1.066406 0.000007 0.000002 0.000000 -0.004241 -0.562584
    41 3.780812 -0.024988 -0.795569 -0.312708 -0.016306 -0.057383
    42 1.627434 -0.000011 -0.000001 0.000003 -0.007718 -0.915250
    43 0.954089 -0.000004 0.000000 0.000004 -0.004923 -0.567880
    44 1.258789 -0.308350 -1.250000 1.747969 0.219669 -0.507422
    45 1.392578 -0.000006 0.000002 0.000004 0.222430 0.216078
    46 1.099609 0.000002 -0.000006 0.000001 0.280398 0.302812
    47 3.548828 0.211304 1.487305 0.305524 -0.075300 -0.180333
    48 1.218360 -0.000002 0.000000 0.000010 -0.007083 -1.168838
    49 0.679688 0.000001 -0.000004 0.000000 -0.003643 -0.360285
    50 3.697266 0.273682 0.726563 0.113959 -0.036578 -0.367492
    51 1.748047 -0.000011 0.000000 0.000000 -0.004398 -0.989953
    52 0.959961 0.000005 0.000004 0.000003 -0.007258 -0.733353
    53 -3.756462 5.577850 2.053357 1.570803 -0.000001 0.000000
    54 -2.735646 -0.081365 5.727119 0.000007 0.000015 1.570796
    55 0.000001 5.662003 -0.974302 1.570804 -0.000001 0.000000
    56 -0.000002 -2.275002 5.113525 0.000000 0.000000 -3.141592
    57 -2.477620 5.416855 4.597564 1.570804 -0.000001 0.000000
    58 -1.515218 1.317776 5.998497 0.000000 0.000000 0.000000
    59 -2.455992 5.657928 -0.087295 1.570804 -0.000001 0.000000
    60 -1.485628 -1.617812 5.263969 0.000000 0.000000 3.141592
    61 3.756460 5.577858 2.053359 1.570803 -0.000001 0.000000
    62 2.735645 -0.081364 5.727116 0.000004 -0.000011 -1.570795
    63 2.477613 5.416855 4.597570 1.570804 -0.000001 0.000000
    64 1.515220 1.317777 5.998508 0.000000 0.000000 0.000000
    65 2.455991 5.657928 -0.087293 1.570804 -0.000001 0.000000
    66 1.485620 -1.617803 5.263973 0.000000 0.000000 -3.141592
    67 4.575642 5.632584 0.000132 0.000000 -1.570771 0.249128
    68 -0.000001 0.314078 5.161098 0.000000 0.000000 0.000000
    69 -0.000001 -0.323108 3.750217 0.000000 0.000000 0.000000
    70 5.734947 1.075212 4.685178 1.570830 -0.000004 -1.321669
    71 -0.753896 0.305901 4.971462 -0.000001 0.000002 0.000000
    72 -1.101006 -0.314705 3.448307 0.000001 0.000001 0.000000
    73 5.809101 -1.029643 4.595047 1.570829 -0.000004 -1.321671
    74 -0.714908 -0.199657 5.028973 0.000000 0.000003 0.000000
    75 -0.282898 -0.851690 4.444889 0.000000 0.000000 0.000000
    76 9.578484 -1.290738 0.000240 0.000000 1.570770 -2.892481
    77 9.369518 -1.236408 1.787905 0.000000 1.570770 -2.892481
    78 9.436707 -1.331719 -1.409029 0.000000 1.570770 -2.892477
    79 5.735191 1.075235 -4.684885 -1.570814 0.000004 1.819923
    80 0.753901 0.305904 4.971474 -0.000001 -0.000002 0.000000
    81 1.101010 -0.314705 3.448315 0.000000 -0.000001 0.000000
    82 5.809341 -1.029617 -4.594752 -1.570814 0.000004 1.819922
    83 0.714908 -0.199655 5.028969 0.000000 -0.000003 0.000000
    84 0.282897 -0.851688 4.444893 0.000000 0.000000 0.000000
  time 15
    0 -24.418128 -24.719386 37.286496 1.562503 -0.025455 0.027592
    1 3.983847 0.002149 0.003401 -1.276750 0.026620 -1.463795
    2 15.938816 -0.000100 -0.000005 -0.000009 -0.000002 0.280113
    3 17.707025 -0.000068 0.000003 -0.136296 -0.077589 -1.272580
    4 6.202515 0.003416 -0.000367 -0.009846 0.000743 -0.610123
    5 -3.983848 0.002149 0.003395 -1.256637 -0.272996 -1.862041
    6 15.938826 -0.000113 -0.000001 0.000002 0.000010 0.492266
    7 17.707031 0.000018 0.000000 0.318454 -0.139939 -1.145622
    8 6.202710 0.003078 0.003745 -0.078375 -0.006219 -0.532818
    9 -0.000001 4.209253 -1.688832 1.531390 -0.032109 1.565566
    10 3.836055 0.000000 0.000000 -0.055788 -0.018539 -0.108269
    11 3.617625 -0.000275 -0.000015 -0.090028 -0.022395 0.039491
    12 7.537925 0.003588 -0.000212 -0.000374 -0.005917 0.208145
    13 3.181604 -0.002346 0.000028 3.160763 0.050088 0.224581
    14 2.966416 0.000318 0.000023 0.136141 0.082524 0.142204
    15 2.023770 0.904983 0.850949 1.830453 -1.219514 2.695572
    16 4.980521 0.000781 -0.001089 -1.660186 0.092512 -0.960536
    17 11.119977 0.000007 0.000004 -0.000003 -0.136098 -0.694374
    18 11.205393 -0.000039 0.000000 1.620747 -0.422243 -0.042376
    19 3.767578 0.152466 0.071350 0.091228 0.111866 -0.306500
    20 2.036722 -0.000008 0.000000 0.000004 0.004989 -0.963096
    21 1.066406 -0.000002 -0.000002 -0.000003 0.002792 -0.550461
    22 3.782109 -0.019114 0.794763 0.324456 -0.053696 -0.155151
    23 1.627436 0.000008 0.000000 -0.000002 0.005086 -0.697000
    24 0.955566 -0.000006 0.000000 -0.000003 0.003249 -0.578379
    25 1.258789 -0.297852 1.251953 -1.927891 -0.158425 -0.368982
    26 1.392578 0.000005 -0.000004 0.000000 0.002017 0.071902
    27 1.100942 0.000011 0.000000 0.000005 -0.295767 0.023729
    28 3.547341 0.197447 -1.485758 -0.325312 0.113849 -0.242888
    29 1.218750 0.000004 0.000001 0.000000 0.004666 -1.036462
    30 0.681774 -0.000006 0.000000 -0.000005 0.002402 -0.578394
    31 3.697266 0.267334 -0.728516 -0.120242 0.090683 -0.423538
    32 1.748047 0.000000 -0.000002 -0.000001 0.002902 -0.844486
    33 0.956684 0.000008 0.000001 0.000015 0.004804 -0.764821
    34 2.023778 0.904982 -0.850921 -1.696974 1.252319 2.913548
    35 4.981625 0.002227 0.003236 1.702126 -0.356562 -1.198245
    36 11.119975 -0.000005 0.000000 0.000001 0.136123 -0.192638
    37 11.205375 0.000073 0.000008 -1.692567 0.448549 -0.154589
    38 3.767578 0.151855 -0.072693 -0.091153 -0.086648 -0.259292
    39 2.036716 -0.000004 0.000000 0.000012 -0.007577 -1.152243
    40 1.066406 0.000007 0.000002 0.000000 -0.004241 -0.562584
    41 3.780812 -0.024988 -0.795569 -0.312708 -0.016306 -0.057435
    42 1.627434 -0.000011 -0.000001 0.000003 -0.007718 -0.915250
    43 0.954089 -0.000004 0.000000 0.000004 -0.004923 -0.567880
    44 1.258789 -0.308350 -1.250000 1.747969 0.219669 -0.507422
    45 1.392578 -0.000006 0.000002 0.000004 0.222430 0.216078
    46 1.099609 0.000002 -0.000006 0.000001 0.280398 0.302812
    47 3.548828 0.211304 1.487305 0.305524 -0.075300 -0.180333
    48 1.218360 -0.000002 0.000000 0.000010 -0.007083 -1.168838
    49 0.679688 0.000001 -0.000004 0.000000 -0.003643 -0.360285
    50 3.697266 0.273682 0.726563 0.113959 -0.036578 -0.367492
    51 1.748047 -0.000011 0.000000 0.000000 -0.004398 -0.989953
    52 0.959961 0.000005 0.000004 0.000003 -0.007258 -0.733353
    53 -3.756462 5.577850 2.053357 1.570803 -0.000001 0.000000
    54 -2.735646 -0.081365 5.727119 0.000007 0.000015 1.570796
    55 0.000001 5.662003 -0.974302 1.570804 -0.000001 0.000000
    56 -0.000002 -2.275002 5.113525 0.000000 0.000000 -3.141592
    57 -2.477620 5.416855 4.597564 1.570804 -0.000001 0.000000
    58 -1.515218 1.317776 5.998497 0.000000 0.000000 0.000000
    59 -2.455992 5.657928 -0.087295 1.570804 -0.000001 0.000000
    60 -1.485628 -1.617812 5.263969 0.000000 0.000000 3.141592
    61 3.756460 5.577858 2.053359 1.570803 -0.000001 0.000000
    62 2.735645 -0.081364 5.727116 0.000004 -0.000011 -1.570795
    63 2.477613 5.416855 4.597570 1.570804 -0.000001 0.000000
    64 1.515220 1.317777 5.998508 0.000000 0.000000 0.000000
    65 2.455991 5.657928 -0.087293 1.570804 -0.000001 0.000000
    66 1.485620 -1.617803 5.263973 0.000000 0.000000 -3.141592
    67 4.575642 5.632584 0.000132 0.000000 -1.570771 0.249128
    68 -0.000001 0.314078 5.161098 0.000000 0.000000 0.000000
    69 -0.000001 -0.323108 3.750217 0.000000 0.000000 0.000000
    70 5.734947 1.075212 4.685178 1.570830 -0.000004 -1.321669
    71 -0.753896 0.305901 4.971462 -0.000001 0.000002 0.000000
    72 -1.101006 -0.314705 3.448307 0.000001 0.000001 0.000000
    73 5.809101 -1.029643 4.595047 1.570829 -0.000004 -1.321671
    74 -0.714908 -0.199657 5.028973 0.000000 0.000003 0.000000
    75 -0.282898 -0.851690 4.444889 0.000000 0.000000 0.000000
    76 9.578484 -1.290738 0.000240 0.000000 1.570770 -2.892481
    77 9.369518 -1.236408 1.787905 0.000000 1.570770 -2.892481
    78 9.436707 -1.331719 -1.409029 0.000000 1.570770 -2.892477
    79 5.735191 1.075235 -4.684885 -1.570814 0.000004 1.819923
    80 0.753901 0.305904 4.971474 -0.000001 -0.000002 0.000000
    81 1.101010 -0.314705 3.448315 0.000000 -0.000001 0.000000
    82 5.809341 -1.029617 -4.594752 -1.570814 0.000004 1.819922
    83 0.714908 -0.199655 5.028969 0.000000 -0.000003 0.000000
    84 0.282897 -0.851688 4.444893 0.000000 0.000000 0.000000
  time 16
    0 -26.056116 -26.416044 36.911484 1.552867 -0.023490 0.043120
    1 3.983847 0.002149 0.003401 -1.273615 0.094304 -1.401658
    2 15.938816 -0.000100 -0.000005 -0.000009 -0.000002 0.247664
    3 17.707025 -0.000068 0.000003 -0.122475 -0.067023 -1.281574
    4 6.202515 0.003416 -0.000367 -0.009619 0.000707 -0.632614
    5 -3.983848 0.002149 0.003395 -1.275553 -0.236324 -1.897263
    6 15.938826 -0.000113 -0.000001 0.000002 0.000010 0.356546
    7 17.707031 0.000018 0.000000 0.385686 -0.081227 -1.184312
    8 6.202710 0.003078 0.003745 -0.078746 -0.006231 -0.498948
    9 -0.000001 4.209253 -1.688832 1.521947 -0.037298 1.567052
    10 3.836055 0.000000 0.000000 -0.063387 -0.018899 -0.103056
    11 3.617625 -0.000275 -0.000015 -0.099951 -0.022215 0.044742
    12 7.537925 0.003588 -0.000212 -0.000326 -0.005533 0.208145
    13 3.181604 -0.002346 0.000028 3.159517 0.046840 0.224497
    14 2.966416 0.000318 0.000023 0.149348 0.078126 0.154139
    15 2.023770 0.904983 0.850949 1.820553 -1.220613 2.706268
    16 4.980521 0.000781 -0.001089 -1.649814 0.095615 -0.957606
    17 11.119977 0.000007 0.000004 -0.000003 -0.136098 -0.736058
    18 11.205393 -0.000039 0.000000 1.668621 -0.417742 -0.087617
    19 3.767578 0.152466 0.071350 0.091228 0.111866 -0.306500
    20 2.036722 -0.000008 0.000000 0.000004 0.004989 -0.963096
    21 1.066406 -0.000002 -0.000002 -0.000003 0.002792 -0.550461
    22 3.782109 -0.019114 0.794763 0.324456 -0.053696 -0.155151
    23 1.627436 0.000008 0.000000 -0.000002 0.005086 -0.697000
    24 0.955566 -0.000006 0.000000 -0.000003 0.003249 -0.578379
    25 1.258789 -0.297852 1.251953 -1.927891 -0.158425 -0.368982
    26 1.392578 0.000005 -0.000004 0.000000 0.002017 0.071902
    27 1.100942 0.000011 0.000000 0.000005 -0.295767 0.023716
    28 3.547341 0.197447 -1.485758 -0.325312 0.113849 -0.242947
    29 1.218750 0.000004 0.000001 0.000000 0.004666 -1.036462
    30 0.681774 -0.000006 0.000000 -0.000005 0.002402 -0.578394
    31 3.697266 0.267334 -0.728516 -0.120242 0.090683 -0.423538
    32 1.748047 0.000000 -0.000002 -0.000001 0.002902 -0.844486
    33 0.956684 0.000008 0.000001 0.000003 0.004804 -0.764821
    34 2.023778 0.904982 -0.850921 -1.708351 1.251627 2.901626
    35 4.981625 0.002227 0.003236 1.720855 -0.366565 -1.204092
    36 11.119975 -0.000005 0.000000 0.000001 0.136123 -0.181476
    37 11.205375 0.000073 0.000008 -1.700584 0.453966 -0.154996
    38 3.767578 0.151855 -0.072693 -0.091153 -0.086648 -0.259292
    39 2.036716 -0.000004 0.000000 0.000012 -0.007577 -1.152243
    40 1.066406 0.000007 0.000002 0.000000 -0.004241 -0.562584
    41 3.780812 -0.024988 -0.795569 -0.312708 -0.016306 -0.057435
    42 1.627434 -0.000011 -0.000001 0.000003 -0.007718 -0.915250
    43 0.954089 -0.000004 0.000000 0.000004 -0.004923 -0.567880
    44 1.258789 -0.308350 -1.250000 1.747969 0.219669 -0.507422
    45 1.392578 -0.000006 0.000002 0.000004 0.222430 0.216078
    46 1.099609 0.000002 -0.000006 0.000001 0.280398 0.302812
    47 3.548828 0.211304 1.487305 0.305524 -0.075300 -0.180333
    48 1.218360 -0.000002 0.000000 0.000010 -0.007083 -1.168838
    49 0.679688 0.000001 -0.000004 0.000000 -0.003643 -0.360285
    50 3.697266 0.273682 0.726563 0.113959 -0.036578 -0.367492
    51 1.748047 -0.000011 0.000000 0.000000 -0.004398 -0.989953
    52 0.959961 0.000005 0.000004 0.000003 -0.007258 -0.733353
    53 -3.756462 5.577850 2.053357 1.570803 -0.000001 0.000000
    54 -2.735646 -0.081365 5.727119 0.000007 0.000015 1.570796
    55 0.000001 5.662003 -0.974302 1.570804 -0.000001 0.000000
    56 -0.000002 -2.275002 5.113525 0.000000 0.000000 -3.141592
    57 -2.477620 5.416855 4.597564 1.570804 -0.000001 0.000000
    58 -1.515218 1.317776 5.998497 0.000000 0.000000 0.000000
    59 -2.455992 5.657928 -0.087295 1.570804 -0.000001 0.000000
    60 -1.485628 -1.617812 5.263969 0.000000 0.000000 3.141592
    61 3.756460 5.577858 2.053359 1.570803 -0.000001 0.000000
    62 2.735645 -0.081364 5.727116 0.000004 -0.000011 -1.570795
    63 2.477613 5.416855 4.597570 1.570804 -0.000001 0.000000
    64 1.515220 1.317777 5.998508 0.000000 0.000000 0.000000
    65 2.455991 5.657928 -0.087293 1.570804 -0.000001 0.000000
    66 1.485620 -1.617803 5.263973 0.000000 0.000000 -3.141592
    67 4.575642 5.632584 0.000132 0.000000 -1.570771 0.249128
    68 -0.000001 0.314078 5.161098 0.000000 0.000000 0.000000
    69 -0.000001 -0.323108 3.750217 0.000000 0.000000 0.000000
    70 5.734947 1.075212 4.685178 1.570830 -0.000004 -1.321669
    71 -0.753896 0.305901 4.971462 -0.000001 0.000002 0.000000
    72 -1.101006 -0.314705 3.448307 0.000001 0.000001 0.000000
    73 5.809101 -1.029643 4.595047 1.570829 -0.000004 -1.321671
    74 -0.714908 -0.199657 5.028973 0.000000 0.000003 0.000000
    75 -0.282898 -0.851690 4.444889 0.000000 0.000000 0.000000
    76 9.578484 -1.290738 0.000240 0.000000 1.570770 -2.892481
    77 9.369518 -1.236408 1.787905 0.000000 1.570770 -2.892481
    78 9.436707 -1.331719 -1.409029 0.000000 1.570770 -2.892477
    79 5.735191 1.075235 -4.684885 -1.570814 0.000004 1.819923
    80 0.753901 0.305904 4.971474 -0.000001 -0.000002 0.000000
    81 1.101010 -0.314705 3.448315 0.000000 -0.000001 0.000000
    82 5.809341 -1.029617 -4.594752 -1.570814 0.000004 1.819922
    83 0.714908 -0.199655 5.028969 0.000000 -0.000003 0.000000
    84 0.282897 -0.851688 4.444893 0.000000 0.000000 0.000000
  time 17
    0 -27.705823 -28.116609 36.485690 1.543232 -0.022663 0.050980
    1 3.983847 0.002149 0.003401 -1.277890 0.184061 -1.332011
    2 15.938816 -0.000100 -0.000005 -0.000009 -0.000002 0.171994
    3 17.707025 -0.000068 0.000003 -0.104138 -0.056308 -1.264136
    4 6.202515 0.003416 -0.000367 -0.009343 0.000671 -0.660268
    5 -3.983848 0.002149 0.003395 -1.301443 -0.202529 -1.923587
    6 15.938826 -0.000113 -0.000001 0.000002 0.000010 0.249291
    7 17.707031 0.000018 0.000000 0.424016 -0.020874 -1.203900
    8 6.202710 0.003078 0.003745 -0.078926 -0.006327 -0.498948
    9 -0.000001 4.209253 -1.688832 1.515475 -0.042608 1.567963
    10 3.836055 0.000000 0.000000 -0.067210 -0.020277 -0.097747
    11 3.617625 -0.000275 -0.000015 -0.104937 -0.021400 0.050064
    12 7.537925 0.003588 -0.000212 -0.000242 -0.004982 0.208145
    13 3.181604 -0.002346 0.000028 3.157599 0.041831 0.224450
    14 2.966416 0.000318 0.000023 0.159043 0.070911 0.163488
    15 2.023770 0.904983 0.850949 1.808003 -1.222038 2.719501
    16 4.980521 0.000781 -0.001089 -1.643518 0.103745 -0.959313
    17 11.119977 0.000007 0.000004 -0.000003 -0.136098 -0.765161
    18 11.205393 -0.000039 0.000000 1.719760 -0.405835 -0.131085
    19 3.767578 0.152466 0.071350 0.091228 0.111866 -0.306500
    20 2.036722 -0.000008 0.000000 0.000004 0.004989 -0.963096
    21 1.066406 -0.000002 -0.000002 -0.000003 0.002792 -0.550461
    22 3.782109 -0.019114 0.794763 0.324456 -0.053672 -0.155151
    23 1.627436 0.000008 0.000000 -0.000002 0.005086 -0.697000
    24 0.955566 -0.000006 0.000000 -0.000003 0.003249 -0.578379
    25 1.258789 -0.297852 1.251953 -1.927891 -0.158425 -0.368982
    26 1.392578 0.000005 -0.000004 0.000000 0.002017 0.071902
    27 1.100942 0.000011 0.000000 0.000005 -0.295767 0.023729
    28 3.547341 0.197447 -1.485758 -0.325312 0.113849 -0.242888
    29 1.218750 0.000004 0.000001 0.000000 0.004666 -1.036462
    30 0.681774 -0.000006 0.000000 -0.000005 0.002402 -0.578394
    31 3.697266 0.267334 -0.728516 -0.120242 0.090683 -0.423538
    32 1.748047 0.000000 -0.000002 -0.000001 0.002902 -0.844486
    33 0.956684 0.000008 0.000001 0.000003 0.004804 -0.764821
    34 2.023778 0.904982 -0.850921 -1.721973 1.250487 2.886994
    35 4.981625 0.002227 0.003236 1.736179 -0.367115 -1.207500
    36 11.119975 -0.000005 0.000000 0.000001 0.136123 -0.174918
    37 11.205375 0.000073 0.000008 -1.706883 0.449904 -0.138997
    38 3.767578 0.151855 -0.072693 -0.091153 -0.086648 -0.259292
    39 2.036716 -0.000004 0.000000 0.000012 -0.007577 -1.152243
    40 1.066406 0.000007 0.000002 0.000000 -0.004241 -0.562584
    41 3.780812 -0.024988 -0.795569 -0.312708 -0.016306 -0.057435
    42 1.627434 -0.000011 -0.000001 0.000003 -0.007718 -0.915197
    43 0.954089 -0.000004 0.000000 0.000004 -0.004923 -0.567880
    44 1.258789 -0.308350 -1.250000 1.747969 0.219669 -0.507422
    45 1.392578 -0.000006 0.000002 0.000004 0.222430 0.216078
    46 1.099609 0.000002 -0.000006 0.000001 0.280398 0.302812
    47 3.548828 0.211304 1.487305 0.305524 -0.075300 -0.180333
    48 1.218360 -0.000002 0.000000 0.000010 -0.007083 -1.168838
    49 0.679688 0.000001 -0.000004 0.000000 -0.003643 -0.360285
    50 3.697266 0.273682 0.726563 0.113959 -0.036578 -0.367492
    51 1.748047 -0.000011 0.000000 0.000000 -0.004398 -0.989953
    52 0.959961 0.000005 0.000004 0.000003 -0.007258 -0.733353
    53 -3.756462 5.577850 2.053357 1.570803 -0.000001 0.000000
    54 -2.735646 -0.081365 5.727119 0.000007 0.000015 1.570796
    55 0.000001 5.662003 -0.974302 1.570804 -0.000001 0.000000
    56 -0.000002 -2.275002 5.113525 0.000000 0.000000 -3.141592
    57 -2.477620 5.416855 4.597564 1.570804 -0.000001 0.000000
    58 -1.515218 1.317776 5.998497 0.000000 0.000000 0.000000
    59 -2.455992 5.657928 -0.087295 1.570804 -0.000001 0.000000
    60 -1.485628 -1.617812 5.263969 0.000000 0.000000 3.141592
    61 3.756460 5.577858 2.053359 1.570803 -0.000001 0.000000
    62 2.735645 -0.081364 5.727116 0.000004 -0.000011 -1.570795
    63 2.477613 5.416855 4.597570 1.570804 -0.000001 0.000000
    64 1.515220 1.317777 5.998508 0.000000 0.000000 0.000000
    65 2.455991 5.657928 -0.087293 1.570804 -0.000001 0.000000
    66 1.485620 -1.617803 5.263973 0.000000 0.000000 -3.141592
    67 4.575642 5.632584 0.000132 0.000000 -1.570771 0.249128
    68 -0.000001 0.314078 5.161098 0.000000 0.000000 0.000000
    69 -0.000001 -0.323108 3.750217 0.000000 0.000000 0.000000
    70 5.734947 1.075212 4.685178 1.570830 -0.000004 -1.321669
    71 -0.753896 0.305901 4.971462 -0.000001 0.000002 0.000000
    72 -1.101006 -0.314705 3.448307 0.000001 0.000001 0.000000
    73 5.809101 -1.029643 4.595047 1.570829 -0.000004 -1.321671
    74 -0.714908 -0.199657 5.028973 0.000000 0.000003 0.000000
    75 -0.282898 -0.851690 4.444889 0.000000 0.000000 0.000000
    76 9.578484 -1.290738 0.000240 0.000000 1.570770 -2.892481
    77 9.369518 -1.236408 1.787905 0.000000 1.570770 -2.892481
    78 9.436707 -1.331719 -1.409029 0.000000 1.570770 -2.892477
    79 5.735191 1.075235 -4.684885 -1.570814 0.000004 1.819923
    80 0.753901 0.305904 4.971474 -0.000001 -0.000002 0.000000
    81 1.101010 -0.314705 3.448315 0.000000 -0.000001 0.000000
    82 5.809341 -1.029617 -4.594752 -1.570814 0.000004 1.819922
    83 0.714908 -0.199655 5.028969 0.000000 -0.000003 0.000000
    84 0.282897 -0.851688 4.444893 0.000000 0.000000 0.000000
  time 18
    0 -29.359436 -29.809361 36.138023 1.537048 -0.021704 0.049702
    1 3.983847 0.002149 0.003401 -1.295180 0.225535 -1.276490
    2 15.938816 -0.000100 -0.000005 -0.000009 -0.000002 0.177158
    3 17.707025 -0.000068 0.000003 -0.090124 -0.035856 -1.212344
    4 6.202515 0.003416 -0.000367 -0.008588 0.000563 -0.755082
    5 -3.983848 0.002149 0.003395 -1.329149 -0.211375 -1.934360
    6 15.938826 -0.000113 -0.000001 0.000002 0.000010 0.259242
    7 17.707031 0.000018 0.000000 0.417329 0.022438 -1.238602
    8 6.202710 0.003078 0.003745 -0.078998 -0.006363 -0.498948
    9 -0.000001 4.209253 -1.688832 1.512503 -0.046122 1.568490
    10 3.836055 0.000000 0.000000 -0.066551 -0.021224 -0.094211
    11 3.617625 -0.000275 -0.000015 -0.104086 -0.019902 0.053556
    12 7.537925 0.003588 -0.000212 -0.000015 -0.003328 0.208133
    13 3.181604 -0.002346 0.000028 3.154915 0.034784 0.224354
    14 2.966416 0.000318 0.000023 0.163945 0.061707 0.167527
    15 2.023770 0.904983 0.850949 1.777153 -1.225702 2.752493
    16 4.980521 0.000781 -0.001089 -1.642538 0.135625 -0.976925
    17 11.119977 0.000007 0.000004 -0.000003 -0.136098 -0.781343
    18 11.205393 -0.000039 0.000000 1.768210 -0.365977 -0.172516
    19 3.767578 0.152466 0.071350 0.091228 0.111866 -0.306500
    20 2.036722 -0.000008 0.000000 0.000004 0.004989 -0.963096
    21 1.066406 -0.000002 -0.000002 -0.000003 0.002792 -0.550461
    22 3.782109 -0.019114 0.794763 0.324456 -0.053672 -0.155151
    23 1.627436 0.000008 0.000000 -0.000002 0.005086 -0.697000
    24 0.955566 -0.000006 0.000000 -0.000003 0.003249 -0.578379
    25 1.258789 -0.297852 1.251953 -1.927891 -0.158425 -0.368982
    26 1.392578 0.000005 -0.000004 0.000000 0.002017 0.071902
    27 1.100942 0.000011 0.000000 0.000005 -0.295767 0.023729
    28 3.547341 0.197447 -1.485758 -0.325312 0.113849 -0.242947
    29 1.218750 0.000004 0.000001 0.000000 0.004666 -1.036462
    30 0.681774 -0.000006 0.000000 -0.000005 0.002402 -0.578394
    31 3.697266 0.267334 -0.728516 -0.120242 0.090683 -0.423538
    32 1.748047 0.000000 -0.000002 -0.000001 0.002902 -0.844486
    33 0.956684 0.000008 0.000001 0.000003 0.004804 -0.764821
    34 2.023778 0.904982 -0.850921 -1.755530 1.247107 2.851498
    35 4.981625 0.002227 0.003236 1.748356 -0.349774 -1.204826
    36 11.119975 -0.000005 0.000000 0.000001 0.136123 -0.173720
    37 11.205375 0.000073 0.000008 -1.718766 0.410750 -0.047411
    38 3.767578 0.151855 -0.072693 -0.091153 -0.086648 -0.259292
    39 2.036716 -0.000004 0.000000 0.000000 -0.007577 -1.152243
    40 1.066406 0.000007 0.000002 0.000000 -0.004241 -0.562584
    41 3.780812 -0.024988 -0.795569 -0.312708 -0.016306 -0.057435
    42 1.627434 -0.000011 -0.000001 0.000003 -0.007718 -0.915250
    43 0.954089 -0.000004 0.000000 0.000004 -0.004923 -0.567880
    44 1.258789 -0.308350 -1.250000 1.747969 0.219669 -0.507422
    45 1.392578 -0.000006 0.000002 0.000004 0.222430 0.216078
    46 1.099609 0.000002 -0.000006 0.000001 0.280398 0.302812
    47 3.548828 0.211304 1.487305 0.305524 -0.075300 -0.180333
    48 1.218360 -0.000002 0.000000 0.000010 -0.007083 -1.168838
    49 0.679688 0.000001 -0.000004 0.000000 -0.003643 -0.360285
    50 3.697266 0.273682 0.726563 0.113959 -0.036578 -0.367492
    51 1.748047 -0.000011 0.000000 0.000000 -0.004398 -0.989953
    52 0.959961 0.000005 0.000004 0.000003 -0.007258 -0.733353
    53 -3.756462 5.577850 2.053357 1.570803 -0.000001 0.000000
    54 -2.735646 -0.081365 5.727119 0.000007 0.000015 1.570796
    55 0.000001 5.662003 -0.974302 1.570804 -0.000001 0.000000
    56 -0.000002 -2.275002 5.113525 0.000000 0.000000 -3.141592
    57 -2.477620 5.416855 4.597564 1.570804 -0.000001 0.000000
    58 -1.515218 1.317776 5.998497 0.000000 0.000000 0.000000
    59 -2.455992 5.657928 -0.087295 1.570804 -0.000001 0.000000
    60 -1.485628 -1.617812 5.263969 0.000000 0.000000 3.141592
    61 3.756460 5.577858 2.053359 1.570803 -0.000001 0.000000
    62 2.735645 -0.081364 5.727116 0.000004 -0.000011 -1.570795
    63 2.477613 5.416855 4.597570 1.570804 -0.000001 0.000000
    64 1.515220 1.317777 5.998508 0.000000 0.000000 0.000000
    65 2.455991 5.657928 -0.087293 1.570804 -0.000001 0.000000
    66 1.485620 -1.617803 5.263973 0.000000 0.000000 -3.141592
    67 4.575642 5.632584 0.000132 0.000000 -1.570771 0.249128
    68 -0.000001 0.314078 5.161098 0.000000 0.000000 0.000000
    69 -0.000001 -0.323108 3.750217 0.000000 0.000000 0.000000
    70 5.734947 1.075212 4.685178 1.570830 -0.000004 -1.321669
    71 -0.753896 0.305901 4.971462 -0.000001 0.000002 0.000000
    72 -1.101006 -0.314705 3.448307 0.000001 0.000001 0.000000
    73 5.809101 -1.029643 4.595047 1.570829 -0.000004 -1.321671
    74 -0.714908 -0.199657 5.028973 0.000000 0.000003 0.000000
    75 -0.282898 -0.851690 4.444889 0.000000 0.000000 0.000000
    76 9.578484 -1.290738 0.000240 0.000000 1.570770 -2.892481
    77 9.369518 -1.236408 1.787905 0.000000 1.570770 -2.892481
    78 9.436707 -1.331719 -1.409029 0.000000 1.570770 -2.892477
    79 5.735191 1.075235 -4.684885 -1.570814 0.000004 1.819923
    80 0.753901 0.305904 4.971474 -0.000001 -0.000002 0.000000
    81 1.101010 -0.314705 3.448315 0.000000 -0.000001 0.000000
    82 5.809341 -1.029617 -4.594752 -1.570814 0.000004 1.819922
    83 0.714908 -0.199655 5.028969 0.000000 -0.000003 0.000000
    84 0.282897 -0.851688 4.444893 0.000000 0.000000 0.000000
  time 19
    0 -31.005237 -31.509926 35.950518 1.535227 -0.019439 0.039478
    1 3.983847 0.002149 0.003401 -1.325295 0.241600 -1.227853
    2 15.938816 -0.000100 -0.000005 -0.000009 -0.000002 0.212029
    3 17.707025 -0.000068 0.000003 -0.079910 -0.003691 -1.098601
    4 6.202515 0.003416 -0.000367 -0.007641 0.000444 -0.918200
    5 -3.983848 0.002149 0.003395 -1.358097 -0.252427 -1.928739
    6 15.938826 -0.000113 -0.000001 0.000002 0.000010 0.349114
    7 17.707031 0.000018 0.000000 0.378092 0.052115 -1.287475
    8 6.202710 0.003078 0.003745 -0.078962 -0.006351 -0.498948
    9 -0.000001 4.209253 -1.688832 1.513750 -0.047353 1.569065
    10 3.836055 0.000000 0.000000 -0.061577 -0.020169 -0.093037
    11 3.617625 -0.000275 -0.000015 -0.097626 -0.017553 0.054753
    12 7.537925 0.003588 -0.000212 0.000105 -0.002153 0.208133
    13 3.181604 -0.002346 0.000028 3.151176 0.025388 0.224222
    14 2.966416 0.000318 0.000023 0.163478 0.051017 0.167119
    15 2.023770 0.904983 0.850949 1.759603 -1.227738 2.771074
    16 4.980521 0.000781 -0.001089 -1.646924 0.158329 -0.993257
    17 11.119977 0.000007 0.000004 -0.000003 -0.136098 -0.769050
    18 11.205393 -0.000039 0.000000 1.767393 -0.341602 -0.175896
    19 3.767578 0.152466 0.071350 0.091228 0.111866 -0.306500
    20 2.036722 -0.000008 0.000000 0.000004 0.004989 -0.963096
    21 1.066406 -0.000002 -0.000002 -0.000003 0.002792 -0.550461
    22 3.782109 -0.019114 0.794763 0.324456 -0.053672 -0.155151
    23 1.627436 0.000008 0.000000 -0.000002 0.005086 -0.697000
    24 0.955566 -0.000006 0.000000 -0.000003 0.003249 -0.578379
    25 1.258789 -0.297852 1.251953 -1.927891 -0.158425 -0.368982
    26 1.392578 0.000005 -0.000004 0.000000 0.002017 0.071902
    27 1.100942 0.000011 0.000000 0.000005 -0.295767 0.023729
    28 3.547341 0.197447 -1.485758 -0.325312 0.113849 -0.242888
    29 1.218750 0.000004 0.000001 0.000000 0.004666 -1.036462
    30 0.681774 -0.000006 0.000000 -0.000005 0.002402 -0.578394
    31 3.697266 0.267334 -0.728516 -0.120242 0.090683 -0.423538
    32 1.748047 0.000000 -0.000002 -0.000001 0.002902 -0.844486
    33 0.956684 0.000008 0.000001 0.000003 0.004804 -0.764821
    34 2.023778 0.904982 -0.850921 -1.773952 1.244624 2.832169
    35 4.981625 0.002227 0.003236 1.744745 -0.331059 -1.198157
    36 11.119975 -0.000005 0.000000 0.000001 0.136123 -0.177945
    37 11.205375 0.000073 0.000008 -1.736470 0.378703 0.015892
    38 3.767578 0.151855 -0.072693 -0.091153 -0.086648 -0.259292
    39 2.036716 -0.000004 0.000000 0.000012 -0.007577 -1.152243
    40 1.066406 0.000007 0.000002 0.000000 -0.004241 -0.562584
    41 3.780812 -0.024988 -0.795569 -0.312708 -0.016306 -0.057435
    42 1.627434 -0.000011 -0.000001 0.000003 -0.007718 -0.915303
    43 0.954089 -0.000004 0.000000 0.000004 -0.004923 -0.567880
    44 1.258789 -0.308350 -1.250000 1.747969 0.219669 -0.507422
    45 1.392578 -0.000006 0.000002 0.000004 0.222430 0.216078
    46 1.099609 0.000002 -0.000006 0.000001 0.280398 0.302812
    47 3.548828 0.211304 1.487305 0.305524 -0.075300 -0.180333
    48 1.218360 -0.000002 0.000000 0.000010 -0.007083 -1.168838
    49 0.679688 0.000001 -0.000004 0.000000 -0.003643 -0.360285
    50 3.697266 0.273682 0.726563 0.113959 -0.036578 -0.367492
    51 1.748047 -0.000011 0.000000 0.000000 -0.004398 -0.989953
    52 0.959961 0.000005 0.000004 0.000003 -0.007258 -0.733353
    53 -3.756462 5.577850 2.053357 1.570803 -0.000001 0.000000
    54 -2.735646 -0.081365 5.727119 0.000007 0.000015 1.570796
    55 0.000001 5.662003 -0.974302 1.570804 -0.000001 0.000000
    56 -0.000002 -2.275002 5.113525 0.000000 0.000000 -3.141592
    57 -2.477620 5.416855 4.597564 1.570804 -0.000001 0.000000
    58 -1.515218 1.317776 5.998497 0.000000 0.000000 0.000000
    59 -2.455992 5.657928 -0.087295 1.570804 -0.000001 0.000000
    60 -1.485628 -1.617812 5.263969 0.000000 0.000000 3.141592
    61 3.756460 5.577858 2.053359 1.570803 -0.000001 0.000000
    62 2.735645 -0.081364 5.727116 0.000004 -0.000011 -1.570795
    63 2.477613 5.416855 4.597570 1.570804 -0.000001 0.000000
    64 1.515220 1.317777 5.998508 0.000000 0.000000 0.000000
    65 2.455991 5.657928 -0.087293 1.570804 -0.000001 0.000000
    66 1.485620 -1.617803 5.263973 0.000000 0.000000 -3.141592
    67 4.575642 5.632584 0.000132 0.000000 -1.570771 0.249128
    68 -0.000001 0.314078 5.161098 0.000000 0.000000 0.000000
    69 -0.000001 -0.323108 3.750217 0.000000 0.000000 0.000000
    70 5.734947 1.075212 4.685178 1.570830 -0.000004 -1.321669
    71 -0.753896 0.305901 4.971462 -0.000001 0.000002 0.000000
    72 -1.101006 -0.314705 3.448307 0.000001 0.000001 0.000000
    73 5.809101 -1.029643 4.595047 1.570829 -0.000004 -1.321671
    74 -0.714908 -0.199657 5.028973 0.000000 0.000003 0.000000
    75 -0.282898 -0.851690 4.444889 0.000000 0.000000 0.000000
    76 9.578484 -1.290738 0.000240 0.000000 1.570770 -2.892481
    77 9.369518 -1.236408 1.787905 0.000000 1.570770 -2.892481
    78 9.436707 -1.331719 -1.409029 0.000000 1.570770 -2.892477
    79 5.735191 1.075235 -4.684885 -1.570814 0.000004 1.819923
    80 0.753901 0.305904 4.971474 -0.000001 -0.000002 0.000000
    81 1.101010 -0.314705 3.448315 0.000000 -0.000001 0.000000
    82 5.809341 -1.029617 -4.594752 -1.570814 0.000004 1.819922
    83 0.714908 -0.199655 5.028969 0.000000 -0.000003 0.000000
    84 0.282897 -0.851688 4.444893 0.000000 0.000000 0.000000
  time 20
    0 -32.662757 -33.198771 35.919267 1.537384 -0.006711 0.021905
    1 3.983847 0.002149 0.003401 -1.367856 0.181169 -1.194147
    2 15.938816 -0.000100 -0.000005 -0.000009 -0.000002 0.368660
    3 17.707025 -0.000068 0.000003 -0.066667 0.036663 -1.005356
    4 6.202515 0.003416 -0.000367 -0.006862 0.000923 -1.024103
    5 -3.983848 0.002149 0.003395 -1.388000 -0.294638 -1.889020
    6 15.938826 -0.000113 -0.000001 0.000002 0.000010 0.458446
    7 17.707031 0.000018 0.000000 0.325073 0.063929 -1.304210
    8 6.202710 0.003078 0.003745 -0.078830 -0.006279 -0.498948
    9 -0.000001 4.209253 -1.688832 1.519023 -0.046586 1.572852
    10 3.836055 0.000000 0.000000 -0.053032 -0.008820 -0.093876
    11 3.617625 -0.000275 -0.000015 -0.086516 -0.014305 0.053936
    12 7.537925 0.003588 -0.000212 0.000309 -0.000823 0.208133
    13 3.181604 -0.002346 0.000028 3.146574 0.013535 0.224138
    14 2.966416 0.000318 0.000023 0.156502 0.041489 0.162127
    15 2.023770 0.904983 0.850949 1.741303 -1.229937 2.790561
    16 4.980521 0.000781 -0.001089 -1.653632 0.183934 -1.015735
    17 11.119977 0.000007 0.000004 -0.000003 -0.136098 -0.742747
    18 11.205393 -0.000039 0.000000 1.753564 -0.317945 -0.162066
    19 3.767578 0.152466 0.071350 0.091228 0.111866 -0.306500
    20 2.036722 -0.000008 0.000000 0.000004 0.004989 -0.963096
    21 1.066406 -0.000002 -0.000002 -0.000003 0.002792 -0.550461
    22 3.782109 -0.019114 0.794763 0.324456 -0.053696 -0.155151
    23 1.627436 0.000008 0.000000 -0.000002 0.005086 -0.697000
    24 0.955566 -0.000006 0.000000 -0.000003 0.003249 -0.578379
    25 1.258789 -0.297852 1.251953 -1.927891 -0.158425 -0.368982
    26 1.392578 0.000005 -0.000004 0.000000 0.002017 0.071902
    27 1.100942 0.000011 0.000000 0.000005 -0.295767 0.023716
    28 3.547341 0.197447 -1.485758 -0.325312 0.113849 -0.242888
    29 1.218750 0.000004 0.000001 0.000000 0.004666 -1.036462
    30 0.681774 -0.000006 0.000000 -0.000005 0.002402 -0.578394
    31 3.697266 0.267334 -0.728516 -0.120242 0.090683 -0.423538
    32 1.748047 0.000000 -0.000002 -0.000001 0.002902 -0.844486
    33 0.956684 0.000008 0.000001 0.000015 0.004804 -0.764821
    34 2.023778 0.904982 -0.850921 -1.792532 1.241773 2.812480
    35 4.981625 0.002227 0.003236 1.735560 -0.305254 -1.185787
    36 11.119975 -0.000005 0.000000 0.000001 0.136123 -0.189296
    37 11.205375 0.000073 0.000008 -1.774838 0.346908 0.057598
    38 3.767578 0.151855 -0.072693 -0.091153 -0.086648 -0.259292
    39 2.036716 -0.000004 0.000000 0.000012 -0.007577 -1.152243
    40 1.066406 0.000007 0.000002 0.000000 -0.004241 -0.562584
    41 3.780812 -0.024988 -0.795569 -0.312708 -0.016306 -0.057435
    42 1.627434 -0.000011 -0.000001 0.000003 -0.007718 -0.915250
    43 0.954089 -0.000004 0.000000 0.000004 -0.004923 -0.567880
    44 1.258789 -0.308350 -1.250000 1.747969 0.219669 -0.507422
    45 1.392578 -0.000006 0.000002 0.000004 0.222430 0.216078
    46 1.099609 0.000002 -0.000006 0.000001 0.280398 0.302812
    47 3.548828 0.211304 1.487305 0.305524 -0.075300 -0.180333
    48 1.218360 -0.000002 0.000000 0.000010 -0.007083 -1.168838
    49 0.679688 0.000001 -0.000004 0.000000 -0.003643 -0.360285
    50 3.697266 0.273682 0.726563 0.113959 -0.036578 -0.367492
    51 1.748047 -0.000011 0.000000 0.000000 -0.004398 -0.989953
    52 0.959961 0.000005 0.000004 0.000003 -0.007258 -0.733353
    53 -3.756462 5.577850 2.053357 1.570803 -0.000001 0.000000
    54 -2.735646 -0.081365 5.727119 0.000007 0.000015 1.570796
    55 0.000001 5.662003 -0.974302 1.570804 -0.000001 0.000000
    56 -0.000002 -2.275002 5.113525 0.000000 0.000000 -3.141592
    57 -2.477620 5.416855 4.597564 1.570804 -0.000001 0.000000
    58 -1.515218 1.317776 5.998497 0.000000 0.000000 0.000000
    59 -2.455992 5.657928 -0.087295 1.570804 -0.000001 0.000000
    60 -1.485628 -1.617812 5.263969 0.000000 0.000000 3.141592
    61 3.756460 5.577858 2.053359 1.570803 -0.000001 0.000000
    62 2.735645 -0.081364 5.727116 0.000004 -0.000011 -1.570795
    63 2.477613 5.416855 4.597570 1.570804 -0.000001 0.000000
    64 1.515220 1.317777 5.998508 0.000000 0.000000 0.000000
    65 2.455991 5.657928 -0.087293 1.570804 -0.000001 0.000000
    66 1.485620 -1.617803 5.263973 0.000000 0.000000 -3.141592
    67 4.575642 5.632584 0.000132 0.000000 -1.570771 0.249128
    68 -0.000001 0.314078 5.161098 0.000000 0.000000 0.000000
    69 -0.000001 -0.323108 3.750217 0.000000 0.000000 0.000000
    70 5.734947 1.075212 4.685178 1.570830 -0.000004 -1.321669
    71 -0.753896 0.305901 4.971462 -0.000001 0.000002 0.000000
    72 -1.101006 -0.314705 3.448307 0.000001 0.000001 0.000000
    73 5.809101 -1.029643 4.595047 1.570829 -0.000004 -1.321671
    74 -0.714908 -0.199657 5.028973 0.000000 0.000003 0.000000
    75 -0.282898 -0.851690 4.444889 0.000000 0.000000 0.000000
    76 9.578484 -1.290738 0.000240 0.000000 1.570770 -2.892481
    77 9.369518 -1.236408 1.787905 0.000000 1.570770 -2.892481
    78 9.436707 -1.331719 -1.409029 0.000000 1.570770 -2.892477
    79 5.735191 1.075235 -4.684885 -1.570814 0.000004 1.819923
    80 0.753901 0.305904 4.971474 -0.000001 -0.000002 0.000000
    81 1.101010 -0.314705 3.448315 0.000000 -0.000001 0.000000
    82 5.809341 -1.029617 -4.594752 -1.570814 0.000004 1.819922
    83 0.714908 -0.199655 5.028969 0.000000 -0.000003 0.000000
    84 0.282897 -0.851688 4.444893 0.000000 0.000000 0.000000
  time 21
    0 -34.308558 -34.883711 36.024739 1.541986 0.026462 -0.001354
    1 3.983847 0.002149 0.003401 -1.417067 0.051451 -1.159279
    2 15.938816 -0.000100 -0.000005 -0.000009 -0.000002 0.615305
    3 17.707025 -0.000068 0.000003 -0.062097 0.082152 -0.942091
    4 6.202515 0.003416 -0.000367 -0.006203 0.001966 -1.024103
    5 -3.983848 0.002149 0.003395 -1.419431 -0.302496 -1.805741
    6 15.938826 -0.000113 -0.000001 0.000002 0.000010 0.509334
    7 17.707031 0.000018 0.000000 0.275386 0.060145 -1.228580
    8 6.202710 0.003078 0.003745 -0.078662 -0.006183 -0.498948
    9 -0.000001 4.209253 -1.688832 1.528083 -0.044022 1.583877
    10 3.836055 0.000000 0.000000 -0.041671 0.021106 -0.096548
    11 3.617625 -0.000275 -0.000015 -0.071655 -0.009967 0.051317
    12 7.537925 0.003588 -0.000212 0.000740 0.002353 0.208133
    13 3.181604 -0.002346 0.000028 3.141588 -0.000235 0.224138
    14 2.966416 0.000318 0.000023 0.142325 0.035796 0.150282
    15 2.023770 0.904983 0.850949 1.704453 -1.234578 2.829717
    16 4.980521 0.000781 -0.001089 -1.671693 0.241317 -1.075827
    17 11.119977 0.000007 0.000004 -0.000003 -0.136098 -0.635709
    18 11.205393 -0.000039 0.000000 1.705066 -0.297572 -0.069964
    19 3.767578 0.152466 0.071350 0.091228 0.111866 -0.306500
    20 2.036722 -0.000008 0.000000 0.000004 0.004989 -0.963127
    21 1.066406 -0.000002 -0.000002 -0.000003 0.002792 -0.550461
    22 3.782109 -0.019114 0.794763 0.324456 -0.053696 -0.155151
    23 1.627436 0.000008 0.000000 -0.000002 0.005086 -0.697049
    24 0.955566 -0.000006 0.000000 -0.000003 0.003249 -0.578379
    25 1.258789 -0.297852 1.251953 -1.927891 -0.158425 -0.368982
    26 1.392578 0.000005 -0.000004 0.000000 0.002017 0.071902
    27 1.100942 0.000011 0.000000 0.000005 -0.295767 0.023716
    28 3.547341 0.197447 -1.485758 -0.325312 0.113849 -0.242888
    29 1.218750 0.000004 0.000001 0.000000 0.004666 -1.036462
    30 0.681774 -0.000006 0.000000 -0.000005 0.002402 -0.578394
    31 3.697266 0.267334 -0.728516 -0.120242 0.090683 -0.423538
    32 1.748047 0.000000 -0.000002 -0.000001 0.002902 -0.844486
    33 0.956684 0.000008 0.000001 0.000015 0.004804 -0.764821
    34 2.023778 0.904982 -0.850921 -1.827602 1.234974 2.775268
    35 4.981625 0.002227 0.003236 1.698978 -0.235753 -1.144536
    36 11.119975 -0.000005 0.000000 0.000001 0.136123 -0.231734
    37 11.205375 0.000073 0.000008 -1.811058 0.308545 0.072327
    38 3.767578 0.151855 -0.072693 -0.091153 -0.086648 -0.259292
    39 2.036716 -0.000004 0.000000 0.000012 -0.007577 -1.152243
    40 1.066406 0.000007 0.000002 0.000000 -0.004241 -0.562584
    41 3.780812 -0.024988 -0.795569 -0.312708 -0.016306 -0.057383
    42 1.627434 -0.000011 -0.000001 0.000003 -0.007718 -0.915250
    43 0.954089 -0.000004 0.000000 0.000004 -0.004923 -0.567880
    44 1.258789 -0.308350 -1.250000 1.747969 0.219669 -0.507422
    45 1.392578 -0.000006 0.000002 0.000004 0.222430 0.216078
    46 1.099609 0.000002 -0.000006 0.000001 0.280398 0.302812
    47 3.548828 0.211304 1.487305 0.305524 -0.075300 -0.180333
    48 1.218360 -0.000002 0.000000 0.000010 -0.007083 -1.168838
    49 0.679688 0.000001 -0.000004 0.000000 -0.003643 -0.360285
    50 3.697266 0.273682 0.726563 0.113959 -0.036578 -0.367492
    51 1.748047 -0.000011 0.000000 0.000000 -0.004398 -0.989953
    52 0.959961 0.000005 0.000004 0.000003 -0.007258 -0.733353
    53 -3.756462 5.577850 2.053357 1.570803 -0.000001 0.000000
    54 -2.735646 -0.081365 5.727119 0.000007 0.000015 1.570796
    55 0.000001 5.662003 -0.974302 1.570804 -0.000001 0.000000
    56 -0.000002 -2.275002 5.113525 0.000000 0.000000 -3.141592
    57 -2.477620 5.416855 4.597564 1.570804 -0.000001 0.000000
    58 -1.515218 1.317776 5.998497 0.000000 0.000000 0.000000
    59 -2.455992 5.657928 -0.087295 1.570804 -0.000001 0.000000
    60 -1.485628 -1.617812 5.263969 0.000000 0.000000 3.141592
    61 3.756460 5.577858 2.053359 1.570803 -0.000001 0.000000
    62 2.735645 -0.081364 5.727116 0.000004 -0.000011 -1.570795
    63 2.477613 5.416855 4.597570 1.570804 -0.000001 0.000000
    64 1.515220 1.317777 5.998508 0.000000 0.000000 0.000000
    65 2.455991 5.657928 -0.087293 1.570804 -0.000001 0.000000
    66 1.485620 -1.617803 5.263973 0.000000 0.000000 -3.141592
    67 4.575642 5.632584 0.000132 0.000000 -1.570771 0.249128
    68 -0.000001 0.314078 5.161098 0.000000 0.000000 0.000000
    69 -0.000001 -0.323108 3.750217 0.000000 0.000000 0.000000
    70 5.734947 1.075212 4.685178 1.570830 -0.000004 -1.321669
    71 -0.753896 0.305901 4.971462 -0.000001 0.000002 0.000000
    72 -1.101006 -0.314705 3.448307 0.000001 0.000001 0.000000
    73 5.809101 -1.029643 4.595047 1.570829 -0.000004 -1.321671
    74 -0.714908 -0.199657 5.028973 0.000000 0.000003 0.000000
    75 -0.282898 -0.851690 4.444889 0.000000 0.000000 0.000000
    76 9.578484 -1.290738 0.000240 0.000000 1.570770 -2.892481
    77 9.369518 -1.236408 1.787905 0.000000 1.570770 -2.892481
    78 9.436707 -1.331719 -1.409029 0.000000 1.570770 -2.892477
    79 5.735191 1.075235 -4.684885 -1.570814 0.000004 1.819923
    80 0.753901 0.305904 4.971474 -0.000001 -0.000002 0.000000
    81 1.101010 -0.314705 3.448315 0.000000 -0.000001 0.000000
    82 5.809341 -1.029617 -4.594752 -1.570814 0.000004 1.819922
    83 0.714908 -0.199655 5.028969 0.000000 -0.000003 0.000000
    84 0.282897 -0.851688 4.444893 0.000000 0.000000 0.000000
  time 22
    0 -35.950452 -36.553025 36.259121 1.547307 0.062823 -0.029151
    1 3.983847 0.002149 0.003401 -1.470647 -0.069323 -1.125305
    2 15.938816 -0.000100 -0.000005 -0.000009 -0.000002 0.799093
    3 17.707025 -0.000068 0.000003 -0.073220 0.126367 -0.874941
    4 6.202515 0.003416 -0.000367 -0.005820 0.002637 -1.024103
    5 -3.983848 0.002149 0.003395 -1.452487 -0.267714 -1.710096
    6 15.938826 -0.000113 -0.000001 0.000002 0.000010 0.504988
    7 17.707031 0.000018 0.000000 0.237146 0.080561 -1.240126
    8 6.202710 0.003078 0.003745 -0.078650 -0.006183 -0.498948
    9 -0.000001 4.209253 -1.688832 1.539827 -0.040125 1.595622
    10 3.836055 0.000000 0.000000 -0.028224 0.053740 -0.100623
    11 3.617625 -0.000275 -0.000015 -0.054062 -0.004658 0.047347
    12 7.537925 0.003588 -0.000212 0.000992 0.003971 0.208145
    13 3.181604 -0.002346 0.000028 3.136123 -0.014629 0.224138
    14 2.966416 0.000318 0.000023 0.124264 0.031158 0.129043
    15 2.023770 0.904983 0.850949 1.687203 -1.236899 2.848207
    16 4.980521 0.000781 -0.001089 -1.684440 0.271881 -1.107352
    17 11.119977 0.000007 0.000004 -0.000003 -0.136098 -0.562407
    18 11.205393 -0.000039 0.000000 1.683266 -0.299907 -0.031685
    19 3.767578 0.152466 0.071350 0.091228 0.111866 -0.306500
    20 2.036722 -0.000008 0.000000 0.000004 0.004989 -0.963096
    21 1.066406 -0.000002 -0.000002 -0.000003 0.002792 -0.550461
    22 3.782109 -0.019114 0.794763 0.324456 -0.053672 -0.155151
    23 1.627436 0.000008 0.000000 -0.000002 0.005086 -0.697000
    24 0.955566 -0.000006 0.000000 -0.000003 0.003249 -0.578379
    25 1.258789 -0.297852 1.251953 -1.927891 -0.158425 -0.368982
    26 1.392578 0.000005 -0.000004 0.000000 0.002017 0.071902
    27 1.100942 0.000011 0.000000 0.000005 -0.295767 0.023729
    28 3.547341 0.197447 -1.485758 -0.325312 0.113849 -0.242888
    29 1.218750 0.000004 0.000001 0.000000 0.004666 -1.036462
    30 0.681774 -0.000006 0.000000 -0.000005 0.002402 -0.578394
    31 3.697266 0.267334 -0.728516 -0.120242 0.090683 -0.423538
    32 1.748047 0.000000 -0.000002 -0.000001 0.002902 -0.844486
    33 0.956684 0.000008 0.000001 0.000003 0.004804 -0.764821
    34 2.023778 0.904982 -0.850921 -1.843155 1.231147 2.758739
    35 4.981625 0.002227 0.003236 1.670806 -0.194255 -1.120149
    36 11.119975 -0.000005 0.000000 0.000001 0.136123 -0.265596
    37 11.205375 0.000073 0.000008 -1.767727 0.304231 0.071620
    38 3.767578 0.151855 -0.072693 -0.091153 -0.086648 -0.259292
    39 2.036716 -0.000004 0.000000 0.000000 -0.007577 -1.152243
    40 1.066406 0.000007 0.000002 0.000000 -0.004241 -0.562584
    41 3.780812 -0.024988 -0.795569 -0.312708 -0.016306 -0.057435
    42 1.627434 -0.000011 -0.000001 0.000003 -0.007718 -0.915250
    43 0.954089 -0.000004 0.000000 0.000004 -0.004923 -0.567880
    44 1.258789 -0.308350 -1.250000 1.747969 0.219669 -0.507422
    45 1.392578 -0.000006 0.000002 0.000004 0.222430 0.216078
    46 1.099609 0.000002 -0.000006 0.000001 0.280398 0.302812
    47 3.548828 0.211304 1.487305 0.305524 -0.075300 -0.180333
    48 1.218360 -0.000002 0.000000 0.000010 -0.007083 -1.168838
    49 0.679688 0.000001 -0.000004 0.000000 -0.003643 -0.360285
    50 3.697266 0.273682 0.726563 0.113959 -0.036578 -0.367492
    51 1.748047 -0.000011 0.000000 0.000000 -0.004398 -0.989953
    52 0.959961 0.000005 0.000004 0.000003 -0.007258 -0.733353
    53 -3.756462 5.577850 2.053357 1.570803 -0.000001 0.000000
    54 -2.735646 -0.081365 5.727119 0.000007 0.000015 1.570796
    55 0.000001 5.662003 -0.974302 1.570804 -0.000001 0.000000
    56 -0.000002 -2.275002 5.113525 0.000000 0.000000 -3.141592
    57 -2.477620 5.416855 4.597564 1.570804 -0.000001 0.000000
    58 -1.515218 1.317776 5.998497 0.000000 0.000000 0.000000
    59 -2.455992 5.657928 -0.087295 1.570804 -0.000001 0.000000
    60 -1.485628 -1.617812 5.263969 0.000000 0.000000 3.141592
    61 3.756460 5.577858 2.053359 1.570803 -0.000001 0.000000
    62 2.735645 -0.081364 5.727116 0.000004 -0.000011 -1.570795
    63 2.477613 5.416855 4.597570 1.570804 -0.000001 0.000000
    64 1.515220 1.317777 5.998508 0.000000 0.000000 0.000000
    65 2.455991 5.657928 -0.087293 1.570804 -0.000001 0.000000
    66 1.485620 -1.617803 5.263973 0.000000 0.000000 -3.141592
    67 4.575642 5.632584 0.000132 0.000000 -1.570771 0.249128
    68 -0.000001 0.314078 5.161098 0.000000 0.000000 0.000000
    69 -0.000001 -0.323108 3.750217 0.000000 0.000000 0.000000
    70 5.734947 1.075212 4.685178 1.570830 -0.000004 -1.321669
    71 -0.753896 0.305901 4.971462 -0.000001 0.000002 0.000000
    72 -1.101006 -0.314705 3.448307 0.000001 0.000001 0.000000
    73 5.809101 -1.029643 4.595047 1.570829 -0.000004 -1.321671
    74 -0.714908 -0.199657 5.028973 0.000000 0.000003 0.000000
    75 -0.282898 -0.851690 4.444889 0.000000 0.000000 0.000000
    76 9.578484 -1.290738 0.000240 0.000000 1.570770 -2.892481
    77 9.369518 -1.236408 1.787905 0.000000 1.570770 -2.892481
    78 9.436707 -1.331719 -1.409029 0.000000 1.570770 -2.892477
    79 5.735191 1.075235 -4.684885 -1.570814 0.000004 1.819923
    80 0.753901 0.305904 4.971474 -0.000001 -0.000002 0.000000
    81 1.101010 -0.314705 3.448315 0.000000 -0.000001 0.000000
    82 5.809341 -1.029617 -4.594752 -1.570814 0.000004 1.819922
    83 0.714908 -0.199655 5.028969 0.000000 -0.000003 0.000000
    84 0.282897 -0.851688 4.444893 0.000000 0.000000 0.000000
  time 23
    0 -37.580627 -38.210619 36.587256 1.552340 0.077648 -0.059822
    1 3.983847 0.002149 0.003401 -1.529928 -0.170427 -1.125037
    2 15.938816 -0.000100 -0.000005 -0.000009 -0.000002 0.919707
    3 17.707025 -0.000068 0.000003 -0.098880 0.152633 -0.856616
    4 6.202515 0.003416 -0.000367 -0.005724 0.002781 -1.024103
    5 -3.983848 0.002149 0.003395 -1.483918 -0.208627 -1.636372
    6 15.938826 -0.000113 -0.000001 0.000002 0.000010 0.466571
    7 17.707031 0.000018 0.000000 0.199677 0.103225 -1.279432
    8 6.202710 0.003078 0.003745 -0.078650 -0.006183 -0.498948
    9 -0.000001 4.209253 -1.688832 1.552866 -0.035683 1.599409
    10 3.836055 0.000000 0.000000 -0.013351 0.066623 -0.105201
    11 3.617625 -0.000275 -0.000015 -0.034683 0.001335 0.042856
    12 7.537925 0.003588 -0.000212 0.001184 0.005373 0.208145
    13 3.181604 -0.002346 0.000028 3.131426 -0.027308 0.224222
    14 2.966416 0.000318 0.000023 0.107905 0.021810 0.111389
    15 2.023770 0.904983 0.850949 1.671003 -1.239220 2.865337
    16 4.980521 0.000781 -0.001089 -1.700849 0.300893 -1.135976
    17 11.119977 0.000007 0.000004 -0.000003 -0.136098 -0.486759
    18 11.205393 -0.000039 0.000000 1.666988 -0.312338 -0.012174
    19 3.767578 0.152466 0.071350 0.091228 0.111866 -0.306500
    20 2.036722 -0.000008 0.000000 0.000004 0.004989 -0.963096
    21 1.066406 -0.000002 -0.000002 -0.000003 0.002792 -0.550461
    22 3.782109 -0.019114 0.794763 0.324456 -0.053696 -0.155151
    23 1.627436 0.000008 0.000000 -0.000002 0.005086 -0.697000
    24 0.955566 -0.000006 0.000000 -0.000003 0.003249 -0.578379
    25 1.258789 -0.297852 1.251953 -1.927891 -0.158425 -0.368982
    26 1.392578 0.000005 -0.000004 0.000000 0.002017 0.071902
    27 1.100942 0.000011 0.000000 0.000005 -0.295767 0.023729
    28 3.547341 0.197447 -1.485758 -0.325312 0.113849 -0.242888
    29 1.218750 0.000004 0.000001 0.000000 0.004666 -1.036462
    30 0.681774 -0.000006 0.000000 -0.000005 0.002402 -0.578394
    31 3.697266 0.267334 -0.728516 -0.120242 0.090683 -0.423538
    32 1.748047 0.000000 -0.000002 -0.000001 0.002902 -0.844486
    33 0.956684 0.000008 0.000001 0.000015 0.004804 -0.764821
    34 2.023778 0.904982 -0.850921 -1.856724 1.227319 2.744107
    35 4.981625 0.002227 0.003236 1.636907 -0.149817 -1.097114
    36 11.119975 -0.000005 0.000000 0.000001 0.136123 -0.308349
    37 11.205375 0.000073 0.000008 -1.715521 0.306616 0.065688
    38 3.767578 0.151855 -0.072693 -0.091153 -0.086648 -0.259292
    39 2.036716 -0.000004 0.000000 0.000012 -0.007577 -1.152243
    40 1.066406 0.000007 0.000002 0.000000 -0.004241 -0.562584
    41 3.780812 -0.024988 -0.795569 -0.312708 -0.016306 -0.057435
    42 1.627434 -0.000011 -0.000001 0.000003 -0.007718 -0.915197
    43 0.954089 -0.000004 0.000000 0.000004 -0.004923 -0.567880
    44 1.258789 -0.308350 -1.250000 1.747969 0.219669 -0.507422
    45 1.392578 -0.000006 0.000002 0.000004 0.222430 0.216078
    46 1.099609 0.000002 -0.000006 0.000001 0.280398 0.302812
    47 3.548828 0.211304 1.487305 0.305524 -0.075300 -0.180333
    48 1.218360 -0.000002 0.000000 0.000010 -0.007083 -1.168838
    49 0.679688 0.000001 -0.000004 0.000000 -0.003643 -0.360285
    50 3.697266 0.273682 0.726563 0.113959 -0.036578 -0.367492
    51 1.748047 -0.000011 0.000000 0.000000 -0.004398 -0.989953
    52 0.959961 0.000005 0.000004 0.000003 -0.007258 -0.733353
    53 -3.756462 5.577850 2.053357 1.570803 -0.000001 0.000000
    54 -2.735646 -0.081365 5.727119 0.000007 0.000015 1.570796
    55 0.000001 5.662003 -0.974302 1.570804 -0.000001 0.000000
    56 -0.000002 -2.275002 5.113525 0.000000 0.000000 -3.141592
    57 -2.477620 5.416855 4.597564 1.570804 -0.000001 0.000000
    58 -1.515218 1.317776 5.998497 0.000000 0.000000 0.000000
    59 -2.455992 5.657928 -0.087295 1.570804 -0.000001 0.000000
    60 -1.485628 -1.617812 5.263969 0.000000 0.000000 3.141592
    61 3.756460 5.577858 2.053359 1.570803 -0.000001 0.000000
    62 2.735645 -0.081364 5.727116 0.000004 -0.000011 -1.570795
    63 2.477613 5.416855 4.597570 1.570804 -0.000001 0.000000
    64 1.515220 1.317777 5.998508 0.000000 0.000000 0.000000
    65 2.455991 5.657928 -0.087293 1.570804 -0.000001 0.000000
    66 1.485620 -1.617803 5.263973 0.000000 0.000000 -3.141592
    67 4.575642 5.632584 0.000132 0.000000 -1.570771 0.249128
    68 -0.000001 0.314078 5.161098 0.000000 0.000000 0.000000
    69 -0.000001 -0.323108 3.750217 0.000000 0.000000 0.000000
    70 5.734947 1.075212 4.685178 1.570830 -0.000004 -1.321669
    71 -0.753896 0.305901 4.971462 -0.000001 0.000002 0.000000
    72 -1.101006 -0.314705 3.448307 0.000001 0.000001 0.000000
    73 5.809101 -1.029643 4.595047 1.570829 -0.000004 -1.321671
    74 -0.714908 -0.199657 5.028973 0.000000 0.000003 0.000000
    75 -0.282898 -0.851690 4.444889 0.000000 0.000000 0.000000
    76 9.578484 -1.290738 0.000240 0.000000 1.570770 -2.892481
    77 9.369518 -1.236408 1.787905 0.000000 1.570770 -2.892481
    78 9.436707 -1.331719 -1.409029 0.000000 1.570770 -2.892477
    79 5.735191 1.075235 -4.684885 -1.570814 0.000004 1.819923
    80 0.753901 0.305904 4.971474 -0.000001 -0.000002 0.000000
    81 1.101010 -0.314705 3.448315 0.000000 -0.000001 0.000000
    82 5.809341 -1.029617 -4.594752 -1.570814 0.000004 1.819922
    83 0.714908 -0.199655 5.028969 0.000000 -0.000003 0.000000
    84 0.282897 -0.851688 4.444893 0.000000 0.000000 0.000000
  time 24
    0 -39.202990 -39.836963 36.915391 1.557182 0.076258 -0.091644
    1 3.983847 0.002149 0.003401 -1.592059 -0.258894 -1.172422
    2 15.938816 -0.000100 -0.000005 -0.000009 -0.000002 0.991934
    3 17.707025 -0.000068 0.000003 -0.137232 0.131056 -0.936921
    4 6.202515 0.003416 -0.000367 -0.006059 0.002217 -1.024103
    5 -3.983848 0.002149 0.003395 -1.515827 -0.133394 -1.582976
    6 15.938826 -0.000113 -0.000001 0.000002 0.000010 0.400568
    7 17.707031 0.000018 0.000000 0.162185 0.124389 -1.304469
    8 6.202710 0.003078 0.003745 -0.078650 -0.006183 -0.498948
    9 -0.000001 4.209253 -1.688832 1.566768 -0.031705 1.597300
    10 3.836055 0.000000 0.000000 0.002133 0.064982 -0.109216
    11 3.617625 -0.000275 -0.000015 -0.014489 0.007387 0.038801
    12 7.537925 0.003588 -0.000212 0.001459 0.007314 0.208145
    13 3.181604 -0.002346 0.000028 3.127782 -0.036536 0.224354
    14 2.966416 0.000318 0.000023 0.092661 0.010341 0.104037
    15 2.023770 0.904983 0.850949 1.644852 -1.243291 2.892891
    16 4.980521 0.000781 -0.001089 -1.741307 0.347953 -1.185768
    17 11.119977 0.000007 0.000004 -0.000003 -0.136098 -0.355478
    18 11.205393 -0.000039 0.000000 1.649029 -0.365855 -0.014655
    19 3.767578 0.152466 0.071350 0.091228 0.111866 -0.306500
    20 2.036722 -0.000008 0.000000 0.000004 0.004989 -0.963096
    21 1.066406 -0.000002 -0.000002 -0.000003 0.002792 -0.550461
    22 3.782109 -0.019114 0.794763 0.324456 -0.053672 -0.155151
    23 1.627436 0.000008 0.000000 -0.000002 0.005086 -0.697000
    24 0.955566 -0.000006 0.000000 -0.000003 0.003249 -0.578379
    25 1.258789 -0.297852 1.251953 -1.927891 -0.158425 -0.368982
    26 1.392578 0.000005 -0.000004 0.000000 0.002017 0.071902
    27 1.100942 0.000011 0.000000 0.000005 -0.295767 0.023716
    28 3.547341 0.197447 -1.485758 -0.325312 0.113849 -0.242947
    29 1.218750 0.000004 0.000001 0.000000 0.004666 -1.036462
    30 0.681774 -0.000006 0.000000 -0.000005 0.002402 -0.578394
    31 3.697266 0.267334 -0.728516 -0.120242 0.090683 -0.423538
    32 1.748047 0.000000 -0.000002 -0.000001 0.002902 -0.844486
    33 0.956684 0.000008 0.000001 0.000003 0.004804 -0.764821
    34 2.023778 0.904982 -0.850921 -1.877182 1.220316 2.722069
    35 4.981625 0.002227 0.003236 1.566271 -0.061986 -1.055510
    36 11.119975 -0.000005 0.000000 0.000001 0.136123 -0.411070
    37 11.205375 0.000073 0.000008 -1.614686 0.322016 0.037824
    38 3.767578 0.151855 -0.072693 -0.091153 -0.086648 -0.259292
    39 2.036716 -0.000004 0.000000 0.000012 -0.007577 -1.152243
    40 1.066406 0.000007 0.000002 0.000000 -0.004241 -0.562584
    41 3.780812 -0.024988 -0.795569 -0.312708 -0.016306 -0.057435
    42 1.627434 -0.000011 -0.000001 0.000003 -0.007718 -0.915250
    43 0.954089 -0.000004 0.000000 0.000004 -0.004923 -0.567880
    44 1.258789 -0.308350 -1.250000 1.747969 0.219669 -0.507422
    45 1.392578 -0.000006 0.000002 0.000004 0.222430 0.216078
    46 1.099609 0.000002 -0.000006 0.000001 0.280398 0.302812
    47 3.548828 0.211304 1.487305 0.305524 -0.075300 -0.180333
    48 1.218360 -0.000002 0.000000 0.000010 -0.007083 -1.168838
    49 0.679688 0.000001 -0.000004 0.000000 -0.003643 -0.360285
    50 3.697266 0.273682 0.726563 0.113959 -0.036578 -0.367492
    51 1.748047 -0.000011 0.000000 0.000000 -0.004398 -0.989953
    52 0.959961 0.000005 0.000004 0.000003 -0.007258 -0.733353
    53 -3.756462 5.577850 2.053357 1.570803 -0.000001 0.000000
    54 -2.735646 -0.081365 5.727119 0.000007 0.000015 1.570796
    55 0.000001 5.662003 -0.974302 1.570804 -0.000001 0.000000
    56 -0.000002 -2.275002 5.113525 0.000000 0.000000 -3.141592
    57 -2.477620 5.416855 4.597564 1.570804 -0.000001 0.000000
    58 -1.515218 1.317776 5.998497 0.000000 0.000000 0.000000
    59 -2.455992 5.657928 -0.087295 1.570804 -0.000001 0.000000
    60 -1.485628 -1.617812 5.263969 0.000000 0.000000 3.141592
    61 3.756460 5.577858 2.053359 1.570803 -0.000001 0.000000
    62 2.735645 -0.081364 5.727116 0.000004 -0.000011 -1.570795
    63 2.477613 5.416855 4.597570 1.570804 -0.000001 0.000000
    64 1.515220 1.317777 5.998508 0.000000 0.000000 0.000000
    65 2.455991 5.657928 -0.087293 1.570804 -0.000001 0.000000
    66 1.485620 -1.617803 5.263973 0.000000 0.000000 -3.141592
    67 4.575642 5.632584 0.000132 0.000000 -1.570771 0.249128
    68 -0.000001 0.314078 5.161098 0.000000 0.000000 0.000000
    69 -0.000001 -0.323108 3.750217 0.000000 0.000000 0.000000
    70 5.734947 1.075212 4.685178 1.570830 -0.000004 -1.321669
    71 -0.753896 0.305901 4.971462 -0.000001 0.000002 0.000000
    72 -1.101006 -0.314705 3.448307 0.000001 0.000001 0.000000
    73 5.809101 -1.029643 4.595047 1.570829 -0.000004 -1.321671
    74 -0.714908 -0.199657 5.028973 0.000000 0.000003 0.000000
    75 -0.282898 -0.851690 4.444889 0.000000 0.000000 0.000000
    76 9.578484 -1.290738 0.000240 0.000000 1.570770 -2.892481
    77 9.369518 -1.236408 1.787905 0.000000 1.570770 -2.892481
    78 9.436707 -1.331719 -1.409029 0.000000 1.570770 -2.892477
    79 5.735191 1.075235 -4.684885 -1.570814 0.000004 1.819923
    80 0.753901 0.305904 4.971474 -0.000001 -0.000002 0.000000
    81 1.101010 -0.314705 3.448315 0.000000 -0.000001 0.000000
    82 5.809341 -1.029617 -4.594752 -1.570814 0.000004 1.819922
    83 0.714908 -0.199655 5.028969 0.000000 -0.000003 0.000000
    84 0.282897 -0.851688 4.444893 0.000000 0.000000 0.000000
  time 25
    0 -40.798008 -41.389086 37.149773 1.561784 0.059899 -0.123211
    1 3.983847 0.002149 0.003401 -1.650865 -0.342910 -1.264778
    2 15.938816 -0.000100 -0.000005 -0.000009 -0.000002 1.009593
    3 17.707025 -0.000068 0.000003 -0.149319 0.070058 -1.040874
    4 6.202515 0.003416 -0.000367 -0.006659 0.001247 -1.024103
    5 -3.983848 0.002149 0.003395 -1.547450 -0.054941 -1.551219
    6 15.938826 -0.000113 -0.000001 0.000002 0.000010 0.329842
    7 17.707031 0.000018 0.000000 0.125690 0.144787 -1.325322
    8 6.202710 0.003078 0.003745 -0.078650 -0.006183 -0.498948
    9 -0.000001 4.209253 -1.688832 1.580334 -0.028959 1.589774
    10 3.836055 0.000000 0.000000 0.017593 0.050073 -0.111889
    11 3.617625 -0.000275 -0.000015 0.005501 0.012516 0.036069
    12 7.537925 0.003588 -0.000212 0.001519 0.007734 0.208145
    13 3.181604 -0.002346 0.000028 3.125673 -0.041810 0.224450
    14 2.966416 0.000318 0.000023 0.079034 -0.002111 0.104626
    15 2.023770 0.904983 0.850949 1.636402 -1.244838 2.901774
    16 4.980521 0.000781 -0.001089 -1.764734 0.372580 -1.207534
    17 11.119977 0.000007 0.000004 -0.000003 -0.136098 -0.304875
    18 11.205393 -0.000039 0.000000 1.646004 -0.393137 -0.028929
    19 3.767578 0.152466 0.071350 0.091228 0.111866 -0.306500
    20 2.036722 -0.000008 0.000000 0.000004 0.004989 -0.963096
    21 1.066406 -0.000002 -0.000002 -0.000003 0.002792 -0.550461
    22 3.782109 -0.019114 0.794763 0.324456 -0.053672 -0.155151
    23 1.627436 0.000008 0.000000 -0.000002 0.005086 -0.697000
    24 0.955566 -0.000006 0.000000 -0.000003 0.003249 -0.578379
    25 1.258789 -0.297852 1.251953 -1.927891 -0.158425 -0.368982
    26 1.392578 0.000005 -0.000004 0.000000 0.002017 0.071902
    27 1.100942 0.000011 0.000000 0.000005 -0.295767 0.023729
    28 3.547341 0.197447 -1.485758 -0.325312 0.113849 -0.242947
    29 1.218750 0.000004 0.000001 0.000000 0.004666 -1.036462
    30 0.681774 -0.000006 0.000000 -0.000005 0.002402 -0.578394
    31 3.697266 0.267334 -0.728516 -0.120242 0.090683 -0.423538
    32 1.748047 0.000000 -0.000002 -0.000001 0.002902 -0.844486
    33 0.956684 0.000008 0.000001 0.000003 0.004804 -0.764821
    34 2.023778 0.904982 -0.850921 -1.883392 1.217670 2.715205
    35 4.981625 0.002227 0.003236 1.535829 -0.024034 -1.039086
    36 11.119975 -0.000005 0.000000 0.000001 0.136123 -0.466814
    37 11.205375 0.000073 0.000008 -1.582666 0.334876 0.015712
    38 3.767578 0.151855 -0.072693 -0.091153 -0.086648 -0.259292
    39 2.036716 -0.000004 0.000000 0.000000 -0.007577 -1.152243
    40 1.066406 0.000007 0.000002 0.000000 -0.004241 -0.562584
    41 3.780812 -0.024988 -0.795569 -0.312708 -0.016306 -0.057435
    42 1.627434 -0.000011 -0.000001 0.000003 -0.007718 -0.915250
    43 0.954089 -0.000004 0.000000 0.000004 -0.004923 -0.567880
    44 1.258789 -0.308350 -1.250000 1.747969 0.219669 -0.507422
    45 1.392578 -0.000006 0.000002 0.000004 0.222430 0.216078
    46 1.099609 0.000002 -0.000006 0.000001 0.280398 0.302812
    47 3.548828 0.211304 1.487305 0.305524 -0.075300 -0.180333
    48 1.218360 -0.000002 0.000000 0.000010 -0.007083 -1.168838
    49 0.679688 0.000001 -0.000004 0.000000 -0.003643 -0.360285
    50 3.697266 0.273682 0.726563 0.113959 -0.036578 -0.367492
    51 1.748047 -0.000011 0.000000 0.000000 -0.004398 -0.989953
    52 0.959961 0.000005 0.000004 0.000003 -0.007258 -0.733353
    53 -3.756462 5.577850 2.053357 1.570803 -0.000001 0.000000
    54 -2.735646 -0.081365 5.727119 0.000007 0.000015 1.570796
    55 0.000001 5.662003 -0.974302 1.570804 -0.000001 0.000000
    56 -0.000002 -2.275002 5.113525 0.000000 0.000000 -3.141592
    57 -2.477620 5.416855 4.597564 1.570804 -0.000001 0.000000
    58 -1.515218 1.317776 5.998497 0.000000 0.000000 0.000000
    59 -2.455992 5.657928 -0.087295 1.570804 -0.000001 0.000000
    60 -1.485628 -1.617812 5.263969 0.000000 0.000000 3.141592
    61 3.756460 5.577858 2.053359 1.570803 -0.000001 0.000000
    62 2.735645 -0.081364 5.727116 0.000004 -0.000011 -1.570795
    63 2.477613 5.416855 4.597570 1.570804 -0.000001 0.000000
    64 1.515220 1.317777 5.998508 0.000000 0.000000 0.000000
    65 2.455991 5.657928 -0.087293 1.570804 -0.000001 0.000000
    66 1.485620 -1.617803 5.263973 0.000000 0.000000 -3.141592
    67 4.575642 5.632584 0.000132 0.000000 -1.570771 0.249128
    68 -0.000001 0.314078 5.161098 0.000000 0.000000 0.000000
    69 -0.000001 -0.323108 3.750217 0.000000 0.000000 0.000000
    70 5.734947 1.075212 4.685178 1.570830 -0.000004 -1.321669
    71 -0.753896 0.305901 4.971462 -0.000001 0.000002 0.000000
    72 -1.101006 -0.314705 3.448307 0.000001 0.000001 0.000000
    73 5.809101 -1.029643 4.595047 1.570829 -0.000004 -1.321671
    74 -0.714908 -0.199657 5.028973 0.000000 0.000003 0.000000
    75 -0.282898 -0.851690 4.444889 0.000000 0.000000 0.000000
    76 9.578484 -1.290738 0.000240 0.000000 1.570770 -2.892481
    77 9.369518 -1.236408 1.787905 0.000000 1.570770 -2.892481
    78 9.436707 -1.331719 -1.409029 0.000000 1.570770 -2.892477
    79 5.735191 1.075235 -4.684885 -1.570814 0.000004 1.819923
    80 0.753901 0.305904 4.971474 -0.000001 -0.000002 0.000000
    81 1.101010 -0.314705 3.448315 0.000000 -0.000001 0.000000
    82 5.809341 -1.029617 -4.594752 -1.570814 0.000004 1.819922
    83 0.714908 -0.199655 5.028969 0.000000 -0.000003 0.000000
    84 0.282897 -0.851688 4.444893 0.000000 0.000000 0.000000
  time 26
    0 -42.389119 -42.909958 37.227900 1.565091 0.037620 -0.154011
    1 3.983847 0.002149 0.003401 -1.697605 -0.409838 -1.386101
    2 15.938816 -0.000100 -0.000005 -0.000009 -0.000002 0.949732
    3 17.707025 -0.000068 0.000003 -0.104882 0.009442 -1.136933
    4 6.202515 0.003416 -0.000367 -0.007521 0.000432 -0.950428
    5 -3.983848 0.002149 0.003395 -1.577926 -0.014533 -1.530516
    6 15.938826 -0.000113 -0.000001 0.000002 0.000010 0.334314
    7 17.707031 0.000018 0.000000 0.094522 0.161865 -1.344359
    8 6.202710 0.003078 0.003745 -0.078363 -0.006231 -0.534600
    9 -0.000001 4.209253 -1.688832 1.594379 -0.027949 1.580043
    10 3.836055 0.000000 0.000000 0.032730 0.030106 -0.112608
    11 3.617625 -0.000275 -0.000015 0.025216 0.016219 0.035802
    12 7.537925 0.003588 -0.000212 0.001543 0.007902 0.208145
    13 3.181604 -0.002346 0.000028 3.125194 -0.043499 0.224450
    14 2.966416 0.000318 0.000023 0.063981 -0.008846 0.112977
    15 2.023770 0.904983 0.850949 1.631352 -1.245938 2.907303
    16 4.980521 0.000781 -0.001089 -1.789762 0.398016 -1.229329
    17 11.119977 0.000007 0.000004 -0.000003 -0.136098 -0.263306
    18 11.205393 -0.000039 0.000000 1.646916 -0.428081 -0.046630
    19 3.767578 0.152466 0.071350 0.091228 0.111866 -0.306500
    20 2.036722 -0.000008 0.000000 0.000004 0.004989 -0.963096
    21 1.066406 -0.000002 -0.000002 -0.000003 0.002792 -0.550461
    22 3.782109 -0.019114 0.794763 0.324456 -0.053696 -0.155151
    23 1.627436 0.000008 0.000000 -0.000002 0.005086 -0.697000
    24 0.955566 -0.000006 0.000000 -0.000003 0.003249 -0.578379
    25 1.258789 -0.297852 1.251953 -1.927891 -0.158425 -0.368982
    26 1.392578 0.000005 -0.000004 0.000000 0.002017 0.071902
    27 1.100942 0.000011 0.000000 0.000005 -0.295767 0.023729
    28 3.547341 0.197447 -1.485758 -0.325312 0.113849 -0.242947
    29 1.218750 0.000004 0.000001 0.000000 0.004666 -1.036462
    30 0.681774 -0.000006 0.000000 -0.000005 0.002402 -0.578394
    31 3.697266 0.267334 -0.728516 -0.120242 0.090683 -0.423538
    32 1.748047 0.000000 -0.000002 -0.000001 0.002902 -0.844486
    33 0.956684 0.000008 0.000001 0.000003 0.004804 -0.764821
    34 2.023778 0.904982 -0.850921 -1.886836 1.215837 2.711411
    35 4.981625 0.002227 0.003236 1.511372 0.007488 -1.024190
    36 11.119975 -0.000005 0.000000 0.000001 0.136123 -0.526971
    37 11.205375 0.000073 0.000008 -1.580661 0.349665 -0.013027
    38 3.767578 0.151855 -0.072693 -0.091153 -0.086648 -0.259292
    39 2.036716 -0.000004 0.000000 0.000000 -0.007577 -1.152243
    40 1.066406 0.000007 0.000002 0.000000 -0.004241 -0.562584
    41 3.780812 -0.024988 -0.795569 -0.312708 -0.016306 -0.057383
    42 1.627434 -0.000011 -0.000001 0.000003 -0.007718 -0.915303
    43 0.954089 -0.000004 0.000000 0.000004 -0.004923 -0.567880
    44 1.258789 -0.308350 -1.250000 1.747969 0.219669 -0.507422
    45 1.392578 -0.000006 0.000002 0.000004 0.222430 0.216078
    46 1.099609 0.000002 -0.000006 0.000001 0.280398 0.302812
    47 3.548828 0.211304 1.487305 0.305524 -0.075300 -0.180333
    48 1.218360 -0.000002 0.000000 0.000010 -0.007083 -1.168838
    49 0.679688 0.000001 -0.000004 0.000000 -0.003643 -0.360285
    50 3.697266 0.273682 0.726563 0.113959 -0.036578 -0.367492
    51 1.748047 -0.000011 0.000000 0.000000 -0.004398 -0.989953
    52 0.959961 0.000005 0.000004 0.000003 -0.007258 -0.733353
    53 -3.756462 5.577850 2.053357 1.570803 -0.000001 0.000000
    54 -2.735646 -0.081365 5.727119 0.000007 0.000015 1.570796
    55 0.000001 5.662003 -0.974302 1.570804 -0.000001 0.000000
    56 -0.000002 -2.275002 5.113525 0.000000 0.000000 -3.141592
    57 -2.477620 5.416855 4.597564 1.570804 -0.000001 0.000000
    58 -1.515218 1.317776 5.998497 0.000000 0.000000 0.000000
    59 -2.455992 5.657928 -0.087295 1.570804 -0.000001 0.000000
    60 -1.485628 -1.617812 5.263969 0.000000 0.000000 3.141592
    61 3.756460 5.577858 2.053359 1.570803 -0.000001 0.000000
    62 2.735645 -0.081364 5.727116 0.000004 -0.000011 -1.570795
    63 2.477613 5.416855 4.597570 1.570804 -0.000001 0.000000
    64 1.515220 1.317777 5.998508 0.000000 0.000000 0.000000
    65 2.455991 5.657928 -0.087293 1.570804 -0.000001 0.000000
    66 1.485620 -1.617803 5.263973 0.000000 0.000000 -3.141592
    67 4.575642 5.632584 0.000132 0.000000 -1.570771 0.249128
    68 -0.000001 0.314078 5.161098 0.000000 0.000000 0.000000
    69 -0.000001 -0.323108 3.750217 0.000000 0.000000 0.000000
    70 5.734947 1.075212 4.685178 1.570830 -0.000004 -1.321669
    71 -0.753896 0.305901 4.971462 -0.000001 0.000002 0.000000
    72 -1.101006 -0.314705 3.448307 0.000001 0.000001 0.000000
    73 5.809101 -1.029643 4.595047 1.570829 -0.000004 -1.321671
    74 -0.714908 -0.199657 5.028973 0.000000 0.000003 0.000000
    75 -0.282898 -0.851690 4.444889 0.000000 0.000000 0.000000
    76 9.578484 -1.290738 0.000240 0.000000 1.570770 -2.892481
    77 9.369518 -1.236408 1.787905 0.000000 1.570770 -2.892481
    78 9.436707 -1.331719 -1.409029 0.000000 1.570770 -2.892477
    79 5.735191 1.075235 -4.684885 -1.570814 0.000004 1.819923
    80 0.753901 0.305904 4.971474 -0.000001 -0.000002 0.000000
    81 1.101010 -0.314705 3.448315 0.000000 -0.000001 0.000000
    82 5.809341 -1.029617 -4.594752 -1.570814 0.000004 1.819922
    83 0.714908 -0.199655 5.028969 0.000000 -0.000003 0.000000
    84 0.282897 -0.851688 4.444893 0.000000 0.000000 0.000000
end
