// Created by Crowbar 0.76
version 1
nodes
  0 "ValveBiped.Bip01_Pelvis" -1
  1 "ValveBiped.Bip01_L_Thigh" 0
  2 "ValveBiped.Bip01_L_Calf" 1
  3 "ValveBiped.Bip01_L_Foot" 2
  4 "ValveBiped.Bip01_L_Toe0" 3
  5 "ValveBiped.Bip01_R_Thigh" 0
  6 "ValveBiped.Bip01_R_Calf" 5
  7 "ValveBiped.Bip01_R_Foot" 6
  8 "ValveBiped.Bip01_R_Toe0" 7
  9 "ValveBiped.Bip01_Spine" 0
  10 "ValveBiped.Bip01_Spine1" 9
  11 "ValveBiped.Bip01_Spine2" 10
  12 "ValveBiped.Bip01_Spine4" 11
  13 "ValveBiped.Bip01_Neck1" 12
  14 "ValveBiped.Bip01_Head1" 13
  15 "ValveBiped.Bip01_L_Clavicle" 12
  16 "ValveBiped.Bip01_L_UpperArm" 15
  17 "ValveBiped.Bip01_L_Forearm" 16
  18 "ValveBiped.Bip01_L_Hand" 17
  19 "ValveBiped.Bip01_L_Finger2" 18
  20 "ValveBiped.Bip01_L_Finger21" 19
  21 "ValveBiped.Bip01_L_Finger22" 20
  22 "ValveBiped.Bip01_L_Finger1" 18
  23 "ValveBiped.Bip01_L_Finger11" 22
  24 "ValveBiped.Bip01_L_Finger12" 23
  25 "ValveBiped.Bip01_L_Finger0" 18
  26 "ValveBiped.Bip01_L_Finger01" 25
  27 "ValveBiped.Bip01_L_Finger02" 26
  28 "ValveBiped.Bip01_L_Finger4" 18
  29 "ValveBiped.Bip01_L_Finger41" 28
  30 "ValveBiped.Bip01_L_Finger42" 29
  31 "ValveBiped.Bip01_L_Finger3" 18
  32 "ValveBiped.Bip01_L_Finger31" 31
  33 "ValveBiped.Bip01_L_Finger32" 32
  34 "ValveBiped.Bip01_R_Clavicle" 12
  35 "ValveBiped.Bip01_R_UpperArm" 34
  36 "ValveBiped.Bip01_R_Forearm" 35
  37 "ValveBiped.Bip01_R_Hand" 36
  38 "ValveBiped.Bip01_R_Finger2" 37
  39 "ValveBiped.Bip01_R_Finger21" 38
  40 "ValveBiped.Bip01_R_Finger22" 39
  41 "ValveBiped.Bip01_R_Finger1" 37
  42 "ValveBiped.Bip01_R_Finger11" 41
  43 "ValveBiped.Bip01_R_Finger12" 42
  44 "ValveBiped.Bip01_R_Finger0" 37
  45 "ValveBiped.Bip01_R_Finger01" 44
  46 "ValveBiped.Bip01_R_Finger02" 45
  47 "ValveBiped.Bip01_R_Finger4" 37
  48 "ValveBiped.Bip01_R_Finger41" 47
  49 "ValveBiped.Bip01_R_Finger42" 48
  50 "ValveBiped.Bip01_R_Finger3" 37
  51 "ValveBiped.Bip01_R_Finger31" 50
  52 "ValveBiped.Bip01_R_Finger32" 51
  53 "ValveBiped.Skirt.R.001" 0
  54 "Skirt2_r" 53
  55 "ValveBiped.Skirt.B" 0
  56 "Skirtb2" 55
  57 "ValveBiped.Skirt.R" 0
  58 "Skirt5_r" 57
  59 "ValveBiped.Skirt.R.002" 0
  60 "Skirt8_r" 59
  61 "ValveBiped.Skirt.L.001" 0
  62 "Skirt2_l" 61
  63 "ValveBiped.Skirt.L" 0
  64 "Skirt5_l" 63
  65 "ValveBiped.Skirt.L.002" 0
  66 "Skirt8_l" 65
  67 "Hair_002" 14
  68 "Hair_001" 67
  69 "Hair_003" 68
  70 "Hair_006_r" 14
  71 "Hair_005_r" 70
  72 "Hair_007_r" 71
  73 "Hair_009_r" 14
  74 "Hair_010_r" 73
  75 "Hair_011_r" 74
  76 "Hair_004" 14
  77 "Hair_005" 14
  78 "Hair_006" 14
  79 "Hair_006_l" 14
  80 "Hair_005_l" 79
  81 "Hair_007_l" 80
  82 "Hair_009_l" 14
  83 "Hair_010_l" 82
  84 "Hair_011_l" 83
end
skeleton
  time 0
    0 -0.004562 -0.523453 37.481814 1.571419 0.038063 0.018519
    1 3.983847 0.002149 0.003401 -2.110101 -0.257514 -1.354094
    2 15.938816 -0.000100 -0.000005 -0.000009 -0.000002 0.885537
    3 17.707025 -0.000068 0.000003 -0.073935 0.177775 -1.280442
    4 6.202515 0.003416 -0.000367 -0.007641 0.000444 -0.919205
    5 -3.983848 0.002149 0.003395 -1.672698 -0.072418 -1.587659
    6 15.938826 -0.000113 -0.000001 0.000002 0.000010 0.320584
    7 17.707031 0.000018 0.000000 0.059818 -0.022979 -1.283227
    8 6.202710 0.003078 0.003745 -0.078279 -0.006243 -0.544239
    9 -0.000001 4.209253 -1.688832 1.594379 -0.027949 1.580043
    10 3.836055 0.000000 0.000000 0.032730 0.030106 -0.112608
    11 3.617625 -0.000275 -0.000015 0.025216 0.016219 0.035802
    12 7.537925 0.003588 -0.000212 0.001543 0.007902 0.208145
    13 3.181604 -0.002346 0.000028 3.125194 -0.043499 0.224450
    14 2.966416 0.000318 0.000023 -0.102317 -0.053848 0.120556
    15 2.023770 0.904983 0.850949 1.631352 -1.245938 2.907303
    16 4.980521 0.000781 -0.001089 -1.610131 0.364281 -1.196267
    17 11.119977 0.000007 0.000004 -0.000003 -0.136098 -0.263306
    18 11.205393 -0.000039 0.000000 1.647012 -0.428081 -0.046630
    19 3.767578 0.152466 0.071350 0.014352 0.037540 -0.177489
    20 2.037109 0.000000 0.000000 -0.000001 0.005004 -0.888530
    21 1.066406 0.000000 0.000001 0.000002 0.002790 0.001101
    22 3.783203 -0.017258 0.794434 0.333290 -0.031875 -0.219057
    23 1.627436 0.000008 0.000000 -0.000002 0.005086 -0.697000
    24 0.955566 -0.000003 0.000000 -0.000004 0.003247 -0.272279
    25 1.258789 -0.297852 1.251953 -1.927900 -0.158439 -0.368925
    26 1.392578 0.000004 -0.000004 0.000000 0.002017 0.071902
    27 1.100942 0.000011 0.000000 0.000005 -0.295767 0.023729
    28 3.547341 0.197447 -1.485758 -0.323544 0.115347 -0.238381
    29 1.218750 0.000004 0.000000 -0.000004 0.004664 -0.629642
    30 0.679688 0.000001 0.000000 0.000000 0.002400 -0.578397
    31 3.697266 0.267334 -0.728516 -0.105269 0.104461 -0.301442
    32 1.748047 0.000002 0.000000 -0.000005 0.002898 -0.623724
    33 0.956684 0.000008 0.000001 0.000003 0.004804 -0.321825
    34 2.023778 0.904982 -0.850921 -1.886836 1.215837 2.711321
    35 4.981625 0.002227 0.003236 1.681074 -0.033378 -1.015581
    36 11.119975 -0.000005 0.000000 0.000001 0.136123 -0.526971
    37 11.205375 0.000073 0.000008 -1.580661 0.349665 -0.013027
    38 3.767578 0.151855 -0.072693 -0.090833 -0.078891 -0.174026
    39 2.037109 -0.000002 0.000000 0.000002 -0.007580 -0.940658
    40 1.066406 0.000001 -0.000002 0.000006 -0.004235 -0.116579
    41 3.783203 -0.023941 -0.794434 -0.344154 -0.088894 -0.269864
    42 1.628906 0.000002 -0.000001 0.000002 -0.007731 -0.659761
    43 0.954089 -0.000004 0.000000 0.000004 -0.004923 -0.331344
    44 1.258789 -0.308350 -1.250000 1.738856 0.204803 -0.550000
    45 1.392578 -0.000004 0.000001 0.000004 0.222430 0.216078
    46 1.099609 0.000004 -0.000008 0.000002 0.280394 0.302812
    47 3.546538 0.208125 1.487114 0.333783 -0.052221 -0.250106
    48 1.218750 0.000006 0.000000 0.000005 -0.007078 -0.610627
    49 0.679688 0.000007 -0.000002 0.000001 -0.003643 -0.669685
    50 3.696249 0.271114 0.723153 0.103581 -0.126168 -0.288614
    51 1.748047 -0.000011 0.000004 0.000000 -0.004401 -0.791139
    52 0.956684 0.000004 0.000002 -0.000008 -0.007276 -0.432398
    53 -3.756462 5.577850 2.053357 1.570803 -0.000001 0.000000
    54 -2.735646 -0.081365 5.727119 0.000007 0.000015 1.570796
    55 0.000001 5.662003 -0.974302 1.570804 -0.000001 0.000000
    56 -0.000002 -2.275002 5.113525 0.000000 0.000000 -3.141592
    57 -2.477620 5.416855 4.597564 1.570804 -0.000001 0.000000
    58 -1.515218 1.317776 5.998497 0.000000 0.000000 0.000000
    59 -2.455992 5.657928 -0.087295 1.570804 -0.000001 0.000000
    60 -1.485628 -1.617812 5.263969 0.000000 0.000000 3.141592
    61 3.756460 5.577858 2.053359 1.570803 -0.000001 0.000000
    62 2.735645 -0.081364 5.727116 0.000004 -0.000011 -1.570795
    63 2.477613 5.416855 4.597570 1.570804 -0.000001 0.000000
    64 1.515220 1.317777 5.998508 0.000000 0.000000 0.000000
    65 2.455991 5.657928 -0.087293 1.570804 -0.000001 0.000000
    66 1.485620 -1.617803 5.263973 0.000000 0.000000 -3.141592
    67 4.575642 5.632584 0.000132 0.000000 -1.570771 0.249128
    68 -0.000001 0.314078 5.161098 0.000000 0.000000 0.000000
    69 -0.000001 -0.323108 3.750217 0.000000 0.000000 0.000000
    70 5.734947 1.075212 4.685178 1.570830 -0.000004 -1.321669
    71 -0.753896 0.305901 4.971462 -0.000001 0.000002 0.000000
    72 -1.101006 -0.314705 3.448307 0.000001 0.000001 0.000000
    73 5.809101 -1.029643 4.595047 1.570829 -0.000004 -1.321671
    74 -0.714908 -0.199657 5.028973 0.000000 0.000003 0.000000
    75 -0.282898 -0.851690 4.444889 0.000000 0.000000 0.000000
    76 9.578484 -1.290738 0.000240 0.000000 1.570770 -2.892481
    77 9.369518 -1.236408 1.787905 0.000000 1.570770 -2.892481
    78 9.436707 -1.331719 -1.409029 0.000000 1.570770 -2.892477
    79 5.735191 1.075235 -4.684885 -1.570814 0.000004 1.819923
    80 0.753901 0.305904 4.971474 -0.000001 -0.000002 0.000000
    81 1.101010 -0.314705 3.448315 0.000000 -0.000001 0.000000
    82 5.809341 -1.029617 -4.594752 -1.570814 0.000004 1.819922
    83 0.714908 -0.199655 5.028969 0.000000 -0.000003 0.000000
    84 0.282897 -0.851688 4.444893 0.000000 0.000000 0.000000
  time 1
    0 1.613142 -2.086682 37.438844 1.568782 0.025287 -0.008064
    1 3.983847 0.002149 0.003401 -2.142496 -0.289287 -1.293745
    2 15.938816 -0.000100 -0.000005 -0.000009 -0.000002 0.777227
    3 17.707025 -0.000068 0.000003 -0.139435 0.183037 -1.313971
    4 6.202515 0.003416 -0.000367 -0.008888 0.000599 -0.718453
    5 -3.983848 0.002149 0.003395 -1.698684 -0.023980 -1.642554
    6 15.938826 -0.000113 -0.000001 0.000002 0.000010 0.301502
    7 17.707031 0.000018 0.000000 0.102093 -0.027209 -1.280567
    8 6.202710 0.003078 0.003745 -0.077967 -0.006291 -0.588715
    9 -0.000001 4.209253 -1.688832 1.607131 -0.028979 1.574194
    10 3.836055 0.000000 0.000000 0.045685 0.019452 -0.111505
    11 3.617625 -0.000275 -0.000015 0.042090 0.018137 0.035098
    12 7.537925 0.003588 -0.000212 0.001543 0.007962 0.208157
    13 3.181604 -0.002346 0.000028 3.125194 -0.043272 0.224450
    14 2.966416 0.000318 0.000023 -0.117381 -0.057216 0.127681
    15 2.023770 0.904983 0.850949 1.630652 -1.246589 2.908028
    16 4.980521 0.000781 -0.001089 -1.628398 0.393698 -1.207562
    17 11.119977 0.000007 0.000004 -0.000003 -0.136098 -0.231572
    18 11.205393 -0.000039 0.000000 1.650470 -0.459972 -0.062953
    19 3.767578 0.152466 0.071350 0.014352 0.037540 -0.177489
    20 2.037109 0.000000 0.000000 -0.000001 0.005004 -0.888530
    21 1.066406 0.000000 0.000001 0.000002 0.002790 0.001101
    22 3.783203 -0.017258 0.794434 0.333290 -0.031875 -0.219057
    23 1.627436 0.000008 0.000000 -0.000002 0.005086 -0.697000
    24 0.955566 -0.000003 0.000000 -0.000004 0.003247 -0.272279
    25 1.258789 -0.297852 1.251953 -1.927900 -0.158439 -0.368925
    26 1.392578 0.000004 -0.000004 0.000000 0.002017 0.071902
    27 1.100942 0.000011 0.000000 0.000005 -0.295767 0.023729
    28 3.547341 0.197447 -1.485758 -0.323544 0.115347 -0.238381
    29 1.218750 0.000004 0.000000 -0.000004 0.004664 -0.629642
    30 0.679688 0.000001 0.000000 0.000000 0.002400 -0.578397
    31 3.697266 0.267334 -0.728516 -0.105269 0.104461 -0.301442
    32 1.748047 0.000002 0.000000 -0.000005 0.002898 -0.623724
    33 0.956684 0.000008 0.000001 0.000015 0.004804 -0.321825
    34 2.023778 0.904982 -0.850921 -1.886628 1.214942 2.711411
    35 4.981625 0.002227 0.003236 1.663892 -0.020214 -1.001155
    36 11.119975 -0.000005 0.000000 0.000001 0.136123 -0.586561
    37 11.205375 0.000073 0.000008 -1.592067 0.362524 -0.046488
    38 3.767578 0.151855 -0.072693 -0.090833 -0.078891 -0.174026
    39 2.037109 -0.000002 0.000000 0.000002 -0.007580 -0.940658
    40 1.066406 0.000001 -0.000002 0.000006 -0.004235 -0.116579
    41 3.783203 -0.023941 -0.794434 -0.344154 -0.088894 -0.269864
    42 1.628906 0.000002 -0.000001 0.000002 -0.007731 -0.659761
    43 0.954089 -0.000004 0.000000 0.000004 -0.004923 -0.331344
    44 1.258789 -0.308350 -1.250000 1.738856 0.204803 -0.550000
    45 1.392578 -0.000004 0.000001 0.000004 0.222430 0.216078
    46 1.099609 0.000004 -0.000008 0.000002 0.280394 0.302812
    47 3.546538 0.208125 1.487114 0.333783 -0.052221 -0.250166
    48 1.218750 0.000006 0.000000 0.000005 -0.007078 -0.610627
    49 0.679688 0.000007 -0.000002 0.000001 -0.003643 -0.669685
    50 3.696249 0.271114 0.723153 0.103581 -0.126168 -0.288627
    51 1.748047 -0.000011 0.000004 0.000000 -0.004401 -0.791139
    52 0.956684 0.000004 0.000002 -0.000008 -0.007276 -0.432398
    53 -3.756462 5.577850 2.053357 1.570803 -0.000001 0.000000
    54 -2.735646 -0.081365 5.727119 0.000007 0.000015 1.570796
    55 0.000001 5.662003 -0.974302 1.570804 -0.000001 0.000000
    56 -0.000002 -2.275002 5.113525 0.000000 0.000000 -3.141592
    57 -2.477620 5.416855 4.597564 1.570804 -0.000001 0.000000
    58 -1.515218 1.317776 5.998497 0.000000 0.000000 0.000000
    59 -2.455992 5.657928 -0.087295 1.570804 -0.000001 0.000000
    60 -1.485628 -1.617812 5.263969 0.000000 0.000000 3.141592
    61 3.756460 5.577858 2.053359 1.570803 -0.000001 0.000000
    62 2.735645 -0.081364 5.727116 0.000004 -0.000011 -1.570795
    63 2.477613 5.416855 4.597570 1.570804 -0.000001 0.000000
    64 1.515220 1.317777 5.998508 0.000000 0.000000 0.000000
    65 2.455991 5.657928 -0.087293 1.570804 -0.000001 0.000000
    66 1.485620 -1.617803 5.263973 0.000000 0.000000 -3.141592
    67 4.575642 5.632584 0.000132 0.000000 -1.570771 0.249128
    68 -0.000001 0.314078 5.161098 0.000000 0.000000 0.000000
    69 -0.000001 -0.323108 3.750217 0.000000 0.000000 0.000000
    70 5.734947 1.075212 4.685178 1.570830 -0.000004 -1.321669
    71 -0.753896 0.305901 4.971462 -0.000001 0.000002 0.000000
    72 -1.101006 -0.314705 3.448307 0.000001 0.000001 0.000000
    73 5.809101 -1.029643 4.595047 1.570829 -0.000004 -1.321671
    74 -0.714908 -0.199657 5.028973 0.000000 0.000003 0.000000
    75 -0.282898 -0.851690 4.444889 0.000000 0.000000 0.000000
    76 9.578484 -1.290738 0.000240 0.000000 1.570770 -2.892481
    77 9.369518 -1.236408 1.787905 0.000000 1.570770 -2.892481
    78 9.436707 -1.331719 -1.409029 0.000000 1.570770 -2.892477
    79 5.735191 1.075235 -4.684885 -1.570814 0.000004 1.819923
    80 0.753901 0.305904 4.971474 -0.000001 -0.000002 0.000000
    81 1.101010 -0.314705 3.448315 0.000000 -0.000001 0.000000
    82 5.809341 -1.029617 -4.594752 -1.570814 0.000004 1.819922
    83 0.714908 -0.199655 5.028969 0.000000 -0.000003 0.000000
    84 0.282897 -0.851688 4.444893 0.000000 0.000000 0.000000
  time 2
    0 3.238659 -3.751475 37.251339 1.562551 0.019834 -0.029853
    1 3.983847 0.002149 0.003401 -2.157317 -0.258627 -1.272914
    2 15.938816 -0.000100 -0.000005 -0.000009 -0.000002 0.560672
    3 17.707025 -0.000068 0.000003 -0.196674 0.162902 -1.305620
    4 6.202515 0.003416 -0.000367 -0.010889 0.000911 -0.518879
    5 -3.983848 0.002149 0.003395 -1.720467 0.028236 -1.688082
    6 15.938826 -0.000113 -0.000001 0.000002 0.000010 0.286072
    7 17.707031 0.000018 0.000000 0.157016 -0.008649 -1.275703
    8 6.202710 0.003078 0.003745 -0.077560 -0.006363 -0.643509
    9 -0.000001 4.209253 -1.688832 1.618587 -0.032492 1.571126
    10 3.836055 0.000000 0.000000 0.056291 0.019812 -0.107934
    11 3.617625 -0.000275 -0.000015 0.055932 0.018700 0.036745
    12 7.537925 0.003588 -0.000212 0.001519 0.007722 0.208145
    13 3.181604 -0.002346 0.000028 3.125673 -0.041846 0.224450
    14 2.966416 0.000318 0.000023 -0.133129 -0.053800 0.137801
    15 2.023770 0.904983 0.850949 1.641902 -1.246630 2.896064
    16 4.980521 0.000781 -0.001089 -1.663540 0.432493 -1.224236
    17 11.119977 0.000007 0.000004 -0.000003 -0.136098 -0.190460
    18 11.205393 -0.000039 0.000000 1.656472 -0.499903 -0.073919
    19 3.767578 0.152466 0.071350 0.014352 0.037540 -0.177489
    20 2.037109 0.000000 0.000000 -0.000001 0.005004 -0.888530
    21 1.066406 0.000000 0.000001 0.000002 0.002790 0.001101
    22 3.783203 -0.017258 0.794434 0.333290 -0.031875 -0.219057
    23 1.627436 0.000008 0.000000 -0.000002 0.005086 -0.697000
    24 0.955566 -0.000003 0.000000 -0.000004 0.003247 -0.272279
    25 1.258789 -0.297852 1.251953 -1.927900 -0.158439 -0.368925
    26 1.392578 0.000004 -0.000004 0.000000 0.002017 0.071902
    27 1.100942 0.000011 0.000000 0.000005 -0.295767 0.023716
    28 3.547341 0.197447 -1.485758 -0.323544 0.115347 -0.238381
    29 1.218750 0.000004 0.000000 -0.000004 0.004664 -0.629642
    30 0.679688 0.000001 0.000000 0.000000 0.002400 -0.578397
    31 3.697266 0.267334 -0.728516 -0.105269 0.104461 -0.301442
    32 1.748047 0.000002 0.000000 -0.000005 0.002898 -0.623724
    33 0.956684 0.000008 0.000001 0.000015 0.004804 -0.321825
    34 2.023778 0.904982 -0.850921 -1.876399 1.215837 2.722430
    35 4.981625 0.002227 0.003236 1.642325 -0.015789 -0.983761
    36 11.119975 -0.000005 0.000000 0.000001 0.136123 -0.694957
    37 11.205375 0.000073 0.000008 -1.649236 0.372136 -0.114033
    38 3.767578 0.151855 -0.072693 -0.090833 -0.078891 -0.174026
    39 2.037109 -0.000002 0.000000 0.000002 -0.007580 -0.940658
    40 1.066406 0.000001 -0.000002 0.000006 -0.004235 -0.116579
    41 3.783203 -0.023941 -0.794434 -0.344154 -0.088894 -0.269864
    42 1.628906 0.000002 -0.000001 0.000002 -0.007731 -0.659761
    43 0.954089 -0.000004 0.000000 0.000004 -0.004923 -0.331344
    44 1.258789 -0.308350 -1.250000 1.738856 0.204803 -0.550000
    45 1.392578 -0.000004 0.000001 0.000004 0.222430 0.216078
    46 1.099609 0.000004 -0.000008 0.000002 0.280394 0.302812
    47 3.546538 0.208125 1.487114 0.333783 -0.052221 -0.250106
    48 1.218750 0.000006 0.000000 0.000005 -0.007078 -0.610627
    49 0.679688 0.000007 -0.000002 0.000001 -0.003643 -0.669685
    50 3.696249 0.271114 0.723153 0.103581 -0.126168 -0.288627
    51 1.748047 -0.000011 0.000004 0.000000 -0.004401 -0.791139
    52 0.956684 0.000004 0.000002 -0.000008 -0.007276 -0.432398
    53 -3.756462 5.577850 2.053357 1.570803 -0.000001 0.000000
    54 -2.735646 -0.081365 5.727119 0.000007 0.000015 1.570796
    55 0.000001 5.662003 -0.974302 1.570804 -0.000001 0.000000
    56 -0.000002 -2.275002 5.113525 0.000000 0.000000 -3.141592
    57 -2.477620 5.416855 4.597564 1.570804 -0.000001 0.000000
    58 -1.515218 1.317776 5.998497 0.000000 0.000000 0.000000
    59 -2.455992 5.657928 -0.087295 1.570804 -0.000001 0.000000
    60 -1.485628 -1.617812 5.263969 0.000000 0.000000 3.141592
    61 3.756460 5.577858 2.053359 1.570803 -0.000001 0.000000
    62 2.735645 -0.081364 5.727116 0.000004 -0.000011 -1.570795
    63 2.477613 5.416855 4.597570 1.570804 -0.000001 0.000000
    64 1.515220 1.317777 5.998508 0.000000 0.000000 0.000000
    65 2.455991 5.657928 -0.087293 1.570804 -0.000001 0.000000
    66 1.485620 -1.617803 5.263973 0.000000 0.000000 -3.141592
    67 4.575642 5.632584 0.000132 0.000000 -1.570771 0.249128
    68 -0.000001 0.314078 5.161098 0.000000 0.000000 0.000000
    69 -0.000001 -0.323108 3.750217 0.000000 0.000000 0.000000
    70 5.734947 1.075212 4.685178 1.570830 -0.000004 -1.321669
    71 -0.753896 0.305901 4.971462 -0.000001 0.000002 0.000000
    72 -1.101006 -0.314705 3.448307 0.000001 0.000001 0.000000
    73 5.809101 -1.029643 4.595047 1.570829 -0.000004 -1.321671
    74 -0.714908 -0.199657 5.028973 0.000000 0.000003 0.000000
    75 -0.282898 -0.851690 4.444889 0.000000 0.000000 0.000000
    76 9.578484 -1.290738 0.000240 0.000000 1.570770 -2.892481
    77 9.369518 -1.236408 1.787905 0.000000 1.570770 -2.892481
    78 9.436707 -1.331719 -1.409029 0.000000 1.570770 -2.892477
    79 5.735191 1.075235 -4.684885 -1.570814 0.000004 1.819923
    80 0.753901 0.305904 4.971474 -0.000001 -0.000002 0.000000
    81 1.101010 -0.314705 3.448315 0.000000 -0.000001 0.000000
    82 5.809341 -1.029617 -4.594752 -1.570814 0.000004 1.819922
    83 0.714908 -0.199655 5.028969 0.000000 -0.000003 0.000000
    84 0.282897 -0.851688 4.444893 0.000000 0.000000 0.000000
  time 3
    0 4.879802 -5.443614 36.923204 1.553011 0.017438 -0.045253
    1 3.983847 0.002149 0.003401 -2.168337 -0.253821 -1.230804
    2 15.938816 -0.000100 -0.000005 -0.000009 -0.000002 0.457590
    3 17.707025 -0.000068 0.000003 -0.243947 0.129231 -1.355760
    4 6.202515 0.003416 -0.000367 -0.012016 0.000456 -0.500547
    5 -3.983848 0.002149 0.003395 -1.737281 0.083201 -1.731642
    6 15.938826 -0.000113 -0.000001 0.000002 0.000010 0.278010
    7 17.707031 0.000018 0.000000 0.217629 0.013015 -1.282384
    8 6.202710 0.003078 0.003745 -0.077320 -0.006399 -0.681741
    9 -0.000001 4.209253 -1.688832 1.628031 -0.038025 1.569736
    10 3.836055 0.000000 0.000000 0.063866 0.023251 -0.102385
    11 3.617625 -0.000275 -0.000015 0.065820 0.018664 0.041983
    12 7.537925 0.003588 -0.000212 0.001471 0.007434 0.208145
    13 3.181604 -0.002346 0.000028 3.126824 -0.039041 0.224390
    14 2.966416 0.000318 0.000023 -0.146756 -0.047676 0.150736
    15 2.023770 0.904983 0.850949 1.653302 -1.246182 2.884190
    16 4.980521 0.000781 -0.001089 -1.680105 0.441636 -1.229073
    17 11.119977 0.000007 0.000004 -0.000003 -0.136098 -0.179025
    18 11.205393 -0.000039 0.000000 1.651910 -0.505291 -0.057176
    19 3.767578 0.152466 0.071350 0.014352 0.037540 -0.177489
    20 2.037109 0.000000 0.000000 -0.000001 0.005004 -0.888530
    21 1.066406 0.000000 0.000001 0.000002 0.002790 0.001101
    22 3.783203 -0.017258 0.794434 0.333290 -0.031875 -0.219057
    23 1.627436 0.000008 0.000000 -0.000002 0.005086 -0.697000
    24 0.955566 -0.000003 0.000000 -0.000004 0.003247 -0.272279
    25 1.258789 -0.297852 1.251953 -1.927900 -0.158439 -0.368925
    26 1.392578 0.000004 -0.000004 0.000000 0.002017 0.071902
    27 1.100942 0.000011 0.000000 0.000005 -0.295767 0.023716
    28 3.547341 0.197447 -1.485758 -0.323544 0.115347 -0.238381
    29 1.218750 0.000004 0.000000 -0.000004 0.004664 -0.629642
    30 0.679688 0.000001 0.000000 0.000000 0.002400 -0.578397
    31 3.697266 0.267334 -0.728516 -0.105269 0.104461 -0.301442
    32 1.748047 0.000002 0.000000 -0.000005 0.002898 -0.623724
    33 0.956684 0.000008 0.000001 0.000015 0.004804 -0.321825
    34 2.023778 0.904982 -0.850921 -1.866900 1.217059 2.732727
    35 4.981625 0.002227 0.003236 1.639126 -0.018125 -0.982410
    36 11.119975 -0.000005 0.000000 0.000001 0.136123 -0.736512
    37 11.205375 0.000073 0.000008 -1.691469 0.367042 -0.150107
    38 3.767578 0.151855 -0.072693 -0.090833 -0.078891 -0.174026
    39 2.037109 -0.000002 0.000000 0.000002 -0.007580 -0.940658
    40 1.066406 0.000001 -0.000002 0.000006 -0.004235 -0.116579
    41 3.783203 -0.023941 -0.794434 -0.344154 -0.088894 -0.269864
    42 1.628906 0.000002 -0.000001 0.000002 -0.007731 -0.659761
    43 0.954089 -0.000004 0.000000 0.000004 -0.004923 -0.331344
    44 1.258789 -0.308350 -1.250000 1.738856 0.204803 -0.550000
    45 1.392578 -0.000004 0.000001 0.000004 0.222430 0.216078
    46 1.099609 0.000004 -0.000008 0.000002 0.280394 0.302812
    47 3.546538 0.208125 1.487114 0.333783 -0.052221 -0.250106
    48 1.218750 0.000006 0.000000 0.000005 -0.007078 -0.610627
    49 0.679688 0.000007 -0.000002 0.000001 -0.003643 -0.669685
    50 3.696249 0.271114 0.723153 0.103581 -0.126168 -0.288614
    51 1.748047 -0.000011 0.000004 0.000000 -0.004401 -0.791139
    52 0.956684 0.000004 0.000002 0.000004 -0.007276 -0.432398
    53 -3.756462 5.577850 2.053357 1.570803 -0.000001 0.000000
    54 -2.735646 -0.081365 5.727119 0.000007 0.000015 1.570796
    55 0.000001 5.662003 -0.974302 1.570804 -0.000001 0.000000
    56 -0.000002 -2.275002 5.113525 0.000000 0.000000 -3.141592
    57 -2.477620 5.416855 4.597564 1.570804 -0.000001 0.000000
    58 -1.515218 1.317776 5.998497 0.000000 0.000000 0.000000
    59 -2.455992 5.657928 -0.087295 1.570804 -0.000001 0.000000
    60 -1.485628 -1.617812 5.263969 0.000000 0.000000 3.141592
    61 3.756460 5.577858 2.053359 1.570803 -0.000001 0.000000
    62 2.735645 -0.081364 5.727116 0.000004 -0.000011 -1.570795
    63 2.477613 5.416855 4.597570 1.570804 -0.000001 0.000000
    64 1.515220 1.317777 5.998508 0.000000 0.000000 0.000000
    65 2.455991 5.657928 -0.087293 1.570804 -0.000001 0.000000
    66 1.485620 -1.617803 5.263973 0.000000 0.000000 -3.141592
    67 4.575642 5.632584 0.000132 0.000000 -1.570771 0.249128
    68 -0.000001 0.314078 5.161098 0.000000 0.000000 0.000000
    69 -0.000001 -0.323108 3.750217 0.000000 0.000000 0.000000
    70 5.734947 1.075212 4.685178 1.570830 -0.000004 -1.321669
    71 -0.753896 0.305901 4.971462 -0.000001 0.000002 0.000000
    72 -1.101006 -0.314705 3.448307 0.000001 0.000001 0.000000
    73 5.809101 -1.029643 4.595047 1.570829 -0.000004 -1.321671
    74 -0.714908 -0.199657 5.028973 0.000000 0.000003 0.000000
    75 -0.282898 -0.851690 4.444889 0.000000 0.000000 0.000000
    76 9.578484 -1.290738 0.000240 0.000000 1.570770 -2.892481
    77 9.369518 -1.236408 1.787905 0.000000 1.570770 -2.892481
    78 9.436707 -1.331719 -1.409029 0.000000 1.570770 -2.892477
    79 5.735191 1.075235 -4.684885 -1.570814 0.000004 1.819923
    80 0.753901 0.305904 4.971474 -0.000001 -0.000002 0.000000
    81 1.101010 -0.314705 3.448315 0.000000 -0.000001 0.000000
    82 5.809341 -1.029617 -4.594752 -1.570814 0.000004 1.819922
    83 0.714908 -0.199655 5.028969 0.000000 -0.000003 0.000000
    84 0.282897 -0.851688 4.444893 0.000000 0.000000 0.000000
  time 4
    0 6.524851 -7.143565 36.552099 1.543520 0.016826 -0.052921
    1 3.983847 0.002149 0.003401 -2.167957 -0.231126 -1.212565
    2 15.938816 -0.000100 -0.000005 -0.000009 -0.000002 0.346348
    3 17.707025 -0.000068 0.000003 -0.265312 0.094542 -1.377573
    4 6.202515 0.003416 -0.000367 -0.012915 -0.000048 -0.500547
    5 -3.983848 0.002149 0.003395 -1.746453 0.110082 -1.773797
    6 15.938826 -0.000113 -0.000001 0.000002 0.000010 0.327575
    7 17.707031 0.000018 0.000000 0.274570 0.010606 -1.296459
    8 6.202710 0.003078 0.003745 -0.077068 -0.006435 -0.717682
    9 -0.000001 4.209253 -1.688832 1.634455 -0.043638 1.569065
    10 3.836055 0.000000 0.000000 0.067593 0.027134 -0.096728
    11 3.617625 -0.000275 -0.000015 0.070674 0.018029 0.049656
    12 7.537925 0.003588 -0.000212 0.001411 0.007003 0.208145
    13 3.181604 -0.002346 0.000028 3.128549 -0.034643 0.224354
    14 2.966416 0.000318 0.000023 -0.156463 -0.040641 0.163261
    15 2.023770 0.904983 0.850949 1.667403 -1.245490 2.869325
    16 4.980521 0.000781 -0.001089 -1.694554 0.439780 -1.231093
    17 11.119977 0.000007 0.000004 -0.000003 -0.136098 -0.172449
    18 11.205393 -0.000039 0.000000 1.640098 -0.500207 -0.019809
    19 3.767578 0.152466 0.071350 0.014352 0.037540 -0.177489
    20 2.037109 0.000000 0.000000 -0.000001 0.005004 -0.888530
    21 1.066406 0.000000 0.000001 0.000002 0.002790 0.001101
    22 3.783203 -0.017258 0.794434 0.333290 -0.031875 -0.219057
    23 1.627436 0.000008 0.000000 -0.000002 0.005086 -0.697000
    24 0.955566 -0.000003 0.000000 -0.000004 0.003247 -0.272279
    25 1.258789 -0.297852 1.251953 -1.927900 -0.158439 -0.368925
    26 1.392578 0.000004 -0.000004 0.000000 0.002017 0.071902
    27 1.100942 0.000011 0.000000 0.000005 -0.295767 0.023716
    28 3.547341 0.197447 -1.485758 -0.323544 0.115347 -0.238321
    29 1.218750 0.000004 0.000000 -0.000004 0.004664 -0.629642
    30 0.679688 0.000001 0.000000 0.000000 0.002400 -0.578397
    31 3.697266 0.267334 -0.728516 -0.105269 0.104461 -0.301442
    32 1.748047 0.000002 0.000000 -0.000005 0.002898 -0.623724
    33 0.956684 0.000008 0.000001 0.000015 0.004804 -0.321825
    34 2.023778 0.904982 -0.850921 -1.854845 1.218850 2.745552
    35 4.981625 0.002227 0.003236 1.640880 -0.024144 -0.984231
    36 11.119975 -0.000005 0.000000 0.000001 0.136123 -0.765393
    37 11.205375 0.000073 0.000008 -1.736470 0.354962 -0.184023
    38 3.767578 0.151855 -0.072693 -0.090833 -0.078891 -0.174026
    39 2.037109 -0.000002 0.000000 0.000002 -0.007580 -0.940658
    40 1.066406 0.000001 -0.000002 0.000006 -0.004235 -0.116579
    41 3.783203 -0.023941 -0.794434 -0.344154 -0.088894 -0.269864
    42 1.628906 0.000002 -0.000001 0.000002 -0.007731 -0.659761
    43 0.954089 -0.000004 0.000000 0.000004 -0.004911 -0.331344
    44 1.258789 -0.308350 -1.250000 1.738856 0.204803 -0.550000
    45 1.392578 -0.000004 0.000001 0.000004 0.222430 0.216078
    46 1.099609 0.000004 -0.000008 0.000002 0.280394 0.302812
    47 3.546538 0.208125 1.487114 0.333783 -0.052221 -0.250106
    48 1.218750 0.000006 0.000000 0.000005 -0.007078 -0.610627
    49 0.679688 0.000007 -0.000002 0.000001 -0.003643 -0.669685
    50 3.696249 0.271114 0.723153 0.103581 -0.126168 -0.288614
    51 1.748047 -0.000011 0.000004 0.000000 -0.004401 -0.791139
    52 0.956684 0.000004 0.000002 -0.000008 -0.007276 -0.432398
    53 -3.756462 5.577850 2.053357 1.570803 -0.000001 0.000000
    54 -2.735646 -0.081365 5.727119 0.000007 0.000015 1.570796
    55 0.000001 5.662003 -0.974302 1.570804 -0.000001 0.000000
    56 -0.000002 -2.275002 5.113525 0.000000 0.000000 -3.141592
    57 -2.477620 5.416855 4.597564 1.570804 -0.000001 0.000000
    58 -1.515218 1.317776 5.998497 0.000000 0.000000 0.000000
    59 -2.455992 5.657928 -0.087295 1.570804 -0.000001 0.000000
    60 -1.485628 -1.617812 5.263969 0.000000 0.000000 3.141592
    61 3.756460 5.577858 2.053359 1.570803 -0.000001 0.000000
    62 2.735645 -0.081364 5.727116 0.000004 -0.000011 -1.570795
    63 2.477613 5.416855 4.597570 1.570804 -0.000001 0.000000
    64 1.515220 1.317777 5.998508 0.000000 0.000000 0.000000
    65 2.455991 5.657928 -0.087293 1.570804 -0.000001 0.000000
    66 1.485620 -1.617803 5.263973 0.000000 0.000000 -3.141592
    67 4.575642 5.632584 0.000132 0.000000 -1.570771 0.249128
    68 -0.000001 0.314078 5.161098 0.000000 0.000000 0.000000
    69 -0.000001 -0.323108 3.750217 0.000000 0.000000 0.000000
    70 5.734947 1.075212 4.685178 1.570830 -0.000004 -1.321669
    71 -0.753896 0.305901 4.971462 -0.000001 0.000002 0.000000
    72 -1.101006 -0.314705 3.448307 0.000001 0.000001 0.000000
    73 5.809101 -1.029643 4.595047 1.570829 -0.000004 -1.321671
    74 -0.714908 -0.199657 5.028973 0.000000 0.000003 0.000000
    75 -0.282898 -0.851690 4.444889 0.000000 0.000000 0.000000
    76 9.578484 -1.290738 0.000240 0.000000 1.570770 -2.892481
    77 9.369518 -1.236408 1.787905 0.000000 1.570770 -2.892481
    78 9.436707 -1.331719 -1.409029 0.000000 1.570770 -2.892477
    79 5.735191 1.075235 -4.684885 -1.570814 0.000004 1.819923
    80 0.753901 0.305904 4.971474 -0.000001 -0.000002 0.000000
    81 1.101010 -0.314705 3.448315 0.000000 -0.000001 0.000000
    82 5.809341 -1.029617 -4.594752 -1.570814 0.000004 1.819922
    83 0.714908 -0.199655 5.028969 0.000000 -0.000003 0.000000
    84 0.282897 -0.851688 4.444893 0.000000 0.000000 0.000000
  time 5
    0 8.158181 -8.851329 36.259121 1.537384 0.016167 -0.051452
    1 3.983847 0.002149 0.003401 -2.162922 -0.225207 -1.203803
    2 15.938816 -0.000100 -0.000005 -0.000009 -0.000002 0.309820
    3 17.707025 -0.000068 0.000003 -0.248435 0.080942 -1.371454
    4 6.202515 0.003416 -0.000367 -0.013226 -0.000228 -0.500547
    5 -3.983848 0.002149 0.003395 -1.746262 0.128633 -1.824757
    6 15.938826 -0.000113 -0.000001 0.000002 0.000010 0.361080
    7 17.707031 0.000018 0.000000 0.299391 -0.043305 -1.183047
    8 6.202710 0.003078 0.003745 -0.076289 -0.006543 -0.843526
    9 -0.000001 4.209253 -1.688832 1.637379 -0.047353 1.568682
    10 3.836055 0.000000 0.000000 0.066862 0.029603 -0.093013
    11 3.617625 -0.000275 -0.000015 0.069739 0.016723 0.054612
    12 7.537925 0.003588 -0.000212 0.001208 0.005577 0.208157
    13 3.181604 -0.002346 0.000028 3.130850 -0.028375 0.224258
    14 2.966416 0.000318 0.000023 -0.160945 -0.033319 0.169388
    15 2.023770 0.904983 0.850949 1.701403 -1.243047 2.833342
    16 4.980521 0.000781 -0.001089 -1.714524 0.420011 -1.226540
    17 11.119977 0.000007 0.000004 -0.000003 -0.136098 -0.172335
    18 11.205393 -0.000039 0.000000 1.611959 -0.455155 0.102830
    19 3.767578 0.152466 0.071350 0.014352 0.037540 -0.177489
    20 2.037109 0.000000 0.000000 -0.000001 0.005004 -0.888530
    21 1.066406 0.000000 0.000001 0.000002 0.002790 0.001101
    22 3.783203 -0.017258 0.794434 0.333290 -0.031875 -0.219057
    23 1.627436 0.000008 0.000000 -0.000002 0.005086 -0.697049
    24 0.955566 -0.000003 0.000000 -0.000004 0.003247 -0.272279
    25 1.258789 -0.297852 1.251953 -1.927900 -0.158439 -0.368925
    26 1.392578 0.000004 -0.000004 0.000000 0.002017 0.071902
    27 1.100942 0.000011 0.000000 0.000005 -0.295767 0.023729
    28 3.547341 0.197447 -1.485758 -0.323544 0.115347 -0.238321
    29 1.218750 0.000004 0.000000 -0.000004 0.004664 -0.629642
    30 0.679688 0.000001 0.000000 0.000000 0.002400 -0.578397
    31 3.697266 0.267334 -0.728516 -0.105269 0.104461 -0.301442
    32 1.748047 0.000002 0.000000 -0.000005 0.002898 -0.623724
    33 0.956684 0.000008 0.000001 0.000003 0.004804 -0.321825
    34 2.023778 0.904982 -0.850921 -1.825202 1.223451 2.777255
    35 4.981625 0.002227 0.003236 1.658372 -0.054538 -0.998569
    36 11.119975 -0.000005 0.000000 0.000001 0.136123 -0.781221
    37 11.205375 0.000073 0.000008 -1.783666 0.315281 -0.235233
    38 3.767578 0.151855 -0.072693 -0.090833 -0.078891 -0.174026
    39 2.037109 -0.000002 0.000000 0.000002 -0.007580 -0.940658
    40 1.066406 0.000001 -0.000002 0.000006 -0.004235 -0.116579
    41 3.783203 -0.023941 -0.794434 -0.344154 -0.088894 -0.269864
    42 1.628906 0.000002 -0.000001 0.000002 -0.007731 -0.659761
    43 0.954089 -0.000004 0.000000 0.000004 -0.004923 -0.331344
    44 1.258789 -0.308350 -1.250000 1.738856 0.204803 -0.550000
    45 1.392578 -0.000004 0.000001 0.000004 0.222430 0.216078
    46 1.099609 0.000004 -0.000008 0.000002 0.280394 0.302812
    47 3.546538 0.208125 1.487114 0.333783 -0.052221 -0.250106
    48 1.218750 0.000006 0.000000 0.000005 -0.007078 -0.610627
    49 0.679688 0.000007 -0.000002 0.000001 -0.003643 -0.669685
    50 3.696249 0.271114 0.723153 0.103581 -0.126168 -0.288614
    51 1.748047 -0.000011 0.000004 0.000000 -0.004401 -0.791139
    52 0.956684 0.000004 0.000002 -0.000008 -0.007276 -0.432398
    53 -3.756462 5.577850 2.053357 1.570803 -0.000001 0.000000
    54 -2.735646 -0.081365 5.727119 0.000007 0.000015 1.570796
    55 0.000001 5.662003 -0.974302 1.570804 -0.000001 0.000000
    56 -0.000002 -2.275002 5.113525 0.000000 0.000000 -3.141592
    57 -2.477620 5.416855 4.597564 1.570804 -0.000001 0.000000
    58 -1.515218 1.317776 5.998497 0.000000 0.000000 0.000000
    59 -2.455992 5.657928 -0.087295 1.570804 -0.000001 0.000000
    60 -1.485628 -1.617812 5.263969 0.000000 0.000000 3.141592
    61 3.756460 5.577858 2.053359 1.570803 -0.000001 0.000000
    62 2.735645 -0.081364 5.727116 0.000004 -0.000011 -1.570795
    63 2.477613 5.416855 4.597570 1.570804 -0.000001 0.000000
    64 1.515220 1.317777 5.998508 0.000000 0.000000 0.000000
    65 2.455991 5.657928 -0.087293 1.570804 -0.000001 0.000000
    66 1.485620 -1.617803 5.263973 0.000000 0.000000 -3.141592
    67 4.575642 5.632584 0.000132 0.000000 -1.570771 0.249128
    68 -0.000001 0.314078 5.161098 0.000000 0.000000 0.000000
    69 -0.000001 -0.323108 3.750217 0.000000 0.000000 0.000000
    70 5.734947 1.075212 4.685178 1.570830 -0.000004 -1.321669
    71 -0.753896 0.305901 4.971462 -0.000001 0.000002 0.000000
    72 -1.101006 -0.314705 3.448307 0.000001 0.000001 0.000000
    73 5.809101 -1.029643 4.595047 1.570829 -0.000004 -1.321671
    74 -0.714908 -0.199657 5.028973 0.000000 0.000003 0.000000
    75 -0.282898 -0.851690 4.444889 0.000000 0.000000 0.000000
    76 9.578484 -1.290738 0.000240 0.000000 1.570770 -2.892481
    77 9.369518 -1.236408 1.787905 0.000000 1.570770 -2.892481
    78 9.436707 -1.331719 -1.409029 0.000000 1.570770 -2.892477
    79 5.735191 1.075235 -4.684885 -1.570814 0.000004 1.819923
    80 0.753901 0.305904 4.971474 -0.000001 -0.000002 0.000000
    81 1.101010 -0.314705 3.448315 0.000000 -0.000001 0.000000
    82 5.809341 -1.029617 -4.594752 -1.570814 0.000004 1.819922
    83 0.714908 -0.199655 5.028969 0.000000 -0.000003 0.000000
    84 0.282897 -0.851688 4.444893 0.000000 0.000000 0.000000
  time 6
    0 9.803230 -10.539561 36.091147 1.535514 0.013555 -0.041164
    1 3.983847 0.002149 0.003401 -2.154942 -0.244298 -1.195578
    2 15.938816 -0.000100 -0.000005 -0.000009 -0.000002 0.340100
    3 17.707025 -0.000068 0.000003 -0.206558 0.082046 -1.348908
    4 6.202515 0.003416 -0.000367 -0.013094 -0.000156 -0.500547
    5 -3.983848 0.002149 0.003395 -1.735848 0.093249 -1.856607
    6 15.938826 -0.000113 -0.000001 0.000002 0.000010 0.467390
    7 17.707031 0.000018 0.000000 0.260856 -0.052371 -1.025238
    8 6.202710 0.003078 0.003745 -0.075271 -0.006746 -1.023638
    9 -0.000001 4.209253 -1.688832 1.636084 -0.048605 1.568058
    10 3.836055 0.000000 0.000000 0.061816 0.028764 -0.091695
    11 3.617625 -0.000275 -0.000015 0.063171 0.014649 0.056048
    12 7.537925 0.003588 -0.000212 0.001076 0.004546 0.208145
    13 3.181604 -0.002346 0.000028 3.134014 -0.019998 0.224174
    14 2.966416 0.000318 0.000023 -0.160058 -0.024318 0.169615
    15 2.023770 0.904983 0.850949 1.720103 -1.241337 2.813583
    16 4.980521 0.000781 -0.001089 -1.717621 0.401322 -1.219200
    17 11.119977 0.000007 0.000004 -0.000003 -0.136098 -0.177652
    18 11.205393 -0.000039 0.000000 1.612584 -0.422121 0.144332
    19 3.767578 0.152466 0.071350 0.014352 0.037540 -0.177489
    20 2.037109 0.000000 0.000000 -0.000001 0.005004 -0.888530
    21 1.066406 0.000000 0.000001 0.000002 0.002790 0.001101
    22 3.783203 -0.017258 0.794434 0.333290 -0.031875 -0.219057
    23 1.627436 0.000008 0.000000 -0.000002 0.005086 -0.697000
    24 0.955566 -0.000003 0.000000 -0.000004 0.003247 -0.272279
    25 1.258789 -0.297852 1.251953 -1.927900 -0.158439 -0.368925
    26 1.392578 0.000004 -0.000004 0.000000 0.002017 0.071902
    27 1.100942 0.000011 0.000000 0.000005 -0.295767 0.023729
    28 3.547341 0.197447 -1.485758 -0.323544 0.115347 -0.238381
    29 1.218750 0.000004 0.000000 -0.000004 0.004664 -0.629642
    30 0.679688 0.000001 0.000000 0.000000 0.002400 -0.578397
    31 3.697266 0.267334 -0.728516 -0.105269 0.104461 -0.301442
    32 1.748047 0.000002 0.000000 -0.000005 0.002898 -0.623724
    33 0.956684 0.000008 0.000001 0.000003 0.004804 -0.321825
    34 2.023778 0.904982 -0.850921 -1.808345 1.226057 2.795048
    35 4.981625 0.002227 0.003236 1.673283 -0.078008 -1.011585
    36 11.119975 -0.000005 0.000000 0.000001 0.136123 -0.768861
    37 11.205375 0.000073 0.000008 -1.783857 0.291168 -0.249135
    38 3.767578 0.151855 -0.072693 -0.090833 -0.078891 -0.174026
    39 2.037109 -0.000002 0.000000 0.000002 -0.007580 -0.940658
    40 1.066406 0.000001 -0.000002 0.000006 -0.004235 -0.116579
    41 3.783203 -0.023941 -0.794434 -0.344154 -0.088894 -0.269864
    42 1.628906 0.000002 -0.000001 0.000002 -0.007731 -0.659761
    43 0.954089 -0.000004 0.000000 0.000004 -0.004923 -0.331344
    44 1.258789 -0.308350 -1.250000 1.738856 0.204803 -0.550000
    45 1.392578 -0.000004 0.000001 0.000004 0.222430 0.216078
    46 1.099609 0.000004 -0.000008 0.000002 0.280394 0.302812
    47 3.546538 0.208125 1.487114 0.333783 -0.052221 -0.250166
    48 1.218750 0.000006 0.000000 0.000005 -0.007078 -0.610627
    49 0.679688 0.000007 -0.000002 0.000001 -0.003643 -0.669685
    50 3.696249 0.271114 0.723153 0.103581 -0.126168 -0.288627
    51 1.748047 -0.000011 0.000004 0.000000 -0.004401 -0.791139
    52 0.956684 0.000004 0.000002 -0.000008 -0.007276 -0.432398
    53 -3.756462 5.577850 2.053357 1.570803 -0.000001 0.000000
    54 -2.735646 -0.081365 5.727119 0.000007 0.000015 1.570796
    55 0.000001 5.662003 -0.974302 1.570804 -0.000001 0.000000
    56 -0.000002 -2.275002 5.113525 0.000000 0.000000 -3.141592
    57 -2.477620 5.416855 4.597564 1.570804 -0.000001 0.000000
    58 -1.515218 1.317776 5.998497 0.000000 0.000000 0.000000
    59 -2.455992 5.657928 -0.087295 1.570804 -0.000001 0.000000
    60 -1.485628 -1.617812 5.263969 0.000000 0.000000 3.141592
    61 3.756460 5.577858 2.053359 1.570803 -0.000001 0.000000
    62 2.735645 -0.081364 5.727116 0.000004 -0.000011 -1.570795
    63 2.477613 5.416855 4.597570 1.570804 -0.000001 0.000000
    64 1.515220 1.317777 5.998508 0.000000 0.000000 0.000000
    65 2.455991 5.657928 -0.087293 1.570804 -0.000001 0.000000
    66 1.485620 -1.617803 5.263973 0.000000 0.000000 -3.141592
    67 4.575642 5.632584 0.000132 0.000000 -1.570771 0.249128
    68 -0.000001 0.314078 5.161098 0.000000 0.000000 0.000000
    69 -0.000001 -0.323108 3.750217 0.000000 0.000000 0.000000
    70 5.734947 1.075212 4.685178 1.570830 -0.000004 -1.321669
    71 -0.753896 0.305901 4.971462 -0.000001 0.000002 0.000000
    72 -1.101006 -0.314705 3.448307 0.000001 0.000001 0.000000
    73 5.809101 -1.029643 4.595047 1.570829 -0.000004 -1.321671
    74 -0.714908 -0.199657 5.028973 0.000000 0.000003 0.000000
    75 -0.282898 -0.851690 4.444889 0.000000 0.000000 0.000000
    76 9.578484 -1.290738 0.000240 0.000000 1.570770 -2.892481
    77 9.369518 -1.236408 1.787905 0.000000 1.570770 -2.892481
    78 9.436707 -1.331719 -1.409029 0.000000 1.570770 -2.892477
    79 5.735191 1.075235 -4.684885 -1.570814 0.000004 1.819923
    80 0.753901 0.305904 4.971474 -0.000001 -0.000002 0.000000
    81 1.101010 -0.314705 3.448315 0.000000 -0.000001 0.000000
    82 5.809341 -1.029617 -4.594752 -1.570814 0.000004 1.819922
    83 0.714908 -0.199655 5.028969 0.000000 -0.000003 0.000000
    84 0.282897 -0.851688 4.444893 0.000000 0.000000 0.000000
  time 7
    0 11.452186 -12.227793 36.063802 1.537528 0.000431 -0.023463
    1 3.983847 0.002149 0.003401 -2.146201 -0.283502 -1.206396
    2 15.938816 -0.000100 -0.000005 -0.000009 -0.000002 0.458674
    3 17.707025 -0.000068 0.000003 -0.146676 0.091826 -1.326545
    4 6.202515 0.003416 -0.000367 -0.012423 0.000228 -0.500547
    5 -3.983848 0.002149 0.003395 -1.717601 0.011876 -1.889020
    6 15.938826 -0.000113 -0.000001 0.000002 0.000010 0.659414
    7 17.707031 0.000018 0.000000 0.232408 -0.009667 -0.940528
    8 6.202710 0.003078 0.003745 -0.075606 -0.007298 -1.023638
    9 -0.000001 4.209253 -1.688832 1.630716 -0.047797 1.563840
    10 3.836055 0.000000 0.000000 0.053211 0.016732 -0.092594
    11 3.617625 -0.000275 -0.000015 0.051966 0.011737 0.055119
    12 7.537925 0.003588 -0.000212 0.000896 0.003347 0.208133
    13 3.181604 -0.002346 0.000028 3.138329 -0.009319 0.224138
    14 2.966416 0.000318 0.000023 -0.152856 -0.015989 0.164396
    15 2.023770 0.904983 0.850949 1.739203 -1.239220 2.793280
    16 4.980521 0.000781 -0.001089 -1.717311 0.375717 -1.207079
    17 11.119977 0.000007 0.000004 -0.000003 -0.136098 -0.190632
    18 11.205393 -0.000039 0.000000 1.618922 -0.392297 0.152782
    19 3.767578 0.152466 0.071350 0.014352 0.037540 -0.177489
    20 2.037109 0.000000 0.000000 -0.000001 0.005004 -0.888530
    21 1.066406 0.000000 0.000001 0.000002 0.002790 0.001101
    22 3.783203 -0.017258 0.794434 0.333290 -0.031875 -0.219057
    23 1.627436 0.000008 0.000000 -0.000002 0.005086 -0.697000
    24 0.955566 -0.000003 0.000000 -0.000004 0.003247 -0.272279
    25 1.258789 -0.297852 1.251953 -1.927900 -0.158439 -0.368925
    26 1.392578 0.000004 -0.000004 0.000000 0.002017 0.071902
    27 1.100942 0.000011 0.000000 0.000005 -0.295767 0.023729
    28 3.547341 0.197447 -1.485758 -0.323544 0.115347 -0.238381
    29 1.218750 0.000004 0.000000 -0.000004 0.004664 -0.629642
    30 0.679688 0.000001 0.000000 0.000000 0.002400 -0.578397
    31 3.697266 0.267334 -0.728516 -0.105269 0.104461 -0.301442
    32 1.748047 0.000002 0.000000 -0.000005 0.002898 -0.623724
    33 0.956684 0.000008 0.000001 0.000015 0.004804 -0.321825
    34 2.023778 0.904982 -0.850921 -1.790914 1.229029 2.813654
    35 4.981625 0.002227 0.003236 1.690620 -0.104665 -1.029302
    36 11.119975 -0.000005 0.000000 0.000001 0.136123 -0.742251
    37 11.205375 0.000073 0.000008 -1.773502 0.267990 -0.252515
    38 3.767578 0.151855 -0.072693 -0.090833 -0.078891 -0.174026
    39 2.037109 -0.000002 0.000000 0.000002 -0.007580 -0.940658
    40 1.066406 0.000001 -0.000002 0.000006 -0.004235 -0.116579
    41 3.783203 -0.023941 -0.794434 -0.344154 -0.088894 -0.269864
    42 1.628906 0.000002 -0.000001 0.000002 -0.007731 -0.659761
    43 0.954089 -0.000004 0.000000 0.000004 -0.004923 -0.331344
    44 1.258789 -0.308350 -1.250000 1.738856 0.204803 -0.550000
    45 1.392578 -0.000004 0.000001 0.000004 0.222430 0.216078
    46 1.099609 0.000004 -0.000008 0.000002 0.280394 0.302812
    47 3.546538 0.208125 1.487114 0.333783 -0.052221 -0.250106
    48 1.218750 0.000006 0.000000 0.000005 -0.007078 -0.610627
    49 0.679688 0.000007 -0.000002 0.000001 -0.003643 -0.669685
    50 3.696249 0.271114 0.723153 0.103581 -0.126168 -0.288627
    51 1.748047 -0.000011 0.000004 0.000000 -0.004401 -0.791139
    52 0.956684 0.000004 0.000002 -0.000008 -0.007276 -0.432398
    53 -3.756462 5.577850 2.053357 1.570803 -0.000001 0.000000
    54 -2.735646 -0.081365 5.727119 0.000007 0.000015 1.570796
    55 0.000001 5.662003 -0.974302 1.570804 -0.000001 0.000000
    56 -0.000002 -2.275002 5.113525 0.000000 0.000000 -3.141592
    57 -2.477620 5.416855 4.597564 1.570804 -0.000001 0.000000
    58 -1.515218 1.317776 5.998497 0.000000 0.000000 0.000000
    59 -2.455992 5.657928 -0.087295 1.570804 -0.000001 0.000000
    60 -1.485628 -1.617812 5.263969 0.000000 0.000000 3.141592
    61 3.756460 5.577858 2.053359 1.570803 -0.000001 0.000000
    62 2.735645 -0.081364 5.727116 0.000004 -0.000011 -1.570795
    63 2.477613 5.416855 4.597570 1.570804 -0.000001 0.000000
    64 1.515220 1.317777 5.998508 0.000000 0.000000 0.000000
    65 2.455991 5.657928 -0.087293 1.570804 -0.000001 0.000000
    66 1.485620 -1.617803 5.263973 0.000000 0.000000 -3.141592
    67 4.575642 5.632584 0.000132 0.000000 -1.570771 0.249128
    68 -0.000001 0.314078 5.161098 0.000000 0.000000 0.000000
    69 -0.000001 -0.323108 3.750217 0.000000 0.000000 0.000000
    70 5.734947 1.075212 4.685178 1.570830 -0.000004 -1.321669
    71 -0.753896 0.305901 4.971462 -0.000001 0.000002 0.000000
    72 -1.101006 -0.314705 3.448307 0.000001 0.000001 0.000000
    73 5.809101 -1.029643 4.595047 1.570829 -0.000004 -1.321671
    74 -0.714908 -0.199657 5.028973 0.000000 0.000003 0.000000
    75 -0.282898 -0.851690 4.444889 0.000000 0.000000 0.000000
    76 9.578484 -1.290738 0.000240 0.000000 1.570770 -2.892481
    77 9.369518 -1.236408 1.787905 0.000000 1.570770 -2.892481
    78 9.436707 -1.331719 -1.409029 0.000000 1.570770 -2.892477
    79 5.735191 1.075235 -4.684885 -1.570814 0.000004 1.819923
    80 0.753901 0.305904 4.971474 -0.000001 -0.000002 0.000000
    81 1.101010 -0.314705 3.448315 0.000000 -0.000001 0.000000
    82 5.809341 -1.029617 -4.594752 -1.570814 0.000004 1.819922
    83 0.714908 -0.199655 5.028969 0.000000 -0.000003 0.000000
    84 0.282897 -0.851688 4.444893 0.000000 0.000000 0.000000
  time 8
    0 13.089422 -13.912119 36.161462 1.542226 -0.028943 -0.000012
    1 3.983847 0.002149 0.003401 -2.127296 -0.289999 -1.268622
    2 15.938816 -0.000100 -0.000005 -0.000009 -0.000002 0.506613
    3 17.707025 -0.000068 0.000003 -0.082718 0.099295 -1.194478
    4 6.202515 0.003416 -0.000367 -0.011381 0.000791 -0.500547
    5 -3.983848 0.002149 0.003395 -1.694672 -0.060179 -1.943259
    6 15.938826 -0.000113 -0.000001 0.000002 0.000010 0.827191
    7 17.707031 0.000018 0.000000 0.229824 0.023544 -0.886790
    8 6.202710 0.003078 0.003745 -0.075954 -0.007861 -1.023638
    9 -0.000001 4.209253 -1.688832 1.621655 -0.045092 1.553917
    10 3.836055 0.000000 0.000000 0.041802 -0.010797 -0.095386
    11 3.617625 -0.000275 -0.000015 0.037045 0.007866 0.052345
    12 7.537925 0.003588 -0.000212 0.000680 0.001909 0.208133
    13 3.181604 -0.002346 0.000028 3.142739 0.003468 0.224138
    14 2.966416 0.000318 0.000023 -0.139409 -0.009685 0.150554
    15 2.023770 0.904983 0.850949 1.757953 -1.236817 2.773340
    16 4.980521 0.000781 -0.001089 -1.713028 0.343703 -1.188044
    17 11.119977 0.000007 0.000004 -0.000003 -0.136098 -0.208929
    18 11.205393 -0.000039 0.000000 1.620219 -0.369176 0.152494
    19 3.767578 0.152466 0.071350 0.014352 0.037540 -0.177489
    20 2.037109 0.000000 0.000000 -0.000001 0.005004 -0.888530
    21 1.066406 0.000000 0.000001 0.000002 0.002790 0.001101
    22 3.783203 -0.017258 0.794434 0.333290 -0.031875 -0.219057
    23 1.627436 0.000008 0.000000 -0.000002 0.005086 -0.697000
    24 0.955566 -0.000003 0.000000 -0.000004 0.003247 -0.272279
    25 1.258789 -0.297852 1.251953 -1.927900 -0.158439 -0.368925
    26 1.392578 0.000004 -0.000004 0.000000 0.002017 0.071902
    27 1.100942 0.000011 0.000000 0.000005 -0.295767 0.023729
    28 3.547341 0.197447 -1.485758 -0.323544 0.115347 -0.238381
    29 1.218750 0.000004 0.000000 -0.000004 0.004664 -0.629642
    30 0.679688 0.000001 0.000000 0.000000 0.002400 -0.578397
    31 3.697266 0.267334 -0.728516 -0.105269 0.104461 -0.301442
    32 1.748047 0.000002 0.000000 -0.000005 0.002898 -0.623724
    33 0.956684 0.000008 0.000001 0.000003 0.004804 -0.321825
    34 2.023778 0.904982 -0.850921 -1.773065 1.232124 2.832621
    35 4.981625 0.002227 0.003236 1.708833 -0.133328 -1.053483
    36 11.119975 -0.000005 0.000000 0.000001 0.136123 -0.696534
    37 11.205375 0.000073 0.000008 -1.757849 0.253117 -0.238841
    38 3.767578 0.151855 -0.072693 -0.090833 -0.078891 -0.174026
    39 2.037109 -0.000002 0.000000 0.000002 -0.007580 -0.940658
    40 1.066406 0.000001 -0.000002 0.000006 -0.004235 -0.116579
    41 3.783203 -0.023941 -0.794434 -0.344154 -0.088894 -0.269864
    42 1.628906 0.000002 -0.000001 0.000002 -0.007731 -0.659761
    43 0.954089 -0.000004 0.000000 0.000004 -0.004923 -0.331344
    44 1.258789 -0.308350 -1.250000 1.738856 0.204803 -0.550000
    45 1.392578 -0.000004 0.000001 0.000004 0.222430 0.216078
    46 1.099609 0.000004 -0.000008 0.000002 0.280394 0.302812
    47 3.546538 0.208125 1.487114 0.333783 -0.052221 -0.250106
    48 1.218750 0.000006 0.000000 0.000005 -0.007078 -0.610627
    49 0.679688 0.000007 -0.000002 0.000001 -0.003643 -0.669685
    50 3.696249 0.271114 0.723153 0.103581 -0.126168 -0.288627
    51 1.748047 -0.000011 0.000004 0.000000 -0.004401 -0.791139
    52 0.956684 0.000004 0.000002 -0.000008 -0.007276 -0.432398
    53 -3.756462 5.577850 2.053357 1.570803 -0.000001 0.000000
    54 -2.735646 -0.081365 5.727119 0.000007 0.000015 1.570796
    55 0.000001 5.662003 -0.974302 1.570804 -0.000001 0.000000
    56 -0.000002 -2.275002 5.113525 0.000000 0.000000 -3.141592
    57 -2.477620 5.416855 4.597564 1.570804 -0.000001 0.000000
    58 -1.515218 1.317776 5.998497 0.000000 0.000000 0.000000
    59 -2.455992 5.657928 -0.087295 1.570804 -0.000001 0.000000
    60 -1.485628 -1.617812 5.263969 0.000000 0.000000 3.141592
    61 3.756460 5.577858 2.053359 1.570803 -0.000001 0.000000
    62 2.735645 -0.081364 5.727116 0.000004 -0.000011 -1.570795
    63 2.477613 5.416855 4.597570 1.570804 -0.000001 0.000000
    64 1.515220 1.317777 5.998508 0.000000 0.000000 0.000000
    65 2.455991 5.657928 -0.087293 1.570804 -0.000001 0.000000
    66 1.485620 -1.617803 5.263973 0.000000 0.000000 -3.141592
    67 4.575642 5.632584 0.000132 0.000000 -1.570771 0.249128
    68 -0.000001 0.314078 5.161098 0.000000 0.000000 0.000000
    69 -0.000001 -0.323108 3.750217 0.000000 0.000000 0.000000
    70 5.734947 1.075212 4.685178 1.570830 -0.000004 -1.321669
    71 -0.753896 0.305901 4.971462 -0.000001 0.000002 0.000000
    72 -1.101006 -0.314705 3.448307 0.000001 0.000001 0.000000
    73 5.809101 -1.029643 4.595047 1.570829 -0.000004 -1.321671
    74 -0.714908 -0.199657 5.028973 0.000000 0.000003 0.000000
    75 -0.282898 -0.851690 4.444889 0.000000 0.000000 0.000000
    76 9.578484 -1.290738 0.000240 0.000000 1.570770 -2.892481
    77 9.369518 -1.236408 1.787905 0.000000 1.570770 -2.892481
    78 9.436707 -1.331719 -1.409029 0.000000 1.570770 -2.892477
    79 5.735191 1.075235 -4.684885 -1.570814 0.000004 1.819923
    80 0.753901 0.305904 4.971474 -0.000001 -0.000002 0.000000
    81 1.101010 -0.314705 3.448315 0.000000 -0.000001 0.000000
    82 5.809341 -1.029617 -4.594752 -1.570814 0.000004 1.819922
    83 0.714908 -0.199655 5.028969 0.000000 -0.000003 0.000000
    84 0.282897 -0.851688 4.444893 0.000000 0.000000 0.000000
  time 9
    0 14.726658 -15.584725 36.399750 1.547403 -0.062128 0.027784
    1 3.983847 0.002149 0.003401 -2.096326 -0.257648 -1.360174
    2 15.938816 -0.000100 -0.000005 -0.000009 -0.000002 0.500875
    3 17.707025 -0.000068 0.000003 -0.053699 0.090978 -1.198761
    4 6.202515 0.003416 -0.000367 -0.011141 0.000923 -0.500547
    5 -3.983848 0.002149 0.003395 -1.667348 -0.106169 -1.995531
    6 15.938826 -0.000113 -0.000001 0.000002 0.000010 0.926825
    7 17.707031 0.000018 0.000000 0.212461 -0.000904 -0.853840
    8 6.202710 0.003078 0.003745 -0.076182 -0.008245 -1.023621
    9 -0.000001 4.209253 -1.688832 1.609959 -0.040973 1.543035
    10 3.836055 0.000000 0.000000 0.028331 -0.041561 -0.099605
    11 3.617625 -0.000275 -0.000015 0.019415 0.003000 0.048135
    12 7.537925 0.003588 -0.000212 0.000213 -0.001362 0.208133
    13 3.181604 -0.002346 0.000028 3.148299 0.017754 0.224138
    14 2.966416 0.000318 0.000023 -0.122834 -0.002362 0.128271
    15 2.023770 0.904983 0.850949 1.792403 -1.231158 2.736631
    16 4.980521 0.000781 -0.001089 -1.688361 0.265168 -1.135520
    17 11.119977 0.000007 0.000004 -0.000003 -0.136098 -0.267251
    18 11.205393 -0.000039 0.000000 1.609318 -0.352658 0.132084
    19 3.767578 0.152466 0.071350 0.014352 0.037540 -0.177489
    20 2.037109 0.000000 0.000000 -0.000001 0.005004 -0.888530
    21 1.066406 0.000000 0.000001 0.000002 0.002790 0.001101
    22 3.783203 -0.017258 0.794434 0.333290 -0.031875 -0.219057
    23 1.627436 0.000008 0.000000 -0.000002 0.005086 -0.697000
    24 0.955566 -0.000003 0.000000 -0.000004 0.003247 -0.272279
    25 1.258789 -0.297852 1.251953 -1.927900 -0.158439 -0.368925
    26 1.392578 0.000004 -0.000004 0.000000 0.002017 0.071902
    27 1.100942 0.000011 0.000000 0.000005 -0.295767 0.023729
    28 3.547341 0.197447 -1.485758 -0.323544 0.115347 -0.238381
    29 1.218750 0.000004 0.000000 -0.000004 0.004664 -0.629642
    30 0.679688 0.000001 0.000000 0.000000 0.002400 -0.578397
    31 3.697266 0.267334 -0.728516 -0.105269 0.104461 -0.301442
    32 1.748047 0.000002 0.000000 -0.000005 0.002898 -0.623724
    33 0.956684 0.000008 0.000001 0.000015 0.004804 -0.321825
    34 2.023778 0.904982 -0.850921 -1.739038 1.238557 2.869020
    35 4.981625 0.002227 0.003236 1.745312 -0.194695 -1.111981
    36 11.119975 -0.000005 0.000000 0.000001 0.136123 -0.556608
    37 11.205375 0.000073 0.000008 -1.714614 0.252541 -0.147782
    38 3.767578 0.151855 -0.072693 -0.090833 -0.078891 -0.174026
    39 2.037109 -0.000002 0.000000 0.000002 -0.007580 -0.940658
    40 1.066406 0.000001 -0.000002 0.000006 -0.004235 -0.116579
    41 3.783203 -0.023941 -0.794434 -0.344154 -0.088894 -0.269864
    42 1.628906 0.000002 -0.000001 0.000002 -0.007731 -0.659761
    43 0.954089 -0.000004 0.000000 0.000004 -0.004923 -0.331344
    44 1.258789 -0.308350 -1.250000 1.738856 0.204803 -0.550000
    45 1.392578 -0.000004 0.000001 0.000004 0.222430 0.216078
    46 1.099609 0.000004 -0.000008 0.000002 0.280394 0.302812
    47 3.546538 0.208125 1.487114 0.333783 -0.052221 -0.250106
    48 1.218750 0.000006 0.000000 0.000005 -0.007078 -0.610627
    49 0.679688 0.000007 -0.000002 0.000001 -0.003643 -0.669685
    50 3.696249 0.271114 0.723153 0.103581 -0.126168 -0.288614
    51 1.748047 -0.000011 0.000004 0.000000 -0.004401 -0.791139
    52 0.956684 0.000004 0.000002 -0.000008 -0.007276 -0.432398
    53 -3.756462 5.577850 2.053357 1.570803 -0.000001 0.000000
    54 -2.735646 -0.081365 5.727119 0.000007 0.000015 1.570796
    55 0.000001 5.662003 -0.974302 1.570804 -0.000001 0.000000
    56 -0.000002 -2.275002 5.113525 0.000000 0.000000 -3.141592
    57 -2.477620 5.416855 4.597564 1.570804 -0.000001 0.000000
    58 -1.515218 1.317776 5.998497 0.000000 0.000000 0.000000
    59 -2.455992 5.657928 -0.087295 1.570804 -0.000001 0.000000
    60 -1.485628 -1.617812 5.263969 0.000000 0.000000 3.141592
    61 3.756460 5.577858 2.053359 1.570803 -0.000001 0.000000
    62 2.735645 -0.081364 5.727116 0.000004 -0.000011 -1.570795
    63 2.477613 5.416855 4.597570 1.570804 -0.000001 0.000000
    64 1.515220 1.317777 5.998508 0.000000 0.000000 0.000000
    65 2.455991 5.657928 -0.087293 1.570804 -0.000001 0.000000
    66 1.485620 -1.617803 5.263973 0.000000 0.000000 -3.141592
    67 4.575642 5.632584 0.000132 0.000000 -1.570771 0.249128
    68 -0.000001 0.314078 5.161098 0.000000 0.000000 0.000000
    69 -0.000001 -0.323108 3.750217 0.000000 0.000000 0.000000
    70 5.734947 1.075212 4.685178 1.570830 -0.000004 -1.321669
    71 -0.753896 0.305901 4.971462 -0.000001 0.000002 0.000000
    72 -1.101006 -0.314705 3.448307 0.000001 0.000001 0.000000
    73 5.809101 -1.029643 4.595047 1.570829 -0.000004 -1.321671
    74 -0.714908 -0.199657 5.028973 0.000000 0.000003 0.000000
    75 -0.282898 -0.851690 4.444889 0.000000 0.000000 0.000000
    76 9.578484 -1.290738 0.000240 0.000000 1.570770 -2.892481
    77 9.369518 -1.236408 1.787905 0.000000 1.570770 -2.892481
    78 9.436707 -1.331719 -1.409029 0.000000 1.570770 -2.892477
    79 5.735191 1.075235 -4.684885 -1.570814 0.000004 1.819923
    80 0.753901 0.305904 4.971474 -0.000001 -0.000002 0.000000
    81 1.101010 -0.314705 3.448315 0.000000 -0.000001 0.000000
    82 5.809341 -1.029617 -4.594752 -1.570814 0.000004 1.819922
    83 0.714908 -0.199655 5.028969 0.000000 -0.000003 0.000000
    84 0.282897 -0.851688 4.444893 0.000000 0.000000 0.000000
  time 10
    0 16.352175 -17.249519 36.720072 1.552628 -0.077696 0.058456
    1 3.983847 0.002149 0.003401 -2.059465 -0.202467 -1.443321
    2 15.938816 -0.000100 -0.000005 -0.000009 -0.000002 0.460969
    3 17.707025 -0.000068 0.000003 -0.036382 0.081685 -1.244802
    4 6.202515 0.003416 -0.000367 -0.011141 0.000923 -0.500547
    5 -3.983848 0.002149 0.003395 -1.637541 -0.181488 -1.977545
    6 15.938826 -0.000113 -0.000001 0.000002 0.000010 1.016634
    7 17.707031 0.000018 0.000000 0.170232 -0.008507 -0.872877
    8 6.202710 0.003078 0.003745 -0.076182 -0.008245 -1.023621
    9 -0.000001 4.209253 -1.688832 1.596776 -0.036288 1.539057
    10 3.836055 0.000000 0.000000 0.013423 -0.055535 -0.104422
    11 3.617625 -0.000275 -0.000015 0.000012 -0.002656 0.043334
    12 7.537925 0.003588 -0.000212 0.000009 -0.003016 0.208133
    13 3.181604 -0.002346 0.000028 3.153572 0.031740 0.224306
    14 2.966416 0.000318 0.000023 -0.107590 0.010701 0.113204
    15 2.023770 0.904983 0.850949 1.807253 -1.228227 2.720860
    16 4.980521 0.000781 -0.001089 -1.666894 0.221211 -1.110795
    17 11.119977 0.000007 0.000004 -0.000003 -0.136098 -0.309449
    18 11.205393 -0.000039 0.000000 1.599331 -0.356173 0.113520
    19 3.767578 0.152466 0.071350 0.014352 0.037540 -0.177489
    20 2.037109 0.000000 0.000000 -0.000001 0.005004 -0.888530
    21 1.066406 0.000000 0.000001 0.000002 0.002790 0.001101
    22 3.783203 -0.017258 0.794434 0.333290 -0.031875 -0.219057
    23 1.627436 0.000008 0.000000 -0.000002 0.005086 -0.697000
    24 0.955566 -0.000003 0.000000 -0.000004 0.003247 -0.272279
    25 1.258789 -0.297852 1.251953 -1.927900 -0.158439 -0.368925
    26 1.392578 0.000004 -0.000004 0.000000 0.002017 0.071902
    27 1.100942 0.000011 0.000000 0.000005 -0.295767 0.023729
    28 3.547341 0.197447 -1.485758 -0.323544 0.115347 -0.238381
    29 1.218750 0.000004 0.000000 -0.000004 0.004664 -0.629642
    30 0.679688 0.000001 0.000000 0.000000 0.002400 -0.578397
    31 3.697266 0.267334 -0.728516 -0.105269 0.104461 -0.301442
    32 1.748047 0.000002 0.000000 -0.000005 0.002898 -0.623724
    33 0.956684 0.000008 0.000001 0.000003 0.004804 -0.321825
    34 2.023778 0.904982 -0.850921 -1.723486 1.241773 2.885368
    35 4.981625 0.002227 0.003236 1.763732 -0.224513 -1.137425
    36 11.119975 -0.000005 0.000000 0.000001 0.136123 -0.479362
    37 11.205375 0.000073 0.000008 -1.695907 0.264826 -0.109731
    38 3.767578 0.151855 -0.072693 -0.090833 -0.078891 -0.174026
    39 2.037109 -0.000002 0.000000 0.000002 -0.007580 -0.940658
    40 1.066406 0.000001 -0.000002 0.000006 -0.004235 -0.116579
    41 3.783203 -0.023941 -0.794434 -0.344154 -0.088894 -0.269864
    42 1.628906 0.000002 -0.000001 0.000002 -0.007731 -0.659761
    43 0.954089 -0.000004 0.000000 0.000004 -0.004923 -0.331344
    44 1.258789 -0.308350 -1.250000 1.738856 0.204803 -0.550000
    45 1.392578 -0.000004 0.000001 0.000004 0.222430 0.216078
    46 1.099609 0.000004 -0.000008 0.000002 0.280394 0.302812
    47 3.546538 0.208125 1.487114 0.333783 -0.052221 -0.250106
    48 1.218750 0.000006 0.000000 0.000005 -0.007078 -0.610627
    49 0.679688 0.000007 -0.000002 0.000001 -0.003643 -0.669685
    50 3.696249 0.271114 0.723153 0.103581 -0.126168 -0.288627
    51 1.748047 -0.000011 0.000004 0.000000 -0.004401 -0.791139
    52 0.956684 0.000004 0.000002 -0.000008 -0.007276 -0.432398
    53 -3.756462 5.577850 2.053357 1.570803 -0.000001 0.000000
    54 -2.735646 -0.081365 5.727119 0.000007 0.000015 1.570796
    55 0.000001 5.662003 -0.974302 1.570804 -0.000001 0.000000
    56 -0.000002 -2.275002 5.113525 0.000000 0.000000 -3.141592
    57 -2.477620 5.416855 4.597564 1.570804 -0.000001 0.000000
    58 -1.515218 1.317776 5.998497 0.000000 0.000000 0.000000
    59 -2.455992 5.657928 -0.087295 1.570804 -0.000001 0.000000
    60 -1.485628 -1.617812 5.263969 0.000000 0.000000 3.141592
    61 3.756460 5.577858 2.053359 1.570803 -0.000001 0.000000
    62 2.735645 -0.081364 5.727116 0.000004 -0.000011 -1.570795
    63 2.477613 5.416855 4.597570 1.570804 -0.000001 0.000000
    64 1.515220 1.317777 5.998508 0.000000 0.000000 0.000000
    65 2.455991 5.657928 -0.087293 1.570804 -0.000001 0.000000
    66 1.485620 -1.617803 5.263973 0.000000 0.000000 -3.141592
    67 4.575642 5.632584 0.000132 0.000000 -1.570771 0.249128
    68 -0.000001 0.314078 5.161098 0.000000 0.000000 0.000000
    69 -0.000001 -0.323108 3.750217 0.000000 0.000000 0.000000
    70 5.734947 1.075212 4.685178 1.570830 -0.000004 -1.321669
    71 -0.753896 0.305901 4.971462 -0.000001 0.000002 0.000000
    72 -1.101006 -0.314705 3.448307 0.000001 0.000001 0.000000
    73 5.809101 -1.029643 4.595047 1.570829 -0.000004 -1.321671
    74 -0.714908 -0.199657 5.028973 0.000000 0.000003 0.000000
    75 -0.282898 -0.851690 4.444889 0.000000 0.000000 0.000000
    76 9.578484 -1.290738 0.000240 0.000000 1.570770 -2.892481
    77 9.369518 -1.236408 1.787905 0.000000 1.570770 -2.892481
    78 9.436707 -1.331719 -1.409029 0.000000 1.570770 -2.892477
    79 5.735191 1.075235 -4.684885 -1.570814 0.000004 1.819923
    80 0.753901 0.305904 4.971474 -0.000001 -0.000002 0.000000
    81 1.101010 -0.314705 3.448315 0.000000 -0.000001 0.000000
    82 5.809341 -1.029617 -4.594752 -1.570814 0.000004 1.819922
    83 0.714908 -0.199655 5.028969 0.000000 -0.000003 0.000000
    84 0.282897 -0.851688 4.444893 0.000000 0.000000 0.000000
  time 11
    0 17.977693 -18.867436 37.040395 1.557613 -0.074640 0.090342
    1 3.983847 0.002149 0.003401 -2.022225 -0.133359 -1.508229
    2 15.938816 -0.000100 -0.000005 -0.000009 -0.000002 0.395945
    3 17.707025 -0.000068 0.000003 -0.019284 0.072434 -1.277016
    4 6.202515 0.003416 -0.000367 -0.011141 0.000923 -0.500547
    5 -3.983848 0.002149 0.003395 -1.605250 -0.259684 -1.897451
    6 15.938826 -0.000113 -0.000001 0.000002 0.000010 1.053162
    7 17.707031 0.000018 0.000000 0.116419 0.008768 -0.964527
    8 6.202710 0.003078 0.003745 -0.075894 -0.007753 -1.023638
    9 -0.000001 4.209253 -1.688832 1.583018 -0.032008 1.541885
    10 3.836055 0.000000 0.000000 -0.002038 -0.054517 -0.108677
    11 3.617625 -0.000275 -0.000015 -0.020122 -0.008840 0.039012
    12 7.537925 0.003588 -0.000212 -0.000171 -0.004442 0.208145
    13 3.181604 -0.002346 0.000028 3.157983 0.043101 0.224450
    14 2.966416 0.000318 0.000023 -0.092382 0.022170 0.105943
    15 2.023770 0.904983 0.850949 1.819803 -1.225377 2.707537
    16 4.980521 0.000781 -0.001089 -1.640783 0.176546 -1.087350
    17 11.119977 0.000007 0.000004 -0.000003 -0.136098 -0.358680
    18 11.205393 -0.000039 0.000000 1.588239 -0.363033 0.090761
    19 3.767578 0.152466 0.071350 0.014352 0.037540 -0.177489
    20 2.037109 0.000000 0.000000 -0.000001 0.005004 -0.888530
    21 1.066406 0.000000 0.000001 0.000002 0.002790 0.001101
    22 3.783203 -0.017258 0.794434 0.333290 -0.031875 -0.219057
    23 1.627436 0.000008 0.000000 -0.000002 0.005086 -0.697049
    24 0.955566 -0.000003 0.000000 -0.000004 0.003247 -0.272279
    25 1.258789 -0.297852 1.251953 -1.927900 -0.158439 -0.368925
    26 1.392578 0.000004 -0.000004 0.000000 0.002017 0.071902
    27 1.100942 0.000011 0.000000 0.000005 -0.295767 0.023716
    28 3.547341 0.197447 -1.485758 -0.323544 0.115347 -0.238381
    29 1.218750 0.000004 0.000000 -0.000004 0.004664 -0.629642
    30 0.679688 0.000001 0.000000 0.000000 0.002400 -0.578397
    31 3.697266 0.267334 -0.728516 -0.105269 0.104461 -0.301442
    32 1.748047 0.000002 0.000000 -0.000005 0.002898 -0.623724
    33 0.956684 0.000008 0.000001 0.000015 0.004804 -0.321825
    34 2.023778 0.904982 -0.850921 -1.710073 1.244827 2.899819
    35 4.981625 0.002227 0.003236 1.781017 -0.249713 -1.159961
    36 11.119975 -0.000005 0.000000 0.000001 0.136123 -0.409116
    37 11.205375 0.000073 0.000008 -1.682784 0.288531 -0.090244
    38 3.767578 0.151855 -0.072693 -0.090833 -0.078891 -0.174026
    39 2.037109 -0.000002 0.000000 0.000002 -0.007580 -0.940658
    40 1.066406 0.000001 -0.000002 0.000006 -0.004235 -0.116579
    41 3.783203 -0.023941 -0.794434 -0.344154 -0.088894 -0.269864
    42 1.628906 0.000002 -0.000001 0.000002 -0.007731 -0.659761
    43 0.954089 -0.000004 0.000000 0.000004 -0.004923 -0.331344
    44 1.258789 -0.308350 -1.250000 1.738856 0.204803 -0.550000
    45 1.392578 -0.000004 0.000001 0.000004 0.222430 0.216078
    46 1.099609 0.000004 -0.000008 0.000002 0.280394 0.302812
    47 3.546538 0.208125 1.487114 0.333783 -0.052221 -0.250106
    48 1.218750 0.000006 0.000000 0.000005 -0.007078 -0.610627
    49 0.679688 0.000007 -0.000002 0.000001 -0.003643 -0.669685
    50 3.696249 0.271114 0.723153 0.103581 -0.126168 -0.288627
    51 1.748047 -0.000011 0.000004 0.000000 -0.004401 -0.791139
    52 0.956684 0.000004 0.000002 -0.000008 -0.007276 -0.432398
    53 -3.756462 5.577850 2.053357 1.570803 -0.000001 0.000000
    54 -2.735646 -0.081365 5.727119 0.000007 0.000015 1.570796
    55 0.000001 5.662003 -0.974302 1.570804 -0.000001 0.000000
    56 -0.000002 -2.275002 5.113525 0.000000 0.000000 -3.141592
    57 -2.477620 5.416855 4.597564 1.570804 -0.000001 0.000000
    58 -1.515218 1.317776 5.998497 0.000000 0.000000 0.000000
    59 -2.455992 5.657928 -0.087295 1.570804 -0.000001 0.000000
    60 -1.485628 -1.617812 5.263969 0.000000 0.000000 3.141592
    61 3.756460 5.577858 2.053359 1.570803 -0.000001 0.000000
    62 2.735645 -0.081364 5.727116 0.000004 -0.000011 -1.570795
    63 2.477613 5.416855 4.597570 1.570804 -0.000001 0.000000
    64 1.515220 1.317777 5.998508 0.000000 0.000000 0.000000
    65 2.455991 5.657928 -0.087293 1.570804 -0.000001 0.000000
    66 1.485620 -1.617803 5.263973 0.000000 0.000000 -3.141592
    67 4.575642 5.632584 0.000132 0.000000 -1.570771 0.249128
    68 -0.000001 0.314078 5.161098 0.000000 0.000000 0.000000
    69 -0.000001 -0.323108 3.750217 0.000000 0.000000 0.000000
    70 5.734947 1.075212 4.685178 1.570830 -0.000004 -1.321669
    71 -0.753896 0.305901 4.971462 -0.000001 0.000002 0.000000
    72 -1.101006 -0.314705 3.448307 0.000001 0.000001 0.000000
    73 5.809101 -1.029643 4.595047 1.570829 -0.000004 -1.321671
    74 -0.714908 -0.199657 5.028973 0.000000 0.000003 0.000000
    75 -0.282898 -0.851690 4.444889 0.000000 0.000000 0.000000
    76 9.578484 -1.290738 0.000240 0.000000 1.570770 -2.892481
    77 9.369518 -1.236408 1.787905 0.000000 1.570770 -2.892481
    78 9.436707 -1.331719 -1.409029 0.000000 1.570770 -2.892477
    79 5.735191 1.075235 -4.684885 -1.570814 0.000004 1.819923
    80 0.753901 0.305904 4.971474 -0.000001 -0.000002 0.000000
    81 1.101010 -0.314705 3.448315 0.000000 -0.000001 0.000000
    82 5.809341 -1.029617 -4.594752 -1.570814 0.000004 1.819922
    83 0.714908 -0.199655 5.028969 0.000000 -0.000003 0.000000
    84 0.282897 -0.851688 4.444893 0.000000 0.000000 0.000000
  time 12
    0 19.571959 -20.418945 37.266964 1.561927 -0.060079 0.121845
    1 3.983847 0.002149 0.003401 -1.987644 -0.057308 -1.557223
    2 15.938816 -0.000100 -0.000005 -0.000009 -0.000002 0.320721
    3 17.707025 -0.000068 0.000003 -0.002297 0.063184 -1.301918
    4 6.202515 0.003416 -0.000367 -0.011141 0.000923 -0.500547
    5 -3.983848 0.002149 0.003395 -1.571334 -0.329850 -1.796092
    6 15.938826 -0.000113 -0.000001 0.000002 0.000010 1.022302
    7 17.707031 0.000018 0.000000 0.067344 -0.002671 -1.071031
    8 6.202710 0.003078 0.003745 -0.075474 -0.007106 -1.023638
    9 -0.000001 4.209253 -1.688832 1.569308 -0.029060 1.548932
    10 3.836055 0.000000 0.000000 -0.017486 -0.044498 -0.111613
    11 3.617625 -0.000275 -0.000015 -0.040172 -0.014653 0.036126
    12 7.537925 0.003588 -0.000212 -0.000386 -0.006144 0.208157
    13 3.181604 -0.002346 0.000028 3.160763 0.050112 0.224581
    14 2.966416 0.000318 0.000023 -0.076957 0.030907 0.105534
    15 2.023770 0.904983 0.850949 1.836853 -1.220776 2.689137
    16 4.980521 0.000781 -0.001089 -1.583710 0.097740 -1.045809
    17 11.119977 0.000007 0.000004 -0.000003 -0.136098 -0.467547
    18 11.205393 -0.000039 0.000000 1.565478 -0.385887 0.045759
    19 3.767578 0.152466 0.071350 0.014352 0.037540 -0.177489
    20 2.037109 0.000000 0.000000 -0.000001 0.005004 -0.888530
    21 1.066406 0.000000 0.000001 0.000002 0.002790 0.001101
    22 3.783203 -0.017258 0.794434 0.333290 -0.031875 -0.219057
    23 1.627436 0.000008 0.000000 -0.000002 0.005086 -0.697049
    24 0.955566 -0.000003 0.000000 -0.000004 0.003247 -0.272279
    25 1.258789 -0.297852 1.251953 -1.927900 -0.158439 -0.368925
    26 1.392578 0.000004 -0.000004 0.000000 0.002017 0.071902
    27 1.100942 0.000011 0.000000 0.000005 -0.295767 0.023716
    28 3.547341 0.197447 -1.485758 -0.323544 0.115347 -0.238381
    29 1.218750 0.000004 0.000000 -0.000004 0.004664 -0.629642
    30 0.679688 0.000001 0.000000 0.000000 0.002400 -0.578397
    31 3.697266 0.267334 -0.728516 -0.105269 0.104461 -0.301442
    32 1.748047 0.000002 0.000000 -0.000005 0.002898 -0.623724
    33 0.956684 0.000008 0.000001 0.000003 0.004804 -0.321825
    34 2.023778 0.904982 -0.850921 -1.690555 1.249713 2.920232
    35 4.981625 0.002227 0.003236 1.811614 -0.299812 -1.200948
    36 11.119975 -0.000005 0.000000 0.000001 0.136123 -0.300656
    37 11.205375 0.000073 0.000008 -1.670472 0.344032 -0.093492
    38 3.767578 0.151855 -0.072693 -0.090833 -0.078891 -0.174026
    39 2.037109 -0.000002 0.000000 0.000002 -0.007580 -0.940658
    40 1.066406 0.000001 -0.000002 0.000006 -0.004235 -0.116579
    41 3.783203 -0.023941 -0.794434 -0.344154 -0.088894 -0.269864
    42 1.628906 0.000002 -0.000001 0.000002 -0.007731 -0.659761
    43 0.954089 -0.000004 0.000000 0.000004 -0.004923 -0.331344
    44 1.258789 -0.308350 -1.250000 1.738856 0.204803 -0.550000
    45 1.392578 -0.000004 0.000001 0.000004 0.222430 0.216078
    46 1.099609 0.000004 -0.000008 0.000002 0.280394 0.302812
    47 3.546538 0.208125 1.487114 0.333783 -0.052221 -0.250106
    48 1.218750 0.000006 0.000000 0.000005 -0.007078 -0.610627
    49 0.679688 0.000007 -0.000002 0.000001 -0.003643 -0.669685
    50 3.696249 0.271114 0.723153 0.103581 -0.126168 -0.288614
    51 1.748047 -0.000011 0.000004 0.000000 -0.004401 -0.791139
    52 0.956684 0.000004 0.000002 -0.000008 -0.007276 -0.432398
    53 -3.756462 5.577850 2.053357 1.570803 -0.000001 0.000000
    54 -2.735646 -0.081365 5.727119 0.000007 0.000015 1.570796
    55 0.000001 5.662003 -0.974302 1.570804 -0.000001 0.000000
    56 -0.000002 -2.275002 5.113525 0.000000 0.000000 -3.141592
    57 -2.477620 5.416855 4.597564 1.570804 -0.000001 0.000000
    58 -1.515218 1.317776 5.998497 0.000000 0.000000 0.000000
    59 -2.455992 5.657928 -0.087295 1.570804 -0.000001 0.000000
    60 -1.485628 -1.617812 5.263969 0.000000 0.000000 3.141592
    61 3.756460 5.577858 2.053359 1.570803 -0.000001 0.000000
    62 2.735645 -0.081364 5.727116 0.000004 -0.000011 -1.570795
    63 2.477613 5.416855 4.597570 1.570804 -0.000001 0.000000
    64 1.515220 1.317777 5.998508 0.000000 0.000000 0.000000
    65 2.455991 5.657928 -0.087293 1.570804 -0.000001 0.000000
    66 1.485620 -1.617803 5.263973 0.000000 0.000000 -3.141592
    67 4.575642 5.632584 0.000132 0.000000 -1.570771 0.249128
    68 -0.000001 0.314078 5.161098 0.000000 0.000000 0.000000
    69 -0.000001 -0.323108 3.750217 0.000000 0.000000 0.000000
    70 5.734947 1.075212 4.685178 1.570830 -0.000004 -1.321669
    71 -0.753896 0.305901 4.971462 -0.000001 0.000002 0.000000
    72 -1.101006 -0.314705 3.448307 0.000001 0.000001 0.000000
    73 5.809101 -1.029643 4.595047 1.570829 -0.000004 -1.321671
    74 -0.714908 -0.199657 5.028973 0.000000 0.000003 0.000000
    75 -0.282898 -0.851690 4.444889 0.000000 0.000000 0.000000
    76 9.578484 -1.290738 0.000240 0.000000 1.570770 -2.892481
    77 9.369518 -1.236408 1.787905 0.000000 1.570770 -2.892481
    78 9.436707 -1.331719 -1.409029 0.000000 1.570770 -2.892477
    79 5.735191 1.075235 -4.684885 -1.570814 0.000004 1.819923
    80 0.753901 0.305904 4.971474 -0.000001 -0.000002 0.000000
    81 1.101010 -0.314705 3.448315 0.000000 -0.000001 0.000000
    82 5.809341 -1.029617 -4.594752 -1.570814 0.000004 1.819922
    83 0.714908 -0.199655 5.028969 0.000000 -0.000003 0.000000
    84 0.282897 -0.851688 4.444893 0.000000 0.000000 0.000000
  time 13
    0 21.166225 -21.935297 37.341185 1.564420 -0.042641 0.151558
    1 3.983847 0.002149 0.003401 -1.957434 -0.007690 -1.584671
    2 15.938816 -0.000100 -0.000005 -0.000009 -0.000002 0.304337
    3 17.707025 -0.000068 0.000003 0.015847 0.053806 -1.321803
    4 6.202515 0.003416 -0.000367 -0.010757 0.000899 -0.529829
    5 -3.983848 0.002149 0.003395 -1.538183 -0.390096 -1.694171
    6 15.938826 -0.000113 -0.000001 0.000002 0.000010 0.937658
    7 17.707031 0.000018 0.000000 0.053857 -0.047749 -1.159243
    8 6.202710 0.003078 0.003745 -0.075702 -0.006639 -0.950076
    9 -0.000001 4.209253 -1.688832 1.555694 -0.027969 1.556745
    10 3.836055 0.000000 0.000000 -0.032083 -0.031590 -0.112608
    11 3.617625 -0.000275 -0.000015 -0.059156 -0.019135 0.035098
    12 7.537925 0.003588 -0.000212 -0.000434 -0.006384 0.208145
    13 3.181604 -0.002346 0.000028 3.161626 0.052389 0.224629
    14 2.966416 0.000318 0.000023 -0.061389 0.036611 0.111343
    15 2.023770 0.904983 0.850949 1.840603 -1.219392 2.684968
    16 4.980521 0.000781 -0.001089 -1.556979 0.069268 -1.028140
    17 11.119977 0.000007 0.000004 -0.000003 -0.136098 -0.526270
    18 11.205393 -0.000039 0.000000 1.557939 -0.399425 0.036028
    19 3.767578 0.152466 0.071350 0.014352 0.037540 -0.177489
    20 2.037109 0.000000 0.000000 -0.000001 0.005004 -0.888530
    21 1.066406 0.000000 0.000001 0.000002 0.002790 0.001101
    22 3.783203 -0.017258 0.794434 0.333290 -0.031875 -0.219057
    23 1.627436 0.000008 0.000000 -0.000002 0.005086 -0.697000
    24 0.955566 -0.000003 0.000000 -0.000004 0.003247 -0.272279
    25 1.258789 -0.297852 1.251953 -1.927900 -0.158439 -0.368925
    26 1.392578 0.000004 -0.000004 0.000000 0.002017 0.071902
    27 1.100942 0.000011 0.000000 0.000005 -0.295767 0.023729
    28 3.547341 0.197447 -1.485758 -0.323544 0.115347 -0.238381
    29 1.218750 0.000004 0.000000 -0.000004 0.004664 -0.629642
    30 0.679688 0.000001 0.000000 0.000000 0.002400 -0.578397
    31 3.697266 0.267334 -0.728516 -0.105269 0.104461 -0.301442
    32 1.748047 0.000002 0.000000 -0.000005 0.002898 -0.623724
    33 0.956684 0.000008 0.000001 0.000015 0.004804 -0.321825
    34 2.023778 0.904982 -0.850921 -1.685754 1.251342 2.925290
    35 4.981625 0.002227 0.003236 1.827248 -0.327404 -1.220134
    36 11.119975 -0.000005 0.000000 0.000001 0.136123 -0.261875
    37 11.205375 0.000073 0.000008 -1.671665 0.377768 -0.108101
    38 3.767578 0.151855 -0.072693 -0.090833 -0.078891 -0.174026
    39 2.037109 -0.000002 0.000000 0.000002 -0.007580 -0.940658
    40 1.066406 0.000001 -0.000002 0.000006 -0.004235 -0.116579
    41 3.783203 -0.023941 -0.794434 -0.344154 -0.088894 -0.269864
    42 1.628906 0.000002 -0.000001 0.000002 -0.007731 -0.659761
    43 0.954089 -0.000004 0.000000 0.000004 -0.004923 -0.331344
    44 1.258789 -0.308350 -1.250000 1.738856 0.204803 -0.550000
    45 1.392578 -0.000004 0.000001 0.000004 0.222430 0.216078
    46 1.099609 0.000004 -0.000008 0.000002 0.280394 0.302812
    47 3.546538 0.208125 1.487114 0.333783 -0.052221 -0.250106
    48 1.218750 0.000006 0.000000 0.000005 -0.007078 -0.610627
    49 0.679688 0.000007 -0.000002 0.000001 -0.003643 -0.669685
    50 3.696249 0.271114 0.723153 0.103581 -0.126168 -0.288627
    51 1.748047 -0.000011 0.000004 0.000000 -0.004401 -0.791139
    52 0.956684 0.000004 0.000002 -0.000008 -0.007276 -0.432398
    53 -3.756462 5.577850 2.053357 1.570803 -0.000001 0.000000
    54 -2.735646 -0.081365 5.727119 0.000007 0.000015 1.570796
    55 0.000001 5.662003 -0.974302 1.570804 -0.000001 0.000000
    56 -0.000002 -2.275002 5.113525 0.000000 0.000000 -3.141592
    57 -2.477620 5.416855 4.597564 1.570804 -0.000001 0.000000
    58 -1.515218 1.317776 5.998497 0.000000 0.000000 0.000000
    59 -2.455992 5.657928 -0.087295 1.570804 -0.000001 0.000000
    60 -1.485628 -1.617812 5.263969 0.000000 0.000000 3.141592
    61 3.756460 5.577858 2.053359 1.570803 -0.000001 0.000000
    62 2.735645 -0.081364 5.727116 0.000004 -0.000011 -1.570795
    63 2.477613 5.416855 4.597570 1.570804 -0.000001 0.000000
    64 1.515220 1.317777 5.998508 0.000000 0.000000 0.000000
    65 2.455991 5.657928 -0.087293 1.570804 -0.000001 0.000000
    66 1.485620 -1.617803 5.263973 0.000000 0.000000 -3.141592
    67 4.575642 5.632584 0.000132 0.000000 -1.570771 0.249128
    68 -0.000001 0.314078 5.161098 0.000000 0.000000 0.000000
    69 -0.000001 -0.323108 3.750217 0.000000 0.000000 0.000000
    70 5.734947 1.075212 4.685178 1.570830 -0.000004 -1.321669
    71 -0.753896 0.305901 4.971462 -0.000001 0.000002 0.000000
    72 -1.101006 -0.314705 3.448307 0.000001 0.000001 0.000000
    73 5.809101 -1.029643 4.595047 1.570829 -0.000004 -1.321671
    74 -0.714908 -0.199657 5.028973 0.000000 0.000003 0.000000
    75 -0.282898 -0.851690 4.444889 0.000000 0.000000 0.000000
    76 9.578484 -1.290738 0.000240 0.000000 1.570770 -2.892481
    77 9.369518 -1.236408 1.787905 0.000000 1.570770 -2.892481
    78 9.436707 -1.331719 -1.409029 0.000000 1.570770 -2.892477
    79 5.735191 1.075235 -4.684885 -1.570814 0.000004 1.819923
    80 0.753901 0.305904 4.971474 -0.000001 -0.000002 0.000000
    81 1.101010 -0.314705 3.448315 0.000000 -0.000001 0.000000
    82 5.809341 -1.029617 -4.594752 -1.570814 0.000004 1.819922
    83 0.714908 -0.199655 5.028969 0.000000 -0.000003 0.000000
    84 0.282897 -0.851688 4.444893 0.000000 0.000000 0.000000
  time 14
    0 22.756585 -23.447743 37.302121 1.563653 -0.030117 0.178204
    1 3.983847 0.002149 0.003401 -1.931404 0.037611 -1.610330
    2 15.938816 -0.000100 -0.000005 -0.000009 -0.000002 0.307461
    3 17.707025 -0.000068 0.000003 0.033991 0.042922 -1.337069
    4 6.202515 0.003416 -0.000367 -0.010230 0.000803 -0.572385
    5 -3.983848 0.002149 0.003395 -1.507516 -0.430632 -1.601805
    6 15.938826 -0.000113 -0.000001 0.000002 0.000010 0.814155
    7 17.707031 0.000018 0.000000 0.090012 -0.095771 -1.218721
    8 6.202710 0.003078 0.003745 -0.076996 -0.006447 -0.728763
    9 -0.000001 4.209253 -1.688832 1.542895 -0.028858 1.562594
    10 3.836055 0.000000 0.000000 -0.045098 -0.021679 -0.111613
    11 3.617625 -0.000275 -0.000015 -0.076102 -0.021724 0.036168
    12 7.537925 0.003588 -0.000212 -0.000434 -0.006348 0.208145
    13 3.181604 -0.002346 0.000028 3.161434 0.051862 0.224629
    14 2.966416 0.000318 0.000023 -0.046001 0.040171 0.121327
    15 2.023770 0.904983 0.850949 1.840803 -1.218740 2.684605
    16 4.980521 0.000781 -0.001089 -1.533345 0.050916 -1.012719
    17 11.119977 0.000007 0.000004 -0.000003 -0.136098 -0.585793
    18 11.205393 -0.000039 0.000000 1.564134 -0.411782 0.017991
    19 3.767578 0.152466 0.071350 0.014352 0.037540 -0.177489
    20 2.037109 0.000000 0.000000 -0.000001 0.005004 -0.888530
    21 1.066406 0.000000 0.000001 0.000002 0.002790 0.001101
    22 3.783203 -0.017258 0.794434 0.333290 -0.031875 -0.219057
    23 1.627436 0.000008 0.000000 -0.000002 0.005086 -0.697000
    24 0.955566 -0.000003 0.000000 -0.000004 0.003247 -0.272279
    25 1.258789 -0.297852 1.251953 -1.927900 -0.158439 -0.368925
    26 1.392578 0.000004 -0.000004 0.000000 0.002017 0.071902
    27 1.100942 0.000011 0.000000 0.000005 -0.295767 0.023716
    28 3.547341 0.197447 -1.485758 -0.323544 0.115347 -0.238381
    29 1.218750 0.000004 0.000000 -0.000004 0.004664 -0.629642
    30 0.679688 0.000001 0.000000 0.000000 0.002400 -0.578397
    31 3.697266 0.267334 -0.728516 -0.105269 0.104461 -0.301442
    32 1.748047 0.000002 0.000000 -0.000005 0.002898 -0.623724
    33 0.956684 0.000008 0.000001 0.000003 0.004804 -0.321825
    34 2.023778 0.904982 -0.850921 -1.685284 1.252360 2.925831
    35 4.981625 0.002227 0.003236 1.846081 -0.351560 -1.238086
    36 11.119975 -0.000005 0.000000 0.000001 0.136123 -0.231734
    37 11.205375 0.000073 0.000008 -1.676819 0.409192 -0.126018
    38 3.767578 0.151855 -0.072693 -0.090833 -0.078891 -0.174026
    39 2.037109 -0.000002 0.000000 0.000002 -0.007580 -0.940658
    40 1.066406 0.000001 -0.000002 0.000006 -0.004235 -0.116579
    41 3.783203 -0.023941 -0.794434 -0.344154 -0.088894 -0.269864
    42 1.628906 0.000002 -0.000001 0.000002 -0.007731 -0.659761
    43 0.954089 -0.000004 0.000000 0.000004 -0.004923 -0.331344
    44 1.258789 -0.308350 -1.250000 1.738856 0.204803 -0.550000
    45 1.392578 -0.000004 0.000001 0.000004 0.222430 0.216078
    46 1.099609 0.000004 -0.000008 0.000002 0.280394 0.302812
    47 3.546538 0.208125 1.487114 0.333783 -0.052221 -0.250166
    48 1.218750 0.000006 0.000000 0.000005 -0.007078 -0.610627
    49 0.679688 0.000007 -0.000002 0.000001 -0.003643 -0.669685
    50 3.696249 0.271114 0.723153 0.103581 -0.126168 -0.288614
    51 1.748047 -0.000011 0.000004 0.000000 -0.004401 -0.791139
    52 0.956684 0.000004 0.000002 -0.000008 -0.007276 -0.432398
    53 -3.756462 5.577850 2.053357 1.570803 -0.000001 0.000000
    54 -2.735646 -0.081365 5.727119 0.000007 0.000015 1.570796
    55 0.000001 5.662003 -0.974302 1.570804 -0.000001 0.000000
    56 -0.000002 -2.275002 5.113525 0.000000 0.000000 -3.141592
    57 -2.477620 5.416855 4.597564 1.570804 -0.000001 0.000000
    58 -1.515218 1.317776 5.998497 0.000000 0.000000 0.000000
    59 -2.455992 5.657928 -0.087295 1.570804 -0.000001 0.000000
    60 -1.485628 -1.617812 5.263969 0.000000 0.000000 3.141592
    61 3.756460 5.577858 2.053359 1.570803 -0.000001 0.000000
    62 2.735645 -0.081364 5.727116 0.000004 -0.000011 -1.570795
    63 2.477613 5.416855 4.597570 1.570804 -0.000001 0.000000
    64 1.515220 1.317777 5.998508 0.000000 0.000000 0.000000
    65 2.455991 5.657928 -0.087293 1.570804 -0.000001 0.000000
    66 1.485620 -1.617803 5.263973 0.000000 0.000000 -3.141592
    67 4.575642 5.632584 0.000132 0.000000 -1.570771 0.249128
    68 -0.000001 0.314078 5.161098 0.000000 0.000000 0.000000
    69 -0.000001 -0.323108 3.750217 0.000000 0.000000 0.000000
    70 5.734947 1.075212 4.685178 1.570830 -0.000004 -1.321669
    71 -0.753896 0.305901 4.971462 -0.000001 0.000002 0.000000
    72 -1.101006 -0.314705 3.448307 0.000001 0.000001 0.000000
    73 5.809101 -1.029643 4.595047 1.570829 -0.000004 -1.321671
    74 -0.714908 -0.199657 5.028973 0.000000 0.000003 0.000000
    75 -0.282898 -0.851690 4.444889 0.000000 0.000000 0.000000
    76 9.578484 -1.290738 0.000240 0.000000 1.570770 -2.892481
    77 9.369518 -1.236408 1.787905 0.000000 1.570770 -2.892481
    78 9.436707 -1.331719 -1.409029 0.000000 1.570770 -2.892477
    79 5.735191 1.075235 -4.684885 -1.570814 0.000004 1.819923
    80 0.753901 0.305904 4.971474 -0.000001 -0.000002 0.000000
    81 1.101010 -0.314705 3.448315 0.000000 -0.000001 0.000000
    82 5.809341 -1.029617 -4.594752 -1.570814 0.000004 1.819922
    83 0.714908 -0.199655 5.028969 0.000000 -0.000003 0.000000
    84 0.282897 -0.851688 4.444893 0.000000 0.000000 0.000000
  time 15
    0 24.358664 -24.987533 37.165398 1.558093 -0.024976 0.199930
    1 3.983847 0.002149 0.003401 -1.911073 0.094972 -1.643142
    2 15.938816 -0.000100 -0.000005 -0.000009 -0.000002 0.300831
    3 17.707025 -0.000068 0.000003 0.051446 0.030319 -1.341566
    4 6.202515 0.003416 -0.000367 -0.009727 0.000731 -0.622218
    5 -3.983848 0.002149 0.003395 -1.484300 -0.385372 -1.514872
    6 15.938826 -0.000113 -0.000001 0.000002 0.000010 0.556065
    7 17.707031 0.000018 0.000000 0.156926 -0.116258 -1.198193
    8 6.202710 0.003078 0.003745 -0.078519 -0.006195 -0.515527
    9 -0.000001 4.209253 -1.688832 1.531390 -0.032109 1.565566
    10 3.836055 0.000000 0.000000 -0.055776 -0.018539 -0.108269
    11 3.617625 -0.000275 -0.000015 -0.090028 -0.022395 0.039491
    12 7.537925 0.003588 -0.000212 -0.000374 -0.005917 0.208145
    13 3.181604 -0.002346 0.000028 3.160763 0.050088 0.224581
    14 2.966416 0.000318 0.000023 -0.031224 0.040638 0.133445
    15 2.023770 0.904983 0.850949 1.830553 -1.219514 2.695572
    16 4.980521 0.000781 -0.001089 -1.498616 0.039716 -0.991465
    17 11.119977 0.000007 0.000004 -0.000003 -0.136098 -0.694374
    18 11.205393 -0.000039 0.000000 1.620747 -0.422243 -0.042376
    19 3.767578 0.152466 0.071350 0.014352 0.037540 -0.177489
    20 2.037109 0.000000 0.000000 -0.000001 0.005004 -0.888530
    21 1.066406 0.000000 0.000001 0.000002 0.002790 0.001101
    22 3.783203 -0.017258 0.794434 0.333290 -0.031875 -0.219057
    23 1.627436 0.000008 0.000000 -0.000002 0.005086 -0.697000
    24 0.955566 -0.000003 0.000000 -0.000004 0.003247 -0.272279
    25 1.258789 -0.297852 1.251953 -1.927900 -0.158439 -0.368925
    26 1.392578 0.000004 -0.000004 0.000000 0.002017 0.071902
    27 1.100942 0.000011 0.000000 0.000005 -0.295767 0.023729
    28 3.547341 0.197447 -1.485758 -0.323544 0.115347 -0.238381
    29 1.218750 0.000004 0.000000 -0.000004 0.004664 -0.629642
    30 0.679688 0.000001 0.000000 0.000000 0.002400 -0.578397
    31 3.697266 0.267334 -0.728516 -0.105269 0.104461 -0.301442
    32 1.748047 0.000002 0.000000 -0.000005 0.002898 -0.623724
    33 0.956684 0.000008 0.000001 0.000003 0.004804 -0.321825
    34 2.023778 0.904982 -0.850921 -1.696974 1.252319 2.913548
    35 4.981625 0.002227 0.003236 1.887203 -0.383137 -1.264029
    36 11.119975 -0.000005 0.000000 0.000001 0.136123 -0.192638
    37 11.205375 0.000073 0.000008 -1.692567 0.448549 -0.154589
    38 3.767578 0.151855 -0.072693 -0.090833 -0.078891 -0.174026
    39 2.037109 -0.000002 0.000000 0.000002 -0.007580 -0.940658
    40 1.066406 0.000001 -0.000002 0.000006 -0.004235 -0.116579
    41 3.783203 -0.023941 -0.794434 -0.344154 -0.088894 -0.269864
    42 1.628906 0.000002 -0.000001 0.000002 -0.007731 -0.659761
    43 0.954089 -0.000004 0.000000 0.000004 -0.004923 -0.331344
    44 1.258789 -0.308350 -1.250000 1.738856 0.204803 -0.550000
    45 1.392578 -0.000004 0.000001 0.000004 0.222430 0.216078
    46 1.099609 0.000004 -0.000008 0.000002 0.280394 0.302812
    47 3.546538 0.208125 1.487114 0.333783 -0.052221 -0.250106
    48 1.218750 0.000006 0.000000 0.000005 -0.007078 -0.610627
    49 0.679688 0.000007 -0.000002 0.000001 -0.003643 -0.669685
    50 3.696249 0.271114 0.723153 0.103581 -0.126168 -0.288627
    51 1.748047 -0.000011 0.000004 0.000000 -0.004401 -0.791139
    52 0.956684 0.000004 0.000002 -0.000008 -0.007276 -0.432398
    53 -3.756462 5.577850 2.053357 1.570803 -0.000001 0.000000
    54 -2.735646 -0.081365 5.727119 0.000007 0.000015 1.570796
    55 0.000001 5.662003 -0.974302 1.570804 -0.000001 0.000000
    56 -0.000002 -2.275002 5.113525 0.000000 0.000000 -3.141592
    57 -2.477620 5.416855 4.597564 1.570804 -0.000001 0.000000
    58 -1.515218 1.317776 5.998497 0.000000 0.000000 0.000000
    59 -2.455992 5.657928 -0.087295 1.570804 -0.000001 0.000000
    60 -1.485628 -1.617812 5.263969 0.000000 0.000000 3.141592
    61 3.756460 5.577858 2.053359 1.570803 -0.000001 0.000000
    62 2.735645 -0.081364 5.727116 0.000004 -0.000011 -1.570795
    63 2.477613 5.416855 4.597570 1.570804 -0.000001 0.000000
    64 1.515220 1.317777 5.998508 0.000000 0.000000 0.000000
    65 2.455991 5.657928 -0.087293 1.570804 -0.000001 0.000000
    66 1.485620 -1.617803 5.263973 0.000000 0.000000 -3.141592
    67 4.575642 5.632584 0.000132 0.000000 -1.570771 0.249128
    68 -0.000001 0.314078 5.161098 0.000000 0.000000 0.000000
    69 -0.000001 -0.323108 3.750217 0.000000 0.000000 0.000000
    70 5.734947 1.075212 4.685178 1.570830 -0.000004 -1.321669
    71 -0.753896 0.305901 4.971462 -0.000001 0.000002 0.000000
    72 -1.101006 -0.314705 3.448307 0.000001 0.000001 0.000000
    73 5.809101 -1.029643 4.595047 1.570829 -0.000004 -1.321671
    74 -0.714908 -0.199657 5.028973 0.000000 0.000003 0.000000
    75 -0.282898 -0.851690 4.444889 0.000000 0.000000 0.000000
    76 9.578484 -1.290738 0.000240 0.000000 1.570770 -2.892481
    77 9.369518 -1.236408 1.787905 0.000000 1.570770 -2.892481
    78 9.436707 -1.331719 -1.409029 0.000000 1.570770 -2.892477
    79 5.735191 1.075235 -4.684885 -1.570814 0.000004 1.819923
    80 0.753901 0.305904 4.971474 -0.000001 -0.000002 0.000000
    81 1.101010 -0.314705 3.448315 0.000000 -0.000001 0.000000
    82 5.809341 -1.029617 -4.594752 -1.570814 0.000004 1.819922
    83 0.714908 -0.199655 5.028969 0.000000 -0.000003 0.000000
    84 0.282897 -0.851688 4.444893 0.000000 0.000000 0.000000
  time 16
    0 25.984181 -26.593731 36.927110 1.548745 -0.023010 0.215649
    1 3.983847 0.002149 0.003401 -1.898913 0.162701 -1.680067
    2 15.938816 -0.000100 -0.000005 -0.000009 -0.000002 0.286551
    3 17.707025 -0.000068 0.000003 0.067773 0.015383 -1.335264
    4 6.202515 0.003416 -0.000367 -0.009187 0.000647 -0.681511
    5 -3.983848 0.002149 0.003395 -1.466722 -0.372275 -1.450141
    6 15.938826 -0.000113 -0.000001 0.000002 0.000010 0.410267
    7 17.707031 0.000018 0.000000 0.224815 -0.108495 -1.212235
    8 6.202710 0.003078 0.003745 -0.078794 -0.006255 -0.498948
    9 -0.000001 4.209253 -1.688832 1.521947 -0.037298 1.567052
    10 3.836055 0.000000 0.000000 -0.063387 -0.018899 -0.103056
    11 3.617625 -0.000275 -0.000015 -0.099951 -0.022215 0.044742
    12 7.537925 0.003588 -0.000212 -0.000326 -0.005533 0.208145
    13 3.181604 -0.002346 0.000028 3.159517 0.046840 0.224497
    14 2.966416 0.000318 0.000023 -0.018293 0.037259 0.145834
    15 2.023770 0.904983 0.850949 1.820653 -1.220654 2.706268
    16 4.980521 0.000781 -0.001089 -1.488192 0.042078 -0.987538
    17 11.119977 0.000007 0.000004 -0.000003 -0.136098 -0.736058
    18 11.205393 -0.000039 0.000000 1.668621 -0.417742 -0.087617
    19 3.767578 0.152466 0.071350 0.014352 0.037540 -0.177489
    20 2.037109 0.000000 0.000000 -0.000001 0.005004 -0.888530
    21 1.066406 0.000000 0.000001 0.000002 0.002790 0.001101
    22 3.783203 -0.017258 0.794434 0.333290 -0.031875 -0.219057
    23 1.627436 0.000008 0.000000 -0.000002 0.005086 -0.697000
    24 0.955566 -0.000003 0.000000 -0.000004 0.003247 -0.272279
    25 1.258789 -0.297852 1.251953 -1.927900 -0.158439 -0.368925
    26 1.392578 0.000004 -0.000004 0.000000 0.002017 0.071902
    27 1.100942 0.000011 0.000000 0.000005 -0.295767 0.023716
    28 3.547341 0.197447 -1.485758 -0.323544 0.115347 -0.238381
    29 1.218750 0.000004 0.000000 -0.000004 0.004664 -0.629642
    30 0.679688 0.000001 0.000000 0.000000 0.002400 -0.578397
    31 3.697266 0.267334 -0.728516 -0.105269 0.104461 -0.301442
    32 1.748047 0.000002 0.000000 -0.000005 0.002898 -0.623724
    33 0.956684 0.000008 0.000001 0.000003 0.004804 -0.321825
    34 2.023778 0.904982 -0.850921 -1.708351 1.251627 2.901626
    35 4.981625 0.002227 0.003236 1.906604 -0.391546 -1.272344
    36 11.119975 -0.000005 0.000000 0.000001 0.136123 -0.181476
    37 11.205375 0.000073 0.000008 -1.700584 0.453966 -0.154996
    38 3.767578 0.151855 -0.072693 -0.090833 -0.078891 -0.174026
    39 2.037109 -0.000002 0.000000 0.000002 -0.007580 -0.940658
    40 1.066406 0.000001 -0.000002 0.000006 -0.004235 -0.116579
    41 3.783203 -0.023941 -0.794434 -0.344154 -0.088894 -0.269864
    42 1.628906 0.000002 -0.000001 0.000002 -0.007731 -0.659761
    43 0.954089 -0.000004 0.000000 0.000004 -0.004923 -0.331344
    44 1.258789 -0.308350 -1.250000 1.738856 0.204803 -0.550000
    45 1.392578 -0.000004 0.000001 0.000004 0.222430 0.216078
    46 1.099609 0.000004 -0.000008 0.000002 0.280394 0.302812
    47 3.546538 0.208125 1.487114 0.333783 -0.052221 -0.250106
    48 1.218750 0.000006 0.000000 0.000005 -0.007078 -0.610627
    49 0.679688 0.000007 -0.000002 0.000001 -0.003643 -0.669685
    50 3.696249 0.271114 0.723153 0.103581 -0.126168 -0.288614
    51 1.748047 -0.000011 0.000004 0.000000 -0.004401 -0.791139
    52 0.956684 0.000004 0.000002 -0.000008 -0.007276 -0.432398
    53 -3.756462 5.577850 2.053357 1.570803 -0.000001 0.000000
    54 -2.735646 -0.081365 5.727119 0.000007 0.000015 1.570796
    55 0.000001 5.662003 -0.974302 1.570804 -0.000001 0.000000
    56 -0.000002 -2.275002 5.113525 0.000000 0.000000 -3.141592
    57 -2.477620 5.416855 4.597564 1.570804 -0.000001 0.000000
    58 -1.515218 1.317776 5.998497 0.000000 0.000000 0.000000
    59 -2.455992 5.657928 -0.087295 1.570804 -0.000001 0.000000
    60 -1.485628 -1.617812 5.263969 0.000000 0.000000 3.141592
    61 3.756460 5.577858 2.053359 1.570803 -0.000001 0.000000
    62 2.735645 -0.081364 5.727116 0.000004 -0.000011 -1.570795
    63 2.477613 5.416855 4.597570 1.570804 -0.000001 0.000000
    64 1.515220 1.317777 5.998508 0.000000 0.000000 0.000000
    65 2.455991 5.657928 -0.087293 1.570804 -0.000001 0.000000
    66 1.485620 -1.617803 5.263973 0.000000 0.000000 -3.141592
    67 4.575642 5.632584 0.000132 0.000000 -1.570771 0.249128
    68 -0.000001 0.314078 5.161098 0.000000 0.000000 0.000000
    69 -0.000001 -0.323108 3.750217 0.000000 0.000000 0.000000
    70 5.734947 1.075212 4.685178 1.570830 -0.000004 -1.321669
    71 -0.753896 0.305901 4.971462 -0.000001 0.000002 0.000000
    72 -1.101006 -0.314705 3.448307 0.000001 0.000001 0.000000
    73 5.809101 -1.029643 4.595047 1.570829 -0.000004 -1.321671
    74 -0.714908 -0.199657 5.028973 0.000000 0.000003 0.000000
    75 -0.282898 -0.851690 4.444889 0.000000 0.000000 0.000000
    76 9.578484 -1.290738 0.000240 0.000000 1.570770 -2.892481
    77 9.369518 -1.236408 1.787905 0.000000 1.570770 -2.892481
    78 9.436707 -1.331719 -1.409029 0.000000 1.570770 -2.892477
    79 5.735191 1.075235 -4.684885 -1.570814 0.000004 1.819923
    80 0.753901 0.305904 4.971474 -0.000001 -0.000002 0.000000
    81 1.101010 -0.314705 3.448315 0.000000 -0.000001 0.000000
    82 5.809341 -1.029617 -4.594752 -1.570814 0.000004 1.819922
    83 0.714908 -0.199655 5.028969 0.000000 -0.000003 0.000000
    84 0.282897 -0.851688 4.444893 0.000000 0.000000 0.000000
  time 17
    0 27.621418 -28.242899 36.634132 1.539349 -0.022148 0.223317
    1 3.983847 0.002149 0.003401 -1.896633 0.231943 -1.719584
    2 15.938816 -0.000100 -0.000005 -0.000009 -0.000002 0.270295
    3 17.707025 -0.000068 0.000003 0.082750 -0.003139 -1.310086
    4 6.202515 0.003416 -0.000367 -0.008564 0.000563 -0.759518
    5 -3.983848 0.002149 0.003395 -1.457646 -0.342861 -1.409953
    6 15.938826 -0.000113 -0.000001 0.000002 0.000010 0.299675
    7 17.707031 0.000018 0.000000 0.257048 -0.094326 -1.217230
    8 6.202710 0.003078 0.003745 -0.078998 -0.006375 -0.498948
    9 -0.000001 4.209253 -1.688832 1.515475 -0.042608 1.567963
    10 3.836055 0.000000 0.000000 -0.067210 -0.020277 -0.097747
    11 3.617625 -0.000275 -0.000015 -0.104937 -0.021400 0.050064
    12 7.537925 0.003588 -0.000212 -0.000242 -0.004982 0.208145
    13 3.181604 -0.002346 0.000028 3.157599 0.041831 0.224450
    14 2.966416 0.000318 0.000023 -0.008633 0.030607 0.155682
    15 2.023770 0.904983 0.850949 1.808003 -1.222038 2.719501
    16 4.980521 0.000781 -0.001089 -1.481690 0.050174 -0.987111
    17 11.119977 0.000007 0.000004 -0.000003 -0.136098 -0.765161
    18 11.205393 -0.000039 0.000000 1.719712 -0.405835 -0.131085
    19 3.767578 0.152466 0.071350 0.014352 0.037540 -0.177489
    20 2.037109 0.000000 0.000000 -0.000001 0.005004 -0.888530
    21 1.066406 0.000000 0.000001 0.000002 0.002790 0.001101
    22 3.783203 -0.017258 0.794434 0.333290 -0.031875 -0.219057
    23 1.627436 0.000008 0.000000 -0.000002 0.005086 -0.697049
    24 0.955566 -0.000003 0.000000 -0.000004 0.003247 -0.272279
    25 1.258789 -0.297852 1.251953 -1.927900 -0.158439 -0.368925
    26 1.392578 0.000004 -0.000004 0.000000 0.002017 0.071902
    27 1.100942 0.000011 0.000000 0.000005 -0.295767 0.023716
    28 3.547341 0.197447 -1.485758 -0.323544 0.115347 -0.238381
    29 1.218750 0.000004 0.000000 -0.000004 0.004664 -0.629642
    30 0.679688 0.000001 0.000000 0.000000 0.002400 -0.578397
    31 3.697266 0.267334 -0.728516 -0.105269 0.104461 -0.301442
    32 1.748047 0.000002 0.000000 -0.000005 0.002898 -0.623724
    33 0.956684 0.000008 0.000001 0.000003 0.004804 -0.321825
    34 2.023778 0.904982 -0.850921 -1.721973 1.250487 2.886994
    35 4.981625 0.002227 0.003236 1.922031 -0.391216 -1.275841
    36 11.119975 -0.000005 0.000000 0.000001 0.136123 -0.174918
    37 11.205375 0.000073 0.000008 -1.706883 0.449904 -0.138997
    38 3.767578 0.151855 -0.072693 -0.090833 -0.078891 -0.174026
    39 2.037109 -0.000002 0.000000 0.000002 -0.007580 -0.940658
    40 1.066406 0.000001 -0.000002 0.000006 -0.004235 -0.116579
    41 3.783203 -0.023941 -0.794434 -0.344154 -0.088894 -0.269864
    42 1.628906 0.000002 -0.000001 0.000002 -0.007731 -0.659761
    43 0.954089 -0.000004 0.000000 0.000004 -0.004923 -0.331344
    44 1.258789 -0.308350 -1.250000 1.738856 0.204803 -0.550000
    45 1.392578 -0.000004 0.000001 0.000004 0.222430 0.216078
    46 1.099609 0.000004 -0.000008 0.000002 0.280394 0.302812
    47 3.546538 0.208125 1.487114 0.333783 -0.052221 -0.250106
    48 1.218750 0.000006 0.000000 0.000005 -0.007078 -0.610627
    49 0.679688 0.000007 -0.000002 0.000001 -0.003643 -0.669685
    50 3.696249 0.271114 0.723153 0.103581 -0.126168 -0.288614
    51 1.748047 -0.000011 0.000004 0.000000 -0.004401 -0.791139
    52 0.956684 0.000004 0.000002 -0.000008 -0.007276 -0.432398
    53 -3.756462 5.577850 2.053357 1.570803 -0.000001 0.000000
    54 -2.735646 -0.081365 5.727119 0.000007 0.000015 1.570796
    55 0.000001 5.662003 -0.974302 1.570804 -0.000001 0.000000
    56 -0.000002 -2.275002 5.113525 0.000000 0.000000 -3.141592
    57 -2.477620 5.416855 4.597564 1.570804 -0.000001 0.000000
    58 -1.515218 1.317776 5.998497 0.000000 0.000000 0.000000
    59 -2.455992 5.657928 -0.087295 1.570804 -0.000001 0.000000
    60 -1.485628 -1.617812 5.263969 0.000000 0.000000 3.141592
    61 3.756460 5.577858 2.053359 1.570803 -0.000001 0.000000
    62 2.735645 -0.081364 5.727116 0.000004 -0.000011 -1.570795
    63 2.477613 5.416855 4.597570 1.570804 -0.000001 0.000000
    64 1.515220 1.317777 5.998508 0.000000 0.000000 0.000000
    65 2.455991 5.657928 -0.087293 1.570804 -0.000001 0.000000
    66 1.485620 -1.617803 5.263973 0.000000 0.000000 -3.141592
    67 4.575642 5.632584 0.000132 0.000000 -1.570771 0.249128
    68 -0.000001 0.314078 5.161098 0.000000 0.000000 0.000000
    69 -0.000001 -0.323108 3.750217 0.000000 0.000000 0.000000
    70 5.734947 1.075212 4.685178 1.570830 -0.000004 -1.321669
    71 -0.753896 0.305901 4.971462 -0.000001 0.000002 0.000000
    72 -1.101006 -0.314705 3.448307 0.000001 0.000001 0.000000
    73 5.809101 -1.029643 4.595047 1.570829 -0.000004 -1.321671
    74 -0.714908 -0.199657 5.028973 0.000000 0.000003 0.000000
    75 -0.282898 -0.851690 4.444889 0.000000 0.000000 0.000000
    76 9.578484 -1.290738 0.000240 0.000000 1.570770 -2.892481
    77 9.369518 -1.236408 1.787905 0.000000 1.570770 -2.892481
    78 9.436707 -1.331719 -1.409029 0.000000 1.570770 -2.892477
    79 5.735191 1.075235 -4.684885 -1.570814 0.000004 1.819923
    80 0.753901 0.305904 4.971474 -0.000001 -0.000002 0.000000
    81 1.101010 -0.314705 3.448315 0.000000 -0.000001 0.000000
    82 5.809341 -1.029617 -4.594752 -1.570814 0.000004 1.819922
    83 0.714908 -0.199655 5.028969 0.000000 -0.000003 0.000000
    84 0.282897 -0.851688 4.444893 0.000000 0.000000 0.000000
  time 18
    0 29.282092 -29.911599 36.360686 1.533357 -0.021225 0.222039
    1 3.983847 0.002149 0.003401 -1.899863 0.245116 -1.744260
    2 15.938816 -0.000100 -0.000005 -0.000009 -0.000002 0.347049
    3 17.707025 -0.000068 0.000003 0.092910 -0.029703 -1.256029
    4 6.202515 0.003416 -0.000367 -0.007701 0.000444 -0.906383
    5 -3.983848 0.002149 0.003395 -1.458792 -0.310955 -1.386628
    6 15.938826 -0.000113 -0.000001 0.000002 0.000010 0.209929
    7 17.707031 0.000018 0.000000 0.186915 -0.090935 -1.165891
    8 6.202710 0.003078 0.003745 -0.078998 -0.006363 -0.498948
    9 -0.000001 4.209253 -1.688832 1.512503 -0.046122 1.568490
    10 3.836055 0.000000 0.000000 -0.066551 -0.021224 -0.094211
    11 3.617625 -0.000275 -0.000015 -0.104086 -0.019902 0.053556
    12 7.537925 0.003588 -0.000212 -0.000147 -0.004251 0.208145
    13 3.181604 -0.002346 0.000028 3.154915 0.034784 0.224354
    14 2.966416 0.000318 0.000023 -0.003552 0.021379 0.160221
    15 2.023770 0.904983 0.850949 1.793353 -1.223748 2.735181
    16 4.980521 0.000781 -0.001089 -1.478903 0.064073 -0.990412
    17 11.119977 0.000007 0.000004 -0.000003 -0.136098 -0.780314
    18 11.205393 -0.000039 0.000000 1.753564 -0.388065 -0.158147
    19 3.767578 0.152466 0.071350 0.014352 0.037540 -0.177489
    20 2.037109 0.000000 0.000000 -0.000001 0.005004 -0.888530
    21 1.066406 0.000000 0.000001 0.000002 0.002790 0.001101
    22 3.783203 -0.017258 0.794434 0.333290 -0.031875 -0.219057
    23 1.627436 0.000008 0.000000 -0.000002 0.005086 -0.697000
    24 0.955566 -0.000003 0.000000 -0.000004 0.003247 -0.272279
    25 1.258789 -0.297852 1.251953 -1.927900 -0.158439 -0.368925
    26 1.392578 0.000004 -0.000004 0.000000 0.002017 0.071902
    27 1.100942 0.000011 0.000000 0.000005 -0.295767 0.023729
    28 3.547341 0.197447 -1.485758 -0.323544 0.115347 -0.238381
    29 1.218750 0.000004 0.000000 -0.000004 0.004664 -0.629642
    30 0.679688 0.000001 0.000000 0.000000 0.002400 -0.578397
    31 3.697266 0.267334 -0.728516 -0.105269 0.104461 -0.301442
    32 1.748047 0.000002 0.000000 -0.000005 0.002898 -0.623724
    33 0.956684 0.000008 0.000001 0.000003 0.004804 -0.321825
    34 2.023778 0.904982 -0.850921 -1.738099 1.249062 2.870194
    35 4.981625 0.002227 0.003236 1.931215 -0.385280 -1.275224
    36 11.119975 -0.000005 0.000000 0.000001 0.136123 -0.172522
    37 11.205375 0.000073 0.000008 -1.711751 0.435486 -0.103043
    38 3.767578 0.151855 -0.072693 -0.090833 -0.078891 -0.174026
    39 2.037109 -0.000002 0.000000 0.000002 -0.007580 -0.940658
    40 1.066406 0.000001 -0.000002 0.000006 -0.004235 -0.116579
    41 3.783203 -0.023941 -0.794434 -0.344154 -0.088894 -0.269864
    42 1.628906 0.000002 -0.000001 0.000002 -0.007731 -0.659761
    43 0.954089 -0.000004 0.000000 0.000004 -0.004923 -0.331344
    44 1.258789 -0.308350 -1.250000 1.738856 0.204803 -0.550000
    45 1.392578 -0.000004 0.000001 0.000004 0.222430 0.216078
    46 1.099609 0.000004 -0.000008 0.000002 0.280394 0.302812
    47 3.546538 0.208125 1.487114 0.333783 -0.052221 -0.250166
    48 1.218750 0.000006 0.000000 0.000005 -0.007078 -0.610627
    49 0.679688 0.000007 -0.000002 0.000001 -0.003643 -0.669685
    50 3.696249 0.271114 0.723153 0.103581 -0.126156 -0.288627
    51 1.748047 -0.000011 0.000004 0.000000 -0.004401 -0.791139
    52 0.956684 0.000004 0.000002 -0.000008 -0.007276 -0.432398
    53 -3.756462 5.577850 2.053357 1.570803 -0.000001 0.000000
    54 -2.735646 -0.081365 5.727119 0.000007 0.000015 1.570796
    55 0.000001 5.662003 -0.974302 1.570804 -0.000001 0.000000
    56 -0.000002 -2.275002 5.113525 0.000000 0.000000 -3.141592
    57 -2.477620 5.416855 4.597564 1.570804 -0.000001 0.000000
    58 -1.515218 1.317776 5.998497 0.000000 0.000000 0.000000
    59 -2.455992 5.657928 -0.087295 1.570804 -0.000001 0.000000
    60 -1.485628 -1.617812 5.263969 0.000000 0.000000 3.141592
    61 3.756460 5.577858 2.053359 1.570803 -0.000001 0.000000
    62 2.735645 -0.081364 5.727116 0.000004 -0.000011 -1.570795
    63 2.477613 5.416855 4.597570 1.570804 -0.000001 0.000000
    64 1.515220 1.317777 5.998508 0.000000 0.000000 0.000000
    65 2.455991 5.657928 -0.087293 1.570804 -0.000001 0.000000
    66 1.485620 -1.617803 5.263973 0.000000 0.000000 -3.141592
    67 4.575642 5.632584 0.000132 0.000000 -1.570771 0.249128
    68 -0.000001 0.314078 5.161098 0.000000 0.000000 0.000000
    69 -0.000001 -0.323108 3.750217 0.000000 0.000000 0.000000
    70 5.734947 1.075212 4.685178 1.570830 -0.000004 -1.321669
    71 -0.753896 0.305901 4.971462 -0.000001 0.000002 0.000000
    72 -1.101006 -0.314705 3.448307 0.000001 0.000001 0.000000
    73 5.809101 -1.029643 4.595047 1.570829 -0.000004 -1.321671
    74 -0.714908 -0.199657 5.028973 0.000000 0.000003 0.000000
    75 -0.282898 -0.851690 4.444889 0.000000 0.000000 0.000000
    76 9.578484 -1.290738 0.000240 0.000000 1.570770 -2.892481
    77 9.369518 -1.236408 1.787905 0.000000 1.570770 -2.892481
    78 9.436707 -1.331719 -1.409029 0.000000 1.570770 -2.892477
    79 5.735191 1.075235 -4.684885 -1.570814 0.000004 1.819923
    80 0.753901 0.305904 4.971474 -0.000001 -0.000002 0.000000
    81 1.101010 -0.314705 3.448315 0.000000 -0.000001 0.000000
    82 5.809341 -1.029617 -4.594752 -1.570814 0.000004 1.819922
    83 0.714908 -0.199655 5.028969 0.000000 -0.000003 0.000000
    84 0.282897 -0.851688 4.444893 0.000000 0.000000 0.000000
  time 19
    0 30.934954 -31.599831 36.208338 1.531919 -0.019008 0.211815
    1 3.983847 0.002149 0.003401 -1.907083 0.200215 -1.753558
    2 15.938816 -0.000100 -0.000005 -0.000009 -0.000002 0.518598
    3 17.707025 -0.000068 0.000003 0.090735 -0.060764 -1.179396
    4 6.202515 0.003416 -0.000367 -0.006826 0.000983 -1.024103
    5 -3.983848 0.002149 0.003395 -1.468059 -0.330107 -1.389625
    6 15.938826 -0.000113 -0.000001 0.000002 0.000010 0.250614
    7 17.707031 0.000018 0.000000 0.042637 -0.062043 -1.120715
    8 6.202710 0.003078 0.003745 -0.078818 -0.006279 -0.498948
    9 -0.000001 4.209253 -1.688832 1.513750 -0.047353 1.569065
    10 3.836055 0.000000 0.000000 -0.061577 -0.020169 -0.093037
    11 3.617625 -0.000275 -0.000015 -0.097626 -0.017553 0.054753
    12 7.537925 0.003588 -0.000212 0.000105 -0.002153 0.208133
    13 3.181604 -0.002346 0.000028 3.151176 0.025388 0.224222
    14 2.966416 0.000318 0.000023 -0.003827 0.010329 0.160675
    15 2.023770 0.904983 0.850949 1.759603 -1.227738 2.771074
    16 4.980521 0.000781 -0.001089 -1.482928 0.107456 -1.009390
    17 11.119977 0.000007 0.000004 -0.000003 -0.136098 -0.769050
    18 11.205393 -0.000039 0.000000 1.767393 -0.341602 -0.175896
    19 3.767578 0.152466 0.071350 0.014352 0.037540 -0.177489
    20 2.037109 0.000000 0.000000 -0.000001 0.005004 -0.888530
    21 1.066406 0.000000 0.000001 0.000002 0.002790 0.001101
    22 3.783203 -0.017258 0.794434 0.333290 -0.031875 -0.219057
    23 1.627436 0.000008 0.000000 -0.000002 0.005086 -0.697000
    24 0.955566 -0.000003 0.000000 -0.000004 0.003247 -0.272279
    25 1.258789 -0.297852 1.251953 -1.927900 -0.158439 -0.368925
    26 1.392578 0.000004 -0.000004 0.000000 0.002017 0.071902
    27 1.100942 0.000011 0.000000 0.000005 -0.295767 0.023716
    28 3.547341 0.197447 -1.485758 -0.323544 0.115347 -0.238381
    29 1.218750 0.000004 0.000000 -0.000004 0.004664 -0.629642
    30 0.679688 0.000001 0.000000 0.000000 0.002400 -0.578397
    31 3.697266 0.267334 -0.728516 -0.105269 0.104461 -0.301442
    32 1.748047 0.000002 0.000000 -0.000005 0.002898 -0.623724
    33 0.956684 0.000008 0.000001 0.000015 0.004804 -0.321825
    34 2.023778 0.904982 -0.850921 -1.773952 1.244624 2.832169
    35 4.981625 0.002227 0.003236 1.928119 -0.355243 -1.258770
    36 11.119975 -0.000005 0.000000 0.000001 0.136123 -0.177945
    37 11.205375 0.000073 0.000008 -1.736470 0.378703 0.015892
    38 3.767578 0.151855 -0.072693 -0.090833 -0.078891 -0.174026
    39 2.037109 -0.000002 0.000000 0.000002 -0.007580 -0.940658
    40 1.066406 0.000001 -0.000002 0.000006 -0.004235 -0.116579
    41 3.783203 -0.023941 -0.794434 -0.344154 -0.088894 -0.269864
    42 1.628906 0.000002 -0.000001 0.000002 -0.007731 -0.659761
    43 0.954089 -0.000004 0.000000 0.000004 -0.004923 -0.331344
    44 1.258789 -0.308350 -1.250000 1.738856 0.204803 -0.550000
    45 1.392578 -0.000004 0.000001 0.000004 0.222430 0.216078
    46 1.099609 0.000004 -0.000008 0.000002 0.280394 0.302812
    47 3.546538 0.208125 1.487114 0.333783 -0.052221 -0.250166
    48 1.218750 0.000006 0.000000 0.000005 -0.007078 -0.610627
    49 0.679688 0.000007 -0.000002 0.000001 -0.003643 -0.669685
    50 3.696249 0.271114 0.723153 0.103581 -0.126168 -0.288614
    51 1.748047 -0.000011 0.000004 0.000000 -0.004401 -0.791139
    52 0.956684 0.000004 0.000002 -0.000008 -0.007276 -0.432398
    53 -3.756462 5.577850 2.053357 1.570803 -0.000001 0.000000
    54 -2.735646 -0.081365 5.727119 0.000007 0.000015 1.570796
    55 0.000001 5.662003 -0.974302 1.570804 -0.000001 0.000000
    56 -0.000002 -2.275002 5.113525 0.000000 0.000000 -3.141592
    57 -2.477620 5.416855 4.597564 1.570804 -0.000001 0.000000
    58 -1.515218 1.317776 5.998497 0.000000 0.000000 0.000000
    59 -2.455992 5.657928 -0.087295 1.570804 -0.000001 0.000000
    60 -1.485628 -1.617812 5.263969 0.000000 0.000000 3.141592
    61 3.756460 5.577858 2.053359 1.570803 -0.000001 0.000000
    62 2.735645 -0.081364 5.727116 0.000004 -0.000011 -1.570795
    63 2.477613 5.416855 4.597570 1.570804 -0.000001 0.000000
    64 1.515220 1.317777 5.998508 0.000000 0.000000 0.000000
    65 2.455991 5.657928 -0.087293 1.570804 -0.000001 0.000000
    66 1.485620 -1.617803 5.263973 0.000000 0.000000 -3.141592
    67 4.575642 5.632584 0.000132 0.000000 -1.570771 0.249128
    68 -0.000001 0.314078 5.161098 0.000000 0.000000 0.000000
    69 -0.000001 -0.323108 3.750217 0.000000 0.000000 0.000000
    70 5.734947 1.075212 4.685178 1.570830 -0.000004 -1.321669
    71 -0.753896 0.305901 4.971462 -0.000001 0.000002 0.000000
    72 -1.101006 -0.314705 3.448307 0.000001 0.000001 0.000000
    73 5.809101 -1.029643 4.595047 1.570829 -0.000004 -1.321671
    74 -0.714908 -0.199657 5.028973 0.000000 0.000003 0.000000
    75 -0.282898 -0.851690 4.444889 0.000000 0.000000 0.000000
    76 9.578484 -1.290738 0.000240 0.000000 1.570770 -2.892481
    77 9.369518 -1.236408 1.787905 0.000000 1.570770 -2.892481
    78 9.436707 -1.331719 -1.409029 0.000000 1.570770 -2.892477
    79 5.735191 1.075235 -4.684885 -1.570814 0.000004 1.819923
    80 0.753901 0.305904 4.971474 -0.000001 -0.000002 0.000000
    81 1.101010 -0.314705 3.448315 0.000000 -0.000001 0.000000
    82 5.809341 -1.029617 -4.594752 -1.570814 0.000004 1.819922
    83 0.714908 -0.199655 5.028969 0.000000 -0.000003 0.000000
    84 0.282897 -0.851688 4.444893 0.000000 0.000000 0.000000
  time 20
    0 32.595628 -33.291970 36.177087 1.536233 -0.006532 0.194307
    1 3.983847 0.002149 0.003401 -1.920858 0.151576 -1.750518
    2 15.938816 -0.000100 -0.000005 -0.000009 -0.000002 0.665284
    3 17.707025 -0.000068 0.000003 0.079612 -0.081471 -1.107779
    4 6.202515 0.003416 -0.000367 -0.006143 0.002050 -1.024103
    5 -3.983848 0.002149 0.003395 -1.485733 -0.380477 -1.408173
    6 15.938826 -0.000113 -0.000001 0.000002 0.000010 0.404473
    7 17.707031 0.000018 0.000000 -0.065986 0.001755 -1.145460
    8 6.202710 0.003078 0.003745 -0.078710 -0.006207 -0.498948
    9 -0.000001 4.209253 -1.688832 1.519023 -0.046586 1.572852
    10 3.836055 0.000000 0.000000 -0.053032 -0.008820 -0.093876
    11 3.617625 -0.000275 -0.000015 -0.086516 -0.014305 0.053936
    12 7.537925 0.003588 -0.000212 0.000309 -0.000823 0.208133
    13 3.181604 -0.002346 0.000028 3.146574 0.013535 0.224138
    14 2.966416 0.000318 0.000023 -0.010575 -0.000097 0.158496
    15 2.023770 0.904983 0.850949 1.741303 -1.229937 2.790561
    16 4.980521 0.000781 -0.001089 -1.488656 0.133601 -1.026518
    17 11.119977 0.000007 0.000004 -0.000003 -0.136098 -0.742747
    18 11.205393 -0.000039 0.000000 1.753564 -0.317945 -0.162066
    19 3.767578 0.152466 0.071350 0.014352 0.037540 -0.177489
    20 2.037109 0.000000 0.000000 -0.000001 0.005004 -0.888530
    21 1.066406 0.000000 0.000001 0.000002 0.002790 0.001101
    22 3.783203 -0.017258 0.794434 0.333290 -0.031875 -0.219057
    23 1.627436 0.000008 0.000000 -0.000002 0.005086 -0.697000
    24 0.955566 -0.000003 0.000000 -0.000004 0.003247 -0.272279
    25 1.258789 -0.297852 1.251953 -1.927900 -0.158439 -0.368925
    26 1.392578 0.000004 -0.000004 0.000000 0.002017 0.071902
    27 1.100942 0.000011 0.000000 0.000005 -0.295767 0.023716
    28 3.547341 0.197447 -1.485758 -0.323544 0.115347 -0.238381
    29 1.218750 0.000004 0.000000 -0.000004 0.004664 -0.629642
    30 0.679688 0.000001 0.000000 0.000000 0.002400 -0.578397
    31 3.697266 0.267334 -0.728516 -0.105269 0.104461 -0.301442
    32 1.748047 0.000002 0.000000 -0.000005 0.002898 -0.623724
    33 0.956684 0.000008 0.000001 0.000003 0.004804 -0.321825
    34 2.023778 0.904982 -0.850921 -1.792532 1.241773 2.812570
    35 4.981625 0.002227 0.003236 1.916871 -0.329300 -1.240730
    36 11.119975 -0.000005 0.000000 0.000001 0.136123 -0.189296
    37 11.205375 0.000073 0.000008 -1.774838 0.346908 0.057658
    38 3.767578 0.151855 -0.072693 -0.090833 -0.078891 -0.174026
    39 2.037109 -0.000002 0.000000 0.000002 -0.007580 -0.940658
    40 1.066406 0.000001 -0.000002 0.000006 -0.004235 -0.116579
    41 3.783203 -0.023941 -0.794434 -0.344154 -0.088894 -0.269864
    42 1.628906 0.000002 -0.000001 0.000002 -0.007731 -0.659761
    43 0.954089 -0.000004 0.000000 0.000004 -0.004923 -0.331344
    44 1.258789 -0.308350 -1.250000 1.738856 0.204803 -0.550000
    45 1.392578 -0.000004 0.000001 0.000004 0.222430 0.216078
    46 1.099609 0.000004 -0.000008 0.000002 0.280394 0.302812
    47 3.546538 0.208125 1.487114 0.333783 -0.052221 -0.250106
    48 1.218750 0.000006 0.000000 0.000005 -0.007078 -0.610627
    49 0.679688 0.000007 -0.000002 0.000001 -0.003643 -0.669685
    50 3.696249 0.271114 0.723153 0.103581 -0.126168 -0.288614
    51 1.748047 -0.000011 0.000004 0.000000 -0.004401 -0.791139
    52 0.956684 0.000004 0.000002 0.000004 -0.007276 -0.432398
    53 -3.756462 5.577850 2.053357 1.570803 -0.000001 0.000000
    54 -2.735646 -0.081365 5.727119 0.000007 0.000015 1.570796
    55 0.000001 5.662003 -0.974302 1.570804 -0.000001 0.000000
    56 -0.000002 -2.275002 5.113525 0.000000 0.000000 -3.141592
    57 -2.477620 5.416855 4.597564 1.570804 -0.000001 0.000000
    58 -1.515218 1.317776 5.998497 0.000000 0.000000 0.000000
    59 -2.455992 5.657928 -0.087295 1.570804 -0.000001 0.000000
    60 -1.485628 -1.617812 5.263969 0.000000 0.000000 3.141592
    61 3.756460 5.577858 2.053359 1.570803 -0.000001 0.000000
    62 2.735645 -0.081364 5.727116 0.000004 -0.000011 -1.570795
    63 2.477613 5.416855 4.597570 1.570804 -0.000001 0.000000
    64 1.515220 1.317777 5.998508 0.000000 0.000000 0.000000
    65 2.455991 5.657928 -0.087293 1.570804 -0.000001 0.000000
    66 1.485620 -1.617803 5.263973 0.000000 0.000000 -3.141592
    67 4.575642 5.632584 0.000132 0.000000 -1.570771 0.249128
    68 -0.000001 0.314078 5.161098 0.000000 0.000000 0.000000
    69 -0.000001 -0.323108 3.750217 0.000000 0.000000 0.000000
    70 5.734947 1.075212 4.685178 1.570830 -0.000004 -1.321669
    71 -0.753896 0.305901 4.971462 -0.000001 0.000002 0.000000
    72 -1.101006 -0.314705 3.448307 0.000001 0.000001 0.000000
    73 5.809101 -1.029643 4.595047 1.570829 -0.000004 -1.321671
    74 -0.714908 -0.199657 5.028973 0.000000 0.000003 0.000000
    75 -0.282898 -0.851690 4.444889 0.000000 0.000000 0.000000
    76 9.578484 -1.290738 0.000240 0.000000 1.570770 -2.892481
    77 9.369518 -1.236408 1.787905 0.000000 1.570770 -2.892481
    78 9.436707 -1.331719 -1.409029 0.000000 1.570770 -2.892477
    79 5.735191 1.075235 -4.684885 -1.570814 0.000004 1.819923
    80 0.753901 0.305904 4.971474 -0.000001 -0.000002 0.000000
    81 1.101010 -0.314705 3.448315 0.000000 -0.000001 0.000000
    82 5.809341 -1.029617 -4.594752 -1.570814 0.000004 1.819922
    83 0.714908 -0.199655 5.028969 0.000000 -0.000003 0.000000
    84 0.282897 -0.851688 4.444893 0.000000 0.000000 0.000000
  time 21
    0 34.260209 -34.968483 36.266934 1.546684 0.026066 0.171047
    1 3.983847 0.002149 0.003401 -1.939289 0.100356 -1.713504
    2 15.938816 -0.000100 -0.000005 -0.000009 -0.000002 0.765498
    3 17.707025 -0.000068 0.000003 0.068489 -0.077377 -1.064216
    4 6.202515 0.003416 -0.000367 -0.005808 0.002661 -1.024103
    5 -3.983848 0.002149 0.003395 -1.512388 -0.379447 -1.408923
    6 15.938826 -0.000113 -0.000001 0.000002 0.000010 0.479608
    7 17.707031 0.000018 0.000000 -0.112590 0.061662 -1.173318
    8 6.202710 0.003078 0.003745 -0.078650 -0.006183 -0.498948
    9 -0.000001 4.209253 -1.688832 1.528083 -0.044022 1.583877
    10 3.836055 0.000000 0.000000 -0.041671 0.021106 -0.096548
    11 3.617625 -0.000275 -0.000015 -0.071655 -0.009967 0.051317
    12 7.537925 0.003588 -0.000212 0.000501 0.000675 0.208133
    13 3.181604 -0.002346 0.000028 3.141588 -0.000235 0.224138
    14 2.966416 0.000318 0.000023 -0.024249 -0.007564 0.153186
    15 2.023770 0.904983 0.850949 1.722803 -1.232257 2.810320
    16 4.980521 0.000781 -0.001089 -1.495932 0.160319 -1.049024
    17 11.119977 0.000007 0.000004 -0.000003 -0.136098 -0.697920
    18 11.205393 -0.000039 0.000000 1.730948 -0.301999 -0.123080
    19 3.767578 0.152466 0.071350 0.014352 0.037540 -0.177489
    20 2.037109 0.000000 0.000000 -0.000001 0.005004 -0.888530
    21 1.066406 0.000000 0.000001 0.000002 0.002790 0.001101
    22 3.783203 -0.017258 0.794434 0.333290 -0.031875 -0.219057
    23 1.627436 0.000008 0.000000 -0.000002 0.005086 -0.697000
    24 0.955566 -0.000003 0.000000 -0.000004 0.003247 -0.272279
    25 1.258789 -0.297852 1.251953 -1.927900 -0.158439 -0.368925
    26 1.392578 0.000004 -0.000004 0.000000 0.002017 0.071902
    27 1.100942 0.000011 0.000000 0.000005 -0.295767 0.023729
    28 3.547341 0.197447 -1.485758 -0.323544 0.115347 -0.238381
    29 1.218750 0.000004 0.000000 -0.000004 0.004664 -0.629642
    30 0.679688 0.000001 0.000000 0.000000 0.002400 -0.578397
    31 3.697266 0.267334 -0.728516 -0.105269 0.104461 -0.301442
    32 1.748047 0.000002 0.000000 -0.000005 0.002898 -0.623724
    33 0.956684 0.000008 0.000001 0.000015 0.004804 -0.321825
    34 2.023778 0.904982 -0.850921 -1.810537 1.238557 2.793512
    35 4.981625 0.002227 0.003236 1.899948 -0.295498 -1.215051
    36 11.119975 -0.000005 0.000000 0.000001 0.136123 -0.206826
    37 11.205375 0.000073 0.000008 -1.818884 0.322999 0.068133
    38 3.767578 0.151855 -0.072693 -0.090833 -0.078891 -0.174026
    39 2.037109 -0.000002 0.000000 0.000002 -0.007580 -0.940658
    40 1.066406 0.000001 -0.000002 0.000006 -0.004235 -0.116579
    41 3.783203 -0.023941 -0.794434 -0.344154 -0.088894 -0.269864
    42 1.628906 0.000002 -0.000001 0.000002 -0.007731 -0.659761
    43 0.954089 -0.000004 0.000000 0.000004 -0.004923 -0.331344
    44 1.258789 -0.308350 -1.250000 1.738856 0.204803 -0.550000
    45 1.392578 -0.000004 0.000001 0.000004 0.222430 0.216078
    46 1.099609 0.000004 -0.000008 0.000002 0.280394 0.302812
    47 3.546538 0.208125 1.487114 0.333783 -0.052221 -0.250106
    48 1.218750 0.000006 0.000000 0.000005 -0.007078 -0.610627
    49 0.679688 0.000007 -0.000002 0.000001 -0.003643 -0.669685
    50 3.696249 0.271114 0.723153 0.103581 -0.126168 -0.288614
    51 1.748047 -0.000011 0.000004 0.000000 -0.004401 -0.791139
    52 0.956684 0.000004 0.000002 -0.000008 -0.007276 -0.432398
    53 -3.756462 5.577850 2.053357 1.570803 -0.000001 0.000000
    54 -2.735646 -0.081365 5.727119 0.000007 0.000015 1.570796
    55 0.000001 5.662003 -0.974302 1.570804 -0.000001 0.000000
    56 -0.000002 -2.275002 5.113525 0.000000 0.000000 -3.141592
    57 -2.477620 5.416855 4.597564 1.570804 -0.000001 0.000000
    58 -1.515218 1.317776 5.998497 0.000000 0.000000 0.000000
    59 -2.455992 5.657928 -0.087295 1.570804 -0.000001 0.000000
    60 -1.485628 -1.617812 5.263969 0.000000 0.000000 3.141592
    61 3.756460 5.577858 2.053359 1.570803 -0.000001 0.000000
    62 2.735645 -0.081364 5.727116 0.000004 -0.000011 -1.570795
    63 2.477613 5.416855 4.597570 1.570804 -0.000001 0.000000
    64 1.515220 1.317777 5.998508 0.000000 0.000000 0.000000
    65 2.455991 5.657928 -0.087293 1.570804 -0.000001 0.000000
    66 1.485620 -1.617803 5.263973 0.000000 0.000000 -3.141592
    67 4.575642 5.632584 0.000132 0.000000 -1.570771 0.249128
    68 -0.000001 0.314078 5.161098 0.000000 0.000000 0.000000
    69 -0.000001 -0.323108 3.750217 0.000000 0.000000 0.000000
    70 5.734947 1.075212 4.685178 1.570830 -0.000004 -1.321669
    71 -0.753896 0.305901 4.971462 -0.000001 0.000002 0.000000
    72 -1.101006 -0.314705 3.448307 0.000001 0.000001 0.000000
    73 5.809101 -1.029643 4.595047 1.570829 -0.000004 -1.321671
    74 -0.714908 -0.199657 5.028973 0.000000 0.000003 0.000000
    75 -0.282898 -0.851690 4.444889 0.000000 0.000000 0.000000
    76 9.578484 -1.290738 0.000240 0.000000 1.570770 -2.892481
    77 9.369518 -1.236408 1.787905 0.000000 1.570770 -2.892481
    78 9.436707 -1.331719 -1.409029 0.000000 1.570770 -2.892477
    79 5.735191 1.075235 -4.684885 -1.570814 0.000004 1.819923
    80 0.753901 0.305904 4.971474 -0.000001 -0.000002 0.000000
    81 1.101010 -0.314705 3.448315 0.000000 -0.000001 0.000000
    82 5.809341 -1.029617 -4.594752 -1.570814 0.000004 1.819922
    83 0.714908 -0.199655 5.028969 0.000000 -0.000003 0.000000
    84 0.282897 -0.851688 4.444893 0.000000 0.000000 0.000000
  time 22
    0 35.909165 -36.641089 36.450533 1.558093 0.062212 0.143507
    1 3.983847 0.002149 0.003401 -1.963609 0.036677 -1.648864
    2 15.938816 -0.000100 -0.000005 -0.000009 -0.000002 0.850730
    3 17.707025 -0.000068 0.000003 0.062321 -0.045573 -1.073577
    4 6.202515 0.003416 -0.000367 -0.005724 0.002781 -1.024103
    5 -3.983848 0.002149 0.003395 -1.544297 -0.341530 -1.404801
    6 15.938826 -0.000113 -0.000001 0.000002 0.000010 0.492707
    7 17.707031 0.000018 0.000000 -0.093164 0.063054 -1.217813
    8 6.202710 0.003078 0.003745 -0.078650 -0.006183 -0.498948
    9 -0.000001 4.209253 -1.688832 1.539827 -0.040125 1.595622
    10 3.836055 0.000000 0.000000 -0.028224 0.053740 -0.100623
    11 3.617625 -0.000275 -0.000015 -0.054062 -0.004670 0.047347
    12 7.537925 0.003588 -0.000212 0.000992 0.003971 0.208145
    13 3.181604 -0.002346 0.000028 3.136123 -0.014629 0.224138
    14 2.966416 0.000318 0.000023 -0.041291 -0.014778 0.138936
    15 2.023770 0.904983 0.850949 1.687203 -1.236899 2.848207
    16 4.980521 0.000781 -0.001089 -1.516728 0.217567 -1.100296
    17 11.119977 0.000007 0.000004 -0.000003 -0.136098 -0.562407
    18 11.205393 -0.000039 0.000000 1.683266 -0.299907 -0.031685
    19 3.767578 0.152466 0.071350 0.014352 0.037540 -0.177489
    20 2.037109 0.000000 0.000000 -0.000001 0.005004 -0.888530
    21 1.066406 0.000000 0.000001 0.000002 0.002790 0.001101
    22 3.783203 -0.017258 0.794434 0.333290 -0.031875 -0.219057
    23 1.627436 0.000008 0.000000 -0.000002 0.005086 -0.697000
    24 0.955566 -0.000003 0.000000 -0.000004 0.003247 -0.272279
    25 1.258789 -0.297852 1.251953 -1.927900 -0.158439 -0.368925
    26 1.392578 0.000004 -0.000004 0.000000 0.002017 0.071902
    27 1.100942 0.000011 0.000000 0.000005 -0.295767 0.023729
    28 3.547341 0.197447 -1.485758 -0.323544 0.115347 -0.238381
    29 1.218750 0.000004 0.000000 -0.000004 0.004664 -0.629642
    30 0.679688 0.000001 0.000000 0.000000 0.002400 -0.578397
    31 3.697266 0.267334 -0.728516 -0.105269 0.104461 -0.301442
    32 1.748047 0.000002 0.000000 -0.000005 0.002898 -0.623724
    33 0.956684 0.000008 0.000001 0.000003 0.004804 -0.321825
    34 2.023778 0.904982 -0.850921 -1.843155 1.231147 2.758739
    35 4.981625 0.002227 0.003236 1.846339 -0.213437 -1.149589
    36 11.119975 -0.000005 0.000000 0.000001 0.136123 -0.265596
    37 11.205375 0.000073 0.000008 -1.767727 0.304231 0.071620
    38 3.767578 0.151855 -0.072693 -0.090833 -0.078891 -0.174026
    39 2.037109 -0.000002 0.000000 0.000002 -0.007580 -0.940658
    40 1.066406 0.000001 -0.000002 0.000006 -0.004235 -0.116579
    41 3.783203 -0.023941 -0.794434 -0.344154 -0.088894 -0.269864
    42 1.628906 0.000002 -0.000001 0.000002 -0.007731 -0.659761
    43 0.954089 -0.000004 0.000000 0.000004 -0.004923 -0.331344
    44 1.258789 -0.308350 -1.250000 1.738856 0.204803 -0.550000
    45 1.392578 -0.000004 0.000001 0.000004 0.222430 0.216078
    46 1.099609 0.000004 -0.000008 0.000002 0.280394 0.302812
    47 3.546538 0.208125 1.487114 0.333783 -0.052221 -0.250106
    48 1.218750 0.000006 0.000000 0.000005 -0.007078 -0.610627
    49 0.679688 0.000007 -0.000002 0.000001 -0.003643 -0.669685
    50 3.696249 0.271114 0.723153 0.103581 -0.126168 -0.288627
    51 1.748047 -0.000011 0.000004 0.000000 -0.004401 -0.791139
    52 0.956684 0.000004 0.000002 -0.000008 -0.007276 -0.432398
    53 -3.756462 5.577850 2.053357 1.570803 -0.000001 0.000000
    54 -2.735646 -0.081365 5.727119 0.000007 0.000015 1.570796
    55 0.000001 5.662003 -0.974302 1.570804 -0.000001 0.000000
    56 -0.000002 -2.275002 5.113525 0.000000 0.000000 -3.141592
    57 -2.477620 5.416855 4.597564 1.570804 -0.000001 0.000000
    58 -1.515218 1.317776 5.998497 0.000000 0.000000 0.000000
    59 -2.455992 5.657928 -0.087295 1.570804 -0.000001 0.000000
    60 -1.485628 -1.617812 5.263969 0.000000 0.000000 3.141592
    61 3.756460 5.577858 2.053359 1.570803 -0.000001 0.000000
    62 2.735645 -0.081364 5.727116 0.000004 -0.000011 -1.570795
    63 2.477613 5.416855 4.597570 1.570804 -0.000001 0.000000
    64 1.515220 1.317777 5.998508 0.000000 0.000000 0.000000
    65 2.455991 5.657928 -0.087293 1.570804 -0.000001 0.000000
    66 1.485620 -1.617803 5.263973 0.000000 0.000000 -3.141592
    67 4.575642 5.632584 0.000132 0.000000 -1.570771 0.249128
    68 -0.000001 0.314078 5.161098 0.000000 0.000000 0.000000
    69 -0.000001 -0.323108 3.750217 0.000000 0.000000 0.000000
    70 5.734947 1.075212 4.685178 1.570830 -0.000004 -1.321669
    71 -0.753896 0.305901 4.971462 -0.000001 0.000002 0.000000
    72 -1.101006 -0.314705 3.448307 0.000001 0.000001 0.000000
    73 5.809101 -1.029643 4.595047 1.570829 -0.000004 -1.321671
    74 -0.714908 -0.199657 5.028973 0.000000 0.000003 0.000000
    75 -0.282898 -0.851690 4.444889 0.000000 0.000000 0.000000
    76 9.578484 -1.290738 0.000240 0.000000 1.570770 -2.892481
    77 9.369518 -1.236408 1.787905 0.000000 1.570770 -2.892481
    78 9.436707 -1.331719 -1.409029 0.000000 1.570770 -2.892477
    79 5.735191 1.075235 -4.684885 -1.570814 0.000004 1.819923
    80 0.753901 0.305904 4.971474 -0.000001 -0.000002 0.000000
    81 1.101010 -0.314705 3.448315 0.000000 -0.000001 0.000000
    82 5.809341 -1.029617 -4.594752 -1.570814 0.000004 1.819922
    83 0.714908 -0.199655 5.028969 0.000000 -0.000003 0.000000
    84 0.282897 -0.851688 4.444893 0.000000 0.000000 0.000000
  time 23
    0 37.546401 -38.259007 36.727885 1.565810 0.077301 0.113090
    1 3.983847 0.002149 0.003401 -1.994294 -0.030252 -1.581810
    2 15.938816 -0.000100 -0.000005 -0.000009 -0.000002 0.908040
    3 17.707025 -0.000068 0.000003 0.054447 0.011585 -1.120414
    4 6.202515 0.003416 -0.000367 -0.005892 0.002517 -1.024103
    5 -3.983848 0.002149 0.003395 -1.577353 -0.281584 -1.423256
    6 15.938826 -0.000113 -0.000001 0.000002 0.000010 0.468838
    7 17.707031 0.000018 0.000000 -0.053813 0.041836 -1.256341
    8 6.202710 0.003078 0.003745 -0.078650 -0.006183 -0.498948
    9 -0.000001 4.209253 -1.688832 1.552866 -0.035683 1.599409
    10 3.836055 0.000000 0.000000 -0.013351 0.066623 -0.105201
    11 3.617625 -0.000275 -0.000015 -0.034683 0.001335 0.042856
    12 7.537925 0.003588 -0.000212 0.001184 0.005373 0.208145
    13 3.181604 -0.002346 0.000028 3.131426 -0.027308 0.224222
    14 2.966416 0.000318 0.000023 -0.057135 -0.025457 0.124550
    15 2.023770 0.904983 0.850949 1.671003 -1.239220 2.865337
    16 4.980521 0.000781 -0.001089 -1.531487 0.247895 -1.123599
    17 11.119977 0.000007 0.000004 -0.000003 -0.136098 -0.486759
    18 11.205393 -0.000039 0.000000 1.666988 -0.312338 -0.012174
    19 3.767578 0.152466 0.071350 0.014352 0.037540 -0.177489
    20 2.037109 0.000000 0.000000 -0.000001 0.005004 -0.888530
    21 1.066406 0.000000 0.000001 0.000002 0.002790 0.001101
    22 3.783203 -0.017258 0.794434 0.333290 -0.031875 -0.219057
    23 1.627436 0.000008 0.000000 -0.000002 0.005086 -0.697000
    24 0.955566 -0.000003 0.000000 -0.000004 0.003247 -0.272279
    25 1.258789 -0.297852 1.251953 -1.927900 -0.158439 -0.368925
    26 1.392578 0.000004 -0.000004 0.000000 0.002017 0.071902
    27 1.100942 0.000011 0.000000 0.000005 -0.295767 0.023729
    28 3.547341 0.197447 -1.485758 -0.323544 0.115347 -0.238381
    29 1.218750 0.000004 0.000000 -0.000004 0.004664 -0.629642
    30 0.679688 0.000001 0.000000 0.000000 0.002400 -0.578397
    31 3.697266 0.267334 -0.728516 -0.105269 0.104461 -0.301442
    32 1.748047 0.000002 0.000000 -0.000005 0.002898 -0.623724
    33 0.956684 0.000008 0.000001 0.000003 0.004804 -0.321825
    34 2.023778 0.904982 -0.850921 -1.856724 1.227319 2.744107
    35 4.981625 0.002227 0.003236 1.810737 -0.170813 -1.116888
    36 11.119975 -0.000005 0.000000 0.000001 0.136123 -0.308349
    37 11.205375 0.000073 0.000008 -1.715521 0.306604 0.065688
    38 3.767578 0.151855 -0.072693 -0.090833 -0.078891 -0.174026
    39 2.037109 -0.000002 0.000000 0.000002 -0.007580 -0.940658
    40 1.066406 0.000001 -0.000002 0.000006 -0.004235 -0.116579
    41 3.783203 -0.023941 -0.794434 -0.344154 -0.088894 -0.269864
    42 1.628906 0.000002 -0.000001 0.000002 -0.007731 -0.659761
    43 0.954089 -0.000004 0.000000 0.000004 -0.004923 -0.331344
    44 1.258789 -0.308350 -1.250000 1.738856 0.204803 -0.550000
    45 1.392578 -0.000004 0.000001 0.000004 0.222430 0.216078
    46 1.099609 0.000004 -0.000008 0.000002 0.280394 0.302812
    47 3.546538 0.208125 1.487114 0.333783 -0.052221 -0.250106
    48 1.218750 0.000006 0.000000 0.000005 -0.007078 -0.610627
    49 0.679688 0.000007 -0.000002 0.000001 -0.003643 -0.669685
    50 3.696249 0.271114 0.723153 0.103581 -0.126168 -0.288627
    51 1.748047 -0.000011 0.000004 0.000000 -0.004401 -0.791139
    52 0.956684 0.000004 0.000002 -0.000008 -0.007276 -0.432398
    53 -3.756462 5.577850 2.053357 1.570803 -0.000001 0.000000
    54 -2.735646 -0.081365 5.727119 0.000007 0.000015 1.570796
    55 0.000001 5.662003 -0.974302 1.570804 -0.000001 0.000000
    56 -0.000002 -2.275002 5.113525 0.000000 0.000000 -3.141592
    57 -2.477620 5.416855 4.597564 1.570804 -0.000001 0.000000
    58 -1.515218 1.317776 5.998497 0.000000 0.000000 0.000000
    59 -2.455992 5.657928 -0.087295 1.570804 -0.000001 0.000000
    60 -1.485628 -1.617812 5.263969 0.000000 0.000000 3.141592
    61 3.756460 5.577858 2.053359 1.570803 -0.000001 0.000000
    62 2.735645 -0.081364 5.727116 0.000004 -0.000011 -1.570795
    63 2.477613 5.416855 4.597570 1.570804 -0.000001 0.000000
    64 1.515220 1.317777 5.998508 0.000000 0.000000 0.000000
    65 2.455991 5.657928 -0.087293 1.570804 -0.000001 0.000000
    66 1.485620 -1.617803 5.263973 0.000000 0.000000 -3.141592
    67 4.575642 5.632584 0.000132 0.000000 -1.570771 0.249128
    68 -0.000001 0.314078 5.161098 0.000000 0.000000 0.000000
    69 -0.000001 -0.323108 3.750217 0.000000 0.000000 0.000000
    70 5.734947 1.075212 4.685178 1.570830 -0.000004 -1.321669
    71 -0.753896 0.305901 4.971462 -0.000001 0.000002 0.000000
    72 -1.101006 -0.314705 3.448307 0.000001 0.000001 0.000000
    73 5.809101 -1.029643 4.595047 1.570829 -0.000004 -1.321671
    74 -0.714908 -0.199657 5.028973 0.000000 0.000003 0.000000
    75 -0.282898 -0.851690 4.444889 0.000000 0.000000 0.000000
    76 9.578484 -1.290738 0.000240 0.000000 1.570770 -2.892481
    77 9.369518 -1.236408 1.787905 0.000000 1.570770 -2.892481
    78 9.436707 -1.331719 -1.409029 0.000000 1.570770 -2.892477
    79 5.735191 1.075235 -4.684885 -1.570814 0.000004 1.819923
    80 0.753901 0.305904 4.971474 -0.000001 -0.000002 0.000000
    81 1.101010 -0.314705 3.448315 0.000000 -0.000001 0.000000
    82 5.809341 -1.029617 -4.594752 -1.570814 0.000004 1.819922
    83 0.714908 -0.199655 5.028969 0.000000 -0.000003 0.000000
    84 0.282897 -0.851688 4.444893 0.000000 0.000000 0.000000
  time 24
    0 39.152386 -39.822235 37.044301 1.570364 0.076378 0.081204
    1 3.983847 0.002149 0.003401 -2.030300 -0.115069 -1.500540
    2 15.938816 -0.000100 -0.000005 -0.000009 -0.000002 0.952984
    3 17.707025 -0.000068 0.000003 0.030770 0.084719 -1.184505
    4 6.202515 0.003416 -0.000367 -0.006251 0.001894 -1.024103
    5 -3.983848 0.002149 0.003395 -1.610600 -0.203860 -1.461476
    6 15.938826 -0.000113 -0.000001 0.000002 0.000010 0.408126
    7 17.707031 0.000018 0.000000 -0.015437 0.021028 -1.276254
    8 6.202710 0.003078 0.003745 -0.078650 -0.006183 -0.498948
    9 -0.000001 4.209253 -1.688832 1.566768 -0.031705 1.597300
    10 3.836055 0.000000 0.000000 0.002133 0.064982 -0.109216
    11 3.617625 -0.000275 -0.000015 -0.014489 0.007387 0.038801
    12 7.537925 0.003588 -0.000212 0.001339 0.006535 0.208145
    13 3.181604 -0.002346 0.000028 3.127782 -0.036536 0.224354
    14 2.966416 0.000318 0.000023 -0.072523 -0.036698 0.117697
    15 2.023770 0.904983 0.850949 1.656753 -1.241377 2.880293
    16 4.980521 0.000781 -0.001089 -1.548310 0.275187 -1.145137
    17 11.119977 0.000007 0.000004 -0.000003 -0.136098 -0.416373
    18 11.205393 -0.000039 0.000000 1.655752 -0.336530 -0.007740
    19 3.767578 0.152466 0.071350 0.014352 0.037540 -0.177489
    20 2.037109 0.000000 0.000000 -0.000001 0.005004 -0.888530
    21 1.066406 0.000000 0.000001 0.000002 0.002790 0.001101
    22 3.783203 -0.017258 0.794434 0.333290 -0.031875 -0.219057
    23 1.627436 0.000008 0.000000 -0.000002 0.005086 -0.697049
    24 0.955566 -0.000003 0.000000 -0.000004 0.003247 -0.272279
    25 1.258789 -0.297852 1.251953 -1.927900 -0.158439 -0.368925
    26 1.392578 0.000004 -0.000004 0.000000 0.002017 0.071902
    27 1.100942 0.000011 0.000000 0.000005 -0.295767 0.023729
    28 3.547341 0.197447 -1.485758 -0.323544 0.115347 -0.238381
    29 1.218750 0.000004 0.000000 -0.000004 0.004664 -0.629642
    30 0.679688 0.000001 0.000000 0.000000 0.002400 -0.578397
    31 3.697266 0.267334 -0.728516 -0.105269 0.104461 -0.301442
    32 1.748047 0.000002 0.000000 -0.000005 0.002898 -0.623724
    33 0.956684 0.000008 0.000001 0.000003 0.004804 -0.321825
    34 2.023778 0.904982 -0.850921 -1.868257 1.223614 2.731643
    35 4.981625 0.002227 0.003236 1.773329 -0.129234 -1.085509
    36 11.119975 -0.000005 0.000000 0.000001 0.136123 -0.357976
    37 11.205375 0.000073 0.000008 -1.662503 0.312488 0.054458
    38 3.767578 0.151855 -0.072693 -0.090833 -0.078891 -0.174026
    39 2.037109 -0.000002 0.000000 0.000002 -0.007580 -0.940658
    40 1.066406 0.000001 -0.000002 0.000006 -0.004235 -0.116579
    41 3.783203 -0.023941 -0.794434 -0.344154 -0.088894 -0.269864
    42 1.628906 0.000002 -0.000001 0.000002 -0.007731 -0.659761
    43 0.954089 -0.000004 0.000000 0.000004 -0.004923 -0.331344
    44 1.258789 -0.308350 -1.250000 1.738856 0.204803 -0.550000
    45 1.392578 -0.000004 0.000001 0.000004 0.222430 0.216078
    46 1.099609 0.000004 -0.000008 0.000002 0.280394 0.302812
    47 3.546538 0.208125 1.487114 0.333783 -0.052221 -0.250106
    48 1.218750 0.000006 0.000000 0.000005 -0.007078 -0.610627
    49 0.679688 0.000007 -0.000002 0.000001 -0.003643 -0.669685
    50 3.696249 0.271114 0.723153 0.103581 -0.126168 -0.288627
    51 1.748047 -0.000011 0.000004 0.000000 -0.004401 -0.791139
    52 0.956684 0.000004 0.000002 -0.000008 -0.007276 -0.432398
    53 -3.756462 5.577850 2.053357 1.570803 -0.000001 0.000000
    54 -2.735646 -0.081365 5.727119 0.000007 0.000015 1.570796
    55 0.000001 5.662003 -0.974302 1.570804 -0.000001 0.000000
    56 -0.000002 -2.275002 5.113525 0.000000 0.000000 -3.141592
    57 -2.477620 5.416855 4.597564 1.570804 -0.000001 0.000000
    58 -1.515218 1.317776 5.998497 0.000000 0.000000 0.000000
    59 -2.455992 5.657928 -0.087295 1.570804 -0.000001 0.000000
    60 -1.485628 -1.617812 5.263969 0.000000 0.000000 3.141592
    61 3.756460 5.577858 2.053359 1.570803 -0.000001 0.000000
    62 2.735645 -0.081364 5.727116 0.000004 -0.000011 -1.570795
    63 2.477613 5.416855 4.597570 1.570804 -0.000001 0.000000
    64 1.515220 1.317777 5.998508 0.000000 0.000000 0.000000
    65 2.455991 5.657928 -0.087293 1.570804 -0.000001 0.000000
    66 1.485620 -1.617803 5.263973 0.000000 0.000000 -3.141592
    67 4.575642 5.632584 0.000132 0.000000 -1.570771 0.249128
    68 -0.000001 0.314078 5.161098 0.000000 0.000000 0.000000
    69 -0.000001 -0.323108 3.750217 0.000000 0.000000 0.000000
    70 5.734947 1.075212 4.685178 1.570830 -0.000004 -1.321669
    71 -0.753896 0.305901 4.971462 -0.000001 0.000002 0.000000
    72 -1.101006 -0.314705 3.448307 0.000001 0.000001 0.000000
    73 5.809101 -1.029643 4.595047 1.570829 -0.000004 -1.321671
    74 -0.714908 -0.199657 5.028973 0.000000 0.000003 0.000000
    75 -0.282898 -0.851690 4.444889 0.000000 0.000000 0.000000
    76 9.578484 -1.290738 0.000240 0.000000 1.570770 -2.892481
    77 9.369518 -1.236408 1.787905 0.000000 1.570770 -2.892481
    78 9.436707 -1.331719 -1.409029 0.000000 1.570770 -2.892477
    79 5.735191 1.075235 -4.684885 -1.570814 0.000004 1.819923
    80 0.753901 0.305904 4.971474 -0.000001 -0.000002 0.000000
    81 1.101010 -0.314705 3.448315 0.000000 -0.000001 0.000000
    82 5.809341 -1.029617 -4.594752 -1.570814 0.000004 1.819922
    83 0.714908 -0.199655 5.028969 0.000000 -0.000003 0.000000
    84 0.282897 -0.851688 4.444893 0.000000 0.000000 0.000000
  time 25
    0 40.758372 -41.362025 37.321653 1.571755 0.060342 0.049446
    1 3.983847 0.002149 0.003401 -2.069725 -0.192766 -1.425082
    2 15.938816 -0.000100 -0.000005 -0.000009 -0.000002 0.942847
    3 17.707025 -0.000068 0.000003 -0.012429 0.143107 -1.234829
    4 6.202515 0.003416 -0.000367 -0.006850 0.000959 -1.024103
    5 -3.983848 0.002149 0.003395 -1.642222 -0.136700 -1.518713
    6 15.938826 -0.000113 -0.000001 0.000002 0.000010 0.361710
    7 17.707031 0.000018 0.000000 0.021941 0.000345 -1.280113
    8 6.202710 0.003078 0.003745 -0.078483 -0.006207 -0.519107
    9 -0.000001 4.209253 -1.688832 1.580334 -0.028959 1.589774
    10 3.836055 0.000000 0.000000 0.017593 0.050073 -0.111889
    11 3.617625 -0.000275 -0.000015 0.005501 0.012516 0.036069
    12 7.537925 0.003588 -0.000212 0.001459 0.007314 0.208145
    13 3.181604 -0.002346 0.000028 3.125673 -0.041810 0.224450
    14 2.966416 0.000318 0.000023 -0.086749 -0.048347 0.115972
    15 2.023770 0.904983 0.850949 1.644952 -1.243291 2.892891
    16 4.980521 0.000781 -0.001089 -1.567455 0.302310 -1.164286
    17 11.119977 0.000007 0.000004 -0.000003 -0.136098 -0.355478
    18 11.205393 -0.000039 0.000000 1.649029 -0.365855 -0.014655
    19 3.767578 0.152466 0.071350 0.014352 0.037540 -0.177489
    20 2.037109 0.000000 0.000000 -0.000001 0.005004 -0.888530
    21 1.066406 0.000000 0.000001 0.000002 0.002790 0.001101
    22 3.783203 -0.017258 0.794434 0.333290 -0.031875 -0.219057
    23 1.627436 0.000008 0.000000 -0.000002 0.005086 -0.697000
    24 0.955566 -0.000003 0.000000 -0.000004 0.003247 -0.272279
    25 1.258789 -0.297852 1.251953 -1.927900 -0.158439 -0.368925
    26 1.392578 0.000004 -0.000004 0.000000 0.002017 0.071902
    27 1.100942 0.000011 0.000000 0.000005 -0.295767 0.023716
    28 3.547341 0.197447 -1.485758 -0.323544 0.115347 -0.238381
    29 1.218750 0.000004 0.000000 -0.000004 0.004664 -0.629642
    30 0.679688 0.000001 0.000000 0.000000 0.002400 -0.578397
    31 3.697266 0.267334 -0.728516 -0.105269 0.104461 -0.301442
    32 1.748047 0.000002 0.000000 -0.000005 0.002898 -0.623724
    33 0.956684 0.000008 0.000001 0.000015 0.004804 -0.321825
    34 2.023778 0.904982 -0.850921 -1.877182 1.220316 2.722069
    35 4.981625 0.002227 0.003236 1.737573 -0.091254 -1.057832
    36 11.119975 -0.000005 0.000000 0.000001 0.136123 -0.411070
    37 11.205375 0.000073 0.000008 -1.614686 0.322016 0.037824
    38 3.767578 0.151855 -0.072693 -0.090833 -0.078891 -0.174026
    39 2.037109 -0.000002 0.000000 0.000002 -0.007580 -0.940658
    40 1.066406 0.000001 -0.000002 0.000006 -0.004235 -0.116579
    41 3.783203 -0.023941 -0.794434 -0.344154 -0.088894 -0.269864
    42 1.628906 0.000002 -0.000001 0.000002 -0.007731 -0.659761
    43 0.954089 -0.000004 0.000000 0.000004 -0.004923 -0.331344
    44 1.258789 -0.308350 -1.250000 1.738856 0.204803 -0.550000
    45 1.392578 -0.000004 0.000001 0.000004 0.222430 0.216078
    46 1.099609 0.000004 -0.000008 0.000002 0.280394 0.302812
    47 3.546538 0.208125 1.487114 0.333783 -0.052221 -0.250106
    48 1.218750 0.000006 0.000000 0.000005 -0.007078 -0.610627
    49 0.679688 0.000007 -0.000002 0.000001 -0.003643 -0.669685
    50 3.696249 0.271114 0.723153 0.103581 -0.126168 -0.288627
    51 1.748047 -0.000011 0.000004 0.000000 -0.004401 -0.791139
    52 0.956684 0.000004 0.000002 -0.000008 -0.007276 -0.432398
    53 -3.756462 5.577850 2.053357 1.570803 -0.000001 0.000000
    54 -2.735646 -0.081365 5.727119 0.000007 0.000015 1.570796
    55 0.000001 5.662003 -0.974302 1.570804 -0.000001 0.000000
    56 -0.000002 -2.275002 5.113525 0.000000 0.000000 -3.141592
    57 -2.477620 5.416855 4.597564 1.570804 -0.000001 0.000000
    58 -1.515218 1.317776 5.998497 0.000000 0.000000 0.000000
    59 -2.455992 5.657928 -0.087295 1.570804 -0.000001 0.000000
    60 -1.485628 -1.617812 5.263969 0.000000 0.000000 3.141592
    61 3.756460 5.577858 2.053359 1.570803 -0.000001 0.000000
    62 2.735645 -0.081364 5.727116 0.000004 -0.000011 -1.570795
    63 2.477613 5.416855 4.597570 1.570804 -0.000001 0.000000
    64 1.515220 1.317777 5.998508 0.000000 0.000000 0.000000
    65 2.455991 5.657928 -0.087293 1.570804 -0.000001 0.000000
    66 1.485620 -1.617803 5.263973 0.000000 0.000000 -3.141592
    67 4.575642 5.632584 0.000132 0.000000 -1.570771 0.249128
    68 -0.000001 0.314078 5.161098 0.000000 0.000000 0.000000
    69 -0.000001 -0.323108 3.750217 0.000000 0.000000 0.000000
    70 5.734947 1.075212 4.685178 1.570830 -0.000004 -1.321669
    71 -0.753896 0.305901 4.971462 -0.000001 0.000002 0.000000
    72 -1.101006 -0.314705 3.448307 0.000001 0.000001 0.000000
    73 5.809101 -1.029643 4.595047 1.570829 -0.000004 -1.321671
    74 -0.714908 -0.199657 5.028973 0.000000 0.000003 0.000000
    75 -0.282898 -0.851690 4.444889 0.000000 0.000000 0.000000
    76 9.578484 -1.290738 0.000240 0.000000 1.570770 -2.892481
    77 9.369518 -1.236408 1.787905 0.000000 1.570770 -2.892481
    78 9.436707 -1.331719 -1.409029 0.000000 1.570770 -2.892477
    79 5.735191 1.075235 -4.684885 -1.570814 0.000004 1.819923
    80 0.753901 0.305904 4.971474 -0.000001 -0.000002 0.000000
    81 1.101010 -0.314705 3.448315 0.000000 -0.000001 0.000000
    82 5.809341 -1.029617 -4.594752 -1.570814 0.000004 1.819922
    83 0.714908 -0.199655 5.028969 0.000000 -0.000003 0.000000
    84 0.282897 -0.851688 4.444893 0.000000 0.000000 0.000000
  time 26
    0 42.360451 -42.894002 37.481814 1.571419 0.038063 0.018519
    1 3.983847 0.002149 0.003401 -2.110101 -0.257514 -1.354094
    2 15.938816 -0.000100 -0.000005 -0.000009 -0.000002 0.885537
    3 17.707025 -0.000068 0.000003 -0.073935 0.177775 -1.280442
    4 6.202515 0.003416 -0.000367 -0.007641 0.000444 -0.919205
    5 -3.983848 0.002149 0.003395 -1.672698 -0.072418 -1.587659
    6 15.938826 -0.000113 -0.000001 0.000002 0.000010 0.320584
    7 17.707031 0.000018 0.000000 0.059818 -0.022979 -1.283227
    8 6.202710 0.003078 0.003745 -0.078279 -0.006243 -0.544239
    9 -0.000001 4.209253 -1.688832 1.594379 -0.027949 1.580043
    10 3.836055 0.000000 0.000000 0.032730 0.030106 -0.112608
    11 3.617625 -0.000275 -0.000015 0.025216 0.016219 0.035802
    12 7.537925 0.003588 -0.000212 0.001543 0.007902 0.208145
    13 3.181604 -0.002346 0.000028 3.125194 -0.043499 0.224450
    14 2.966416 0.000318 0.000023 -0.102317 -0.053848 0.120556
    15 2.023770 0.904983 0.850949 1.631352 -1.245938 2.907303
    16 4.980521 0.000781 -0.001089 -1.610131 0.364281 -1.196267
    17 11.119977 0.000007 0.000004 -0.000003 -0.136098 -0.263306
    18 11.205393 -0.000039 0.000000 1.647012 -0.428081 -0.046630
    19 3.767578 0.152466 0.071350 0.014352 0.037540 -0.177489
    20 2.037109 0.000000 0.000000 -0.000001 0.005004 -0.888530
    21 1.066406 0.000000 0.000001 0.000002 0.002790 0.001101
    22 3.783203 -0.017258 0.794434 0.333290 -0.031875 -0.219057
    23 1.627436 0.000008 0.000000 -0.000002 0.005086 -0.697000
    24 0.955566 -0.000003 0.000000 -0.000004 0.003247 -0.272279
    25 1.258789 -0.297852 1.251953 -1.927900 -0.158439 -0.368925
    26 1.392578 0.000004 -0.000004 0.000000 0.002017 0.071902
    27 1.100942 0.000011 0.000000 0.000005 -0.295767 0.023729
    28 3.547341 0.197447 -1.485758 -0.323544 0.115347 -0.238381
    29 1.218750 0.000004 0.000000 -0.000004 0.004664 -0.629642
    30 0.679688 0.000001 0.000000 0.000000 0.002400 -0.578397
    31 3.697266 0.267334 -0.728516 -0.105269 0.104461 -0.301442
    32 1.748047 0.000002 0.000000 -0.000005 0.002898 -0.623724
    33 0.956684 0.000008 0.000001 0.000003 0.004804 -0.321825
    34 2.023778 0.904982 -0.850921 -1.886836 1.215837 2.711321
    35 4.981625 0.002227 0.003236 1.681074 -0.033378 -1.015581
    36 11.119975 -0.000005 0.000000 0.000001 0.136123 -0.526971
    37 11.205375 0.000073 0.000008 -1.580661 0.349665 -0.013027
    38 3.767578 0.151855 -0.072693 -0.090833 -0.078891 -0.174026
    39 2.037109 -0.000002 0.000000 0.000002 -0.007580 -0.940658
    40 1.066406 0.000001 -0.000002 0.000006 -0.004235 -0.116579
    41 3.783203 -0.023941 -0.794434 -0.344154 -0.088894 -0.269864
    42 1.628906 0.000002 -0.000001 0.000002 -0.007731 -0.659761
    43 0.954089 -0.000004 0.000000 0.000004 -0.004923 -0.331344
    44 1.258789 -0.308350 -1.250000 1.738856 0.204803 -0.550000
    45 1.392578 -0.000004 0.000001 0.000004 0.222430 0.216078
    46 1.099609 0.000004 -0.000008 0.000002 0.280394 0.302812
    47 3.546538 0.208125 1.487114 0.333783 -0.052221 -0.250106
    48 1.218750 0.000006 0.000000 0.000005 -0.007078 -0.610627
    49 0.679688 0.000007 -0.000002 0.000001 -0.003643 -0.669685
    50 3.696249 0.271114 0.723153 0.103581 -0.126168 -0.288614
    51 1.748047 -0.000011 0.000004 0.000000 -0.004401 -0.791139
    52 0.956684 0.000004 0.000002 -0.000008 -0.007276 -0.432398
    53 -3.756462 5.577850 2.053357 1.570803 -0.000001 0.000000
    54 -2.735646 -0.081365 5.727119 0.000007 0.000015 1.570796
    55 0.000001 5.662003 -0.974302 1.570804 -0.000001 0.000000
    56 -0.000002 -2.275002 5.113525 0.000000 0.000000 -3.141592
    57 -2.477620 5.416855 4.597564 1.570804 -0.000001 0.000000
    58 -1.515218 1.317776 5.998497 0.000000 0.000000 0.000000
    59 -2.455992 5.657928 -0.087295 1.570804 -0.000001 0.000000
    60 -1.485628 -1.617812 5.263969 0.000000 0.000000 3.141592
    61 3.756460 5.577858 2.053359 1.570803 -0.000001 0.000000
    62 2.735645 -0.081364 5.727116 0.000004 -0.000011 -1.570795
    63 2.477613 5.416855 4.597570 1.570804 -0.000001 0.000000
    64 1.515220 1.317777 5.998508 0.000000 0.000000 0.000000
    65 2.455991 5.657928 -0.087293 1.570804 -0.000001 0.000000
    66 1.485620 -1.617803 5.263973 0.000000 0.000000 -3.141592
    67 4.575642 5.632584 0.000132 0.000000 -1.570771 0.249128
    68 -0.000001 0.314078 5.161098 0.000000 0.000000 0.000000
    69 -0.000001 -0.323108 3.750217 0.000000 0.000000 0.000000
    70 5.734947 1.075212 4.685178 1.570830 -0.000004 -1.321669
    71 -0.753896 0.305901 4.971462 -0.000001 0.000002 0.000000
    72 -1.101006 -0.314705 3.448307 0.000001 0.000001 0.000000
    73 5.809101 -1.029643 4.595047 1.570829 -0.000004 -1.321671
    74 -0.714908 -0.199657 5.028973 0.000000 0.000003 0.000000
    75 -0.282898 -0.851690 4.444889 0.000000 0.000000 0.000000
    76 9.578484 -1.290738 0.000240 0.000000 1.570770 -2.892481
    77 9.369518 -1.236408 1.787905 0.000000 1.570770 -2.892481
    78 9.436707 -1.331719 -1.409029 0.000000 1.570770 -2.892477
    79 5.735191 1.075235 -4.684885 -1.570814 0.000004 1.819923
    80 0.753901 0.305904 4.971474 -0.000001 -0.000002 0.000000
    81 1.101010 -0.314705 3.448315 0.000000 -0.000001 0.000000
    82 5.809341 -1.029617 -4.594752 -1.570814 0.000004 1.819922
    83 0.714908 -0.199655 5.028969 0.000000 -0.000003 0.000000
    84 0.282897 -0.851688 4.444893 0.000000 0.000000 0.000000
end
