// Created by Crowbar 0.76
version 1
nodes
  0 "ValveBiped.Bip01_Pelvis" -1
  1 "ValveBiped.Bip01_L_Thigh" 0
  2 "ValveBiped.Bip01_L_Calf" 1
  3 "ValveBiped.Bip01_L_Foot" 2
  4 "ValveBiped.Bip01_L_Toe0" 3
  5 "ValveBiped.Bip01_R_Thigh" 0
  6 "ValveBiped.Bip01_R_Calf" 5
  7 "ValveBiped.Bip01_R_Foot" 6
  8 "ValveBiped.Bip01_R_Toe0" 7
  9 "ValveBiped.Bip01_Spine" 0
  10 "ValveBiped.Bip01_Spine1" 9
  11 "ValveBiped.Bip01_Spine2" 10
  12 "ValveBiped.Bip01_Spine4" 11
  13 "ValveBiped.Bip01_Neck1" 12
  14 "ValveBiped.Bip01_Head1" 13
  15 "ValveBiped.Bip01_L_Clavicle" 12
  16 "ValveBiped.Bip01_L_UpperArm" 15
  17 "ValveBiped.Bip01_L_Forearm" 16
  18 "ValveBiped.Bip01_L_Hand" 17
  19 "ValveBiped.Bip01_L_Finger2" 18
  20 "ValveBiped.Bip01_L_Finger21" 19
  21 "ValveBiped.Bip01_L_Finger22" 20
  22 "ValveBiped.Bip01_L_Finger1" 18
  23 "ValveBiped.Bip01_L_Finger11" 22
  24 "ValveBiped.Bip01_L_Finger12" 23
  25 "ValveBiped.Bip01_L_Finger0" 18
  26 "ValveBiped.Bip01_L_Finger01" 25
  27 "ValveBiped.Bip01_L_Finger02" 26
  28 "ValveBiped.Bip01_L_Finger4" 18
  29 "ValveBiped.Bip01_L_Finger41" 28
  30 "ValveBiped.Bip01_L_Finger42" 29
  31 "ValveBiped.Bip01_L_Finger3" 18
  32 "ValveBiped.Bip01_L_Finger31" 31
  33 "ValveBiped.Bip01_L_Finger32" 32
  34 "ValveBiped.Bip01_R_Clavicle" 12
  35 "ValveBiped.Bip01_R_UpperArm" 34
  36 "ValveBiped.Bip01_R_Forearm" 35
  37 "ValveBiped.Bip01_R_Hand" 36
  38 "ValveBiped.Bip01_R_Finger2" 37
  39 "ValveBiped.Bip01_R_Finger21" 38
  40 "ValveBiped.Bip01_R_Finger22" 39
  41 "ValveBiped.Bip01_R_Finger1" 37
  42 "ValveBiped.Bip01_R_Finger11" 41
  43 "ValveBiped.Bip01_R_Finger12" 42
  44 "ValveBiped.Bip01_R_Finger0" 37
  45 "ValveBiped.Bip01_R_Finger01" 44
  46 "ValveBiped.Bip01_R_Finger02" 45
  47 "ValveBiped.Bip01_R_Finger4" 37
  48 "ValveBiped.Bip01_R_Finger41" 47
  49 "ValveBiped.Bip01_R_Finger42" 48
  50 "ValveBiped.Bip01_R_Finger3" 37
  51 "ValveBiped.Bip01_R_Finger31" 50
  52 "ValveBiped.Bip01_R_Finger32" 51
  53 "ValveBiped.Skirt.R.001" 0
  54 "Skirt2_r" 53
  55 "ValveBiped.Skirt.B" 0
  56 "Skirtb2" 55
  57 "ValveBiped.Skirt.R" 0
  58 "Skirt5_r" 57
  59 "ValveBiped.Skirt.R.002" 0
  60 "Skirt8_r" 59
  61 "ValveBiped.Skirt.L.001" 0
  62 "Skirt2_l" 61
  63 "ValveBiped.Skirt.L" 0
  64 "Skirt5_l" 63
  65 "ValveBiped.Skirt.L.002" 0
  66 "Skirt8_l" 65
  67 "Hair_002" 14
  68 "Hair_001" 67
  69 "Hair_003" 68
  70 "Hair_006_r" 14
  71 "Hair_005_r" 70
  72 "Hair_007_r" 71
  73 "Hair_009_r" 14
  74 "Hair_010_r" 73
  75 "Hair_011_r" 74
  76 "Hair_004" 14
  77 "Hair_005" 14
  78 "Hair_006" 14
  79 "Hair_006_l" 14
  80 "Hair_005_l" 79
  81 "Hair_007_l" 80
  82 "Hair_009_l" 14
  83 "Hair_010_l" 82
  84 "Hair_011_l" 83
end
skeleton
  time 0
    0 -0.004562 -0.523453 37.251339 1.546684 0.037967 -0.066915
    1 3.983847 0.002149 0.003401 -2.162352 -0.280654 -1.232681
    2 15.938816 -0.000100 -0.000005 -0.000009 -0.000002 1.045930
    3 17.707025 -0.000068 0.000003 0.084925 0.166976 -1.288977
    4 6.202515 0.003416 -0.000367 -0.007414 0.002841 -0.520889
    5 -3.983848 0.002149 0.003395 -1.827372 -0.088091 -1.436651
    6 15.938826 -0.000113 -0.000001 0.000002 0.000010 0.359317
    7 17.707031 0.000018 0.000000 -0.017455 0.100976 -1.302912
    8 6.202710 0.003078 0.003745 -0.078650 -0.006183 -0.498948
    9 -0.000001 4.209253 -1.688832 1.570507 -0.027969 1.582775
    10 3.836055 0.000000 0.000000 -0.001151 0.030058 -0.112608
    11 3.617625 -0.000275 -0.000015 -0.001510 0.015848 0.035802
    12 7.537925 0.003588 -0.000212 0.001543 0.007902 0.208145
    13 3.181604 -0.002346 0.000028 3.125194 -0.043499 0.224450
    14 2.966416 0.000318 0.000023 0.059727 -0.003968 0.094506
    15 2.023770 0.904983 0.850949 1.840803 -1.218740 2.684605
    16 4.980521 0.000781 -0.001089 -1.767985 0.095818 -1.054829
    17 11.119977 0.000007 0.000004 -0.000003 -0.136098 -0.410026
    18 11.205393 -0.000039 0.000000 1.564134 -0.411782 0.017991
    19 3.767578 0.152466 0.071350 0.014352 0.037540 -0.177489
    20 2.037109 -0.000002 -0.000002 -0.000001 0.005004 -0.888526
    21 1.066406 0.000000 -0.000002 0.000002 0.002790 0.001101
    22 3.783203 -0.017258 0.794434 0.333287 -0.031876 -0.219057
    23 1.628906 0.000000 -0.000003 0.000000 0.005106 -0.697052
    24 0.955566 -0.000006 0.000001 -0.000006 0.003247 -0.272277
    25 1.258789 -0.297852 1.251953 -1.927900 -0.158435 -0.368924
    26 1.392578 0.000002 -0.000006 0.000000 0.002017 0.071902
    27 1.099609 0.000004 -0.000006 0.000000 -0.295768 0.023718
    28 3.547341 0.197447 -1.485758 -0.323544 0.115347 -0.238381
    29 1.218750 0.000004 0.000004 -0.000003 0.004665 -0.629642
    30 0.679688 0.000002 0.000000 0.000000 0.002402 -0.578397
    31 3.697266 0.267334 -0.728516 -0.105269 0.104461 -0.301442
    32 1.748047 0.000002 0.000004 -0.000001 0.002900 -0.623724
    33 0.956684 0.000008 0.000001 0.000027 0.004804 -0.321825
    34 2.023778 0.904982 -0.850921 -1.685284 1.252360 2.925831
    35 4.981625 0.002227 0.003236 1.712342 -0.182740 -1.130844
    36 11.119975 -0.000005 0.000000 0.000001 0.136123 -0.208970
    37 11.205375 0.000073 0.000008 -1.676819 0.409192 -0.126018
    38 3.767578 0.151855 -0.072693 -0.090833 -0.078893 -0.174026
    39 2.036716 -0.000004 0.000000 0.000012 -0.007577 -0.940629
    40 1.066406 0.000002 0.000000 0.000006 -0.004235 -0.116579
    41 3.783203 -0.023941 -0.794434 -0.344152 -0.088893 -0.269864
    42 1.628906 -0.000002 0.000001 0.000004 -0.007730 -0.659761
    43 0.955566 0.000002 -0.000001 0.000003 -0.004923 -0.331349
    44 1.258789 -0.308350 -1.250000 1.738856 0.204803 -0.550000
    45 1.392578 0.000000 0.000002 0.000004 0.222430 0.216078
    46 1.099609 0.000002 -0.000004 0.000002 0.280392 0.302814
    47 3.546538 0.208125 1.487114 0.333783 -0.052221 -0.250106
    48 1.218750 0.000006 0.000000 0.000002 -0.007081 -0.610627
    49 0.679688 0.000001 0.000000 0.000001 -0.003643 -0.669687
    50 3.696249 0.271114 0.723153 0.103581 -0.126168 -0.288614
    51 1.748047 -0.000015 0.000001 0.000000 -0.004401 -0.791139
    52 0.959961 -0.000004 -0.000001 0.000003 -0.007260 -0.432410
    53 -3.756462 5.577850 2.053357 1.570803 -0.000001 0.000000
    54 -2.735646 -0.081365 5.727119 0.000007 0.000015 1.570796
    55 0.000001 5.662003 -0.974302 1.570804 -0.000001 0.000000
    56 -0.000002 -2.275002 5.113525 0.000000 0.000000 -3.141592
    57 -2.477620 5.416855 4.597564 1.570804 -0.000001 0.000000
    58 -1.515218 1.317776 5.998497 0.000000 0.000000 0.000000
    59 -2.455992 5.657928 -0.087295 1.570804 -0.000001 0.000000
    60 -1.485628 -1.617812 5.263969 0.000000 0.000000 3.141592
    61 3.756460 5.577858 2.053359 1.570803 -0.000001 0.000000
    62 2.735645 -0.081364 5.727116 0.000004 -0.000011 -1.570795
    63 2.477613 5.416855 4.597570 1.570804 -0.000001 0.000000
    64 1.515220 1.317777 5.998508 0.000000 0.000000 0.000000
    65 2.455991 5.657928 -0.087293 1.570804 -0.000001 0.000000
    66 1.485620 -1.617803 5.263973 0.000000 0.000000 -3.141592
    67 4.575642 5.632584 0.000132 0.000000 -1.570771 0.249128
    68 -0.000001 0.314078 5.161098 0.000000 0.000000 0.000000
    69 -0.000001 -0.323108 3.750217 0.000000 0.000000 0.000000
    70 5.734947 1.075212 4.685178 1.570830 -0.000004 -1.321669
    71 -0.753896 0.305901 4.971462 -0.000001 0.000002 0.000000
    72 -1.101006 -0.314705 3.448307 0.000001 0.000001 0.000000
    73 5.809101 -1.029643 4.595047 1.570829 -0.000004 -1.321671
    74 -0.714908 -0.199657 5.028973 0.000000 0.000003 0.000000
    75 -0.282898 -0.851690 4.444889 0.000000 0.000000 0.000000
    76 9.578484 -1.290738 0.000240 0.000000 1.570770 -2.892481
    77 9.369518 -1.236408 1.787905 0.000000 1.570770 -2.892481
    78 9.436707 -1.331719 -1.409029 0.000000 1.570770 -2.892477
    79 5.735191 1.075235 -4.684885 -1.570814 0.000004 1.819923
    80 0.753901 0.305904 4.971474 -0.000001 -0.000002 0.000000
    81 1.101010 -0.314705 3.448315 0.000000 -0.000001 0.000000
    82 5.809341 -1.029617 -4.594752 -1.570814 0.000004 1.819922
    83 0.714908 -0.199655 5.028969 0.000000 -0.000003 0.000000
    84 0.282897 -0.851688 4.444893 0.000000 0.000000 0.000000
  time 1
    0 -1.141608 0.597986 37.223994 1.545150 0.025635 -0.091708
    1 3.983847 0.002149 0.003401 -2.180307 -0.216574 -1.320656
    2 15.938816 -0.000100 -0.000005 -0.000009 -0.000002 1.098841
    3 17.707025 -0.000068 0.000003 0.129665 0.118284 -1.257834
    4 6.202515 0.003416 -0.000367 -0.006419 0.003308 -0.555300
    5 -3.983848 0.002149 0.003395 -1.852116 -0.126438 -1.406206
    6 15.938826 -0.000113 -0.000001 0.000002 0.000010 0.376132
    7 17.707031 0.000018 0.000000 -0.041029 0.113736 -1.270708
    8 6.202710 0.003078 0.003745 -0.078650 -0.006183 -0.498948
    9 -0.000001 4.209253 -1.688832 1.570507 -0.028878 1.578509
    10 3.836055 0.000000 0.000000 -0.000803 0.019596 -0.111673
    11 3.617625 -0.000275 -0.000015 -0.001102 0.017454 0.035098
    12 7.537925 0.003588 -0.000212 0.001543 0.007962 0.208145
    13 3.181604 -0.002346 0.000028 3.125194 -0.043320 0.224438
    14 2.966416 0.000318 0.000023 0.083516 0.003810 0.102539
    15 2.023770 0.904983 0.850949 1.837253 -1.218862 2.688321
    16 4.980521 0.000781 -0.001089 -1.756736 0.096256 -1.039777
    17 11.119977 0.000007 0.000004 -0.000003 -0.136098 -0.442503
    18 11.205393 -0.000039 0.000000 1.585694 -0.419871 -0.007261
    19 3.767578 0.152466 0.071350 0.014352 0.037540 -0.177489
    20 2.037109 -0.000002 -0.000002 -0.000001 0.005004 -0.888526
    21 1.066406 0.000000 -0.000002 0.000002 0.002790 0.001101
    22 3.783203 -0.017258 0.794434 0.333287 -0.031876 -0.219057
    23 1.628906 0.000000 -0.000003 0.000000 0.005106 -0.697052
    24 0.955566 -0.000006 0.000001 -0.000006 0.003247 -0.272277
    25 1.258789 -0.297852 1.251953 -1.927900 -0.158435 -0.368924
    26 1.392578 0.000002 -0.000006 0.000000 0.002017 0.071902
    27 1.099609 0.000004 -0.000006 0.000000 -0.295768 0.023718
    28 3.547341 0.197447 -1.485758 -0.323544 0.115347 -0.238381
    29 1.218750 0.000004 0.000004 -0.000003 0.004665 -0.629642
    30 0.679688 0.000002 0.000000 0.000000 0.002402 -0.578397
    31 3.697266 0.267334 -0.728516 -0.105269 0.104461 -0.301442
    32 1.748047 0.000002 0.000004 -0.000001 0.002900 -0.623724
    33 0.956684 0.000008 0.000001 0.000003 0.004804 -0.321825
    34 2.023778 0.904982 -0.850921 -1.689198 1.252604 2.921677
    35 4.981625 0.002227 0.003236 1.720855 -0.193156 -1.141451
    36 11.119975 -0.000005 0.000000 0.000001 0.136123 -0.196295
    37 11.205375 0.000073 0.000008 -1.684168 0.433473 -0.143132
    38 3.767578 0.151855 -0.072693 -0.090833 -0.078893 -0.174026
    39 2.036716 -0.000004 0.000000 0.000012 -0.007577 -0.940629
    40 1.066406 0.000002 0.000000 0.000006 -0.004235 -0.116579
    41 3.783203 -0.023941 -0.794434 -0.344152 -0.088893 -0.269864
    42 1.628906 -0.000002 0.000001 0.000004 -0.007730 -0.659761
    43 0.955566 0.000002 -0.000001 0.000003 -0.004923 -0.331349
    44 1.258789 -0.308350 -1.250000 1.738856 0.204803 -0.550000
    45 1.392578 0.000000 0.000002 0.000004 0.222430 0.216078
    46 1.099609 0.000002 -0.000004 0.000002 0.280392 0.302814
    47 3.546538 0.208125 1.487114 0.333783 -0.052221 -0.250106
    48 1.218750 0.000006 0.000000 0.000002 -0.007081 -0.610627
    49 0.679688 0.000001 0.000000 0.000001 -0.003643 -0.669687
    50 3.696249 0.271114 0.723153 0.103581 -0.126168 -0.288627
    51 1.748047 -0.000015 0.000001 0.000000 -0.004401 -0.791139
    52 0.959961 -0.000004 -0.000001 0.000003 -0.007260 -0.432410
    53 -3.756462 5.577850 2.053357 1.570803 -0.000001 0.000000
    54 -2.735646 -0.081365 5.727119 0.000007 0.000015 1.570796
    55 0.000001 5.662003 -0.974302 1.570804 -0.000001 0.000000
    56 -0.000002 -2.275002 5.113525 0.000000 0.000000 -3.141592
    57 -2.477620 5.416855 4.597564 1.570804 -0.000001 0.000000
    58 -1.515218 1.317776 5.998497 0.000000 0.000000 0.000000
    59 -2.455992 5.657928 -0.087295 1.570804 -0.000001 0.000000
    60 -1.485628 -1.617812 5.263969 0.000000 0.000000 3.141592
    61 3.756460 5.577858 2.053359 1.570803 -0.000001 0.000000
    62 2.735645 -0.081364 5.727116 0.000004 -0.000011 -1.570795
    63 2.477613 5.416855 4.597570 1.570804 -0.000001 0.000000
    64 1.515220 1.317777 5.998508 0.000000 0.000000 0.000000
    65 2.455991 5.657928 -0.087293 1.570804 -0.000001 0.000000
    66 1.485620 -1.617803 5.263973 0.000000 0.000000 -3.141592
    67 4.575642 5.632584 0.000132 0.000000 -1.570771 0.249128
    68 -0.000001 0.314078 5.161098 0.000000 0.000000 0.000000
    69 -0.000001 -0.323108 3.750217 0.000000 0.000000 0.000000
    70 5.734947 1.075212 4.685178 1.570830 -0.000004 -1.321669
    71 -0.753896 0.305901 4.971462 -0.000001 0.000002 0.000000
    72 -1.101006 -0.314705 3.448307 0.000001 0.000001 0.000000
    73 5.809101 -1.029643 4.595047 1.570829 -0.000004 -1.321671
    74 -0.714908 -0.199657 5.028973 0.000000 0.000003 0.000000
    75 -0.282898 -0.851690 4.444889 0.000000 0.000000 0.000000
    76 9.578484 -1.290738 0.000240 0.000000 1.570770 -2.892481
    77 9.369518 -1.236408 1.787905 0.000000 1.570770 -2.892481
    78 9.436707 -1.331719 -1.409029 0.000000 1.570770 -2.892477
    79 5.735191 1.075235 -4.684885 -1.570814 0.000004 1.819923
    80 0.753901 0.305904 4.971474 -0.000001 -0.000002 0.000000
    81 1.101010 -0.314705 3.448315 0.000000 -0.000001 0.000000
    82 5.809341 -1.029617 -4.594752 -1.570814 0.000004 1.819922
    83 0.714908 -0.199655 5.028969 0.000000 -0.000003 0.000000
    84 0.282897 -0.851688 4.444893 0.000000 0.000000 0.000000
  time 2
    0 -2.263029 1.735052 37.145867 1.540116 0.020314 -0.112540
    1 3.983847 0.002149 0.003401 -2.198072 -0.164420 -1.425797
    2 15.938816 -0.000100 -0.000005 -0.000009 -0.000002 1.126700
    3 17.707025 -0.000068 0.000003 0.166338 0.040758 -1.226936
    4 6.202515 0.003416 -0.000367 -0.005436 0.003919 -0.539914
    5 -3.983848 0.002149 0.003395 -1.871892 -0.151987 -1.370890
    6 15.938826 -0.000113 -0.000001 0.000002 0.000010 0.376384
    7 17.707031 0.000018 0.000000 -0.064059 0.126584 -1.230851
    8 6.202710 0.003078 0.003745 -0.078650 -0.006183 -0.498948
    9 -0.000001 4.209253 -1.688832 1.570603 -0.031967 1.576735
    10 3.836055 0.000000 0.000000 -0.000504 0.019416 -0.108593
    11 3.617625 -0.000275 -0.000015 -0.000743 0.017861 0.036295
    12 7.537925 0.003588 -0.000212 0.001519 0.007722 0.208145
    13 3.181604 -0.002346 0.000028 3.125577 -0.042133 0.224450
    14 2.966416 0.000318 0.000023 0.100930 0.015351 0.112795
    15 2.023770 0.904983 0.850949 1.820553 -1.220654 2.706268
    16 4.980521 0.000781 -0.001089 -1.742081 0.097471 -1.030871
    17 11.119977 0.000007 0.000004 -0.000003 -0.136098 -0.495393
    18 11.205393 -0.000039 0.000000 1.668621 -0.417742 -0.087617
    19 3.767578 0.152466 0.071350 0.014352 0.037540 -0.177489
    20 2.037109 -0.000002 -0.000002 -0.000001 0.005004 -0.888526
    21 1.066406 0.000000 -0.000002 0.000002 0.002790 0.001101
    22 3.783203 -0.017258 0.794434 0.333287 -0.031876 -0.219057
    23 1.628906 0.000000 -0.000003 0.000000 0.005106 -0.697052
    24 0.955566 -0.000006 0.000001 -0.000006 0.003247 -0.272277
    25 1.258789 -0.297852 1.251953 -1.927900 -0.158435 -0.368924
    26 1.392578 0.000002 -0.000006 0.000000 0.002017 0.071902
    27 1.099609 0.000004 -0.000006 0.000000 -0.295768 0.023718
    28 3.547341 0.197447 -1.485758 -0.323544 0.115347 -0.238321
    29 1.218750 0.000004 0.000004 -0.000003 0.004665 -0.629642
    30 0.679688 0.000002 0.000000 0.000000 0.002402 -0.578397
    31 3.697266 0.267334 -0.728516 -0.105269 0.104461 -0.301442
    32 1.748047 0.000002 0.000004 -0.000001 0.002900 -0.623724
    33 0.956684 0.000008 0.000001 0.000003 0.004804 -0.321825
    34 2.023778 0.904982 -0.850921 -1.708351 1.251627 2.901626
    35 4.981625 0.002227 0.003236 1.746241 -0.204478 -1.148297
    36 11.119975 -0.000005 0.000000 0.000001 0.136123 -0.180404
    37 11.205375 0.000073 0.000008 -1.700584 0.453966 -0.154996
    38 3.767578 0.151855 -0.072693 -0.090833 -0.078893 -0.174026
    39 2.036716 -0.000004 0.000000 0.000000 -0.007577 -0.940629
    40 1.066406 0.000002 0.000000 0.000006 -0.004235 -0.116579
    41 3.783203 -0.023941 -0.794434 -0.344152 -0.088893 -0.269864
    42 1.628906 -0.000002 0.000001 0.000004 -0.007730 -0.659761
    43 0.955566 0.000002 -0.000001 0.000003 -0.004923 -0.331349
    44 1.258789 -0.308350 -1.250000 1.738856 0.204803 -0.550000
    45 1.392578 0.000000 0.000002 0.000004 0.222430 0.216078
    46 1.099609 0.000002 -0.000004 0.000002 0.280392 0.302814
    47 3.546538 0.208125 1.487114 0.333783 -0.052221 -0.250106
    48 1.218750 0.000006 0.000000 0.000002 -0.007081 -0.610627
    49 0.679688 0.000001 0.000000 0.000001 -0.003643 -0.669687
    50 3.696249 0.271114 0.723153 0.103581 -0.126168 -0.288614
    51 1.748047 -0.000015 0.000001 0.000000 -0.004401 -0.791139
    52 0.959961 -0.000004 -0.000001 0.000003 -0.007260 -0.432410
    53 -3.756462 5.577850 2.053357 1.570803 -0.000001 0.000000
    54 -2.735646 -0.081365 5.727119 0.000007 0.000015 1.570796
    55 0.000001 5.662003 -0.974302 1.570804 -0.000001 0.000000
    56 -0.000002 -2.275002 5.113525 0.000000 0.000000 -3.141592
    57 -2.477620 5.416855 4.597564 1.570804 -0.000001 0.000000
    58 -1.515218 1.317776 5.998497 0.000000 0.000000 0.000000
    59 -2.455992 5.657928 -0.087295 1.570804 -0.000001 0.000000
    60 -1.485628 -1.617812 5.263969 0.000000 0.000000 3.141592
    61 3.756460 5.577858 2.053359 1.570803 -0.000001 0.000000
    62 2.735645 -0.081364 5.727116 0.000004 -0.000011 -1.570795
    63 2.477613 5.416855 4.597570 1.570804 -0.000001 0.000000
    64 1.515220 1.317777 5.998508 0.000000 0.000000 0.000000
    65 2.455991 5.657928 -0.087293 1.570804 -0.000001 0.000000
    66 1.485620 -1.617803 5.263973 0.000000 0.000000 -3.141592
    67 4.575642 5.632584 0.000132 0.000000 -1.570771 0.249128
    68 -0.000001 0.314078 5.161098 0.000000 0.000000 0.000000
    69 -0.000001 -0.323108 3.750217 0.000000 0.000000 0.000000
    70 5.734947 1.075212 4.685178 1.570830 -0.000004 -1.321669
    71 -0.753896 0.305901 4.971462 -0.000001 0.000002 0.000000
    72 -1.101006 -0.314705 3.448307 0.000001 0.000001 0.000000
    73 5.809101 -1.029643 4.595047 1.570829 -0.000004 -1.321671
    74 -0.714908 -0.199657 5.028973 0.000000 0.000003 0.000000
    75 -0.282898 -0.851690 4.444889 0.000000 0.000000 0.000000
    76 9.578484 -1.290738 0.000240 0.000000 1.570770 -2.892481
    77 9.369518 -1.236408 1.787905 0.000000 1.570770 -2.892481
    78 9.436707 -1.331719 -1.409029 0.000000 1.570770 -2.892477
    79 5.735191 1.075235 -4.684885 -1.570814 0.000004 1.819923
    80 0.753901 0.305904 4.971474 -0.000001 -0.000002 0.000000
    81 1.101010 -0.314705 3.448315 0.000000 -0.000001 0.000000
    82 5.809341 -1.029617 -4.594752 -1.570814 0.000004 1.819922
    83 0.714908 -0.199655 5.028969 0.000000 -0.000003 0.000000
    84 0.282897 -0.851688 4.444893 0.000000 0.000000 0.000000
  time 3
    0 -3.380543 2.915087 37.005237 1.531919 0.017605 -0.128003
    1 3.983847 0.002149 0.003401 -2.211562 -0.124058 -1.542114
    2 15.938816 -0.000100 -0.000005 -0.000009 -0.000002 1.094889
    3 17.707025 -0.000068 0.000003 0.187868 -0.050240 -1.184994
    4 6.202515 0.003416 -0.000367 -0.004945 0.004195 -0.567221
    5 -3.983848 0.002149 0.003395 -1.884790 -0.168906 -1.334730
    6 15.938826 -0.000113 -0.000001 0.000002 0.000010 0.365678
    7 17.707031 0.000018 0.000000 -0.087225 0.139380 -1.185739
    8 6.202710 0.003078 0.003745 -0.078650 -0.006183 -0.498948
    9 -0.000001 4.209253 -1.688832 1.570747 -0.036914 1.575968
    10 3.836055 0.000000 0.000000 -0.000288 0.022328 -0.103655
    11 3.617625 -0.000275 -0.000015 -0.000479 0.017777 0.040504
    12 7.537925 0.003588 -0.000212 0.001471 0.007422 0.208145
    13 3.181604 -0.002346 0.000028 3.126440 -0.039772 0.224390
    14 2.966416 0.000318 0.000023 0.112938 0.026856 0.125548
    15 2.023770 0.904983 0.850949 1.808003 -1.222038 2.719501
    16 4.980521 0.000781 -0.001089 -1.738468 0.097336 -1.032948
    17 11.119977 0.000007 0.000004 -0.000003 -0.136098 -0.511918
    18 11.205393 -0.000039 0.000000 1.719712 -0.405835 -0.131085
    19 3.767578 0.152466 0.071350 0.014352 0.037540 -0.177489
    20 2.037109 -0.000002 -0.000002 -0.000001 0.005004 -0.888526
    21 1.066406 0.000000 -0.000002 0.000002 0.002790 0.001101
    22 3.783203 -0.017258 0.794434 0.333287 -0.031876 -0.219057
    23 1.628906 0.000000 -0.000003 0.000000 0.005106 -0.697052
    24 0.955566 -0.000006 0.000001 -0.000006 0.003247 -0.272277
    25 1.258789 -0.297852 1.251953 -1.927900 -0.158435 -0.368924
    26 1.392578 0.000002 -0.000006 0.000000 0.002017 0.071902
    27 1.099609 0.000004 -0.000006 0.000000 -0.295768 0.023718
    28 3.547341 0.197447 -1.485758 -0.323544 0.115347 -0.238381
    29 1.218750 0.000004 0.000004 -0.000003 0.004665 -0.629642
    30 0.679688 0.000002 0.000000 0.000000 0.002402 -0.578397
    31 3.697266 0.267334 -0.728516 -0.105269 0.104461 -0.301442
    32 1.748047 0.000002 0.000004 -0.000001 0.002900 -0.623724
    33 0.956684 0.000008 0.000001 0.000003 0.004804 -0.321825
    34 2.023778 0.904982 -0.850921 -1.721973 1.250487 2.886994
    35 4.981625 0.002227 0.003236 1.759243 -0.201620 -1.148032
    36 11.119975 -0.000005 0.000000 0.000001 0.136123 -0.176810
    37 11.205375 0.000073 0.000008 -1.706883 0.449904 -0.138997
    38 3.767578 0.151855 -0.072693 -0.090833 -0.078893 -0.174026
    39 2.036716 -0.000004 0.000000 0.000000 -0.007577 -0.940629
    40 1.066406 0.000002 0.000000 0.000006 -0.004235 -0.116579
    41 3.783203 -0.023941 -0.794434 -0.344152 -0.088893 -0.269864
    42 1.628906 -0.000002 0.000001 0.000004 -0.007730 -0.659761
    43 0.955566 0.000002 -0.000001 0.000003 -0.004923 -0.331349
    44 1.258789 -0.308350 -1.250000 1.738856 0.204803 -0.550000
    45 1.392578 0.000000 0.000002 0.000004 0.222430 0.216078
    46 1.099609 0.000002 -0.000004 0.000002 0.280392 0.302814
    47 3.546538 0.208125 1.487114 0.333783 -0.052221 -0.250166
    48 1.218750 0.000006 0.000000 0.000002 -0.007081 -0.610627
    49 0.679688 0.000001 0.000000 0.000001 -0.003643 -0.669687
    50 3.696249 0.271114 0.723153 0.103581 -0.126168 -0.288614
    51 1.748047 -0.000015 0.000001 0.000000 -0.004401 -0.791139
    52 0.959961 -0.000004 -0.000001 0.000003 -0.007260 -0.432410
    53 -3.756462 5.577850 2.053357 1.570803 -0.000001 0.000000
    54 -2.735646 -0.081365 5.727119 0.000007 0.000015 1.570796
    55 0.000001 5.662003 -0.974302 1.570804 -0.000001 0.000000
    56 -0.000002 -2.275002 5.113525 0.000000 0.000000 -3.141592
    57 -2.477620 5.416855 4.597564 1.570804 -0.000001 0.000000
    58 -1.515218 1.317776 5.998497 0.000000 0.000000 0.000000
    59 -2.455992 5.657928 -0.087295 1.570804 -0.000001 0.000000
    60 -1.485628 -1.617812 5.263969 0.000000 0.000000 3.141592
    61 3.756460 5.577858 2.053359 1.570803 -0.000001 0.000000
    62 2.735645 -0.081364 5.727116 0.000004 -0.000011 -1.570795
    63 2.477613 5.416855 4.597570 1.570804 -0.000001 0.000000
    64 1.515220 1.317777 5.998508 0.000000 0.000000 0.000000
    65 2.455991 5.657928 -0.087293 1.570804 -0.000001 0.000000
    66 1.485620 -1.617803 5.263973 0.000000 0.000000 -3.141592
    67 4.575642 5.632584 0.000132 0.000000 -1.570771 0.249128
    68 -0.000001 0.314078 5.161098 0.000000 0.000000 0.000000
    69 -0.000001 -0.323108 3.750217 0.000000 0.000000 0.000000
    70 5.734947 1.075212 4.685178 1.570830 -0.000004 -1.321669
    71 -0.753896 0.305901 4.971462 -0.000001 0.000002 0.000000
    72 -1.101006 -0.314705 3.448307 0.000001 0.000001 0.000000
    73 5.809101 -1.029643 4.595047 1.570829 -0.000004 -1.321671
    74 -0.714908 -0.199657 5.028973 0.000000 0.000003 0.000000
    75 -0.282898 -0.851690 4.444889 0.000000 0.000000 0.000000
    76 9.578484 -1.290738 0.000240 0.000000 1.570770 -2.892481
    77 9.369518 -1.236408 1.787905 0.000000 1.570770 -2.892481
    78 9.436707 -1.331719 -1.409029 0.000000 1.570770 -2.892477
    79 5.735191 1.075235 -4.684885 -1.570814 0.000004 1.819923
    80 0.753901 0.305904 4.971474 -0.000001 -0.000002 0.000000
    81 1.101010 -0.314705 3.448315 0.000000 -0.000001 0.000000
    82 5.809341 -1.029617 -4.594752 -1.570814 0.000004 1.819922
    83 0.714908 -0.199655 5.028969 0.000000 -0.000003 0.000000
    84 0.282897 -0.851688 4.444893 0.000000 0.000000 0.000000
  time 4
    0 -4.513682 4.149811 36.817732 1.522811 0.016826 -0.137013
    1 3.983847 0.002149 0.003401 -2.217642 -0.082317 -1.641354
    2 15.938816 -0.000100 -0.000005 -0.000009 -0.000002 1.007935
    3 17.707025 -0.000068 0.000003 0.196679 -0.119661 -1.130999
    4 6.202515 0.003416 -0.000367 -0.004885 0.004159 -0.633064
    5 -3.983848 0.002149 0.003395 -1.889949 -0.176163 -1.300351
    6 15.938826 -0.000113 -0.000001 0.000002 0.000010 0.334377
    7 17.707031 0.000018 0.000000 -0.111003 0.152264 -1.129925
    8 6.202710 0.003078 0.003745 -0.078650 -0.006183 -0.499559
    9 -0.000001 4.209253 -1.688832 1.570794 -0.042386 1.575920
    10 3.836055 0.000000 0.000000 -0.000192 0.026008 -0.098202
    11 3.617625 -0.000275 -0.000015 -0.000287 0.017286 0.047544
    12 7.537925 0.003588 -0.000212 0.001411 0.007003 0.208145
    13 3.181604 -0.002346 0.000028 3.127878 -0.036057 0.224354
    14 2.966416 0.000318 0.000023 0.118955 0.036695 0.138755
    15 2.023770 0.904983 0.850949 1.793353 -1.223748 2.735181
    16 4.980521 0.000781 -0.001089 -1.736301 0.097673 -1.037985
    17 11.119977 0.000007 0.000004 -0.000003 -0.136098 -0.520495
    18 11.205393 -0.000039 0.000000 1.753564 -0.388065 -0.158147
    19 3.767578 0.152466 0.071350 0.014352 0.037540 -0.177489
    20 2.037109 -0.000002 -0.000002 -0.000001 0.005004 -0.888526
    21 1.066406 0.000000 -0.000002 0.000002 0.002790 0.001101
    22 3.783203 -0.017258 0.794434 0.333287 -0.031876 -0.219057
    23 1.628906 0.000000 -0.000003 0.000000 0.005106 -0.697052
    24 0.955566 -0.000006 0.000001 -0.000006 0.003247 -0.272277
    25 1.258789 -0.297852 1.251953 -1.927900 -0.158435 -0.368924
    26 1.392578 0.000002 -0.000006 0.000000 0.002017 0.071902
    27 1.099609 0.000004 -0.000006 0.000000 -0.295768 0.023718
    28 3.547341 0.197447 -1.485758 -0.323544 0.115347 -0.238381
    29 1.218750 0.000004 0.000004 -0.000003 0.004665 -0.629642
    30 0.679688 0.000002 0.000000 0.000000 0.002402 -0.578397
    31 3.697266 0.267334 -0.728516 -0.105269 0.104461 -0.301442
    32 1.748047 0.000002 0.000004 -0.000001 0.002900 -0.623724
    33 0.956684 0.000008 0.000001 0.000003 0.004804 -0.321825
    34 2.023778 0.904982 -0.850921 -1.738099 1.249062 2.870194
    35 4.981625 0.002227 0.003236 1.769459 -0.194173 -1.146034
    36 11.119975 -0.000005 0.000000 0.000001 0.136123 -0.175360
    37 11.205375 0.000073 0.000008 -1.711751 0.435486 -0.103043
    38 3.767578 0.151855 -0.072693 -0.090833 -0.078893 -0.174026
    39 2.036716 -0.000004 0.000000 0.000000 -0.007577 -0.940629
    40 1.066406 0.000002 0.000000 0.000006 -0.004235 -0.116579
    41 3.783203 -0.023941 -0.794434 -0.344152 -0.088893 -0.269864
    42 1.628906 -0.000002 0.000001 0.000004 -0.007730 -0.659761
    43 0.955566 0.000002 -0.000001 0.000003 -0.004923 -0.331349
    44 1.258789 -0.308350 -1.250000 1.738856 0.204803 -0.550000
    45 1.392578 0.000000 0.000002 0.000004 0.222430 0.216078
    46 1.099609 0.000002 -0.000004 0.000002 0.280392 0.302814
    47 3.546538 0.208125 1.487114 0.333783 -0.052221 -0.250106
    48 1.218750 0.000006 0.000000 0.000002 -0.007081 -0.610627
    49 0.679688 0.000001 0.000000 0.000001 -0.003643 -0.669687
    50 3.696249 0.271114 0.723153 0.103581 -0.126168 -0.288627
    51 1.748047 -0.000015 0.000001 0.000000 -0.004401 -0.791139
    52 0.959961 -0.000004 -0.000001 0.000003 -0.007260 -0.432410
    53 -3.756462 5.577850 2.053357 1.570803 -0.000001 0.000000
    54 -2.735646 -0.081365 5.727119 0.000007 0.000015 1.570796
    55 0.000001 5.662003 -0.974302 1.570804 -0.000001 0.000000
    56 -0.000002 -2.275002 5.113525 0.000000 0.000000 -3.141592
    57 -2.477620 5.416855 4.597564 1.570804 -0.000001 0.000000
    58 -1.515218 1.317776 5.998497 0.000000 0.000000 0.000000
    59 -2.455992 5.657928 -0.087295 1.570804 -0.000001 0.000000
    60 -1.485628 -1.617812 5.263969 0.000000 0.000000 3.141592
    61 3.756460 5.577858 2.053359 1.570803 -0.000001 0.000000
    62 2.735645 -0.081364 5.727116 0.000004 -0.000011 -1.570795
    63 2.477613 5.416855 4.597570 1.570804 -0.000001 0.000000
    64 1.515220 1.317777 5.998508 0.000000 0.000000 0.000000
    65 2.455991 5.657928 -0.087293 1.570804 -0.000001 0.000000
    66 1.485620 -1.617803 5.263973 0.000000 0.000000 -3.141592
    67 4.575642 5.632584 0.000132 0.000000 -1.570771 0.249128
    68 -0.000001 0.314078 5.161098 0.000000 0.000000 0.000000
    69 -0.000001 -0.323108 3.750217 0.000000 0.000000 0.000000
    70 5.734947 1.075212 4.685178 1.570830 -0.000004 -1.321669
    71 -0.753896 0.305901 4.971462 -0.000001 0.000002 0.000000
    72 -1.101006 -0.314705 3.448307 0.000001 0.000001 0.000000
    73 5.809101 -1.029643 4.595047 1.570829 -0.000004 -1.321671
    74 -0.714908 -0.199657 5.028973 0.000000 0.000003 0.000000
    75 -0.282898 -0.851690 4.444889 0.000000 0.000000 0.000000
    76 9.578484 -1.290738 0.000240 0.000000 1.570770 -2.892481
    77 9.369518 -1.236408 1.787905 0.000000 1.570770 -2.892481
    78 9.436707 -1.331719 -1.409029 0.000000 1.570770 -2.892477
    79 5.735191 1.075235 -4.684885 -1.570814 0.000004 1.819923
    80 0.753901 0.305904 4.971474 -0.000001 -0.000002 0.000000
    81 1.101010 -0.314705 3.448315 0.000000 -0.000001 0.000000
    82 5.809341 -1.029617 -4.594752 -1.570814 0.000004 1.819922
    83 0.714908 -0.199655 5.028969 0.000000 -0.000003 0.000000
    84 0.282897 -0.851688 4.444893 0.000000 0.000000 0.000000
  time 5
    0 -5.701511 5.458757 36.630226 1.515908 0.016383 -0.138355
    1 3.983847 0.002149 0.003401 -2.217737 -0.015789 -1.715739
    2 15.938816 -0.000100 -0.000005 -0.000009 -0.000002 0.834857
    3 17.707025 -0.000068 0.000003 0.201332 -0.143254 -1.045034
    4 6.202515 0.003416 -0.000367 -0.005184 0.003775 -0.734186
    5 -3.983848 0.002149 0.003395 -1.886700 -0.181359 -1.269062
    6 15.938826 -0.000113 -0.000001 0.000002 0.000010 0.286638
    7 17.707031 0.000018 0.000000 -0.128593 0.162276 -1.052383
    8 6.202710 0.003078 0.003745 -0.078554 -0.006195 -0.510521
    9 -0.000001 4.209253 -1.688832 1.570842 -0.046586 1.576016
    10 3.836055 0.000000 0.000000 -0.000156 0.028908 -0.094032
    11 3.617625 -0.000275 -0.000015 -0.000263 0.016255 0.053303
    12 7.537925 0.003588 -0.000212 0.001316 0.006380 0.208145
    13 3.181604 -0.002346 0.000028 3.129987 -0.030820 0.224306
    14 2.966416 0.000318 0.000023 0.118116 0.044222 0.146787
    15 2.023770 0.904983 0.850949 1.777153 -1.225702 2.752493
    16 4.980521 0.000781 -0.001089 -1.734753 0.101114 -1.045638
    17 11.119977 0.000007 0.000004 -0.000003 -0.136098 -0.521124
    18 11.205393 -0.000039 0.000000 1.768210 -0.365977 -0.172516
    19 3.767578 0.152466 0.071350 0.014352 0.037540 -0.177489
    20 2.037109 -0.000002 -0.000002 -0.000001 0.005004 -0.888526
    21 1.066406 0.000000 -0.000002 0.000002 0.002790 0.001101
    22 3.783203 -0.017258 0.794434 0.333287 -0.031876 -0.219057
    23 1.628906 0.000000 -0.000003 0.000000 0.005106 -0.697052
    24 0.955566 -0.000006 0.000001 -0.000006 0.003247 -0.272277
    25 1.258789 -0.297852 1.251953 -1.927900 -0.158435 -0.368924
    26 1.392578 0.000002 -0.000006 0.000000 0.002017 0.071902
    27 1.099609 0.000004 -0.000006 0.000000 -0.295768 0.023718
    28 3.547341 0.197447 -1.485758 -0.323544 0.115347 -0.238321
    29 1.218750 0.000004 0.000004 -0.000003 0.004665 -0.629642
    30 0.679688 0.000002 0.000000 0.000000 0.002402 -0.578397
    31 3.697266 0.267334 -0.728516 -0.105269 0.104461 -0.301442
    32 1.748047 0.000002 0.000004 -0.000001 0.002900 -0.623724
    33 0.956684 0.000008 0.000001 0.000003 0.004804 -0.321825
    34 2.023778 0.904982 -0.850921 -1.755530 1.247107 2.851498
    35 4.981625 0.002227 0.003236 1.775290 -0.184719 -1.143390
    36 11.119975 -0.000005 0.000000 0.000001 0.136123 -0.176053
    37 11.205375 0.000073 0.000008 -1.718766 0.410750 -0.047411
    38 3.767578 0.151855 -0.072693 -0.090833 -0.078893 -0.174026
    39 2.036716 -0.000004 0.000000 0.000012 -0.007577 -0.940629
    40 1.066406 0.000002 0.000000 0.000006 -0.004235 -0.116579
    41 3.783203 -0.023941 -0.794434 -0.344152 -0.088893 -0.269864
    42 1.628906 -0.000002 0.000001 0.000004 -0.007730 -0.659761
    43 0.955566 0.000002 -0.000001 0.000003 -0.004923 -0.331349
    44 1.258789 -0.308350 -1.250000 1.738856 0.204803 -0.550000
    45 1.392578 0.000000 0.000002 0.000004 0.222430 0.216078
    46 1.099609 0.000002 -0.000004 0.000002 0.280392 0.302814
    47 3.546538 0.208125 1.487114 0.333783 -0.052221 -0.250106
    48 1.218750 0.000006 0.000000 0.000002 -0.007081 -0.610627
    49 0.679688 0.000001 0.000000 0.000001 -0.003643 -0.669687
    50 3.696249 0.271114 0.723153 0.103581 -0.126168 -0.288614
    51 1.748047 -0.000015 0.000001 0.000000 -0.004401 -0.791139
    52 0.959961 -0.000004 -0.000001 0.000003 -0.007260 -0.432410
    53 -3.756462 5.577850 2.053357 1.570803 -0.000001 0.000000
    54 -2.735646 -0.081365 5.727119 0.000007 0.000015 1.570796
    55 0.000001 5.662003 -0.974302 1.570804 -0.000001 0.000000
    56 -0.000002 -2.275002 5.113525 0.000000 0.000000 -3.141592
    57 -2.477620 5.416855 4.597564 1.570804 -0.000001 0.000000
    58 -1.515218 1.317776 5.998497 0.000000 0.000000 0.000000
    59 -2.455992 5.657928 -0.087295 1.570804 -0.000001 0.000000
    60 -1.485628 -1.617812 5.263969 0.000000 0.000000 3.141592
    61 3.756460 5.577858 2.053359 1.570803 -0.000001 0.000000
    62 2.735645 -0.081364 5.727116 0.000004 -0.000011 -1.570795
    63 2.477613 5.416855 4.597570 1.570804 -0.000001 0.000000
    64 1.515220 1.317777 5.998508 0.000000 0.000000 0.000000
    65 2.455991 5.657928 -0.087293 1.570804 -0.000001 0.000000
    66 1.485620 -1.617803 5.263973 0.000000 0.000000 -3.141592
    67 4.575642 5.632584 0.000132 0.000000 -1.570771 0.249128
    68 -0.000001 0.314078 5.161098 0.000000 0.000000 0.000000
    69 -0.000001 -0.323108 3.750217 0.000000 0.000000 0.000000
    70 5.734947 1.075212 4.685178 1.570830 -0.000004 -1.321669
    71 -0.753896 0.305901 4.971462 -0.000001 0.000002 0.000000
    72 -1.101006 -0.314705 3.448307 0.000001 0.000001 0.000000
    73 5.809101 -1.029643 4.595047 1.570829 -0.000004 -1.321671
    74 -0.714908 -0.199657 5.028973 0.000000 0.000003 0.000000
    75 -0.282898 -0.851690 4.444889 0.000000 0.000000 0.000000
    76 9.578484 -1.290738 0.000240 0.000000 1.570770 -2.892481
    77 9.369518 -1.236408 1.787905 0.000000 1.570770 -2.892481
    78 9.436707 -1.331719 -1.409029 0.000000 1.570770 -2.892477
    79 5.735191 1.075235 -4.684885 -1.570814 0.000004 1.819923
    80 0.753901 0.305904 4.971474 -0.000001 -0.000002 0.000000
    81 1.101010 -0.314705 3.448315 0.000000 -0.000001 0.000000
    82 5.809341 -1.029617 -4.594752 -1.570814 0.000004 1.819922
    83 0.714908 -0.199655 5.028969 0.000000 -0.000003 0.000000
    84 0.282897 -0.851688 4.444893 0.000000 0.000000 0.000000
  time 6
    0 -6.928404 6.908332 36.431001 1.512649 0.014909 -0.131710
    1 3.983847 0.002149 0.003401 -2.214222 0.042373 -1.748730
    2 15.938816 -0.000100 -0.000005 -0.000009 -0.000002 0.690338
    3 17.707025 -0.000068 0.000003 0.212289 -0.117858 -1.047206
    4 6.202515 0.003416 -0.000367 -0.005880 0.002829 -0.868436
    5 -3.983848 0.002149 0.003395 -1.878007 -0.194671 -1.249390
    6 15.938826 -0.000113 -0.000001 0.000002 0.000010 0.231531
    7 17.707031 0.000018 0.000000 -0.073783 0.118607 -0.947339
    8 6.202710 0.003078 0.003745 -0.078387 -0.006219 -0.531444
    9 -0.000001 4.209253 -1.688832 1.570842 -0.048605 1.575632
    10 3.836055 0.000000 0.000000 -0.000264 0.029579 -0.091970
    11 3.617625 -0.000275 -0.000015 -0.000335 0.014685 0.055752
    12 7.537925 0.003588 -0.000212 0.001208 0.005577 0.208145
    13 3.181604 -0.002346 0.000028 3.132576 -0.023821 0.224222
    14 2.966416 0.000318 0.000023 0.110266 0.050214 0.149193
    15 2.023770 0.904983 0.850949 1.759603 -1.227738 2.771074
    16 4.980521 0.000781 -0.001089 -1.733514 0.108401 -1.055028
    17 11.119977 0.000007 0.000004 -0.000003 -0.136098 -0.514148
    18 11.205393 -0.000039 0.000000 1.767393 -0.341602 -0.175896
    19 3.767578 0.152466 0.071350 0.014352 0.037540 -0.177489
    20 2.037109 -0.000002 -0.000002 -0.000001 0.005004 -0.888526
    21 1.066406 0.000000 -0.000002 0.000002 0.002790 0.001101
    22 3.783203 -0.017258 0.794434 0.333287 -0.031876 -0.219057
    23 1.628906 0.000000 -0.000003 0.000000 0.005106 -0.697052
    24 0.955566 -0.000006 0.000001 -0.000006 0.003247 -0.272277
    25 1.258789 -0.297852 1.251953 -1.927900 -0.158435 -0.368924
    26 1.392578 0.000002 -0.000006 0.000000 0.002017 0.071902
    27 1.099609 0.000004 -0.000006 0.000000 -0.295768 0.023718
    28 3.547341 0.197447 -1.485758 -0.323544 0.115347 -0.238381
    29 1.218750 0.000004 0.000004 -0.000003 0.004665 -0.629642
    30 0.679688 0.000002 0.000000 0.000000 0.002402 -0.578397
    31 3.697266 0.267334 -0.728516 -0.105269 0.104461 -0.301442
    32 1.748047 0.000002 0.000004 -0.000001 0.002900 -0.623724
    33 0.956684 0.000008 0.000001 0.000015 0.004804 -0.321825
    34 2.023778 0.904982 -0.850921 -1.773952 1.244624 2.832169
    35 4.981625 0.002227 0.003236 1.776735 -0.173809 -1.140275
    36 11.119975 -0.000005 0.000000 0.000001 0.136123 -0.178450
    37 11.205375 0.000073 0.000008 -1.736470 0.378703 0.015892
    38 3.767578 0.151855 -0.072693 -0.090833 -0.078893 -0.174026
    39 2.036716 -0.000004 0.000000 0.000012 -0.007577 -0.940629
    40 1.066406 0.000002 0.000000 0.000006 -0.004235 -0.116579
    41 3.783203 -0.023941 -0.794434 -0.344152 -0.088893 -0.269864
    42 1.628906 -0.000002 0.000001 0.000004 -0.007730 -0.659761
    43 0.955566 0.000002 -0.000001 0.000003 -0.004923 -0.331349
    44 1.258789 -0.308350 -1.250000 1.738856 0.204803 -0.550000
    45 1.392578 0.000000 0.000002 0.000004 0.222430 0.216078
    46 1.099609 0.000002 -0.000004 0.000002 0.280392 0.302814
    47 3.546538 0.208125 1.487114 0.333783 -0.052221 -0.250106
    48 1.218750 0.000006 0.000000 0.000002 -0.007081 -0.610627
    49 0.679688 0.000001 0.000000 0.000001 -0.003643 -0.669687
    50 3.696249 0.271114 0.723153 0.103581 -0.126168 -0.288627
    51 1.748047 -0.000015 0.000001 0.000000 -0.004401 -0.791139
    52 0.959961 -0.000004 -0.000001 0.000003 -0.007260 -0.432410
    53 -3.756462 5.577850 2.053357 1.570803 -0.000001 0.000000
    54 -2.735646 -0.081365 5.727119 0.000007 0.000015 1.570796
    55 0.000001 5.662003 -0.974302 1.570804 -0.000001 0.000000
    56 -0.000002 -2.275002 5.113525 0.000000 0.000000 -3.141592
    57 -2.477620 5.416855 4.597564 1.570804 -0.000001 0.000000
    58 -1.515218 1.317776 5.998497 0.000000 0.000000 0.000000
    59 -2.455992 5.657928 -0.087295 1.570804 -0.000001 0.000000
    60 -1.485628 -1.617812 5.263969 0.000000 0.000000 3.141592
    61 3.756460 5.577858 2.053359 1.570803 -0.000001 0.000000
    62 2.735645 -0.081364 5.727116 0.000004 -0.000011 -1.570795
    63 2.477613 5.416855 4.597570 1.570804 -0.000001 0.000000
    64 1.515220 1.317777 5.998508 0.000000 0.000000 0.000000
    65 2.455991 5.657928 -0.087293 1.570804 -0.000001 0.000000
    66 1.485620 -1.617803 5.263973 0.000000 0.000000 -3.141592
    67 4.575642 5.632584 0.000132 0.000000 -1.570771 0.249128
    68 -0.000001 0.314078 5.161098 0.000000 0.000000 0.000000
    69 -0.000001 -0.323108 3.750217 0.000000 0.000000 0.000000
    70 5.734947 1.075212 4.685178 1.570830 -0.000004 -1.321669
    71 -0.753896 0.305901 4.971462 -0.000001 0.000002 0.000000
    72 -1.101006 -0.314705 3.448307 0.000001 0.000001 0.000000
    73 5.809101 -1.029643 4.595047 1.570829 -0.000004 -1.321671
    74 -0.714908 -0.199657 5.028973 0.000000 0.000003 0.000000
    75 -0.282898 -0.851690 4.444889 0.000000 0.000000 0.000000
    76 9.578484 -1.290738 0.000240 0.000000 1.570770 -2.892481
    77 9.369518 -1.236408 1.787905 0.000000 1.570770 -2.892481
    78 9.436707 -1.331719 -1.409029 0.000000 1.570770 -2.892477
    79 5.735191 1.075235 -4.684885 -1.570814 0.000004 1.819923
    80 0.753901 0.305904 4.971474 -0.000001 -0.000002 0.000000
    81 1.101010 -0.314705 3.448315 0.000000 -0.000001 0.000000
    82 5.809341 -1.029617 -4.594752 -1.570814 0.000004 1.819922
    83 0.714908 -0.199655 5.028969 0.000000 -0.000003 0.000000
    84 0.282897 -0.851688 4.444893 0.000000 0.000000 0.000000
  time 7
    0 -8.229517 8.467285 36.270840 1.513511 0.009372 -0.118291
    1 3.983847 0.002149 0.003401 -2.204342 0.069607 -1.745601
    2 15.938816 -0.000100 -0.000005 -0.000009 -0.000002 0.603766
    3 17.707025 -0.000068 0.000003 0.221871 -0.056775 -1.156360
    4 6.202515 0.003416 -0.000367 -0.006778 0.001067 -1.024103
    5 -3.983848 0.002149 0.003395 -1.868548 -0.260757 -1.227657
    6 15.938826 -0.000113 -0.000001 0.000002 0.000010 0.267619
    7 17.707031 0.000018 0.000000 0.042523 0.033930 -0.881763
    8 6.202710 0.003078 0.003745 -0.078183 -0.006255 -0.560292
    9 -0.000001 4.209253 -1.688832 1.570794 -0.048666 1.573619
    10 3.836055 0.000000 0.000000 -0.000432 0.024965 -0.091898
    11 3.617625 -0.000275 -0.000015 -0.000575 0.012480 0.055809
    12 7.537925 0.003588 -0.000212 0.001076 0.004546 0.208145
    13 3.181604 -0.002346 0.000028 3.136123 -0.014892 0.224138
    14 2.966416 0.000318 0.000023 0.096819 0.054301 0.147105
    15 2.023770 0.904983 0.850949 1.741303 -1.229937 2.790561
    16 4.980521 0.000781 -0.001089 -1.733153 0.118791 -1.065328
    17 11.119977 0.000007 0.000004 -0.000003 -0.136098 -0.499167
    18 11.205393 -0.000039 0.000000 1.753564 -0.317945 -0.162066
    19 3.767578 0.152466 0.071350 0.014352 0.037540 -0.177489
    20 2.037109 -0.000002 -0.000002 -0.000001 0.005004 -0.888526
    21 1.066406 0.000000 -0.000002 0.000002 0.002790 0.001101
    22 3.783203 -0.017258 0.794434 0.333287 -0.031876 -0.219057
    23 1.628906 0.000000 -0.000003 0.000000 0.005106 -0.697052
    24 0.955566 -0.000006 0.000001 -0.000006 0.003247 -0.272277
    25 1.258789 -0.297852 1.251953 -1.927900 -0.158435 -0.368924
    26 1.392578 0.000002 -0.000006 0.000000 0.002017 0.071902
    27 1.099609 0.000004 -0.000006 0.000000 -0.295768 0.023718
    28 3.547341 0.197447 -1.485758 -0.323544 0.115347 -0.238381
    29 1.218750 0.000004 0.000004 -0.000003 0.004665 -0.629642
    30 0.679688 0.000002 0.000000 0.000000 0.002402 -0.578397
    31 3.697266 0.267334 -0.728516 -0.105269 0.104461 -0.301442
    32 1.748047 0.000002 0.000004 -0.000001 0.002900 -0.623724
    33 0.956684 0.000008 0.000001 0.000027 0.004804 -0.321825
    34 2.023778 0.904982 -0.850921 -1.792532 1.241773 2.812570
    35 4.981625 0.002227 0.003236 1.773123 -0.160755 -1.136397
    36 11.119975 -0.000005 0.000000 0.000001 0.136123 -0.184945
    37 11.205375 0.000073 0.000008 -1.774838 0.346908 0.057658
    38 3.767578 0.151855 -0.072693 -0.090833 -0.078893 -0.174026
    39 2.036716 -0.000004 0.000000 0.000012 -0.007577 -0.940629
    40 1.066406 0.000002 0.000000 0.000006 -0.004235 -0.116579
    41 3.783203 -0.023941 -0.794434 -0.344152 -0.088893 -0.269864
    42 1.628906 -0.000002 0.000001 0.000004 -0.007730 -0.659761
    43 0.955566 0.000002 -0.000001 0.000003 -0.004923 -0.331349
    44 1.258789 -0.308350 -1.250000 1.738856 0.204803 -0.550000
    45 1.392578 0.000000 0.000002 0.000004 0.222430 0.216078
    46 1.099609 0.000002 -0.000004 0.000002 0.280392 0.302814
    47 3.546538 0.208125 1.487114 0.333783 -0.052221 -0.250106
    48 1.218750 0.000006 0.000000 0.000002 -0.007081 -0.610627
    49 0.679688 0.000001 0.000000 0.000001 -0.003643 -0.669687
    50 3.696249 0.271114 0.723153 0.103581 -0.126168 -0.288614
    51 1.748047 -0.000015 0.000001 0.000000 -0.004401 -0.791139
    52 0.959961 -0.000004 -0.000001 0.000003 -0.007260 -0.432410
    53 -3.756462 5.577850 2.053357 1.570803 -0.000001 0.000000
    54 -2.735646 -0.081365 5.727119 0.000007 0.000015 1.570796
    55 0.000001 5.662003 -0.974302 1.570804 -0.000001 0.000000
    56 -0.000002 -2.275002 5.113525 0.000000 0.000000 -3.141592
    57 -2.477620 5.416855 4.597564 1.570804 -0.000001 0.000000
    58 -1.515218 1.317776 5.998497 0.000000 0.000000 0.000000
    59 -2.455992 5.657928 -0.087295 1.570804 -0.000001 0.000000
    60 -1.485628 -1.617812 5.263969 0.000000 0.000000 3.141592
    61 3.756460 5.577858 2.053359 1.570803 -0.000001 0.000000
    62 2.735645 -0.081364 5.727116 0.000004 -0.000011 -1.570795
    63 2.477613 5.416855 4.597570 1.570804 -0.000001 0.000000
    64 1.515220 1.317777 5.998508 0.000000 0.000000 0.000000
    65 2.455991 5.657928 -0.087293 1.570804 -0.000001 0.000000
    66 1.485620 -1.617803 5.263973 0.000000 0.000000 -3.141592
    67 4.575642 5.632584 0.000132 0.000000 -1.570771 0.249128
    68 -0.000001 0.314078 5.161098 0.000000 0.000000 0.000000
    69 -0.000001 -0.323108 3.750217 0.000000 0.000000 0.000000
    70 5.734947 1.075212 4.685178 1.570830 -0.000004 -1.321669
    71 -0.753896 0.305901 4.971462 -0.000001 0.000002 0.000000
    72 -1.101006 -0.314705 3.448307 0.000001 0.000001 0.000000
    73 5.809101 -1.029643 4.595047 1.570829 -0.000004 -1.321671
    74 -0.714908 -0.199657 5.028973 0.000000 0.000003 0.000000
    75 -0.282898 -0.851690 4.444889 0.000000 0.000000 0.000000
    76 9.578484 -1.290738 0.000240 0.000000 1.570770 -2.892481
    77 9.369518 -1.236408 1.787905 0.000000 1.570770 -2.892481
    78 9.436707 -1.331719 -1.409029 0.000000 1.570770 -2.892477
    79 5.735191 1.075235 -4.684885 -1.570814 0.000004 1.819923
    80 0.753901 0.305904 4.971474 -0.000001 -0.000002 0.000000
    81 1.101010 -0.314705 3.448315 0.000000 -0.000001 0.000000
    82 5.809341 -1.029617 -4.594752 -1.570814 0.000004 1.819922
    83 0.714908 -0.199655 5.028969 0.000000 -0.000003 0.000000
    84 0.282897 -0.851688 4.444893 0.000000 0.000000 0.000000
  time 8
    0 -9.526724 10.065301 36.149742 1.518497 -0.010714 -0.099249
    1 3.983847 0.002149 0.003401 -2.189142 0.108544 -1.767058
    2 15.938816 -0.000100 -0.000005 -0.000009 -0.000002 0.470085
    3 17.707025 -0.000068 0.000003 0.215786 0.013834 -1.289222
    4 6.202515 0.003416 -0.000367 -0.007773 0.000456 -0.892798
    5 -3.983848 0.002149 0.003395 -1.861001 -0.356172 -1.229437
    6 15.938826 -0.000113 -0.000001 0.000002 0.000010 0.370149
    7 17.707031 0.000018 0.000000 0.195415 -0.063435 -0.870282
    8 6.202710 0.003078 0.003745 -0.078075 -0.006243 -0.568657
    9 -0.000001 4.209253 -1.688832 1.570219 -0.047010 1.566476
    10 3.836055 0.000000 0.000000 -0.000659 0.006089 -0.093612
    11 3.617625 -0.000275 -0.000015 -0.000862 0.009520 0.054133
    12 7.537925 0.003588 -0.000212 0.000680 0.001897 0.208133
    13 3.181604 -0.002346 0.000028 3.140150 -0.003962 0.224138
    14 2.966416 0.000318 0.000023 0.080844 0.054720 0.141069
    15 2.023770 0.904983 0.850949 1.704453 -1.234578 2.829717
    16 4.980521 0.000781 -0.001089 -1.737901 0.145003 -1.081375
    17 11.119977 0.000007 0.000004 -0.000003 -0.136098 -0.438444
    18 11.205393 -0.000039 0.000000 1.705066 -0.297572 -0.069916
    19 3.767578 0.152466 0.071350 0.014352 0.037540 -0.177489
    20 2.037109 -0.000002 -0.000002 -0.000001 0.005004 -0.888526
    21 1.066406 0.000000 -0.000002 0.000002 0.002790 0.001101
    22 3.783203 -0.017258 0.794434 0.333287 -0.031876 -0.219057
    23 1.628906 0.000000 -0.000003 0.000000 0.005106 -0.697052
    24 0.955566 -0.000006 0.000001 -0.000006 0.003247 -0.272277
    25 1.258789 -0.297852 1.251953 -1.927900 -0.158435 -0.368924
    26 1.392578 0.000002 -0.000006 0.000000 0.002017 0.071902
    27 1.099609 0.000004 -0.000006 0.000000 -0.295768 0.023718
    28 3.547341 0.197447 -1.485758 -0.323544 0.115347 -0.238381
    29 1.218750 0.000004 0.000004 -0.000003 0.004665 -0.629642
    30 0.679688 0.000002 0.000000 0.000000 0.002402 -0.578397
    31 3.697266 0.267334 -0.728516 -0.105269 0.104461 -0.301442
    32 1.748047 0.000002 0.000004 -0.000001 0.002900 -0.623724
    33 0.956684 0.000008 0.000001 0.000003 0.004804 -0.321825
    34 2.023778 0.904982 -0.850921 -1.827602 1.234974 2.775268
    35 4.981625 0.002227 0.003236 1.746396 -0.124259 -1.130727
    36 11.119975 -0.000005 0.000000 0.000001 0.136123 -0.208844
    37 11.205375 0.000073 0.000008 -1.811058 0.308545 0.072327
    38 3.767578 0.151855 -0.072693 -0.090833 -0.078893 -0.174026
    39 2.036716 -0.000004 0.000000 0.000012 -0.007577 -0.940629
    40 1.066406 0.000002 0.000000 0.000006 -0.004235 -0.116579
    41 3.783203 -0.023941 -0.794434 -0.344152 -0.088893 -0.269864
    42 1.628906 -0.000002 0.000001 0.000004 -0.007730 -0.659761
    43 0.955566 0.000002 -0.000001 0.000003 -0.004923 -0.331349
    44 1.258789 -0.308350 -1.250000 1.738856 0.204803 -0.550000
    45 1.392578 0.000000 0.000002 0.000004 0.222430 0.216078
    46 1.099609 0.000002 -0.000004 0.000002 0.280392 0.302814
    47 3.546538 0.208125 1.487114 0.333783 -0.052221 -0.250106
    48 1.218750 0.000006 0.000000 0.000002 -0.007081 -0.610627
    49 0.679688 0.000001 0.000000 0.000001 -0.003643 -0.669687
    50 3.696249 0.271114 0.723153 0.103581 -0.126168 -0.288614
    51 1.748047 -0.000015 0.000001 0.000000 -0.004401 -0.791139
    52 0.959961 -0.000004 -0.000001 0.000003 -0.007260 -0.432410
    53 -3.756462 5.577850 2.053357 1.570803 -0.000001 0.000000
    54 -2.735646 -0.081365 5.727119 0.000007 0.000015 1.570796
    55 0.000001 5.662003 -0.974302 1.570804 -0.000001 0.000000
    56 -0.000002 -2.275002 5.113525 0.000000 0.000000 -3.141592
    57 -2.477620 5.416855 4.597564 1.570804 -0.000001 0.000000
    58 -1.515218 1.317776 5.998497 0.000000 0.000000 0.000000
    59 -2.455992 5.657928 -0.087295 1.570804 -0.000001 0.000000
    60 -1.485628 -1.617812 5.263969 0.000000 0.000000 3.141592
    61 3.756460 5.577858 2.053359 1.570803 -0.000001 0.000000
    62 2.735645 -0.081364 5.727116 0.000004 -0.000011 -1.570795
    63 2.477613 5.416855 4.597570 1.570804 -0.000001 0.000000
    64 1.515220 1.317777 5.998508 0.000000 0.000000 0.000000
    65 2.455991 5.657928 -0.087293 1.570804 -0.000001 0.000000
    66 1.485620 -1.617803 5.263973 0.000000 0.000000 -3.141592
    67 4.575642 5.632584 0.000132 0.000000 -1.570771 0.249128
    68 -0.000001 0.314078 5.161098 0.000000 0.000000 0.000000
    69 -0.000001 -0.323108 3.750217 0.000000 0.000000 0.000000
    70 5.734947 1.075212 4.685178 1.570830 -0.000004 -1.321669
    71 -0.753896 0.305901 4.971462 -0.000001 0.000002 0.000000
    72 -1.101006 -0.314705 3.448307 0.000001 0.000001 0.000000
    73 5.809101 -1.029643 4.595047 1.570829 -0.000004 -1.321671
    74 -0.714908 -0.199657 5.028973 0.000000 0.000003 0.000000
    75 -0.282898 -0.851690 4.444889 0.000000 0.000000 0.000000
    76 9.578484 -1.290738 0.000240 0.000000 1.570770 -2.892481
    77 9.369518 -1.236408 1.787905 0.000000 1.570770 -2.892481
    78 9.436707 -1.331719 -1.409029 0.000000 1.570770 -2.892477
    79 5.735191 1.075235 -4.684885 -1.570814 0.000004 1.819923
    80 0.753901 0.305904 4.971474 -0.000001 -0.000002 0.000000
    81 1.101010 -0.314705 3.448315 0.000000 -0.000001 0.000000
    82 5.809341 -1.029617 -4.594752 -1.570814 0.000004 1.819922
    83 0.714908 -0.199655 5.028969 0.000000 -0.000003 0.000000
    84 0.282897 -0.851688 4.444893 0.000000 0.000000 0.000000
  time 9
    0 -10.823931 11.643786 36.106772 1.525879 -0.041503 -0.075733
    1 3.983847 0.002149 0.003401 -2.166722 0.115976 -1.782704
    2 15.938816 -0.000100 -0.000005 -0.000009 -0.000002 0.381410
    3 17.707025 -0.000068 0.000003 0.197009 0.064393 -1.387209
    4 6.202515 0.003416 -0.000367 -0.008996 0.000611 -0.704071
    5 -3.983848 0.002149 0.003395 -1.856033 -0.452704 -1.281334
    6 15.938826 -0.000113 -0.000001 0.000002 0.000010 0.533518
    7 17.707031 0.000018 0.000000 0.362089 -0.163156 -0.941501
    8 6.202710 0.003078 0.003745 -0.078195 -0.006183 -0.543509
    9 -0.000001 4.209253 -1.688832 1.569165 -0.043860 1.555163
    10 3.836055 0.000000 0.000000 -0.000947 -0.022638 -0.096812
    11 3.617625 -0.000275 -0.000015 -0.001222 0.005769 0.050909
    12 7.537925 0.003588 -0.000212 0.000465 0.000291 0.208133
    13 3.181604 -0.002346 0.000028 3.144848 0.008562 0.224138
    14 2.966416 0.000318 0.000023 0.062088 0.052946 0.126955
    15 2.023770 0.904983 0.850949 1.687203 -1.236899 2.848207
    16 4.980521 0.000781 -0.001089 -1.743009 0.160083 -1.087407
    17 11.119977 0.000007 0.000004 -0.000003 -0.136098 -0.396760
    18 11.205393 -0.000039 0.000000 1.683266 -0.299907 -0.031685
    19 3.767578 0.152466 0.071350 0.014352 0.037540 -0.177489
    20 2.037109 -0.000002 -0.000002 -0.000001 0.005004 -0.888526
    21 1.066406 0.000000 -0.000002 0.000002 0.002790 0.001101
    22 3.783203 -0.017258 0.794434 0.333287 -0.031876 -0.219057
    23 1.628906 0.000000 -0.000003 0.000000 0.005106 -0.697052
    24 0.955566 -0.000006 0.000001 -0.000006 0.003247 -0.272277
    25 1.258789 -0.297852 1.251953 -1.927900 -0.158435 -0.368924
    26 1.392578 0.000002 -0.000006 0.000000 0.002017 0.071902
    27 1.099609 0.000004 -0.000006 0.000000 -0.295768 0.023718
    28 3.547341 0.197447 -1.485758 -0.323544 0.115347 -0.238381
    29 1.218750 0.000004 0.000004 -0.000003 0.004665 -0.629642
    30 0.679688 0.000002 0.000000 0.000000 0.002402 -0.578397
    31 3.697266 0.267334 -0.728516 -0.105269 0.104461 -0.301442
    32 1.748047 0.000002 0.000004 -0.000001 0.002900 -0.623724
    33 0.956684 0.000008 0.000001 0.000003 0.004804 -0.321825
    34 2.023778 0.904982 -0.850921 -1.843155 1.231147 2.758739
    35 4.981625 0.002227 0.003236 1.724570 -0.102879 -1.127818
    36 11.119975 -0.000005 0.000000 0.000001 0.136123 -0.228202
    37 11.205375 0.000073 0.000008 -1.767727 0.304231 0.071620
    38 3.767578 0.151855 -0.072693 -0.090833 -0.078893 -0.174026
    39 2.036716 -0.000004 0.000000 0.000012 -0.007577 -0.940629
    40 1.066406 0.000002 0.000000 0.000006 -0.004235 -0.116579
    41 3.783203 -0.023941 -0.794434 -0.344152 -0.088893 -0.269864
    42 1.628906 -0.000002 0.000001 0.000004 -0.007730 -0.659761
    43 0.955566 0.000002 -0.000001 0.000003 -0.004923 -0.331349
    44 1.258789 -0.308350 -1.250000 1.738856 0.204803 -0.550000
    45 1.392578 0.000000 0.000002 0.000004 0.222430 0.216078
    46 1.099609 0.000002 -0.000004 0.000002 0.280392 0.302814
    47 3.546538 0.208125 1.487114 0.333783 -0.052221 -0.250106
    48 1.218750 0.000006 0.000000 0.000002 -0.007081 -0.610627
    49 0.679688 0.000001 0.000000 0.000001 -0.003643 -0.669687
    50 3.696249 0.271114 0.723153 0.103581 -0.126168 -0.288614
    51 1.748047 -0.000015 0.000001 0.000000 -0.004401 -0.791139
    52 0.959961 -0.000004 -0.000001 0.000003 -0.007260 -0.432410
    53 -3.756462 5.577850 2.053357 1.570803 -0.000001 0.000000
    54 -2.735646 -0.081365 5.727119 0.000007 0.000015 1.570796
    55 0.000001 5.662003 -0.974302 1.570804 -0.000001 0.000000
    56 -0.000002 -2.275002 5.113525 0.000000 0.000000 -3.141592
    57 -2.477620 5.416855 4.597564 1.570804 -0.000001 0.000000
    58 -1.515218 1.317776 5.998497 0.000000 0.000000 0.000000
    59 -2.455992 5.657928 -0.087295 1.570804 -0.000001 0.000000
    60 -1.485628 -1.617812 5.263969 0.000000 0.000000 3.141592
    61 3.756460 5.577858 2.053359 1.570803 -0.000001 0.000000
    62 2.735645 -0.081364 5.727116 0.000004 -0.000011 -1.570795
    63 2.477613 5.416855 4.597570 1.570804 -0.000001 0.000000
    64 1.515220 1.317777 5.998508 0.000000 0.000000 0.000000
    65 2.455991 5.657928 -0.087293 1.570804 -0.000001 0.000000
    66 1.485620 -1.617803 5.263973 0.000000 0.000000 -3.141592
    67 4.575642 5.632584 0.000132 0.000000 -1.570771 0.249128
    68 -0.000001 0.314078 5.161098 0.000000 0.000000 0.000000
    69 -0.000001 -0.323108 3.750217 0.000000 0.000000 0.000000
    70 5.734947 1.075212 4.685178 1.570830 -0.000004 -1.321669
    71 -0.753896 0.305901 4.971462 -0.000001 0.000002 0.000000
    72 -1.101006 -0.314705 3.448307 0.000001 0.000001 0.000000
    73 5.809101 -1.029643 4.595047 1.570829 -0.000004 -1.321671
    74 -0.714908 -0.199657 5.028973 0.000000 0.000003 0.000000
    75 -0.282898 -0.851690 4.444889 0.000000 0.000000 0.000000
    76 9.578484 -1.290738 0.000240 0.000000 1.570770 -2.892481
    77 9.369518 -1.236408 1.787905 0.000000 1.570770 -2.892481
    78 9.436707 -1.331719 -1.409029 0.000000 1.570770 -2.892477
    79 5.735191 1.075235 -4.684885 -1.570814 0.000004 1.819923
    80 0.753901 0.305904 4.971474 -0.000001 -0.000002 0.000000
    81 1.101010 -0.314705 3.448315 0.000000 -0.000001 0.000000
    82 5.809341 -1.029617 -4.594752 -1.570814 0.000004 1.819922
    83 0.714908 -0.199655 5.028969 0.000000 -0.000003 0.000000
    84 0.282897 -0.851688 4.444893 0.000000 0.000000 0.000000
  time 10
    0 -12.117232 13.175395 36.173181 1.533165 -0.069319 -0.049023
    1 3.983847 0.002149 0.003401 -2.140121 0.115397 -1.791913
    2 15.938816 -0.000100 -0.000005 -0.000009 -0.000002 0.294520
    3 17.707025 -0.000068 0.000003 0.175121 0.097152 -1.425021
    4 6.202515 0.003416 -0.000367 -0.010242 0.000815 -0.571657
    5 -3.983848 0.002149 0.003395 -1.847148 -0.542193 -1.350187
    6 15.938826 -0.000113 -0.000001 0.000002 0.000010 0.715655
    7 17.707031 0.000018 0.000000 0.471051 -0.242712 -1.038859
    8 6.202710 0.003078 0.003745 -0.078387 -0.006075 -0.504768
    9 -0.000001 4.209253 -1.688832 1.568062 -0.039680 1.545097
    10 3.836055 0.000000 0.000000 -0.001283 -0.048189 -0.100983
    11 3.617625 -0.000275 -0.000015 -0.001653 0.001203 0.046713
    12 7.537925 0.003588 -0.000212 0.000213 -0.001374 0.208133
    13 3.181604 -0.002346 0.000028 3.149929 0.021984 0.224174
    14 2.966416 0.000318 0.000023 0.039533 0.051233 0.109891
    15 2.023770 0.904983 0.850949 1.671003 -1.239220 2.865337
    16 4.980521 0.000781 -0.001089 -1.748944 0.175668 -1.094520
    17 11.119977 0.000007 0.000004 -0.000003 -0.136098 -0.353762
    18 11.205393 -0.000039 0.000000 1.666988 -0.312338 -0.012174
    19 3.767578 0.152466 0.071350 0.014352 0.037540 -0.177489
    20 2.037109 -0.000002 -0.000002 -0.000001 0.005004 -0.888526
    21 1.066406 0.000000 -0.000002 0.000002 0.002790 0.001101
    22 3.783203 -0.017258 0.794434 0.333287 -0.031876 -0.219057
    23 1.628906 0.000000 -0.000003 0.000000 0.005106 -0.697052
    24 0.955566 -0.000006 0.000001 -0.000006 0.003247 -0.272277
    25 1.258789 -0.297852 1.251953 -1.927900 -0.158435 -0.368924
    26 1.392578 0.000002 -0.000006 0.000000 0.002017 0.071902
    27 1.099609 0.000004 -0.000006 0.000000 -0.295768 0.023718
    28 3.547341 0.197447 -1.485758 -0.323544 0.115347 -0.238381
    29 1.218750 0.000004 0.000004 -0.000003 0.004665 -0.629642
    30 0.679688 0.000002 0.000000 0.000000 0.002402 -0.578397
    31 3.697266 0.267334 -0.728516 -0.105269 0.104461 -0.301442
    32 1.748047 0.000002 0.000004 -0.000001 0.002900 -0.623724
    33 0.956684 0.000008 0.000001 0.000015 0.004804 -0.321825
    34 2.023778 0.904982 -0.850921 -1.856724 1.227319 2.744107
    35 4.981625 0.002227 0.003236 1.699907 -0.082322 -1.122323
    36 11.119975 -0.000005 0.000000 0.000001 0.136123 -0.252480
    37 11.205375 0.000073 0.000008 -1.715521 0.306616 0.065688
    38 3.767578 0.151855 -0.072693 -0.090833 -0.078893 -0.174026
    39 2.036716 -0.000004 0.000000 0.000012 -0.007577 -0.940629
    40 1.066406 0.000002 0.000000 0.000006 -0.004235 -0.116579
    41 3.783203 -0.023941 -0.794434 -0.344152 -0.088893 -0.269864
    42 1.628906 -0.000002 0.000001 0.000004 -0.007730 -0.659761
    43 0.955566 0.000002 -0.000001 0.000003 -0.004923 -0.331349
    44 1.258789 -0.308350 -1.250000 1.738856 0.204803 -0.550000
    45 1.392578 0.000000 0.000002 0.000004 0.222430 0.216078
    46 1.099609 0.000002 -0.000004 0.000002 0.280392 0.302814
    47 3.546538 0.208125 1.487114 0.333783 -0.052221 -0.250106
    48 1.218750 0.000006 0.000000 0.000002 -0.007081 -0.610627
    49 0.679688 0.000001 0.000000 0.000001 -0.003643 -0.669687
    50 3.696249 0.271114 0.723153 0.103581 -0.126168 -0.288614
    51 1.748047 -0.000015 0.000001 0.000000 -0.004401 -0.791139
    52 0.959961 -0.000004 -0.000001 0.000003 -0.007260 -0.432410
    53 -3.756462 5.577850 2.053357 1.570803 -0.000001 0.000000
    54 -2.735646 -0.081365 5.727119 0.000007 0.000015 1.570796
    55 0.000001 5.662003 -0.974302 1.570804 -0.000001 0.000000
    56 -0.000002 -2.275002 5.113525 0.000000 0.000000 -3.141592
    57 -2.477620 5.416855 4.597564 1.570804 -0.000001 0.000000
    58 -1.515218 1.317776 5.998497 0.000000 0.000000 0.000000
    59 -2.455992 5.657928 -0.087295 1.570804 -0.000001 0.000000
    60 -1.485628 -1.617812 5.263969 0.000000 0.000000 3.141592
    61 3.756460 5.577858 2.053359 1.570803 -0.000001 0.000000
    62 2.735645 -0.081364 5.727116 0.000004 -0.000011 -1.570795
    63 2.477613 5.416855 4.597570 1.570804 -0.000001 0.000000
    64 1.515220 1.317777 5.998508 0.000000 0.000000 0.000000
    65 2.455991 5.657928 -0.087293 1.570804 -0.000001 0.000000
    66 1.485620 -1.617803 5.263973 0.000000 0.000000 -3.141592
    67 4.575642 5.632584 0.000132 0.000000 -1.570771 0.249128
    68 -0.000001 0.314078 5.161098 0.000000 0.000000 0.000000
    69 -0.000001 -0.323108 3.750217 0.000000 0.000000 0.000000
    70 5.734947 1.075212 4.685178 1.570830 -0.000004 -1.321669
    71 -0.753896 0.305901 4.971462 -0.000001 0.000002 0.000000
    72 -1.101006 -0.314705 3.448307 0.000001 0.000001 0.000000
    73 5.809101 -1.029643 4.595047 1.570829 -0.000004 -1.321671
    74 -0.714908 -0.199657 5.028973 0.000000 0.000003 0.000000
    75 -0.282898 -0.851690 4.444889 0.000000 0.000000 0.000000
    76 9.578484 -1.290738 0.000240 0.000000 1.570770 -2.892481
    77 9.369518 -1.236408 1.787905 0.000000 1.570770 -2.892481
    78 9.436707 -1.331719 -1.409029 0.000000 1.570770 -2.892477
    79 5.735191 1.075235 -4.684885 -1.570814 0.000004 1.819923
    80 0.753901 0.305904 4.971474 -0.000001 -0.000002 0.000000
    81 1.101010 -0.314705 3.448315 0.000000 -0.000001 0.000000
    82 5.809341 -1.029617 -4.594752 -1.570814 0.000004 1.819922
    83 0.714908 -0.199655 5.028969 0.000000 -0.000003 0.000000
    84 0.282897 -0.851688 4.444893 0.000000 0.000000 0.000000
  time 11
    0 -13.394908 14.582000 36.360686 1.538774 -0.078523 -0.020141
    1 3.983847 0.002149 0.003401 -2.108866 0.089231 -1.767148
    2 15.938816 -0.000100 -0.000005 -0.000009 -0.000002 0.263028
    3 17.707025 -0.000068 0.000003 0.155628 0.116098 -1.432119
    4 6.202515 0.003416 -0.000367 -0.011153 0.000923 -0.500547
    5 -3.983848 0.002149 0.003395 -1.827181 -0.597931 -1.417729
    6 15.938826 -0.000113 -0.000001 0.000002 0.000010 0.860508
    7 17.707031 0.000018 0.000000 0.479347 -0.291341 -1.110013
    8 6.202710 0.003078 0.003745 -0.078602 -0.005991 -0.471763
    9 -0.000001 4.209253 -1.688832 1.567391 -0.035279 1.542173
    10 3.836055 0.000000 0.000000 -0.001654 -0.056350 -0.105417
    11 3.617625 -0.000275 -0.000015 -0.002061 -0.003987 0.042306
    12 7.537925 0.003588 -0.000212 -0.000171 -0.004454 0.208157
    13 3.181604 -0.002346 0.000028 3.154819 0.034556 0.224354
    14 2.966416 0.000318 0.000023 0.012376 0.050490 0.098454
    15 2.023770 0.904983 0.850949 1.644852 -1.243291 2.892891
    16 4.980521 0.000781 -0.001089 -1.761174 0.205220 -1.118306
    17 11.119977 0.000007 0.000004 -0.000003 -0.136098 -0.279259
    18 11.205393 -0.000039 0.000000 1.649029 -0.365855 -0.014655
    19 3.767578 0.152466 0.071350 0.014352 0.037540 -0.177489
    20 2.037109 -0.000002 -0.000002 -0.000001 0.005004 -0.888526
    21 1.066406 0.000000 -0.000002 0.000002 0.002790 0.001101
    22 3.783203 -0.017258 0.794434 0.333287 -0.031876 -0.219057
    23 1.628906 0.000000 -0.000003 0.000000 0.005106 -0.697052
    24 0.955566 -0.000006 0.000001 -0.000006 0.003247 -0.272277
    25 1.258789 -0.297852 1.251953 -1.927900 -0.158435 -0.368924
    26 1.392578 0.000002 -0.000006 0.000000 0.002017 0.071902
    27 1.099609 0.000004 -0.000006 0.000000 -0.295768 0.023718
    28 3.547341 0.197447 -1.485758 -0.323544 0.115347 -0.238381
    29 1.218750 0.000004 0.000004 -0.000003 0.004665 -0.629642
    30 0.679688 0.000002 0.000000 0.000000 0.002402 -0.578397
    31 3.697266 0.267334 -0.728516 -0.105269 0.104461 -0.301442
    32 1.748047 0.000002 0.000004 -0.000001 0.002900 -0.623724
    33 0.956684 0.000008 0.000001 0.000003 0.004804 -0.321825
    34 2.023778 0.904982 -0.850921 -1.877182 1.220316 2.722069
    35 4.981625 0.002227 0.003236 1.653263 -0.049894 -1.099024
    36 11.119975 -0.000005 0.000000 0.000001 0.136123 -0.310745
    37 11.205375 0.000073 0.000008 -1.614686 0.322016 0.037824
    38 3.767578 0.151855 -0.072693 -0.090833 -0.078893 -0.174026
    39 2.036716 -0.000004 0.000000 0.000012 -0.007577 -0.940629
    40 1.066406 0.000002 0.000000 0.000006 -0.004235 -0.116579
    41 3.783203 -0.023941 -0.794434 -0.344152 -0.088893 -0.269864
    42 1.628906 -0.000002 0.000001 0.000004 -0.007730 -0.659761
    43 0.955566 0.000002 -0.000001 0.000003 -0.004923 -0.331349
    44 1.258789 -0.308350 -1.250000 1.738856 0.204803 -0.550000
    45 1.392578 0.000000 0.000002 0.000004 0.222430 0.216078
    46 1.099609 0.000002 -0.000004 0.000002 0.280392 0.302814
    47 3.546538 0.208125 1.487114 0.333783 -0.052221 -0.250106
    48 1.218750 0.000006 0.000000 0.000002 -0.007081 -0.610627
    49 0.679688 0.000001 0.000000 0.000001 -0.003643 -0.669687
    50 3.696249 0.271114 0.723153 0.103581 -0.126168 -0.288627
    51 1.748047 -0.000015 0.000001 0.000000 -0.004401 -0.791139
    52 0.959961 -0.000004 -0.000001 0.000003 -0.007260 -0.432410
    53 -3.756462 5.577850 2.053357 1.570803 -0.000001 0.000000
    54 -2.735646 -0.081365 5.727119 0.000007 0.000015 1.570796
    55 0.000001 5.662003 -0.974302 1.570804 -0.000001 0.000000
    56 -0.000002 -2.275002 5.113525 0.000000 0.000000 -3.141592
    57 -2.477620 5.416855 4.597564 1.570804 -0.000001 0.000000
    58 -1.515218 1.317776 5.998497 0.000000 0.000000 0.000000
    59 -2.455992 5.657928 -0.087295 1.570804 -0.000001 0.000000
    60 -1.485628 -1.617812 5.263969 0.000000 0.000000 3.141592
    61 3.756460 5.577858 2.053359 1.570803 -0.000001 0.000000
    62 2.735645 -0.081364 5.727116 0.000004 -0.000011 -1.570795
    63 2.477613 5.416855 4.597570 1.570804 -0.000001 0.000000
    64 1.515220 1.317777 5.998508 0.000000 0.000000 0.000000
    65 2.455991 5.657928 -0.087293 1.570804 -0.000001 0.000000
    66 1.485620 -1.617803 5.263973 0.000000 0.000000 -3.141592
    67 4.575642 5.632584 0.000132 0.000000 -1.570771 0.249128
    68 -0.000001 0.314078 5.161098 0.000000 0.000000 0.000000
    69 -0.000001 -0.323108 3.750217 0.000000 0.000000 0.000000
    70 5.734947 1.075212 4.685178 1.570830 -0.000004 -1.321669
    71 -0.753896 0.305901 4.971462 -0.000001 0.000002 0.000000
    72 -1.101006 -0.314705 3.448307 0.000001 0.000001 0.000000
    73 5.809101 -1.029643 4.595047 1.570829 -0.000004 -1.321671
    74 -0.714908 -0.199657 5.028973 0.000000 0.000003 0.000000
    75 -0.282898 -0.851690 4.444889 0.000000 0.000000 0.000000
    76 9.578484 -1.290738 0.000240 0.000000 1.570770 -2.892481
    77 9.369518 -1.236408 1.787905 0.000000 1.570770 -2.892481
    78 9.436707 -1.331719 -1.409029 0.000000 1.570770 -2.892477
    79 5.735191 1.075235 -4.684885 -1.570814 0.000004 1.819923
    80 0.753901 0.305904 4.971474 -0.000001 -0.000002 0.000000
    81 1.101010 -0.314705 3.448315 0.000000 -0.000001 0.000000
    82 5.809341 -1.029617 -4.594752 -1.570814 0.000004 1.819922
    83 0.714908 -0.199655 5.028969 0.000000 -0.000003 0.000000
    84 0.282897 -0.851688 4.444893 0.000000 0.000000 0.000000
  time 12
    0 -14.660864 15.844069 36.630226 1.542849 -0.073370 0.009573
    1 3.983847 0.002149 0.003401 -2.075805 0.013937 -1.702954
    2 15.938816 -0.000100 -0.000005 -0.000009 -0.000002 0.334618
    3 17.707025 -0.000068 0.000003 0.143927 0.121975 -1.407890
    4 6.202515 0.003416 -0.000367 -0.011141 0.000923 -0.500547
    5 -3.983848 0.002149 0.003395 -1.796514 -0.619187 -1.479837
    6 15.938826 -0.000113 -0.000001 0.000002 0.000010 0.964109
    7 17.707031 0.000018 0.000000 0.424923 -0.308277 -1.146660
    8 6.202710 0.003078 0.003745 -0.078650 -0.006015 -0.468742
    9 -0.000001 4.209253 -1.688832 1.567007 -0.031483 1.544282
    10 3.836055 0.000000 0.000000 -0.002074 -0.053450 -0.109228
    11 3.617625 -0.000275 -0.000015 -0.002540 -0.009476 0.038477
    12 7.537925 0.003588 -0.000212 -0.000326 -0.005545 0.208145
    13 3.181604 -0.002346 0.000028 3.158558 0.044479 0.224450
    14 2.966416 0.000318 0.000023 -0.015788 0.045432 0.091511
    15 2.023770 0.904983 0.850949 1.636402 -1.244838 2.901774
    16 4.980521 0.000781 -0.001089 -1.768089 0.221784 -1.131736
    17 11.119977 0.000007 0.000004 -0.000003 -0.136098 -0.250441
    18 11.205393 -0.000039 0.000000 1.646004 -0.393137 -0.028929
    19 3.767578 0.152466 0.071350 0.014352 0.037540 -0.177489
    20 2.037109 -0.000002 -0.000002 -0.000001 0.005004 -0.888526
    21 1.066406 0.000000 -0.000002 0.000002 0.002790 0.001101
    22 3.783203 -0.017258 0.794434 0.333287 -0.031876 -0.219057
    23 1.628906 0.000000 -0.000003 0.000000 0.005106 -0.697052
    24 0.955566 -0.000006 0.000001 -0.000006 0.003247 -0.272277
    25 1.258789 -0.297852 1.251953 -1.927900 -0.158435 -0.368924
    26 1.392578 0.000002 -0.000006 0.000000 0.002017 0.071902
    27 1.099609 0.000004 -0.000006 0.000000 -0.295768 0.023718
    28 3.547341 0.197447 -1.485758 -0.323544 0.115347 -0.238381
    29 1.218750 0.000004 0.000004 -0.000003 0.004665 -0.629642
    30 0.679688 0.000002 0.000000 0.000000 0.002402 -0.578397
    31 3.697266 0.267334 -0.728516 -0.105269 0.104461 -0.301442
    32 1.748047 0.000002 0.000004 -0.000001 0.002900 -0.623724
    33 0.956684 0.000008 0.000001 0.000003 0.004804 -0.321825
    34 2.023778 0.904982 -0.850921 -1.883392 1.217670 2.715205
    35 4.981625 0.002227 0.003236 1.635979 -0.038764 -1.084980
    36 11.119975 -0.000005 0.000000 0.000001 0.136123 -0.342463
    37 11.205375 0.000073 0.000008 -1.582666 0.334876 0.015712
    38 3.767578 0.151855 -0.072693 -0.090833 -0.078893 -0.174026
    39 2.036716 -0.000004 0.000000 0.000012 -0.007577 -0.940629
    40 1.066406 0.000002 0.000000 0.000006 -0.004235 -0.116579
    41 3.783203 -0.023941 -0.794434 -0.344152 -0.088893 -0.269864
    42 1.628906 -0.000002 0.000001 0.000004 -0.007730 -0.659761
    43 0.955566 0.000002 -0.000001 0.000003 -0.004923 -0.331349
    44 1.258789 -0.308350 -1.250000 1.738856 0.204803 -0.550000
    45 1.392578 0.000000 0.000002 0.000004 0.222430 0.216078
    46 1.099609 0.000002 -0.000004 0.000002 0.280392 0.302814
    47 3.546538 0.208125 1.487114 0.333783 -0.052221 -0.250106
    48 1.218750 0.000006 0.000000 0.000002 -0.007081 -0.610627
    49 0.679688 0.000001 0.000000 0.000001 -0.003643 -0.669687
    50 3.696249 0.271114 0.723153 0.103581 -0.126168 -0.288627
    51 1.748047 -0.000015 0.000001 0.000000 -0.004401 -0.791139
    52 0.959961 -0.000004 -0.000001 0.000003 -0.007260 -0.432410
    53 -3.756462 5.577850 2.053357 1.570803 -0.000001 0.000000
    54 -2.735646 -0.081365 5.727119 0.000007 0.000015 1.570796
    55 0.000001 5.662003 -0.974302 1.570804 -0.000001 0.000000
    56 -0.000002 -2.275002 5.113525 0.000000 0.000000 -3.141592
    57 -2.477620 5.416855 4.597564 1.570804 -0.000001 0.000000
    58 -1.515218 1.317776 5.998497 0.000000 0.000000 0.000000
    59 -2.455992 5.657928 -0.087295 1.570804 -0.000001 0.000000
    60 -1.485628 -1.617812 5.263969 0.000000 0.000000 3.141592
    61 3.756460 5.577858 2.053359 1.570803 -0.000001 0.000000
    62 2.735645 -0.081364 5.727116 0.000004 -0.000011 -1.570795
    63 2.477613 5.416855 4.597570 1.570804 -0.000001 0.000000
    64 1.515220 1.317777 5.998508 0.000000 0.000000 0.000000
    65 2.455991 5.657928 -0.087293 1.570804 -0.000001 0.000000
    66 1.485620 -1.617803 5.263973 0.000000 0.000000 -3.141592
    67 4.575642 5.632584 0.000132 0.000000 -1.570771 0.249128
    68 -0.000001 0.314078 5.161098 0.000000 0.000000 0.000000
    69 -0.000001 -0.323108 3.750217 0.000000 0.000000 0.000000
    70 5.734947 1.075212 4.685178 1.570830 -0.000004 -1.321669
    71 -0.753896 0.305901 4.971462 -0.000001 0.000002 0.000000
    72 -1.101006 -0.314705 3.448307 0.000001 0.000001 0.000000
    73 5.809101 -1.029643 4.595047 1.570829 -0.000004 -1.321671
    74 -0.714908 -0.199657 5.028973 0.000000 0.000003 0.000000
    75 -0.282898 -0.851690 4.444889 0.000000 0.000000 0.000000
    76 9.578484 -1.290738 0.000240 0.000000 1.570770 -2.892481
    77 9.369518 -1.236408 1.787905 0.000000 1.570770 -2.892481
    78 9.436707 -1.331719 -1.409029 0.000000 1.570770 -2.892477
    79 5.735191 1.075235 -4.684885 -1.570814 0.000004 1.819923
    80 0.753901 0.305904 4.971474 -0.000001 -0.000002 0.000000
    81 1.101010 -0.314705 3.448315 0.000000 -0.000001 0.000000
    82 5.809341 -1.029617 -4.594752 -1.570814 0.000004 1.819922
    83 0.714908 -0.199655 5.028969 0.000000 -0.000003 0.000000
    84 0.282897 -0.851688 4.444893 0.000000 0.000000 0.000000
  time 13
    0 -15.934633 17.004572 36.946642 1.545437 -0.059120 0.038839
    1 3.983847 0.002149 0.003401 -2.045785 -0.035814 -1.647076
    2 15.938816 -0.000100 -0.000005 -0.000009 -0.000002 0.353233
    3 17.707025 -0.000068 0.000003 0.130601 0.128934 -1.365550
    4 6.202515 0.003416 -0.000367 -0.011141 0.000923 -0.500547
    5 -3.983848 0.002149 0.003395 -1.759541 -0.606820 -1.536605
    6 15.938826 -0.000113 -0.000001 0.000002 0.000010 1.033323
    7 17.707031 0.000018 0.000000 0.338401 -0.285220 -1.160702
    8 6.202710 0.003078 0.003745 -0.078554 -0.006123 -0.495910
    9 -0.000001 4.209253 -1.688832 1.567007 -0.028898 1.549651
    10 3.836055 0.000000 0.000000 -0.002481 -0.043443 -0.111769
    11 3.617625 -0.000275 -0.000015 -0.002996 -0.014521 0.035971
    12 7.537925 0.003588 -0.000212 -0.000410 -0.006156 0.208145
    13 3.181604 -0.002346 0.000028 3.160859 0.050436 0.224581
    14 2.966416 0.000318 0.000023 -0.044024 0.037858 0.090149
    15 2.023770 0.904983 0.850949 1.631352 -1.245938 2.907212
    16 4.980521 0.000781 -0.001089 -1.775262 0.238719 -1.145450
    17 11.119977 0.000007 0.000004 -0.000003 -0.136098 -0.227341
    18 11.205393 -0.000039 0.000000 1.646820 -0.427278 -0.046151
    19 3.767578 0.152466 0.071350 0.014352 0.037540 -0.177489
    20 2.037109 -0.000002 -0.000002 -0.000001 0.005004 -0.888526
    21 1.066406 0.000000 -0.000002 0.000002 0.002790 0.001101
    22 3.783203 -0.017258 0.794434 0.333287 -0.031876 -0.219057
    23 1.628906 0.000000 -0.000003 0.000000 0.005106 -0.697052
    24 0.955566 -0.000006 0.000001 -0.000006 0.003247 -0.272277
    25 1.258789 -0.297852 1.251953 -1.927900 -0.158435 -0.368924
    26 1.392578 0.000002 -0.000006 0.000000 0.002017 0.071902
    27 1.099609 0.000004 -0.000006 0.000000 -0.295768 0.023718
    28 3.547341 0.197447 -1.485758 -0.323544 0.115347 -0.238381
    29 1.218750 0.000004 0.000004 -0.000003 0.004665 -0.629642
    30 0.679688 0.000002 0.000000 0.000000 0.002402 -0.578397
    31 3.697266 0.267334 -0.728516 -0.105269 0.104461 -0.301442
    32 1.748047 0.000002 0.000004 -0.000001 0.002900 -0.623724
    33 0.956684 0.000008 0.000001 0.000003 0.004804 -0.321825
    34 2.023778 0.904982 -0.850921 -1.886732 1.215837 2.711411
    35 4.981625 0.002227 0.003236 1.625040 -0.031289 -1.070554
    36 11.119975 -0.000005 0.000000 0.000001 0.136123 -0.375758
    37 11.205375 0.000073 0.000008 -1.580470 0.349329 -0.012332
    38 3.767578 0.151855 -0.072693 -0.090833 -0.078893 -0.174026
    39 2.036716 -0.000004 0.000000 0.000012 -0.007577 -0.940629
    40 1.066406 0.000002 0.000000 0.000006 -0.004235 -0.116579
    41 3.783203 -0.023941 -0.794434 -0.344152 -0.088893 -0.269864
    42 1.628906 -0.000002 0.000001 0.000004 -0.007730 -0.659761
    43 0.955566 0.000002 -0.000001 0.000003 -0.004923 -0.331349
    44 1.258789 -0.308350 -1.250000 1.738856 0.204803 -0.550000
    45 1.392578 0.000000 0.000002 0.000004 0.222430 0.216078
    46 1.099609 0.000002 -0.000004 0.000002 0.280392 0.302814
    47 3.546538 0.208125 1.487114 0.333783 -0.052221 -0.250106
    48 1.218750 0.000006 0.000000 0.000002 -0.007081 -0.610627
    49 0.679688 0.000001 0.000000 0.000001 -0.003643 -0.669687
    50 3.696249 0.271114 0.723153 0.103581 -0.126168 -0.288627
    51 1.748047 -0.000015 0.000001 0.000000 -0.004401 -0.791139
    52 0.959961 -0.000004 -0.000001 0.000003 -0.007260 -0.432410
    53 -3.756462 5.577850 2.053357 1.570803 -0.000001 0.000000
    54 -2.735646 -0.081365 5.727119 0.000007 0.000015 1.570796
    55 0.000001 5.662003 -0.974302 1.570804 -0.000001 0.000000
    56 -0.000002 -2.275002 5.113525 0.000000 0.000000 -3.141592
    57 -2.477620 5.416855 4.597564 1.570804 -0.000001 0.000000
    58 -1.515218 1.317776 5.998497 0.000000 0.000000 0.000000
    59 -2.455992 5.657928 -0.087295 1.570804 -0.000001 0.000000
    60 -1.485628 -1.617812 5.263969 0.000000 0.000000 3.141592
    61 3.756460 5.577858 2.053359 1.570803 -0.000001 0.000000
    62 2.735645 -0.081364 5.727116 0.000004 -0.000011 -1.570795
    63 2.477613 5.416855 4.597570 1.570804 -0.000001 0.000000
    64 1.515220 1.317777 5.998508 0.000000 0.000000 0.000000
    65 2.455991 5.657928 -0.087293 1.570804 -0.000001 0.000000
    66 1.485620 -1.617803 5.263973 0.000000 0.000000 -3.141592
    67 4.575642 5.632584 0.000132 0.000000 -1.570771 0.249128
    68 -0.000001 0.314078 5.161098 0.000000 0.000000 0.000000
    69 -0.000001 -0.323108 3.750217 0.000000 0.000000 0.000000
    70 5.734947 1.075212 4.685178 1.570830 -0.000004 -1.321669
    71 -0.753896 0.305901 4.971462 -0.000001 0.000002 0.000000
    72 -1.101006 -0.314705 3.448307 0.000001 0.000001 0.000000
    73 5.809101 -1.029643 4.595047 1.570829 -0.000004 -1.321671
    74 -0.714908 -0.199657 5.028973 0.000000 0.000003 0.000000
    75 -0.282898 -0.851690 4.444889 0.000000 0.000000 0.000000
    76 9.578484 -1.290738 0.000240 0.000000 1.570770 -2.892481
    77 9.369518 -1.236408 1.787905 0.000000 1.570770 -2.892481
    78 9.436707 -1.331719 -1.409029 0.000000 1.570770 -2.892477
    79 5.735191 1.075235 -4.684885 -1.570814 0.000004 1.819923
    80 0.753901 0.305904 4.971474 -0.000001 -0.000002 0.000000
    81 1.101010 -0.314705 3.448315 0.000000 -0.000001 0.000000
    82 5.809341 -1.029617 -4.594752 -1.570814 0.000004 1.819922
    83 0.714908 -0.199655 5.028969 0.000000 -0.000003 0.000000
    84 0.282897 -0.851688 4.444893 0.000000 0.000000 0.000000
  time 14
    0 -17.196682 18.106480 37.223994 1.546252 -0.042893 0.066571
    1 3.983847 0.002149 0.003401 -2.018045 -0.074129 -1.597277
    2 15.938816 -0.000100 -0.000005 -0.000009 -0.000002 0.351384
    3 17.707025 -0.000068 0.000003 0.116450 0.136233 -1.315837
    4 6.202515 0.003416 -0.000367 -0.011141 0.000923 -0.500547
    5 -3.983848 0.002149 0.003395 -1.721040 -0.554947 -1.590470
    6 15.938826 -0.000113 -0.000001 0.000002 0.000010 1.071930
    7 17.707031 0.000018 0.000000 0.252764 -0.221975 -1.172605
    8 6.202710 0.003078 0.003745 -0.078435 -0.006243 -0.529713
    9 -0.000001 4.209253 -1.688832 1.567151 -0.027969 1.555547
    10 3.836055 0.000000 0.000000 -0.002888 -0.031446 -0.112608
    11 3.617625 -0.000275 -0.000015 -0.003427 -0.018380 0.035056
    12 7.537925 0.003588 -0.000212 -0.000434 -0.006384 0.208145
    13 3.181604 -0.002346 0.000028 3.161626 0.052389 0.224629
    14 2.966416 0.000318 0.000023 -0.070354 0.028630 0.094234
    15 2.023770 0.904983 0.850949 1.630652 -1.246589 2.908028
    16 4.980521 0.000781 -0.001089 -1.781506 0.253192 -1.156661
    17 11.119977 0.000007 0.000004 -0.000003 -0.136098 -0.209272
    18 11.205393 -0.000039 0.000000 1.650278 -0.459279 -0.062618
    19 3.767578 0.152466 0.071350 0.014352 0.037540 -0.177489
    20 2.037109 -0.000002 -0.000002 -0.000001 0.005004 -0.888526
    21 1.066406 0.000000 -0.000002 0.000002 0.002790 0.001101
    22 3.783203 -0.017258 0.794434 0.333287 -0.031876 -0.219057
    23 1.628906 0.000000 -0.000003 0.000000 0.005106 -0.697052
    24 0.955566 -0.000006 0.000001 -0.000006 0.003247 -0.272277
    25 1.258789 -0.297852 1.251953 -1.927900 -0.158435 -0.368924
    26 1.392578 0.000002 -0.000006 0.000000 0.002017 0.071902
    27 1.099609 0.000004 -0.000006 0.000000 -0.295768 0.023718
    28 3.547341 0.197447 -1.485758 -0.323544 0.115347 -0.238381
    29 1.218750 0.000004 0.000004 -0.000003 0.004665 -0.629642
    30 0.679688 0.000002 0.000000 0.000000 0.002402 -0.578397
    31 3.697266 0.267334 -0.728516 -0.105269 0.104461 -0.301442
    32 1.748047 0.000002 0.000004 -0.000001 0.002900 -0.623724
    33 0.956684 0.000008 0.000001 0.000027 0.004804 -0.321825
    34 2.023778 0.904982 -0.850921 -1.886628 1.214942 2.711411
    35 4.981625 0.002227 0.003236 1.619571 -0.027524 -1.056421
    36 11.119975 -0.000005 0.000000 0.000001 0.136123 -0.409557
    37 11.205375 0.000073 0.000008 -1.591733 0.362236 -0.045793
    38 3.767578 0.151855 -0.072693 -0.090833 -0.078893 -0.174026
    39 2.036716 -0.000004 0.000000 0.000012 -0.007577 -0.940629
    40 1.066406 0.000002 0.000000 0.000006 -0.004235 -0.116579
    41 3.783203 -0.023941 -0.794434 -0.344152 -0.088893 -0.269864
    42 1.628906 -0.000002 0.000001 0.000004 -0.007730 -0.659761
    43 0.955566 0.000002 -0.000001 0.000003 -0.004923 -0.331349
    44 1.258789 -0.308350 -1.250000 1.738856 0.204803 -0.550000
    45 1.392578 0.000000 0.000002 0.000004 0.222430 0.216078
    46 1.099609 0.000002 -0.000004 0.000002 0.280392 0.302814
    47 3.546538 0.208125 1.487114 0.333783 -0.052221 -0.250106
    48 1.218750 0.000006 0.000000 0.000002 -0.007081 -0.610627
    49 0.679688 0.000001 0.000000 0.000001 -0.003643 -0.669687
    50 3.696249 0.271114 0.723153 0.103581 -0.126168 -0.288614
    51 1.748047 -0.000015 0.000001 0.000000 -0.004401 -0.791139
    52 0.959961 -0.000004 -0.000001 0.000003 -0.007260 -0.432410
    53 -3.756462 5.577850 2.053357 1.570803 -0.000001 0.000000
    54 -2.735646 -0.081365 5.727119 0.000007 0.000015 1.570796
    55 0.000001 5.662003 -0.974302 1.570804 -0.000001 0.000000
    56 -0.000002 -2.275002 5.113525 0.000000 0.000000 -3.141592
    57 -2.477620 5.416855 4.597564 1.570804 -0.000001 0.000000
    58 -1.515218 1.317776 5.998497 0.000000 0.000000 0.000000
    59 -2.455992 5.657928 -0.087295 1.570804 -0.000001 0.000000
    60 -1.485628 -1.617812 5.263969 0.000000 0.000000 3.141592
    61 3.756460 5.577858 2.053359 1.570803 -0.000001 0.000000
    62 2.735645 -0.081364 5.727116 0.000004 -0.000011 -1.570795
    63 2.477613 5.416855 4.597570 1.570804 -0.000001 0.000000
    64 1.515220 1.317777 5.998508 0.000000 0.000000 0.000000
    65 2.455991 5.657928 -0.087293 1.570804 -0.000001 0.000000
    66 1.485620 -1.617803 5.263973 0.000000 0.000000 -3.141592
    67 4.575642 5.632584 0.000132 0.000000 -1.570771 0.249128
    68 -0.000001 0.314078 5.161098 0.000000 0.000000 0.000000
    69 -0.000001 -0.323108 3.750217 0.000000 0.000000 0.000000
    70 5.734947 1.075212 4.685178 1.570830 -0.000004 -1.321669
    71 -0.753896 0.305901 4.971462 -0.000001 0.000002 0.000000
    72 -1.101006 -0.314705 3.448307 0.000001 0.000001 0.000000
    73 5.809101 -1.029643 4.595047 1.570829 -0.000004 -1.321671
    74 -0.714908 -0.199657 5.028973 0.000000 0.000003 0.000000
    75 -0.282898 -0.851690 4.444889 0.000000 0.000000 0.000000
    76 9.578484 -1.290738 0.000240 0.000000 1.570770 -2.892481
    77 9.369518 -1.236408 1.787905 0.000000 1.570770 -2.892481
    78 9.436707 -1.331719 -1.409029 0.000000 1.570770 -2.892477
    79 5.735191 1.075235 -4.684885 -1.570814 0.000004 1.819923
    80 0.753901 0.305904 4.971474 -0.000001 -0.000002 0.000000
    81 1.101010 -0.314705 3.448315 0.000000 -0.000001 0.000000
    82 5.809341 -1.029617 -4.594752 -1.570814 0.000004 1.819922
    83 0.714908 -0.199655 5.028969 0.000000 -0.000003 0.000000
    84 0.282897 -0.851688 4.444893 0.000000 0.000000 0.000000
  time 15
    0 -18.454826 19.149792 37.411500 1.544718 -0.030956 0.091237
    1 3.983847 0.002149 0.003401 -1.993534 -0.108572 -1.553915
    2 15.938816 -0.000100 -0.000005 -0.000009 -0.000002 0.346539
    3 17.707025 -0.000068 0.000003 0.101665 0.143828 -1.266492
    4 6.202515 0.003416 -0.000367 -0.011141 0.000923 -0.500547
    5 -3.983848 0.002149 0.003395 -1.686551 -0.469065 -1.635060
    6 15.938826 -0.000113 -0.000001 0.000002 0.000010 1.077598
    7 17.707031 0.000018 0.000000 0.191154 -0.126734 -1.181945
    8 6.202710 0.003078 0.003745 -0.078279 -0.006387 -0.567487
    9 -0.000001 4.209253 -1.688832 1.567151 -0.028777 1.559717
    10 3.836055 0.000000 0.000000 -0.003260 -0.022039 -0.111733
    11 3.617625 -0.000275 -0.000015 -0.003847 -0.020621 0.036013
    12 7.537925 0.003588 -0.000212 -0.000410 -0.006180 0.208145
    13 3.181604 -0.002346 0.000028 3.161434 0.051946 0.224629
    14 2.966416 0.000318 0.000023 -0.093448 0.019545 0.102539
    15 2.023770 0.904983 0.850949 1.641802 -1.246630 2.896335
    16 4.980521 0.000781 -0.001089 -1.798999 0.270295 -1.171342
    17 11.119977 0.000007 0.000004 -0.000003 -0.136098 -0.185829
    18 11.205393 -0.000039 0.000000 1.656472 -0.499672 -0.074111
    19 3.767578 0.152466 0.071350 0.014352 0.037540 -0.177489
    20 2.037109 -0.000002 -0.000002 -0.000001 0.005004 -0.888526
    21 1.066406 0.000000 -0.000002 0.000002 0.002790 0.001101
    22 3.783203 -0.017258 0.794434 0.333287 -0.031876 -0.219057
    23 1.628906 0.000000 -0.000003 0.000000 0.005106 -0.697052
    24 0.955566 -0.000006 0.000001 -0.000006 0.003247 -0.272277
    25 1.258789 -0.297852 1.251953 -1.927900 -0.158435 -0.368924
    26 1.392578 0.000002 -0.000006 0.000000 0.002017 0.071902
    27 1.099609 0.000004 -0.000006 0.000000 -0.295768 0.023718
    28 3.547341 0.197447 -1.485758 -0.323544 0.115347 -0.238381
    29 1.218750 0.000004 0.000004 -0.000003 0.004665 -0.629642
    30 0.679688 0.000002 0.000000 0.000000 0.002402 -0.578397
    31 3.697266 0.267334 -0.728516 -0.105269 0.104461 -0.301442
    32 1.748047 0.000002 0.000004 -0.000001 0.002900 -0.623724
    33 0.956684 0.000008 0.000001 0.000003 0.004804 -0.321825
    34 2.023778 0.904982 -0.850921 -1.876607 1.215756 2.722159
    35 4.981625 0.002227 0.003236 1.614308 -0.026947 -1.036795
    36 11.119975 -0.000005 0.000000 0.000001 0.136123 -0.471291
    37 11.205375 0.000073 0.000008 -1.648425 0.372172 -0.113278
    38 3.767578 0.151855 -0.072693 -0.090833 -0.078893 -0.174026
    39 2.036716 -0.000004 0.000000 0.000000 -0.007577 -0.940629
    40 1.066406 0.000002 0.000000 0.000006 -0.004235 -0.116579
    41 3.783203 -0.023941 -0.794434 -0.344152 -0.088893 -0.269864
    42 1.628906 -0.000002 0.000001 0.000004 -0.007730 -0.659761
    43 0.955566 0.000002 -0.000001 0.000003 -0.004923 -0.331349
    44 1.258789 -0.308350 -1.250000 1.738856 0.204803 -0.550000
    45 1.392578 0.000000 0.000002 0.000004 0.222430 0.216078
    46 1.099609 0.000002 -0.000004 0.000002 0.280392 0.302814
    47 3.546538 0.208125 1.487114 0.333783 -0.052221 -0.250106
    48 1.218750 0.000006 0.000000 0.000002 -0.007081 -0.610627
    49 0.679688 0.000001 0.000000 0.000001 -0.003643 -0.669687
    50 3.696249 0.271114 0.723153 0.103581 -0.126168 -0.288627
    51 1.748047 -0.000015 0.000001 0.000000 -0.004401 -0.791139
    52 0.959961 -0.000004 -0.000001 0.000003 -0.007260 -0.432410
    53 -3.756462 5.577850 2.053357 1.570803 -0.000001 0.000000
    54 -2.735646 -0.081365 5.727119 0.000007 0.000015 1.570796
    55 0.000001 5.662003 -0.974302 1.570804 -0.000001 0.000000
    56 -0.000002 -2.275002 5.113525 0.000000 0.000000 -3.141592
    57 -2.477620 5.416855 4.597564 1.570804 -0.000001 0.000000
    58 -1.515218 1.317776 5.998497 0.000000 0.000000 0.000000
    59 -2.455992 5.657928 -0.087295 1.570804 -0.000001 0.000000
    60 -1.485628 -1.617812 5.263969 0.000000 0.000000 3.141592
    61 3.756460 5.577858 2.053359 1.570803 -0.000001 0.000000
    62 2.735645 -0.081364 5.727116 0.000004 -0.000011 -1.570795
    63 2.477613 5.416855 4.597570 1.570804 -0.000001 0.000000
    64 1.515220 1.317777 5.998508 0.000000 0.000000 0.000000
    65 2.455991 5.657928 -0.087293 1.570804 -0.000001 0.000000
    66 1.485620 -1.617803 5.263973 0.000000 0.000000 -3.141592
    67 4.575642 5.632584 0.000132 0.000000 -1.570771 0.249128
    68 -0.000001 0.314078 5.161098 0.000000 0.000000 0.000000
    69 -0.000001 -0.323108 3.750217 0.000000 0.000000 0.000000
    70 5.734947 1.075212 4.685178 1.570830 -0.000004 -1.321669
    71 -0.753896 0.305901 4.971462 -0.000001 0.000002 0.000000
    72 -1.101006 -0.314705 3.448307 0.000001 0.000001 0.000000
    73 5.809101 -1.029643 4.595047 1.570829 -0.000004 -1.321671
    74 -0.714908 -0.199657 5.028973 0.000000 0.000003 0.000000
    75 -0.282898 -0.851690 4.444889 0.000000 0.000000 0.000000
    76 9.578484 -1.290738 0.000240 0.000000 1.570770 -2.892481
    77 9.369518 -1.236408 1.787905 0.000000 1.570770 -2.892481
    78 9.436707 -1.331719 -1.409029 0.000000 1.570770 -2.892477
    79 5.735191 1.075235 -4.684885 -1.570814 0.000004 1.819923
    80 0.753901 0.305904 4.971474 -0.000001 -0.000002 0.000000
    81 1.101010 -0.314705 3.448315 0.000000 -0.000001 0.000000
    82 5.809341 -1.029617 -4.594752 -1.570814 0.000004 1.819922
    83 0.714908 -0.199655 5.028969 0.000000 -0.000003 0.000000
    84 0.282897 -0.851688 4.444893 0.000000 0.000000 0.000000
  time 16
    0 -19.712969 20.193105 37.450563 1.539493 -0.025671 0.112068
    1 3.983847 0.002149 0.003401 -1.973204 -0.142214 -1.516991
    2 15.938816 -0.000100 -0.000005 -0.000009 -0.000002 0.346730
    3 17.707025 -0.000068 0.000003 0.086467 0.151530 -1.220695
    4 6.202515 0.003416 -0.000367 -0.011141 0.000923 -0.500547
    5 -3.983848 0.002149 0.003395 -1.660088 -0.364331 -1.670002
    6 15.938826 -0.000113 -0.000001 0.000002 0.000010 1.055618
    7 17.707031 0.000018 0.000000 0.167738 -0.024157 -1.182593
    8 6.202710 0.003078 0.003745 -0.078183 -0.006507 -0.599813
    9 -0.000001 4.209253 -1.688832 1.567007 -0.031604 1.561395
    10 3.836055 0.000000 0.000000 -0.003536 -0.018599 -0.108857
    11 3.617625 -0.000275 -0.000015 -0.004206 -0.021232 0.038885
    12 7.537925 0.003588 -0.000212 -0.000374 -0.005917 0.208145
    13 3.181604 -0.002346 0.000028 3.160859 0.050400 0.224581
    14 2.966416 0.000318 0.000023 -0.111701 0.010497 0.113113
    15 2.023770 0.904983 0.850949 1.653002 -1.246182 2.884462
    16 4.980521 0.000781 -0.001089 -1.810352 0.273635 -1.174387
    17 11.119977 0.000007 0.000004 -0.000003 -0.136098 -0.179253
    18 11.205393 -0.000039 0.000000 1.652198 -0.505291 -0.057848
    19 3.767578 0.152466 0.071350 0.014352 0.037540 -0.177489
    20 2.037109 -0.000002 -0.000002 -0.000001 0.005004 -0.888526
    21 1.066406 0.000000 -0.000002 0.000002 0.002790 0.001101
    22 3.783203 -0.017258 0.794434 0.333287 -0.031876 -0.219057
    23 1.628906 0.000000 -0.000003 0.000000 0.005106 -0.697052
    24 0.955566 -0.000006 0.000001 -0.000006 0.003247 -0.272277
    25 1.258789 -0.297852 1.251953 -1.927900 -0.158435 -0.368924
    26 1.392578 0.000002 -0.000006 0.000000 0.002017 0.071902
    27 1.099609 0.000004 -0.000006 0.000000 -0.295768 0.023718
    28 3.547341 0.197447 -1.485758 -0.323544 0.115347 -0.238381
    29 1.218750 0.000004 0.000004 -0.000003 0.004665 -0.629642
    30 0.679688 0.000002 0.000000 0.000000 0.002402 -0.578397
    31 3.697266 0.267334 -0.728516 -0.105269 0.104461 -0.301442
    32 1.748047 0.000002 0.000004 -0.000001 0.002900 -0.623724
    33 0.956684 0.000008 0.000001 0.000003 0.004804 -0.321825
    34 2.023778 0.904982 -0.850921 -1.867109 1.217059 2.732456
    35 4.981625 0.002227 0.003236 1.615391 -0.026864 -1.034327
    36 11.119975 -0.000005 0.000000 0.000001 0.136123 -0.495064
    37 11.205375 0.000073 0.000008 -1.690467 0.367294 -0.149292
    38 3.767578 0.151855 -0.072693 -0.090833 -0.078893 -0.174026
    39 2.036716 -0.000004 0.000000 0.000012 -0.007577 -0.940629
    40 1.066406 0.000002 0.000000 0.000006 -0.004235 -0.116579
    41 3.783203 -0.023941 -0.794434 -0.344152 -0.088893 -0.269864
    42 1.628906 -0.000002 0.000001 0.000004 -0.007730 -0.659761
    43 0.955566 0.000002 -0.000001 0.000003 -0.004923 -0.331349
    44 1.258789 -0.308350 -1.250000 1.738856 0.204803 -0.550000
    45 1.392578 0.000000 0.000002 0.000004 0.222430 0.216078
    46 1.099609 0.000002 -0.000004 0.000002 0.280392 0.302814
    47 3.546538 0.208125 1.487114 0.333783 -0.052221 -0.250106
    48 1.218750 0.000006 0.000000 0.000002 -0.007081 -0.610627
    49 0.679688 0.000001 0.000000 0.000001 -0.003643 -0.669687
    50 3.696249 0.271114 0.723153 0.103581 -0.126168 -0.288614
    51 1.748047 -0.000015 0.000001 0.000000 -0.004401 -0.791139
    52 0.959961 -0.000004 -0.000001 0.000003 -0.007260 -0.432410
    53 -3.756462 5.577850 2.053357 1.570803 -0.000001 0.000000
    54 -2.735646 -0.081365 5.727119 0.000007 0.000015 1.570796
    55 0.000001 5.662003 -0.974302 1.570804 -0.000001 0.000000
    56 -0.000002 -2.275002 5.113525 0.000000 0.000000 -3.141592
    57 -2.477620 5.416855 4.597564 1.570804 -0.000001 0.000000
    58 -1.515218 1.317776 5.998497 0.000000 0.000000 0.000000
    59 -2.455992 5.657928 -0.087295 1.570804 -0.000001 0.000000
    60 -1.485628 -1.617812 5.263969 0.000000 0.000000 3.141592
    61 3.756460 5.577858 2.053359 1.570803 -0.000001 0.000000
    62 2.735645 -0.081364 5.727116 0.000004 -0.000011 -1.570795
    63 2.477613 5.416855 4.597570 1.570804 -0.000001 0.000000
    64 1.515220 1.317777 5.998508 0.000000 0.000000 0.000000
    65 2.455991 5.657928 -0.087293 1.570804 -0.000001 0.000000
    66 1.485620 -1.617803 5.263973 0.000000 0.000000 -3.141592
    67 4.575642 5.632584 0.000132 0.000000 -1.570771 0.249128
    68 -0.000001 0.314078 5.161098 0.000000 0.000000 0.000000
    69 -0.000001 -0.323108 3.750217 0.000000 0.000000 0.000000
    70 5.734947 1.075212 4.685178 1.570830 -0.000004 -1.321669
    71 -0.753896 0.305901 4.971462 -0.000001 0.000002 0.000000
    72 -1.101006 -0.314705 3.448307 0.000001 0.000001 0.000000
    73 5.809101 -1.029643 4.595047 1.570829 -0.000004 -1.321671
    74 -0.714908 -0.199657 5.028973 0.000000 0.000003 0.000000
    75 -0.282898 -0.851690 4.444889 0.000000 0.000000 0.000000
    76 9.578484 -1.290738 0.000240 0.000000 1.570770 -2.892481
    77 9.369518 -1.236408 1.787905 0.000000 1.570770 -2.892481
    78 9.436707 -1.331719 -1.409029 0.000000 1.570770 -2.892477
    79 5.735191 1.075235 -4.684885 -1.570814 0.000004 1.819923
    80 0.753901 0.305904 4.971474 -0.000001 -0.000002 0.000000
    81 1.101010 -0.314705 3.448315 0.000000 -0.000001 0.000000
    82 5.809341 -1.029617 -4.594752 -1.570814 0.000004 1.819922
    83 0.714908 -0.199655 5.028969 0.000000 -0.000003 0.000000
    84 0.282897 -0.851688 4.444893 0.000000 0.000000 0.000000
  time 17
    0 -20.975019 21.244230 37.333372 1.531056 -0.023622 0.127468
    1 3.983847 0.002149 0.003401 -1.958764 -0.183866 -1.479441
    2 15.938816 -0.000100 -0.000005 -0.000009 -0.000002 0.368596
    3 17.707025 -0.000068 0.000003 0.070994 0.159253 -1.185575
    4 6.202515 0.003416 -0.000367 -0.011141 0.000923 -0.500547
    5 -3.983848 0.002149 0.003395 -1.642604 -0.262776 -1.693983
    6 15.938826 -0.000113 -0.000001 0.000002 0.000010 1.026333
    7 17.707031 0.000018 0.000000 0.180069 0.058646 -1.173221
    8 6.202710 0.003078 0.003745 -0.078207 -0.006555 -0.607059
    9 -0.000001 4.209253 -1.688832 1.566912 -0.036288 1.562018
    10 3.836055 0.000000 0.000000 -0.003739 -0.018611 -0.104183
    11 3.617625 -0.000275 -0.000015 -0.004518 -0.020981 0.043531
    12 7.537925 0.003588 -0.000212 -0.000326 -0.005533 0.208145
    13 3.181604 -0.002346 0.000028 3.159708 0.047619 0.224545
    14 2.966416 0.000318 0.000023 -0.124213 0.000885 0.125049
    15 2.023770 0.904983 0.850949 1.666903 -1.245490 2.869779
    16 4.980521 0.000781 -0.001089 -1.822272 0.271409 -1.174700
    17 11.119977 0.000007 0.000004 -0.000003 -0.136098 -0.175480
    18 11.205393 -0.000039 0.000000 1.640386 -0.500475 -0.020959
    19 3.767578 0.152466 0.071350 0.014352 0.037540 -0.177489
    20 2.037109 -0.000002 -0.000002 -0.000001 0.005004 -0.888526
    21 1.066406 0.000000 -0.000002 0.000002 0.002790 0.001101
    22 3.783203 -0.017258 0.794434 0.333287 -0.031876 -0.219057
    23 1.628906 0.000000 -0.000003 0.000000 0.005106 -0.697052
    24 0.955566 -0.000006 0.000001 -0.000006 0.003247 -0.272277
    25 1.258789 -0.297852 1.251953 -1.927900 -0.158435 -0.368924
    26 1.392578 0.000002 -0.000006 0.000000 0.002017 0.071902
    27 1.099609 0.000004 -0.000006 0.000000 -0.295768 0.023718
    28 3.547341 0.197447 -1.485758 -0.323544 0.115347 -0.238381
    29 1.218750 0.000004 0.000004 -0.000003 0.004665 -0.629642
    30 0.679688 0.000002 0.000000 0.000000 0.002402 -0.578397
    31 3.697266 0.267334 -0.728516 -0.105269 0.104461 -0.301442
    32 1.748047 0.000002 0.000004 -0.000001 0.002900 -0.623724
    33 0.956684 0.000008 0.000001 0.000015 0.004804 -0.321825
    34 2.023778 0.904982 -0.850921 -1.855210 1.218850 2.745281
    35 4.981625 0.002227 0.003236 1.618848 -0.027634 -1.034885
    36 11.119975 -0.000005 0.000000 0.000001 0.136123 -0.511711
    37 11.205375 0.000073 0.000008 -1.735468 0.355333 -0.183268
    38 3.767578 0.151855 -0.072693 -0.090833 -0.078893 -0.174026
    39 2.036716 -0.000004 0.000000 0.000000 -0.007577 -0.940629
    40 1.066406 0.000002 0.000000 0.000006 -0.004235 -0.116579
    41 3.783203 -0.023941 -0.794434 -0.344152 -0.088893 -0.269864
    42 1.628906 -0.000002 0.000001 0.000004 -0.007730 -0.659761
    43 0.955566 0.000002 -0.000001 0.000003 -0.004923 -0.331349
    44 1.258789 -0.308350 -1.250000 1.738856 0.204803 -0.550000
    45 1.392578 0.000000 0.000002 0.000004 0.222430 0.216078
    46 1.099609 0.000002 -0.000004 0.000002 0.280392 0.302814
    47 3.546538 0.208125 1.487114 0.333783 -0.052221 -0.250106
    48 1.218750 0.000006 0.000000 0.000002 -0.007081 -0.610627
    49 0.679688 0.000001 0.000000 0.000001 -0.003643 -0.669687
    50 3.696249 0.271114 0.723153 0.103581 -0.126168 -0.288614
    51 1.748047 -0.000015 0.000001 0.000000 -0.004401 -0.791139
    52 0.959961 -0.000004 -0.000001 0.000003 -0.007260 -0.432410
    53 -3.756462 5.577850 2.053357 1.570803 -0.000001 0.000000
    54 -2.735646 -0.081365 5.727119 0.000007 0.000015 1.570796
    55 0.000001 5.662003 -0.974302 1.570804 -0.000001 0.000000
    56 -0.000002 -2.275002 5.113525 0.000000 0.000000 -3.141592
    57 -2.477620 5.416855 4.597564 1.570804 -0.000001 0.000000
    58 -1.515218 1.317776 5.998497 0.000000 0.000000 0.000000
    59 -2.455992 5.657928 -0.087295 1.570804 -0.000001 0.000000
    60 -1.485628 -1.617812 5.263969 0.000000 0.000000 3.141592
    61 3.756460 5.577858 2.053359 1.570803 -0.000001 0.000000
    62 2.735645 -0.081364 5.727116 0.000004 -0.000011 -1.570795
    63 2.477613 5.416855 4.597570 1.570804 -0.000001 0.000000
    64 1.515220 1.317777 5.998508 0.000000 0.000000 0.000000
    65 2.455991 5.657928 -0.087293 1.570804 -0.000001 0.000000
    66 1.485620 -1.617803 5.263973 0.000000 0.000000 -3.141592
    67 4.575642 5.632584 0.000132 0.000000 -1.570771 0.249128
    68 -0.000001 0.314078 5.161098 0.000000 0.000000 0.000000
    69 -0.000001 -0.323108 3.750217 0.000000 0.000000 0.000000
    70 5.734947 1.075212 4.685178 1.570830 -0.000004 -1.321669
    71 -0.753896 0.305901 4.971462 -0.000001 0.000002 0.000000
    72 -1.101006 -0.314705 3.448307 0.000001 0.000001 0.000000
    73 5.809101 -1.029643 4.595047 1.570829 -0.000004 -1.321671
    74 -0.714908 -0.199657 5.028973 0.000000 0.000003 0.000000
    75 -0.282898 -0.851690 4.444889 0.000000 0.000000 0.000000
    76 9.578484 -1.290738 0.000240 0.000000 1.570770 -2.892481
    77 9.369518 -1.236408 1.787905 0.000000 1.570770 -2.892481
    78 9.436707 -1.331719 -1.409029 0.000000 1.570770 -2.892477
    79 5.735191 1.075235 -4.684885 -1.570814 0.000004 1.819923
    80 0.753901 0.305904 4.971474 -0.000001 -0.000002 0.000000
    81 1.101010 -0.314705 3.448315 0.000000 -0.000001 0.000000
    82 5.809341 -1.029617 -4.594752 -1.570814 0.000004 1.819922
    83 0.714908 -0.199655 5.028969 0.000000 -0.000003 0.000000
    84 0.282897 -0.851688 4.444893 0.000000 0.000000 0.000000
  time 18
    0 -22.237069 22.330512 37.083365 1.521852 -0.022663 0.136605
    1 3.983847 0.002149 0.003401 -1.951544 -0.231126 -1.440192
    2 15.938816 -0.000100 -0.000005 -0.000009 -0.000002 0.401491
    3 17.707025 -0.000068 0.000003 0.055438 0.166976 -1.155105
    4 6.202515 0.003416 -0.000367 -0.011141 0.000923 -0.500547
    5 -3.983848 0.002149 0.003395 -1.633720 -0.171225 -1.708503
    6 15.938826 -0.000113 -0.000001 0.000002 0.000010 0.981113
    7 17.707031 0.000018 0.000000 0.209174 0.101868 -1.144714
    8 6.202710 0.003078 0.003745 -0.078135 -0.006627 -0.625810
    9 -0.000001 4.209253 -1.688832 1.566768 -0.041437 1.562258
    10 3.836055 0.000000 0.000000 -0.003883 -0.019797 -0.099089
    11 3.617625 -0.000275 -0.000015 -0.004662 -0.020322 0.048642
    12 7.537925 0.003588 -0.000212 -0.000242 -0.004982 0.208145
    13 3.181604 -0.002346 0.000028 3.158078 0.043389 0.224450
    14 2.966416 0.000318 0.000023 -0.130361 -0.008666 0.135487
    15 2.023770 0.904983 0.850949 1.683103 -1.244472 2.852648
    16 4.980521 0.000781 -0.001089 -1.834502 0.266011 -1.172850
    17 11.119977 0.000007 0.000004 -0.000003 -0.136098 -0.174279
    18 11.205393 -0.000039 0.000000 1.624012 -0.483884 0.036303
    19 3.767578 0.152466 0.071350 0.014352 0.037540 -0.177489
    20 2.037109 -0.000002 -0.000002 -0.000001 0.005004 -0.888526
    21 1.066406 0.000000 -0.000002 0.000002 0.002790 0.001101
    22 3.783203 -0.017258 0.794434 0.333287 -0.031876 -0.219057
    23 1.628906 0.000000 -0.000003 0.000000 0.005106 -0.697052
    24 0.955566 -0.000006 0.000001 -0.000006 0.003247 -0.272277
    25 1.258789 -0.297852 1.251953 -1.927900 -0.158435 -0.368924
    26 1.392578 0.000002 -0.000006 0.000000 0.002017 0.071902
    27 1.099609 0.000004 -0.000006 0.000000 -0.295768 0.023718
    28 3.547341 0.197447 -1.485758 -0.323544 0.115347 -0.238381
    29 1.218750 0.000004 0.000004 -0.000003 0.004665 -0.629642
    30 0.679688 0.000002 0.000000 0.000000 0.002402 -0.578397
    31 3.697266 0.267334 -0.728516 -0.105269 0.104461 -0.301442
    32 1.748047 0.000002 0.000004 -0.000001 0.002900 -0.623724
    33 0.956684 0.000008 0.000001 0.000003 0.004804 -0.321825
    34 2.023778 0.904982 -0.850921 -1.841119 1.220927 2.760184
    35 4.981625 0.002227 0.003236 1.624730 -0.030217 -1.038234
    36 11.119975 -0.000005 0.000000 0.000001 0.136123 -0.520476
    37 11.205375 0.000073 0.000008 -1.768062 0.337704 -0.212594
    38 3.767578 0.151855 -0.072693 -0.090833 -0.078893 -0.174026
    39 2.036716 -0.000004 0.000000 0.000012 -0.007577 -0.940629
    40 1.066406 0.000002 0.000000 0.000006 -0.004235 -0.116579
    41 3.783203 -0.023941 -0.794434 -0.344152 -0.088893 -0.269864
    42 1.628906 -0.000002 0.000001 0.000004 -0.007730 -0.659761
    43 0.955566 0.000002 -0.000001 0.000003 -0.004923 -0.331349
    44 1.258789 -0.308350 -1.250000 1.738856 0.204803 -0.550000
    45 1.392578 0.000000 0.000002 0.000004 0.222430 0.216078
    46 1.099609 0.000002 -0.000004 0.000002 0.280392 0.302814
    47 3.546538 0.208125 1.487114 0.333783 -0.052221 -0.250106
    48 1.218750 0.000006 0.000000 0.000002 -0.007081 -0.610627
    49 0.679688 0.000001 0.000000 0.000001 -0.003643 -0.669687
    50 3.696249 0.271114 0.723153 0.103581 -0.126168 -0.288627
    51 1.748047 -0.000015 0.000001 0.000000 -0.004401 -0.791139
    52 0.959961 -0.000004 -0.000001 0.000003 -0.007260 -0.432410
    53 -3.756462 5.577850 2.053357 1.570803 -0.000001 0.000000
    54 -2.735646 -0.081365 5.727119 0.000007 0.000015 1.570796
    55 0.000001 5.662003 -0.974302 1.570804 -0.000001 0.000000
    56 -0.000002 -2.275002 5.113525 0.000000 0.000000 -3.141592
    57 -2.477620 5.416855 4.597564 1.570804 -0.000001 0.000000
    58 -1.515218 1.317776 5.998497 0.000000 0.000000 0.000000
    59 -2.455992 5.657928 -0.087295 1.570804 -0.000001 0.000000
    60 -1.485628 -1.617812 5.263969 0.000000 0.000000 3.141592
    61 3.756460 5.577858 2.053359 1.570803 -0.000001 0.000000
    62 2.735645 -0.081364 5.727116 0.000004 -0.000011 -1.570795
    63 2.477613 5.416855 4.597570 1.570804 -0.000001 0.000000
    64 1.515220 1.317777 5.998508 0.000000 0.000000 0.000000
    65 2.455991 5.657928 -0.087293 1.570804 -0.000001 0.000000
    66 1.485620 -1.617803 5.263973 0.000000 0.000000 -3.141592
    67 4.575642 5.632584 0.000132 0.000000 -1.570771 0.249128
    68 -0.000001 0.314078 5.161098 0.000000 0.000000 0.000000
    69 -0.000001 -0.323108 3.750217 0.000000 0.000000 0.000000
    70 5.734947 1.075212 4.685178 1.570830 -0.000004 -1.321669
    71 -0.753896 0.305901 4.971462 -0.000001 0.000002 0.000000
    72 -1.101006 -0.314705 3.448307 0.000001 0.000001 0.000000
    73 5.809101 -1.029643 4.595047 1.570829 -0.000004 -1.321671
    74 -0.714908 -0.199657 5.028973 0.000000 0.000003 0.000000
    75 -0.282898 -0.851690 4.444889 0.000000 0.000000 0.000000
    76 9.578484 -1.290738 0.000240 0.000000 1.570770 -2.892481
    77 9.369518 -1.236408 1.787905 0.000000 1.570770 -2.892481
    78 9.436707 -1.331719 -1.409029 0.000000 1.570770 -2.892477
    79 5.735191 1.075235 -4.684885 -1.570814 0.000004 1.819923
    80 0.753901 0.305904 4.971474 -0.000001 -0.000002 0.000000
    81 1.101010 -0.314705 3.448315 0.000000 -0.000001 0.000000
    82 5.809341 -1.029617 -4.594752 -1.570814 0.000004 1.819922
    83 0.714908 -0.199655 5.028969 0.000000 -0.000003 0.000000
    84 0.282897 -0.851688 4.444893 0.000000 0.000000 0.000000
  time 19
    0 -23.499119 23.479297 36.806013 1.514950 -0.021968 0.138139
    1 3.983847 0.002149 0.003401 -1.951734 -0.271220 -1.403356
    2 15.938816 -0.000100 -0.000005 -0.000009 -0.000002 0.414368
    3 17.707025 -0.000068 0.000003 0.040020 0.174635 -1.114112
    4 6.202515 0.003416 -0.000367 -0.011141 0.000923 -0.500547
    5 -3.983848 0.002149 0.003395 -1.632382 -0.096894 -1.711033
    6 15.938826 -0.000113 -0.000001 0.000002 0.000010 0.930793
    7 17.707031 0.000018 0.000000 0.213413 0.116983 -1.187134
    8 6.202710 0.003078 0.003745 -0.077919 -0.006699 -0.659545
    9 -0.000001 4.209253 -1.688832 1.566624 -0.045395 1.562354
    10 3.836055 0.000000 0.000000 -0.003883 -0.020936 -0.095194
    11 3.617625 -0.000275 -0.000015 -0.004710 -0.019099 0.052528
    12 7.537925 0.003588 -0.000212 -0.000147 -0.004239 0.208145
    13 3.181604 -0.002346 0.000028 3.155778 0.037444 0.224354
    14 2.966416 0.000318 0.000023 -0.129438 -0.017763 0.141432
    15 2.023770 0.904983 0.850949 1.700953 -1.243088 2.833886
    16 4.980521 0.000781 -0.001089 -1.845597 0.258184 -1.169237
    17 11.119977 0.000007 0.000004 -0.000003 -0.136098 -0.175251
    18 11.205393 -0.000039 0.000000 1.612055 -0.455922 0.101356
    19 3.767578 0.152466 0.071350 0.014352 0.037540 -0.177489
    20 2.037109 -0.000002 -0.000002 -0.000001 0.005004 -0.888526
    21 1.066406 0.000000 -0.000002 0.000002 0.002790 0.001101
    22 3.783203 -0.017258 0.794434 0.333287 -0.031876 -0.219057
    23 1.628906 0.000000 -0.000003 0.000000 0.005106 -0.697052
    24 0.955566 -0.000006 0.000001 -0.000006 0.003247 -0.272277
    25 1.258789 -0.297852 1.251953 -1.927900 -0.158435 -0.368924
    26 1.392578 0.000002 -0.000006 0.000000 0.002017 0.071902
    27 1.099609 0.000004 -0.000006 0.000000 -0.295768 0.023718
    28 3.547341 0.197447 -1.485758 -0.323544 0.115347 -0.238381
    29 1.218750 0.000004 0.000004 -0.000003 0.004665 -0.629642
    30 0.679688 0.000002 0.000000 0.000000 0.002402 -0.578397
    31 3.697266 0.267334 -0.728516 -0.105269 0.104461 -0.301442
    32 1.748047 0.000002 0.000004 -0.000001 0.002900 -0.623724
    33 0.956684 0.000008 0.000001 0.000003 0.004804 -0.321825
    34 2.023778 0.904982 -0.850921 -1.825567 1.223370 2.776713
    35 4.981625 0.002227 0.003236 1.632676 -0.035439 -1.043964
    36 11.119975 -0.000005 0.000000 0.000001 0.136123 -0.521107
    37 11.205375 0.000073 0.000008 -1.783380 0.315856 -0.234826
    38 3.767578 0.151855 -0.072693 -0.090833 -0.078893 -0.174026
    39 2.036716 -0.000004 0.000000 0.000012 -0.007577 -0.940629
    40 1.066406 0.000002 0.000000 0.000006 -0.004235 -0.116579
    41 3.783203 -0.023941 -0.794434 -0.344152 -0.088893 -0.269864
    42 1.628906 -0.000002 0.000001 0.000004 -0.007730 -0.659761
    43 0.955566 0.000002 -0.000001 0.000003 -0.004923 -0.331349
    44 1.258789 -0.308350 -1.250000 1.738856 0.204803 -0.550000
    45 1.392578 0.000000 0.000002 0.000004 0.222430 0.216078
    46 1.099609 0.000002 -0.000004 0.000002 0.280392 0.302814
    47 3.546538 0.208125 1.487114 0.333783 -0.052221 -0.250106
    48 1.218750 0.000006 0.000000 0.000002 -0.007081 -0.610627
    49 0.679688 0.000001 0.000000 0.000001 -0.003643 -0.669687
    50 3.696249 0.271114 0.723153 0.103581 -0.126168 -0.288627
    51 1.748047 -0.000015 0.000001 0.000000 -0.004401 -0.791139
    52 0.959961 -0.000004 -0.000001 0.000003 -0.007260 -0.432410
    53 -3.756462 5.577850 2.053357 1.570803 -0.000001 0.000000
    54 -2.735646 -0.081365 5.727119 0.000007 0.000015 1.570796
    55 0.000001 5.662003 -0.974302 1.570804 -0.000001 0.000000
    56 -0.000002 -2.275002 5.113525 0.000000 0.000000 -3.141592
    57 -2.477620 5.416855 4.597564 1.570804 -0.000001 0.000000
    58 -1.515218 1.317776 5.998497 0.000000 0.000000 0.000000
    59 -2.455992 5.657928 -0.087295 1.570804 -0.000001 0.000000
    60 -1.485628 -1.617812 5.263969 0.000000 0.000000 3.141592
    61 3.756460 5.577858 2.053359 1.570803 -0.000001 0.000000
    62 2.735645 -0.081364 5.727116 0.000004 -0.000011 -1.570795
    63 2.477613 5.416855 4.597570 1.570804 -0.000001 0.000000
    64 1.515220 1.317777 5.998508 0.000000 0.000000 0.000000
    65 2.455991 5.657928 -0.087293 1.570804 -0.000001 0.000000
    66 1.485620 -1.617803 5.263973 0.000000 0.000000 -3.141592
    67 4.575642 5.632584 0.000132 0.000000 -1.570771 0.249128
    68 -0.000001 0.314078 5.161098 0.000000 0.000000 0.000000
    69 -0.000001 -0.323108 3.750217 0.000000 0.000000 0.000000
    70 5.734947 1.075212 4.685178 1.570830 -0.000004 -1.321669
    71 -0.753896 0.305901 4.971462 -0.000001 0.000002 0.000000
    72 -1.101006 -0.314705 3.448307 0.000001 0.000001 0.000000
    73 5.809101 -1.029643 4.595047 1.570829 -0.000004 -1.321671
    74 -0.714908 -0.199657 5.028973 0.000000 0.000003 0.000000
    75 -0.282898 -0.851690 4.444889 0.000000 0.000000 0.000000
    76 9.578484 -1.290738 0.000240 0.000000 1.570770 -2.892481
    77 9.369518 -1.236408 1.787905 0.000000 1.570770 -2.892481
    78 9.436707 -1.331719 -1.409029 0.000000 1.570770 -2.892477
    79 5.735191 1.075235 -4.684885 -1.570814 0.000004 1.819923
    80 0.753901 0.305904 4.971474 -0.000001 -0.000002 0.000000
    81 1.101010 -0.314705 3.448315 0.000000 -0.000001 0.000000
    82 5.809341 -1.029617 -4.594752 -1.570814 0.000004 1.819922
    83 0.714908 -0.199655 5.028969 0.000000 -0.000003 0.000000
    84 0.282897 -0.851688 4.444893 0.000000 0.000000 0.000000
  time 20
    0 -24.839296 24.721834 36.602881 1.511930 -0.020482 0.131685
    1 3.983847 0.002149 0.003401 -1.957909 -0.288976 -1.371617
    2 15.938816 -0.000100 -0.000005 -0.000009 -0.000002 0.376565
    3 17.707025 -0.000068 0.000003 0.021381 0.182994 -1.058678
    4 6.202515 0.003416 -0.000367 -0.011189 0.000923 -0.500547
    5 -3.983848 0.002149 0.003395 -1.638305 -0.031151 -1.699042
    6 15.938826 -0.000113 -0.000001 0.000002 0.000010 0.838150
    7 17.707031 0.000018 0.000000 0.188660 0.134062 -1.256990
    8 6.202710 0.003078 0.003745 -0.077380 -0.006722 -0.724860
    9 -0.000001 4.209253 -1.688832 1.566624 -0.047313 1.562737
    10 3.836055 0.000000 0.000000 -0.003811 -0.020912 -0.093253
    11 3.617625 -0.000275 -0.000015 -0.004614 -0.017289 0.054457
    12 7.537925 0.003588 -0.000212 -0.000015 -0.003316 0.208133
    13 3.181604 -0.002346 0.000028 3.152805 0.029559 0.224258
    14 2.966416 0.000318 0.000023 -0.121300 -0.025529 0.143157
    15 2.023770 0.904983 0.850949 1.719703 -1.241337 2.814036
    16 4.980521 0.000781 -0.001089 -1.854112 0.247996 -1.164229
    17 11.119977 0.000007 0.000004 -0.000003 -0.136098 -0.178281
    18 11.205393 -0.000039 0.000000 1.612488 -0.422851 0.143853
    19 3.767578 0.152466 0.071350 0.014352 0.037540 -0.177489
    20 2.037109 -0.000002 -0.000002 -0.000001 0.005004 -0.888526
    21 1.066406 0.000000 -0.000002 0.000002 0.002790 0.001101
    22 3.783203 -0.017258 0.794434 0.333287 -0.031876 -0.219057
    23 1.628906 0.000000 -0.000003 0.000000 0.005106 -0.697052
    24 0.955566 -0.000006 0.000001 -0.000006 0.003247 -0.272277
    25 1.258789 -0.297852 1.251953 -1.927900 -0.158435 -0.368924
    26 1.392578 0.000002 -0.000006 0.000000 0.002017 0.071902
    27 1.099609 0.000004 -0.000006 0.000000 -0.295768 0.023718
    28 3.547341 0.197447 -1.485758 -0.323544 0.115347 -0.238381
    29 1.218750 0.000004 0.000004 -0.000003 0.004665 -0.629642
    30 0.679688 0.000002 0.000000 0.000000 0.002402 -0.578397
    31 3.697266 0.267334 -0.728516 -0.105269 0.104461 -0.301442
    32 1.748047 0.000002 0.000004 -0.000001 0.002900 -0.623724
    33 0.956684 0.000008 0.000001 0.000027 0.004804 -0.321825
    34 2.023778 0.904982 -0.850921 -1.808710 1.226057 2.794687
    35 4.981625 0.002227 0.003236 1.642222 -0.043518 -1.051191
    36 11.119975 -0.000005 0.000000 0.000001 0.136123 -0.514170
    37 11.205375 0.000073 0.000008 -1.783953 0.291695 -0.248908
    38 3.767578 0.151855 -0.072693 -0.090833 -0.078893 -0.174026
    39 2.036716 -0.000004 0.000000 0.000012 -0.007577 -0.940629
    40 1.066406 0.000002 0.000000 0.000006 -0.004235 -0.116579
    41 3.783203 -0.023941 -0.794434 -0.344152 -0.088893 -0.269864
    42 1.628906 -0.000002 0.000001 0.000004 -0.007730 -0.659761
    43 0.955566 0.000002 -0.000001 0.000003 -0.004923 -0.331349
    44 1.258789 -0.308350 -1.250000 1.738856 0.204803 -0.550000
    45 1.392578 0.000000 0.000002 0.000004 0.222430 0.216078
    46 1.099609 0.000002 -0.000004 0.000002 0.280392 0.302814
    47 3.546538 0.208125 1.487114 0.333783 -0.052221 -0.250106
    48 1.218750 0.000006 0.000000 0.000002 -0.007081 -0.610627
    49 0.679688 0.000001 0.000000 0.000001 -0.003643 -0.669687
    50 3.696249 0.271114 0.723153 0.103581 -0.126168 -0.288627
    51 1.748047 -0.000015 0.000001 0.000000 -0.004401 -0.791139
    52 0.959961 -0.000004 -0.000001 0.000003 -0.007260 -0.432410
    53 -3.756462 5.577850 2.053357 1.570803 -0.000001 0.000000
    54 -2.735646 -0.081365 5.727119 0.000007 0.000015 1.570796
    55 0.000001 5.662003 -0.974302 1.570804 -0.000001 0.000000
    56 -0.000002 -2.275002 5.113525 0.000000 0.000000 -3.141592
    57 -2.477620 5.416855 4.597564 1.570804 -0.000001 0.000000
    58 -1.515218 1.317776 5.998497 0.000000 0.000000 0.000000
    59 -2.455992 5.657928 -0.087295 1.570804 -0.000001 0.000000
    60 -1.485628 -1.617812 5.263969 0.000000 0.000000 3.141592
    61 3.756460 5.577858 2.053359 1.570803 -0.000001 0.000000
    62 2.735645 -0.081364 5.727116 0.000004 -0.000011 -1.570795
    63 2.477613 5.416855 4.597570 1.570804 -0.000001 0.000000
    64 1.515220 1.317777 5.998508 0.000000 0.000000 0.000000
    65 2.455991 5.657928 -0.087293 1.570804 -0.000001 0.000000
    66 1.485620 -1.617803 5.263973 0.000000 0.000000 -3.141592
    67 4.575642 5.632584 0.000132 0.000000 -1.570771 0.249128
    68 -0.000001 0.314078 5.161098 0.000000 0.000000 0.000000
    69 -0.000001 -0.323108 3.750217 0.000000 0.000000 0.000000
    70 5.734947 1.075212 4.685178 1.570830 -0.000004 -1.321669
    71 -0.753896 0.305901 4.971462 -0.000001 0.000002 0.000000
    72 -1.101006 -0.314705 3.448307 0.000001 0.000001 0.000000
    73 5.809101 -1.029643 4.595047 1.570829 -0.000004 -1.321671
    74 -0.714908 -0.199657 5.028973 0.000000 0.000003 0.000000
    75 -0.282898 -0.851690 4.444889 0.000000 0.000000 0.000000
    76 9.578484 -1.290738 0.000240 0.000000 1.570770 -2.892481
    77 9.369518 -1.236408 1.787905 0.000000 1.570770 -2.892481
    78 9.436707 -1.331719 -1.409029 0.000000 1.570770 -2.892477
    79 5.735191 1.075235 -4.684885 -1.570814 0.000004 1.819923
    80 0.753901 0.305904 4.971474 -0.000001 -0.000002 0.000000
    81 1.101010 -0.314705 3.448315 0.000000 -0.000001 0.000000
    82 5.809341 -1.029617 -4.594752 -1.570814 0.000004 1.819922
    83 0.714908 -0.199655 5.028969 0.000000 -0.000003 0.000000
    84 0.282897 -0.851688 4.444893 0.000000 0.000000 0.000000
  time 21
    0 -26.300570 26.054218 36.524754 1.512649 -0.015472 0.118266
    1 3.983847 0.002149 0.003401 -1.966934 -0.272244 -1.347031
    2 15.938816 -0.000100 -0.000005 -0.000009 -0.000002 0.278328
    3 17.707025 -0.000068 0.000003 -0.008987 0.191630 -1.031268
    4 6.202515 0.003416 -0.000367 -0.011476 0.000743 -0.500547
    5 -3.983848 0.002149 0.003395 -1.649770 0.021280 -1.671220
    6 15.938826 -0.000113 -0.000001 0.000002 0.000010 0.690022
    7 17.707031 0.000018 0.000000 0.147791 0.151354 -1.291918
    8 6.202710 0.003078 0.003745 -0.076505 -0.006627 -0.827100
    9 -0.000001 4.209253 -1.688832 1.566912 -0.047353 1.564463
    10 3.836055 0.000000 0.000000 -0.003632 -0.016705 -0.093217
    11 3.617625 -0.000275 -0.000015 -0.004422 -0.014761 0.054513
    12 7.537925 0.003588 -0.000212 0.000309 -0.000811 0.208133
    13 3.181604 -0.002346 0.000028 3.148875 0.019599 0.224174
    14 2.966416 0.000318 0.000023 -0.107542 -0.031006 0.141432
    15 2.023770 0.904983 0.850949 1.757503 -1.236817 2.773793
    16 4.980521 0.000781 -0.001089 -1.862162 0.218310 -1.152592
    17 11.119977 0.000007 0.000004 -0.000003 -0.136098 -0.195950
    18 11.205393 -0.000039 0.000000 1.620219 -0.369601 0.152542
    19 3.767578 0.152466 0.071350 0.014352 0.037540 -0.177489
    20 2.037109 -0.000002 -0.000002 -0.000001 0.005004 -0.888526
    21 1.066406 0.000000 -0.000002 0.000002 0.002790 0.001101
    22 3.783203 -0.017258 0.794434 0.333287 -0.031876 -0.219057
    23 1.628906 0.000000 -0.000003 0.000000 0.005106 -0.697052
    24 0.955566 -0.000006 0.000001 -0.000006 0.003247 -0.272277
    25 1.258789 -0.297852 1.251953 -1.927900 -0.158435 -0.368924
    26 1.392578 0.000002 -0.000006 0.000000 0.002017 0.071902
    27 1.099609 0.000004 -0.000006 0.000000 -0.295768 0.023718
    28 3.547341 0.197447 -1.485758 -0.323544 0.115347 -0.238381
    29 1.218750 0.000004 0.000004 -0.000003 0.004665 -0.629642
    30 0.679688 0.000002 0.000000 0.000000 0.002402 -0.578397
    31 3.697266 0.267334 -0.728516 -0.105269 0.104461 -0.301442
    32 1.748047 0.000002 0.000004 -0.000001 0.002900 -0.623724
    33 0.956684 0.000008 0.000001 0.000003 0.004804 -0.321825
    34 2.023778 0.904982 -0.850921 -1.773535 1.232124 2.832169
    35 4.981625 0.002227 0.003236 1.665750 -0.066713 -1.065823
    36 11.119975 -0.000005 0.000000 0.000001 0.136123 -0.473687
    37 11.205375 0.000073 0.000008 -1.758231 0.253249 -0.239476
    38 3.767578 0.151855 -0.072693 -0.090833 -0.078893 -0.174026
    39 2.036716 -0.000004 0.000000 0.000012 -0.007577 -0.940629
    40 1.066406 0.000002 0.000000 0.000006 -0.004235 -0.116579
    41 3.783203 -0.023941 -0.794434 -0.344152 -0.088893 -0.269864
    42 1.628906 -0.000002 0.000001 0.000004 -0.007730 -0.659761
    43 0.955566 0.000002 -0.000001 0.000003 -0.004923 -0.331349
    44 1.258789 -0.308350 -1.250000 1.738856 0.204803 -0.550000
    45 1.392578 0.000000 0.000002 0.000004 0.222430 0.216078
    46 1.099609 0.000002 -0.000004 0.000002 0.280392 0.302814
    47 3.546538 0.208125 1.487114 0.333783 -0.052221 -0.250106
    48 1.218750 0.000006 0.000000 0.000002 -0.007081 -0.610627
    49 0.679688 0.000001 0.000000 0.000001 -0.003643 -0.669687
    50 3.696249 0.271114 0.723153 0.103581 -0.126168 -0.288627
    51 1.748047 -0.000015 0.000001 0.000000 -0.004401 -0.791139
    52 0.959961 -0.000004 -0.000001 0.000003 -0.007260 -0.432410
    53 -3.756462 5.577850 2.053357 1.570803 -0.000001 0.000000
    54 -2.735646 -0.081365 5.727119 0.000007 0.000015 1.570796
    55 0.000001 5.662003 -0.974302 1.570804 -0.000001 0.000000
    56 -0.000002 -2.275002 5.113525 0.000000 0.000000 -3.141592
    57 -2.477620 5.416855 4.597564 1.570804 -0.000001 0.000000
    58 -1.515218 1.317776 5.998497 0.000000 0.000000 0.000000
    59 -2.455992 5.657928 -0.087295 1.570804 -0.000001 0.000000
    60 -1.485628 -1.617812 5.263969 0.000000 0.000000 3.141592
    61 3.756460 5.577858 2.053359 1.570803 -0.000001 0.000000
    62 2.735645 -0.081364 5.727116 0.000004 -0.000011 -1.570795
    63 2.477613 5.416855 4.597570 1.570804 -0.000001 0.000000
    64 1.515220 1.317777 5.998508 0.000000 0.000000 0.000000
    65 2.455991 5.657928 -0.087293 1.570804 -0.000001 0.000000
    66 1.485620 -1.617803 5.263973 0.000000 0.000000 -3.141592
    67 4.575642 5.632584 0.000132 0.000000 -1.570771 0.249128
    68 -0.000001 0.314078 5.161098 0.000000 0.000000 0.000000
    69 -0.000001 -0.323108 3.750217 0.000000 0.000000 0.000000
    70 5.734947 1.075212 4.685178 1.570830 -0.000004 -1.321669
    71 -0.753896 0.305901 4.971462 -0.000001 0.000002 0.000000
    72 -1.101006 -0.314705 3.448307 0.000001 0.000001 0.000000
    73 5.809101 -1.029643 4.595047 1.570829 -0.000004 -1.321671
    74 -0.714908 -0.199657 5.028973 0.000000 0.000003 0.000000
    75 -0.282898 -0.851690 4.444889 0.000000 0.000000 0.000000
    76 9.578484 -1.290738 0.000240 0.000000 1.570770 -2.892481
    77 9.369518 -1.236408 1.787905 0.000000 1.570770 -2.892481
    78 9.436707 -1.331719 -1.409029 0.000000 1.570770 -2.892477
    79 5.735191 1.075235 -4.684885 -1.570814 0.000004 1.819923
    80 0.753901 0.305904 4.971474 -0.000001 -0.000002 0.000000
    81 1.101010 -0.314705 3.448315 0.000000 -0.000001 0.000000
    82 5.809341 -1.029617 -4.594752 -1.570814 0.000004 1.819922
    83 0.714908 -0.199655 5.028969 0.000000 -0.000003 0.000000
    84 0.282897 -0.851688 4.444893 0.000000 0.000000 0.000000
  time 22
    0 -27.757939 27.437384 36.544286 1.517970 0.005836 0.099096
    1 3.983847 0.002149 0.003401 -1.985839 -0.283769 -1.303133
    2 15.938816 -0.000100 -0.000005 -0.000009 -0.000002 0.276606
    3 17.707025 -0.000068 0.000003 -0.027048 0.194409 -1.054824
    4 6.202515 0.003416 -0.000367 -0.011656 0.000623 -0.500547
    5 -3.983848 0.002149 0.003395 -1.666202 0.028408 -1.627566
    6 15.938826 -0.000113 -0.000001 0.000002 0.000010 0.600465
    7 17.707031 0.000018 0.000000 0.106899 0.151568 -1.351008
    8 6.202710 0.003078 0.003745 -0.076577 -0.006519 -0.800695
    9 -0.000001 4.209253 -1.688832 1.567535 -0.045778 1.572037
    10 3.836055 0.000000 0.000000 -0.003368 0.002602 -0.094847
    11 3.617625 -0.000275 -0.000015 -0.004134 -0.011429 0.052894
    12 7.537925 0.003588 -0.000212 0.000501 0.000687 0.208133
    13 3.181604 -0.002346 0.000028 3.144273 0.007567 0.224138
    14 2.966416 0.000318 0.000023 -0.091782 -0.031833 0.136258
    15 2.023770 0.904983 0.850949 1.775403 -1.234090 2.754850
    16 4.980521 0.000781 -0.001089 -1.859066 0.197832 -1.148580
    17 11.119977 0.000007 0.000004 -0.000003 -0.136098 -0.209787
    18 11.205393 -0.000039 0.000000 1.616953 -0.355979 0.145579
    19 3.767578 0.152466 0.071350 0.014352 0.037540 -0.177489
    20 2.037109 -0.000002 -0.000002 -0.000001 0.005004 -0.888526
    21 1.066406 0.000000 -0.000002 0.000002 0.002790 0.001101
    22 3.783203 -0.017258 0.794434 0.333287 -0.031876 -0.219057
    23 1.628906 0.000000 -0.000003 0.000000 0.005106 -0.697052
    24 0.955566 -0.000006 0.000001 -0.000006 0.003247 -0.272277
    25 1.258789 -0.297852 1.251953 -1.927900 -0.158435 -0.368924
    26 1.392578 0.000002 -0.000006 0.000000 0.002017 0.071902
    27 1.099609 0.000004 -0.000006 0.000000 -0.295768 0.023718
    28 3.547341 0.197447 -1.485758 -0.323544 0.115347 -0.238381
    29 1.218750 0.000004 0.000004 -0.000003 0.004665 -0.629642
    30 0.679688 0.000002 0.000000 0.000000 0.002402 -0.578397
    31 3.697266 0.267334 -0.728516 -0.105269 0.104461 -0.301442
    32 1.748047 0.000002 0.000004 -0.000001 0.002900 -0.623724
    33 0.956684 0.000008 0.000001 0.000015 0.004804 -0.321825
    34 2.023778 0.904982 -0.850921 -1.755999 1.235300 2.850775
    35 4.981625 0.002227 0.003236 1.679423 -0.080454 -1.069496
    36 11.119975 -0.000005 0.000000 0.000001 0.136123 -0.437492
    37 11.205375 0.000073 0.000008 -1.738236 0.249797 -0.201425
    38 3.767578 0.151855 -0.072693 -0.090833 -0.078893 -0.174026
    39 2.036716 -0.000004 0.000000 0.000012 -0.007577 -0.940629
    40 1.066406 0.000002 0.000000 0.000006 -0.004235 -0.116579
    41 3.783203 -0.023941 -0.794434 -0.344152 -0.088893 -0.269864
    42 1.628906 -0.000002 0.000001 0.000004 -0.007730 -0.659761
    43 0.955566 0.000002 -0.000001 0.000003 -0.004923 -0.331349
    44 1.258789 -0.308350 -1.250000 1.738856 0.204803 -0.550000
    45 1.392578 0.000000 0.000002 0.000004 0.222430 0.216078
    46 1.099609 0.000002 -0.000004 0.000002 0.280392 0.302814
    47 3.546538 0.208125 1.487114 0.333783 -0.052221 -0.250106
    48 1.218750 0.000006 0.000000 0.000002 -0.007081 -0.610627
    49 0.679688 0.000001 0.000000 0.000001 -0.003643 -0.669687
    50 3.696249 0.271114 0.723153 0.103581 -0.126168 -0.288627
    51 1.748047 -0.000015 0.000001 0.000000 -0.004401 -0.791139
    52 0.959961 -0.000004 -0.000001 0.000003 -0.007260 -0.432410
    53 -3.756462 5.577850 2.053357 1.570803 -0.000001 0.000000
    54 -2.735646 -0.081365 5.727119 0.000007 0.000015 1.570796
    55 0.000001 5.662003 -0.974302 1.570804 -0.000001 0.000000
    56 -0.000002 -2.275002 5.113525 0.000000 0.000000 -3.141592
    57 -2.477620 5.416855 4.597564 1.570804 -0.000001 0.000000
    58 -1.515218 1.317776 5.998497 0.000000 0.000000 0.000000
    59 -2.455992 5.657928 -0.087295 1.570804 -0.000001 0.000000
    60 -1.485628 -1.617812 5.263969 0.000000 0.000000 3.141592
    61 3.756460 5.577858 2.053359 1.570803 -0.000001 0.000000
    62 2.735645 -0.081364 5.727116 0.000004 -0.000011 -1.570795
    63 2.477613 5.416855 4.597570 1.570804 -0.000001 0.000000
    64 1.515220 1.317777 5.998508 0.000000 0.000000 0.000000
    65 2.455991 5.657928 -0.087293 1.570804 -0.000001 0.000000
    66 1.485620 -1.617803 5.263973 0.000000 0.000000 -3.141592
    67 4.575642 5.632584 0.000132 0.000000 -1.570771 0.249128
    68 -0.000001 0.314078 5.161098 0.000000 0.000000 0.000000
    69 -0.000001 -0.323108 3.750217 0.000000 0.000000 0.000000
    70 5.734947 1.075212 4.685178 1.570830 -0.000004 -1.321669
    71 -0.753896 0.305901 4.971462 -0.000001 0.000002 0.000000
    72 -1.101006 -0.314705 3.448307 0.000001 0.000001 0.000000
    73 5.809101 -1.029643 4.595047 1.570829 -0.000004 -1.321671
    74 -0.714908 -0.199657 5.028973 0.000000 0.000003 0.000000
    75 -0.282898 -0.851690 4.444889 0.000000 0.000000 0.000000
    76 9.578484 -1.290738 0.000240 0.000000 1.570770 -2.892481
    77 9.369518 -1.236408 1.787905 0.000000 1.570770 -2.892481
    78 9.436707 -1.331719 -1.409029 0.000000 1.570770 -2.892477
    79 5.735191 1.075235 -4.684885 -1.570814 0.000004 1.819923
    80 0.753901 0.305904 4.971474 -0.000001 -0.000002 0.000000
    81 1.101010 -0.314705 3.448315 0.000000 -0.000001 0.000000
    82 5.809341 -1.029617 -4.594752 -1.570814 0.000004 1.819922
    83 0.714908 -0.199655 5.028969 0.000000 -0.000003 0.000000
    84 0.282897 -0.851688 4.444893 0.000000 0.000000 0.000000
  time 23
    0 -29.180150 28.828363 36.649758 1.525879 0.041239 0.075773
    1 3.983847 0.002149 0.003401 -2.016810 -0.334277 -1.235185
    2 15.938816 -0.000100 -0.000005 -0.000009 -0.000002 0.397793
    3 17.707025 -0.000068 0.000003 -0.030324 0.193794 -1.134853
    4 6.202515 0.003416 -0.000367 -0.011728 0.000587 -0.500547
    5 -3.983848 0.002149 0.003395 -1.686742 0.020421 -1.573420
    6 15.938826 -0.000113 -0.000001 0.000002 0.000010 0.528354
    7 17.707031 0.000018 0.000000 0.078519 0.134008 -1.381850
    8 6.202710 0.003078 0.003745 -0.077200 -0.006423 -0.699779
    9 -0.000001 4.209253 -1.688832 1.568733 -0.042790 1.584788
    10 3.836055 0.000000 0.000000 -0.003104 0.034541 -0.097951
    11 3.617625 -0.000275 -0.000015 -0.003763 -0.007258 0.049923
    12 7.537925 0.003588 -0.000212 0.000740 0.002365 0.208133
    13 3.181604 -0.002346 0.000028 3.139767 -0.005640 0.224138
    14 2.966416 0.000318 0.000023 -0.074417 -0.028525 0.124731
    15 2.023770 0.904983 0.850949 1.792103 -1.231158 2.737085
    16 4.980521 0.000781 -0.001089 -1.851170 0.175567 -1.144824
    17 11.119977 0.000007 0.000004 -0.000003 -0.136098 -0.228541
    18 11.205393 -0.000039 0.000000 1.609511 -0.352585 0.132516
    19 3.767578 0.152466 0.071350 0.014352 0.037540 -0.177489
    20 2.037109 -0.000002 -0.000002 -0.000001 0.005004 -0.888526
    21 1.066406 0.000000 -0.000002 0.000002 0.002790 0.001101
    22 3.783203 -0.017258 0.794434 0.333287 -0.031876 -0.219057
    23 1.628906 0.000000 -0.000003 0.000000 0.005106 -0.697052
    24 0.955566 -0.000006 0.000001 -0.000006 0.003247 -0.272277
    25 1.258789 -0.297852 1.251953 -1.927900 -0.158435 -0.368924
    26 1.392578 0.000002 -0.000006 0.000000 0.002017 0.071902
    27 1.099609 0.000004 -0.000006 0.000000 -0.295768 0.023718
    28 3.547341 0.197447 -1.485758 -0.323544 0.115347 -0.238381
    29 1.218750 0.000004 0.000004 -0.000003 0.004665 -0.629642
    30 0.679688 0.000002 0.000000 0.000000 0.002402 -0.578397
    31 3.697266 0.267334 -0.728516 -0.105269 0.104461 -0.301442
    32 1.748047 0.000002 0.000004 -0.000001 0.002900 -0.623724
    33 0.956684 0.000008 0.000001 0.000015 0.004804 -0.321825
    34 2.023778 0.904982 -0.850921 -1.739404 1.238557 2.868568
    35 4.981625 0.002227 0.003236 1.692219 -0.095239 -1.071582
    36 11.119975 -0.000005 0.000000 0.000001 0.136123 -0.394549
    37 11.205375 0.000073 0.000008 -1.715187 0.252386 -0.148944
    38 3.767578 0.151855 -0.072693 -0.090833 -0.078893 -0.174026
    39 2.036716 -0.000004 0.000000 0.000012 -0.007577 -0.940629
    40 1.066406 0.000002 0.000000 0.000006 -0.004235 -0.116579
    41 3.783203 -0.023941 -0.794434 -0.344152 -0.088893 -0.269864
    42 1.628906 -0.000002 0.000001 0.000004 -0.007730 -0.659761
    43 0.955566 0.000002 -0.000001 0.000003 -0.004923 -0.331349
    44 1.258789 -0.308350 -1.250000 1.738856 0.204803 -0.550000
    45 1.392578 0.000000 0.000002 0.000004 0.222430 0.216078
    46 1.099609 0.000002 -0.000004 0.000002 0.280392 0.302814
    47 3.546538 0.208125 1.487114 0.333783 -0.052221 -0.250106
    48 1.218750 0.000006 0.000000 0.000002 -0.007081 -0.610627
    49 0.679688 0.000001 0.000000 0.000001 -0.003643 -0.669687
    50 3.696249 0.271114 0.723153 0.103581 -0.126168 -0.288614
    51 1.748047 -0.000015 0.000001 0.000000 -0.004401 -0.791139
    52 0.959961 -0.000004 -0.000001 0.000003 -0.007260 -0.432410
    53 -3.756462 5.577850 2.053357 1.570803 -0.000001 0.000000
    54 -2.735646 -0.081365 5.727119 0.000007 0.000015 1.570796
    55 0.000001 5.662003 -0.974302 1.570804 -0.000001 0.000000
    56 -0.000002 -2.275002 5.113525 0.000000 0.000000 -3.141592
    57 -2.477620 5.416855 4.597564 1.570804 -0.000001 0.000000
    58 -1.515218 1.317776 5.998497 0.000000 0.000000 0.000000
    59 -2.455992 5.657928 -0.087295 1.570804 -0.000001 0.000000
    60 -1.485628 -1.617812 5.263969 0.000000 0.000000 3.141592
    61 3.756460 5.577858 2.053359 1.570803 -0.000001 0.000000
    62 2.735645 -0.081364 5.727116 0.000004 -0.000011 -1.570795
    63 2.477613 5.416855 4.597570 1.570804 -0.000001 0.000000
    64 1.515220 1.317777 5.998508 0.000000 0.000000 0.000000
    65 2.455991 5.657928 -0.087293 1.570804 -0.000001 0.000000
    66 1.485620 -1.617803 5.263973 0.000000 0.000000 -3.141592
    67 4.575642 5.632584 0.000132 0.000000 -1.570771 0.249128
    68 -0.000001 0.314078 5.161098 0.000000 0.000000 0.000000
    69 -0.000001 -0.323108 3.750217 0.000000 0.000000 0.000000
    70 5.734947 1.075212 4.685178 1.570830 -0.000004 -1.321669
    71 -0.753896 0.305901 4.971462 -0.000001 0.000002 0.000000
    72 -1.101006 -0.314705 3.448307 0.000001 0.000001 0.000000
    73 5.809101 -1.029643 4.595047 1.570829 -0.000004 -1.321671
    74 -0.714908 -0.199657 5.028973 0.000000 0.000003 0.000000
    75 -0.282898 -0.851690 4.444889 0.000000 0.000000 0.000000
    76 9.578484 -1.290738 0.000240 0.000000 1.570770 -2.892481
    77 9.369518 -1.236408 1.787905 0.000000 1.570770 -2.892481
    78 9.436707 -1.331719 -1.409029 0.000000 1.570770 -2.892477
    79 5.735191 1.075235 -4.684885 -1.570814 0.000004 1.819923
    80 0.753901 0.305904 4.971474 -0.000001 -0.000002 0.000000
    81 1.101010 -0.314705 3.448315 0.000000 -0.000001 0.000000
    82 5.809341 -1.029617 -4.594752 -1.570814 0.000004 1.819922
    83 0.714908 -0.199655 5.028969 0.000000 -0.000003 0.000000
    84 0.282897 -0.851688 4.444893 0.000000 0.000000 0.000000
  time 24
    0 -30.508608 30.160747 36.786481 1.533165 0.069846 0.049063
    1 3.983847 0.002149 0.003401 -2.052625 -0.371301 -1.182256
    2 15.938816 -0.000100 -0.000005 -0.000009 -0.000002 0.539125
    3 17.707025 -0.000068 0.000003 -0.020165 0.191799 -1.212221
    4 6.202515 0.003416 -0.000367 -0.011608 0.000659 -0.500547
    5 -3.983848 0.002149 0.003395 -1.711868 0.029482 -1.529860
    6 15.938826 -0.000113 -0.000001 0.000002 0.000010 0.425760
    7 17.707031 0.000018 0.000000 0.058889 0.110095 -1.389049
    8 6.202710 0.003078 0.003745 -0.077811 -0.006315 -0.607381
    9 -0.000001 4.209253 -1.688832 1.569836 -0.038832 1.594903
    10 3.836055 0.000000 0.000000 -0.002781 0.060032 -0.102001
    11 3.617625 -0.000275 -0.000015 -0.003355 -0.002249 0.045953
    12 7.537925 0.003588 -0.000212 0.000992 0.003983 0.208145
    13 3.181604 -0.002346 0.000028 3.134589 -0.018715 0.224138
    14 2.966416 0.000318 0.000023 -0.052940 -0.024570 0.106351
    15 2.023770 0.904983 0.850949 1.806753 -1.228227 2.721314
    16 4.980521 0.000781 -0.001089 -1.839766 0.154280 -1.138110
    17 11.119977 0.000007 0.000004 -0.000003 -0.136098 -0.252499
    18 11.205393 -0.000039 0.000000 1.599619 -0.356088 0.113951
    19 3.767578 0.152466 0.071350 0.014352 0.037540 -0.177489
    20 2.037109 -0.000002 -0.000002 -0.000001 0.005004 -0.888526
    21 1.066406 0.000000 -0.000002 0.000002 0.002790 0.001101
    22 3.783203 -0.017258 0.794434 0.333287 -0.031876 -0.219057
    23 1.628906 0.000000 -0.000003 0.000000 0.005106 -0.697052
    24 0.955566 -0.000006 0.000001 -0.000006 0.003247 -0.272277
    25 1.258789 -0.297852 1.251953 -1.927900 -0.158435 -0.368924
    26 1.392578 0.000002 -0.000006 0.000000 0.002017 0.071902
    27 1.099609 0.000004 -0.000006 0.000000 -0.295768 0.023718
    28 3.547341 0.197447 -1.485758 -0.323544 0.115347 -0.238453
    29 1.218750 0.000004 0.000004 -0.000003 0.004665 -0.629642
    30 0.679688 0.000002 0.000000 0.000000 0.002402 -0.578397
    31 3.697266 0.267334 -0.728516 -0.105269 0.104461 -0.301442
    32 1.748047 0.000002 0.000004 -0.000001 0.002900 -0.623724
    33 0.956684 0.000008 0.000001 0.000003 0.004804 -0.321825
    34 2.023778 0.904982 -0.850921 -1.723903 1.241773 2.884916
    35 4.981625 0.002227 0.003236 1.701919 -0.110436 -1.075490
    36 11.119975 -0.000005 0.000000 0.000001 0.136123 -0.350598
    37 11.205375 0.000073 0.000008 -1.696289 0.264418 -0.110366
    38 3.767578 0.151855 -0.072693 -0.090833 -0.078893 -0.174026
    39 2.036716 -0.000004 0.000000 0.000012 -0.007577 -0.940629
    40 1.066406 0.000002 0.000000 0.000006 -0.004235 -0.116579
    41 3.783203 -0.023941 -0.794434 -0.344152 -0.088893 -0.269864
    42 1.628906 -0.000002 0.000001 0.000004 -0.007730 -0.659761
    43 0.955566 0.000002 -0.000001 0.000003 -0.004923 -0.331349
    44 1.258789 -0.308350 -1.250000 1.738856 0.204803 -0.550000
    45 1.392578 0.000000 0.000002 0.000004 0.222430 0.216078
    46 1.099609 0.000002 -0.000004 0.000002 0.280392 0.302814
    47 3.546538 0.208125 1.487114 0.333783 -0.052221 -0.250166
    48 1.218750 0.000006 0.000000 0.000002 -0.007081 -0.610627
    49 0.679688 0.000001 0.000000 0.000001 -0.003643 -0.669687
    50 3.696249 0.271114 0.723153 0.103581 -0.126168 -0.288614
    51 1.748047 -0.000015 0.000001 0.000000 -0.004401 -0.791139
    52 0.959961 -0.000004 -0.000001 0.000003 -0.007260 -0.432410
    53 -3.756462 5.577850 2.053357 1.570803 -0.000001 0.000000
    54 -2.735646 -0.081365 5.727119 0.000007 0.000015 1.570796
    55 0.000001 5.662003 -0.974302 1.570804 -0.000001 0.000000
    56 -0.000002 -2.275002 5.113525 0.000000 0.000000 -3.141592
    57 -2.477620 5.416855 4.597564 1.570804 -0.000001 0.000000
    58 -1.515218 1.317776 5.998497 0.000000 0.000000 0.000000
    59 -2.455992 5.657928 -0.087295 1.570804 -0.000001 0.000000
    60 -1.485628 -1.617812 5.263969 0.000000 0.000000 3.141592
    61 3.756460 5.577858 2.053359 1.570803 -0.000001 0.000000
    62 2.735645 -0.081364 5.727116 0.000004 -0.000011 -1.570795
    63 2.477613 5.416855 4.597570 1.570804 -0.000001 0.000000
    64 1.515220 1.317777 5.998508 0.000000 0.000000 0.000000
    65 2.455991 5.657928 -0.087293 1.570804 -0.000001 0.000000
    66 1.485620 -1.617803 5.263973 0.000000 0.000000 -3.141592
    67 4.575642 5.632584 0.000132 0.000000 -1.570771 0.249128
    68 -0.000001 0.314078 5.161098 0.000000 0.000000 0.000000
    69 -0.000001 -0.323108 3.750217 0.000000 0.000000 0.000000
    70 5.734947 1.075212 4.685178 1.570830 -0.000004 -1.321669
    71 -0.753896 0.305901 4.971462 -0.000001 0.000002 0.000000
    72 -1.101006 -0.314705 3.448307 0.000001 0.000001 0.000000
    73 5.809101 -1.029643 4.595047 1.570829 -0.000004 -1.321671
    74 -0.714908 -0.199657 5.028973 0.000000 0.000003 0.000000
    75 -0.282898 -0.851690 4.444889 0.000000 0.000000 0.000000
    76 9.578484 -1.290738 0.000240 0.000000 1.570770 -2.892481
    77 9.369518 -1.236408 1.787905 0.000000 1.570770 -2.892481
    78 9.436707 -1.331719 -1.409029 0.000000 1.570770 -2.892477
    79 5.735191 1.075235 -4.684885 -1.570814 0.000004 1.819923
    80 0.753901 0.305904 4.971474 -0.000001 -0.000002 0.000000
    81 1.101010 -0.314705 3.448315 0.000000 -0.000001 0.000000
    82 5.809341 -1.029617 -4.594752 -1.570814 0.000004 1.819922
    83 0.714908 -0.199655 5.028969 0.000000 -0.000003 0.000000
    84 0.282897 -0.851688 4.444893 0.000000 0.000000 0.000000
  time 25
    0 -31.766751 31.383752 36.946642 1.538678 0.078823 0.020180
    1 3.983847 0.002149 0.003401 -2.084071 -0.369121 -1.162766
    2 15.938816 -0.000100 -0.000005 -0.000009 -0.000002 0.652534
    3 17.707025 -0.000068 0.000003 -0.001718 0.191948 -1.238531
    4 6.202515 0.003416 -0.000367 -0.011189 0.000923 -0.500547
    5 -3.983848 0.002149 0.003395 -1.740243 0.031715 -1.504474
    6 15.938826 -0.000113 -0.000001 0.000002 0.000010 0.342816
    7 17.707031 0.000018 0.000000 0.047283 0.086075 -1.373320
    8 6.202710 0.003078 0.003745 -0.078279 -0.006243 -0.545019
    9 -0.000001 4.209253 -1.688832 1.570507 -0.034713 1.597731
    10 3.836055 0.000000 0.000000 -0.002409 0.067438 -0.106196
    11 3.617625 -0.000275 -0.000015 -0.002900 0.003168 0.041828
    12 7.537925 0.003588 -0.000212 0.001339 0.006547 0.208145
    13 3.181604 -0.002346 0.000028 3.130275 -0.029789 0.224258
    14 2.966416 0.000318 0.000023 -0.026562 -0.021130 0.093644
    15 2.023770 0.904983 0.850949 1.829403 -1.222812 2.697023
    16 4.980521 0.000781 -0.001089 -1.810713 0.120275 -1.111449
    17 11.119977 0.000007 0.000004 -0.000003 -0.136098 -0.310478
    18 11.205393 -0.000039 0.000000 1.576906 -0.372873 0.067140
    19 3.767578 0.152466 0.071350 0.014352 0.037540 -0.177489
    20 2.037109 -0.000002 -0.000002 -0.000001 0.005004 -0.888526
    21 1.066406 0.000000 -0.000002 0.000002 0.002790 0.001101
    22 3.783203 -0.017258 0.794434 0.333287 -0.031876 -0.219057
    23 1.628906 0.000000 -0.000003 0.000000 0.005106 -0.697052
    24 0.955566 -0.000006 0.000001 -0.000006 0.003247 -0.272277
    25 1.258789 -0.297852 1.251953 -1.927900 -0.158435 -0.368924
    26 1.392578 0.000002 -0.000006 0.000000 0.002017 0.071902
    27 1.099609 0.000004 -0.000006 0.000000 -0.295768 0.023718
    28 3.547341 0.197447 -1.485758 -0.323544 0.115347 -0.238381
    29 1.218750 0.000004 0.000004 -0.000003 0.004665 -0.629642
    30 0.679688 0.000002 0.000000 0.000000 0.002402 -0.578397
    31 3.697266 0.267334 -0.728516 -0.105269 0.104461 -0.301442
    32 1.748047 0.000002 0.000004 -0.000001 0.002900 -0.623724
    33 0.956684 0.000008 0.000001 0.000003 0.004804 -0.321825
    34 2.023778 0.904982 -0.850921 -1.699166 1.247596 2.911200
    35 4.981625 0.002227 0.003236 1.709194 -0.138852 -1.092384
    36 11.119975 -0.000005 0.000000 0.000001 0.136123 -0.276442
    37 11.205375 0.000073 0.000008 -1.674672 0.316515 -0.085929
    38 3.767578 0.151855 -0.072693 -0.090833 -0.078893 -0.174026
    39 2.036716 -0.000004 0.000000 0.000012 -0.007577 -0.940629
    40 1.066406 0.000002 0.000000 0.000006 -0.004235 -0.116579
    41 3.783203 -0.023941 -0.794434 -0.344152 -0.088893 -0.269864
    42 1.628906 -0.000002 0.000001 0.000004 -0.007730 -0.659761
    43 0.955566 0.000002 -0.000001 0.000003 -0.004923 -0.331349
    44 1.258789 -0.308350 -1.250000 1.738856 0.204803 -0.550000
    45 1.392578 0.000000 0.000002 0.000004 0.222430 0.216078
    46 1.099609 0.000002 -0.000004 0.000002 0.280392 0.302814
    47 3.546538 0.208125 1.487114 0.333783 -0.052221 -0.250106
    48 1.218750 0.000006 0.000000 0.000002 -0.007081 -0.610627
    49 0.679688 0.000001 0.000000 0.000001 -0.003643 -0.669687
    50 3.696249 0.271114 0.723153 0.103581 -0.126168 -0.288614
    51 1.748047 -0.000015 0.000001 0.000000 -0.004401 -0.791139
    52 0.959961 -0.000004 -0.000001 0.000003 -0.007260 -0.432410
    53 -3.756462 5.577850 2.053357 1.570803 -0.000001 0.000000
    54 -2.735646 -0.081365 5.727119 0.000007 0.000015 1.570796
    55 0.000001 5.662003 -0.974302 1.570804 -0.000001 0.000000
    56 -0.000002 -2.275002 5.113525 0.000000 0.000000 -3.141592
    57 -2.477620 5.416855 4.597564 1.570804 -0.000001 0.000000
    58 -1.515218 1.317776 5.998497 0.000000 0.000000 0.000000
    59 -2.455992 5.657928 -0.087295 1.570804 -0.000001 0.000000
    60 -1.485628 -1.617812 5.263969 0.000000 0.000000 3.141592
    61 3.756460 5.577858 2.053359 1.570803 -0.000001 0.000000
    62 2.735645 -0.081364 5.727116 0.000004 -0.000011 -1.570795
    63 2.477613 5.416855 4.597570 1.570804 -0.000001 0.000000
    64 1.515220 1.317777 5.998508 0.000000 0.000000 0.000000
    65 2.455991 5.657928 -0.087293 1.570804 -0.000001 0.000000
    66 1.485620 -1.617803 5.263973 0.000000 0.000000 -3.141592
    67 4.575642 5.632584 0.000132 0.000000 -1.570771 0.249128
    68 -0.000001 0.314078 5.161098 0.000000 0.000000 0.000000
    69 -0.000001 -0.323108 3.750217 0.000000 0.000000 0.000000
    70 5.734947 1.075212 4.685178 1.570830 -0.000004 -1.321669
    71 -0.753896 0.305901 4.971462 -0.000001 0.000002 0.000000
    72 -1.101006 -0.314705 3.448307 0.000001 0.000001 0.000000
    73 5.809101 -1.029643 4.595047 1.570829 -0.000004 -1.321671
    74 -0.714908 -0.199657 5.028973 0.000000 0.000003 0.000000
    75 -0.282898 -0.851690 4.444889 0.000000 0.000000 0.000000
    76 9.578484 -1.290738 0.000240 0.000000 1.570770 -2.892481
    77 9.369518 -1.236408 1.787905 0.000000 1.570770 -2.892481
    78 9.436707 -1.331719 -1.409029 0.000000 1.570770 -2.892477
    79 5.735191 1.075235 -4.684885 -1.570814 0.000004 1.819923
    80 0.753901 0.305904 4.971474 -0.000001 -0.000002 0.000000
    81 1.101010 -0.314705 3.448315 0.000000 -0.000001 0.000000
    82 5.809341 -1.029617 -4.594752 -1.570814 0.000004 1.819922
    83 0.714908 -0.199655 5.028969 0.000000 -0.000003 0.000000
    84 0.282897 -0.851688 4.444893 0.000000 0.000000 0.000000
  time 26
    0 -32.978018 32.555975 37.098990 1.542657 0.074940 -0.009469
    1 3.983847 0.002149 0.003401 -2.117036 -0.370411 -1.144796
    2 15.938816 -0.000100 -0.000005 -0.000009 -0.000002 0.828354
    3 17.707025 -0.000068 0.000003 0.016976 0.193963 -1.280564
    4 6.202515 0.003416 -0.000367 -0.009834 0.001498 -0.515587
    5 -3.983848 0.002149 0.003395 -1.769573 -0.002080 -1.480961
    6 15.938826 -0.000113 -0.000001 0.000002 0.000010 0.331102
    7 17.707031 0.000018 0.000000 0.033842 0.075082 -1.347278
    8 6.202710 0.003078 0.003745 -0.078459 -0.006207 -0.522722
    9 -0.000001 4.209253 -1.688832 1.570747 -0.031139 1.596197
    10 3.836055 0.000000 0.000000 -0.001966 0.063412 -0.109767
    11 3.617625 -0.000275 -0.000015 -0.002468 0.008405 0.038238
    12 7.537925 0.003588 -0.000212 0.001459 0.007314 0.208145
    13 3.181604 -0.002346 0.000028 3.127303 -0.037639 0.224354
    14 2.966416 0.000318 0.000023 0.001841 -0.016948 0.087926
    15 2.023770 0.904983 0.850949 1.836653 -1.220817 2.689228
    16 4.980521 0.000781 -0.001089 -1.795335 0.108603 -1.093752
    17 11.119977 0.000007 0.000004 -0.000003 -0.136098 -0.342098
    18 11.205393 -0.000039 0.000000 1.565862 -0.385583 0.046191
    19 3.767578 0.152466 0.071350 0.014352 0.037540 -0.177489
    20 2.037109 -0.000002 -0.000002 -0.000001 0.005004 -0.888526
    21 1.066406 0.000000 -0.000002 0.000002 0.002790 0.001101
    22 3.783203 -0.017258 0.794434 0.333287 -0.031876 -0.219057
    23 1.628906 0.000000 -0.000003 0.000000 0.005106 -0.697052
    24 0.955566 -0.000006 0.000001 -0.000006 0.003247 -0.272277
    25 1.258789 -0.297852 1.251953 -1.927900 -0.158435 -0.368924
    26 1.392578 0.000002 -0.000006 0.000000 0.002017 0.071902
    27 1.099609 0.000004 -0.000006 0.000000 -0.295768 0.023718
    28 3.547341 0.197447 -1.485758 -0.323544 0.115347 -0.238381
    29 1.218750 0.000004 0.000004 -0.000003 0.004665 -0.629642
    30 0.679688 0.000002 0.000000 0.000000 0.002402 -0.578397
    31 3.697266 0.267334 -0.728516 -0.105269 0.104461 -0.301442
    32 1.748047 0.000002 0.000004 -0.000001 0.002900 -0.623724
    33 0.956684 0.000008 0.000001 0.000027 0.004804 -0.321825
    34 2.023778 0.904982 -0.850921 -1.690712 1.249713 2.919961
    35 4.981625 0.002227 0.003236 1.708317 -0.154407 -1.103990
    36 11.119975 -0.000005 0.000000 0.000001 0.136123 -0.248759
    37 11.205375 0.000073 0.000008 -1.670472 0.343253 -0.093204
    38 3.767578 0.151855 -0.072693 -0.090833 -0.078893 -0.174026
    39 2.036716 -0.000004 0.000000 0.000012 -0.007577 -0.940629
    40 1.066406 0.000002 0.000000 0.000006 -0.004235 -0.116579
    41 3.783203 -0.023941 -0.794434 -0.344152 -0.088893 -0.269864
    42 1.628906 -0.000002 0.000001 0.000004 -0.007730 -0.659761
    43 0.955566 0.000002 -0.000001 0.000003 -0.004923 -0.331349
    44 1.258789 -0.308350 -1.250000 1.738856 0.204803 -0.550000
    45 1.392578 0.000000 0.000002 0.000004 0.222430 0.216078
    46 1.099609 0.000002 -0.000004 0.000002 0.280392 0.302814
    47 3.546538 0.208125 1.487114 0.333783 -0.052221 -0.250106
    48 1.218750 0.000006 0.000000 0.000002 -0.007081 -0.610627
    49 0.679688 0.000001 0.000000 0.000001 -0.003643 -0.669687
    50 3.696249 0.271114 0.723153 0.103581 -0.126168 -0.288627
    51 1.748047 -0.000015 0.000001 0.000000 -0.004401 -0.791139
    52 0.959961 -0.000004 -0.000001 0.000003 -0.007260 -0.432410
    53 -3.756462 5.577850 2.053357 1.570803 -0.000001 0.000000
    54 -2.735646 -0.081365 5.727119 0.000007 0.000015 1.570796
    55 0.000001 5.662003 -0.974302 1.570804 -0.000001 0.000000
    56 -0.000002 -2.275002 5.113525 0.000000 0.000000 -3.141592
    57 -2.477620 5.416855 4.597564 1.570804 -0.000001 0.000000
    58 -1.515218 1.317776 5.998497 0.000000 0.000000 0.000000
    59 -2.455992 5.657928 -0.087295 1.570804 -0.000001 0.000000
    60 -1.485628 -1.617812 5.263969 0.000000 0.000000 3.141592
    61 3.756460 5.577858 2.053359 1.570803 -0.000001 0.000000
    62 2.735645 -0.081364 5.727116 0.000004 -0.000011 -1.570795
    63 2.477613 5.416855 4.597570 1.570804 -0.000001 0.000000
    64 1.515220 1.317777 5.998508 0.000000 0.000000 0.000000
    65 2.455991 5.657928 -0.087293 1.570804 -0.000001 0.000000
    66 1.485620 -1.617803 5.263973 0.000000 0.000000 -3.141592
    67 4.575642 5.632584 0.000132 0.000000 -1.570771 0.249128
    68 -0.000001 0.314078 5.161098 0.000000 0.000000 0.000000
    69 -0.000001 -0.323108 3.750217 0.000000 0.000000 0.000000
    70 5.734947 1.075212 4.685178 1.570830 -0.000004 -1.321669
    71 -0.753896 0.305901 4.971462 -0.000001 0.000002 0.000000
    72 -1.101006 -0.314705 3.448307 0.000001 0.000001 0.000000
    73 5.809101 -1.029643 4.595047 1.570829 -0.000004 -1.321671
    74 -0.714908 -0.199657 5.028973 0.000000 0.000003 0.000000
    75 -0.282898 -0.851690 4.444889 0.000000 0.000000 0.000000
    76 9.578484 -1.290738 0.000240 0.000000 1.570770 -2.892481
    77 9.369518 -1.236408 1.787905 0.000000 1.570770 -2.892481
    78 9.436707 -1.331719 -1.409029 0.000000 1.570770 -2.892477
    79 5.735191 1.075235 -4.684885 -1.570814 0.000004 1.819923
    80 0.753901 0.305904 4.971474 -0.000001 -0.000002 0.000000
    81 1.101010 -0.314705 3.448315 0.000000 -0.000001 0.000000
    82 5.809341 -1.029617 -4.594752 -1.570814 0.000004 1.819922
    83 0.714908 -0.199655 5.028969 0.000000 -0.000003 0.000000
    84 0.282897 -0.851688 4.444893 0.000000 0.000000 0.000000
  time 27
    0 -34.169753 33.689134 37.196649 1.545437 0.058329 -0.038863
    1 3.983847 0.002149 0.003401 -2.142496 -0.338905 -1.167058
    2 15.938816 -0.000100 -0.000005 -0.000009 -0.000002 0.963247
    3 17.707025 -0.000068 0.000003 0.044949 0.189593 -1.297207
    4 6.202515 0.003416 -0.000367 -0.008456 0.002433 -0.494551
    5 -3.983848 0.002149 0.003395 -1.798902 -0.041672 -1.458947
    6 15.938826 -0.000113 -0.000001 0.000002 0.000010 0.335762
    7 17.707031 0.000018 0.000000 0.007774 0.087984 -1.326944
    8 6.202710 0.003078 0.003745 -0.078602 -0.006183 -0.504734
    9 -0.000001 4.209253 -1.688832 1.570747 -0.028777 1.590109
    10 3.836055 0.000000 0.000000 -0.001558 0.048251 -0.112033
    11 3.617625 -0.000275 -0.000015 -0.001965 0.012780 0.035914
    12 7.537925 0.003588 -0.000212 0.001519 0.007734 0.208145
    13 3.181604 -0.002346 0.000028 3.125577 -0.042085 0.224450
    14 2.966416 0.000318 0.000023 0.031911 -0.013161 0.087835
    15 2.023770 0.904983 0.850949 1.840503 -1.219392 2.685058
    16 4.980521 0.000781 -0.001089 -1.781041 0.100675 -1.074176
    17 11.119977 0.000007 0.000004 -0.000003 -0.136098 -0.375376
    18 11.205393 -0.000039 0.000000 1.558131 -0.399048 0.036303
    19 3.767578 0.152466 0.071350 0.014352 0.037540 -0.177489
    20 2.037109 -0.000002 -0.000002 -0.000001 0.005004 -0.888526
    21 1.066406 0.000000 -0.000002 0.000002 0.002790 0.001101
    22 3.783203 -0.017258 0.794434 0.333287 -0.031876 -0.219057
    23 1.628906 0.000000 -0.000003 0.000000 0.005106 -0.697052
    24 0.955566 -0.000006 0.000001 -0.000006 0.003247 -0.272277
    25 1.258789 -0.297852 1.251953 -1.927900 -0.158435 -0.368924
    26 1.392578 0.000002 -0.000006 0.000000 0.002017 0.071902
    27 1.099609 0.000004 -0.000006 0.000000 -0.295768 0.023718
    28 3.547341 0.197447 -1.485758 -0.323544 0.115347 -0.238381
    29 1.218750 0.000004 0.000004 -0.000003 0.004665 -0.629642
    30 0.679688 0.000002 0.000000 0.000000 0.002402 -0.578397
    31 3.697266 0.267334 -0.728516 -0.105269 0.104461 -0.301442
    32 1.748047 0.000002 0.000004 -0.000001 0.002900 -0.623724
    33 0.956684 0.000008 0.000001 0.000003 0.004804 -0.321825
    34 2.023778 0.904982 -0.850921 -1.685858 1.251342 2.925109
    35 4.981625 0.002227 0.003236 1.708059 -0.170126 -1.117211
    36 11.119975 -0.000005 0.000000 0.000001 0.136123 -0.226500
    37 11.205375 0.000073 0.000008 -1.671570 0.376989 -0.107633
    38 3.767578 0.151855 -0.072693 -0.090833 -0.078893 -0.174026
    39 2.036716 -0.000004 0.000000 0.000012 -0.007577 -0.940629
    40 1.066406 0.000002 0.000000 0.000006 -0.004235 -0.116579
    41 3.783203 -0.023941 -0.794434 -0.344152 -0.088893 -0.269864
    42 1.628906 -0.000002 0.000001 0.000004 -0.007730 -0.659761
    43 0.955566 0.000002 -0.000001 0.000003 -0.004923 -0.331349
    44 1.258789 -0.308350 -1.250000 1.738856 0.204803 -0.550000
    45 1.392578 0.000000 0.000002 0.000004 0.222430 0.216078
    46 1.099609 0.000002 -0.000004 0.000002 0.280392 0.302814
    47 3.546538 0.208125 1.487114 0.333783 -0.052221 -0.250106
    48 1.218750 0.000006 0.000000 0.000002 -0.007081 -0.610627
    49 0.679688 0.000001 0.000000 0.000001 -0.003643 -0.669687
    50 3.696249 0.271114 0.723153 0.103581 -0.126168 -0.288627
    51 1.748047 -0.000015 0.000001 0.000000 -0.004401 -0.791139
    52 0.959961 -0.000004 -0.000001 0.000003 -0.007260 -0.432410
    53 -3.756462 5.577850 2.053357 1.570803 -0.000001 0.000000
    54 -2.735646 -0.081365 5.727119 0.000007 0.000015 1.570796
    55 0.000001 5.662003 -0.974302 1.570804 -0.000001 0.000000
    56 -0.000002 -2.275002 5.113525 0.000000 0.000000 -3.141592
    57 -2.477620 5.416855 4.597564 1.570804 -0.000001 0.000000
    58 -1.515218 1.317776 5.998497 0.000000 0.000000 0.000000
    59 -2.455992 5.657928 -0.087295 1.570804 -0.000001 0.000000
    60 -1.485628 -1.617812 5.263969 0.000000 0.000000 3.141592
    61 3.756460 5.577858 2.053359 1.570803 -0.000001 0.000000
    62 2.735645 -0.081364 5.727116 0.000004 -0.000011 -1.570795
    63 2.477613 5.416855 4.597570 1.570804 -0.000001 0.000000
    64 1.515220 1.317777 5.998508 0.000000 0.000000 0.000000
    65 2.455991 5.657928 -0.087293 1.570804 -0.000001 0.000000
    66 1.485620 -1.617803 5.263973 0.000000 0.000000 -3.141592
    67 4.575642 5.632584 0.000132 0.000000 -1.570771 0.249128
    68 -0.000001 0.314078 5.161098 0.000000 0.000000 0.000000
    69 -0.000001 -0.323108 3.750217 0.000000 0.000000 0.000000
    70 5.734947 1.075212 4.685178 1.570830 -0.000004 -1.321669
    71 -0.753896 0.305901 4.971462 -0.000001 0.000002 0.000000
    72 -1.101006 -0.314705 3.448307 0.000001 0.000001 0.000000
    73 5.809101 -1.029643 4.595047 1.570829 -0.000004 -1.321671
    74 -0.714908 -0.199657 5.028973 0.000000 0.000003 0.000000
    75 -0.282898 -0.851690 4.444889 0.000000 0.000000 0.000000
    76 9.578484 -1.290738 0.000240 0.000000 1.570770 -2.892481
    77 9.369518 -1.236408 1.787905 0.000000 1.570770 -2.892481
    78 9.436707 -1.331719 -1.409029 0.000000 1.570770 -2.892477
    79 5.735191 1.075235 -4.684885 -1.570814 0.000004 1.819923
    80 0.753901 0.305904 4.971474 -0.000001 -0.000002 0.000000
    81 1.101010 -0.314705 3.448315 0.000000 -0.000001 0.000000
    82 5.809341 -1.029617 -4.594752 -1.570814 0.000004 1.819922
    83 0.714908 -0.199655 5.028969 0.000000 -0.000003 0.000000
    84 0.282897 -0.851688 4.444893 0.000000 0.000000 0.000000
  time 28
    0 -35.341957 34.814480 37.251339 1.546684 0.037967 -0.066915
    1 3.983847 0.002149 0.003401 -2.162352 -0.280654 -1.232681
    2 15.938816 -0.000100 -0.000005 -0.000009 -0.000002 1.045930
    3 17.707025 -0.000068 0.000003 0.084925 0.166976 -1.288977
    4 6.202515 0.003416 -0.000367 -0.007414 0.002841 -0.520889
    5 -3.983848 0.002149 0.003395 -1.827372 -0.088091 -1.436651
    6 15.938826 -0.000113 -0.000001 0.000002 0.000010 0.359317
    7 17.707031 0.000018 0.000000 -0.017455 0.100976 -1.302912
    8 6.202710 0.003078 0.003745 -0.078650 -0.006183 -0.498948
    9 -0.000001 4.209253 -1.688832 1.570507 -0.027969 1.582775
    10 3.836055 0.000000 0.000000 -0.001151 0.030058 -0.112608
    11 3.617625 -0.000275 -0.000015 -0.001510 0.015848 0.035802
    12 7.537925 0.003588 -0.000212 0.001543 0.007902 0.208145
    13 3.181604 -0.002346 0.000028 3.125194 -0.043499 0.224450
    14 2.966416 0.000318 0.000023 0.059727 -0.003968 0.094506
    15 2.023770 0.904983 0.850949 1.840803 -1.218740 2.684605
    16 4.980521 0.000781 -0.001089 -1.767985 0.095818 -1.054829
    17 11.119977 0.000007 0.000004 -0.000003 -0.136098 -0.410026
    18 11.205393 -0.000039 0.000000 1.564134 -0.411782 0.017991
    19 3.767578 0.152466 0.071350 0.014352 0.037540 -0.177489
    20 2.037109 -0.000002 -0.000002 -0.000001 0.005004 -0.888526
    21 1.066406 0.000000 -0.000002 0.000002 0.002790 0.001101
    22 3.783203 -0.017258 0.794434 0.333287 -0.031876 -0.219057
    23 1.628906 0.000000 -0.000003 0.000000 0.005106 -0.697052
    24 0.955566 -0.000006 0.000001 -0.000006 0.003247 -0.272277
    25 1.258789 -0.297852 1.251953 -1.927900 -0.158435 -0.368924
    26 1.392578 0.000002 -0.000006 0.000000 0.002017 0.071902
    27 1.099609 0.000004 -0.000006 0.000000 -0.295768 0.023718
    28 3.547341 0.197447 -1.485758 -0.323544 0.115347 -0.238381
    29 1.218750 0.000004 0.000004 -0.000003 0.004665 -0.629642
    30 0.679688 0.000002 0.000000 0.000000 0.002402 -0.578397
    31 3.697266 0.267334 -0.728516 -0.105269 0.104461 -0.301442
    32 1.748047 0.000002 0.000004 -0.000001 0.002900 -0.623724
    33 0.956684 0.000008 0.000001 0.000027 0.004804 -0.321825
    34 2.023778 0.904982 -0.850921 -1.685284 1.252360 2.925831
    35 4.981625 0.002227 0.003236 1.712342 -0.182740 -1.130844
    36 11.119975 -0.000005 0.000000 0.000001 0.136123 -0.208970
    37 11.205375 0.000073 0.000008 -1.676819 0.409192 -0.126018
    38 3.767578 0.151855 -0.072693 -0.090833 -0.078893 -0.174026
    39 2.036716 -0.000004 0.000000 0.000012 -0.007577 -0.940629
    40 1.066406 0.000002 0.000000 0.000006 -0.004235 -0.116579
    41 3.783203 -0.023941 -0.794434 -0.344152 -0.088893 -0.269864
    42 1.628906 -0.000002 0.000001 0.000004 -0.007730 -0.659761
    43 0.955566 0.000002 -0.000001 0.000003 -0.004923 -0.331349
    44 1.258789 -0.308350 -1.250000 1.738856 0.204803 -0.550000
    45 1.392578 0.000000 0.000002 0.000004 0.222430 0.216078
    46 1.099609 0.000002 -0.000004 0.000002 0.280392 0.302814
    47 3.546538 0.208125 1.487114 0.333783 -0.052221 -0.250106
    48 1.218750 0.000006 0.000000 0.000002 -0.007081 -0.610627
    49 0.679688 0.000001 0.000000 0.000001 -0.003643 -0.669687
    50 3.696249 0.271114 0.723153 0.103581 -0.126168 -0.288614
    51 1.748047 -0.000015 0.000001 0.000000 -0.004401 -0.791139
    52 0.959961 -0.000004 -0.000001 0.000003 -0.007260 -0.432410
    53 -3.756462 5.577850 2.053357 1.570803 -0.000001 0.000000
    54 -2.735646 -0.081365 5.727119 0.000007 0.000015 1.570796
    55 0.000001 5.662003 -0.974302 1.570804 -0.000001 0.000000
    56 -0.000002 -2.275002 5.113525 0.000000 0.000000 -3.141592
    57 -2.477620 5.416855 4.597564 1.570804 -0.000001 0.000000
    58 -1.515218 1.317776 5.998497 0.000000 0.000000 0.000000
    59 -2.455992 5.657928 -0.087295 1.570804 -0.000001 0.000000
    60 -1.485628 -1.617812 5.263969 0.000000 0.000000 3.141592
    61 3.756460 5.577858 2.053359 1.570803 -0.000001 0.000000
    62 2.735645 -0.081364 5.727116 0.000004 -0.000011 -1.570795
    63 2.477613 5.416855 4.597570 1.570804 -0.000001 0.000000
    64 1.515220 1.317777 5.998508 0.000000 0.000000 0.000000
    65 2.455991 5.657928 -0.087293 1.570804 -0.000001 0.000000
    66 1.485620 -1.617803 5.263973 0.000000 0.000000 -3.141592
    67 4.575642 5.632584 0.000132 0.000000 -1.570771 0.249128
    68 -0.000001 0.314078 5.161098 0.000000 0.000000 0.000000
    69 -0.000001 -0.323108 3.750217 0.000000 0.000000 0.000000
    70 5.734947 1.075212 4.685178 1.570830 -0.000004 -1.321669
    71 -0.753896 0.305901 4.971462 -0.000001 0.000002 0.000000
    72 -1.101006 -0.314705 3.448307 0.000001 0.000001 0.000000
    73 5.809101 -1.029643 4.595047 1.570829 -0.000004 -1.321671
    74 -0.714908 -0.199657 5.028973 0.000000 0.000003 0.000000
    75 -0.282898 -0.851690 4.444889 0.000000 0.000000 0.000000
    76 9.578484 -1.290738 0.000240 0.000000 1.570770 -2.892481
    77 9.369518 -1.236408 1.787905 0.000000 1.570770 -2.892481
    78 9.436707 -1.331719 -1.409029 0.000000 1.570770 -2.892477
    79 5.735191 1.075235 -4.684885 -1.570814 0.000004 1.819923
    80 0.753901 0.305904 4.971474 -0.000001 -0.000002 0.000000
    81 1.101010 -0.314705 3.448315 0.000000 -0.000001 0.000000
    82 5.809341 -1.029617 -4.594752 -1.570814 0.000004 1.819922
    83 0.714908 -0.199655 5.028969 0.000000 -0.000003 0.000000
    84 0.282897 -0.851688 4.444893 0.000000 0.000000 0.000000
end
