// Created by Crowbar 0.76
version 1
nodes
  0 "ValveBiped.Bip01_Pelvis" -1
  1 "ValveBiped.Bip01_L_Thigh" 0
  2 "ValveBiped.Bip01_L_Calf" 1
  3 "ValveBiped.Bip01_L_Foot" 2
  4 "ValveBiped.Bip01_L_Toe0" 3
  5 "ValveBiped.Bip01_R_Thigh" 0
  6 "ValveBiped.Bip01_R_Calf" 5
  7 "ValveBiped.Bip01_R_Foot" 6
  8 "ValveBiped.Bip01_R_Toe0" 7
  9 "ValveBiped.Bip01_Spine" 0
  10 "ValveBiped.Bip01_Spine1" 9
  11 "ValveBiped.Bip01_Spine2" 10
  12 "ValveBiped.Bip01_Spine4" 11
  13 "ValveBiped.Bip01_Neck1" 12
  14 "ValveBiped.Bip01_Head1" 13
  15 "ValveBiped.Bip01_L_Clavicle" 12
  16 "ValveBiped.Bip01_L_UpperArm" 15
  17 "ValveBiped.Bip01_L_Forearm" 16
  18 "ValveBiped.Bip01_L_Hand" 17
  19 "ValveBiped.Bip01_L_Finger2" 18
  20 "ValveBiped.Bip01_L_Finger21" 19
  21 "ValveBiped.Bip01_L_Finger22" 20
  22 "ValveBiped.Bip01_L_Finger1" 18
  23 "ValveBiped.Bip01_L_Finger11" 22
  24 "ValveBiped.Bip01_L_Finger12" 23
  25 "ValveBiped.Bip01_L_Finger0" 18
  26 "ValveBiped.Bip01_L_Finger01" 25
  27 "ValveBiped.Bip01_L_Finger02" 26
  28 "ValveBiped.Bip01_L_Finger4" 18
  29 "ValveBiped.Bip01_L_Finger41" 28
  30 "ValveBiped.Bip01_L_Finger42" 29
  31 "ValveBiped.Bip01_L_Finger3" 18
  32 "ValveBiped.Bip01_L_Finger31" 31
  33 "ValveBiped.Bip01_L_Finger32" 32
  34 "ValveBiped.Bip01_R_Clavicle" 12
  35 "ValveBiped.Bip01_R_UpperArm" 34
  36 "ValveBiped.Bip01_R_Forearm" 35
  37 "ValveBiped.Bip01_R_Hand" 36
  38 "ValveBiped.Bip01_R_Finger2" 37
  39 "ValveBiped.Bip01_R_Finger21" 38
  40 "ValveBiped.Bip01_R_Finger22" 39
  41 "ValveBiped.Bip01_R_Finger1" 37
  42 "ValveBiped.Bip01_R_Finger11" 41
  43 "ValveBiped.Bip01_R_Finger12" 42
  44 "ValveBiped.Bip01_R_Finger0" 37
  45 "ValveBiped.Bip01_R_Finger01" 44
  46 "ValveBiped.Bip01_R_Finger02" 45
  47 "ValveBiped.Bip01_R_Finger4" 37
  48 "ValveBiped.Bip01_R_Finger41" 47
  49 "ValveBiped.Bip01_R_Finger42" 48
  50 "ValveBiped.Bip01_R_Finger3" 37
  51 "ValveBiped.Bip01_R_Finger31" 50
  52 "ValveBiped.Bip01_R_Finger32" 51
  53 "ValveBiped.Skirt.R.001" 0
  54 "Skirt2_r" 53
  55 "ValveBiped.Skirt.B" 0
  56 "Skirtb2" 55
  57 "ValveBiped.Skirt.R" 0
  58 "Skirt5_r" 57
  59 "ValveBiped.Skirt.R.002" 0
  60 "Skirt8_r" 59
  61 "ValveBiped.Skirt.L.001" 0
  62 "Skirt2_l" 61
  63 "ValveBiped.Skirt.L" 0
  64 "Skirt5_l" 63
  65 "ValveBiped.Skirt.L.002" 0
  66 "Skirt8_l" 65
  67 "Hair_002" 14
  68 "Hair_001" 67
  69 "Hair_003" 68
  70 "Hair_006_r" 14
  71 "Hair_005_r" 70
  72 "Hair_007_r" 71
  73 "Hair_009_r" 14
  74 "Hair_010_r" 73
  75 "Hair_011_r" 74
  76 "Hair_004" 14
  77 "Hair_005" 14
  78 "Hair_006" 14
  79 "Hair_006_l" 14
  80 "Hair_005_l" 79
  81 "Hair_007_l" 80
  82 "Hair_009_l" 14
  83 "Hair_010_l" 82
  84 "Hair_011_l" 83
end
skeleton
  time 0
    0 -0.004562 -0.523453 37.481814 1.568399 0.037967 -0.066915
    1 3.983847 0.002149 0.003401 -1.627874 -0.424301 -1.538806
    2 15.938816 -0.000100 -0.000005 -0.000009 -0.000002 1.058743
    3 17.707025 -0.000068 0.000003 -0.134424 0.015192 -1.121393
    4 6.202515 0.003416 -0.000367 -0.006958 0.000755 -1.024103
    5 -3.983848 0.002149 0.003395 -1.651585 0.097114 -1.432061
    6 15.938826 -0.000113 -0.000001 0.000002 0.000010 0.157530
    7 17.707031 0.000018 0.000000 -0.033707 0.148945 -1.260882
    8 6.202710 0.003078 0.003745 -0.078159 -0.006267 -0.563618
    9 -0.000001 4.209253 -1.688832 1.594379 -0.027949 1.580043
    10 3.836055 0.000000 0.000000 0.032730 0.030106 -0.112608
    11 3.617625 -0.000275 -0.000015 0.025216 0.016219 0.035802
    12 7.537925 0.003588 -0.000212 0.001519 0.007734 0.208145
    13 3.181604 -0.002346 0.000028 3.125194 -0.043499 0.224450
    14 2.966416 0.000318 0.000023 -0.019815 -0.031713 0.115881
    15 2.023770 0.904983 0.850949 1.636402 -1.244838 2.901774
    16 4.980521 0.000781 -0.001089 -1.678247 0.349910 -1.203977
    17 11.119977 0.000007 0.000004 -0.000003 -0.136098 -0.304875
    18 11.205393 -0.000039 0.000000 1.646004 -0.393137 -0.028929
    19 3.767578 0.152466 0.071350 0.014616 0.047110 -0.282654
    20 2.036722 -0.000008 0.000000 0.000004 0.004977 -1.007965
    21 1.066406 -0.000003 0.000001 -0.000002 0.002790 -0.399210
    22 3.783203 -0.017242 0.794434 0.333290 -0.031875 -0.219057
    23 1.628906 0.000000 0.000000 0.000000 0.005106 -0.697052
    24 0.955566 -0.000001 0.000000 -0.000006 0.003247 -0.272279
    25 1.255294 -0.301568 1.248833 -1.927852 -0.158487 -0.368956
    26 1.392578 0.000003 -0.000004 0.000000 0.002017 0.071902
    27 1.099609 0.000000 -0.000002 0.000000 -0.295768 0.023718
    28 3.548828 0.198730 -1.489258 -0.359957 0.081072 -0.335116
    29 1.218750 0.000010 0.000001 -0.000004 0.004664 -0.629642
    30 0.679688 -0.000001 -0.000001 -0.000004 0.002395 -0.700525
    31 3.697266 0.267334 -0.728516 -0.118303 0.092676 -0.406874
    32 1.748047 0.000000 -0.000001 0.000000 0.002901 -0.743276
    33 0.956684 0.000008 0.000001 0.000003 0.004804 -0.443996
    34 2.023778 0.904982 -0.850921 -1.883392 1.217670 2.715205
    35 4.981625 0.002227 0.003236 1.621067 -0.043353 -1.035884
    36 11.119975 -0.000005 0.000000 0.000001 0.136123 -0.466814
    37 11.205375 0.000073 0.000008 -1.582666 0.334876 0.015712
    38 3.767578 0.151855 -0.072693 -0.090944 -0.092657 -0.325335
    39 2.036716 -0.000004 0.000000 0.000012 -0.007577 -1.092568
    40 1.066406 0.000007 0.000000 0.000002 -0.004236 -0.268520
    41 3.783203 -0.023941 -0.794434 -0.344154 -0.088895 -0.269861
    42 1.628906 0.000000 -0.000001 0.000002 -0.007731 -0.659761
    43 0.955566 0.000001 0.000000 0.000003 -0.004923 -0.331347
    44 1.258789 -0.308350 -1.250000 1.738856 0.204802 -0.550002
    45 1.392578 -0.000004 0.000002 0.000004 0.222430 0.216078
    46 1.099609 0.000006 -0.000004 0.000002 0.280394 0.302812
    47 3.548828 0.211304 1.487305 0.384333 -0.001343 -0.385564
    48 1.218750 0.000009 0.000000 0.000003 -0.007080 -0.762570
    49 0.679688 0.000007 0.000000 0.000002 -0.003638 -0.821625
    50 3.696249 0.271114 0.723153 0.122181 -0.109018 -0.440653
    51 1.748047 -0.000011 -0.000002 0.000001 -0.004395 -0.943084
    52 0.956684 0.000004 0.000002 -0.000008 -0.007276 -0.584309
    53 -3.756462 5.577850 2.053357 1.570803 -0.000001 0.000000
    54 -2.735646 -0.081365 5.727119 0.000007 0.000015 1.570796
    55 0.000001 5.662003 -0.974302 1.570804 -0.000001 0.000000
    56 -0.000002 -2.275002 5.113525 0.000000 0.000000 -3.141592
    57 -2.477620 5.416855 4.597564 1.570804 -0.000001 0.000000
    58 -1.515218 1.317776 5.998497 0.000000 0.000000 0.000000
    59 -2.455992 5.657928 -0.087295 1.570804 -0.000001 0.000000
    60 -1.485628 -1.617812 5.263969 0.000000 0.000000 3.141592
    61 3.756460 5.577858 2.053359 1.570803 -0.000001 0.000000
    62 2.735645 -0.081364 5.727116 0.000004 -0.000011 -1.570795
    63 2.477613 5.416855 4.597570 1.570804 -0.000001 0.000000
    64 1.515220 1.317777 5.998508 0.000000 0.000000 0.000000
    65 2.455991 5.657928 -0.087293 1.570804 -0.000001 0.000000
    66 1.485620 -1.617803 5.263973 0.000000 0.000000 -3.141592
    67 4.575642 5.632584 0.000132 0.000000 -1.570771 0.249128
    68 -0.000001 0.314078 5.161098 0.000000 0.000000 0.000000
    69 -0.000001 -0.323108 3.750217 0.000000 0.000000 0.000000
    70 5.734947 1.075212 4.685178 1.570830 -0.000004 -1.321669
    71 -0.753896 0.305901 4.971462 -0.000001 0.000002 0.000000
    72 -1.101006 -0.314705 3.448307 0.000001 0.000001 0.000000
    73 5.809101 -1.029643 4.595047 1.570829 -0.000004 -1.321671
    74 -0.714908 -0.199657 5.028973 0.000000 0.000003 0.000000
    75 -0.282898 -0.851690 4.444889 0.000000 0.000000 0.000000
    76 9.578484 -1.290738 0.000240 0.000000 1.570770 -2.892481
    77 9.369518 -1.236408 1.787905 0.000000 1.570770 -2.892481
    78 9.436707 -1.331719 -1.409029 0.000000 1.570770 -2.892477
    79 5.735191 1.075235 -4.684885 -1.570814 0.000004 1.819923
    80 0.753901 0.305904 4.971474 -0.000001 -0.000002 0.000000
    81 1.101010 -0.314705 3.448315 0.000000 -0.000001 0.000000
    82 5.809341 -1.029617 -4.594752 -1.570814 0.000004 1.819922
    83 0.714908 -0.199655 5.028969 0.000000 -0.000003 0.000000
    84 0.282897 -0.851688 4.444893 0.000000 0.000000 0.000000
  time 1
    0 0.007157 -3.191362 37.388062 1.567153 0.026150 -0.090111
    1 3.983847 0.002149 0.003401 -1.655330 -0.472539 -1.543187
    2 15.938816 -0.000100 -0.000005 -0.000009 -0.000002 0.929906
    3 17.707025 -0.000068 0.000003 -0.130046 -0.024102 -1.202340
    4 6.202515 0.003416 -0.000367 -0.008205 0.000504 -0.818950
    5 -3.983848 0.002149 0.003395 -1.676138 0.194247 -1.454637
    6 15.938826 -0.000113 -0.000001 0.000002 0.000010 0.115271
    7 17.707031 0.000018 0.000000 -0.026227 0.151782 -1.252709
    8 6.202710 0.003078 0.003745 -0.077692 -0.006339 -0.623197
    9 -0.000001 4.209253 -1.688832 1.605405 -0.028717 1.574674
    10 3.836055 0.000000 0.000000 0.044115 0.019872 -0.111793
    11 3.617625 -0.000275 -0.000015 0.039993 0.017969 0.035098
    12 7.537925 0.003588 -0.000212 0.001519 0.007902 0.208145
    13 3.181604 -0.002346 0.000028 3.125194 -0.043356 0.224450
    14 2.966416 0.000318 0.000023 -0.032650 -0.035680 0.122825
    15 2.023770 0.904983 0.850949 1.631352 -1.245938 2.907303
    16 4.980521 0.000781 -0.001089 -1.701004 0.378585 -1.222102
    17 11.119977 0.000007 0.000004 -0.000003 -0.136098 -0.264163
    18 11.205393 0.007774 0.000000 1.646724 -0.428117 -0.045671
    19 3.767578 0.152466 0.071350 0.014616 0.047110 -0.282654
    20 2.036722 -0.000008 0.000000 0.000004 0.004989 -1.007965
    21 1.066406 -0.000003 0.000001 -0.000002 0.002790 -0.399210
    22 3.783203 -0.017242 0.794434 0.333290 -0.031875 -0.219057
    23 1.628906 0.000000 0.000000 0.000000 0.005106 -0.697052
    24 0.955566 -0.000001 0.000000 -0.000006 0.003247 -0.272279
    25 1.255294 -0.301568 1.248833 -1.927852 -0.158487 -0.368956
    26 1.392578 0.000003 -0.000004 0.000000 0.002017 0.071902
    27 1.099609 0.000000 -0.000002 0.000000 -0.295768 0.023718
    28 3.548828 0.198730 -1.489258 -0.359957 0.081072 -0.335116
    29 1.218750 0.000010 0.000001 -0.000004 0.004664 -0.629642
    30 0.679688 -0.000001 -0.000001 -0.000004 0.002395 -0.700525
    31 3.697266 0.267334 -0.728516 -0.118303 0.092676 -0.406874
    32 1.748047 0.000000 -0.000001 0.000000 0.002901 -0.743276
    33 0.956684 0.000008 0.000001 0.000003 0.004804 -0.443996
    34 2.023778 0.904982 -0.850921 -1.886836 1.215837 2.711411
    35 4.981625 0.002227 0.003236 1.596868 -0.014745 -1.018989
    36 11.119975 -0.000005 0.000000 0.000001 0.136123 -0.525521
    37 11.205375 -0.015552 0.000008 -1.581139 0.349665 -0.014597
    38 3.767578 0.151855 -0.072693 -0.090944 -0.092657 -0.325335
    39 2.036716 -0.000004 0.000000 0.000012 -0.007577 -1.092568
    40 1.066406 0.000007 0.000000 0.000002 -0.004236 -0.268520
    41 3.783203 -0.023941 -0.794434 -0.344154 -0.088895 -0.269861
    42 1.628906 0.000000 -0.000001 0.000002 -0.007731 -0.659761
    43 0.955566 0.000001 0.000000 0.000003 -0.004923 -0.331347
    44 1.258789 -0.308350 -1.250000 1.738856 0.204802 -0.550002
    45 1.392578 -0.000004 0.000002 0.000004 0.222430 0.216078
    46 1.099609 0.000006 -0.000004 0.000002 0.280394 0.302812
    47 3.548828 0.211304 1.487305 0.384333 -0.001343 -0.385564
    48 1.218750 0.000009 0.000000 0.000003 -0.007080 -0.762570
    49 0.679688 0.000007 0.000000 0.000002 -0.003638 -0.821625
    50 3.696249 0.271114 0.723153 0.122169 -0.109018 -0.440653
    51 1.748047 -0.000011 -0.000002 0.000001 -0.004395 -0.943084
    52 0.956684 0.000004 0.000002 -0.000008 -0.007276 -0.584309
    53 -3.756462 5.577850 2.053357 1.570803 -0.000001 0.000000
    54 -2.735646 -0.081365 5.727119 0.000007 0.000015 1.570796
    55 0.000001 5.662003 -0.974302 1.570804 -0.000001 0.000000
    56 -0.000002 -2.275002 5.113525 0.000000 0.000000 -3.141592
    57 -2.477620 5.416855 4.597564 1.570804 -0.000001 0.000000
    58 -1.515218 1.317776 5.998497 0.000000 0.000000 0.000000
    59 -2.455992 5.657928 -0.087295 1.570804 -0.000001 0.000000
    60 -1.485628 -1.617812 5.263969 0.000000 0.000000 3.141592
    61 3.756460 5.577858 2.053359 1.570803 -0.000001 0.000000
    62 2.735645 -0.081364 5.727116 0.000004 -0.000011 -1.570795
    63 2.477613 5.416855 4.597570 1.570804 -0.000001 0.000000
    64 1.515220 1.317777 5.998508 0.000000 0.000000 0.000000
    65 2.455991 5.657928 -0.087293 1.570804 -0.000001 0.000000
    66 1.485620 -1.617803 5.263973 0.000000 0.000000 -3.141592
    67 4.575642 5.632584 0.000132 0.000000 -1.570771 0.249128
    68 -0.000001 0.314078 5.161098 0.000000 0.000000 0.000000
    69 -0.000001 -0.323108 3.750217 0.000000 0.000000 0.000000
    70 5.734947 1.075212 4.685178 1.570830 -0.000004 -1.321669
    71 -0.753896 0.305901 4.971462 -0.000001 0.000002 0.000000
    72 -1.101006 -0.314705 3.448307 0.000001 0.000001 0.000000
    73 5.809101 -1.029643 4.595047 1.570829 -0.000004 -1.321671
    74 -0.714908 -0.199657 5.028973 0.000000 0.000003 0.000000
    75 -0.282898 -0.851690 4.444889 0.000000 0.000000 0.000000
    76 9.578484 -1.290738 0.000240 0.000000 1.570770 -2.892481
    77 9.369518 -1.236408 1.787905 0.000000 1.570770 -2.892481
    78 9.436707 -1.331719 -1.409029 0.000000 1.570770 -2.892477
    79 5.735191 1.075235 -4.684885 -1.570814 0.000004 1.819923
    80 0.753901 0.305904 4.971474 -0.000001 -0.000002 0.000000
    81 1.101010 -0.314705 3.448315 0.000000 -0.000001 0.000000
    82 5.809341 -1.029617 -4.594752 -1.570814 0.000004 1.819922
    83 0.714908 -0.199655 5.028969 0.000000 -0.000003 0.000000
    84 0.282897 -0.851688 4.444893 0.000000 0.000000 0.000000
  time 2
    0 0.038408 -5.855364 37.161492 1.562790 0.020793 -0.109984
    1 3.983847 0.002149 0.003401 -1.677180 -0.465909 -1.547746
    2 15.938816 -0.000100 -0.000005 -0.000009 -0.000002 0.715008
    3 17.707025 -0.000068 0.000003 -0.111159 -0.061167 -1.232963
    4 6.202515 0.003416 -0.000367 -0.010206 0.000791 -0.574949
    5 -3.983848 0.002149 0.003395 -1.697825 0.268320 -1.471312
    6 15.938826 -0.000113 -0.000001 0.000002 0.000010 0.119113
    7 17.707031 0.000018 0.000000 -0.015007 0.154763 -1.241747
    8 6.202710 0.003078 0.003745 -0.077164 -0.006423 -0.705786
    9 -0.000001 4.209253 -1.688832 1.615759 -0.031321 1.571797
    10 3.836055 0.000000 0.000000 0.053763 0.019272 -0.109156
    11 3.617625 -0.000275 -0.000015 0.052601 0.018604 0.036013
    12 7.537925 0.003588 -0.000212 0.001543 0.007962 0.208145
    13 3.181604 -0.002346 0.000028 3.125481 -0.042361 0.224450
    14 2.966416 0.000318 0.000023 -0.046325 -0.034086 0.131584
    15 2.023770 0.904983 0.850949 1.630652 -1.246589 2.908028
    16 4.980521 0.000781 -0.001089 -1.720562 0.405876 -1.236271
    17 11.119977 0.000007 0.000004 -0.000003 -0.136098 -0.231572
    18 11.205393 -0.000039 0.000000 1.650470 -0.459972 -0.062953
    19 3.767578 0.152466 0.071350 0.014616 0.047110 -0.282654
    20 2.036722 -0.000008 0.000000 0.000016 0.004977 -1.007965
    21 1.066406 -0.000003 0.000001 -0.000002 0.002790 -0.399210
    22 3.783203 -0.017242 0.794434 0.333290 -0.031875 -0.219057
    23 1.628906 0.000000 0.000000 0.000000 0.005106 -0.697052
    24 0.955566 -0.000001 0.000000 -0.000006 0.003247 -0.272279
    25 1.255294 -0.301568 1.248833 -1.927852 -0.158487 -0.368956
    26 1.392578 0.000003 -0.000004 0.000000 0.002017 0.071902
    27 1.099609 0.000000 -0.000002 0.000000 -0.295768 0.023718
    28 3.548828 0.198730 -1.489258 -0.359957 0.081072 -0.335116
    29 1.218750 0.000010 0.000001 -0.000004 0.004664 -0.629642
    30 0.679688 -0.000001 -0.000001 -0.000004 0.002395 -0.700525
    31 3.697266 0.267334 -0.728516 -0.118303 0.092676 -0.406874
    32 1.748047 0.000000 -0.000001 0.000000 0.002901 -0.743276
    33 0.956684 0.000008 0.000001 0.000003 0.004804 -0.443996
    34 2.023778 0.904982 -0.850921 -1.886628 1.214901 2.711411
    35 4.981625 0.002227 0.003236 1.580254 0.000507 -1.005915
    36 11.119975 -0.000005 0.000000 0.000001 0.136123 -0.586561
    37 11.205375 0.000073 0.000008 -1.592067 0.362524 -0.046488
    38 3.767578 0.151855 -0.072693 -0.090944 -0.092657 -0.325335
    39 2.036716 -0.000004 0.000000 0.000012 -0.007577 -1.092568
    40 1.066406 0.000007 0.000000 0.000002 -0.004236 -0.268520
    41 3.783203 -0.023941 -0.794434 -0.344154 -0.088895 -0.269861
    42 1.628906 0.000000 -0.000001 0.000002 -0.007731 -0.659761
    43 0.955566 0.000001 0.000000 0.000003 -0.004923 -0.331347
    44 1.258789 -0.308350 -1.250000 1.738856 0.204802 -0.550002
    45 1.392578 -0.000004 0.000002 0.000004 0.222430 0.216078
    46 1.099609 0.000006 -0.000004 0.000002 0.280394 0.302812
    47 3.548828 0.211304 1.487305 0.384333 -0.001343 -0.385564
    48 1.218750 0.000009 0.000000 0.000003 -0.007080 -0.762570
    49 0.679688 0.000007 0.000000 0.000002 -0.003638 -0.821625
    50 3.696249 0.271114 0.723153 0.122181 -0.109018 -0.440653
    51 1.748047 -0.000011 -0.000002 0.000001 -0.004395 -0.943084
    52 0.956684 0.000004 0.000002 -0.000032 -0.007276 -0.584309
    53 -3.756462 5.577850 2.053357 1.570803 -0.000001 0.000000
    54 -2.735646 -0.081365 5.727119 0.000007 0.000015 1.570796
    55 0.000001 5.662003 -0.974302 1.570804 -0.000001 0.000000
    56 -0.000002 -2.275002 5.113525 0.000000 0.000000 -3.141592
    57 -2.477620 5.416855 4.597564 1.570804 -0.000001 0.000000
    58 -1.515218 1.317776 5.998497 0.000000 0.000000 0.000000
    59 -2.455992 5.657928 -0.087295 1.570804 -0.000001 0.000000
    60 -1.485628 -1.617812 5.263969 0.000000 0.000000 3.141592
    61 3.756460 5.577858 2.053359 1.570803 -0.000001 0.000000
    62 2.735645 -0.081364 5.727116 0.000004 -0.000011 -1.570795
    63 2.477613 5.416855 4.597570 1.570804 -0.000001 0.000000
    64 1.515220 1.317777 5.998508 0.000000 0.000000 0.000000
    65 2.455991 5.657928 -0.087293 1.570804 -0.000001 0.000000
    66 1.485620 -1.617803 5.263973 0.000000 0.000000 -3.141592
    67 4.575642 5.632584 0.000132 0.000000 -1.570771 0.249128
    68 -0.000001 0.314078 5.161098 0.000000 0.000000 0.000000
    69 -0.000001 -0.323108 3.750217 0.000000 0.000000 0.000000
    70 5.734947 1.075212 4.685178 1.570830 -0.000004 -1.321669
    71 -0.753896 0.305901 4.971462 -0.000001 0.000002 0.000000
    72 -1.101006 -0.314705 3.448307 0.000001 0.000001 0.000000
    73 5.809101 -1.029643 4.595047 1.570829 -0.000004 -1.321671
    74 -0.714908 -0.199657 5.028973 0.000000 0.000003 0.000000
    75 -0.282898 -0.851690 4.444889 0.000000 0.000000 0.000000
    76 9.578484 -1.290738 0.000240 0.000000 1.570770 -2.892481
    77 9.369518 -1.236408 1.787905 0.000000 1.570770 -2.892481
    78 9.436707 -1.331719 -1.409029 0.000000 1.570770 -2.892477
    79 5.735191 1.075235 -4.684885 -1.570814 0.000004 1.819923
    80 0.753901 0.305904 4.971474 -0.000001 -0.000002 0.000000
    81 1.101010 -0.314705 3.448315 0.000000 -0.000001 0.000000
    82 5.809341 -1.029617 -4.594752 -1.570814 0.000004 1.819922
    83 0.714908 -0.199655 5.028969 0.000000 -0.000003 0.000000
    84 0.282897 -0.851688 4.444893 0.000000 0.000000 0.000000
  time 3
    0 0.085285 -8.511554 36.868514 1.555456 0.017953 -0.125320
    1 3.983847 0.002149 0.003401 -1.694185 -0.455896 -1.552038
    2 15.938816 -0.000100 -0.000005 -0.000009 -0.000002 0.526694
    3 17.707025 -0.000068 0.000003 -0.083131 -0.089322 -1.264809
    4 6.202515 0.003416 -0.000367 -0.011860 0.000527 -0.500547
    5 -3.983848 0.002149 0.003395 -1.714926 0.321825 -1.483771
    6 15.938826 -0.000113 -0.000001 0.000002 0.000010 0.163261
    7 17.707031 0.000018 0.000000 0.000543 0.156886 -1.223262
    8 6.202710 0.003078 0.003745 -0.076505 -0.006531 -0.813015
    9 -0.000001 4.209253 -1.688832 1.624484 -0.035662 1.570263
    10 3.836055 0.000000 0.000000 0.061265 0.021705 -0.104734
    11 3.617625 -0.000275 -0.000015 0.062404 0.018724 0.039378
    12 7.537925 0.003588 -0.000212 0.001543 0.007914 0.208145
    13 3.181604 -0.002346 0.000028 3.126248 -0.040348 0.224390
    14 2.966416 0.000318 0.000023 -0.058801 -0.029831 0.142204
    15 2.023770 0.904983 0.850949 1.634402 -1.246793 2.903858
    16 4.980521 0.000781 -0.001089 -1.739397 0.426961 -1.248250
    17 11.119977 0.000007 0.000004 -0.000003 -0.136098 -0.207614
    18 11.205393 -0.000039 0.000000 1.654263 -0.484614 -0.073871
    19 3.767578 0.152466 0.071350 0.014616 0.047110 -0.282654
    20 2.036722 -0.000008 0.000000 0.000016 0.004977 -1.007965
    21 1.066406 -0.000003 0.000001 -0.000002 0.002790 -0.399210
    22 3.783203 -0.017242 0.794434 0.333290 -0.031875 -0.219057
    23 1.628906 0.000000 0.000000 0.000000 0.005106 -0.697052
    24 0.955566 -0.000001 0.000000 -0.000006 0.003247 -0.272279
    25 1.255294 -0.301568 1.248833 -1.927852 -0.158487 -0.368956
    26 1.392578 0.000003 -0.000004 0.000000 0.002017 0.071902
    27 1.099609 0.000000 -0.000002 0.000000 -0.295768 0.023718
    28 3.548828 0.198730 -1.489258 -0.359957 0.081072 -0.335116
    29 1.218750 0.000010 0.000001 -0.000004 0.004664 -0.629642
    30 0.679688 -0.000001 -0.000001 -0.000004 0.002395 -0.700525
    31 3.697266 0.267334 -0.728516 -0.118303 0.092676 -0.406874
    32 1.748047 0.000000 -0.000001 0.000000 0.002901 -0.743276
    33 0.956684 0.000008 0.000001 0.000003 0.004804 -0.443996
    34 2.023778 0.904982 -0.850921 -1.883079 1.214942 2.715295
    35 4.981625 0.002227 0.003236 1.567561 0.005949 -0.994897
    36 11.119975 -0.000005 0.000000 0.000001 0.136123 -0.643691
    37 11.205375 0.000073 0.000008 -1.615593 0.370374 -0.078607
    38 3.767578 0.151855 -0.072693 -0.090944 -0.092657 -0.325335
    39 2.036716 -0.000004 0.000000 0.000000 -0.007577 -1.092568
    40 1.066406 0.000007 0.000000 0.000002 -0.004236 -0.268520
    41 3.783203 -0.023941 -0.794434 -0.344154 -0.088895 -0.269861
    42 1.628906 0.000000 -0.000001 0.000002 -0.007731 -0.659761
    43 0.955566 0.000001 0.000000 0.000003 -0.004923 -0.331347
    44 1.258789 -0.308350 -1.250000 1.738856 0.204802 -0.550002
    45 1.392578 -0.000004 0.000002 0.000004 0.222430 0.216078
    46 1.099609 0.000006 -0.000004 0.000002 0.280394 0.302812
    47 3.548828 0.211304 1.487305 0.384333 -0.001343 -0.385564
    48 1.218750 0.000009 0.000000 0.000003 -0.007080 -0.762570
    49 0.679688 0.000007 0.000000 0.000002 -0.003638 -0.821625
    50 3.696249 0.271114 0.723153 0.122169 -0.109018 -0.440653
    51 1.748047 -0.000011 -0.000002 0.000001 -0.004395 -0.943084
    52 0.956684 0.000004 0.000002 -0.000032 -0.007276 -0.584309
    53 -3.756462 5.577850 2.053357 1.570803 -0.000001 0.000000
    54 -2.735646 -0.081365 5.727119 0.000007 0.000015 1.570796
    55 0.000001 5.662003 -0.974302 1.570804 -0.000001 0.000000
    56 -0.000002 -2.275002 5.113525 0.000000 0.000000 -3.141592
    57 -2.477620 5.416855 4.597564 1.570804 -0.000001 0.000000
    58 -1.515218 1.317776 5.998497 0.000000 0.000000 0.000000
    59 -2.455992 5.657928 -0.087295 1.570804 -0.000001 0.000000
    60 -1.485628 -1.617812 5.263969 0.000000 0.000000 3.141592
    61 3.756460 5.577858 2.053359 1.570803 -0.000001 0.000000
    62 2.735645 -0.081364 5.727116 0.000004 -0.000011 -1.570795
    63 2.477613 5.416855 4.597570 1.570804 -0.000001 0.000000
    64 1.515220 1.317777 5.998508 0.000000 0.000000 0.000000
    65 2.455991 5.657928 -0.087293 1.570804 -0.000001 0.000000
    66 1.485620 -1.617803 5.263973 0.000000 0.000000 -3.141592
    67 4.575642 5.632584 0.000132 0.000000 -1.570771 0.249128
    68 -0.000001 0.314078 5.161098 0.000000 0.000000 0.000000
    69 -0.000001 -0.323108 3.750217 0.000000 0.000000 0.000000
    70 5.734947 1.075212 4.685178 1.570830 -0.000004 -1.321669
    71 -0.753896 0.305901 4.971462 -0.000001 0.000002 0.000000
    72 -1.101006 -0.314705 3.448307 0.000001 0.000001 0.000000
    73 5.809101 -1.029643 4.595047 1.570829 -0.000004 -1.321671
    74 -0.714908 -0.199657 5.028973 0.000000 0.000003 0.000000
    75 -0.282898 -0.851690 4.444889 0.000000 0.000000 0.000000
    76 9.578484 -1.290738 0.000240 0.000000 1.570770 -2.892481
    77 9.369518 -1.236408 1.787905 0.000000 1.570770 -2.892481
    78 9.436707 -1.331719 -1.409029 0.000000 1.570770 -2.892477
    79 5.735191 1.075235 -4.684885 -1.570814 0.000004 1.819923
    80 0.753901 0.305904 4.971474 -0.000001 -0.000002 0.000000
    81 1.101010 -0.314705 3.448315 0.000000 -0.000001 0.000000
    82 5.809341 -1.029617 -4.594752 -1.570814 0.000004 1.819922
    83 0.714908 -0.199655 5.028969 0.000000 -0.000003 0.000000
    84 0.282897 -0.851688 4.444893 0.000000 0.000000 0.000000
  time 4
    0 0.143880 -11.175556 36.552099 1.546827 0.016862 -0.135352
    1 3.983847 0.002149 0.003401 -1.703495 -0.418160 -1.561694
    2 15.938816 -0.000100 -0.000005 -0.000009 -0.000002 0.319637
    3 17.707025 -0.000068 0.000003 -0.050175 -0.106783 -1.263310
    4 6.202515 0.003416 -0.000367 -0.012974 -0.000084 -0.500547
    5 -3.983848 0.002149 0.003395 -1.728110 0.388641 -1.496980
    6 15.938826 -0.000113 -0.000001 0.000002 0.000010 0.177936
    7 17.707031 0.000018 0.000000 0.020309 0.156619 -1.164821
    8 6.202710 0.003078 0.003745 -0.075738 -0.006639 -0.942966
    9 -0.000001 4.209253 -1.688832 1.631483 -0.040771 1.569401
    10 3.836055 0.000000 0.000000 0.066119 0.025133 -0.099569
    11 3.617625 -0.000275 -0.000015 0.068780 0.018413 0.045587
    12 7.537925 0.003588 -0.000212 0.001471 0.007434 0.208157
    13 3.181604 -0.002346 0.000028 3.127591 -0.037208 0.224366
    14 2.966416 0.000318 0.000023 -0.068868 -0.024282 0.154003
    15 2.023770 0.904983 0.850949 1.653302 -1.246182 2.884190
    16 4.980521 0.000781 -0.001089 -1.774539 0.450946 -1.262988
    17 11.119977 0.000007 0.000004 -0.000003 -0.136098 -0.179025
    18 11.205393 -0.000039 0.000000 1.651910 -0.505291 -0.057176
    19 3.767578 0.152466 0.071350 0.014616 0.047110 -0.282654
    20 2.036722 -0.000008 0.000000 0.000016 0.004977 -1.007965
    21 1.066406 -0.000003 0.000001 -0.000002 0.002790 -0.399210
    22 3.783203 -0.017242 0.794434 0.333290 -0.031875 -0.219057
    23 1.628906 0.000000 0.000000 0.000000 0.005106 -0.697052
    24 0.955566 -0.000001 0.000000 -0.000006 0.003247 -0.272279
    25 1.255294 -0.301568 1.248833 -1.927852 -0.158487 -0.368956
    26 1.392578 0.000003 -0.000004 0.000000 0.002017 0.071902
    27 1.099609 0.000000 -0.000002 0.000000 -0.295768 0.023718
    28 3.548828 0.198730 -1.489258 -0.359957 0.081072 -0.335116
    29 1.218750 0.000010 0.000001 -0.000004 0.004664 -0.629642
    30 0.679688 -0.000001 -0.000001 -0.000004 0.002395 -0.700525
    31 3.697266 0.267334 -0.728516 -0.118303 0.092676 -0.406874
    32 1.748047 0.000000 -0.000001 0.000000 0.002901 -0.743276
    33 0.956684 0.000008 0.000001 0.000003 0.004804 -0.443996
    34 2.023778 0.904982 -0.850921 -1.866900 1.217059 2.732727
    35 4.981625 0.002227 0.003236 1.555797 0.004849 -0.986670
    36 11.119975 -0.000005 0.000000 0.000001 0.136123 -0.736512
    37 11.205375 0.000073 0.000008 -1.691469 0.367042 -0.150167
    38 3.767578 0.151855 -0.072693 -0.090944 -0.092657 -0.325335
    39 2.036716 -0.000004 0.000000 0.000000 -0.007577 -1.092568
    40 1.066406 0.000007 0.000000 0.000002 -0.004236 -0.268520
    41 3.783203 -0.023941 -0.794434 -0.344154 -0.088895 -0.269861
    42 1.628906 0.000000 -0.000001 0.000002 -0.007731 -0.659761
    43 0.955566 0.000001 0.000000 0.000003 -0.004923 -0.331347
    44 1.258789 -0.308350 -1.250000 1.738856 0.204802 -0.550002
    45 1.392578 -0.000004 0.000002 0.000004 0.222430 0.216078
    46 1.099609 0.000006 -0.000004 0.000002 0.280394 0.302812
    47 3.548828 0.211304 1.487305 0.384333 -0.001343 -0.385564
    48 1.218750 0.000009 0.000000 0.000003 -0.007080 -0.762570
    49 0.679688 0.000007 0.000000 0.000002 -0.003638 -0.821625
    50 3.696249 0.271114 0.723153 0.122181 -0.109018 -0.440653
    51 1.748047 -0.000011 -0.000002 0.000001 -0.004395 -0.943084
    52 0.956684 0.000004 0.000002 -0.000032 -0.007276 -0.584309
    53 -3.756462 5.577850 2.053357 1.570803 -0.000001 0.000000
    54 -2.735646 -0.081365 5.727119 0.000007 0.000015 1.570796
    55 0.000001 5.662003 -0.974302 1.570804 -0.000001 0.000000
    56 -0.000002 -2.275002 5.113525 0.000000 0.000000 -3.141592
    57 -2.477620 5.416855 4.597564 1.570804 -0.000001 0.000000
    58 -1.515218 1.317776 5.998497 0.000000 0.000000 0.000000
    59 -2.455992 5.657928 -0.087295 1.570804 -0.000001 0.000000
    60 -1.485628 -1.617812 5.263969 0.000000 0.000000 3.141592
    61 3.756460 5.577858 2.053359 1.570803 -0.000001 0.000000
    62 2.735645 -0.081364 5.727116 0.000004 -0.000011 -1.570795
    63 2.477613 5.416855 4.597570 1.570804 -0.000001 0.000000
    64 1.515220 1.317777 5.998508 0.000000 0.000000 0.000000
    65 2.455991 5.657928 -0.087293 1.570804 -0.000001 0.000000
    66 1.485620 -1.617803 5.263973 0.000000 0.000000 -3.141592
    67 4.575642 5.632584 0.000132 0.000000 -1.570771 0.249128
    68 -0.000001 0.314078 5.161098 0.000000 0.000000 0.000000
    69 -0.000001 -0.323108 3.750217 0.000000 0.000000 0.000000
    70 5.734947 1.075212 4.685178 1.570830 -0.000004 -1.321669
    71 -0.753896 0.305901 4.971462 -0.000001 0.000002 0.000000
    72 -1.101006 -0.314705 3.448307 0.000001 0.000001 0.000000
    73 5.809101 -1.029643 4.595047 1.570829 -0.000004 -1.321671
    74 -0.714908 -0.199657 5.028973 0.000000 0.000003 0.000000
    75 -0.282898 -0.851690 4.444889 0.000000 0.000000 0.000000
    76 9.578484 -1.290738 0.000240 0.000000 1.570770 -2.892481
    77 9.369518 -1.236408 1.787905 0.000000 1.570770 -2.892481
    78 9.436707 -1.331719 -1.409029 0.000000 1.570770 -2.892477
    79 5.735191 1.075235 -4.684885 -1.570814 0.000004 1.819923
    80 0.753901 0.305904 4.971474 -0.000001 -0.000002 0.000000
    81 1.101010 -0.314705 3.448315 0.000000 -0.000001 0.000000
    82 5.809341 -1.029617 -4.594752 -1.570814 0.000004 1.819922
    83 0.714908 -0.199655 5.028969 0.000000 -0.000003 0.000000
    84 0.282897 -0.851688 4.444893 0.000000 0.000000 0.000000
  time 5
    0 0.222008 -13.847371 36.274746 1.539493 0.016563 -0.138866
    1 3.983847 0.002149 0.003401 -1.705680 -0.379356 -1.574568
    2 15.938816 -0.000100 -0.000005 -0.000009 -0.000002 0.156886
    3 17.707025 -0.000068 0.000003 -0.019284 -0.113742 -1.226049
    4 6.202515 0.003416 -0.000367 -0.013646 -0.000419 -0.500547
    5 -3.983848 0.002149 0.003395 -1.734893 0.444636 -1.506909
    6 15.938826 -0.000113 -0.000001 0.000002 0.000010 0.207725
    7 17.707031 0.000018 0.000000 0.042002 0.153121 -1.100737
    8 6.202710 0.003078 0.003745 -0.075343 -0.006866 -1.023638
    9 -0.000001 4.209253 -1.688832 1.635941 -0.045132 1.568969
    10 3.836055 0.000000 0.000000 0.067857 0.028201 -0.095206
    11 3.617625 -0.000275 -0.000015 0.071033 0.017658 0.051782
    12 7.537925 0.003588 -0.000212 0.001411 0.007003 0.208145
    13 3.181604 -0.002346 0.000028 3.129221 -0.032761 0.224306
    14 2.966416 0.000318 0.000023 -0.075519 -0.018338 0.162898
    15 2.023770 0.904983 0.850949 1.667403 -1.245490 2.869325
    16 4.980521 0.000781 -0.001089 -1.789143 0.448922 -1.265122
    17 11.119977 0.000007 0.000004 -0.000003 -0.136098 -0.172449
    18 11.205393 -0.000039 0.000000 1.640098 -0.500207 -0.019809
    19 3.767578 0.152466 0.071350 0.014616 0.047110 -0.282654
    20 2.036722 -0.000008 0.000000 0.000004 0.004965 -1.007965
    21 1.066406 -0.000003 0.000001 -0.000002 0.002790 -0.399210
    22 3.783203 -0.017242 0.794434 0.333290 -0.031875 -0.219057
    23 1.628906 0.000000 0.000000 0.000000 0.005106 -0.697052
    24 0.955566 -0.000001 0.000000 -0.000006 0.003247 -0.272279
    25 1.255294 -0.301568 1.248833 -1.927852 -0.158487 -0.368956
    26 1.392578 0.000003 -0.000004 0.000000 0.002017 0.071902
    27 1.099609 0.000000 -0.000002 0.000000 -0.295768 0.023718
    28 3.548828 0.198730 -1.489258 -0.359957 0.081072 -0.335116
    29 1.218750 0.000010 0.000001 -0.000004 0.004664 -0.629642
    30 0.679688 -0.000001 -0.000001 -0.000004 0.002395 -0.700525
    31 3.697266 0.267334 -0.728516 -0.118303 0.092676 -0.406874
    32 1.748047 0.000000 -0.000001 0.000000 0.002901 -0.743276
    33 0.956684 0.000008 0.000001 0.000003 0.004804 -0.443996
    34 2.023778 0.904982 -0.850921 -1.854845 1.218850 2.745552
    35 4.981625 0.002227 0.003236 1.557655 -0.001224 -0.987258
    36 11.119975 -0.000005 0.000000 0.000001 0.136123 -0.765393
    37 11.205375 0.000073 0.000008 -1.736470 0.354962 -0.184023
    38 3.767578 0.151855 -0.072693 -0.090944 -0.092657 -0.325335
    39 2.036716 -0.000004 0.000000 0.000000 -0.007577 -1.092568
    40 1.066406 0.000007 0.000000 0.000002 -0.004236 -0.268520
    41 3.783203 -0.023941 -0.794434 -0.344154 -0.088895 -0.269861
    42 1.628906 0.000000 -0.000001 0.000002 -0.007731 -0.659761
    43 0.955566 0.000001 0.000000 0.000003 -0.004923 -0.331347
    44 1.258789 -0.308350 -1.250000 1.738856 0.204802 -0.550002
    45 1.392578 -0.000004 0.000002 0.000004 0.222430 0.216078
    46 1.099609 0.000006 -0.000004 0.000002 0.280394 0.302812
    47 3.548828 0.211304 1.487305 0.384333 -0.001343 -0.385564
    48 1.218750 0.000009 0.000000 0.000003 -0.007080 -0.762570
    49 0.679688 0.000007 0.000000 0.000002 -0.003638 -0.821625
    50 3.696249 0.271114 0.723153 0.122181 -0.109018 -0.440653
    51 1.748047 -0.000011 -0.000002 0.000001 -0.004395 -0.943084
    52 0.956684 0.000004 0.000002 -0.000008 -0.007276 -0.584309
    53 -3.756462 5.577850 2.053357 1.570803 -0.000001 0.000000
    54 -2.735646 -0.081365 5.727119 0.000007 0.000015 1.570796
    55 0.000001 5.662003 -0.974302 1.570804 -0.000001 0.000000
    56 -0.000002 -2.275002 5.113525 0.000000 0.000000 -3.141592
    57 -2.477620 5.416855 4.597564 1.570804 -0.000001 0.000000
    58 -1.515218 1.317776 5.998497 0.000000 0.000000 0.000000
    59 -2.455992 5.657928 -0.087295 1.570804 -0.000001 0.000000
    60 -1.485628 -1.617812 5.263969 0.000000 0.000000 3.141592
    61 3.756460 5.577858 2.053359 1.570803 -0.000001 0.000000
    62 2.735645 -0.081364 5.727116 0.000004 -0.000011 -1.570795
    63 2.477613 5.416855 4.597570 1.570804 -0.000001 0.000000
    64 1.515220 1.317777 5.998508 0.000000 0.000000 0.000000
    65 2.455991 5.657928 -0.087293 1.570804 -0.000001 0.000000
    66 1.485620 -1.617803 5.263973 0.000000 0.000000 -3.141592
    67 4.575642 5.632584 0.000132 0.000000 -1.570771 0.249128
    68 -0.000001 0.314078 5.161098 0.000000 0.000000 0.000000
    69 -0.000001 -0.323108 3.750217 0.000000 0.000000 0.000000
    70 5.734947 1.075212 4.685178 1.570830 -0.000004 -1.321669
    71 -0.753896 0.305901 4.971462 -0.000001 0.000002 0.000000
    72 -1.101006 -0.314705 3.448307 0.000001 0.000001 0.000000
    73 5.809101 -1.029643 4.595047 1.570829 -0.000004 -1.321671
    74 -0.714908 -0.199657 5.028973 0.000000 0.000003 0.000000
    75 -0.282898 -0.851690 4.444889 0.000000 0.000000 0.000000
    76 9.578484 -1.290738 0.000240 0.000000 1.570770 -2.892481
    77 9.369518 -1.236408 1.787905 0.000000 1.570770 -2.892481
    78 9.436707 -1.331719 -1.409029 0.000000 1.570770 -2.892477
    79 5.735191 1.075235 -4.684885 -1.570814 0.000004 1.819923
    80 0.753901 0.305904 4.971474 -0.000001 -0.000002 0.000000
    81 1.101010 -0.314705 3.448315 0.000000 -0.000001 0.000000
    82 5.809341 -1.029617 -4.594752 -1.570814 0.000004 1.819922
    83 0.714908 -0.199655 5.028969 0.000000 -0.000003 0.000000
    84 0.282897 -0.851688 4.444893 0.000000 0.000000 0.000000
  time 6
    0 0.315761 -16.503560 36.048177 1.535227 0.015736 -0.135288
    1 3.983847 0.002149 0.003401 -1.700265 -0.337882 -1.588426
    2 15.938816 -0.000100 -0.000005 -0.000009 -0.000002 0.000191
    3 17.707025 -0.000068 0.000003 -0.009235 -0.111260 -1.039007
    4 6.202515 0.003416 -0.000367 -0.003123 -0.000264 -0.540884
    5 -3.983848 0.002149 0.003395 -1.735084 0.499300 -1.516184
    6 15.938826 -0.000113 -0.000001 0.000002 0.000010 0.232224
    7 17.707031 0.000018 0.000000 0.064443 0.143377 -1.033054
    8 6.202710 0.003078 0.003745 -0.075642 -0.007322 -1.023638
    9 -0.000001 4.209253 -1.688832 1.637523 -0.047797 1.568634
    10 3.836055 0.000000 0.000000 0.066155 0.029771 -0.092534
    11 3.617625 -0.000275 -0.000015 0.068852 0.016375 0.055119
    12 7.537925 0.003588 -0.000212 0.001316 0.006392 0.208145
    13 3.181604 -0.002346 0.000028 3.131521 -0.026853 0.224222
    14 2.966416 0.000318 0.000023 -0.078300 -0.011627 0.166756
    15 2.023770 0.904983 0.850949 1.683603 -1.244472 2.852285
    16 4.980521 0.000781 -0.001089 -1.800702 0.441669 -1.263870
    17 11.119977 0.000007 0.000004 -0.000003 -0.136098 -0.170505
    18 11.205393 -0.000039 0.000000 1.623580 -0.483313 0.037789
    19 3.767578 0.152466 0.071350 0.014616 0.047110 -0.282654
    20 2.036722 -0.000008 0.000000 0.000028 0.004989 -1.007965
    21 1.066406 -0.000003 0.000001 -0.000002 0.002790 -0.399210
    22 3.783203 -0.017242 0.794434 0.333290 -0.031875 -0.219057
    23 1.628906 0.000000 0.000000 0.000000 0.005106 -0.697052
    24 0.955566 -0.000001 0.000000 -0.000006 0.003247 -0.272279
    25 1.255294 -0.301568 1.248833 -1.927852 -0.158487 -0.368956
    26 1.392578 0.000003 -0.000004 0.000000 0.002017 0.071902
    27 1.099609 0.000000 -0.000002 0.000000 -0.295768 0.023718
    28 3.548828 0.198730 -1.489258 -0.359957 0.081072 -0.335116
    29 1.218750 0.000010 0.000001 -0.000004 0.004664 -0.629642
    30 0.679688 -0.000001 -0.000001 -0.000004 0.002395 -0.700525
    31 3.697266 0.267334 -0.728516 -0.118303 0.092676 -0.406874
    32 1.748047 0.000000 -0.000001 0.000000 0.002901 -0.743276
    33 0.956684 0.000008 0.000001 0.000003 0.004804 -0.443996
    34 2.023778 0.904982 -0.850921 -1.840754 1.220968 2.760546
    35 4.981625 0.002227 0.003236 1.564001 -0.013536 -0.991077
    36 11.119975 -0.000005 0.000000 0.000001 0.136123 -0.780338
    37 11.205375 0.000073 0.000008 -1.768539 0.337177 -0.213182
    38 3.767578 0.151855 -0.072693 -0.090944 -0.092657 -0.325335
    39 2.036716 -0.000004 0.000000 0.000012 -0.007577 -1.092568
    40 1.066406 0.000007 0.000000 0.000002 -0.004236 -0.268520
    41 3.783203 -0.023941 -0.794434 -0.344154 -0.088895 -0.269861
    42 1.628906 0.000000 -0.000001 0.000002 -0.007731 -0.659761
    43 0.955566 0.000001 0.000000 0.000003 -0.004923 -0.331347
    44 1.258789 -0.308350 -1.250000 1.738856 0.204802 -0.550002
    45 1.392578 -0.000004 0.000002 0.000004 0.222430 0.216078
    46 1.099609 0.000006 -0.000004 0.000002 0.280394 0.302812
    47 3.548828 0.211304 1.487305 0.384333 -0.001343 -0.385564
    48 1.218750 0.000009 0.000000 0.000003 -0.007080 -0.762570
    49 0.679688 0.000007 0.000000 0.000002 -0.003638 -0.821625
    50 3.696249 0.271114 0.723153 0.122169 -0.109018 -0.440653
    51 1.748047 -0.000011 -0.000002 0.000001 -0.004395 -0.943084
    52 0.956684 0.000004 0.000002 -0.000032 -0.007276 -0.584309
    53 -3.756462 5.577850 2.053357 1.570803 -0.000001 0.000000
    54 -2.735646 -0.081365 5.727119 0.000007 0.000015 1.570796
    55 0.000001 5.662003 -0.974302 1.570804 -0.000001 0.000000
    56 -0.000002 -2.275002 5.113525 0.000000 0.000000 -3.141592
    57 -2.477620 5.416855 4.597564 1.570804 -0.000001 0.000000
    58 -1.515218 1.317776 5.998497 0.000000 0.000000 0.000000
    59 -2.455992 5.657928 -0.087295 1.570804 -0.000001 0.000000
    60 -1.485628 -1.617812 5.263969 0.000000 0.000000 3.141592
    61 3.756460 5.577858 2.053359 1.570803 -0.000001 0.000000
    62 2.735645 -0.081364 5.727116 0.000004 -0.000011 -1.570795
    63 2.477613 5.416855 4.597570 1.570804 -0.000001 0.000000
    64 1.515220 1.317777 5.998508 0.000000 0.000000 0.000000
    65 2.455991 5.657928 -0.087293 1.570804 -0.000001 0.000000
    66 1.485620 -1.617803 5.263973 0.000000 0.000000 -3.141592
    67 4.575642 5.632584 0.000132 0.000000 -1.570771 0.249128
    68 -0.000001 0.314078 5.161098 0.000000 0.000000 0.000000
    69 -0.000001 -0.323108 3.750217 0.000000 0.000000 0.000000
    70 5.734947 1.075212 4.685178 1.570830 -0.000004 -1.321669
    71 -0.753896 0.305901 4.971462 -0.000001 0.000002 0.000000
    72 -1.101006 -0.314705 3.448307 0.000001 0.000001 0.000000
    73 5.809101 -1.029643 4.595047 1.570829 -0.000004 -1.321671
    74 -0.714908 -0.199657 5.028973 0.000000 0.000003 0.000000
    75 -0.282898 -0.851690 4.444889 0.000000 0.000000 0.000000
    76 9.578484 -1.290738 0.000240 0.000000 1.570770 -2.892481
    77 9.369518 -1.236408 1.787905 0.000000 1.570770 -2.892481
    78 9.436707 -1.331719 -1.409029 0.000000 1.570770 -2.892477
    79 5.735191 1.075235 -4.684885 -1.570814 0.000004 1.819923
    80 0.753901 0.305904 4.971474 -0.000001 -0.000002 0.000000
    81 1.101010 -0.314705 3.448315 0.000000 -0.000001 0.000000
    82 5.809341 -1.029617 -4.594752 -1.570814 0.000004 1.819922
    83 0.714908 -0.199655 5.028969 0.000000 -0.000003 0.000000
    84 0.282897 -0.851688 4.444893 0.000000 0.000000 0.000000
  time 7
    0 0.425139 -19.167563 35.930986 1.534364 0.013159 -0.125384
    1 3.983847 0.002149 0.003401 -1.690290 -0.341486 -1.599155
    2 15.938816 -0.000100 -0.000005 -0.000009 -0.000002 0.000191
    3 17.707025 -0.000068 0.000003 0.015324 -0.115460 -1.013218
    4 6.202515 0.003416 -0.000367 -0.001517 -0.000252 -0.529518
    5 -3.983848 0.002149 0.003395 -1.724957 0.511281 -1.519743
    6 15.938826 -0.000113 -0.000001 0.000002 0.000010 0.314790
    7 17.707031 0.000018 0.000000 0.092913 0.118786 -0.930507
    8 6.202710 0.003078 0.003745 -0.076122 -0.008149 -1.023621
    9 -0.000001 4.209253 -1.688832 1.635941 -0.048605 1.568010
    10 3.836055 0.000000 0.000000 0.061349 0.028524 -0.091695
    11 3.617625 -0.000275 -0.000015 0.062524 0.014482 0.056048
    12 7.537925 0.003588 -0.000212 0.001208 0.005577 0.208145
    13 3.181604 -0.002346 0.000028 3.134494 -0.019327 0.224138
    14 2.966416 0.000318 0.000023 -0.076909 -0.003501 0.166710
    15 2.023770 0.904983 0.850949 1.701403 -1.243047 2.833342
    16 4.980521 0.000781 -0.001089 -1.808081 0.429457 -1.258663
    17 11.119977 0.000007 0.000004 -0.000003 -0.136098 -0.172335
    18 11.205393 -0.000039 0.000000 1.611959 -0.455155 0.102830
    19 3.767578 0.152466 0.071350 0.014616 0.047110 -0.282654
    20 2.036722 -0.000008 0.000000 0.000028 0.004989 -1.007965
    21 1.066406 -0.000003 0.000001 -0.000002 0.002790 -0.399210
    22 3.783203 -0.017242 0.794434 0.333290 -0.031875 -0.219057
    23 1.628906 0.000000 0.000000 0.000000 0.005106 -0.697052
    24 0.955566 -0.000001 0.000000 -0.000006 0.003247 -0.272279
    25 1.255294 -0.301568 1.248833 -1.927852 -0.158487 -0.368956
    26 1.392578 0.000003 -0.000004 0.000000 0.002017 0.071902
    27 1.099609 0.000000 -0.000002 0.000000 -0.295768 0.023718
    28 3.548828 0.198730 -1.489258 -0.359957 0.081072 -0.335116
    29 1.218750 0.000010 0.000001 -0.000004 0.004664 -0.629642
    30 0.679688 -0.000001 -0.000001 -0.000004 0.002395 -0.700525
    31 3.697266 0.267334 -0.728516 -0.118303 0.092676 -0.406874
    32 1.748047 0.000000 -0.000001 0.000000 0.002901 -0.743276
    33 0.956684 0.000008 0.000001 0.000003 0.004804 -0.443996
    34 2.023778 0.904982 -0.850921 -1.825202 1.223451 2.777255
    35 4.981625 0.002227 0.003236 1.574630 -0.032471 -0.998129
    36 11.119975 -0.000005 0.000000 0.000001 0.136123 -0.781221
    37 11.205375 0.000073 0.000008 -1.783666 0.315281 -0.235233
    38 3.767578 0.151855 -0.072693 -0.090944 -0.092657 -0.325335
    39 2.036716 -0.000004 0.000000 0.000012 -0.007577 -1.092568
    40 1.066406 0.000007 0.000000 0.000002 -0.004236 -0.268520
    41 3.783203 -0.023941 -0.794434 -0.344154 -0.088895 -0.269861
    42 1.628906 0.000000 -0.000001 0.000002 -0.007731 -0.659761
    43 0.955566 0.000001 0.000000 0.000003 -0.004923 -0.331347
    44 1.258789 -0.308350 -1.250000 1.738856 0.204802 -0.550002
    45 1.392578 -0.000004 0.000002 0.000004 0.222430 0.216078
    46 1.099609 0.000006 -0.000004 0.000002 0.280394 0.302812
    47 3.548828 0.211304 1.487305 0.384333 -0.001343 -0.385564
    48 1.218750 0.000009 0.000000 0.000003 -0.007080 -0.762570
    49 0.679688 0.000007 0.000000 0.000002 -0.003638 -0.821625
    50 3.696249 0.271114 0.723153 0.122169 -0.109018 -0.440653
    51 1.748047 -0.000011 -0.000002 0.000001 -0.004395 -0.943084
    52 0.956684 0.000004 0.000002 -0.000032 -0.007276 -0.584309
    53 -3.756462 5.577850 2.053357 1.570803 -0.000001 0.000000
    54 -2.735646 -0.081365 5.727119 0.000007 0.000015 1.570796
    55 0.000001 5.662003 -0.974302 1.570804 -0.000001 0.000000
    56 -0.000002 -2.275002 5.113525 0.000000 0.000000 -3.141592
    57 -2.477620 5.416855 4.597564 1.570804 -0.000001 0.000000
    58 -1.515218 1.317776 5.998497 0.000000 0.000000 0.000000
    59 -2.455992 5.657928 -0.087295 1.570804 -0.000001 0.000000
    60 -1.485628 -1.617812 5.263969 0.000000 0.000000 3.141592
    61 3.756460 5.577858 2.053359 1.570803 -0.000001 0.000000
    62 2.735645 -0.081364 5.727116 0.000004 -0.000011 -1.570795
    63 2.477613 5.416855 4.597570 1.570804 -0.000001 0.000000
    64 1.515220 1.317777 5.998508 0.000000 0.000000 0.000000
    65 2.455991 5.657928 -0.087293 1.570804 -0.000001 0.000000
    66 1.485620 -1.617803 5.263973 0.000000 0.000000 -3.141592
    67 4.575642 5.632584 0.000132 0.000000 -1.570771 0.249128
    68 -0.000001 0.314078 5.161098 0.000000 0.000000 0.000000
    69 -0.000001 -0.323108 3.750217 0.000000 0.000000 0.000000
    70 5.734947 1.075212 4.685178 1.570830 -0.000004 -1.321669
    71 -0.753896 0.305901 4.971462 -0.000001 0.000002 0.000000
    72 -1.101006 -0.314705 3.448307 0.000001 0.000001 0.000000
    73 5.809101 -1.029643 4.595047 1.570829 -0.000004 -1.321671
    74 -0.714908 -0.199657 5.028973 0.000000 0.000003 0.000000
    75 -0.282898 -0.851690 4.444889 0.000000 0.000000 0.000000
    76 9.578484 -1.290738 0.000240 0.000000 1.570770 -2.892481
    77 9.369518 -1.236408 1.787905 0.000000 1.570770 -2.892481
    78 9.436707 -1.331719 -1.409029 0.000000 1.570770 -2.892477
    79 5.735191 1.075235 -4.684885 -1.570814 0.000004 1.819923
    80 0.753901 0.305904 4.971474 -0.000001 -0.000002 0.000000
    81 1.101010 -0.314705 3.448315 0.000000 -0.000001 0.000000
    82 5.809341 -1.029617 -4.594752 -1.570814 0.000004 1.819922
    83 0.714908 -0.199655 5.028969 0.000000 -0.000003 0.000000
    84 0.282897 -0.851688 4.444893 0.000000 0.000000 0.000000
  time 8
    0 0.542330 -21.831565 35.958330 1.537048 0.001822 -0.110048
    1 3.983847 0.002149 0.003401 -1.674900 -0.350965 -1.618645
    2 15.938816 -0.000100 -0.000005 -0.000009 -0.000002 0.087399
    3 17.707025 -0.000068 0.000003 0.047179 -0.127045 -1.067703
    4 6.202515 0.003416 -0.000367 -0.012747 0.000060 -0.500547
    5 -3.983848 0.002149 0.003395 -1.708907 0.507803 -1.539322
    6 15.938826 -0.000113 -0.000001 0.000002 0.000010 0.382619
    7 17.707031 0.000018 0.000000 0.113382 0.074315 -0.806296
    8 6.202710 0.003078 0.003745 -0.076817 -0.009311 -1.023621
    9 -0.000001 4.209253 -1.688832 1.631243 -0.047878 1.564367
    10 3.836055 0.000000 0.000000 0.053871 0.018038 -0.092474
    11 3.617625 -0.000275 -0.000015 0.052793 0.011953 0.055260
    12 7.537925 0.003588 -0.000212 0.001076 0.004546 0.208145
    13 3.181604 -0.002346 0.000028 3.137849 -0.010062 0.224138
    14 2.966416 0.000318 0.000023 -0.070725 0.004073 0.163488
    15 2.023770 0.904983 0.850949 1.720103 -1.241337 2.813583
    16 4.980521 0.000781 -0.001089 -1.810352 0.411173 -1.249445
    17 11.119977 0.000007 0.000004 -0.000003 -0.136098 -0.177652
    18 11.205393 -0.000039 0.000000 1.612584 -0.422121 0.144332
    19 3.767578 0.152466 0.071350 0.014616 0.047110 -0.282654
    20 2.036722 -0.000008 0.000000 0.000016 0.004977 -1.007965
    21 1.066406 -0.000003 0.000001 -0.000002 0.002790 -0.399210
    22 3.783203 -0.017242 0.794434 0.333290 -0.031875 -0.219057
    23 1.628906 0.000000 0.000000 0.000000 0.005106 -0.697052
    24 0.955566 -0.000001 0.000000 -0.000006 0.003247 -0.272279
    25 1.255294 -0.301568 1.248833 -1.927852 -0.158487 -0.368956
    26 1.392578 0.000003 -0.000004 0.000000 0.002017 0.071902
    27 1.099609 0.000000 -0.000002 0.000000 -0.295768 0.023718
    28 3.548828 0.198730 -1.489258 -0.359957 0.081072 -0.335116
    29 1.218750 0.000010 0.000001 -0.000004 0.004664 -0.629642
    30 0.679688 -0.000001 -0.000001 -0.000004 0.002395 -0.700525
    31 3.697266 0.267334 -0.728516 -0.118303 0.092676 -0.406874
    32 1.748047 0.000000 -0.000001 0.000000 0.002901 -0.743276
    33 0.956684 0.000008 0.000001 0.000003 0.004804 -0.443996
    34 2.023778 0.904982 -0.850921 -1.808345 1.226057 2.795048
    35 4.981625 0.002227 0.003236 1.589283 -0.056572 -1.008647
    36 11.119975 -0.000005 0.000000 0.000001 0.136123 -0.768861
    37 11.205375 0.000073 0.000008 -1.783857 0.291168 -0.249135
    38 3.767578 0.151855 -0.072693 -0.090944 -0.092657 -0.325335
    39 2.036716 -0.000004 0.000000 0.000012 -0.007577 -1.092568
    40 1.066406 0.000007 0.000000 0.000002 -0.004236 -0.268520
    41 3.783203 -0.023941 -0.794434 -0.344154 -0.088895 -0.269861
    42 1.628906 0.000000 -0.000001 0.000002 -0.007731 -0.659761
    43 0.955566 0.000001 0.000000 0.000003 -0.004923 -0.331347
    44 1.258789 -0.308350 -1.250000 1.738856 0.204802 -0.550002
    45 1.392578 -0.000004 0.000002 0.000004 0.222430 0.216078
    46 1.099609 0.000006 -0.000004 0.000002 0.280394 0.302812
    47 3.548828 0.211304 1.487305 0.384333 -0.001343 -0.385564
    48 1.218750 0.000009 0.000000 0.000003 -0.007080 -0.762570
    49 0.679688 0.000007 0.000000 0.000002 -0.003638 -0.821625
    50 3.696249 0.271114 0.723153 0.122181 -0.109018 -0.440653
    51 1.748047 -0.000011 -0.000002 0.000001 -0.004395 -0.943084
    52 0.956684 0.000004 0.000002 -0.000032 -0.007276 -0.584309
    53 -3.756462 5.577850 2.053357 1.570803 -0.000001 0.000000
    54 -2.735646 -0.081365 5.727119 0.000007 0.000015 1.570796
    55 0.000001 5.662003 -0.974302 1.570804 -0.000001 0.000000
    56 -0.000002 -2.275002 5.113525 0.000000 0.000000 -3.141592
    57 -2.477620 5.416855 4.597564 1.570804 -0.000001 0.000000
    58 -1.515218 1.317776 5.998497 0.000000 0.000000 0.000000
    59 -2.455992 5.657928 -0.087295 1.570804 -0.000001 0.000000
    60 -1.485628 -1.617812 5.263969 0.000000 0.000000 3.141592
    61 3.756460 5.577858 2.053359 1.570803 -0.000001 0.000000
    62 2.735645 -0.081364 5.727116 0.000004 -0.000011 -1.570795
    63 2.477613 5.416855 4.597570 1.570804 -0.000001 0.000000
    64 1.515220 1.317777 5.998508 0.000000 0.000000 0.000000
    65 2.455991 5.657928 -0.087293 1.570804 -0.000001 0.000000
    66 1.485620 -1.617803 5.263973 0.000000 0.000000 -3.141592
    67 4.575642 5.632584 0.000132 0.000000 -1.570771 0.249128
    68 -0.000001 0.314078 5.161098 0.000000 0.000000 0.000000
    69 -0.000001 -0.323108 3.750217 0.000000 0.000000 0.000000
    70 5.734947 1.075212 4.685178 1.570830 -0.000004 -1.321669
    71 -0.753896 0.305901 4.971462 -0.000001 0.000002 0.000000
    72 -1.101006 -0.314705 3.448307 0.000001 0.000001 0.000000
    73 5.809101 -1.029643 4.595047 1.570829 -0.000004 -1.321671
    74 -0.714908 -0.199657 5.028973 0.000000 0.000003 0.000000
    75 -0.282898 -0.851690 4.444889 0.000000 0.000000 0.000000
    76 9.578484 -1.290738 0.000240 0.000000 1.570770 -2.892481
    77 9.369518 -1.236408 1.787905 0.000000 1.570770 -2.892481
    78 9.436707 -1.331719 -1.409029 0.000000 1.570770 -2.892477
    79 5.735191 1.075235 -4.684885 -1.570814 0.000004 1.819923
    80 0.753901 0.305904 4.971474 -0.000001 -0.000002 0.000000
    81 1.101010 -0.314705 3.448315 0.000000 -0.000001 0.000000
    82 5.809341 -1.029617 -4.594752 -1.570814 0.000004 1.819922
    83 0.714908 -0.199655 5.028969 0.000000 -0.000003 0.000000
    84 0.282897 -0.851688 4.444893 0.000000 0.000000 0.000000
  time 9
    0 0.671241 -24.503380 36.138023 1.542993 -0.022231 -0.090367
    1 3.983847 0.002149 0.003401 -1.655520 -0.393596 -1.649222
    2 15.938816 -0.000100 -0.000005 -0.000009 -0.000002 0.270486
    3 17.707025 -0.000068 0.000003 0.045444 -0.138459 -1.062043
    4 6.202515 0.003416 -0.000367 -0.011788 0.000563 -0.500547
    5 -3.983848 0.002149 0.003395 -1.685214 0.449274 -1.566769
    6 15.938826 -0.000113 -0.000001 0.000002 0.000010 0.495478
    7 17.707031 0.000018 0.000000 0.117960 0.025222 -0.711370
    8 6.202710 0.003078 0.003745 -0.077584 -0.010546 -1.023621
    9 -0.000001 4.209253 -1.688832 1.623717 -0.045758 1.556266
    10 3.836055 0.000000 0.000000 0.044259 -0.004589 -0.094691
    11 3.617625 -0.000275 -0.000015 0.040209 0.008705 0.052993
    12 7.537925 0.003588 -0.000212 0.000896 0.003347 0.208133
    13 3.181604 -0.002346 0.000028 3.141876 0.000784 0.224138
    14 2.966416 0.000318 0.000023 -0.059771 0.010533 0.155183
    15 2.023770 0.904983 0.850949 1.739203 -1.239220 2.793189
    16 4.980521 0.000781 -0.001089 -1.808855 0.385635 -1.234479
    17 11.119977 0.000007 0.000004 -0.000003 -0.136098 -0.190632
    18 11.205393 -0.000039 0.000000 1.618922 -0.392297 0.152782
    19 3.767578 0.152466 0.071350 0.014616 0.047110 -0.282654
    20 2.036722 -0.000008 0.000000 0.000016 0.004977 -1.007965
    21 1.066406 -0.000003 0.000001 -0.000002 0.002790 -0.399210
    22 3.783203 -0.017242 0.794434 0.333290 -0.031875 -0.219057
    23 1.628906 0.000000 0.000000 0.000000 0.005106 -0.697052
    24 0.955566 -0.000001 0.000000 -0.000006 0.003247 -0.272279
    25 1.255294 -0.301568 1.248833 -1.927852 -0.158487 -0.368956
    26 1.392578 0.000003 -0.000004 0.000000 0.002017 0.071902
    27 1.099609 0.000000 -0.000002 0.000000 -0.295768 0.023718
    28 3.548828 0.198730 -1.489258 -0.359957 0.081072 -0.335116
    29 1.218750 0.000010 0.000001 -0.000004 0.004664 -0.629642
    30 0.679688 -0.000001 -0.000001 -0.000004 0.002395 -0.700525
    31 3.697266 0.267334 -0.728516 -0.118303 0.092676 -0.406874
    32 1.748047 0.000000 -0.000001 0.000000 0.002901 -0.743276
    33 0.956684 0.000008 0.000001 0.000003 0.004804 -0.443996
    34 2.023778 0.904982 -0.850921 -1.790914 1.229029 2.813654
    35 4.981625 0.002227 0.003236 1.606414 -0.083394 -1.023632
    36 11.119975 -0.000005 0.000000 0.000001 0.136123 -0.742251
    37 11.205375 0.000073 0.000008 -1.773502 0.267990 -0.252515
    38 3.767578 0.151855 -0.072693 -0.090944 -0.092657 -0.325335
    39 2.036716 -0.000004 0.000000 0.000012 -0.007577 -1.092568
    40 1.066406 0.000007 0.000000 0.000002 -0.004236 -0.268520
    41 3.783203 -0.023941 -0.794434 -0.344154 -0.088895 -0.269861
    42 1.628906 0.000000 -0.000001 0.000002 -0.007731 -0.659761
    43 0.955566 0.000001 0.000000 0.000003 -0.004923 -0.331347
    44 1.258789 -0.308350 -1.250000 1.738856 0.204802 -0.550002
    45 1.392578 -0.000004 0.000002 0.000004 0.222430 0.216078
    46 1.099609 0.000006 -0.000004 0.000002 0.280394 0.302812
    47 3.548828 0.211304 1.487305 0.384333 -0.001343 -0.385564
    48 1.218750 0.000009 0.000000 0.000003 -0.007080 -0.762570
    49 0.679688 0.000007 0.000000 0.000002 -0.003638 -0.821625
    50 3.696249 0.271114 0.723153 0.122181 -0.109018 -0.440653
    51 1.748047 -0.000011 -0.000002 0.000001 -0.004395 -0.943084
    52 0.956684 0.000004 0.000002 -0.000008 -0.007276 -0.584309
    53 -3.756462 5.577850 2.053357 1.570803 -0.000001 0.000000
    54 -2.735646 -0.081365 5.727119 0.000007 0.000015 1.570796
    55 0.000001 5.662003 -0.974302 1.570804 -0.000001 0.000000
    56 -0.000002 -2.275002 5.113525 0.000000 0.000000 -3.141592
    57 -2.477620 5.416855 4.597564 1.570804 -0.000001 0.000000
    58 -1.515218 1.317776 5.998497 0.000000 0.000000 0.000000
    59 -2.455992 5.657928 -0.087295 1.570804 -0.000001 0.000000
    60 -1.485628 -1.617812 5.263969 0.000000 0.000000 3.141592
    61 3.756460 5.577858 2.053359 1.570803 -0.000001 0.000000
    62 2.735645 -0.081364 5.727116 0.000004 -0.000011 -1.570795
    63 2.477613 5.416855 4.597570 1.570804 -0.000001 0.000000
    64 1.515220 1.317777 5.998508 0.000000 0.000000 0.000000
    65 2.455991 5.657928 -0.087293 1.570804 -0.000001 0.000000
    66 1.485620 -1.617803 5.263973 0.000000 0.000000 -3.141592
    67 4.575642 5.632584 0.000132 0.000000 -1.570771 0.249128
    68 -0.000001 0.314078 5.161098 0.000000 0.000000 0.000000
    69 -0.000001 -0.323108 3.750217 0.000000 0.000000 0.000000
    70 5.734947 1.075212 4.685178 1.570830 -0.000004 -1.321669
    71 -0.753896 0.305901 4.971462 -0.000001 0.000002 0.000000
    72 -1.101006 -0.314705 3.448307 0.000001 0.000001 0.000000
    73 5.809101 -1.029643 4.595047 1.570829 -0.000004 -1.321671
    74 -0.714908 -0.199657 5.028973 0.000000 0.000003 0.000000
    75 -0.282898 -0.851690 4.444889 0.000000 0.000000 0.000000
    76 9.578484 -1.290738 0.000240 0.000000 1.570770 -2.892481
    77 9.369518 -1.236408 1.787905 0.000000 1.570770 -2.892481
    78 9.436707 -1.331719 -1.409029 0.000000 1.570770 -2.892477
    79 5.735191 1.075235 -4.684885 -1.570814 0.000004 1.819923
    80 0.753901 0.305904 4.971474 -0.000001 -0.000002 0.000000
    81 1.101010 -0.314705 3.448315 0.000000 -0.000001 0.000000
    82 5.809341 -1.029617 -4.594752 -1.570814 0.000004 1.819922
    83 0.714908 -0.199655 5.028969 0.000000 -0.000003 0.000000
    84 0.282897 -0.851688 4.444893 0.000000 0.000000 0.000000
  time 10
    0 0.780619 -27.167382 36.407563 1.550279 -0.051881 -0.067235
    1 3.983847 0.002149 0.003401 -1.630439 -0.390837 -1.692226
    2 15.938816 -0.000100 -0.000005 -0.000009 -0.000002 0.375417
    3 17.707025 -0.000068 0.000003 0.039442 -0.146310 -1.069569
    4 6.202515 0.003416 -0.000367 -0.011249 0.000887 -0.500547
    5 -3.983848 0.002149 0.003395 -1.657126 0.337541 -1.596559
    6 15.938826 -0.000113 -0.000001 0.000002 0.000010 0.652801
    7 17.707031 0.000018 0.000000 0.110231 -0.019250 -0.665189
    8 6.202710 0.003078 0.003745 -0.078231 -0.011576 -1.023621
    9 -0.000001 4.209253 -1.688832 1.614033 -0.042447 1.546343
    10 3.836055 0.000000 0.000000 0.032945 -0.032237 -0.098083
    11 3.617625 -0.000275 -0.000015 0.025504 0.004726 0.049600
    12 7.537925 0.003588 -0.000212 0.000680 0.001909 0.208133
    13 3.181604 -0.002346 0.000028 3.146478 0.012984 0.224138
    14 2.966416 0.000318 0.000023 -0.046145 0.017328 0.139345
    15 2.023770 0.904983 0.850949 1.757953 -1.236817 2.773340
    16 4.980521 0.000781 -0.001089 -1.803282 0.353047 -1.211688
    17 11.119977 0.000007 0.000004 -0.000003 -0.136098 -0.208929
    18 11.205393 -0.000039 0.000000 1.620219 -0.369176 0.152494
    19 3.767578 0.152466 0.071350 0.014616 0.047110 -0.282654
    20 2.036722 -0.000008 0.000000 0.000004 0.004965 -1.007965
    21 1.066406 -0.000003 0.000001 -0.000002 0.002790 -0.399210
    22 3.783203 -0.017242 0.794434 0.333290 -0.031875 -0.219057
    23 1.628906 0.000000 0.000000 0.000000 0.005106 -0.697052
    24 0.955566 -0.000001 0.000000 -0.000006 0.003247 -0.272279
    25 1.255294 -0.301568 1.248833 -1.927852 -0.158487 -0.368956
    26 1.392578 0.000003 -0.000004 0.000000 0.002017 0.071902
    27 1.099609 0.000000 -0.000002 0.000000 -0.295768 0.023718
    28 3.548828 0.198730 -1.489258 -0.359957 0.081072 -0.335116
    29 1.218750 0.000010 0.000001 -0.000004 0.004664 -0.629642
    30 0.679688 -0.000001 -0.000001 -0.000004 0.002395 -0.700525
    31 3.697266 0.267334 -0.728516 -0.118303 0.092676 -0.406874
    32 1.748047 0.000000 -0.000001 0.000000 0.002901 -0.743276
    33 0.956684 0.000008 0.000001 0.000003 0.004804 -0.443996
    34 2.023778 0.904982 -0.850921 -1.773065 1.232124 2.832621
    35 4.981625 0.002227 0.003236 1.624679 -0.111480 -1.044698
    36 11.119975 -0.000005 0.000000 0.000001 0.136123 -0.696534
    37 11.205375 0.000073 0.000008 -1.757849 0.253117 -0.238841
    38 3.767578 0.151855 -0.072693 -0.090944 -0.092657 -0.325335
    39 2.036716 -0.000004 0.000000 0.000000 -0.007577 -1.092568
    40 1.066406 0.000007 0.000000 0.000002 -0.004236 -0.268520
    41 3.783203 -0.023941 -0.794434 -0.344154 -0.088895 -0.269861
    42 1.628906 0.000000 -0.000001 0.000002 -0.007731 -0.659761
    43 0.955566 0.000001 0.000000 0.000003 -0.004923 -0.331347
    44 1.258789 -0.308350 -1.250000 1.738856 0.204802 -0.550002
    45 1.392578 -0.000004 0.000002 0.000004 0.222430 0.216078
    46 1.099609 0.000006 -0.000004 0.000002 0.280394 0.302812
    47 3.548828 0.211304 1.487305 0.384333 -0.001343 -0.385564
    48 1.218750 0.000009 0.000000 0.000003 -0.007080 -0.762570
    49 0.679688 0.000007 0.000000 0.000002 -0.003638 -0.821625
    50 3.696249 0.271114 0.723153 0.122169 -0.109018 -0.440653
    51 1.748047 -0.000011 -0.000002 0.000001 -0.004395 -0.943084
    52 0.956684 0.000004 0.000002 -0.000032 -0.007276 -0.584309
    53 -3.756462 5.577850 2.053357 1.570803 -0.000001 0.000000
    54 -2.735646 -0.081365 5.727119 0.000007 0.000015 1.570796
    55 0.000001 5.662003 -0.974302 1.570804 -0.000001 0.000000
    56 -0.000002 -2.275002 5.113525 0.000000 0.000000 -3.141592
    57 -2.477620 5.416855 4.597564 1.570804 -0.000001 0.000000
    58 -1.515218 1.317776 5.998497 0.000000 0.000000 0.000000
    59 -2.455992 5.657928 -0.087295 1.570804 -0.000001 0.000000
    60 -1.485628 -1.617812 5.263969 0.000000 0.000000 3.141592
    61 3.756460 5.577858 2.053359 1.570803 -0.000001 0.000000
    62 2.735645 -0.081364 5.727116 0.000004 -0.000011 -1.570795
    63 2.477613 5.416855 4.597570 1.570804 -0.000001 0.000000
    64 1.515220 1.317777 5.998508 0.000000 0.000000 0.000000
    65 2.455991 5.657928 -0.087293 1.570804 -0.000001 0.000000
    66 1.485620 -1.617803 5.263973 0.000000 0.000000 -3.141592
    67 4.575642 5.632584 0.000132 0.000000 -1.570771 0.249128
    68 -0.000001 0.314078 5.161098 0.000000 0.000000 0.000000
    69 -0.000001 -0.323108 3.750217 0.000000 0.000000 0.000000
    70 5.734947 1.075212 4.685178 1.570830 -0.000004 -1.321669
    71 -0.753896 0.305901 4.971462 -0.000001 0.000002 0.000000
    72 -1.101006 -0.314705 3.448307 0.000001 0.000001 0.000000
    73 5.809101 -1.029643 4.595047 1.570829 -0.000004 -1.321671
    74 -0.714908 -0.199657 5.028973 0.000000 0.000003 0.000000
    75 -0.282898 -0.851690 4.444889 0.000000 0.000000 0.000000
    76 9.578484 -1.290738 0.000240 0.000000 1.570770 -2.892481
    77 9.369518 -1.236408 1.787905 0.000000 1.570770 -2.892481
    78 9.436707 -1.331719 -1.409029 0.000000 1.570770 -2.892477
    79 5.735191 1.075235 -4.684885 -1.570814 0.000004 1.819923
    80 0.753901 0.305904 4.971474 -0.000001 -0.000002 0.000000
    81 1.101010 -0.314705 3.448315 0.000000 -0.000001 0.000000
    82 5.809341 -1.029617 -4.594752 -1.570814 0.000004 1.819922
    83 0.714908 -0.199655 5.028969 0.000000 -0.000003 0.000000
    84 0.282897 -0.851688 4.444893 0.000000 0.000000 0.000000
  time 11
    0 0.874372 -29.823572 36.720072 1.556511 -0.073549 -0.041611
    1 3.983847 0.002149 0.003401 -1.601274 -0.320704 -1.730402
    2 15.938816 -0.000100 -0.000005 -0.000009 -0.000002 0.377394
    3 17.707025 -0.000068 0.000003 0.038313 -0.148304 -1.123136
    4 6.202515 0.003416 -0.000367 -0.011141 0.000923 -0.500547
    5 -3.983848 0.002149 0.003395 -1.628370 0.192873 -1.619603
    6 15.938826 -0.000113 -0.000001 0.000002 0.000010 0.824231
    7 17.707031 0.000018 0.000000 0.098240 -0.055904 -0.666713
    8 6.202710 0.003078 0.003745 -0.078447 -0.011984 -1.023621
    9 -0.000001 4.209253 -1.688832 1.603008 -0.038489 1.539728
    10 3.836055 0.000000 0.000000 0.020446 -0.051856 -0.102181
    11 3.617625 -0.000275 -0.000015 0.009157 0.000028 0.045559
    12 7.537925 0.003588 -0.000212 0.000465 0.000291 0.208133
    13 3.181604 -0.002346 0.000028 3.151176 0.025460 0.224222
    14 2.966416 0.000318 0.000023 -0.032471 0.027479 0.125321
    15 2.023770 0.904983 0.850949 1.775903 -1.234090 2.754306
    16 4.980521 0.000781 -0.001089 -1.792652 0.314994 -1.182382
    17 11.119977 0.000007 0.000004 -0.000003 -0.136098 -0.233973
    18 11.205393 -0.000039 0.000000 1.616761 -0.355748 0.145291
    19 3.767578 0.152466 0.071350 0.014616 0.047110 -0.282654
    20 2.036722 -0.000008 0.000000 0.000028 0.004989 -1.007965
    21 1.066406 -0.000003 0.000001 -0.000002 0.002790 -0.399210
    22 3.783203 -0.017242 0.794434 0.333290 -0.031875 -0.219057
    23 1.628906 0.000000 0.000000 0.000000 0.005106 -0.697052
    24 0.955566 -0.000001 0.000000 -0.000006 0.003247 -0.272279
    25 1.255294 -0.301568 1.248833 -1.927852 -0.158487 -0.368956
    26 1.392578 0.000003 -0.000004 0.000000 0.002017 0.071902
    27 1.099609 0.000000 -0.000002 0.000000 -0.295768 0.023718
    28 3.548828 0.198730 -1.489258 -0.359957 0.081072 -0.335116
    29 1.218750 0.000010 0.000001 -0.000004 0.004664 -0.629642
    30 0.679688 -0.000001 -0.000001 -0.000004 0.002395 -0.700525
    31 3.697266 0.267334 -0.728516 -0.118303 0.092676 -0.406874
    32 1.748047 0.000000 -0.000001 0.000000 0.002901 -0.743276
    33 0.956684 0.000008 0.000001 0.000015 0.004804 -0.443996
    34 2.023778 0.904982 -0.850921 -1.755634 1.235300 2.851137
    35 4.981625 0.002227 0.003236 1.642893 -0.140831 -1.070260
    36 11.119975 -0.000005 0.000000 0.000001 0.136123 -0.632404
    37 11.205375 0.000073 0.000008 -1.737663 0.249749 -0.200202
    38 3.767578 0.151855 -0.072693 -0.090944 -0.092657 -0.325335
    39 2.036716 -0.000004 0.000000 0.000012 -0.007577 -1.092568
    40 1.066406 0.000007 0.000000 0.000002 -0.004236 -0.268520
    41 3.783203 -0.023941 -0.794434 -0.344154 -0.088895 -0.269861
    42 1.628906 0.000000 -0.000001 0.000002 -0.007731 -0.659761
    43 0.955566 0.000001 0.000000 0.000003 -0.004923 -0.331347
    44 1.258789 -0.308350 -1.250000 1.738856 0.204802 -0.550002
    45 1.392578 -0.000004 0.000002 0.000004 0.222430 0.216078
    46 1.099609 0.000006 -0.000004 0.000002 0.280394 0.302812
    47 3.548828 0.211304 1.487305 0.384333 -0.001343 -0.385564
    48 1.218750 0.000009 0.000000 0.000003 -0.007080 -0.762570
    49 0.679688 0.000007 0.000000 0.000002 -0.003638 -0.821625
    50 3.696249 0.271114 0.723153 0.122181 -0.109018 -0.440653
    51 1.748047 -0.000011 -0.000002 0.000001 -0.004395 -0.943084
    52 0.956684 0.000004 0.000002 -0.000032 -0.007276 -0.584309
    53 -3.756462 5.577850 2.053357 1.570803 -0.000001 0.000000
    54 -2.735646 -0.081365 5.727119 0.000007 0.000015 1.570796
    55 0.000001 5.662003 -0.974302 1.570804 -0.000001 0.000000
    56 -0.000002 -2.275002 5.113525 0.000000 0.000000 -3.141592
    57 -2.477620 5.416855 4.597564 1.570804 -0.000001 0.000000
    58 -1.515218 1.317776 5.998497 0.000000 0.000000 0.000000
    59 -2.455992 5.657928 -0.087295 1.570804 -0.000001 0.000000
    60 -1.485628 -1.617812 5.263969 0.000000 0.000000 3.141592
    61 3.756460 5.577858 2.053359 1.570803 -0.000001 0.000000
    62 2.735645 -0.081364 5.727116 0.000004 -0.000011 -1.570795
    63 2.477613 5.416855 4.597570 1.570804 -0.000001 0.000000
    64 1.515220 1.317777 5.998508 0.000000 0.000000 0.000000
    65 2.455991 5.657928 -0.087293 1.570804 -0.000001 0.000000
    66 1.485620 -1.617803 5.263973 0.000000 0.000000 -3.141592
    67 4.575642 5.632584 0.000132 0.000000 -1.570771 0.249128
    68 -0.000001 0.314078 5.161098 0.000000 0.000000 0.000000
    69 -0.000001 -0.323108 3.750217 0.000000 0.000000 0.000000
    70 5.734947 1.075212 4.685178 1.570830 -0.000004 -1.321669
    71 -0.753896 0.305901 4.971462 -0.000001 0.000002 0.000000
    72 -1.101006 -0.314705 3.448307 0.000001 0.000001 0.000000
    73 5.809101 -1.029643 4.595047 1.570829 -0.000004 -1.321671
    74 -0.714908 -0.199657 5.028973 0.000000 0.000003 0.000000
    75 -0.282898 -0.851690 4.444889 0.000000 0.000000 0.000000
    76 9.578484 -1.290738 0.000240 0.000000 1.570770 -2.892481
    77 9.369518 -1.236408 1.787905 0.000000 1.570770 -2.892481
    78 9.436707 -1.331719 -1.409029 0.000000 1.570770 -2.892477
    79 5.735191 1.075235 -4.684885 -1.570814 0.000004 1.819923
    80 0.753901 0.305904 4.971474 -0.000001 -0.000002 0.000000
    81 1.101010 -0.314705 3.448315 0.000000 -0.000001 0.000000
    82 5.809341 -1.029617 -4.594752 -1.570814 0.000004 1.819922
    83 0.714908 -0.199655 5.028969 0.000000 -0.000003 0.000000
    84 0.282897 -0.851688 4.444893 0.000000 0.000000 0.000000
  time 12
    0 0.948593 -32.487574 37.032582 1.561400 -0.078475 -0.014390
    1 3.983847 0.002149 0.003401 -1.572014 -0.229969 -1.747300
    2 15.938816 -0.000100 -0.000005 -0.000009 -0.000002 0.348388
    3 17.707025 -0.000068 0.000003 0.040378 -0.149428 -1.187503
    4 6.202515 0.003416 -0.000367 -0.011141 0.000923 -0.500547
    5 -3.983848 0.002149 0.003395 -1.599900 0.013164 -1.629346
    6 15.938826 -0.000113 -0.000001 0.000002 0.000010 1.002526
    7 17.707031 0.000018 0.000000 0.090465 -0.085225 -0.717824
    8 6.202710 0.003078 0.003745 -0.078147 -0.011420 -1.023621
    9 -0.000001 4.209253 -1.688832 1.591263 -0.034471 1.539488
    10 3.836055 0.000000 0.000000 0.007191 -0.056518 -0.106232
    11 3.617625 -0.000275 -0.000015 -0.008029 -0.005125 0.041462
    12 7.537925 0.003588 -0.000212 0.000009 -0.003016 0.208133
    13 3.181604 -0.002346 0.000028 3.155682 0.036773 0.224366
    14 2.966416 0.000318 0.000023 -0.019539 0.039212 0.116517
    15 2.023770 0.904983 0.850949 1.807253 -1.228227 2.720770
    16 4.980521 0.000781 -0.001089 -1.753227 0.230184 -1.120469
    17 11.119977 0.000007 0.000004 -0.000003 -0.136098 -0.309506
    18 11.205393 -0.000039 0.000000 1.599331 -0.356173 0.113520
    19 3.767578 0.152466 0.071350 0.014616 0.047110 -0.282654
    20 2.036722 -0.000008 0.000000 0.000016 0.004977 -1.007965
    21 1.066406 -0.000003 0.000001 -0.000002 0.002790 -0.399210
    22 3.783203 -0.017242 0.794434 0.333290 -0.031875 -0.219057
    23 1.628906 0.000000 0.000000 0.000000 0.005106 -0.697052
    24 0.955566 -0.000001 0.000000 -0.000006 0.003247 -0.272279
    25 1.255294 -0.301568 1.248833 -1.927852 -0.158487 -0.368956
    26 1.392578 0.000003 -0.000004 0.000000 0.002017 0.071902
    27 1.099609 0.000000 -0.000002 0.000000 -0.295768 0.023718
    28 3.548828 0.198730 -1.489258 -0.359957 0.081072 -0.335116
    29 1.218750 0.000010 0.000001 -0.000004 0.004664 -0.629642
    30 0.679688 -0.000001 -0.000001 -0.000004 0.002395 -0.700525
    31 3.697266 0.267334 -0.728516 -0.118303 0.092676 -0.406874
    32 1.748047 0.000000 -0.000001 0.000000 0.002901 -0.743276
    33 0.956684 0.000008 0.000001 0.000003 0.004804 -0.443996
    34 2.023778 0.904982 -0.850921 -1.723486 1.241773 2.885368
    35 4.981625 0.002227 0.003236 1.678701 -0.201346 -1.119885
    36 11.119975 -0.000005 0.000000 0.000001 0.136123 -0.479362
    37 11.205375 0.000073 0.000008 -1.695907 0.264826 -0.109791
    38 3.767578 0.151855 -0.072693 -0.090944 -0.092657 -0.325335
    39 2.036716 -0.000004 0.000000 0.000012 -0.007577 -1.092568
    40 1.066406 0.000007 0.000000 0.000002 -0.004236 -0.268520
    41 3.783203 -0.023941 -0.794434 -0.344154 -0.088895 -0.269861
    42 1.628906 0.000000 -0.000001 0.000002 -0.007731 -0.659761
    43 0.955566 0.000001 0.000000 0.000003 -0.004923 -0.331347
    44 1.258789 -0.308350 -1.250000 1.738856 0.204802 -0.550002
    45 1.392578 -0.000004 0.000002 0.000004 0.222430 0.216078
    46 1.099609 0.000006 -0.000004 0.000002 0.280394 0.302812
    47 3.548828 0.211304 1.487305 0.384333 -0.001343 -0.385564
    48 1.218750 0.000009 0.000000 0.000003 -0.007080 -0.762570
    49 0.679688 0.000007 0.000000 0.000002 -0.003638 -0.821625
    50 3.696249 0.271114 0.723153 0.122169 -0.109018 -0.440653
    51 1.748047 -0.000011 -0.000002 0.000001 -0.004395 -0.943084
    52 0.956684 0.000004 0.000002 -0.000008 -0.007276 -0.584309
    53 -3.756462 5.577850 2.053357 1.570803 -0.000001 0.000000
    54 -2.735646 -0.081365 5.727119 0.000007 0.000015 1.570796
    55 0.000001 5.662003 -0.974302 1.570804 -0.000001 0.000000
    56 -0.000002 -2.275002 5.113525 0.000000 0.000000 -3.141592
    57 -2.477620 5.416855 4.597564 1.570804 -0.000001 0.000000
    58 -1.515218 1.317776 5.998497 0.000000 0.000000 0.000000
    59 -2.455992 5.657928 -0.087295 1.570804 -0.000001 0.000000
    60 -1.485628 -1.617812 5.263969 0.000000 0.000000 3.141592
    61 3.756460 5.577858 2.053359 1.570803 -0.000001 0.000000
    62 2.735645 -0.081364 5.727116 0.000004 -0.000011 -1.570795
    63 2.477613 5.416855 4.597570 1.570804 -0.000001 0.000000
    64 1.515220 1.317777 5.998508 0.000000 0.000000 0.000000
    65 2.455991 5.657928 -0.087293 1.570804 -0.000001 0.000000
    66 1.485620 -1.617803 5.263973 0.000000 0.000000 -3.141592
    67 4.575642 5.632584 0.000132 0.000000 -1.570771 0.249128
    68 -0.000001 0.314078 5.161098 0.000000 0.000000 0.000000
    69 -0.000001 -0.323108 3.750217 0.000000 0.000000 0.000000
    70 5.734947 1.075212 4.685178 1.570830 -0.000004 -1.321669
    71 -0.753896 0.305901 4.971462 -0.000001 0.000002 0.000000
    72 -1.101006 -0.314705 3.448307 0.000001 0.000001 0.000000
    73 5.809101 -1.029643 4.595047 1.570829 -0.000004 -1.321671
    74 -0.714908 -0.199657 5.028973 0.000000 0.000003 0.000000
    75 -0.282898 -0.851690 4.444889 0.000000 0.000000 0.000000
    76 9.578484 -1.290738 0.000240 0.000000 1.570770 -2.892481
    77 9.369518 -1.236408 1.787905 0.000000 1.570770 -2.892481
    78 9.436707 -1.331719 -1.409029 0.000000 1.570770 -2.892477
    79 5.735191 1.075235 -4.684885 -1.570814 0.000004 1.819923
    80 0.753901 0.305904 4.971474 -0.000001 -0.000002 0.000000
    81 1.101010 -0.314705 3.448315 0.000000 -0.000001 0.000000
    82 5.809341 -1.029617 -4.594752 -1.570814 0.000004 1.819922
    83 0.714908 -0.199655 5.028969 0.000000 -0.000003 0.000000
    84 0.282897 -0.851688 4.444893 0.000000 0.000000 0.000000
  time 13
    0 0.995470 -35.151576 37.274777 1.564995 -0.071848 0.013407
    1 3.983847 0.002149 0.003401 -1.543893 -0.119742 -1.746137
    2 15.938816 -0.000100 -0.000005 -0.000009 -0.000002 0.283619
    3 17.707025 -0.000068 0.000003 0.041727 -0.150256 -1.232167
    4 6.202515 0.003416 -0.000367 -0.011129 0.000923 -0.502071
    5 -3.983848 0.002149 0.003395 -1.572194 -0.169207 -1.631407
    6 15.938826 -0.000113 -0.000001 0.000002 0.000010 1.141207
    7 17.707031 0.000018 0.000000 0.096857 -0.099840 -0.819658
    8 6.202710 0.003078 0.003745 -0.077320 -0.010102 -1.023621
    9 -0.000001 4.209253 -1.688832 1.579135 -0.031039 1.543563
    10 3.836055 0.000000 0.000000 -0.006256 -0.052467 -0.109648
    11 3.617625 -0.000275 -0.000015 -0.025623 -0.010494 0.038097
    12 7.537925 0.003588 -0.000212 -0.000171 -0.004442 0.208145
    13 3.181604 -0.002346 0.000028 3.158845 0.045474 0.224450
    14 2.966416 0.000318 0.000023 -0.006140 0.048045 0.111797
    15 2.023770 0.904983 0.850949 1.819703 -1.225377 2.707537
    16 4.980521 0.000781 -0.001089 -1.726187 0.187273 -1.092130
    17 11.119977 0.000007 0.000004 -0.000003 -0.136098 -0.358680
    18 11.205393 -0.000039 0.000000 1.588239 -0.363033 0.090761
    19 3.767578 0.152466 0.071350 0.014616 0.047110 -0.282654
    20 2.036722 -0.000008 0.000000 0.000028 0.004989 -1.007965
    21 1.066406 -0.000003 0.000001 -0.000002 0.002790 -0.399210
    22 3.783203 -0.017242 0.794434 0.333290 -0.031875 -0.219057
    23 1.628906 0.000000 0.000000 0.000000 0.005106 -0.697052
    24 0.955566 -0.000001 0.000000 -0.000006 0.003247 -0.272279
    25 1.255294 -0.301568 1.248833 -1.927852 -0.158487 -0.368956
    26 1.392578 0.000003 -0.000004 0.000000 0.002017 0.071902
    27 1.099609 0.000000 -0.000002 0.000000 -0.295768 0.023718
    28 3.548828 0.198730 -1.489258 -0.359957 0.081072 -0.335116
    29 1.218750 0.000010 0.000001 -0.000004 0.004664 -0.629642
    30 0.679688 -0.000001 -0.000001 -0.000004 0.002395 -0.700525
    31 3.697266 0.267334 -0.728516 -0.118303 0.092676 -0.406874
    32 1.748047 0.000000 -0.000001 0.000000 0.002901 -0.743276
    33 0.956684 0.000008 0.000001 0.000003 0.004804 -0.443996
    34 2.023778 0.904982 -0.850921 -1.710073 1.244827 2.899819
    35 4.981625 0.002227 0.003236 1.695108 -0.227728 -1.140452
    36 11.119975 -0.000005 0.000000 0.000001 0.136123 -0.409116
    37 11.205375 0.000073 0.000008 -1.682784 0.288531 -0.090244
    38 3.767578 0.151855 -0.072693 -0.090944 -0.092657 -0.325335
    39 2.036716 -0.000004 0.000000 0.000000 -0.007577 -1.092568
    40 1.066406 0.000007 0.000000 0.000002 -0.004236 -0.268520
    41 3.783203 -0.023941 -0.794434 -0.344154 -0.088895 -0.269861
    42 1.628906 0.000000 -0.000001 0.000002 -0.007731 -0.659761
    43 0.955566 0.000001 0.000000 0.000003 -0.004923 -0.331347
    44 1.258789 -0.308350 -1.250000 1.738856 0.204802 -0.550002
    45 1.392578 -0.000004 0.000002 0.000004 0.222430 0.216078
    46 1.099609 0.000006 -0.000004 0.000002 0.280394 0.302812
    47 3.548828 0.211304 1.487305 0.384333 -0.001343 -0.385564
    48 1.218750 0.000009 0.000000 0.000003 -0.007080 -0.762570
    49 0.679688 0.000007 0.000000 0.000002 -0.003638 -0.821625
    50 3.696249 0.271114 0.723153 0.122169 -0.109018 -0.440653
    51 1.748047 -0.000011 -0.000002 0.000001 -0.004395 -0.943084
    52 0.956684 0.000004 0.000002 -0.000032 -0.007276 -0.584309
    53 -3.756462 5.577850 2.053357 1.570803 -0.000001 0.000000
    54 -2.735646 -0.081365 5.727119 0.000007 0.000015 1.570796
    55 0.000001 5.662003 -0.974302 1.570804 -0.000001 0.000000
    56 -0.000002 -2.275002 5.113525 0.000000 0.000000 -3.141592
    57 -2.477620 5.416855 4.597564 1.570804 -0.000001 0.000000
    58 -1.515218 1.317776 5.998497 0.000000 0.000000 0.000000
    59 -2.455992 5.657928 -0.087295 1.570804 -0.000001 0.000000
    60 -1.485628 -1.617812 5.263969 0.000000 0.000000 3.141592
    61 3.756460 5.577858 2.053359 1.570803 -0.000001 0.000000
    62 2.735645 -0.081364 5.727116 0.000004 -0.000011 -1.570795
    63 2.477613 5.416855 4.597570 1.570804 -0.000001 0.000000
    64 1.515220 1.317777 5.998508 0.000000 0.000000 0.000000
    65 2.455991 5.657928 -0.087293 1.570804 -0.000001 0.000000
    66 1.485620 -1.617803 5.263973 0.000000 0.000000 -3.141592
    67 4.575642 5.632584 0.000132 0.000000 -1.570771 0.249128
    68 -0.000001 0.314078 5.161098 0.000000 0.000000 0.000000
    69 -0.000001 -0.323108 3.750217 0.000000 0.000000 0.000000
    70 5.734947 1.075212 4.685178 1.570830 -0.000004 -1.321669
    71 -0.753896 0.305901 4.971462 -0.000001 0.000002 0.000000
    72 -1.101006 -0.314705 3.448307 0.000001 0.000001 0.000000
    73 5.809101 -1.029643 4.595047 1.570829 -0.000004 -1.321671
    74 -0.714908 -0.199657 5.028973 0.000000 0.000003 0.000000
    75 -0.282898 -0.851690 4.444889 0.000000 0.000000 0.000000
    76 9.578484 -1.290738 0.000240 0.000000 1.570770 -2.892481
    77 9.369518 -1.236408 1.787905 0.000000 1.570770 -2.892481
    78 9.436707 -1.331719 -1.409029 0.000000 1.570770 -2.892477
    79 5.735191 1.075235 -4.684885 -1.570814 0.000004 1.819923
    80 0.753901 0.305904 4.971474 -0.000001 -0.000002 0.000000
    81 1.101010 -0.314705 3.448315 0.000000 -0.000001 0.000000
    82 5.809341 -1.029617 -4.594752 -1.570814 0.000004 1.819922
    83 0.714908 -0.199655 5.028969 0.000000 -0.000003 0.000000
    84 0.282897 -0.851688 4.444893 0.000000 0.000000 0.000000
  time 14
    0 1.003283 -37.823391 37.419312 1.567296 -0.058065 0.040628
    1 3.983847 0.002149 0.003401 -1.516533 0.001610 -1.730491
    2 15.938816 -0.000100 -0.000005 -0.000009 -0.000002 0.196729
    3 17.707025 -0.000068 0.000003 0.040654 -0.151338 -1.252542
    4 6.202515 0.003416 -0.000367 -0.010937 0.000923 -0.515760
    5 -3.983848 0.002149 0.003395 -1.543724 -0.319028 -1.627847
    6 15.938826 -0.000113 -0.000001 0.000002 0.000010 1.193417
    7 17.707031 0.000018 0.000000 0.117031 -0.091096 -0.947339
    8 6.202710 0.003078 0.003745 -0.076397 -0.008580 -1.023621
    9 -0.000001 4.209253 -1.688832 1.567391 -0.028777 1.550034
    10 3.836055 0.000000 0.000000 -0.019583 -0.042748 -0.111889
    11 3.617625 -0.000275 -0.000015 -0.042880 -0.015372 0.035872
    12 7.537925 0.003588 -0.000212 -0.000326 -0.005533 0.208145
    13 3.181604 -0.002346 0.000028 3.160955 0.050699 0.224581
    14 2.966416 0.000318 0.000023 0.007294 0.054684 0.111661
    15 2.023770 0.904983 0.850949 1.829603 -1.222812 2.696660
    16 4.980521 0.000781 -0.001089 -1.696876 0.147432 -1.066181
    17 11.119977 0.000007 0.000004 -0.000003 -0.136098 -0.411741
    18 11.205393 -0.000039 0.000000 1.576714 -0.373177 0.066516
    19 3.767578 0.152466 0.071350 0.014616 0.047110 -0.282654
    20 2.036722 -0.000008 0.000000 0.000004 0.004977 -1.007965
    21 1.066406 -0.000003 0.000001 -0.000002 0.002790 -0.399210
    22 3.783203 -0.017242 0.794434 0.333290 -0.031875 -0.219057
    23 1.628906 0.000000 0.000000 0.000000 0.005106 -0.697052
    24 0.955566 -0.000001 0.000000 -0.000006 0.003247 -0.272279
    25 1.255294 -0.301568 1.248833 -1.927852 -0.158487 -0.368956
    26 1.392578 0.000003 -0.000004 0.000000 0.002017 0.071902
    27 1.099609 0.000000 -0.000002 0.000000 -0.295768 0.023718
    28 3.548828 0.198730 -1.489258 -0.359957 0.081072 -0.335116
    29 1.218750 0.000010 0.000001 -0.000004 0.004664 -0.629642
    30 0.679688 -0.000001 -0.000001 -0.000004 0.002395 -0.700525
    31 3.697266 0.267334 -0.728516 -0.118303 0.092676 -0.406874
    32 1.748047 0.000000 -0.000001 0.000000 0.002901 -0.743276
    33 0.956684 0.000008 0.000001 0.000003 0.004804 -0.443996
    34 2.023778 0.904982 -0.850921 -1.698853 1.247596 2.911471
    35 4.981625 0.002227 0.003236 1.710123 -0.253561 -1.159373
    36 11.119975 -0.000005 0.000000 0.000001 0.136123 -0.349463
    37 11.205375 0.000073 0.000008 -1.674528 0.317007 -0.085989
    38 3.767578 0.151855 -0.072693 -0.090944 -0.092657 -0.325335
    39 2.036716 -0.000004 0.000000 0.000012 -0.007577 -1.092568
    40 1.066406 0.000007 0.000000 0.000002 -0.004236 -0.268520
    41 3.783203 -0.023941 -0.794434 -0.344154 -0.088895 -0.269861
    42 1.628906 0.000000 -0.000001 0.000002 -0.007731 -0.659761
    43 0.955566 0.000001 0.000000 0.000003 -0.004923 -0.331347
    44 1.258789 -0.308350 -1.250000 1.738856 0.204802 -0.550002
    45 1.392578 -0.000004 0.000002 0.000004 0.222430 0.216078
    46 1.099609 0.000006 -0.000004 0.000002 0.280394 0.302812
    47 3.548828 0.211304 1.487305 0.384333 -0.001343 -0.385564
    48 1.218750 0.000009 0.000000 0.000003 -0.007080 -0.762570
    49 0.679688 0.000007 0.000000 0.000002 -0.003638 -0.821625
    50 3.696249 0.271114 0.723153 0.122181 -0.109018 -0.440653
    51 1.748047 -0.000011 -0.000002 0.000001 -0.004395 -0.943084
    52 0.956684 0.000004 0.000002 -0.000008 -0.007276 -0.584309
    53 -3.756462 5.577850 2.053357 1.570803 -0.000001 0.000000
    54 -2.735646 -0.081365 5.727119 0.000007 0.000015 1.570796
    55 0.000001 5.662003 -0.974302 1.570804 -0.000001 0.000000
    56 -0.000002 -2.275002 5.113525 0.000000 0.000000 -3.141592
    57 -2.477620 5.416855 4.597564 1.570804 -0.000001 0.000000
    58 -1.515218 1.317776 5.998497 0.000000 0.000000 0.000000
    59 -2.455992 5.657928 -0.087295 1.570804 -0.000001 0.000000
    60 -1.485628 -1.617812 5.263969 0.000000 0.000000 3.141592
    61 3.756460 5.577858 2.053359 1.570803 -0.000001 0.000000
    62 2.735645 -0.081364 5.727116 0.000004 -0.000011 -1.570795
    63 2.477613 5.416855 4.597570 1.570804 -0.000001 0.000000
    64 1.515220 1.317777 5.998508 0.000000 0.000000 0.000000
    65 2.455991 5.657928 -0.087293 1.570804 -0.000001 0.000000
    66 1.485620 -1.617803 5.263973 0.000000 0.000000 -3.141592
    67 4.575642 5.632584 0.000132 0.000000 -1.570771 0.249128
    68 -0.000001 0.314078 5.161098 0.000000 0.000000 0.000000
    69 -0.000001 -0.323108 3.750217 0.000000 0.000000 0.000000
    70 5.734947 1.075212 4.685178 1.570830 -0.000004 -1.321669
    71 -0.753896 0.305901 4.971462 -0.000001 0.000002 0.000000
    72 -1.101006 -0.314705 3.448307 0.000001 0.000001 0.000000
    73 5.809101 -1.029643 4.595047 1.570829 -0.000004 -1.321671
    74 -0.714908 -0.199657 5.028973 0.000000 0.000003 0.000000
    75 -0.282898 -0.851690 4.444889 0.000000 0.000000 0.000000
    76 9.578484 -1.290738 0.000240 0.000000 1.570770 -2.892481
    77 9.369518 -1.236408 1.787905 0.000000 1.570770 -2.892481
    78 9.436707 -1.331719 -1.409029 0.000000 1.570770 -2.892477
    79 5.735191 1.075235 -4.684885 -1.570814 0.000004 1.819923
    80 0.753901 0.305904 4.971474 -0.000001 -0.000002 0.000000
    81 1.101010 -0.314705 3.448315 0.000000 -0.000001 0.000000
    82 5.809341 -1.029617 -4.594752 -1.570814 0.000004 1.819922
    83 0.714908 -0.199655 5.028969 0.000000 -0.000003 0.000000
    84 0.282897 -0.851688 4.444893 0.000000 0.000000 0.000000
  time 15
    0 1.003283 -40.487393 37.466189 1.568063 -0.042941 0.066316
    1 3.983847 0.002149 0.003401 -1.489648 0.159809 -1.703849
    2 15.938816 -0.000100 -0.000005 -0.000009 -0.000002 0.038950
    3 17.707025 -0.000068 0.000003 0.036772 -0.152802 -1.221399
    4 6.202515 0.003416 -0.000367 -0.010578 0.000863 -0.545424
    5 -3.983848 0.002149 0.003395 -1.514203 -0.419854 -1.621196
    6 15.938826 -0.000113 -0.000001 0.000002 0.000010 1.135791
    7 17.707031 0.000018 0.000000 0.137840 -0.059045 -1.064058
    8 6.202710 0.003078 0.003745 -0.075630 -0.007322 -1.023638
    9 -0.000001 4.209253 -1.688832 1.555598 -0.027969 1.556745
    10 3.836055 0.000000 0.000000 -0.032179 -0.031530 -0.112608
    11 3.617625 -0.000275 -0.000015 -0.059251 -0.019159 0.035098
    12 7.537925 0.003588 -0.000212 -0.000386 -0.006144 0.208145
    13 3.181604 -0.002346 0.000028 3.161626 0.052389 0.224629
    14 2.966416 0.000318 0.000023 0.020969 0.058855 0.116108
    15 2.023770 0.904983 0.850949 1.836853 -1.220776 2.689137
    16 4.980521 0.000781 -0.001089 -1.667565 0.113292 -1.042964
    17 11.119977 0.000007 0.000004 -0.000003 -0.136098 -0.467547
    18 11.205393 -0.000039 0.000000 1.565478 -0.385887 0.045759
    19 3.767578 0.152466 0.071350 0.014616 0.047110 -0.282654
    20 2.036722 -0.000008 0.000000 0.000004 0.004989 -1.007965
    21 1.066406 -0.000003 0.000001 -0.000002 0.002790 -0.399210
    22 3.783203 -0.017242 0.794434 0.333290 -0.031875 -0.219057
    23 1.628906 0.000000 0.000000 0.000000 0.005106 -0.697052
    24 0.955566 -0.000001 0.000000 -0.000006 0.003247 -0.272279
    25 1.255294 -0.301568 1.248833 -1.927852 -0.158487 -0.368956
    26 1.392578 0.000003 -0.000004 0.000000 0.002017 0.071902
    27 1.099609 0.000000 -0.000002 0.000000 -0.295768 0.023718
    28 3.548828 0.198730 -1.489258 -0.359957 0.081072 -0.335116
    29 1.218750 0.000010 0.000001 -0.000004 0.004664 -0.629642
    30 0.679688 -0.000001 -0.000001 -0.000004 0.002395 -0.700525
    31 3.697266 0.267334 -0.728516 -0.118303 0.092676 -0.406874
    32 1.748047 0.000000 -0.000001 0.000000 0.002901 -0.743276
    33 0.956684 0.000008 0.000001 0.000003 0.004804 -0.443996
    34 2.023778 0.904982 -0.850921 -1.690555 1.249713 2.920232
    35 4.981625 0.002227 0.003236 1.723693 -0.282032 -1.176826
    36 11.119975 -0.000005 0.000000 0.000001 0.136123 -0.300656
    37 11.205375 0.000073 0.000008 -1.670472 0.344032 -0.093492
    38 3.767578 0.151855 -0.072693 -0.090944 -0.092657 -0.325335
    39 2.036716 -0.000004 0.000000 0.000012 -0.007577 -1.092568
    40 1.066406 0.000007 0.000000 0.000002 -0.004236 -0.268520
    41 3.783203 -0.023941 -0.794434 -0.344154 -0.088895 -0.269861
    42 1.628906 0.000000 -0.000001 0.000002 -0.007731 -0.659761
    43 0.955566 0.000001 0.000000 0.000003 -0.004923 -0.331347
    44 1.258789 -0.308350 -1.250000 1.738856 0.204802 -0.550002
    45 1.392578 -0.000004 0.000002 0.000004 0.222430 0.216078
    46 1.099609 0.000006 -0.000004 0.000002 0.280394 0.302812
    47 3.548828 0.211304 1.487305 0.384333 -0.001343 -0.385564
    48 1.218750 0.000009 0.000000 0.000003 -0.007080 -0.762570
    49 0.679688 0.000007 0.000000 0.000002 -0.003638 -0.821625
    50 3.696249 0.271114 0.723153 0.122181 -0.109018 -0.440653
    51 1.748047 -0.000011 -0.000002 0.000001 -0.004395 -0.943084
    52 0.956684 0.000004 0.000002 -0.000032 -0.007276 -0.584309
    53 -3.756462 5.577850 2.053357 1.570803 -0.000001 0.000000
    54 -2.735646 -0.081365 5.727119 0.000007 0.000015 1.570796
    55 0.000001 5.662003 -0.974302 1.570804 -0.000001 0.000000
    56 -0.000002 -2.275002 5.113525 0.000000 0.000000 -3.141592
    57 -2.477620 5.416855 4.597564 1.570804 -0.000001 0.000000
    58 -1.515218 1.317776 5.998497 0.000000 0.000000 0.000000
    59 -2.455992 5.657928 -0.087295 1.570804 -0.000001 0.000000
    60 -1.485628 -1.617812 5.263969 0.000000 0.000000 3.141592
    61 3.756460 5.577858 2.053359 1.570803 -0.000001 0.000000
    62 2.735645 -0.081364 5.727116 0.000004 -0.000011 -1.570795
    63 2.477613 5.416855 4.597570 1.570804 -0.000001 0.000000
    64 1.515220 1.317777 5.998508 0.000000 0.000000 0.000000
    65 2.455991 5.657928 -0.087293 1.570804 -0.000001 0.000000
    66 1.485620 -1.617803 5.263973 0.000000 0.000000 -3.141592
    67 4.575642 5.632584 0.000132 0.000000 -1.570771 0.249128
    68 -0.000001 0.314078 5.161098 0.000000 0.000000 0.000000
    69 -0.000001 -0.323108 3.750217 0.000000 0.000000 0.000000
    70 5.734947 1.075212 4.685178 1.570830 -0.000004 -1.321669
    71 -0.753896 0.305901 4.971462 -0.000001 0.000002 0.000000
    72 -1.101006 -0.314705 3.448307 0.000001 0.000001 0.000000
    73 5.809101 -1.029643 4.595047 1.570829 -0.000004 -1.321671
    74 -0.714908 -0.199657 5.028973 0.000000 0.000003 0.000000
    75 -0.282898 -0.851690 4.444889 0.000000 0.000000 0.000000
    76 9.578484 -1.290738 0.000240 0.000000 1.570770 -2.892481
    77 9.369518 -1.236408 1.787905 0.000000 1.570770 -2.892481
    78 9.436707 -1.331719 -1.409029 0.000000 1.570770 -2.892477
    79 5.735191 1.075235 -4.684885 -1.570814 0.000004 1.819923
    80 0.753901 0.305904 4.971474 -0.000001 -0.000002 0.000000
    81 1.101010 -0.314705 3.448315 0.000000 -0.000001 0.000000
    82 5.809341 -1.029617 -4.594752 -1.570814 0.000004 1.819922
    83 0.714908 -0.199655 5.028969 0.000000 -0.000003 0.000000
    84 0.282897 -0.851688 4.444893 0.000000 0.000000 0.000000
  time 16
    0 0.983751 -43.143583 37.368530 1.566721 -0.031603 0.089703
    1 3.983847 0.002149 0.003401 -1.464282 0.255573 -1.680156
    2 15.938816 -0.000100 -0.000005 -0.000009 -0.000002 0.000191
    3 17.707025 -0.000068 0.000003 0.026447 -0.154075 -1.211671
    4 6.202515 0.003416 -0.000367 -0.008217 0.000527 -0.603816
    5 -3.983848 0.002149 0.003395 -1.486498 -0.472500 -1.614077
    6 15.938826 -0.000113 -0.000001 0.000002 0.000010 0.986719
    7 17.707031 0.000018 0.000000 0.145275 -0.011612 -1.157005
    8 6.202710 0.003078 0.003745 -0.075846 -0.006615 -0.923926
    9 -0.000001 4.209253 -1.688832 1.544429 -0.028595 1.562018
    10 3.836055 0.000000 0.000000 -0.043528 -0.022614 -0.111853
    11 3.617625 -0.000275 -0.000015 -0.074064 -0.021508 0.035914
    12 7.537925 0.003588 -0.000212 -0.000434 -0.006384 0.208145
    13 3.181604 -0.002346 0.000028 3.161434 0.051982 0.224629
    14 2.966416 0.000318 0.000023 0.034547 0.061455 0.123778
    15 2.023770 0.904983 0.850949 1.840603 -1.219392 2.684968
    16 4.980521 0.000781 -0.001089 -1.640525 0.087316 -1.022791
    17 11.119977 0.000007 0.000004 -0.000003 -0.136098 -0.526270
    18 11.205393 -0.000039 0.000000 1.557939 -0.399425 0.036028
    19 3.767578 0.152466 0.071350 0.014616 0.047110 -0.282654
    20 2.036722 -0.000008 0.000000 0.000016 0.004989 -1.007965
    21 1.066406 -0.000003 0.000001 -0.000002 0.002790 -0.399210
    22 3.783203 -0.017242 0.794434 0.333290 -0.031875 -0.219057
    23 1.628906 0.000000 0.000000 0.000000 0.005106 -0.697052
    24 0.955566 -0.000001 0.000000 -0.000006 0.003247 -0.272279
    25 1.255294 -0.301568 1.248833 -1.927852 -0.158487 -0.368956
    26 1.392578 0.000003 -0.000004 0.000000 0.002017 0.071902
    27 1.099609 0.000000 -0.000002 0.000000 -0.295768 0.023718
    28 3.548828 0.198730 -1.489258 -0.359957 0.081072 -0.335116
    29 1.218750 0.000010 0.000001 -0.000004 0.004664 -0.629642
    30 0.679688 -0.000001 -0.000001 -0.000004 0.002395 -0.700525
    31 3.697266 0.267334 -0.728516 -0.118303 0.092676 -0.406874
    32 1.748047 0.000000 -0.000001 0.000000 0.002901 -0.743276
    33 0.956684 0.000008 0.000001 0.000003 0.004804 -0.443996
    34 2.023778 0.904982 -0.850921 -1.685754 1.251342 2.925290
    35 4.981625 0.002227 0.003236 1.738243 -0.312069 -1.193338
    36 11.119975 -0.000005 0.000000 0.000001 0.136123 -0.261875
    37 11.205375 0.000073 0.000008 -1.671665 0.377768 -0.108101
    38 3.767578 0.151855 -0.072693 -0.090944 -0.092657 -0.325335
    39 2.036716 -0.000004 0.000000 0.000012 -0.007577 -1.092568
    40 1.066406 0.000007 0.000000 0.000002 -0.004236 -0.268520
    41 3.783203 -0.023941 -0.794434 -0.344154 -0.088895 -0.269861
    42 1.628906 0.000000 -0.000001 0.000002 -0.007731 -0.659761
    43 0.955566 0.000001 0.000000 0.000003 -0.004923 -0.331347
    44 1.258789 -0.308350 -1.250000 1.738856 0.204802 -0.550002
    45 1.392578 -0.000004 0.000002 0.000004 0.222430 0.216078
    46 1.099609 0.000006 -0.000004 0.000002 0.280394 0.302812
    47 3.548828 0.211304 1.487305 0.384333 -0.001343 -0.385564
    48 1.218750 0.000009 0.000000 0.000003 -0.007080 -0.762570
    49 0.679688 0.000007 0.000000 0.000002 -0.003638 -0.821625
    50 3.696249 0.271114 0.723153 0.122181 -0.109018 -0.440653
    51 1.748047 -0.000011 -0.000002 0.000001 -0.004395 -0.943084
    52 0.956684 0.000004 0.000002 -0.000032 -0.007276 -0.584309
    53 -3.756462 5.577850 2.053357 1.570803 -0.000001 0.000000
    54 -2.735646 -0.081365 5.727119 0.000007 0.000015 1.570796
    55 0.000001 5.662003 -0.974302 1.570804 -0.000001 0.000000
    56 -0.000002 -2.275002 5.113525 0.000000 0.000000 -3.141592
    57 -2.477620 5.416855 4.597564 1.570804 -0.000001 0.000000
    58 -1.515218 1.317776 5.998497 0.000000 0.000000 0.000000
    59 -2.455992 5.657928 -0.087295 1.570804 -0.000001 0.000000
    60 -1.485628 -1.617812 5.263969 0.000000 0.000000 3.141592
    61 3.756460 5.577858 2.053359 1.570803 -0.000001 0.000000
    62 2.735645 -0.081364 5.727116 0.000004 -0.000011 -1.570795
    63 2.477613 5.416855 4.597570 1.570804 -0.000001 0.000000
    64 1.515220 1.317777 5.998508 0.000000 0.000000 0.000000
    65 2.455991 5.657928 -0.087293 1.570804 -0.000001 0.000000
    66 1.485620 -1.617803 5.263973 0.000000 0.000000 -3.141592
    67 4.575642 5.632584 0.000132 0.000000 -1.570771 0.249128
    68 -0.000001 0.314078 5.161098 0.000000 0.000000 0.000000
    69 -0.000001 -0.323108 3.750217 0.000000 0.000000 0.000000
    70 5.734947 1.075212 4.685178 1.570830 -0.000004 -1.321669
    71 -0.753896 0.305901 4.971462 -0.000001 0.000002 0.000000
    72 -1.101006 -0.314705 3.448307 0.000001 0.000001 0.000000
    73 5.809101 -1.029643 4.595047 1.570829 -0.000004 -1.321671
    74 -0.714908 -0.199657 5.028973 0.000000 0.000003 0.000000
    75 -0.282898 -0.851690 4.444889 0.000000 0.000000 0.000000
    76 9.578484 -1.290738 0.000240 0.000000 1.570770 -2.892481
    77 9.369518 -1.236408 1.787905 0.000000 1.570770 -2.892481
    78 9.436707 -1.331719 -1.409029 0.000000 1.570770 -2.892477
    79 5.735191 1.075235 -4.684885 -1.570814 0.000004 1.819923
    80 0.753901 0.305904 4.971474 -0.000001 -0.000002 0.000000
    81 1.101010 -0.314705 3.448315 0.000000 -0.000001 0.000000
    82 5.809341 -1.029617 -4.594752 -1.570814 0.000004 1.819922
    83 0.714908 -0.199655 5.028969 0.000000 -0.000003 0.000000
    84 0.282897 -0.851688 4.444893 0.000000 0.000000 0.000000
  time 17
    0 0.964219 -45.811491 37.130241 1.562215 -0.026150 0.109384
    1 3.983847 0.002149 0.003401 -1.441577 0.331980 -1.661560
    2 15.938816 -0.000100 -0.000005 -0.000009 -0.000002 0.000191
    3 17.707025 -0.000068 0.000003 0.014773 -0.156006 -1.203258
    4 6.202515 0.003416 -0.000367 -0.007509 0.000456 -0.680818
    5 -3.983848 0.002149 0.003395 -1.463569 -0.483407 -1.607706
    6 15.938826 -0.000113 -0.000001 0.000002 0.000010 0.780776
    7 17.707031 0.000018 0.000000 0.133556 0.036696 -1.225435
    8 6.202710 0.003078 0.003745 -0.077632 -0.006339 -0.631936
    9 -0.000001 4.209253 -1.688832 1.534219 -0.031039 1.564942
    10 3.836055 0.000000 0.000000 -0.053260 -0.018863 -0.109348
    11 3.617625 -0.000275 -0.000015 -0.086732 -0.022383 0.038421
    12 7.537925 0.003588 -0.000212 -0.000434 -0.006348 0.208145
    13 3.181604 -0.002346 0.000028 3.160955 0.050699 0.224581
    14 2.966416 0.000318 0.000023 0.047718 0.061995 0.133626
    15 2.023770 0.904983 0.850949 1.840803 -1.218740 2.684605
    16 4.980521 0.000781 -0.001089 -1.616426 0.071124 -1.006089
    17 11.119977 0.000007 0.000004 -0.000003 -0.136098 -0.585793
    18 11.205393 -0.000039 0.000000 1.564134 -0.411782 0.017991
    19 3.767578 0.152466 0.071350 0.014616 0.047110 -0.282654
    20 2.036722 -0.000008 0.000000 0.000016 0.004977 -1.007965
    21 1.066406 -0.000003 0.000001 -0.000002 0.002790 -0.399210
    22 3.783203 -0.017242 0.794434 0.333290 -0.031875 -0.219057
    23 1.628906 0.000000 0.000000 0.000000 0.005106 -0.697052
    24 0.955566 -0.000001 0.000000 -0.000006 0.003247 -0.272279
    25 1.255294 -0.301568 1.248833 -1.927852 -0.158487 -0.368956
    26 1.392578 0.000003 -0.000004 0.000000 0.002017 0.071902
    27 1.099609 0.000000 -0.000002 0.000000 -0.295768 0.023718
    28 3.548828 0.198730 -1.489258 -0.359957 0.081072 -0.335116
    29 1.218750 0.000010 0.000001 -0.000004 0.004664 -0.629642
    30 0.679688 -0.000001 -0.000001 -0.000004 0.002395 -0.700525
    31 3.697266 0.267334 -0.728516 -0.118303 0.092676 -0.406874
    32 1.748047 0.000000 -0.000001 0.000000 0.002901 -0.743276
    33 0.956684 0.000008 0.000001 0.000003 0.004804 -0.443996
    34 2.023778 0.904982 -0.850921 -1.685284 1.252360 2.925831
    35 4.981625 0.002227 0.003236 1.755838 -0.338506 -1.208734
    36 11.119975 -0.000005 0.000000 0.000001 0.136123 -0.231734
    37 11.205375 0.000073 0.000008 -1.676819 0.409192 -0.126018
    38 3.767578 0.151855 -0.072693 -0.090944 -0.092657 -0.325335
    39 2.036716 -0.000004 0.000000 0.000012 -0.007577 -1.092568
    40 1.066406 0.000007 0.000000 0.000002 -0.004236 -0.268520
    41 3.783203 -0.023941 -0.794434 -0.344154 -0.088895 -0.269861
    42 1.628906 0.000000 -0.000001 0.000002 -0.007731 -0.659761
    43 0.955566 0.000001 0.000000 0.000003 -0.004923 -0.331347
    44 1.258789 -0.308350 -1.250000 1.738856 0.204802 -0.550002
    45 1.392578 -0.000004 0.000002 0.000004 0.222430 0.216078
    46 1.099609 0.000006 -0.000004 0.000002 0.280394 0.302812
    47 3.548828 0.211304 1.487305 0.384333 -0.001343 -0.385564
    48 1.218750 0.000009 0.000000 0.000003 -0.007080 -0.762570
    49 0.679688 0.000007 0.000000 0.000002 -0.003638 -0.821625
    50 3.696249 0.271114 0.723153 0.122181 -0.109018 -0.440653
    51 1.748047 -0.000011 -0.000002 0.000001 -0.004395 -0.943084
    52 0.956684 0.000004 0.000002 -0.000032 -0.007276 -0.584309
    53 -3.756462 5.577850 2.053357 1.570803 -0.000001 0.000000
    54 -2.735646 -0.081365 5.727119 0.000007 0.000015 1.570796
    55 0.000001 5.662003 -0.974302 1.570804 -0.000001 0.000000
    56 -0.000002 -2.275002 5.113525 0.000000 0.000000 -3.141592
    57 -2.477620 5.416855 4.597564 1.570804 -0.000001 0.000000
    58 -1.515218 1.317776 5.998497 0.000000 0.000000 0.000000
    59 -2.455992 5.657928 -0.087295 1.570804 -0.000001 0.000000
    60 -1.485628 -1.617812 5.263969 0.000000 0.000000 3.141592
    61 3.756460 5.577858 2.053359 1.570803 -0.000001 0.000000
    62 2.735645 -0.081364 5.727116 0.000004 -0.000011 -1.570795
    63 2.477613 5.416855 4.597570 1.570804 -0.000001 0.000000
    64 1.515220 1.317777 5.998508 0.000000 0.000000 0.000000
    65 2.455991 5.657928 -0.087293 1.570804 -0.000001 0.000000
    66 1.485620 -1.617803 5.263973 0.000000 0.000000 -3.141592
    67 4.575642 5.632584 0.000132 0.000000 -1.570771 0.249128
    68 -0.000001 0.314078 5.161098 0.000000 0.000000 0.000000
    69 -0.000001 -0.323108 3.750217 0.000000 0.000000 0.000000
    70 5.734947 1.075212 4.685178 1.570830 -0.000004 -1.321669
    71 -0.753896 0.305901 4.971462 -0.000001 0.000002 0.000000
    72 -1.101006 -0.314705 3.448307 0.000001 0.000001 0.000000
    73 5.809101 -1.029643 4.595047 1.570829 -0.000004 -1.321671
    74 -0.714908 -0.199657 5.028973 0.000000 0.000003 0.000000
    75 -0.282898 -0.851690 4.444889 0.000000 0.000000 0.000000
    76 9.578484 -1.290738 0.000240 0.000000 1.570770 -2.892481
    77 9.369518 -1.236408 1.787905 0.000000 1.570770 -2.892481
    78 9.436707 -1.331719 -1.409029 0.000000 1.570770 -2.892477
    79 5.735191 1.075235 -4.684885 -1.570814 0.000004 1.819923
    80 0.753901 0.305904 4.971474 -0.000001 -0.000002 0.000000
    81 1.101010 -0.314705 3.448315 0.000000 -0.000001 0.000000
    82 5.809341 -1.029617 -4.594752 -1.570814 0.000004 1.819922
    83 0.714908 -0.199655 5.028969 0.000000 -0.000003 0.000000
    84 0.282897 -0.851688 4.444893 0.000000 0.000000 0.000000
  time 18
    0 0.925156 -48.479400 36.809919 1.554737 -0.023885 0.124848
    1 3.983847 0.002149 0.003401 -1.421817 0.409143 -1.644394
    2 15.938816 -0.000100 -0.000005 -0.000009 -0.000002 0.000191
    3 17.707025 -0.000068 0.000003 0.000484 -0.157597 -1.175357
    4 6.202515 0.003416 -0.000367 -0.007653 0.000468 -0.779340
    5 -3.983848 0.002149 0.003395 -1.447137 -0.462709 -1.598901
    6 15.938826 -0.000113 -0.000001 0.000002 0.000010 0.553608
    7 17.707031 0.000018 0.000000 0.106853 0.074101 -1.266719
    8 6.202710 0.003078 0.003745 -0.078746 -0.006231 -0.498948
    9 -0.000001 4.209253 -1.688832 1.525398 -0.035097 1.566572
    10 3.836055 0.000000 0.000000 -0.060798 -0.018539 -0.105261
    11 3.617625 -0.000275 -0.000015 -0.096571 -0.022359 0.042532
    12 7.537925 0.003588 -0.000212 -0.000410 -0.006180 0.208145
    13 3.181604 -0.002346 0.000028 3.159996 0.048291 0.224545
    14 2.966416 0.000318 0.000023 0.059727 0.059586 0.144337
    15 2.023770 0.904983 0.850949 1.837353 -1.218862 2.688321
    16 4.980521 0.000781 -0.001089 -1.596404 0.064174 -0.993143
    17 11.119977 0.000007 0.000004 -0.000003 -0.136098 -0.643085
    18 11.205393 -0.000039 0.000000 1.585694 -0.419871 -0.007261
    19 3.767578 0.152466 0.071350 0.014616 0.047110 -0.282654
    20 2.036722 -0.000008 0.000000 0.000016 0.004989 -1.007965
    21 1.066406 -0.000003 0.000001 -0.000002 0.002790 -0.399210
    22 3.783203 -0.017242 0.794434 0.333290 -0.031875 -0.219057
    23 1.628906 0.000000 0.000000 0.000000 0.005106 -0.697052
    24 0.955566 -0.000001 0.000000 -0.000006 0.003247 -0.272279
    25 1.255294 -0.301568 1.248833 -1.927852 -0.158487 -0.368956
    26 1.392578 0.000003 -0.000004 0.000000 0.002017 0.071902
    27 1.099609 0.000000 -0.000002 0.000000 -0.295768 0.023718
    28 3.548828 0.198730 -1.489258 -0.359957 0.081072 -0.335116
    29 1.218750 0.000010 0.000001 -0.000004 0.004664 -0.629642
    30 0.679688 -0.000001 -0.000001 -0.000004 0.002395 -0.700525
    31 3.697266 0.267334 -0.728516 -0.118303 0.092676 -0.406874
    32 1.748047 0.000000 -0.000001 0.000000 0.002901 -0.743276
    33 0.956684 0.000008 0.000001 0.000015 0.004804 -0.443996
    34 2.023778 0.904982 -0.850921 -1.689198 1.252604 2.921677
    35 4.981625 0.002227 0.003236 1.775290 -0.358266 -1.221280
    36 11.119975 -0.000005 0.000000 0.000001 0.136123 -0.208844
    37 11.205375 0.000073 0.000008 -1.684168 0.433473 -0.143132
    38 3.767578 0.151855 -0.072693 -0.090944 -0.092657 -0.325335
    39 2.036716 -0.000004 0.000000 0.000012 -0.007577 -1.092568
    40 1.066406 0.000007 0.000000 0.000002 -0.004236 -0.268520
    41 3.783203 -0.023941 -0.794434 -0.344154 -0.088895 -0.269861
    42 1.628906 0.000000 -0.000001 0.000002 -0.007731 -0.659761
    43 0.955566 0.000001 0.000000 0.000003 -0.004923 -0.331347
    44 1.258789 -0.308350 -1.250000 1.738856 0.204802 -0.550002
    45 1.392578 -0.000004 0.000002 0.000004 0.222430 0.216078
    46 1.099609 0.000006 -0.000004 0.000002 0.280394 0.302812
    47 3.548828 0.211304 1.487305 0.384333 -0.001343 -0.385564
    48 1.218750 0.000009 0.000000 0.000003 -0.007080 -0.762570
    49 0.679688 0.000007 0.000000 0.000002 -0.003638 -0.821625
    50 3.696249 0.271114 0.723153 0.122181 -0.109018 -0.440653
    51 1.748047 -0.000011 -0.000002 0.000001 -0.004395 -0.943084
    52 0.956684 0.000004 0.000002 -0.000008 -0.007276 -0.584309
    53 -3.756462 5.577850 2.053357 1.570803 -0.000001 0.000000
    54 -2.735646 -0.081365 5.727119 0.000007 0.000015 1.570796
    55 0.000001 5.662003 -0.974302 1.570804 -0.000001 0.000000
    56 -0.000002 -2.275002 5.113525 0.000000 0.000000 -3.141592
    57 -2.477620 5.416855 4.597564 1.570804 -0.000001 0.000000
    58 -1.515218 1.317776 5.998497 0.000000 0.000000 0.000000
    59 -2.455992 5.657928 -0.087295 1.570804 -0.000001 0.000000
    60 -1.485628 -1.617812 5.263969 0.000000 0.000000 3.141592
    61 3.756460 5.577858 2.053359 1.570803 -0.000001 0.000000
    62 2.735645 -0.081364 5.727116 0.000004 -0.000011 -1.570795
    63 2.477613 5.416855 4.597570 1.570804 -0.000001 0.000000
    64 1.515220 1.317777 5.998508 0.000000 0.000000 0.000000
    65 2.455991 5.657928 -0.087293 1.570804 -0.000001 0.000000
    66 1.485620 -1.617803 5.263973 0.000000 0.000000 -3.141592
    67 4.575642 5.632584 0.000132 0.000000 -1.570771 0.249128
    68 -0.000001 0.314078 5.161098 0.000000 0.000000 0.000000
    69 -0.000001 -0.323108 3.750217 0.000000 0.000000 0.000000
    70 5.734947 1.075212 4.685178 1.570830 -0.000004 -1.321669
    71 -0.753896 0.305901 4.971462 -0.000001 0.000002 0.000000
    72 -1.101006 -0.314705 3.448307 0.000001 0.000001 0.000000
    73 5.809101 -1.029643 4.595047 1.570829 -0.000004 -1.321671
    74 -0.714908 -0.199657 5.028973 0.000000 0.000003 0.000000
    75 -0.282898 -0.851690 4.444889 0.000000 0.000000 0.000000
    76 9.578484 -1.290738 0.000240 0.000000 1.570770 -2.892481
    77 9.369518 -1.236408 1.787905 0.000000 1.570770 -2.892481
    78 9.436707 -1.331719 -1.409029 0.000000 1.570770 -2.892477
    79 5.735191 1.075235 -4.684885 -1.570814 0.000004 1.819923
    80 0.753901 0.305904 4.971474 -0.000001 -0.000002 0.000000
    81 1.101010 -0.314705 3.448315 0.000000 -0.000001 0.000000
    82 5.809341 -1.029617 -4.594752 -1.570814 0.000004 1.819922
    83 0.714908 -0.199655 5.028969 0.000000 -0.000003 0.000000
    84 0.282897 -0.851688 4.444893 0.000000 0.000000 0.000000
  time 19
    0 0.874373 -51.135589 36.497409 1.546108 -0.022843 0.135008
    1 3.983847 0.002149 0.003401 -1.410417 0.433663 -1.637331
    2 15.938816 -0.000100 -0.000005 -0.000009 -0.000002 0.095049
    3 17.707025 -0.000068 0.000003 -0.020165 -0.156430 -1.152933
    4 6.202515 0.003416 -0.000367 -0.007653 0.000444 -0.915011
    5 -3.983848 0.002149 0.003395 -1.437201 -0.435699 -1.587940
    6 15.938826 -0.000113 -0.000001 0.000002 0.000010 0.359317
    7 17.707031 0.000018 0.000000 0.073464 0.095872 -1.282838
    8 6.202710 0.003078 0.003745 -0.079046 -0.006399 -0.498948
    9 -0.000001 4.209253 -1.688832 1.518495 -0.039943 1.567627
    10 3.836055 0.000000 0.000000 -0.065700 -0.019510 -0.100420
    11 3.617625 -0.000275 -0.000015 -0.102983 -0.021928 0.047389
    12 7.537925 0.003588 -0.000212 -0.000374 -0.005917 0.208145
    13 3.181604 -0.002346 0.000028 3.158558 0.044695 0.224450
    14 2.966416 0.000318 0.000023 0.069614 0.054708 0.154185
    15 2.023770 0.904983 0.850949 1.830553 -1.219514 2.695572
    16 4.980521 0.000781 -0.001089 -1.581284 0.062184 -0.984636
    17 11.119977 0.000007 0.000004 -0.000003 -0.136098 -0.694374
    18 11.205393 -0.000039 0.000000 1.620747 -0.422243 -0.042376
    19 3.767578 0.152466 0.071350 0.014616 0.047110 -0.282654
    20 2.036722 -0.000008 0.000000 0.000016 0.004977 -1.007965
    21 1.066406 -0.000003 0.000001 -0.000002 0.002790 -0.399210
    22 3.783203 -0.017242 0.794434 0.333290 -0.031875 -0.219057
    23 1.628906 0.000000 0.000000 0.000000 0.005106 -0.697052
    24 0.955566 -0.000001 0.000000 -0.000006 0.003247 -0.272279
    25 1.255294 -0.301568 1.248833 -1.927852 -0.158487 -0.368956
    26 1.392578 0.000003 -0.000004 0.000000 0.002017 0.071902
    27 1.099609 0.000000 -0.000002 0.000000 -0.295768 0.023718
    28 3.548828 0.198730 -1.489258 -0.359957 0.081072 -0.335116
    29 1.218750 0.000010 0.000001 -0.000004 0.004664 -0.629642
    30 0.679688 -0.000001 -0.000001 -0.000004 0.002395 -0.700525
    31 3.697266 0.267334 -0.728516 -0.118303 0.092676 -0.406874
    32 1.748047 0.000000 -0.000001 0.000000 0.002901 -0.743276
    33 0.956684 0.000008 0.000001 0.000003 0.004804 -0.443996
    34 2.023778 0.904982 -0.850921 -1.696974 1.252278 2.913548
    35 4.981625 0.002227 0.003236 1.795361 -0.372859 -1.230858
    36 11.119975 -0.000005 0.000000 0.000001 0.136123 -0.192638
    37 11.205375 0.000073 0.000008 -1.692567 0.448549 -0.154589
    38 3.767578 0.151855 -0.072693 -0.090944 -0.092657 -0.325335
    39 2.036716 -0.000004 0.000000 0.000012 -0.007577 -1.092568
    40 1.066406 0.000007 0.000000 0.000002 -0.004236 -0.268520
    41 3.783203 -0.023941 -0.794434 -0.344154 -0.088895 -0.269861
    42 1.628906 0.000000 -0.000001 0.000002 -0.007731 -0.659761
    43 0.955566 0.000001 0.000000 0.000003 -0.004923 -0.331347
    44 1.258789 -0.308350 -1.250000 1.738856 0.204802 -0.550002
    45 1.392578 -0.000004 0.000002 0.000004 0.222430 0.216078
    46 1.099609 0.000006 -0.000004 0.000002 0.280394 0.302812
    47 3.548828 0.211304 1.487305 0.384333 -0.001343 -0.385564
    48 1.218750 0.000009 0.000000 0.000003 -0.007080 -0.762570
    49 0.679688 0.000007 0.000000 0.000002 -0.003638 -0.821625
    50 3.696249 0.271114 0.723153 0.122181 -0.109018 -0.440653
    51 1.748047 -0.000011 -0.000002 0.000001 -0.004395 -0.943084
    52 0.956684 0.000004 0.000002 -0.000008 -0.007276 -0.584309
    53 -3.756462 5.577850 2.053357 1.570803 -0.000001 0.000000
    54 -2.735646 -0.081365 5.727119 0.000007 0.000015 1.570796
    55 0.000001 5.662003 -0.974302 1.570804 -0.000001 0.000000
    56 -0.000002 -2.275002 5.113525 0.000000 0.000000 -3.141592
    57 -2.477620 5.416855 4.597564 1.570804 -0.000001 0.000000
    58 -1.515218 1.317776 5.998497 0.000000 0.000000 0.000000
    59 -2.455992 5.657928 -0.087295 1.570804 -0.000001 0.000000
    60 -1.485628 -1.617812 5.263969 0.000000 0.000000 3.141592
    61 3.756460 5.577858 2.053359 1.570803 -0.000001 0.000000
    62 2.735645 -0.081364 5.727116 0.000004 -0.000011 -1.570795
    63 2.477613 5.416855 4.597570 1.570804 -0.000001 0.000000
    64 1.515220 1.317777 5.998508 0.000000 0.000000 0.000000
    65 2.455991 5.657928 -0.087293 1.570804 -0.000001 0.000000
    66 1.485620 -1.617803 5.263973 0.000000 0.000000 -3.141592
    67 4.575642 5.632584 0.000132 0.000000 -1.570771 0.249128
    68 -0.000001 0.314078 5.161098 0.000000 0.000000 0.000000
    69 -0.000001 -0.323108 3.750217 0.000000 0.000000 0.000000
    70 5.734947 1.075212 4.685178 1.570830 -0.000004 -1.321669
    71 -0.753896 0.305901 4.971462 -0.000001 0.000002 0.000000
    72 -1.101006 -0.314705 3.448307 0.000001 0.000001 0.000000
    73 5.809101 -1.029643 4.595047 1.570829 -0.000004 -1.321671
    74 -0.714908 -0.199657 5.028973 0.000000 0.000003 0.000000
    75 -0.282898 -0.851690 4.444889 0.000000 0.000000 0.000000
    76 9.578484 -1.290738 0.000240 0.000000 1.570770 -2.892481
    77 9.369518 -1.236408 1.787905 0.000000 1.570770 -2.892481
    78 9.436707 -1.331719 -1.409029 0.000000 1.570770 -2.892477
    79 5.735191 1.075235 -4.684885 -1.570814 0.000004 1.819923
    80 0.753901 0.305904 4.971474 -0.000001 -0.000002 0.000000
    81 1.101010 -0.314705 3.448315 0.000000 -0.000001 0.000000
    82 5.809341 -1.029617 -4.594752 -1.570814 0.000004 1.819922
    83 0.714908 -0.199655 5.028969 0.000000 -0.000003 0.000000
    84 0.282897 -0.851688 4.444893 0.000000 0.000000 0.000000
  time 20
    0 0.811871 -53.807404 36.208338 1.538774 -0.022279 0.138522
    1 3.983847 0.002149 0.003401 -1.404621 0.467661 -1.630000
    2 15.938816 -0.000100 -0.000005 -0.000009 -0.000002 0.164217
    3 17.707025 -0.000068 0.000003 -0.044586 -0.150701 -1.093064
    4 6.202515 0.003416 -0.000367 -0.006994 0.000671 -1.024103
    5 -3.983848 0.002149 0.003395 -1.435672 -0.382452 -1.571079
    6 15.938826 -0.000113 -0.000001 0.000002 0.000010 0.148335
    7 17.707031 0.000018 0.000000 0.041798 0.104081 -1.214862
    8 6.202710 0.003078 0.003745 -0.079286 -0.006531 -0.498948
    9 -0.000001 4.209253 -1.688832 1.514037 -0.044062 1.568154
    10 3.836055 0.000000 0.000000 -0.067509 -0.020708 -0.096285
    11 3.617625 -0.000275 -0.000015 -0.105320 -0.020981 0.051514
    12 7.537925 0.003588 -0.000212 -0.000242 -0.004982 0.208145
    13 3.181604 -0.002346 0.000028 3.156640 0.039662 0.224390
    14 2.966416 0.000318 0.000023 0.076493 0.047829 0.160675
    15 2.023770 0.904983 0.850949 1.808003 -1.222038 2.719501
    16 4.980521 0.000781 -0.001089 -1.564462 0.073283 -0.981876
    17 11.119977 0.000007 0.000004 -0.000003 -0.136098 -0.765161
    18 11.205393 -0.000039 0.000000 1.719760 -0.405835 -0.131085
    19 3.767578 0.152466 0.071350 0.014616 0.047110 -0.282654
    20 2.036722 -0.000008 0.000000 0.000016 0.004989 -1.007965
    21 1.066406 -0.000003 0.000001 -0.000002 0.002790 -0.399210
    22 3.783203 -0.017242 0.794434 0.333290 -0.031875 -0.219057
    23 1.628906 0.000000 0.000000 0.000000 0.005106 -0.697052
    24 0.955566 -0.000001 0.000000 -0.000006 0.003247 -0.272279
    25 1.255294 -0.301568 1.248833 -1.927852 -0.158452 -0.368956
    26 1.392578 0.000003 -0.000004 0.000000 0.002017 0.071902
    27 1.099609 0.000000 -0.000002 0.000000 -0.295768 0.023718
    28 3.548828 0.198730 -1.489258 -0.359957 0.081072 -0.335116
    29 1.218750 0.000010 0.000001 -0.000004 0.004664 -0.629642
    30 0.679688 -0.000001 -0.000001 -0.000004 0.002395 -0.700525
    31 3.697266 0.267334 -0.728516 -0.118303 0.092676 -0.406874
    32 1.748047 0.000000 -0.000001 0.000000 0.002901 -0.743276
    33 0.956684 0.000008 0.000001 0.000003 0.004804 -0.443996
    34 2.023778 0.904982 -0.850921 -1.721973 1.250487 2.886994
    35 4.981625 0.002227 0.003236 1.829621 -0.382147 -1.241465
    36 11.119975 -0.000005 0.000000 0.000001 0.136123 -0.174918
    37 11.205375 0.000073 0.000008 -1.706883 0.449904 -0.138997
    38 3.767578 0.151855 -0.072693 -0.090944 -0.092657 -0.325335
    39 2.036716 -0.000004 0.000000 0.000012 -0.007577 -1.092568
    40 1.066406 0.000007 0.000000 0.000002 -0.004236 -0.268520
    41 3.783203 -0.023941 -0.794434 -0.344154 -0.088895 -0.269861
    42 1.628906 0.000000 -0.000001 0.000002 -0.007731 -0.659761
    43 0.955566 0.000001 0.000000 0.000003 -0.004923 -0.331347
    44 1.258789 -0.308350 -1.250000 1.738856 0.204802 -0.550002
    45 1.392578 -0.000004 0.000002 0.000004 0.222430 0.216078
    46 1.099609 0.000006 -0.000004 0.000002 0.280394 0.302812
    47 3.548828 0.211304 1.487305 0.384333 -0.001343 -0.385564
    48 1.218750 0.000009 0.000000 0.000003 -0.007080 -0.762570
    49 0.679688 0.000007 0.000000 0.000002 -0.003638 -0.821625
    50 3.696249 0.271114 0.723153 0.122181 -0.109018 -0.440653
    51 1.748047 -0.000011 -0.000002 0.000001 -0.004395 -0.943084
    52 0.956684 0.000004 0.000002 -0.000032 -0.007276 -0.584309
    53 -3.756462 5.577850 2.053357 1.570803 -0.000001 0.000000
    54 -2.735646 -0.081365 5.727119 0.000007 0.000015 1.570796
    55 0.000001 5.662003 -0.974302 1.570804 -0.000001 0.000000
    56 -0.000002 -2.275002 5.113525 0.000000 0.000000 -3.141592
    57 -2.477620 5.416855 4.597564 1.570804 -0.000001 0.000000
    58 -1.515218 1.317776 5.998497 0.000000 0.000000 0.000000
    59 -2.455992 5.657928 -0.087295 1.570804 -0.000001 0.000000
    60 -1.485628 -1.617812 5.263969 0.000000 0.000000 3.141592
    61 3.756460 5.577858 2.053359 1.570803 -0.000001 0.000000
    62 2.735645 -0.081364 5.727116 0.000004 -0.000011 -1.570795
    63 2.477613 5.416855 4.597570 1.570804 -0.000001 0.000000
    64 1.515220 1.317777 5.998508 0.000000 0.000000 0.000000
    65 2.455991 5.657928 -0.087293 1.570804 -0.000001 0.000000
    66 1.485620 -1.617803 5.263973 0.000000 0.000000 -3.141592
    67 4.575642 5.632584 0.000132 0.000000 -1.570771 0.249128
    68 -0.000001 0.314078 5.161098 0.000000 0.000000 0.000000
    69 -0.000001 -0.323108 3.750217 0.000000 0.000000 0.000000
    70 5.734947 1.075212 4.685178 1.570830 -0.000004 -1.321669
    71 -0.753896 0.305901 4.971462 -0.000001 0.000002 0.000000
    72 -1.101006 -0.314705 3.448307 0.000001 0.000001 0.000000
    73 5.809101 -1.029643 4.595047 1.570829 -0.000004 -1.321671
    74 -0.714908 -0.199657 5.028973 0.000000 0.000003 0.000000
    75 -0.282898 -0.851690 4.444889 0.000000 0.000000 0.000000
    76 9.578484 -1.290738 0.000240 0.000000 1.570770 -2.892481
    77 9.369518 -1.236408 1.787905 0.000000 1.570770 -2.892481
    78 9.436707 -1.331719 -1.409029 0.000000 1.570770 -2.892477
    79 5.735191 1.075235 -4.684885 -1.570814 0.000004 1.819923
    80 0.753901 0.305904 4.971474 -0.000001 -0.000002 0.000000
    81 1.101010 -0.314705 3.448315 0.000000 -0.000001 0.000000
    82 5.809341 -1.029617 -4.594752 -1.570814 0.000004 1.819922
    83 0.714908 -0.199655 5.028969 0.000000 -0.000003 0.000000
    84 0.282897 -0.851688 4.444893 0.000000 0.000000 0.000000
  time 21
    0 0.725931 -56.463594 36.009113 1.534508 -0.021273 0.135263
    1 3.983847 0.002149 0.003401 -1.406521 0.498455 -1.624903
    2 15.938816 -0.000100 -0.000005 -0.000009 -0.000002 0.233831
    3 17.707025 -0.000068 0.000003 -0.068346 -0.138862 -1.037111
    4 6.202515 0.003416 -0.000367 -0.006431 0.001606 -1.024103
    5 -3.983848 0.002149 0.003395 -1.441022 -0.336677 -1.555247
    6 15.938826 -0.000113 -0.000001 0.000002 0.000010 0.000082
    7 17.707031 0.000018 0.000000 0.023188 0.103028 -1.053064
    8 6.202710 0.003078 0.003745 -0.073521 -0.006291 -0.535652
    9 -0.000001 4.209253 -1.688832 1.512359 -0.046586 1.568586
    10 3.836055 0.000000 0.000000 -0.065844 -0.021248 -0.093816
    11 3.617625 -0.000275 -0.000015 -0.103199 -0.019495 0.053992
    12 7.537925 0.003588 -0.000212 -0.000147 -0.004251 0.208145
    13 3.181604 -0.002346 0.000028 3.154148 0.033046 0.224306
    14 2.966416 0.000318 0.000023 0.079681 0.039332 0.163307
    15 2.023770 0.904983 0.850949 1.793353 -1.223748 2.735181
    16 4.980521 0.000781 -0.001089 -1.562036 0.086945 -0.986713
    17 11.119977 0.000007 0.000004 -0.000003 -0.136098 -0.780314
    18 11.205393 -0.000039 0.000000 1.753564 -0.388065 -0.158147
    19 3.767578 0.152466 0.071350 0.014616 0.047110 -0.282654
    20 2.036722 -0.000008 0.000000 0.000004 0.004965 -1.007965
    21 1.066406 -0.000003 0.000001 -0.000002 0.002790 -0.399210
    22 3.783203 -0.017242 0.794434 0.333290 -0.031875 -0.219057
    23 1.628906 0.000000 0.000000 0.000000 0.005106 -0.697052
    24 0.955566 -0.000001 0.000000 -0.000006 0.003247 -0.272279
    25 1.255294 -0.301568 1.248833 -1.927852 -0.158487 -0.368956
    26 1.392578 0.000003 -0.000004 0.000000 0.002017 0.071902
    27 1.099609 0.000000 -0.000002 0.000000 -0.295768 0.023718
    28 3.548828 0.198730 -1.489258 -0.359957 0.081072 -0.335116
    29 1.218750 0.000010 0.000001 -0.000004 0.004664 -0.629642
    30 0.679688 -0.000001 -0.000001 -0.000004 0.002395 -0.700525
    31 3.697266 0.267334 -0.728516 -0.118303 0.092676 -0.406874
    32 1.748047 0.000000 -0.000001 0.000000 0.002901 -0.743276
    33 0.956684 0.000008 0.000001 0.000003 0.004804 -0.443996
    34 2.023778 0.904982 -0.850921 -1.738099 1.249062 2.870194
    35 4.981625 0.002227 0.003236 1.838960 -0.376431 -1.241141
    36 11.119975 -0.000005 0.000000 0.000001 0.136123 -0.172522
    37 11.205375 0.000073 0.000008 -1.711751 0.435486 -0.103043
    38 3.767578 0.151855 -0.072693 -0.090944 -0.092657 -0.325335
    39 2.036716 -0.000004 0.000000 0.000000 -0.007577 -1.092568
    40 1.066406 0.000007 0.000000 0.000002 -0.004236 -0.268520
    41 3.783203 -0.023941 -0.794434 -0.344154 -0.088895 -0.269861
    42 1.628906 0.000000 -0.000001 0.000002 -0.007731 -0.659761
    43 0.955566 0.000001 0.000000 0.000003 -0.004923 -0.331347
    44 1.258789 -0.308350 -1.250000 1.738856 0.204802 -0.550002
    45 1.392578 -0.000004 0.000002 0.000004 0.222430 0.216078
    46 1.099609 0.000006 -0.000004 0.000002 0.280394 0.302812
    47 3.548828 0.211304 1.487305 0.384333 -0.001343 -0.385564
    48 1.218750 0.000009 0.000000 0.000003 -0.007080 -0.762570
    49 0.679688 0.000007 0.000000 0.000002 -0.003638 -0.821625
    50 3.696249 0.271114 0.723153 0.122181 -0.109018 -0.440653
    51 1.748047 -0.000011 -0.000002 0.000001 -0.004395 -0.943084
    52 0.956684 0.000004 0.000002 -0.000008 -0.007276 -0.584309
    53 -3.756462 5.577850 2.053357 1.570803 -0.000001 0.000000
    54 -2.735646 -0.081365 5.727119 0.000007 0.000015 1.570796
    55 0.000001 5.662003 -0.974302 1.570804 -0.000001 0.000000
    56 -0.000002 -2.275002 5.113525 0.000000 0.000000 -3.141592
    57 -2.477620 5.416855 4.597564 1.570804 -0.000001 0.000000
    58 -1.515218 1.317776 5.998497 0.000000 0.000000 0.000000
    59 -2.455992 5.657928 -0.087295 1.570804 -0.000001 0.000000
    60 -1.485628 -1.617812 5.263969 0.000000 0.000000 3.141592
    61 3.756460 5.577858 2.053359 1.570803 -0.000001 0.000000
    62 2.735645 -0.081364 5.727116 0.000004 -0.000011 -1.570795
    63 2.477613 5.416855 4.597570 1.570804 -0.000001 0.000000
    64 1.515220 1.317777 5.998508 0.000000 0.000000 0.000000
    65 2.455991 5.657928 -0.087293 1.570804 -0.000001 0.000000
    66 1.485620 -1.617803 5.263973 0.000000 0.000000 -3.141592
    67 4.575642 5.632584 0.000132 0.000000 -1.570771 0.249128
    68 -0.000001 0.314078 5.161098 0.000000 0.000000 0.000000
    69 -0.000001 -0.323108 3.750217 0.000000 0.000000 0.000000
    70 5.734947 1.075212 4.685178 1.570830 -0.000004 -1.321669
    71 -0.753896 0.305901 4.971462 -0.000001 0.000002 0.000000
    72 -1.101006 -0.314705 3.448307 0.000001 0.000001 0.000000
    73 5.809101 -1.029643 4.595047 1.570829 -0.000004 -1.321671
    74 -0.714908 -0.199657 5.028973 0.000000 0.000003 0.000000
    75 -0.282898 -0.851690 4.444889 0.000000 0.000000 0.000000
    76 9.578484 -1.290738 0.000240 0.000000 1.570770 -2.892481
    77 9.369518 -1.236408 1.787905 0.000000 1.570770 -2.892481
    78 9.436707 -1.331719 -1.409029 0.000000 1.570770 -2.892477
    79 5.735191 1.075235 -4.684885 -1.570814 0.000004 1.819923
    80 0.753901 0.305904 4.971474 -0.000001 -0.000002 0.000000
    81 1.101010 -0.314705 3.448315 0.000000 -0.000001 0.000000
    82 5.809341 -1.029617 -4.594752 -1.570814 0.000004 1.819922
    83 0.714908 -0.199655 5.028969 0.000000 -0.000003 0.000000
    84 0.282897 -0.851688 4.444893 0.000000 0.000000 0.000000
  time 22
    0 0.628272 -59.127596 35.888016 1.533645 -0.019008 0.125359
    1 3.983847 0.002149 0.003401 -1.416117 0.511449 -1.621506
    2 15.938816 -0.000100 -0.000005 -0.000009 -0.000002 0.299237
    3 17.707025 -0.000068 0.000003 -0.090620 -0.117179 -0.963200
    4 6.202515 0.003416 -0.000367 -0.005951 0.002433 -1.024103
    5 -3.983848 0.002149 0.003395 -1.450863 -0.341401 -1.545036
    6 15.938826 -0.000113 -0.000001 0.000002 0.000010 0.000082
    7 17.707031 0.000018 0.000000 -0.004285 0.107061 -1.025141
    8 6.202710 0.003078 0.003745 -0.077428 -0.006195 -0.525488
    9 -0.000001 4.209253 -1.688832 1.513893 -0.047353 1.569065
    10 3.836055 0.000000 0.000000 -0.061062 -0.019941 -0.093037
    11 3.617625 -0.000275 -0.000015 -0.096955 -0.017373 0.054795
    12 7.537925 0.003588 -0.000212 -0.000015 -0.003328 0.208133
    13 3.181604 -0.002346 0.000028 3.150984 0.024597 0.224222
    14 2.966416 0.000318 0.000023 0.078615 0.029768 0.162853
    15 2.023770 0.904983 0.850949 1.777153 -1.225702 2.752493
    16 4.980521 0.000781 -0.001089 -1.562862 0.105972 -0.996017
    17 11.119977 0.000007 0.000004 -0.000003 -0.136098 -0.781343
    18 11.205393 -0.000039 0.000000 1.768210 -0.365977 -0.172516
    19 3.767578 0.152466 0.071350 0.014616 0.047110 -0.282654
    20 2.036722 -0.000008 0.000000 0.000004 0.004989 -1.007995
    21 1.066406 -0.000003 0.000001 -0.000002 0.002790 -0.399210
    22 3.783203 -0.017242 0.794434 0.333290 -0.031875 -0.219057
    23 1.628906 0.000000 0.000000 0.000000 0.005106 -0.697052
    24 0.955566 -0.000001 0.000000 -0.000006 0.003247 -0.272279
    25 1.255294 -0.301568 1.248833 -1.927852 -0.158487 -0.368956
    26 1.392578 0.000003 -0.000004 0.000000 0.002017 0.071902
    27 1.099609 0.000000 -0.000002 0.000000 -0.295768 0.023718
    28 3.548828 0.198730 -1.489258 -0.359957 0.081072 -0.335116
    29 1.218750 0.000010 0.000001 -0.000004 0.004664 -0.629642
    30 0.679688 -0.000001 -0.000001 -0.000004 0.002395 -0.700525
    31 3.697266 0.267334 -0.728516 -0.118303 0.092676 -0.406874
    32 1.748047 0.000000 -0.000001 0.000000 0.002901 -0.743276
    33 0.956684 0.000008 0.000001 0.000003 0.004804 -0.443996
    34 2.023778 0.904982 -0.850921 -1.755530 1.247107 2.851498
    35 4.981625 0.002227 0.003236 1.841127 -0.364504 -1.237057
    36 11.119975 -0.000005 0.000000 0.000001 0.136123 -0.173720
    37 11.205375 0.000073 0.000008 -1.718766 0.410750 -0.047411
    38 3.767578 0.151855 -0.072693 -0.090944 -0.092657 -0.325335
    39 2.036716 -0.000004 0.000000 0.000000 -0.007577 -1.092568
    40 1.066406 0.000007 0.000000 0.000002 -0.004236 -0.268520
    41 3.783203 -0.023941 -0.794434 -0.344154 -0.088895 -0.269861
    42 1.628906 0.000000 -0.000001 0.000002 -0.007731 -0.659761
    43 0.955566 0.000001 0.000000 0.000003 -0.004923 -0.331347
    44 1.258789 -0.308350 -1.250000 1.738856 0.204802 -0.550002
    45 1.392578 -0.000004 0.000002 0.000004 0.222430 0.216078
    46 1.099609 0.000006 -0.000004 0.000002 0.280394 0.302812
    47 3.548828 0.211304 1.487305 0.384333 -0.001343 -0.385564
    48 1.218750 0.000009 0.000000 0.000003 -0.007080 -0.762570
    49 0.679688 0.000007 0.000000 0.000002 -0.003638 -0.821625
    50 3.696249 0.271114 0.723153 0.122181 -0.109018 -0.440653
    51 1.748047 -0.000011 -0.000002 0.000001 -0.004395 -0.943084
    52 0.956684 0.000004 0.000002 -0.000008 -0.007276 -0.584309
    53 -3.756462 5.577850 2.053357 1.570803 -0.000001 0.000000
    54 -2.735646 -0.081365 5.727119 0.000007 0.000015 1.570796
    55 0.000001 5.662003 -0.974302 1.570804 -0.000001 0.000000
    56 -0.000002 -2.275002 5.113525 0.000000 0.000000 -3.141592
    57 -2.477620 5.416855 4.597564 1.570804 -0.000001 0.000000
    58 -1.515218 1.317776 5.998497 0.000000 0.000000 0.000000
    59 -2.455992 5.657928 -0.087295 1.570804 -0.000001 0.000000
    60 -1.485628 -1.617812 5.263969 0.000000 0.000000 3.141592
    61 3.756460 5.577858 2.053359 1.570803 -0.000001 0.000000
    62 2.735645 -0.081364 5.727116 0.000004 -0.000011 -1.570795
    63 2.477613 5.416855 4.597570 1.570804 -0.000001 0.000000
    64 1.515220 1.317777 5.998508 0.000000 0.000000 0.000000
    65 2.455991 5.657928 -0.087293 1.570804 -0.000001 0.000000
    66 1.485620 -1.617803 5.263973 0.000000 0.000000 -3.141592
    67 4.575642 5.632584 0.000132 0.000000 -1.570771 0.249128
    68 -0.000001 0.314078 5.161098 0.000000 0.000000 0.000000
    69 -0.000001 -0.323108 3.750217 0.000000 0.000000 0.000000
    70 5.734947 1.075212 4.685178 1.570830 -0.000004 -1.321669
    71 -0.753896 0.305901 4.971462 -0.000001 0.000002 0.000000
    72 -1.101006 -0.314705 3.448307 0.000001 0.000001 0.000000
    73 5.809101 -1.029643 4.595047 1.570829 -0.000004 -1.321671
    74 -0.714908 -0.199657 5.028973 0.000000 0.000003 0.000000
    75 -0.282898 -0.851690 4.444889 0.000000 0.000000 0.000000
    76 9.578484 -1.290738 0.000240 0.000000 1.570770 -2.892481
    77 9.369518 -1.236408 1.787905 0.000000 1.570770 -2.892481
    78 9.436707 -1.331719 -1.409029 0.000000 1.570770 -2.892477
    79 5.735191 1.075235 -4.684885 -1.570814 0.000004 1.819923
    80 0.753901 0.305904 4.971474 -0.000001 -0.000002 0.000000
    81 1.101010 -0.314705 3.448315 0.000000 -0.000001 0.000000
    82 5.809341 -1.029617 -4.594752 -1.570814 0.000004 1.819922
    83 0.714908 -0.199655 5.028969 0.000000 -0.000003 0.000000
    84 0.282897 -0.851688 4.444893 0.000000 0.000000 0.000000
  time 23
    0 0.511081 -61.791598 35.903641 1.536377 -0.008018 0.110087
    1 3.983847 0.002149 0.003401 -1.435402 0.470865 -1.615784
    2 15.938816 -0.000100 -0.000005 -0.000009 -0.000002 0.415324
    3 17.707025 -0.000068 0.000003 -0.106093 -0.088006 -0.915261
    4 6.202515 0.003416 -0.000367 -0.005520 0.003068 -1.024034
    5 -3.983848 0.002149 0.003395 -1.465098 -0.383225 -1.529205
    6 15.938826 -0.000113 -0.000001 0.000002 0.000010 0.146698
    7 17.707031 0.000018 0.000000 -0.036790 0.118215 -1.100575
    8 6.202710 0.003078 0.003745 -0.078998 -0.006375 -0.498948
    9 -0.000001 4.209253 -1.688832 1.518543 -0.046667 1.572373
    10 3.836055 0.000000 0.000000 -0.053631 -0.010042 -0.093768
    11 3.617625 -0.000275 -0.000015 -0.087283 -0.014497 0.054035
    12 7.537925 0.003588 -0.000212 0.000105 -0.002153 0.208133
    13 3.181604 -0.002346 0.000028 3.147053 0.014290 0.224138
    14 2.966416 0.000318 0.000023 0.072658 0.021043 0.159858
    15 2.023770 0.904983 0.850949 1.759603 -1.227738 2.771074
    16 4.980521 0.000781 -0.001089 -1.566887 0.129350 -1.010073
    17 11.119977 0.000007 0.000004 -0.000003 -0.136098 -0.769050
    18 11.205393 -0.000039 0.000000 1.767393 -0.341602 -0.175896
    19 3.767578 0.152466 0.071350 0.014616 0.047110 -0.282654
    20 2.036722 -0.000008 0.000000 0.000004 0.004977 -1.007965
    21 1.066406 -0.000003 0.000001 -0.000002 0.002790 -0.399210
    22 3.783203 -0.017242 0.794434 0.333290 -0.031875 -0.219057
    23 1.628906 0.000000 0.000000 0.000000 0.005106 -0.697052
    24 0.955566 -0.000001 0.000000 -0.000006 0.003247 -0.272279
    25 1.255294 -0.301568 1.248833 -1.927852 -0.158487 -0.368956
    26 1.392578 0.000003 -0.000004 0.000000 0.002017 0.071902
    27 1.099609 0.000000 -0.000002 0.000000 -0.295768 0.023718
    28 3.548828 0.198730 -1.489258 -0.359957 0.081072 -0.335116
    29 1.218750 0.000010 0.000001 -0.000004 0.004664 -0.629642
    30 0.679688 -0.000001 -0.000001 -0.000004 0.002395 -0.700525
    31 3.697266 0.267334 -0.728516 -0.118303 0.092676 -0.406874
    32 1.748047 0.000000 -0.000001 0.000000 0.002901 -0.743276
    33 0.956684 0.000008 0.000001 0.000003 0.004804 -0.443996
    34 2.023778 0.904982 -0.850921 -1.773952 1.244624 2.832169
    35 4.981625 0.002227 0.003236 1.836638 -0.345844 -1.228126
    36 11.119975 -0.000005 0.000000 0.000001 0.136123 -0.177945
    37 11.205375 0.000073 0.000008 -1.736470 0.378703 0.015892
    38 3.767578 0.151855 -0.072693 -0.090944 -0.092657 -0.325335
    39 2.036716 -0.000004 0.000000 0.000000 -0.007577 -1.092568
    40 1.066406 0.000007 0.000000 0.000002 -0.004236 -0.268520
    41 3.783203 -0.023941 -0.794434 -0.344154 -0.088895 -0.269861
    42 1.628906 0.000000 -0.000001 0.000002 -0.007731 -0.659761
    43 0.955566 0.000001 0.000000 0.000003 -0.004923 -0.331347
    44 1.258789 -0.308350 -1.250000 1.738856 0.204802 -0.550002
    45 1.392578 -0.000004 0.000002 0.000004 0.222430 0.216078
    46 1.099609 0.000006 -0.000004 0.000002 0.280394 0.302812
    47 3.548828 0.211304 1.487305 0.384333 -0.001343 -0.385564
    48 1.218750 0.000009 0.000000 0.000003 -0.007080 -0.762570
    49 0.679688 0.000007 0.000000 0.000002 -0.003638 -0.821625
    50 3.696249 0.271114 0.723153 0.122169 -0.109018 -0.440653
    51 1.748047 -0.000011 -0.000002 0.000001 -0.004395 -0.943084
    52 0.956684 0.000004 0.000002 -0.000032 -0.007276 -0.584309
    53 -3.756462 5.577850 2.053357 1.570803 -0.000001 0.000000
    54 -2.735646 -0.081365 5.727119 0.000007 0.000015 1.570796
    55 0.000001 5.662003 -0.974302 1.570804 -0.000001 0.000000
    56 -0.000002 -2.275002 5.113525 0.000000 0.000000 -3.141592
    57 -2.477620 5.416855 4.597564 1.570804 -0.000001 0.000000
    58 -1.515218 1.317776 5.998497 0.000000 0.000000 0.000000
    59 -2.455992 5.657928 -0.087295 1.570804 -0.000001 0.000000
    60 -1.485628 -1.617812 5.263969 0.000000 0.000000 3.141592
    61 3.756460 5.577858 2.053359 1.570803 -0.000001 0.000000
    62 2.735645 -0.081364 5.727116 0.000004 -0.000011 -1.570795
    63 2.477613 5.416855 4.597570 1.570804 -0.000001 0.000000
    64 1.515220 1.317777 5.998508 0.000000 0.000000 0.000000
    65 2.455991 5.657928 -0.087293 1.570804 -0.000001 0.000000
    66 1.485620 -1.617803 5.263973 0.000000 0.000000 -3.141592
    67 4.575642 5.632584 0.000132 0.000000 -1.570771 0.249128
    68 -0.000001 0.314078 5.161098 0.000000 0.000000 0.000000
    69 -0.000001 -0.323108 3.750217 0.000000 0.000000 0.000000
    70 5.734947 1.075212 4.685178 1.570830 -0.000004 -1.321669
    71 -0.753896 0.305901 4.971462 -0.000001 0.000002 0.000000
    72 -1.101006 -0.314705 3.448307 0.000001 0.000001 0.000000
    73 5.809101 -1.029643 4.595047 1.570829 -0.000004 -1.321671
    74 -0.714908 -0.199657 5.028973 0.000000 0.000003 0.000000
    75 -0.282898 -0.851690 4.444889 0.000000 0.000000 0.000000
    76 9.578484 -1.290738 0.000240 0.000000 1.570770 -2.892481
    77 9.369518 -1.236408 1.787905 0.000000 1.570770 -2.892481
    78 9.436707 -1.331719 -1.409029 0.000000 1.570770 -2.892477
    79 5.735191 1.075235 -4.684885 -1.570814 0.000004 1.819923
    80 0.753901 0.305904 4.971474 -0.000001 -0.000002 0.000000
    81 1.101010 -0.314705 3.448315 0.000000 -0.000001 0.000000
    82 5.809341 -1.029617 -4.594752 -1.570814 0.000004 1.819922
    83 0.714908 -0.199655 5.028969 0.000000 -0.000003 0.000000
    84 0.282897 -0.851688 4.444893 0.000000 0.000000 0.000000
  time 24
    0 0.378265 -64.463413 36.052083 1.542705 0.018876 0.090406
    1 3.983847 0.002149 0.003401 -1.461527 0.341102 -1.598350
    2 15.938816 -0.000100 -0.000005 -0.000009 -0.000002 0.635832
    3 17.707025 -0.000068 0.000003 -0.116142 -0.046061 -0.866222
    4 6.202515 0.003416 -0.000367 -0.005077 0.003835 -1.024034
    5 -3.983848 0.002149 0.003395 -1.484969 -0.410836 -1.493326
    6 15.938826 -0.000113 -0.000001 0.000002 0.000010 0.300557
    7 17.707031 0.000018 0.000000 -0.040598 0.130903 -1.082673
    8 6.202710 0.003078 0.003745 -0.078758 -0.006243 -0.498948
    9 -0.000001 4.209253 -1.688832 1.526069 -0.044648 1.581337
    10 3.836055 0.000000 0.000000 -0.044056 0.014335 -0.095925
    11 3.617625 -0.000275 -0.000015 -0.074736 -0.010890 0.051923
    12 7.537925 0.003588 -0.000212 0.000309 -0.000823 0.208133
    13 3.181604 -0.002346 0.000028 3.142451 0.002437 0.224138
    14 2.966416 0.000318 0.000023 0.061297 0.014883 0.153050
    15 2.023770 0.904983 0.850949 1.741303 -1.229937 2.790561
    16 4.980521 0.000781 -0.001089 -1.572976 0.155360 -1.029620
    17 11.119977 0.000007 0.000004 -0.000003 -0.136098 -0.742747
    18 11.205393 -0.000039 0.000000 1.753564 -0.317945 -0.162066
    19 3.767578 0.152466 0.071350 0.014616 0.047110 -0.282654
    20 2.036722 -0.000008 0.000000 0.000016 0.004977 -1.007965
    21 1.066406 -0.000003 0.000001 -0.000002 0.002790 -0.399210
    22 3.783203 -0.017242 0.794434 0.333290 -0.031875 -0.219057
    23 1.628906 0.000000 0.000000 0.000000 0.005106 -0.697052
    24 0.955566 -0.000001 0.000000 -0.000006 0.003247 -0.272279
    25 1.255294 -0.301568 1.248833 -1.927852 -0.158487 -0.368956
    26 1.392578 0.000003 -0.000004 0.000000 0.002017 0.071902
    27 1.099609 0.000000 -0.000002 0.000000 -0.295768 0.023718
    28 3.548828 0.198730 -1.489258 -0.359957 0.081072 -0.335116
    29 1.218750 0.000010 0.000001 -0.000004 0.004664 -0.629642
    30 0.679688 -0.000001 -0.000001 -0.000004 0.002395 -0.700525
    31 3.697266 0.267334 -0.728516 -0.118303 0.092676 -0.406874
    32 1.748047 0.000000 -0.000001 0.000000 0.002901 -0.743276
    33 0.956684 0.000008 0.000001 0.000015 0.004804 -0.443996
    34 2.023778 0.904982 -0.850921 -1.792532 1.241773 2.812570
    35 4.981625 0.002227 0.003236 1.826267 -0.319846 -1.213112
    36 11.119975 -0.000005 0.000000 0.000001 0.136123 -0.189296
    37 11.205375 0.000073 0.000008 -1.774838 0.346908 0.057598
    38 3.767578 0.151855 -0.072693 -0.090944 -0.092657 -0.325335
    39 2.036716 -0.000004 0.000000 0.000012 -0.007577 -1.092568
    40 1.066406 0.000007 0.000000 0.000002 -0.004236 -0.268520
    41 3.783203 -0.023941 -0.794434 -0.344154 -0.088895 -0.269861
    42 1.628906 0.000000 -0.000001 0.000002 -0.007731 -0.659761
    43 0.955566 0.000001 0.000000 0.000003 -0.004923 -0.331347
    44 1.258789 -0.308350 -1.250000 1.738856 0.204802 -0.550002
    45 1.392578 -0.000004 0.000002 0.000004 0.222430 0.216078
    46 1.099609 0.000006 -0.000004 0.000002 0.280394 0.302812
    47 3.548828 0.211304 1.487305 0.384333 -0.001343 -0.385564
    48 1.218750 0.000009 0.000000 0.000003 -0.007080 -0.762570
    49 0.679688 0.000007 0.000000 0.000002 -0.003638 -0.821625
    50 3.696249 0.271114 0.723153 0.122169 -0.109018 -0.440653
    51 1.748047 -0.000011 -0.000002 0.000001 -0.004395 -0.943084
    52 0.956684 0.000004 0.000002 -0.000032 -0.007276 -0.584309
    53 -3.756462 5.577850 2.053357 1.570803 -0.000001 0.000000
    54 -2.735646 -0.081365 5.727119 0.000007 0.000015 1.570796
    55 0.000001 5.662003 -0.974302 1.570804 -0.000001 0.000000
    56 -0.000002 -2.275002 5.113525 0.000000 0.000000 -3.141592
    57 -2.477620 5.416855 4.597564 1.570804 -0.000001 0.000000
    58 -1.515218 1.317776 5.998497 0.000000 0.000000 0.000000
    59 -2.455992 5.657928 -0.087295 1.570804 -0.000001 0.000000
    60 -1.485628 -1.617812 5.263969 0.000000 0.000000 3.141592
    61 3.756460 5.577858 2.053359 1.570803 -0.000001 0.000000
    62 2.735645 -0.081364 5.727116 0.000004 -0.000011 -1.570795
    63 2.477613 5.416855 4.597570 1.570804 -0.000001 0.000000
    64 1.515220 1.317777 5.998508 0.000000 0.000000 0.000000
    65 2.455991 5.657928 -0.087293 1.570804 -0.000001 0.000000
    66 1.485620 -1.617803 5.263973 0.000000 0.000000 -3.141592
    67 4.575642 5.632584 0.000132 0.000000 -1.570771 0.249128
    68 -0.000001 0.314078 5.161098 0.000000 0.000000 0.000000
    69 -0.000001 -0.323108 3.750217 0.000000 0.000000 0.000000
    70 5.734947 1.075212 4.685178 1.570830 -0.000004 -1.321669
    71 -0.753896 0.305901 4.971462 -0.000001 0.000002 0.000000
    72 -1.101006 -0.314705 3.448307 0.000001 0.000001 0.000000
    73 5.809101 -1.029643 4.595047 1.570829 -0.000004 -1.321671
    74 -0.714908 -0.199657 5.028973 0.000000 0.000003 0.000000
    75 -0.282898 -0.851690 4.444889 0.000000 0.000000 0.000000
    76 9.578484 -1.290738 0.000240 0.000000 1.570770 -2.892481
    77 9.369518 -1.236408 1.787905 0.000000 1.570770 -2.892481
    78 9.436707 -1.331719 -1.409029 0.000000 1.570770 -2.892477
    79 5.735191 1.075235 -4.684885 -1.570814 0.000004 1.819923
    80 0.753901 0.305904 4.971474 -0.000001 -0.000002 0.000000
    81 1.101010 -0.314705 3.448315 0.000000 -0.000001 0.000000
    82 5.809341 -1.029617 -4.594752 -1.570814 0.000004 1.819922
    83 0.714908 -0.199655 5.028969 0.000000 -0.000003 0.000000
    84 0.282897 -0.851688 4.444893 0.000000 0.000000 0.000000
  time 25
    0 0.245448 -67.123509 36.313810 1.550279 0.052493 0.067402
    1 3.983847 0.002149 0.003401 -1.488128 0.159497 -1.567147
    2 15.938816 -0.000100 -0.000005 -0.000009 -0.000002 0.877760
    3 17.707025 -0.000068 0.000003 -0.114490 0.005856 -0.769091
    4 6.202515 0.003416 -0.000367 -0.004501 0.004794 -1.024034
    5 -3.983848 0.002149 0.003395 -1.510286 -0.403537 -1.445082
    6 15.938826 -0.000113 -0.000001 0.000002 0.000010 0.395971
    7 17.707031 0.000018 0.000000 -0.037198 0.140361 -1.082576
    8 6.202710 0.003078 0.003745 -0.078662 -0.006183 -0.498948
    9 -0.000001 4.209253 -1.688832 1.535753 -0.041498 1.592458
    10 3.836055 0.000000 0.000000 -0.032766 0.044596 -0.099221
    11 3.617625 -0.000275 -0.000015 -0.060018 -0.006515 0.048741
    12 7.537925 0.003588 -0.000212 0.000501 0.000675 0.208133
    13 3.181604 -0.002346 0.000028 3.137849 -0.010015 0.224138
    14 2.966416 0.000318 0.000023 0.046328 0.010006 0.139708
    15 2.023770 0.904983 0.850949 1.722803 -1.232257 2.810320
    16 4.980521 0.000781 -0.001089 -1.580665 0.182719 -1.054686
    17 11.119977 0.000007 0.000004 -0.000003 -0.136098 -0.697920
    18 11.205393 -0.000039 0.000000 1.730948 -0.301999 -0.123080
    19 3.767578 0.152466 0.071350 0.014616 0.047110 -0.282654
    20 2.036722 -0.000008 0.000000 0.000016 0.004989 -1.007965
    21 1.066406 -0.000003 0.000001 -0.000002 0.002790 -0.399210
    22 3.783203 -0.017242 0.794434 0.333290 -0.031875 -0.219057
    23 1.628906 0.000000 0.000000 0.000000 0.005106 -0.697052
    24 0.955566 -0.000001 0.000000 -0.000006 0.003247 -0.272279
    25 1.255294 -0.301568 1.248833 -1.927852 -0.158452 -0.368956
    26 1.392578 0.000003 -0.000004 0.000000 0.002017 0.071902
    27 1.099609 0.000000 -0.000002 0.000000 -0.295768 0.023718
    28 3.548828 0.198730 -1.489258 -0.359957 0.081072 -0.335116
    29 1.218750 0.000010 0.000001 -0.000004 0.004664 -0.629642
    30 0.679688 -0.000001 -0.000001 -0.000004 0.002395 -0.700525
    31 3.697266 0.267334 -0.728516 -0.118303 0.092676 -0.406874
    32 1.748047 0.000000 -0.000001 0.000000 0.002901 -0.743276
    33 0.956684 0.000008 0.000001 0.000003 0.004804 -0.443996
    34 2.023778 0.904982 -0.850921 -1.810537 1.238557 2.793512
    35 4.981625 0.002227 0.003236 1.810221 -0.286621 -1.191693
    36 11.119975 -0.000005 0.000000 0.000001 0.136123 -0.206826
    37 11.205375 0.000073 0.000008 -1.818884 0.322999 0.068133
    38 3.767578 0.151855 -0.072693 -0.090944 -0.092657 -0.325335
    39 2.036716 -0.000004 0.000000 0.000012 -0.007577 -1.092568
    40 1.066406 0.000007 0.000000 0.000002 -0.004236 -0.268520
    41 3.783203 -0.023941 -0.794434 -0.344154 -0.088895 -0.269861
    42 1.628906 0.000000 -0.000001 0.000002 -0.007731 -0.659761
    43 0.955566 0.000001 0.000000 0.000003 -0.004923 -0.331347
    44 1.258789 -0.308350 -1.250000 1.738856 0.204802 -0.550002
    45 1.392578 -0.000004 0.000002 0.000004 0.222430 0.216078
    46 1.099609 0.000006 -0.000004 0.000002 0.280394 0.302812
    47 3.548828 0.211304 1.487305 0.384333 -0.001343 -0.385564
    48 1.218750 0.000009 0.000000 0.000003 -0.007080 -0.762570
    49 0.679688 0.000007 0.000000 0.000002 -0.003638 -0.821625
    50 3.696249 0.271114 0.723153 0.122181 -0.109018 -0.440653
    51 1.748047 -0.000011 -0.000002 0.000001 -0.004395 -0.943084
    52 0.956684 0.000004 0.000002 -0.000032 -0.007276 -0.584309
    53 -3.756462 5.577850 2.053357 1.570803 -0.000001 0.000000
    54 -2.735646 -0.081365 5.727119 0.000007 0.000015 1.570796
    55 0.000001 5.662003 -0.974302 1.570804 -0.000001 0.000000
    56 -0.000002 -2.275002 5.113525 0.000000 0.000000 -3.141592
    57 -2.477620 5.416855 4.597564 1.570804 -0.000001 0.000000
    58 -1.515218 1.317776 5.998497 0.000000 0.000000 0.000000
    59 -2.455992 5.657928 -0.087295 1.570804 -0.000001 0.000000
    60 -1.485628 -1.617812 5.263969 0.000000 0.000000 3.141592
    61 3.756460 5.577858 2.053359 1.570803 -0.000001 0.000000
    62 2.735645 -0.081364 5.727116 0.000004 -0.000011 -1.570795
    63 2.477613 5.416855 4.597570 1.570804 -0.000001 0.000000
    64 1.515220 1.317777 5.998508 0.000000 0.000000 0.000000
    65 2.455991 5.657928 -0.087293 1.570804 -0.000001 0.000000
    66 1.485620 -1.617803 5.263973 0.000000 0.000000 -3.141592
    67 4.575642 5.632584 0.000132 0.000000 -1.570771 0.249128
    68 -0.000001 0.314078 5.161098 0.000000 0.000000 0.000000
    69 -0.000001 -0.323108 3.750217 0.000000 0.000000 0.000000
    70 5.734947 1.075212 4.685178 1.570830 -0.000004 -1.321669
    71 -0.753896 0.305901 4.971462 -0.000001 0.000002 0.000000
    72 -1.101006 -0.314705 3.448307 0.000001 0.000001 0.000000
    73 5.809101 -1.029643 4.595047 1.570829 -0.000004 -1.321671
    74 -0.714908 -0.199657 5.028973 0.000000 0.000003 0.000000
    75 -0.282898 -0.851690 4.444889 0.000000 0.000000 0.000000
    76 9.578484 -1.290738 0.000240 0.000000 1.570770 -2.892481
    77 9.369518 -1.236408 1.787905 0.000000 1.570770 -2.892481
    78 9.436707 -1.331719 -1.409029 0.000000 1.570770 -2.892477
    79 5.735191 1.075235 -4.684885 -1.570814 0.000004 1.819923
    80 0.753901 0.305904 4.971474 -0.000001 -0.000002 0.000000
    81 1.101010 -0.314705 3.448315 0.000000 -0.000001 0.000000
    82 5.809341 -1.029617 -4.594752 -1.570814 0.000004 1.819922
    83 0.714908 -0.199655 5.028969 0.000000 -0.000003 0.000000
    84 0.282897 -0.851688 4.444893 0.000000 0.000000 0.000000
  time 26
    0 0.132164 -69.783605 36.638039 1.556463 0.073633 0.041778
    1 3.983847 0.002149 0.003401 -1.514063 -0.022820 -1.539342
    2 15.938816 -0.000100 -0.000005 -0.000009 -0.000002 1.062696
    3 17.707025 -0.000068 0.000003 -0.101385 0.051048 -0.674530
    4 6.202515 0.003416 -0.000367 -0.004082 0.005429 -1.024034
    5 -3.983848 0.002149 0.003395 -1.539712 -0.332598 -1.406675
    6 15.938826 -0.000113 -0.000001 0.000002 0.000010 0.396601
    7 17.707031 0.000018 0.000000 -0.036495 0.142806 -1.134012
    8 6.202710 0.003078 0.003745 -0.078650 -0.006183 -0.498948
    9 -0.000001 4.209253 -1.688832 1.546826 -0.037742 1.598738
    10 3.836055 0.000000 0.000000 -0.020266 0.063232 -0.103104
    11 3.617625 -0.000275 -0.000015 -0.043743 -0.001434 0.044897
    12 7.537925 0.003588 -0.000212 0.000740 0.002353 0.208133
    13 3.181604 -0.002346 0.000028 3.133343 -0.021843 0.224174
    14 2.966416 0.000318 0.000023 0.031731 0.002683 0.123143
    15 2.023770 0.904983 0.850949 1.704553 -1.234578 2.829626
    16 4.980521 0.000781 -0.001089 -1.590108 0.211428 -1.083452
    17 11.119977 0.000007 0.000004 -0.000003 -0.136098 -0.635709
    18 11.205393 -0.000039 0.000000 1.705066 -0.297572 -0.069916
    19 3.767578 0.152466 0.071350 0.014616 0.047110 -0.282654
    20 2.036722 -0.000008 0.000000 0.000016 0.004977 -1.007965
    21 1.066406 -0.000003 0.000001 -0.000002 0.002790 -0.399210
    22 3.783203 -0.017242 0.794434 0.333290 -0.031875 -0.219057
    23 1.628906 0.000000 0.000000 0.000000 0.005106 -0.697052
    24 0.955566 -0.000001 0.000000 -0.000006 0.003247 -0.272279
    25 1.255294 -0.301568 1.248833 -1.927852 -0.158487 -0.368956
    26 1.392578 0.000003 -0.000004 0.000000 0.002017 0.071902
    27 1.099609 0.000000 -0.000002 0.000000 -0.295768 0.023718
    28 3.548828 0.198730 -1.489258 -0.359957 0.081072 -0.335116
    29 1.218750 0.000010 0.000001 -0.000004 0.004664 -0.629642
    30 0.679688 -0.000001 -0.000001 -0.000004 0.002395 -0.700525
    31 3.697266 0.267334 -0.728516 -0.118303 0.092676 -0.406874
    32 1.748047 0.000000 -0.000001 0.000000 0.002901 -0.743276
    33 0.956684 0.000008 0.000001 0.000003 0.004804 -0.443996
    34 2.023778 0.904982 -0.850921 -1.827602 1.234974 2.775268
    35 4.981625 0.002227 0.003236 1.787931 -0.247982 -1.164339
    36 11.119975 -0.000005 0.000000 0.000001 0.136123 -0.231734
    37 11.205375 0.000073 0.000008 -1.811058 0.308545 0.072327
    38 3.767578 0.151855 -0.072693 -0.090944 -0.092657 -0.325335
    39 2.036716 -0.000004 0.000000 0.000012 -0.007577 -1.092568
    40 1.066406 0.000007 0.000000 0.000002 -0.004236 -0.268520
    41 3.783203 -0.023941 -0.794434 -0.344154 -0.088895 -0.269861
    42 1.628906 0.000000 -0.000001 0.000002 -0.007731 -0.659761
    43 0.955566 0.000001 0.000000 0.000003 -0.004923 -0.331347
    44 1.258789 -0.308350 -1.250000 1.738856 0.204802 -0.550002
    45 1.392578 -0.000004 0.000002 0.000004 0.222430 0.216078
    46 1.099609 0.000006 -0.000004 0.000002 0.280394 0.302812
    47 3.548828 0.211304 1.487305 0.384333 -0.001343 -0.385564
    48 1.218750 0.000009 0.000000 0.000003 -0.007080 -0.762570
    49 0.679688 0.000007 0.000000 0.000002 -0.003638 -0.821625
    50 3.696249 0.271114 0.723153 0.122181 -0.109018 -0.440653
    51 1.748047 -0.000011 -0.000002 0.000001 -0.004395 -0.943084
    52 0.956684 0.000004 0.000002 -0.000032 -0.007276 -0.584309
    53 -3.756462 5.577850 2.053357 1.570803 -0.000001 0.000000
    54 -2.735646 -0.081365 5.727119 0.000007 0.000015 1.570796
    55 0.000001 5.662003 -0.974302 1.570804 -0.000001 0.000000
    56 -0.000002 -2.275002 5.113525 0.000000 0.000000 -3.141592
    57 -2.477620 5.416855 4.597564 1.570804 -0.000001 0.000000
    58 -1.515218 1.317776 5.998497 0.000000 0.000000 0.000000
    59 -2.455992 5.657928 -0.087295 1.570804 -0.000001 0.000000
    60 -1.485628 -1.617812 5.263969 0.000000 0.000000 3.141592
    61 3.756460 5.577858 2.053359 1.570803 -0.000001 0.000000
    62 2.735645 -0.081364 5.727116 0.000004 -0.000011 -1.570795
    63 2.477613 5.416855 4.597570 1.570804 -0.000001 0.000000
    64 1.515220 1.317777 5.998508 0.000000 0.000000 0.000000
    65 2.455991 5.657928 -0.087293 1.570804 -0.000001 0.000000
    66 1.485620 -1.617803 5.263973 0.000000 0.000000 -3.141592
    67 4.575642 5.632584 0.000132 0.000000 -1.570771 0.249128
    68 -0.000001 0.314078 5.161098 0.000000 0.000000 0.000000
    69 -0.000001 -0.323108 3.750217 0.000000 0.000000 0.000000
    70 5.734947 1.075212 4.685178 1.570830 -0.000004 -1.321669
    71 -0.753896 0.305901 4.971462 -0.000001 0.000002 0.000000
    72 -1.101006 -0.314705 3.448307 0.000001 0.000001 0.000000
    73 5.809101 -1.029643 4.595047 1.570829 -0.000004 -1.321671
    74 -0.714908 -0.199657 5.028973 0.000000 0.000003 0.000000
    75 -0.282898 -0.851690 4.444889 0.000000 0.000000 0.000000
    76 9.578484 -1.290738 0.000240 0.000000 1.570770 -2.892481
    77 9.369518 -1.236408 1.787905 0.000000 1.570770 -2.892481
    78 9.436707 -1.331719 -1.409029 0.000000 1.570770 -2.892477
    79 5.735191 1.075235 -4.684885 -1.570814 0.000004 1.819923
    80 0.753901 0.305904 4.971474 -0.000001 -0.000002 0.000000
    81 1.101010 -0.314705 3.448315 0.000000 -0.000001 0.000000
    82 5.809341 -1.029617 -4.594752 -1.570814 0.000004 1.819922
    83 0.714908 -0.199655 5.028969 0.000000 -0.000003 0.000000
    84 0.282897 -0.851688 4.444893 0.000000 0.000000 0.000000
  time 27
    0 0.054036 -72.447607 36.958361 1.561352 0.079134 0.014557
    1 3.983847 0.002149 0.003401 -1.540758 -0.177147 -1.523249
    2 15.938816 -0.000100 -0.000005 -0.000009 -0.000002 1.177890
    3 17.707025 -0.000068 0.000003 -0.094805 0.076147 -0.700656
    4 6.202515 0.003416 -0.000367 -0.004334 0.005082 -1.024034
    5 -3.983848 0.002149 0.003395 -1.569041 -0.238686 -1.388689
    6 15.938826 -0.000113 -0.000001 0.000002 0.000010 0.362340
    7 17.707031 0.000018 0.000000 -0.038808 0.143984 -1.195858
    8 6.202710 0.003078 0.003745 -0.078650 -0.006183 -0.498948
    9 -0.000001 4.209253 -1.688832 1.558571 -0.033986 1.599169
    10 3.836055 0.000000 0.000000 -0.007035 0.067582 -0.106951
    11 3.617625 -0.000275 -0.000015 -0.026486 0.003851 0.041096
    12 7.537925 0.003588 -0.000212 0.000992 0.003971 0.208145
    13 3.181604 -0.002346 0.000028 3.129604 -0.031575 0.224306
    14 2.966416 0.000318 0.000023 0.018152 -0.006797 0.113340
    15 2.023770 0.904983 0.850949 1.687203 -1.236899 2.848207
    16 4.980521 0.000781 -0.001089 -1.602493 0.241789 -1.112218
    17 11.119977 0.000007 0.000004 -0.000003 -0.136098 -0.562407
    18 11.205393 -0.000039 0.000000 1.683266 -0.299907 -0.031685
    19 3.767578 0.152466 0.071350 0.014616 0.047110 -0.282654
    20 2.036722 -0.000008 0.000000 0.000004 0.004977 -1.007965
    21 1.066406 -0.000003 0.000001 -0.000002 0.002790 -0.399210
    22 3.783203 -0.017242 0.794434 0.333290 -0.031875 -0.219057
    23 1.628906 0.000000 0.000000 0.000000 0.005106 -0.697052
    24 0.955566 -0.000001 0.000000 -0.000006 0.003247 -0.272279
    25 1.255294 -0.301568 1.248833 -1.927852 -0.158487 -0.368956
    26 1.392578 0.000003 -0.000004 0.000000 0.002017 0.071902
    27 1.099609 0.000000 -0.000002 0.000000 -0.295768 0.023718
    28 3.548828 0.198730 -1.489258 -0.359957 0.081072 -0.335116
    29 1.218750 0.000010 0.000001 -0.000004 0.004664 -0.629642
    30 0.679688 -0.000001 -0.000001 -0.000004 0.002395 -0.700525
    31 3.697266 0.267334 -0.728516 -0.118303 0.092676 -0.406874
    32 1.748047 0.000000 -0.000001 0.000000 0.002901 -0.743276
    33 0.956684 0.000008 0.000001 0.000003 0.004804 -0.443996
    34 2.023778 0.904982 -0.850921 -1.843155 1.231147 2.758739
    35 4.981625 0.002227 0.003236 1.758572 -0.205962 -1.135046
    36 11.119975 -0.000005 0.000000 0.000001 0.136123 -0.265596
    37 11.205375 0.000073 0.000008 -1.767727 0.304231 0.071620
    38 3.767578 0.151855 -0.072693 -0.090944 -0.092657 -0.325335
    39 2.036716 -0.000004 0.000000 0.000012 -0.007577 -1.092568
    40 1.066406 0.000007 0.000000 0.000002 -0.004236 -0.268520
    41 3.783203 -0.023941 -0.794434 -0.344154 -0.088895 -0.269861
    42 1.628906 0.000000 -0.000001 0.000002 -0.007731 -0.659761
    43 0.955566 0.000001 0.000000 0.000003 -0.004923 -0.331347
    44 1.258789 -0.308350 -1.250000 1.738856 0.204802 -0.550002
    45 1.392578 -0.000004 0.000002 0.000004 0.222430 0.216078
    46 1.099609 0.000006 -0.000004 0.000002 0.280394 0.302812
    47 3.548828 0.211304 1.487305 0.384333 -0.001343 -0.385564
    48 1.218750 0.000009 0.000000 0.000003 -0.007080 -0.762570
    49 0.679688 0.000007 0.000000 0.000002 -0.003638 -0.821625
    50 3.696249 0.271114 0.723153 0.122181 -0.109018 -0.440653
    51 1.748047 -0.000011 -0.000002 0.000001 -0.004395 -0.943084
    52 0.956684 0.000004 0.000002 -0.000008 -0.007276 -0.584309
    53 -3.756462 5.577850 2.053357 1.570803 -0.000001 0.000000
    54 -2.735646 -0.081365 5.727119 0.000007 0.000015 1.570796
    55 0.000001 5.662003 -0.974302 1.570804 -0.000001 0.000000
    56 -0.000002 -2.275002 5.113525 0.000000 0.000000 -3.141592
    57 -2.477620 5.416855 4.597564 1.570804 -0.000001 0.000000
    58 -1.515218 1.317776 5.998497 0.000000 0.000000 0.000000
    59 -2.455992 5.657928 -0.087295 1.570804 -0.000001 0.000000
    60 -1.485628 -1.617812 5.263969 0.000000 0.000000 3.141592
    61 3.756460 5.577858 2.053359 1.570803 -0.000001 0.000000
    62 2.735645 -0.081364 5.727116 0.000004 -0.000011 -1.570795
    63 2.477613 5.416855 4.597570 1.570804 -0.000001 0.000000
    64 1.515220 1.317777 5.998508 0.000000 0.000000 0.000000
    65 2.455991 5.657928 -0.087293 1.570804 -0.000001 0.000000
    66 1.485620 -1.617803 5.263973 0.000000 0.000000 -3.141592
    67 4.575642 5.632584 0.000132 0.000000 -1.570771 0.249128
    68 -0.000001 0.314078 5.161098 0.000000 0.000000 0.000000
    69 -0.000001 -0.323108 3.750217 0.000000 0.000000 0.000000
    70 5.734947 1.075212 4.685178 1.570830 -0.000004 -1.321669
    71 -0.753896 0.305901 4.971462 -0.000001 0.000002 0.000000
    72 -1.101006 -0.314705 3.448307 0.000001 0.000001 0.000000
    73 5.809101 -1.029643 4.595047 1.570829 -0.000004 -1.321671
    74 -0.714908 -0.199657 5.028973 0.000000 0.000003 0.000000
    75 -0.282898 -0.851690 4.444889 0.000000 0.000000 0.000000
    76 9.578484 -1.290738 0.000240 0.000000 1.570770 -2.892481
    77 9.369518 -1.236408 1.787905 0.000000 1.570770 -2.892481
    78 9.436707 -1.331719 -1.409029 0.000000 1.570770 -2.892477
    79 5.735191 1.075235 -4.684885 -1.570814 0.000004 1.819923
    80 0.753901 0.305904 4.971474 -0.000001 -0.000002 0.000000
    81 1.101010 -0.314705 3.448315 0.000000 -0.000001 0.000000
    82 5.809341 -1.029617 -4.594752 -1.570814 0.000004 1.819922
    83 0.714908 -0.199655 5.028969 0.000000 -0.000003 0.000000
    84 0.282897 -0.851688 4.444893 0.000000 0.000000 0.000000
  time 28
    0 0.007160 -75.111609 37.239619 1.564852 0.073466 -0.013240
    1 3.983847 0.002149 0.003401 -1.568974 -0.283324 -1.519226
    2 15.938816 -0.000100 -0.000005 -0.000009 -0.000002 1.214865
    3 17.707025 -0.000068 0.000003 -0.108543 0.073325 -0.873870
    4 6.202515 0.003416 -0.000367 -0.005149 0.003715 -1.024034
    5 -3.983848 0.002149 0.003395 -1.597320 -0.127339 -1.388314
    6 15.938826 -0.000113 -0.000001 0.000002 0.000010 0.295392
    7 17.707031 0.000018 0.000000 -0.039828 0.145019 -1.236656
    8 6.202710 0.003078 0.003745 -0.078614 -0.006183 -0.503360
    9 -0.000001 4.209253 -1.688832 1.570603 -0.030756 1.595622
    10 3.836055 0.000000 0.000000 0.006436 0.062081 -0.110127
    11 3.617625 -0.000275 -0.000015 -0.008916 0.008933 0.037900
    12 7.537925 0.003588 -0.000212 0.001339 0.006535 0.208145
    13 3.181604 -0.002346 0.000028 3.127015 -0.038394 0.224354
    14 2.966416 0.000318 0.000023 0.005305 -0.016912 0.109256
    15 2.023770 0.904983 0.850949 1.656753 -1.241377 2.880293
    16 4.980521 0.000781 -0.001089 -1.636035 0.297283 -1.162949
    17 11.119977 0.000007 0.000004 -0.000003 -0.136098 -0.416373
    18 11.205393 -0.000039 0.000000 1.655752 -0.336530 -0.007740
    19 3.767578 0.152466 0.071350 0.014616 0.047110 -0.282654
    20 2.036722 -0.000008 0.000000 0.000016 0.004965 -1.007965
    21 1.066406 -0.000003 0.000001 -0.000002 0.002790 -0.399210
    22 3.783203 -0.017242 0.794434 0.333290 -0.031875 -0.219057
    23 1.628906 0.000000 0.000000 0.000000 0.005106 -0.697052
    24 0.955566 -0.000001 0.000000 -0.000006 0.003247 -0.272279
    25 1.255294 -0.301568 1.248833 -1.927852 -0.158487 -0.368956
    26 1.392578 0.000003 -0.000004 0.000000 0.002017 0.071902
    27 1.099609 0.000000 -0.000002 0.000000 -0.295768 0.023718
    28 3.548828 0.198730 -1.489258 -0.359957 0.081072 -0.335116
    29 1.218750 0.000010 0.000001 -0.000004 0.004664 -0.629642
    30 0.679688 -0.000001 -0.000001 -0.000004 0.002395 -0.700525
    31 3.697266 0.267334 -0.728516 -0.118303 0.092676 -0.406874
    32 1.748047 0.000000 -0.000001 0.000000 0.002901 -0.743276
    33 0.956684 0.000008 0.000001 0.000003 0.004804 -0.443996
    34 2.023778 0.904982 -0.850921 -1.868257 1.223614 2.731643
    35 4.981625 0.002227 0.003236 1.687214 -0.118928 -1.079662
    36 11.119975 -0.000005 0.000000 0.000001 0.136123 -0.357976
    37 11.205375 0.000073 0.000008 -1.662503 0.312488 0.054458
    38 3.767578 0.151855 -0.072693 -0.090944 -0.092657 -0.325335
    39 2.036716 -0.000004 0.000000 0.000012 -0.007577 -1.092568
    40 1.066406 0.000007 0.000000 0.000002 -0.004236 -0.268520
    41 3.783203 -0.023941 -0.794434 -0.344154 -0.088895 -0.269861
    42 1.628906 0.000000 -0.000001 0.000002 -0.007731 -0.659761
    43 0.955566 0.000001 0.000000 0.000003 -0.004923 -0.331347
    44 1.258789 -0.308350 -1.250000 1.738856 0.204802 -0.550002
    45 1.392578 -0.000004 0.000002 0.000004 0.222430 0.216078
    46 1.099609 0.000006 -0.000004 0.000002 0.280394 0.302812
    47 3.548828 0.211304 1.487305 0.384333 -0.001343 -0.385564
    48 1.218750 0.000009 0.000000 0.000003 -0.007080 -0.762570
    49 0.679688 0.000007 0.000000 0.000002 -0.003638 -0.821625
    50 3.696249 0.271114 0.723153 0.122181 -0.109018 -0.440653
    51 1.748047 -0.000011 -0.000002 0.000001 -0.004395 -0.943084
    52 0.956684 0.000004 0.000002 -0.000032 -0.007276 -0.584309
    53 -3.756462 5.577850 2.053357 1.570803 -0.000001 0.000000
    54 -2.735646 -0.081365 5.727119 0.000007 0.000015 1.570796
    55 0.000001 5.662003 -0.974302 1.570804 -0.000001 0.000000
    56 -0.000002 -2.275002 5.113525 0.000000 0.000000 -3.141592
    57 -2.477620 5.416855 4.597564 1.570804 -0.000001 0.000000
    58 -1.515218 1.317776 5.998497 0.000000 0.000000 0.000000
    59 -2.455992 5.657928 -0.087295 1.570804 -0.000001 0.000000
    60 -1.485628 -1.617812 5.263969 0.000000 0.000000 3.141592
    61 3.756460 5.577858 2.053359 1.570803 -0.000001 0.000000
    62 2.735645 -0.081364 5.727116 0.000004 -0.000011 -1.570795
    63 2.477613 5.416855 4.597570 1.570804 -0.000001 0.000000
    64 1.515220 1.317777 5.998508 0.000000 0.000000 0.000000
    65 2.455991 5.657928 -0.087293 1.570804 -0.000001 0.000000
    66 1.485620 -1.617803 5.263973 0.000000 0.000000 -3.141592
    67 4.575642 5.632584 0.000132 0.000000 -1.570771 0.249128
    68 -0.000001 0.314078 5.161098 0.000000 0.000000 0.000000
    69 -0.000001 -0.323108 3.750217 0.000000 0.000000 0.000000
    70 5.734947 1.075212 4.685178 1.570830 -0.000004 -1.321669
    71 -0.753896 0.305901 4.971462 -0.000001 0.000002 0.000000
    72 -1.101006 -0.314705 3.448307 0.000001 0.000001 0.000000
    73 5.809101 -1.029643 4.595047 1.570829 -0.000004 -1.321671
    74 -0.714908 -0.199657 5.028973 0.000000 0.000003 0.000000
    75 -0.282898 -0.851690 4.444889 0.000000 0.000000 0.000000
    76 9.578484 -1.290738 0.000240 0.000000 1.570770 -2.892481
    77 9.369518 -1.236408 1.787905 0.000000 1.570770 -2.892481
    78 9.436707 -1.331719 -1.409029 0.000000 1.570770 -2.892477
    79 5.735191 1.075235 -4.684885 -1.570814 0.000004 1.819923
    80 0.753901 0.305904 4.971474 -0.000001 -0.000002 0.000000
    81 1.101010 -0.314705 3.448315 0.000000 -0.000001 0.000000
    82 5.809341 -1.029617 -4.594752 -1.570814 0.000004 1.819922
    83 0.714908 -0.199655 5.028969 0.000000 -0.000003 0.000000
    84 0.282897 -0.851688 4.444893 0.000000 0.000000 0.000000
  time 29
    0 -0.004559 -77.775612 37.411500 1.567296 0.057155 -0.040461
    1 3.983847 0.002149 0.003401 -1.597949 -0.368631 -1.526915
    2 15.938816 -0.000100 -0.000005 -0.000009 -0.000002 1.180568
    3 17.707025 -0.000068 0.000003 -0.125503 0.051345 -1.021815
    4 6.202515 0.003416 -0.000367 -0.005987 0.002349 -1.024103
    5 -3.983848 0.002149 0.003395 -1.624644 -0.015950 -1.405550
    6 15.938826 -0.000113 -0.000001 0.000002 0.000010 0.226745
    7 17.707031 0.000018 0.000000 -0.038218 0.146607 -1.258514
    8 6.202710 0.003078 0.003745 -0.078447 -0.006207 -0.523740
    9 -0.000001 4.209253 -1.688832 1.582347 -0.028676 1.588336
    10 3.836055 0.000000 0.000000 0.019762 0.047232 -0.112128
    11 3.617625 -0.000275 -0.000015 0.008342 0.013127 0.035802
    12 7.537925 0.003588 -0.000212 0.001459 0.007314 0.208145
    13 3.181604 -0.002346 0.000028 3.125481 -0.042241 0.224450
    14 2.966416 0.000318 0.000023 -0.006368 -0.027422 0.109891
    15 2.023770 0.904983 0.850949 1.644952 -1.243291 2.892891
    16 4.980521 0.000781 -0.001089 -1.656316 0.322315 -1.184630
    17 11.119977 0.000007 0.000004 -0.000003 -0.136098 -0.355478
    18 11.205393 -0.000039 0.000000 1.649029 -0.365855 -0.014655
    19 3.767578 0.152466 0.071350 0.014616 0.047110 -0.282654
    20 2.036722 -0.000008 0.000000 0.000028 0.004977 -1.007965
    21 1.066406 -0.000003 0.000001 -0.000002 0.002790 -0.399210
    22 3.783203 -0.017242 0.794434 0.333290 -0.031875 -0.219057
    23 1.628906 0.000000 0.000000 0.000000 0.005106 -0.697052
    24 0.955566 -0.000001 0.000000 -0.000006 0.003247 -0.272279
    25 1.255294 -0.301568 1.248833 -1.927852 -0.158487 -0.368956
    26 1.392578 0.000003 -0.000004 0.000000 0.002017 0.071902
    27 1.099609 0.000000 -0.000002 0.000000 -0.295768 0.023718
    28 3.548828 0.198730 -1.489258 -0.359957 0.081072 -0.335116
    29 1.218750 0.000010 0.000001 -0.000004 0.004664 -0.629642
    30 0.679688 -0.000001 -0.000001 -0.000004 0.002395 -0.700525
    31 3.697266 0.267334 -0.728516 -0.118303 0.092676 -0.406874
    32 1.748047 0.000000 -0.000001 0.000000 0.002901 -0.743276
    33 0.956684 0.000008 0.000001 0.000003 0.004804 -0.443996
    34 2.023778 0.904982 -0.850921 -1.877182 1.220316 2.722069
    35 4.981625 0.002227 0.003236 1.651870 -0.078420 -1.055628
    36 11.119975 -0.000005 0.000000 0.000001 0.136123 -0.411070
    37 11.205375 0.000073 0.000008 -1.614686 0.322016 0.037824
    38 3.767578 0.151855 -0.072693 -0.090944 -0.092657 -0.325335
    39 2.036716 -0.000004 0.000000 0.000000 -0.007577 -1.092568
    40 1.066406 0.000007 0.000000 0.000002 -0.004236 -0.268520
    41 3.783203 -0.023941 -0.794434 -0.344154 -0.088895 -0.269861
    42 1.628906 0.000000 -0.000001 0.000002 -0.007731 -0.659761
    43 0.955566 0.000001 0.000000 0.000003 -0.004923 -0.331347
    44 1.258789 -0.308350 -1.250000 1.738856 0.204802 -0.550002
    45 1.392578 -0.000004 0.000002 0.000004 0.222430 0.216078
    46 1.099609 0.000006 -0.000004 0.000002 0.280394 0.302812
    47 3.548828 0.211304 1.487305 0.384333 -0.001343 -0.385564
    48 1.218750 0.000009 0.000000 0.000003 -0.007080 -0.762570
    49 0.679688 0.000007 0.000000 0.000002 -0.003638 -0.821625
    50 3.696249 0.271114 0.723153 0.122169 -0.109018 -0.440653
    51 1.748047 -0.000011 -0.000002 0.000001 -0.004395 -0.943084
    52 0.956684 0.000004 0.000002 -0.000032 -0.007276 -0.584309
    53 -3.756462 5.577850 2.053357 1.570803 -0.000001 0.000000
    54 -2.735646 -0.081365 5.727119 0.000007 0.000015 1.570796
    55 0.000001 5.662003 -0.974302 1.570804 -0.000001 0.000000
    56 -0.000002 -2.275002 5.113525 0.000000 0.000000 -3.141592
    57 -2.477620 5.416855 4.597564 1.570804 -0.000001 0.000000
    58 -1.515218 1.317776 5.998497 0.000000 0.000000 0.000000
    59 -2.455992 5.657928 -0.087295 1.570804 -0.000001 0.000000
    60 -1.485628 -1.617812 5.263969 0.000000 0.000000 3.141592
    61 3.756460 5.577858 2.053359 1.570803 -0.000001 0.000000
    62 2.735645 -0.081364 5.727116 0.000004 -0.000011 -1.570795
    63 2.477613 5.416855 4.597570 1.570804 -0.000001 0.000000
    64 1.515220 1.317777 5.998508 0.000000 0.000000 0.000000
    65 2.455991 5.657928 -0.087293 1.570804 -0.000001 0.000000
    66 1.485620 -1.617803 5.263973 0.000000 0.000000 -3.141592
    67 4.575642 5.632584 0.000132 0.000000 -1.570771 0.249128
    68 -0.000001 0.314078 5.161098 0.000000 0.000000 0.000000
    69 -0.000001 -0.323108 3.750217 0.000000 0.000000 0.000000
    70 5.734947 1.075212 4.685178 1.570830 -0.000004 -1.321669
    71 -0.753896 0.305901 4.971462 -0.000001 0.000002 0.000000
    72 -1.101006 -0.314705 3.448307 0.000001 0.000001 0.000000
    73 5.809101 -1.029643 4.595047 1.570829 -0.000004 -1.321671
    74 -0.714908 -0.199657 5.028973 0.000000 0.000003 0.000000
    75 -0.282898 -0.851690 4.444889 0.000000 0.000000 0.000000
    76 9.578484 -1.290738 0.000240 0.000000 1.570770 -2.892481
    77 9.369518 -1.236408 1.787905 0.000000 1.570770 -2.892481
    78 9.436707 -1.331719 -1.409029 0.000000 1.570770 -2.892477
    79 5.735191 1.075235 -4.684885 -1.570814 0.000004 1.819923
    80 0.753901 0.305904 4.971474 -0.000001 -0.000002 0.000000
    81 1.101010 -0.314705 3.448315 0.000000 -0.000001 0.000000
    82 5.809341 -1.029617 -4.594752 -1.570814 0.000004 1.819922
    83 0.714908 -0.199655 5.028969 0.000000 -0.000003 0.000000
    84 0.282897 -0.851688 4.444893 0.000000 0.000000 0.000000
  time 30
    0 -0.007180 -80.447411 37.468750 1.568349 0.037979 -0.066880
    1 3.982422 -0.000011 -0.000001 -1.627877 -0.424331 -1.538784
    2 15.937500 0.000000 0.000001 0.000000 0.000000 1.058788
    3 17.703125 0.000000 0.000000 -0.134442 0.015172 -1.121393
    4 6.203125 -0.000001 0.000000 -0.006961 0.000765 -1.024114
    5 -3.982422 0.000019 0.000007 -1.651601 0.097122 -1.432035
    6 15.937500 0.000000 0.000000 0.000000 0.000000 0.157550
    7 17.703125 -0.000003 0.000000 -0.033710 0.148951 -1.260887
    8 6.203125 0.000001 0.000000 -0.078158 -0.006269 -0.563624
    9 0.000005 4.210938 -1.689453 1.594378 -0.027957 1.580054
    10 3.835938 0.000000 0.000000 0.032731 0.030112 -0.112613
    11 3.617188 0.000000 0.000000 0.025217 0.016227 0.035786
    12 7.539063 0.000000 0.000000 0.001526 0.007742 0.208150
    13 3.177734 0.000005 0.000000 3.124906 -0.043479 0.224452
    14 2.968750 -0.000002 0.000000 -0.019817 -0.031719 0.115877
    15 2.023438 0.907227 0.852539 1.636435 -1.244841 2.901750
    16 4.980469 -0.000004 -0.000001 -1.678240 0.349930 -1.203997
    17 11.117188 -0.000006 0.000002 0.000001 -0.136099 -0.304897
    18 11.203125 0.000001 0.000000 1.646039 -0.393138 -0.028929
    19 3.767578 0.152466 0.071350 0.014616 0.047110 -0.282654
    20 2.037109 -0.000004 0.000000 0.000004 0.004981 -1.007992
    21 1.066406 -0.000003 0.000001 -0.000002 0.002790 -0.399210
    22 3.783203 -0.017242 0.794434 0.333290 -0.031875 -0.219057
    23 1.628906 0.000000 0.000000 0.000000 0.005106 -0.697052
    24 0.955566 -0.000001 0.000000 -0.000006 0.003247 -0.272279
    25 1.258789 -0.297852 1.251953 -1.927884 -0.158471 -0.368944
    26 1.392578 0.000003 -0.000004 0.000000 0.002017 0.071902
    27 1.099609 0.000000 -0.000002 0.000000 -0.295768 0.023718
    28 3.548828 0.198730 -1.489258 -0.359957 0.081072 -0.335116
    29 1.218750 0.000010 0.000001 -0.000004 0.004664 -0.629642
    30 0.679688 -0.000001 -0.000001 -0.000004 0.002395 -0.700525
    31 3.697266 0.267334 -0.728516 -0.118303 0.092676 -0.406874
    32 1.748047 0.000000 -0.000001 0.000000 0.002901 -0.743276
    33 0.959961 0.000007 0.000000 0.000011 0.004801 -0.444002
    34 2.023438 0.907227 -0.852051 -1.883415 1.217692 2.715143
    35 4.980469 0.000011 -0.000001 1.621030 -0.043343 -1.035886
    36 11.117188 0.000000 0.000004 -0.000002 0.136131 -0.466833
    37 11.203125 0.000002 0.000011 -1.582707 0.334879 0.015708
    38 3.767578 0.151855 -0.072693 -0.090944 -0.092657 -0.325335
    39 2.037109 0.000002 -0.000001 -0.000001 -0.007577 -1.092602
    40 1.066406 0.000007 0.000000 0.000002 -0.004236 -0.268520
    41 3.783203 -0.023941 -0.794434 -0.344154 -0.088895 -0.269861
    42 1.628906 0.000000 -0.000001 0.000002 -0.007731 -0.659761
    43 0.955566 0.000001 0.000000 0.000003 -0.004923 -0.331347
    44 1.258789 -0.308350 -1.250000 1.738856 0.204802 -0.550002
    45 1.392578 -0.000004 0.000002 0.000004 0.222430 0.216078
    46 1.099609 0.000006 -0.000004 0.000002 0.280394 0.302812
    47 3.548828 0.211304 1.487305 0.384333 -0.001343 -0.385564
    48 1.218750 0.000009 0.000000 0.000003 -0.007080 -0.762570
    49 0.679688 0.000007 0.000000 0.000002 -0.003638 -0.821625
    50 3.697266 0.273682 0.726563 0.122168 -0.109021 -0.440651
    51 1.748047 -0.000011 -0.000002 0.000001 -0.004395 -0.943084
    52 0.959961 0.000002 -0.000002 -0.000011 -0.007269 -0.584315
    53 -3.756462 5.577850 2.053357 1.570803 -0.000001 0.000000
    54 -2.735646 -0.081365 5.727119 0.000007 0.000015 1.570796
    55 0.000001 5.662003 -0.974302 1.570804 -0.000001 0.000000
    56 -0.000002 -2.275002 5.113525 0.000000 0.000000 -3.141592
    57 -2.477620 5.416855 4.597564 1.570804 -0.000001 0.000000
    58 -1.515218 1.317776 5.998497 0.000000 0.000000 0.000000
    59 -2.455992 5.657928 -0.087295 1.570804 -0.000001 0.000000
    60 -1.485628 -1.617812 5.263969 0.000000 0.000000 3.141592
    61 3.756460 5.577858 2.053359 1.570803 -0.000001 0.000000
    62 2.735645 -0.081364 5.727116 0.000004 -0.000011 -1.570795
    63 2.477613 5.416855 4.597570 1.570804 -0.000001 0.000000
    64 1.515220 1.317777 5.998508 0.000000 0.000000 0.000000
    65 2.455991 5.657928 -0.087293 1.570804 -0.000001 0.000000
    66 1.485620 -1.617803 5.263973 0.000000 0.000000 -3.141592
    67 4.575642 5.632584 0.000132 0.000000 -1.570771 0.249128
    68 -0.000001 0.314078 5.161098 0.000000 0.000000 0.000000
    69 -0.000001 -0.323108 3.750217 0.000000 0.000000 0.000000
    70 5.734947 1.075212 4.685178 1.570830 -0.000004 -1.321669
    71 -0.753896 0.305901 4.971462 -0.000001 0.000002 0.000000
    72 -1.101006 -0.314705 3.448307 0.000001 0.000001 0.000000
    73 5.809101 -1.029643 4.595047 1.570829 -0.000004 -1.321671
    74 -0.714908 -0.199657 5.028973 0.000000 0.000003 0.000000
    75 -0.282898 -0.851690 4.444889 0.000000 0.000000 0.000000
    76 9.578484 -1.290738 0.000240 0.000000 1.570770 -2.892481
    77 9.369518 -1.236408 1.787905 0.000000 1.570770 -2.892481
    78 9.436707 -1.331719 -1.409029 0.000000 1.570770 -2.892477
    79 5.735191 1.075235 -4.684885 -1.570814 0.000004 1.819923
    80 0.753901 0.305904 4.971474 -0.000001 -0.000002 0.000000
    81 1.101010 -0.314705 3.448315 0.000000 -0.000001 0.000000
    82 5.809341 -1.029617 -4.594752 -1.570814 0.000004 1.819922
    83 0.714908 -0.199655 5.028969 0.000000 -0.000003 0.000000
    84 0.282897 -0.851688 4.444893 0.000000 0.000000 0.000000
end
