// Created by Crowbar 0.76
version 1
nodes
  0 "ValveBiped.Bip01_Pelvis" -1
  1 "ValveBiped.Bip01_L_Thigh" 0
  2 "ValveBiped.Bip01_L_Calf" 1
  3 "ValveBiped.Bip01_L_Foot" 2
  4 "ValveBiped.Bip01_L_Toe0" 3
  5 "ValveBiped.Bip01_R_Thigh" 0
  6 "ValveBiped.Bip01_R_Calf" 5
  7 "ValveBiped.Bip01_R_Foot" 6
  8 "ValveBiped.Bip01_R_Toe0" 7
  9 "ValveBiped.Bip01_Spine" 0
  10 "ValveBiped.Bip01_Spine1" 9
  11 "ValveBiped.Bip01_Spine2" 10
  12 "ValveBiped.Bip01_Spine4" 11
  13 "ValveBiped.Bip01_Neck1" 12
  14 "ValveBiped.Bip01_Head1" 13
  15 "ValveBiped.Bip01_L_Clavicle" 12
  16 "ValveBiped.Bip01_L_UpperArm" 15
  17 "ValveBiped.Bip01_L_Forearm" 16
  18 "ValveBiped.Bip01_L_Hand" 17
  19 "ValveBiped.Bip01_L_Finger2" 18
  20 "ValveBiped.Bip01_L_Finger21" 19
  21 "ValveBiped.Bip01_L_Finger22" 20
  22 "ValveBiped.Bip01_L_Finger1" 18
  23 "ValveBiped.Bip01_L_Finger11" 22
  24 "ValveBiped.Bip01_L_Finger12" 23
  25 "ValveBiped.Bip01_L_Finger0" 18
  26 "ValveBiped.Bip01_L_Finger01" 25
  27 "ValveBiped.Bip01_L_Finger02" 26
  28 "ValveBiped.Bip01_L_Finger4" 18
  29 "ValveBiped.Bip01_L_Finger41" 28
  30 "ValveBiped.Bip01_L_Finger42" 29
  31 "ValveBiped.Bip01_L_Finger3" 18
  32 "ValveBiped.Bip01_L_Finger31" 31
  33 "ValveBiped.Bip01_L_Finger32" 32
  34 "ValveBiped.Bip01_R_Clavicle" 12
  35 "ValveBiped.Bip01_R_UpperArm" 34
  36 "ValveBiped.Bip01_R_Forearm" 35
  37 "ValveBiped.Bip01_R_Hand" 36
  38 "ValveBiped.Bip01_R_Finger2" 37
  39 "ValveBiped.Bip01_R_Finger21" 38
  40 "ValveBiped.Bip01_R_Finger22" 39
  41 "ValveBiped.Bip01_R_Finger1" 37
  42 "ValveBiped.Bip01_R_Finger11" 41
  43 "ValveBiped.Bip01_R_Finger12" 42
  44 "ValveBiped.Bip01_R_Finger0" 37
  45 "ValveBiped.Bip01_R_Finger01" 44
  46 "ValveBiped.Bip01_R_Finger02" 45
  47 "ValveBiped.Bip01_R_Finger4" 37
  48 "ValveBiped.Bip01_R_Finger41" 47
  49 "ValveBiped.Bip01_R_Finger42" 48
  50 "ValveBiped.Bip01_R_Finger3" 37
  51 "ValveBiped.Bip01_R_Finger31" 50
  52 "ValveBiped.Bip01_R_Finger32" 51
  53 "ValveBiped.Skirt.R.001" 0
  54 "Skirt2_r" 53
  55 "ValveBiped.Skirt.B" 0
  56 "Skirtb2" 55
  57 "ValveBiped.Skirt.R" 0
  58 "Skirt5_r" 57
  59 "ValveBiped.Skirt.R.002" 0
  60 "Skirt8_r" 59
  61 "ValveBiped.Skirt.L.001" 0
  62 "Skirt2_l" 61
  63 "ValveBiped.Skirt.L" 0
  64 "Skirt5_l" 63
  65 "ValveBiped.Skirt.L.002" 0
  66 "Skirt8_l" 65
  67 "Hair_002" 14
  68 "Hair_001" 67
  69 "Hair_003" 68
  70 "Hair_006_r" 14
  71 "Hair_005_r" 70
  72 "Hair_007_r" 71
  73 "Hair_009_r" 14
  74 "Hair_010_r" 73
  75 "Hair_011_r" 74
  76 "Hair_004" 14
  77 "Hair_005" 14
  78 "Hair_006" 14
  79 "Hair_006_l" 14
  80 "Hair_005_l" 79
  81 "Hair_007_l" 80
  82 "Hair_009_l" 14
  83 "Hair_010_l" 82
  84 "Hair_011_l" 83
end
skeleton
  time 0
    0 -0.000656 -0.136723 37.595099 1.629231 0.043025 -0.108195
    1 3.983847 0.002149 0.003401 -1.666255 -0.221781 -1.440370
    2 15.938816 -0.000100 -0.000005 -0.000009 -0.000002 0.322633
    3 17.707025 -0.000068 0.000003 -0.176438 -0.142257 -1.176856
    4 6.202515 0.003416 -0.000367 0.020223 -0.027696 -0.403099
    5 -3.983848 0.002149 0.003395 -1.531687 -0.083325 -1.479649
    6 15.938826 -0.000113 -0.000001 0.000002 0.000010 0.285001
    7 17.707031 0.000018 0.000000 0.165925 0.321922 -1.243758
    8 6.202710 0.003078 0.003745 -0.111776 0.023838 -0.467996
    9 -0.000001 4.209253 -1.688832 1.574917 0.093906 1.577837
    10 3.836055 0.000000 0.000000 -0.009516 0.047700 -0.030873
    11 3.617625 -0.000275 -0.000015 -0.011553 -0.031731 -0.020558
    12 7.537925 0.003588 -0.000212 0.029611 0.064445 0.303435
    13 3.181604 -0.002346 0.000028 3.168241 -0.038945 0.169968
    14 2.966416 0.000318 0.000023 0.068416 0.039368 0.168208
    15 2.023770 0.904983 0.850949 1.814603 -1.235352 2.577381
    16 4.980521 0.000781 -0.001089 -1.654716 0.349775 -1.168184
    17 11.119977 0.000007 0.000004 -0.000003 -0.106448 -0.267823
    18 11.205393 -0.000039 0.000000 1.532442 -0.100642 0.103022
    19 3.767578 0.152466 0.071350 0.161510 0.116815 -0.535178
    20 2.037109 0.000000 -0.000002 -0.025500 -0.063436 -0.943058
    21 1.066406 -0.000002 0.000001 -0.001546 0.012034 -0.436579
    22 3.783203 -0.017242 0.794434 0.168904 -0.026920 -0.368804
    23 1.628906 0.000001 -0.000001 -0.061251 0.003142 -0.834908
    24 0.955566 -0.000004 0.000000 -0.005388 -0.042122 -0.207877
    25 1.258789 -0.297852 1.251953 -1.291947 -0.539750 -0.506113
    26 1.392578 0.000004 -0.000004 0.001372 -0.188351 0.491767
    27 1.099609 0.000000 -0.000002 0.009529 -0.039492 -0.040356
    28 3.548828 0.198730 -1.489258 0.122069 0.218121 -0.679757
    29 1.218750 0.000002 0.000003 0.002969 0.019929 -1.051738
    30 0.681774 -0.000006 0.000000 0.028387 -0.181321 -0.761958
    31 3.697042 0.266204 -0.725138 0.148081 0.167551 -0.656364
    32 1.747315 -0.000008 -0.000001 -0.016831 -0.101072 -0.899610
    33 0.959961 0.000010 0.000001 -0.001254 0.009906 -0.608348
    34 2.023778 0.904982 -0.850921 -1.348302 1.174836 3.374271
    35 4.981625 0.002227 0.003236 1.387643 0.099881 -0.901112
    36 11.119975 -0.000005 0.000000 0.000001 0.050589 -0.292522
    37 11.205375 0.000073 0.000008 -1.635874 -0.032057 0.275957
    38 3.767578 0.151855 -0.072693 -0.061811 -0.104916 -0.601450
    39 2.036716 -0.000004 0.000000 -0.053356 0.002610 -1.343694
    40 1.063287 -0.000004 0.000001 0.243360 0.222157 -0.479503
    41 3.783203 -0.023941 -0.794434 0.145529 -0.103829 -0.523859
    42 1.628906 0.000001 0.000001 -0.001787 -0.229023 -0.812505
    43 0.954089 -0.000004 0.000000 -0.124324 -0.037089 -0.833093
    44 1.258789 -0.308350 -1.250000 1.086305 0.326419 -0.551994
    45 1.392578 -0.000001 0.000001 -0.000830 -0.001840 0.382344
    46 1.099609 0.000000 -0.000004 -0.008997 -0.009551 0.469381
    47 3.546538 0.208125 1.487114 0.074544 -0.032614 -0.675427
    48 1.218750 0.000007 -0.000001 0.021045 -0.138837 -0.848034
    49 0.679688 0.000004 0.000002 -0.104181 0.098128 -1.071578
    50 3.697266 0.273682 0.726563 0.065645 -0.112157 -0.666607
    51 1.747310 0.000004 0.000000 -0.074580 0.021053 -1.335361
    52 0.959961 -0.000004 -0.000001 0.003325 -0.009470 -0.821513
    53 -3.756462 5.577850 2.053357 1.570803 -0.000001 0.000000
    54 -2.735646 -0.081365 5.727119 0.000007 0.000015 1.570796
    55 0.000001 5.662003 -0.974302 1.570804 -0.000001 0.000000
    56 -0.000002 -2.275002 5.113525 0.000000 0.000000 -3.141592
    57 -2.477620 5.416855 4.597564 1.570804 -0.000001 0.000000
    58 -1.515218 1.317776 5.998497 0.000000 0.000000 0.000000
    59 -2.455992 5.657928 -0.087295 1.570804 -0.000001 0.000000
    60 -1.485628 -1.617812 5.263969 0.000000 0.000000 3.141592
    61 3.756460 5.577858 2.053359 1.570803 -0.000001 0.000000
    62 2.735645 -0.081364 5.727116 0.000004 -0.000011 -1.570795
    63 2.477613 5.416855 4.597570 1.570804 -0.000001 0.000000
    64 1.515220 1.317777 5.998508 0.000000 0.000000 0.000000
    65 2.455991 5.657928 -0.087293 1.570804 -0.000001 0.000000
    66 1.485620 -1.617803 5.263973 0.000000 0.000000 -3.141592
    67 4.575642 5.632584 0.000132 0.000000 -1.570771 0.249128
    68 -0.000001 0.314078 5.161098 0.000000 0.000000 0.000000
    69 -0.000001 -0.323108 3.750217 0.000000 0.000000 0.000000
    70 5.734947 1.075212 4.685178 1.570830 -0.000004 -1.321669
    71 -0.753896 0.305901 4.971462 -0.000001 0.000002 0.000000
    72 -1.101006 -0.314705 3.448307 0.000001 0.000001 0.000000
    73 5.809101 -1.029643 4.595047 1.570829 -0.000004 -1.321671
    74 -0.714908 -0.199657 5.028973 0.000000 0.000003 0.000000
    75 -0.282898 -0.851690 4.444889 0.000000 0.000000 0.000000
    76 9.578484 -1.290738 0.000240 0.000000 1.570770 -2.892481
    77 9.369518 -1.236408 1.787905 0.000000 1.570770 -2.892481
    78 9.436707 -1.331719 -1.409029 0.000000 1.570770 -2.892477
    79 5.735191 1.075235 -4.684885 -1.570814 0.000004 1.819923
    80 0.753901 0.305904 4.971474 -0.000001 -0.000002 0.000000
    81 1.101010 -0.314705 3.448315 0.000000 -0.000001 0.000000
    82 5.809341 -1.029617 -4.594752 -1.570814 0.000004 1.819922
    83 0.714908 -0.199655 5.028969 0.000000 -0.000003 0.000000
    84 0.282897 -0.851688 4.444893 0.000000 0.000000 0.000000
  time 1
    0 -0.000656 -0.132817 37.595099 1.628943 0.043157 -0.108131
    1 3.983847 0.002149 0.003401 -1.666540 -0.221781 -1.440013
    2 15.938816 -0.000100 -0.000005 -0.000009 -0.000002 0.323143
    3 17.707025 -0.000068 0.000003 -0.176300 -0.141896 -1.176979
    4 6.202515 0.003416 -0.000367 0.020223 -0.027696 -0.403238
    5 -3.983848 0.002149 0.003395 -1.531782 -0.083368 -1.479368
    6 15.938826 -0.000113 -0.000001 0.000002 0.000010 0.285316
    7 17.707031 0.000018 0.000000 0.165834 0.321940 -1.243920
    8 6.202710 0.003078 0.003745 -0.111776 0.023838 -0.467996
    9 -0.000001 4.209253 -1.688832 1.575205 0.094129 1.577502
    10 3.836055 0.000000 0.000000 -0.009588 0.048071 -0.030753
    11 3.617625 -0.000275 -0.000015 -0.011625 -0.031419 -0.020432
    12 7.537925 0.003588 -0.000212 0.029000 0.064781 0.303662
    13 3.181604 -0.002346 0.000028 3.167762 -0.040168 0.170028
    14 2.966416 0.000318 0.000023 0.068739 0.039104 0.167573
    15 2.023770 0.904983 0.850949 1.810503 -1.234415 2.581187
    16 4.980521 0.000781 -0.001089 -1.653684 0.349370 -1.168582
    17 11.119977 0.000007 0.000004 -0.000003 -0.106448 -0.265993
    18 11.205393 -0.000039 0.000000 1.532346 -0.099109 0.102302
    19 3.767578 0.152466 0.071350 0.161510 0.116815 -0.535178
    20 2.037109 0.000000 -0.000002 -0.025500 -0.063436 -0.943058
    21 1.066406 -0.000002 0.000001 -0.001546 0.012034 -0.436579
    22 3.783203 -0.017242 0.794434 0.168904 -0.026920 -0.368804
    23 1.628906 0.000001 -0.000001 -0.061251 0.003142 -0.834908
    24 0.955566 -0.000004 0.000000 -0.005388 -0.042122 -0.207877
    25 1.258789 -0.297852 1.251953 -1.291947 -0.539750 -0.506113
    26 1.392578 0.000004 -0.000004 0.001372 -0.188351 0.491767
    27 1.099609 0.000000 -0.000002 0.009529 -0.039492 -0.040356
    28 3.548828 0.198730 -1.489258 0.122069 0.218121 -0.679757
    29 1.218750 0.000002 0.000003 0.002969 0.019929 -1.051738
    30 0.681774 -0.000006 0.000000 0.028387 -0.181321 -0.761958
    31 3.697042 0.266204 -0.725138 0.148081 0.167551 -0.656351
    32 1.747315 -0.000008 -0.000001 -0.016831 -0.101072 -0.899610
    33 0.959961 0.000010 0.000001 -0.001254 0.009906 -0.608348
    34 2.023778 0.904982 -0.850921 -1.348980 1.175651 3.373639
    35 4.981625 0.002227 0.003236 1.388417 0.100156 -0.901317
    36 11.119975 -0.000005 0.000000 0.000001 0.050589 -0.292774
    37 11.205375 0.000073 0.000008 -1.635159 -0.031853 0.275538
    38 3.767578 0.151855 -0.072693 -0.061811 -0.104916 -0.601450
    39 2.036716 -0.000004 0.000000 -0.053356 0.002610 -1.343653
    40 1.063287 -0.000004 0.000001 0.243360 0.222157 -0.479503
    41 3.783203 -0.023941 -0.794434 0.145529 -0.103829 -0.523859
    42 1.628906 0.000001 0.000001 -0.001787 -0.229023 -0.812505
    43 0.954089 -0.000004 0.000000 -0.124324 -0.037089 -0.833093
    44 1.258789 -0.308350 -1.250000 1.086305 0.326419 -0.551994
    45 1.392578 -0.000001 0.000001 -0.000830 -0.001840 0.382344
    46 1.099609 0.000000 -0.000004 -0.008997 -0.009551 0.469381
    47 3.546538 0.208125 1.487114 0.074515 -0.032566 -0.675487
    48 1.218750 0.000007 -0.000001 0.021045 -0.138837 -0.848034
    49 0.679688 0.000004 0.000002 -0.104181 0.098128 -1.071578
    50 3.697266 0.273682 0.726563 0.065645 -0.112157 -0.666607
    51 1.747310 0.000004 0.000000 -0.074580 0.021053 -1.335361
    52 0.959961 -0.000004 -0.000001 0.003325 -0.009470 -0.821513
    53 -3.756462 5.577850 2.053357 1.570803 -0.000001 0.000000
    54 -2.735646 -0.081365 5.727119 0.000007 0.000015 1.570796
    55 0.000001 5.662003 -0.974302 1.570804 -0.000001 0.000000
    56 -0.000002 -2.275002 5.113525 0.000000 0.000000 -3.141592
    57 -2.477620 5.416855 4.597564 1.570804 -0.000001 0.000000
    58 -1.515218 1.317776 5.998497 0.000000 0.000000 0.000000
    59 -2.455992 5.657928 -0.087295 1.570804 -0.000001 0.000000
    60 -1.485628 -1.617812 5.263969 0.000000 0.000000 3.141592
    61 3.756460 5.577858 2.053359 1.570803 -0.000001 0.000000
    62 2.735645 -0.081364 5.727116 0.000004 -0.000011 -1.570795
    63 2.477613 5.416855 4.597570 1.570804 -0.000001 0.000000
    64 1.515220 1.317777 5.998508 0.000000 0.000000 0.000000
    65 2.455991 5.657928 -0.087293 1.570804 -0.000001 0.000000
    66 1.485620 -1.617803 5.263973 0.000000 0.000000 -3.141592
    67 4.575642 5.632584 0.000132 0.000000 -1.570771 0.249128
    68 -0.000001 0.314078 5.161098 0.000000 0.000000 0.000000
    69 -0.000001 -0.323108 3.750217 0.000000 0.000000 0.000000
    70 5.734947 1.075212 4.685178 1.570830 -0.000004 -1.321669
    71 -0.753896 0.305901 4.971462 -0.000001 0.000002 0.000000
    72 -1.101006 -0.314705 3.448307 0.000001 0.000001 0.000000
    73 5.809101 -1.029643 4.595047 1.570829 -0.000004 -1.321671
    74 -0.714908 -0.199657 5.028973 0.000000 0.000003 0.000000
    75 -0.282898 -0.851690 4.444889 0.000000 0.000000 0.000000
    76 9.578484 -1.290738 0.000240 0.000000 1.570770 -2.892481
    77 9.369518 -1.236408 1.787905 0.000000 1.570770 -2.892481
    78 9.436707 -1.331719 -1.409029 0.000000 1.570770 -2.892477
    79 5.735191 1.075235 -4.684885 -1.570814 0.000004 1.819923
    80 0.753901 0.305904 4.971474 -0.000001 -0.000002 0.000000
    81 1.101010 -0.314705 3.448315 0.000000 -0.000001 0.000000
    82 5.809341 -1.029617 -4.594752 -1.570814 0.000004 1.819922
    83 0.714908 -0.199655 5.028969 0.000000 -0.000003 0.000000
    84 0.282897 -0.851688 4.444893 0.000000 0.000000 0.000000
  time 2
    0 -0.000656 -0.128910 37.595099 1.628512 0.043372 -0.108195
    1 3.983847 0.002149 0.003401 -1.666920 -0.221870 -1.439745
    2 15.938816 -0.000100 -0.000005 -0.000009 -0.000002 0.323653
    3 17.707025 -0.000068 0.000003 -0.176190 -0.141536 -1.177162
    4 6.202515 0.003416 -0.000367 0.020235 -0.027696 -0.403342
    5 -3.983848 0.002149 0.003395 -1.531687 -0.083325 -1.479181
    6 15.938826 -0.000113 -0.000001 0.000002 0.000010 0.285757
    7 17.707031 0.000018 0.000000 0.165834 0.321851 -1.243920
    8 6.202710 0.003078 0.003745 -0.111776 0.023838 -0.467996
    9 -0.000001 4.209253 -1.688832 1.575205 0.094250 1.577550
    10 3.836055 0.000000 0.000000 -0.009636 0.048431 -0.030513
    11 3.617625 -0.000275 -0.000015 -0.011433 -0.031599 -0.020192
    12 7.537925 0.003588 -0.000212 0.029084 0.064517 0.303782
    13 3.181604 -0.002346 0.000028 3.167666 -0.039796 0.170411
    14 2.966416 0.000318 0.000023 0.068739 0.039296 0.167074
    15 2.023770 0.904983 0.850949 1.810903 -1.234700 2.580915
    16 4.980521 0.000781 -0.001089 -1.652858 0.349033 -1.169806
    17 11.119977 0.000007 0.000004 -0.000003 -0.106448 -0.263020
    18 11.205393 -0.000039 0.000000 1.532346 -0.098039 0.100253
    19 3.767578 0.152466 0.071350 0.161510 0.116815 -0.535178
    20 2.037109 0.000000 -0.000002 -0.025500 -0.063436 -0.943058
    21 1.066406 -0.000002 0.000001 -0.001546 0.012034 -0.436579
    22 3.783203 -0.017242 0.794434 0.168904 -0.026920 -0.368804
    23 1.628906 0.000001 -0.000001 -0.061251 0.003142 -0.834908
    24 0.955566 -0.000004 0.000000 -0.005388 -0.042122 -0.207877
    25 1.258789 -0.297852 1.251953 -1.291947 -0.539750 -0.506113
    26 1.392578 0.000004 -0.000004 0.001372 -0.188351 0.491767
    27 1.099609 0.000000 -0.000002 0.009529 -0.039492 -0.040356
    28 3.548828 0.198730 -1.489258 0.122069 0.218121 -0.679757
    29 1.218750 0.000002 0.000003 0.002969 0.019929 -1.051738
    30 0.681774 -0.000006 0.000000 0.028387 -0.181321 -0.761958
    31 3.697042 0.266204 -0.725138 0.148081 0.167551 -0.656351
    32 1.747315 -0.000008 -0.000001 -0.016831 -0.101072 -0.899610
    33 0.959961 0.000010 0.000001 -0.001254 0.009906 -0.608348
    34 2.023778 0.904982 -0.850921 -1.349346 1.174999 3.373278
    35 4.981625 0.002227 0.003236 1.388469 0.100513 -0.900818
    36 11.119975 -0.000005 0.000000 0.000001 0.050589 -0.292963
    37 11.205375 0.000073 0.000008 -1.633966 -0.031769 0.275430
    38 3.767578 0.151855 -0.072693 -0.061811 -0.104916 -0.601450
    39 2.036716 -0.000004 0.000000 -0.053356 0.002610 -1.343653
    40 1.063287 -0.000004 0.000001 0.243360 0.222157 -0.479503
    41 3.783203 -0.023941 -0.794434 0.145529 -0.103829 -0.523859
    42 1.628906 0.000001 0.000001 -0.001787 -0.229023 -0.812505
    43 0.954089 -0.000004 0.000000 -0.124324 -0.037089 -0.833093
    44 1.258789 -0.308350 -1.250000 1.086305 0.326419 -0.551994
    45 1.392578 -0.000001 0.000001 -0.000830 -0.001840 0.382344
    46 1.099609 0.000000 -0.000004 -0.008997 -0.009551 0.469381
    47 3.546538 0.208125 1.487114 0.074486 -0.032554 -0.675547
    48 1.218750 0.000007 -0.000001 0.021045 -0.138837 -0.848034
    49 0.679688 0.000004 0.000002 -0.104181 0.098128 -1.071578
    50 3.697266 0.273682 0.726563 0.065645 -0.112157 -0.666607
    51 1.747310 0.000004 0.000000 -0.074580 0.021053 -1.335361
    52 0.959961 -0.000004 -0.000001 0.003325 -0.009470 -0.821513
    53 -3.756462 5.577850 2.053357 1.570803 -0.000001 0.000000
    54 -2.735646 -0.081365 5.727119 0.000007 0.000015 1.570796
    55 0.000001 5.662003 -0.974302 1.570804 -0.000001 0.000000
    56 -0.000002 -2.275002 5.113525 0.000000 0.000000 -3.141592
    57 -2.477620 5.416855 4.597564 1.570804 -0.000001 0.000000
    58 -1.515218 1.317776 5.998497 0.000000 0.000000 0.000000
    59 -2.455992 5.657928 -0.087295 1.570804 -0.000001 0.000000
    60 -1.485628 -1.617812 5.263969 0.000000 0.000000 3.141592
    61 3.756460 5.577858 2.053359 1.570803 -0.000001 0.000000
    62 2.735645 -0.081364 5.727116 0.000004 -0.000011 -1.570795
    63 2.477613 5.416855 4.597570 1.570804 -0.000001 0.000000
    64 1.515220 1.317777 5.998508 0.000000 0.000000 0.000000
    65 2.455991 5.657928 -0.087293 1.570804 -0.000001 0.000000
    66 1.485620 -1.617803 5.263973 0.000000 0.000000 -3.141592
    67 4.575642 5.632584 0.000132 0.000000 -1.570771 0.249128
    68 -0.000001 0.314078 5.161098 0.000000 0.000000 0.000000
    69 -0.000001 -0.323108 3.750217 0.000000 0.000000 0.000000
    70 5.734947 1.075212 4.685178 1.570830 -0.000004 -1.321669
    71 -0.753896 0.305901 4.971462 -0.000001 0.000002 0.000000
    72 -1.101006 -0.314705 3.448307 0.000001 0.000001 0.000000
    73 5.809101 -1.029643 4.595047 1.570829 -0.000004 -1.321671
    74 -0.714908 -0.199657 5.028973 0.000000 0.000003 0.000000
    75 -0.282898 -0.851690 4.444889 0.000000 0.000000 0.000000
    76 9.578484 -1.290738 0.000240 0.000000 1.570770 -2.892481
    77 9.369518 -1.236408 1.787905 0.000000 1.570770 -2.892481
    78 9.436707 -1.331719 -1.409029 0.000000 1.570770 -2.892477
    79 5.735191 1.075235 -4.684885 -1.570814 0.000004 1.819923
    80 0.753901 0.305904 4.971474 -0.000001 -0.000002 0.000000
    81 1.101010 -0.314705 3.448315 0.000000 -0.000001 0.000000
    82 5.809341 -1.029617 -4.594752 -1.570814 0.000004 1.819922
    83 0.714908 -0.199655 5.028969 0.000000 -0.000003 0.000000
    84 0.282897 -0.851688 4.444893 0.000000 0.000000 0.000000
  time 3
    0 -0.004562 -0.125004 37.595099 1.628128 0.043552 -0.108131
    1 3.983847 0.002149 0.003401 -1.667110 -0.221870 -1.439387
    2 15.938816 -0.000100 -0.000005 -0.000009 -0.000002 0.324036
    3 17.707025 -0.000068 0.000003 -0.176080 -0.141218 -1.177346
    4 6.202515 0.003416 -0.000367 0.020235 -0.027684 -0.403515
    5 -3.983848 0.002149 0.003395 -1.531591 -0.083153 -1.478994
    6 15.938826 -0.000113 -0.000001 0.000002 0.000010 0.285946
    7 17.707031 0.000018 0.000000 0.165834 0.321761 -1.243920
    8 6.202710 0.003078 0.003745 -0.111776 0.023838 -0.468131
    9 -0.000001 4.209253 -1.688832 1.574821 0.094371 1.578077
    10 3.836055 0.000000 0.000000 -0.009636 0.048551 -0.030394
    11 3.617625 -0.000275 -0.000015 -0.011265 -0.032090 -0.020066
    12 7.537925 0.003588 -0.000212 0.029635 0.063702 0.303782
    13 3.181604 -0.002346 0.000028 3.168720 -0.038430 0.171094
    14 2.966416 0.000318 0.000023 0.068416 0.039787 0.166710
    15 2.023770 0.904983 0.850949 1.814053 -1.235270 2.577834
    16 4.980521 0.000781 -0.001089 -1.652342 0.348426 -1.171968
    17 11.119977 0.000007 0.000004 -0.000003 -0.106448 -0.259361
    18 11.205393 -0.000039 0.000000 1.532778 -0.098197 0.097581
    19 3.767578 0.152466 0.071350 0.161510 0.116815 -0.535178
    20 2.037109 0.000000 -0.000002 -0.025500 -0.063436 -0.943058
    21 1.066406 -0.000002 0.000001 -0.001546 0.012034 -0.436579
    22 3.783203 -0.017242 0.794434 0.168904 -0.026920 -0.368804
    23 1.628906 0.000001 -0.000001 -0.061251 0.003142 -0.834908
    24 0.955566 -0.000004 0.000000 -0.005388 -0.042122 -0.207877
    25 1.258789 -0.297852 1.251953 -1.291947 -0.539750 -0.506113
    26 1.392578 0.000004 -0.000004 0.001372 -0.188351 0.491767
    27 1.099609 0.000000 -0.000002 0.009529 -0.039492 -0.040356
    28 3.548828 0.198730 -1.489258 0.122069 0.218121 -0.679757
    29 1.218750 0.000002 0.000003 0.002969 0.019929 -1.051738
    30 0.681774 -0.000006 0.000000 0.028387 -0.181321 -0.761958
    31 3.697042 0.266204 -0.725138 0.148081 0.167551 -0.656351
    32 1.747315 -0.000008 -0.000001 -0.016831 -0.101072 -0.899610
    33 0.959961 0.000010 0.000001 -0.001254 0.009906 -0.608348
    34 2.023778 0.904982 -0.850921 -1.349450 1.173615 3.373278
    35 4.981625 0.002227 0.003236 1.387643 0.100980 -0.899878
    36 11.119975 -0.000005 0.000000 0.000001 0.050589 -0.292963
    37 11.205375 0.000073 0.000008 -1.632916 -0.031817 0.275598
    38 3.767578 0.151855 -0.072693 -0.061811 -0.104916 -0.601450
    39 2.036716 -0.000004 0.000000 -0.053356 0.002610 -1.343694
    40 1.063287 -0.000004 0.000001 0.243360 0.222157 -0.479503
    41 3.783203 -0.023941 -0.794434 0.145529 -0.103829 -0.523859
    42 1.628906 0.000001 0.000001 -0.001787 -0.229023 -0.812505
    43 0.954089 -0.000004 0.000000 -0.124324 -0.037089 -0.833093
    44 1.258789 -0.308350 -1.250000 1.086305 0.326419 -0.551994
    45 1.392578 -0.000001 0.000001 -0.000830 -0.001840 0.382344
    46 1.099609 0.000000 -0.000004 -0.008997 -0.009551 0.469381
    47 3.546538 0.208125 1.487114 0.074458 -0.032530 -0.675547
    48 1.218750 0.000007 -0.000001 0.021045 -0.138837 -0.848034
    49 0.679688 0.000004 0.000002 -0.104181 0.098128 -1.071578
    50 3.697266 0.273682 0.726563 0.065645 -0.112157 -0.666607
    51 1.747310 0.000004 0.000000 -0.074580 0.021053 -1.335361
    52 0.959961 -0.000004 -0.000001 0.003325 -0.009470 -0.821513
    53 -3.756462 5.577850 2.053357 1.570803 -0.000001 0.000000
    54 -2.735646 -0.081365 5.727119 0.000007 0.000015 1.570796
    55 0.000001 5.662003 -0.974302 1.570804 -0.000001 0.000000
    56 -0.000002 -2.275002 5.113525 0.000000 0.000000 -3.141592
    57 -2.477620 5.416855 4.597564 1.570804 -0.000001 0.000000
    58 -1.515218 1.317776 5.998497 0.000000 0.000000 0.000000
    59 -2.455992 5.657928 -0.087295 1.570804 -0.000001 0.000000
    60 -1.485628 -1.617812 5.263969 0.000000 0.000000 3.141592
    61 3.756460 5.577858 2.053359 1.570803 -0.000001 0.000000
    62 2.735645 -0.081364 5.727116 0.000004 -0.000011 -1.570795
    63 2.477613 5.416855 4.597570 1.570804 -0.000001 0.000000
    64 1.515220 1.317777 5.998508 0.000000 0.000000 0.000000
    65 2.455991 5.657928 -0.087293 1.570804 -0.000001 0.000000
    66 1.485620 -1.617803 5.263973 0.000000 0.000000 -3.141592
    67 4.575642 5.632584 0.000132 0.000000 -1.570771 0.249128
    68 -0.000001 0.314078 5.161098 0.000000 0.000000 0.000000
    69 -0.000001 -0.323108 3.750217 0.000000 0.000000 0.000000
    70 5.734947 1.075212 4.685178 1.570830 -0.000004 -1.321669
    71 -0.753896 0.305901 4.971462 -0.000001 0.000002 0.000000
    72 -1.101006 -0.314705 3.448307 0.000001 0.000001 0.000000
    73 5.809101 -1.029643 4.595047 1.570829 -0.000004 -1.321671
    74 -0.714908 -0.199657 5.028973 0.000000 0.000003 0.000000
    75 -0.282898 -0.851690 4.444889 0.000000 0.000000 0.000000
    76 9.578484 -1.290738 0.000240 0.000000 1.570770 -2.892481
    77 9.369518 -1.236408 1.787905 0.000000 1.570770 -2.892481
    78 9.436707 -1.331719 -1.409029 0.000000 1.570770 -2.892477
    79 5.735191 1.075235 -4.684885 -1.570814 0.000004 1.819923
    80 0.753901 0.305904 4.971474 -0.000001 -0.000002 0.000000
    81 1.101010 -0.314705 3.448315 0.000000 -0.000001 0.000000
    82 5.809341 -1.029617 -4.594752 -1.570814 0.000004 1.819922
    83 0.714908 -0.199655 5.028969 0.000000 -0.000003 0.000000
    84 0.282897 -0.851688 4.444893 0.000000 0.000000 0.000000
  time 4
    0 -0.004562 -0.121097 37.595099 1.627792 0.043768 -0.107939
    1 3.983847 0.002149 0.003401 -1.667205 -0.221781 -1.439119
    2 15.938816 -0.000100 -0.000005 -0.000009 -0.000002 0.324546
    3 17.707025 -0.000068 0.000003 -0.175970 -0.140942 -1.177529
    4 6.202515 0.003416 -0.000367 0.020235 -0.027684 -0.403515
    5 -3.983848 0.002149 0.003395 -1.531400 -0.082895 -1.478806
    6 15.938826 -0.000113 -0.000001 0.000002 0.000010 0.286072
    7 17.707031 0.000018 0.000000 0.165902 0.321761 -1.243920
    8 6.202710 0.003078 0.003745 -0.111776 0.023838 -0.468131
    9 -0.000001 4.209253 -1.688832 1.574486 0.094371 1.578652
    10 3.836055 0.000000 0.000000 -0.009636 0.048491 -0.030274
    11 3.617625 -0.000275 -0.000015 -0.011073 -0.032450 -0.020066
    12 7.537925 0.003588 -0.000212 0.030162 0.062815 0.303782
    13 3.181604 -0.002346 0.000028 3.168816 -0.036884 0.171789
    14 2.966416 0.000318 0.000023 0.068092 0.040087 0.166620
    15 2.023770 0.904983 0.850949 1.817303 -1.235800 2.574752
    16 4.980521 0.000781 -0.001089 -1.651517 0.348021 -1.173846
    17 11.119977 0.000007 0.000004 -0.000003 -0.106448 -0.256387
    18 11.205393 -0.000039 0.000000 1.531866 -0.097467 0.096382
    19 3.767578 0.152466 0.071350 0.161510 0.116815 -0.535178
    20 2.037109 0.000000 -0.000002 -0.025500 -0.063436 -0.943058
    21 1.066406 -0.000002 0.000001 -0.001546 0.012034 -0.436579
    22 3.783203 -0.017242 0.794434 0.168904 -0.026920 -0.368804
    23 1.628906 0.000001 -0.000001 -0.061251 0.003142 -0.834908
    24 0.955566 -0.000004 0.000000 -0.005388 -0.042122 -0.207877
    25 1.258789 -0.297852 1.251953 -1.291947 -0.539750 -0.506113
    26 1.392578 0.000004 -0.000004 0.001372 -0.188351 0.491767
    27 1.099609 0.000000 -0.000002 0.009529 -0.039492 -0.040356
    28 3.548828 0.198730 -1.489258 0.122069 0.218121 -0.679757
    29 1.218750 0.000002 0.000003 0.002969 0.019929 -1.051738
    30 0.681774 -0.000006 0.000000 0.028387 -0.181321 -0.761958
    31 3.697042 0.266204 -0.725138 0.148081 0.167551 -0.656351
    32 1.747315 -0.000008 -0.000001 -0.016843 -0.101072 -0.899610
    33 0.959961 0.000010 0.000001 -0.001254 0.009906 -0.608348
    34 2.023778 0.904982 -0.850921 -1.349554 1.172231 3.373187
    35 4.981625 0.002227 0.003236 1.386302 0.101502 -0.899378
    36 11.119975 -0.000005 0.000000 0.000001 0.050589 -0.292585
    37 11.205375 0.000073 0.000008 -1.632486 -0.031817 0.276245
    38 3.767578 0.151855 -0.072693 -0.061811 -0.104916 -0.601450
    39 2.036716 -0.000004 0.000000 -0.053356 0.002610 -1.343653
    40 1.063287 -0.000004 0.000001 0.243360 0.222157 -0.479503
    41 3.783203 -0.023941 -0.794434 0.145529 -0.103829 -0.523859
    42 1.628906 0.000001 0.000001 -0.001787 -0.229023 -0.812505
    43 0.954089 -0.000004 0.000000 -0.124324 -0.037089 -0.833093
    44 1.258789 -0.308350 -1.250000 1.086305 0.326419 -0.551994
    45 1.392578 -0.000001 0.000001 -0.000830 -0.001840 0.382344
    46 1.099609 0.000000 -0.000004 -0.008997 -0.009551 0.469381
    47 3.546538 0.208125 1.487114 0.074458 -0.032530 -0.675547
    48 1.218750 0.000007 -0.000001 0.021045 -0.138837 -0.848034
    49 0.679688 0.000004 0.000002 -0.104181 0.098128 -1.071578
    50 3.697266 0.273682 0.726563 0.065645 -0.112157 -0.666607
    51 1.747310 0.000004 0.000000 -0.074580 0.021053 -1.335361
    52 0.959961 -0.000004 -0.000001 0.003325 -0.009470 -0.821513
    53 -3.756462 5.577850 2.053357 1.570803 -0.000001 0.000000
    54 -2.735646 -0.081365 5.727119 0.000007 0.000015 1.570796
    55 0.000001 5.662003 -0.974302 1.570804 -0.000001 0.000000
    56 -0.000002 -2.275002 5.113525 0.000000 0.000000 -3.141592
    57 -2.477620 5.416855 4.597564 1.570804 -0.000001 0.000000
    58 -1.515218 1.317776 5.998497 0.000000 0.000000 0.000000
    59 -2.455992 5.657928 -0.087295 1.570804 -0.000001 0.000000
    60 -1.485628 -1.617812 5.263969 0.000000 0.000000 3.141592
    61 3.756460 5.577858 2.053359 1.570803 -0.000001 0.000000
    62 2.735645 -0.081364 5.727116 0.000004 -0.000011 -1.570795
    63 2.477613 5.416855 4.597570 1.570804 -0.000001 0.000000
    64 1.515220 1.317777 5.998508 0.000000 0.000000 0.000000
    65 2.455991 5.657928 -0.087293 1.570804 -0.000001 0.000000
    66 1.485620 -1.617803 5.263973 0.000000 0.000000 -3.141592
    67 4.575642 5.632584 0.000132 0.000000 -1.570771 0.249128
    68 -0.000001 0.314078 5.161098 0.000000 0.000000 0.000000
    69 -0.000001 -0.323108 3.750217 0.000000 0.000000 0.000000
    70 5.734947 1.075212 4.685178 1.570830 -0.000004 -1.321669
    71 -0.753896 0.305901 4.971462 -0.000001 0.000002 0.000000
    72 -1.101006 -0.314705 3.448307 0.000001 0.000001 0.000000
    73 5.809101 -1.029643 4.595047 1.570829 -0.000004 -1.321671
    74 -0.714908 -0.199657 5.028973 0.000000 0.000003 0.000000
    75 -0.282898 -0.851690 4.444889 0.000000 0.000000 0.000000
    76 9.578484 -1.290738 0.000240 0.000000 1.570770 -2.892481
    77 9.369518 -1.236408 1.787905 0.000000 1.570770 -2.892481
    78 9.436707 -1.331719 -1.409029 0.000000 1.570770 -2.892477
    79 5.735191 1.075235 -4.684885 -1.570814 0.000004 1.819923
    80 0.753901 0.305904 4.971474 -0.000001 -0.000002 0.000000
    81 1.101010 -0.314705 3.448315 0.000000 -0.000001 0.000000
    82 5.809341 -1.029617 -4.594752 -1.570814 0.000004 1.819922
    83 0.714908 -0.199655 5.028969 0.000000 -0.000003 0.000000
    84 0.282897 -0.851688 4.444893 0.000000 0.000000 0.000000
  time 5
    0 -0.004562 -0.121097 37.595099 1.627505 0.043900 -0.107811
    1 3.983847 0.002149 0.003401 -1.667205 -0.221647 -1.439029
    2 15.938816 -0.000100 -0.000005 -0.000009 -0.000002 0.324801
    3 17.707025 -0.000068 0.000003 -0.175915 -0.140730 -1.177529
    4 6.202515 0.003416 -0.000367 0.020235 -0.027684 -0.403619
    5 -3.983848 0.002149 0.003395 -1.531304 -0.082681 -1.478619
    6 15.938826 -0.000113 -0.000001 0.000002 0.000010 0.286072
    7 17.707031 0.000018 0.000000 0.166015 0.321672 -1.243726
    8 6.202710 0.003078 0.003745 -0.111776 0.023826 -0.468250
    9 -0.000001 4.209253 -1.688832 1.574581 0.094331 1.579132
    10 3.836055 0.000000 0.000000 -0.009576 0.048191 -0.030274
    11 3.617625 -0.000275 -0.000015 -0.011073 -0.032510 -0.020066
    12 7.537925 0.003588 -0.000212 0.030366 0.062420 0.303662
    13 3.181604 -0.002346 0.000028 3.169679 -0.036453 0.172305
    14 2.966416 0.000318 0.000023 0.068128 0.039955 0.166347
    15 2.023770 0.904983 0.850949 1.819053 -1.236370 2.573211
    16 4.980521 0.000781 -0.001089 -1.650536 0.348122 -1.174785
    17 11.119977 0.000007 0.000004 -0.000003 -0.106448 -0.255415
    18 11.205393 -0.000039 0.000000 1.533162 -0.096749 0.096106
    19 3.767578 0.152466 0.071350 0.161510 0.116815 -0.535178
    20 2.037109 0.000000 -0.000002 -0.025500 -0.063436 -0.943058
    21 1.066406 -0.000002 0.000001 -0.001546 0.012034 -0.436579
    22 3.783203 -0.017242 0.794434 0.168904 -0.026920 -0.368804
    23 1.628906 0.000001 -0.000001 -0.061251 0.003142 -0.834908
    24 0.955566 -0.000004 0.000000 -0.005388 -0.042122 -0.207877
    25 1.258789 -0.297852 1.251953 -1.291947 -0.539750 -0.506113
    26 1.392578 0.000004 -0.000004 0.001372 -0.188351 0.491767
    27 1.099609 0.000000 -0.000002 0.009529 -0.039492 -0.040356
    28 3.548828 0.198730 -1.489258 0.122069 0.218121 -0.679757
    29 1.218750 0.000002 0.000003 0.002969 0.019929 -1.051738
    30 0.681774 -0.000006 0.000000 0.028387 -0.181321 -0.761958
    31 3.697042 0.266204 -0.725138 0.148081 0.167551 -0.656351
    32 1.747315 -0.000008 -0.000001 -0.016831 -0.101072 -0.899610
    33 0.959961 0.000010 0.000001 -0.001254 0.009906 -0.608348
    34 2.023778 0.904982 -0.850921 -1.349763 1.172475 3.373097
    35 4.981625 0.002227 0.003236 1.384909 0.101640 -0.899966
    36 11.119975 -0.000005 0.000000 0.000001 0.050589 -0.291954
    37 11.205375 0.000073 0.000008 -1.632820 -0.031445 0.276245
    38 3.767578 0.151855 -0.072693 -0.061811 -0.104916 -0.601450
    39 2.036716 -0.000004 0.000000 -0.053356 0.002610 -1.343694
    40 1.063287 -0.000004 0.000001 0.243360 0.222157 -0.479503
    41 3.783203 -0.023941 -0.794434 0.145529 -0.103829 -0.523859
    42 1.628906 0.000001 0.000001 -0.001787 -0.229023 -0.812505
    43 0.954089 -0.000004 0.000000 -0.124324 -0.037089 -0.833093
    44 1.258789 -0.308350 -1.250000 1.086305 0.326419 -0.551994
    45 1.392578 -0.000001 0.000001 -0.000830 -0.001840 0.382344
    46 1.099609 0.000000 -0.000004 -0.008997 -0.009551 0.469381
    47 3.546538 0.208125 1.487114 0.074458 -0.032518 -0.675487
    48 1.218750 0.000007 -0.000001 0.021045 -0.138837 -0.848034
    49 0.679688 0.000004 0.000002 -0.104181 0.098128 -1.071578
    50 3.697266 0.273682 0.726563 0.065645 -0.112157 -0.666607
    51 1.747310 0.000004 0.000000 -0.074580 0.021053 -1.335396
    52 0.959961 -0.000004 -0.000001 0.003325 -0.009470 -0.821513
    53 -3.756462 5.577850 2.053357 1.570803 -0.000001 0.000000
    54 -2.735646 -0.081365 5.727119 0.000007 0.000015 1.570796
    55 0.000001 5.662003 -0.974302 1.570804 -0.000001 0.000000
    56 -0.000002 -2.275002 5.113525 0.000000 0.000000 -3.141592
    57 -2.477620 5.416855 4.597564 1.570804 -0.000001 0.000000
    58 -1.515218 1.317776 5.998497 0.000000 0.000000 0.000000
    59 -2.455992 5.657928 -0.087295 1.570804 -0.000001 0.000000
    60 -1.485628 -1.617812 5.263969 0.000000 0.000000 3.141592
    61 3.756460 5.577858 2.053359 1.570803 -0.000001 0.000000
    62 2.735645 -0.081364 5.727116 0.000004 -0.000011 -1.570795
    63 2.477613 5.416855 4.597570 1.570804 -0.000001 0.000000
    64 1.515220 1.317777 5.998508 0.000000 0.000000 0.000000
    65 2.455991 5.657928 -0.087293 1.570804 -0.000001 0.000000
    66 1.485620 -1.617803 5.263973 0.000000 0.000000 -3.141592
    67 4.575642 5.632584 0.000132 0.000000 -1.570771 0.249128
    68 -0.000001 0.314078 5.161098 0.000000 0.000000 0.000000
    69 -0.000001 -0.323108 3.750217 0.000000 0.000000 0.000000
    70 5.734947 1.075212 4.685178 1.570830 -0.000004 -1.321669
    71 -0.753896 0.305901 4.971462 -0.000001 0.000002 0.000000
    72 -1.101006 -0.314705 3.448307 0.000001 0.000001 0.000000
    73 5.809101 -1.029643 4.595047 1.570829 -0.000004 -1.321671
    74 -0.714908 -0.199657 5.028973 0.000000 0.000003 0.000000
    75 -0.282898 -0.851690 4.444889 0.000000 0.000000 0.000000
    76 9.578484 -1.290738 0.000240 0.000000 1.570770 -2.892481
    77 9.369518 -1.236408 1.787905 0.000000 1.570770 -2.892481
    78 9.436707 -1.331719 -1.409029 0.000000 1.570770 -2.892477
    79 5.735191 1.075235 -4.684885 -1.570814 0.000004 1.819923
    80 0.753901 0.305904 4.971474 -0.000001 -0.000002 0.000000
    81 1.101010 -0.314705 3.448315 0.000000 -0.000001 0.000000
    82 5.809341 -1.029617 -4.594752 -1.570814 0.000004 1.819922
    83 0.714908 -0.199655 5.028969 0.000000 -0.000003 0.000000
    84 0.282897 -0.851688 4.444893 0.000000 0.000000 0.000000
  time 6
    0 -0.004562 -0.117191 37.595099 1.627217 0.044031 -0.107683
    1 3.983847 0.002149 0.003401 -1.667300 -0.221558 -1.438850
    2 15.938816 -0.000100 -0.000005 -0.000009 -0.000002 0.324801
    3 17.707025 -0.000068 0.000003 -0.175750 -0.140454 -1.177529
    4 6.202515 0.003416 -0.000367 0.020235 -0.027684 -0.403757
    5 -3.983848 0.002149 0.003395 -1.531209 -0.082552 -1.478525
    6 15.938826 -0.000113 -0.000001 0.000002 0.000010 0.286072
    7 17.707031 0.000018 0.000000 0.166219 0.321815 -1.243499
    8 6.202710 0.003078 0.003745 -0.111776 0.023826 -0.468250
    9 -0.000001 4.209253 -1.688832 1.574725 0.094068 1.579515
    10 3.836055 0.000000 0.000000 -0.009384 0.047640 -0.030394
    11 3.617625 -0.000275 -0.000015 -0.011193 -0.032150 -0.020066
    12 7.537925 0.003588 -0.000212 0.030055 0.062396 0.303650
    13 3.181604 -0.002346 0.000028 3.169296 -0.037196 0.172556
    14 2.966416 0.000318 0.000023 0.068368 0.039320 0.165984
    15 2.023770 0.904983 0.850949 1.818753 -1.236695 2.573483
    16 4.980521 0.000781 -0.001089 -1.649246 0.348426 -1.174870
    17 11.119977 0.000007 0.000004 -0.000003 -0.106448 -0.255873
    18 11.205393 -0.000039 0.000000 1.533786 -0.096859 0.096478
    19 3.767578 0.152466 0.071350 0.161510 0.116815 -0.535178
    20 2.037109 0.000000 -0.000002 -0.025500 -0.063436 -0.943058
    21 1.066406 -0.000002 0.000001 -0.001546 0.012034 -0.436579
    22 3.783203 -0.017242 0.794434 0.168904 -0.026920 -0.368804
    23 1.628906 0.000001 -0.000001 -0.061251 0.003142 -0.834908
    24 0.955566 -0.000004 0.000000 -0.005388 -0.042122 -0.207877
    25 1.258789 -0.297852 1.251953 -1.291947 -0.539750 -0.506113
    26 1.392578 0.000004 -0.000004 0.001372 -0.188351 0.491767
    27 1.099609 0.000000 -0.000002 0.009529 -0.039492 -0.040356
    28 3.548828 0.198730 -1.489258 0.122069 0.218121 -0.679757
    29 1.218750 0.000002 0.000003 0.002969 0.019929 -1.051738
    30 0.681774 -0.000006 0.000000 0.028387 -0.181321 -0.761958
    31 3.697042 0.266204 -0.725138 0.148081 0.167551 -0.656351
    32 1.747315 -0.000008 -0.000001 -0.016831 -0.101072 -0.899610
    33 0.959961 0.000010 0.000001 -0.001254 0.009906 -0.608348
    34 2.023778 0.904982 -0.850921 -1.349659 1.173859 3.373097
    35 4.981625 0.002227 0.003236 1.383361 0.101612 -0.901406
    36 11.119975 -0.000005 0.000000 0.000001 0.050589 -0.291702
    37 11.205375 0.000073 0.000008 -1.633679 -0.031314 0.276125
    38 3.767578 0.151855 -0.072693 -0.061811 -0.104916 -0.601450
    39 2.036716 -0.000004 0.000000 -0.053356 0.002610 -1.343694
    40 1.063287 -0.000004 0.000001 0.243360 0.222157 -0.479503
    41 3.783203 -0.023941 -0.794434 0.145529 -0.103829 -0.523859
    42 1.628906 0.000001 0.000001 -0.001787 -0.229023 -0.812505
    43 0.954089 -0.000004 0.000000 -0.124324 -0.037089 -0.833093
    44 1.258789 -0.308350 -1.250000 1.086305 0.326419 -0.551994
    45 1.392578 -0.000001 0.000001 -0.000830 -0.001840 0.382344
    46 1.099609 0.000000 -0.000004 -0.008997 -0.009551 0.469381
    47 3.546538 0.208125 1.487114 0.074486 -0.032530 -0.675487
    48 1.218750 0.000007 -0.000001 0.021045 -0.138837 -0.848034
    49 0.679688 0.000004 0.000002 -0.104181 0.098128 -1.071578
    50 3.697266 0.273682 0.726563 0.065645 -0.112157 -0.666607
    51 1.747310 0.000004 0.000000 -0.074580 0.021053 -1.335361
    52 0.959961 -0.000004 -0.000001 0.003325 -0.009470 -0.821513
    53 -3.756462 5.577850 2.053357 1.570803 -0.000001 0.000000
    54 -2.735646 -0.081365 5.727119 0.000007 0.000015 1.570796
    55 0.000001 5.662003 -0.974302 1.570804 -0.000001 0.000000
    56 -0.000002 -2.275002 5.113525 0.000000 0.000000 -3.141592
    57 -2.477620 5.416855 4.597564 1.570804 -0.000001 0.000000
    58 -1.515218 1.317776 5.998497 0.000000 0.000000 0.000000
    59 -2.455992 5.657928 -0.087295 1.570804 -0.000001 0.000000
    60 -1.485628 -1.617812 5.263969 0.000000 0.000000 3.141592
    61 3.756460 5.577858 2.053359 1.570803 -0.000001 0.000000
    62 2.735645 -0.081364 5.727116 0.000004 -0.000011 -1.570795
    63 2.477613 5.416855 4.597570 1.570804 -0.000001 0.000000
    64 1.515220 1.317777 5.998508 0.000000 0.000000 0.000000
    65 2.455991 5.657928 -0.087293 1.570804 -0.000001 0.000000
    66 1.485620 -1.617803 5.263973 0.000000 0.000000 -3.141592
    67 4.575642 5.632584 0.000132 0.000000 -1.570771 0.249128
    68 -0.000001 0.314078 5.161098 0.000000 0.000000 0.000000
    69 -0.000001 -0.323108 3.750217 0.000000 0.000000 0.000000
    70 5.734947 1.075212 4.685178 1.570830 -0.000004 -1.321669
    71 -0.753896 0.305901 4.971462 -0.000001 0.000002 0.000000
    72 -1.101006 -0.314705 3.448307 0.000001 0.000001 0.000000
    73 5.809101 -1.029643 4.595047 1.570829 -0.000004 -1.321671
    74 -0.714908 -0.199657 5.028973 0.000000 0.000003 0.000000
    75 -0.282898 -0.851690 4.444889 0.000000 0.000000 0.000000
    76 9.578484 -1.290738 0.000240 0.000000 1.570770 -2.892481
    77 9.369518 -1.236408 1.787905 0.000000 1.570770 -2.892481
    78 9.436707 -1.331719 -1.409029 0.000000 1.570770 -2.892477
    79 5.735191 1.075235 -4.684885 -1.570814 0.000004 1.819923
    80 0.753901 0.305904 4.971474 -0.000001 -0.000002 0.000000
    81 1.101010 -0.314705 3.448315 0.000000 -0.000001 0.000000
    82 5.809341 -1.029617 -4.594752 -1.570814 0.000004 1.819922
    83 0.714908 -0.199655 5.028969 0.000000 -0.000003 0.000000
    84 0.282897 -0.851688 4.444893 0.000000 0.000000 0.000000
  time 7
    0 -0.000656 -0.113285 37.595099 1.626978 0.044163 -0.107556
    1 3.983847 0.002149 0.003401 -1.667205 -0.221380 -1.438761
    2 15.938816 -0.000100 -0.000005 -0.000009 -0.000002 0.324801
    3 17.707025 -0.000068 0.000003 -0.175640 -0.140284 -1.177407
    4 6.202515 0.003416 -0.000367 0.020235 -0.027684 -0.403757
    5 -3.983848 0.002149 0.003395 -1.531209 -0.082251 -1.478338
    6 15.938826 -0.000113 -0.000001 0.000002 0.000010 0.286072
    7 17.707031 0.000018 0.000000 0.166537 0.321976 -1.243369
    8 6.202710 0.003078 0.003745 -0.111776 0.023826 -0.468250
    9 -0.000001 4.209253 -1.688832 1.575013 0.093906 1.579899
    10 3.836055 0.000000 0.000000 -0.009192 0.046861 -0.030609
    11 3.617625 -0.000275 -0.000015 -0.011313 -0.031719 -0.020192
    12 7.537925 0.003588 -0.000212 0.029791 0.062384 0.303387
    13 3.181604 -0.002346 0.000028 3.169775 -0.037843 0.173012
    14 2.966416 0.000318 0.000023 0.068643 0.038924 0.165576
    15 2.023770 0.904983 0.850949 1.819603 -1.237632 2.572758
    16 4.980521 0.000781 -0.001089 -1.648420 0.348999 -1.174870
    17 11.119977 0.000007 0.000004 -0.000003 -0.106448 -0.257245
    18 11.205393 -0.000039 0.000000 1.533690 -0.096628 0.097053
    19 3.767578 0.152466 0.071350 0.161510 0.116815 -0.535178
    20 2.037109 0.000000 -0.000002 -0.025500 -0.063436 -0.943058
    21 1.066406 -0.000002 0.000001 -0.001546 0.012034 -0.436579
    22 3.783203 -0.017242 0.794434 0.168904 -0.026920 -0.368804
    23 1.628906 0.000001 -0.000001 -0.061251 0.003142 -0.834908
    24 0.955566 -0.000004 0.000000 -0.005388 -0.042122 -0.207877
    25 1.258789 -0.297852 1.251953 -1.291947 -0.539750 -0.506113
    26 1.392578 0.000004 -0.000004 0.001372 -0.188351 0.491767
    27 1.099609 0.000000 -0.000002 0.009529 -0.039492 -0.040356
    28 3.548828 0.198730 -1.489258 0.122069 0.218121 -0.679757
    29 1.218750 0.000002 0.000003 0.002969 0.019929 -1.051738
    30 0.681774 -0.000006 0.000000 0.028387 -0.181321 -0.761958
    31 3.697042 0.266204 -0.725138 0.148081 0.167551 -0.656351
    32 1.747315 -0.000008 -0.000001 -0.016831 -0.101072 -0.899610
    33 0.959961 0.000010 0.000001 -0.001254 0.009906 -0.608348
    34 2.023778 0.904982 -0.850921 -1.349554 1.175773 3.373187
    35 4.981625 0.002227 0.003236 1.382174 0.101035 -0.902640
    36 11.119975 -0.000005 0.000000 0.000001 0.050589 -0.291954
    37 11.205375 0.000073 0.000008 -1.634777 -0.032392 0.276065
    38 3.767578 0.151855 -0.072693 -0.061811 -0.104916 -0.601450
    39 2.036716 -0.000004 0.000000 -0.053356 0.002610 -1.343653
    40 1.063287 -0.000004 0.000001 0.243360 0.222157 -0.479503
    41 3.783203 -0.023941 -0.794434 0.145529 -0.103829 -0.523859
    42 1.628906 0.000001 0.000001 -0.001787 -0.229023 -0.812505
    43 0.954089 -0.000004 0.000000 -0.124324 -0.037089 -0.833093
    44 1.258789 -0.308350 -1.250000 1.086305 0.326419 -0.551994
    45 1.392578 -0.000001 0.000001 -0.000830 -0.001840 0.382344
    46 1.099609 0.000000 -0.000004 -0.008997 -0.009551 0.469381
    47 3.546538 0.208125 1.487114 0.074515 -0.032590 -0.675547
    48 1.218750 0.000007 -0.000001 0.021045 -0.138837 -0.848034
    49 0.679688 0.000004 0.000002 -0.104181 0.098128 -1.071578
    50 3.697266 0.273682 0.726563 0.065645 -0.112157 -0.666607
    51 1.747310 0.000004 0.000000 -0.074580 0.021053 -1.335361
    52 0.959961 -0.000004 -0.000001 0.003325 -0.009470 -0.821513
    53 -3.756462 5.577850 2.053357 1.570803 -0.000001 0.000000
    54 -2.735646 -0.081365 5.727119 0.000007 0.000015 1.570796
    55 0.000001 5.662003 -0.974302 1.570804 -0.000001 0.000000
    56 -0.000002 -2.275002 5.113525 0.000000 0.000000 -3.141592
    57 -2.477620 5.416855 4.597564 1.570804 -0.000001 0.000000
    58 -1.515218 1.317776 5.998497 0.000000 0.000000 0.000000
    59 -2.455992 5.657928 -0.087295 1.570804 -0.000001 0.000000
    60 -1.485628 -1.617812 5.263969 0.000000 0.000000 3.141592
    61 3.756460 5.577858 2.053359 1.570803 -0.000001 0.000000
    62 2.735645 -0.081364 5.727116 0.000004 -0.000011 -1.570795
    63 2.477613 5.416855 4.597570 1.570804 -0.000001 0.000000
    64 1.515220 1.317777 5.998508 0.000000 0.000000 0.000000
    65 2.455991 5.657928 -0.087293 1.570804 -0.000001 0.000000
    66 1.485620 -1.617803 5.263973 0.000000 0.000000 -3.141592
    67 4.575642 5.632584 0.000132 0.000000 -1.570771 0.249128
    68 -0.000001 0.314078 5.161098 0.000000 0.000000 0.000000
    69 -0.000001 -0.323108 3.750217 0.000000 0.000000 0.000000
    70 5.734947 1.075212 4.685178 1.570830 -0.000004 -1.321669
    71 -0.753896 0.305901 4.971462 -0.000001 0.000002 0.000000
    72 -1.101006 -0.314705 3.448307 0.000001 0.000001 0.000000
    73 5.809101 -1.029643 4.595047 1.570829 -0.000004 -1.321671
    74 -0.714908 -0.199657 5.028973 0.000000 0.000003 0.000000
    75 -0.282898 -0.851690 4.444889 0.000000 0.000000 0.000000
    76 9.578484 -1.290738 0.000240 0.000000 1.570770 -2.892481
    77 9.369518 -1.236408 1.787905 0.000000 1.570770 -2.892481
    78 9.436707 -1.331719 -1.409029 0.000000 1.570770 -2.892477
    79 5.735191 1.075235 -4.684885 -1.570814 0.000004 1.819923
    80 0.753901 0.305904 4.971474 -0.000001 -0.000002 0.000000
    81 1.101010 -0.314705 3.448315 0.000000 -0.000001 0.000000
    82 5.809341 -1.029617 -4.594752 -1.570814 0.000004 1.819922
    83 0.714908 -0.199655 5.028969 0.000000 -0.000003 0.000000
    84 0.282897 -0.851688 4.444893 0.000000 0.000000 0.000000
  time 8
    0 -0.000656 -0.113285 37.595099 1.626930 0.044199 -0.107300
    1 3.983847 0.002149 0.003401 -1.667015 -0.221202 -1.438761
    2 15.938816 -0.000100 -0.000005 -0.000009 -0.000002 0.324482
    3 17.707025 -0.000068 0.000003 -0.175557 -0.140220 -1.177224
    4 6.202515 0.003416 -0.000367 0.020235 -0.027684 -0.403861
    5 -3.983848 0.002149 0.003395 -1.531209 -0.082208 -1.478338
    6 15.938826 -0.000113 -0.000001 0.000002 0.000010 0.285820
    7 17.707031 0.000018 0.000000 0.166854 0.322047 -1.242947
    8 6.202710 0.003078 0.003745 -0.111776 0.023826 -0.468250
    9 -0.000001 4.209253 -1.688832 1.575157 0.093644 1.580474
    10 3.836055 0.000000 0.000000 -0.008809 0.045507 -0.030861
    11 3.617625 -0.000275 -0.000015 -0.011553 -0.030940 -0.020432
    12 7.537925 0.003588 -0.000212 0.029551 0.062168 0.302895
    13 3.181604 -0.002346 0.000028 3.170159 -0.038394 0.173695
    14 2.966416 0.000318 0.000023 0.069063 0.038769 0.164986
    15 2.023770 0.904983 0.850949 1.821603 -1.239016 2.570945
    16 4.980521 0.000781 -0.001089 -1.647749 0.349741 -1.174927
    17 11.119977 0.000007 0.000004 -0.000003 -0.106448 -0.259475
    18 11.205393 -0.000039 0.000000 1.533066 -0.096409 0.098108
    19 3.767578 0.152466 0.071350 0.161510 0.116815 -0.535178
    20 2.037109 0.000000 -0.000002 -0.025500 -0.063436 -0.943058
    21 1.066406 -0.000002 0.000001 -0.001546 0.012034 -0.436579
    22 3.783203 -0.017242 0.794434 0.168904 -0.026920 -0.368804
    23 1.628906 0.000001 -0.000001 -0.061251 0.003142 -0.834908
    24 0.955566 -0.000004 0.000000 -0.005388 -0.042122 -0.207877
    25 1.258789 -0.297852 1.251953 -1.291947 -0.539750 -0.506113
    26 1.392578 0.000004 -0.000004 0.001372 -0.188351 0.491767
    27 1.099609 0.000000 -0.000002 0.009529 -0.039492 -0.040356
    28 3.548828 0.198730 -1.489258 0.122069 0.218121 -0.679757
    29 1.218750 0.000002 0.000003 0.002969 0.019929 -1.051738
    30 0.681774 -0.000006 0.000000 0.028387 -0.181321 -0.761958
    31 3.697042 0.266204 -0.725138 0.148081 0.167551 -0.656351
    32 1.747315 -0.000008 -0.000001 -0.016831 -0.101072 -0.899631
    33 0.959961 0.000010 0.000001 -0.001254 0.009906 -0.608348
    34 2.023778 0.904982 -0.850921 -1.349554 1.177605 3.373097
    35 4.981625 0.002227 0.003236 1.381091 0.100266 -0.903315
    36 11.119975 -0.000005 0.000000 0.000001 0.050589 -0.292837
    37 11.205375 0.000073 0.000008 -1.635874 -0.034034 0.276413
    38 3.767578 0.151855 -0.072693 -0.061811 -0.104916 -0.601450
    39 2.036716 -0.000004 0.000000 -0.053356 0.002610 -1.343653
    40 1.063287 -0.000004 0.000001 0.243360 0.222157 -0.479503
    41 3.783203 -0.023941 -0.794434 0.145529 -0.103829 -0.523859
    42 1.628906 0.000001 0.000001 -0.001787 -0.229023 -0.812505
    43 0.954089 -0.000004 0.000000 -0.124324 -0.037089 -0.833093
    44 1.258789 -0.308350 -1.250000 1.086305 0.326419 -0.551994
    45 1.392578 -0.000001 0.000001 -0.000830 -0.001840 0.382344
    46 1.099609 0.000000 -0.000004 -0.008997 -0.009551 0.469381
    47 3.546538 0.208125 1.487114 0.074544 -0.032626 -0.675547
    48 1.218750 0.000007 -0.000001 0.021045 -0.138837 -0.848034
    49 0.679688 0.000004 0.000002 -0.104181 0.098128 -1.071578
    50 3.697266 0.273682 0.726563 0.065645 -0.112157 -0.666607
    51 1.747310 0.000004 0.000000 -0.074580 0.021053 -1.335361
    52 0.959961 -0.000004 -0.000001 0.003325 -0.009470 -0.821513
    53 -3.756462 5.577850 2.053357 1.570803 -0.000001 0.000000
    54 -2.735646 -0.081365 5.727119 0.000007 0.000015 1.570796
    55 0.000001 5.662003 -0.974302 1.570804 -0.000001 0.000000
    56 -0.000002 -2.275002 5.113525 0.000000 0.000000 -3.141592
    57 -2.477620 5.416855 4.597564 1.570804 -0.000001 0.000000
    58 -1.515218 1.317776 5.998497 0.000000 0.000000 0.000000
    59 -2.455992 5.657928 -0.087295 1.570804 -0.000001 0.000000
    60 -1.485628 -1.617812 5.263969 0.000000 0.000000 3.141592
    61 3.756460 5.577858 2.053359 1.570803 -0.000001 0.000000
    62 2.735645 -0.081364 5.727116 0.000004 -0.000011 -1.570795
    63 2.477613 5.416855 4.597570 1.570804 -0.000001 0.000000
    64 1.515220 1.317777 5.998508 0.000000 0.000000 0.000000
    65 2.455991 5.657928 -0.087293 1.570804 -0.000001 0.000000
    66 1.485620 -1.617803 5.263973 0.000000 0.000000 -3.141592
    67 4.575642 5.632584 0.000132 0.000000 -1.570771 0.249128
    68 -0.000001 0.314078 5.161098 0.000000 0.000000 0.000000
    69 -0.000001 -0.323108 3.750217 0.000000 0.000000 0.000000
    70 5.734947 1.075212 4.685178 1.570830 -0.000004 -1.321669
    71 -0.753896 0.305901 4.971462 -0.000001 0.000002 0.000000
    72 -1.101006 -0.314705 3.448307 0.000001 0.000001 0.000000
    73 5.809101 -1.029643 4.595047 1.570829 -0.000004 -1.321671
    74 -0.714908 -0.199657 5.028973 0.000000 0.000003 0.000000
    75 -0.282898 -0.851690 4.444889 0.000000 0.000000 0.000000
    76 9.578484 -1.290738 0.000240 0.000000 1.570770 -2.892481
    77 9.369518 -1.236408 1.787905 0.000000 1.570770 -2.892481
    78 9.436707 -1.331719 -1.409029 0.000000 1.570770 -2.892477
    79 5.735191 1.075235 -4.684885 -1.570814 0.000004 1.819923
    80 0.753901 0.305904 4.971474 -0.000001 -0.000002 0.000000
    81 1.101010 -0.314705 3.448315 0.000000 -0.000001 0.000000
    82 5.809341 -1.029617 -4.594752 -1.570814 0.000004 1.819922
    83 0.714908 -0.199655 5.028969 0.000000 -0.000003 0.000000
    84 0.282897 -0.851688 4.444893 0.000000 0.000000 0.000000
  time 9
    0 -0.000656 -0.109378 37.595099 1.626930 0.044163 -0.107172
    1 3.983847 0.002149 0.003401 -1.666730 -0.221069 -1.438850
    2 15.938816 -0.000100 -0.000005 -0.000009 -0.000002 0.323972
    3 17.707025 -0.000068 0.000003 -0.175612 -0.140390 -1.176734
    4 6.202515 0.003416 -0.000367 0.020235 -0.027684 -0.403861
    5 -3.983848 0.002149 0.003395 -1.531018 -0.082208 -1.478432
    6 15.938826 -0.000113 -0.000001 0.000002 0.000010 0.285568
    7 17.707031 0.000018 0.000000 0.167103 0.321976 -1.242753
    8 6.202710 0.003078 0.003745 -0.111776 0.023826 -0.468250
    9 -0.000001 4.209253 -1.688832 1.575444 0.093543 1.580905
    10 3.836055 0.000000 0.000000 -0.008497 0.044296 -0.031220
    11 3.617625 -0.000275 -0.000015 -0.011744 -0.030269 -0.020685
    12 7.537925 0.003588 -0.000212 0.029300 0.061964 0.302272
    13 3.181604 -0.002346 0.000028 3.170350 -0.038825 0.174642
    14 2.966416 0.000318 0.000023 0.069614 0.038853 0.164260
    15 2.023770 0.904983 0.850949 1.824303 -1.240563 2.568498
    16 4.980521 0.000781 -0.001089 -1.647027 0.350922 -1.173875
    17 11.119977 0.000007 0.000004 -0.000003 -0.106448 -0.263020
    18 11.205393 -0.000039 0.000000 1.532058 -0.096409 0.099965
    19 3.767578 0.152466 0.071350 0.161510 0.116815 -0.535178
    20 2.037109 0.000000 -0.000002 -0.025500 -0.063436 -0.943058
    21 1.066406 -0.000002 0.000001 -0.001546 0.012034 -0.436579
    22 3.783203 -0.017242 0.794434 0.168904 -0.026920 -0.368804
    23 1.628906 0.000001 -0.000001 -0.061251 0.003142 -0.834908
    24 0.955566 -0.000004 0.000000 -0.005388 -0.042122 -0.207877
    25 1.258789 -0.297852 1.251953 -1.291947 -0.539750 -0.506113
    26 1.392578 0.000004 -0.000004 0.001372 -0.188351 0.491767
    27 1.099609 0.000000 -0.000002 0.009529 -0.039492 -0.040356
    28 3.548828 0.198730 -1.489258 0.122069 0.218121 -0.679757
    29 1.218750 0.000002 0.000003 0.002969 0.019929 -1.051738
    30 0.681774 -0.000006 0.000000 0.028387 -0.181321 -0.761958
    31 3.697042 0.266204 -0.725138 0.148081 0.167551 -0.656351
    32 1.747315 -0.000008 -0.000001 -0.016831 -0.101072 -0.899610
    33 0.959961 0.000010 0.000001 -0.001254 0.009906 -0.608348
    34 2.023778 0.904982 -0.850921 -1.349554 1.179437 3.373097
    35 4.981625 0.002227 0.003236 1.380059 0.099551 -0.903903
    36 11.119975 -0.000005 0.000000 0.000001 0.050589 -0.293720
    37 11.205375 0.000073 0.000008 -1.636352 -0.035304 0.276820
    38 3.767578 0.151855 -0.072693 -0.061811 -0.104916 -0.601450
    39 2.036716 -0.000004 0.000000 -0.053356 0.002610 -1.343694
    40 1.063287 -0.000004 0.000001 0.243360 0.222157 -0.479503
    41 3.783203 -0.023941 -0.794434 0.145529 -0.103829 -0.523859
    42 1.628906 0.000001 0.000001 -0.001787 -0.229023 -0.812505
    43 0.954089 -0.000004 0.000000 -0.124324 -0.037089 -0.833093
    44 1.258789 -0.308350 -1.250000 1.086305 0.326419 -0.551994
    45 1.392578 -0.000001 0.000001 -0.000830 -0.001840 0.382344
    46 1.099609 0.000000 -0.000004 -0.008997 -0.009551 0.469381
    47 3.546538 0.208125 1.487114 0.074544 -0.032626 -0.675607
    48 1.218750 0.000007 -0.000001 0.021045 -0.138837 -0.848034
    49 0.679688 0.000004 0.000002 -0.104181 0.098128 -1.071578
    50 3.697266 0.273682 0.726563 0.065645 -0.112157 -0.666607
    51 1.747310 0.000004 0.000000 -0.074580 0.021053 -1.335361
    52 0.959961 -0.000004 -0.000001 0.003325 -0.009470 -0.821513
    53 -3.756462 5.577850 2.053357 1.570803 -0.000001 0.000000
    54 -2.735646 -0.081365 5.727119 0.000007 0.000015 1.570796
    55 0.000001 5.662003 -0.974302 1.570804 -0.000001 0.000000
    56 -0.000002 -2.275002 5.113525 0.000000 0.000000 -3.141592
    57 -2.477620 5.416855 4.597564 1.570804 -0.000001 0.000000
    58 -1.515218 1.317776 5.998497 0.000000 0.000000 0.000000
    59 -2.455992 5.657928 -0.087295 1.570804 -0.000001 0.000000
    60 -1.485628 -1.617812 5.263969 0.000000 0.000000 3.141592
    61 3.756460 5.577858 2.053359 1.570803 -0.000001 0.000000
    62 2.735645 -0.081364 5.727116 0.000004 -0.000011 -1.570795
    63 2.477613 5.416855 4.597570 1.570804 -0.000001 0.000000
    64 1.515220 1.317777 5.998508 0.000000 0.000000 0.000000
    65 2.455991 5.657928 -0.087293 1.570804 -0.000001 0.000000
    66 1.485620 -1.617803 5.263973 0.000000 0.000000 -3.141592
    67 4.575642 5.632584 0.000132 0.000000 -1.570771 0.249128
    68 -0.000001 0.314078 5.161098 0.000000 0.000000 0.000000
    69 -0.000001 -0.323108 3.750217 0.000000 0.000000 0.000000
    70 5.734947 1.075212 4.685178 1.570830 -0.000004 -1.321669
    71 -0.753896 0.305901 4.971462 -0.000001 0.000002 0.000000
    72 -1.101006 -0.314705 3.448307 0.000001 0.000001 0.000000
    73 5.809101 -1.029643 4.595047 1.570829 -0.000004 -1.321671
    74 -0.714908 -0.199657 5.028973 0.000000 0.000003 0.000000
    75 -0.282898 -0.851690 4.444889 0.000000 0.000000 0.000000
    76 9.578484 -1.290738 0.000240 0.000000 1.570770 -2.892481
    77 9.369518 -1.236408 1.787905 0.000000 1.570770 -2.892481
    78 9.436707 -1.331719 -1.409029 0.000000 1.570770 -2.892477
    79 5.735191 1.075235 -4.684885 -1.570814 0.000004 1.819923
    80 0.753901 0.305904 4.971474 -0.000001 -0.000002 0.000000
    81 1.101010 -0.314705 3.448315 0.000000 -0.000001 0.000000
    82 5.809341 -1.029617 -4.594752 -1.570814 0.000004 1.819922
    83 0.714908 -0.199655 5.028969 0.000000 -0.000003 0.000000
    84 0.282897 -0.851688 4.444893 0.000000 0.000000 0.000000
  time 10
    0 0.003250 -0.105472 37.595099 1.626930 0.044115 -0.106917
    1 3.983847 0.002149 0.003401 -1.666255 -0.220935 -1.439119
    2 15.938816 -0.000100 -0.000005 -0.000009 -0.000002 0.323207
    3 17.707025 -0.000068 0.000003 -0.175640 -0.140730 -1.176275
    4 6.202515 0.003416 -0.000367 0.020235 -0.027684 -0.403965
    5 -3.983848 0.002149 0.003395 -1.530636 -0.082251 -1.478525
    6 15.938826 -0.000113 -0.000001 0.000002 0.000010 0.285316
    7 17.707031 0.000018 0.000000 0.167285 0.321744 -1.242558
    8 6.202710 0.003078 0.003745 -0.111776 0.023826 -0.468250
    9 -0.000001 4.209253 -1.688832 1.575540 0.093240 1.581385
    10 3.836055 0.000000 0.000000 -0.008114 0.042894 -0.031436
    11 3.617625 -0.000275 -0.000015 -0.012008 -0.029358 -0.020925
    12 7.537925 0.003588 -0.000212 0.029132 0.061688 0.301637
    13 3.181604 -0.002346 0.000028 3.170446 -0.039389 0.175780
    14 2.966416 0.000318 0.000023 0.070261 0.038924 0.163398
    15 2.023770 0.904983 0.850949 1.826903 -1.241947 2.566141
    16 4.980521 0.000781 -0.001089 -1.647027 0.352373 -1.171769
    17 11.119977 0.000007 0.000004 -0.000003 -0.106448 -0.269081
    18 11.205393 -0.000039 0.000000 1.531337 -0.096141 0.103069
    19 3.767578 0.152466 0.071350 0.161510 0.116815 -0.535178
    20 2.037109 0.000000 -0.000002 -0.025500 -0.063436 -0.943058
    21 1.066406 -0.000002 0.000001 -0.001546 0.012034 -0.436579
    22 3.783203 -0.017242 0.794434 0.168904 -0.026920 -0.368804
    23 1.628906 0.000001 -0.000001 -0.061251 0.003142 -0.834908
    24 0.955566 -0.000004 0.000000 -0.005388 -0.042122 -0.207877
    25 1.258789 -0.297852 1.251953 -1.291947 -0.539750 -0.506113
    26 1.392578 0.000004 -0.000004 0.001372 -0.188351 0.491767
    27 1.099609 0.000000 -0.000002 0.009529 -0.039492 -0.040356
    28 3.548828 0.198730 -1.489258 0.122069 0.218121 -0.679757
    29 1.218750 0.000002 0.000003 0.002969 0.019929 -1.051738
    30 0.681774 -0.000006 0.000000 0.028387 -0.181321 -0.761958
    31 3.697042 0.266204 -0.725138 0.148081 0.167551 -0.656351
    32 1.747315 -0.000008 -0.000001 -0.016831 -0.101072 -0.899610
    33 0.959961 0.000010 0.000001 -0.001254 0.009906 -0.608348
    34 2.023778 0.904982 -0.850921 -1.349815 1.181514 3.372826
    35 4.981625 0.002227 0.003236 1.379543 0.098974 -0.904667
    36 11.119975 -0.000005 0.000000 0.000001 0.050589 -0.294350
    37 11.205375 0.000073 0.000008 -1.636543 -0.035796 0.277180
    38 3.767578 0.151855 -0.072693 -0.061811 -0.104916 -0.601450
    39 2.036716 -0.000004 0.000000 -0.053356 0.002610 -1.343653
    40 1.063287 -0.000004 0.000001 0.243360 0.222157 -0.479503
    41 3.783203 -0.023941 -0.794434 0.145529 -0.103829 -0.523859
    42 1.628906 0.000001 0.000001 -0.001787 -0.229023 -0.812505
    43 0.954089 -0.000004 0.000000 -0.124324 -0.037089 -0.833093
    44 1.258789 -0.308350 -1.250000 1.086305 0.326419 -0.551994
    45 1.392578 -0.000001 0.000001 -0.000830 -0.001840 0.382344
    46 1.099609 0.000000 -0.000004 -0.008997 -0.009551 0.469381
    47 3.546538 0.208125 1.487114 0.074486 -0.032590 -0.675607
    48 1.218750 0.000007 -0.000001 0.021045 -0.138837 -0.848034
    49 0.679688 0.000004 0.000002 -0.104181 0.098128 -1.071578
    50 3.697266 0.273682 0.726563 0.065645 -0.112157 -0.666607
    51 1.747310 0.000004 0.000000 -0.074580 0.021053 -1.335361
    52 0.959961 -0.000004 -0.000001 0.003325 -0.009470 -0.821513
    53 -3.756462 5.577850 2.053357 1.570803 -0.000001 0.000000
    54 -2.735646 -0.081365 5.727119 0.000007 0.000015 1.570796
    55 0.000001 5.662003 -0.974302 1.570804 -0.000001 0.000000
    56 -0.000002 -2.275002 5.113525 0.000000 0.000000 -3.141592
    57 -2.477620 5.416855 4.597564 1.570804 -0.000001 0.000000
    58 -1.515218 1.317776 5.998497 0.000000 0.000000 0.000000
    59 -2.455992 5.657928 -0.087295 1.570804 -0.000001 0.000000
    60 -1.485628 -1.617812 5.263969 0.000000 0.000000 3.141592
    61 3.756460 5.577858 2.053359 1.570803 -0.000001 0.000000
    62 2.735645 -0.081364 5.727116 0.000004 -0.000011 -1.570795
    63 2.477613 5.416855 4.597570 1.570804 -0.000001 0.000000
    64 1.515220 1.317777 5.998508 0.000000 0.000000 0.000000
    65 2.455991 5.657928 -0.087293 1.570804 -0.000001 0.000000
    66 1.485620 -1.617803 5.263973 0.000000 0.000000 -3.141592
    67 4.575642 5.632584 0.000132 0.000000 -1.570771 0.249128
    68 -0.000001 0.314078 5.161098 0.000000 0.000000 0.000000
    69 -0.000001 -0.323108 3.750217 0.000000 0.000000 0.000000
    70 5.734947 1.075212 4.685178 1.570830 -0.000004 -1.321669
    71 -0.753896 0.305901 4.971462 -0.000001 0.000002 0.000000
    72 -1.101006 -0.314705 3.448307 0.000001 0.000001 0.000000
    73 5.809101 -1.029643 4.595047 1.570829 -0.000004 -1.321671
    74 -0.714908 -0.199657 5.028973 0.000000 0.000003 0.000000
    75 -0.282898 -0.851690 4.444889 0.000000 0.000000 0.000000
    76 9.578484 -1.290738 0.000240 0.000000 1.570770 -2.892481
    77 9.369518 -1.236408 1.787905 0.000000 1.570770 -2.892481
    78 9.436707 -1.331719 -1.409029 0.000000 1.570770 -2.892477
    79 5.735191 1.075235 -4.684885 -1.570814 0.000004 1.819923
    80 0.753901 0.305904 4.971474 -0.000001 -0.000002 0.000000
    81 1.101010 -0.314705 3.448315 0.000000 -0.000001 0.000000
    82 5.809341 -1.029617 -4.594752 -1.570814 0.000004 1.819922
    83 0.714908 -0.199655 5.028969 0.000000 -0.000003 0.000000
    84 0.282897 -0.851688 4.444893 0.000000 0.000000 0.000000
  time 11
    0 0.007157 -0.101566 37.595099 1.627073 0.043983 -0.106725
    1 3.983847 0.002149 0.003401 -1.666065 -0.220757 -1.439387
    2 15.938816 -0.000100 -0.000005 -0.000009 -0.000002 0.322378
    3 17.707025 -0.000068 0.000003 -0.175640 -0.140963 -1.175663
    4 6.202515 0.003416 -0.000367 0.020235 -0.027684 -0.403965
    5 -3.983848 0.002149 0.003395 -1.530349 -0.082251 -1.478713
    6 15.938826 -0.000113 -0.000001 0.000002 0.000010 0.285001
    7 17.707031 0.000018 0.000000 0.167511 0.321547 -1.242137
    8 6.202710 0.003078 0.003745 -0.111776 0.023838 -0.468131
    9 -0.000001 4.209253 -1.688832 1.575684 0.093119 1.581672
    10 3.836055 0.000000 0.000000 -0.007802 0.041923 -0.031916
    11 3.617625 -0.000275 -0.000015 -0.012188 -0.028747 -0.021291
    12 7.537925 0.003588 -0.000212 0.029060 0.061341 0.300882
    13 3.181604 -0.002346 0.000028 3.170350 -0.039832 0.177218
    14 2.966416 0.000318 0.000023 0.070909 0.039176 0.162399
    15 2.023770 0.904983 0.850949 1.829853 -1.243210 2.563332
    16 4.980521 0.000781 -0.001089 -1.647853 0.353958 -1.169009
    17 11.119977 0.000007 0.000004 -0.000003 -0.106448 -0.276343
    18 11.205393 -0.000039 0.000000 1.530761 -0.096409 0.107456
    19 3.767578 0.152466 0.071350 0.161510 0.116815 -0.535178
    20 2.037109 0.000000 -0.000002 -0.025500 -0.063436 -0.943058
    21 1.066406 -0.000002 0.000001 -0.001546 0.012034 -0.436579
    22 3.783203 -0.017242 0.794434 0.168904 -0.026920 -0.368804
    23 1.628906 0.000001 -0.000001 -0.061251 0.003142 -0.834908
    24 0.955566 -0.000004 0.000000 -0.005388 -0.042122 -0.207877
    25 1.258789 -0.297852 1.251953 -1.291947 -0.539750 -0.506113
    26 1.392578 0.000004 -0.000004 0.001372 -0.188351 0.491767
    27 1.099609 0.000000 -0.000002 0.009529 -0.039492 -0.040356
    28 3.548828 0.198730 -1.489258 0.122069 0.218121 -0.679757
    29 1.218750 0.000002 0.000003 0.002969 0.019929 -1.051738
    30 0.681774 -0.000006 0.000000 0.028387 -0.181321 -0.761958
    31 3.697042 0.266204 -0.725138 0.148081 0.167551 -0.656351
    32 1.747315 -0.000008 -0.000001 -0.016831 -0.101072 -0.899610
    33 0.959961 0.000010 0.000001 -0.001254 0.009906 -0.608348
    34 2.023778 0.904982 -0.850921 -1.349659 1.183346 3.373007
    35 4.981625 0.002227 0.003236 1.379233 0.098837 -0.905431
    36 11.119975 -0.000005 0.000000 0.000001 0.050589 -0.294855
    37 11.205375 0.000073 0.000008 -1.635874 -0.035796 0.278282
    38 3.767578 0.151855 -0.072693 -0.061811 -0.104916 -0.601450
    39 2.036716 -0.000004 0.000000 -0.053356 0.002610 -1.343694
    40 1.063287 -0.000004 0.000001 0.243360 0.222157 -0.479503
    41 3.783203 -0.023941 -0.794434 0.145529 -0.103829 -0.523859
    42 1.628906 0.000001 0.000001 -0.001787 -0.229023 -0.812505
    43 0.954089 -0.000004 0.000000 -0.124324 -0.037089 -0.833111
    44 1.258789 -0.308350 -1.250000 1.086305 0.326419 -0.551994
    45 1.392578 -0.000001 0.000001 -0.000830 -0.001840 0.382344
    46 1.099609 0.000000 -0.000004 -0.008997 -0.009551 0.469381
    47 3.546538 0.208125 1.487114 0.074400 -0.032495 -0.675655
    48 1.218750 0.000007 -0.000001 0.021045 -0.138837 -0.848034
    49 0.679688 0.000004 0.000002 -0.104181 0.098128 -1.071578
    50 3.697266 0.273682 0.726563 0.065645 -0.112157 -0.666607
    51 1.747310 0.000004 0.000000 -0.074580 0.021053 -1.335396
    52 0.959961 -0.000004 -0.000001 0.003325 -0.009470 -0.821513
    53 -3.756462 5.577850 2.053357 1.570803 -0.000001 0.000000
    54 -2.735646 -0.081365 5.727119 0.000007 0.000015 1.570796
    55 0.000001 5.662003 -0.974302 1.570804 -0.000001 0.000000
    56 -0.000002 -2.275002 5.113525 0.000000 0.000000 -3.141592
    57 -2.477620 5.416855 4.597564 1.570804 -0.000001 0.000000
    58 -1.515218 1.317776 5.998497 0.000000 0.000000 0.000000
    59 -2.455992 5.657928 -0.087295 1.570804 -0.000001 0.000000
    60 -1.485628 -1.617812 5.263969 0.000000 0.000000 3.141592
    61 3.756460 5.577858 2.053359 1.570803 -0.000001 0.000000
    62 2.735645 -0.081364 5.727116 0.000004 -0.000011 -1.570795
    63 2.477613 5.416855 4.597570 1.570804 -0.000001 0.000000
    64 1.515220 1.317777 5.998508 0.000000 0.000000 0.000000
    65 2.455991 5.657928 -0.087293 1.570804 -0.000001 0.000000
    66 1.485620 -1.617803 5.263973 0.000000 0.000000 -3.141592
    67 4.575642 5.632584 0.000132 0.000000 -1.570771 0.249128
    68 -0.000001 0.314078 5.161098 0.000000 0.000000 0.000000
    69 -0.000001 -0.323108 3.750217 0.000000 0.000000 0.000000
    70 5.734947 1.075212 4.685178 1.570830 -0.000004 -1.321669
    71 -0.753896 0.305901 4.971462 -0.000001 0.000002 0.000000
    72 -1.101006 -0.314705 3.448307 0.000001 0.000001 0.000000
    73 5.809101 -1.029643 4.595047 1.570829 -0.000004 -1.321671
    74 -0.714908 -0.199657 5.028973 0.000000 0.000003 0.000000
    75 -0.282898 -0.851690 4.444889 0.000000 0.000000 0.000000
    76 9.578484 -1.290738 0.000240 0.000000 1.570770 -2.892481
    77 9.369518 -1.236408 1.787905 0.000000 1.570770 -2.892481
    78 9.436707 -1.331719 -1.409029 0.000000 1.570770 -2.892477
    79 5.735191 1.075235 -4.684885 -1.570814 0.000004 1.819923
    80 0.753901 0.305904 4.971474 -0.000001 -0.000002 0.000000
    81 1.101010 -0.314705 3.448315 0.000000 -0.000001 0.000000
    82 5.809341 -1.029617 -4.594752 -1.570814 0.000004 1.819922
    83 0.714908 -0.199655 5.028969 0.000000 -0.000003 0.000000
    84 0.282897 -0.851688 4.444893 0.000000 0.000000 0.000000
  time 12
    0 0.014970 -0.097659 37.626350 1.627073 0.043947 -0.106853
    1 3.983847 0.002149 0.003401 -1.665875 -0.220401 -1.439834
    2 15.938816 -0.000100 -0.000005 -0.000009 -0.000002 0.321358
    3 17.707025 -0.000068 0.000003 -0.175612 -0.141218 -1.174990
    4 6.202515 0.003416 -0.000367 0.020235 -0.027684 -0.403965
    5 -3.983848 0.002149 0.003395 -1.530158 -0.082251 -1.479087
    6 15.938826 -0.000113 -0.000001 0.000002 0.000010 0.284497
    7 17.707031 0.000018 0.000000 0.167647 0.321262 -1.241747
    8 6.202710 0.003078 0.003745 -0.111776 0.023826 -0.468250
    9 -0.000001 4.209253 -1.688832 1.575540 0.092877 1.582200
    10 3.836055 0.000000 0.000000 -0.007550 0.040893 -0.032275
    11 3.617625 -0.000275 -0.000015 -0.012260 -0.028387 -0.021657
    12 7.537925 0.003588 -0.000212 0.029419 0.060622 0.300139
    13 3.181604 -0.002346 0.000028 3.171309 -0.039616 0.178932
    14 2.966416 0.000318 0.000023 0.071280 0.039727 0.161174
    15 2.023770 0.904983 0.850949 1.835053 -1.244920 2.558709
    16 4.980521 0.000781 -0.001089 -1.649143 0.355679 -1.166619
    17 11.119977 0.000007 0.000004 -0.000003 -0.106448 -0.282975
    18 11.205393 -0.000039 0.000000 1.530857 -0.097662 0.110800
    19 3.767578 0.152466 0.071350 0.161510 0.116815 -0.535178
    20 2.037109 0.000000 -0.000002 -0.025500 -0.063436 -0.943058
    21 1.066406 -0.000002 0.000001 -0.001546 0.012034 -0.436579
    22 3.783203 -0.017242 0.794434 0.168904 -0.026920 -0.368804
    23 1.628906 0.000001 -0.000001 -0.061251 0.003142 -0.834908
    24 0.955566 -0.000004 0.000000 -0.005388 -0.042122 -0.207877
    25 1.258789 -0.297852 1.251953 -1.291947 -0.539750 -0.506113
    26 1.392578 0.000004 -0.000004 0.001372 -0.188351 0.491767
    27 1.099609 0.000000 -0.000002 0.009529 -0.039492 -0.040356
    28 3.548828 0.198730 -1.489258 0.122069 0.218121 -0.679757
    29 1.218750 0.000002 0.000003 0.002969 0.019929 -1.051738
    30 0.681774 -0.000006 0.000000 0.028387 -0.181321 -0.761958
    31 3.697042 0.266204 -0.725138 0.148081 0.167551 -0.656351
    32 1.747315 -0.000008 -0.000001 -0.016831 -0.101072 -0.899610
    33 0.959961 0.000010 0.000001 -0.001254 0.009906 -0.608348
    34 2.023778 0.904982 -0.850921 -1.348980 1.184608 3.373819
    35 4.981625 0.002227 0.003236 1.379646 0.099084 -0.905725
    36 11.119975 -0.000005 0.000000 0.000001 0.050589 -0.295485
    37 11.205375 0.000073 0.000008 -1.635397 -0.035340 0.279325
    38 3.767578 0.151855 -0.072693 -0.061811 -0.104916 -0.601450
    39 2.036716 -0.000004 0.000000 -0.053356 0.002610 -1.343694
    40 1.063287 -0.000004 0.000001 0.243360 0.222157 -0.479503
    41 3.783203 -0.023941 -0.794434 0.145529 -0.103829 -0.523859
    42 1.628906 0.000001 0.000001 -0.001787 -0.229023 -0.812505
    43 0.954089 -0.000004 0.000000 -0.124324 -0.037089 -0.833093
    44 1.258789 -0.308350 -1.250000 1.086305 0.326419 -0.551994
    45 1.392578 -0.000001 0.000001 -0.000830 -0.001840 0.382344
    46 1.099609 0.000000 -0.000004 -0.008997 -0.009551 0.469381
    47 3.546538 0.208125 1.487114 0.074300 -0.032363 -0.675655
    48 1.218750 0.000007 -0.000001 0.021045 -0.138837 -0.848034
    49 0.679688 0.000004 0.000002 -0.104181 0.098128 -1.071578
    50 3.697266 0.273682 0.726563 0.065645 -0.112157 -0.666607
    51 1.747310 0.000004 0.000000 -0.074580 0.021053 -1.335396
    52 0.959961 -0.000004 -0.000001 0.003325 -0.009470 -0.821513
    53 -3.756462 5.577850 2.053357 1.570803 -0.000001 0.000000
    54 -2.735646 -0.081365 5.727119 0.000007 0.000015 1.570796
    55 0.000001 5.662003 -0.974302 1.570804 -0.000001 0.000000
    56 -0.000002 -2.275002 5.113525 0.000000 0.000000 -3.141592
    57 -2.477620 5.416855 4.597564 1.570804 -0.000001 0.000000
    58 -1.515218 1.317776 5.998497 0.000000 0.000000 0.000000
    59 -2.455992 5.657928 -0.087295 1.570804 -0.000001 0.000000
    60 -1.485628 -1.617812 5.263969 0.000000 0.000000 3.141592
    61 3.756460 5.577858 2.053359 1.570803 -0.000001 0.000000
    62 2.735645 -0.081364 5.727116 0.000004 -0.000011 -1.570795
    63 2.477613 5.416855 4.597570 1.570804 -0.000001 0.000000
    64 1.515220 1.317777 5.998508 0.000000 0.000000 0.000000
    65 2.455991 5.657928 -0.087293 1.570804 -0.000001 0.000000
    66 1.485620 -1.617803 5.263973 0.000000 0.000000 -3.141592
    67 4.575642 5.632584 0.000132 0.000000 -1.570771 0.249128
    68 -0.000001 0.314078 5.161098 0.000000 0.000000 0.000000
    69 -0.000001 -0.323108 3.750217 0.000000 0.000000 0.000000
    70 5.734947 1.075212 4.685178 1.570830 -0.000004 -1.321669
    71 -0.753896 0.305901 4.971462 -0.000001 0.000002 0.000000
    72 -1.101006 -0.314705 3.448307 0.000001 0.000001 0.000000
    73 5.809101 -1.029643 4.595047 1.570829 -0.000004 -1.321671
    74 -0.714908 -0.199657 5.028973 0.000000 0.000003 0.000000
    75 -0.282898 -0.851690 4.444889 0.000000 0.000000 0.000000
    76 9.578484 -1.290738 0.000240 0.000000 1.570770 -2.892481
    77 9.369518 -1.236408 1.787905 0.000000 1.570770 -2.892481
    78 9.436707 -1.331719 -1.409029 0.000000 1.570770 -2.892477
    79 5.735191 1.075235 -4.684885 -1.570814 0.000004 1.819923
    80 0.753901 0.305904 4.971474 -0.000001 -0.000002 0.000000
    81 1.101010 -0.314705 3.448315 0.000000 -0.000001 0.000000
    82 5.809341 -1.029617 -4.594752 -1.570814 0.000004 1.819922
    83 0.714908 -0.199655 5.028969 0.000000 -0.000003 0.000000
    84 0.282897 -0.851688 4.444893 0.000000 0.000000 0.000000
  time 13
    0 0.022782 -0.097659 37.626350 1.627073 0.043684 -0.106917
    1 3.983847 0.002149 0.003401 -1.665780 -0.220045 -1.440281
    2 15.938816 -0.000100 -0.000005 -0.000009 -0.000002 0.320274
    3 17.707025 -0.000068 0.000003 -0.175502 -0.141578 -1.174409
    4 6.202515 0.003416 -0.000367 0.020235 -0.027684 -0.403965
    5 -3.983848 0.002149 0.003395 -1.529871 -0.082122 -1.479368
    6 15.938826 -0.000113 -0.000001 0.000002 0.000010 0.284056
    7 17.707031 0.000018 0.000000 0.167783 0.320887 -1.241326
    8 6.202710 0.003078 0.003745 -0.111776 0.023826 -0.468250
    9 -0.000001 4.209253 -1.688832 1.575205 0.092655 1.582775
    10 3.836055 0.000000 0.000000 -0.007227 0.039790 -0.032635
    11 3.617625 -0.000275 -0.000015 -0.012260 -0.028016 -0.022037
    12 7.537925 0.003588 -0.000212 0.029995 0.059675 0.299264
    13 3.181604 -0.002346 0.000028 3.172172 -0.039029 0.180910
    14 2.966416 0.000318 0.000023 0.071508 0.040542 0.159903
    15 2.023770 0.904983 0.850949 1.841453 -1.246589 2.552636
    16 4.980521 0.000781 -0.001089 -1.650742 0.357332 -1.164713
    17 11.119977 0.000007 0.000004 -0.000003 -0.106448 -0.288979
    18 11.205393 -0.000039 0.000000 1.530857 -0.099231 0.113424
    19 3.767578 0.152466 0.071350 0.161510 0.116815 -0.535178
    20 2.037109 0.000000 -0.000002 -0.025500 -0.063436 -0.943058
    21 1.066406 -0.000002 0.000001 -0.001546 0.012034 -0.436579
    22 3.783203 -0.017242 0.794434 0.168904 -0.026920 -0.368804
    23 1.628906 0.000001 -0.000001 -0.061251 0.003142 -0.834908
    24 0.955566 -0.000004 0.000000 -0.005388 -0.042122 -0.207877
    25 1.258789 -0.297852 1.251953 -1.291947 -0.539750 -0.506113
    26 1.392578 0.000004 -0.000004 0.001372 -0.188351 0.491767
    27 1.099609 0.000000 -0.000002 0.009529 -0.039492 -0.040356
    28 3.548828 0.198730 -1.489258 0.122069 0.218121 -0.679757
    29 1.218750 0.000002 0.000003 0.002969 0.019929 -1.051738
    30 0.681774 -0.000006 0.000000 0.028387 -0.181321 -0.761958
    31 3.697042 0.266204 -0.725138 0.148081 0.167551 -0.656351
    32 1.747315 -0.000008 -0.000001 -0.016831 -0.101072 -0.899610
    33 0.959961 0.000010 0.000001 -0.001254 0.009906 -0.608348
    34 2.023778 0.904982 -0.850921 -1.348197 1.185300 3.374452
    35 4.981625 0.002227 0.003236 1.380626 0.099551 -0.905725
    36 11.119975 -0.000005 0.000000 0.000001 0.050589 -0.296116
    37 11.205375 0.000073 0.000008 -1.635397 -0.034274 0.279960
    38 3.767578 0.151855 -0.072693 -0.061811 -0.104916 -0.601450
    39 2.036716 -0.000004 0.000000 -0.053356 0.002610 -1.343653
    40 1.063287 -0.000004 0.000001 0.243348 0.222157 -0.479503
    41 3.783203 -0.023941 -0.794434 0.145529 -0.103829 -0.523859
    42 1.628906 0.000001 0.000001 -0.001787 -0.229023 -0.812505
    43 0.954089 -0.000004 0.000000 -0.124324 -0.037089 -0.833093
    44 1.258789 -0.308350 -1.250000 1.086305 0.326419 -0.551994
    45 1.392578 -0.000001 0.000001 -0.000830 -0.001840 0.382344
    46 1.099609 0.000000 -0.000004 -0.008997 -0.009551 0.469381
    47 3.546538 0.208125 1.487114 0.074142 -0.032183 -0.675775
    48 1.218750 0.000007 -0.000001 0.021045 -0.138837 -0.848034
    49 0.679688 0.000004 0.000002 -0.104181 0.098128 -1.071578
    50 3.697266 0.273682 0.726563 0.065645 -0.112157 -0.666607
    51 1.747310 0.000004 0.000000 -0.074580 0.021053 -1.335361
    52 0.959961 -0.000004 -0.000001 0.003325 -0.009470 -0.821513
    53 -3.756462 5.577850 2.053357 1.570803 -0.000001 0.000000
    54 -2.735646 -0.081365 5.727119 0.000007 0.000015 1.570796
    55 0.000001 5.662003 -0.974302 1.570804 -0.000001 0.000000
    56 -0.000002 -2.275002 5.113525 0.000000 0.000000 -3.141592
    57 -2.477620 5.416855 4.597564 1.570804 -0.000001 0.000000
    58 -1.515218 1.317776 5.998497 0.000000 0.000000 0.000000
    59 -2.455992 5.657928 -0.087295 1.570804 -0.000001 0.000000
    60 -1.485628 -1.617812 5.263969 0.000000 0.000000 3.141592
    61 3.756460 5.577858 2.053359 1.570803 -0.000001 0.000000
    62 2.735645 -0.081364 5.727116 0.000004 -0.000011 -1.570795
    63 2.477613 5.416855 4.597570 1.570804 -0.000001 0.000000
    64 1.515220 1.317777 5.998508 0.000000 0.000000 0.000000
    65 2.455991 5.657928 -0.087293 1.570804 -0.000001 0.000000
    66 1.485620 -1.617803 5.263973 0.000000 0.000000 -3.141592
    67 4.575642 5.632584 0.000132 0.000000 -1.570771 0.249128
    68 -0.000001 0.314078 5.161098 0.000000 0.000000 0.000000
    69 -0.000001 -0.323108 3.750217 0.000000 0.000000 0.000000
    70 5.734947 1.075212 4.685178 1.570830 -0.000004 -1.321669
    71 -0.753896 0.305901 4.971462 -0.000001 0.000002 0.000000
    72 -1.101006 -0.314705 3.448307 0.000001 0.000001 0.000000
    73 5.809101 -1.029643 4.595047 1.570829 -0.000004 -1.321671
    74 -0.714908 -0.199657 5.028973 0.000000 0.000003 0.000000
    75 -0.282898 -0.851690 4.444889 0.000000 0.000000 0.000000
    76 9.578484 -1.290738 0.000240 0.000000 1.570770 -2.892481
    77 9.369518 -1.236408 1.787905 0.000000 1.570770 -2.892481
    78 9.436707 -1.331719 -1.409029 0.000000 1.570770 -2.892477
    79 5.735191 1.075235 -4.684885 -1.570814 0.000004 1.819923
    80 0.753901 0.305904 4.971474 -0.000001 -0.000002 0.000000
    81 1.101010 -0.314705 3.448315 0.000000 -0.000001 0.000000
    82 5.809341 -1.029617 -4.594752 -1.570814 0.000004 1.819922
    83 0.714908 -0.199655 5.028969 0.000000 -0.000003 0.000000
    84 0.282897 -0.851688 4.444893 0.000000 0.000000 0.000000
  time 14
    0 0.030595 -0.093753 37.626350 1.627121 0.043420 -0.107172
    1 3.983847 0.002149 0.003401 -1.665685 -0.219689 -1.440907
    2 15.938816 -0.000100 -0.000005 -0.000009 -0.000002 0.318999
    3 17.707025 -0.000068 0.000003 -0.175337 -0.141981 -1.173614
    4 6.202515 0.003416 -0.000367 0.020235 -0.027684 -0.403965
    5 -3.983848 0.002149 0.003395 -1.529585 -0.082251 -1.480024
    6 15.938826 -0.000113 -0.000001 0.000002 0.000010 0.283615
    7 17.707031 0.000018 0.000000 0.168010 0.320441 -1.240937
    8 6.202710 0.003078 0.003745 -0.111776 0.023838 -0.468131
    9 -0.000001 4.209253 -1.688832 1.575157 0.092412 1.583254
    10 3.836055 0.000000 0.000000 -0.006987 0.038939 -0.032994
    11 3.617625 -0.000275 -0.000015 -0.012308 -0.027656 -0.022403
    12 7.537925 0.003588 -0.000212 0.030162 0.059040 0.298533
    13 3.181604 -0.002346 0.000028 3.172843 -0.039305 0.182671
    14 2.966416 0.000318 0.000023 0.071735 0.041190 0.158405
    15 2.023770 0.904983 0.850949 1.845703 -1.247973 2.548648
    16 4.980521 0.000781 -0.001089 -1.652033 0.358951 -1.162863
    17 11.119977 0.000007 0.000004 -0.000003 -0.106448 -0.294697
    18 11.205393 -0.000039 0.000000 1.531626 -0.099450 0.116432
    19 3.767578 0.152466 0.071350 0.161510 0.116815 -0.535178
    20 2.037109 0.000000 -0.000002 -0.025500 -0.063436 -0.943058
    21 1.066406 -0.000002 0.000001 -0.001546 0.012034 -0.436579
    22 3.783203 -0.017242 0.794434 0.168904 -0.026920 -0.368804
    23 1.628906 0.000001 -0.000001 -0.061251 0.003142 -0.834908
    24 0.955566 -0.000004 0.000000 -0.005388 -0.042122 -0.207877
    25 1.258789 -0.297852 1.251953 -1.291947 -0.539750 -0.506113
    26 1.392578 0.000004 -0.000004 0.001372 -0.188351 0.491767
    27 1.099609 0.000000 -0.000002 0.009529 -0.039492 -0.040356
    28 3.548828 0.198730 -1.489258 0.122069 0.218121 -0.679757
    29 1.218750 0.000002 0.000003 0.002969 0.019929 -1.051738
    30 0.681774 -0.000006 0.000000 0.028387 -0.181321 -0.761958
    31 3.697042 0.266204 -0.725138 0.148081 0.167551 -0.656351
    32 1.747315 -0.000008 -0.000001 -0.016831 -0.101072 -0.899610
    33 0.959961 0.000010 0.000001 -0.001254 0.009906 -0.608348
    34 2.023778 0.904982 -0.850921 -1.347415 1.186685 3.375084
    35 4.981625 0.002227 0.003236 1.382277 0.099963 -0.905989
    36 11.119975 -0.000005 0.000000 0.000001 0.050589 -0.296936
    37 11.205375 0.000073 0.000008 -1.636161 -0.032920 0.280667
    38 3.767578 0.151855 -0.072693 -0.061811 -0.104916 -0.601450
    39 2.036716 -0.000004 0.000000 -0.053356 0.002610 -1.343653
    40 1.063287 -0.000004 0.000001 0.243348 0.222157 -0.479503
    41 3.783203 -0.023941 -0.794434 0.145529 -0.103829 -0.523859
    42 1.628906 0.000001 0.000001 -0.001787 -0.229023 -0.812505
    43 0.954089 -0.000004 0.000000 -0.124324 -0.037089 -0.833093
    44 1.258789 -0.308350 -1.250000 1.086305 0.326419 -0.551994
    45 1.392578 -0.000001 0.000001 -0.000830 -0.001840 0.382344
    46 1.099609 0.000000 -0.000004 -0.008997 -0.009551 0.469381
    47 3.546538 0.208125 1.487114 0.073941 -0.031991 -0.675882
    48 1.218750 0.000007 -0.000001 0.021045 -0.138837 -0.848034
    49 0.679688 0.000004 0.000002 -0.104181 0.098128 -1.071578
    50 3.697266 0.273682 0.726563 0.065645 -0.112157 -0.666607
    51 1.747310 0.000004 0.000000 -0.074580 0.021053 -1.335361
    52 0.959961 -0.000004 -0.000001 0.003325 -0.009470 -0.821513
    53 -3.756462 5.577850 2.053357 1.570803 -0.000001 0.000000
    54 -2.735646 -0.081365 5.727119 0.000007 0.000015 1.570796
    55 0.000001 5.662003 -0.974302 1.570804 -0.000001 0.000000
    56 -0.000002 -2.275002 5.113525 0.000000 0.000000 -3.141592
    57 -2.477620 5.416855 4.597564 1.570804 -0.000001 0.000000
    58 -1.515218 1.317776 5.998497 0.000000 0.000000 0.000000
    59 -2.455992 5.657928 -0.087295 1.570804 -0.000001 0.000000
    60 -1.485628 -1.617812 5.263969 0.000000 0.000000 3.141592
    61 3.756460 5.577858 2.053359 1.570803 -0.000001 0.000000
    62 2.735645 -0.081364 5.727116 0.000004 -0.000011 -1.570795
    63 2.477613 5.416855 4.597570 1.570804 -0.000001 0.000000
    64 1.515220 1.317777 5.998508 0.000000 0.000000 0.000000
    65 2.455991 5.657928 -0.087293 1.570804 -0.000001 0.000000
    66 1.485620 -1.617803 5.263973 0.000000 0.000000 -3.141592
    67 4.575642 5.632584 0.000132 0.000000 -1.570771 0.249128
    68 -0.000001 0.314078 5.161098 0.000000 0.000000 0.000000
    69 -0.000001 -0.323108 3.750217 0.000000 0.000000 0.000000
    70 5.734947 1.075212 4.685178 1.570830 -0.000004 -1.321669
    71 -0.753896 0.305901 4.971462 -0.000001 0.000002 0.000000
    72 -1.101006 -0.314705 3.448307 0.000001 0.000001 0.000000
    73 5.809101 -1.029643 4.595047 1.570829 -0.000004 -1.321671
    74 -0.714908 -0.199657 5.028973 0.000000 0.000003 0.000000
    75 -0.282898 -0.851690 4.444889 0.000000 0.000000 0.000000
    76 9.578484 -1.290738 0.000240 0.000000 1.570770 -2.892481
    77 9.369518 -1.236408 1.787905 0.000000 1.570770 -2.892481
    78 9.436707 -1.331719 -1.409029 0.000000 1.570770 -2.892477
    79 5.735191 1.075235 -4.684885 -1.570814 0.000004 1.819923
    80 0.753901 0.305904 4.971474 -0.000001 -0.000002 0.000000
    81 1.101010 -0.314705 3.448315 0.000000 -0.000001 0.000000
    82 5.809341 -1.029617 -4.594752 -1.570814 0.000004 1.819922
    83 0.714908 -0.199655 5.028969 0.000000 -0.000003 0.000000
    84 0.282897 -0.851688 4.444893 0.000000 0.000000 0.000000
  time 15
    0 0.042314 -0.089846 37.626350 1.627361 0.043240 -0.107300
    1 3.983847 0.002149 0.003401 -1.665780 -0.219289 -1.441354
    2 15.938816 -0.000100 -0.000005 -0.000009 -0.000002 0.317788
    3 17.707025 -0.000068 0.000003 -0.175199 -0.142384 -1.172971
    4 6.202515 0.003416 -0.000367 0.020235 -0.027684 -0.404104
    5 -3.983848 0.002149 0.003395 -1.529489 -0.082337 -1.480586
    6 15.938826 -0.000113 -0.000001 0.000002 0.000010 0.283111
    7 17.707031 0.000018 0.000000 0.168282 0.320013 -1.240548
    8 6.202710 0.003078 0.003745 -0.111776 0.023838 -0.468131
    9 -0.000001 4.209253 -1.688832 1.575444 0.092069 1.583590
    10 3.836055 0.000000 0.000000 -0.006795 0.038220 -0.033354
    11 3.617625 -0.000275 -0.000015 -0.012500 -0.026985 -0.022642
    12 7.537925 0.003588 -0.000212 0.029875 0.058848 0.297778
    13 3.181604 -0.002346 0.000028 3.172460 -0.040587 0.183930
    14 2.966416 0.000318 0.000023 0.072287 0.041549 0.156953
    15 2.023770 0.904983 0.850949 1.846953 -1.249276 2.547651
    16 4.980521 0.000781 -0.001089 -1.652549 0.360334 -1.161242
    17 11.119977 0.000007 0.000004 -0.000003 -0.106448 -0.299671
    18 11.205393 -0.000039 0.000000 1.531866 -0.098391 0.119536
    19 3.767578 0.152466 0.071350 0.161510 0.116815 -0.535178
    20 2.037109 0.000000 -0.000002 -0.025500 -0.063436 -0.943058
    21 1.066406 -0.000002 0.000001 -0.001546 0.012034 -0.436579
    22 3.783203 -0.017242 0.794434 0.168904 -0.026920 -0.368804
    23 1.628906 0.000001 -0.000001 -0.061251 0.003142 -0.834908
    24 0.955566 -0.000004 0.000000 -0.005388 -0.042122 -0.207877
    25 1.258789 -0.297852 1.251953 -1.291947 -0.539750 -0.506113
    26 1.392578 0.000004 -0.000004 0.001372 -0.188351 0.491767
    27 1.099609 0.000000 -0.000002 0.009529 -0.039492 -0.040356
    28 3.548828 0.198730 -1.489258 0.122069 0.218121 -0.679757
    29 1.218750 0.000002 0.000003 0.002969 0.019929 -1.051738
    30 0.681774 -0.000006 0.000000 0.028387 -0.181321 -0.761958
    31 3.697042 0.266204 -0.725138 0.148081 0.167551 -0.656351
    32 1.747315 -0.000008 -0.000001 -0.016843 -0.101072 -0.899610
    33 0.959961 0.000010 0.000001 -0.001254 0.009906 -0.608348
    34 2.023778 0.904982 -0.850921 -1.346371 1.188883 3.376168
    35 4.981625 0.002227 0.003236 1.384238 0.100650 -0.906870
    36 11.119975 -0.000005 0.000000 0.000001 0.050589 -0.297629
    37 11.205375 0.000073 0.000008 -1.636877 -0.031817 0.281482
    38 3.767578 0.151855 -0.072693 -0.061811 -0.104916 -0.601450
    39 2.036716 -0.000004 0.000000 -0.053356 0.002610 -1.343653
    40 1.063287 -0.000004 0.000001 0.243360 0.222157 -0.479503
    41 3.783203 -0.023941 -0.794434 0.145529 -0.103829 -0.523859
    42 1.628906 0.000001 0.000001 -0.001787 -0.229023 -0.812505
    43 0.954089 -0.000004 0.000000 -0.124324 -0.037089 -0.833093
    44 1.258789 -0.308350 -1.250000 1.086305 0.326419 -0.551994
    45 1.392578 -0.000001 0.000001 -0.000830 -0.001840 0.382344
    46 1.099609 0.000000 -0.000004 -0.008997 -0.009551 0.469381
    47 3.546538 0.208125 1.487114 0.073812 -0.031835 -0.676002
    48 1.218750 0.000007 -0.000001 0.021045 -0.138837 -0.848034
    49 0.679688 0.000004 0.000002 -0.104181 0.098128 -1.071578
    50 3.697266 0.273682 0.726563 0.065645 -0.112157 -0.666607
    51 1.747310 0.000004 0.000000 -0.074580 0.021053 -1.335361
    52 0.959961 -0.000004 -0.000001 0.003325 -0.009470 -0.821513
    53 -3.756462 5.577850 2.053357 1.570803 -0.000001 0.000000
    54 -2.735646 -0.081365 5.727119 0.000007 0.000015 1.570796
    55 0.000001 5.662003 -0.974302 1.570804 -0.000001 0.000000
    56 -0.000002 -2.275002 5.113525 0.000000 0.000000 -3.141592
    57 -2.477620 5.416855 4.597564 1.570804 -0.000001 0.000000
    58 -1.515218 1.317776 5.998497 0.000000 0.000000 0.000000
    59 -2.455992 5.657928 -0.087295 1.570804 -0.000001 0.000000
    60 -1.485628 -1.617812 5.263969 0.000000 0.000000 3.141592
    61 3.756460 5.577858 2.053359 1.570803 -0.000001 0.000000
    62 2.735645 -0.081364 5.727116 0.000004 -0.000011 -1.570795
    63 2.477613 5.416855 4.597570 1.570804 -0.000001 0.000000
    64 1.515220 1.317777 5.998508 0.000000 0.000000 0.000000
    65 2.455991 5.657928 -0.087293 1.570804 -0.000001 0.000000
    66 1.485620 -1.617803 5.263973 0.000000 0.000000 -3.141592
    67 4.575642 5.632584 0.000132 0.000000 -1.570771 0.249128
    68 -0.000001 0.314078 5.161098 0.000000 0.000000 0.000000
    69 -0.000001 -0.323108 3.750217 0.000000 0.000000 0.000000
    70 5.734947 1.075212 4.685178 1.570830 -0.000004 -1.321669
    71 -0.753896 0.305901 4.971462 -0.000001 0.000002 0.000000
    72 -1.101006 -0.314705 3.448307 0.000001 0.000001 0.000000
    73 5.809101 -1.029643 4.595047 1.570829 -0.000004 -1.321671
    74 -0.714908 -0.199657 5.028973 0.000000 0.000003 0.000000
    75 -0.282898 -0.851690 4.444889 0.000000 0.000000 0.000000
    76 9.578484 -1.290738 0.000240 0.000000 1.570770 -2.892481
    77 9.369518 -1.236408 1.787905 0.000000 1.570770 -2.892481
    78 9.436707 -1.331719 -1.409029 0.000000 1.570770 -2.892477
    79 5.735191 1.075235 -4.684885 -1.570814 0.000004 1.819923
    80 0.753901 0.305904 4.971474 -0.000001 -0.000002 0.000000
    81 1.101010 -0.314705 3.448315 0.000000 -0.000001 0.000000
    82 5.809341 -1.029617 -4.594752 -1.570814 0.000004 1.819922
    83 0.714908 -0.199655 5.028969 0.000000 -0.000003 0.000000
    84 0.282897 -0.851688 4.444893 0.000000 0.000000 0.000000
  time 16
    0 0.054033 -0.085940 37.626350 1.627505 0.043025 -0.107619
    1 3.983847 0.002149 0.003401 -1.665780 -0.219111 -1.441980
    2 15.938816 -0.000100 -0.000005 -0.000009 -0.000002 0.316577
    3 17.707025 -0.000068 0.000003 -0.175061 -0.142851 -1.172176
    4 6.202515 0.003416 -0.000367 0.020235 -0.027684 -0.404104
    5 -3.983848 0.002149 0.003395 -1.529394 -0.082466 -1.481055
    6 15.938826 -0.000113 -0.000001 0.000002 0.000010 0.282419
    7 17.707031 0.000018 0.000000 0.168532 0.319531 -1.239931
    8 6.202710 0.003078 0.003745 -0.111776 0.023838 -0.468131
    9 -0.000001 4.209253 -1.688832 1.575540 0.091766 1.583686
    10 3.836055 0.000000 0.000000 -0.006544 0.037489 -0.033713
    11 3.617625 -0.000275 -0.000015 -0.012619 -0.026266 -0.023022
    12 7.537925 0.003588 -0.000212 0.029455 0.058728 0.297143
    13 3.181604 -0.002346 0.000028 3.173322 -0.041894 0.184876
    14 2.966416 0.000318 0.000023 0.072850 0.041705 0.155501
    15 2.023770 0.904983 0.850949 1.847703 -1.250579 2.547017
    16 4.980521 0.000781 -0.001089 -1.652549 0.361414 -1.160473
    17 11.119977 0.000007 0.000004 -0.000003 -0.106448 -0.303331
    18 11.205393 -0.000039 0.000000 1.531241 -0.097431 0.121298
    19 3.767578 0.152466 0.071350 0.161510 0.116815 -0.535178
    20 2.037109 0.000000 -0.000002 -0.025500 -0.063436 -0.943058
    21 1.066406 -0.000002 0.000001 -0.001546 0.012034 -0.436579
    22 3.783203 -0.017242 0.794434 0.168904 -0.026920 -0.368804
    23 1.628906 0.000001 -0.000001 -0.061251 0.003142 -0.834908
    24 0.955566 -0.000004 0.000000 -0.005388 -0.042122 -0.207877
    25 1.258789 -0.297852 1.251953 -1.291947 -0.539750 -0.506113
    26 1.392578 0.000004 -0.000004 0.001372 -0.188351 0.491767
    27 1.099609 0.000000 -0.000002 0.009529 -0.039492 -0.040356
    28 3.548828 0.198730 -1.489258 0.122069 0.218121 -0.679757
    29 1.218750 0.000002 0.000003 0.002969 0.019929 -1.051738
    30 0.681774 -0.000006 0.000000 0.028387 -0.181321 -0.761958
    31 3.697042 0.266204 -0.725138 0.148081 0.167551 -0.656351
    32 1.747315 -0.000008 -0.000001 -0.016843 -0.101072 -0.899610
    33 0.959961 0.000010 0.000001 -0.001254 0.009906 -0.608348
    34 2.023778 0.904982 -0.850921 -1.345066 1.191286 3.377523
    35 4.981625 0.002227 0.003236 1.386095 0.101283 -0.907634
    36 11.119975 -0.000005 0.000000 0.000001 0.050589 -0.298449
    37 11.205375 0.000073 0.000008 -1.636733 -0.031529 0.282357
    38 3.767578 0.151855 -0.072693 -0.061811 -0.104916 -0.601450
    39 2.036716 -0.000004 0.000000 -0.053356 0.002610 -1.343653
    40 1.063287 -0.000004 0.000001 0.243360 0.222157 -0.479503
    41 3.783203 -0.023941 -0.794434 0.145529 -0.103829 -0.523859
    42 1.628906 0.000001 0.000001 -0.001787 -0.229023 -0.812505
    43 0.954089 -0.000004 0.000000 -0.124324 -0.037089 -0.833093
    44 1.258789 -0.308350 -1.250000 1.086305 0.326419 -0.551994
    45 1.392578 -0.000001 0.000001 -0.000830 -0.001840 0.382344
    46 1.099609 0.000000 -0.000004 -0.008997 -0.009551 0.469381
    47 3.546538 0.208125 1.487114 0.073683 -0.031704 -0.676110
    48 1.218750 0.000007 -0.000001 0.021045 -0.138837 -0.848034
    49 0.679688 0.000004 0.000002 -0.104181 0.098128 -1.071578
    50 3.697266 0.273682 0.726563 0.065645 -0.112157 -0.666607
    51 1.747310 0.000004 0.000000 -0.074580 0.021053 -1.335361
    52 0.959961 -0.000004 -0.000001 0.003325 -0.009470 -0.821513
    53 -3.756462 5.577850 2.053357 1.570803 -0.000001 0.000000
    54 -2.735646 -0.081365 5.727119 0.000007 0.000015 1.570796
    55 0.000001 5.662003 -0.974302 1.570804 -0.000001 0.000000
    56 -0.000002 -2.275002 5.113525 0.000000 0.000000 -3.141592
    57 -2.477620 5.416855 4.597564 1.570804 -0.000001 0.000000
    58 -1.515218 1.317776 5.998497 0.000000 0.000000 0.000000
    59 -2.455992 5.657928 -0.087295 1.570804 -0.000001 0.000000
    60 -1.485628 -1.617812 5.263969 0.000000 0.000000 3.141592
    61 3.756460 5.577858 2.053359 1.570803 -0.000001 0.000000
    62 2.735645 -0.081364 5.727116 0.000004 -0.000011 -1.570795
    63 2.477613 5.416855 4.597570 1.570804 -0.000001 0.000000
    64 1.515220 1.317777 5.998508 0.000000 0.000000 0.000000
    65 2.455991 5.657928 -0.087293 1.570804 -0.000001 0.000000
    66 1.485620 -1.617803 5.263973 0.000000 0.000000 -3.141592
    67 4.575642 5.632584 0.000132 0.000000 -1.570771 0.249128
    68 -0.000001 0.314078 5.161098 0.000000 0.000000 0.000000
    69 -0.000001 -0.323108 3.750217 0.000000 0.000000 0.000000
    70 5.734947 1.075212 4.685178 1.570830 -0.000004 -1.321669
    71 -0.753896 0.305901 4.971462 -0.000001 0.000002 0.000000
    72 -1.101006 -0.314705 3.448307 0.000001 0.000001 0.000000
    73 5.809101 -1.029643 4.595047 1.570829 -0.000004 -1.321671
    74 -0.714908 -0.199657 5.028973 0.000000 0.000003 0.000000
    75 -0.282898 -0.851690 4.444889 0.000000 0.000000 0.000000
    76 9.578484 -1.290738 0.000240 0.000000 1.570770 -2.892481
    77 9.369518 -1.236408 1.787905 0.000000 1.570770 -2.892481
    78 9.436707 -1.331719 -1.409029 0.000000 1.570770 -2.892477
    79 5.735191 1.075235 -4.684885 -1.570814 0.000004 1.819923
    80 0.753901 0.305904 4.971474 -0.000001 -0.000002 0.000000
    81 1.101010 -0.314705 3.448315 0.000000 -0.000001 0.000000
    82 5.809341 -1.029617 -4.594752 -1.570814 0.000004 1.819922
    83 0.714908 -0.199655 5.028969 0.000000 -0.000003 0.000000
    84 0.282897 -0.851688 4.444893 0.000000 0.000000 0.000000
  time 17
    0 0.065752 -0.082034 37.626350 1.627792 0.042809 -0.107875
    1 3.983847 0.002149 0.003401 -1.665495 -0.218799 -1.442784
    2 15.938816 -0.000100 -0.000005 -0.000009 -0.000002 0.315366
    3 17.707025 -0.000068 0.000003 -0.174979 -0.143594 -1.171380
    4 6.202515 0.003416 -0.000367 0.020247 -0.027684 -0.404243
    5 -3.983848 0.002149 0.003395 -1.529298 -0.082595 -1.481523
    6 15.938826 -0.000113 -0.000001 0.000002 0.000010 0.281978
    7 17.707031 0.000018 0.000000 0.168804 0.319120 -1.239510
    8 6.202710 0.003078 0.003745 -0.111776 0.023838 -0.468131
    9 -0.000001 4.209253 -1.688832 1.575444 0.091463 1.583973
    10 3.836055 0.000000 0.000000 -0.006292 0.036746 -0.034193
    11 3.617625 -0.000275 -0.000015 -0.012691 -0.025775 -0.023248
    12 7.537925 0.003588 -0.000212 0.029479 0.058237 0.296519
    13 3.181604 -0.002346 0.000028 3.173322 -0.042349 0.185955
    14 2.966416 0.000318 0.000023 0.073030 0.042148 0.154412
    15 2.023770 0.904983 0.850949 1.850403 -1.252167 2.544570
    16 4.980521 0.000781 -0.001089 -1.652652 0.362223 -1.160815
    17 11.119977 0.000007 0.000004 -0.000003 -0.106448 -0.305561
    18 11.205393 -0.000039 0.000000 1.530329 -0.097467 0.121873
    19 3.767578 0.152466 0.071350 0.161510 0.116815 -0.535178
    20 2.037109 0.000000 -0.000002 -0.025500 -0.063436 -0.943058
    21 1.066406 -0.000002 0.000001 -0.001546 0.012034 -0.436579
    22 3.783203 -0.017242 0.794434 0.168904 -0.026920 -0.368804
    23 1.628906 0.000001 -0.000001 -0.061251 0.003142 -0.834908
    24 0.955566 -0.000004 0.000000 -0.005388 -0.042122 -0.207877
    25 1.258789 -0.297852 1.251953 -1.291947 -0.539750 -0.506113
    26 1.392578 0.000004 -0.000004 0.001372 -0.188351 0.491767
    27 1.099609 0.000000 -0.000002 0.009529 -0.039492 -0.040356
    28 3.548828 0.198730 -1.489258 0.122069 0.218121 -0.679757
    29 1.218750 0.000002 0.000003 0.002969 0.019929 -1.051738
    30 0.681774 -0.000006 0.000000 0.028387 -0.181321 -0.761958
    31 3.697042 0.266204 -0.725138 0.148081 0.167551 -0.656351
    32 1.747315 -0.000008 -0.000001 -0.016831 -0.101072 -0.899610
    33 0.959961 0.000010 0.000001 -0.001254 0.009906 -0.608348
    34 2.023778 0.904982 -0.850921 -1.343240 1.193199 3.379148
    35 4.981625 0.002227 0.003236 1.387282 0.101860 -0.908780
    36 11.119975 -0.000005 0.000000 0.000001 0.050589 -0.298953
    37 11.205375 0.000073 0.000008 -1.635397 -0.030870 0.282297
    38 3.767578 0.151855 -0.072693 -0.061811 -0.104916 -0.601450
    39 2.036716 -0.000004 0.000000 -0.053356 0.002610 -1.343653
    40 1.063287 -0.000004 0.000001 0.243360 0.222157 -0.479503
    41 3.783203 -0.023941 -0.794434 0.145529 -0.103829 -0.523859
    42 1.628906 0.000001 0.000001 -0.001787 -0.229023 -0.812505
    43 0.954089 -0.000004 0.000000 -0.124324 -0.037089 -0.833093
    44 1.258789 -0.308350 -1.250000 1.086305 0.326419 -0.551994
    45 1.392578 -0.000001 0.000001 -0.000830 -0.001840 0.382344
    46 1.099609 0.000000 -0.000004 -0.008997 -0.009551 0.469381
    47 3.546538 0.208125 1.487114 0.073540 -0.031560 -0.676290
    48 1.218750 0.000007 -0.000001 0.021045 -0.138837 -0.848034
    49 0.679688 0.000004 0.000002 -0.104181 0.098128 -1.071578
    50 3.697266 0.273682 0.726563 0.065645 -0.112157 -0.666607
    51 1.747310 0.000004 0.000000 -0.074580 0.021053 -1.335361
    52 0.959961 -0.000004 -0.000001 0.003325 -0.009470 -0.821513
    53 -3.756462 5.577850 2.053357 1.570803 -0.000001 0.000000
    54 -2.735646 -0.081365 5.727119 0.000007 0.000015 1.570796
    55 0.000001 5.662003 -0.974302 1.570804 -0.000001 0.000000
    56 -0.000002 -2.275002 5.113525 0.000000 0.000000 -3.141592
    57 -2.477620 5.416855 4.597564 1.570804 -0.000001 0.000000
    58 -1.515218 1.317776 5.998497 0.000000 0.000000 0.000000
    59 -2.455992 5.657928 -0.087295 1.570804 -0.000001 0.000000
    60 -1.485628 -1.617812 5.263969 0.000000 0.000000 3.141592
    61 3.756460 5.577858 2.053359 1.570803 -0.000001 0.000000
    62 2.735645 -0.081364 5.727116 0.000004 -0.000011 -1.570795
    63 2.477613 5.416855 4.597570 1.570804 -0.000001 0.000000
    64 1.515220 1.317777 5.998508 0.000000 0.000000 0.000000
    65 2.455991 5.657928 -0.087293 1.570804 -0.000001 0.000000
    66 1.485620 -1.617803 5.263973 0.000000 0.000000 -3.141592
    67 4.575642 5.632584 0.000132 0.000000 -1.570771 0.249128
    68 -0.000001 0.314078 5.161098 0.000000 0.000000 0.000000
    69 -0.000001 -0.323108 3.750217 0.000000 0.000000 0.000000
    70 5.734947 1.075212 4.685178 1.570830 -0.000004 -1.321669
    71 -0.753896 0.305901 4.971462 -0.000001 0.000002 0.000000
    72 -1.101006 -0.314705 3.448307 0.000001 0.000001 0.000000
    73 5.809101 -1.029643 4.595047 1.570829 -0.000004 -1.321671
    74 -0.714908 -0.199657 5.028973 0.000000 0.000003 0.000000
    75 -0.282898 -0.851690 4.444889 0.000000 0.000000 0.000000
    76 9.578484 -1.290738 0.000240 0.000000 1.570770 -2.892481
    77 9.369518 -1.236408 1.787905 0.000000 1.570770 -2.892481
    78 9.436707 -1.331719 -1.409029 0.000000 1.570770 -2.892477
    79 5.735191 1.075235 -4.684885 -1.570814 0.000004 1.819923
    80 0.753901 0.305904 4.971474 -0.000001 -0.000002 0.000000
    81 1.101010 -0.314705 3.448315 0.000000 -0.000001 0.000000
    82 5.809341 -1.029617 -4.594752 -1.570814 0.000004 1.819922
    83 0.714908 -0.199655 5.028969 0.000000 -0.000003 0.000000
    84 0.282897 -0.851688 4.444893 0.000000 0.000000 0.000000
  time 18
    0 0.077471 -0.082034 37.626350 1.628128 0.042509 -0.108131
    1 3.983847 0.002149 0.003401 -1.665020 -0.218532 -1.443500
    2 15.938816 -0.000100 -0.000005 -0.000009 -0.000002 0.314091
    3 17.707025 -0.000068 0.000003 -0.175006 -0.144485 -1.170738
    4 6.202515 0.003416 -0.000367 0.020247 -0.027684 -0.404243
    5 -3.983848 0.002149 0.003395 -1.529203 -0.082809 -1.482179
    6 15.938826 -0.000113 -0.000001 0.000002 0.000010 0.281348
    7 17.707031 0.000018 0.000000 0.169053 0.318639 -1.238926
    8 6.202710 0.003078 0.003745 -0.111776 0.023838 -0.468131
    9 -0.000001 4.209253 -1.688832 1.575301 0.091120 1.584357
    10 3.836055 0.000000 0.000000 -0.006052 0.036027 -0.034552
    11 3.617625 -0.000275 -0.000015 -0.012739 -0.025475 -0.023614
    12 7.537925 0.003588 -0.000212 0.029707 0.057722 0.295776
    13 3.181604 -0.002346 0.000028 3.173514 -0.042409 0.187046
    14 2.966416 0.000318 0.000023 0.073174 0.042244 0.153640
    15 2.023770 0.904983 0.850949 1.853853 -1.253836 2.541397
    16 4.980521 0.000781 -0.001089 -1.652703 0.363033 -1.161441
    17 11.119977 0.000007 0.000004 -0.000003 -0.106448 -0.307276
    18 11.205393 -0.000039 0.000000 1.530041 -0.097163 0.122532
    19 3.767578 0.152466 0.071350 0.161510 0.116815 -0.535178
    20 2.037109 0.000000 -0.000002 -0.025500 -0.063436 -0.943058
    21 1.066406 -0.000002 0.000001 -0.001546 0.012034 -0.436579
    22 3.783203 -0.017242 0.794434 0.168904 -0.026920 -0.368804
    23 1.628906 0.000001 -0.000001 -0.061251 0.003142 -0.834908
    24 0.955566 -0.000004 0.000000 -0.005388 -0.042122 -0.207877
    25 1.258789 -0.297852 1.251953 -1.291947 -0.539750 -0.506113
    26 1.392578 0.000004 -0.000004 0.001372 -0.188351 0.491767
    27 1.099609 0.000000 -0.000002 0.009529 -0.039492 -0.040356
    28 3.548828 0.198730 -1.489258 0.122069 0.218121 -0.679757
    29 1.218750 0.000002 0.000003 0.002969 0.019929 -1.051738
    30 0.681774 -0.000006 0.000000 0.028387 -0.181321 -0.761958
    31 3.697042 0.266204 -0.725138 0.148081 0.167551 -0.656351
    32 1.747315 -0.000008 -0.000001 -0.016831 -0.101072 -0.899610
    33 0.959961 0.000010 0.000001 -0.001254 0.009906 -0.608348
    34 2.023778 0.904982 -0.850921 -1.341413 1.195032 3.380864
    35 4.981625 0.002227 0.003236 1.387901 0.102189 -0.910102
    36 11.119975 -0.000005 0.000000 0.000001 0.050589 -0.299332
    37 11.205375 0.000073 0.000008 -1.633966 -0.030295 0.281890
    38 3.767578 0.151855 -0.072693 -0.061811 -0.104916 -0.601450
    39 2.036716 -0.000004 0.000000 -0.053356 0.002610 -1.343694
    40 1.063287 -0.000004 0.000001 0.243360 0.222157 -0.479503
    41 3.783203 -0.023941 -0.794434 0.145529 -0.103829 -0.523859
    42 1.628906 0.000001 0.000001 -0.001787 -0.229023 -0.812505
    43 0.954089 -0.000004 0.000000 -0.124324 -0.037089 -0.833093
    44 1.258789 -0.308350 -1.250000 1.086305 0.326419 -0.551994
    45 1.392578 -0.000001 0.000001 -0.000830 -0.001840 0.382344
    46 1.099609 0.000000 -0.000004 -0.008997 -0.009551 0.469381
    47 3.546538 0.208125 1.487114 0.073439 -0.031440 -0.676398
    48 1.218750 0.000007 -0.000001 0.021045 -0.138837 -0.848034
    49 0.679688 0.000004 0.000002 -0.104181 0.098128 -1.071578
    50 3.697266 0.273682 0.726563 0.065645 -0.112157 -0.666607
    51 1.747310 0.000004 0.000000 -0.074580 0.021053 -1.335361
    52 0.959961 -0.000004 -0.000001 0.003325 -0.009470 -0.821513
    53 -3.756462 5.577850 2.053357 1.570803 -0.000001 0.000000
    54 -2.735646 -0.081365 5.727119 0.000007 0.000015 1.570796
    55 0.000001 5.662003 -0.974302 1.570804 -0.000001 0.000000
    56 -0.000002 -2.275002 5.113525 0.000000 0.000000 -3.141592
    57 -2.477620 5.416855 4.597564 1.570804 -0.000001 0.000000
    58 -1.515218 1.317776 5.998497 0.000000 0.000000 0.000000
    59 -2.455992 5.657928 -0.087295 1.570804 -0.000001 0.000000
    60 -1.485628 -1.617812 5.263969 0.000000 0.000000 3.141592
    61 3.756460 5.577858 2.053359 1.570803 -0.000001 0.000000
    62 2.735645 -0.081364 5.727116 0.000004 -0.000011 -1.570795
    63 2.477613 5.416855 4.597570 1.570804 -0.000001 0.000000
    64 1.515220 1.317777 5.998508 0.000000 0.000000 0.000000
    65 2.455991 5.657928 -0.087293 1.570804 -0.000001 0.000000
    66 1.485620 -1.617803 5.263973 0.000000 0.000000 -3.141592
    67 4.575642 5.632584 0.000132 0.000000 -1.570771 0.249128
    68 -0.000001 0.314078 5.161098 0.000000 0.000000 0.000000
    69 -0.000001 -0.323108 3.750217 0.000000 0.000000 0.000000
    70 5.734947 1.075212 4.685178 1.570830 -0.000004 -1.321669
    71 -0.753896 0.305901 4.971462 -0.000001 0.000002 0.000000
    72 -1.101006 -0.314705 3.448307 0.000001 0.000001 0.000000
    73 5.809101 -1.029643 4.595047 1.570829 -0.000004 -1.321671
    74 -0.714908 -0.199657 5.028973 0.000000 0.000003 0.000000
    75 -0.282898 -0.851690 4.444889 0.000000 0.000000 0.000000
    76 9.578484 -1.290738 0.000240 0.000000 1.570770 -2.892481
    77 9.369518 -1.236408 1.787905 0.000000 1.570770 -2.892481
    78 9.436707 -1.331719 -1.409029 0.000000 1.570770 -2.892477
    79 5.735191 1.075235 -4.684885 -1.570814 0.000004 1.819923
    80 0.753901 0.305904 4.971474 -0.000001 -0.000002 0.000000
    81 1.101010 -0.314705 3.448315 0.000000 -0.000001 0.000000
    82 5.809341 -1.029617 -4.594752 -1.570814 0.000004 1.819922
    83 0.714908 -0.199655 5.028969 0.000000 -0.000003 0.000000
    84 0.282897 -0.851688 4.444893 0.000000 0.000000 0.000000
  time 19
    0 0.089191 -0.078127 37.626350 1.628368 0.042282 -0.108450
    1 3.983847 0.002149 0.003401 -1.664640 -0.218399 -1.444304
    2 15.938816 -0.000100 -0.000005 -0.000009 -0.000002 0.312752
    3 17.707025 -0.000068 0.000003 -0.174924 -0.145270 -1.169881
    4 6.202515 0.003416 -0.000367 0.020247 -0.027684 -0.404243
    5 -3.983848 0.002149 0.003395 -1.529298 -0.082981 -1.482834
    6 15.938826 -0.000113 -0.000001 0.000002 0.000010 0.280907
    7 17.707031 0.000018 0.000000 0.169325 0.318210 -1.238504
    8 6.202710 0.003078 0.003745 -0.111776 0.023838 -0.467996
    9 -0.000001 4.209253 -1.688832 1.575205 0.090757 1.584644
    10 3.836055 0.000000 0.000000 -0.005861 0.035236 -0.035032
    11 3.617625 -0.000275 -0.000015 -0.012811 -0.025115 -0.023980
    12 7.537925 0.003588 -0.000212 0.029863 0.057266 0.295021
    13 3.181604 -0.002346 0.000028 3.173610 -0.042625 0.188136
    14 2.966416 0.000318 0.000023 0.073078 0.042148 0.152642
    15 2.023770 0.904983 0.850949 1.857203 -1.255465 2.538316
    16 4.980521 0.000781 -0.001089 -1.652549 0.363809 -1.162465
    17 11.119977 0.000007 0.000004 -0.000003 -0.106448 -0.308706
    18 11.205393 -0.000039 0.000000 1.530137 -0.096409 0.122724
    19 3.767578 0.152466 0.071350 0.161510 0.116815 -0.535178
    20 2.037109 0.000000 -0.000002 -0.025500 -0.063436 -0.943058
    21 1.066406 -0.000002 0.000001 -0.001546 0.012034 -0.436579
    22 3.783203 -0.017242 0.794434 0.168904 -0.026920 -0.368804
    23 1.628906 0.000001 -0.000001 -0.061251 0.003142 -0.834908
    24 0.955566 -0.000004 0.000000 -0.005388 -0.042122 -0.207877
    25 1.258789 -0.297852 1.251953 -1.291947 -0.539750 -0.506113
    26 1.392578 0.000004 -0.000004 0.001372 -0.188351 0.491767
    27 1.099609 0.000000 -0.000002 0.009529 -0.039492 -0.040356
    28 3.548828 0.198730 -1.489258 0.122069 0.218121 -0.679757
    29 1.218750 0.000002 0.000003 0.002969 0.019929 -1.051738
    30 0.681774 -0.000006 0.000000 0.028387 -0.181321 -0.761974
    31 3.697042 0.266204 -0.725138 0.148081 0.167551 -0.656351
    32 1.747315 -0.000008 -0.000001 -0.016831 -0.101072 -0.899610
    33 0.959961 0.000010 0.000001 -0.001254 0.009906 -0.608348
    34 2.023778 0.904982 -0.850921 -1.339952 1.196986 3.382219
    35 4.981625 0.002227 0.003236 1.388262 0.102244 -0.911454
    36 11.119975 -0.000005 0.000000 0.000001 0.050589 -0.299332
    37 11.205375 0.000073 0.000008 -1.632916 -0.030211 0.281422
    38 3.767578 0.151855 -0.072693 -0.061811 -0.104916 -0.601450
    39 2.036716 -0.000004 0.000000 -0.053356 0.002610 -1.343694
    40 1.063287 -0.000004 0.000001 0.243360 0.222157 -0.479503
    41 3.783203 -0.023941 -0.794434 0.145529 -0.103829 -0.523859
    42 1.628906 0.000001 0.000001 -0.001787 -0.229023 -0.812505
    43 0.954089 -0.000004 0.000000 -0.124324 -0.037089 -0.833093
    44 1.258789 -0.308350 -1.250000 1.086305 0.326419 -0.551994
    45 1.392578 -0.000001 0.000001 -0.000830 -0.001840 0.382344
    46 1.099609 0.000000 -0.000004 -0.008997 -0.009551 0.469381
    47 3.546538 0.208125 1.487114 0.073353 -0.031368 -0.676518
    48 1.218750 0.000007 -0.000001 0.021045 -0.138837 -0.848034
    49 0.679688 0.000004 0.000002 -0.104181 0.098128 -1.071578
    50 3.697266 0.273682 0.726563 0.065645 -0.112157 -0.666607
    51 1.747310 0.000004 0.000000 -0.074580 0.021053 -1.335396
    52 0.959961 -0.000004 -0.000001 0.003325 -0.009470 -0.821513
    53 -3.756462 5.577850 2.053357 1.570803 -0.000001 0.000000
    54 -2.735646 -0.081365 5.727119 0.000007 0.000015 1.570796
    55 0.000001 5.662003 -0.974302 1.570804 -0.000001 0.000000
    56 -0.000002 -2.275002 5.113525 0.000000 0.000000 -3.141592
    57 -2.477620 5.416855 4.597564 1.570804 -0.000001 0.000000
    58 -1.515218 1.317776 5.998497 0.000000 0.000000 0.000000
    59 -2.455992 5.657928 -0.087295 1.570804 -0.000001 0.000000
    60 -1.485628 -1.617812 5.263969 0.000000 0.000000 3.141592
    61 3.756460 5.577858 2.053359 1.570803 -0.000001 0.000000
    62 2.735645 -0.081364 5.727116 0.000004 -0.000011 -1.570795
    63 2.477613 5.416855 4.597570 1.570804 -0.000001 0.000000
    64 1.515220 1.317777 5.998508 0.000000 0.000000 0.000000
    65 2.455991 5.657928 -0.087293 1.570804 -0.000001 0.000000
    66 1.485620 -1.617803 5.263973 0.000000 0.000000 -3.141592
    67 4.575642 5.632584 0.000132 0.000000 -1.570771 0.249128
    68 -0.000001 0.314078 5.161098 0.000000 0.000000 0.000000
    69 -0.000001 -0.323108 3.750217 0.000000 0.000000 0.000000
    70 5.734947 1.075212 4.685178 1.570830 -0.000004 -1.321669
    71 -0.753896 0.305901 4.971462 -0.000001 0.000002 0.000000
    72 -1.101006 -0.314705 3.448307 0.000001 0.000001 0.000000
    73 5.809101 -1.029643 4.595047 1.570829 -0.000004 -1.321671
    74 -0.714908 -0.199657 5.028973 0.000000 0.000003 0.000000
    75 -0.282898 -0.851690 4.444889 0.000000 0.000000 0.000000
    76 9.578484 -1.290738 0.000240 0.000000 1.570770 -2.892481
    77 9.369518 -1.236408 1.787905 0.000000 1.570770 -2.892481
    78 9.436707 -1.331719 -1.409029 0.000000 1.570770 -2.892477
    79 5.735191 1.075235 -4.684885 -1.570814 0.000004 1.819923
    80 0.753901 0.305904 4.971474 -0.000001 -0.000002 0.000000
    81 1.101010 -0.314705 3.448315 0.000000 -0.000001 0.000000
    82 5.809341 -1.029617 -4.594752 -1.570814 0.000004 1.819922
    83 0.714908 -0.199655 5.028969 0.000000 -0.000003 0.000000
    84 0.282897 -0.851688 4.444893 0.000000 0.000000 0.000000
  time 20
    0 0.100910 -0.078127 37.626350 1.628703 0.041898 -0.108514
    1 3.983847 0.002149 0.003401 -1.664450 -0.218043 -1.444930
    2 15.938816 -0.000100 -0.000005 -0.000009 -0.000002 0.311477
    3 17.707025 -0.000068 0.000003 -0.174841 -0.145843 -1.169300
    4 6.202515 0.003416 -0.000367 0.020247 -0.027684 -0.404243
    5 -3.983848 0.002149 0.003395 -1.529298 -0.083196 -1.483490
    6 15.938826 -0.000113 -0.000001 0.000002 0.000010 0.280403
    7 17.707031 0.000018 0.000000 0.169665 0.317835 -1.238115
    8 6.202710 0.003078 0.003745 -0.111776 0.023838 -0.467996
    9 -0.000001 4.209253 -1.688832 1.575157 0.090292 1.585076
    10 3.836055 0.000000 0.000000 -0.005609 0.034373 -0.035511
    11 3.617625 -0.000275 -0.000015 -0.012811 -0.024744 -0.024374
    12 7.537925 0.003588 -0.000212 0.030079 0.056811 0.294278
    13 3.181604 -0.002346 0.000028 3.173802 -0.042565 0.189167
    14 2.966416 0.000318 0.000023 0.072934 0.042076 0.151553
    15 2.023770 0.904983 0.850949 1.860253 -1.256930 2.535415
    16 4.980521 0.000781 -0.001089 -1.652239 0.364551 -1.163575
    17 11.119977 0.000007 0.000004 -0.000003 -0.106448 -0.310021
    18 11.205393 -0.000039 0.000000 1.530617 -0.095910 0.122868
    19 3.767578 0.152466 0.071350 0.161510 0.116815 -0.535178
    20 2.037109 0.000000 -0.000002 -0.025500 -0.063436 -0.943058
    21 1.066406 -0.000002 0.000001 -0.001546 0.012034 -0.436579
    22 3.783203 -0.017242 0.794434 0.168904 -0.026920 -0.368804
    23 1.628906 0.000001 -0.000001 -0.061251 0.003142 -0.834908
    24 0.955566 -0.000004 0.000000 -0.005388 -0.042122 -0.207877
    25 1.258789 -0.297852 1.251953 -1.291947 -0.539750 -0.506113
    26 1.392578 0.000004 -0.000004 0.001372 -0.188351 0.491767
    27 1.099609 0.000000 -0.000002 0.009529 -0.039492 -0.040356
    28 3.548828 0.198730 -1.489258 0.122069 0.218121 -0.679757
    29 1.218750 0.000002 0.000003 0.002969 0.019929 -1.051738
    30 0.681774 -0.000006 0.000000 0.028387 -0.181321 -0.761958
    31 3.697042 0.266204 -0.725138 0.148081 0.167551 -0.656351
    32 1.747315 -0.000008 -0.000001 -0.016831 -0.101072 -0.899610
    33 0.959961 0.000010 0.000001 -0.001254 0.009906 -0.608348
    34 2.023778 0.904982 -0.850921 -1.338699 1.198900 3.383484
    35 4.981625 0.002227 0.003236 1.388572 0.101942 -0.912894
    36 11.119975 -0.000005 0.000000 0.000001 0.050589 -0.299206
    37 11.205375 0.000073 0.000008 -1.632820 -0.030379 0.281015
    38 3.767578 0.151855 -0.072693 -0.061811 -0.104916 -0.601450
    39 2.036716 -0.000004 0.000000 -0.053356 0.002610 -1.343653
    40 1.063287 -0.000004 0.000001 0.243360 0.222157 -0.479503
    41 3.783203 -0.023941 -0.794434 0.145529 -0.103829 -0.523859
    42 1.628906 0.000001 0.000001 -0.001787 -0.229023 -0.812505
    43 0.954089 -0.000004 0.000000 -0.124324 -0.037089 -0.833093
    44 1.258789 -0.308350 -1.250000 1.086305 0.326419 -0.551994
    45 1.392578 -0.000001 0.000001 -0.000830 -0.001840 0.382344
    46 1.099609 0.000000 -0.000004 -0.008997 -0.009551 0.469381
    47 3.546538 0.208125 1.487114 0.073310 -0.031332 -0.676566
    48 1.218750 0.000007 -0.000001 0.021045 -0.138837 -0.848034
    49 0.679688 0.000004 0.000002 -0.104181 0.098128 -1.071578
    50 3.697266 0.273682 0.726563 0.065645 -0.112157 -0.666607
    51 1.747310 0.000004 0.000000 -0.074580 0.021053 -1.335361
    52 0.959961 -0.000004 -0.000001 0.003325 -0.009470 -0.821513
    53 -3.756462 5.577850 2.053357 1.570803 -0.000001 0.000000
    54 -2.735646 -0.081365 5.727119 0.000007 0.000015 1.570796
    55 0.000001 5.662003 -0.974302 1.570804 -0.000001 0.000000
    56 -0.000002 -2.275002 5.113525 0.000000 0.000000 -3.141592
    57 -2.477620 5.416855 4.597564 1.570804 -0.000001 0.000000
    58 -1.515218 1.317776 5.998497 0.000000 0.000000 0.000000
    59 -2.455992 5.657928 -0.087295 1.570804 -0.000001 0.000000
    60 -1.485628 -1.617812 5.263969 0.000000 0.000000 3.141592
    61 3.756460 5.577858 2.053359 1.570803 -0.000001 0.000000
    62 2.735645 -0.081364 5.727116 0.000004 -0.000011 -1.570795
    63 2.477613 5.416855 4.597570 1.570804 -0.000001 0.000000
    64 1.515220 1.317777 5.998508 0.000000 0.000000 0.000000
    65 2.455991 5.657928 -0.087293 1.570804 -0.000001 0.000000
    66 1.485620 -1.617803 5.263973 0.000000 0.000000 -3.141592
    67 4.575642 5.632584 0.000132 0.000000 -1.570771 0.249128
    68 -0.000001 0.314078 5.161098 0.000000 0.000000 0.000000
    69 -0.000001 -0.323108 3.750217 0.000000 0.000000 0.000000
    70 5.734947 1.075212 4.685178 1.570830 -0.000004 -1.321669
    71 -0.753896 0.305901 4.971462 -0.000001 0.000002 0.000000
    72 -1.101006 -0.314705 3.448307 0.000001 0.000001 0.000000
    73 5.809101 -1.029643 4.595047 1.570829 -0.000004 -1.321671
    74 -0.714908 -0.199657 5.028973 0.000000 0.000003 0.000000
    75 -0.282898 -0.851690 4.444889 0.000000 0.000000 0.000000
    76 9.578484 -1.290738 0.000240 0.000000 1.570770 -2.892481
    77 9.369518 -1.236408 1.787905 0.000000 1.570770 -2.892481
    78 9.436707 -1.331719 -1.409029 0.000000 1.570770 -2.892477
    79 5.735191 1.075235 -4.684885 -1.570814 0.000004 1.819923
    80 0.753901 0.305904 4.971474 -0.000001 -0.000002 0.000000
    81 1.101010 -0.314705 3.448315 0.000000 -0.000001 0.000000
    82 5.809341 -1.029617 -4.594752 -1.570814 0.000004 1.819922
    83 0.714908 -0.199655 5.028969 0.000000 -0.000003 0.000000
    84 0.282897 -0.851688 4.444893 0.000000 0.000000 0.000000
  time 21
    0 0.112629 -0.078127 37.657601 1.629135 0.041587 -0.108706
    1 3.983847 0.002149 0.003401 -1.664260 -0.217954 -1.445645
    2 15.938816 -0.000100 -0.000005 -0.000009 -0.000002 0.310393
    3 17.707025 -0.000068 0.000003 -0.174731 -0.146310 -1.168688
    4 6.202515 0.003416 -0.000367 0.020247 -0.027684 -0.404381
    5 -3.983848 0.002149 0.003395 -1.529394 -0.083539 -1.484240
    6 15.938826 -0.000113 -0.000001 0.000002 0.000010 0.279900
    7 17.707031 0.000018 0.000000 0.169982 0.317568 -1.237694
    8 6.202710 0.003078 0.003745 -0.111776 0.023838 -0.467996
    9 -0.000001 4.209253 -1.688832 1.575109 0.089949 1.585651
    10 3.836055 0.000000 0.000000 -0.005297 0.033462 -0.035990
    11 3.617625 -0.000275 -0.000015 -0.012859 -0.024444 -0.024740
    12 7.537925 0.003588 -0.000212 0.030294 0.056355 0.293547
    13 3.181604 -0.002346 0.000028 3.174185 -0.042637 0.190030
    14 2.966416 0.000318 0.000023 0.073078 0.042172 0.150463
    15 2.023770 0.904983 0.850949 1.863803 -1.258640 2.532152
    16 4.980521 0.000781 -0.001089 -1.651981 0.365327 -1.164570
    17 11.119977 0.000007 0.000004 -0.000003 -0.106448 -0.311221
    18 11.205393 -0.000039 0.000000 1.530761 -0.095606 0.123491
    19 3.767578 0.152466 0.071350 0.161510 0.116815 -0.535178
    20 2.037109 0.000000 -0.000002 -0.025500 -0.063436 -0.943058
    21 1.066406 -0.000002 0.000001 -0.001546 0.012034 -0.436579
    22 3.783203 -0.017242 0.794434 0.168904 -0.026920 -0.368804
    23 1.628906 0.000001 -0.000001 -0.061251 0.003142 -0.834908
    24 0.955566 -0.000004 0.000000 -0.005388 -0.042122 -0.207877
    25 1.258789 -0.297852 1.251953 -1.291947 -0.539750 -0.506113
    26 1.392578 0.000004 -0.000004 0.001372 -0.188351 0.491767
    27 1.099609 0.000000 -0.000002 0.009529 -0.039492 -0.040356
    28 3.548828 0.198730 -1.489258 0.122069 0.218121 -0.679757
    29 1.218750 0.000002 0.000003 0.002969 0.019929 -1.051738
    30 0.681774 -0.000006 0.000000 0.028387 -0.181321 -0.761958
    31 3.697042 0.266204 -0.725138 0.148081 0.167551 -0.656351
    32 1.747315 -0.000008 -0.000001 -0.016831 -0.101072 -0.899610
    33 0.959961 0.000010 0.000001 -0.001254 0.009906 -0.608348
    34 2.023778 0.904982 -0.850921 -1.337394 1.200325 3.384658
    35 4.981625 0.002227 0.003236 1.388314 0.101475 -0.913951
    36 11.119975 -0.000005 0.000000 0.000001 0.050589 -0.299332
    37 11.205375 0.000073 0.000008 -1.632916 -0.030786 0.281135
    38 3.767578 0.151855 -0.072693 -0.061811 -0.104916 -0.601450
    39 2.036716 -0.000004 0.000000 -0.053356 0.002610 -1.343694
    40 1.063287 -0.000004 0.000001 0.243360 0.222157 -0.479503
    41 3.783203 -0.023941 -0.794434 0.145529 -0.103829 -0.523859
    42 1.628906 0.000001 0.000001 -0.001787 -0.229023 -0.812505
    43 0.954089 -0.000004 0.000000 -0.124324 -0.037089 -0.833093
    44 1.258789 -0.308350 -1.250000 1.086305 0.326419 -0.551994
    45 1.392578 -0.000001 0.000001 -0.000830 -0.001840 0.382344
    46 1.099609 0.000000 -0.000004 -0.008997 -0.009551 0.469381
    47 3.546538 0.208125 1.487114 0.073310 -0.031308 -0.676566
    48 1.218750 0.000007 -0.000001 0.021045 -0.138837 -0.848034
    49 0.679688 0.000004 0.000002 -0.104181 0.098128 -1.071578
    50 3.697266 0.273682 0.726563 0.065645 -0.112157 -0.666607
    51 1.747310 0.000004 0.000000 -0.074580 0.021053 -1.335396
    52 0.959961 -0.000004 -0.000001 0.003325 -0.009470 -0.821513
    53 -3.756462 5.577850 2.053357 1.570803 -0.000001 0.000000
    54 -2.735646 -0.081365 5.727119 0.000007 0.000015 1.570796
    55 0.000001 5.662003 -0.974302 1.570804 -0.000001 0.000000
    56 -0.000002 -2.275002 5.113525 0.000000 0.000000 -3.141592
    57 -2.477620 5.416855 4.597564 1.570804 -0.000001 0.000000
    58 -1.515218 1.317776 5.998497 0.000000 0.000000 0.000000
    59 -2.455992 5.657928 -0.087295 1.570804 -0.000001 0.000000
    60 -1.485628 -1.617812 5.263969 0.000000 0.000000 3.141592
    61 3.756460 5.577858 2.053359 1.570803 -0.000001 0.000000
    62 2.735645 -0.081364 5.727116 0.000004 -0.000011 -1.570795
    63 2.477613 5.416855 4.597570 1.570804 -0.000001 0.000000
    64 1.515220 1.317777 5.998508 0.000000 0.000000 0.000000
    65 2.455991 5.657928 -0.087293 1.570804 -0.000001 0.000000
    66 1.485620 -1.617803 5.263973 0.000000 0.000000 -3.141592
    67 4.575642 5.632584 0.000132 0.000000 -1.570771 0.249128
    68 -0.000001 0.314078 5.161098 0.000000 0.000000 0.000000
    69 -0.000001 -0.323108 3.750217 0.000000 0.000000 0.000000
    70 5.734947 1.075212 4.685178 1.570830 -0.000004 -1.321669
    71 -0.753896 0.305901 4.971462 -0.000001 0.000002 0.000000
    72 -1.101006 -0.314705 3.448307 0.000001 0.000001 0.000000
    73 5.809101 -1.029643 4.595047 1.570829 -0.000004 -1.321671
    74 -0.714908 -0.199657 5.028973 0.000000 0.000003 0.000000
    75 -0.282898 -0.851690 4.444889 0.000000 0.000000 0.000000
    76 9.578484 -1.290738 0.000240 0.000000 1.570770 -2.892481
    77 9.369518 -1.236408 1.787905 0.000000 1.570770 -2.892481
    78 9.436707 -1.331719 -1.409029 0.000000 1.570770 -2.892477
    79 5.735191 1.075235 -4.684885 -1.570814 0.000004 1.819923
    80 0.753901 0.305904 4.971474 -0.000001 -0.000002 0.000000
    81 1.101010 -0.314705 3.448315 0.000000 -0.000001 0.000000
    82 5.809341 -1.029617 -4.594752 -1.570814 0.000004 1.819922
    83 0.714908 -0.199655 5.028969 0.000000 -0.000003 0.000000
    84 0.282897 -0.851688 4.444893 0.000000 0.000000 0.000000
  time 22
    0 0.124348 -0.082034 37.657601 1.629566 0.041323 -0.108834
    1 3.983847 0.002149 0.003401 -1.663880 -0.217909 -1.446361
    2 15.938816 -0.000100 -0.000005 -0.000009 -0.000002 0.309373
    3 17.707025 -0.000068 0.000003 -0.174593 -0.146882 -1.168199
    4 6.202515 0.003416 -0.000367 0.020247 -0.027684 -0.404381
    5 -3.983848 0.002149 0.003395 -1.529394 -0.083840 -1.484802
    6 15.938826 -0.000113 -0.000001 0.000002 0.000010 0.279522
    7 17.707031 0.000018 0.000000 0.170368 0.317264 -1.237467
    8 6.202710 0.003078 0.003745 -0.111776 0.023838 -0.467996
    9 -0.000001 4.209253 -1.688832 1.575013 0.089707 1.586035
    10 3.836055 0.000000 0.000000 -0.004974 0.032443 -0.036350
    11 3.617625 -0.000275 -0.000015 -0.012859 -0.024085 -0.025219
    12 7.537925 0.003588 -0.000212 0.030426 0.055852 0.292792
    13 3.181604 -0.002346 0.000028 3.174569 -0.042589 0.190761
    14 2.966416 0.000318 0.000023 0.073449 0.042280 0.149601
    15 2.023770 0.904983 0.850949 1.867153 -1.260351 2.529071
    16 4.980521 0.000781 -0.001089 -1.651826 0.366002 -1.165481
    17 11.119977 0.000007 0.000004 -0.000003 -0.106448 -0.312822
    18 11.205393 -0.000039 0.000000 1.530521 -0.095910 0.124594
    19 3.767578 0.152466 0.071350 0.161510 0.116815 -0.535178
    20 2.037109 0.000000 -0.000002 -0.025500 -0.063436 -0.943058
    21 1.066406 -0.000002 0.000001 -0.001546 0.012034 -0.436579
    22 3.783203 -0.017242 0.794434 0.168904 -0.026920 -0.368804
    23 1.628906 0.000001 -0.000001 -0.061251 0.003142 -0.834908
    24 0.955566 -0.000004 0.000000 -0.005388 -0.042122 -0.207877
    25 1.258789 -0.297852 1.251953 -1.291947 -0.539750 -0.506113
    26 1.392578 0.000004 -0.000004 0.001372 -0.188351 0.491767
    27 1.099609 0.000000 -0.000002 0.009529 -0.039492 -0.040356
    28 3.548828 0.198730 -1.489258 0.122069 0.218121 -0.679757
    29 1.218750 0.000002 0.000003 0.002969 0.019929 -1.051738
    30 0.681774 -0.000006 0.000000 0.028387 -0.181321 -0.761958
    31 3.697042 0.266204 -0.725138 0.148081 0.167551 -0.656351
    32 1.747315 -0.000008 -0.000001 -0.016843 -0.101072 -0.899610
    33 0.959961 0.000010 0.000001 -0.001254 0.009906 -0.608348
    34 2.023778 0.904982 -0.850921 -1.336246 1.201546 3.385742
    35 4.981625 0.002227 0.003236 1.387643 0.100898 -0.914892
    36 11.119975 -0.000005 0.000000 0.000001 0.050589 -0.299584
    37 11.205375 0.000073 0.000008 -1.632820 -0.031685 0.281542
    38 3.767578 0.151855 -0.072693 -0.061811 -0.104916 -0.601450
    39 2.036716 -0.000004 0.000000 -0.053356 0.002610 -1.343653
    40 1.063287 -0.000004 0.000001 0.243360 0.222157 -0.479503
    41 3.783203 -0.023941 -0.794434 0.145529 -0.103829 -0.523859
    42 1.628906 0.000001 0.000001 -0.001787 -0.229023 -0.812505
    43 0.954089 -0.000004 0.000000 -0.124324 -0.037089 -0.833093
    44 1.258789 -0.308350 -1.250000 1.086305 0.326419 -0.551994
    45 1.392578 -0.000001 0.000001 -0.000830 -0.001840 0.382344
    46 1.099609 0.000000 -0.000004 -0.008997 -0.009551 0.469381
    47 3.546538 0.208125 1.487114 0.073310 -0.031332 -0.676566
    48 1.218750 0.000007 -0.000001 0.021045 -0.138837 -0.848034
    49 0.679688 0.000004 0.000002 -0.104181 0.098128 -1.071578
    50 3.697266 0.273682 0.726563 0.065645 -0.112157 -0.666607
    51 1.747310 0.000004 0.000000 -0.074580 0.021053 -1.335361
    52 0.959961 -0.000004 -0.000001 0.003325 -0.009470 -0.821513
    53 -3.756462 5.577850 2.053357 1.570803 -0.000001 0.000000
    54 -2.735646 -0.081365 5.727119 0.000007 0.000015 1.570796
    55 0.000001 5.662003 -0.974302 1.570804 -0.000001 0.000000
    56 -0.000002 -2.275002 5.113525 0.000000 0.000000 -3.141592
    57 -2.477620 5.416855 4.597564 1.570804 -0.000001 0.000000
    58 -1.515218 1.317776 5.998497 0.000000 0.000000 0.000000
    59 -2.455992 5.657928 -0.087295 1.570804 -0.000001 0.000000
    60 -1.485628 -1.617812 5.263969 0.000000 0.000000 3.141592
    61 3.756460 5.577858 2.053359 1.570803 -0.000001 0.000000
    62 2.735645 -0.081364 5.727116 0.000004 -0.000011 -1.570795
    63 2.477613 5.416855 4.597570 1.570804 -0.000001 0.000000
    64 1.515220 1.317777 5.998508 0.000000 0.000000 0.000000
    65 2.455991 5.657928 -0.087293 1.570804 -0.000001 0.000000
    66 1.485620 -1.617803 5.263973 0.000000 0.000000 -3.141592
    67 4.575642 5.632584 0.000132 0.000000 -1.570771 0.249128
    68 -0.000001 0.314078 5.161098 0.000000 0.000000 0.000000
    69 -0.000001 -0.323108 3.750217 0.000000 0.000000 0.000000
    70 5.734947 1.075212 4.685178 1.570830 -0.000004 -1.321669
    71 -0.753896 0.305901 4.971462 -0.000001 0.000002 0.000000
    72 -1.101006 -0.314705 3.448307 0.000001 0.000001 0.000000
    73 5.809101 -1.029643 4.595047 1.570829 -0.000004 -1.321671
    74 -0.714908 -0.199657 5.028973 0.000000 0.000003 0.000000
    75 -0.282898 -0.851690 4.444889 0.000000 0.000000 0.000000
    76 9.578484 -1.290738 0.000240 0.000000 1.570770 -2.892481
    77 9.369518 -1.236408 1.787905 0.000000 1.570770 -2.892481
    78 9.436707 -1.331719 -1.409029 0.000000 1.570770 -2.892477
    79 5.735191 1.075235 -4.684885 -1.570814 0.000004 1.819923
    80 0.753901 0.305904 4.971474 -0.000001 -0.000002 0.000000
    81 1.101010 -0.314705 3.448315 0.000000 -0.000001 0.000000
    82 5.809341 -1.029617 -4.594752 -1.570814 0.000004 1.819922
    83 0.714908 -0.199655 5.028969 0.000000 -0.000003 0.000000
    84 0.282897 -0.851688 4.444893 0.000000 0.000000 0.000000
  time 23
    0 0.132161 -0.082034 37.657601 1.629998 0.041023 -0.108834
    1 3.983847 0.002149 0.003401 -1.663405 -0.217998 -1.447076
    2 15.938816 -0.000100 -0.000005 -0.000009 -0.000002 0.308353
    3 17.707025 -0.000068 0.000003 -0.174538 -0.147455 -1.167740
    4 6.202515 0.003416 -0.000367 0.020247 -0.027684 -0.404381
    5 -3.983848 0.002149 0.003395 -1.529489 -0.084098 -1.485364
    6 15.938826 -0.000113 -0.000001 0.000002 0.000010 0.279144
    7 17.707031 0.000018 0.000000 0.170708 0.317015 -1.237045
    8 6.202710 0.003078 0.003745 -0.111776 0.023838 -0.467996
    9 -0.000001 4.209253 -1.688832 1.575013 0.089404 1.586658
    10 3.836055 0.000000 0.000000 -0.004650 0.031401 -0.036829
    11 3.617625 -0.000275 -0.000015 -0.012859 -0.023713 -0.025585
    12 7.537925 0.003588 -0.000212 0.030606 0.055397 0.292049
    13 3.181604 -0.002346 0.000028 3.175048 -0.042529 0.191492
    14 2.966416 0.000318 0.000023 0.074096 0.042484 0.148784
    15 2.023770 0.904983 0.850949 1.870153 -1.261898 2.526351
    16 4.980521 0.000781 -0.001089 -1.651775 0.366912 -1.165851
    17 11.119977 0.000007 0.000004 -0.000003 -0.106448 -0.314709
    18 11.205393 -0.000039 0.000000 1.529945 -0.096287 0.125876
    19 3.767578 0.152466 0.071350 0.161510 0.116815 -0.535178
    20 2.037109 0.000000 -0.000002 -0.025500 -0.063436 -0.943058
    21 1.066406 -0.000002 0.000001 -0.001546 0.012034 -0.436579
    22 3.783203 -0.017242 0.794434 0.168904 -0.026920 -0.368804
    23 1.628906 0.000001 -0.000001 -0.061251 0.003142 -0.834908
    24 0.955566 -0.000004 0.000000 -0.005388 -0.042122 -0.207877
    25 1.258789 -0.297852 1.251953 -1.291947 -0.539750 -0.506113
    26 1.392578 0.000004 -0.000004 0.001372 -0.188351 0.491767
    27 1.099609 0.000000 -0.000002 0.009529 -0.039492 -0.040356
    28 3.548828 0.198730 -1.489258 0.122069 0.218121 -0.679757
    29 1.218750 0.000002 0.000003 0.002969 0.019929 -1.051738
    30 0.681774 -0.000006 0.000000 0.028387 -0.181321 -0.761958
    31 3.697042 0.266204 -0.725138 0.148081 0.167551 -0.656351
    32 1.747315 -0.000008 -0.000001 -0.016831 -0.101072 -0.899610
    33 0.959961 0.000010 0.000001 -0.001254 0.009906 -0.608348
    34 2.023778 0.904982 -0.850921 -1.335150 1.202849 3.386735
    35 4.981625 0.002227 0.003236 1.386508 0.100073 -0.915861
    36 11.119975 -0.000005 0.000000 0.000001 0.050589 -0.299962
    37 11.205375 0.000073 0.000008 -1.632820 -0.032920 0.281950
    38 3.767578 0.151855 -0.072693 -0.061811 -0.104916 -0.601450
    39 2.036716 -0.000004 0.000000 -0.053356 0.002610 -1.343653
    40 1.063287 -0.000004 0.000001 0.243360 0.222157 -0.479503
    41 3.783203 -0.023941 -0.794434 0.145529 -0.103829 -0.523859
    42 1.628906 0.000001 0.000001 -0.001787 -0.229023 -0.812505
    43 0.954089 -0.000004 0.000000 -0.124324 -0.037089 -0.833093
    44 1.258789 -0.308350 -1.250000 1.086305 0.326419 -0.551994
    45 1.392578 -0.000001 0.000001 -0.000830 -0.001840 0.382344
    46 1.099609 0.000000 -0.000004 -0.008997 -0.009551 0.469381
    47 3.546538 0.208125 1.487114 0.073324 -0.031368 -0.676566
    48 1.218750 0.000007 -0.000001 0.021045 -0.138837 -0.848034
    49 0.679688 0.000004 0.000002 -0.104181 0.098128 -1.071578
    50 3.697266 0.273682 0.726563 0.065645 -0.112157 -0.666607
    51 1.747310 0.000004 0.000000 -0.074580 0.021053 -1.335361
    52 0.959961 -0.000004 -0.000001 0.003325 -0.009470 -0.821513
    53 -3.756462 5.577850 2.053357 1.570803 -0.000001 0.000000
    54 -2.735646 -0.081365 5.727119 0.000007 0.000015 1.570796
    55 0.000001 5.662003 -0.974302 1.570804 -0.000001 0.000000
    56 -0.000002 -2.275002 5.113525 0.000000 0.000000 -3.141592
    57 -2.477620 5.416855 4.597564 1.570804 -0.000001 0.000000
    58 -1.515218 1.317776 5.998497 0.000000 0.000000 0.000000
    59 -2.455992 5.657928 -0.087295 1.570804 -0.000001 0.000000
    60 -1.485628 -1.617812 5.263969 0.000000 0.000000 3.141592
    61 3.756460 5.577858 2.053359 1.570803 -0.000001 0.000000
    62 2.735645 -0.081364 5.727116 0.000004 -0.000011 -1.570795
    63 2.477613 5.416855 4.597570 1.570804 -0.000001 0.000000
    64 1.515220 1.317777 5.998508 0.000000 0.000000 0.000000
    65 2.455991 5.657928 -0.087293 1.570804 -0.000001 0.000000
    66 1.485620 -1.617803 5.263973 0.000000 0.000000 -3.141592
    67 4.575642 5.632584 0.000132 0.000000 -1.570771 0.249128
    68 -0.000001 0.314078 5.161098 0.000000 0.000000 0.000000
    69 -0.000001 -0.323108 3.750217 0.000000 0.000000 0.000000
    70 5.734947 1.075212 4.685178 1.570830 -0.000004 -1.321669
    71 -0.753896 0.305901 4.971462 -0.000001 0.000002 0.000000
    72 -1.101006 -0.314705 3.448307 0.000001 0.000001 0.000000
    73 5.809101 -1.029643 4.595047 1.570829 -0.000004 -1.321671
    74 -0.714908 -0.199657 5.028973 0.000000 0.000003 0.000000
    75 -0.282898 -0.851690 4.444889 0.000000 0.000000 0.000000
    76 9.578484 -1.290738 0.000240 0.000000 1.570770 -2.892481
    77 9.369518 -1.236408 1.787905 0.000000 1.570770 -2.892481
    78 9.436707 -1.331719 -1.409029 0.000000 1.570770 -2.892477
    79 5.735191 1.075235 -4.684885 -1.570814 0.000004 1.819923
    80 0.753901 0.305904 4.971474 -0.000001 -0.000002 0.000000
    81 1.101010 -0.314705 3.448315 0.000000 -0.000001 0.000000
    82 5.809341 -1.029617 -4.594752 -1.570814 0.000004 1.819922
    83 0.714908 -0.199655 5.028969 0.000000 -0.000003 0.000000
    84 0.282897 -0.851688 4.444893 0.000000 0.000000 0.000000
  time 24
    0 0.139973 -0.085940 37.657601 1.630525 0.040712 -0.108770
    1 3.983847 0.002149 0.003401 -1.662930 -0.217954 -1.447791
    2 15.938816 -0.000100 -0.000005 -0.000009 -0.000002 0.307525
    3 17.707025 -0.000068 0.000003 -0.174456 -0.147943 -1.167250
    4 6.202515 0.003416 -0.000367 0.020247 -0.027684 -0.404381
    5 -3.983848 0.002149 0.003395 -1.529489 -0.084269 -1.485926
    6 15.938826 -0.000113 -0.000001 0.000002 0.000010 0.278766
    7 17.707031 0.000018 0.000000 0.171138 0.316961 -1.236786
    8 6.202710 0.003078 0.003745 -0.111776 0.023838 -0.467996
    9 -0.000001 4.209253 -1.688832 1.575013 0.089222 1.587185
    10 3.836055 0.000000 0.000000 -0.004399 0.030430 -0.037189
    11 3.617625 -0.000275 -0.000015 -0.012931 -0.023354 -0.025838
    12 7.537925 0.003588 -0.000212 0.030654 0.055037 0.291294
    13 3.181604 -0.002346 0.000028 3.175432 -0.042708 0.192199
    14 2.966416 0.000318 0.000023 0.074744 0.042664 0.148149
    15 2.023770 0.904983 0.850949 1.872253 -1.263323 2.524539
    16 4.980521 0.000781 -0.001089 -1.651878 0.367655 -1.165822
    17 11.119977 0.000007 0.000004 -0.000003 -0.106448 -0.316939
    18 11.205393 -0.000039 0.000000 1.529129 -0.096591 0.127314
    19 3.767578 0.152466 0.071350 0.161510 0.116815 -0.535178
    20 2.037109 0.000000 -0.000002 -0.025500 -0.063436 -0.943058
    21 1.066406 -0.000002 0.000001 -0.001546 0.012034 -0.436579
    22 3.783203 -0.017242 0.794434 0.168904 -0.026920 -0.368804
    23 1.628906 0.000001 -0.000001 -0.061251 0.003142 -0.834908
    24 0.955566 -0.000004 0.000000 -0.005388 -0.042122 -0.207877
    25 1.258789 -0.297852 1.251953 -1.291947 -0.539750 -0.506113
    26 1.392578 0.000004 -0.000004 0.001372 -0.188351 0.491767
    27 1.099609 0.000000 -0.000002 0.009529 -0.039492 -0.040356
    28 3.548828 0.198730 -1.489258 0.122069 0.218121 -0.679757
    29 1.218750 0.000002 0.000003 0.002969 0.019929 -1.051738
    30 0.681774 -0.000006 0.000000 0.028387 -0.181321 -0.761958
    31 3.697042 0.266204 -0.725138 0.148081 0.167551 -0.656351
    32 1.747315 -0.000008 -0.000001 -0.016831 -0.101072 -0.899610
    33 0.959961 0.000010 0.000001 -0.001254 0.009906 -0.608348
    34 2.023778 0.904982 -0.850921 -1.333846 1.204152 3.388180
    35 4.981625 0.002227 0.003236 1.385683 0.099359 -0.916831
    36 11.119975 -0.000005 0.000000 0.000001 0.050589 -0.300404
    37 11.205375 0.000073 0.000008 -1.633679 -0.034154 0.283220
    38 3.767578 0.151855 -0.072693 -0.061811 -0.104916 -0.601450
    39 2.036716 -0.000004 0.000000 -0.053356 0.002610 -1.343653
    40 1.063287 -0.000004 0.000001 0.243360 0.222157 -0.479503
    41 3.783203 -0.023941 -0.794434 0.145529 -0.103829 -0.523859
    42 1.628906 0.000001 0.000001 -0.001787 -0.229023 -0.812505
    43 0.954089 -0.000004 0.000000 -0.124324 -0.037089 -0.833093
    44 1.258789 -0.308350 -1.250000 1.086305 0.326419 -0.551994
    45 1.392578 -0.000001 0.000001 -0.000830 -0.001840 0.382344
    46 1.099609 0.000000 -0.000004 -0.008997 -0.009551 0.469381
    47 3.546538 0.208125 1.487114 0.073410 -0.031428 -0.676518
    48 1.218750 0.000007 -0.000001 0.021045 -0.138837 -0.848034
    49 0.679688 0.000004 0.000002 -0.104181 0.098128 -1.071578
    50 3.697266 0.273682 0.726563 0.065645 -0.112157 -0.666607
    51 1.747310 0.000004 0.000000 -0.074580 0.021053 -1.335361
    52 0.959961 -0.000004 -0.000001 0.003325 -0.009470 -0.821513
    53 -3.756462 5.577850 2.053357 1.570803 -0.000001 0.000000
    54 -2.735646 -0.081365 5.727119 0.000007 0.000015 1.570796
    55 0.000001 5.662003 -0.974302 1.570804 -0.000001 0.000000
    56 -0.000002 -2.275002 5.113525 0.000000 0.000000 -3.141592
    57 -2.477620 5.416855 4.597564 1.570804 -0.000001 0.000000
    58 -1.515218 1.317776 5.998497 0.000000 0.000000 0.000000
    59 -2.455992 5.657928 -0.087295 1.570804 -0.000001 0.000000
    60 -1.485628 -1.617812 5.263969 0.000000 0.000000 3.141592
    61 3.756460 5.577858 2.053359 1.570803 -0.000001 0.000000
    62 2.735645 -0.081364 5.727116 0.000004 -0.000011 -1.570795
    63 2.477613 5.416855 4.597570 1.570804 -0.000001 0.000000
    64 1.515220 1.317777 5.998508 0.000000 0.000000 0.000000
    65 2.455991 5.657928 -0.087293 1.570804 -0.000001 0.000000
    66 1.485620 -1.617803 5.263973 0.000000 0.000000 -3.141592
    67 4.575642 5.632584 0.000132 0.000000 -1.570771 0.249128
    68 -0.000001 0.314078 5.161098 0.000000 0.000000 0.000000
    69 -0.000001 -0.323108 3.750217 0.000000 0.000000 0.000000
    70 5.734947 1.075212 4.685178 1.570830 -0.000004 -1.321669
    71 -0.753896 0.305901 4.971462 -0.000001 0.000002 0.000000
    72 -1.101006 -0.314705 3.448307 0.000001 0.000001 0.000000
    73 5.809101 -1.029643 4.595047 1.570829 -0.000004 -1.321671
    74 -0.714908 -0.199657 5.028973 0.000000 0.000003 0.000000
    75 -0.282898 -0.851690 4.444889 0.000000 0.000000 0.000000
    76 9.578484 -1.290738 0.000240 0.000000 1.570770 -2.892481
    77 9.369518 -1.236408 1.787905 0.000000 1.570770 -2.892481
    78 9.436707 -1.331719 -1.409029 0.000000 1.570770 -2.892477
    79 5.735191 1.075235 -4.684885 -1.570814 0.000004 1.819923
    80 0.753901 0.305904 4.971474 -0.000001 -0.000002 0.000000
    81 1.101010 -0.314705 3.448315 0.000000 -0.000001 0.000000
    82 5.809341 -1.029617 -4.594752 -1.570814 0.000004 1.819922
    83 0.714908 -0.199655 5.028969 0.000000 -0.000003 0.000000
    84 0.282897 -0.851688 4.444893 0.000000 0.000000 0.000000
  time 25
    0 0.151693 -0.093753 37.657601 1.630860 0.040364 -0.108834
    1 3.983847 0.002149 0.003401 -1.662740 -0.217820 -1.448417
    2 15.938816 -0.000100 -0.000005 -0.000009 -0.000002 0.306696
    3 17.707025 -0.000068 0.000003 -0.174373 -0.148325 -1.167067
    4 6.202515 0.003416 -0.000367 0.020247 -0.027684 -0.404485
    5 -3.983848 0.002149 0.003395 -1.529680 -0.084355 -1.486488
    6 15.938826 -0.000113 -0.000001 0.000002 0.000010 0.278514
    7 17.707031 0.000018 0.000000 0.171456 0.316908 -1.236753
    8 6.202710 0.003078 0.003745 -0.111776 0.023838 -0.467996
    9 -0.000001 4.209253 -1.688832 1.575157 0.089101 1.587425
    10 3.836055 0.000000 0.000000 -0.004219 0.029759 -0.037548
    11 3.617625 -0.000275 -0.000015 -0.013003 -0.022934 -0.026204
    12 7.537925 0.003588 -0.000212 0.030786 0.054893 0.290803
    13 3.181604 -0.002346 0.000028 3.175432 -0.043392 0.193146
    14 2.966416 0.000318 0.000023 0.075199 0.042688 0.147786
    15 2.023770 0.904983 0.850949 1.873303 -1.264259 2.523632
    16 4.980521 0.000781 -0.001089 -1.651981 0.368633 -1.165140
    17 11.119977 0.000007 0.000004 -0.000003 -0.106448 -0.319684
    18 11.205393 -0.000039 0.000000 1.528793 -0.096628 0.129268
    19 3.767578 0.152466 0.071350 0.161510 0.116815 -0.535178
    20 2.037109 0.000000 -0.000002 -0.025500 -0.063436 -0.943058
    21 1.066406 -0.000002 0.000001 -0.001546 0.012034 -0.436579
    22 3.783203 -0.017242 0.794434 0.168904 -0.026920 -0.368804
    23 1.628906 0.000001 -0.000001 -0.061251 0.003142 -0.834908
    24 0.955566 -0.000004 0.000000 -0.005388 -0.042122 -0.207877
    25 1.258789 -0.297852 1.251953 -1.291947 -0.539750 -0.506113
    26 1.392578 0.000004 -0.000004 0.001372 -0.188351 0.491767
    27 1.099609 0.000000 -0.000002 0.009529 -0.039492 -0.040356
    28 3.548828 0.198730 -1.489258 0.122069 0.218121 -0.679757
    29 1.218750 0.000002 0.000003 0.002969 0.019929 -1.051738
    30 0.681774 -0.000006 0.000000 0.028387 -0.181321 -0.761958
    31 3.697042 0.266204 -0.725138 0.148081 0.167551 -0.656351
    32 1.747315 -0.000008 -0.000001 -0.016831 -0.101072 -0.899610
    33 0.959961 0.000010 0.000001 -0.001254 0.009906 -0.608348
    34 2.023778 0.904982 -0.850921 -1.332697 1.205536 3.389174
    35 4.981625 0.002227 0.003236 1.385063 0.098534 -0.917800
    36 11.119975 -0.000005 0.000000 0.000001 0.050589 -0.300719
    37 11.205375 0.000073 0.000008 -1.634395 -0.035304 0.284095
    38 3.767578 0.151855 -0.072693 -0.061811 -0.104916 -0.601450
    39 2.036716 -0.000004 0.000000 -0.053356 0.002610 -1.343694
    40 1.063287 -0.000004 0.000001 0.243360 0.222157 -0.479503
    41 3.783203 -0.023941 -0.794434 0.145529 -0.103829 -0.523859
    42 1.628906 0.000001 0.000001 -0.001787 -0.229023 -0.812505
    43 0.954089 -0.000004 0.000000 -0.124324 -0.037089 -0.833093
    44 1.258789 -0.308350 -1.250000 1.086305 0.326419 -0.551994
    45 1.392578 -0.000001 0.000001 -0.000830 -0.001840 0.382344
    46 1.099609 0.000000 -0.000004 -0.008997 -0.009551 0.469381
    47 3.546538 0.208125 1.487114 0.073468 -0.031488 -0.676458
    48 1.218750 0.000007 -0.000001 0.021045 -0.138837 -0.848034
    49 0.679688 0.000004 0.000002 -0.104181 0.098128 -1.071578
    50 3.697266 0.273682 0.726563 0.065645 -0.112157 -0.666607
    51 1.747310 0.000004 0.000000 -0.074580 0.021053 -1.335361
    52 0.959961 -0.000004 -0.000001 0.003325 -0.009470 -0.821513
    53 -3.756462 5.577850 2.053357 1.570803 -0.000001 0.000000
    54 -2.735646 -0.081365 5.727119 0.000007 0.000015 1.570796
    55 0.000001 5.662003 -0.974302 1.570804 -0.000001 0.000000
    56 -0.000002 -2.275002 5.113525 0.000000 0.000000 -3.141592
    57 -2.477620 5.416855 4.597564 1.570804 -0.000001 0.000000
    58 -1.515218 1.317776 5.998497 0.000000 0.000000 0.000000
    59 -2.455992 5.657928 -0.087295 1.570804 -0.000001 0.000000
    60 -1.485628 -1.617812 5.263969 0.000000 0.000000 3.141592
    61 3.756460 5.577858 2.053359 1.570803 -0.000001 0.000000
    62 2.735645 -0.081364 5.727116 0.000004 -0.000011 -1.570795
    63 2.477613 5.416855 4.597570 1.570804 -0.000001 0.000000
    64 1.515220 1.317777 5.998508 0.000000 0.000000 0.000000
    65 2.455991 5.657928 -0.087293 1.570804 -0.000001 0.000000
    66 1.485620 -1.617803 5.263973 0.000000 0.000000 -3.141592
    67 4.575642 5.632584 0.000132 0.000000 -1.570771 0.249128
    68 -0.000001 0.314078 5.161098 0.000000 0.000000 0.000000
    69 -0.000001 -0.323108 3.750217 0.000000 0.000000 0.000000
    70 5.734947 1.075212 4.685178 1.570830 -0.000004 -1.321669
    71 -0.753896 0.305901 4.971462 -0.000001 0.000002 0.000000
    72 -1.101006 -0.314705 3.448307 0.000001 0.000001 0.000000
    73 5.809101 -1.029643 4.595047 1.570829 -0.000004 -1.321671
    74 -0.714908 -0.199657 5.028973 0.000000 0.000003 0.000000
    75 -0.282898 -0.851690 4.444889 0.000000 0.000000 0.000000
    76 9.578484 -1.290738 0.000240 0.000000 1.570770 -2.892481
    77 9.369518 -1.236408 1.787905 0.000000 1.570770 -2.892481
    78 9.436707 -1.331719 -1.409029 0.000000 1.570770 -2.892477
    79 5.735191 1.075235 -4.684885 -1.570814 0.000004 1.819923
    80 0.753901 0.305904 4.971474 -0.000001 -0.000002 0.000000
    81 1.101010 -0.314705 3.448315 0.000000 -0.000001 0.000000
    82 5.809341 -1.029617 -4.594752 -1.570814 0.000004 1.819922
    83 0.714908 -0.199655 5.028969 0.000000 -0.000003 0.000000
    84 0.282897 -0.851688 4.444893 0.000000 0.000000 0.000000
  time 26
    0 0.159505 -0.097659 37.657601 1.631148 0.040017 -0.108897
    1 3.983847 0.002149 0.003401 -1.662550 -0.217553 -1.449043
    2 15.938816 -0.000100 -0.000005 -0.000009 -0.000002 0.305931
    3 17.707025 -0.000068 0.000003 -0.174235 -0.148622 -1.166761
    4 6.202515 0.003416 -0.000367 0.020247 -0.027684 -0.404485
    5 -3.983848 0.002149 0.003395 -1.529776 -0.084527 -1.487144
    6 15.938826 -0.000113 -0.000001 0.000002 0.000010 0.278199
    7 17.707031 0.000018 0.000000 0.171773 0.316800 -1.236559
    8 6.202710 0.003078 0.003745 -0.111776 0.023838 -0.467996
    9 -0.000001 4.209253 -1.688832 1.575205 0.089040 1.587473
    10 3.836055 0.000000 0.000000 -0.004027 0.029279 -0.037788
    11 3.617625 -0.000275 -0.000015 -0.013003 -0.022623 -0.026458
    12 7.537925 0.003588 -0.000212 0.030834 0.054893 0.290192
    13 3.181604 -0.002346 0.000028 3.176199 -0.044338 0.194176
    14 2.966416 0.000318 0.000023 0.075571 0.042592 0.147287
    15 2.023770 0.904983 0.850949 1.873603 -1.264951 2.523451
    16 4.980521 0.000781 -0.001089 -1.652445 0.369645 -1.164087
    17 11.119977 0.000007 0.000004 -0.000003 -0.106448 -0.322886
    18 11.205393 -0.000039 0.000000 1.529081 -0.096178 0.131269
    19 3.767578 0.152466 0.071350 0.161510 0.116815 -0.535178
    20 2.037109 0.000000 -0.000002 -0.025500 -0.063436 -0.943058
    21 1.066406 -0.000002 0.000001 -0.001546 0.012034 -0.436579
    22 3.783203 -0.017242 0.794434 0.168904 -0.026920 -0.368804
    23 1.628906 0.000001 -0.000001 -0.061251 0.003142 -0.834908
    24 0.955566 -0.000004 0.000000 -0.005388 -0.042122 -0.207877
    25 1.258789 -0.297852 1.251953 -1.291947 -0.539750 -0.506113
    26 1.392578 0.000004 -0.000004 0.001372 -0.188351 0.491767
    27 1.099609 0.000000 -0.000002 0.009529 -0.039492 -0.040356
    28 3.548828 0.198730 -1.489258 0.122069 0.218121 -0.679757
    29 1.218750 0.000002 0.000003 0.002969 0.019929 -1.051738
    30 0.681774 -0.000006 0.000000 0.028387 -0.181321 -0.761958
    31 3.697042 0.266204 -0.725138 0.148081 0.167551 -0.656351
    32 1.747315 -0.000008 -0.000001 -0.016831 -0.101072 -0.899610
    33 0.959961 0.000010 0.000001 -0.001254 0.009906 -0.608348
    34 2.023778 0.904982 -0.850921 -1.331602 1.206636 3.390167
    35 4.981625 0.002227 0.003236 1.384806 0.097875 -0.918564
    36 11.119975 -0.000005 0.000000 0.000001 0.050589 -0.301287
    37 11.205375 0.000073 0.000008 -1.635063 -0.035796 0.284155
    38 3.767578 0.151855 -0.072693 -0.061811 -0.104916 -0.601450
    39 2.036716 -0.000004 0.000000 -0.053356 0.002610 -1.343653
    40 1.063287 -0.000004 0.000001 0.243360 0.222157 -0.479503
    41 3.783203 -0.023941 -0.794434 0.145529 -0.103829 -0.523859
    42 1.628906 0.000001 0.000001 -0.001787 -0.229023 -0.812505
    43 0.954089 -0.000004 0.000000 -0.124324 -0.037089 -0.833093
    44 1.258789 -0.308350 -1.250000 1.086305 0.326419 -0.551994
    45 1.392578 -0.000001 0.000001 -0.000830 -0.001840 0.382344
    46 1.099609 0.000000 -0.000004 -0.008997 -0.009551 0.469381
    47 3.546538 0.208125 1.487114 0.073468 -0.031500 -0.676458
    48 1.218750 0.000007 -0.000001 0.021045 -0.138837 -0.848034
    49 0.679688 0.000004 0.000002 -0.104181 0.098128 -1.071578
    50 3.697266 0.273682 0.726563 0.065645 -0.112157 -0.666607
    51 1.747310 0.000004 0.000000 -0.074580 0.021053 -1.335361
    52 0.959961 -0.000004 -0.000001 0.003325 -0.009470 -0.821513
    53 -3.756462 5.577850 2.053357 1.570803 -0.000001 0.000000
    54 -2.735646 -0.081365 5.727119 0.000007 0.000015 1.570796
    55 0.000001 5.662003 -0.974302 1.570804 -0.000001 0.000000
    56 -0.000002 -2.275002 5.113525 0.000000 0.000000 -3.141592
    57 -2.477620 5.416855 4.597564 1.570804 -0.000001 0.000000
    58 -1.515218 1.317776 5.998497 0.000000 0.000000 0.000000
    59 -2.455992 5.657928 -0.087295 1.570804 -0.000001 0.000000
    60 -1.485628 -1.617812 5.263969 0.000000 0.000000 3.141592
    61 3.756460 5.577858 2.053359 1.570803 -0.000001 0.000000
    62 2.735645 -0.081364 5.727116 0.000004 -0.000011 -1.570795
    63 2.477613 5.416855 4.597570 1.570804 -0.000001 0.000000
    64 1.515220 1.317777 5.998508 0.000000 0.000000 0.000000
    65 2.455991 5.657928 -0.087293 1.570804 -0.000001 0.000000
    66 1.485620 -1.617803 5.263973 0.000000 0.000000 -3.141592
    67 4.575642 5.632584 0.000132 0.000000 -1.570771 0.249128
    68 -0.000001 0.314078 5.161098 0.000000 0.000000 0.000000
    69 -0.000001 -0.323108 3.750217 0.000000 0.000000 0.000000
    70 5.734947 1.075212 4.685178 1.570830 -0.000004 -1.321669
    71 -0.753896 0.305901 4.971462 -0.000001 0.000002 0.000000
    72 -1.101006 -0.314705 3.448307 0.000001 0.000001 0.000000
    73 5.809101 -1.029643 4.595047 1.570829 -0.000004 -1.321671
    74 -0.714908 -0.199657 5.028973 0.000000 0.000003 0.000000
    75 -0.282898 -0.851690 4.444889 0.000000 0.000000 0.000000
    76 9.578484 -1.290738 0.000240 0.000000 1.570770 -2.892481
    77 9.369518 -1.236408 1.787905 0.000000 1.570770 -2.892481
    78 9.436707 -1.331719 -1.409029 0.000000 1.570770 -2.892477
    79 5.735191 1.075235 -4.684885 -1.570814 0.000004 1.819923
    80 0.753901 0.305904 4.971474 -0.000001 -0.000002 0.000000
    81 1.101010 -0.314705 3.448315 0.000000 -0.000001 0.000000
    82 5.809341 -1.029617 -4.594752 -1.570814 0.000004 1.819922
    83 0.714908 -0.199655 5.028969 0.000000 -0.000003 0.000000
    84 0.282897 -0.851688 4.444893 0.000000 0.000000 0.000000
  time 27
    0 0.163412 -0.105472 37.657601 1.631532 0.039621 -0.109089
    1 3.983847 0.002149 0.003401 -1.662740 -0.217420 -1.449758
    2 15.938816 -0.000100 -0.000005 -0.000009 -0.000002 0.305166
    3 17.707025 -0.000068 0.000003 -0.174070 -0.148856 -1.166577
    4 6.202515 0.003416 -0.000367 0.020247 -0.027684 -0.404485
    5 -3.983848 0.002149 0.003395 -1.529776 -0.084613 -1.487799
    6 15.938826 -0.000113 -0.000001 0.000002 0.000010 0.277947
    7 17.707031 0.000018 0.000000 0.171932 0.316604 -1.236494
    8 6.202710 0.003078 0.003745 -0.111776 0.023838 -0.467996
    9 -0.000001 4.209253 -1.688832 1.575444 0.089101 1.587521
    10 3.836055 0.000000 0.000000 -0.003895 0.029040 -0.038028
    11 3.617625 -0.000275 -0.000015 -0.012979 -0.022443 -0.026824
    12 7.537925 0.003588 -0.000212 0.030941 0.054881 0.289832
    13 3.181604 -0.002346 0.000028 3.176007 -0.045141 0.195159
    14 2.966416 0.000318 0.000023 0.075798 0.042544 0.146651
    15 2.023770 0.904983 0.850949 1.871653 -1.264707 2.524992
    16 4.980521 0.000781 -0.001089 -1.652445 0.370758 -1.161782
    17 11.119977 0.000007 0.000004 -0.000003 -0.106448 -0.326374
    18 11.205393 -0.000039 0.000000 1.529417 -0.096664 0.132851
    19 3.767578 0.152466 0.071350 0.161510 0.116815 -0.535178
    20 2.037109 0.000000 -0.000002 -0.025500 -0.063436 -0.943058
    21 1.066406 -0.000002 0.000001 -0.001546 0.012034 -0.436579
    22 3.783203 -0.017242 0.794434 0.168904 -0.026920 -0.368804
    23 1.628906 0.000001 -0.000001 -0.061251 0.003142 -0.834908
    24 0.955566 -0.000004 0.000000 -0.005388 -0.042122 -0.207877
    25 1.258789 -0.297852 1.251953 -1.291947 -0.539750 -0.506113
    26 1.392578 0.000004 -0.000004 0.001372 -0.188351 0.491767
    27 1.099609 0.000000 -0.000002 0.009529 -0.039492 -0.040356
    28 3.548828 0.198730 -1.489258 0.122069 0.218121 -0.679757
    29 1.218750 0.000002 0.000003 0.002969 0.019929 -1.051738
    30 0.681774 -0.000006 0.000000 0.028387 -0.181321 -0.761958
    31 3.697042 0.266204 -0.725138 0.148081 0.167551 -0.656351
    32 1.747315 -0.000008 -0.000001 -0.016843 -0.101072 -0.899610
    33 0.959961 0.000010 0.000001 -0.001254 0.009906 -0.608348
    34 2.023778 0.904982 -0.850921 -1.330297 1.207328 3.391251
    35 4.981625 0.002227 0.003236 1.384702 0.097463 -0.919034
    36 11.119975 -0.000005 0.000000 0.000001 0.050589 -0.301602
    37 11.205375 0.000073 0.000008 -1.635588 -0.035676 0.283807
    38 3.767578 0.151855 -0.072693 -0.061811 -0.104916 -0.601450
    39 2.036716 -0.000004 0.000000 -0.053356 0.002610 -1.343653
    40 1.063287 -0.000004 0.000001 0.243360 0.222157 -0.479503
    41 3.783203 -0.023941 -0.794434 0.145529 -0.103829 -0.523859
    42 1.628906 0.000001 0.000001 -0.001787 -0.229023 -0.812505
    43 0.954089 -0.000004 0.000000 -0.124324 -0.037089 -0.833093
    44 1.258789 -0.308350 -1.250000 1.086305 0.326419 -0.551994
    45 1.392578 -0.000001 0.000001 -0.000830 -0.001840 0.382344
    46 1.099609 0.000000 -0.000004 -0.008997 -0.009551 0.469381
    47 3.546538 0.208125 1.487114 0.073468 -0.031500 -0.676566
    48 1.218750 0.000007 -0.000001 0.021045 -0.138837 -0.848034
    49 0.679688 0.000004 0.000002 -0.104181 0.098128 -1.071578
    50 3.697266 0.273682 0.726563 0.065645 -0.112157 -0.666607
    51 1.747310 0.000004 0.000000 -0.074580 0.021053 -1.335361
    52 0.959961 -0.000004 -0.000001 0.003325 -0.009470 -0.821513
    53 -3.756462 5.577850 2.053357 1.570803 -0.000001 0.000000
    54 -2.735646 -0.081365 5.727119 0.000007 0.000015 1.570796
    55 0.000001 5.662003 -0.974302 1.570804 -0.000001 0.000000
    56 -0.000002 -2.275002 5.113525 0.000000 0.000000 -3.141592
    57 -2.477620 5.416855 4.597564 1.570804 -0.000001 0.000000
    58 -1.515218 1.317776 5.998497 0.000000 0.000000 0.000000
    59 -2.455992 5.657928 -0.087295 1.570804 -0.000001 0.000000
    60 -1.485628 -1.617812 5.263969 0.000000 0.000000 3.141592
    61 3.756460 5.577858 2.053359 1.570803 -0.000001 0.000000
    62 2.735645 -0.081364 5.727116 0.000004 -0.000011 -1.570795
    63 2.477613 5.416855 4.597570 1.570804 -0.000001 0.000000
    64 1.515220 1.317777 5.998508 0.000000 0.000000 0.000000
    65 2.455991 5.657928 -0.087293 1.570804 -0.000001 0.000000
    66 1.485620 -1.617803 5.263973 0.000000 0.000000 -3.141592
    67 4.575642 5.632584 0.000132 0.000000 -1.570771 0.249128
    68 -0.000001 0.314078 5.161098 0.000000 0.000000 0.000000
    69 -0.000001 -0.323108 3.750217 0.000000 0.000000 0.000000
    70 5.734947 1.075212 4.685178 1.570830 -0.000004 -1.321669
    71 -0.753896 0.305901 4.971462 -0.000001 0.000002 0.000000
    72 -1.101006 -0.314705 3.448307 0.000001 0.000001 0.000000
    73 5.809101 -1.029643 4.595047 1.570829 -0.000004 -1.321671
    74 -0.714908 -0.199657 5.028973 0.000000 0.000003 0.000000
    75 -0.282898 -0.851690 4.444889 0.000000 0.000000 0.000000
    76 9.578484 -1.290738 0.000240 0.000000 1.570770 -2.892481
    77 9.369518 -1.236408 1.787905 0.000000 1.570770 -2.892481
    78 9.436707 -1.331719 -1.409029 0.000000 1.570770 -2.892477
    79 5.735191 1.075235 -4.684885 -1.570814 0.000004 1.819923
    80 0.753901 0.305904 4.971474 -0.000001 -0.000002 0.000000
    81 1.101010 -0.314705 3.448315 0.000000 -0.000001 0.000000
    82 5.809341 -1.029617 -4.594752 -1.570814 0.000004 1.819922
    83 0.714908 -0.199655 5.028969 0.000000 -0.000003 0.000000
    84 0.282897 -0.851688 4.444893 0.000000 0.000000 0.000000
  time 28
    0 0.171224 -0.113285 37.657601 1.631819 0.039274 -0.109409
    1 3.983847 0.002149 0.003401 -1.662930 -0.217286 -1.450384
    2 15.938816 -0.000100 -0.000005 -0.000009 -0.000002 0.304656
    3 17.707025 -0.000068 0.000003 -0.173877 -0.148983 -1.166577
    4 6.202515 0.003416 -0.000367 0.020247 -0.027684 -0.404381
    5 -3.983848 0.002149 0.003395 -1.529776 -0.084656 -1.488361
    6 15.938826 -0.000113 -0.000001 0.000002 0.000010 0.277695
    7 17.707031 0.000018 0.000000 0.172068 0.316301 -1.236494
    8 6.202710 0.003078 0.003745 -0.111776 0.023838 -0.467996
    9 -0.000001 4.209253 -1.688832 1.575492 0.089343 1.587329
    10 3.836055 0.000000 0.000000 -0.003907 0.029100 -0.038148
    11 3.617625 -0.000275 -0.000015 -0.012859 -0.022323 -0.027077
    12 7.537925 0.003588 -0.000212 0.030989 0.054689 0.289568
    13 3.181604 -0.002346 0.000028 3.176199 -0.045681 0.195914
    14 2.966416 0.000318 0.000023 0.076038 0.042592 0.145925
    15 2.023770 0.904983 0.850949 1.870303 -1.264178 2.526351
    16 4.980521 0.000781 -0.001089 -1.652497 0.371770 -1.159421
    17 11.119977 0.000007 0.000004 -0.000003 -0.106448 -0.329175
    18 11.205393 -0.000039 0.000000 1.529225 -0.098659 0.133990
    19 3.767578 0.152466 0.071350 0.161510 0.116815 -0.535178
    20 2.037109 0.000000 -0.000002 -0.025500 -0.063436 -0.943058
    21 1.066406 -0.000002 0.000001 -0.001546 0.012034 -0.436579
    22 3.783203 -0.017242 0.794434 0.168904 -0.026920 -0.368804
    23 1.628906 0.000001 -0.000001 -0.061251 0.003142 -0.834908
    24 0.955566 -0.000004 0.000000 -0.005388 -0.042122 -0.207877
    25 1.258789 -0.297852 1.251953 -1.291947 -0.539750 -0.506113
    26 1.392578 0.000004 -0.000004 0.001372 -0.188351 0.491767
    27 1.099609 0.000000 -0.000002 0.009529 -0.039492 -0.040356
    28 3.548828 0.198730 -1.489258 0.122069 0.218121 -0.679757
    29 1.218750 0.000002 0.000003 0.002969 0.019929 -1.051738
    30 0.681774 -0.000006 0.000000 0.028387 -0.181321 -0.761958
    31 3.697042 0.266204 -0.725138 0.148081 0.167551 -0.656351
    32 1.747315 -0.000008 -0.000001 -0.016831 -0.101072 -0.899610
    33 0.959961 0.000010 0.000001 -0.001254 0.009906 -0.608348
    34 2.023778 0.904982 -0.850921 -1.328940 1.207938 3.392516
    35 4.981625 0.002227 0.003236 1.385012 0.097518 -0.919622
    36 11.119975 -0.000005 0.000000 0.000001 0.050589 -0.301728
    37 11.205375 0.000073 0.000008 -1.635779 -0.035185 0.283340
    38 3.767578 0.151855 -0.072693 -0.061811 -0.104916 -0.601450
    39 2.036716 -0.000004 0.000000 -0.053356 0.002610 -1.343653
    40 1.063287 -0.000004 0.000001 0.243360 0.222157 -0.479503
    41 3.783203 -0.023941 -0.794434 0.145529 -0.103829 -0.523859
    42 1.628906 0.000001 0.000001 -0.001787 -0.229023 -0.812505
    43 0.954089 -0.000004 0.000000 -0.124324 -0.037089 -0.833093
    44 1.258789 -0.308350 -1.250000 1.086305 0.326419 -0.551994
    45 1.392578 -0.000001 0.000001 -0.000830 -0.001840 0.382344
    46 1.099609 0.000000 -0.000004 -0.008997 -0.009551 0.469381
    47 3.546538 0.208125 1.487114 0.073410 -0.031488 -0.676685
    48 1.218750 0.000007 -0.000001 0.021045 -0.138837 -0.848034
    49 0.679688 0.000004 0.000002 -0.104181 0.098128 -1.071578
    50 3.697266 0.273682 0.726563 0.065645 -0.112157 -0.666607
    51 1.747310 0.000004 0.000000 -0.074580 0.021053 -1.335361
    52 0.959961 -0.000004 -0.000001 0.003325 -0.009470 -0.821513
    53 -3.756462 5.577850 2.053357 1.570803 -0.000001 0.000000
    54 -2.735646 -0.081365 5.727119 0.000007 0.000015 1.570796
    55 0.000001 5.662003 -0.974302 1.570804 -0.000001 0.000000
    56 -0.000002 -2.275002 5.113525 0.000000 0.000000 -3.141592
    57 -2.477620 5.416855 4.597564 1.570804 -0.000001 0.000000
    58 -1.515218 1.317776 5.998497 0.000000 0.000000 0.000000
    59 -2.455992 5.657928 -0.087295 1.570804 -0.000001 0.000000
    60 -1.485628 -1.617812 5.263969 0.000000 0.000000 3.141592
    61 3.756460 5.577858 2.053359 1.570803 -0.000001 0.000000
    62 2.735645 -0.081364 5.727116 0.000004 -0.000011 -1.570795
    63 2.477613 5.416855 4.597570 1.570804 -0.000001 0.000000
    64 1.515220 1.317777 5.998508 0.000000 0.000000 0.000000
    65 2.455991 5.657928 -0.087293 1.570804 -0.000001 0.000000
    66 1.485620 -1.617803 5.263973 0.000000 0.000000 -3.141592
    67 4.575642 5.632584 0.000132 0.000000 -1.570771 0.249128
    68 -0.000001 0.314078 5.161098 0.000000 0.000000 0.000000
    69 -0.000001 -0.323108 3.750217 0.000000 0.000000 0.000000
    70 5.734947 1.075212 4.685178 1.570830 -0.000004 -1.321669
    71 -0.753896 0.305901 4.971462 -0.000001 0.000002 0.000000
    72 -1.101006 -0.314705 3.448307 0.000001 0.000001 0.000000
    73 5.809101 -1.029643 4.595047 1.570829 -0.000004 -1.321671
    74 -0.714908 -0.199657 5.028973 0.000000 0.000003 0.000000
    75 -0.282898 -0.851690 4.444889 0.000000 0.000000 0.000000
    76 9.578484 -1.290738 0.000240 0.000000 1.570770 -2.892481
    77 9.369518 -1.236408 1.787905 0.000000 1.570770 -2.892481
    78 9.436707 -1.331719 -1.409029 0.000000 1.570770 -2.892477
    79 5.735191 1.075235 -4.684885 -1.570814 0.000004 1.819923
    80 0.753901 0.305904 4.971474 -0.000001 -0.000002 0.000000
    81 1.101010 -0.314705 3.448315 0.000000 -0.000001 0.000000
    82 5.809341 -1.029617 -4.594752 -1.570814 0.000004 1.819922
    83 0.714908 -0.199655 5.028969 0.000000 -0.000003 0.000000
    84 0.282897 -0.851688 4.444893 0.000000 0.000000 0.000000
  time 29
    0 0.179037 -0.121097 37.657601 1.632107 0.038974 -0.109728
    1 3.983847 0.002149 0.003401 -1.663310 -0.217064 -1.450831
    2 15.938816 -0.000100 -0.000005 -0.000009 -0.000002 0.304337
    3 17.707025 -0.000068 0.000003 -0.173657 -0.149046 -1.166761
    4 6.202515 0.003416 -0.000367 0.020247 -0.027684 -0.404381
    5 -3.983848 0.002149 0.003395 -1.529967 -0.084742 -1.488923
    6 15.938826 -0.000113 -0.000001 0.000002 0.000010 0.277506
    7 17.707031 0.000018 0.000000 0.172204 0.316069 -1.236461
    8 6.202710 0.003078 0.003745 -0.111776 0.023838 -0.467996
    9 -0.000001 4.209253 -1.688832 1.575540 0.089586 1.587185
    10 3.836055 0.000000 0.000000 -0.003907 0.029459 -0.038148
    11 3.617625 -0.000275 -0.000015 -0.012739 -0.022203 -0.027190
    12 7.537925 0.003588 -0.000212 0.031013 0.054450 0.289449
    13 3.181604 -0.002346 0.000028 3.176678 -0.045860 0.196442
    14 2.966416 0.000318 0.000023 0.076266 0.042795 0.145199
    15 2.023770 0.904983 0.850949 1.869753 -1.263771 2.527076
    16 4.980521 0.000781 -0.001089 -1.652910 0.372512 -1.157713
    17 11.119977 0.000007 0.000004 -0.000003 -0.106448 -0.331062
    18 11.205393 -0.000039 0.000000 1.528793 -0.098927 0.134757
    19 3.767578 0.152466 0.071350 0.161510 0.116815 -0.535178
    20 2.037109 0.000000 -0.000002 -0.025500 -0.063436 -0.943058
    21 1.066406 -0.000002 0.000001 -0.001546 0.012034 -0.436579
    22 3.783203 -0.017242 0.794434 0.168904 -0.026920 -0.368804
    23 1.628906 0.000001 -0.000001 -0.061251 0.003142 -0.834908
    24 0.955566 -0.000004 0.000000 -0.005388 -0.042122 -0.207877
    25 1.258789 -0.297852 1.251953 -1.291947 -0.539750 -0.506113
    26 1.392578 0.000004 -0.000004 0.001372 -0.188351 0.491767
    27 1.099609 0.000000 -0.000002 0.009529 -0.039492 -0.040356
    28 3.548828 0.198730 -1.489258 0.122069 0.218121 -0.679757
    29 1.218750 0.000002 0.000003 0.002969 0.019929 -1.051738
    30 0.681774 -0.000006 0.000000 0.028387 -0.181321 -0.761958
    31 3.697042 0.266204 -0.725138 0.148081 0.167551 -0.656351
    32 1.747315 -0.000008 -0.000001 -0.016831 -0.101072 -0.899610
    33 0.959961 0.000010 0.000001 -0.001254 0.009906 -0.608348
    34 2.023778 0.904982 -0.850921 -1.327479 1.208305 3.394051
    35 4.981625 0.002227 0.003236 1.385631 0.098095 -0.920180
    36 11.119975 -0.000005 0.000000 0.000001 0.050589 -0.301350
    37 11.205375 0.000073 0.000008 -1.634013 -0.034561 0.282297
    38 3.767578 0.151855 -0.072693 -0.061811 -0.104916 -0.601450
    39 2.036716 -0.000004 0.000000 -0.053356 0.002610 -1.343653
    40 1.063287 -0.000004 0.000001 0.243360 0.222157 -0.479503
    41 3.783203 -0.023941 -0.794434 0.145529 -0.103829 -0.523859
    42 1.628906 0.000001 0.000001 -0.001787 -0.229023 -0.812505
    43 0.954089 -0.000004 0.000000 -0.124324 -0.037089 -0.833093
    44 1.258789 -0.308350 -1.250000 1.086305 0.326419 -0.551994
    45 1.392578 -0.000001 0.000001 -0.000830 -0.001840 0.382344
    46 1.099609 0.000000 -0.000004 -0.008997 -0.009551 0.469381
    47 3.546538 0.208125 1.487114 0.073353 -0.031440 -0.676793
    48 1.218750 0.000007 -0.000001 0.021045 -0.138837 -0.848034
    49 0.679688 0.000004 0.000002 -0.104181 0.098128 -1.071578
    50 3.697266 0.273682 0.726563 0.065645 -0.112157 -0.666607
    51 1.747310 0.000004 0.000000 -0.074580 0.021053 -1.335361
    52 0.959961 -0.000004 -0.000001 0.003325 -0.009470 -0.821513
    53 -3.756462 5.577850 2.053357 1.570803 -0.000001 0.000000
    54 -2.735646 -0.081365 5.727119 0.000007 0.000015 1.570796
    55 0.000001 5.662003 -0.974302 1.570804 -0.000001 0.000000
    56 -0.000002 -2.275002 5.113525 0.000000 0.000000 -3.141592
    57 -2.477620 5.416855 4.597564 1.570804 -0.000001 0.000000
    58 -1.515218 1.317776 5.998497 0.000000 0.000000 0.000000
    59 -2.455992 5.657928 -0.087295 1.570804 -0.000001 0.000000
    60 -1.485628 -1.617812 5.263969 0.000000 0.000000 3.141592
    61 3.756460 5.577858 2.053359 1.570803 -0.000001 0.000000
    62 2.735645 -0.081364 5.727116 0.000004 -0.000011 -1.570795
    63 2.477613 5.416855 4.597570 1.570804 -0.000001 0.000000
    64 1.515220 1.317777 5.998508 0.000000 0.000000 0.000000
    65 2.455991 5.657928 -0.087293 1.570804 -0.000001 0.000000
    66 1.485620 -1.617803 5.263973 0.000000 0.000000 -3.141592
    67 4.575642 5.632584 0.000132 0.000000 -1.570771 0.249128
    68 -0.000001 0.314078 5.161098 0.000000 0.000000 0.000000
    69 -0.000001 -0.323108 3.750217 0.000000 0.000000 0.000000
    70 5.734947 1.075212 4.685178 1.570830 -0.000004 -1.321669
    71 -0.753896 0.305901 4.971462 -0.000001 0.000002 0.000000
    72 -1.101006 -0.314705 3.448307 0.000001 0.000001 0.000000
    73 5.809101 -1.029643 4.595047 1.570829 -0.000004 -1.321671
    74 -0.714908 -0.199657 5.028973 0.000000 0.000003 0.000000
    75 -0.282898 -0.851690 4.444889 0.000000 0.000000 0.000000
    76 9.578484 -1.290738 0.000240 0.000000 1.570770 -2.892481
    77 9.369518 -1.236408 1.787905 0.000000 1.570770 -2.892481
    78 9.436707 -1.331719 -1.409029 0.000000 1.570770 -2.892477
    79 5.735191 1.075235 -4.684885 -1.570814 0.000004 1.819923
    80 0.753901 0.305904 4.971474 -0.000001 -0.000002 0.000000
    81 1.101010 -0.314705 3.448315 0.000000 -0.000001 0.000000
    82 5.809341 -1.029617 -4.594752 -1.570814 0.000004 1.819922
    83 0.714908 -0.199655 5.028969 0.000000 -0.000003 0.000000
    84 0.282897 -0.851688 4.444893 0.000000 0.000000 0.000000
  time 30
    0 0.182943 -0.128910 37.657601 1.632251 0.038710 -0.109920
    1 3.983847 0.002149 0.003401 -1.663595 -0.217064 -1.451188
    2 15.938816 -0.000100 -0.000005 -0.000009 -0.000002 0.304337
    3 17.707025 -0.000068 0.000003 -0.173437 -0.148962 -1.166883
    4 6.202515 0.003416 -0.000367 0.020247 -0.027684 -0.404381
    5 -3.983848 0.002149 0.003395 -1.530158 -0.084699 -1.489392
    6 15.938826 -0.000113 -0.000001 0.000002 0.000010 0.277443
    7 17.707031 0.000018 0.000000 0.172317 0.316033 -1.236396
    8 6.202710 0.003078 0.003745 -0.111776 0.023838 -0.467996
    9 -0.000001 4.209253 -1.688832 1.575492 0.089747 1.587041
    10 3.836055 0.000000 0.000000 -0.003967 0.029891 -0.038160
    11 3.617625 -0.000275 -0.000015 -0.012619 -0.022203 -0.027077
    12 7.537925 0.003588 -0.000212 0.031013 0.054138 0.289449
    13 3.181604 -0.002346 0.000028 3.176486 -0.045860 0.196645
    14 2.966416 0.000318 0.000023 0.076362 0.043095 0.144700
    15 2.023770 0.904983 0.850949 1.868603 -1.263404 2.527983
    16 4.980521 0.000781 -0.001089 -1.653529 0.372647 -1.156689
    17 11.119977 0.000007 0.000004 -0.000003 -0.106448 -0.332206
    18 11.205393 -0.000039 0.000000 1.528264 -0.098002 0.135416
    19 3.767578 0.152466 0.071350 0.161511 0.116813 -0.535180
    20 2.037109 0.000002 0.000000 -0.025500 -0.063436 -0.943058
    21 1.066406 -0.000002 0.000000 -0.001546 0.012034 -0.436579
    22 3.783203 -0.017258 0.794434 0.168904 -0.026920 -0.368804
    23 1.627436 0.000008 0.000000 -0.061243 0.003132 -0.834888
    24 0.955566 -0.000002 0.000000 -0.005388 -0.042122 -0.207877
    25 1.258789 -0.297852 1.251953 -1.291947 -0.539750 -0.506113
    26 1.392578 0.000004 -0.000002 0.001372 -0.188351 0.491767
    27 1.099609 0.000000 -0.000002 0.009529 -0.039492 -0.040356
    28 3.548828 0.198730 -1.489258 0.122068 0.218121 -0.679759
    29 1.218362 0.000000 0.000000 0.002959 0.019938 -1.051712
    30 0.679688 -0.000006 0.000004 0.028392 -0.181320 -0.761972
    31 3.697042 0.266204 -0.725138 0.148081 0.167551 -0.656351
    32 1.747315 -0.000008 -0.000001 -0.016843 -0.101072 -0.899610
    33 0.959961 0.000006 0.000000 -0.001254 0.009906 -0.608350
    34 2.023778 0.904982 -0.850921 -1.326330 1.208142 3.395045
    35 4.981625 0.002227 0.003236 1.386508 0.098864 -0.920768
    36 11.119975 -0.000005 0.000000 0.000001 0.050589 -0.300845
    37 11.205375 0.000073 0.000008 -1.632391 -0.033830 0.281710
    38 3.767578 0.151855 -0.072693 -0.061811 -0.104916 -0.601450
    39 2.036716 -0.000004 0.000000 -0.053356 0.002610 -1.343653
    40 1.063287 -0.000004 0.000001 0.243360 0.222157 -0.479503
    41 3.783203 -0.023941 -0.794434 0.145529 -0.103829 -0.523859
    42 1.628906 -0.000001 0.000002 -0.001787 -0.229023 -0.812505
    43 0.955566 -0.000004 0.000000 -0.124329 -0.037101 -0.833108
    44 1.258789 -0.308350 -1.250000 1.086305 0.326416 -0.551995
    45 1.392578 -0.000001 0.000000 -0.000830 -0.001840 0.382344
    46 1.099609 0.000000 -0.000005 -0.008997 -0.009551 0.469381
    47 3.546538 0.208125 1.487114 0.073324 -0.031404 -0.676853
    48 1.218360 -0.000002 0.000000 0.021055 -0.138830 -0.848014
    49 0.679688 0.000006 0.000000 -0.104181 0.098128 -1.071576
    50 3.696249 0.271114 0.723153 0.065650 -0.112146 -0.666595
    51 1.747310 0.000004 0.000000 -0.074580 0.021053 -1.335361
    52 0.959961 0.000004 -0.000001 0.003325 -0.009470 -0.821513
    53 -3.756462 5.577850 2.053357 1.570803 -0.000001 0.000000
    54 -2.735646 -0.081365 5.727119 0.000007 0.000015 1.570796
    55 0.000001 5.662003 -0.974302 1.570804 -0.000001 0.000000
    56 -0.000002 -2.275002 5.113525 0.000000 0.000000 -3.141592
    57 -2.477620 5.416855 4.597564 1.570804 -0.000001 0.000000
    58 -1.515218 1.317776 5.998497 0.000000 0.000000 0.000000
    59 -2.455992 5.657928 -0.087295 1.570804 -0.000001 0.000000
    60 -1.485628 -1.617812 5.263969 0.000000 0.000000 3.141592
    61 3.756460 5.577858 2.053359 1.570803 -0.000001 0.000000
    62 2.735645 -0.081364 5.727116 0.000004 -0.000011 -1.570795
    63 2.477613 5.416855 4.597570 1.570804 -0.000001 0.000000
    64 1.515220 1.317777 5.998508 0.000000 0.000000 0.000000
    65 2.455991 5.657928 -0.087293 1.570804 -0.000001 0.000000
    66 1.485620 -1.617803 5.263973 0.000000 0.000000 -3.141592
    67 4.575642 5.632584 0.000132 0.000000 -1.570771 0.249128
    68 -0.000001 0.314078 5.161098 0.000000 0.000000 0.000000
    69 -0.000001 -0.323108 3.750217 0.000000 0.000000 0.000000
    70 5.734947 1.075212 4.685178 1.570830 -0.000004 -1.321669
    71 -0.753896 0.305901 4.971462 -0.000001 0.000002 0.000000
    72 -1.101006 -0.314705 3.448307 0.000001 0.000001 0.000000
    73 5.809101 -1.029643 4.595047 1.570829 -0.000004 -1.321671
    74 -0.714908 -0.199657 5.028973 0.000000 0.000003 0.000000
    75 -0.282898 -0.851690 4.444889 0.000000 0.000000 0.000000
    76 9.578484 -1.290738 0.000240 0.000000 1.570770 -2.892481
    77 9.369518 -1.236408 1.787905 0.000000 1.570770 -2.892481
    78 9.436707 -1.331719 -1.409029 0.000000 1.570770 -2.892477
    79 5.735191 1.075235 -4.684885 -1.570814 0.000004 1.819923
    80 0.753901 0.305904 4.971474 -0.000001 -0.000002 0.000000
    81 1.101010 -0.314705 3.448315 0.000000 -0.000001 0.000000
    82 5.809341 -1.029617 -4.594752 -1.570814 0.000004 1.819922
    83 0.714908 -0.199655 5.028969 0.000000 -0.000003 0.000000
    84 0.282897 -0.851688 4.444893 0.000000 0.000000 0.000000
  time 31
    0 0.186850 -0.132817 37.657601 1.632251 0.038662 -0.109984
    1 3.983847 0.002149 0.003401 -1.663975 -0.216975 -1.451278
    2 15.938816 -0.000100 -0.000005 -0.000009 -0.000002 0.304656
    3 17.707025 -0.000068 0.000003 -0.173189 -0.148856 -1.167250
    4 6.202515 0.003416 -0.000367 0.020247 -0.027684 -0.404243
    5 -3.983848 0.002149 0.003395 -1.530253 -0.084613 -1.489579
    6 15.938826 -0.000113 -0.000001 0.000002 0.000010 0.277506
    7 17.707031 0.000018 0.000000 0.172385 0.316122 -1.236591
    8 6.202710 0.003078 0.003745 -0.111776 0.023838 -0.467996
    9 -0.000001 4.209253 -1.688832 1.575492 0.089969 1.586993
    10 3.836055 0.000000 0.000000 -0.003979 0.030310 -0.037908
    11 3.617625 -0.000275 -0.000015 -0.012500 -0.022191 -0.026951
    12 7.537925 0.003588 -0.000212 0.031049 0.053887 0.289556
    13 3.181604 -0.002346 0.000028 3.176582 -0.045501 0.196729
    14 2.966416 0.000318 0.000023 0.076493 0.043574 0.144609
    15 2.023770 0.904983 0.850949 1.867853 -1.263282 2.528799
    16 4.980521 0.000781 -0.001089 -1.654148 0.372647 -1.156205
    17 11.119977 0.000007 0.000004 -0.000003 -0.106448 -0.332263
    18 11.205393 -0.000039 0.000000 1.527880 -0.097090 0.135596
    19 3.767578 0.152466 0.071350 0.161511 0.116813 -0.535180
    20 2.037109 0.000002 0.000000 -0.025500 -0.063436 -0.943058
    21 1.066406 -0.000002 0.000000 -0.001546 0.012034 -0.436579
    22 3.783203 -0.017258 0.794434 0.168904 -0.026920 -0.368804
    23 1.627436 0.000008 0.000000 -0.061243 0.003132 -0.834888
    24 0.955566 -0.000002 0.000000 -0.005388 -0.042122 -0.207877
    25 1.258789 -0.297852 1.251953 -1.291947 -0.539750 -0.506113
    26 1.392578 0.000004 -0.000002 0.001372 -0.188351 0.491767
    27 1.099609 0.000000 -0.000002 0.009529 -0.039492 -0.040356
    28 3.548828 0.198730 -1.489258 0.122068 0.218121 -0.679759
    29 1.218362 0.000000 0.000000 0.002959 0.019938 -1.051712
    30 0.679688 -0.000006 0.000004 0.028392 -0.181320 -0.761972
    31 3.697042 0.266204 -0.725138 0.148081 0.167551 -0.656351
    32 1.747315 -0.000008 -0.000001 -0.016831 -0.101072 -0.899610
    33 0.959961 0.000006 0.000000 -0.001254 0.009906 -0.608350
    34 2.023778 0.904982 -0.850921 -1.325495 1.207938 3.395767
    35 4.981625 0.002227 0.003236 1.387437 0.099551 -0.920944
    36 11.119975 -0.000005 0.000000 0.000001 0.050589 -0.300467
    37 11.205375 0.000073 0.000008 -1.630911 -0.033003 0.281075
    38 3.767578 0.151855 -0.072693 -0.061811 -0.104916 -0.601450
    39 2.036716 -0.000004 0.000000 -0.053356 0.002610 -1.343694
    40 1.063287 -0.000004 0.000001 0.243360 0.222157 -0.479503
    41 3.783203 -0.023941 -0.794434 0.145529 -0.103829 -0.523859
    42 1.628906 -0.000001 0.000002 -0.001787 -0.229023 -0.812505
    43 0.955566 -0.000004 0.000000 -0.124329 -0.037101 -0.833108
    44 1.258789 -0.308350 -1.250000 1.086305 0.326416 -0.551995
    45 1.392578 -0.000001 0.000000 -0.000830 -0.001840 0.382344
    46 1.099609 0.000000 -0.000005 -0.008997 -0.009551 0.469381
    47 3.546538 0.208125 1.487114 0.073281 -0.031368 -0.676913
    48 1.218360 -0.000002 0.000000 0.021055 -0.138830 -0.848014
    49 0.679688 0.000006 0.000000 -0.104181 0.098128 -1.071576
    50 3.696249 0.271114 0.723153 0.065650 -0.112146 -0.666595
    51 1.747310 0.000004 0.000000 -0.074580 0.021053 -1.335396
    52 0.959961 0.000004 -0.000001 0.003325 -0.009470 -0.821513
    53 -3.756462 5.577850 2.053357 1.570803 -0.000001 0.000000
    54 -2.735646 -0.081365 5.727119 0.000007 0.000015 1.570796
    55 0.000001 5.662003 -0.974302 1.570804 -0.000001 0.000000
    56 -0.000002 -2.275002 5.113525 0.000000 0.000000 -3.141592
    57 -2.477620 5.416855 4.597564 1.570804 -0.000001 0.000000
    58 -1.515218 1.317776 5.998497 0.000000 0.000000 0.000000
    59 -2.455992 5.657928 -0.087295 1.570804 -0.000001 0.000000
    60 -1.485628 -1.617812 5.263969 0.000000 0.000000 3.141592
    61 3.756460 5.577858 2.053359 1.570803 -0.000001 0.000000
    62 2.735645 -0.081364 5.727116 0.000004 -0.000011 -1.570795
    63 2.477613 5.416855 4.597570 1.570804 -0.000001 0.000000
    64 1.515220 1.317777 5.998508 0.000000 0.000000 0.000000
    65 2.455991 5.657928 -0.087293 1.570804 -0.000001 0.000000
    66 1.485620 -1.617803 5.263973 0.000000 0.000000 -3.141592
    67 4.575642 5.632584 0.000132 0.000000 -1.570771 0.249128
    68 -0.000001 0.314078 5.161098 0.000000 0.000000 0.000000
    69 -0.000001 -0.323108 3.750217 0.000000 0.000000 0.000000
    70 5.734947 1.075212 4.685178 1.570830 -0.000004 -1.321669
    71 -0.753896 0.305901 4.971462 -0.000001 0.000002 0.000000
    72 -1.101006 -0.314705 3.448307 0.000001 0.000001 0.000000
    73 5.809101 -1.029643 4.595047 1.570829 -0.000004 -1.321671
    74 -0.714908 -0.199657 5.028973 0.000000 0.000003 0.000000
    75 -0.282898 -0.851690 4.444889 0.000000 0.000000 0.000000
    76 9.578484 -1.290738 0.000240 0.000000 1.570770 -2.892481
    77 9.369518 -1.236408 1.787905 0.000000 1.570770 -2.892481
    78 9.436707 -1.331719 -1.409029 0.000000 1.570770 -2.892477
    79 5.735191 1.075235 -4.684885 -1.570814 0.000004 1.819923
    80 0.753901 0.305904 4.971474 -0.000001 -0.000002 0.000000
    81 1.101010 -0.314705 3.448315 0.000000 -0.000001 0.000000
    82 5.809341 -1.029617 -4.594752 -1.570814 0.000004 1.819922
    83 0.714908 -0.199655 5.028969 0.000000 -0.000003 0.000000
    84 0.282897 -0.851688 4.444893 0.000000 0.000000 0.000000
  time 32
    0 0.190756 -0.140629 37.657601 1.632251 0.038578 -0.110048
    1 3.983847 0.002149 0.003401 -1.664165 -0.217019 -1.451367
    2 15.938816 -0.000100 -0.000005 -0.000009 -0.000002 0.305166
    3 17.707025 -0.000068 0.000003 -0.172969 -0.148728 -1.167679
    4 6.202515 0.003416 -0.000367 0.020247 -0.027684 -0.404243
    5 -3.983848 0.002149 0.003395 -1.530445 -0.084570 -1.489767
    6 15.938826 -0.000113 -0.000001 0.000002 0.000010 0.277695
    7 17.707031 0.000018 0.000000 0.172498 0.316283 -1.236753
    8 6.202710 0.003078 0.003745 -0.111776 0.023838 -0.468131
    9 -0.000001 4.209253 -1.688832 1.575348 0.090232 1.586898
    10 3.836055 0.000000 0.000000 -0.004051 0.030742 -0.037668
    11 3.617625 -0.000275 -0.000015 -0.012380 -0.022251 -0.026824
    12 7.537925 0.003588 -0.000212 0.031025 0.053767 0.289676
    13 3.181604 -0.002346 0.000028 3.176870 -0.044902 0.196621
    14 2.966416 0.000318 0.000023 0.076397 0.044198 0.144745
    15 2.023770 0.904983 0.850949 1.866603 -1.263038 2.529796
    16 4.980521 0.000781 -0.001089 -1.654458 0.372108 -1.156888
    17 11.119977 0.000007 0.000004 -0.000003 -0.106448 -0.331291
    18 11.205393 -0.000039 0.000000 1.528312 -0.097285 0.135596
    19 3.767578 0.152466 0.071350 0.161511 0.116813 -0.535180
    20 2.037109 0.000002 0.000000 -0.025500 -0.063436 -0.943058
    21 1.066406 -0.000002 0.000000 -0.001546 0.012034 -0.436579
    22 3.783203 -0.017258 0.794434 0.168904 -0.026920 -0.368804
    23 1.627436 0.000008 0.000000 -0.061243 0.003132 -0.834888
    24 0.955566 -0.000002 0.000000 -0.005388 -0.042122 -0.207877
    25 1.258789 -0.297852 1.251953 -1.291947 -0.539750 -0.506113
    26 1.392578 0.000004 -0.000002 0.001372 -0.188351 0.491767
    27 1.099609 0.000000 -0.000002 0.009529 -0.039492 -0.040356
    28 3.548828 0.198730 -1.489258 0.122068 0.218121 -0.679759
    29 1.218362 0.000000 0.000000 0.002959 0.019938 -1.051712
    30 0.679688 -0.000006 0.000004 0.028392 -0.181320 -0.761972
    31 3.697042 0.266204 -0.725138 0.148081 0.167551 -0.656351
    32 1.747315 -0.000008 -0.000001 -0.016831 -0.101072 -0.899610
    33 0.959961 0.000006 0.000000 -0.001254 0.009906 -0.608350
    34 2.023778 0.904982 -0.850921 -1.325391 1.207613 3.395948
    35 4.981625 0.002227 0.003236 1.388520 0.100018 -0.921032
    36 11.119975 -0.000005 0.000000 0.000001 0.050589 -0.300088
    37 11.205375 0.000073 0.000008 -1.629718 -0.031973 0.280607
    38 3.767578 0.151855 -0.072693 -0.061811 -0.104916 -0.601450
    39 2.036716 -0.000004 0.000000 -0.053356 0.002610 -1.343653
    40 1.063287 -0.000004 0.000001 0.243348 0.222157 -0.479503
    41 3.783203 -0.023941 -0.794434 0.145529 -0.103829 -0.523859
    42 1.628906 -0.000001 0.000002 -0.001787 -0.229023 -0.812505
    43 0.955566 -0.000004 0.000000 -0.124329 -0.037101 -0.833108
    44 1.258789 -0.308350 -1.250000 1.086305 0.326416 -0.551995
    45 1.392578 -0.000001 0.000000 -0.000830 -0.001840 0.382344
    46 1.099609 0.000000 -0.000005 -0.008997 -0.009551 0.469381
    47 3.546538 0.208125 1.487114 0.073224 -0.031332 -0.676973
    48 1.218360 -0.000002 0.000000 0.021055 -0.138830 -0.848014
    49 0.679688 0.000006 0.000000 -0.104181 0.098128 -1.071576
    50 3.696249 0.271114 0.723153 0.065650 -0.112146 -0.666595
    51 1.747310 0.000004 0.000000 -0.074580 0.021053 -1.335396
    52 0.959961 0.000004 -0.000001 0.003325 -0.009470 -0.821513
    53 -3.756462 5.577850 2.053357 1.570803 -0.000001 0.000000
    54 -2.735646 -0.081365 5.727119 0.000007 0.000015 1.570796
    55 0.000001 5.662003 -0.974302 1.570804 -0.000001 0.000000
    56 -0.000002 -2.275002 5.113525 0.000000 0.000000 -3.141592
    57 -2.477620 5.416855 4.597564 1.570804 -0.000001 0.000000
    58 -1.515218 1.317776 5.998497 0.000000 0.000000 0.000000
    59 -2.455992 5.657928 -0.087295 1.570804 -0.000001 0.000000
    60 -1.485628 -1.617812 5.263969 0.000000 0.000000 3.141592
    61 3.756460 5.577858 2.053359 1.570803 -0.000001 0.000000
    62 2.735645 -0.081364 5.727116 0.000004 -0.000011 -1.570795
    63 2.477613 5.416855 4.597570 1.570804 -0.000001 0.000000
    64 1.515220 1.317777 5.998508 0.000000 0.000000 0.000000
    65 2.455991 5.657928 -0.087293 1.570804 -0.000001 0.000000
    66 1.485620 -1.617803 5.263973 0.000000 0.000000 -3.141592
    67 4.575642 5.632584 0.000132 0.000000 -1.570771 0.249128
    68 -0.000001 0.314078 5.161098 0.000000 0.000000 0.000000
    69 -0.000001 -0.323108 3.750217 0.000000 0.000000 0.000000
    70 5.734947 1.075212 4.685178 1.570830 -0.000004 -1.321669
    71 -0.753896 0.305901 4.971462 -0.000001 0.000002 0.000000
    72 -1.101006 -0.314705 3.448307 0.000001 0.000001 0.000000
    73 5.809101 -1.029643 4.595047 1.570829 -0.000004 -1.321671
    74 -0.714908 -0.199657 5.028973 0.000000 0.000003 0.000000
    75 -0.282898 -0.851690 4.444889 0.000000 0.000000 0.000000
    76 9.578484 -1.290738 0.000240 0.000000 1.570770 -2.892481
    77 9.369518 -1.236408 1.787905 0.000000 1.570770 -2.892481
    78 9.436707 -1.331719 -1.409029 0.000000 1.570770 -2.892477
    79 5.735191 1.075235 -4.684885 -1.570814 0.000004 1.819923
    80 0.753901 0.305904 4.971474 -0.000001 -0.000002 0.000000
    81 1.101010 -0.314705 3.448315 0.000000 -0.000001 0.000000
    82 5.809341 -1.029617 -4.594752 -1.570814 0.000004 1.819922
    83 0.714908 -0.199655 5.028969 0.000000 -0.000003 0.000000
    84 0.282897 -0.851688 4.444893 0.000000 0.000000 0.000000
  time 33
    0 0.194663 -0.144536 37.657601 1.632155 0.038578 -0.110048
    1 3.983847 0.002149 0.003401 -1.664260 -0.217242 -1.451546
    2 15.938816 -0.000100 -0.000005 -0.000009 -0.000002 0.305803
    3 17.707025 -0.000068 0.000003 -0.172831 -0.148622 -1.168138
    4 6.202515 0.003416 -0.000367 0.020247 -0.027684 -0.404243
    5 -3.983848 0.002149 0.003395 -1.530445 -0.084441 -1.489860
    6 15.938826 -0.000113 -0.000001 0.000002 0.000010 0.277947
    7 17.707031 0.000018 0.000000 0.172589 0.316336 -1.236948
    8 6.202710 0.003078 0.003745 -0.111776 0.023838 -0.468131
    9 -0.000001 4.209253 -1.688832 1.575301 0.090272 1.586898
    10 3.836055 0.000000 0.000000 -0.004171 0.031281 -0.037429
    11 3.617625 -0.000275 -0.000015 -0.012212 -0.022431 -0.026584
    12 7.537925 0.003588 -0.000212 0.031073 0.053623 0.289928
    13 3.181604 -0.002346 0.000028 3.176390 -0.044135 0.196442
    14 2.966416 0.000318 0.000023 0.076266 0.044569 0.145017
    15 2.023770 0.904983 0.850949 1.865153 -1.262956 2.531155
    16 4.980521 0.000781 -0.001089 -1.654148 0.371365 -1.158112
    17 11.119977 0.000007 0.000004 -0.000003 -0.106448 -0.329290
    18 11.205393 -0.000039 0.000000 1.529321 -0.098039 0.135080
    19 3.767578 0.152466 0.071350 0.161511 0.116813 -0.535180
    20 2.037109 0.000002 0.000000 -0.025500 -0.063436 -0.943058
    21 1.066406 -0.000002 0.000000 -0.001546 0.012034 -0.436579
    22 3.783203 -0.017258 0.794434 0.168904 -0.026920 -0.368804
    23 1.627436 0.000008 0.000000 -0.061243 0.003132 -0.834888
    24 0.955566 -0.000002 0.000000 -0.005388 -0.042122 -0.207877
    25 1.258789 -0.297852 1.251953 -1.291947 -0.539750 -0.506113
    26 1.392578 0.000004 -0.000002 0.001372 -0.188351 0.491767
    27 1.099609 0.000000 -0.000002 0.009529 -0.039492 -0.040356
    28 3.548828 0.198730 -1.489258 0.122068 0.218121 -0.679759
    29 1.218362 0.000000 0.000000 0.002959 0.019938 -1.051712
    30 0.679688 -0.000006 0.000004 0.028392 -0.181320 -0.761972
    31 3.697042 0.266204 -0.725138 0.148081 0.167551 -0.656351
    32 1.747315 -0.000008 -0.000001 -0.016831 -0.101072 -0.899610
    33 0.959961 0.000006 0.000000 -0.001254 0.009906 -0.608350
    34 2.023778 0.904982 -0.850921 -1.325861 1.207043 3.395587
    35 4.981625 0.002227 0.003236 1.389759 0.100431 -0.921326
    36 11.119975 -0.000005 0.000000 0.000001 0.050589 -0.299458
    37 11.205375 0.000073 0.000008 -1.629146 -0.030618 0.279960
    38 3.767578 0.151855 -0.072693 -0.061811 -0.104916 -0.601450
    39 2.036716 -0.000004 0.000000 -0.053356 0.002610 -1.343653
    40 1.063287 -0.000004 0.000001 0.243360 0.222157 -0.479503
    41 3.783203 -0.023941 -0.794434 0.145529 -0.103829 -0.523859
    42 1.628906 -0.000001 0.000002 -0.001787 -0.229023 -0.812505
    43 0.955566 -0.000004 0.000000 -0.124329 -0.037101 -0.833108
    44 1.258789 -0.308350 -1.250000 1.086305 0.326416 -0.551995
    45 1.392578 -0.000001 0.000000 -0.000830 -0.001840 0.382344
    46 1.099609 0.000000 -0.000005 -0.008997 -0.009551 0.469381
    47 3.546538 0.208125 1.487114 0.073195 -0.031284 -0.676973
    48 1.218360 -0.000002 0.000000 0.021055 -0.138830 -0.848014
    49 0.679688 0.000006 0.000000 -0.104181 0.098128 -1.071576
    50 3.696249 0.271114 0.723153 0.065650 -0.112146 -0.666595
    51 1.747310 0.000004 0.000000 -0.074580 0.021053 -1.335361
    52 0.959961 0.000004 -0.000001 0.003325 -0.009470 -0.821513
    53 -3.756462 5.577850 2.053357 1.570803 -0.000001 0.000000
    54 -2.735646 -0.081365 5.727119 0.000007 0.000015 1.570796
    55 0.000001 5.662003 -0.974302 1.570804 -0.000001 0.000000
    56 -0.000002 -2.275002 5.113525 0.000000 0.000000 -3.141592
    57 -2.477620 5.416855 4.597564 1.570804 -0.000001 0.000000
    58 -1.515218 1.317776 5.998497 0.000000 0.000000 0.000000
    59 -2.455992 5.657928 -0.087295 1.570804 -0.000001 0.000000
    60 -1.485628 -1.617812 5.263969 0.000000 0.000000 3.141592
    61 3.756460 5.577858 2.053359 1.570803 -0.000001 0.000000
    62 2.735645 -0.081364 5.727116 0.000004 -0.000011 -1.570795
    63 2.477613 5.416855 4.597570 1.570804 -0.000001 0.000000
    64 1.515220 1.317777 5.998508 0.000000 0.000000 0.000000
    65 2.455991 5.657928 -0.087293 1.570804 -0.000001 0.000000
    66 1.485620 -1.617803 5.263973 0.000000 0.000000 -3.141592
    67 4.575642 5.632584 0.000132 0.000000 -1.570771 0.249128
    68 -0.000001 0.314078 5.161098 0.000000 0.000000 0.000000
    69 -0.000001 -0.323108 3.750217 0.000000 0.000000 0.000000
    70 5.734947 1.075212 4.685178 1.570830 -0.000004 -1.321669
    71 -0.753896 0.305901 4.971462 -0.000001 0.000002 0.000000
    72 -1.101006 -0.314705 3.448307 0.000001 0.000001 0.000000
    73 5.809101 -1.029643 4.595047 1.570829 -0.000004 -1.321671
    74 -0.714908 -0.199657 5.028973 0.000000 0.000003 0.000000
    75 -0.282898 -0.851690 4.444889 0.000000 0.000000 0.000000
    76 9.578484 -1.290738 0.000240 0.000000 1.570770 -2.892481
    77 9.369518 -1.236408 1.787905 0.000000 1.570770 -2.892481
    78 9.436707 -1.331719 -1.409029 0.000000 1.570770 -2.892477
    79 5.735191 1.075235 -4.684885 -1.570814 0.000004 1.819923
    80 0.753901 0.305904 4.971474 -0.000001 -0.000002 0.000000
    81 1.101010 -0.314705 3.448315 0.000000 -0.000001 0.000000
    82 5.809341 -1.029617 -4.594752 -1.570814 0.000004 1.819922
    83 0.714908 -0.199655 5.028969 0.000000 -0.000003 0.000000
    84 0.282897 -0.851688 4.444893 0.000000 0.000000 0.000000
  time 34
    0 0.194663 -0.152348 37.657601 1.632107 0.038542 -0.109984
    1 3.983847 0.002149 0.003401 -1.664355 -0.217420 -1.451725
    2 15.938816 -0.000100 -0.000005 -0.000009 -0.000002 0.306441
    3 17.707025 -0.000068 0.000003 -0.172721 -0.148537 -1.168627
    4 6.202515 0.003416 -0.000367 0.020235 -0.027684 -0.404104
    5 -3.983848 0.002149 0.003395 -1.530253 -0.084398 -1.490048
    6 15.938826 -0.000113 -0.000001 0.000002 0.000010 0.278199
    7 17.707031 0.000018 0.000000 0.172566 0.316336 -1.237110
    8 6.202710 0.003078 0.003745 -0.111776 0.023826 -0.468250
    9 -0.000001 4.209253 -1.688832 1.575109 0.090514 1.586658
    10 3.836055 0.000000 0.000000 -0.004243 0.031712 -0.037189
    11 3.617625 -0.000275 -0.000015 -0.012092 -0.022611 -0.026345
    12 7.537925 0.003588 -0.000212 0.031145 0.053611 0.290299
    13 3.181604 -0.002346 0.000028 3.176966 -0.043535 0.195974
    14 2.966416 0.000318 0.000023 0.076074 0.044389 0.145290
    15 2.023770 0.904983 0.850949 1.863603 -1.262793 2.532696
    16 4.980521 0.000781 -0.001089 -1.653529 0.370353 -1.159648
    17 11.119977 0.000007 0.000004 -0.000003 -0.106448 -0.326831
    18 11.205393 -0.000039 0.000000 1.530329 -0.098428 0.134086
    19 3.767578 0.152466 0.071350 0.161511 0.116813 -0.535180
    20 2.037109 0.000002 0.000000 -0.025500 -0.063436 -0.943058
    21 1.066406 -0.000002 0.000000 -0.001546 0.012034 -0.436579
    22 3.783203 -0.017258 0.794434 0.168904 -0.026920 -0.368804
    23 1.627436 0.000008 0.000000 -0.061243 0.003132 -0.834888
    24 0.955566 -0.000002 0.000000 -0.005388 -0.042122 -0.207877
    25 1.258789 -0.297852 1.251953 -1.291947 -0.539750 -0.506113
    26 1.392578 0.000004 -0.000002 0.001372 -0.188351 0.491767
    27 1.099609 0.000000 -0.000002 0.009529 -0.039492 -0.040356
    28 3.548828 0.198730 -1.489258 0.122068 0.218121 -0.679759
    29 1.218362 0.000000 0.000000 0.002959 0.019938 -1.051712
    30 0.679688 -0.000006 0.000004 0.028392 -0.181320 -0.761972
    31 3.697042 0.266204 -0.725138 0.148081 0.167551 -0.656351
    32 1.747315 -0.000008 -0.000001 -0.016831 -0.101072 -0.899610
    33 0.959961 0.000006 0.000000 -0.001254 0.009906 -0.608350
    34 2.023778 0.904982 -0.850921 -1.326905 1.206676 3.394593
    35 4.981625 0.002227 0.003236 1.390688 0.100733 -0.921414
    36 11.119975 -0.000005 0.000000 0.000001 0.050589 -0.298575
    37 11.205375 0.000073 0.000008 -1.628764 -0.029384 0.279265
    38 3.767578 0.151855 -0.072693 -0.061811 -0.104916 -0.601450
    39 2.036716 -0.000004 0.000000 -0.053356 0.002610 -1.343694
    40 1.063287 -0.000004 0.000001 0.243360 0.222157 -0.479503
    41 3.783203 -0.023941 -0.794434 0.145529 -0.103829 -0.523859
    42 1.628906 -0.000001 0.000002 -0.001787 -0.229023 -0.812505
    43 0.955566 -0.000004 0.000000 -0.124329 -0.037101 -0.833108
    44 1.258789 -0.308350 -1.250000 1.086305 0.326416 -0.551995
    45 1.392578 -0.000001 0.000000 -0.000830 -0.001840 0.382344
    46 1.099609 0.000000 -0.000005 -0.008997 -0.009551 0.469381
    47 3.546538 0.208125 1.487114 0.073167 -0.031248 -0.676973
    48 1.218360 -0.000002 0.000000 0.021055 -0.138830 -0.848014
    49 0.679688 0.000006 0.000000 -0.104181 0.098128 -1.071576
    50 3.696249 0.271114 0.723153 0.065650 -0.112146 -0.666595
    51 1.747310 0.000004 0.000000 -0.074580 0.021053 -1.335396
    52 0.959961 0.000004 -0.000001 0.003325 -0.009470 -0.821513
    53 -3.756462 5.577850 2.053357 1.570803 -0.000001 0.000000
    54 -2.735646 -0.081365 5.727119 0.000007 0.000015 1.570796
    55 0.000001 5.662003 -0.974302 1.570804 -0.000001 0.000000
    56 -0.000002 -2.275002 5.113525 0.000000 0.000000 -3.141592
    57 -2.477620 5.416855 4.597564 1.570804 -0.000001 0.000000
    58 -1.515218 1.317776 5.998497 0.000000 0.000000 0.000000
    59 -2.455992 5.657928 -0.087295 1.570804 -0.000001 0.000000
    60 -1.485628 -1.617812 5.263969 0.000000 0.000000 3.141592
    61 3.756460 5.577858 2.053359 1.570803 -0.000001 0.000000
    62 2.735645 -0.081364 5.727116 0.000004 -0.000011 -1.570795
    63 2.477613 5.416855 4.597570 1.570804 -0.000001 0.000000
    64 1.515220 1.317777 5.998508 0.000000 0.000000 0.000000
    65 2.455991 5.657928 -0.087293 1.570804 -0.000001 0.000000
    66 1.485620 -1.617803 5.263973 0.000000 0.000000 -3.141592
    67 4.575642 5.632584 0.000132 0.000000 -1.570771 0.249128
    68 -0.000001 0.314078 5.161098 0.000000 0.000000 0.000000
    69 -0.000001 -0.323108 3.750217 0.000000 0.000000 0.000000
    70 5.734947 1.075212 4.685178 1.570830 -0.000004 -1.321669
    71 -0.753896 0.305901 4.971462 -0.000001 0.000002 0.000000
    72 -1.101006 -0.314705 3.448307 0.000001 0.000001 0.000000
    73 5.809101 -1.029643 4.595047 1.570829 -0.000004 -1.321671
    74 -0.714908 -0.199657 5.028973 0.000000 0.000003 0.000000
    75 -0.282898 -0.851690 4.444889 0.000000 0.000000 0.000000
    76 9.578484 -1.290738 0.000240 0.000000 1.570770 -2.892481
    77 9.369518 -1.236408 1.787905 0.000000 1.570770 -2.892481
    78 9.436707 -1.331719 -1.409029 0.000000 1.570770 -2.892477
    79 5.735191 1.075235 -4.684885 -1.570814 0.000004 1.819923
    80 0.753901 0.305904 4.971474 -0.000001 -0.000002 0.000000
    81 1.101010 -0.314705 3.448315 0.000000 -0.000001 0.000000
    82 5.809341 -1.029617 -4.594752 -1.570814 0.000004 1.819922
    83 0.714908 -0.199655 5.028969 0.000000 -0.000003 0.000000
    84 0.282897 -0.851688 4.444893 0.000000 0.000000 0.000000
  time 35
    0 0.194663 -0.156255 37.657601 1.632155 0.038495 -0.109792
    1 3.983847 0.002149 0.003401 -1.664355 -0.217642 -1.451725
    2 15.938816 -0.000100 -0.000005 -0.000009 -0.000002 0.307015
    3 17.707025 -0.000068 0.000003 -0.172721 -0.148452 -1.169055
    4 6.202515 0.003416 -0.000367 0.020235 -0.027684 -0.404104
    5 -3.983848 0.002149 0.003395 -1.530062 -0.084226 -1.490048
    6 15.938826 -0.000113 -0.000001 0.000002 0.000010 0.278262
    7 17.707031 0.000018 0.000000 0.172544 0.316247 -1.237240
    8 6.202710 0.003078 0.003745 -0.111776 0.023826 -0.468250
    9 -0.000001 4.209253 -1.688832 1.574965 0.090635 1.586418
    10 3.836055 0.000000 0.000000 -0.004375 0.032383 -0.036949
    11 3.617625 -0.000275 -0.000015 -0.011888 -0.023042 -0.026092
    12 7.537925 0.003588 -0.000212 0.031229 0.053599 0.290791
    13 3.181604 -0.002346 0.000028 3.176774 -0.042864 0.195351
    14 2.966416 0.000318 0.000023 0.075990 0.044090 0.145653
    15 2.023770 0.904983 0.850949 1.861603 -1.262508 2.534599
    16 4.980521 0.000781 -0.001089 -1.652549 0.369206 -1.161185
    17 11.119977 0.000007 0.000004 -0.000003 -0.106448 -0.324029
    18 11.205393 -0.000039 0.000000 1.530521 -0.097698 0.132420
    19 3.767578 0.152466 0.071350 0.161511 0.116813 -0.535180
    20 2.037109 0.000002 0.000000 -0.025500 -0.063436 -0.943058
    21 1.066406 -0.000002 0.000000 -0.001546 0.012034 -0.436579
    22 3.783203 -0.017258 0.794434 0.168904 -0.026920 -0.368804
    23 1.627436 0.000008 0.000000 -0.061243 0.003132 -0.834888
    24 0.955566 -0.000002 0.000000 -0.005388 -0.042122 -0.207877
    25 1.258789 -0.297852 1.251953 -1.291947 -0.539750 -0.506113
    26 1.392578 0.000004 -0.000002 0.001372 -0.188351 0.491767
    27 1.099609 0.000000 -0.000002 0.009529 -0.039492 -0.040356
    28 3.548828 0.198730 -1.489258 0.122068 0.218121 -0.679759
    29 1.218362 0.000000 0.000000 0.002959 0.019938 -1.051712
    30 0.679688 -0.000006 0.000004 0.028392 -0.181320 -0.761972
    31 3.697042 0.266204 -0.725138 0.148081 0.167551 -0.656364
    32 1.747315 -0.000008 -0.000001 -0.016831 -0.101072 -0.899610
    33 0.959961 0.000006 0.000000 -0.001254 0.009906 -0.608350
    34 2.023778 0.904982 -0.850921 -1.328575 1.205984 3.393058
    35 4.981625 0.002227 0.003236 1.391358 0.100733 -0.921326
    36 11.119975 -0.000005 0.000000 0.000001 0.050589 -0.297818
    37 11.205375 0.000073 0.000008 -1.629814 -0.028857 0.278282
    38 3.767578 0.151855 -0.072693 -0.061811 -0.104916 -0.601450
    39 2.036716 -0.000004 0.000000 -0.053356 0.002610 -1.343653
    40 1.063287 -0.000004 0.000001 0.243360 0.222157 -0.479503
    41 3.783203 -0.023941 -0.794434 0.145529 -0.103829 -0.523859
    42 1.628906 -0.000001 0.000002 -0.001787 -0.229023 -0.812505
    43 0.955566 -0.000004 0.000000 -0.124329 -0.037101 -0.833108
    44 1.258789 -0.308350 -1.250000 1.086305 0.326416 -0.551995
    45 1.392578 -0.000001 0.000000 -0.000830 -0.001840 0.382344
    46 1.099609 0.000000 -0.000005 -0.008997 -0.009551 0.469381
    47 3.546538 0.208125 1.487114 0.073195 -0.031272 -0.676973
    48 1.218360 -0.000002 0.000000 0.021055 -0.138830 -0.848014
    49 0.679688 0.000006 0.000000 -0.104181 0.098128 -1.071576
    50 3.696249 0.271114 0.723153 0.065650 -0.112146 -0.666595
    51 1.747310 0.000004 0.000000 -0.074580 0.021053 -1.335361
    52 0.959961 0.000004 -0.000001 0.003325 -0.009470 -0.821513
    53 -3.756462 5.577850 2.053357 1.570803 -0.000001 0.000000
    54 -2.735646 -0.081365 5.727119 0.000007 0.000015 1.570796
    55 0.000001 5.662003 -0.974302 1.570804 -0.000001 0.000000
    56 -0.000002 -2.275002 5.113525 0.000000 0.000000 -3.141592
    57 -2.477620 5.416855 4.597564 1.570804 -0.000001 0.000000
    58 -1.515218 1.317776 5.998497 0.000000 0.000000 0.000000
    59 -2.455992 5.657928 -0.087295 1.570804 -0.000001 0.000000
    60 -1.485628 -1.617812 5.263969 0.000000 0.000000 3.141592
    61 3.756460 5.577858 2.053359 1.570803 -0.000001 0.000000
    62 2.735645 -0.081364 5.727116 0.000004 -0.000011 -1.570795
    63 2.477613 5.416855 4.597570 1.570804 -0.000001 0.000000
    64 1.515220 1.317777 5.998508 0.000000 0.000000 0.000000
    65 2.455991 5.657928 -0.087293 1.570804 -0.000001 0.000000
    66 1.485620 -1.617803 5.263973 0.000000 0.000000 -3.141592
    67 4.575642 5.632584 0.000132 0.000000 -1.570771 0.249128
    68 -0.000001 0.314078 5.161098 0.000000 0.000000 0.000000
    69 -0.000001 -0.323108 3.750217 0.000000 0.000000 0.000000
    70 5.734947 1.075212 4.685178 1.570830 -0.000004 -1.321669
    71 -0.753896 0.305901 4.971462 -0.000001 0.000002 0.000000
    72 -1.101006 -0.314705 3.448307 0.000001 0.000001 0.000000
    73 5.809101 -1.029643 4.595047 1.570829 -0.000004 -1.321671
    74 -0.714908 -0.199657 5.028973 0.000000 0.000003 0.000000
    75 -0.282898 -0.851690 4.444889 0.000000 0.000000 0.000000
    76 9.578484 -1.290738 0.000240 0.000000 1.570770 -2.892481
    77 9.369518 -1.236408 1.787905 0.000000 1.570770 -2.892481
    78 9.436707 -1.331719 -1.409029 0.000000 1.570770 -2.892477
    79 5.735191 1.075235 -4.684885 -1.570814 0.000004 1.819923
    80 0.753901 0.305904 4.971474 -0.000001 -0.000002 0.000000
    81 1.101010 -0.314705 3.448315 0.000000 -0.000001 0.000000
    82 5.809341 -1.029617 -4.594752 -1.570814 0.000004 1.819922
    83 0.714908 -0.199655 5.028969 0.000000 -0.000003 0.000000
    84 0.282897 -0.851688 4.444893 0.000000 0.000000 0.000000
  time 36
    0 0.190756 -0.164068 37.657601 1.632155 0.038542 -0.109728
    1 3.983847 0.002149 0.003401 -1.664165 -0.217642 -1.451546
    2 15.938816 -0.000100 -0.000005 -0.000009 -0.000002 0.307652
    3 17.707025 -0.000068 0.000003 -0.172776 -0.148389 -1.169637
    4 6.202515 0.003416 -0.000367 0.020235 -0.027684 -0.404104
    5 -3.983848 0.002149 0.003395 -1.530062 -0.084183 -1.490048
    6 15.938826 -0.000113 -0.000001 0.000002 0.000010 0.278451
    7 17.707031 0.000018 0.000000 0.172521 0.316247 -1.237467
    8 6.202710 0.003078 0.003745 -0.111776 0.023814 -0.468386
    9 -0.000001 4.209253 -1.688832 1.574965 0.090696 1.586274
    10 3.836055 0.000000 0.000000 -0.004494 0.032875 -0.036709
    11 3.617625 -0.000275 -0.000015 -0.011768 -0.023462 -0.025979
    12 7.537925 0.003588 -0.000212 0.031433 0.053683 0.291294
    13 3.181604 -0.002346 0.000028 3.176390 -0.042553 0.194704
    14 2.966416 0.000318 0.000023 0.075990 0.043574 0.146107
    15 2.023770 0.904983 0.850949 1.859603 -1.261898 2.536503
    16 4.980521 0.000781 -0.001089 -1.652136 0.368093 -1.162522
    17 11.119977 0.000007 0.000004 -0.000003 -0.106448 -0.320999
    18 11.205393 -0.000039 0.000000 1.530425 -0.096981 0.130358
    19 3.767578 0.152466 0.071350 0.161511 0.116813 -0.535180
    20 2.037109 0.000002 0.000000 -0.025500 -0.063436 -0.943058
    21 1.066406 -0.000002 0.000000 -0.001546 0.012034 -0.436579
    22 3.783203 -0.017258 0.794434 0.168904 -0.026920 -0.368804
    23 1.627436 0.000008 0.000000 -0.061243 0.003132 -0.834888
    24 0.955566 -0.000002 0.000000 -0.005388 -0.042122 -0.207877
    25 1.258789 -0.297852 1.251953 -1.291947 -0.539750 -0.506113
    26 1.392578 0.000004 -0.000002 0.001372 -0.188351 0.491767
    27 1.099609 0.000000 -0.000002 0.009529 -0.039492 -0.040356
    28 3.548828 0.198730 -1.489258 0.122068 0.218121 -0.679759
    29 1.218362 0.000000 0.000000 0.002959 0.019938 -1.051712
    30 0.679688 -0.000006 0.000004 0.028392 -0.181320 -0.761972
    31 3.697042 0.266204 -0.725138 0.148081 0.167551 -0.656351
    32 1.747315 -0.000008 -0.000001 -0.016831 -0.101072 -0.899610
    33 0.959961 0.000006 0.000000 -0.001254 0.009906 -0.608350
    34 2.023778 0.904982 -0.850921 -1.329984 1.205048 3.391703
    35 4.981625 0.002227 0.003236 1.391410 0.100486 -0.921120
    36 11.119975 -0.000005 0.000000 0.000001 0.050589 -0.297188
    37 11.205375 0.000073 0.000008 -1.632105 -0.029384 0.278570
    38 3.767578 0.151855 -0.072693 -0.061811 -0.104916 -0.601450
    39 2.036716 -0.000004 0.000000 -0.053356 0.002610 -1.343653
    40 1.063287 -0.000004 0.000001 0.243360 0.222157 -0.479503
    41 3.783203 -0.023941 -0.794434 0.145529 -0.103829 -0.523859
    42 1.628906 -0.000001 0.000002 -0.001787 -0.229023 -0.812505
    43 0.955566 -0.000004 0.000000 -0.124329 -0.037101 -0.833108
    44 1.258789 -0.308350 -1.250000 1.086305 0.326416 -0.551995
    45 1.392578 -0.000001 0.000000 -0.000830 -0.001840 0.382344
    46 1.099609 0.000000 -0.000005 -0.008997 -0.009551 0.469381
    47 3.546538 0.208125 1.487114 0.073310 -0.031368 -0.676793
    48 1.218360 -0.000002 0.000000 0.021055 -0.138830 -0.848014
    49 0.679688 0.000006 0.000000 -0.104181 0.098128 -1.071576
    50 3.696249 0.271114 0.723153 0.065650 -0.112146 -0.666595
    51 1.747310 0.000004 0.000000 -0.074580 0.021053 -1.335361
    52 0.959961 0.000004 -0.000001 0.003325 -0.009470 -0.821513
    53 -3.756462 5.577850 2.053357 1.570803 -0.000001 0.000000
    54 -2.735646 -0.081365 5.727119 0.000007 0.000015 1.570796
    55 0.000001 5.662003 -0.974302 1.570804 -0.000001 0.000000
    56 -0.000002 -2.275002 5.113525 0.000000 0.000000 -3.141592
    57 -2.477620 5.416855 4.597564 1.570804 -0.000001 0.000000
    58 -1.515218 1.317776 5.998497 0.000000 0.000000 0.000000
    59 -2.455992 5.657928 -0.087295 1.570804 -0.000001 0.000000
    60 -1.485628 -1.617812 5.263969 0.000000 0.000000 3.141592
    61 3.756460 5.577858 2.053359 1.570803 -0.000001 0.000000
    62 2.735645 -0.081364 5.727116 0.000004 -0.000011 -1.570795
    63 2.477613 5.416855 4.597570 1.570804 -0.000001 0.000000
    64 1.515220 1.317777 5.998508 0.000000 0.000000 0.000000
    65 2.455991 5.657928 -0.087293 1.570804 -0.000001 0.000000
    66 1.485620 -1.617803 5.263973 0.000000 0.000000 -3.141592
    67 4.575642 5.632584 0.000132 0.000000 -1.570771 0.249128
    68 -0.000001 0.314078 5.161098 0.000000 0.000000 0.000000
    69 -0.000001 -0.323108 3.750217 0.000000 0.000000 0.000000
    70 5.734947 1.075212 4.685178 1.570830 -0.000004 -1.321669
    71 -0.753896 0.305901 4.971462 -0.000001 0.000002 0.000000
    72 -1.101006 -0.314705 3.448307 0.000001 0.000001 0.000000
    73 5.809101 -1.029643 4.595047 1.570829 -0.000004 -1.321671
    74 -0.714908 -0.199657 5.028973 0.000000 0.000003 0.000000
    75 -0.282898 -0.851690 4.444889 0.000000 0.000000 0.000000
    76 9.578484 -1.290738 0.000240 0.000000 1.570770 -2.892481
    77 9.369518 -1.236408 1.787905 0.000000 1.570770 -2.892481
    78 9.436707 -1.331719 -1.409029 0.000000 1.570770 -2.892477
    79 5.735191 1.075235 -4.684885 -1.570814 0.000004 1.819923
    80 0.753901 0.305904 4.971474 -0.000001 -0.000002 0.000000
    81 1.101010 -0.314705 3.448315 0.000000 -0.000001 0.000000
    82 5.809341 -1.029617 -4.594752 -1.570814 0.000004 1.819922
    83 0.714908 -0.199655 5.028969 0.000000 -0.000003 0.000000
    84 0.282897 -0.851688 4.444893 0.000000 0.000000 0.000000
  time 37
    0 0.186850 -0.167974 37.657601 1.632155 0.038447 -0.109600
    1 3.983847 0.002149 0.003401 -1.664070 -0.217909 -1.451546
    2 15.938816 -0.000100 -0.000005 -0.000009 -0.000002 0.308290
    3 17.707025 -0.000068 0.000003 -0.172804 -0.148325 -1.170126
    4 6.202515 0.003416 -0.000367 0.020235 -0.027684 -0.404104
    5 -3.983848 0.002149 0.003395 -1.529967 -0.084098 -1.490048
    6 15.938826 -0.000113 -0.000001 0.000002 0.000010 0.278514
    7 17.707031 0.000018 0.000000 0.172453 0.316408 -1.237661
    8 6.202710 0.003078 0.003745 -0.111788 0.023814 -0.468505
    9 -0.000001 4.209253 -1.688832 1.575013 0.090656 1.586274
    10 3.836055 0.000000 0.000000 -0.004566 0.033294 -0.036590
    11 3.617625 -0.000275 -0.000015 -0.011577 -0.023941 -0.025726
    12 7.537925 0.003588 -0.000212 0.031601 0.053839 0.291810
    13 3.181604 -0.002346 0.000028 3.176966 -0.042409 0.194081
    14 2.966416 0.000318 0.000023 0.076170 0.043167 0.146560
    15 2.023770 0.904983 0.850949 1.857203 -1.260839 2.538769
    16 4.980521 0.000781 -0.001089 -1.651775 0.367115 -1.163489
    17 11.119977 0.000007 0.000004 -0.000003 -0.106448 -0.317911
    18 11.205393 -0.000039 0.000000 1.530137 -0.096932 0.128021
    19 3.767578 0.152466 0.071350 0.161511 0.116813 -0.535180
    20 2.037109 0.000002 0.000000 -0.025500 -0.063436 -0.943058
    21 1.066406 -0.000002 0.000000 -0.001546 0.012034 -0.436579
    22 3.783203 -0.017258 0.794434 0.168904 -0.026920 -0.368804
    23 1.627436 0.000008 0.000000 -0.061243 0.003132 -0.834888
    24 0.955566 -0.000002 0.000000 -0.005388 -0.042122 -0.207877
    25 1.258789 -0.297852 1.251953 -1.291947 -0.539750 -0.506113
    26 1.392578 0.000004 -0.000002 0.001372 -0.188351 0.491767
    27 1.099609 0.000000 -0.000002 0.009529 -0.039492 -0.040356
    28 3.548828 0.198730 -1.489258 0.122068 0.218121 -0.679759
    29 1.218362 0.000000 0.000000 0.002959 0.019938 -1.051740
    30 0.679688 -0.000006 0.000004 0.028392 -0.181320 -0.761972
    31 3.697042 0.266204 -0.725138 0.148081 0.167551 -0.656351
    32 1.747315 -0.000008 -0.000001 -0.016831 -0.101072 -0.899610
    33 0.959961 0.000006 0.000000 -0.001254 0.009906 -0.608350
    34 2.023778 0.904982 -0.850921 -1.331915 1.203745 3.389896
    35 4.981625 0.002227 0.003236 1.390791 0.100018 -0.920474
    36 11.119975 -0.000005 0.000000 0.000001 0.050589 -0.296683
    37 11.205375 0.000073 0.000008 -1.634777 -0.030702 0.279852
    38 3.767578 0.151855 -0.072693 -0.061811 -0.104916 -0.601450
    39 2.036716 -0.000004 0.000000 -0.053356 0.002610 -1.343694
    40 1.063287 -0.000004 0.000001 0.243360 0.222157 -0.479503
    41 3.783203 -0.023941 -0.794434 0.145529 -0.103829 -0.523859
    42 1.628906 -0.000001 0.000002 -0.001787 -0.229023 -0.812505
    43 0.955566 -0.000004 0.000000 -0.124329 -0.037101 -0.833108
    44 1.258789 -0.308350 -1.250000 1.086305 0.326416 -0.551995
    45 1.392578 -0.000001 0.000000 -0.000830 -0.001840 0.382344
    46 1.099609 0.000000 -0.000005 -0.008997 -0.009551 0.469381
    47 3.546538 0.208125 1.487114 0.073497 -0.031548 -0.676566
    48 1.218360 -0.000002 0.000000 0.021055 -0.138830 -0.848014
    49 0.679688 0.000006 0.000000 -0.104181 0.098128 -1.071576
    50 3.696249 0.271114 0.723153 0.065650 -0.112146 -0.666595
    51 1.747310 0.000004 0.000000 -0.074580 0.021053 -1.335361
    52 0.959961 0.000004 -0.000001 0.003325 -0.009470 -0.821513
    53 -3.756462 5.577850 2.053357 1.570803 -0.000001 0.000000
    54 -2.735646 -0.081365 5.727119 0.000007 0.000015 1.570796
    55 0.000001 5.662003 -0.974302 1.570804 -0.000001 0.000000
    56 -0.000002 -2.275002 5.113525 0.000000 0.000000 -3.141592
    57 -2.477620 5.416855 4.597564 1.570804 -0.000001 0.000000
    58 -1.515218 1.317776 5.998497 0.000000 0.000000 0.000000
    59 -2.455992 5.657928 -0.087295 1.570804 -0.000001 0.000000
    60 -1.485628 -1.617812 5.263969 0.000000 0.000000 3.141592
    61 3.756460 5.577858 2.053359 1.570803 -0.000001 0.000000
    62 2.735645 -0.081364 5.727116 0.000004 -0.000011 -1.570795
    63 2.477613 5.416855 4.597570 1.570804 -0.000001 0.000000
    64 1.515220 1.317777 5.998508 0.000000 0.000000 0.000000
    65 2.455991 5.657928 -0.087293 1.570804 -0.000001 0.000000
    66 1.485620 -1.617803 5.263973 0.000000 0.000000 -3.141592
    67 4.575642 5.632584 0.000132 0.000000 -1.570771 0.249128
    68 -0.000001 0.314078 5.161098 0.000000 0.000000 0.000000
    69 -0.000001 -0.323108 3.750217 0.000000 0.000000 0.000000
    70 5.734947 1.075212 4.685178 1.570830 -0.000004 -1.321669
    71 -0.753896 0.305901 4.971462 -0.000001 0.000002 0.000000
    72 -1.101006 -0.314705 3.448307 0.000001 0.000001 0.000000
    73 5.809101 -1.029643 4.595047 1.570829 -0.000004 -1.321671
    74 -0.714908 -0.199657 5.028973 0.000000 0.000003 0.000000
    75 -0.282898 -0.851690 4.444889 0.000000 0.000000 0.000000
    76 9.578484 -1.290738 0.000240 0.000000 1.570770 -2.892481
    77 9.369518 -1.236408 1.787905 0.000000 1.570770 -2.892481
    78 9.436707 -1.331719 -1.409029 0.000000 1.570770 -2.892477
    79 5.735191 1.075235 -4.684885 -1.570814 0.000004 1.819923
    80 0.753901 0.305904 4.971474 -0.000001 -0.000002 0.000000
    81 1.101010 -0.314705 3.448315 0.000000 -0.000001 0.000000
    82 5.809341 -1.029617 -4.594752 -1.570814 0.000004 1.819922
    83 0.714908 -0.199655 5.028969 0.000000 -0.000003 0.000000
    84 0.282897 -0.851688 4.444893 0.000000 0.000000 0.000000
  time 38
    0 0.182943 -0.175787 37.657601 1.632251 0.038542 -0.109409
    1 3.983847 0.002149 0.003401 -1.663975 -0.218087 -1.451457
    2 15.938816 -0.000100 -0.000005 -0.000009 -0.000002 0.309055
    3 17.707025 -0.000068 0.000003 -0.172969 -0.148304 -1.170616
    4 6.202515 0.003416 -0.000367 0.020235 -0.027684 -0.404104
    5 -3.983848 0.002149 0.003395 -1.529967 -0.083969 -1.489860
    6 15.938826 -0.000113 -0.000001 0.000002 0.000010 0.278640
    7 17.707031 0.000018 0.000000 0.172340 0.316551 -1.238018
    8 6.202710 0.003078 0.003745 -0.111788 0.023802 -0.468641
    9 -0.000001 4.209253 -1.688832 1.575109 0.090696 1.586131
    10 3.836055 0.000000 0.000000 -0.004626 0.033606 -0.036350
    11 3.617625 -0.000275 -0.000015 -0.011313 -0.024432 -0.025613
    12 7.537925 0.003588 -0.000212 0.031756 0.054054 0.292049
    13 3.181604 -0.002346 0.000028 3.177349 -0.042289 0.193661
    14 2.966416 0.000318 0.000023 0.076314 0.043143 0.147060
    15 2.023770 0.904983 0.850949 1.854403 -1.259577 2.541307
    16 4.980521 0.000781 -0.001089 -1.651723 0.366204 -1.163802
    17 11.119977 0.000007 0.000004 -0.000003 -0.106448 -0.314824
    18 11.205393 -0.000039 0.000000 1.529801 -0.097127 0.125589
    19 3.767578 0.152466 0.071350 0.161511 0.116813 -0.535180
    20 2.037109 0.000002 0.000000 -0.025500 -0.063436 -0.943058
    21 1.066406 -0.000002 0.000000 -0.001546 0.012034 -0.436579
    22 3.783203 -0.017258 0.794434 0.168904 -0.026920 -0.368804
    23 1.627436 0.000008 0.000000 -0.061243 0.003132 -0.834888
    24 0.955566 -0.000002 0.000000 -0.005388 -0.042122 -0.207877
    25 1.258789 -0.297852 1.251953 -1.291947 -0.539750 -0.506113
    26 1.392578 0.000004 -0.000002 0.001372 -0.188351 0.491767
    27 1.099609 0.000000 -0.000002 0.009529 -0.039492 -0.040356
    28 3.548828 0.198730 -1.489258 0.122068 0.218121 -0.679759
    29 1.218362 0.000000 0.000000 0.002959 0.019938 -1.051712
    30 0.679688 -0.000006 0.000004 0.028392 -0.181320 -0.761972
    31 3.697042 0.266204 -0.725138 0.148081 0.167551 -0.656351
    32 1.747315 -0.000008 -0.000001 -0.016831 -0.101072 -0.899610
    33 0.959961 0.000006 0.000000 -0.001254 0.009906 -0.608350
    34 2.023778 0.904982 -0.850921 -1.333428 1.202198 3.388451
    35 4.981625 0.002227 0.003236 1.389604 0.099386 -0.919504
    36 11.119975 -0.000005 0.000000 0.000001 0.050589 -0.296368
    37 11.205375 0.000073 0.000008 -1.637067 -0.031937 0.281422
    38 3.767578 0.151855 -0.072693 -0.061811 -0.104916 -0.601450
    39 2.036716 -0.000004 0.000000 -0.053356 0.002610 -1.343694
    40 1.063287 -0.000004 0.000001 0.243360 0.222157 -0.479503
    41 3.783203 -0.023941 -0.794434 0.145529 -0.103829 -0.523859
    42 1.628906 -0.000001 0.000002 -0.001787 -0.229023 -0.812505
    43 0.955566 -0.000004 0.000000 -0.124329 -0.037101 -0.833108
    44 1.258789 -0.308350 -1.250000 1.086305 0.326416 -0.551995
    45 1.392578 -0.000001 0.000000 -0.000830 -0.001840 0.382344
    46 1.099609 0.000000 -0.000005 -0.008997 -0.009551 0.469381
    47 3.546538 0.208125 1.487114 0.073626 -0.031680 -0.676338
    48 1.218360 -0.000002 0.000000 0.021055 -0.138830 -0.848014
    49 0.679688 0.000006 0.000000 -0.104181 0.098128 -1.071576
    50 3.696249 0.271114 0.723153 0.065650 -0.112146 -0.666595
    51 1.747310 0.000004 0.000000 -0.074580 0.021053 -1.335361
    52 0.959961 0.000004 -0.000001 0.003325 -0.009470 -0.821513
    53 -3.756462 5.577850 2.053357 1.570803 -0.000001 0.000000
    54 -2.735646 -0.081365 5.727119 0.000007 0.000015 1.570796
    55 0.000001 5.662003 -0.974302 1.570804 -0.000001 0.000000
    56 -0.000002 -2.275002 5.113525 0.000000 0.000000 -3.141592
    57 -2.477620 5.416855 4.597564 1.570804 -0.000001 0.000000
    58 -1.515218 1.317776 5.998497 0.000000 0.000000 0.000000
    59 -2.455992 5.657928 -0.087295 1.570804 -0.000001 0.000000
    60 -1.485628 -1.617812 5.263969 0.000000 0.000000 3.141592
    61 3.756460 5.577858 2.053359 1.570803 -0.000001 0.000000
    62 2.735645 -0.081364 5.727116 0.000004 -0.000011 -1.570795
    63 2.477613 5.416855 4.597570 1.570804 -0.000001 0.000000
    64 1.515220 1.317777 5.998508 0.000000 0.000000 0.000000
    65 2.455991 5.657928 -0.087293 1.570804 -0.000001 0.000000
    66 1.485620 -1.617803 5.263973 0.000000 0.000000 -3.141592
    67 4.575642 5.632584 0.000132 0.000000 -1.570771 0.249128
    68 -0.000001 0.314078 5.161098 0.000000 0.000000 0.000000
    69 -0.000001 -0.323108 3.750217 0.000000 0.000000 0.000000
    70 5.734947 1.075212 4.685178 1.570830 -0.000004 -1.321669
    71 -0.753896 0.305901 4.971462 -0.000001 0.000002 0.000000
    72 -1.101006 -0.314705 3.448307 0.000001 0.000001 0.000000
    73 5.809101 -1.029643 4.595047 1.570829 -0.000004 -1.321671
    74 -0.714908 -0.199657 5.028973 0.000000 0.000003 0.000000
    75 -0.282898 -0.851690 4.444889 0.000000 0.000000 0.000000
    76 9.578484 -1.290738 0.000240 0.000000 1.570770 -2.892481
    77 9.369518 -1.236408 1.787905 0.000000 1.570770 -2.892481
    78 9.436707 -1.331719 -1.409029 0.000000 1.570770 -2.892477
    79 5.735191 1.075235 -4.684885 -1.570814 0.000004 1.819923
    80 0.753901 0.305904 4.971474 -0.000001 -0.000002 0.000000
    81 1.101010 -0.314705 3.448315 0.000000 -0.000001 0.000000
    82 5.809341 -1.029617 -4.594752 -1.570814 0.000004 1.819922
    83 0.714908 -0.199655 5.028969 0.000000 -0.000003 0.000000
    84 0.282897 -0.851688 4.444893 0.000000 0.000000 0.000000
  time 39
    0 0.175131 -0.183599 37.657601 1.632299 0.038542 -0.109409
    1 3.983847 0.002149 0.003401 -1.663785 -0.218176 -1.451278
    2 15.938816 -0.000100 -0.000005 -0.000009 -0.000002 0.309628
    3 17.707025 -0.000068 0.000003 -0.173134 -0.148261 -1.171044
    4 6.202515 0.003416 -0.000367 0.020235 -0.027684 -0.404104
    5 -3.983848 0.002149 0.003395 -1.530062 -0.083797 -1.489673
    6 15.938826 -0.000113 -0.000001 0.000002 0.000010 0.278766
    7 17.707031 0.000018 0.000000 0.172272 0.316783 -1.238213
    8 6.202710 0.003078 0.003745 -0.111788 0.023802 -0.468759
    9 -0.000001 4.209253 -1.688832 1.575205 0.090696 1.586035
    10 3.836055 0.000000 0.000000 -0.004626 0.033786 -0.036230
    11 3.617625 -0.000275 -0.000015 -0.011193 -0.024852 -0.025486
    12 7.537925 0.003588 -0.000212 0.031864 0.054282 0.292313
    13 3.181604 -0.002346 0.000028 3.177445 -0.042277 0.193457
    14 2.966416 0.000318 0.000023 0.076266 0.043383 0.147423
    15 2.023770 0.904983 0.850949 1.851353 -1.258233 2.544207
    16 4.980521 0.000781 -0.001089 -1.652136 0.365496 -1.163831
    17 11.119977 0.000007 0.000004 -0.000003 -0.106448 -0.311908
    18 11.205393 -0.000039 0.000000 1.529897 -0.097163 0.123539
    19 3.767578 0.152466 0.071350 0.161511 0.116813 -0.535180
    20 2.037109 0.000002 0.000000 -0.025500 -0.063436 -0.943058
    21 1.066406 -0.000002 0.000000 -0.001546 0.012034 -0.436579
    22 3.783203 -0.017258 0.794434 0.168904 -0.026920 -0.368804
    23 1.627436 0.000008 0.000000 -0.061243 0.003132 -0.834888
    24 0.955566 -0.000002 0.000000 -0.005388 -0.042122 -0.207877
    25 1.258789 -0.297852 1.251953 -1.291947 -0.539750 -0.506113
    26 1.392578 0.000004 -0.000002 0.001372 -0.188351 0.491767
    27 1.099609 0.000000 -0.000002 0.009529 -0.039492 -0.040356
    28 3.548828 0.198730 -1.489258 0.122068 0.218121 -0.679759
    29 1.218362 0.000000 0.000000 0.002959 0.019938 -1.051712
    30 0.679688 -0.000006 0.000004 0.028392 -0.181320 -0.761972
    31 3.697042 0.266204 -0.725138 0.148081 0.167551 -0.656351
    32 1.747315 -0.000008 -0.000001 -0.016831 -0.101072 -0.899610
    33 0.959961 0.000006 0.000000 -0.001254 0.009906 -0.608350
    34 2.023778 0.904982 -0.850921 -1.335150 1.200243 3.386735
    35 4.981625 0.002227 0.003236 1.388314 0.098754 -0.918359
    36 11.119975 -0.000005 0.000000 0.000001 0.050589 -0.296305
    37 11.205375 0.000073 0.000008 -1.638642 -0.032680 0.282058
    38 3.767578 0.151855 -0.072693 -0.061811 -0.104916 -0.601450
    39 2.036716 -0.000004 0.000000 -0.053356 0.002610 -1.343653
    40 1.063287 -0.000004 0.000001 0.243360 0.222157 -0.479503
    41 3.783203 -0.023941 -0.794434 0.145529 -0.103829 -0.523859
    42 1.628906 -0.000001 0.000002 -0.001787 -0.229023 -0.812505
    43 0.955566 -0.000004 0.000000 -0.124329 -0.037101 -0.833108
    44 1.258789 -0.308350 -1.250000 1.086305 0.326416 -0.551995
    45 1.392578 -0.000001 0.000000 -0.000830 -0.001840 0.382344
    46 1.099609 0.000000 -0.000005 -0.008997 -0.009551 0.469381
    47 3.546538 0.208125 1.487114 0.073755 -0.031811 -0.676170
    48 1.218360 -0.000002 0.000000 0.021055 -0.138830 -0.848014
    49 0.679688 0.000006 0.000000 -0.104181 0.098128 -1.071576
    50 3.696249 0.271114 0.723153 0.065650 -0.112146 -0.666595
    51 1.747310 0.000004 0.000000 -0.074580 0.021053 -1.335361
    52 0.959961 0.000004 -0.000001 0.003325 -0.009470 -0.821513
    53 -3.756462 5.577850 2.053357 1.570803 -0.000001 0.000000
    54 -2.735646 -0.081365 5.727119 0.000007 0.000015 1.570796
    55 0.000001 5.662003 -0.974302 1.570804 -0.000001 0.000000
    56 -0.000002 -2.275002 5.113525 0.000000 0.000000 -3.141592
    57 -2.477620 5.416855 4.597564 1.570804 -0.000001 0.000000
    58 -1.515218 1.317776 5.998497 0.000000 0.000000 0.000000
    59 -2.455992 5.657928 -0.087295 1.570804 -0.000001 0.000000
    60 -1.485628 -1.617812 5.263969 0.000000 0.000000 3.141592
    61 3.756460 5.577858 2.053359 1.570803 -0.000001 0.000000
    62 2.735645 -0.081364 5.727116 0.000004 -0.000011 -1.570795
    63 2.477613 5.416855 4.597570 1.570804 -0.000001 0.000000
    64 1.515220 1.317777 5.998508 0.000000 0.000000 0.000000
    65 2.455991 5.657928 -0.087293 1.570804 -0.000001 0.000000
    66 1.485620 -1.617803 5.263973 0.000000 0.000000 -3.141592
    67 4.575642 5.632584 0.000132 0.000000 -1.570771 0.249128
    68 -0.000001 0.314078 5.161098 0.000000 0.000000 0.000000
    69 -0.000001 -0.323108 3.750217 0.000000 0.000000 0.000000
    70 5.734947 1.075212 4.685178 1.570830 -0.000004 -1.321669
    71 -0.753896 0.305901 4.971462 -0.000001 0.000002 0.000000
    72 -1.101006 -0.314705 3.448307 0.000001 0.000001 0.000000
    73 5.809101 -1.029643 4.595047 1.570829 -0.000004 -1.321671
    74 -0.714908 -0.199657 5.028973 0.000000 0.000003 0.000000
    75 -0.282898 -0.851690 4.444889 0.000000 0.000000 0.000000
    76 9.578484 -1.290738 0.000240 0.000000 1.570770 -2.892481
    77 9.369518 -1.236408 1.787905 0.000000 1.570770 -2.892481
    78 9.436707 -1.331719 -1.409029 0.000000 1.570770 -2.892477
    79 5.735191 1.075235 -4.684885 -1.570814 0.000004 1.819923
    80 0.753901 0.305904 4.971474 -0.000001 -0.000002 0.000000
    81 1.101010 -0.314705 3.448315 0.000000 -0.000001 0.000000
    82 5.809341 -1.029617 -4.594752 -1.570814 0.000004 1.819922
    83 0.714908 -0.199655 5.028969 0.000000 -0.000003 0.000000
    84 0.282897 -0.851688 4.444893 0.000000 0.000000 0.000000
  time 40
    0 0.167318 -0.187506 37.657601 1.632251 0.038578 -0.109153
    1 3.983847 0.002149 0.003401 -1.663785 -0.218399 -1.451010
    2 15.938816 -0.000100 -0.000005 -0.000009 -0.000002 0.310393
    3 17.707025 -0.000068 0.000003 -0.173299 -0.148177 -1.171686
    4 6.202515 0.003416 -0.000367 0.020235 -0.027684 -0.404104
    5 -3.983848 0.002149 0.003395 -1.530253 -0.083668 -1.489485
    6 15.938826 -0.000113 -0.000001 0.000002 0.000010 0.278892
    7 17.707031 0.000018 0.000000 0.172158 0.317157 -1.238407
    8 6.202710 0.003078 0.003745 -0.111788 0.023802 -0.468759
    9 -0.000001 4.209253 -1.688832 1.575348 0.090757 1.585795
    10 3.836055 0.000000 0.000000 -0.004698 0.034025 -0.035990
    11 3.617625 -0.000275 -0.000015 -0.011073 -0.025283 -0.025360
    12 7.537925 0.003588 -0.000212 0.031936 0.054701 0.292696
    13 3.181604 -0.002346 0.000028 3.177445 -0.042756 0.193266
    14 2.966416 0.000318 0.000023 0.076170 0.043563 0.147786
    15 2.023770 0.904983 0.850949 1.847403 -1.256442 2.547742
    16 4.980521 0.000781 -0.001089 -1.652445 0.364753 -1.163375
    17 11.119977 0.000007 0.000004 -0.000003 -0.106448 -0.309049
    18 11.205393 -0.000039 0.000000 1.529801 -0.097394 0.121777
    19 3.767578 0.152466 0.071350 0.161511 0.116813 -0.535180
    20 2.037109 0.000002 0.000000 -0.025500 -0.063436 -0.943058
    21 1.066406 -0.000002 0.000000 -0.001546 0.012034 -0.436579
    22 3.783203 -0.017258 0.794434 0.168904 -0.026920 -0.368804
    23 1.627436 0.000008 0.000000 -0.061243 0.003132 -0.834888
    24 0.955566 -0.000002 0.000000 -0.005388 -0.042122 -0.207877
    25 1.258789 -0.297852 1.251953 -1.291947 -0.539750 -0.506113
    26 1.392578 0.000004 -0.000002 0.001372 -0.188351 0.491767
    27 1.099609 0.000000 -0.000002 0.009529 -0.039492 -0.040356
    28 3.548828 0.198730 -1.489258 0.122068 0.218121 -0.679759
    29 1.218362 0.000000 0.000000 0.002959 0.019938 -1.051712
    30 0.679688 -0.000006 0.000004 0.028392 -0.181320 -0.761972
    31 3.697042 0.266204 -0.725138 0.148081 0.167551 -0.656351
    32 1.747315 -0.000008 -0.000001 -0.016843 -0.101072 -0.899610
    33 0.959961 0.000006 0.000000 -0.001254 0.009906 -0.608350
    34 2.023778 0.904982 -0.850921 -1.336612 1.197963 3.385471
    35 4.981625 0.002227 0.003236 1.387076 0.098314 -0.916831
    36 11.119975 -0.000005 0.000000 0.000001 0.050589 -0.296116
    37 11.205375 0.000073 0.000008 -1.639454 -0.033207 0.282405
    38 3.767578 0.151855 -0.072693 -0.061811 -0.104916 -0.601450
    39 2.036716 -0.000004 0.000000 -0.053356 0.002610 -1.343653
    40 1.063287 -0.000004 0.000001 0.243360 0.222157 -0.479503
    41 3.783203 -0.023941 -0.794434 0.145529 -0.103829 -0.523859
    42 1.628906 -0.000001 0.000002 -0.001787 -0.229023 -0.812505
    43 0.955566 -0.000004 0.000000 -0.124329 -0.037101 -0.833108
    44 1.258789 -0.308350 -1.250000 1.086305 0.326416 -0.551995
    45 1.392578 -0.000001 0.000000 -0.000830 -0.001840 0.382344
    46 1.099609 0.000000 -0.000005 -0.008997 -0.009551 0.469381
    47 3.546538 0.208125 1.487114 0.073870 -0.031907 -0.676062
    48 1.218360 -0.000002 0.000000 0.021055 -0.138830 -0.848014
    49 0.679688 0.000006 0.000000 -0.104181 0.098128 -1.071576
    50 3.696249 0.271114 0.723153 0.065650 -0.112146 -0.666595
    51 1.747310 0.000004 0.000000 -0.074580 0.021053 -1.335361
    52 0.959961 0.000004 -0.000001 0.003325 -0.009470 -0.821513
    53 -3.756462 5.577850 2.053357 1.570803 -0.000001 0.000000
    54 -2.735646 -0.081365 5.727119 0.000007 0.000015 1.570796
    55 0.000001 5.662003 -0.974302 1.570804 -0.000001 0.000000
    56 -0.000002 -2.275002 5.113525 0.000000 0.000000 -3.141592
    57 -2.477620 5.416855 4.597564 1.570804 -0.000001 0.000000
    58 -1.515218 1.317776 5.998497 0.000000 0.000000 0.000000
    59 -2.455992 5.657928 -0.087295 1.570804 -0.000001 0.000000
    60 -1.485628 -1.617812 5.263969 0.000000 0.000000 3.141592
    61 3.756460 5.577858 2.053359 1.570803 -0.000001 0.000000
    62 2.735645 -0.081364 5.727116 0.000004 -0.000011 -1.570795
    63 2.477613 5.416855 4.597570 1.570804 -0.000001 0.000000
    64 1.515220 1.317777 5.998508 0.000000 0.000000 0.000000
    65 2.455991 5.657928 -0.087293 1.570804 -0.000001 0.000000
    66 1.485620 -1.617803 5.263973 0.000000 0.000000 -3.141592
    67 4.575642 5.632584 0.000132 0.000000 -1.570771 0.249128
    68 -0.000001 0.314078 5.161098 0.000000 0.000000 0.000000
    69 -0.000001 -0.323108 3.750217 0.000000 0.000000 0.000000
    70 5.734947 1.075212 4.685178 1.570830 -0.000004 -1.321669
    71 -0.753896 0.305901 4.971462 -0.000001 0.000002 0.000000
    72 -1.101006 -0.314705 3.448307 0.000001 0.000001 0.000000
    73 5.809101 -1.029643 4.595047 1.570829 -0.000004 -1.321671
    74 -0.714908 -0.199657 5.028973 0.000000 0.000003 0.000000
    75 -0.282898 -0.851690 4.444889 0.000000 0.000000 0.000000
    76 9.578484 -1.290738 0.000240 0.000000 1.570770 -2.892481
    77 9.369518 -1.236408 1.787905 0.000000 1.570770 -2.892481
    78 9.436707 -1.331719 -1.409029 0.000000 1.570770 -2.892477
    79 5.735191 1.075235 -4.684885 -1.570814 0.000004 1.819923
    80 0.753901 0.305904 4.971474 -0.000001 -0.000002 0.000000
    81 1.101010 -0.314705 3.448315 0.000000 -0.000001 0.000000
    82 5.809341 -1.029617 -4.594752 -1.570814 0.000004 1.819922
    83 0.714908 -0.199655 5.028969 0.000000 -0.000003 0.000000
    84 0.282897 -0.851688 4.444893 0.000000 0.000000 0.000000
  time 41
    0 0.159505 -0.195318 37.657601 1.632251 0.038626 -0.109089
    1 3.983847 0.002149 0.003401 -1.663785 -0.218488 -1.450741
    2 15.938816 -0.000100 -0.000005 -0.000009 -0.000002 0.311158
    3 17.707025 -0.000068 0.000003 -0.173464 -0.147943 -1.172298
    4 6.202515 0.003416 -0.000367 0.020235 -0.027684 -0.403965
    5 -3.983848 0.002149 0.003395 -1.530540 -0.083325 -1.489111
    6 15.938826 -0.000113 -0.000001 0.000002 0.000010 0.279144
    7 17.707031 0.000018 0.000000 0.171977 0.317568 -1.238829
    8 6.202710 0.003078 0.003745 -0.111788 0.023790 -0.468895
    9 -0.000001 4.209253 -1.688832 1.575492 0.090817 1.585220
    10 3.836055 0.000000 0.000000 -0.004758 0.034445 -0.035871
    11 3.617625 -0.000275 -0.000015 -0.010954 -0.025703 -0.025247
    12 7.537925 0.003588 -0.000212 0.031984 0.055313 0.293200
    13 3.181604 -0.002346 0.000028 3.178116 -0.043631 0.193182
    14 2.966416 0.000318 0.000023 0.076038 0.043491 0.148285
    15 2.023770 0.904983 0.850949 1.842703 -1.254528 2.552002
    16 4.980521 0.000781 -0.001089 -1.652549 0.363944 -1.162920
    17 11.119977 0.000007 0.000004 -0.000003 -0.106448 -0.305961
    18 11.205393 -0.000039 0.000000 1.529897 -0.097090 0.120339
    19 3.767578 0.152466 0.071350 0.161511 0.116813 -0.535180
    20 2.037109 0.000002 0.000000 -0.025500 -0.063436 -0.943058
    21 1.066406 -0.000002 0.000000 -0.001546 0.012034 -0.436579
    22 3.783203 -0.017258 0.794434 0.168904 -0.026920 -0.368804
    23 1.627436 0.000008 0.000000 -0.061243 0.003132 -0.834888
    24 0.955566 -0.000002 0.000000 -0.005388 -0.042122 -0.207877
    25 1.258789 -0.297852 1.251953 -1.291947 -0.539750 -0.506113
    26 1.392578 0.000004 -0.000002 0.001372 -0.188351 0.491767
    27 1.099609 0.000000 -0.000002 0.009529 -0.039492 -0.040356
    28 3.548828 0.198730 -1.489258 0.122068 0.218121 -0.679759
    29 1.218362 0.000000 0.000000 0.002959 0.019938 -1.051712
    30 0.679688 -0.000006 0.000004 0.028392 -0.181320 -0.761972
    31 3.697042 0.266204 -0.725138 0.148081 0.167551 -0.656351
    32 1.747315 -0.000008 -0.000001 -0.016831 -0.101072 -0.899610
    33 0.959961 0.000006 0.000000 -0.001254 0.009906 -0.608350
    34 2.023778 0.904982 -0.850921 -1.338229 1.195724 3.383755
    35 4.981625 0.002227 0.003236 1.385992 0.098040 -0.915303
    36 11.119975 -0.000005 0.000000 0.000001 0.050589 -0.296053
    37 11.205375 0.000073 0.000008 -1.639310 -0.033663 0.282297
    38 3.767578 0.151855 -0.072693 -0.061811 -0.104916 -0.601450
    39 2.036716 -0.000004 0.000000 -0.053356 0.002610 -1.343653
    40 1.063287 -0.000004 0.000001 0.243360 0.222157 -0.479503
    41 3.783203 -0.023941 -0.794434 0.145529 -0.103829 -0.523859
    42 1.628906 -0.000001 0.000002 -0.001787 -0.229023 -0.812505
    43 0.955566 -0.000004 0.000000 -0.124329 -0.037101 -0.833108
    44 1.258789 -0.308350 -1.250000 1.086305 0.326416 -0.551995
    45 1.392578 -0.000001 0.000000 -0.000830 -0.001840 0.382344
    46 1.099609 0.000000 -0.000005 -0.008997 -0.009551 0.469381
    47 3.546538 0.208125 1.487114 0.073941 -0.031991 -0.676002
    48 1.218360 -0.000002 0.000000 0.021055 -0.138830 -0.848014
    49 0.679688 0.000006 0.000000 -0.104181 0.098128 -1.071576
    50 3.696249 0.271114 0.723153 0.065650 -0.112146 -0.666595
    51 1.747310 0.000004 0.000000 -0.074580 0.021053 -1.335361
    52 0.959961 0.000004 -0.000001 0.003325 -0.009470 -0.821513
    53 -3.756462 5.577850 2.053357 1.570803 -0.000001 0.000000
    54 -2.735646 -0.081365 5.727119 0.000007 0.000015 1.570796
    55 0.000001 5.662003 -0.974302 1.570804 -0.000001 0.000000
    56 -0.000002 -2.275002 5.113525 0.000000 0.000000 -3.141592
    57 -2.477620 5.416855 4.597564 1.570804 -0.000001 0.000000
    58 -1.515218 1.317776 5.998497 0.000000 0.000000 0.000000
    59 -2.455992 5.657928 -0.087295 1.570804 -0.000001 0.000000
    60 -1.485628 -1.617812 5.263969 0.000000 0.000000 3.141592
    61 3.756460 5.577858 2.053359 1.570803 -0.000001 0.000000
    62 2.735645 -0.081364 5.727116 0.000004 -0.000011 -1.570795
    63 2.477613 5.416855 4.597570 1.570804 -0.000001 0.000000
    64 1.515220 1.317777 5.998508 0.000000 0.000000 0.000000
    65 2.455991 5.657928 -0.087293 1.570804 -0.000001 0.000000
    66 1.485620 -1.617803 5.263973 0.000000 0.000000 -3.141592
    67 4.575642 5.632584 0.000132 0.000000 -1.570771 0.249128
    68 -0.000001 0.314078 5.161098 0.000000 0.000000 0.000000
    69 -0.000001 -0.323108 3.750217 0.000000 0.000000 0.000000
    70 5.734947 1.075212 4.685178 1.570830 -0.000004 -1.321669
    71 -0.753896 0.305901 4.971462 -0.000001 0.000002 0.000000
    72 -1.101006 -0.314705 3.448307 0.000001 0.000001 0.000000
    73 5.809101 -1.029643 4.595047 1.570829 -0.000004 -1.321671
    74 -0.714908 -0.199657 5.028973 0.000000 0.000003 0.000000
    75 -0.282898 -0.851690 4.444889 0.000000 0.000000 0.000000
    76 9.578484 -1.290738 0.000240 0.000000 1.570770 -2.892481
    77 9.369518 -1.236408 1.787905 0.000000 1.570770 -2.892481
    78 9.436707 -1.331719 -1.409029 0.000000 1.570770 -2.892477
    79 5.735191 1.075235 -4.684885 -1.570814 0.000004 1.819923
    80 0.753901 0.305904 4.971474 -0.000001 -0.000002 0.000000
    81 1.101010 -0.314705 3.448315 0.000000 -0.000001 0.000000
    82 5.809341 -1.029617 -4.594752 -1.570814 0.000004 1.819922
    83 0.714908 -0.199655 5.028969 0.000000 -0.000003 0.000000
    84 0.282897 -0.851688 4.444893 0.000000 0.000000 0.000000
  time 42
    0 0.147786 -0.203131 37.657601 1.631963 0.038662 -0.109089
    1 3.983847 0.002149 0.003401 -1.663880 -0.218443 -1.450384
    2 15.938816 -0.000100 -0.000005 -0.000009 -0.000002 0.312051
    3 17.707025 -0.000068 0.000003 -0.173630 -0.147625 -1.172971
    4 6.202515 0.003416 -0.000367 0.020235 -0.027684 -0.403861
    5 -3.983848 0.002149 0.003395 -1.530827 -0.083110 -1.488830
    6 15.938826 -0.000113 -0.000001 0.000002 0.000010 0.279396
    7 17.707031 0.000018 0.000000 0.171796 0.318067 -1.239218
    8 6.202710 0.003078 0.003745 -0.111788 0.023790 -0.468895
    9 -0.000001 4.209253 -1.688832 1.575540 0.090716 1.584501
    10 3.836055 0.000000 0.000000 -0.004950 0.035188 -0.035751
    11 3.617625 -0.000275 -0.000015 -0.010810 -0.026254 -0.025106
    12 7.537925 0.003588 -0.000212 0.032044 0.056032 0.293835
    13 3.181604 -0.002346 0.000028 3.177637 -0.044710 0.193182
    14 2.966416 0.000318 0.000023 0.076038 0.043215 0.148920
    15 2.023770 0.904983 0.850949 1.837353 -1.252493 2.557078
    16 4.980521 0.000781 -0.001089 -1.652600 0.363303 -1.161811
    17 11.119977 0.000007 0.000004 -0.000003 -0.106448 -0.302988
    18 11.205393 -0.000039 0.000000 1.530425 -0.096518 0.118386
    19 3.767578 0.152466 0.071350 0.161511 0.116813 -0.535180
    20 2.037109 0.000002 0.000000 -0.025500 -0.063436 -0.943058
    21 1.066406 -0.000002 0.000000 -0.001546 0.012034 -0.436579
    22 3.783203 -0.017258 0.794434 0.168904 -0.026920 -0.368804
    23 1.627436 0.000008 0.000000 -0.061243 0.003132 -0.834888
    24 0.955566 -0.000002 0.000000 -0.005388 -0.042122 -0.207877
    25 1.258789 -0.297852 1.251953 -1.291947 -0.539750 -0.506113
    26 1.392578 0.000004 -0.000002 0.001372 -0.188351 0.491767
    27 1.099609 0.000000 -0.000002 0.009529 -0.039492 -0.040356
    28 3.548828 0.198730 -1.489258 0.122068 0.218121 -0.679759
    29 1.218362 0.000000 0.000000 0.002959 0.019938 -1.051712
    30 0.679688 -0.000006 0.000004 0.028392 -0.181320 -0.761972
    31 3.697042 0.266204 -0.725138 0.148081 0.167551 -0.656351
    32 1.747315 -0.000008 -0.000001 -0.016831 -0.101072 -0.899610
    33 0.959961 0.000006 0.000000 -0.001254 0.009906 -0.608350
    34 2.023778 0.904982 -0.850921 -1.340160 1.193647 3.382039
    35 4.981625 0.002227 0.003236 1.385476 0.097902 -0.913951
    36 11.119975 -0.000005 0.000000 0.000001 0.050589 -0.295674
    37 11.205375 0.000073 0.000008 -1.637926 -0.033830 0.281710
    38 3.767578 0.151855 -0.072693 -0.061811 -0.104916 -0.601450
    39 2.036716 -0.000004 0.000000 -0.053356 0.002610 -1.343694
    40 1.063287 -0.000004 0.000001 0.243360 0.222157 -0.479503
    41 3.783203 -0.023941 -0.794434 0.145529 -0.103829 -0.523859
    42 1.628906 -0.000001 0.000002 -0.001787 -0.229023 -0.812505
    43 0.955566 -0.000004 0.000000 -0.124329 -0.037101 -0.833108
    44 1.258789 -0.308350 -1.250000 1.086305 0.326416 -0.551995
    45 1.392578 -0.000001 0.000000 -0.000830 -0.001840 0.382344
    46 1.099609 0.000000 -0.000005 -0.008997 -0.009551 0.469381
    47 3.546538 0.208125 1.487114 0.073999 -0.032063 -0.675942
    48 1.218360 -0.000002 0.000000 0.021055 -0.138830 -0.848014
    49 0.679688 0.000006 0.000000 -0.104181 0.098128 -1.071576
    50 3.696249 0.271114 0.723153 0.065650 -0.112146 -0.666595
    51 1.747310 0.000004 0.000000 -0.074580 0.021053 -1.335361
    52 0.959961 0.000004 -0.000001 0.003325 -0.009470 -0.821513
    53 -3.756462 5.577850 2.053357 1.570803 -0.000001 0.000000
    54 -2.735646 -0.081365 5.727119 0.000007 0.000015 1.570796
    55 0.000001 5.662003 -0.974302 1.570804 -0.000001 0.000000
    56 -0.000002 -2.275002 5.113525 0.000000 0.000000 -3.141592
    57 -2.477620 5.416855 4.597564 1.570804 -0.000001 0.000000
    58 -1.515218 1.317776 5.998497 0.000000 0.000000 0.000000
    59 -2.455992 5.657928 -0.087295 1.570804 -0.000001 0.000000
    60 -1.485628 -1.617812 5.263969 0.000000 0.000000 3.141592
    61 3.756460 5.577858 2.053359 1.570803 -0.000001 0.000000
    62 2.735645 -0.081364 5.727116 0.000004 -0.000011 -1.570795
    63 2.477613 5.416855 4.597570 1.570804 -0.000001 0.000000
    64 1.515220 1.317777 5.998508 0.000000 0.000000 0.000000
    65 2.455991 5.657928 -0.087293 1.570804 -0.000001 0.000000
    66 1.485620 -1.617803 5.263973 0.000000 0.000000 -3.141592
    67 4.575642 5.632584 0.000132 0.000000 -1.570771 0.249128
    68 -0.000001 0.314078 5.161098 0.000000 0.000000 0.000000
    69 -0.000001 -0.323108 3.750217 0.000000 0.000000 0.000000
    70 5.734947 1.075212 4.685178 1.570830 -0.000004 -1.321669
    71 -0.753896 0.305901 4.971462 -0.000001 0.000002 0.000000
    72 -1.101006 -0.314705 3.448307 0.000001 0.000001 0.000000
    73 5.809101 -1.029643 4.595047 1.570829 -0.000004 -1.321671
    74 -0.714908 -0.199657 5.028973 0.000000 0.000003 0.000000
    75 -0.282898 -0.851690 4.444889 0.000000 0.000000 0.000000
    76 9.578484 -1.290738 0.000240 0.000000 1.570770 -2.892481
    77 9.369518 -1.236408 1.787905 0.000000 1.570770 -2.892481
    78 9.436707 -1.331719 -1.409029 0.000000 1.570770 -2.892477
    79 5.735191 1.075235 -4.684885 -1.570814 0.000004 1.819923
    80 0.753901 0.305904 4.971474 -0.000001 -0.000002 0.000000
    81 1.101010 -0.314705 3.448315 0.000000 -0.000001 0.000000
    82 5.809341 -1.029617 -4.594752 -1.570814 0.000004 1.819922
    83 0.714908 -0.199655 5.028969 0.000000 -0.000003 0.000000
    84 0.282897 -0.851688 4.444893 0.000000 0.000000 0.000000
  time 43
    0 0.136067 -0.210944 37.657601 1.631579 0.038710 -0.108897
    1 3.983847 0.002149 0.003401 -1.663975 -0.218132 -1.449937
    2 15.938816 -0.000100 -0.000005 -0.000009 -0.000002 0.313007
    3 17.707025 -0.000068 0.000003 -0.173795 -0.147264 -1.173736
    4 6.202515 0.003416 -0.000367 0.020235 -0.027684 -0.403757
    5 -3.983848 0.002149 0.003395 -1.531113 -0.082552 -1.488549
    6 15.938826 -0.000113 -0.000001 0.000002 0.000010 0.279648
    7 17.707031 0.000018 0.000000 0.171569 0.318549 -1.239639
    8 6.202710 0.003078 0.003745 -0.111788 0.023790 -0.468895
    9 -0.000001 4.209253 -1.688832 1.575540 0.090656 1.583542
    10 3.836055 0.000000 0.000000 -0.005273 0.036458 -0.035631
    11 3.617625 -0.000275 -0.000015 -0.010570 -0.027105 -0.024994
    12 7.537925 0.003588 -0.000212 0.032044 0.056763 0.294458
    13 3.181604 -0.002346 0.000028 3.178212 -0.046088 0.193038
    14 2.966416 0.000318 0.000023 0.076314 0.042664 0.149646
    15 2.023770 0.904983 0.850949 1.831603 -1.250009 2.562335
    16 4.980521 0.000781 -0.001089 -1.652445 0.362594 -1.160445
    17 11.119977 0.000007 0.000004 -0.000003 -0.106448 -0.299900
    18 11.205393 -0.000039 0.000000 1.530857 -0.096482 0.116528
    19 3.767578 0.152466 0.071350 0.161511 0.116813 -0.535180
    20 2.037109 0.000002 0.000000 -0.025500 -0.063436 -0.943058
    21 1.066406 -0.000002 0.000000 -0.001546 0.012034 -0.436579
    22 3.783203 -0.017258 0.794434 0.168904 -0.026920 -0.368804
    23 1.627436 0.000008 0.000000 -0.061243 0.003132 -0.834888
    24 0.955566 -0.000002 0.000000 -0.005388 -0.042122 -0.207877
    25 1.258789 -0.297852 1.251953 -1.291947 -0.539750 -0.506113
    26 1.392578 0.000004 -0.000002 0.001372 -0.188351 0.491767
    27 1.099609 0.000000 -0.000002 0.009529 -0.039492 -0.040356
    28 3.548828 0.198730 -1.489258 0.122068 0.218121 -0.679759
    29 1.218362 0.000000 0.000000 0.002959 0.019938 -1.051740
    30 0.679688 -0.000006 0.000004 0.028392 -0.181320 -0.761972
    31 3.697042 0.266204 -0.725138 0.148081 0.167551 -0.656351
    32 1.747315 -0.000008 -0.000001 -0.016831 -0.101072 -0.899610
    33 0.959961 0.000006 0.000000 -0.001254 0.009906 -0.608350
    34 2.023778 0.904982 -0.850921 -1.342091 1.191693 3.380322
    35 4.981625 0.002227 0.003236 1.385321 0.097930 -0.912629
    36 11.119975 -0.000005 0.000000 0.000001 0.050589 -0.295233
    37 11.205375 0.000073 0.000008 -1.636065 -0.033866 0.280895
    38 3.767578 0.151855 -0.072693 -0.061811 -0.104916 -0.601450
    39 2.036716 -0.000004 0.000000 -0.053356 0.002610 -1.343653
    40 1.063287 -0.000004 0.000001 0.243360 0.222157 -0.479503
    41 3.783203 -0.023941 -0.794434 0.145529 -0.103829 -0.523859
    42 1.628906 -0.000001 0.000002 -0.001787 -0.229023 -0.812505
    43 0.955566 -0.000004 0.000000 -0.124329 -0.037101 -0.833108
    44 1.258789 -0.308350 -1.250000 1.086305 0.326416 -0.551995
    45 1.392578 -0.000001 0.000000 -0.000830 -0.001840 0.382344
    46 1.099609 0.000000 -0.000005 -0.008997 -0.009551 0.469381
    47 3.546538 0.208125 1.487114 0.074056 -0.032111 -0.675942
    48 1.218360 -0.000002 0.000000 0.021055 -0.138830 -0.848014
    49 0.679688 0.000006 0.000000 -0.104181 0.098128 -1.071576
    50 3.696249 0.271114 0.723153 0.065650 -0.112146 -0.666595
    51 1.747310 0.000004 0.000000 -0.074580 0.021053 -1.335361
    52 0.959961 0.000004 -0.000001 0.003325 -0.009470 -0.821513
    53 -3.756462 5.577850 2.053357 1.570803 -0.000001 0.000000
    54 -2.735646 -0.081365 5.727119 0.000007 0.000015 1.570796
    55 0.000001 5.662003 -0.974302 1.570804 -0.000001 0.000000
    56 -0.000002 -2.275002 5.113525 0.000000 0.000000 -3.141592
    57 -2.477620 5.416855 4.597564 1.570804 -0.000001 0.000000
    58 -1.515218 1.317776 5.998497 0.000000 0.000000 0.000000
    59 -2.455992 5.657928 -0.087295 1.570804 -0.000001 0.000000
    60 -1.485628 -1.617812 5.263969 0.000000 0.000000 3.141592
    61 3.756460 5.577858 2.053359 1.570803 -0.000001 0.000000
    62 2.735645 -0.081364 5.727116 0.000004 -0.000011 -1.570795
    63 2.477613 5.416855 4.597570 1.570804 -0.000001 0.000000
    64 1.515220 1.317777 5.998508 0.000000 0.000000 0.000000
    65 2.455991 5.657928 -0.087293 1.570804 -0.000001 0.000000
    66 1.485620 -1.617803 5.263973 0.000000 0.000000 -3.141592
    67 4.575642 5.632584 0.000132 0.000000 -1.570771 0.249128
    68 -0.000001 0.314078 5.161098 0.000000 0.000000 0.000000
    69 -0.000001 -0.323108 3.750217 0.000000 0.000000 0.000000
    70 5.734947 1.075212 4.685178 1.570830 -0.000004 -1.321669
    71 -0.753896 0.305901 4.971462 -0.000001 0.000002 0.000000
    72 -1.101006 -0.314705 3.448307 0.000001 0.000001 0.000000
    73 5.809101 -1.029643 4.595047 1.570829 -0.000004 -1.321671
    74 -0.714908 -0.199657 5.028973 0.000000 0.000003 0.000000
    75 -0.282898 -0.851690 4.444889 0.000000 0.000000 0.000000
    76 9.578484 -1.290738 0.000240 0.000000 1.570770 -2.892481
    77 9.369518 -1.236408 1.787905 0.000000 1.570770 -2.892481
    78 9.436707 -1.331719 -1.409029 0.000000 1.570770 -2.892477
    79 5.735191 1.075235 -4.684885 -1.570814 0.000004 1.819923
    80 0.753901 0.305904 4.971474 -0.000001 -0.000002 0.000000
    81 1.101010 -0.314705 3.448315 0.000000 -0.000001 0.000000
    82 5.809341 -1.029617 -4.594752 -1.570814 0.000004 1.819922
    83 0.714908 -0.199655 5.028969 0.000000 -0.000003 0.000000
    84 0.282897 -0.851688 4.444893 0.000000 0.000000 0.000000
  time 44
    0 0.128254 -0.218757 37.626350 1.631004 0.038710 -0.108897
    1 3.983847 0.002149 0.003401 -1.664070 -0.217731 -1.449669
    2 15.938816 -0.000100 -0.000005 -0.000009 -0.000002 0.313963
    3 17.707025 -0.000068 0.000003 -0.173933 -0.147010 -1.174348
    4 6.202515 0.003416 -0.000367 0.020235 -0.027684 -0.403515
    5 -3.983848 0.002149 0.003395 -1.531304 -0.081779 -1.488268
    6 15.938826 -0.000113 -0.000001 0.000002 0.000010 0.279963
    7 17.707031 0.000018 0.000000 0.171388 0.318871 -1.240029
    8 6.202710 0.003078 0.003745 -0.111788 0.023790 -0.468895
    9 -0.000001 4.209253 -1.688832 1.575492 0.090615 1.582487
    10 3.836055 0.000000 0.000000 -0.005609 0.037621 -0.035391
    11 3.617625 -0.000275 -0.000015 -0.010378 -0.028016 -0.024740
    12 7.537925 0.003588 -0.000212 0.032044 0.057434 0.295213
    13 3.181604 -0.002346 0.000028 3.178691 -0.047442 0.192882
    14 2.966416 0.000318 0.000023 0.076865 0.041825 0.150463
    15 2.023770 0.904983 0.850949 1.825753 -1.247525 2.567773
    16 4.980521 0.000781 -0.001089 -1.651981 0.361751 -1.159250
    17 11.119977 0.000007 0.000004 -0.000003 -0.106448 -0.296584
    18 11.205393 -0.000039 0.000000 1.530857 -0.097163 0.115042
    19 3.767578 0.152466 0.071350 0.161511 0.116813 -0.535180
    20 2.037109 0.000002 0.000000 -0.025500 -0.063436 -0.943058
    21 1.066406 -0.000002 0.000000 -0.001546 0.012034 -0.436579
    22 3.783203 -0.017258 0.794434 0.168904 -0.026920 -0.368804
    23 1.627436 0.000008 0.000000 -0.061243 0.003132 -0.834888
    24 0.955566 -0.000002 0.000000 -0.005388 -0.042122 -0.207877
    25 1.258789 -0.297852 1.251953 -1.291947 -0.539750 -0.506113
    26 1.392578 0.000004 -0.000002 0.001372 -0.188351 0.491767
    27 1.099609 0.000000 -0.000002 0.009529 -0.039492 -0.040356
    28 3.548828 0.198730 -1.489258 0.122068 0.218121 -0.679759
    29 1.218362 0.000000 0.000000 0.002959 0.019938 -1.051712
    30 0.679688 -0.000006 0.000004 0.028392 -0.181320 -0.761972
    31 3.697042 0.266204 -0.725138 0.148081 0.167551 -0.656351
    32 1.747315 -0.000008 -0.000001 -0.016843 -0.101072 -0.899610
    33 0.959961 0.000006 0.000000 -0.001254 0.009906 -0.608350
    34 2.023778 0.904982 -0.850921 -1.343970 1.189861 3.378426
    35 4.981625 0.002227 0.003236 1.385115 0.098177 -0.911748
    36 11.119975 -0.000005 0.000000 0.000001 0.050589 -0.294602
    37 11.205375 0.000073 0.000008 -1.634681 -0.033663 0.279912
    38 3.767578 0.151855 -0.072693 -0.061811 -0.104916 -0.601450
    39 2.036716 -0.000004 0.000000 -0.053356 0.002610 -1.343653
    40 1.063287 -0.000004 0.000001 0.243360 0.222157 -0.479503
    41 3.783203 -0.023941 -0.794434 0.145529 -0.103829 -0.523859
    42 1.628906 -0.000001 0.000002 -0.001787 -0.229023 -0.812505
    43 0.955566 -0.000004 0.000000 -0.124329 -0.037101 -0.833108
    44 1.258789 -0.308350 -1.250000 1.086305 0.326416 -0.551995
    45 1.392578 -0.000001 0.000000 -0.000830 -0.001840 0.382344
    46 1.099609 0.000000 -0.000005 -0.008997 -0.009551 0.469381
    47 3.546538 0.208125 1.487114 0.074085 -0.032159 -0.675942
    48 1.218360 -0.000002 0.000000 0.021055 -0.138830 -0.848014
    49 0.679688 0.000006 0.000000 -0.104181 0.098128 -1.071576
    50 3.696249 0.271114 0.723153 0.065650 -0.112146 -0.666595
    51 1.747310 0.000004 0.000000 -0.074580 0.021053 -1.335361
    52 0.959961 0.000004 -0.000001 0.003325 -0.009470 -0.821513
    53 -3.756462 5.577850 2.053357 1.570803 -0.000001 0.000000
    54 -2.735646 -0.081365 5.727119 0.000007 0.000015 1.570796
    55 0.000001 5.662003 -0.974302 1.570804 -0.000001 0.000000
    56 -0.000002 -2.275002 5.113525 0.000000 0.000000 -3.141592
    57 -2.477620 5.416855 4.597564 1.570804 -0.000001 0.000000
    58 -1.515218 1.317776 5.998497 0.000000 0.000000 0.000000
    59 -2.455992 5.657928 -0.087295 1.570804 -0.000001 0.000000
    60 -1.485628 -1.617812 5.263969 0.000000 0.000000 3.141592
    61 3.756460 5.577858 2.053359 1.570803 -0.000001 0.000000
    62 2.735645 -0.081364 5.727116 0.000004 -0.000011 -1.570795
    63 2.477613 5.416855 4.597570 1.570804 -0.000001 0.000000
    64 1.515220 1.317777 5.998508 0.000000 0.000000 0.000000
    65 2.455991 5.657928 -0.087293 1.570804 -0.000001 0.000000
    66 1.485620 -1.617803 5.263973 0.000000 0.000000 -3.141592
    67 4.575642 5.632584 0.000132 0.000000 -1.570771 0.249128
    68 -0.000001 0.314078 5.161098 0.000000 0.000000 0.000000
    69 -0.000001 -0.323108 3.750217 0.000000 0.000000 0.000000
    70 5.734947 1.075212 4.685178 1.570830 -0.000004 -1.321669
    71 -0.753896 0.305901 4.971462 -0.000001 0.000002 0.000000
    72 -1.101006 -0.314705 3.448307 0.000001 0.000001 0.000000
    73 5.809101 -1.029643 4.595047 1.570829 -0.000004 -1.321671
    74 -0.714908 -0.199657 5.028973 0.000000 0.000003 0.000000
    75 -0.282898 -0.851690 4.444889 0.000000 0.000000 0.000000
    76 9.578484 -1.290738 0.000240 0.000000 1.570770 -2.892481
    77 9.369518 -1.236408 1.787905 0.000000 1.570770 -2.892481
    78 9.436707 -1.331719 -1.409029 0.000000 1.570770 -2.892477
    79 5.735191 1.075235 -4.684885 -1.570814 0.000004 1.819923
    80 0.753901 0.305904 4.971474 -0.000001 -0.000002 0.000000
    81 1.101010 -0.314705 3.448315 0.000000 -0.000001 0.000000
    82 5.809341 -1.029617 -4.594752 -1.570814 0.000004 1.819922
    83 0.714908 -0.199655 5.028969 0.000000 -0.000003 0.000000
    84 0.282897 -0.851688 4.444893 0.000000 0.000000 0.000000
  time 45
    0 0.120442 -0.226569 37.626350 1.630429 0.038710 -0.109025
    1 3.983847 0.002149 0.003401 -1.664070 -0.217464 -1.449490
    2 15.938816 -0.000100 -0.000005 -0.000009 -0.000002 0.314920
    3 17.707025 -0.000068 0.000003 -0.174098 -0.146776 -1.175113
    4 6.202515 0.003416 -0.000367 0.020235 -0.027696 -0.403342
    5 -3.983848 0.002149 0.003395 -1.531400 -0.081221 -1.488174
    6 15.938826 -0.000113 -0.000001 0.000002 0.000010 0.280466
    7 17.707031 0.000018 0.000000 0.171093 0.319049 -1.240645
    8 6.202710 0.003078 0.003745 -0.111788 0.023790 -0.468895
    9 -0.000001 4.209253 -1.688832 1.575444 0.090373 1.581672
    10 3.836055 0.000000 0.000000 -0.005861 0.038711 -0.035283
    11 3.617625 -0.000275 -0.000015 -0.010186 -0.028747 -0.024627
    12 7.537925 0.003588 -0.000212 0.031984 0.057746 0.295848
    13 3.181604 -0.002346 0.000028 3.179267 -0.048689 0.192666
    14 2.966416 0.000318 0.000023 0.077009 0.041237 0.150826
    15 2.023770 0.904983 0.850949 1.820203 -1.244757 2.572939
    16 4.980521 0.000781 -0.001089 -1.650846 0.360671 -1.157856
    17 11.119977 0.000007 0.000004 -0.000003 -0.106448 -0.293382
    18 11.205393 -0.000039 0.000000 1.529801 -0.098391 0.114383
    19 3.767578 0.152466 0.071350 0.161511 0.116813 -0.535180
    20 2.037109 0.000002 0.000000 -0.025500 -0.063436 -0.943058
    21 1.066406 -0.000002 0.000000 -0.001546 0.012034 -0.436579
    22 3.783203 -0.017258 0.794434 0.168904 -0.026920 -0.368804
    23 1.627436 0.000008 0.000000 -0.061243 0.003132 -0.834888
    24 0.955566 -0.000002 0.000000 -0.005388 -0.042122 -0.207877
    25 1.258789 -0.297852 1.251953 -1.291947 -0.539750 -0.506113
    26 1.392578 0.000004 -0.000002 0.001372 -0.188351 0.491767
    27 1.099609 0.000000 -0.000002 0.009529 -0.039492 -0.040356
    28 3.548828 0.198730 -1.489258 0.122068 0.218121 -0.679759
    29 1.218362 0.000000 0.000000 0.002959 0.019938 -1.051712
    30 0.679688 -0.000006 0.000004 0.028392 -0.181320 -0.761972
    31 3.697042 0.266204 -0.725138 0.148081 0.167551 -0.656351
    32 1.747315 -0.000008 -0.000001 -0.016831 -0.101072 -0.899610
    33 0.959961 0.000006 0.000000 -0.001254 0.009906 -0.608350
    34 2.023778 0.904982 -0.850921 -1.345692 1.187988 3.376710
    35 4.981625 0.002227 0.003236 1.384909 0.098754 -0.911190
    36 11.119975 -0.000005 0.000000 0.000001 0.050589 -0.293657
    37 11.205375 0.000073 0.000008 -1.633966 -0.033411 0.278390
    38 3.767578 0.151855 -0.072693 -0.061811 -0.104916 -0.601450
    39 2.036716 -0.000004 0.000000 -0.053356 0.002610 -1.343653
    40 1.063287 -0.000004 0.000001 0.243360 0.222157 -0.479503
    41 3.783203 -0.023941 -0.794434 0.145529 -0.103829 -0.523859
    42 1.628906 -0.000001 0.000002 -0.001787 -0.229023 -0.812505
    43 0.955566 -0.000004 0.000000 -0.124329 -0.037101 -0.833108
    44 1.258789 -0.308350 -1.250000 1.086305 0.326416 -0.551995
    45 1.392578 -0.000001 0.000000 -0.000830 -0.001840 0.382344
    46 1.099609 0.000000 -0.000005 -0.008997 -0.009551 0.469381
    47 3.546538 0.208125 1.487114 0.074113 -0.032219 -0.676002
    48 1.218360 -0.000002 0.000000 0.021055 -0.138830 -0.848014
    49 0.679688 0.000006 0.000000 -0.104181 0.098128 -1.071576
    50 3.696249 0.271114 0.723153 0.065650 -0.112146 -0.666595
    51 1.747310 0.000004 0.000000 -0.074580 0.021053 -1.335361
    52 0.959961 0.000004 -0.000001 0.003325 -0.009470 -0.821513
    53 -3.756462 5.577850 2.053357 1.570803 -0.000001 0.000000
    54 -2.735646 -0.081365 5.727119 0.000007 0.000015 1.570796
    55 0.000001 5.662003 -0.974302 1.570804 -0.000001 0.000000
    56 -0.000002 -2.275002 5.113525 0.000000 0.000000 -3.141592
    57 -2.477620 5.416855 4.597564 1.570804 -0.000001 0.000000
    58 -1.515218 1.317776 5.998497 0.000000 0.000000 0.000000
    59 -2.455992 5.657928 -0.087295 1.570804 -0.000001 0.000000
    60 -1.485628 -1.617812 5.263969 0.000000 0.000000 3.141592
    61 3.756460 5.577858 2.053359 1.570803 -0.000001 0.000000
    62 2.735645 -0.081364 5.727116 0.000004 -0.000011 -1.570795
    63 2.477613 5.416855 4.597570 1.570804 -0.000001 0.000000
    64 1.515220 1.317777 5.998508 0.000000 0.000000 0.000000
    65 2.455991 5.657928 -0.087293 1.570804 -0.000001 0.000000
    66 1.485620 -1.617803 5.263973 0.000000 0.000000 -3.141592
    67 4.575642 5.632584 0.000132 0.000000 -1.570771 0.249128
    68 -0.000001 0.314078 5.161098 0.000000 0.000000 0.000000
    69 -0.000001 -0.323108 3.750217 0.000000 0.000000 0.000000
    70 5.734947 1.075212 4.685178 1.570830 -0.000004 -1.321669
    71 -0.753896 0.305901 4.971462 -0.000001 0.000002 0.000000
    72 -1.101006 -0.314705 3.448307 0.000001 0.000001 0.000000
    73 5.809101 -1.029643 4.595047 1.570829 -0.000004 -1.321671
    74 -0.714908 -0.199657 5.028973 0.000000 0.000003 0.000000
    75 -0.282898 -0.851690 4.444889 0.000000 0.000000 0.000000
    76 9.578484 -1.290738 0.000240 0.000000 1.570770 -2.892481
    77 9.369518 -1.236408 1.787905 0.000000 1.570770 -2.892481
    78 9.436707 -1.331719 -1.409029 0.000000 1.570770 -2.892477
    79 5.735191 1.075235 -4.684885 -1.570814 0.000004 1.819923
    80 0.753901 0.305904 4.971474 -0.000001 -0.000002 0.000000
    81 1.101010 -0.314705 3.448315 0.000000 -0.000001 0.000000
    82 5.809341 -1.029617 -4.594752 -1.570814 0.000004 1.819922
    83 0.714908 -0.199655 5.028969 0.000000 -0.000003 0.000000
    84 0.282897 -0.851688 4.444893 0.000000 0.000000 0.000000
  time 46
    0 0.112629 -0.230476 37.626350 1.629806 0.038758 -0.109025
    1 3.983847 0.002149 0.003401 -1.664070 -0.217153 -1.449222
    2 15.938816 -0.000100 -0.000005 -0.000009 -0.000002 0.316067
    3 17.707025 -0.000068 0.000003 -0.174290 -0.146713 -1.175908
    4 6.202515 0.003416 -0.000367 0.020223 -0.027696 -0.403238
    5 -3.983848 0.002149 0.003395 -1.531304 -0.080533 -1.487893
    6 15.938826 -0.000113 -0.000001 0.000002 0.000010 0.281159
    7 17.707031 0.000018 0.000000 0.170821 0.319067 -1.241131
    8 6.202710 0.003078 0.003745 -0.111788 0.023802 -0.468759
    9 -0.000001 4.209253 -1.688832 1.575348 0.090090 1.581337
    10 3.836055 0.000000 0.000000 -0.006112 0.039742 -0.035056
    11 3.617625 -0.000275 -0.000015 -0.009947 -0.029598 -0.024374
    12 7.537925 0.003588 -0.000212 0.031888 0.057817 0.296220
    13 3.181604 -0.002346 0.000028 3.179075 -0.049408 0.192499
    14 2.966416 0.000318 0.000023 0.077045 0.041297 0.151189
    15 2.023770 0.904983 0.850949 1.814903 -1.241785 2.577743
    16 4.980521 0.000781 -0.001089 -1.649762 0.359491 -1.156291
    17 11.119977 0.000007 0.000004 -0.000003 -0.106448 -0.290123
    18 11.205393 -0.000039 0.000000 1.529417 -0.098501 0.112513
    19 3.767578 0.152466 0.071350 0.161511 0.116813 -0.535180
    20 2.037109 0.000002 0.000000 -0.025500 -0.063436 -0.943058
    21 1.066406 -0.000002 0.000000 -0.001546 0.012034 -0.436579
    22 3.783203 -0.017258 0.794434 0.168904 -0.026920 -0.368804
    23 1.627436 0.000008 0.000000 -0.061243 0.003132 -0.834888
    24 0.955566 -0.000002 0.000000 -0.005388 -0.042122 -0.207877
    25 1.258789 -0.297852 1.251953 -1.291947 -0.539750 -0.506113
    26 1.392578 0.000004 -0.000002 0.001372 -0.188351 0.491767
    27 1.099609 0.000000 -0.000002 0.009529 -0.039492 -0.040356
    28 3.548828 0.198730 -1.489258 0.122068 0.218121 -0.679759
    29 1.218362 0.000000 0.000000 0.002959 0.019938 -1.051712
    30 0.679688 -0.000006 0.000004 0.028392 -0.181320 -0.761972
    31 3.697042 0.266204 -0.725138 0.148081 0.167551 -0.656351
    32 1.747315 -0.000008 -0.000001 -0.016843 -0.101072 -0.899610
    33 0.959961 0.000006 0.000000 -0.001254 0.009906 -0.608350
    34 2.023778 0.904982 -0.850921 -1.348667 1.185708 3.374000
    35 4.981625 0.002227 0.003236 1.384754 0.099221 -0.909544
    36 11.119975 -0.000005 0.000000 0.000001 0.050589 -0.293089
    37 11.205375 0.000073 0.000008 -1.633393 -0.033003 0.276940
    38 3.767578 0.151855 -0.072693 -0.061811 -0.104916 -0.601450
    39 2.036716 -0.000004 0.000000 -0.053356 0.002610 -1.343653
    40 1.063287 -0.000004 0.000001 0.243360 0.222157 -0.479503
    41 3.783203 -0.023941 -0.794434 0.145529 -0.103829 -0.523859
    42 1.628906 -0.000001 0.000002 -0.001787 -0.229023 -0.812505
    43 0.955566 -0.000004 0.000000 -0.124329 -0.037101 -0.833108
    44 1.258789 -0.308350 -1.250000 1.086305 0.326416 -0.551995
    45 1.392578 -0.000001 0.000000 -0.000830 -0.001840 0.382344
    46 1.099609 0.000000 -0.000005 -0.008997 -0.009551 0.469381
    47 3.546538 0.208125 1.487114 0.074113 -0.032243 -0.676062
    48 1.218360 -0.000002 0.000000 0.021055 -0.138830 -0.848014
    49 0.679688 0.000006 0.000000 -0.104181 0.098128 -1.071576
    50 3.696249 0.271114 0.723153 0.065650 -0.112146 -0.666595
    51 1.747310 0.000004 0.000000 -0.074580 0.021053 -1.335361
    52 0.959961 0.000004 -0.000001 0.003325 -0.009470 -0.821513
    53 -3.756462 5.577850 2.053357 1.570803 -0.000001 0.000000
    54 -2.735646 -0.081365 5.727119 0.000007 0.000015 1.570796
    55 0.000001 5.662003 -0.974302 1.570804 -0.000001 0.000000
    56 -0.000002 -2.275002 5.113525 0.000000 0.000000 -3.141592
    57 -2.477620 5.416855 4.597564 1.570804 -0.000001 0.000000
    58 -1.515218 1.317776 5.998497 0.000000 0.000000 0.000000
    59 -2.455992 5.657928 -0.087295 1.570804 -0.000001 0.000000
    60 -1.485628 -1.617812 5.263969 0.000000 0.000000 3.141592
    61 3.756460 5.577858 2.053359 1.570803 -0.000001 0.000000
    62 2.735645 -0.081364 5.727116 0.000004 -0.000011 -1.570795
    63 2.477613 5.416855 4.597570 1.570804 -0.000001 0.000000
    64 1.515220 1.317777 5.998508 0.000000 0.000000 0.000000
    65 2.455991 5.657928 -0.087293 1.570804 -0.000001 0.000000
    66 1.485620 -1.617803 5.263973 0.000000 0.000000 -3.141592
    67 4.575642 5.632584 0.000132 0.000000 -1.570771 0.249128
    68 -0.000001 0.314078 5.161098 0.000000 0.000000 0.000000
    69 -0.000001 -0.323108 3.750217 0.000000 0.000000 0.000000
    70 5.734947 1.075212 4.685178 1.570830 -0.000004 -1.321669
    71 -0.753896 0.305901 4.971462 -0.000001 0.000002 0.000000
    72 -1.101006 -0.314705 3.448307 0.000001 0.000001 0.000000
    73 5.809101 -1.029643 4.595047 1.570829 -0.000004 -1.321671
    74 -0.714908 -0.199657 5.028973 0.000000 0.000003 0.000000
    75 -0.282898 -0.851690 4.444889 0.000000 0.000000 0.000000
    76 9.578484 -1.290738 0.000240 0.000000 1.570770 -2.892481
    77 9.369518 -1.236408 1.787905 0.000000 1.570770 -2.892481
    78 9.436707 -1.331719 -1.409029 0.000000 1.570770 -2.892477
    79 5.735191 1.075235 -4.684885 -1.570814 0.000004 1.819923
    80 0.753901 0.305904 4.971474 -0.000001 -0.000002 0.000000
    81 1.101010 -0.314705 3.448315 0.000000 -0.000001 0.000000
    82 5.809341 -1.029617 -4.594752 -1.570814 0.000004 1.819922
    83 0.714908 -0.199655 5.028969 0.000000 -0.000003 0.000000
    84 0.282897 -0.851688 4.444893 0.000000 0.000000 0.000000
  time 47
    0 0.104816 -0.238289 37.626350 1.629135 0.038794 -0.109025
    1 3.983847 0.002149 0.003401 -1.663975 -0.216708 -1.448864
    2 15.938816 -0.000100 -0.000005 -0.000009 -0.000002 0.317215
    3 17.707025 -0.000068 0.000003 -0.174401 -0.146479 -1.176673
    4 6.202515 0.003416 -0.000367 0.020223 -0.027696 -0.403099
    5 -3.983848 0.002149 0.003395 -1.531209 -0.080104 -1.487799
    6 15.938826 -0.000113 -0.000001 0.000002 0.000010 0.281726
    7 17.707031 0.000018 0.000000 0.170504 0.319067 -1.241683
    8 6.202710 0.003078 0.003745 -0.111788 0.023802 -0.468759
    9 -0.000001 4.209253 -1.688832 1.575301 0.089787 1.580953
    10 3.836055 0.000000 0.000000 -0.006316 0.040665 -0.034816
    11 3.617625 -0.000275 -0.000015 -0.009755 -0.030449 -0.024008
    12 7.537925 0.003588 -0.000212 0.031756 0.057770 0.296567
    13 3.181604 -0.002346 0.000028 3.179267 -0.049624 0.192175
    14 2.966416 0.000318 0.000023 0.077009 0.042292 0.150872
    15 2.023770 0.904983 0.850949 1.810103 -1.238446 2.581731
    16 4.980521 0.000781 -0.001089 -1.648214 0.358141 -1.154555
    17 11.119977 0.000007 0.000004 -0.000003 -0.106448 -0.286806
    18 11.205393 -0.000039 0.000000 1.529081 -0.098197 0.110272
    19 3.767578 0.152466 0.071350 0.161511 0.116813 -0.535180
    20 2.037109 0.000002 0.000000 -0.025500 -0.063436 -0.943058
    21 1.066406 -0.000002 0.000000 -0.001546 0.012034 -0.436579
    22 3.783203 -0.017258 0.794434 0.168904 -0.026920 -0.368804
    23 1.627436 0.000008 0.000000 -0.061243 0.003132 -0.834888
    24 0.955566 -0.000002 0.000000 -0.005388 -0.042122 -0.207877
    25 1.258789 -0.297852 1.251953 -1.291947 -0.539750 -0.506113
    26 1.392578 0.000004 -0.000002 0.001372 -0.188351 0.491767
    27 1.099609 0.000000 -0.000002 0.009529 -0.039492 -0.040356
    28 3.548828 0.198730 -1.489258 0.122068 0.218121 -0.679759
    29 1.218362 0.000000 0.000000 0.002959 0.019938 -1.051712
    30 0.679688 -0.000006 0.000004 0.028392 -0.181320 -0.761972
    31 3.697042 0.266204 -0.725138 0.148081 0.167551 -0.656351
    32 1.747315 -0.000008 -0.000001 -0.016831 -0.101072 -0.899610
    33 0.959961 0.000006 0.000000 -0.001254 0.009906 -0.608350
    34 2.023778 0.904982 -0.850921 -1.352529 1.182695 3.370297
    35 4.981625 0.002227 0.003236 1.384290 0.099826 -0.907252
    36 11.119975 -0.000005 0.000000 0.000001 0.050589 -0.293089
    37 11.205375 0.000073 0.000008 -1.633011 -0.032836 0.276533
    38 3.767578 0.151855 -0.072693 -0.061811 -0.104916 -0.601450
    39 2.036716 -0.000004 0.000000 -0.053356 0.002610 -1.343653
    40 1.063287 -0.000004 0.000001 0.243360 0.222157 -0.479503
    41 3.783203 -0.023941 -0.794434 0.145529 -0.103829 -0.523859
    42 1.628906 -0.000001 0.000002 -0.001787 -0.229023 -0.812505
    43 0.955566 -0.000004 0.000000 -0.124329 -0.037101 -0.833108
    44 1.258789 -0.308350 -1.250000 1.086305 0.326416 -0.551995
    45 1.392578 -0.000001 0.000000 -0.000830 -0.001840 0.382344
    46 1.099609 0.000000 -0.000005 -0.008997 -0.009551 0.469381
    47 3.546538 0.208125 1.487114 0.074142 -0.032279 -0.676110
    48 1.218360 -0.000002 0.000000 0.021055 -0.138830 -0.848014
    49 0.679688 0.000006 0.000000 -0.104181 0.098128 -1.071576
    50 3.696249 0.271114 0.723153 0.065650 -0.112146 -0.666595
    51 1.747310 0.000004 0.000000 -0.074580 0.021053 -1.335361
    52 0.959961 0.000004 -0.000001 0.003325 -0.009470 -0.821513
    53 -3.756462 5.577850 2.053357 1.570803 -0.000001 0.000000
    54 -2.735646 -0.081365 5.727119 0.000007 0.000015 1.570796
    55 0.000001 5.662003 -0.974302 1.570804 -0.000001 0.000000
    56 -0.000002 -2.275002 5.113525 0.000000 0.000000 -3.141592
    57 -2.477620 5.416855 4.597564 1.570804 -0.000001 0.000000
    58 -1.515218 1.317776 5.998497 0.000000 0.000000 0.000000
    59 -2.455992 5.657928 -0.087295 1.570804 -0.000001 0.000000
    60 -1.485628 -1.617812 5.263969 0.000000 0.000000 3.141592
    61 3.756460 5.577858 2.053359 1.570803 -0.000001 0.000000
    62 2.735645 -0.081364 5.727116 0.000004 -0.000011 -1.570795
    63 2.477613 5.416855 4.597570 1.570804 -0.000001 0.000000
    64 1.515220 1.317777 5.998508 0.000000 0.000000 0.000000
    65 2.455991 5.657928 -0.087293 1.570804 -0.000001 0.000000
    66 1.485620 -1.617803 5.263973 0.000000 0.000000 -3.141592
    67 4.575642 5.632584 0.000132 0.000000 -1.570771 0.249128
    68 -0.000001 0.314078 5.161098 0.000000 0.000000 0.000000
    69 -0.000001 -0.323108 3.750217 0.000000 0.000000 0.000000
    70 5.734947 1.075212 4.685178 1.570830 -0.000004 -1.321669
    71 -0.753896 0.305901 4.971462 -0.000001 0.000002 0.000000
    72 -1.101006 -0.314705 3.448307 0.000001 0.000001 0.000000
    73 5.809101 -1.029643 4.595047 1.570829 -0.000004 -1.321671
    74 -0.714908 -0.199657 5.028973 0.000000 0.000003 0.000000
    75 -0.282898 -0.851690 4.444889 0.000000 0.000000 0.000000
    76 9.578484 -1.290738 0.000240 0.000000 1.570770 -2.892481
    77 9.369518 -1.236408 1.787905 0.000000 1.570770 -2.892481
    78 9.436707 -1.331719 -1.409029 0.000000 1.570770 -2.892477
    79 5.735191 1.075235 -4.684885 -1.570814 0.000004 1.819923
    80 0.753901 0.305904 4.971474 -0.000001 -0.000002 0.000000
    81 1.101010 -0.314705 3.448315 0.000000 -0.000001 0.000000
    82 5.809341 -1.029617 -4.594752 -1.570814 0.000004 1.819922
    83 0.714908 -0.199655 5.028969 0.000000 -0.000003 0.000000
    84 0.282897 -0.851688 4.444893 0.000000 0.000000 0.000000
  time 48
    0 0.093097 -0.242195 37.626350 1.628416 0.038842 -0.108834
    1 3.983847 0.002149 0.003401 -1.664260 -0.216530 -1.448506
    2 15.938816 -0.000100 -0.000005 -0.000009 -0.000002 0.318553
    3 17.707025 -0.000068 0.000003 -0.174428 -0.145991 -1.177468
    4 6.202515 0.003416 -0.000367 0.020223 -0.027696 -0.402995
    5 -3.983848 0.002149 0.003395 -1.531018 -0.079503 -1.487518
    6 15.938826 -0.000113 -0.000001 0.000002 0.000010 0.282608
    7 17.707031 0.000018 0.000000 0.170164 0.319156 -1.242461
    8 6.202710 0.003078 0.003745 -0.111788 0.023802 -0.468641
    9 -0.000001 4.209253 -1.688832 1.575301 0.089404 1.580762
    10 3.836055 0.000000 0.000000 -0.006508 0.041324 -0.034564
    11 3.617625 -0.000275 -0.000015 -0.009563 -0.031240 -0.023642
    12 7.537925 0.003588 -0.000212 0.031672 0.057841 0.296939
    13 3.181604 -0.002346 0.000028 3.179267 -0.050091 0.191899
    14 2.966416 0.000318 0.000023 0.077045 0.042915 0.150600
    15 2.023770 0.904983 0.850949 1.807153 -1.235270 2.584360
    16 4.980521 0.000781 -0.001089 -1.646821 0.356353 -1.153303
    17 11.119977 0.000007 0.000004 -0.000003 -0.106448 -0.283090
    18 11.205393 -0.000039 0.000000 1.529945 -0.097090 0.108415
    19 3.767578 0.152466 0.071350 0.161511 0.116813 -0.535180
    20 2.037109 0.000002 0.000000 -0.025500 -0.063436 -0.943058
    21 1.066406 -0.000002 0.000000 -0.001546 0.012034 -0.436579
    22 3.783203 -0.017258 0.794434 0.168904 -0.026920 -0.368804
    23 1.627436 0.000008 0.000000 -0.061243 0.003132 -0.834888
    24 0.955566 -0.000002 0.000000 -0.005388 -0.042122 -0.207877
    25 1.258789 -0.297852 1.251953 -1.291947 -0.539750 -0.506113
    26 1.392578 0.000004 -0.000002 0.001372 -0.188351 0.491767
    27 1.099609 0.000000 -0.000002 0.009529 -0.039492 -0.040356
    28 3.548828 0.198730 -1.489258 0.122068 0.218121 -0.679759
    29 1.218362 0.000000 0.000000 0.002959 0.019938 -1.051712
    30 0.679688 -0.000006 0.000004 0.028392 -0.181320 -0.761972
    31 3.697042 0.266204 -0.725138 0.148081 0.167551 -0.656351
    32 1.747315 -0.000008 -0.000001 -0.016831 -0.101072 -0.899610
    33 0.959961 0.000006 0.000000 -0.001254 0.009906 -0.608350
    34 2.023778 0.904982 -0.850921 -1.356913 1.179519 3.366052
    35 4.981625 0.002227 0.003236 1.383670 0.100733 -0.904549
    36 11.119975 -0.000005 0.000000 0.000001 0.050589 -0.292774
    37 11.205375 0.000073 0.000008 -1.632486 -0.033375 0.276245
    38 3.767578 0.151855 -0.072693 -0.061811 -0.104916 -0.601450
    39 2.036716 -0.000004 0.000000 -0.053356 0.002610 -1.343653
    40 1.063287 -0.000004 0.000001 0.243360 0.222157 -0.479503
    41 3.783203 -0.023941 -0.794434 0.145529 -0.103829 -0.523859
    42 1.628906 -0.000001 0.000002 -0.001787 -0.229023 -0.812505
    43 0.955566 -0.000004 0.000000 -0.124329 -0.037101 -0.833108
    44 1.258789 -0.308350 -1.250000 1.086305 0.326416 -0.551995
    45 1.392578 -0.000001 0.000000 -0.000830 -0.001840 0.382344
    46 1.099609 0.000000 -0.000005 -0.008997 -0.009551 0.469381
    47 3.546538 0.208125 1.487114 0.074185 -0.032363 -0.676110
    48 1.218360 -0.000002 0.000000 0.021055 -0.138830 -0.848014
    49 0.679688 0.000006 0.000000 -0.104181 0.098128 -1.071576
    50 3.696249 0.271114 0.723153 0.065650 -0.112146 -0.666595
    51 1.747310 0.000004 0.000000 -0.074580 0.021053 -1.335361
    52 0.959961 0.000004 -0.000001 0.003325 -0.009470 -0.821513
    53 -3.756462 5.577850 2.053357 1.570803 -0.000001 0.000000
    54 -2.735646 -0.081365 5.727119 0.000007 0.000015 1.570796
    55 0.000001 5.662003 -0.974302 1.570804 -0.000001 0.000000
    56 -0.000002 -2.275002 5.113525 0.000000 0.000000 -3.141592
    57 -2.477620 5.416855 4.597564 1.570804 -0.000001 0.000000
    58 -1.515218 1.317776 5.998497 0.000000 0.000000 0.000000
    59 -2.455992 5.657928 -0.087295 1.570804 -0.000001 0.000000
    60 -1.485628 -1.617812 5.263969 0.000000 0.000000 3.141592
    61 3.756460 5.577858 2.053359 1.570803 -0.000001 0.000000
    62 2.735645 -0.081364 5.727116 0.000004 -0.000011 -1.570795
    63 2.477613 5.416855 4.597570 1.570804 -0.000001 0.000000
    64 1.515220 1.317777 5.998508 0.000000 0.000000 0.000000
    65 2.455991 5.657928 -0.087293 1.570804 -0.000001 0.000000
    66 1.485620 -1.617803 5.263973 0.000000 0.000000 -3.141592
    67 4.575642 5.632584 0.000132 0.000000 -1.570771 0.249128
    68 -0.000001 0.314078 5.161098 0.000000 0.000000 0.000000
    69 -0.000001 -0.323108 3.750217 0.000000 0.000000 0.000000
    70 5.734947 1.075212 4.685178 1.570830 -0.000004 -1.321669
    71 -0.753896 0.305901 4.971462 -0.000001 0.000002 0.000000
    72 -1.101006 -0.314705 3.448307 0.000001 0.000001 0.000000
    73 5.809101 -1.029643 4.595047 1.570829 -0.000004 -1.321671
    74 -0.714908 -0.199657 5.028973 0.000000 0.000003 0.000000
    75 -0.282898 -0.851690 4.444889 0.000000 0.000000 0.000000
    76 9.578484 -1.290738 0.000240 0.000000 1.570770 -2.892481
    77 9.369518 -1.236408 1.787905 0.000000 1.570770 -2.892481
    78 9.436707 -1.331719 -1.409029 0.000000 1.570770 -2.892477
    79 5.735191 1.075235 -4.684885 -1.570814 0.000004 1.819923
    80 0.753901 0.305904 4.971474 -0.000001 -0.000002 0.000000
    81 1.101010 -0.314705 3.448315 0.000000 -0.000001 0.000000
    82 5.809341 -1.029617 -4.594752 -1.570814 0.000004 1.819922
    83 0.714908 -0.199655 5.028969 0.000000 -0.000003 0.000000
    84 0.282897 -0.851688 4.444893 0.000000 0.000000 0.000000
  time 49
    0 0.085284 -0.246101 37.626350 1.627553 0.039022 -0.108770
    1 3.983847 0.002149 0.003401 -1.664640 -0.216307 -1.448059
    2 15.938816 -0.000100 -0.000005 -0.000009 -0.000002 0.320019
    3 17.707025 -0.000068 0.000003 -0.174428 -0.145291 -1.178417
    4 6.202515 0.003416 -0.000367 0.020223 -0.027696 -0.402891
    5 -3.983848 0.002149 0.003395 -1.530827 -0.078988 -1.487144
    6 15.938826 -0.000113 -0.000001 0.000002 0.000010 0.283678
    7 17.707031 0.000018 0.000000 0.169892 0.319281 -1.243207
    8 6.202710 0.003078 0.003745 -0.111788 0.023802 -0.468641
    9 -0.000001 4.209253 -1.688832 1.575348 0.088818 1.580570
    10 3.836055 0.000000 0.000000 -0.006760 0.042055 -0.034336
    11 3.617625 -0.000275 -0.000015 -0.009443 -0.032090 -0.023388
    12 7.537925 0.003588 -0.000212 0.031493 0.058177 0.297430
    13 3.181604 -0.002346 0.000028 3.178404 -0.050642 0.191384
    14 2.966416 0.000318 0.000023 0.077093 0.043347 0.150418
    15 2.023770 0.904983 0.850949 1.805403 -1.232257 2.585810
    16 4.980521 0.000781 -0.001089 -1.645169 0.353992 -1.152820
    17 11.119977 0.000007 0.000004 -0.000003 -0.106448 -0.278401
    18 11.205393 -0.000039 0.000000 1.532058 -0.096178 0.106833
    19 3.767578 0.152466 0.071350 0.161511 0.116813 -0.535180
    20 2.037109 0.000002 0.000000 -0.025500 -0.063436 -0.943058
    21 1.066406 -0.000002 0.000000 -0.001546 0.012034 -0.436579
    22 3.783203 -0.017258 0.794434 0.168904 -0.026920 -0.368804
    23 1.627436 0.000008 0.000000 -0.061243 0.003132 -0.834888
    24 0.955566 -0.000002 0.000000 -0.005388 -0.042122 -0.207877
    25 1.258789 -0.297852 1.251953 -1.291947 -0.539750 -0.506113
    26 1.392578 0.000004 -0.000002 0.001372 -0.188351 0.491767
    27 1.099609 0.000000 -0.000002 0.009529 -0.039492 -0.040356
    28 3.548828 0.198730 -1.489258 0.122068 0.218121 -0.679759
    29 1.218362 0.000000 0.000000 0.002959 0.019938 -1.051712
    30 0.679688 -0.000006 0.000004 0.028392 -0.181320 -0.761972
    31 3.697042 0.266204 -0.725138 0.148081 0.167551 -0.656351
    32 1.747315 -0.000008 -0.000001 -0.016831 -0.101072 -0.899610
    33 0.959961 0.000006 0.000000 -0.001254 0.009906 -0.608350
    34 2.023778 0.904982 -0.850921 -1.362080 1.176628 3.361355
    35 4.981625 0.002227 0.003236 1.382742 0.102244 -0.902169
    36 11.119975 -0.000005 0.000000 0.000001 0.050589 -0.291576
    37 11.205375 0.000073 0.000008 -1.632725 -0.033950 0.276760
    38 3.767578 0.151855 -0.072693 -0.061811 -0.104916 -0.601450
    39 2.036716 -0.000004 0.000000 -0.053356 0.002610 -1.343653
    40 1.063287 -0.000004 0.000001 0.243360 0.222157 -0.479503
    41 3.783203 -0.023941 -0.794434 0.145529 -0.103829 -0.523859
    42 1.628906 -0.000001 0.000002 -0.001787 -0.229023 -0.812505
    43 0.955566 -0.000004 0.000000 -0.124329 -0.037101 -0.833108
    44 1.258789 -0.308350 -1.250000 1.086305 0.326416 -0.551995
    45 1.392578 -0.000001 0.000000 -0.000830 -0.001840 0.382344
    46 1.099609 0.000000 -0.000005 -0.008997 -0.009551 0.469381
    47 3.546538 0.208125 1.487114 0.074271 -0.032435 -0.676062
    48 1.218360 -0.000002 0.000000 0.021055 -0.138830 -0.848014
    49 0.679688 0.000006 0.000000 -0.104181 0.098128 -1.071576
    50 3.696249 0.271114 0.723153 0.065650 -0.112146 -0.666595
    51 1.747310 0.000004 0.000000 -0.074580 0.021053 -1.335361
    52 0.959961 0.000004 -0.000001 0.003325 -0.009470 -0.821513
    53 -3.756462 5.577850 2.053357 1.570803 -0.000001 0.000000
    54 -2.735646 -0.081365 5.727119 0.000007 0.000015 1.570796
    55 0.000001 5.662003 -0.974302 1.570804 -0.000001 0.000000
    56 -0.000002 -2.275002 5.113525 0.000000 0.000000 -3.141592
    57 -2.477620 5.416855 4.597564 1.570804 -0.000001 0.000000
    58 -1.515218 1.317776 5.998497 0.000000 0.000000 0.000000
    59 -2.455992 5.657928 -0.087295 1.570804 -0.000001 0.000000
    60 -1.485628 -1.617812 5.263969 0.000000 0.000000 3.141592
    61 3.756460 5.577858 2.053359 1.570803 -0.000001 0.000000
    62 2.735645 -0.081364 5.727116 0.000004 -0.000011 -1.570795
    63 2.477613 5.416855 4.597570 1.570804 -0.000001 0.000000
    64 1.515220 1.317777 5.998508 0.000000 0.000000 0.000000
    65 2.455991 5.657928 -0.087293 1.570804 -0.000001 0.000000
    66 1.485620 -1.617803 5.263973 0.000000 0.000000 -3.141592
    67 4.575642 5.632584 0.000132 0.000000 -1.570771 0.249128
    68 -0.000001 0.314078 5.161098 0.000000 0.000000 0.000000
    69 -0.000001 -0.323108 3.750217 0.000000 0.000000 0.000000
    70 5.734947 1.075212 4.685178 1.570830 -0.000004 -1.321669
    71 -0.753896 0.305901 4.971462 -0.000001 0.000002 0.000000
    72 -1.101006 -0.314705 3.448307 0.000001 0.000001 0.000000
    73 5.809101 -1.029643 4.595047 1.570829 -0.000004 -1.321671
    74 -0.714908 -0.199657 5.028973 0.000000 0.000003 0.000000
    75 -0.282898 -0.851690 4.444889 0.000000 0.000000 0.000000
    76 9.578484 -1.290738 0.000240 0.000000 1.570770 -2.892481
    77 9.369518 -1.236408 1.787905 0.000000 1.570770 -2.892481
    78 9.436707 -1.331719 -1.409029 0.000000 1.570770 -2.892477
    79 5.735191 1.075235 -4.684885 -1.570814 0.000004 1.819923
    80 0.753901 0.305904 4.971474 -0.000001 -0.000002 0.000000
    81 1.101010 -0.314705 3.448315 0.000000 -0.000001 0.000000
    82 5.809341 -1.029617 -4.594752 -1.570814 0.000004 1.819922
    83 0.714908 -0.199655 5.028969 0.000000 -0.000003 0.000000
    84 0.282897 -0.851688 4.444893 0.000000 0.000000 0.000000
  time 50
    0 0.077471 -0.246101 37.626350 1.626690 0.039190 -0.108195
    1 3.983847 0.002149 0.003401 -1.665020 -0.216174 -1.447433
    2 15.938816 -0.000100 -0.000005 -0.000009 -0.000002 0.321486
    3 17.707025 -0.000068 0.000003 -0.174263 -0.144294 -1.179273
    4 6.202515 0.003416 -0.000367 0.020223 -0.027696 -0.402752
    5 -3.983848 0.002149 0.003395 -1.530349 -0.078472 -1.486675
    6 15.938826 -0.000113 -0.000001 0.000002 0.000010 0.284749
    7 17.707031 0.000018 0.000000 0.169461 0.319549 -1.243953
    8 6.202710 0.003078 0.003745 -0.111788 0.023802 -0.468641
    9 -0.000001 4.209253 -1.688832 1.575444 0.088233 1.579515
    10 3.836055 0.000000 0.000000 -0.007131 0.043218 -0.034229
    11 3.617625 -0.000275 -0.000015 -0.009443 -0.032881 -0.023022
    12 7.537925 0.003588 -0.000212 0.031229 0.058764 0.297934
    13 3.181604 -0.002346 0.000028 3.178595 -0.051349 0.190737
    14 2.966416 0.000318 0.000023 0.077236 0.043646 0.150055
    15 2.023770 0.904983 0.850949 1.805153 -1.229611 2.585901
    16 4.980521 0.000781 -0.001089 -1.643157 0.351428 -1.153246
    17 11.119977 0.000007 0.000004 -0.000003 -0.106448 -0.273484
    18 11.205393 -0.000039 0.000000 1.531866 -0.095521 0.103213
    19 3.767578 0.152466 0.071350 0.161511 0.116813 -0.535180
    20 2.037109 0.000002 0.000000 -0.025500 -0.063436 -0.943058
    21 1.066406 -0.000002 0.000000 -0.001546 0.012034 -0.436579
    22 3.783203 -0.017258 0.794434 0.168904 -0.026920 -0.368804
    23 1.627436 0.000008 0.000000 -0.061243 0.003132 -0.834888
    24 0.955566 -0.000002 0.000000 -0.005388 -0.042122 -0.207877
    25 1.258789 -0.297852 1.251953 -1.291947 -0.539750 -0.506113
    26 1.392578 0.000004 -0.000002 0.001372 -0.188351 0.491767
    27 1.099609 0.000000 -0.000002 0.009529 -0.039492 -0.040356
    28 3.548828 0.198730 -1.489258 0.122068 0.218121 -0.679759
    29 1.218362 0.000000 0.000000 0.002959 0.019938 -1.051712
    30 0.679688 -0.000006 0.000004 0.028392 -0.181320 -0.761972
    31 3.697042 0.266204 -0.725138 0.148081 0.167551 -0.656351
    32 1.747315 -0.000008 -0.000001 -0.016843 -0.101072 -0.899610
    33 0.959961 0.000006 0.000000 -0.001254 0.009906 -0.608350
    34 2.023778 0.904982 -0.850921 -1.368238 1.174104 3.355484
    35 4.981625 0.002227 0.003236 1.381091 0.104251 -0.900230
    36 11.119975 -0.000005 0.000000 0.000001 0.050589 -0.289810
    37 11.205375 0.000073 0.000008 -1.633966 -0.033950 0.277348
    38 3.767578 0.151855 -0.072693 -0.061811 -0.104916 -0.601450
    39 2.036716 -0.000004 0.000000 -0.053356 0.002610 -1.343694
    40 1.063287 -0.000004 0.000001 0.243348 0.222157 -0.479503
    41 3.783203 -0.023941 -0.794434 0.145529 -0.103829 -0.523859
    42 1.628906 -0.000001 0.000002 -0.001787 -0.229023 -0.812505
    43 0.955566 -0.000004 0.000000 -0.124329 -0.037101 -0.833108
    44 1.258789 -0.308350 -1.250000 1.086305 0.326416 -0.551995
    45 1.392578 -0.000001 0.000000 -0.000830 -0.001840 0.382344
    46 1.099609 0.000000 -0.000005 -0.008997 -0.009551 0.469381
    47 3.546538 0.208125 1.487114 0.074357 -0.032518 -0.676002
    48 1.218360 -0.000002 0.000000 0.021055 -0.138830 -0.848014
    49 0.679688 0.000006 0.000000 -0.104181 0.098128 -1.071576
    50 3.696249 0.271114 0.723153 0.065650 -0.112146 -0.666595
    51 1.747310 0.000004 0.000000 -0.074580 0.021053 -1.335361
    52 0.959961 0.000004 -0.000001 0.003325 -0.009470 -0.821513
    53 -3.756462 5.577850 2.053357 1.570803 -0.000001 0.000000
    54 -2.735646 -0.081365 5.727119 0.000007 0.000015 1.570796
    55 0.000001 5.662003 -0.974302 1.570804 -0.000001 0.000000
    56 -0.000002 -2.275002 5.113525 0.000000 0.000000 -3.141592
    57 -2.477620 5.416855 4.597564 1.570804 -0.000001 0.000000
    58 -1.515218 1.317776 5.998497 0.000000 0.000000 0.000000
    59 -2.455992 5.657928 -0.087295 1.570804 -0.000001 0.000000
    60 -1.485628 -1.617812 5.263969 0.000000 0.000000 3.141592
    61 3.756460 5.577858 2.053359 1.570803 -0.000001 0.000000
    62 2.735645 -0.081364 5.727116 0.000004 -0.000011 -1.570795
    63 2.477613 5.416855 4.597570 1.570804 -0.000001 0.000000
    64 1.515220 1.317777 5.998508 0.000000 0.000000 0.000000
    65 2.455991 5.657928 -0.087293 1.570804 -0.000001 0.000000
    66 1.485620 -1.617803 5.263973 0.000000 0.000000 -3.141592
    67 4.575642 5.632584 0.000132 0.000000 -1.570771 0.249128
    68 -0.000001 0.314078 5.161098 0.000000 0.000000 0.000000
    69 -0.000001 -0.323108 3.750217 0.000000 0.000000 0.000000
    70 5.734947 1.075212 4.685178 1.570830 -0.000004 -1.321669
    71 -0.753896 0.305901 4.971462 -0.000001 0.000002 0.000000
    72 -1.101006 -0.314705 3.448307 0.000001 0.000001 0.000000
    73 5.809101 -1.029643 4.595047 1.570829 -0.000004 -1.321671
    74 -0.714908 -0.199657 5.028973 0.000000 0.000003 0.000000
    75 -0.282898 -0.851690 4.444889 0.000000 0.000000 0.000000
    76 9.578484 -1.290738 0.000240 0.000000 1.570770 -2.892481
    77 9.369518 -1.236408 1.787905 0.000000 1.570770 -2.892481
    78 9.436707 -1.331719 -1.409029 0.000000 1.570770 -2.892477
    79 5.735191 1.075235 -4.684885 -1.570814 0.000004 1.819923
    80 0.753901 0.305904 4.971474 -0.000001 -0.000002 0.000000
    81 1.101010 -0.314705 3.448315 0.000000 -0.000001 0.000000
    82 5.809341 -1.029617 -4.594752 -1.570814 0.000004 1.819922
    83 0.714908 -0.199655 5.028969 0.000000 -0.000003 0.000000
    84 0.282897 -0.851688 4.444893 0.000000 0.000000 0.000000
  time 51
    0 0.061846 -0.246101 37.626350 1.625779 0.039453 -0.107300
    1 3.983847 0.002149 0.003401 -1.665210 -0.216085 -1.446718
    2 15.938816 -0.000100 -0.000005 -0.000009 -0.000002 0.322952
    3 17.707025 -0.000068 0.000003 -0.174098 -0.143042 -1.180099
    4 6.202515 0.003416 -0.000367 0.020223 -0.027696 -0.402752
    5 -3.983848 0.002149 0.003395 -1.529680 -0.077828 -1.486019
    6 15.938826 -0.000113 -0.000001 0.000002 0.000010 0.285568
    7 17.707031 0.000018 0.000000 0.169166 0.319959 -1.244731
    8 6.202710 0.003078 0.003745 -0.111788 0.023802 -0.468641
    9 -0.000001 4.209253 -1.688832 1.575301 0.087708 1.577981
    10 3.836055 0.000000 0.000000 -0.007658 0.044668 -0.034133
    11 3.617625 -0.000275 -0.000015 -0.009539 -0.033792 -0.022769
    12 7.537925 0.003588 -0.000212 0.030858 0.059795 0.298557
    13 3.181604 -0.002346 0.000028 3.178979 -0.051793 0.189970
    14 2.966416 0.000318 0.000023 0.077464 0.044078 0.149601
    15 2.023770 0.904983 0.850949 1.806953 -1.227453 2.583997
    16 4.980521 0.000781 -0.001089 -1.640370 0.348797 -1.154641
    17 11.119977 0.000007 0.000004 -0.000003 -0.106448 -0.269081
    18 11.205393 -0.000039 0.000000 1.531049 -0.095874 0.099918
    19 3.767578 0.152466 0.071350 0.161511 0.116813 -0.535180
    20 2.037109 0.000002 0.000000 -0.025500 -0.063436 -0.943058
    21 1.066406 -0.000002 0.000000 -0.001546 0.012034 -0.436579
    22 3.783203 -0.017258 0.794434 0.168904 -0.026920 -0.368804
    23 1.627436 0.000008 0.000000 -0.061243 0.003132 -0.834888
    24 0.955566 -0.000002 0.000000 -0.005388 -0.042122 -0.207877
    25 1.258789 -0.297852 1.251953 -1.291947 -0.539750 -0.506113
    26 1.392578 0.000004 -0.000002 0.001372 -0.188351 0.491767
    27 1.099609 0.000000 -0.000002 0.009529 -0.039492 -0.040356
    28 3.548828 0.198730 -1.489258 0.122068 0.218121 -0.679759
    29 1.218362 0.000000 0.000000 0.002959 0.019938 -1.051712
    30 0.679688 -0.000006 0.000004 0.028392 -0.181320 -0.761972
    31 3.697042 0.266204 -0.725138 0.148081 0.167551 -0.656351
    32 1.747315 -0.000008 -0.000001 -0.016831 -0.101072 -0.899610
    33 0.959961 0.000006 0.000000 -0.001254 0.009906 -0.608350
    34 2.023778 0.904982 -0.850921 -1.373822 1.172149 3.350336
    35 4.981625 0.002227 0.003236 1.378665 0.106641 -0.898761
    36 11.119975 -0.000005 0.000000 0.000001 0.050589 -0.287603
    37 11.205375 0.000073 0.000008 -1.635684 -0.033663 0.277467
    38 3.767578 0.151855 -0.072693 -0.061811 -0.104916 -0.601450
    39 2.036716 -0.000004 0.000000 -0.053356 0.002610 -1.343653
    40 1.063287 -0.000004 0.000001 0.243360 0.222157 -0.479503
    41 3.783203 -0.023941 -0.794434 0.145529 -0.103829 -0.523859
    42 1.628906 -0.000001 0.000002 -0.001787 -0.229023 -0.812505
    43 0.955566 -0.000004 0.000000 -0.124329 -0.037101 -0.833108
    44 1.258789 -0.308350 -1.250000 1.086305 0.326416 -0.551995
    45 1.392578 -0.000001 0.000000 -0.000830 -0.001840 0.382344
    46 1.099609 0.000000 -0.000005 -0.008997 -0.009551 0.469381
    47 3.546538 0.208125 1.487114 0.074400 -0.032566 -0.675942
    48 1.218360 -0.000002 0.000000 0.021055 -0.138830 -0.848014
    49 0.679688 0.000006 0.000000 -0.104181 0.098128 -1.071576
    50 3.696249 0.271114 0.723153 0.065650 -0.112146 -0.666595
    51 1.747310 0.000004 0.000000 -0.074580 0.021053 -1.335361
    52 0.959961 0.000004 -0.000001 0.003325 -0.009470 -0.821513
    53 -3.756462 5.577850 2.053357 1.570803 -0.000001 0.000000
    54 -2.735646 -0.081365 5.727119 0.000007 0.000015 1.570796
    55 0.000001 5.662003 -0.974302 1.570804 -0.000001 0.000000
    56 -0.000002 -2.275002 5.113525 0.000000 0.000000 -3.141592
    57 -2.477620 5.416855 4.597564 1.570804 -0.000001 0.000000
    58 -1.515218 1.317776 5.998497 0.000000 0.000000 0.000000
    59 -2.455992 5.657928 -0.087295 1.570804 -0.000001 0.000000
    60 -1.485628 -1.617812 5.263969 0.000000 0.000000 3.141592
    61 3.756460 5.577858 2.053359 1.570803 -0.000001 0.000000
    62 2.735645 -0.081364 5.727116 0.000004 -0.000011 -1.570795
    63 2.477613 5.416855 4.597570 1.570804 -0.000001 0.000000
    64 1.515220 1.317777 5.998508 0.000000 0.000000 0.000000
    65 2.455991 5.657928 -0.087293 1.570804 -0.000001 0.000000
    66 1.485620 -1.617803 5.263973 0.000000 0.000000 -3.141592
    67 4.575642 5.632584 0.000132 0.000000 -1.570771 0.249128
    68 -0.000001 0.314078 5.161098 0.000000 0.000000 0.000000
    69 -0.000001 -0.323108 3.750217 0.000000 0.000000 0.000000
    70 5.734947 1.075212 4.685178 1.570830 -0.000004 -1.321669
    71 -0.753896 0.305901 4.971462 -0.000001 0.000002 0.000000
    72 -1.101006 -0.314705 3.448307 0.000001 0.000001 0.000000
    73 5.809101 -1.029643 4.595047 1.570829 -0.000004 -1.321671
    74 -0.714908 -0.199657 5.028973 0.000000 0.000003 0.000000
    75 -0.282898 -0.851690 4.444889 0.000000 0.000000 0.000000
    76 9.578484 -1.290738 0.000240 0.000000 1.570770 -2.892481
    77 9.369518 -1.236408 1.787905 0.000000 1.570770 -2.892481
    78 9.436707 -1.331719 -1.409029 0.000000 1.570770 -2.892477
    79 5.735191 1.075235 -4.684885 -1.570814 0.000004 1.819923
    80 0.753901 0.305904 4.971474 -0.000001 -0.000002 0.000000
    81 1.101010 -0.314705 3.448315 0.000000 -0.000001 0.000000
    82 5.809341 -1.029617 -4.594752 -1.570814 0.000004 1.819922
    83 0.714908 -0.199655 5.028969 0.000000 -0.000003 0.000000
    84 0.282897 -0.851688 4.444893 0.000000 0.000000 0.000000
  time 52
    0 0.050127 -0.246101 37.595099 1.624964 0.039621 -0.106022
    1 3.983847 0.002149 0.003401 -1.665210 -0.216129 -1.446182
    2 15.938816 -0.000100 -0.000005 -0.000009 -0.000002 0.324227
    3 17.707025 -0.000068 0.000003 -0.173877 -0.141642 -1.180589
    4 6.202515 0.003416 -0.000367 0.020223 -0.027696 -0.402614
    5 -3.983848 0.002149 0.003395 -1.528916 -0.077356 -1.485551
    6 15.938826 -0.000113 -0.000001 0.000002 0.000010 0.286449
    7 17.707031 0.000018 0.000000 0.168826 0.320477 -1.245477
    8 6.202710 0.003078 0.003745 -0.111788 0.023802 -0.468641
    9 -0.000001 4.209253 -1.688832 1.575157 0.087263 1.576160
    10 3.836055 0.000000 0.000000 -0.008282 0.046130 -0.033893
    11 3.617625 -0.000275 -0.000015 -0.009779 -0.034955 -0.022516
    12 7.537925 0.003588 -0.000212 0.030294 0.061425 0.299072
    13 3.181604 -0.002346 0.000028 3.179267 -0.051781 0.189514
    14 2.966416 0.000318 0.000023 0.077740 0.045037 0.149102
    15 2.023770 0.904983 0.850949 1.810303 -1.226476 2.580734
    16 4.980521 0.000781 -0.001089 -1.636913 0.346435 -1.156661
    17 11.119977 0.000007 0.000004 -0.000003 -0.106448 -0.265479
    18 11.205393 -0.000039 0.000000 1.532154 -0.096591 0.099965
    19 3.767578 0.152466 0.071350 0.161511 0.116813 -0.535180
    20 2.037109 0.000002 0.000000 -0.025500 -0.063436 -0.943058
    21 1.066406 -0.000002 0.000000 -0.001546 0.012034 -0.436579
    22 3.783203 -0.017258 0.794434 0.168904 -0.026920 -0.368804
    23 1.627436 0.000008 0.000000 -0.061243 0.003132 -0.834888
    24 0.955566 -0.000002 0.000000 -0.005388 -0.042122 -0.207877
    25 1.258789 -0.297852 1.251953 -1.291947 -0.539750 -0.506113
    26 1.392578 0.000004 -0.000002 0.001372 -0.188351 0.491767
    27 1.099609 0.000000 -0.000002 0.009529 -0.039492 -0.040356
    28 3.548828 0.198730 -1.489258 0.122068 0.218121 -0.679759
    29 1.218362 0.000000 0.000000 0.002959 0.019938 -1.051712
    30 0.679688 -0.000006 0.000004 0.028392 -0.181320 -0.761972
    31 3.697042 0.266204 -0.725138 0.148081 0.167551 -0.656351
    32 1.747315 -0.000008 -0.000001 -0.016831 -0.101072 -0.899610
    33 0.959961 0.000006 0.000000 -0.001254 0.009906 -0.608350
    34 2.023778 0.904982 -0.850921 -1.376953 1.170480 3.347356
    35 4.981625 0.002227 0.003236 1.375415 0.109500 -0.897997
    36 11.119975 -0.000005 0.000000 0.000001 0.050589 -0.285774
    37 11.205375 0.000073 0.000008 -1.637736 -0.033543 0.276653
    38 3.767578 0.151855 -0.072693 -0.061811 -0.104916 -0.601450
    39 2.036716 -0.000004 0.000000 -0.053356 0.002610 -1.343653
    40 1.063287 -0.000004 0.000001 0.243360 0.222157 -0.479503
    41 3.783203 -0.023941 -0.794434 0.145529 -0.103829 -0.523859
    42 1.628906 -0.000001 0.000002 -0.001787 -0.229023 -0.812505
    43 0.955566 -0.000004 0.000000 -0.124329 -0.037101 -0.833108
    44 1.258789 -0.308350 -1.250000 1.086305 0.326416 -0.551995
    45 1.392578 -0.000001 0.000000 -0.000830 -0.001840 0.382344
    46 1.099609 0.000000 -0.000005 -0.008997 -0.009551 0.469381
    47 3.546538 0.208125 1.487114 0.074486 -0.032674 -0.676002
    48 1.218360 -0.000002 0.000000 0.021055 -0.138830 -0.848014
    49 0.679688 0.000006 0.000000 -0.104181 0.098128 -1.071576
    50 3.696249 0.271114 0.723153 0.065650 -0.112146 -0.666595
    51 1.747310 0.000004 0.000000 -0.074580 0.021053 -1.335361
    52 0.959961 0.000004 -0.000001 0.003325 -0.009470 -0.821513
    53 -3.756462 5.577850 2.053357 1.570803 -0.000001 0.000000
    54 -2.735646 -0.081365 5.727119 0.000007 0.000015 1.570796
    55 0.000001 5.662003 -0.974302 1.570804 -0.000001 0.000000
    56 -0.000002 -2.275002 5.113525 0.000000 0.000000 -3.141592
    57 -2.477620 5.416855 4.597564 1.570804 -0.000001 0.000000
    58 -1.515218 1.317776 5.998497 0.000000 0.000000 0.000000
    59 -2.455992 5.657928 -0.087295 1.570804 -0.000001 0.000000
    60 -1.485628 -1.617812 5.263969 0.000000 0.000000 3.141592
    61 3.756460 5.577858 2.053359 1.570803 -0.000001 0.000000
    62 2.735645 -0.081364 5.727116 0.000004 -0.000011 -1.570795
    63 2.477613 5.416855 4.597570 1.570804 -0.000001 0.000000
    64 1.515220 1.317777 5.998508 0.000000 0.000000 0.000000
    65 2.455991 5.657928 -0.087293 1.570804 -0.000001 0.000000
    66 1.485620 -1.617803 5.263973 0.000000 0.000000 -3.141592
    67 4.575642 5.632584 0.000132 0.000000 -1.570771 0.249128
    68 -0.000001 0.314078 5.161098 0.000000 0.000000 0.000000
    69 -0.000001 -0.323108 3.750217 0.000000 0.000000 0.000000
    70 5.734947 1.075212 4.685178 1.570830 -0.000004 -1.321669
    71 -0.753896 0.305901 4.971462 -0.000001 0.000002 0.000000
    72 -1.101006 -0.314705 3.448307 0.000001 0.000001 0.000000
    73 5.809101 -1.029643 4.595047 1.570829 -0.000004 -1.321671
    74 -0.714908 -0.199657 5.028973 0.000000 0.000003 0.000000
    75 -0.282898 -0.851690 4.444889 0.000000 0.000000 0.000000
    76 9.578484 -1.290738 0.000240 0.000000 1.570770 -2.892481
    77 9.369518 -1.236408 1.787905 0.000000 1.570770 -2.892481
    78 9.436707 -1.331719 -1.409029 0.000000 1.570770 -2.892477
    79 5.735191 1.075235 -4.684885 -1.570814 0.000004 1.819923
    80 0.753901 0.305904 4.971474 -0.000001 -0.000002 0.000000
    81 1.101010 -0.314705 3.448315 0.000000 -0.000001 0.000000
    82 5.809341 -1.029617 -4.594752 -1.570814 0.000004 1.819922
    83 0.714908 -0.199655 5.028969 0.000000 -0.000003 0.000000
    84 0.282897 -0.851688 4.444893 0.000000 0.000000 0.000000
  time 53
    0 0.038408 -0.246101 37.595099 1.624389 0.039849 -0.104488
    1 3.983847 0.002149 0.003401 -1.665020 -0.216218 -1.445645
    2 15.938816 -0.000100 -0.000005 -0.000009 -0.000002 0.325247
    3 17.707025 -0.000068 0.000003 -0.173630 -0.140220 -1.181139
    4 6.202515 0.003416 -0.000367 0.020223 -0.027696 -0.402614
    5 -3.983848 0.002149 0.003395 -1.527770 -0.076755 -1.484989
    6 15.938826 -0.000113 -0.000001 0.000002 0.000010 0.286953
    7 17.707031 0.000018 0.000000 0.168577 0.321030 -1.246093
    8 6.202710 0.003078 0.003745 -0.111788 0.023802 -0.468641
    9 -0.000001 4.209253 -1.688832 1.574965 0.087142 1.574674
    10 3.836055 0.000000 0.000000 -0.008785 0.046729 -0.033785
    11 3.617625 -0.000275 -0.000015 -0.010210 -0.036057 -0.022276
    12 7.537925 0.003588 -0.000212 0.029635 0.063498 0.299336
    13 3.181604 -0.002346 0.000028 3.178691 -0.051265 0.189323
    14 2.966416 0.000318 0.000023 0.077967 0.046643 0.148557
    15 2.023770 0.904983 0.850949 1.814903 -1.226639 2.576293
    16 4.980521 0.000781 -0.001089 -1.633404 0.344377 -1.159705
    17 11.119977 0.000007 0.000004 -0.000003 -0.106448 -0.263191
    18 11.205393 -0.000039 0.000000 1.533402 -0.096555 0.100349
    19 3.767578 0.152466 0.071350 0.161511 0.116813 -0.535180
    20 2.037109 0.000002 0.000000 -0.025500 -0.063436 -0.943058
    21 1.066406 -0.000002 0.000000 -0.001546 0.012034 -0.436579
    22 3.783203 -0.017258 0.794434 0.168904 -0.026920 -0.368804
    23 1.627436 0.000008 0.000000 -0.061243 0.003132 -0.834888
    24 0.955566 -0.000002 0.000000 -0.005388 -0.042122 -0.207877
    25 1.258789 -0.297852 1.251953 -1.291947 -0.539750 -0.506113
    26 1.392578 0.000004 -0.000002 0.001372 -0.188351 0.491767
    27 1.099609 0.000000 -0.000002 0.009529 -0.039492 -0.040356
    28 3.548828 0.198730 -1.489258 0.122068 0.218121 -0.679759
    29 1.218362 0.000000 0.000000 0.002959 0.019938 -1.051740
    30 0.679688 -0.000006 0.000004 0.028392 -0.181320 -0.761972
    31 3.697042 0.266204 -0.725138 0.148081 0.167551 -0.656351
    32 1.747315 -0.000008 -0.000001 -0.016843 -0.101072 -0.899610
    33 0.959961 0.000006 0.000000 -0.001254 0.009906 -0.608350
    34 2.023778 0.904982 -0.850921 -1.377632 1.168688 3.346543
    35 4.981625 0.002227 0.003236 1.372061 0.112385 -0.897762
    36 11.119975 -0.000005 0.000000 0.000001 0.050589 -0.284702
    37 11.205375 0.000073 0.000008 -1.641315 -0.034034 0.276880
    38 3.767578 0.151855 -0.072693 -0.061811 -0.104916 -0.601450
    39 2.036716 -0.000004 0.000000 -0.053356 0.002610 -1.343653
    40 1.063287 -0.000004 0.000001 0.243360 0.222157 -0.479503
    41 3.783203 -0.023941 -0.794434 0.145529 -0.103829 -0.523859
    42 1.628906 -0.000001 0.000002 -0.001787 -0.229023 -0.812505
    43 0.955566 -0.000004 0.000000 -0.124329 -0.037101 -0.833108
    44 1.258789 -0.308350 -1.250000 1.086305 0.326416 -0.551995
    45 1.392578 -0.000001 0.000000 -0.000830 -0.001840 0.382344
    46 1.099609 0.000000 -0.000005 -0.008997 -0.009551 0.469381
    47 3.546538 0.208125 1.487114 0.074573 -0.032818 -0.676062
    48 1.218360 -0.000002 0.000000 0.021055 -0.138830 -0.848014
    49 0.679688 0.000006 0.000000 -0.104181 0.098128 -1.071576
    50 3.696249 0.271114 0.723153 0.065650 -0.112146 -0.666608
    51 1.747310 0.000004 0.000000 -0.074580 0.021053 -1.335361
    52 0.959961 0.000004 -0.000001 0.003325 -0.009470 -0.821513
    53 -3.756462 5.577850 2.053357 1.570803 -0.000001 0.000000
    54 -2.735646 -0.081365 5.727119 0.000007 0.000015 1.570796
    55 0.000001 5.662003 -0.974302 1.570804 -0.000001 0.000000
    56 -0.000002 -2.275002 5.113525 0.000000 0.000000 -3.141592
    57 -2.477620 5.416855 4.597564 1.570804 -0.000001 0.000000
    58 -1.515218 1.317776 5.998497 0.000000 0.000000 0.000000
    59 -2.455992 5.657928 -0.087295 1.570804 -0.000001 0.000000
    60 -1.485628 -1.617812 5.263969 0.000000 0.000000 3.141592
    61 3.756460 5.577858 2.053359 1.570803 -0.000001 0.000000
    62 2.735645 -0.081364 5.727116 0.000004 -0.000011 -1.570795
    63 2.477613 5.416855 4.597570 1.570804 -0.000001 0.000000
    64 1.515220 1.317777 5.998508 0.000000 0.000000 0.000000
    65 2.455991 5.657928 -0.087293 1.570804 -0.000001 0.000000
    66 1.485620 -1.617803 5.263973 0.000000 0.000000 -3.141592
    67 4.575642 5.632584 0.000132 0.000000 -1.570771 0.249128
    68 -0.000001 0.314078 5.161098 0.000000 0.000000 0.000000
    69 -0.000001 -0.323108 3.750217 0.000000 0.000000 0.000000
    70 5.734947 1.075212 4.685178 1.570830 -0.000004 -1.321669
    71 -0.753896 0.305901 4.971462 -0.000001 0.000002 0.000000
    72 -1.101006 -0.314705 3.448307 0.000001 0.000001 0.000000
    73 5.809101 -1.029643 4.595047 1.570829 -0.000004 -1.321671
    74 -0.714908 -0.199657 5.028973 0.000000 0.000003 0.000000
    75 -0.282898 -0.851690 4.444889 0.000000 0.000000 0.000000
    76 9.578484 -1.290738 0.000240 0.000000 1.570770 -2.892481
    77 9.369518 -1.236408 1.787905 0.000000 1.570770 -2.892481
    78 9.436707 -1.331719 -1.409029 0.000000 1.570770 -2.892477
    79 5.735191 1.075235 -4.684885 -1.570814 0.000004 1.819923
    80 0.753901 0.305904 4.971474 -0.000001 -0.000002 0.000000
    81 1.101010 -0.314705 3.448315 0.000000 -0.000001 0.000000
    82 5.809341 -1.029617 -4.594752 -1.570814 0.000004 1.819922
    83 0.714908 -0.199655 5.028969 0.000000 -0.000003 0.000000
    84 0.282897 -0.851688 4.444893 0.000000 0.000000 0.000000
  time 54
    0 0.026689 -0.250008 37.595099 1.624101 0.039981 -0.103019
    1 3.983847 0.002149 0.003401 -1.664355 -0.216396 -1.445466
    2 15.938816 -0.000100 -0.000005 -0.000009 -0.000002 0.325821
    3 17.707025 -0.000068 0.000003 -0.173520 -0.139329 -1.181507
    4 6.202515 0.003416 -0.000367 0.020223 -0.027696 -0.402614
    5 -3.983848 0.002149 0.003395 -1.526623 -0.076368 -1.484614
    6 15.938826 -0.000113 -0.000001 0.000002 0.000010 0.287205
    7 17.707031 0.000018 0.000000 0.168486 0.321440 -1.246482
    8 6.202710 0.003078 0.003745 -0.111788 0.023802 -0.468641
    9 -0.000001 4.209253 -1.688832 1.574581 0.087445 1.573619
    10 3.836055 0.000000 0.000000 -0.009144 0.046597 -0.033665
    11 3.617625 -0.000275 -0.000015 -0.010690 -0.036800 -0.022135
    12 7.537925 0.003588 -0.000212 0.028952 0.065392 0.299600
    13 3.181604 -0.002346 0.000028 3.179267 -0.050522 0.188999
    14 2.966416 0.000318 0.000023 0.078255 0.047793 0.147877
    15 2.023770 0.904983 0.850949 1.818553 -1.226598 2.572849
    16 4.980521 0.000781 -0.001089 -1.631030 0.343096 -1.161441
    17 11.119977 0.000007 0.000004 -0.000003 -0.106448 -0.263649
    18 11.205393 -0.000039 0.000000 1.535611 -0.095983 0.101308
    19 3.767578 0.152466 0.071350 0.161511 0.116813 -0.535180
    20 2.037109 0.000002 0.000000 -0.025500 -0.063436 -0.943058
    21 1.066406 -0.000002 0.000000 -0.001546 0.012034 -0.436579
    22 3.783203 -0.017258 0.794434 0.168904 -0.026920 -0.368804
    23 1.627436 0.000008 0.000000 -0.061243 0.003132 -0.834888
    24 0.955566 -0.000002 0.000000 -0.005388 -0.042122 -0.207877
    25 1.258789 -0.297852 1.251953 -1.291947 -0.539750 -0.506113
    26 1.392578 0.000004 -0.000002 0.001372 -0.188351 0.491767
    27 1.099609 0.000000 -0.000002 0.009529 -0.039492 -0.040356
    28 3.548828 0.198730 -1.489258 0.122068 0.218121 -0.679759
    29 1.218362 0.000000 0.000000 0.002959 0.019938 -1.051712
    30 0.679688 -0.000006 0.000004 0.028392 -0.181320 -0.761972
    31 3.697042 0.266204 -0.725138 0.148081 0.167551 -0.656351
    32 1.747315 -0.000008 -0.000001 -0.016843 -0.101072 -0.899610
    33 0.959961 0.000006 0.000000 -0.001254 0.009906 -0.608350
    34 2.023778 0.904982 -0.850921 -1.378467 1.167548 3.345820
    35 4.981625 0.002227 0.003236 1.370874 0.113952 -0.897850
    36 11.119975 -0.000005 0.000000 0.000001 0.050589 -0.284891
    37 11.205375 0.000073 0.000008 -1.642317 -0.034190 0.278163
    38 3.767578 0.151855 -0.072693 -0.061811 -0.104916 -0.601450
    39 2.036716 -0.000004 0.000000 -0.053356 0.002610 -1.343653
    40 1.063287 -0.000004 0.000001 0.243360 0.222157 -0.479503
    41 3.783203 -0.023941 -0.794434 0.145529 -0.103829 -0.523859
    42 1.628906 -0.000001 0.000002 -0.001787 -0.229023 -0.812505
    43 0.955566 -0.000004 0.000000 -0.124329 -0.037101 -0.833108
    44 1.258789 -0.308350 -1.250000 1.086305 0.326416 -0.551995
    45 1.392578 -0.000001 0.000000 -0.000830 -0.001840 0.382344
    46 1.099609 0.000000 -0.000005 -0.008997 -0.009551 0.469381
    47 3.546538 0.208125 1.487114 0.074616 -0.032902 -0.676110
    48 1.218360 -0.000002 0.000000 0.021055 -0.138830 -0.848014
    49 0.679688 0.000006 0.000000 -0.104181 0.098128 -1.071576
    50 3.696249 0.271114 0.723153 0.065650 -0.112146 -0.666595
    51 1.747310 0.000004 0.000000 -0.074580 0.021053 -1.335361
    52 0.959961 0.000004 -0.000001 0.003325 -0.009470 -0.821513
    53 -3.756462 5.577850 2.053357 1.570803 -0.000001 0.000000
    54 -2.735646 -0.081365 5.727119 0.000007 0.000015 1.570796
    55 0.000001 5.662003 -0.974302 1.570804 -0.000001 0.000000
    56 -0.000002 -2.275002 5.113525 0.000000 0.000000 -3.141592
    57 -2.477620 5.416855 4.597564 1.570804 -0.000001 0.000000
    58 -1.515218 1.317776 5.998497 0.000000 0.000000 0.000000
    59 -2.455992 5.657928 -0.087295 1.570804 -0.000001 0.000000
    60 -1.485628 -1.617812 5.263969 0.000000 0.000000 3.141592
    61 3.756460 5.577858 2.053359 1.570803 -0.000001 0.000000
    62 2.735645 -0.081364 5.727116 0.000004 -0.000011 -1.570795
    63 2.477613 5.416855 4.597570 1.570804 -0.000001 0.000000
    64 1.515220 1.317777 5.998508 0.000000 0.000000 0.000000
    65 2.455991 5.657928 -0.087293 1.570804 -0.000001 0.000000
    66 1.485620 -1.617803 5.263973 0.000000 0.000000 -3.141592
    67 4.575642 5.632584 0.000132 0.000000 -1.570771 0.249128
    68 -0.000001 0.314078 5.161098 0.000000 0.000000 0.000000
    69 -0.000001 -0.323108 3.750217 0.000000 0.000000 0.000000
    70 5.734947 1.075212 4.685178 1.570830 -0.000004 -1.321669
    71 -0.753896 0.305901 4.971462 -0.000001 0.000002 0.000000
    72 -1.101006 -0.314705 3.448307 0.000001 0.000001 0.000000
    73 5.809101 -1.029643 4.595047 1.570829 -0.000004 -1.321671
    74 -0.714908 -0.199657 5.028973 0.000000 0.000003 0.000000
    75 -0.282898 -0.851690 4.444889 0.000000 0.000000 0.000000
    76 9.578484 -1.290738 0.000240 0.000000 1.570770 -2.892481
    77 9.369518 -1.236408 1.787905 0.000000 1.570770 -2.892481
    78 9.436707 -1.331719 -1.409029 0.000000 1.570770 -2.892477
    79 5.735191 1.075235 -4.684885 -1.570814 0.000004 1.819923
    80 0.753901 0.305904 4.971474 -0.000001 -0.000002 0.000000
    81 1.101010 -0.314705 3.448315 0.000000 -0.000001 0.000000
    82 5.809341 -1.029617 -4.594752 -1.570814 0.000004 1.819922
    83 0.714908 -0.199655 5.028969 0.000000 -0.000003 0.000000
    84 0.282897 -0.851688 4.444893 0.000000 0.000000 0.000000
  time 55
    0 0.018876 -0.250008 37.595099 1.623958 0.040064 -0.102188
    1 3.983847 0.002149 0.003401 -1.664070 -0.216619 -1.445288
    2 15.938816 -0.000100 -0.000005 -0.000009 -0.000002 0.326394
    3 17.707025 -0.000068 0.000003 -0.173492 -0.138884 -1.181782
    4 6.202515 0.003416 -0.000367 0.020223 -0.027696 -0.402614
    5 -3.983848 0.002149 0.003395 -1.525954 -0.076025 -1.484240
    6 15.938826 -0.000113 -0.000001 0.000002 0.000010 0.287457
    7 17.707031 0.000018 0.000000 0.168373 0.321601 -1.246839
    8 6.202710 0.003078 0.003745 -0.111788 0.023802 -0.468641
    9 -0.000001 4.209253 -1.688832 1.574246 0.087748 1.572660
    10 3.836055 0.000000 0.000000 -0.009384 0.046837 -0.033557
    11 3.617625 -0.000275 -0.000015 -0.011049 -0.037100 -0.022121
    12 7.537925 0.003588 -0.000212 0.028509 0.066566 0.299612
    13 3.181604 -0.002346 0.000028 3.178787 -0.049995 0.188676
    14 2.966416 0.000318 0.000023 0.078387 0.048656 0.147513
    15 2.023770 0.904983 0.850949 1.821703 -1.226639 2.569858
    16 4.980521 0.000781 -0.001089 -1.630049 0.343096 -1.161156
    17 11.119977 0.000007 0.000004 -0.000003 -0.106448 -0.268452
    18 11.205393 -0.000039 0.000000 1.534219 -0.095448 0.101631
    19 3.767578 0.152466 0.071350 0.161511 0.116813 -0.535180
    20 2.037109 0.000002 0.000000 -0.025500 -0.063436 -0.943058
    21 1.066406 -0.000002 0.000000 -0.001546 0.012034 -0.436579
    22 3.783203 -0.017258 0.794434 0.168904 -0.026920 -0.368804
    23 1.627436 0.000008 0.000000 -0.061243 0.003132 -0.834888
    24 0.955566 -0.000002 0.000000 -0.005388 -0.042122 -0.207877
    25 1.258789 -0.297852 1.251953 -1.291947 -0.539750 -0.506113
    26 1.392578 0.000004 -0.000002 0.001372 -0.188351 0.491767
    27 1.099609 0.000000 -0.000002 0.009529 -0.039492 -0.040356
    28 3.548828 0.198730 -1.489258 0.122068 0.218121 -0.679759
    29 1.218362 0.000000 0.000000 0.002959 0.019938 -1.051740
    30 0.679688 -0.000006 0.000004 0.028392 -0.181320 -0.761972
    31 3.697042 0.266204 -0.725138 0.148081 0.167551 -0.656351
    32 1.747315 -0.000008 -0.000001 -0.016843 -0.101072 -0.899610
    33 0.959961 0.000006 0.000000 -0.001254 0.009906 -0.608350
    34 2.023778 0.904982 -0.850921 -1.379354 1.166897 3.345188
    35 4.981625 0.002227 0.003236 1.371081 0.114529 -0.898232
    36 11.119975 -0.000005 0.000000 0.000001 0.050589 -0.285837
    37 11.205375 0.000073 0.000008 -1.640217 -0.033746 0.278510
    38 3.767578 0.151855 -0.072693 -0.061811 -0.104916 -0.601450
    39 2.036716 -0.000004 0.000000 -0.053356 0.002610 -1.343653
    40 1.063287 -0.000004 0.000001 0.243360 0.222157 -0.479503
    41 3.783203 -0.023941 -0.794434 0.145529 -0.103829 -0.523859
    42 1.628906 -0.000001 0.000002 -0.001787 -0.229023 -0.812505
    43 0.955566 -0.000004 0.000000 -0.124329 -0.037101 -0.833108
    44 1.258789 -0.308350 -1.250000 1.086305 0.326416 -0.551995
    45 1.392578 -0.000001 0.000000 -0.000830 -0.001840 0.382344
    46 1.099609 0.000000 -0.000005 -0.008997 -0.009551 0.469381
    47 3.546538 0.208125 1.487114 0.074616 -0.032926 -0.676230
    48 1.218360 -0.000002 0.000000 0.021055 -0.138830 -0.848014
    49 0.679688 0.000006 0.000000 -0.104181 0.098128 -1.071576
    50 3.696249 0.271114 0.723153 0.065650 -0.112146 -0.666608
    51 1.747310 0.000004 0.000000 -0.074580 0.021053 -1.335361
    52 0.959961 0.000004 -0.000001 0.003325 -0.009470 -0.821513
    53 -3.756462 5.577850 2.053357 1.570803 -0.000001 0.000000
    54 -2.735646 -0.081365 5.727119 0.000007 0.000015 1.570796
    55 0.000001 5.662003 -0.974302 1.570804 -0.000001 0.000000
    56 -0.000002 -2.275002 5.113525 0.000000 0.000000 -3.141592
    57 -2.477620 5.416855 4.597564 1.570804 -0.000001 0.000000
    58 -1.515218 1.317776 5.998497 0.000000 0.000000 0.000000
    59 -2.455992 5.657928 -0.087295 1.570804 -0.000001 0.000000
    60 -1.485628 -1.617812 5.263969 0.000000 0.000000 3.141592
    61 3.756460 5.577858 2.053359 1.570803 -0.000001 0.000000
    62 2.735645 -0.081364 5.727116 0.000004 -0.000011 -1.570795
    63 2.477613 5.416855 4.597570 1.570804 -0.000001 0.000000
    64 1.515220 1.317777 5.998508 0.000000 0.000000 0.000000
    65 2.455991 5.657928 -0.087293 1.570804 -0.000001 0.000000
    66 1.485620 -1.617803 5.263973 0.000000 0.000000 -3.141592
    67 4.575642 5.632584 0.000132 0.000000 -1.570771 0.249128
    68 -0.000001 0.314078 5.161098 0.000000 0.000000 0.000000
    69 -0.000001 -0.323108 3.750217 0.000000 0.000000 0.000000
    70 5.734947 1.075212 4.685178 1.570830 -0.000004 -1.321669
    71 -0.753896 0.305901 4.971462 -0.000001 0.000002 0.000000
    72 -1.101006 -0.314705 3.448307 0.000001 0.000001 0.000000
    73 5.809101 -1.029643 4.595047 1.570829 -0.000004 -1.321671
    74 -0.714908 -0.199657 5.028973 0.000000 0.000003 0.000000
    75 -0.282898 -0.851690 4.444889 0.000000 0.000000 0.000000
    76 9.578484 -1.290738 0.000240 0.000000 1.570770 -2.892481
    77 9.369518 -1.236408 1.787905 0.000000 1.570770 -2.892481
    78 9.436707 -1.331719 -1.409029 0.000000 1.570770 -2.892477
    79 5.735191 1.075235 -4.684885 -1.570814 0.000004 1.819923
    80 0.753901 0.305904 4.971474 -0.000001 -0.000002 0.000000
    81 1.101010 -0.314705 3.448315 0.000000 -0.000001 0.000000
    82 5.809341 -1.029617 -4.594752 -1.570814 0.000004 1.819922
    83 0.714908 -0.199655 5.028969 0.000000 -0.000003 0.000000
    84 0.282897 -0.851688 4.444893 0.000000 0.000000 0.000000
  time 56
    0 0.014970 -0.253914 37.595099 1.623766 0.040017 -0.102188
    1 3.983847 0.002149 0.003401 -1.663880 -0.216708 -1.445377
    2 15.938816 -0.000100 -0.000005 -0.000009 -0.000002 0.326841
    3 17.707025 -0.000068 0.000003 -0.173630 -0.139011 -1.181965
    4 6.202515 0.003416 -0.000367 0.020283 -0.027684 -0.402475
    5 -3.983848 0.002149 0.003395 -1.526050 -0.076025 -1.484333
    6 15.938826 -0.000113 -0.000001 0.000002 0.000010 0.287772
    7 17.707031 0.000018 0.000000 0.168260 0.321619 -1.247034
    8 6.202710 0.003078 0.003745 -0.111788 0.023802 -0.468641
    9 -0.000001 4.209253 -1.688832 1.574102 0.088091 1.571893
    10 3.836055 0.000000 0.000000 -0.009636 0.047328 -0.033450
    11 3.617625 -0.000275 -0.000015 -0.011217 -0.037232 -0.022121
    12 7.537925 0.003588 -0.000212 0.028305 0.066962 0.299612
    13 3.181604 -0.002346 0.000028 3.179267 -0.049731 0.188184
    14 2.966416 0.000318 0.000023 0.078207 0.049039 0.147786
    15 2.023770 0.904983 0.850949 1.823753 -1.226761 2.567954
    16 4.980521 0.000781 -0.001089 -1.631598 0.343804 -1.159250
    17 11.119977 0.000007 0.000004 -0.000003 -0.106448 -0.276057
    18 11.205393 -0.000039 0.000000 1.531962 -0.095485 0.103597
    19 3.767578 0.152466 0.071350 0.161511 0.116813 -0.535180
    20 2.037109 0.000002 0.000000 -0.025500 -0.063436 -0.943058
    21 1.066406 -0.000002 0.000000 -0.001546 0.012034 -0.436579
    22 3.783203 -0.017258 0.794434 0.168904 -0.026920 -0.368804
    23 1.627436 0.000008 0.000000 -0.061243 0.003132 -0.834912
    24 0.955566 -0.000002 0.000000 -0.005388 -0.042122 -0.207877
    25 1.258789 -0.297852 1.251953 -1.291947 -0.539750 -0.506113
    26 1.392578 0.000004 -0.000002 0.001372 -0.188351 0.491767
    27 1.099609 0.000000 -0.000002 0.009529 -0.039492 -0.040356
    28 3.548828 0.198730 -1.489258 0.122068 0.218121 -0.679759
    29 1.218362 0.000000 0.000000 0.002959 0.019938 -1.051712
    30 0.679688 -0.000006 0.000004 0.028392 -0.181320 -0.761972
    31 3.697042 0.266204 -0.725138 0.148081 0.167551 -0.656351
    32 1.747315 -0.000008 -0.000001 -0.016831 -0.101072 -0.899610
    33 0.959961 0.000006 0.000000 -0.001254 0.009906 -0.608350
    34 2.023778 0.904982 -0.850921 -1.379824 1.166490 3.344465
    35 4.981625 0.002227 0.003236 1.371958 0.114584 -0.898908
    36 11.119975 -0.000005 0.000000 0.000001 0.050589 -0.286972
    37 11.205375 0.000073 0.000008 -1.636877 -0.031889 0.276005
    38 3.767578 0.151855 -0.072693 -0.061811 -0.104916 -0.601450
    39 2.036716 -0.000004 0.000000 -0.053356 0.002610 -1.343653
    40 1.063287 -0.000004 0.000001 0.243360 0.222157 -0.479503
    41 3.783203 -0.023941 -0.794434 0.145529 -0.103829 -0.523859
    42 1.628906 -0.000001 0.000002 -0.001787 -0.229023 -0.812505
    43 0.955566 -0.000004 0.000000 -0.124329 -0.037101 -0.833108
    44 1.258789 -0.308350 -1.250000 1.086305 0.326416 -0.551995
    45 1.392578 -0.000001 0.000000 -0.000830 -0.001840 0.382344
    46 1.099609 0.000000 -0.000005 -0.008997 -0.009551 0.469381
    47 3.546538 0.208125 1.487114 0.074486 -0.032842 -0.676625
    48 1.218360 -0.000002 0.000000 0.021055 -0.138830 -0.848014
    49 0.679688 0.000006 0.000000 -0.104181 0.098128 -1.071576
    50 3.696249 0.271114 0.723153 0.065650 -0.112146 -0.666595
    51 1.747310 0.000004 0.000000 -0.074580 0.021053 -1.335361
    52 0.959961 0.000004 -0.000001 0.003325 -0.009470 -0.821513
    53 -3.756462 5.577850 2.053357 1.570803 -0.000001 0.000000
    54 -2.735646 -0.081365 5.727119 0.000007 0.000015 1.570796
    55 0.000001 5.662003 -0.974302 1.570804 -0.000001 0.000000
    56 -0.000002 -2.275002 5.113525 0.000000 0.000000 -3.141592
    57 -2.477620 5.416855 4.597564 1.570804 -0.000001 0.000000
    58 -1.515218 1.317776 5.998497 0.000000 0.000000 0.000000
    59 -2.455992 5.657928 -0.087295 1.570804 -0.000001 0.000000
    60 -1.485628 -1.617812 5.263969 0.000000 0.000000 3.141592
    61 3.756460 5.577858 2.053359 1.570803 -0.000001 0.000000
    62 2.735645 -0.081364 5.727116 0.000004 -0.000011 -1.570795
    63 2.477613 5.416855 4.597570 1.570804 -0.000001 0.000000
    64 1.515220 1.317777 5.998508 0.000000 0.000000 0.000000
    65 2.455991 5.657928 -0.087293 1.570804 -0.000001 0.000000
    66 1.485620 -1.617803 5.263973 0.000000 0.000000 -3.141592
    67 4.575642 5.632584 0.000132 0.000000 -1.570771 0.249128
    68 -0.000001 0.314078 5.161098 0.000000 0.000000 0.000000
    69 -0.000001 -0.323108 3.750217 0.000000 0.000000 0.000000
    70 5.734947 1.075212 4.685178 1.570830 -0.000004 -1.321669
    71 -0.753896 0.305901 4.971462 -0.000001 0.000002 0.000000
    72 -1.101006 -0.314705 3.448307 0.000001 0.000001 0.000000
    73 5.809101 -1.029643 4.595047 1.570829 -0.000004 -1.321671
    74 -0.714908 -0.199657 5.028973 0.000000 0.000003 0.000000
    75 -0.282898 -0.851690 4.444889 0.000000 0.000000 0.000000
    76 9.578484 -1.290738 0.000240 0.000000 1.570770 -2.892481
    77 9.369518 -1.236408 1.787905 0.000000 1.570770 -2.892481
    78 9.436707 -1.331719 -1.409029 0.000000 1.570770 -2.892477
    79 5.735191 1.075235 -4.684885 -1.570814 0.000004 1.819923
    80 0.753901 0.305904 4.971474 -0.000001 -0.000002 0.000000
    81 1.101010 -0.314705 3.448315 0.000000 -0.000001 0.000000
    82 5.809341 -1.029617 -4.594752 -1.570814 0.000004 1.819922
    83 0.714908 -0.199655 5.028969 0.000000 -0.000003 0.000000
    84 0.282897 -0.851688 4.444893 0.000000 0.000000 0.000000
  time 57
    0 0.014970 -0.253914 37.595099 1.623670 0.039981 -0.102763
    1 3.983847 0.002149 0.003401 -1.664165 -0.216441 -1.445288
    2 15.938816 -0.000100 -0.000005 -0.000009 -0.000002 0.327159
    3 17.707025 -0.000068 0.000003 -0.173767 -0.139329 -1.182271
    4 6.202515 0.003416 -0.000367 0.020283 -0.027684 -0.402475
    5 -3.983848 0.002149 0.003395 -1.526336 -0.076068 -1.484333
    6 15.938826 -0.000113 -0.000001 0.000002 0.000010 0.288213
    7 17.707031 0.000018 0.000000 0.168146 0.321422 -1.247390
    8 6.202710 0.003078 0.003745 -0.111788 0.023802 -0.468641
    9 -0.000001 4.209253 -1.688832 1.574054 0.088273 1.571606
    10 3.836055 0.000000 0.000000 -0.009828 0.048047 -0.033330
    11 3.617625 -0.000275 -0.000015 -0.011169 -0.037591 -0.021995
    12 7.537925 0.003588 -0.000212 0.028245 0.066854 0.299600
    13 3.181604 -0.002346 0.000028 3.179362 -0.050079 0.187729
    14 2.966416 0.000318 0.000023 0.077788 0.048812 0.148421
    15 2.023770 0.904983 0.850949 1.823903 -1.226517 2.567682
    16 4.980521 0.000781 -0.001089 -1.634797 0.344344 -1.156718
    17 11.119977 0.000007 0.000004 -0.000003 -0.106448 -0.283719
    18 11.205393 -0.000039 0.000000 1.529081 -0.096482 0.106126
    19 3.767578 0.152466 0.071350 0.161511 0.116813 -0.535180
    20 2.037109 0.000002 0.000000 -0.025500 -0.063436 -0.943058
    21 1.066406 -0.000002 0.000000 -0.001546 0.012034 -0.436579
    22 3.783203 -0.017258 0.794434 0.168904 -0.026920 -0.368804
    23 1.627436 0.000008 0.000000 -0.061243 0.003132 -0.834888
    24 0.955566 -0.000002 0.000000 -0.005388 -0.042122 -0.207877
    25 1.258789 -0.297852 1.251953 -1.291947 -0.539750 -0.506113
    26 1.392578 0.000004 -0.000002 0.001372 -0.188351 0.491767
    27 1.099609 0.000000 -0.000002 0.009529 -0.039492 -0.040356
    28 3.548828 0.198730 -1.489258 0.122068 0.218121 -0.679759
    29 1.218362 0.000000 0.000000 0.002959 0.019938 -1.051712
    30 0.679688 -0.000006 0.000004 0.028392 -0.181320 -0.761972
    31 3.697042 0.266204 -0.725138 0.148081 0.167551 -0.656351
    32 1.747315 -0.000008 -0.000001 -0.016831 -0.101072 -0.899610
    33 0.959961 0.000006 0.000000 -0.001254 0.009906 -0.608350
    34 2.023778 0.904982 -0.850921 -1.379928 1.166653 3.344556
    35 4.981625 0.002227 0.003236 1.372525 0.114474 -0.899760
    36 11.119975 -0.000005 0.000000 0.000001 0.050589 -0.288171
    37 11.205375 0.000073 0.000008 -1.633202 -0.029348 0.271475
    38 3.767578 0.151855 -0.072693 -0.061811 -0.104916 -0.601450
    39 2.036716 -0.000004 0.000000 -0.053356 0.002610 -1.343653
    40 1.063287 -0.000004 0.000001 0.243360 0.222157 -0.479503
    41 3.783203 -0.023941 -0.794434 0.145529 -0.103829 -0.523859
    42 1.628906 -0.000001 0.000002 -0.001787 -0.229023 -0.812505
    43 0.955566 -0.000004 0.000000 -0.124329 -0.037101 -0.833108
    44 1.258789 -0.308350 -1.250000 1.086305 0.326416 -0.551995
    45 1.392578 -0.000001 0.000000 -0.000830 -0.001840 0.382344
    46 1.099609 0.000000 -0.000005 -0.008997 -0.009551 0.469381
    47 3.546538 0.208125 1.487114 0.074329 -0.032722 -0.677021
    48 1.218360 -0.000002 0.000000 0.021055 -0.138830 -0.848014
    49 0.679688 0.000006 0.000000 -0.104181 0.098128 -1.071576
    50 3.696249 0.271114 0.723153 0.065650 -0.112146 -0.666595
    51 1.747310 0.000004 0.000000 -0.074580 0.021053 -1.335361
    52 0.959961 0.000004 -0.000001 0.003325 -0.009470 -0.821513
    53 -3.756462 5.577850 2.053357 1.570803 -0.000001 0.000000
    54 -2.735646 -0.081365 5.727119 0.000007 0.000015 1.570796
    55 0.000001 5.662003 -0.974302 1.570804 -0.000001 0.000000
    56 -0.000002 -2.275002 5.113525 0.000000 0.000000 -3.141592
    57 -2.477620 5.416855 4.597564 1.570804 -0.000001 0.000000
    58 -1.515218 1.317776 5.998497 0.000000 0.000000 0.000000
    59 -2.455992 5.657928 -0.087295 1.570804 -0.000001 0.000000
    60 -1.485628 -1.617812 5.263969 0.000000 0.000000 3.141592
    61 3.756460 5.577858 2.053359 1.570803 -0.000001 0.000000
    62 2.735645 -0.081364 5.727116 0.000004 -0.000011 -1.570795
    63 2.477613 5.416855 4.597570 1.570804 -0.000001 0.000000
    64 1.515220 1.317777 5.998508 0.000000 0.000000 0.000000
    65 2.455991 5.657928 -0.087293 1.570804 -0.000001 0.000000
    66 1.485620 -1.617803 5.263973 0.000000 0.000000 -3.141592
    67 4.575642 5.632584 0.000132 0.000000 -1.570771 0.249128
    68 -0.000001 0.314078 5.161098 0.000000 0.000000 0.000000
    69 -0.000001 -0.323108 3.750217 0.000000 0.000000 0.000000
    70 5.734947 1.075212 4.685178 1.570830 -0.000004 -1.321669
    71 -0.753896 0.305901 4.971462 -0.000001 0.000002 0.000000
    72 -1.101006 -0.314705 3.448307 0.000001 0.000001 0.000000
    73 5.809101 -1.029643 4.595047 1.570829 -0.000004 -1.321671
    74 -0.714908 -0.199657 5.028973 0.000000 0.000003 0.000000
    75 -0.282898 -0.851690 4.444889 0.000000 0.000000 0.000000
    76 9.578484 -1.290738 0.000240 0.000000 1.570770 -2.892481
    77 9.369518 -1.236408 1.787905 0.000000 1.570770 -2.892481
    78 9.436707 -1.331719 -1.409029 0.000000 1.570770 -2.892477
    79 5.735191 1.075235 -4.684885 -1.570814 0.000004 1.819923
    80 0.753901 0.305904 4.971474 -0.000001 -0.000002 0.000000
    81 1.101010 -0.314705 3.448315 0.000000 -0.000001 0.000000
    82 5.809341 -1.029617 -4.594752 -1.570814 0.000004 1.819922
    83 0.714908 -0.199655 5.028969 0.000000 -0.000003 0.000000
    84 0.282897 -0.851688 4.444893 0.000000 0.000000 0.000000
  time 58
    0 0.018876 -0.253914 37.595099 1.623382 0.040017 -0.103849
    1 3.983847 0.002149 0.003401 -1.664925 -0.216263 -1.445019
    2 15.938816 -0.000100 -0.000005 -0.000009 -0.000002 0.327606
    3 17.707025 -0.000068 0.000003 -0.173877 -0.139520 -1.182577
    4 6.202515 0.003416 -0.000367 0.020283 -0.027684 -0.402475
    5 -3.983848 0.002149 0.003395 -1.527005 -0.076068 -1.484427
    6 15.938826 -0.000113 -0.000001 0.000002 0.000010 0.288654
    7 17.707031 0.000018 0.000000 0.167988 0.321119 -1.247553
    8 6.202710 0.003078 0.003745 -0.111788 0.023802 -0.468759
    9 -0.000001 4.209253 -1.688832 1.574102 0.088556 1.571702
    10 3.836055 0.000000 0.000000 -0.009887 0.048659 -0.033210
    11 3.617625 -0.000275 -0.000015 -0.010906 -0.037951 -0.021995
    12 7.537925 0.003588 -0.000212 0.028329 0.066590 0.299719
    13 3.181604 -0.002346 0.000028 3.179458 -0.050906 0.187201
    14 2.966416 0.000318 0.000023 0.077656 0.048620 0.149238
    15 2.023770 0.904983 0.850949 1.823453 -1.226191 2.568045
    16 4.980521 0.000781 -0.001089 -1.638048 0.344445 -1.154271
    17 11.119977 0.000007 0.000004 -0.000003 -0.106448 -0.289894
    18 11.205393 -0.000039 0.000000 1.525623 -0.099912 0.109373
    19 3.767578 0.152466 0.071350 0.161511 0.116813 -0.535180
    20 2.037109 0.000002 0.000000 -0.025500 -0.063436 -0.943058
    21 1.066406 -0.000002 0.000000 -0.001546 0.012034 -0.436579
    22 3.783203 -0.017258 0.794434 0.168904 -0.026920 -0.368804
    23 1.627436 0.000008 0.000000 -0.061243 0.003132 -0.834888
    24 0.955566 -0.000002 0.000000 -0.005388 -0.042122 -0.207877
    25 1.258789 -0.297852 1.251953 -1.291947 -0.539750 -0.506113
    26 1.392578 0.000004 -0.000002 0.001372 -0.188351 0.491767
    27 1.099609 0.000000 -0.000002 0.009529 -0.039492 -0.040356
    28 3.548828 0.198730 -1.489258 0.122068 0.218121 -0.679759
    29 1.218362 0.000000 0.000000 0.002959 0.019938 -1.051712
    30 0.679688 -0.000006 0.000004 0.028392 -0.181320 -0.761972
    31 3.697042 0.266204 -0.725138 0.148081 0.167551 -0.656351
    32 1.747315 -0.000008 -0.000001 -0.016831 -0.101072 -0.899610
    33 0.959961 0.000006 0.000000 -0.001254 0.009906 -0.608350
    34 2.023778 0.904982 -0.850921 -1.379928 1.166978 3.344465
    35 4.981625 0.002227 0.003236 1.372267 0.114749 -0.900436
    36 11.119975 -0.000005 0.000000 0.000001 0.050589 -0.289306
    37 11.205375 0.000073 0.000008 -1.630339 -0.028401 0.268791
    38 3.767578 0.151855 -0.072693 -0.061811 -0.104916 -0.601450
    39 2.036716 -0.000004 0.000000 -0.053356 0.002610 -1.343653
    40 1.063287 -0.000004 0.000001 0.243360 0.222157 -0.479503
    41 3.783203 -0.023941 -0.794434 0.145529 -0.103829 -0.523859
    42 1.628906 -0.000001 0.000002 -0.001787 -0.229023 -0.812505
    43 0.955566 -0.000004 0.000000 -0.124329 -0.037101 -0.833108
    44 1.258789 -0.308350 -1.250000 1.086305 0.326416 -0.551995
    45 1.392578 -0.000001 0.000000 -0.000830 -0.001840 0.382344
    46 1.099609 0.000000 -0.000005 -0.008997 -0.009551 0.469381
    47 3.546538 0.208125 1.487114 0.074214 -0.032686 -0.677369
    48 1.218360 -0.000002 0.000000 0.021055 -0.138830 -0.848014
    49 0.679688 0.000006 0.000000 -0.104181 0.098128 -1.071576
    50 3.696249 0.271114 0.723153 0.065650 -0.112146 -0.666595
    51 1.747310 0.000004 0.000000 -0.074580 0.021053 -1.335361
    52 0.959961 0.000004 -0.000001 0.003325 -0.009470 -0.821513
    53 -3.756462 5.577850 2.053357 1.570803 -0.000001 0.000000
    54 -2.735646 -0.081365 5.727119 0.000007 0.000015 1.570796
    55 0.000001 5.662003 -0.974302 1.570804 -0.000001 0.000000
    56 -0.000002 -2.275002 5.113525 0.000000 0.000000 -3.141592
    57 -2.477620 5.416855 4.597564 1.570804 -0.000001 0.000000
    58 -1.515218 1.317776 5.998497 0.000000 0.000000 0.000000
    59 -2.455992 5.657928 -0.087295 1.570804 -0.000001 0.000000
    60 -1.485628 -1.617812 5.263969 0.000000 0.000000 3.141592
    61 3.756460 5.577858 2.053359 1.570803 -0.000001 0.000000
    62 2.735645 -0.081364 5.727116 0.000004 -0.000011 -1.570795
    63 2.477613 5.416855 4.597570 1.570804 -0.000001 0.000000
    64 1.515220 1.317777 5.998508 0.000000 0.000000 0.000000
    65 2.455991 5.657928 -0.087293 1.570804 -0.000001 0.000000
    66 1.485620 -1.617803 5.263973 0.000000 0.000000 -3.141592
    67 4.575642 5.632584 0.000132 0.000000 -1.570771 0.249128
    68 -0.000001 0.314078 5.161098 0.000000 0.000000 0.000000
    69 -0.000001 -0.323108 3.750217 0.000000 0.000000 0.000000
    70 5.734947 1.075212 4.685178 1.570830 -0.000004 -1.321669
    71 -0.753896 0.305901 4.971462 -0.000001 0.000002 0.000000
    72 -1.101006 -0.314705 3.448307 0.000001 0.000001 0.000000
    73 5.809101 -1.029643 4.595047 1.570829 -0.000004 -1.321671
    74 -0.714908 -0.199657 5.028973 0.000000 0.000003 0.000000
    75 -0.282898 -0.851690 4.444889 0.000000 0.000000 0.000000
    76 9.578484 -1.290738 0.000240 0.000000 1.570770 -2.892481
    77 9.369518 -1.236408 1.787905 0.000000 1.570770 -2.892481
    78 9.436707 -1.331719 -1.409029 0.000000 1.570770 -2.892477
    79 5.735191 1.075235 -4.684885 -1.570814 0.000004 1.819923
    80 0.753901 0.305904 4.971474 -0.000001 -0.000002 0.000000
    81 1.101010 -0.314705 3.448315 0.000000 -0.000001 0.000000
    82 5.809341 -1.029617 -4.594752 -1.570814 0.000004 1.819922
    83 0.714908 -0.199655 5.028969 0.000000 -0.000003 0.000000
    84 0.282897 -0.851688 4.444893 0.000000 0.000000 0.000000
  time 59
    0 0.018876 -0.253914 37.595099 1.623238 0.040017 -0.104808
    1 3.983847 0.002149 0.003401 -1.665970 -0.216040 -1.444930
    2 15.938816 -0.000100 -0.000005 -0.000009 -0.000002 0.328116
    3 17.707025 -0.000068 0.000003 -0.173795 -0.139499 -1.182883
    4 6.202515 0.003416 -0.000367 0.020283 -0.027684 -0.402475
    5 -3.983848 0.002149 0.003395 -1.527578 -0.076282 -1.484521
    6 15.938826 -0.000113 -0.000001 0.000002 0.000010 0.289158
    7 17.707031 0.000018 0.000000 0.167829 0.320744 -1.247715
    8 6.202710 0.003078 0.003745 -0.111788 0.023802 -0.468641
    9 -0.000001 4.209253 -1.688832 1.574246 0.088616 1.572133
    10 3.836055 0.000000 0.000000 -0.009899 0.049102 -0.033090
    11 3.617625 -0.000275 -0.000015 -0.010666 -0.038263 -0.021882
    12 7.537925 0.003588 -0.000212 0.028401 0.066207 0.299839
    13 3.181604 -0.002346 0.000028 3.179171 -0.052200 0.186686
    14 2.966416 0.000318 0.000023 0.078015 0.048968 0.150010
    15 2.023770 0.904983 0.850949 1.822953 -1.225865 2.568498
    16 4.980521 0.000781 -0.001089 -1.640164 0.344749 -1.152307
    17 11.119977 0.000007 0.000004 -0.000003 -0.106448 -0.293610
    18 11.205393 -0.000039 0.000000 1.525335 -0.102503 0.111806
    19 3.767578 0.152466 0.071350 0.161511 0.116813 -0.535180
    20 2.037109 0.000002 0.000000 -0.025500 -0.063436 -0.943058
    21 1.066406 -0.000002 0.000000 -0.001546 0.012034 -0.436579
    22 3.783203 -0.017258 0.794434 0.168904 -0.026920 -0.368804
    23 1.627436 0.000008 0.000000 -0.061243 0.003132 -0.834888
    24 0.955566 -0.000002 0.000000 -0.005388 -0.042122 -0.207877
    25 1.258789 -0.297852 1.251953 -1.291947 -0.539750 -0.506113
    26 1.392578 0.000004 -0.000002 0.001372 -0.188351 0.491767
    27 1.099609 0.000000 -0.000002 0.009529 -0.039492 -0.040356
    28 3.548828 0.198730 -1.489258 0.122068 0.218121 -0.679759
    29 1.218362 0.000000 0.000000 0.002959 0.019938 -1.051740
    30 0.679688 -0.000006 0.000004 0.028392 -0.181320 -0.761972
    31 3.697042 0.266204 -0.725138 0.148081 0.167551 -0.656351
    32 1.747315 -0.000008 -0.000001 -0.016831 -0.101072 -0.899610
    33 0.959961 0.000006 0.000000 -0.001254 0.009906 -0.608350
    34 2.023778 0.904982 -0.850921 -1.380398 1.167630 3.344104
    35 4.981625 0.002227 0.003236 1.371442 0.115381 -0.900994
    36 11.119975 -0.000005 0.000000 0.000001 0.050589 -0.290125
    37 11.205375 0.000073 0.000008 -1.629146 -0.028485 0.268096
    38 3.767578 0.151855 -0.072693 -0.061811 -0.104916 -0.601450
    39 2.036716 -0.000004 0.000000 -0.053356 0.002610 -1.343653
    40 1.063287 -0.000004 0.000001 0.243360 0.222157 -0.479503
    41 3.783203 -0.023941 -0.794434 0.145529 -0.103829 -0.523859
    42 1.628906 -0.000001 0.000002 -0.001787 -0.229023 -0.812505
    43 0.955566 -0.000004 0.000000 -0.124329 -0.037101 -0.833108
    44 1.258789 -0.308350 -1.250000 1.086305 0.326416 -0.551995
    45 1.392578 -0.000001 0.000000 -0.000830 -0.001840 0.382344
    46 1.099609 0.000000 -0.000005 -0.008997 -0.009551 0.469381
    47 3.546538 0.208125 1.487114 0.074214 -0.032710 -0.677488
    48 1.218360 -0.000002 0.000000 0.021055 -0.138830 -0.848014
    49 0.679688 0.000006 0.000000 -0.104181 0.098128 -1.071576
    50 3.696249 0.271114 0.723153 0.065650 -0.112146 -0.666595
    51 1.747310 0.000004 0.000000 -0.074580 0.021053 -1.335361
    52 0.959961 0.000004 -0.000001 0.003325 -0.009470 -0.821513
    53 -3.756462 5.577850 2.053357 1.570803 -0.000001 0.000000
    54 -2.735646 -0.081365 5.727119 0.000007 0.000015 1.570796
    55 0.000001 5.662003 -0.974302 1.570804 -0.000001 0.000000
    56 -0.000002 -2.275002 5.113525 0.000000 0.000000 -3.141592
    57 -2.477620 5.416855 4.597564 1.570804 -0.000001 0.000000
    58 -1.515218 1.317776 5.998497 0.000000 0.000000 0.000000
    59 -2.455992 5.657928 -0.087295 1.570804 -0.000001 0.000000
    60 -1.485628 -1.617812 5.263969 0.000000 0.000000 3.141592
    61 3.756460 5.577858 2.053359 1.570803 -0.000001 0.000000
    62 2.735645 -0.081364 5.727116 0.000004 -0.000011 -1.570795
    63 2.477613 5.416855 4.597570 1.570804 -0.000001 0.000000
    64 1.515220 1.317777 5.998508 0.000000 0.000000 0.000000
    65 2.455991 5.657928 -0.087293 1.570804 -0.000001 0.000000
    66 1.485620 -1.617803 5.263973 0.000000 0.000000 -3.141592
    67 4.575642 5.632584 0.000132 0.000000 -1.570771 0.249128
    68 -0.000001 0.314078 5.161098 0.000000 0.000000 0.000000
    69 -0.000001 -0.323108 3.750217 0.000000 0.000000 0.000000
    70 5.734947 1.075212 4.685178 1.570830 -0.000004 -1.321669
    71 -0.753896 0.305901 4.971462 -0.000001 0.000002 0.000000
    72 -1.101006 -0.314705 3.448307 0.000001 0.000001 0.000000
    73 5.809101 -1.029643 4.595047 1.570829 -0.000004 -1.321671
    74 -0.714908 -0.199657 5.028973 0.000000 0.000003 0.000000
    75 -0.282898 -0.851690 4.444889 0.000000 0.000000 0.000000
    76 9.578484 -1.290738 0.000240 0.000000 1.570770 -2.892481
    77 9.369518 -1.236408 1.787905 0.000000 1.570770 -2.892481
    78 9.436707 -1.331719 -1.409029 0.000000 1.570770 -2.892477
    79 5.735191 1.075235 -4.684885 -1.570814 0.000004 1.819923
    80 0.753901 0.305904 4.971474 -0.000001 -0.000002 0.000000
    81 1.101010 -0.314705 3.448315 0.000000 -0.000001 0.000000
    82 5.809341 -1.029617 -4.594752 -1.570814 0.000004 1.819922
    83 0.714908 -0.199655 5.028969 0.000000 -0.000003 0.000000
    84 0.282897 -0.851688 4.444893 0.000000 0.000000 0.000000
  time 60
    0 0.022782 -0.250008 37.595099 1.623047 0.039981 -0.105958
    1 3.983847 0.002149 0.003401 -1.667205 -0.215773 -1.444662
    2 15.938816 -0.000100 -0.000005 -0.000009 -0.000002 0.328434
    3 17.707025 -0.000068 0.000003 -0.173630 -0.139414 -1.183189
    4 6.202515 0.003416 -0.000367 0.020223 -0.027696 -0.402614
    5 -3.983848 0.002149 0.003395 -1.528247 -0.076325 -1.484614
    6 15.938826 -0.000113 -0.000001 0.000002 0.000010 0.289472
    7 17.707031 0.000018 0.000000 0.167670 0.320262 -1.247650
    8 6.202710 0.003078 0.003745 -0.111788 0.023802 -0.468641
    9 -0.000001 4.209253 -1.688832 1.574246 0.088798 1.572564
    10 3.836055 0.000000 0.000000 -0.009840 0.049402 -0.033090
    11 3.617625 -0.000275 -0.000015 -0.010354 -0.038382 -0.021882
    12 7.537925 0.003588 -0.000212 0.028568 0.065679 0.300091
    13 3.181604 -0.002346 0.000028 3.179842 -0.053662 0.186147
    14 2.966416 0.000318 0.000023 0.078758 0.049063 0.150146
    15 2.023770 0.904983 0.850949 1.822503 -1.225540 2.568951
    16 4.980521 0.000781 -0.001089 -1.641196 0.345187 -1.150885
    17 11.119977 0.000007 0.000004 -0.000003 -0.106448 -0.295554
    18 11.205393 -0.000039 0.000000 1.526536 -0.102624 0.113951
    19 3.767578 0.152466 0.071350 0.161509 0.116810 -0.535178
    20 2.037109 0.000002 0.000000 -0.025500 -0.063436 -0.943058
    21 1.066406 -0.000004 0.000000 -0.001546 0.012034 -0.436579
    22 3.783203 -0.017258 0.794434 0.168904 -0.026920 -0.368804
    23 1.628906 0.000001 0.000000 -0.061251 0.003142 -0.834908
    24 0.955566 -0.000004 0.000000 -0.005388 -0.042122 -0.207875
    25 1.258789 -0.297852 1.251953 -1.291947 -0.539750 -0.506113
    26 1.392578 0.000001 -0.000004 0.001372 -0.188351 0.491767
    27 1.100942 0.000011 0.000000 0.009521 -0.039488 -0.040345
    28 3.548828 0.198730 -1.489258 0.122069 0.218121 -0.679757
    29 1.218750 0.000002 0.000002 0.002969 0.019929 -1.051738
    30 0.679688 0.000002 0.000004 0.028392 -0.181320 -0.761972
    31 3.697042 0.266204 -0.725138 0.148081 0.167551 -0.656351
    32 1.747315 -0.000008 -0.000001 -0.016831 -0.101072 -0.899631
    33 0.959961 0.000010 0.000001 -0.001254 0.009906 -0.608348
    34 2.023778 0.904982 -0.850921 -1.380815 1.168363 3.343743
    35 4.981625 0.002227 0.003236 1.370307 0.116123 -0.901582
    36 11.119975 -0.000005 0.000000 0.000001 0.050589 -0.290125
    37 11.205375 0.000073 0.000008 -1.629146 -0.027455 0.266873
    38 3.767578 0.151855 -0.072693 -0.061811 -0.104916 -0.601450
    39 2.036716 -0.000004 0.000000 -0.053356 0.002610 -1.343653
    40 1.063287 -0.000004 0.000001 0.243360 0.222169 -0.479551
    41 3.780812 -0.024988 -0.795569 0.145514 -0.103817 -0.523859
    42 1.628906 -0.000002 0.000001 -0.001787 -0.229023 -0.812505
    43 0.955566 -0.000004 0.000000 -0.124329 -0.037101 -0.833108
    44 1.258789 -0.308350 -1.250000 1.086305 0.326419 -0.551994
    45 1.392578 -0.000002 0.000001 -0.000831 -0.001842 0.382344
    46 1.099609 -0.000001 -0.000003 -0.008997 -0.009551 0.469381
    47 3.546538 0.208125 1.487114 0.074156 -0.032674 -0.677656
    48 1.218360 -0.000002 0.000000 0.021043 -0.138818 -0.847983
    49 0.681767 0.000000 -0.000002 -0.104179 0.098121 -1.071555
    50 3.697266 0.273682 0.726563 0.065648 -0.112154 -0.666605
    51 1.747310 0.000004 0.000000 -0.074580 0.021053 -1.335361
    52 0.959961 0.000000 -0.000001 0.003325 -0.009470 -0.821513
    53 -3.756462 5.577850 2.053357 1.570803 -0.000001 0.000000
    54 -2.735646 -0.081365 5.727119 0.000007 0.000015 1.570796
    55 0.000001 5.662003 -0.974302 1.570804 -0.000001 0.000000
    56 -0.000002 -2.275002 5.113525 0.000000 0.000000 -3.141592
    57 -2.477620 5.416855 4.597564 1.570804 -0.000001 0.000000
    58 -1.515218 1.317776 5.998497 0.000000 0.000000 0.000000
    59 -2.455992 5.657928 -0.087295 1.570804 -0.000001 0.000000
    60 -1.485628 -1.617812 5.263969 0.000000 0.000000 3.141592
    61 3.756460 5.577858 2.053359 1.570803 -0.000001 0.000000
    62 2.735645 -0.081364 5.727116 0.000004 -0.000011 -1.570795
    63 2.477613 5.416855 4.597570 1.570804 -0.000001 0.000000
    64 1.515220 1.317777 5.998508 0.000000 0.000000 0.000000
    65 2.455991 5.657928 -0.087293 1.570804 -0.000001 0.000000
    66 1.485620 -1.617803 5.263973 0.000000 0.000000 -3.141592
    67 4.575642 5.632584 0.000132 0.000000 -1.570771 0.249128
    68 -0.000001 0.314078 5.161098 0.000000 0.000000 0.000000
    69 -0.000001 -0.323108 3.750217 0.000000 0.000000 0.000000
    70 5.734947 1.075212 4.685178 1.570830 -0.000004 -1.321669
    71 -0.753896 0.305901 4.971462 -0.000001 0.000002 0.000000
    72 -1.101006 -0.314705 3.448307 0.000001 0.000001 0.000000
    73 5.809101 -1.029643 4.595047 1.570829 -0.000004 -1.321671
    74 -0.714908 -0.199657 5.028973 0.000000 0.000003 0.000000
    75 -0.282898 -0.851690 4.444889 0.000000 0.000000 0.000000
    76 9.578484 -1.290738 0.000240 0.000000 1.570770 -2.892481
    77 9.369518 -1.236408 1.787905 0.000000 1.570770 -2.892481
    78 9.436707 -1.331719 -1.409029 0.000000 1.570770 -2.892477
    79 5.735191 1.075235 -4.684885 -1.570814 0.000004 1.819923
    80 0.753901 0.305904 4.971474 -0.000001 -0.000002 0.000000
    81 1.101010 -0.314705 3.448315 0.000000 -0.000001 0.000000
    82 5.809341 -1.029617 -4.594752 -1.570814 0.000004 1.819922
    83 0.714908 -0.199655 5.028969 0.000000 -0.000003 0.000000
    84 0.282897 -0.851688 4.444893 0.000000 0.000000 0.000000
  time 61
    0 0.030595 -0.250008 37.595099 1.622807 0.039981 -0.106980
    1 3.983847 0.002149 0.003401 -1.668250 -0.215551 -1.444483
    2 15.938816 -0.000100 -0.000005 -0.000009 -0.000002 0.328753
    3 17.707025 -0.000068 0.000003 -0.173520 -0.139435 -1.183342
    4 6.202515 0.003416 -0.000367 0.020223 -0.027696 -0.402614
    5 -3.983848 0.002149 0.003395 -1.528916 -0.076411 -1.484802
    6 15.938826 -0.000113 -0.000001 0.000002 0.000010 0.289913
    7 17.707031 0.000018 0.000000 0.167511 0.319888 -1.247845
    8 6.202710 0.003078 0.003745 -0.111788 0.023802 -0.468759
    9 -0.000001 4.209253 -1.688832 1.574246 0.088717 1.573379
    10 3.836055 0.000000 0.000000 -0.009780 0.049402 -0.032970
    11 3.617625 -0.000275 -0.000015 -0.010115 -0.038430 -0.021769
    12 7.537925 0.003588 -0.000212 0.028748 0.065164 0.300319
    13 3.181604 -0.002346 0.000028 3.179554 -0.054969 0.185691
    14 2.966416 0.000318 0.000023 0.079178 0.048656 0.150146
    15 2.023770 0.904983 0.850949 1.821803 -1.225458 2.569586
    16 4.980521 0.000781 -0.001089 -1.641247 0.345356 -1.150031
    17 11.119977 0.000007 0.000004 -0.000003 -0.106448 -0.295726
    18 11.205393 -0.000039 0.000000 1.528264 -0.102235 0.114994
    19 3.767578 0.152466 0.071350 0.161509 0.116810 -0.535178
    20 2.037109 0.000002 0.000000 -0.025500 -0.063436 -0.943058
    21 1.066406 -0.000004 0.000000 -0.001546 0.012034 -0.436579
    22 3.783203 -0.017258 0.794434 0.168904 -0.026920 -0.368804
    23 1.628906 0.000001 0.000000 -0.061251 0.003142 -0.834908
    24 0.955566 -0.000004 0.000000 -0.005388 -0.042122 -0.207875
    25 1.258789 -0.297852 1.251953 -1.291947 -0.539750 -0.506113
    26 1.392578 0.000001 -0.000004 0.001372 -0.188351 0.491767
    27 1.100942 0.000011 0.000000 0.009521 -0.039488 -0.040345
    28 3.548828 0.198730 -1.489258 0.122069 0.218121 -0.679757
    29 1.218750 0.000002 0.000002 0.002969 0.019929 -1.051738
    30 0.679688 0.000002 0.000004 0.028392 -0.181320 -0.761972
    31 3.697042 0.266204 -0.725138 0.148081 0.167551 -0.656351
    32 1.747315 -0.000008 -0.000001 -0.016831 -0.101072 -0.899610
    33 0.959961 0.000010 0.000001 -0.001254 0.009906 -0.608348
    34 2.023778 0.904982 -0.850921 -1.381442 1.168933 3.343020
    35 4.981625 0.002227 0.003236 1.369120 0.116782 -0.901670
    36 11.119975 -0.000005 0.000000 0.000001 0.050589 -0.289810
    37 11.205375 0.000073 0.000008 -1.628669 -0.025980 0.265938
    38 3.767578 0.151855 -0.072693 -0.061811 -0.104916 -0.601450
    39 2.036716 -0.000004 0.000000 -0.053356 0.002610 -1.343653
    40 1.063287 -0.000004 0.000001 0.243360 0.222169 -0.479551
    41 3.780812 -0.024988 -0.795569 0.145514 -0.103817 -0.523859
    42 1.628906 -0.000002 0.000001 -0.001787 -0.229023 -0.812505
    43 0.955566 -0.000004 0.000000 -0.124329 -0.037101 -0.833108
    44 1.258789 -0.308350 -1.250000 1.086305 0.326419 -0.551994
    45 1.392578 -0.000002 0.000001 -0.000831 -0.001842 0.382344
    46 1.099609 -0.000001 -0.000003 -0.008997 -0.009551 0.469381
    47 3.546538 0.208125 1.487114 0.074085 -0.032590 -0.677716
    48 1.218360 -0.000002 0.000000 0.021043 -0.138818 -0.847983
    49 0.681767 0.000000 -0.000002 -0.104179 0.098121 -1.071555
    50 3.697266 0.273682 0.726563 0.065648 -0.112154 -0.666605
    51 1.747310 0.000004 0.000000 -0.074580 0.021053 -1.335361
    52 0.959961 0.000000 -0.000001 0.003325 -0.009470 -0.821513
    53 -3.756462 5.577850 2.053357 1.570803 -0.000001 0.000000
    54 -2.735646 -0.081365 5.727119 0.000007 0.000015 1.570796
    55 0.000001 5.662003 -0.974302 1.570804 -0.000001 0.000000
    56 -0.000002 -2.275002 5.113525 0.000000 0.000000 -3.141592
    57 -2.477620 5.416855 4.597564 1.570804 -0.000001 0.000000
    58 -1.515218 1.317776 5.998497 0.000000 0.000000 0.000000
    59 -2.455992 5.657928 -0.087295 1.570804 -0.000001 0.000000
    60 -1.485628 -1.617812 5.263969 0.000000 0.000000 3.141592
    61 3.756460 5.577858 2.053359 1.570803 -0.000001 0.000000
    62 2.735645 -0.081364 5.727116 0.000004 -0.000011 -1.570795
    63 2.477613 5.416855 4.597570 1.570804 -0.000001 0.000000
    64 1.515220 1.317777 5.998508 0.000000 0.000000 0.000000
    65 2.455991 5.657928 -0.087293 1.570804 -0.000001 0.000000
    66 1.485620 -1.617803 5.263973 0.000000 0.000000 -3.141592
    67 4.575642 5.632584 0.000132 0.000000 -1.570771 0.249128
    68 -0.000001 0.314078 5.161098 0.000000 0.000000 0.000000
    69 -0.000001 -0.323108 3.750217 0.000000 0.000000 0.000000
    70 5.734947 1.075212 4.685178 1.570830 -0.000004 -1.321669
    71 -0.753896 0.305901 4.971462 -0.000001 0.000002 0.000000
    72 -1.101006 -0.314705 3.448307 0.000001 0.000001 0.000000
    73 5.809101 -1.029643 4.595047 1.570829 -0.000004 -1.321671
    74 -0.714908 -0.199657 5.028973 0.000000 0.000003 0.000000
    75 -0.282898 -0.851690 4.444889 0.000000 0.000000 0.000000
    76 9.578484 -1.290738 0.000240 0.000000 1.570770 -2.892481
    77 9.369518 -1.236408 1.787905 0.000000 1.570770 -2.892481
    78 9.436707 -1.331719 -1.409029 0.000000 1.570770 -2.892477
    79 5.735191 1.075235 -4.684885 -1.570814 0.000004 1.819923
    80 0.753901 0.305904 4.971474 -0.000001 -0.000002 0.000000
    81 1.101010 -0.314705 3.448315 0.000000 -0.000001 0.000000
    82 5.809341 -1.029617 -4.594752 -1.570814 0.000004 1.819922
    83 0.714908 -0.199655 5.028969 0.000000 -0.000003 0.000000
    84 0.282897 -0.851688 4.444893 0.000000 0.000000 0.000000
  time 62
    0 0.034501 -0.246101 37.595099 1.622519 0.040148 -0.107939
    1 3.983847 0.002149 0.003401 -1.669010 -0.215417 -1.444483
    2 15.938816 -0.000100 -0.000005 -0.000009 -0.000002 0.329008
    3 17.707025 -0.000068 0.000003 -0.173464 -0.139648 -1.183464
    4 6.202515 0.003416 -0.000367 0.020223 -0.027696 -0.402752
    5 -3.983848 0.002149 0.003395 -1.529489 -0.076497 -1.484989
    6 15.938826 -0.000113 -0.000001 0.000002 0.000010 0.290228
    7 17.707031 0.000018 0.000000 0.167421 0.319424 -1.247812
    8 6.202710 0.003078 0.003745 -0.111788 0.023802 -0.468641
    9 -0.000001 4.209253 -1.688832 1.574294 0.088677 1.574338
    10 3.836055 0.000000 0.000000 -0.009648 0.049402 -0.032850
    11 3.617625 -0.000275 -0.000015 -0.009875 -0.038430 -0.021657
    12 7.537925 0.003588 -0.000212 0.029012 0.064445 0.300450
    13 3.181604 -0.002346 0.000028 3.180321 -0.055724 0.185392
    14 2.966416 0.000318 0.000023 0.079226 0.048105 0.149737
    15 2.023770 0.904983 0.850949 1.820953 -1.225702 2.570583
    16 4.980521 0.000781 -0.001089 -1.640525 0.345626 -1.149747
    17 11.119977 0.000007 0.000004 -0.000003 -0.106448 -0.294411
    18 11.205393 -0.000039 0.000000 1.529321 -0.103038 0.114946
    19 3.767578 0.152466 0.071350 0.161509 0.116810 -0.535178
    20 2.037109 0.000002 0.000000 -0.025500 -0.063436 -0.943058
    21 1.066406 -0.000004 0.000000 -0.001546 0.012034 -0.436579
    22 3.783203 -0.017258 0.794434 0.168904 -0.026920 -0.368804
    23 1.628906 0.000001 0.000000 -0.061251 0.003142 -0.834908
    24 0.955566 -0.000004 0.000000 -0.005388 -0.042122 -0.207875
    25 1.258789 -0.297852 1.251953 -1.291947 -0.539750 -0.506113
    26 1.392578 0.000001 -0.000004 0.001372 -0.188351 0.491767
    27 1.100942 0.000011 0.000000 0.009521 -0.039488 -0.040345
    28 3.548828 0.198730 -1.489258 0.122069 0.218121 -0.679757
    29 1.218750 0.000002 0.000002 0.002969 0.019929 -1.051738
    30 0.679688 0.000002 0.000004 0.028392 -0.181320 -0.761972
    31 3.697042 0.266204 -0.725138 0.148081 0.167551 -0.656351
    32 1.747315 -0.000008 -0.000001 -0.016831 -0.101072 -0.899610
    33 0.959961 0.000010 0.000001 -0.001254 0.009906 -0.608348
    34 2.023778 0.904982 -0.850921 -1.381964 1.169584 3.342659
    35 4.981625 0.002227 0.003236 1.368759 0.116947 -0.901552
    36 11.119975 -0.000005 0.000000 0.000001 0.050589 -0.290125
    37 11.205375 0.000073 0.000008 -1.628573 -0.026268 0.266753
    38 3.767578 0.151855 -0.072693 -0.061811 -0.104916 -0.601450
    39 2.036716 -0.000004 0.000000 -0.053356 0.002610 -1.343694
    40 1.063287 -0.000004 0.000001 0.243360 0.222169 -0.479551
    41 3.780812 -0.024988 -0.795569 0.145514 -0.103817 -0.523859
    42 1.628906 -0.000002 0.000001 -0.001787 -0.229023 -0.812505
    43 0.955566 -0.000004 0.000000 -0.124329 -0.037101 -0.833108
    44 1.258789 -0.308350 -1.250000 1.086305 0.326419 -0.551994
    45 1.392578 -0.000002 0.000001 -0.000831 -0.001842 0.382344
    46 1.099609 -0.000001 -0.000003 -0.008997 -0.009551 0.469381
    47 3.546538 0.208125 1.487114 0.074085 -0.032566 -0.677656
    48 1.218360 -0.000002 0.000000 0.021043 -0.138818 -0.847983
    49 0.681767 0.000000 -0.000002 -0.104179 0.098121 -1.071580
    50 3.697266 0.273682 0.726563 0.065648 -0.112154 -0.666605
    51 1.747310 0.000004 0.000000 -0.074580 0.021053 -1.335396
    52 0.959961 0.000000 -0.000001 0.003325 -0.009470 -0.821513
    53 -3.756462 5.577850 2.053357 1.570803 -0.000001 0.000000
    54 -2.735646 -0.081365 5.727119 0.000007 0.000015 1.570796
    55 0.000001 5.662003 -0.974302 1.570804 -0.000001 0.000000
    56 -0.000002 -2.275002 5.113525 0.000000 0.000000 -3.141592
    57 -2.477620 5.416855 4.597564 1.570804 -0.000001 0.000000
    58 -1.515218 1.317776 5.998497 0.000000 0.000000 0.000000
    59 -2.455992 5.657928 -0.087295 1.570804 -0.000001 0.000000
    60 -1.485628 -1.617812 5.263969 0.000000 0.000000 3.141592
    61 3.756460 5.577858 2.053359 1.570803 -0.000001 0.000000
    62 2.735645 -0.081364 5.727116 0.000004 -0.000011 -1.570795
    63 2.477613 5.416855 4.597570 1.570804 -0.000001 0.000000
    64 1.515220 1.317777 5.998508 0.000000 0.000000 0.000000
    65 2.455991 5.657928 -0.087293 1.570804 -0.000001 0.000000
    66 1.485620 -1.617803 5.263973 0.000000 0.000000 -3.141592
    67 4.575642 5.632584 0.000132 0.000000 -1.570771 0.249128
    68 -0.000001 0.314078 5.161098 0.000000 0.000000 0.000000
    69 -0.000001 -0.323108 3.750217 0.000000 0.000000 0.000000
    70 5.734947 1.075212 4.685178 1.570830 -0.000004 -1.321669
    71 -0.753896 0.305901 4.971462 -0.000001 0.000002 0.000000
    72 -1.101006 -0.314705 3.448307 0.000001 0.000001 0.000000
    73 5.809101 -1.029643 4.595047 1.570829 -0.000004 -1.321671
    74 -0.714908 -0.199657 5.028973 0.000000 0.000003 0.000000
    75 -0.282898 -0.851690 4.444889 0.000000 0.000000 0.000000
    76 9.578484 -1.290738 0.000240 0.000000 1.570770 -2.892481
    77 9.369518 -1.236408 1.787905 0.000000 1.570770 -2.892481
    78 9.436707 -1.331719 -1.409029 0.000000 1.570770 -2.892477
    79 5.735191 1.075235 -4.684885 -1.570814 0.000004 1.819923
    80 0.753901 0.305904 4.971474 -0.000001 -0.000002 0.000000
    81 1.101010 -0.314705 3.448315 0.000000 -0.000001 0.000000
    82 5.809341 -1.029617 -4.594752 -1.570814 0.000004 1.819922
    83 0.714908 -0.199655 5.028969 0.000000 -0.000003 0.000000
    84 0.282897 -0.851688 4.444893 0.000000 0.000000 0.000000
  time 63
    0 0.042314 -0.242195 37.595099 1.622328 0.040148 -0.108770
    1 3.983847 0.002149 0.003401 -1.669390 -0.215106 -1.444394
    2 15.938816 -0.000100 -0.000005 -0.000009 -0.000002 0.329263
    3 17.707025 -0.000068 0.000003 -0.173437 -0.139966 -1.183648
    4 6.202515 0.003416 -0.000367 0.020223 -0.027696 -0.402891
    5 -3.983848 0.002149 0.003395 -1.529967 -0.076583 -1.485083
    6 15.938826 -0.000113 -0.000001 0.000002 0.000010 0.290417
    7 17.707031 0.000018 0.000000 0.167398 0.319120 -1.247585
    8 6.202710 0.003078 0.003745 -0.111788 0.023802 -0.468641
    9 -0.000001 4.209253 -1.688832 1.574294 0.088616 1.575249
    10 3.836055 0.000000 0.000000 -0.009468 0.049162 -0.032719
    11 3.617625 -0.000275 -0.000015 -0.009707 -0.038370 -0.021657
    12 7.537925 0.003588 -0.000212 0.029395 0.063642 0.300570
    13 3.181604 -0.002346 0.000028 3.180129 -0.056191 0.185356
    14 2.966416 0.000318 0.000023 0.078902 0.047601 0.149056
    15 2.023770 0.904983 0.850949 1.820653 -1.226150 2.570855
    16 4.980521 0.000781 -0.001089 -1.639390 0.346233 -1.150031
    17 11.119977 0.000007 0.000004 -0.000003 -0.106448 -0.292467
    18 11.205393 -0.000039 0.000000 1.530425 -0.101931 0.114527
    19 3.767578 0.152466 0.071350 0.161509 0.116810 -0.535178
    20 2.037109 0.000002 0.000000 -0.025500 -0.063436 -0.943058
    21 1.066406 -0.000004 0.000000 -0.001546 0.012034 -0.436579
    22 3.783203 -0.017258 0.794434 0.168904 -0.026920 -0.368804
    23 1.628906 0.000001 0.000000 -0.061251 0.003142 -0.834908
    24 0.955566 -0.000004 0.000000 -0.005388 -0.042122 -0.207875
    25 1.258789 -0.297852 1.251953 -1.291947 -0.539750 -0.506113
    26 1.392578 0.000001 -0.000004 0.001372 -0.188351 0.491767
    27 1.100942 0.000011 0.000000 0.009521 -0.039488 -0.040345
    28 3.548828 0.198730 -1.489258 0.122069 0.218121 -0.679757
    29 1.218750 0.000002 0.000002 0.002969 0.019929 -1.051738
    30 0.679688 0.000002 0.000004 0.028392 -0.181320 -0.761972
    31 3.697042 0.266204 -0.725138 0.148081 0.167551 -0.656364
    32 1.747315 -0.000008 -0.000001 -0.016831 -0.101072 -0.899631
    33 0.959961 0.000010 0.000001 -0.001254 0.009906 -0.608348
    34 2.023778 0.904982 -0.850921 -1.381546 1.170317 3.342930
    35 4.981625 0.002227 0.003236 1.369481 0.116370 -0.901670
    36 11.119975 -0.000005 0.000000 0.000001 0.050589 -0.290251
    37 11.205375 0.000073 0.000008 -1.629957 -0.027862 0.268743
    38 3.767578 0.151855 -0.072693 -0.061811 -0.104916 -0.601450
    39 2.036716 -0.000004 0.000000 -0.053356 0.002610 -1.343653
    40 1.063287 -0.000004 0.000001 0.243360 0.222169 -0.479551
    41 3.780812 -0.024988 -0.795569 0.145514 -0.103817 -0.523859
    42 1.628906 -0.000002 0.000001 -0.001787 -0.229023 -0.812505
    43 0.955566 -0.000004 0.000000 -0.124329 -0.037101 -0.833108
    44 1.258789 -0.308350 -1.250000 1.086305 0.326419 -0.551994
    45 1.392578 -0.000002 0.000001 -0.000831 -0.001842 0.382344
    46 1.099609 -0.000001 -0.000003 -0.008997 -0.009551 0.469381
    47 3.546538 0.208125 1.487114 0.074156 -0.032626 -0.677488
    48 1.218360 -0.000002 0.000000 0.021043 -0.138818 -0.847983
    49 0.681767 0.000000 -0.000002 -0.104179 0.098121 -1.071555
    50 3.697266 0.273682 0.726563 0.065648 -0.112154 -0.666605
    51 1.747310 0.000004 0.000000 -0.074580 0.021053 -1.335361
    52 0.959961 0.000000 -0.000001 0.003325 -0.009470 -0.821513
    53 -3.756462 5.577850 2.053357 1.570803 -0.000001 0.000000
    54 -2.735646 -0.081365 5.727119 0.000007 0.000015 1.570796
    55 0.000001 5.662003 -0.974302 1.570804 -0.000001 0.000000
    56 -0.000002 -2.275002 5.113525 0.000000 0.000000 -3.141592
    57 -2.477620 5.416855 4.597564 1.570804 -0.000001 0.000000
    58 -1.515218 1.317776 5.998497 0.000000 0.000000 0.000000
    59 -2.455992 5.657928 -0.087295 1.570804 -0.000001 0.000000
    60 -1.485628 -1.617812 5.263969 0.000000 0.000000 3.141592
    61 3.756460 5.577858 2.053359 1.570803 -0.000001 0.000000
    62 2.735645 -0.081364 5.727116 0.000004 -0.000011 -1.570795
    63 2.477613 5.416855 4.597570 1.570804 -0.000001 0.000000
    64 1.515220 1.317777 5.998508 0.000000 0.000000 0.000000
    65 2.455991 5.657928 -0.087293 1.570804 -0.000001 0.000000
    66 1.485620 -1.617803 5.263973 0.000000 0.000000 -3.141592
    67 4.575642 5.632584 0.000132 0.000000 -1.570771 0.249128
    68 -0.000001 0.314078 5.161098 0.000000 0.000000 0.000000
    69 -0.000001 -0.323108 3.750217 0.000000 0.000000 0.000000
    70 5.734947 1.075212 4.685178 1.570830 -0.000004 -1.321669
    71 -0.753896 0.305901 4.971462 -0.000001 0.000002 0.000000
    72 -1.101006 -0.314705 3.448307 0.000001 0.000001 0.000000
    73 5.809101 -1.029643 4.595047 1.570829 -0.000004 -1.321671
    74 -0.714908 -0.199657 5.028973 0.000000 0.000003 0.000000
    75 -0.282898 -0.851690 4.444889 0.000000 0.000000 0.000000
    76 9.578484 -1.290738 0.000240 0.000000 1.570770 -2.892481
    77 9.369518 -1.236408 1.787905 0.000000 1.570770 -2.892481
    78 9.436707 -1.331719 -1.409029 0.000000 1.570770 -2.892477
    79 5.735191 1.075235 -4.684885 -1.570814 0.000004 1.819923
    80 0.753901 0.305904 4.971474 -0.000001 -0.000002 0.000000
    81 1.101010 -0.314705 3.448315 0.000000 -0.000001 0.000000
    82 5.809341 -1.029617 -4.594752 -1.570814 0.000004 1.819922
    83 0.714908 -0.199655 5.028969 0.000000 -0.000003 0.000000
    84 0.282897 -0.851688 4.444893 0.000000 0.000000 0.000000
  time 64
    0 0.050127 -0.238289 37.595099 1.622232 0.040148 -0.109217
    1 3.983847 0.002149 0.003401 -1.669770 -0.215150 -1.444394
    2 15.938816 -0.000100 -0.000005 -0.000009 -0.000002 0.329199
    3 17.707025 -0.000068 0.000003 -0.173354 -0.140178 -1.183464
    4 6.202515 0.003416 -0.000367 0.020223 -0.027696 -0.402995
    5 -3.983848 0.002149 0.003395 -1.530253 -0.076755 -1.485176
    6 15.938826 -0.000113 -0.000001 0.000002 0.000010 0.290480
    7 17.707031 0.000018 0.000000 0.167330 0.318853 -1.247390
    8 6.202710 0.003078 0.003745 -0.111788 0.023802 -0.468641
    9 -0.000001 4.209253 -1.688832 1.574486 0.088536 1.576016
    10 3.836055 0.000000 0.000000 -0.009336 0.048982 -0.032719
    11 3.617625 -0.000275 -0.000015 -0.009515 -0.038251 -0.021530
    12 7.537925 0.003588 -0.000212 0.029815 0.062779 0.300570
    13 3.181604 -0.002346 0.000028 3.180034 -0.055963 0.185691
    14 2.966416 0.000318 0.000023 0.078387 0.047206 0.148376
    15 2.023770 0.904983 0.850949 1.821703 -1.227005 2.569767
    16 4.980521 0.000781 -0.001089 -1.637945 0.347043 -1.150828
    17 11.119977 0.000007 0.000004 -0.000003 -0.106448 -0.290008
    18 11.205393 -0.000039 0.000000 1.530425 -0.100338 0.113712
    19 3.767578 0.152466 0.071350 0.161509 0.116810 -0.535178
    20 2.037109 0.000002 0.000000 -0.025500 -0.063436 -0.943058
    21 1.066406 -0.000004 0.000000 -0.001546 0.012034 -0.436579
    22 3.783203 -0.017258 0.794434 0.168904 -0.026920 -0.368804
    23 1.628906 0.000001 0.000000 -0.061251 0.003142 -0.834908
    24 0.955566 -0.000004 0.000000 -0.005388 -0.042122 -0.207875
    25 1.258789 -0.297852 1.251953 -1.291947 -0.539750 -0.506113
    26 1.392578 0.000001 -0.000004 0.001372 -0.188351 0.491767
    27 1.100942 0.000011 0.000000 0.009521 -0.039488 -0.040345
    28 3.548828 0.198730 -1.489258 0.122069 0.218121 -0.679757
    29 1.218750 0.000002 0.000002 0.002969 0.019929 -1.051738
    30 0.679688 0.000002 0.000004 0.028392 -0.181320 -0.761972
    31 3.697042 0.266204 -0.725138 0.148081 0.167551 -0.656351
    32 1.747315 -0.000008 -0.000001 -0.016831 -0.101072 -0.899610
    33 0.959961 0.000010 0.000001 -0.001254 0.009906 -0.608348
    34 2.023778 0.904982 -0.850921 -1.380294 1.171253 3.344014
    35 4.981625 0.002227 0.003236 1.369894 0.115381 -0.901876
    36 11.119975 -0.000005 0.000000 0.000001 0.050589 -0.290441
    37 11.205375 0.000073 0.000008 -1.630339 -0.029060 0.269666
    38 3.767578 0.151855 -0.072693 -0.061811 -0.104916 -0.601450
    39 2.036716 -0.000004 0.000000 -0.053356 0.002610 -1.343653
    40 1.063287 -0.000004 0.000001 0.243360 0.222169 -0.479551
    41 3.780812 -0.024988 -0.795569 0.145529 -0.103817 -0.523859
    42 1.628906 -0.000002 0.000001 -0.001787 -0.229023 -0.812505
    43 0.955566 -0.000004 0.000000 -0.124329 -0.037101 -0.833108
    44 1.258789 -0.308350 -1.250000 1.086305 0.326419 -0.551994
    45 1.392578 -0.000002 0.000001 -0.000831 -0.001842 0.382344
    46 1.099609 -0.000001 -0.000003 -0.008997 -0.009551 0.469381
    47 3.546538 0.208125 1.487114 0.074185 -0.032650 -0.677369
    48 1.218360 -0.000002 0.000000 0.021043 -0.138818 -0.847983
    49 0.681767 0.000000 -0.000002 -0.104179 0.098121 -1.071555
    50 3.697266 0.273682 0.726563 0.065648 -0.112154 -0.666605
    51 1.747310 0.000004 0.000000 -0.074580 0.021053 -1.335361
    52 0.959961 0.000000 -0.000001 0.003325 -0.009470 -0.821513
    53 -3.756462 5.577850 2.053357 1.570803 -0.000001 0.000000
    54 -2.735646 -0.081365 5.727119 0.000007 0.000015 1.570796
    55 0.000001 5.662003 -0.974302 1.570804 -0.000001 0.000000
    56 -0.000002 -2.275002 5.113525 0.000000 0.000000 -3.141592
    57 -2.477620 5.416855 4.597564 1.570804 -0.000001 0.000000
    58 -1.515218 1.317776 5.998497 0.000000 0.000000 0.000000
    59 -2.455992 5.657928 -0.087295 1.570804 -0.000001 0.000000
    60 -1.485628 -1.617812 5.263969 0.000000 0.000000 3.141592
    61 3.756460 5.577858 2.053359 1.570803 -0.000001 0.000000
    62 2.735645 -0.081364 5.727116 0.000004 -0.000011 -1.570795
    63 2.477613 5.416855 4.597570 1.570804 -0.000001 0.000000
    64 1.515220 1.317777 5.998508 0.000000 0.000000 0.000000
    65 2.455991 5.657928 -0.087293 1.570804 -0.000001 0.000000
    66 1.485620 -1.617803 5.263973 0.000000 0.000000 -3.141592
    67 4.575642 5.632584 0.000132 0.000000 -1.570771 0.249128
    68 -0.000001 0.314078 5.161098 0.000000 0.000000 0.000000
    69 -0.000001 -0.323108 3.750217 0.000000 0.000000 0.000000
    70 5.734947 1.075212 4.685178 1.570830 -0.000004 -1.321669
    71 -0.753896 0.305901 4.971462 -0.000001 0.000002 0.000000
    72 -1.101006 -0.314705 3.448307 0.000001 0.000001 0.000000
    73 5.809101 -1.029643 4.595047 1.570829 -0.000004 -1.321671
    74 -0.714908 -0.199657 5.028973 0.000000 0.000003 0.000000
    75 -0.282898 -0.851690 4.444889 0.000000 0.000000 0.000000
    76 9.578484 -1.290738 0.000240 0.000000 1.570770 -2.892481
    77 9.369518 -1.236408 1.787905 0.000000 1.570770 -2.892481
    78 9.436707 -1.331719 -1.409029 0.000000 1.570770 -2.892477
    79 5.735191 1.075235 -4.684885 -1.570814 0.000004 1.819923
    80 0.753901 0.305904 4.971474 -0.000001 -0.000002 0.000000
    81 1.101010 -0.314705 3.448315 0.000000 -0.000001 0.000000
    82 5.809341 -1.029617 -4.594752 -1.570814 0.000004 1.819922
    83 0.714908 -0.199655 5.028969 0.000000 -0.000003 0.000000
    84 0.282897 -0.851688 4.444893 0.000000 0.000000 0.000000
  time 65
    0 0.057940 -0.230476 37.595099 1.622184 0.040280 -0.109600
    1 3.983847 0.002149 0.003401 -1.669960 -0.215150 -1.444483
    2 15.938816 -0.000100 -0.000005 -0.000009 -0.000002 0.328944
    3 17.707025 -0.000068 0.000003 -0.173244 -0.140411 -1.183189
    4 6.202515 0.003416 -0.000367 0.020223 -0.027696 -0.403099
    5 -3.983848 0.002149 0.003395 -1.530540 -0.076969 -1.485176
    6 15.938826 -0.000113 -0.000001 0.000002 0.000010 0.290417
    7 17.707031 0.000018 0.000000 0.167421 0.318871 -1.247034
    8 6.202710 0.003078 0.003745 -0.111788 0.023802 -0.468641
    9 -0.000001 4.209253 -1.688832 1.574581 0.088495 1.576783
    10 3.836055 0.000000 0.000000 -0.009204 0.048671 -0.032599
    11 3.617625 -0.000275 -0.000015 -0.009396 -0.037939 -0.021530
    12 7.537925 0.003588 -0.000212 0.030282 0.061844 0.300426
    13 3.181604 -0.002346 0.000028 3.179842 -0.055508 0.186279
    14 2.966416 0.000318 0.000023 0.077884 0.046978 0.147695
    15 2.023770 0.904983 0.850949 1.823653 -1.228471 2.568045
    16 4.980521 0.000781 -0.001089 -1.636706 0.347953 -1.152222
    17 11.119977 0.000007 0.000004 -0.000003 -0.106448 -0.287206
    18 11.205393 -0.000039 0.000000 1.530761 -0.098391 0.112178
    19 3.767578 0.152466 0.071350 0.161509 0.116810 -0.535178
    20 2.037109 0.000002 0.000000 -0.025500 -0.063436 -0.943058
    21 1.066406 -0.000004 0.000000 -0.001546 0.012034 -0.436579
    22 3.783203 -0.017258 0.794434 0.168904 -0.026920 -0.368804
    23 1.628906 0.000001 0.000000 -0.061251 0.003142 -0.834908
    24 0.955566 -0.000004 0.000000 -0.005388 -0.042122 -0.207875
    25 1.258789 -0.297852 1.251953 -1.291947 -0.539750 -0.506113
    26 1.392578 0.000001 -0.000004 0.001372 -0.188351 0.491767
    27 1.100942 0.000011 0.000000 0.009521 -0.039488 -0.040345
    28 3.548828 0.198730 -1.489258 0.122069 0.218121 -0.679757
    29 1.218750 0.000002 0.000002 0.002969 0.019929 -1.051738
    30 0.679688 0.000002 0.000004 0.028392 -0.181320 -0.761972
    31 3.697042 0.266204 -0.725138 0.148081 0.167551 -0.656351
    32 1.747315 -0.000008 -0.000001 -0.016831 -0.101072 -0.899610
    33 0.959961 0.000010 0.000001 -0.001254 0.009906 -0.608348
    34 2.023778 0.904982 -0.850921 -1.378676 1.172393 3.345549
    35 4.981625 0.002227 0.003236 1.369533 0.114391 -0.901876
    36 11.119975 -0.000005 0.000000 0.000001 0.050589 -0.290567
    37 11.205375 0.000073 0.000008 -1.629241 -0.029756 0.269845
    38 3.767578 0.151855 -0.072693 -0.061811 -0.104916 -0.601450
    39 2.036716 -0.000004 0.000000 -0.053356 0.002610 -1.343653
    40 1.063287 -0.000004 0.000001 0.243360 0.222169 -0.479551
    41 3.780812 -0.024988 -0.795569 0.145514 -0.103817 -0.523859
    42 1.628906 -0.000002 0.000001 -0.001787 -0.229023 -0.812505
    43 0.955566 -0.000004 0.000000 -0.124329 -0.037101 -0.833108
    44 1.258789 -0.308350 -1.250000 1.086305 0.326419 -0.551994
    45 1.392578 -0.000002 0.000001 -0.000831 -0.001842 0.382344
    46 1.099609 -0.000001 -0.000003 -0.008997 -0.009551 0.469381
    47 3.546538 0.208125 1.487114 0.074156 -0.032590 -0.677261
    48 1.218360 -0.000002 0.000000 0.021043 -0.138818 -0.847983
    49 0.681767 0.000000 -0.000002 -0.104179 0.098121 -1.071555
    50 3.697266 0.273682 0.726563 0.065648 -0.112154 -0.666605
    51 1.747310 0.000004 0.000000 -0.074580 0.021053 -1.335361
    52 0.959961 0.000000 -0.000001 0.003325 -0.009470 -0.821513
    53 -3.756462 5.577850 2.053357 1.570803 -0.000001 0.000000
    54 -2.735646 -0.081365 5.727119 0.000007 0.000015 1.570796
    55 0.000001 5.662003 -0.974302 1.570804 -0.000001 0.000000
    56 -0.000002 -2.275002 5.113525 0.000000 0.000000 -3.141592
    57 -2.477620 5.416855 4.597564 1.570804 -0.000001 0.000000
    58 -1.515218 1.317776 5.998497 0.000000 0.000000 0.000000
    59 -2.455992 5.657928 -0.087295 1.570804 -0.000001 0.000000
    60 -1.485628 -1.617812 5.263969 0.000000 0.000000 3.141592
    61 3.756460 5.577858 2.053359 1.570803 -0.000001 0.000000
    62 2.735645 -0.081364 5.727116 0.000004 -0.000011 -1.570795
    63 2.477613 5.416855 4.597570 1.570804 -0.000001 0.000000
    64 1.515220 1.317777 5.998508 0.000000 0.000000 0.000000
    65 2.455991 5.657928 -0.087293 1.570804 -0.000001 0.000000
    66 1.485620 -1.617803 5.263973 0.000000 0.000000 -3.141592
    67 4.575642 5.632584 0.000132 0.000000 -1.570771 0.249128
    68 -0.000001 0.314078 5.161098 0.000000 0.000000 0.000000
    69 -0.000001 -0.323108 3.750217 0.000000 0.000000 0.000000
    70 5.734947 1.075212 4.685178 1.570830 -0.000004 -1.321669
    71 -0.753896 0.305901 4.971462 -0.000001 0.000002 0.000000
    72 -1.101006 -0.314705 3.448307 0.000001 0.000001 0.000000
    73 5.809101 -1.029643 4.595047 1.570829 -0.000004 -1.321671
    74 -0.714908 -0.199657 5.028973 0.000000 0.000003 0.000000
    75 -0.282898 -0.851690 4.444889 0.000000 0.000000 0.000000
    76 9.578484 -1.290738 0.000240 0.000000 1.570770 -2.892481
    77 9.369518 -1.236408 1.787905 0.000000 1.570770 -2.892481
    78 9.436707 -1.331719 -1.409029 0.000000 1.570770 -2.892477
    79 5.735191 1.075235 -4.684885 -1.570814 0.000004 1.819923
    80 0.753901 0.305904 4.971474 -0.000001 -0.000002 0.000000
    81 1.101010 -0.314705 3.448315 0.000000 -0.000001 0.000000
    82 5.809341 -1.029617 -4.594752 -1.570814 0.000004 1.819922
    83 0.714908 -0.199655 5.028969 0.000000 -0.000003 0.000000
    84 0.282897 -0.851688 4.444893 0.000000 0.000000 0.000000
  time 66
    0 0.065752 -0.222663 37.595099 1.622328 0.040328 -0.109409
    1 3.983847 0.002149 0.003401 -1.669485 -0.215417 -1.444662
    2 15.938816 -0.000100 -0.000005 -0.000009 -0.000002 0.328434
    3 17.707025 -0.000068 0.000003 -0.173244 -0.140857 -1.182516
    4 6.202515 0.003416 -0.000367 0.020223 -0.027696 -0.403099
    5 -3.983848 0.002149 0.003395 -1.530636 -0.077313 -1.485270
    6 15.938826 -0.000113 -0.000001 0.000002 0.000010 0.290228
    7 17.707031 0.000018 0.000000 0.167579 0.318942 -1.246677
    8 6.202710 0.003078 0.003745 -0.111788 0.023802 -0.468759
    9 -0.000001 4.209253 -1.688832 1.574725 0.088313 1.577933
    10 3.836055 0.000000 0.000000 -0.008893 0.047760 -0.032695
    11 3.617625 -0.000275 -0.000015 -0.009419 -0.037016 -0.021417
    12 7.537925 0.003588 -0.000212 0.030582 0.060682 0.300043
    13 3.181604 -0.002346 0.000028 3.178691 -0.054789 0.187094
    14 2.966416 0.000318 0.000023 0.077416 0.046882 0.146833
    15 2.023770 0.904983 0.850949 1.825953 -1.230222 2.566141
    16 4.980521 0.000781 -0.001089 -1.635674 0.348932 -1.153332
    17 11.119977 0.000007 0.000004 -0.000003 -0.106448 -0.285205
    18 11.205393 -0.000039 0.000000 1.530857 -0.097054 0.110224
    19 3.767578 0.152466 0.071350 0.161509 0.116810 -0.535178
    20 2.037109 0.000002 0.000000 -0.025500 -0.063436 -0.943058
    21 1.066406 -0.000004 0.000000 -0.001546 0.012034 -0.436579
    22 3.783203 -0.017258 0.794434 0.168904 -0.026920 -0.368804
    23 1.628906 0.000001 0.000000 -0.061251 0.003142 -0.834908
    24 0.955566 -0.000004 0.000000 -0.005388 -0.042122 -0.207875
    25 1.258789 -0.297852 1.251953 -1.291947 -0.539750 -0.506113
    26 1.392578 0.000001 -0.000004 0.001372 -0.188351 0.491767
    27 1.100942 0.000011 0.000000 0.009521 -0.039488 -0.040345
    28 3.548828 0.198730 -1.489258 0.122069 0.218121 -0.679757
    29 1.218750 0.000002 0.000002 0.002969 0.019929 -1.051738
    30 0.679688 0.000002 0.000004 0.028392 -0.181320 -0.761972
    31 3.697042 0.266204 -0.725138 0.148081 0.167551 -0.656351
    32 1.747315 -0.000008 -0.000001 -0.016831 -0.101072 -0.899610
    33 0.959961 0.000010 0.000001 -0.001254 0.009906 -0.608348
    34 2.023778 0.904982 -0.850921 -1.377058 1.173941 3.347175
    35 4.981625 0.002227 0.003236 1.368811 0.113457 -0.901964
    36 11.119975 -0.000005 0.000000 0.000001 0.050589 -0.290693
    37 11.205375 0.000073 0.000008 -1.629432 -0.030786 0.270768
    38 3.767578 0.151855 -0.072693 -0.061811 -0.104916 -0.601450
    39 2.036716 -0.000004 0.000000 -0.053356 0.002610 -1.343653
    40 1.063287 -0.000004 0.000001 0.243360 0.222169 -0.479551
    41 3.780812 -0.024988 -0.795569 0.145514 -0.103817 -0.523859
    42 1.628906 -0.000002 0.000001 -0.001787 -0.229023 -0.812505
    43 0.955566 -0.000004 0.000000 -0.124329 -0.037101 -0.833108
    44 1.258789 -0.308350 -1.250000 1.086305 0.326419 -0.551994
    45 1.392578 -0.000002 0.000001 -0.000831 -0.001842 0.382344
    46 1.099609 -0.000001 -0.000003 -0.008997 -0.009551 0.469381
    47 3.546538 0.208125 1.487114 0.074185 -0.032566 -0.677081
    48 1.218360 -0.000002 0.000000 0.021043 -0.138818 -0.847983
    49 0.681767 0.000000 -0.000002 -0.104179 0.098121 -1.071555
    50 3.697266 0.273682 0.726563 0.065648 -0.112154 -0.666605
    51 1.747310 0.000004 0.000000 -0.074580 0.021053 -1.335361
    52 0.959961 0.000000 -0.000001 0.003325 -0.009470 -0.821513
    53 -3.756462 5.577850 2.053357 1.570803 -0.000001 0.000000
    54 -2.735646 -0.081365 5.727119 0.000007 0.000015 1.570796
    55 0.000001 5.662003 -0.974302 1.570804 -0.000001 0.000000
    56 -0.000002 -2.275002 5.113525 0.000000 0.000000 -3.141592
    57 -2.477620 5.416855 4.597564 1.570804 -0.000001 0.000000
    58 -1.515218 1.317776 5.998497 0.000000 0.000000 0.000000
    59 -2.455992 5.657928 -0.087295 1.570804 -0.000001 0.000000
    60 -1.485628 -1.617812 5.263969 0.000000 0.000000 3.141592
    61 3.756460 5.577858 2.053359 1.570803 -0.000001 0.000000
    62 2.735645 -0.081364 5.727116 0.000004 -0.000011 -1.570795
    63 2.477613 5.416855 4.597570 1.570804 -0.000001 0.000000
    64 1.515220 1.317777 5.998508 0.000000 0.000000 0.000000
    65 2.455991 5.657928 -0.087293 1.570804 -0.000001 0.000000
    66 1.485620 -1.617803 5.263973 0.000000 0.000000 -3.141592
    67 4.575642 5.632584 0.000132 0.000000 -1.570771 0.249128
    68 -0.000001 0.314078 5.161098 0.000000 0.000000 0.000000
    69 -0.000001 -0.323108 3.750217 0.000000 0.000000 0.000000
    70 5.734947 1.075212 4.685178 1.570830 -0.000004 -1.321669
    71 -0.753896 0.305901 4.971462 -0.000001 0.000002 0.000000
    72 -1.101006 -0.314705 3.448307 0.000001 0.000001 0.000000
    73 5.809101 -1.029643 4.595047 1.570829 -0.000004 -1.321671
    74 -0.714908 -0.199657 5.028973 0.000000 0.000003 0.000000
    75 -0.282898 -0.851690 4.444889 0.000000 0.000000 0.000000
    76 9.578484 -1.290738 0.000240 0.000000 1.570770 -2.892481
    77 9.369518 -1.236408 1.787905 0.000000 1.570770 -2.892481
    78 9.436707 -1.331719 -1.409029 0.000000 1.570770 -2.892477
    79 5.735191 1.075235 -4.684885 -1.570814 0.000004 1.819923
    80 0.753901 0.305904 4.971474 -0.000001 -0.000002 0.000000
    81 1.101010 -0.314705 3.448315 0.000000 -0.000001 0.000000
    82 5.809341 -1.029617 -4.594752 -1.570814 0.000004 1.819922
    83 0.714908 -0.199655 5.028969 0.000000 -0.000003 0.000000
    84 0.282897 -0.851688 4.444893 0.000000 0.000000 0.000000
  time 67
    0 0.073565 -0.210944 37.595099 1.622519 0.040460 -0.109089
    1 3.983847 0.002149 0.003401 -1.668630 -0.215684 -1.444930
    2 15.938816 -0.000100 -0.000005 -0.000009 -0.000002 0.327606
    3 17.707025 -0.000068 0.000003 -0.173244 -0.141366 -1.181721
    4 6.202515 0.003416 -0.000367 0.020223 -0.027696 -0.403238
    5 -3.983848 0.002149 0.003395 -1.530540 -0.077699 -1.485270
    6 15.938826 -0.000113 -0.000001 0.000002 0.000010 0.289913
    7 17.707031 0.000018 0.000000 0.167851 0.319174 -1.246191
    8 6.202710 0.003078 0.003745 -0.111788 0.023802 -0.468759
    9 -0.000001 4.209253 -1.688832 1.574821 0.088132 1.578844
    10 3.836055 0.000000 0.000000 -0.008569 0.046861 -0.032695
    11 3.617625 -0.000275 -0.000015 -0.009491 -0.035926 -0.021417
    12 7.537925 0.003588 -0.000212 0.030546 0.059711 0.299659
    13 3.181604 -0.002346 0.000028 3.178212 -0.054453 0.187968
    14 2.966416 0.000318 0.000023 0.077093 0.046786 0.145834
    15 2.023770 0.904983 0.850949 1.827303 -1.231606 2.564873
    16 4.980521 0.000781 -0.001089 -1.634642 0.349809 -1.153588
    17 11.119977 0.000007 0.000004 -0.000003 -0.106448 -0.284748
    18 11.205393 -0.000039 0.000000 1.530233 -0.096713 0.109505
    19 3.767578 0.152466 0.071350 0.161509 0.116810 -0.535178
    20 2.037109 0.000002 0.000000 -0.025500 -0.063436 -0.943058
    21 1.066406 -0.000004 0.000000 -0.001546 0.012034 -0.436579
    22 3.783203 -0.017258 0.794434 0.168904 -0.026920 -0.368804
    23 1.628906 0.000001 0.000000 -0.061251 0.003142 -0.834908
    24 0.955566 -0.000004 0.000000 -0.005388 -0.042122 -0.207875
    25 1.258789 -0.297852 1.251953 -1.291947 -0.539750 -0.506113
    26 1.392578 0.000001 -0.000004 0.001372 -0.188351 0.491767
    27 1.100942 0.000011 0.000000 0.009521 -0.039488 -0.040345
    28 3.548828 0.198730 -1.489258 0.122069 0.218121 -0.679757
    29 1.218750 0.000002 0.000002 0.002969 0.019929 -1.051738
    30 0.679688 0.000002 0.000004 0.028392 -0.181320 -0.761972
    31 3.697042 0.266204 -0.725138 0.148081 0.167551 -0.656351
    32 1.747315 -0.000008 -0.000001 -0.016831 -0.101072 -0.899610
    33 0.959961 0.000010 0.000001 -0.001254 0.009906 -0.608348
    34 2.023778 0.904982 -0.850921 -1.375701 1.175814 3.348349
    35 4.981625 0.002227 0.003236 1.368449 0.112523 -0.902258
    36 11.119975 -0.000005 0.000000 0.000001 0.050589 -0.290441
    37 11.205375 0.000073 0.000008 -1.632295 -0.032428 0.272518
    38 3.767578 0.151855 -0.072693 -0.061811 -0.104916 -0.601450
    39 2.036716 -0.000004 0.000000 -0.053356 0.002610 -1.343653
    40 1.063287 -0.000004 0.000001 0.243360 0.222169 -0.479551
    41 3.780812 -0.024988 -0.795569 0.145514 -0.103817 -0.523859
    42 1.628906 -0.000002 0.000001 -0.001787 -0.229023 -0.812505
    43 0.955566 -0.000004 0.000000 -0.124329 -0.037101 -0.833108
    44 1.258789 -0.308350 -1.250000 1.086305 0.326419 -0.551994
    45 1.392578 -0.000002 0.000001 -0.000831 -0.001842 0.382344
    46 1.099609 -0.000001 -0.000003 -0.008997 -0.009551 0.469381
    47 3.546538 0.208125 1.487114 0.074243 -0.032590 -0.676853
    48 1.218360 -0.000002 0.000000 0.021043 -0.138818 -0.847983
    49 0.681767 0.000000 -0.000002 -0.104179 0.098121 -1.071555
    50 3.697266 0.273682 0.726563 0.065648 -0.112154 -0.666605
    51 1.747310 0.000004 0.000000 -0.074580 0.021053 -1.335361
    52 0.959961 0.000000 -0.000001 0.003325 -0.009470 -0.821513
    53 -3.756462 5.577850 2.053357 1.570803 -0.000001 0.000000
    54 -2.735646 -0.081365 5.727119 0.000007 0.000015 1.570796
    55 0.000001 5.662003 -0.974302 1.570804 -0.000001 0.000000
    56 -0.000002 -2.275002 5.113525 0.000000 0.000000 -3.141592
    57 -2.477620 5.416855 4.597564 1.570804 -0.000001 0.000000
    58 -1.515218 1.317776 5.998497 0.000000 0.000000 0.000000
    59 -2.455992 5.657928 -0.087295 1.570804 -0.000001 0.000000
    60 -1.485628 -1.617812 5.263969 0.000000 0.000000 3.141592
    61 3.756460 5.577858 2.053359 1.570803 -0.000001 0.000000
    62 2.735645 -0.081364 5.727116 0.000004 -0.000011 -1.570795
    63 2.477613 5.416855 4.597570 1.570804 -0.000001 0.000000
    64 1.515220 1.317777 5.998508 0.000000 0.000000 0.000000
    65 2.455991 5.657928 -0.087293 1.570804 -0.000001 0.000000
    66 1.485620 -1.617803 5.263973 0.000000 0.000000 -3.141592
    67 4.575642 5.632584 0.000132 0.000000 -1.570771 0.249128
    68 -0.000001 0.314078 5.161098 0.000000 0.000000 0.000000
    69 -0.000001 -0.323108 3.750217 0.000000 0.000000 0.000000
    70 5.734947 1.075212 4.685178 1.570830 -0.000004 -1.321669
    71 -0.753896 0.305901 4.971462 -0.000001 0.000002 0.000000
    72 -1.101006 -0.314705 3.448307 0.000001 0.000001 0.000000
    73 5.809101 -1.029643 4.595047 1.570829 -0.000004 -1.321671
    74 -0.714908 -0.199657 5.028973 0.000000 0.000003 0.000000
    75 -0.282898 -0.851690 4.444889 0.000000 0.000000 0.000000
    76 9.578484 -1.290738 0.000240 0.000000 1.570770 -2.892481
    77 9.369518 -1.236408 1.787905 0.000000 1.570770 -2.892481
    78 9.436707 -1.331719 -1.409029 0.000000 1.570770 -2.892477
    79 5.735191 1.075235 -4.684885 -1.570814 0.000004 1.819923
    80 0.753901 0.305904 4.971474 -0.000001 -0.000002 0.000000
    81 1.101010 -0.314705 3.448315 0.000000 -0.000001 0.000000
    82 5.809341 -1.029617 -4.594752 -1.570814 0.000004 1.819922
    83 0.714908 -0.199655 5.028969 0.000000 -0.000003 0.000000
    84 0.282897 -0.851688 4.444893 0.000000 0.000000 0.000000
  time 68
    0 0.081378 -0.199225 37.595099 1.622903 0.040460 -0.108386
    1 3.983847 0.002149 0.003401 -1.668060 -0.216218 -1.445198
    2 15.938816 -0.000100 -0.000005 -0.000009 -0.000002 0.326649
    3 17.707025 -0.000068 0.000003 -0.173024 -0.141408 -1.180772
    4 6.202515 0.003416 -0.000367 0.020235 -0.027696 -0.403342
    5 -3.983848 0.002149 0.003395 -1.530349 -0.078301 -1.485270
    6 15.938826 -0.000113 -0.000001 0.000002 0.000010 0.289661
    7 17.707031 0.000018 0.000000 0.168146 0.319459 -1.245639
    8 6.202710 0.003078 0.003745 -0.111788 0.023802 -0.468759
    9 -0.000001 4.209253 -1.688832 1.575109 0.087990 1.579707
    10 3.836055 0.000000 0.000000 -0.008126 0.045579 -0.032671
    11 3.617625 -0.000275 -0.000015 -0.009683 -0.034583 -0.021417
    12 7.537925 0.003588 -0.000212 0.030294 0.058884 0.299264
    13 3.181604 -0.002346 0.000028 3.177733 -0.054118 0.188843
    14 2.966416 0.000318 0.000023 0.076913 0.046655 0.144700
    15 2.023770 0.904983 0.850949 1.829603 -1.233601 2.562878
    16 4.980521 0.000781 -0.001089 -1.634642 0.350517 -1.153929
    17 11.119977 0.000007 0.000004 -0.000003 -0.106448 -0.285034
    18 11.205393 -0.000039 0.000000 1.529897 -0.096251 0.109230
    19 3.767578 0.152466 0.071350 0.161509 0.116810 -0.535178
    20 2.037109 0.000002 0.000000 -0.025500 -0.063436 -0.943058
    21 1.066406 -0.000004 0.000000 -0.001546 0.012034 -0.436579
    22 3.783203 -0.017258 0.794434 0.168904 -0.026920 -0.368804
    23 1.628906 0.000001 0.000000 -0.061251 0.003142 -0.834908
    24 0.955566 -0.000004 0.000000 -0.005388 -0.042122 -0.207875
    25 1.258789 -0.297852 1.251953 -1.291947 -0.539750 -0.506113
    26 1.392578 0.000001 -0.000004 0.001372 -0.188351 0.491767
    27 1.100942 0.000011 0.000000 0.009521 -0.039488 -0.040345
    28 3.548828 0.198730 -1.489258 0.122069 0.218121 -0.679757
    29 1.218750 0.000002 0.000002 0.002969 0.019929 -1.051738
    30 0.679688 0.000002 0.000004 0.028392 -0.181320 -0.761972
    31 3.697042 0.266204 -0.725138 0.148081 0.167551 -0.656351
    32 1.747315 -0.000008 -0.000001 -0.016831 -0.101072 -0.899610
    33 0.959961 0.000010 0.000001 -0.001254 0.009906 -0.608348
    34 2.023778 0.904982 -0.850921 -1.374396 1.178419 3.349704
    35 4.981625 0.002227 0.003236 1.368295 0.111808 -0.903051
    36 11.119975 -0.000005 0.000000 0.000001 0.050589 -0.290251
    37 11.205375 0.000073 0.000008 -1.634395 -0.033902 0.274555
    38 3.767578 0.151855 -0.072693 -0.061811 -0.104916 -0.601450
    39 2.036716 -0.000004 0.000000 -0.053356 0.002610 -1.343653
    40 1.063287 -0.000004 0.000001 0.243360 0.222169 -0.479551
    41 3.780812 -0.024988 -0.795569 0.145514 -0.103817 -0.523859
    42 1.628906 -0.000002 0.000001 -0.001787 -0.229023 -0.812505
    43 0.955566 -0.000004 0.000000 -0.124329 -0.037101 -0.833108
    44 1.258789 -0.308350 -1.250000 1.086305 0.326419 -0.551994
    45 1.392578 -0.000002 0.000001 -0.000831 -0.001842 0.382344
    46 1.099609 -0.000001 -0.000003 -0.008997 -0.009551 0.469381
    47 3.546538 0.208125 1.487114 0.074300 -0.032590 -0.676566
    48 1.218360 -0.000002 0.000000 0.021043 -0.138818 -0.847983
    49 0.681767 0.000000 -0.000002 -0.104179 0.098121 -1.071555
    50 3.697266 0.273682 0.726563 0.065648 -0.112154 -0.666605
    51 1.747310 0.000004 0.000000 -0.074580 0.021053 -1.335361
    52 0.959961 0.000000 -0.000001 0.003325 -0.009470 -0.821513
    53 -3.756462 5.577850 2.053357 1.570803 -0.000001 0.000000
    54 -2.735646 -0.081365 5.727119 0.000007 0.000015 1.570796
    55 0.000001 5.662003 -0.974302 1.570804 -0.000001 0.000000
    56 -0.000002 -2.275002 5.113525 0.000000 0.000000 -3.141592
    57 -2.477620 5.416855 4.597564 1.570804 -0.000001 0.000000
    58 -1.515218 1.317776 5.998497 0.000000 0.000000 0.000000
    59 -2.455992 5.657928 -0.087295 1.570804 -0.000001 0.000000
    60 -1.485628 -1.617812 5.263969 0.000000 0.000000 3.141592
    61 3.756460 5.577858 2.053359 1.570803 -0.000001 0.000000
    62 2.735645 -0.081364 5.727116 0.000004 -0.000011 -1.570795
    63 2.477613 5.416855 4.597570 1.570804 -0.000001 0.000000
    64 1.515220 1.317777 5.998508 0.000000 0.000000 0.000000
    65 2.455991 5.657928 -0.087293 1.570804 -0.000001 0.000000
    66 1.485620 -1.617803 5.263973 0.000000 0.000000 -3.141592
    67 4.575642 5.632584 0.000132 0.000000 -1.570771 0.249128
    68 -0.000001 0.314078 5.161098 0.000000 0.000000 0.000000
    69 -0.000001 -0.323108 3.750217 0.000000 0.000000 0.000000
    70 5.734947 1.075212 4.685178 1.570830 -0.000004 -1.321669
    71 -0.753896 0.305901 4.971462 -0.000001 0.000002 0.000000
    72 -1.101006 -0.314705 3.448307 0.000001 0.000001 0.000000
    73 5.809101 -1.029643 4.595047 1.570829 -0.000004 -1.321671
    74 -0.714908 -0.199657 5.028973 0.000000 0.000003 0.000000
    75 -0.282898 -0.851690 4.444889 0.000000 0.000000 0.000000
    76 9.578484 -1.290738 0.000240 0.000000 1.570770 -2.892481
    77 9.369518 -1.236408 1.787905 0.000000 1.570770 -2.892481
    78 9.436707 -1.331719 -1.409029 0.000000 1.570770 -2.892477
    79 5.735191 1.075235 -4.684885 -1.570814 0.000004 1.819923
    80 0.753901 0.305904 4.971474 -0.000001 -0.000002 0.000000
    81 1.101010 -0.314705 3.448315 0.000000 -0.000001 0.000000
    82 5.809341 -1.029617 -4.594752 -1.570814 0.000004 1.819922
    83 0.714908 -0.199655 5.028969 0.000000 -0.000003 0.000000
    84 0.282897 -0.851688 4.444893 0.000000 0.000000 0.000000
  time 69
    0 0.089191 -0.187506 37.595099 1.623334 0.040496 -0.107492
    1 3.983847 0.002149 0.003401 -1.667585 -0.216708 -1.445556
    2 15.938816 -0.000100 -0.000005 -0.000009 -0.000002 0.325757
    3 17.707025 -0.000068 0.000003 -0.172694 -0.141218 -1.179855
    4 6.202515 0.003416 -0.000367 0.020235 -0.027684 -0.403515
    5 -3.983848 0.002149 0.003395 -1.529776 -0.078859 -1.485364
    6 15.938826 -0.000113 -0.000001 0.000002 0.000010 0.289158
    7 17.707031 0.000018 0.000000 0.168441 0.319674 -1.245120
    8 6.202710 0.003078 0.003745 -0.111788 0.023802 -0.468759
    9 -0.000001 4.209253 -1.688832 1.575205 0.087748 1.580474
    10 3.836055 0.000000 0.000000 -0.007730 0.044428 -0.032778
    11 3.617625 -0.000275 -0.000015 -0.009875 -0.033421 -0.021417
    12 7.537925 0.003588 -0.000212 0.030162 0.058105 0.298880
    13 3.181604 -0.002346 0.000028 3.176199 -0.053746 0.189970
    14 2.966416 0.000318 0.000023 0.076817 0.046403 0.143474
    15 2.023770 0.904983 0.850949 1.833153 -1.236044 2.559616
    16 4.980521 0.000781 -0.001089 -1.635674 0.351192 -1.154669
    17 11.119977 0.000007 0.000004 -0.000003 -0.106448 -0.285720
    18 11.205393 -0.000039 0.000000 1.529945 -0.096141 0.109553
    19 3.767578 0.152466 0.071350 0.161509 0.116810 -0.535178
    20 2.037109 0.000002 0.000000 -0.025500 -0.063436 -0.943058
    21 1.066406 -0.000004 0.000000 -0.001546 0.012034 -0.436579
    22 3.783203 -0.017258 0.794434 0.168904 -0.026920 -0.368804
    23 1.628906 0.000001 0.000000 -0.061251 0.003142 -0.834908
    24 0.955566 -0.000004 0.000000 -0.005388 -0.042122 -0.207875
    25 1.258789 -0.297852 1.251953 -1.291947 -0.539750 -0.506113
    26 1.392578 0.000001 -0.000004 0.001372 -0.188351 0.491767
    27 1.100942 0.000011 0.000000 0.009521 -0.039488 -0.040345
    28 3.548828 0.198730 -1.489258 0.122069 0.218121 -0.679757
    29 1.218750 0.000002 0.000002 0.002969 0.019929 -1.051738
    30 0.679688 0.000002 0.000004 0.028392 -0.181320 -0.761972
    31 3.697042 0.266204 -0.725138 0.148081 0.167551 -0.656351
    32 1.747315 -0.000008 -0.000001 -0.016843 -0.101072 -0.899610
    33 0.959961 0.000010 0.000001 -0.001254 0.009906 -0.608348
    34 2.023778 0.904982 -0.850921 -1.372622 1.180862 3.351239
    35 4.981625 0.002227 0.003236 1.368656 0.111148 -0.903991
    36 11.119975 -0.000005 0.000000 0.000001 0.050589 -0.290125
    37 11.205375 0.000073 0.000008 -1.636256 -0.035017 0.275538
    38 3.767578 0.151855 -0.072693 -0.061811 -0.104916 -0.601450
    39 2.036716 -0.000004 0.000000 -0.053356 0.002610 -1.343653
    40 1.063287 -0.000004 0.000001 0.243360 0.222169 -0.479551
    41 3.780812 -0.024988 -0.795569 0.145514 -0.103817 -0.523859
    42 1.628906 -0.000002 0.000001 -0.001787 -0.229023 -0.812505
    43 0.955566 -0.000004 0.000000 -0.124329 -0.037101 -0.833108
    44 1.258789 -0.308350 -1.250000 1.086305 0.326419 -0.551994
    45 1.392578 -0.000002 0.000001 -0.000831 -0.001842 0.382344
    46 1.099609 -0.000001 -0.000003 -0.008997 -0.009551 0.469381
    47 3.546538 0.208125 1.487114 0.074300 -0.032554 -0.676398
    48 1.218360 -0.000002 0.000000 0.021043 -0.138818 -0.847983
    49 0.681767 0.000000 -0.000002 -0.104179 0.098121 -1.071555
    50 3.697266 0.273682 0.726563 0.065648 -0.112154 -0.666605
    51 1.747310 0.000004 0.000000 -0.074580 0.021053 -1.335396
    52 0.959961 0.000000 -0.000001 0.003325 -0.009470 -0.821513
    53 -3.756462 5.577850 2.053357 1.570803 -0.000001 0.000000
    54 -2.735646 -0.081365 5.727119 0.000007 0.000015 1.570796
    55 0.000001 5.662003 -0.974302 1.570804 -0.000001 0.000000
    56 -0.000002 -2.275002 5.113525 0.000000 0.000000 -3.141592
    57 -2.477620 5.416855 4.597564 1.570804 -0.000001 0.000000
    58 -1.515218 1.317776 5.998497 0.000000 0.000000 0.000000
    59 -2.455992 5.657928 -0.087295 1.570804 -0.000001 0.000000
    60 -1.485628 -1.617812 5.263969 0.000000 0.000000 3.141592
    61 3.756460 5.577858 2.053359 1.570803 -0.000001 0.000000
    62 2.735645 -0.081364 5.727116 0.000004 -0.000011 -1.570795
    63 2.477613 5.416855 4.597570 1.570804 -0.000001 0.000000
    64 1.515220 1.317777 5.998508 0.000000 0.000000 0.000000
    65 2.455991 5.657928 -0.087293 1.570804 -0.000001 0.000000
    66 1.485620 -1.617803 5.263973 0.000000 0.000000 -3.141592
    67 4.575642 5.632584 0.000132 0.000000 -1.570771 0.249128
    68 -0.000001 0.314078 5.161098 0.000000 0.000000 0.000000
    69 -0.000001 -0.323108 3.750217 0.000000 0.000000 0.000000
    70 5.734947 1.075212 4.685178 1.570830 -0.000004 -1.321669
    71 -0.753896 0.305901 4.971462 -0.000001 0.000002 0.000000
    72 -1.101006 -0.314705 3.448307 0.000001 0.000001 0.000000
    73 5.809101 -1.029643 4.595047 1.570829 -0.000004 -1.321671
    74 -0.714908 -0.199657 5.028973 0.000000 0.000003 0.000000
    75 -0.282898 -0.851690 4.444889 0.000000 0.000000 0.000000
    76 9.578484 -1.290738 0.000240 0.000000 1.570770 -2.892481
    77 9.369518 -1.236408 1.787905 0.000000 1.570770 -2.892481
    78 9.436707 -1.331719 -1.409029 0.000000 1.570770 -2.892477
    79 5.735191 1.075235 -4.684885 -1.570814 0.000004 1.819923
    80 0.753901 0.305904 4.971474 -0.000001 -0.000002 0.000000
    81 1.101010 -0.314705 3.448315 0.000000 -0.000001 0.000000
    82 5.809341 -1.029617 -4.594752 -1.570814 0.000004 1.819922
    83 0.714908 -0.199655 5.028969 0.000000 -0.000003 0.000000
    84 0.282897 -0.851688 4.444893 0.000000 0.000000 0.000000
  time 70
    0 0.097003 -0.171880 37.595099 1.623910 0.040628 -0.106469
    1 3.983847 0.002149 0.003401 -1.666825 -0.217375 -1.445824
    2 15.938816 -0.000100 -0.000005 -0.000009 -0.000002 0.324546
    3 17.707025 -0.000068 0.000003 -0.172418 -0.141111 -1.178784
    4 6.202515 0.003416 -0.000367 0.020235 -0.027684 -0.403619
    5 -3.983848 0.002149 0.003395 -1.529107 -0.079460 -1.485364
    6 15.938826 -0.000113 -0.000001 0.000002 0.000010 0.288780
    7 17.707031 0.000018 0.000000 0.168758 0.319852 -1.244569
    8 6.202710 0.003078 0.003745 -0.111788 0.023802 -0.468759
    9 -0.000001 4.209253 -1.688832 1.574965 0.087688 1.581385
    10 3.836055 0.000000 0.000000 -0.007359 0.043098 -0.033006
    11 3.617625 -0.000275 -0.000015 -0.010139 -0.032390 -0.021417
    12 7.537925 0.003588 -0.000212 0.030426 0.057086 0.298377
    13 3.181604 -0.002346 0.000028 3.176678 -0.052632 0.191360
    14 2.966416 0.000318 0.000023 0.076589 0.046247 0.142249
    15 2.023770 0.904983 0.850949 1.839953 -1.238731 2.553452
    16 4.980521 0.000781 -0.001089 -1.637222 0.351934 -1.155494
    17 11.119977 0.000007 0.000004 -0.000003 -0.106448 -0.286349
    18 11.205393 -0.000039 0.000000 1.530233 -0.097589 0.109889
    19 3.767578 0.152466 0.071350 0.161509 0.116810 -0.535178
    20 2.037109 0.000002 0.000000 -0.025500 -0.063436 -0.943058
    21 1.066406 -0.000004 0.000000 -0.001546 0.012034 -0.436579
    22 3.783203 -0.017258 0.794434 0.168904 -0.026920 -0.368804
    23 1.628906 0.000001 0.000000 -0.061251 0.003142 -0.834908
    24 0.955566 -0.000004 0.000000 -0.005388 -0.042122 -0.207875
    25 1.258789 -0.297852 1.251953 -1.291947 -0.539750 -0.506113
    26 1.392578 0.000001 -0.000004 0.001372 -0.188351 0.491767
    27 1.100942 0.000011 0.000000 0.009521 -0.039488 -0.040345
    28 3.548828 0.198730 -1.489258 0.122069 0.218121 -0.679757
    29 1.218750 0.000002 0.000002 0.002969 0.019929 -1.051738
    30 0.679688 0.000002 0.000004 0.028392 -0.181320 -0.761972
    31 3.697042 0.266204 -0.725138 0.148081 0.167551 -0.656351
    32 1.747315 -0.000008 -0.000001 -0.016843 -0.101072 -0.899610
    33 0.959961 0.000010 0.000001 -0.001254 0.009906 -0.608348
    34 2.023778 0.904982 -0.850921 -1.370743 1.182410 3.353136
    35 4.981625 0.002227 0.003236 1.369275 0.110626 -0.904579
    36 11.119975 -0.000005 0.000000 0.000001 0.050589 -0.289684
    37 11.205375 0.000073 0.000008 -1.637163 -0.035340 0.275370
    38 3.767578 0.151855 -0.072693 -0.061811 -0.104916 -0.601450
    39 2.036716 -0.000004 0.000000 -0.053356 0.002610 -1.343653
    40 1.063287 -0.000004 0.000001 0.243360 0.222169 -0.479551
    41 3.780812 -0.024988 -0.795569 0.145514 -0.103817 -0.523859
    42 1.628906 -0.000002 0.000001 -0.001787 -0.229023 -0.812505
    43 0.955566 -0.000004 0.000000 -0.124329 -0.037101 -0.833108
    44 1.258789 -0.308350 -1.250000 1.086305 0.326419 -0.551994
    45 1.392578 -0.000002 0.000001 -0.000831 -0.001842 0.382344
    46 1.099609 -0.000001 -0.000003 -0.008997 -0.009551 0.469381
    47 3.546538 0.208125 1.487114 0.074271 -0.032495 -0.676338
    48 1.218360 -0.000002 0.000000 0.021043 -0.138818 -0.847983
    49 0.681767 0.000000 -0.000002 -0.104179 0.098121 -1.071555
    50 3.697266 0.273682 0.726563 0.065648 -0.112154 -0.666605
    51 1.747310 0.000004 0.000000 -0.074580 0.021053 -1.335361
    52 0.959961 0.000000 -0.000001 0.003325 -0.009470 -0.821513
    53 -3.756462 5.577850 2.053357 1.570803 -0.000001 0.000000
    54 -2.735646 -0.081365 5.727119 0.000007 0.000015 1.570796
    55 0.000001 5.662003 -0.974302 1.570804 -0.000001 0.000000
    56 -0.000002 -2.275002 5.113525 0.000000 0.000000 -3.141592
    57 -2.477620 5.416855 4.597564 1.570804 -0.000001 0.000000
    58 -1.515218 1.317776 5.998497 0.000000 0.000000 0.000000
    59 -2.455992 5.657928 -0.087295 1.570804 -0.000001 0.000000
    60 -1.485628 -1.617812 5.263969 0.000000 0.000000 3.141592
    61 3.756460 5.577858 2.053359 1.570803 -0.000001 0.000000
    62 2.735645 -0.081364 5.727116 0.000004 -0.000011 -1.570795
    63 2.477613 5.416855 4.597570 1.570804 -0.000001 0.000000
    64 1.515220 1.317777 5.998508 0.000000 0.000000 0.000000
    65 2.455991 5.657928 -0.087293 1.570804 -0.000001 0.000000
    66 1.485620 -1.617803 5.263973 0.000000 0.000000 -3.141592
    67 4.575642 5.632584 0.000132 0.000000 -1.570771 0.249128
    68 -0.000001 0.314078 5.161098 0.000000 0.000000 0.000000
    69 -0.000001 -0.323108 3.750217 0.000000 0.000000 0.000000
    70 5.734947 1.075212 4.685178 1.570830 -0.000004 -1.321669
    71 -0.753896 0.305901 4.971462 -0.000001 0.000002 0.000000
    72 -1.101006 -0.314705 3.448307 0.000001 0.000001 0.000000
    73 5.809101 -1.029643 4.595047 1.570829 -0.000004 -1.321671
    74 -0.714908 -0.199657 5.028973 0.000000 0.000003 0.000000
    75 -0.282898 -0.851690 4.444889 0.000000 0.000000 0.000000
    76 9.578484 -1.290738 0.000240 0.000000 1.570770 -2.892481
    77 9.369518 -1.236408 1.787905 0.000000 1.570770 -2.892481
    78 9.436707 -1.331719 -1.409029 0.000000 1.570770 -2.892477
    79 5.735191 1.075235 -4.684885 -1.570814 0.000004 1.819923
    80 0.753901 0.305904 4.971474 -0.000001 -0.000002 0.000000
    81 1.101010 -0.314705 3.448315 0.000000 -0.000001 0.000000
    82 5.809341 -1.029617 -4.594752 -1.570814 0.000004 1.819922
    83 0.714908 -0.199655 5.028969 0.000000 -0.000003 0.000000
    84 0.282897 -0.851688 4.444893 0.000000 0.000000 0.000000
  time 71
    0 0.104816 -0.160161 37.626350 1.624485 0.040544 -0.105447
    1 3.983847 0.002149 0.003401 -1.666065 -0.218043 -1.446271
    2 15.938816 -0.000100 -0.000005 -0.000009 -0.000002 0.323207
    3 17.707025 -0.000068 0.000003 -0.172170 -0.141133 -1.177713
    4 6.202515 0.003416 -0.000367 0.020235 -0.027684 -0.403757
    5 -3.983848 0.002149 0.003395 -1.528343 -0.080190 -1.485457
    6 15.938826 -0.000113 -0.000001 0.000002 0.000010 0.288276
    7 17.707031 0.000018 0.000000 0.169144 0.319977 -1.243856
    8 6.202710 0.003078 0.003745 -0.111788 0.023802 -0.468759
    9 -0.000001 4.209253 -1.688832 1.574581 0.087566 1.582727
    10 3.836055 0.000000 0.000000 -0.006963 0.041204 -0.033234
    11 3.617625 -0.000275 -0.000015 -0.010330 -0.031539 -0.021558
    12 7.537925 0.003588 -0.000212 0.031145 0.055876 0.297622
    13 3.181604 -0.002346 0.000028 3.176007 -0.050774 0.193338
    14 2.966416 0.000318 0.000023 0.076170 0.046283 0.141024
    15 2.023770 0.904983 0.850949 1.849503 -1.241662 2.544479
    16 4.980521 0.000781 -0.001089 -1.639493 0.353216 -1.156205
    17 11.119977 0.000007 0.000004 -0.000003 -0.106448 -0.287321
    18 11.205393 -0.000039 0.000000 1.531241 -0.097771 0.110368
    19 3.767578 0.152466 0.071350 0.161509 0.116810 -0.535178
    20 2.037109 0.000002 0.000000 -0.025500 -0.063436 -0.943058
    21 1.066406 -0.000004 0.000000 -0.001546 0.012034 -0.436579
    22 3.783203 -0.017258 0.794434 0.168904 -0.026920 -0.368804
    23 1.628906 0.000001 0.000000 -0.061251 0.003142 -0.834908
    24 0.955566 -0.000004 0.000000 -0.005388 -0.042122 -0.207875
    25 1.258789 -0.297852 1.251953 -1.291947 -0.539750 -0.506113
    26 1.392578 0.000001 -0.000004 0.001372 -0.188351 0.491767
    27 1.100942 0.000011 0.000000 0.009521 -0.039488 -0.040345
    28 3.548828 0.198730 -1.489258 0.122069 0.218121 -0.679757
    29 1.218750 0.000002 0.000002 0.002969 0.019929 -1.051738
    30 0.679688 0.000002 0.000004 0.028392 -0.181320 -0.761972
    31 3.697042 0.266204 -0.725138 0.148081 0.167551 -0.656351
    32 1.747315 -0.000008 -0.000001 -0.016843 -0.101072 -0.899610
    33 0.959961 0.000010 0.000001 -0.001254 0.009906 -0.608348
    34 2.023778 0.904982 -0.850921 -1.368708 1.183061 3.355033
    35 4.981625 0.002227 0.003236 1.369842 0.110324 -0.904784
    36 11.119975 -0.000005 0.000000 0.000001 0.050589 -0.289684
    37 11.205375 0.000073 0.000008 -1.636733 -0.035508 0.275658
    38 3.767578 0.151855 -0.072693 -0.061811 -0.104916 -0.601450
    39 2.036716 -0.000004 0.000000 -0.053356 0.002610 -1.343653
    40 1.063287 -0.000004 0.000001 0.243360 0.222169 -0.479551
    41 3.780812 -0.024988 -0.795569 0.145514 -0.103817 -0.523859
    42 1.628906 -0.000002 0.000001 -0.001787 -0.229023 -0.812505
    43 0.955566 -0.000004 0.000000 -0.124329 -0.037101 -0.833108
    44 1.258789 -0.308350 -1.250000 1.086305 0.326419 -0.551994
    45 1.392578 -0.000002 0.000001 -0.000831 -0.001842 0.382344
    46 1.099609 -0.000001 -0.000003 -0.008997 -0.009551 0.469381
    47 3.546538 0.208125 1.487114 0.074185 -0.032399 -0.676290
    48 1.218360 -0.000002 0.000000 0.021043 -0.138818 -0.847983
    49 0.681767 0.000000 -0.000002 -0.104179 0.098121 -1.071555
    50 3.697266 0.273682 0.726563 0.065648 -0.112154 -0.666605
    51 1.747310 0.000004 0.000000 -0.074580 0.021053 -1.335361
    52 0.959961 0.000000 -0.000001 0.003325 -0.009470 -0.821513
    53 -3.756462 5.577850 2.053357 1.570803 -0.000001 0.000000
    54 -2.735646 -0.081365 5.727119 0.000007 0.000015 1.570796
    55 0.000001 5.662003 -0.974302 1.570804 -0.000001 0.000000
    56 -0.000002 -2.275002 5.113525 0.000000 0.000000 -3.141592
    57 -2.477620 5.416855 4.597564 1.570804 -0.000001 0.000000
    58 -1.515218 1.317776 5.998497 0.000000 0.000000 0.000000
    59 -2.455992 5.657928 -0.087295 1.570804 -0.000001 0.000000
    60 -1.485628 -1.617812 5.263969 0.000000 0.000000 3.141592
    61 3.756460 5.577858 2.053359 1.570803 -0.000001 0.000000
    62 2.735645 -0.081364 5.727116 0.000004 -0.000011 -1.570795
    63 2.477613 5.416855 4.597570 1.570804 -0.000001 0.000000
    64 1.515220 1.317777 5.998508 0.000000 0.000000 0.000000
    65 2.455991 5.657928 -0.087293 1.570804 -0.000001 0.000000
    66 1.485620 -1.617803 5.263973 0.000000 0.000000 -3.141592
    67 4.575642 5.632584 0.000132 0.000000 -1.570771 0.249128
    68 -0.000001 0.314078 5.161098 0.000000 0.000000 0.000000
    69 -0.000001 -0.323108 3.750217 0.000000 0.000000 0.000000
    70 5.734947 1.075212 4.685178 1.570830 -0.000004 -1.321669
    71 -0.753896 0.305901 4.971462 -0.000001 0.000002 0.000000
    72 -1.101006 -0.314705 3.448307 0.000001 0.000001 0.000000
    73 5.809101 -1.029643 4.595047 1.570829 -0.000004 -1.321671
    74 -0.714908 -0.199657 5.028973 0.000000 0.000003 0.000000
    75 -0.282898 -0.851690 4.444889 0.000000 0.000000 0.000000
    76 9.578484 -1.290738 0.000240 0.000000 1.570770 -2.892481
    77 9.369518 -1.236408 1.787905 0.000000 1.570770 -2.892481
    78 9.436707 -1.331719 -1.409029 0.000000 1.570770 -2.892477
    79 5.735191 1.075235 -4.684885 -1.570814 0.000004 1.819923
    80 0.753901 0.305904 4.971474 -0.000001 -0.000002 0.000000
    81 1.101010 -0.314705 3.448315 0.000000 -0.000001 0.000000
    82 5.809341 -1.029617 -4.594752 -1.570814 0.000004 1.819922
    83 0.714908 -0.199655 5.028969 0.000000 -0.000003 0.000000
    84 0.282897 -0.851688 4.444893 0.000000 0.000000 0.000000
  time 72
    0 0.116535 -0.152348 37.626350 1.624964 0.040628 -0.104488
    1 3.983847 0.002149 0.003401 -1.665210 -0.218399 -1.446718
    2 15.938816 -0.000100 -0.000005 -0.000009 -0.000002 0.321868
    3 17.707025 -0.000068 0.000003 -0.171950 -0.141196 -1.176612
    4 6.202515 0.003416 -0.000367 0.020235 -0.027684 -0.403861
    5 -3.983848 0.002149 0.003395 -1.527674 -0.080662 -1.485551
    6 15.938826 -0.000113 -0.000001 0.000002 0.000010 0.287709
    7 17.707031 0.000018 0.000000 0.169642 0.320084 -1.243304
    8 6.202710 0.003078 0.003745 -0.111788 0.023802 -0.468759
    9 -0.000001 4.209253 -1.688832 1.574294 0.087385 1.583686
    10 3.836055 0.000000 0.000000 -0.006640 0.039682 -0.033474
    11 3.617625 -0.000275 -0.000015 -0.010570 -0.030748 -0.021783
    12 7.537925 0.003588 -0.000212 0.031517 0.055205 0.296891
    13 3.181604 -0.002346 0.000028 3.176103 -0.049444 0.195207
    14 2.966416 0.000318 0.000023 0.075846 0.045852 0.140071
    15 2.023770 0.904983 0.850949 1.857553 -1.244065 2.536956
    16 4.980521 0.000781 -0.001089 -1.640886 0.354464 -1.156831
    17 11.119977 0.000007 0.000004 -0.000003 -0.106448 -0.288979
    18 11.205393 -0.000039 0.000000 1.532058 -0.097504 0.111854
    19 3.767578 0.152466 0.071350 0.161509 0.116810 -0.535178
    20 2.037109 0.000002 0.000000 -0.025500 -0.063436 -0.943058
    21 1.066406 -0.000004 0.000000 -0.001546 0.012034 -0.436579
    22 3.783203 -0.017258 0.794434 0.168904 -0.026920 -0.368804
    23 1.628906 0.000001 0.000000 -0.061251 0.003142 -0.834908
    24 0.955566 -0.000004 0.000000 -0.005388 -0.042122 -0.207875
    25 1.258789 -0.297852 1.251953 -1.291947 -0.539750 -0.506113
    26 1.392578 0.000001 -0.000004 0.001372 -0.188351 0.491767
    27 1.100942 0.000011 0.000000 0.009521 -0.039488 -0.040345
    28 3.548828 0.198730 -1.489258 0.122069 0.218121 -0.679757
    29 1.218750 0.000002 0.000002 0.002969 0.019929 -1.051738
    30 0.679688 0.000002 0.000004 0.028392 -0.181320 -0.761972
    31 3.697042 0.266204 -0.725138 0.148081 0.167551 -0.656351
    32 1.747315 -0.000008 -0.000001 -0.016843 -0.101072 -0.899610
    33 0.959961 0.000010 0.000001 -0.001254 0.009906 -0.608348
    34 2.023778 0.904982 -0.850921 -1.366046 1.184649 3.357562
    35 4.981625 0.002227 0.003236 1.370771 0.110049 -0.905725
    36 11.119975 -0.000005 0.000000 0.000001 0.050589 -0.289684
    37 11.205375 0.000073 0.000008 -1.636065 -0.035796 0.276533
    38 3.767578 0.151855 -0.072693 -0.061811 -0.104916 -0.601450
    39 2.036716 -0.000004 0.000000 -0.053356 0.002610 -1.343653
    40 1.063287 -0.000004 0.000001 0.243360 0.222169 -0.479551
    41 3.780812 -0.024988 -0.795569 0.145514 -0.103817 -0.523859
    42 1.628906 -0.000002 0.000001 -0.001787 -0.229023 -0.812505
    43 0.955566 -0.000004 0.000000 -0.124329 -0.037101 -0.833108
    44 1.258789 -0.308350 -1.250000 1.086305 0.326419 -0.551994
    45 1.392578 -0.000002 0.000001 -0.000831 -0.001842 0.382344
    46 1.099609 -0.000001 -0.000003 -0.008997 -0.009551 0.469381
    47 3.546538 0.208125 1.487114 0.074142 -0.032315 -0.676230
    48 1.218360 -0.000002 0.000000 0.021043 -0.138818 -0.847983
    49 0.681767 0.000000 -0.000002 -0.104179 0.098121 -1.071555
    50 3.697266 0.273682 0.726563 0.065648 -0.112154 -0.666605
    51 1.747310 0.000004 0.000000 -0.074580 0.021053 -1.335361
    52 0.959961 0.000000 -0.000001 0.003325 -0.009470 -0.821513
    53 -3.756462 5.577850 2.053357 1.570803 -0.000001 0.000000
    54 -2.735646 -0.081365 5.727119 0.000007 0.000015 1.570796
    55 0.000001 5.662003 -0.974302 1.570804 -0.000001 0.000000
    56 -0.000002 -2.275002 5.113525 0.000000 0.000000 -3.141592
    57 -2.477620 5.416855 4.597564 1.570804 -0.000001 0.000000
    58 -1.515218 1.317776 5.998497 0.000000 0.000000 0.000000
    59 -2.455992 5.657928 -0.087295 1.570804 -0.000001 0.000000
    60 -1.485628 -1.617812 5.263969 0.000000 0.000000 3.141592
    61 3.756460 5.577858 2.053359 1.570803 -0.000001 0.000000
    62 2.735645 -0.081364 5.727116 0.000004 -0.000011 -1.570795
    63 2.477613 5.416855 4.597570 1.570804 -0.000001 0.000000
    64 1.515220 1.317777 5.998508 0.000000 0.000000 0.000000
    65 2.455991 5.657928 -0.087293 1.570804 -0.000001 0.000000
    66 1.485620 -1.617803 5.263973 0.000000 0.000000 -3.141592
    67 4.575642 5.632584 0.000132 0.000000 -1.570771 0.249128
    68 -0.000001 0.314078 5.161098 0.000000 0.000000 0.000000
    69 -0.000001 -0.323108 3.750217 0.000000 0.000000 0.000000
    70 5.734947 1.075212 4.685178 1.570830 -0.000004 -1.321669
    71 -0.753896 0.305901 4.971462 -0.000001 0.000002 0.000000
    72 -1.101006 -0.314705 3.448307 0.000001 0.000001 0.000000
    73 5.809101 -1.029643 4.595047 1.570829 -0.000004 -1.321671
    74 -0.714908 -0.199657 5.028973 0.000000 0.000003 0.000000
    75 -0.282898 -0.851690 4.444889 0.000000 0.000000 0.000000
    76 9.578484 -1.290738 0.000240 0.000000 1.570770 -2.892481
    77 9.369518 -1.236408 1.787905 0.000000 1.570770 -2.892481
    78 9.436707 -1.331719 -1.409029 0.000000 1.570770 -2.892477
    79 5.735191 1.075235 -4.684885 -1.570814 0.000004 1.819923
    80 0.753901 0.305904 4.971474 -0.000001 -0.000002 0.000000
    81 1.101010 -0.314705 3.448315 0.000000 -0.000001 0.000000
    82 5.809341 -1.029617 -4.594752 -1.570814 0.000004 1.819922
    83 0.714908 -0.199655 5.028969 0.000000 -0.000003 0.000000
    84 0.282897 -0.851688 4.444893 0.000000 0.000000 0.000000
  time 73
    0 0.124348 -0.140629 37.626350 1.625492 0.040544 -0.103594
    1 3.983847 0.002149 0.003401 -1.664260 -0.218710 -1.447165
    2 15.938816 -0.000100 -0.000005 -0.000009 -0.000002 0.320338
    3 17.707025 -0.000068 0.000003 -0.171702 -0.141260 -1.175357
    4 6.202515 0.003416 -0.000367 0.020235 -0.027684 -0.403965
    5 -3.983848 0.002149 0.003395 -1.527101 -0.081135 -1.485832
    6 15.938826 -0.000113 -0.000001 0.000002 0.000010 0.286953
    7 17.707031 0.000018 0.000000 0.170118 0.320173 -1.242720
    8 6.202710 0.003078 0.003745 -0.111788 0.023802 -0.468759
    9 -0.000001 4.209253 -1.688832 1.573958 0.087163 1.584309
    10 3.836055 0.000000 0.000000 -0.006244 0.038160 -0.033833
    11 3.617625 -0.000275 -0.000015 -0.010882 -0.029837 -0.022037
    12 7.537925 0.003588 -0.000212 0.031672 0.054761 0.296148
    13 3.181604 -0.002346 0.000028 3.176103 -0.048449 0.197029
    14 2.966416 0.000318 0.000023 0.075571 0.045432 0.139299
    15 2.023770 0.904983 0.850949 1.865453 -1.246385 2.529705
    16 4.980521 0.000781 -0.001089 -1.641763 0.355814 -1.157429
    17 11.119977 0.000007 0.000004 -0.000003 -0.106448 -0.291323
    18 11.205393 -0.000039 0.000000 1.533066 -0.097321 0.113951
    19 3.767578 0.152466 0.071350 0.161509 0.116810 -0.535178
    20 2.037109 0.000002 0.000000 -0.025500 -0.063436 -0.943058
    21 1.066406 -0.000004 0.000000 -0.001546 0.012034 -0.436579
    22 3.783203 -0.017258 0.794434 0.168904 -0.026920 -0.368804
    23 1.628906 0.000001 0.000000 -0.061251 0.003142 -0.834908
    24 0.955566 -0.000004 0.000000 -0.005388 -0.042122 -0.207875
    25 1.258789 -0.297852 1.251953 -1.291947 -0.539750 -0.506113
    26 1.392578 0.000001 -0.000004 0.001372 -0.188351 0.491767
    27 1.100942 0.000011 0.000000 0.009521 -0.039488 -0.040345
    28 3.548828 0.198730 -1.489258 0.122069 0.218121 -0.679757
    29 1.218750 0.000002 0.000002 0.002969 0.019929 -1.051738
    30 0.679688 0.000002 0.000004 0.028392 -0.181320 -0.761972
    31 3.697042 0.266204 -0.725138 0.148081 0.167551 -0.656351
    32 1.747315 -0.000008 -0.000001 -0.016831 -0.101072 -0.899610
    33 0.959961 0.000010 0.000001 -0.001254 0.009906 -0.608348
    34 2.023778 0.904982 -0.850921 -1.362967 1.186481 3.360362
    35 4.981625 0.002227 0.003236 1.371803 0.109912 -0.907076
    36 11.119975 -0.000005 0.000000 0.000001 0.050589 -0.289936
    37 11.205375 0.000073 0.000008 -1.635779 -0.036203 0.277815
    38 3.767578 0.151855 -0.072693 -0.061811 -0.104916 -0.601450
    39 2.036716 -0.000004 0.000000 -0.053356 0.002610 -1.343653
    40 1.063287 -0.000004 0.000001 0.243360 0.222169 -0.479551
    41 3.780812 -0.024988 -0.795569 0.145514 -0.103817 -0.523859
    42 1.628906 -0.000002 0.000001 -0.001787 -0.229023 -0.812505
    43 0.955566 -0.000004 0.000000 -0.124329 -0.037101 -0.833108
    44 1.258789 -0.308350 -1.250000 1.086305 0.326419 -0.551994
    45 1.392578 -0.000002 0.000001 -0.000831 -0.001842 0.382344
    46 1.099609 -0.000001 -0.000003 -0.008997 -0.009551 0.469381
    47 3.546538 0.208125 1.487114 0.074113 -0.032243 -0.676230
    48 1.218360 -0.000002 0.000000 0.021043 -0.138818 -0.847983
    49 0.681767 0.000000 -0.000002 -0.104179 0.098121 -1.071555
    50 3.697266 0.273682 0.726563 0.065648 -0.112154 -0.666605
    51 1.747310 0.000004 0.000000 -0.074580 0.021053 -1.335361
    52 0.959961 0.000000 -0.000001 0.003325 -0.009470 -0.821513
    53 -3.756462 5.577850 2.053357 1.570803 -0.000001 0.000000
    54 -2.735646 -0.081365 5.727119 0.000007 0.000015 1.570796
    55 0.000001 5.662003 -0.974302 1.570804 -0.000001 0.000000
    56 -0.000002 -2.275002 5.113525 0.000000 0.000000 -3.141592
    57 -2.477620 5.416855 4.597564 1.570804 -0.000001 0.000000
    58 -1.515218 1.317776 5.998497 0.000000 0.000000 0.000000
    59 -2.455992 5.657928 -0.087295 1.570804 -0.000001 0.000000
    60 -1.485628 -1.617812 5.263969 0.000000 0.000000 3.141592
    61 3.756460 5.577858 2.053359 1.570803 -0.000001 0.000000
    62 2.735645 -0.081364 5.727116 0.000004 -0.000011 -1.570795
    63 2.477613 5.416855 4.597570 1.570804 -0.000001 0.000000
    64 1.515220 1.317777 5.998508 0.000000 0.000000 0.000000
    65 2.455991 5.657928 -0.087293 1.570804 -0.000001 0.000000
    66 1.485620 -1.617803 5.263973 0.000000 0.000000 -3.141592
    67 4.575642 5.632584 0.000132 0.000000 -1.570771 0.249128
    68 -0.000001 0.314078 5.161098 0.000000 0.000000 0.000000
    69 -0.000001 -0.323108 3.750217 0.000000 0.000000 0.000000
    70 5.734947 1.075212 4.685178 1.570830 -0.000004 -1.321669
    71 -0.753896 0.305901 4.971462 -0.000001 0.000002 0.000000
    72 -1.101006 -0.314705 3.448307 0.000001 0.000001 0.000000
    73 5.809101 -1.029643 4.595047 1.570829 -0.000004 -1.321671
    74 -0.714908 -0.199657 5.028973 0.000000 0.000003 0.000000
    75 -0.282898 -0.851690 4.444889 0.000000 0.000000 0.000000
    76 9.578484 -1.290738 0.000240 0.000000 1.570770 -2.892481
    77 9.369518 -1.236408 1.787905 0.000000 1.570770 -2.892481
    78 9.436707 -1.331719 -1.409029 0.000000 1.570770 -2.892477
    79 5.735191 1.075235 -4.684885 -1.570814 0.000004 1.819923
    80 0.753901 0.305904 4.971474 -0.000001 -0.000002 0.000000
    81 1.101010 -0.314705 3.448315 0.000000 -0.000001 0.000000
    82 5.809341 -1.029617 -4.594752 -1.570814 0.000004 1.819922
    83 0.714908 -0.199655 5.028969 0.000000 -0.000003 0.000000
    84 0.282897 -0.851688 4.444893 0.000000 0.000000 0.000000
  time 74
    0 0.136067 -0.136723 37.626350 1.626067 0.040496 -0.102955
    1 3.983847 0.002149 0.003401 -1.663595 -0.218844 -1.447702
    2 15.938816 -0.000100 -0.000005 -0.000009 -0.000002 0.318681
    3 17.707025 -0.000068 0.000003 -0.171482 -0.141430 -1.174287
    4 6.202515 0.003416 -0.000367 0.020235 -0.027684 -0.403965
    5 -3.983848 0.002149 0.003395 -1.526623 -0.081650 -1.486207
    6 15.938826 -0.000113 -0.000001 0.000002 0.000010 0.286197
    7 17.707031 0.000018 0.000000 0.170685 0.320298 -1.242007
    8 6.202710 0.003078 0.003745 -0.111788 0.023802 -0.468641
    9 -0.000001 4.209253 -1.688832 1.573958 0.086799 1.584836
    10 3.836055 0.000000 0.000000 -0.005933 0.036758 -0.034169
    11 3.617625 -0.000275 -0.000015 -0.011313 -0.028747 -0.022403
    12 7.537925 0.003588 -0.000212 0.031493 0.054546 0.295513
    13 3.181604 -0.002346 0.000028 3.175240 -0.047634 0.198575
    14 2.966416 0.000318 0.000023 0.075103 0.044677 0.137983
    15 2.023770 0.904983 0.850949 1.870803 -1.248340 2.524720
    16 4.980521 0.000781 -0.001089 -1.642434 0.357231 -1.157685
    17 11.119977 0.000007 0.000004 -0.000003 -0.106448 -0.294354
    18 11.205393 -0.000039 0.000000 1.533594 -0.095570 0.116001
    19 3.767578 0.152466 0.071350 0.161509 0.116810 -0.535178
    20 2.037109 0.000002 0.000000 -0.025500 -0.063436 -0.943058
    21 1.066406 -0.000004 0.000000 -0.001546 0.012034 -0.436579
    22 3.783203 -0.017258 0.794434 0.168904 -0.026920 -0.368804
    23 1.628906 0.000001 0.000000 -0.061251 0.003142 -0.834908
    24 0.955566 -0.000004 0.000000 -0.005388 -0.042122 -0.207875
    25 1.258789 -0.297852 1.251953 -1.291947 -0.539750 -0.506113
    26 1.392578 0.000001 -0.000004 0.001372 -0.188351 0.491767
    27 1.100942 0.000011 0.000000 0.009521 -0.039488 -0.040345
    28 3.548828 0.198730 -1.489258 0.122069 0.218121 -0.679757
    29 1.218750 0.000002 0.000002 0.002969 0.019929 -1.051738
    30 0.679688 0.000002 0.000004 0.028392 -0.181320 -0.761972
    31 3.697042 0.266204 -0.725138 0.148081 0.167551 -0.656351
    32 1.747315 -0.000008 -0.000001 -0.016831 -0.101072 -0.899610
    33 0.959961 0.000010 0.000001 -0.001254 0.009906 -0.608348
    34 2.023778 0.904982 -0.850921 -1.360357 1.188924 3.362800
    35 4.981625 0.002227 0.003236 1.373041 0.109774 -0.909103
    36 11.119975 -0.000005 0.000000 0.000001 0.050589 -0.290567
    37 11.205375 0.000073 0.000008 -1.634777 -0.035796 0.279673
    38 3.767578 0.151855 -0.072693 -0.061811 -0.104916 -0.601450
    39 2.036716 -0.000004 0.000000 -0.053356 0.002610 -1.343653
    40 1.063287 -0.000004 0.000001 0.243360 0.222169 -0.479551
    41 3.780812 -0.024988 -0.795569 0.145514 -0.103817 -0.523859
    42 1.628906 -0.000002 0.000001 -0.001787 -0.229023 -0.812505
    43 0.955566 -0.000004 0.000000 -0.124329 -0.037101 -0.833108
    44 1.258789 -0.308350 -1.250000 1.086305 0.326419 -0.551994
    45 1.392578 -0.000002 0.000001 -0.000831 -0.001842 0.382344
    46 1.099609 -0.000001 -0.000003 -0.008997 -0.009551 0.469381
    47 3.546538 0.208125 1.487114 0.074027 -0.032159 -0.676170
    48 1.218360 -0.000002 0.000000 0.021043 -0.138818 -0.847983
    49 0.681767 0.000000 -0.000002 -0.104179 0.098121 -1.071555
    50 3.697266 0.273682 0.726563 0.065648 -0.112154 -0.666605
    51 1.747310 0.000004 0.000000 -0.074580 0.021053 -1.335361
    52 0.959961 0.000000 -0.000001 0.003325 -0.009470 -0.821513
    53 -3.756462 5.577850 2.053357 1.570803 -0.000001 0.000000
    54 -2.735646 -0.081365 5.727119 0.000007 0.000015 1.570796
    55 0.000001 5.662003 -0.974302 1.570804 -0.000001 0.000000
    56 -0.000002 -2.275002 5.113525 0.000000 0.000000 -3.141592
    57 -2.477620 5.416855 4.597564 1.570804 -0.000001 0.000000
    58 -1.515218 1.317776 5.998497 0.000000 0.000000 0.000000
    59 -2.455992 5.657928 -0.087295 1.570804 -0.000001 0.000000
    60 -1.485628 -1.617812 5.263969 0.000000 0.000000 3.141592
    61 3.756460 5.577858 2.053359 1.570803 -0.000001 0.000000
    62 2.735645 -0.081364 5.727116 0.000004 -0.000011 -1.570795
    63 2.477613 5.416855 4.597570 1.570804 -0.000001 0.000000
    64 1.515220 1.317777 5.998508 0.000000 0.000000 0.000000
    65 2.455991 5.657928 -0.087293 1.570804 -0.000001 0.000000
    66 1.485620 -1.617803 5.263973 0.000000 0.000000 -3.141592
    67 4.575642 5.632584 0.000132 0.000000 -1.570771 0.249128
    68 -0.000001 0.314078 5.161098 0.000000 0.000000 0.000000
    69 -0.000001 -0.323108 3.750217 0.000000 0.000000 0.000000
    70 5.734947 1.075212 4.685178 1.570830 -0.000004 -1.321669
    71 -0.753896 0.305901 4.971462 -0.000001 0.000002 0.000000
    72 -1.101006 -0.314705 3.448307 0.000001 0.000001 0.000000
    73 5.809101 -1.029643 4.595047 1.570829 -0.000004 -1.321671
    74 -0.714908 -0.199657 5.028973 0.000000 0.000003 0.000000
    75 -0.282898 -0.851690 4.444889 0.000000 0.000000 0.000000
    76 9.578484 -1.290738 0.000240 0.000000 1.570770 -2.892481
    77 9.369518 -1.236408 1.787905 0.000000 1.570770 -2.892481
    78 9.436707 -1.331719 -1.409029 0.000000 1.570770 -2.892477
    79 5.735191 1.075235 -4.684885 -1.570814 0.000004 1.819923
    80 0.753901 0.305904 4.971474 -0.000001 -0.000002 0.000000
    81 1.101010 -0.314705 3.448315 0.000000 -0.000001 0.000000
    82 5.809341 -1.029617 -4.594752 -1.570814 0.000004 1.819922
    83 0.714908 -0.199655 5.028969 0.000000 -0.000003 0.000000
    84 0.282897 -0.851688 4.444893 0.000000 0.000000 0.000000
  time 75
    0 0.143880 -0.128910 37.626350 1.626642 0.040328 -0.102635
    1 3.983847 0.002149 0.003401 -1.663120 -0.218933 -1.448327
    2 15.938816 -0.000100 -0.000005 -0.000009 -0.000002 0.316960
    3 17.707025 -0.000068 0.000003 -0.171372 -0.141684 -1.173185
    4 6.202515 0.003416 -0.000367 0.020235 -0.027684 -0.403861
    5 -3.983848 0.002149 0.003395 -1.526528 -0.081951 -1.486488
    6 15.938826 -0.000113 -0.000001 0.000002 0.000010 0.285505
    7 17.707031 0.000018 0.000000 0.171252 0.320262 -1.241229
    8 6.202710 0.003078 0.003745 -0.111788 0.023802 -0.468641
    9 -0.000001 4.209253 -1.688832 1.574294 0.086496 1.584644
    10 3.836055 0.000000 0.000000 -0.005741 0.035907 -0.034792
    11 3.617625 -0.000275 -0.000015 -0.011697 -0.027464 -0.022769
    12 7.537925 0.003588 -0.000212 0.030786 0.054785 0.294890
    13 3.181604 -0.002346 0.000028 3.174185 -0.047910 0.199689
    14 2.966416 0.000318 0.000023 0.074600 0.043682 0.136258
    15 2.023770 0.904983 0.850949 1.872353 -1.249887 2.523270
    16 4.980521 0.000781 -0.001089 -1.642692 0.358512 -1.157913
    17 11.119977 0.000007 0.000004 -0.000003 -0.106448 -0.297441
    18 11.205393 -0.000039 0.000000 1.533402 -0.093575 0.117715
    19 3.767578 0.152466 0.071350 0.161509 0.116810 -0.535178
    20 2.037109 0.000002 0.000000 -0.025500 -0.063436 -0.943058
    21 1.066406 -0.000004 0.000000 -0.001546 0.012034 -0.436579
    22 3.783203 -0.017258 0.794434 0.168904 -0.026920 -0.368804
    23 1.628906 0.000001 0.000000 -0.061251 0.003142 -0.834908
    24 0.955566 -0.000004 0.000000 -0.005388 -0.042122 -0.207875
    25 1.258789 -0.297852 1.251953 -1.291947 -0.539750 -0.506113
    26 1.392578 0.000001 -0.000004 0.001372 -0.188351 0.491767
    27 1.100942 0.000011 0.000000 0.009521 -0.039488 -0.040345
    28 3.548828 0.198730 -1.489258 0.122069 0.218121 -0.679757
    29 1.218750 0.000002 0.000002 0.002969 0.019929 -1.051738
    30 0.679688 0.000002 0.000004 0.028392 -0.181320 -0.761972
    31 3.697042 0.266204 -0.725138 0.148081 0.167551 -0.656351
    32 1.747315 -0.000008 -0.000001 -0.016831 -0.101072 -0.899610
    33 0.959961 0.000010 0.000001 -0.001254 0.009906 -0.608348
    34 2.023778 0.904982 -0.850921 -1.357905 1.192833 3.365149
    35 4.981625 0.002227 0.003236 1.374177 0.109692 -0.911865
    36 11.119975 -0.000005 0.000000 0.000001 0.050589 -0.290819
    37 11.205375 0.000073 0.000008 -1.632916 -0.034933 0.279733
    38 3.767578 0.151855 -0.072693 -0.061811 -0.104916 -0.601450
    39 2.036716 -0.000004 0.000000 -0.053356 0.002610 -1.343653
    40 1.063287 -0.000004 0.000001 0.243360 0.222169 -0.479551
    41 3.780812 -0.024988 -0.795569 0.145514 -0.103817 -0.523859
    42 1.628906 -0.000002 0.000001 -0.001787 -0.229023 -0.812505
    43 0.955566 -0.000004 0.000000 -0.124329 -0.037101 -0.833108
    44 1.258789 -0.308350 -1.250000 1.086305 0.326419 -0.551994
    45 1.392578 -0.000002 0.000001 -0.000831 -0.001842 0.382344
    46 1.099609 -0.000001 -0.000003 -0.008997 -0.009551 0.469381
    47 3.546538 0.208125 1.487114 0.073927 -0.032027 -0.676230
    48 1.218360 -0.000002 0.000000 0.021043 -0.138818 -0.847983
    49 0.681767 0.000000 -0.000002 -0.104179 0.098121 -1.071555
    50 3.697266 0.273682 0.726563 0.065648 -0.112154 -0.666605
    51 1.747310 0.000004 0.000000 -0.074580 0.021053 -1.335361
    52 0.959961 0.000000 -0.000001 0.003325 -0.009470 -0.821513
    53 -3.756462 5.577850 2.053357 1.570803 -0.000001 0.000000
    54 -2.735646 -0.081365 5.727119 0.000007 0.000015 1.570796
    55 0.000001 5.662003 -0.974302 1.570804 -0.000001 0.000000
    56 -0.000002 -2.275002 5.113525 0.000000 0.000000 -3.141592
    57 -2.477620 5.416855 4.597564 1.570804 -0.000001 0.000000
    58 -1.515218 1.317776 5.998497 0.000000 0.000000 0.000000
    59 -2.455992 5.657928 -0.087295 1.570804 -0.000001 0.000000
    60 -1.485628 -1.617812 5.263969 0.000000 0.000000 3.141592
    61 3.756460 5.577858 2.053359 1.570803 -0.000001 0.000000
    62 2.735645 -0.081364 5.727116 0.000004 -0.000011 -1.570795
    63 2.477613 5.416855 4.597570 1.570804 -0.000001 0.000000
    64 1.515220 1.317777 5.998508 0.000000 0.000000 0.000000
    65 2.455991 5.657928 -0.087293 1.570804 -0.000001 0.000000
    66 1.485620 -1.617803 5.263973 0.000000 0.000000 -3.141592
    67 4.575642 5.632584 0.000132 0.000000 -1.570771 0.249128
    68 -0.000001 0.314078 5.161098 0.000000 0.000000 0.000000
    69 -0.000001 -0.323108 3.750217 0.000000 0.000000 0.000000
    70 5.734947 1.075212 4.685178 1.570830 -0.000004 -1.321669
    71 -0.753896 0.305901 4.971462 -0.000001 0.000002 0.000000
    72 -1.101006 -0.314705 3.448307 0.000001 0.000001 0.000000
    73 5.809101 -1.029643 4.595047 1.570829 -0.000004 -1.321671
    74 -0.714908 -0.199657 5.028973 0.000000 0.000003 0.000000
    75 -0.282898 -0.851690 4.444889 0.000000 0.000000 0.000000
    76 9.578484 -1.290738 0.000240 0.000000 1.570770 -2.892481
    77 9.369518 -1.236408 1.787905 0.000000 1.570770 -2.892481
    78 9.436707 -1.331719 -1.409029 0.000000 1.570770 -2.892477
    79 5.735191 1.075235 -4.684885 -1.570814 0.000004 1.819923
    80 0.753901 0.305904 4.971474 -0.000001 -0.000002 0.000000
    81 1.101010 -0.314705 3.448315 0.000000 -0.000001 0.000000
    82 5.809341 -1.029617 -4.594752 -1.570814 0.000004 1.819922
    83 0.714908 -0.199655 5.028969 0.000000 -0.000003 0.000000
    84 0.282897 -0.851688 4.444893 0.000000 0.000000 0.000000
  time 76
    0 0.155599 -0.125004 37.626350 1.627121 0.040064 -0.102699
    1 3.983847 0.002149 0.003401 -1.662930 -0.218844 -1.449043
    2 15.938816 -0.000100 -0.000005 -0.000009 -0.000002 0.315111
    3 17.707025 -0.000068 0.000003 -0.171234 -0.142215 -1.172053
    4 6.202515 0.003416 -0.000367 0.020235 -0.027684 -0.403757
    5 -3.983848 0.002149 0.003395 -1.526623 -0.082337 -1.487050
    6 15.938826 -0.000113 -0.000001 0.000002 0.000010 0.284497
    7 17.707031 0.000018 0.000000 0.171728 0.320030 -1.240418
    8 6.202710 0.003078 0.003745 -0.111788 0.023802 -0.468759
    9 -0.000001 4.209253 -1.688832 1.574773 0.085991 1.584597
    10 3.836055 0.000000 0.000000 -0.005549 0.035296 -0.035391
    11 3.617625 -0.000275 -0.000015 -0.012068 -0.026254 -0.023276
    12 7.537925 0.003588 -0.000212 0.030055 0.055025 0.294123
    13 3.181604 -0.002346 0.000028 3.172364 -0.048233 0.200612
    14 2.966416 0.000318 0.000023 0.074324 0.042795 0.134715
    15 2.023770 0.904983 0.850949 1.873103 -1.251271 2.522816
    16 4.980521 0.000781 -0.001089 -1.642692 0.359592 -1.158083
    17 11.119977 0.000007 0.000004 -0.000003 -0.106448 -0.300243
    18 11.205393 -0.000039 0.000000 1.532490 -0.092626 0.119297
    19 3.767578 0.152466 0.071350 0.161509 0.116810 -0.535178
    20 2.037109 0.000002 0.000000 -0.025500 -0.063436 -0.943058
    21 1.066406 -0.000004 0.000000 -0.001546 0.012034 -0.436579
    22 3.783203 -0.017258 0.794434 0.168904 -0.026920 -0.368804
    23 1.628906 0.000001 0.000000 -0.061251 0.003142 -0.834908
    24 0.955566 -0.000004 0.000000 -0.005388 -0.042122 -0.207875
    25 1.258789 -0.297852 1.251953 -1.291947 -0.539750 -0.506113
    26 1.392578 0.000001 -0.000004 0.001372 -0.188351 0.491767
    27 1.100942 0.000011 0.000000 0.009521 -0.039488 -0.040345
    28 3.548828 0.198730 -1.489258 0.122069 0.218121 -0.679757
    29 1.218750 0.000002 0.000002 0.002969 0.019929 -1.051738
    30 0.679688 0.000002 0.000004 0.028392 -0.181320 -0.761972
    31 3.697042 0.266204 -0.725138 0.148081 0.167551 -0.656351
    32 1.747315 -0.000008 -0.000001 -0.016831 -0.101072 -0.899610
    33 0.959961 0.000010 0.000001 -0.001254 0.009906 -0.608348
    34 2.023778 0.904982 -0.850921 -1.355765 1.196660 3.367136
    35 4.981625 0.002227 0.003236 1.375312 0.109692 -0.914921
    36 11.119975 -0.000005 0.000000 0.000001 0.050589 -0.291071
    37 11.205375 0.000073 0.000008 -1.631627 -0.033375 0.278223
    38 3.767578 0.151855 -0.072693 -0.061811 -0.104916 -0.601450
    39 2.036716 -0.000004 0.000000 -0.053356 0.002610 -1.343694
    40 1.063287 -0.000004 0.000001 0.243360 0.222169 -0.479551
    41 3.780812 -0.024988 -0.795569 0.145514 -0.103817 -0.523859
    42 1.628906 -0.000002 0.000001 -0.001787 -0.229023 -0.812505
    43 0.955566 -0.000004 0.000000 -0.124329 -0.037101 -0.833108
    44 1.258789 -0.308350 -1.250000 1.086305 0.326419 -0.551994
    45 1.392578 -0.000002 0.000001 -0.000831 -0.001842 0.382344
    46 1.099609 -0.000001 -0.000003 -0.008997 -0.009551 0.469381
    47 3.546538 0.208125 1.487114 0.073783 -0.031907 -0.676458
    48 1.218360 -0.000002 0.000000 0.021043 -0.138818 -0.847983
    49 0.681767 0.000000 -0.000002 -0.104179 0.098121 -1.071555
    50 3.697266 0.273682 0.726563 0.065648 -0.112154 -0.666605
    51 1.747310 0.000004 0.000000 -0.074580 0.021053 -1.335396
    52 0.959961 0.000000 -0.000001 0.003325 -0.009470 -0.821513
    53 -3.756462 5.577850 2.053357 1.570803 -0.000001 0.000000
    54 -2.735646 -0.081365 5.727119 0.000007 0.000015 1.570796
    55 0.000001 5.662003 -0.974302 1.570804 -0.000001 0.000000
    56 -0.000002 -2.275002 5.113525 0.000000 0.000000 -3.141592
    57 -2.477620 5.416855 4.597564 1.570804 -0.000001 0.000000
    58 -1.515218 1.317776 5.998497 0.000000 0.000000 0.000000
    59 -2.455992 5.657928 -0.087295 1.570804 -0.000001 0.000000
    60 -1.485628 -1.617812 5.263969 0.000000 0.000000 3.141592
    61 3.756460 5.577858 2.053359 1.570803 -0.000001 0.000000
    62 2.735645 -0.081364 5.727116 0.000004 -0.000011 -1.570795
    63 2.477613 5.416855 4.597570 1.570804 -0.000001 0.000000
    64 1.515220 1.317777 5.998508 0.000000 0.000000 0.000000
    65 2.455991 5.657928 -0.087293 1.570804 -0.000001 0.000000
    66 1.485620 -1.617803 5.263973 0.000000 0.000000 -3.141592
    67 4.575642 5.632584 0.000132 0.000000 -1.570771 0.249128
    68 -0.000001 0.314078 5.161098 0.000000 0.000000 0.000000
    69 -0.000001 -0.323108 3.750217 0.000000 0.000000 0.000000
    70 5.734947 1.075212 4.685178 1.570830 -0.000004 -1.321669
    71 -0.753896 0.305901 4.971462 -0.000001 0.000002 0.000000
    72 -1.101006 -0.314705 3.448307 0.000001 0.000001 0.000000
    73 5.809101 -1.029643 4.595047 1.570829 -0.000004 -1.321671
    74 -0.714908 -0.199657 5.028973 0.000000 0.000003 0.000000
    75 -0.282898 -0.851690 4.444889 0.000000 0.000000 0.000000
    76 9.578484 -1.290738 0.000240 0.000000 1.570770 -2.892481
    77 9.369518 -1.236408 1.787905 0.000000 1.570770 -2.892481
    78 9.436707 -1.331719 -1.409029 0.000000 1.570770 -2.892477
    79 5.735191 1.075235 -4.684885 -1.570814 0.000004 1.819923
    80 0.753901 0.305904 4.971474 -0.000001 -0.000002 0.000000
    81 1.101010 -0.314705 3.448315 0.000000 -0.000001 0.000000
    82 5.809341 -1.029617 -4.594752 -1.570814 0.000004 1.819922
    83 0.714908 -0.199655 5.028969 0.000000 -0.000003 0.000000
    84 0.282897 -0.851688 4.444893 0.000000 0.000000 0.000000
  time 77
    0 0.167318 -0.125004 37.626350 1.627840 0.039717 -0.102955
    1 3.983847 0.002149 0.003401 -1.662550 -0.218577 -1.449847
    2 15.938816 -0.000100 -0.000005 -0.000009 -0.000002 0.313071
    3 17.707025 -0.000068 0.000003 -0.171152 -0.142894 -1.170983
    4 6.202515 0.003416 -0.000367 0.020235 -0.027684 -0.403757
    5 -3.983848 0.002149 0.003395 -1.526719 -0.082766 -1.487706
    6 15.938826 -0.000113 -0.000001 0.000002 0.000010 0.283426
    7 17.707031 0.000018 0.000000 0.172272 0.319531 -1.239672
    8 6.202710 0.003078 0.003745 -0.111788 0.023802 -0.468759
    9 -0.000001 4.209253 -1.688832 1.574965 0.085567 1.585076
    10 3.836055 0.000000 0.000000 -0.005309 0.034253 -0.035990
    11 3.617625 -0.000275 -0.000015 -0.012260 -0.025523 -0.023755
    12 7.537925 0.003588 -0.000212 0.029923 0.054438 0.293116
    13 3.181604 -0.002346 0.000028 3.172076 -0.046711 0.201703
    14 2.966416 0.000318 0.000023 0.073773 0.042652 0.133399
    15 2.023770 0.904983 0.850949 1.876653 -1.252900 2.519372
    16 4.980521 0.000781 -0.001089 -1.643570 0.360638 -1.158709
    17 11.119977 0.000007 0.000004 -0.000003 -0.106448 -0.302587
    18 11.205393 -0.000039 0.000000 1.531530 -0.093052 0.120723
    19 3.767578 0.152466 0.071350 0.161509 0.116810 -0.535178
    20 2.037109 0.000002 0.000000 -0.025500 -0.063436 -0.943058
    21 1.066406 -0.000004 0.000000 -0.001546 0.012034 -0.436579
    22 3.783203 -0.017258 0.794434 0.168904 -0.026920 -0.368804
    23 1.628906 0.000001 0.000000 -0.061251 0.003142 -0.834908
    24 0.955566 -0.000004 0.000000 -0.005388 -0.042122 -0.207875
    25 1.258789 -0.297852 1.251953 -1.291947 -0.539750 -0.506113
    26 1.392578 0.000001 -0.000004 0.001372 -0.188351 0.491767
    27 1.100942 0.000011 0.000000 0.009521 -0.039488 -0.040345
    28 3.548828 0.198730 -1.489258 0.122069 0.218121 -0.679757
    29 1.218750 0.000002 0.000002 0.002969 0.019929 -1.051738
    30 0.679688 0.000002 0.000004 0.028392 -0.181320 -0.761972
    31 3.697042 0.266204 -0.725138 0.148081 0.167551 -0.656351
    32 1.747315 -0.000008 -0.000001 -0.016831 -0.101072 -0.899610
    33 0.959961 0.000010 0.000001 -0.001254 0.009906 -0.608348
    34 2.023778 0.904982 -0.850921 -1.353938 1.199062 3.368852
    35 4.981625 0.002227 0.003236 1.376189 0.109719 -0.917036
    36 11.119975 -0.000005 0.000000 0.000001 0.050589 -0.291450
    37 11.205375 0.000073 0.000008 -1.630530 -0.032716 0.276593
    38 3.767578 0.151855 -0.072693 -0.061811 -0.104916 -0.601450
    39 2.036716 -0.000004 0.000000 -0.053356 0.002610 -1.343653
    40 1.063287 -0.000004 0.000001 0.243360 0.222169 -0.479551
    41 3.780812 -0.024988 -0.795569 0.145514 -0.103817 -0.523859
    42 1.628906 -0.000002 0.000001 -0.001787 -0.229023 -0.812505
    43 0.955566 -0.000004 0.000000 -0.124329 -0.037101 -0.833108
    44 1.258789 -0.308350 -1.250000 1.086305 0.326419 -0.551994
    45 1.392578 -0.000002 0.000001 -0.000831 -0.001842 0.382344
    46 1.099609 -0.000001 -0.000003 -0.008997 -0.009551 0.469381
    47 3.546538 0.208125 1.487114 0.073683 -0.031835 -0.676685
    48 1.218360 -0.000002 0.000000 0.021043 -0.138818 -0.847983
    49 0.681767 0.000000 -0.000002 -0.104179 0.098121 -1.071555
    50 3.697266 0.273682 0.726563 0.065648 -0.112154 -0.666605
    51 1.747310 0.000004 0.000000 -0.074580 0.021053 -1.335361
    52 0.959961 0.000000 -0.000001 0.003325 -0.009470 -0.821513
    53 -3.756462 5.577850 2.053357 1.570803 -0.000001 0.000000
    54 -2.735646 -0.081365 5.727119 0.000007 0.000015 1.570796
    55 0.000001 5.662003 -0.974302 1.570804 -0.000001 0.000000
    56 -0.000002 -2.275002 5.113525 0.000000 0.000000 -3.141592
    57 -2.477620 5.416855 4.597564 1.570804 -0.000001 0.000000
    58 -1.515218 1.317776 5.998497 0.000000 0.000000 0.000000
    59 -2.455992 5.657928 -0.087295 1.570804 -0.000001 0.000000
    60 -1.485628 -1.617812 5.263969 0.000000 0.000000 3.141592
    61 3.756460 5.577858 2.053359 1.570803 -0.000001 0.000000
    62 2.735645 -0.081364 5.727116 0.000004 -0.000011 -1.570795
    63 2.477613 5.416855 4.597570 1.570804 -0.000001 0.000000
    64 1.515220 1.317777 5.998508 0.000000 0.000000 0.000000
    65 2.455991 5.657928 -0.087293 1.570804 -0.000001 0.000000
    66 1.485620 -1.617803 5.263973 0.000000 0.000000 -3.141592
    67 4.575642 5.632584 0.000132 0.000000 -1.570771 0.249128
    68 -0.000001 0.314078 5.161098 0.000000 0.000000 0.000000
    69 -0.000001 -0.323108 3.750217 0.000000 0.000000 0.000000
    70 5.734947 1.075212 4.685178 1.570830 -0.000004 -1.321669
    71 -0.753896 0.305901 4.971462 -0.000001 0.000002 0.000000
    72 -1.101006 -0.314705 3.448307 0.000001 0.000001 0.000000
    73 5.809101 -1.029643 4.595047 1.570829 -0.000004 -1.321671
    74 -0.714908 -0.199657 5.028973 0.000000 0.000003 0.000000
    75 -0.282898 -0.851690 4.444889 0.000000 0.000000 0.000000
    76 9.578484 -1.290738 0.000240 0.000000 1.570770 -2.892481
    77 9.369518 -1.236408 1.787905 0.000000 1.570770 -2.892481
    78 9.436707 -1.331719 -1.409029 0.000000 1.570770 -2.892477
    79 5.735191 1.075235 -4.684885 -1.570814 0.000004 1.819923
    80 0.753901 0.305904 4.971474 -0.000001 -0.000002 0.000000
    81 1.101010 -0.314705 3.448315 0.000000 -0.000001 0.000000
    82 5.809341 -1.029617 -4.594752 -1.570814 0.000004 1.819922
    83 0.714908 -0.199655 5.028969 0.000000 -0.000003 0.000000
    84 0.282897 -0.851688 4.444893 0.000000 0.000000 0.000000
  time 78
    0 0.182943 -0.121097 37.657601 1.628512 0.039321 -0.103530
    1 3.983847 0.002149 0.003401 -1.662455 -0.218221 -1.450563
    2 15.938816 -0.000100 -0.000005 -0.000009 -0.000002 0.311158
    3 17.707025 -0.000068 0.000003 -0.171124 -0.143806 -1.169820
    4 6.202515 0.003416 -0.000367 0.020235 -0.027684 -0.403757
    5 -3.983848 0.002149 0.003395 -1.526814 -0.083153 -1.488455
    6 15.938826 -0.000113 -0.000001 0.000002 0.000010 0.282419
    7 17.707031 0.000018 0.000000 0.172770 0.318995 -1.238861
    8 6.202710 0.003078 0.003745 -0.111788 0.023802 -0.468759
    9 -0.000001 4.209253 -1.688832 1.574965 0.085164 1.585843
    10 3.836055 0.000000 0.000000 -0.004926 0.032983 -0.036470
    11 3.617625 -0.000275 -0.000015 -0.012452 -0.024864 -0.024121
    12 7.537925 0.003588 -0.000212 0.030031 0.053575 0.292121
    13 3.181604 -0.002346 0.000028 3.172076 -0.044926 0.202602
    14 2.966416 0.000318 0.000023 0.073258 0.042807 0.132401
    15 2.023770 0.904983 0.850949 1.881453 -1.254813 2.514931
    16 4.980521 0.000781 -0.001089 -1.644498 0.361549 -1.159705
    17 11.119977 0.000007 0.000004 -0.000003 -0.106448 -0.304589
    18 11.205393 -0.000039 0.000000 1.530041 -0.094341 0.122161
    19 3.767578 0.152466 0.071350 0.161509 0.116810 -0.535178
    20 2.037109 0.000002 0.000000 -0.025500 -0.063436 -0.943058
    21 1.066406 -0.000004 0.000000 -0.001546 0.012034 -0.436579
    22 3.783203 -0.017258 0.794434 0.168904 -0.026920 -0.368804
    23 1.628906 0.000001 0.000000 -0.061251 0.003142 -0.834908
    24 0.955566 -0.000004 0.000000 -0.005388 -0.042122 -0.207875
    25 1.258789 -0.297852 1.251953 -1.291947 -0.539750 -0.506113
    26 1.392578 0.000001 -0.000004 0.001372 -0.188351 0.491767
    27 1.100942 0.000011 0.000000 0.009521 -0.039488 -0.040345
    28 3.548828 0.198730 -1.489258 0.122069 0.218121 -0.679757
    29 1.218750 0.000002 0.000002 0.002969 0.019929 -1.051738
    30 0.679688 0.000002 0.000004 0.028392 -0.181320 -0.761972
    31 3.697042 0.266204 -0.725138 0.148081 0.167551 -0.656351
    32 1.747315 -0.000008 -0.000001 -0.016831 -0.101072 -0.899610
    33 0.959961 0.000010 0.000001 -0.001254 0.009906 -0.608348
    34 2.023778 0.904982 -0.850921 -1.352529 1.201057 3.370207
    35 4.981625 0.002227 0.003236 1.376963 0.109939 -0.919064
    36 11.119975 -0.000005 0.000000 0.000001 0.050589 -0.291954
    37 11.205375 0.000073 0.000008 -1.629528 -0.033039 0.275838
    38 3.767578 0.151855 -0.072693 -0.061811 -0.104916 -0.601450
    39 2.036716 -0.000004 0.000000 -0.053356 0.002610 -1.343653
    40 1.063287 -0.000004 0.000001 0.243360 0.222169 -0.479551
    41 3.780812 -0.024988 -0.795569 0.145514 -0.103817 -0.523859
    42 1.628906 -0.000002 0.000001 -0.001787 -0.229023 -0.812505
    43 0.955566 -0.000004 0.000000 -0.124329 -0.037101 -0.833108
    44 1.258789 -0.308350 -1.250000 1.086305 0.326419 -0.551994
    45 1.392578 -0.000002 0.000001 -0.000831 -0.001842 0.382344
    46 1.099609 -0.000001 -0.000003 -0.008997 -0.009551 0.469381
    47 3.546538 0.208125 1.487114 0.073626 -0.031811 -0.676853
    48 1.218360 -0.000002 0.000000 0.021043 -0.138818 -0.847983
    49 0.681767 0.000000 -0.000002 -0.104179 0.098121 -1.071555
    50 3.697266 0.273682 0.726563 0.065648 -0.112154 -0.666605
    51 1.747310 0.000004 0.000000 -0.074580 0.021053 -1.335361
    52 0.959961 0.000000 -0.000001 0.003325 -0.009470 -0.821513
    53 -3.756462 5.577850 2.053357 1.570803 -0.000001 0.000000
    54 -2.735646 -0.081365 5.727119 0.000007 0.000015 1.570796
    55 0.000001 5.662003 -0.974302 1.570804 -0.000001 0.000000
    56 -0.000002 -2.275002 5.113525 0.000000 0.000000 -3.141592
    57 -2.477620 5.416855 4.597564 1.570804 -0.000001 0.000000
    58 -1.515218 1.317776 5.998497 0.000000 0.000000 0.000000
    59 -2.455992 5.657928 -0.087295 1.570804 -0.000001 0.000000
    60 -1.485628 -1.617812 5.263969 0.000000 0.000000 3.141592
    61 3.756460 5.577858 2.053359 1.570803 -0.000001 0.000000
    62 2.735645 -0.081364 5.727116 0.000004 -0.000011 -1.570795
    63 2.477613 5.416855 4.597570 1.570804 -0.000001 0.000000
    64 1.515220 1.317777 5.998508 0.000000 0.000000 0.000000
    65 2.455991 5.657928 -0.087293 1.570804 -0.000001 0.000000
    66 1.485620 -1.617803 5.263973 0.000000 0.000000 -3.141592
    67 4.575642 5.632584 0.000132 0.000000 -1.570771 0.249128
    68 -0.000001 0.314078 5.161098 0.000000 0.000000 0.000000
    69 -0.000001 -0.323108 3.750217 0.000000 0.000000 0.000000
    70 5.734947 1.075212 4.685178 1.570830 -0.000004 -1.321669
    71 -0.753896 0.305901 4.971462 -0.000001 0.000002 0.000000
    72 -1.101006 -0.314705 3.448307 0.000001 0.000001 0.000000
    73 5.809101 -1.029643 4.595047 1.570829 -0.000004 -1.321671
    74 -0.714908 -0.199657 5.028973 0.000000 0.000003 0.000000
    75 -0.282898 -0.851690 4.444889 0.000000 0.000000 0.000000
    76 9.578484 -1.290738 0.000240 0.000000 1.570770 -2.892481
    77 9.369518 -1.236408 1.787905 0.000000 1.570770 -2.892481
    78 9.436707 -1.331719 -1.409029 0.000000 1.570770 -2.892477
    79 5.735191 1.075235 -4.684885 -1.570814 0.000004 1.819923
    80 0.753901 0.305904 4.971474 -0.000001 -0.000002 0.000000
    81 1.101010 -0.314705 3.448315 0.000000 -0.000001 0.000000
    82 5.809341 -1.029617 -4.594752 -1.570814 0.000004 1.819922
    83 0.714908 -0.199655 5.028969 0.000000 -0.000003 0.000000
    84 0.282897 -0.851688 4.444893 0.000000 0.000000 0.000000
  time 79
    0 0.194663 -0.121097 37.657601 1.629231 0.039106 -0.104233
    1 3.983847 0.002149 0.003401 -1.662455 -0.218176 -1.451457
    2 15.938816 -0.000100 -0.000005 -0.000009 -0.000002 0.309373
    3 17.707025 -0.000068 0.000003 -0.171069 -0.144697 -1.168933
    4 6.202515 0.003416 -0.000367 0.020235 -0.027684 -0.403757
    5 -3.983848 0.002149 0.003395 -1.527101 -0.083582 -1.489204
    6 15.938826 -0.000113 -0.000001 0.000002 0.000010 0.281474
    7 17.707031 0.000018 0.000000 0.173178 0.318299 -1.238050
    8 6.202710 0.003078 0.003745 -0.111788 0.023790 -0.468895
    9 -0.000001 4.209253 -1.688832 1.575013 0.084740 1.586706
    10 3.836055 0.000000 0.000000 -0.004542 0.031581 -0.037069
    11 3.617625 -0.000275 -0.000015 -0.012619 -0.024073 -0.024627
    12 7.537925 0.003588 -0.000212 0.030150 0.052880 0.291246
    13 3.181604 -0.002346 0.000028 3.171117 -0.043679 0.203189
    14 2.966416 0.000318 0.000023 0.072934 0.042987 0.131629
    15 2.023770 0.904983 0.850949 1.885553 -1.256930 2.511215
    16 4.980521 0.000781 -0.001089 -1.645531 0.362122 -1.161099
    17 11.119977 0.000007 0.000004 -0.000003 -0.106448 -0.306533
    18 11.205393 -0.000039 0.000000 1.530137 -0.095521 0.122724
    19 3.767578 0.152466 0.071350 0.161509 0.116810 -0.535178
    20 2.037109 0.000002 0.000000 -0.025500 -0.063436 -0.943058
    21 1.066406 -0.000004 0.000000 -0.001546 0.012034 -0.436579
    22 3.783203 -0.017258 0.794434 0.168904 -0.026920 -0.368804
    23 1.628906 0.000001 0.000000 -0.061251 0.003142 -0.834908
    24 0.955566 -0.000004 0.000000 -0.005388 -0.042122 -0.207875
    25 1.258789 -0.297852 1.251953 -1.291947 -0.539750 -0.506113
    26 1.392578 0.000001 -0.000004 0.001372 -0.188351 0.491767
    27 1.100942 0.000011 0.000000 0.009521 -0.039488 -0.040345
    28 3.548828 0.198730 -1.489258 0.122069 0.218121 -0.679757
    29 1.218750 0.000002 0.000002 0.002969 0.019929 -1.051738
    30 0.679688 0.000002 0.000004 0.028392 -0.181320 -0.761972
    31 3.697042 0.266204 -0.725138 0.148081 0.167551 -0.656364
    32 1.747315 -0.000008 -0.000001 -0.016843 -0.101072 -0.899610
    33 0.959961 0.000010 0.000001 -0.001254 0.009906 -0.608348
    34 2.023778 0.904982 -0.850921 -1.351277 1.203500 3.371561
    35 4.981625 0.002227 0.003236 1.377737 0.110104 -0.921444
    36 11.119975 -0.000005 0.000000 0.000001 0.050589 -0.292206
    37 11.205375 0.000073 0.000008 -1.628525 -0.033495 0.275718
    38 3.767578 0.151855 -0.072693 -0.061811 -0.104916 -0.601450
    39 2.036716 -0.000004 0.000000 -0.053356 0.002610 -1.343653
    40 1.063287 -0.000004 0.000001 0.243360 0.222169 -0.479551
    41 3.780812 -0.024988 -0.795569 0.145514 -0.103817 -0.523859
    42 1.628906 -0.000002 0.000001 -0.001787 -0.229023 -0.812505
    43 0.955566 -0.000004 0.000000 -0.124329 -0.037101 -0.833108
    44 1.258789 -0.308350 -1.250000 1.086305 0.326419 -0.551994
    45 1.392578 -0.000002 0.000001 -0.000831 -0.001842 0.382344
    46 1.099609 -0.000001 -0.000003 -0.008997 -0.009551 0.469381
    47 3.546538 0.208125 1.487114 0.073597 -0.031811 -0.676973
    48 1.218360 -0.000002 0.000000 0.021043 -0.138818 -0.847983
    49 0.681767 0.000000 -0.000002 -0.104179 0.098121 -1.071555
    50 3.697266 0.273682 0.726563 0.065648 -0.112154 -0.666605
    51 1.747310 0.000004 0.000000 -0.074580 0.021053 -1.335361
    52 0.959961 0.000000 -0.000001 0.003325 -0.009470 -0.821513
    53 -3.756462 5.577850 2.053357 1.570803 -0.000001 0.000000
    54 -2.735646 -0.081365 5.727119 0.000007 0.000015 1.570796
    55 0.000001 5.662003 -0.974302 1.570804 -0.000001 0.000000
    56 -0.000002 -2.275002 5.113525 0.000000 0.000000 -3.141592
    57 -2.477620 5.416855 4.597564 1.570804 -0.000001 0.000000
    58 -1.515218 1.317776 5.998497 0.000000 0.000000 0.000000
    59 -2.455992 5.657928 -0.087295 1.570804 -0.000001 0.000000
    60 -1.485628 -1.617812 5.263969 0.000000 0.000000 3.141592
    61 3.756460 5.577858 2.053359 1.570803 -0.000001 0.000000
    62 2.735645 -0.081364 5.727116 0.000004 -0.000011 -1.570795
    63 2.477613 5.416855 4.597570 1.570804 -0.000001 0.000000
    64 1.515220 1.317777 5.998508 0.000000 0.000000 0.000000
    65 2.455991 5.657928 -0.087293 1.570804 -0.000001 0.000000
    66 1.485620 -1.617803 5.263973 0.000000 0.000000 -3.141592
    67 4.575642 5.632584 0.000132 0.000000 -1.570771 0.249128
    68 -0.000001 0.314078 5.161098 0.000000 0.000000 0.000000
    69 -0.000001 -0.323108 3.750217 0.000000 0.000000 0.000000
    70 5.734947 1.075212 4.685178 1.570830 -0.000004 -1.321669
    71 -0.753896 0.305901 4.971462 -0.000001 0.000002 0.000000
    72 -1.101006 -0.314705 3.448307 0.000001 0.000001 0.000000
    73 5.809101 -1.029643 4.595047 1.570829 -0.000004 -1.321671
    74 -0.714908 -0.199657 5.028973 0.000000 0.000003 0.000000
    75 -0.282898 -0.851690 4.444889 0.000000 0.000000 0.000000
    76 9.578484 -1.290738 0.000240 0.000000 1.570770 -2.892481
    77 9.369518 -1.236408 1.787905 0.000000 1.570770 -2.892481
    78 9.436707 -1.331719 -1.409029 0.000000 1.570770 -2.892477
    79 5.735191 1.075235 -4.684885 -1.570814 0.000004 1.819923
    80 0.753901 0.305904 4.971474 -0.000001 -0.000002 0.000000
    81 1.101010 -0.314705 3.448315 0.000000 -0.000001 0.000000
    82 5.809341 -1.029617 -4.594752 -1.570814 0.000004 1.819922
    83 0.714908 -0.199655 5.028969 0.000000 -0.000003 0.000000
    84 0.282897 -0.851688 4.444893 0.000000 0.000000 0.000000
  time 80
    0 0.210288 -0.121097 37.657601 1.629950 0.038842 -0.105063
    1 3.983847 0.002149 0.003401 -1.662550 -0.218132 -1.451993
    2 15.938816 -0.000100 -0.000005 -0.000009 -0.000002 0.307843
    3 17.707025 -0.000068 0.000003 -0.171014 -0.145567 -1.168260
    4 6.202515 0.003416 -0.000367 0.020235 -0.027684 -0.403757
    5 -3.983848 0.002149 0.003395 -1.527387 -0.084055 -1.489767
    6 15.938826 -0.000113 -0.000001 0.000002 0.000010 0.280655
    7 17.707031 0.000018 0.000000 0.173632 0.317657 -1.237110
    8 6.202710 0.003078 0.003745 -0.111788 0.023778 -0.469014
    9 -0.000001 4.209253 -1.688832 1.575109 0.084437 1.587425
    10 3.836055 0.000000 0.000000 -0.004231 0.030430 -0.037429
    11 3.617625 -0.000275 -0.000015 -0.012763 -0.023402 -0.024994
    12 7.537925 0.003588 -0.000212 0.030282 0.052257 0.290252
    13 3.181604 -0.002346 0.000028 3.171213 -0.042720 0.203488
    14 2.966416 0.000318 0.000023 0.072706 0.043095 0.131266
    15 2.023770 0.904983 0.850949 1.889704 -1.259007 2.507499
    16 4.980521 0.000781 -0.001089 -1.646098 0.362493 -1.162778
    17 11.119977 0.000007 0.000004 -0.000003 -0.106448 -0.308534
    18 11.205393 -0.000039 0.000000 1.530857 -0.096445 0.123204
    19 3.767578 0.152466 0.071350 0.161509 0.116810 -0.535178
    20 2.037109 0.000002 0.000000 -0.025500 -0.063436 -0.943058
    21 1.066406 -0.000004 0.000000 -0.001546 0.012034 -0.436579
    22 3.783203 -0.017258 0.794434 0.168904 -0.026920 -0.368804
    23 1.628906 0.000001 0.000000 -0.061251 0.003142 -0.834908
    24 0.955566 -0.000004 0.000000 -0.005388 -0.042122 -0.207875
    25 1.258789 -0.297852 1.251953 -1.291947 -0.539750 -0.506113
    26 1.392578 0.000001 -0.000004 0.001372 -0.188351 0.491767
    27 1.100942 0.000011 0.000000 0.009521 -0.039488 -0.040345
    28 3.548828 0.198730 -1.489258 0.122069 0.218121 -0.679757
    29 1.218750 0.000002 0.000002 0.002969 0.019929 -1.051738
    30 0.679688 0.000002 0.000004 0.028392 -0.181320 -0.761972
    31 3.697042 0.266204 -0.725138 0.148081 0.167551 -0.656364
    32 1.747315 -0.000008 -0.000001 -0.016843 -0.101072 -0.899610
    33 0.959961 0.000010 0.000001 -0.001254 0.009906 -0.608348
    34 2.023778 0.904982 -0.850921 -1.350024 1.206025 3.372555
    35 4.981625 0.002227 0.003236 1.378459 0.110434 -0.924205
    36 11.119975 -0.000005 0.000000 0.000001 0.050589 -0.292522
    37 11.205375 0.000073 0.000008 -1.626664 -0.033830 0.275142
    38 3.767578 0.151855 -0.072693 -0.061811 -0.104916 -0.601450
    39 2.036716 -0.000004 0.000000 -0.053356 0.002610 -1.343694
    40 1.063287 -0.000004 0.000001 0.243360 0.222169 -0.479551
    41 3.780812 -0.024988 -0.795569 0.145514 -0.103817 -0.523859
    42 1.628906 -0.000002 0.000001 -0.001787 -0.229023 -0.812505
    43 0.955566 -0.000004 0.000000 -0.124329 -0.037101 -0.833108
    44 1.258789 -0.308350 -1.250000 1.086305 0.326419 -0.551994
    45 1.392578 -0.000002 0.000001 -0.000831 -0.001842 0.382344
    46 1.099609 -0.000001 -0.000003 -0.008997 -0.009551 0.469381
    47 3.546538 0.208125 1.487114 0.073568 -0.031799 -0.677141
    48 1.218360 -0.000002 0.000000 0.021043 -0.138818 -0.847983
    49 0.681767 0.000000 -0.000002 -0.104179 0.098121 -1.071555
    50 3.697266 0.273682 0.726563 0.065648 -0.112154 -0.666605
    51 1.747310 0.000004 0.000000 -0.074580 0.021053 -1.335396
    52 0.959961 0.000000 -0.000001 0.003325 -0.009470 -0.821513
    53 -3.756462 5.577850 2.053357 1.570803 -0.000001 0.000000
    54 -2.735646 -0.081365 5.727119 0.000007 0.000015 1.570796
    55 0.000001 5.662003 -0.974302 1.570804 -0.000001 0.000000
    56 -0.000002 -2.275002 5.113525 0.000000 0.000000 -3.141592
    57 -2.477620 5.416855 4.597564 1.570804 -0.000001 0.000000
    58 -1.515218 1.317776 5.998497 0.000000 0.000000 0.000000
    59 -2.455992 5.657928 -0.087295 1.570804 -0.000001 0.000000
    60 -1.485628 -1.617812 5.263969 0.000000 0.000000 3.141592
    61 3.756460 5.577858 2.053359 1.570803 -0.000001 0.000000
    62 2.735645 -0.081364 5.727116 0.000004 -0.000011 -1.570795
    63 2.477613 5.416855 4.597570 1.570804 -0.000001 0.000000
    64 1.515220 1.317777 5.998508 0.000000 0.000000 0.000000
    65 2.455991 5.657928 -0.087293 1.570804 -0.000001 0.000000
    66 1.485620 -1.617803 5.263973 0.000000 0.000000 -3.141592
    67 4.575642 5.632584 0.000132 0.000000 -1.570771 0.249128
    68 -0.000001 0.314078 5.161098 0.000000 0.000000 0.000000
    69 -0.000001 -0.323108 3.750217 0.000000 0.000000 0.000000
    70 5.734947 1.075212 4.685178 1.570830 -0.000004 -1.321669
    71 -0.753896 0.305901 4.971462 -0.000001 0.000002 0.000000
    72 -1.101006 -0.314705 3.448307 0.000001 0.000001 0.000000
    73 5.809101 -1.029643 4.595047 1.570829 -0.000004 -1.321671
    74 -0.714908 -0.199657 5.028973 0.000000 0.000003 0.000000
    75 -0.282898 -0.851690 4.444889 0.000000 0.000000 0.000000
    76 9.578484 -1.290738 0.000240 0.000000 1.570770 -2.892481
    77 9.369518 -1.236408 1.787905 0.000000 1.570770 -2.892481
    78 9.436707 -1.331719 -1.409029 0.000000 1.570770 -2.892477
    79 5.735191 1.075235 -4.684885 -1.570814 0.000004 1.819923
    80 0.753901 0.305904 4.971474 -0.000001 -0.000002 0.000000
    81 1.101010 -0.314705 3.448315 0.000000 -0.000001 0.000000
    82 5.809341 -1.029617 -4.594752 -1.570814 0.000004 1.819922
    83 0.714908 -0.199655 5.028969 0.000000 -0.000003 0.000000
    84 0.282897 -0.851688 4.444893 0.000000 0.000000 0.000000
  time 81
    0 0.222007 -0.117191 37.657601 1.630573 0.038710 -0.105958
    1 3.983847 0.002149 0.003401 -1.662740 -0.218087 -1.452530
    2 15.938816 -0.000100 -0.000005 -0.000009 -0.000002 0.306696
    3 17.707025 -0.000068 0.000003 -0.170987 -0.146416 -1.167495
    4 6.202515 0.003416 -0.000367 0.020235 -0.027684 -0.403861
    5 -3.983848 0.002149 0.003395 -1.527770 -0.084570 -1.490329
    6 15.938826 -0.000113 -0.000001 0.000002 0.000010 0.279711
    7 17.707031 0.000018 0.000000 0.174062 0.316979 -1.236299
    8 6.202710 0.003078 0.003745 -0.111788 0.023778 -0.469014
    9 -0.000001 4.209253 -1.688832 1.575157 0.084093 1.587808
    10 3.836055 0.000000 0.000000 -0.003955 0.029519 -0.037788
    11 3.617625 -0.000275 -0.000015 -0.012811 -0.022802 -0.025247
    12 7.537925 0.003588 -0.000212 0.030366 0.051765 0.289377
    13 3.181604 -0.002346 0.000028 3.171213 -0.042013 0.203764
    14 2.966416 0.000318 0.000023 0.072706 0.043107 0.130813
    15 2.023770 0.904983 0.850949 1.894004 -1.261002 2.503511
    16 4.980521 0.000781 -0.001089 -1.646408 0.362932 -1.164371
    17 11.119977 0.000007 0.000004 -0.000003 -0.106448 -0.310650
    18 11.205393 -0.000039 0.000000 1.531674 -0.096214 0.123971
    19 3.767578 0.152466 0.071350 0.161509 0.116810 -0.535178
    20 2.037109 0.000002 0.000000 -0.025500 -0.063436 -0.943058
    21 1.066406 -0.000004 0.000000 -0.001546 0.012034 -0.436579
    22 3.783203 -0.017258 0.794434 0.168904 -0.026920 -0.368804
    23 1.628906 0.000001 0.000000 -0.061251 0.003142 -0.834908
    24 0.955566 -0.000004 0.000000 -0.005388 -0.042122 -0.207875
    25 1.258789 -0.297852 1.251953 -1.291947 -0.539750 -0.506113
    26 1.392578 0.000001 -0.000004 0.001372 -0.188351 0.491767
    27 1.100942 0.000011 0.000000 0.009521 -0.039488 -0.040345
    28 3.548828 0.198730 -1.489258 0.122069 0.218121 -0.679757
    29 1.218750 0.000002 0.000002 0.002969 0.019929 -1.051738
    30 0.679688 0.000002 0.000004 0.028392 -0.181320 -0.761972
    31 3.697042 0.266204 -0.725138 0.148081 0.167551 -0.656351
    32 1.747315 -0.000008 -0.000001 -0.016843 -0.101072 -0.899610
    33 0.959961 0.000010 0.000001 -0.001254 0.009906 -0.608348
    34 2.023778 0.904982 -0.850921 -1.348511 1.208468 3.374090
    35 4.981625 0.002227 0.003236 1.378459 0.110819 -0.926703
    36 11.119975 -0.000005 0.000000 0.000001 0.050589 -0.292522
    37 11.205375 0.000073 0.000008 -1.624708 -0.033950 0.273968
    38 3.767578 0.151855 -0.072693 -0.061811 -0.104916 -0.601450
    39 2.036716 -0.000004 0.000000 -0.053356 0.002610 -1.343653
    40 1.063287 -0.000004 0.000001 0.243360 0.222169 -0.479551
    41 3.780812 -0.024988 -0.795569 0.145514 -0.103817 -0.523859
    42 1.628906 -0.000002 0.000001 -0.001787 -0.229023 -0.812505
    43 0.955566 -0.000004 0.000000 -0.124329 -0.037101 -0.833108
    44 1.258789 -0.308350 -1.250000 1.086305 0.326419 -0.551994
    45 1.392578 -0.000002 0.000001 -0.000831 -0.001842 0.382344
    46 1.099609 -0.000001 -0.000003 -0.008997 -0.009551 0.469381
    47 3.546538 0.208125 1.487114 0.073525 -0.031775 -0.677309
    48 1.218360 -0.000002 0.000000 0.021043 -0.138818 -0.847983
    49 0.681767 0.000000 -0.000002 -0.104179 0.098121 -1.071555
    50 3.697266 0.273682 0.726563 0.065648 -0.112154 -0.666605
    51 1.747310 0.000004 0.000000 -0.074580 0.021053 -1.335361
    52 0.959961 0.000000 -0.000001 0.003325 -0.009470 -0.821513
    53 -3.756462 5.577850 2.053357 1.570803 -0.000001 0.000000
    54 -2.735646 -0.081365 5.727119 0.000007 0.000015 1.570796
    55 0.000001 5.662003 -0.974302 1.570804 -0.000001 0.000000
    56 -0.000002 -2.275002 5.113525 0.000000 0.000000 -3.141592
    57 -2.477620 5.416855 4.597564 1.570804 -0.000001 0.000000
    58 -1.515218 1.317776 5.998497 0.000000 0.000000 0.000000
    59 -2.455992 5.657928 -0.087295 1.570804 -0.000001 0.000000
    60 -1.485628 -1.617812 5.263969 0.000000 0.000000 3.141592
    61 3.756460 5.577858 2.053359 1.570803 -0.000001 0.000000
    62 2.735645 -0.081364 5.727116 0.000004 -0.000011 -1.570795
    63 2.477613 5.416855 4.597570 1.570804 -0.000001 0.000000
    64 1.515220 1.317777 5.998508 0.000000 0.000000 0.000000
    65 2.455991 5.657928 -0.087293 1.570804 -0.000001 0.000000
    66 1.485620 -1.617803 5.263973 0.000000 0.000000 -3.141592
    67 4.575642 5.632584 0.000132 0.000000 -1.570771 0.249128
    68 -0.000001 0.314078 5.161098 0.000000 0.000000 0.000000
    69 -0.000001 -0.323108 3.750217 0.000000 0.000000 0.000000
    70 5.734947 1.075212 4.685178 1.570830 -0.000004 -1.321669
    71 -0.753896 0.305901 4.971462 -0.000001 0.000002 0.000000
    72 -1.101006 -0.314705 3.448307 0.000001 0.000001 0.000000
    73 5.809101 -1.029643 4.595047 1.570829 -0.000004 -1.321671
    74 -0.714908 -0.199657 5.028973 0.000000 0.000003 0.000000
    75 -0.282898 -0.851690 4.444889 0.000000 0.000000 0.000000
    76 9.578484 -1.290738 0.000240 0.000000 1.570770 -2.892481
    77 9.369518 -1.236408 1.787905 0.000000 1.570770 -2.892481
    78 9.436707 -1.331719 -1.409029 0.000000 1.570770 -2.892477
    79 5.735191 1.075235 -4.684885 -1.570814 0.000004 1.819923
    80 0.753901 0.305904 4.971474 -0.000001 -0.000002 0.000000
    81 1.101010 -0.314705 3.448315 0.000000 -0.000001 0.000000
    82 5.809341 -1.029617 -4.594752 -1.570814 0.000004 1.819922
    83 0.714908 -0.199655 5.028969 0.000000 -0.000003 0.000000
    84 0.282897 -0.851688 4.444893 0.000000 0.000000 0.000000
  time 82
    0 0.233726 -0.121097 37.657601 1.631244 0.038542 -0.106725
    1 3.983847 0.002149 0.003401 -1.663120 -0.218043 -1.452977
    2 15.938816 -0.000100 -0.000005 -0.000009 -0.000002 0.305421
    3 17.707025 -0.000068 0.000003 -0.170959 -0.147179 -1.167006
    4 6.202515 0.003416 -0.000367 0.020235 -0.027684 -0.403965
    5 -3.983848 0.002149 0.003395 -1.528152 -0.084871 -1.490797
    6 15.938826 -0.000113 -0.000001 0.000002 0.000010 0.279018
    7 17.707031 0.000018 0.000000 0.174425 0.316354 -1.235683
    8 6.202710 0.003078 0.003745 -0.111800 0.023838 -0.469150
    9 -0.000001 4.209253 -1.688832 1.575157 0.083892 1.587904
    10 3.836055 0.000000 0.000000 -0.003775 0.028848 -0.038148
    11 3.617625 -0.000275 -0.000015 -0.012883 -0.022251 -0.025599
    12 7.537925 0.003588 -0.000212 0.030450 0.051322 0.288502
    13 3.181604 -0.002346 0.000028 3.170350 -0.041127 0.204028
    14 2.966416 0.000318 0.000023 0.072706 0.043071 0.130313
    15 2.023770 0.904983 0.850949 1.898104 -1.262834 2.499704
    16 4.980521 0.000781 -0.001089 -1.646408 0.363438 -1.165282
    17 11.119977 0.000007 0.000004 -0.000003 -0.106448 -0.312994
    18 11.205393 -0.000039 0.000000 1.531241 -0.095983 0.124881
    19 3.767578 0.152466 0.071350 0.161509 0.116810 -0.535178
    20 2.037109 0.000002 0.000000 -0.025500 -0.063436 -0.943058
    21 1.066406 -0.000004 0.000000 -0.001546 0.012034 -0.436579
    22 3.783203 -0.017258 0.794434 0.168904 -0.026920 -0.368804
    23 1.628906 0.000001 0.000000 -0.061251 0.003142 -0.834908
    24 0.955566 -0.000004 0.000000 -0.005388 -0.042122 -0.207875
    25 1.258789 -0.297852 1.251953 -1.291947 -0.539750 -0.506113
    26 1.392578 0.000001 -0.000004 0.001372 -0.188351 0.491767
    27 1.100942 0.000011 0.000000 0.009521 -0.039488 -0.040345
    28 3.548828 0.198730 -1.489258 0.122069 0.218121 -0.679757
    29 1.218750 0.000002 0.000002 0.002969 0.019929 -1.051738
    30 0.679688 0.000002 0.000004 0.028392 -0.181320 -0.761972
    31 3.697042 0.266204 -0.725138 0.148081 0.167551 -0.656351
    32 1.747315 -0.000008 -0.000001 -0.016831 -0.101072 -0.899610
    33 0.959961 0.000010 0.000001 -0.001254 0.009906 -0.608348
    34 2.023778 0.904982 -0.850921 -1.347049 1.210626 3.375445
    35 4.981625 0.002227 0.003236 1.378304 0.111258 -0.928995
    36 11.119975 -0.000005 0.000000 0.000001 0.050589 -0.292332
    37 11.205375 0.000073 0.000008 -1.623228 -0.034190 0.273045
    38 3.767578 0.151855 -0.072693 -0.061811 -0.104916 -0.601450
    39 2.036716 -0.000004 0.000000 -0.053356 0.002610 -1.343694
    40 1.063287 -0.000004 0.000001 0.243360 0.222169 -0.479551
    41 3.780812 -0.024988 -0.795569 0.145514 -0.103817 -0.523859
    42 1.628906 -0.000002 0.000001 -0.001787 -0.229023 -0.812505
    43 0.955566 -0.000004 0.000000 -0.124329 -0.037101 -0.833108
    44 1.258789 -0.308350 -1.250000 1.086305 0.326419 -0.551994
    45 1.392578 -0.000002 0.000001 -0.000831 -0.001842 0.382344
    46 1.099609 -0.000001 -0.000003 -0.008997 -0.009551 0.469381
    47 3.546538 0.208125 1.487114 0.073497 -0.031775 -0.677488
    48 1.218360 -0.000002 0.000000 0.021043 -0.138818 -0.847983
    49 0.681767 0.000000 -0.000002 -0.104179 0.098121 -1.071555
    50 3.697266 0.273682 0.726563 0.065648 -0.112154 -0.666605
    51 1.747310 0.000004 0.000000 -0.074580 0.021053 -1.335396
    52 0.959961 0.000000 -0.000001 0.003325 -0.009470 -0.821513
    53 -3.756462 5.577850 2.053357 1.570803 -0.000001 0.000000
    54 -2.735646 -0.081365 5.727119 0.000007 0.000015 1.570796
    55 0.000001 5.662003 -0.974302 1.570804 -0.000001 0.000000
    56 -0.000002 -2.275002 5.113525 0.000000 0.000000 -3.141592
    57 -2.477620 5.416855 4.597564 1.570804 -0.000001 0.000000
    58 -1.515218 1.317776 5.998497 0.000000 0.000000 0.000000
    59 -2.455992 5.657928 -0.087295 1.570804 -0.000001 0.000000
    60 -1.485628 -1.617812 5.263969 0.000000 0.000000 3.141592
    61 3.756460 5.577858 2.053359 1.570803 -0.000001 0.000000
    62 2.735645 -0.081364 5.727116 0.000004 -0.000011 -1.570795
    63 2.477613 5.416855 4.597570 1.570804 -0.000001 0.000000
    64 1.515220 1.317777 5.998508 0.000000 0.000000 0.000000
    65 2.455991 5.657928 -0.087293 1.570804 -0.000001 0.000000
    66 1.485620 -1.617803 5.263973 0.000000 0.000000 -3.141592
    67 4.575642 5.632584 0.000132 0.000000 -1.570771 0.249128
    68 -0.000001 0.314078 5.161098 0.000000 0.000000 0.000000
    69 -0.000001 -0.323108 3.750217 0.000000 0.000000 0.000000
    70 5.734947 1.075212 4.685178 1.570830 -0.000004 -1.321669
    71 -0.753896 0.305901 4.971462 -0.000001 0.000002 0.000000
    72 -1.101006 -0.314705 3.448307 0.000001 0.000001 0.000000
    73 5.809101 -1.029643 4.595047 1.570829 -0.000004 -1.321671
    74 -0.714908 -0.199657 5.028973 0.000000 0.000003 0.000000
    75 -0.282898 -0.851690 4.444889 0.000000 0.000000 0.000000
    76 9.578484 -1.290738 0.000240 0.000000 1.570770 -2.892481
    77 9.369518 -1.236408 1.787905 0.000000 1.570770 -2.892481
    78 9.436707 -1.331719 -1.409029 0.000000 1.570770 -2.892477
    79 5.735191 1.075235 -4.684885 -1.570814 0.000004 1.819923
    80 0.753901 0.305904 4.971474 -0.000001 -0.000002 0.000000
    81 1.101010 -0.314705 3.448315 0.000000 -0.000001 0.000000
    82 5.809341 -1.029617 -4.594752 -1.570814 0.000004 1.819922
    83 0.714908 -0.199655 5.028969 0.000000 -0.000003 0.000000
    84 0.282897 -0.851688 4.444893 0.000000 0.000000 0.000000
  time 83
    0 0.245445 -0.121097 37.657601 1.632011 0.038279 -0.107492
    1 3.983847 0.002149 0.003401 -1.663310 -0.217998 -1.453424
    2 15.938816 -0.000100 -0.000005 -0.000009 -0.000002 0.304337
    3 17.707025 -0.000068 0.000003 -0.170931 -0.147986 -1.166516
    4 6.202515 0.003416 -0.000367 0.020235 -0.027684 -0.404104
    5 -3.983848 0.002149 0.003395 -1.528438 -0.085300 -1.491359
    6 15.938826 -0.000113 -0.000001 0.000002 0.000010 0.278199
    7 17.707031 0.000018 0.000000 0.174833 0.315623 -1.234872
    8 6.202710 0.003078 0.003745 -0.111800 0.023826 -0.469285
    9 -0.000001 4.209253 -1.688832 1.575444 0.083548 1.588048
    10 3.836055 0.000000 0.000000 -0.003584 0.028369 -0.038507
    11 3.617625 -0.000275 -0.000015 -0.012955 -0.021700 -0.025838
    12 7.537925 0.003588 -0.000212 0.030570 0.051010 0.287771
    13 3.181604 -0.002346 0.000028 3.170350 -0.040407 0.204435
    14 2.966416 0.000318 0.000023 0.072610 0.043107 0.129859
    15 2.023770 0.904983 0.850949 1.901954 -1.264218 2.496078
    16 4.980521 0.000781 -0.001089 -1.646356 0.363876 -1.165936
    17 11.119977 0.000007 0.000004 -0.000003 -0.106448 -0.315738
    18 11.205393 -0.000039 0.000000 1.530617 -0.095643 0.126547
    19 3.767578 0.152466 0.071350 0.161509 0.116810 -0.535178
    20 2.037109 0.000002 0.000000 -0.025500 -0.063436 -0.943058
    21 1.066406 -0.000004 0.000000 -0.001546 0.012034 -0.436579
    22 3.783203 -0.017258 0.794434 0.168904 -0.026920 -0.368804
    23 1.628906 0.000001 0.000000 -0.061251 0.003142 -0.834908
    24 0.955566 -0.000004 0.000000 -0.005388 -0.042122 -0.207875
    25 1.258789 -0.297852 1.251953 -1.291947 -0.539750 -0.506113
    26 1.392578 0.000001 -0.000004 0.001372 -0.188351 0.491767
    27 1.100942 0.000011 0.000000 0.009521 -0.039488 -0.040345
    28 3.548828 0.198730 -1.489258 0.122069 0.218121 -0.679757
    29 1.218750 0.000002 0.000002 0.002969 0.019929 -1.051738
    30 0.679688 0.000002 0.000004 0.028392 -0.181320 -0.761972
    31 3.697042 0.266204 -0.725138 0.148081 0.167551 -0.656351
    32 1.747315 -0.000008 -0.000001 -0.016831 -0.101072 -0.899610
    33 0.959961 0.000010 0.000001 -0.001254 0.009906 -0.608348
    34 2.023778 0.904982 -0.850921 -1.345901 1.212539 3.376529
    35 4.981625 0.002227 0.003236 1.378046 0.111478 -0.930728
    36 11.119975 -0.000005 0.000000 0.000001 0.050589 -0.292522
    37 11.205375 0.000073 0.000008 -1.623085 -0.034693 0.273333
    38 3.767578 0.151855 -0.072693 -0.061811 -0.104916 -0.601450
    39 2.036716 -0.000004 0.000000 -0.053356 0.002610 -1.343653
    40 1.063287 -0.000004 0.000001 0.243360 0.222169 -0.479551
    41 3.780812 -0.024988 -0.795569 0.145514 -0.103817 -0.523859
    42 1.628906 -0.000002 0.000001 -0.001787 -0.229023 -0.812505
    43 0.955566 -0.000004 0.000000 -0.124329 -0.037101 -0.833108
    44 1.258789 -0.308350 -1.250000 1.086305 0.326419 -0.551994
    45 1.392578 -0.000002 0.000001 -0.000831 -0.001842 0.382344
    46 1.099609 -0.000001 -0.000003 -0.008997 -0.009551 0.469381
    47 3.546538 0.208125 1.487114 0.073497 -0.031799 -0.677488
    48 1.218360 -0.000002 0.000000 0.021043 -0.138818 -0.847983
    49 0.681767 0.000000 -0.000002 -0.104179 0.098121 -1.071555
    50 3.697266 0.273682 0.726563 0.065648 -0.112154 -0.666605
    51 1.747310 0.000004 0.000000 -0.074580 0.021053 -1.335361
    52 0.959961 0.000000 -0.000001 0.003325 -0.009470 -0.821513
    53 -3.756462 5.577850 2.053357 1.570803 -0.000001 0.000000
    54 -2.735646 -0.081365 5.727119 0.000007 0.000015 1.570796
    55 0.000001 5.662003 -0.974302 1.570804 -0.000001 0.000000
    56 -0.000002 -2.275002 5.113525 0.000000 0.000000 -3.141592
    57 -2.477620 5.416855 4.597564 1.570804 -0.000001 0.000000
    58 -1.515218 1.317776 5.998497 0.000000 0.000000 0.000000
    59 -2.455992 5.657928 -0.087295 1.570804 -0.000001 0.000000
    60 -1.485628 -1.617812 5.263969 0.000000 0.000000 3.141592
    61 3.756460 5.577858 2.053359 1.570803 -0.000001 0.000000
    62 2.735645 -0.081364 5.727116 0.000004 -0.000011 -1.570795
    63 2.477613 5.416855 4.597570 1.570804 -0.000001 0.000000
    64 1.515220 1.317777 5.998508 0.000000 0.000000 0.000000
    65 2.455991 5.657928 -0.087293 1.570804 -0.000001 0.000000
    66 1.485620 -1.617803 5.263973 0.000000 0.000000 -3.141592
    67 4.575642 5.632584 0.000132 0.000000 -1.570771 0.249128
    68 -0.000001 0.314078 5.161098 0.000000 0.000000 0.000000
    69 -0.000001 -0.323108 3.750217 0.000000 0.000000 0.000000
    70 5.734947 1.075212 4.685178 1.570830 -0.000004 -1.321669
    71 -0.753896 0.305901 4.971462 -0.000001 0.000002 0.000000
    72 -1.101006 -0.314705 3.448307 0.000001 0.000001 0.000000
    73 5.809101 -1.029643 4.595047 1.570829 -0.000004 -1.321671
    74 -0.714908 -0.199657 5.028973 0.000000 0.000003 0.000000
    75 -0.282898 -0.851690 4.444889 0.000000 0.000000 0.000000
    76 9.578484 -1.290738 0.000240 0.000000 1.570770 -2.892481
    77 9.369518 -1.236408 1.787905 0.000000 1.570770 -2.892481
    78 9.436707 -1.331719 -1.409029 0.000000 1.570770 -2.892477
    79 5.735191 1.075235 -4.684885 -1.570814 0.000004 1.819923
    80 0.753901 0.305904 4.971474 -0.000001 -0.000002 0.000000
    81 1.101010 -0.314705 3.448315 0.000000 -0.000001 0.000000
    82 5.809341 -1.029617 -4.594752 -1.570814 0.000004 1.819922
    83 0.714908 -0.199655 5.028969 0.000000 -0.000003 0.000000
    84 0.282897 -0.851688 4.444893 0.000000 0.000000 0.000000
  time 84
    0 0.257164 -0.125004 37.657601 1.632730 0.038147 -0.108258
    1 3.983847 0.002149 0.003401 -1.663405 -0.218087 -1.454049
    2 15.938816 -0.000100 -0.000005 -0.000009 -0.000002 0.303317
    3 17.707025 -0.000068 0.000003 -0.170931 -0.148792 -1.165996
    4 6.202515 0.003416 -0.000367 0.020247 -0.027684 -0.404243
    5 -3.983848 0.002149 0.003395 -1.528725 -0.085729 -1.491921
    6 15.938826 -0.000113 -0.000001 0.000002 0.000010 0.277443
    7 17.707031 0.000018 0.000000 0.175196 0.314944 -1.234288
    8 6.202710 0.003078 0.003745 -0.111812 0.023826 -0.469370
    9 -0.000001 4.209253 -1.688832 1.575636 0.083387 1.587808
    10 3.836055 0.000000 0.000000 -0.003464 0.027937 -0.038998
    11 3.617625 -0.000275 -0.000015 -0.013075 -0.021220 -0.026218
    12 7.537925 0.003588 -0.000212 0.030606 0.051010 0.287028
    13 3.181604 -0.002346 0.000028 3.169871 -0.040180 0.205070
    14 2.966416 0.000318 0.000023 0.072431 0.042879 0.129587
    15 2.023770 0.904983 0.850949 1.904654 -1.264870 2.493631
    16 4.980521 0.000781 -0.001089 -1.646408 0.364551 -1.165822
    17 11.119977 0.000007 0.000004 -0.000003 -0.106448 -0.318197
    18 11.205393 -0.000039 0.000000 1.530425 -0.095679 0.128549
    19 3.767578 0.152466 0.071350 0.161509 0.116810 -0.535178
    20 2.037109 0.000002 0.000000 -0.025500 -0.063436 -0.943058
    21 1.066406 -0.000004 0.000000 -0.001546 0.012034 -0.436579
    22 3.783203 -0.017258 0.794434 0.168904 -0.026920 -0.368804
    23 1.628906 0.000001 0.000000 -0.061251 0.003142 -0.834908
    24 0.955566 -0.000004 0.000000 -0.005388 -0.042122 -0.207875
    25 1.258789 -0.297852 1.251953 -1.291947 -0.539750 -0.506113
    26 1.392578 0.000001 -0.000004 0.001372 -0.188351 0.491767
    27 1.100942 0.000011 0.000000 0.009521 -0.039488 -0.040345
    28 3.548828 0.198730 -1.489258 0.122069 0.218121 -0.679757
    29 1.218750 0.000002 0.000002 0.002969 0.019929 -1.051738
    30 0.679688 0.000002 0.000004 0.028392 -0.181320 -0.761972
    31 3.697042 0.266204 -0.725138 0.148081 0.167551 -0.656351
    32 1.747315 -0.000008 -0.000001 -0.016843 -0.101072 -0.899610
    33 0.959961 0.000010 0.000001 -0.001254 0.009906 -0.608348
    34 2.023778 0.904982 -0.850921 -1.344753 1.214209 3.377523
    35 4.981625 0.002227 0.003236 1.378046 0.111423 -0.932168
    36 11.119975 -0.000005 0.000000 0.000001 0.050589 -0.292774
    37 11.205375 0.000073 0.000008 -1.624565 -0.035017 0.274328
    38 3.767578 0.151855 -0.072693 -0.061811 -0.104916 -0.601450
    39 2.036716 -0.000004 0.000000 -0.053356 0.002610 -1.343653
    40 1.063287 -0.000004 0.000001 0.243360 0.222169 -0.479551
    41 3.780812 -0.024988 -0.795569 0.145514 -0.103817 -0.523859
    42 1.628906 -0.000002 0.000001 -0.001787 -0.229023 -0.812505
    43 0.955566 -0.000004 0.000000 -0.124329 -0.037101 -0.833108
    44 1.258789 -0.308350 -1.250000 1.086305 0.326419 -0.551994
    45 1.392578 -0.000002 0.000001 -0.000831 -0.001842 0.382344
    46 1.099609 -0.000001 -0.000003 -0.008997 -0.009551 0.469381
    47 3.546538 0.208125 1.487114 0.073497 -0.031799 -0.677488
    48 1.218360 -0.000002 0.000000 0.021043 -0.138818 -0.847983
    49 0.681767 0.000000 -0.000002 -0.104179 0.098121 -1.071555
    50 3.697266 0.273682 0.726563 0.065648 -0.112154 -0.666605
    51 1.747310 0.000004 0.000000 -0.074580 0.021053 -1.335361
    52 0.959961 0.000000 -0.000001 0.003325 -0.009470 -0.821513
    53 -3.756462 5.577850 2.053357 1.570803 -0.000001 0.000000
    54 -2.735646 -0.081365 5.727119 0.000007 0.000015 1.570796
    55 0.000001 5.662003 -0.974302 1.570804 -0.000001 0.000000
    56 -0.000002 -2.275002 5.113525 0.000000 0.000000 -3.141592
    57 -2.477620 5.416855 4.597564 1.570804 -0.000001 0.000000
    58 -1.515218 1.317776 5.998497 0.000000 0.000000 0.000000
    59 -2.455992 5.657928 -0.087295 1.570804 -0.000001 0.000000
    60 -1.485628 -1.617812 5.263969 0.000000 0.000000 3.141592
    61 3.756460 5.577858 2.053359 1.570803 -0.000001 0.000000
    62 2.735645 -0.081364 5.727116 0.000004 -0.000011 -1.570795
    63 2.477613 5.416855 4.597570 1.570804 -0.000001 0.000000
    64 1.515220 1.317777 5.998508 0.000000 0.000000 0.000000
    65 2.455991 5.657928 -0.087293 1.570804 -0.000001 0.000000
    66 1.485620 -1.617803 5.263973 0.000000 0.000000 -3.141592
    67 4.575642 5.632584 0.000132 0.000000 -1.570771 0.249128
    68 -0.000001 0.314078 5.161098 0.000000 0.000000 0.000000
    69 -0.000001 -0.323108 3.750217 0.000000 0.000000 0.000000
    70 5.734947 1.075212 4.685178 1.570830 -0.000004 -1.321669
    71 -0.753896 0.305901 4.971462 -0.000001 0.000002 0.000000
    72 -1.101006 -0.314705 3.448307 0.000001 0.000001 0.000000
    73 5.809101 -1.029643 4.595047 1.570829 -0.000004 -1.321671
    74 -0.714908 -0.199657 5.028973 0.000000 0.000003 0.000000
    75 -0.282898 -0.851690 4.444889 0.000000 0.000000 0.000000
    76 9.578484 -1.290738 0.000240 0.000000 1.570770 -2.892481
    77 9.369518 -1.236408 1.787905 0.000000 1.570770 -2.892481
    78 9.436707 -1.331719 -1.409029 0.000000 1.570770 -2.892477
    79 5.735191 1.075235 -4.684885 -1.570814 0.000004 1.819923
    80 0.753901 0.305904 4.971474 -0.000001 -0.000002 0.000000
    81 1.101010 -0.314705 3.448315 0.000000 -0.000001 0.000000
    82 5.809341 -1.029617 -4.594752 -1.570814 0.000004 1.819922
    83 0.714908 -0.199655 5.028969 0.000000 -0.000003 0.000000
    84 0.282897 -0.851688 4.444893 0.000000 0.000000 0.000000
  time 85
    0 0.264977 -0.128910 37.688852 1.633449 0.038015 -0.109153
    1 3.983847 0.002149 0.003401 -1.663690 -0.218221 -1.454407
    2 15.938816 -0.000100 -0.000005 -0.000009 -0.000002 0.302616
    3 17.707025 -0.000068 0.000003 -0.170987 -0.149534 -1.165813
    4 6.202515 0.003416 -0.000367 0.020247 -0.027684 -0.404243
    5 -3.983848 0.002149 0.003395 -1.529298 -0.086245 -1.492389
    6 15.938826 -0.000113 -0.000001 0.000002 0.000010 0.276814
    7 17.707031 0.000018 0.000000 0.175626 0.314463 -1.233672
    8 6.202710 0.003078 0.003745 -0.111812 0.023814 -0.469506
    9 -0.000001 4.209253 -1.688832 1.575732 0.083387 1.587473
    10 3.836055 0.000000 0.000000 -0.003344 0.027518 -0.039358
    11 3.617625 -0.000275 -0.000015 -0.013147 -0.020861 -0.026584
    12 7.537925 0.003588 -0.000212 0.030762 0.051250 0.286548
    13 3.181604 -0.002346 0.000028 3.170350 -0.040348 0.205550
    14 2.966416 0.000318 0.000023 0.072383 0.042520 0.129542
    15 2.023770 0.904983 0.850949 1.906004 -1.265196 2.492362
    16 4.980521 0.000781 -0.001089 -1.646975 0.364821 -1.165339
    17 11.119977 0.000007 0.000004 -0.000003 -0.106448 -0.320141
    18 11.205393 -0.000039 0.000000 1.529945 -0.095947 0.129316
    19 3.767578 0.152466 0.071350 0.161509 0.116810 -0.535178
    20 2.037109 0.000002 0.000000 -0.025500 -0.063436 -0.943058
    21 1.066406 -0.000004 0.000000 -0.001546 0.012034 -0.436579
    22 3.783203 -0.017258 0.794434 0.168904 -0.026920 -0.368804
    23 1.628906 0.000001 0.000000 -0.061251 0.003142 -0.834908
    24 0.955566 -0.000004 0.000000 -0.005388 -0.042122 -0.207875
    25 1.258789 -0.297852 1.251953 -1.291947 -0.539750 -0.506113
    26 1.392578 0.000001 -0.000004 0.001372 -0.188351 0.491767
    27 1.100942 0.000011 0.000000 0.009521 -0.039488 -0.040345
    28 3.548828 0.198730 -1.489258 0.122069 0.218121 -0.679757
    29 1.218750 0.000002 0.000002 0.002969 0.019929 -1.051738
    30 0.679688 0.000002 0.000004 0.028392 -0.181320 -0.761972
    31 3.697042 0.266204 -0.725138 0.148081 0.167551 -0.656351
    32 1.747315 -0.000008 -0.000001 -0.016831 -0.101072 -0.899610
    33 0.959961 0.000010 0.000001 -0.001254 0.009906 -0.608348
    34 2.023778 0.904982 -0.850921 -1.344649 1.215064 3.377613
    35 4.981625 0.002227 0.003236 1.378098 0.111231 -0.932344
    36 11.119975 -0.000005 0.000000 0.000001 0.050589 -0.293404
    37 11.205375 0.000073 0.000008 -1.626664 -0.034813 0.275430
    38 3.767578 0.151855 -0.072693 -0.061811 -0.104916 -0.601450
    39 2.036716 -0.000004 0.000000 -0.053356 0.002610 -1.343653
    40 1.063287 -0.000004 0.000001 0.243360 0.222169 -0.479551
    41 3.780812 -0.024988 -0.795569 0.145514 -0.103817 -0.523859
    42 1.628906 -0.000002 0.000001 -0.001787 -0.229023 -0.812505
    43 0.955566 -0.000004 0.000000 -0.124329 -0.037101 -0.833108
    44 1.258789 -0.308350 -1.250000 1.086305 0.326419 -0.551994
    45 1.392578 -0.000002 0.000001 -0.000831 -0.001842 0.382344
    46 1.099609 -0.000001 -0.000003 -0.008997 -0.009551 0.469381
    47 3.546538 0.208125 1.487114 0.073468 -0.031751 -0.677488
    48 1.218360 -0.000002 0.000000 0.021043 -0.138818 -0.847983
    49 0.681767 0.000000 -0.000002 -0.104179 0.098121 -1.071555
    50 3.697266 0.273682 0.726563 0.065648 -0.112154 -0.666605
    51 1.747310 0.000004 0.000000 -0.074580 0.021053 -1.335361
    52 0.959961 0.000000 -0.000001 0.003325 -0.009470 -0.821513
    53 -3.756462 5.577850 2.053357 1.570803 -0.000001 0.000000
    54 -2.735646 -0.081365 5.727119 0.000007 0.000015 1.570796
    55 0.000001 5.662003 -0.974302 1.570804 -0.000001 0.000000
    56 -0.000002 -2.275002 5.113525 0.000000 0.000000 -3.141592
    57 -2.477620 5.416855 4.597564 1.570804 -0.000001 0.000000
    58 -1.515218 1.317776 5.998497 0.000000 0.000000 0.000000
    59 -2.455992 5.657928 -0.087295 1.570804 -0.000001 0.000000
    60 -1.485628 -1.617812 5.263969 0.000000 0.000000 3.141592
    61 3.756460 5.577858 2.053359 1.570803 -0.000001 0.000000
    62 2.735645 -0.081364 5.727116 0.000004 -0.000011 -1.570795
    63 2.477613 5.416855 4.597570 1.570804 -0.000001 0.000000
    64 1.515220 1.317777 5.998508 0.000000 0.000000 0.000000
    65 2.455991 5.657928 -0.087293 1.570804 -0.000001 0.000000
    66 1.485620 -1.617803 5.263973 0.000000 0.000000 -3.141592
    67 4.575642 5.632584 0.000132 0.000000 -1.570771 0.249128
    68 -0.000001 0.314078 5.161098 0.000000 0.000000 0.000000
    69 -0.000001 -0.323108 3.750217 0.000000 0.000000 0.000000
    70 5.734947 1.075212 4.685178 1.570830 -0.000004 -1.321669
    71 -0.753896 0.305901 4.971462 -0.000001 0.000002 0.000000
    72 -1.101006 -0.314705 3.448307 0.000001 0.000001 0.000000
    73 5.809101 -1.029643 4.595047 1.570829 -0.000004 -1.321671
    74 -0.714908 -0.199657 5.028973 0.000000 0.000003 0.000000
    75 -0.282898 -0.851690 4.444889 0.000000 0.000000 0.000000
    76 9.578484 -1.290738 0.000240 0.000000 1.570770 -2.892481
    77 9.369518 -1.236408 1.787905 0.000000 1.570770 -2.892481
    78 9.436707 -1.331719 -1.409029 0.000000 1.570770 -2.892477
    79 5.735191 1.075235 -4.684885 -1.570814 0.000004 1.819923
    80 0.753901 0.305904 4.971474 -0.000001 -0.000002 0.000000
    81 1.101010 -0.314705 3.448315 0.000000 -0.000001 0.000000
    82 5.809341 -1.029617 -4.594752 -1.570814 0.000004 1.819922
    83 0.714908 -0.199655 5.028969 0.000000 -0.000003 0.000000
    84 0.282897 -0.851688 4.444893 0.000000 0.000000 0.000000
  time 86
    0 0.272790 -0.132817 37.688852 1.634120 0.037835 -0.109984
    1 3.983847 0.002149 0.003401 -1.663785 -0.218221 -1.454765
    2 15.938816 -0.000100 -0.000005 -0.000009 -0.000002 0.302106
    3 17.707025 -0.000068 0.000003 -0.171097 -0.150319 -1.165813
    4 6.202515 0.003416 -0.000367 0.020247 -0.027684 -0.404381
    5 -3.983848 0.002149 0.003395 -1.529776 -0.086674 -1.492858
    6 15.938826 -0.000113 -0.000001 0.000002 0.000010 0.276436
    7 17.707031 0.000018 0.000000 0.175921 0.313981 -1.233413
    8 6.202710 0.003078 0.003745 -0.111812 0.023814 -0.469625
    9 -0.000001 4.209253 -1.688832 1.576020 0.083326 1.587185
    10 3.836055 0.000000 0.000000 -0.003212 0.027098 -0.039610
    11 3.617625 -0.000275 -0.000015 -0.013147 -0.020621 -0.026824
    12 7.537925 0.003588 -0.000212 0.030738 0.051621 0.286297
    13 3.181604 -0.002346 0.000028 3.169967 -0.040611 0.205885
    14 2.966416 0.000318 0.000023 0.072479 0.042244 0.130041
    15 2.023770 0.904983 0.850949 1.906004 -1.265155 2.492362
    16 4.980521 0.000781 -0.001089 -1.648317 0.364888 -1.164570
    17 11.119977 0.000007 0.000004 -0.000003 -0.106448 -0.321628
    18 11.205393 -0.000039 0.000000 1.530041 -0.096056 0.128501
    19 3.767578 0.152466 0.071350 0.161509 0.116810 -0.535178
    20 2.037109 0.000002 0.000000 -0.025500 -0.063436 -0.943058
    21 1.066406 -0.000004 0.000000 -0.001546 0.012034 -0.436579
    22 3.783203 -0.017258 0.794434 0.168904 -0.026920 -0.368804
    23 1.628906 0.000001 0.000000 -0.061251 0.003142 -0.834908
    24 0.955566 -0.000004 0.000000 -0.005388 -0.042122 -0.207875
    25 1.258789 -0.297852 1.251953 -1.291947 -0.539750 -0.506113
    26 1.392578 0.000001 -0.000004 0.001372 -0.188351 0.491767
    27 1.100942 0.000011 0.000000 0.009521 -0.039488 -0.040345
    28 3.548828 0.198730 -1.489258 0.122069 0.218121 -0.679757
    29 1.218750 0.000002 0.000002 0.002969 0.019929 -1.051738
    30 0.679688 0.000002 0.000004 0.028392 -0.181320 -0.761972
    31 3.697042 0.266204 -0.725138 0.148081 0.167551 -0.656351
    32 1.747315 -0.000008 -0.000001 -0.016831 -0.101072 -0.899610
    33 0.959961 0.000010 0.000001 -0.001254 0.009906 -0.608348
    34 2.023778 0.904982 -0.850921 -1.345327 1.215023 3.377161
    35 4.981625 0.002227 0.003236 1.378201 0.111231 -0.931580
    36 11.119975 -0.000005 0.000000 0.000001 0.050589 -0.293909
    37 11.205375 0.000073 0.000008 -1.629528 -0.033087 0.275142
    38 3.767578 0.151855 -0.072693 -0.061811 -0.104916 -0.601450
    39 2.036716 -0.000004 0.000000 -0.053356 0.002610 -1.343694
    40 1.063287 -0.000004 0.000001 0.243360 0.222169 -0.479551
    41 3.780812 -0.024988 -0.795569 0.145514 -0.103817 -0.523859
    42 1.628906 -0.000002 0.000001 -0.001787 -0.229023 -0.812505
    43 0.955566 -0.000004 0.000000 -0.124329 -0.037101 -0.833108
    44 1.258789 -0.308350 -1.250000 1.086305 0.326419 -0.551994
    45 1.392578 -0.000002 0.000001 -0.000831 -0.001842 0.382344
    46 1.099609 -0.000001 -0.000003 -0.008997 -0.009551 0.469381
    47 3.546538 0.208125 1.487114 0.073382 -0.031644 -0.677488
    48 1.218360 -0.000002 0.000000 0.021043 -0.138818 -0.847983
    49 0.681767 0.000000 -0.000002 -0.104179 0.098121 -1.071555
    50 3.697266 0.273682 0.726563 0.065648 -0.112154 -0.666605
    51 1.747310 0.000004 0.000000 -0.074580 0.021053 -1.335396
    52 0.959961 0.000000 -0.000001 0.003325 -0.009470 -0.821513
    53 -3.756462 5.577850 2.053357 1.570803 -0.000001 0.000000
    54 -2.735646 -0.081365 5.727119 0.000007 0.000015 1.570796
    55 0.000001 5.662003 -0.974302 1.570804 -0.000001 0.000000
    56 -0.000002 -2.275002 5.113525 0.000000 0.000000 -3.141592
    57 -2.477620 5.416855 4.597564 1.570804 -0.000001 0.000000
    58 -1.515218 1.317776 5.998497 0.000000 0.000000 0.000000
    59 -2.455992 5.657928 -0.087295 1.570804 -0.000001 0.000000
    60 -1.485628 -1.617812 5.263969 0.000000 0.000000 3.141592
    61 3.756460 5.577858 2.053359 1.570803 -0.000001 0.000000
    62 2.735645 -0.081364 5.727116 0.000004 -0.000011 -1.570795
    63 2.477613 5.416855 4.597570 1.570804 -0.000001 0.000000
    64 1.515220 1.317777 5.998508 0.000000 0.000000 0.000000
    65 2.455991 5.657928 -0.087293 1.570804 -0.000001 0.000000
    66 1.485620 -1.617803 5.263973 0.000000 0.000000 -3.141592
    67 4.575642 5.632584 0.000132 0.000000 -1.570771 0.249128
    68 -0.000001 0.314078 5.161098 0.000000 0.000000 0.000000
    69 -0.000001 -0.323108 3.750217 0.000000 0.000000 0.000000
    70 5.734947 1.075212 4.685178 1.570830 -0.000004 -1.321669
    71 -0.753896 0.305901 4.971462 -0.000001 0.000002 0.000000
    72 -1.101006 -0.314705 3.448307 0.000001 0.000001 0.000000
    73 5.809101 -1.029643 4.595047 1.570829 -0.000004 -1.321671
    74 -0.714908 -0.199657 5.028973 0.000000 0.000003 0.000000
    75 -0.282898 -0.851690 4.444889 0.000000 0.000000 0.000000
    76 9.578484 -1.290738 0.000240 0.000000 1.570770 -2.892481
    77 9.369518 -1.236408 1.787905 0.000000 1.570770 -2.892481
    78 9.436707 -1.331719 -1.409029 0.000000 1.570770 -2.892477
    79 5.735191 1.075235 -4.684885 -1.570814 0.000004 1.819923
    80 0.753901 0.305904 4.971474 -0.000001 -0.000002 0.000000
    81 1.101010 -0.314705 3.448315 0.000000 -0.000001 0.000000
    82 5.809341 -1.029617 -4.594752 -1.570814 0.000004 1.819922
    83 0.714908 -0.199655 5.028969 0.000000 -0.000003 0.000000
    84 0.282897 -0.851688 4.444893 0.000000 0.000000 0.000000
  time 87
    0 0.276696 -0.140629 37.688852 1.634456 0.037799 -0.110623
    1 3.983847 0.002149 0.003401 -1.663975 -0.218488 -1.454943
    2 15.938816 -0.000100 -0.000005 -0.000009 -0.000002 0.302234
    3 17.707025 -0.000068 0.000003 -0.171207 -0.150807 -1.165935
    4 6.202515 0.003416 -0.000367 0.020247 -0.027684 -0.404381
    5 -3.983848 0.002149 0.003395 -1.530349 -0.086975 -1.493139
    6 15.938826 -0.000113 -0.000001 0.000002 0.000010 0.276310
    7 17.707031 0.000018 0.000000 0.176216 0.313892 -1.233218
    8 6.202710 0.003078 0.003745 -0.111812 0.023802 -0.469761
    9 -0.000001 4.209253 -1.688832 1.576211 0.083144 1.586993
    10 3.836055 0.000000 0.000000 -0.003092 0.026847 -0.039718
    11 3.617625 -0.000275 -0.000015 -0.013147 -0.020561 -0.027077
    12 7.537925 0.003588 -0.000212 0.030678 0.051945 0.286189
    13 3.181604 -0.002346 0.000028 3.169871 -0.040839 0.205885
    14 2.966416 0.000318 0.000023 0.072562 0.042220 0.130676
    15 2.023770 0.904983 0.850949 1.905404 -1.264707 2.492906
    16 4.980521 0.000781 -0.001089 -1.649659 0.364720 -1.163461
    17 11.119977 0.000007 0.000004 -0.000003 -0.106448 -0.322886
    18 11.205393 -0.000039 0.000000 1.528889 -0.096056 0.128117
    19 3.767578 0.152466 0.071350 0.161509 0.116810 -0.535178
    20 2.037109 0.000002 0.000000 -0.025500 -0.063436 -0.943058
    21 1.066406 -0.000004 0.000000 -0.001546 0.012034 -0.436579
    22 3.783203 -0.017258 0.794434 0.168904 -0.026920 -0.368804
    23 1.628906 0.000001 0.000000 -0.061251 0.003142 -0.834908
    24 0.955566 -0.000004 0.000000 -0.005388 -0.042122 -0.207875
    25 1.258789 -0.297852 1.251953 -1.291947 -0.539750 -0.506113
    26 1.392578 0.000001 -0.000004 0.001372 -0.188351 0.491767
    27 1.100942 0.000011 0.000000 0.009521 -0.039488 -0.040345
    28 3.548828 0.198730 -1.489258 0.122069 0.218121 -0.679757
    29 1.218750 0.000002 0.000002 0.002969 0.019929 -1.051738
    30 0.679688 0.000002 0.000004 0.028392 -0.181320 -0.761972
    31 3.697042 0.266204 -0.725138 0.148081 0.167551 -0.656351
    32 1.747315 -0.000008 -0.000001 -0.016831 -0.101072 -0.899610
    33 0.959961 0.000010 0.000001 -0.001254 0.009906 -0.608348
    34 2.023778 0.904982 -0.850921 -1.345901 1.214209 3.376348
    35 4.981625 0.002227 0.003236 1.378304 0.111258 -0.930640
    36 11.119975 -0.000005 0.000000 0.000001 0.050589 -0.293909
    37 11.205375 0.000073 0.000008 -1.632725 -0.029672 0.273680
    38 3.767578 0.151855 -0.072693 -0.061811 -0.104916 -0.601450
    39 2.036716 -0.000004 0.000000 -0.053356 0.002610 -1.343694
    40 1.063287 -0.000004 0.000001 0.243360 0.222169 -0.479551
    41 3.780812 -0.024988 -0.795569 0.145514 -0.103817 -0.523859
    42 1.628906 -0.000002 0.000001 -0.001787 -0.229023 -0.812505
    43 0.955566 -0.000004 0.000000 -0.124329 -0.037101 -0.833108
    44 1.258789 -0.308350 -1.250000 1.086305 0.326419 -0.551994
    45 1.392578 -0.000002 0.000001 -0.000831 -0.001842 0.382344
    46 1.099609 -0.000001 -0.000003 -0.008997 -0.009551 0.469381
    47 3.546538 0.208125 1.487114 0.073224 -0.031464 -0.677596
    48 1.218360 -0.000002 0.000000 0.021043 -0.138818 -0.847983
    49 0.681767 0.000000 -0.000002 -0.104179 0.098121 -1.071555
    50 3.697266 0.273682 0.726563 0.065648 -0.112154 -0.666605
    51 1.747310 0.000004 0.000000 -0.074580 0.021053 -1.335396
    52 0.959961 0.000000 -0.000001 0.003325 -0.009470 -0.821513
    53 -3.756462 5.577850 2.053357 1.570803 -0.000001 0.000000
    54 -2.735646 -0.081365 5.727119 0.000007 0.000015 1.570796
    55 0.000001 5.662003 -0.974302 1.570804 -0.000001 0.000000
    56 -0.000002 -2.275002 5.113525 0.000000 0.000000 -3.141592
    57 -2.477620 5.416855 4.597564 1.570804 -0.000001 0.000000
    58 -1.515218 1.317776 5.998497 0.000000 0.000000 0.000000
    59 -2.455992 5.657928 -0.087295 1.570804 -0.000001 0.000000
    60 -1.485628 -1.617812 5.263969 0.000000 0.000000 3.141592
    61 3.756460 5.577858 2.053359 1.570803 -0.000001 0.000000
    62 2.735645 -0.081364 5.727116 0.000004 -0.000011 -1.570795
    63 2.477613 5.416855 4.597570 1.570804 -0.000001 0.000000
    64 1.515220 1.317777 5.998508 0.000000 0.000000 0.000000
    65 2.455991 5.657928 -0.087293 1.570804 -0.000001 0.000000
    66 1.485620 -1.617803 5.263973 0.000000 0.000000 -3.141592
    67 4.575642 5.632584 0.000132 0.000000 -1.570771 0.249128
    68 -0.000001 0.314078 5.161098 0.000000 0.000000 0.000000
    69 -0.000001 -0.323108 3.750217 0.000000 0.000000 0.000000
    70 5.734947 1.075212 4.685178 1.570830 -0.000004 -1.321669
    71 -0.753896 0.305901 4.971462 -0.000001 0.000002 0.000000
    72 -1.101006 -0.314705 3.448307 0.000001 0.000001 0.000000
    73 5.809101 -1.029643 4.595047 1.570829 -0.000004 -1.321671
    74 -0.714908 -0.199657 5.028973 0.000000 0.000003 0.000000
    75 -0.282898 -0.851690 4.444889 0.000000 0.000000 0.000000
    76 9.578484 -1.290738 0.000240 0.000000 1.570770 -2.892481
    77 9.369518 -1.236408 1.787905 0.000000 1.570770 -2.892481
    78 9.436707 -1.331719 -1.409029 0.000000 1.570770 -2.892477
    79 5.735191 1.075235 -4.684885 -1.570814 0.000004 1.819923
    80 0.753901 0.305904 4.971474 -0.000001 -0.000002 0.000000
    81 1.101010 -0.314705 3.448315 0.000000 -0.000001 0.000000
    82 5.809341 -1.029617 -4.594752 -1.570814 0.000004 1.819922
    83 0.714908 -0.199655 5.028969 0.000000 -0.000003 0.000000
    84 0.282897 -0.851688 4.444893 0.000000 0.000000 0.000000
  time 88
    0 0.280603 -0.144536 37.688852 1.634839 0.037704 -0.111006
    1 3.983847 0.002149 0.003401 -1.663880 -0.218799 -1.455122
    2 15.938816 -0.000100 -0.000005 -0.000009 -0.000002 0.302871
    3 17.707025 -0.000068 0.000003 -0.171234 -0.151274 -1.166516
    4 6.202515 0.003416 -0.000367 0.020247 -0.027684 -0.404381
    5 -3.983848 0.002149 0.003395 -1.530731 -0.087275 -1.493326
    6 15.938826 -0.000113 -0.000001 0.000002 0.000010 0.276436
    7 17.707031 0.000018 0.000000 0.176329 0.313856 -1.233380
    8 6.202710 0.003078 0.003745 -0.111812 0.023802 -0.469761
    9 -0.000001 4.209253 -1.688832 1.576403 0.083205 1.586754
    10 3.836055 0.000000 0.000000 -0.003092 0.026727 -0.039837
    11 3.617625 -0.000275 -0.000015 -0.013147 -0.020621 -0.026951
    12 7.537925 0.003588 -0.000212 0.030570 0.052137 0.286309
    13 3.181604 -0.002346 0.000028 3.170254 -0.041079 0.205310
    14 2.966416 0.000318 0.000023 0.072754 0.042484 0.131130
    15 2.023770 0.904983 0.850949 1.903604 -1.263893 2.494628
    16 4.980521 0.000781 -0.001089 -1.650381 0.364416 -1.161981
    17 11.119977 0.000007 0.000004 -0.000003 -0.106448 -0.323743
    18 11.205393 -0.000039 0.000000 1.526968 -0.095412 0.129172
    19 3.767578 0.152466 0.071350 0.161509 0.116810 -0.535178
    20 2.037109 0.000002 0.000000 -0.025500 -0.063436 -0.943058
    21 1.066406 -0.000004 0.000000 -0.001546 0.012034 -0.436579
    22 3.783203 -0.017258 0.794434 0.168904 -0.026920 -0.368804
    23 1.628906 0.000001 0.000000 -0.061251 0.003142 -0.834908
    24 0.955566 -0.000004 0.000000 -0.005388 -0.042122 -0.207875
    25 1.258789 -0.297852 1.251953 -1.291947 -0.539750 -0.506113
    26 1.392578 0.000001 -0.000004 0.001372 -0.188351 0.491767
    27 1.100942 0.000011 0.000000 0.009521 -0.039488 -0.040345
    28 3.548828 0.198730 -1.489258 0.122069 0.218121 -0.679757
    29 1.218750 0.000002 0.000002 0.002969 0.019929 -1.051738
    30 0.679688 0.000002 0.000004 0.028392 -0.181320 -0.761972
    31 3.697042 0.266204 -0.725138 0.148081 0.167551 -0.656351
    32 1.747315 -0.000008 -0.000001 -0.016843 -0.101072 -0.899610
    33 0.959961 0.000010 0.000001 -0.001254 0.009906 -0.608348
    34 2.023778 0.904982 -0.850921 -1.345797 1.213354 3.376619
    35 4.981625 0.002227 0.003236 1.378408 0.111588 -0.929758
    36 11.119975 -0.000005 0.000000 0.000001 0.050589 -0.293972
    37 11.205375 0.000073 0.000008 -1.634013 -0.027131 0.271823
    38 3.767578 0.151855 -0.072693 -0.061811 -0.104916 -0.601450
    39 2.036716 -0.000004 0.000000 -0.053356 0.002610 -1.343653
    40 1.063287 -0.000004 0.000001 0.243360 0.222169 -0.479551
    41 3.780812 -0.024988 -0.795569 0.145514 -0.103817 -0.523859
    42 1.628906 -0.000002 0.000001 -0.001787 -0.229023 -0.812505
    43 0.955566 -0.000004 0.000000 -0.124329 -0.037101 -0.833108
    44 1.258789 -0.308350 -1.250000 1.086305 0.326419 -0.551994
    45 1.392578 -0.000002 0.000001 -0.000831 -0.001842 0.382344
    46 1.099609 -0.000001 -0.000003 -0.008997 -0.009551 0.469381
    47 3.546538 0.208125 1.487114 0.073095 -0.031308 -0.677716
    48 1.218360 -0.000002 0.000000 0.021043 -0.138830 -0.847983
    49 0.681767 0.000000 -0.000002 -0.104179 0.098121 -1.071555
    50 3.697266 0.273682 0.726563 0.065648 -0.112154 -0.666605
    51 1.747310 0.000004 0.000000 -0.074580 0.021053 -1.335361
    52 0.959961 0.000000 -0.000001 0.003325 -0.009470 -0.821513
    53 -3.756462 5.577850 2.053357 1.570803 -0.000001 0.000000
    54 -2.735646 -0.081365 5.727119 0.000007 0.000015 1.570796
    55 0.000001 5.662003 -0.974302 1.570804 -0.000001 0.000000
    56 -0.000002 -2.275002 5.113525 0.000000 0.000000 -3.141592
    57 -2.477620 5.416855 4.597564 1.570804 -0.000001 0.000000
    58 -1.515218 1.317776 5.998497 0.000000 0.000000 0.000000
    59 -2.455992 5.657928 -0.087295 1.570804 -0.000001 0.000000
    60 -1.485628 -1.617812 5.263969 0.000000 0.000000 3.141592
    61 3.756460 5.577858 2.053359 1.570803 -0.000001 0.000000
    62 2.735645 -0.081364 5.727116 0.000004 -0.000011 -1.570795
    63 2.477613 5.416855 4.597570 1.570804 -0.000001 0.000000
    64 1.515220 1.317777 5.998508 0.000000 0.000000 0.000000
    65 2.455991 5.657928 -0.087293 1.570804 -0.000001 0.000000
    66 1.485620 -1.617803 5.263973 0.000000 0.000000 -3.141592
    67 4.575642 5.632584 0.000132 0.000000 -1.570771 0.249128
    68 -0.000001 0.314078 5.161098 0.000000 0.000000 0.000000
    69 -0.000001 -0.323108 3.750217 0.000000 0.000000 0.000000
    70 5.734947 1.075212 4.685178 1.570830 -0.000004 -1.321669
    71 -0.753896 0.305901 4.971462 -0.000001 0.000002 0.000000
    72 -1.101006 -0.314705 3.448307 0.000001 0.000001 0.000000
    73 5.809101 -1.029643 4.595047 1.570829 -0.000004 -1.321671
    74 -0.714908 -0.199657 5.028973 0.000000 0.000003 0.000000
    75 -0.282898 -0.851690 4.444889 0.000000 0.000000 0.000000
    76 9.578484 -1.290738 0.000240 0.000000 1.570770 -2.892481
    77 9.369518 -1.236408 1.787905 0.000000 1.570770 -2.892481
    78 9.436707 -1.331719 -1.409029 0.000000 1.570770 -2.892477
    79 5.735191 1.075235 -4.684885 -1.570814 0.000004 1.819923
    80 0.753901 0.305904 4.971474 -0.000001 -0.000002 0.000000
    81 1.101010 -0.314705 3.448315 0.000000 -0.000001 0.000000
    82 5.809341 -1.029617 -4.594752 -1.570814 0.000004 1.819922
    83 0.714908 -0.199655 5.028969 0.000000 -0.000003 0.000000
    84 0.282897 -0.851688 4.444893 0.000000 0.000000 0.000000
  time 89
    0 0.284509 -0.152348 37.688852 1.634887 0.037668 -0.111262
    1 3.983847 0.002149 0.003401 -1.663880 -0.219155 -1.455212
    2 15.938816 -0.000100 -0.000005 -0.000009 -0.000002 0.303827
    3 17.707025 -0.000068 0.000003 -0.171234 -0.151550 -1.167128
    4 6.202515 0.003416 -0.000367 0.020247 -0.027684 -0.404381
    5 -3.983848 0.002149 0.003395 -1.530827 -0.087275 -1.493514
    6 15.938826 -0.000113 -0.000001 0.000002 0.000010 0.276688
    7 17.707031 0.000018 0.000000 0.176374 0.313677 -1.233510
    8 6.202710 0.003078 0.003745 -0.111812 0.023790 -0.469879
    9 -0.000001 4.209253 -1.688832 1.576403 0.083326 1.586514
    10 3.836055 0.000000 0.000000 -0.003092 0.026787 -0.039610
    11 3.617625 -0.000275 -0.000015 -0.013075 -0.020801 -0.026824
    12 7.537925 0.003588 -0.000212 0.030414 0.052221 0.286428
    13 3.181604 -0.002346 0.000028 3.170734 -0.041414 0.204603
    14 2.966416 0.000318 0.000023 0.073174 0.042724 0.131629
    15 2.023770 0.904983 0.850949 1.900354 -1.262875 2.497529
    16 4.980521 0.000781 -0.001089 -1.650330 0.363876 -1.160587
    17 11.119977 0.000007 0.000004 -0.000003 -0.106448 -0.324029
    18 11.205393 -0.000039 0.000000 1.525431 -0.095180 0.130502
    19 3.767578 0.152466 0.071350 0.161509 0.116810 -0.535178
    20 2.037109 0.000002 0.000000 -0.025500 -0.063436 -0.943058
    21 1.066406 -0.000004 0.000000 -0.001546 0.012034 -0.436579
    22 3.783203 -0.017258 0.794434 0.168904 -0.026920 -0.368804
    23 1.628906 0.000001 0.000000 -0.061251 0.003142 -0.834908
    24 0.955566 -0.000004 0.000000 -0.005388 -0.042122 -0.207875
    25 1.258789 -0.297852 1.251953 -1.291947 -0.539750 -0.506113
    26 1.392578 0.000001 -0.000004 0.001372 -0.188351 0.491767
    27 1.100942 0.000011 0.000000 0.009521 -0.039488 -0.040358
    28 3.548828 0.198730 -1.489258 0.122069 0.218121 -0.679757
    29 1.218750 0.000002 0.000002 0.002969 0.019929 -1.051738
    30 0.679688 0.000002 0.000004 0.028392 -0.181320 -0.761972
    31 3.697042 0.266204 -0.725138 0.148081 0.167551 -0.656351
    32 1.747315 -0.000008 -0.000001 -0.016831 -0.101072 -0.899610
    33 0.959961 0.000010 0.000001 -0.001254 0.009906 -0.608348
    34 2.023778 0.904982 -0.850921 -1.346110 1.212254 3.376348
    35 4.981625 0.002227 0.003236 1.378769 0.111451 -0.928818
    36 11.119975 -0.000005 0.000000 0.000001 0.050589 -0.294792
    37 11.205375 0.000073 0.000008 -1.632295 -0.027215 0.271355
    38 3.767578 0.151855 -0.072693 -0.061811 -0.104916 -0.601450
    39 2.036716 -0.000004 0.000000 -0.053356 0.002610 -1.343653
    40 1.063287 -0.000004 0.000001 0.243360 0.222169 -0.479551
    41 3.780812 -0.024988 -0.795569 0.145514 -0.103817 -0.523859
    42 1.628906 -0.000002 0.000001 -0.001787 -0.229023 -0.812505
    43 0.955566 -0.000004 0.000000 -0.124329 -0.037101 -0.833108
    44 1.258789 -0.308350 -1.250000 1.086305 0.326419 -0.551994
    45 1.392578 -0.000002 0.000001 -0.000831 -0.001842 0.382344
    46 1.099609 -0.000001 -0.000003 -0.008997 -0.009551 0.469381
    47 3.546538 0.208125 1.487114 0.073066 -0.031284 -0.677764
    48 1.218360 -0.000002 0.000000 0.021043 -0.138818 -0.847983
    49 0.681767 0.000000 -0.000002 -0.104179 0.098121 -1.071555
    50 3.697266 0.273682 0.726563 0.065648 -0.112154 -0.666605
    51 1.747310 0.000004 0.000000 -0.074580 0.021053 -1.335361
    52 0.959961 0.000000 -0.000001 0.003325 -0.009470 -0.821513
    53 -3.756462 5.577850 2.053357 1.570803 -0.000001 0.000000
    54 -2.735646 -0.081365 5.727119 0.000007 0.000015 1.570796
    55 0.000001 5.662003 -0.974302 1.570804 -0.000001 0.000000
    56 -0.000002 -2.275002 5.113525 0.000000 0.000000 -3.141592
    57 -2.477620 5.416855 4.597564 1.570804 -0.000001 0.000000
    58 -1.515218 1.317776 5.998497 0.000000 0.000000 0.000000
    59 -2.455992 5.657928 -0.087295 1.570804 -0.000001 0.000000
    60 -1.485628 -1.617812 5.263969 0.000000 0.000000 3.141592
    61 3.756460 5.577858 2.053359 1.570803 -0.000001 0.000000
    62 2.735645 -0.081364 5.727116 0.000004 -0.000011 -1.570795
    63 2.477613 5.416855 4.597570 1.570804 -0.000001 0.000000
    64 1.515220 1.317777 5.998508 0.000000 0.000000 0.000000
    65 2.455991 5.657928 -0.087293 1.570804 -0.000001 0.000000
    66 1.485620 -1.617803 5.263973 0.000000 0.000000 -3.141592
    67 4.575642 5.632584 0.000132 0.000000 -1.570771 0.249128
    68 -0.000001 0.314078 5.161098 0.000000 0.000000 0.000000
    69 -0.000001 -0.323108 3.750217 0.000000 0.000000 0.000000
    70 5.734947 1.075212 4.685178 1.570830 -0.000004 -1.321669
    71 -0.753896 0.305901 4.971462 -0.000001 0.000002 0.000000
    72 -1.101006 -0.314705 3.448307 0.000001 0.000001 0.000000
    73 5.809101 -1.029643 4.595047 1.570829 -0.000004 -1.321671
    74 -0.714908 -0.199657 5.028973 0.000000 0.000003 0.000000
    75 -0.282898 -0.851690 4.444889 0.000000 0.000000 0.000000
    76 9.578484 -1.290738 0.000240 0.000000 1.570770 -2.892481
    77 9.369518 -1.236408 1.787905 0.000000 1.570770 -2.892481
    78 9.436707 -1.331719 -1.409029 0.000000 1.570770 -2.892477
    79 5.735191 1.075235 -4.684885 -1.570814 0.000004 1.819923
    80 0.753901 0.305904 4.971474 -0.000001 -0.000002 0.000000
    81 1.101010 -0.314705 3.448315 0.000000 -0.000001 0.000000
    82 5.809341 -1.029617 -4.594752 -1.570814 0.000004 1.819922
    83 0.714908 -0.199655 5.028969 0.000000 -0.000003 0.000000
    84 0.282897 -0.851688 4.444893 0.000000 0.000000 0.000000
  time 90
    0 0.288415 -0.160161 37.657601 1.634887 0.037751 -0.111453
    1 3.983847 0.002149 0.003401 -1.663880 -0.219422 -1.455212
    2 15.938816 -0.000100 -0.000005 -0.000009 -0.000002 0.304911
    3 17.707025 -0.000068 0.000003 -0.171207 -0.151699 -1.168076
    4 6.202515 0.003416 -0.000367 0.020247 -0.027684 -0.404243
    5 -3.983848 0.002149 0.003395 -1.530827 -0.087189 -1.493607
    6 15.938826 -0.000113 -0.000001 0.000002 0.000010 0.277002
    7 17.707031 0.000018 0.000000 0.176352 0.313588 -1.233834
    8 6.202710 0.003078 0.003745 -0.111812 0.023790 -0.469879
    9 -0.000001 4.209253 -1.688832 1.576403 0.083508 1.586370
    10 3.836055 0.000000 0.000000 -0.003092 0.026919 -0.039358
    11 3.617625 -0.000275 -0.000015 -0.013003 -0.021041 -0.026584
    12 7.537925 0.003588 -0.000212 0.030186 0.052376 0.286788
    13 3.181604 -0.002346 0.000028 3.171309 -0.041774 0.203848
    14 2.966416 0.000318 0.000023 0.073497 0.042867 0.132038
    15 2.023770 0.904983 0.850949 1.897654 -1.262386 2.500248
    16 4.980521 0.000781 -0.001089 -1.650020 0.363168 -1.160217
    17 11.119977 0.000007 0.000004 -0.000003 -0.106448 -0.322771
    18 11.205393 -0.000039 0.000000 1.525863 -0.095825 0.130790
    19 3.767578 0.152466 0.071350 0.161510 0.116815 -0.535178
    20 2.037109 0.000001 -0.000001 -0.025500 -0.063436 -0.943058
    21 1.066406 -0.000004 0.000000 -0.001546 0.012036 -0.436579
    22 3.783203 -0.017258 0.794434 0.168904 -0.026920 -0.368804
    23 1.628906 0.000000 -0.000001 -0.061251 0.003142 -0.834908
    24 0.955566 -0.000003 -0.000001 -0.005388 -0.042122 -0.207875
    25 1.258789 -0.297852 1.251953 -1.291947 -0.539750 -0.506113
    26 1.392578 0.000003 -0.000006 0.001372 -0.188351 0.491767
    27 1.099609 -0.000001 -0.000004 0.009529 -0.039492 -0.040356
    28 3.548828 0.198730 -1.489258 0.122069 0.218121 -0.679757
    29 1.218750 0.000004 0.000004 0.002967 0.019929 -1.051735
    30 0.681774 -0.000006 0.000000 0.028387 -0.181321 -0.761958
    31 3.697042 0.266204 -0.725138 0.148081 0.167551 -0.656351
    32 1.747315 -0.000008 -0.000001 -0.016843 -0.101072 -0.899610
    33 0.959961 0.000006 0.000000 -0.001254 0.009906 -0.608348
    34 2.023778 0.904982 -0.850921 -1.346684 1.211114 3.375716
    35 4.981625 0.002227 0.003236 1.379078 0.111616 -0.928143
    36 11.119975 -0.000005 0.000000 0.000001 0.050589 -0.295422
    37 11.205375 0.000073 0.000008 -1.628573 -0.028653 0.272290
    38 3.767578 0.151855 -0.072693 -0.061811 -0.104916 -0.601450
    39 2.036716 -0.000004 0.000000 -0.053356 0.002610 -1.343653
    40 1.063287 -0.000004 0.000001 0.243360 0.222157 -0.479503
    41 3.783203 -0.023941 -0.794434 0.145529 -0.103829 -0.523859
    42 1.628906 -0.000001 0.000001 -0.001787 -0.229023 -0.812505
    43 0.955566 -0.000002 0.000000 -0.124329 -0.037101 -0.833111
    44 1.258789 -0.308350 -1.250000 1.086305 0.326416 -0.551995
    45 1.392578 0.000000 0.000000 -0.000830 -0.001840 0.382344
    46 1.099609 0.000000 -0.000005 -0.008997 -0.009551 0.469381
    47 3.546538 0.208125 1.487114 0.073138 -0.031368 -0.677716
    48 1.218750 0.000007 0.000002 0.021046 -0.138839 -0.848032
    49 0.679688 0.000002 0.000004 -0.104181 0.098128 -1.071576
    50 3.697266 0.273682 0.726563 0.065645 -0.112157 -0.666605
    51 1.747310 0.000004 0.000000 -0.074580 0.021053 -1.335361
    52 0.959961 0.000000 -0.000001 0.003325 -0.009470 -0.821513
    53 -3.756462 5.577850 2.053357 1.570803 -0.000001 0.000000
    54 -2.735646 -0.081365 5.727119 0.000007 0.000015 1.570796
    55 0.000001 5.662003 -0.974302 1.570804 -0.000001 0.000000
    56 -0.000002 -2.275002 5.113525 0.000000 0.000000 -3.141592
    57 -2.477620 5.416855 4.597564 1.570804 -0.000001 0.000000
    58 -1.515218 1.317776 5.998497 0.000000 0.000000 0.000000
    59 -2.455992 5.657928 -0.087295 1.570804 -0.000001 0.000000
    60 -1.485628 -1.617812 5.263969 0.000000 0.000000 3.141592
    61 3.756460 5.577858 2.053359 1.570803 -0.000001 0.000000
    62 2.735645 -0.081364 5.727116 0.000004 -0.000011 -1.570795
    63 2.477613 5.416855 4.597570 1.570804 -0.000001 0.000000
    64 1.515220 1.317777 5.998508 0.000000 0.000000 0.000000
    65 2.455991 5.657928 -0.087293 1.570804 -0.000001 0.000000
    66 1.485620 -1.617803 5.263973 0.000000 0.000000 -3.141592
    67 4.575642 5.632584 0.000132 0.000000 -1.570771 0.249128
    68 -0.000001 0.314078 5.161098 0.000000 0.000000 0.000000
    69 -0.000001 -0.323108 3.750217 0.000000 0.000000 0.000000
    70 5.734947 1.075212 4.685178 1.570830 -0.000004 -1.321669
    71 -0.753896 0.305901 4.971462 -0.000001 0.000002 0.000000
    72 -1.101006 -0.314705 3.448307 0.000001 0.000001 0.000000
    73 5.809101 -1.029643 4.595047 1.570829 -0.000004 -1.321671
    74 -0.714908 -0.199657 5.028973 0.000000 0.000003 0.000000
    75 -0.282898 -0.851690 4.444889 0.000000 0.000000 0.000000
    76 9.578484 -1.290738 0.000240 0.000000 1.570770 -2.892481
    77 9.369518 -1.236408 1.787905 0.000000 1.570770 -2.892481
    78 9.436707 -1.331719 -1.409029 0.000000 1.570770 -2.892477
    79 5.735191 1.075235 -4.684885 -1.570814 0.000004 1.819923
    80 0.753901 0.305904 4.971474 -0.000001 -0.000002 0.000000
    81 1.101010 -0.314705 3.448315 0.000000 -0.000001 0.000000
    82 5.809341 -1.029617 -4.594752 -1.570814 0.000004 1.819922
    83 0.714908 -0.199655 5.028969 0.000000 -0.000003 0.000000
    84 0.282897 -0.851688 4.444893 0.000000 0.000000 0.000000
  time 91
    0 0.288415 -0.171880 37.657601 1.634839 0.037799 -0.111453
    1 3.983847 0.002149 0.003401 -1.664070 -0.219689 -1.455122
    2 15.938816 -0.000100 -0.000005 -0.000009 -0.000002 0.306186
    3 17.707025 -0.000068 0.000003 -0.171014 -0.151508 -1.168994
    4 6.202515 0.003416 -0.000367 0.020247 -0.027684 -0.404243
    5 -3.983848 0.002149 0.003395 -1.530731 -0.087018 -1.493607
    6 15.938826 -0.000113 -0.000001 0.000002 0.000010 0.277254
    7 17.707031 0.000018 0.000000 0.176397 0.313499 -1.234191
    8 6.202710 0.003078 0.003745 -0.111812 0.023790 -0.470015
    9 -0.000001 4.209253 -1.688832 1.576355 0.083730 1.586322
    10 3.836055 0.000000 0.000000 -0.003140 0.026978 -0.039118
    11 3.617625 -0.000275 -0.000015 -0.012955 -0.021460 -0.026345
    12 7.537925 0.003588 -0.000212 0.030162 0.052496 0.287160
    13 3.181604 -0.002346 0.000028 3.171693 -0.041882 0.203333
    14 2.966416 0.000318 0.000023 0.073533 0.043023 0.132492
    15 2.023770 0.904983 0.850949 1.895654 -1.261938 2.502060
    16 4.980521 0.000781 -0.001089 -1.649556 0.362392 -1.160616
    17 11.119977 0.000007 0.000004 -0.000003 -0.106448 -0.320656
    18 11.205393 -0.000039 0.000000 1.527784 -0.096020 0.130358
    19 3.767578 0.152466 0.071350 0.161510 0.116815 -0.535178
    20 2.037109 0.000001 -0.000001 -0.025500 -0.063436 -0.943058
    21 1.066406 -0.000004 0.000000 -0.001546 0.012036 -0.436579
    22 3.783203 -0.017258 0.794434 0.168904 -0.026920 -0.368804
    23 1.628906 0.000000 -0.000001 -0.061251 0.003142 -0.834908
    24 0.955566 -0.000003 -0.000001 -0.005388 -0.042122 -0.207875
    25 1.258789 -0.297852 1.251953 -1.291947 -0.539750 -0.506113
    26 1.392578 0.000003 -0.000006 0.001372 -0.188351 0.491767
    27 1.099609 -0.000001 -0.000004 0.009529 -0.039492 -0.040356
    28 3.548828 0.198730 -1.489258 0.122069 0.218121 -0.679757
    29 1.218750 0.000004 0.000004 0.002967 0.019929 -1.051735
    30 0.681774 -0.000006 0.000000 0.028387 -0.181321 -0.761958
    31 3.697042 0.266204 -0.725138 0.148081 0.167551 -0.656351
    32 1.747315 -0.000008 -0.000001 -0.016831 -0.101072 -0.899610
    33 0.959961 0.000006 0.000000 -0.001254 0.009906 -0.608348
    34 2.023778 0.904982 -0.850921 -1.346945 1.209934 3.375536
    35 4.981625 0.002227 0.003236 1.379078 0.111561 -0.927379
    36 11.119975 -0.000005 0.000000 0.000001 0.050589 -0.295422
    37 11.205375 0.000073 0.000008 -1.626664 -0.030331 0.273105
    38 3.767578 0.151855 -0.072693 -0.061811 -0.104916 -0.601450
    39 2.036716 -0.000004 0.000000 -0.053356 0.002610 -1.343653
    40 1.063287 -0.000004 0.000001 0.243360 0.222157 -0.479503
    41 3.783203 -0.023941 -0.794434 0.145529 -0.103829 -0.523859
    42 1.628906 -0.000001 0.000001 -0.001787 -0.229023 -0.812505
    43 0.955566 -0.000002 0.000000 -0.124329 -0.037101 -0.833111
    44 1.258789 -0.308350 -1.250000 1.086305 0.326416 -0.551995
    45 1.392578 0.000000 0.000000 -0.000830 -0.001840 0.382344
    46 1.099609 0.000000 -0.000005 -0.008997 -0.009551 0.469381
    47 3.546538 0.208125 1.487114 0.073224 -0.031464 -0.677596
    48 1.218750 0.000007 0.000002 0.021046 -0.138839 -0.848032
    49 0.679688 0.000002 0.000004 -0.104181 0.098128 -1.071576
    50 3.697266 0.273682 0.726563 0.065645 -0.112157 -0.666605
    51 1.747310 0.000004 0.000000 -0.074580 0.021053 -1.335361
    52 0.959961 0.000000 -0.000001 0.003325 -0.009470 -0.821513
    53 -3.756462 5.577850 2.053357 1.570803 -0.000001 0.000000
    54 -2.735646 -0.081365 5.727119 0.000007 0.000015 1.570796
    55 0.000001 5.662003 -0.974302 1.570804 -0.000001 0.000000
    56 -0.000002 -2.275002 5.113525 0.000000 0.000000 -3.141592
    57 -2.477620 5.416855 4.597564 1.570804 -0.000001 0.000000
    58 -1.515218 1.317776 5.998497 0.000000 0.000000 0.000000
    59 -2.455992 5.657928 -0.087295 1.570804 -0.000001 0.000000
    60 -1.485628 -1.617812 5.263969 0.000000 0.000000 3.141592
    61 3.756460 5.577858 2.053359 1.570803 -0.000001 0.000000
    62 2.735645 -0.081364 5.727116 0.000004 -0.000011 -1.570795
    63 2.477613 5.416855 4.597570 1.570804 -0.000001 0.000000
    64 1.515220 1.317777 5.998508 0.000000 0.000000 0.000000
    65 2.455991 5.657928 -0.087293 1.570804 -0.000001 0.000000
    66 1.485620 -1.617803 5.263973 0.000000 0.000000 -3.141592
    67 4.575642 5.632584 0.000132 0.000000 -1.570771 0.249128
    68 -0.000001 0.314078 5.161098 0.000000 0.000000 0.000000
    69 -0.000001 -0.323108 3.750217 0.000000 0.000000 0.000000
    70 5.734947 1.075212 4.685178 1.570830 -0.000004 -1.321669
    71 -0.753896 0.305901 4.971462 -0.000001 0.000002 0.000000
    72 -1.101006 -0.314705 3.448307 0.000001 0.000001 0.000000
    73 5.809101 -1.029643 4.595047 1.570829 -0.000004 -1.321671
    74 -0.714908 -0.199657 5.028973 0.000000 0.000003 0.000000
    75 -0.282898 -0.851690 4.444889 0.000000 0.000000 0.000000
    76 9.578484 -1.290738 0.000240 0.000000 1.570770 -2.892481
    77 9.369518 -1.236408 1.787905 0.000000 1.570770 -2.892481
    78 9.436707 -1.331719 -1.409029 0.000000 1.570770 -2.892477
    79 5.735191 1.075235 -4.684885 -1.570814 0.000004 1.819923
    80 0.753901 0.305904 4.971474 -0.000001 -0.000002 0.000000
    81 1.101010 -0.314705 3.448315 0.000000 -0.000001 0.000000
    82 5.809341 -1.029617 -4.594752 -1.570814 0.000004 1.819922
    83 0.714908 -0.199655 5.028969 0.000000 -0.000003 0.000000
    84 0.282897 -0.851688 4.444893 0.000000 0.000000 0.000000
  time 92
    0 0.288415 -0.183599 37.657601 1.634695 0.037835 -0.111517
    1 3.983847 0.002149 0.003401 -1.664640 -0.219867 -1.454943
    2 15.938816 -0.000100 -0.000005 -0.000009 -0.000002 0.307525
    3 17.707025 -0.000068 0.000003 -0.170766 -0.151020 -1.170065
    4 6.202515 0.003416 -0.000367 0.020247 -0.027684 -0.404243
    5 -3.983848 0.002149 0.003395 -1.530922 -0.086674 -1.493607
    6 15.938826 -0.000113 -0.000001 0.000002 0.000010 0.277506
    7 17.707031 0.000018 0.000000 0.176374 0.313553 -1.234515
    8 6.202710 0.003078 0.003745 -0.111812 0.023778 -0.470134
    9 -0.000001 4.209253 -1.688832 1.576068 0.083972 1.586322
    10 3.836055 0.000000 0.000000 -0.003140 0.027098 -0.038867
    11 3.617625 -0.000275 -0.000015 -0.012763 -0.021951 -0.026204
    12 7.537925 0.003588 -0.000212 0.030450 0.052448 0.287423
    13 3.181604 -0.002346 0.000028 3.171788 -0.041522 0.203357
    14 2.966416 0.000318 0.000023 0.073353 0.043275 0.132900
    15 2.023770 0.904983 0.850949 1.894654 -1.261165 2.502786
    16 4.980521 0.000781 -0.001089 -1.649607 0.361751 -1.161298
    17 11.119977 0.000007 0.000004 -0.000003 -0.106448 -0.317911
    18 11.205393 -0.000039 0.000000 1.529129 -0.096141 0.128740
    19 3.767578 0.152466 0.071350 0.161510 0.116815 -0.535178
    20 2.037109 0.000001 -0.000001 -0.025500 -0.063436 -0.943058
    21 1.066406 -0.000004 0.000000 -0.001546 0.012036 -0.436579
    22 3.783203 -0.017258 0.794434 0.168904 -0.026920 -0.368804
    23 1.628906 0.000000 -0.000001 -0.061251 0.003142 -0.834908
    24 0.955566 -0.000003 -0.000001 -0.005388 -0.042122 -0.207875
    25 1.258789 -0.297852 1.251953 -1.291947 -0.539750 -0.506113
    26 1.392578 0.000003 -0.000006 0.001372 -0.188351 0.491767
    27 1.099609 -0.000001 -0.000004 0.009529 -0.039492 -0.040356
    28 3.548828 0.198730 -1.489258 0.122069 0.218121 -0.679757
    29 1.218750 0.000004 0.000004 0.002967 0.019929 -1.051735
    30 0.681774 -0.000006 0.000000 0.028387 -0.181321 -0.761958
    31 3.697042 0.266204 -0.725138 0.148081 0.167551 -0.656351
    32 1.747315 -0.000008 -0.000001 -0.016831 -0.101072 -0.899610
    33 0.959961 0.000006 0.000000 -0.001254 0.009906 -0.608348
    34 2.023778 0.904982 -0.850921 -1.347049 1.208427 3.375445
    35 4.981625 0.002227 0.003236 1.378665 0.111341 -0.926615
    36 11.119975 -0.000005 0.000000 0.000001 0.050589 -0.295422
    37 11.205375 0.000073 0.000008 -1.626187 -0.032176 0.274903
    38 3.767578 0.151855 -0.072693 -0.061811 -0.104916 -0.601450
    39 2.036716 -0.000004 0.000000 -0.053356 0.002610 -1.343653
    40 1.063287 -0.000004 0.000001 0.243360 0.222157 -0.479503
    41 3.783203 -0.023941 -0.794434 0.145529 -0.103829 -0.523859
    42 1.628906 -0.000001 0.000001 -0.001787 -0.229023 -0.812505
    43 0.955566 -0.000002 0.000000 -0.124329 -0.037101 -0.833111
    44 1.258789 -0.308350 -1.250000 1.086305 0.326416 -0.551995
    45 1.392578 0.000000 0.000000 -0.000830 -0.001840 0.382344
    46 1.099609 0.000000 -0.000005 -0.008997 -0.009551 0.469381
    47 3.546538 0.208125 1.487114 0.073324 -0.031584 -0.677428
    48 1.218750 0.000007 0.000002 0.021046 -0.138839 -0.848032
    49 0.679688 0.000002 0.000004 -0.104181 0.098128 -1.071576
    50 3.697266 0.273682 0.726563 0.065645 -0.112157 -0.666605
    51 1.747310 0.000004 0.000000 -0.074580 0.021053 -1.335361
    52 0.959961 0.000000 -0.000001 0.003325 -0.009470 -0.821513
    53 -3.756462 5.577850 2.053357 1.570803 -0.000001 0.000000
    54 -2.735646 -0.081365 5.727119 0.000007 0.000015 1.570796
    55 0.000001 5.662003 -0.974302 1.570804 -0.000001 0.000000
    56 -0.000002 -2.275002 5.113525 0.000000 0.000000 -3.141592
    57 -2.477620 5.416855 4.597564 1.570804 -0.000001 0.000000
    58 -1.515218 1.317776 5.998497 0.000000 0.000000 0.000000
    59 -2.455992 5.657928 -0.087295 1.570804 -0.000001 0.000000
    60 -1.485628 -1.617812 5.263969 0.000000 0.000000 3.141592
    61 3.756460 5.577858 2.053359 1.570803 -0.000001 0.000000
    62 2.735645 -0.081364 5.727116 0.000004 -0.000011 -1.570795
    63 2.477613 5.416855 4.597570 1.570804 -0.000001 0.000000
    64 1.515220 1.317777 5.998508 0.000000 0.000000 0.000000
    65 2.455991 5.657928 -0.087293 1.570804 -0.000001 0.000000
    66 1.485620 -1.617803 5.263973 0.000000 0.000000 -3.141592
    67 4.575642 5.632584 0.000132 0.000000 -1.570771 0.249128
    68 -0.000001 0.314078 5.161098 0.000000 0.000000 0.000000
    69 -0.000001 -0.323108 3.750217 0.000000 0.000000 0.000000
    70 5.734947 1.075212 4.685178 1.570830 -0.000004 -1.321669
    71 -0.753896 0.305901 4.971462 -0.000001 0.000002 0.000000
    72 -1.101006 -0.314705 3.448307 0.000001 0.000001 0.000000
    73 5.809101 -1.029643 4.595047 1.570829 -0.000004 -1.321671
    74 -0.714908 -0.199657 5.028973 0.000000 0.000003 0.000000
    75 -0.282898 -0.851690 4.444889 0.000000 0.000000 0.000000
    76 9.578484 -1.290738 0.000240 0.000000 1.570770 -2.892481
    77 9.369518 -1.236408 1.787905 0.000000 1.570770 -2.892481
    78 9.436707 -1.331719 -1.409029 0.000000 1.570770 -2.892477
    79 5.735191 1.075235 -4.684885 -1.570814 0.000004 1.819923
    80 0.753901 0.305904 4.971474 -0.000001 -0.000002 0.000000
    81 1.101010 -0.314705 3.448315 0.000000 -0.000001 0.000000
    82 5.809341 -1.029617 -4.594752 -1.570814 0.000004 1.819922
    83 0.714908 -0.199655 5.028969 0.000000 -0.000003 0.000000
    84 0.282897 -0.851688 4.444893 0.000000 0.000000 0.000000
  time 93
    0 0.284509 -0.191412 37.657601 1.634599 0.037931 -0.111645
    1 3.983847 0.002149 0.003401 -1.665305 -0.219912 -1.454675
    2 15.938816 -0.000100 -0.000005 -0.000009 -0.000002 0.308608
    3 17.707025 -0.000068 0.000003 -0.170629 -0.150489 -1.170860
    4 6.202515 0.003416 -0.000367 0.020247 -0.027684 -0.404243
    5 -3.983848 0.002149 0.003395 -1.531209 -0.086331 -1.493514
    6 15.938826 -0.000113 -0.000001 0.000002 0.000010 0.277695
    7 17.707031 0.000018 0.000000 0.176465 0.313802 -1.234872
    8 6.202710 0.003078 0.003745 -0.111812 0.023778 -0.470134
    9 -0.000001 4.209253 -1.688832 1.575684 0.084154 1.586562
    10 3.836055 0.000000 0.000000 -0.003140 0.027158 -0.038627
    11 3.617625 -0.000275 -0.000015 -0.012452 -0.022742 -0.026092
    12 7.537925 0.003588 -0.000212 0.031445 0.051993 0.287555
    13 3.181604 -0.002346 0.000028 3.171980 -0.039856 0.203896
    14 2.966416 0.000318 0.000023 0.072886 0.043934 0.133172
    15 2.023770 0.904983 0.850949 1.896954 -1.260513 2.500610
    16 4.980521 0.000781 -0.001089 -1.650330 0.361380 -1.162067
    17 11.119977 0.000007 0.000004 -0.000003 -0.106448 -0.314709
    18 11.205393 -0.000039 0.000000 1.529417 -0.096445 0.126787
    19 3.767578 0.152466 0.071350 0.161510 0.116815 -0.535178
    20 2.037109 0.000001 -0.000001 -0.025500 -0.063436 -0.943058
    21 1.066406 -0.000004 0.000000 -0.001546 0.012036 -0.436579
    22 3.783203 -0.017258 0.794434 0.168904 -0.026920 -0.368804
    23 1.628906 0.000000 -0.000001 -0.061251 0.003142 -0.834908
    24 0.955566 -0.000003 -0.000001 -0.005388 -0.042122 -0.207875
    25 1.258789 -0.297852 1.251953 -1.291947 -0.539750 -0.506113
    26 1.392578 0.000003 -0.000006 0.001372 -0.188351 0.491767
    27 1.099609 -0.000001 -0.000004 0.009529 -0.039492 -0.040356
    28 3.548828 0.198730 -1.489258 0.122069 0.218121 -0.679757
    29 1.218750 0.000004 0.000004 0.002967 0.019929 -1.051735
    30 0.681774 -0.000006 0.000000 0.028387 -0.181321 -0.761958
    31 3.697042 0.266204 -0.725138 0.148081 0.167551 -0.656351
    32 1.747315 -0.000008 -0.000001 -0.016843 -0.101072 -0.899610
    33 0.959961 0.000006 0.000000 -0.001254 0.009906 -0.608348
    34 2.023778 0.904982 -0.850921 -1.347415 1.205699 3.374994
    35 4.981625 0.002227 0.003236 1.377995 0.110929 -0.925175
    36 11.119975 -0.000005 0.000000 0.000001 0.050589 -0.295422
    37 11.205375 0.000073 0.000008 -1.626664 -0.033830 0.276365
    38 3.767578 0.151855 -0.072693 -0.061811 -0.104916 -0.601450
    39 2.036716 -0.000004 0.000000 -0.053356 0.002610 -1.343653
    40 1.063287 -0.000004 0.000001 0.243360 0.222157 -0.479503
    41 3.783203 -0.023941 -0.794434 0.145529 -0.103829 -0.523859
    42 1.628906 -0.000001 0.000001 -0.001787 -0.229023 -0.812505
    43 0.955566 -0.000002 0.000000 -0.124329 -0.037101 -0.833111
    44 1.258789 -0.308350 -1.250000 1.086305 0.326416 -0.551995
    45 1.392578 0.000000 0.000000 -0.000830 -0.001840 0.382344
    46 1.099609 0.000000 -0.000005 -0.008997 -0.009551 0.469381
    47 3.546538 0.208125 1.487114 0.073468 -0.031704 -0.677261
    48 1.218750 0.000007 0.000002 0.021046 -0.138839 -0.848032
    49 0.679688 0.000002 0.000004 -0.104181 0.098128 -1.071576
    50 3.697266 0.273682 0.726563 0.065645 -0.112157 -0.666605
    51 1.747310 0.000004 0.000000 -0.074580 0.021053 -1.335361
    52 0.959961 0.000000 -0.000001 0.003325 -0.009470 -0.821513
    53 -3.756462 5.577850 2.053357 1.570803 -0.000001 0.000000
    54 -2.735646 -0.081365 5.727119 0.000007 0.000015 1.570796
    55 0.000001 5.662003 -0.974302 1.570804 -0.000001 0.000000
    56 -0.000002 -2.275002 5.113525 0.000000 0.000000 -3.141592
    57 -2.477620 5.416855 4.597564 1.570804 -0.000001 0.000000
    58 -1.515218 1.317776 5.998497 0.000000 0.000000 0.000000
    59 -2.455992 5.657928 -0.087295 1.570804 -0.000001 0.000000
    60 -1.485628 -1.617812 5.263969 0.000000 0.000000 3.141592
    61 3.756460 5.577858 2.053359 1.570803 -0.000001 0.000000
    62 2.735645 -0.081364 5.727116 0.000004 -0.000011 -1.570795
    63 2.477613 5.416855 4.597570 1.570804 -0.000001 0.000000
    64 1.515220 1.317777 5.998508 0.000000 0.000000 0.000000
    65 2.455991 5.657928 -0.087293 1.570804 -0.000001 0.000000
    66 1.485620 -1.617803 5.263973 0.000000 0.000000 -3.141592
    67 4.575642 5.632584 0.000132 0.000000 -1.570771 0.249128
    68 -0.000001 0.314078 5.161098 0.000000 0.000000 0.000000
    69 -0.000001 -0.323108 3.750217 0.000000 0.000000 0.000000
    70 5.734947 1.075212 4.685178 1.570830 -0.000004 -1.321669
    71 -0.753896 0.305901 4.971462 -0.000001 0.000002 0.000000
    72 -1.101006 -0.314705 3.448307 0.000001 0.000001 0.000000
    73 5.809101 -1.029643 4.595047 1.570829 -0.000004 -1.321671
    74 -0.714908 -0.199657 5.028973 0.000000 0.000003 0.000000
    75 -0.282898 -0.851690 4.444889 0.000000 0.000000 0.000000
    76 9.578484 -1.290738 0.000240 0.000000 1.570770 -2.892481
    77 9.369518 -1.236408 1.787905 0.000000 1.570770 -2.892481
    78 9.436707 -1.331719 -1.409029 0.000000 1.570770 -2.892477
    79 5.735191 1.075235 -4.684885 -1.570814 0.000004 1.819923
    80 0.753901 0.305904 4.971474 -0.000001 -0.000002 0.000000
    81 1.101010 -0.314705 3.448315 0.000000 -0.000001 0.000000
    82 5.809341 -1.029617 -4.594752 -1.570814 0.000004 1.819922
    83 0.714908 -0.199655 5.028969 0.000000 -0.000003 0.000000
    84 0.282897 -0.851688 4.444893 0.000000 0.000000 0.000000
  time 94
    0 0.280603 -0.203131 37.657601 1.634552 0.037931 -0.111773
    1 3.983847 0.002149 0.003401 -1.666065 -0.220045 -1.454407
    2 15.938816 -0.000100 -0.000005 -0.000009 -0.000002 0.309628
    3 17.707025 -0.000068 0.000003 -0.170381 -0.149832 -1.171809
    4 6.202515 0.003416 -0.000367 0.020247 -0.027684 -0.404243
    5 -3.983848 0.002149 0.003395 -1.531495 -0.086202 -1.493420
    6 15.938826 -0.000113 -0.000001 0.000002 0.000010 0.278010
    7 17.707031 0.000018 0.000000 0.176533 0.313981 -1.235034
    8 6.202710 0.003078 0.003745 -0.111812 0.023778 -0.470134
    9 -0.000001 4.209253 -1.688832 1.575444 0.084376 1.586562
    10 3.836055 0.000000 0.000000 -0.003140 0.027278 -0.038507
    11 3.617625 -0.000275 -0.000015 -0.012188 -0.023222 -0.026092
    12 7.537925 0.003588 -0.000212 0.032068 0.051597 0.287699
    13 3.181604 -0.002346 0.000028 3.172939 -0.039065 0.204220
    14 2.966416 0.000318 0.000023 0.072562 0.044449 0.133445
    15 2.023770 0.904983 0.850949 1.896704 -1.259414 2.500882
    16 4.980521 0.000781 -0.001089 -1.651104 0.361076 -1.162266
    17 11.119977 0.000007 0.000004 -0.000003 -0.106448 -0.311507
    18 11.205393 -0.000039 0.000000 1.530233 -0.096251 0.124594
    19 3.767578 0.152466 0.071350 0.161510 0.116815 -0.535178
    20 2.037109 0.000001 -0.000001 -0.025500 -0.063436 -0.943058
    21 1.066406 -0.000004 0.000000 -0.001546 0.012036 -0.436579
    22 3.783203 -0.017258 0.794434 0.168904 -0.026920 -0.368804
    23 1.628906 0.000000 -0.000001 -0.061251 0.003142 -0.834908
    24 0.955566 -0.000003 -0.000001 -0.005388 -0.042122 -0.207875
    25 1.258789 -0.297852 1.251953 -1.291947 -0.539750 -0.506113
    26 1.392578 0.000003 -0.000006 0.001372 -0.188351 0.491767
    27 1.099609 -0.000001 -0.000004 0.009529 -0.039492 -0.040356
    28 3.548828 0.198730 -1.489258 0.122069 0.218121 -0.679757
    29 1.218750 0.000004 0.000004 0.002967 0.019929 -1.051735
    30 0.681774 -0.000006 0.000000 0.028387 -0.181321 -0.761958
    31 3.697042 0.266204 -0.725138 0.148081 0.167551 -0.656351
    32 1.747315 -0.000008 -0.000001 -0.016843 -0.101072 -0.899610
    33 0.959961 0.000006 0.000000 -0.001254 0.009906 -0.608348
    34 2.023778 0.904982 -0.850921 -1.348876 1.203215 3.373639
    35 4.981625 0.002227 0.003236 1.377118 0.110379 -0.923442
    36 11.119975 -0.000005 0.000000 0.000001 0.050589 -0.295485
    37 11.205375 0.000073 0.000008 -1.627476 -0.034813 0.277060
    38 3.767578 0.151855 -0.072693 -0.061811 -0.104916 -0.601450
    39 2.036716 -0.000004 0.000000 -0.053356 0.002610 -1.343653
    40 1.063287 -0.000004 0.000001 0.243360 0.222157 -0.479503
    41 3.783203 -0.023941 -0.794434 0.145529 -0.103829 -0.523859
    42 1.628906 -0.000001 0.000001 -0.001787 -0.229023 -0.812505
    43 0.955566 -0.000002 0.000000 -0.124329 -0.037101 -0.833111
    44 1.258789 -0.308350 -1.250000 1.086305 0.326416 -0.551995
    45 1.392578 0.000000 0.000000 -0.000830 -0.001840 0.382344
    46 1.099609 0.000000 -0.000005 -0.008997 -0.009551 0.469381
    47 3.546538 0.208125 1.487114 0.073540 -0.031799 -0.677201
    48 1.218750 0.000007 0.000002 0.021046 -0.138839 -0.848032
    49 0.679688 0.000002 0.000004 -0.104181 0.098128 -1.071576
    50 3.697266 0.273682 0.726563 0.065645 -0.112157 -0.666605
    51 1.747310 0.000004 0.000000 -0.074580 0.021053 -1.335361
    52 0.959961 0.000000 -0.000001 0.003325 -0.009470 -0.821513
    53 -3.756462 5.577850 2.053357 1.570803 -0.000001 0.000000
    54 -2.735646 -0.081365 5.727119 0.000007 0.000015 1.570796
    55 0.000001 5.662003 -0.974302 1.570804 -0.000001 0.000000
    56 -0.000002 -2.275002 5.113525 0.000000 0.000000 -3.141592
    57 -2.477620 5.416855 4.597564 1.570804 -0.000001 0.000000
    58 -1.515218 1.317776 5.998497 0.000000 0.000000 0.000000
    59 -2.455992 5.657928 -0.087295 1.570804 -0.000001 0.000000
    60 -1.485628 -1.617812 5.263969 0.000000 0.000000 3.141592
    61 3.756460 5.577858 2.053359 1.570803 -0.000001 0.000000
    62 2.735645 -0.081364 5.727116 0.000004 -0.000011 -1.570795
    63 2.477613 5.416855 4.597570 1.570804 -0.000001 0.000000
    64 1.515220 1.317777 5.998508 0.000000 0.000000 0.000000
    65 2.455991 5.657928 -0.087293 1.570804 -0.000001 0.000000
    66 1.485620 -1.617803 5.263973 0.000000 0.000000 -3.141592
    67 4.575642 5.632584 0.000132 0.000000 -1.570771 0.249128
    68 -0.000001 0.314078 5.161098 0.000000 0.000000 0.000000
    69 -0.000001 -0.323108 3.750217 0.000000 0.000000 0.000000
    70 5.734947 1.075212 4.685178 1.570830 -0.000004 -1.321669
    71 -0.753896 0.305901 4.971462 -0.000001 0.000002 0.000000
    72 -1.101006 -0.314705 3.448307 0.000001 0.000001 0.000000
    73 5.809101 -1.029643 4.595047 1.570829 -0.000004 -1.321671
    74 -0.714908 -0.199657 5.028973 0.000000 0.000003 0.000000
    75 -0.282898 -0.851690 4.444889 0.000000 0.000000 0.000000
    76 9.578484 -1.290738 0.000240 0.000000 1.570770 -2.892481
    77 9.369518 -1.236408 1.787905 0.000000 1.570770 -2.892481
    78 9.436707 -1.331719 -1.409029 0.000000 1.570770 -2.892477
    79 5.735191 1.075235 -4.684885 -1.570814 0.000004 1.819923
    80 0.753901 0.305904 4.971474 -0.000001 -0.000002 0.000000
    81 1.101010 -0.314705 3.448315 0.000000 -0.000001 0.000000
    82 5.809341 -1.029617 -4.594752 -1.570814 0.000004 1.819922
    83 0.714908 -0.199655 5.028969 0.000000 -0.000003 0.000000
    84 0.282897 -0.851688 4.444893 0.000000 0.000000 0.000000
  time 95
    0 0.272790 -0.210944 37.657601 1.634408 0.038015 -0.111773
    1 3.983847 0.002149 0.003401 -1.666730 -0.220223 -1.454049
    2 15.938816 -0.000100 -0.000005 -0.000009 -0.000002 0.310903
    3 17.707025 -0.000068 0.000003 -0.170298 -0.149259 -1.172604
    4 6.202515 0.003416 -0.000367 0.020235 -0.027684 -0.404104
    5 -3.983848 0.002149 0.003395 -1.531782 -0.085944 -1.493139
    6 15.938826 -0.000113 -0.000001 0.000002 0.000010 0.278451
    7 17.707031 0.000018 0.000000 0.176397 0.314231 -1.235586
    8 6.202710 0.003078 0.003745 -0.111812 0.023778 -0.470134
    9 -0.000001 4.209253 -1.688832 1.575444 0.084457 1.586083
    10 3.836055 0.000000 0.000000 -0.003212 0.027757 -0.038507
    11 3.617625 -0.000275 -0.000015 -0.012068 -0.023342 -0.026092
    12 7.537925 0.003588 -0.000212 0.031852 0.051681 0.288190
    13 3.181604 -0.002346 0.000028 3.173131 -0.040024 0.203620
    14 2.966416 0.000318 0.000023 0.072802 0.044593 0.133944
    15 2.023770 0.904983 0.850949 1.890954 -1.257704 2.506230
    16 4.980521 0.000781 -0.001089 -1.650949 0.360199 -1.162095
    17 11.119977 0.000007 0.000004 -0.000003 -0.106448 -0.308534
    18 11.205393 -0.000039 0.000000 1.530857 -0.095983 0.122628
    19 3.767578 0.152466 0.071350 0.161510 0.116815 -0.535178
    20 2.037109 0.000001 -0.000001 -0.025500 -0.063436 -0.943058
    21 1.066406 -0.000004 0.000000 -0.001546 0.012036 -0.436579
    22 3.783203 -0.017258 0.794434 0.168904 -0.026920 -0.368804
    23 1.628906 0.000000 -0.000001 -0.061251 0.003142 -0.834908
    24 0.955566 -0.000003 -0.000001 -0.005388 -0.042122 -0.207875
    25 1.258789 -0.297852 1.251953 -1.291947 -0.539750 -0.506113
    26 1.392578 0.000003 -0.000006 0.001372 -0.188351 0.491767
    27 1.099609 -0.000001 -0.000004 0.009529 -0.039492 -0.040356
    28 3.548828 0.198730 -1.489258 0.122069 0.218121 -0.679757
    29 1.218750 0.000004 0.000004 0.002967 0.019929 -1.051735
    30 0.681774 -0.000006 0.000000 0.028387 -0.181321 -0.761958
    31 3.697042 0.266204 -0.725138 0.148081 0.167551 -0.656351
    32 1.747315 -0.000008 -0.000001 -0.016831 -0.101072 -0.899610
    33 0.959961 0.000006 0.000000 -0.001254 0.009906 -0.608348
    34 2.023778 0.904982 -0.850921 -1.350337 1.202564 3.372284
    35 4.981625 0.002227 0.003236 1.376808 0.110187 -0.923265
    36 11.119975 -0.000005 0.000000 0.000001 0.050589 -0.294981
    37 11.205375 0.000073 0.000008 -1.629146 -0.035269 0.276305
    38 3.767578 0.151855 -0.072693 -0.061811 -0.104916 -0.601450
    39 2.036716 -0.000004 0.000000 -0.053356 0.002610 -1.343694
    40 1.063287 -0.000004 0.000001 0.243360 0.222157 -0.479503
    41 3.783203 -0.023941 -0.794434 0.145529 -0.103829 -0.523859
    42 1.628906 -0.000001 0.000001 -0.001787 -0.229023 -0.812505
    43 0.955566 -0.000002 0.000000 -0.124329 -0.037101 -0.833111
    44 1.258789 -0.308350 -1.250000 1.086305 0.326416 -0.551995
    45 1.392578 0.000000 0.000000 -0.000830 -0.001840 0.382344
    46 1.099609 0.000000 -0.000005 -0.008997 -0.009551 0.469381
    47 3.546538 0.208125 1.487114 0.073597 -0.031871 -0.677201
    48 1.218750 0.000007 0.000002 0.021046 -0.138839 -0.848032
    49 0.679688 0.000002 0.000004 -0.104181 0.098128 -1.071576
    50 3.697266 0.273682 0.726563 0.065645 -0.112157 -0.666605
    51 1.747310 0.000004 0.000000 -0.074580 0.021053 -1.335361
    52 0.959961 0.000000 -0.000001 0.003325 -0.009470 -0.821513
    53 -3.756462 5.577850 2.053357 1.570803 -0.000001 0.000000
    54 -2.735646 -0.081365 5.727119 0.000007 0.000015 1.570796
    55 0.000001 5.662003 -0.974302 1.570804 -0.000001 0.000000
    56 -0.000002 -2.275002 5.113525 0.000000 0.000000 -3.141592
    57 -2.477620 5.416855 4.597564 1.570804 -0.000001 0.000000
    58 -1.515218 1.317776 5.998497 0.000000 0.000000 0.000000
    59 -2.455992 5.657928 -0.087295 1.570804 -0.000001 0.000000
    60 -1.485628 -1.617812 5.263969 0.000000 0.000000 3.141592
    61 3.756460 5.577858 2.053359 1.570803 -0.000001 0.000000
    62 2.735645 -0.081364 5.727116 0.000004 -0.000011 -1.570795
    63 2.477613 5.416855 4.597570 1.570804 -0.000001 0.000000
    64 1.515220 1.317777 5.998508 0.000000 0.000000 0.000000
    65 2.455991 5.657928 -0.087293 1.570804 -0.000001 0.000000
    66 1.485620 -1.617803 5.263973 0.000000 0.000000 -3.141592
    67 4.575642 5.632584 0.000132 0.000000 -1.570771 0.249128
    68 -0.000001 0.314078 5.161098 0.000000 0.000000 0.000000
    69 -0.000001 -0.323108 3.750217 0.000000 0.000000 0.000000
    70 5.734947 1.075212 4.685178 1.570830 -0.000004 -1.321669
    71 -0.753896 0.305901 4.971462 -0.000001 0.000002 0.000000
    72 -1.101006 -0.314705 3.448307 0.000001 0.000001 0.000000
    73 5.809101 -1.029643 4.595047 1.570829 -0.000004 -1.321671
    74 -0.714908 -0.199657 5.028973 0.000000 0.000003 0.000000
    75 -0.282898 -0.851690 4.444889 0.000000 0.000000 0.000000
    76 9.578484 -1.290738 0.000240 0.000000 1.570770 -2.892481
    77 9.369518 -1.236408 1.787905 0.000000 1.570770 -2.892481
    78 9.436707 -1.331719 -1.409029 0.000000 1.570770 -2.892477
    79 5.735191 1.075235 -4.684885 -1.570814 0.000004 1.819923
    80 0.753901 0.305904 4.971474 -0.000001 -0.000002 0.000000
    81 1.101010 -0.314705 3.448315 0.000000 -0.000001 0.000000
    82 5.809341 -1.029617 -4.594752 -1.570814 0.000004 1.819922
    83 0.714908 -0.199655 5.028969 0.000000 -0.000003 0.000000
    84 0.282897 -0.851688 4.444893 0.000000 0.000000 0.000000
  time 96
    0 0.268884 -0.214850 37.657601 1.634168 0.038183 -0.111773
    1 3.983847 0.002149 0.003401 -1.666920 -0.220312 -1.453602
    2 15.938816 -0.000100 -0.000005 -0.000009 -0.000002 0.311923
    3 17.707025 -0.000068 0.000003 -0.170298 -0.148856 -1.173369
    4 6.202515 0.003416 -0.000367 0.020235 -0.027684 -0.404104
    5 -3.983848 0.002149 0.003395 -1.531973 -0.085815 -1.492952
    6 15.938826 -0.000113 -0.000001 0.000002 0.000010 0.278892
    7 17.707031 0.000018 0.000000 0.176284 0.314623 -1.236007
    8 6.202710 0.003078 0.003745 -0.111812 0.023778 -0.470270
    9 -0.000001 4.209253 -1.688832 1.575636 0.084517 1.585651
    10 3.836055 0.000000 0.000000 -0.003344 0.028429 -0.038267
    11 3.617625 -0.000275 -0.000015 -0.012008 -0.023521 -0.025838
    12 7.537925 0.003588 -0.000212 0.031493 0.051981 0.288789
    13 3.181604 -0.002346 0.000028 3.173514 -0.041079 0.202698
    14 2.966416 0.000318 0.000023 0.073210 0.044641 0.134579
    15 2.023770 0.904983 0.850949 1.883953 -1.255831 2.512574
    16 4.980521 0.000781 -0.001089 -1.650536 0.359153 -1.161924
    17 11.119977 0.000007 0.000004 -0.000003 -0.106448 -0.305561
    18 11.205393 -0.000039 0.000000 1.530953 -0.095716 0.120867
    19 3.767578 0.152466 0.071350 0.161510 0.116815 -0.535178
    20 2.037109 0.000001 -0.000001 -0.025500 -0.063436 -0.943058
    21 1.066406 -0.000004 0.000000 -0.001546 0.012036 -0.436579
    22 3.783203 -0.017258 0.794434 0.168904 -0.026920 -0.368804
    23 1.628906 0.000000 -0.000001 -0.061251 0.003142 -0.834908
    24 0.955566 -0.000003 -0.000001 -0.005388 -0.042122 -0.207875
    25 1.258789 -0.297852 1.251953 -1.291947 -0.539750 -0.506113
    26 1.392578 0.000003 -0.000006 0.001372 -0.188351 0.491767
    27 1.099609 -0.000001 -0.000004 0.009529 -0.039492 -0.040356
    28 3.548828 0.198730 -1.489258 0.122069 0.218121 -0.679757
    29 1.218750 0.000004 0.000004 0.002967 0.019929 -1.051735
    30 0.681774 -0.000006 0.000000 0.028387 -0.181321 -0.761958
    31 3.697042 0.266204 -0.725138 0.148081 0.167551 -0.656351
    32 1.747315 -0.000008 -0.000001 -0.016843 -0.101072 -0.899610
    33 0.959961 0.000006 0.000000 -0.001254 0.009906 -0.608348
    34 2.023778 0.904982 -0.850921 -1.352059 1.202238 3.370839
    35 4.981625 0.002227 0.003236 1.376498 0.110269 -0.923442
    36 11.119975 -0.000005 0.000000 0.000001 0.050589 -0.294098
    37 11.205375 0.000073 0.000008 -1.630148 -0.034765 0.274328
    38 3.767578 0.151855 -0.072693 -0.061811 -0.104916 -0.601450
    39 2.036716 -0.000004 0.000000 -0.053356 0.002610 -1.343653
    40 1.063287 -0.000004 0.000001 0.243360 0.222157 -0.479503
    41 3.783203 -0.023941 -0.794434 0.145529 -0.103829 -0.523859
    42 1.628906 -0.000001 0.000001 -0.001787 -0.229023 -0.812505
    43 0.955566 -0.000002 0.000000 -0.124329 -0.037101 -0.833111
    44 1.258789 -0.308350 -1.250000 1.086305 0.326416 -0.551995
    45 1.392578 0.000000 0.000000 -0.000830 -0.001840 0.382344
    46 1.099609 0.000000 -0.000005 -0.008997 -0.009551 0.469381
    47 3.546538 0.208125 1.487114 0.073654 -0.031907 -0.677201
    48 1.218750 0.000007 0.000002 0.021046 -0.138839 -0.848032
    49 0.679688 0.000002 0.000004 -0.104181 0.098128 -1.071576
    50 3.697266 0.273682 0.726563 0.065645 -0.112157 -0.666605
    51 1.747310 0.000004 0.000000 -0.074580 0.021053 -1.335361
    52 0.959961 0.000000 -0.000001 0.003325 -0.009470 -0.821513
    53 -3.756462 5.577850 2.053357 1.570803 -0.000001 0.000000
    54 -2.735646 -0.081365 5.727119 0.000007 0.000015 1.570796
    55 0.000001 5.662003 -0.974302 1.570804 -0.000001 0.000000
    56 -0.000002 -2.275002 5.113525 0.000000 0.000000 -3.141592
    57 -2.477620 5.416855 4.597564 1.570804 -0.000001 0.000000
    58 -1.515218 1.317776 5.998497 0.000000 0.000000 0.000000
    59 -2.455992 5.657928 -0.087295 1.570804 -0.000001 0.000000
    60 -1.485628 -1.617812 5.263969 0.000000 0.000000 3.141592
    61 3.756460 5.577858 2.053359 1.570803 -0.000001 0.000000
    62 2.735645 -0.081364 5.727116 0.000004 -0.000011 -1.570795
    63 2.477613 5.416855 4.597570 1.570804 -0.000001 0.000000
    64 1.515220 1.317777 5.998508 0.000000 0.000000 0.000000
    65 2.455991 5.657928 -0.087293 1.570804 -0.000001 0.000000
    66 1.485620 -1.617803 5.263973 0.000000 0.000000 -3.141592
    67 4.575642 5.632584 0.000132 0.000000 -1.570771 0.249128
    68 -0.000001 0.314078 5.161098 0.000000 0.000000 0.000000
    69 -0.000001 -0.323108 3.750217 0.000000 0.000000 0.000000
    70 5.734947 1.075212 4.685178 1.570830 -0.000004 -1.321669
    71 -0.753896 0.305901 4.971462 -0.000001 0.000002 0.000000
    72 -1.101006 -0.314705 3.448307 0.000001 0.000001 0.000000
    73 5.809101 -1.029643 4.595047 1.570829 -0.000004 -1.321671
    74 -0.714908 -0.199657 5.028973 0.000000 0.000003 0.000000
    75 -0.282898 -0.851690 4.444889 0.000000 0.000000 0.000000
    76 9.578484 -1.290738 0.000240 0.000000 1.570770 -2.892481
    77 9.369518 -1.236408 1.787905 0.000000 1.570770 -2.892481
    78 9.436707 -1.331719 -1.409029 0.000000 1.570770 -2.892477
    79 5.735191 1.075235 -4.684885 -1.570814 0.000004 1.819923
    80 0.753901 0.305904 4.971474 -0.000001 -0.000002 0.000000
    81 1.101010 -0.314705 3.448315 0.000000 -0.000001 0.000000
    82 5.809341 -1.029617 -4.594752 -1.570814 0.000004 1.819922
    83 0.714908 -0.199655 5.028969 0.000000 -0.000003 0.000000
    84 0.282897 -0.851688 4.444893 0.000000 0.000000 0.000000
  time 97
    0 0.257164 -0.218757 37.657601 1.634024 0.038279 -0.111517
    1 3.983847 0.002149 0.003401 -1.667015 -0.220446 -1.453245
    2 15.938816 -0.000100 -0.000005 -0.000009 -0.000002 0.312816
    3 17.707025 -0.000068 0.000003 -0.170463 -0.148410 -1.174042
    4 6.202515 0.003416 -0.000367 0.020235 -0.027684 -0.403965
    5 -3.983848 0.002149 0.003395 -1.532164 -0.085643 -1.492577
    6 15.938826 -0.000113 -0.000001 0.000002 0.000010 0.279270
    7 17.707031 0.000018 0.000000 0.176148 0.315052 -1.236559
    8 6.202710 0.003078 0.003745 -0.111812 0.023778 -0.470134
    9 -0.000001 4.209253 -1.688832 1.575828 0.084639 1.585268
    10 3.836055 0.000000 0.000000 -0.003476 0.029112 -0.038028
    11 3.617625 -0.000275 -0.000015 -0.011816 -0.023953 -0.025726
    12 7.537925 0.003588 -0.000212 0.031157 0.052209 0.289281
    13 3.181604 -0.002346 0.000028 3.173035 -0.041726 0.201727
    14 2.966416 0.000318 0.000023 0.073581 0.044677 0.135532
    15 2.023770 0.904983 0.850949 1.877603 -1.254121 2.518647
    16 4.980521 0.000781 -0.001089 -1.649556 0.357973 -1.161583
    17 11.119977 0.000007 0.000004 -0.000003 -0.106448 -0.302587
    18 11.205393 -0.000039 0.000000 1.530425 -0.095570 0.119153
    19 3.767578 0.152466 0.071350 0.161510 0.116815 -0.535178
    20 2.037109 0.000001 -0.000001 -0.025500 -0.063436 -0.943058
    21 1.066406 -0.000004 0.000000 -0.001546 0.012036 -0.436579
    22 3.783203 -0.017258 0.794434 0.168904 -0.026920 -0.368804
    23 1.628906 0.000000 -0.000001 -0.061251 0.003142 -0.834908
    24 0.955566 -0.000003 -0.000001 -0.005388 -0.042122 -0.207875
    25 1.258789 -0.297852 1.251953 -1.291947 -0.539750 -0.506113
    26 1.392578 0.000003 -0.000006 0.001372 -0.188351 0.491767
    27 1.099609 -0.000001 -0.000004 0.009529 -0.039492 -0.040356
    28 3.548828 0.198730 -1.489258 0.122069 0.218121 -0.679757
    29 1.218750 0.000004 0.000004 0.002967 0.019929 -1.051735
    30 0.681774 -0.000006 0.000000 0.028387 -0.181321 -0.761958
    31 3.697042 0.266204 -0.725138 0.148081 0.167551 -0.656351
    32 1.747315 -0.000008 -0.000001 -0.016843 -0.101072 -0.899610
    33 0.959961 0.000006 0.000000 -0.001254 0.009906 -0.608348
    34 2.023778 0.904982 -0.850921 -1.353834 1.201465 3.369032
    35 4.981625 0.002227 0.003236 1.376240 0.110654 -0.923735
    36 11.119975 -0.000005 0.000000 0.000001 0.050589 -0.293215
    37 11.205375 0.000073 0.000008 -1.629909 -0.034034 0.272638
    38 3.767578 0.151855 -0.072693 -0.061811 -0.104916 -0.601450
    39 2.036716 -0.000004 0.000000 -0.053356 0.002610 -1.343653
    40 1.063287 -0.000004 0.000001 0.243360 0.222157 -0.479503
    41 3.783203 -0.023941 -0.794434 0.145529 -0.103829 -0.523859
    42 1.628906 -0.000001 0.000001 -0.001787 -0.229023 -0.812505
    43 0.955566 -0.000002 0.000000 -0.124329 -0.037101 -0.833111
    44 1.258789 -0.308350 -1.250000 1.086305 0.326416 -0.551995
    45 1.392578 0.000000 0.000000 -0.000830 -0.001840 0.382344
    46 1.099609 0.000000 -0.000005 -0.008997 -0.009551 0.469381
    47 3.546538 0.208125 1.487114 0.073654 -0.031955 -0.677261
    48 1.218750 0.000007 0.000002 0.021046 -0.138839 -0.848032
    49 0.679688 0.000002 0.000004 -0.104181 0.098128 -1.071576
    50 3.697266 0.273682 0.726563 0.065645 -0.112157 -0.666605
    51 1.747310 0.000004 0.000000 -0.074580 0.021053 -1.335361
    52 0.959961 0.000000 -0.000001 0.003325 -0.009470 -0.821513
    53 -3.756462 5.577850 2.053357 1.570803 -0.000001 0.000000
    54 -2.735646 -0.081365 5.727119 0.000007 0.000015 1.570796
    55 0.000001 5.662003 -0.974302 1.570804 -0.000001 0.000000
    56 -0.000002 -2.275002 5.113525 0.000000 0.000000 -3.141592
    57 -2.477620 5.416855 4.597564 1.570804 -0.000001 0.000000
    58 -1.515218 1.317776 5.998497 0.000000 0.000000 0.000000
    59 -2.455992 5.657928 -0.087295 1.570804 -0.000001 0.000000
    60 -1.485628 -1.617812 5.263969 0.000000 0.000000 3.141592
    61 3.756460 5.577858 2.053359 1.570803 -0.000001 0.000000
    62 2.735645 -0.081364 5.727116 0.000004 -0.000011 -1.570795
    63 2.477613 5.416855 4.597570 1.570804 -0.000001 0.000000
    64 1.515220 1.317777 5.998508 0.000000 0.000000 0.000000
    65 2.455991 5.657928 -0.087293 1.570804 -0.000001 0.000000
    66 1.485620 -1.617803 5.263973 0.000000 0.000000 -3.141592
    67 4.575642 5.632584 0.000132 0.000000 -1.570771 0.249128
    68 -0.000001 0.314078 5.161098 0.000000 0.000000 0.000000
    69 -0.000001 -0.323108 3.750217 0.000000 0.000000 0.000000
    70 5.734947 1.075212 4.685178 1.570830 -0.000004 -1.321669
    71 -0.753896 0.305901 4.971462 -0.000001 0.000002 0.000000
    72 -1.101006 -0.314705 3.448307 0.000001 0.000001 0.000000
    73 5.809101 -1.029643 4.595047 1.570829 -0.000004 -1.321671
    74 -0.714908 -0.199657 5.028973 0.000000 0.000003 0.000000
    75 -0.282898 -0.851690 4.444889 0.000000 0.000000 0.000000
    76 9.578484 -1.290738 0.000240 0.000000 1.570770 -2.892481
    77 9.369518 -1.236408 1.787905 0.000000 1.570770 -2.892481
    78 9.436707 -1.331719 -1.409029 0.000000 1.570770 -2.892477
    79 5.735191 1.075235 -4.684885 -1.570814 0.000004 1.819923
    80 0.753901 0.305904 4.971474 -0.000001 -0.000002 0.000000
    81 1.101010 -0.314705 3.448315 0.000000 -0.000001 0.000000
    82 5.809341 -1.029617 -4.594752 -1.570814 0.000004 1.819922
    83 0.714908 -0.199655 5.028969 0.000000 -0.000003 0.000000
    84 0.282897 -0.851688 4.444893 0.000000 0.000000 0.000000
  time 98
    0 0.249352 -0.222663 37.657601 1.633976 0.038279 -0.111198
    1 3.983847 0.002149 0.003401 -1.667015 -0.220624 -1.452798
    2 15.938816 -0.000100 -0.000005 -0.000009 -0.000002 0.313772
    3 17.707025 -0.000068 0.000003 -0.170491 -0.148049 -1.174654
    4 6.202515 0.003416 -0.000367 0.020235 -0.027684 -0.403965
    5 -3.983848 0.002149 0.003395 -1.532260 -0.085601 -1.492202
    6 15.938826 -0.000113 -0.000001 0.000002 0.000010 0.279711
    7 17.707031 0.000018 0.000000 0.175876 0.315551 -1.237013
    8 6.202710 0.003078 0.003745 -0.111812 0.023778 -0.470134
    9 -0.000001 4.209253 -1.688832 1.575876 0.084982 1.585028
    10 3.836055 0.000000 0.000000 -0.003596 0.029651 -0.037668
    11 3.617625 -0.000275 -0.000015 -0.011697 -0.024492 -0.025360
    12 7.537925 0.003588 -0.000212 0.030989 0.052221 0.289772
    13 3.181604 -0.002346 0.000028 3.173802 -0.042073 0.200648
    14 2.966416 0.000318 0.000023 0.073821 0.044557 0.136531
    15 2.023770 0.904983 0.850949 1.873103 -1.252778 2.522907
    16 4.980521 0.000781 -0.001089 -1.648420 0.356556 -1.161441
    17 11.119977 0.000007 0.000004 -0.000003 -0.106448 -0.299500
    18 11.205393 -0.000039 0.000000 1.529081 -0.095521 0.117235
    19 3.767578 0.152466 0.071350 0.161510 0.116815 -0.535178
    20 2.037109 0.000001 -0.000001 -0.025500 -0.063436 -0.943058
    21 1.066406 -0.000004 0.000000 -0.001546 0.012036 -0.436579
    22 3.783203 -0.017258 0.794434 0.168904 -0.026920 -0.368804
    23 1.628906 0.000000 -0.000001 -0.061251 0.003142 -0.834908
    24 0.955566 -0.000003 -0.000001 -0.005388 -0.042122 -0.207875
    25 1.258789 -0.297852 1.251953 -1.291947 -0.539750 -0.506113
    26 1.392578 0.000003 -0.000006 0.001372 -0.188351 0.491767
    27 1.099609 -0.000001 -0.000004 0.009529 -0.039492 -0.040356
    28 3.548828 0.198730 -1.489258 0.122069 0.218121 -0.679757
    29 1.218750 0.000004 0.000004 0.002967 0.019929 -1.051735
    30 0.681774 -0.000006 0.000000 0.028387 -0.181321 -0.761958
    31 3.697042 0.266204 -0.725138 0.148081 0.167551 -0.656351
    32 1.747315 -0.000008 -0.000001 -0.016843 -0.101072 -0.899610
    33 0.959961 0.000006 0.000000 -0.001254 0.009906 -0.608348
    34 2.023778 0.904982 -0.850921 -1.355400 1.200447 3.367587
    35 4.981625 0.002227 0.003236 1.375982 0.111231 -0.923823
    36 11.119975 -0.000005 0.000000 0.000001 0.050589 -0.292585
    37 11.205375 0.000073 0.000008 -1.629623 -0.033459 0.272170
    38 3.767578 0.151855 -0.072693 -0.061811 -0.104916 -0.601450
    39 2.036716 -0.000004 0.000000 -0.053356 0.002610 -1.343653
    40 1.063287 -0.000004 0.000001 0.243360 0.222157 -0.479503
    41 3.783203 -0.023941 -0.794434 0.145529 -0.103829 -0.523859
    42 1.628906 -0.000001 0.000001 -0.001787 -0.229023 -0.812505
    43 0.955566 -0.000002 0.000000 -0.124329 -0.037101 -0.833111
    44 1.258789 -0.308350 -1.250000 1.086305 0.326416 -0.551995
    45 1.392578 0.000000 0.000000 -0.000830 -0.001840 0.382344
    46 1.099609 0.000000 -0.000005 -0.008997 -0.009551 0.469381
    47 3.546538 0.208125 1.487114 0.073683 -0.031967 -0.677261
    48 1.218750 0.000007 0.000002 0.021046 -0.138839 -0.848032
    49 0.679688 0.000002 0.000004 -0.104181 0.098128 -1.071576
    50 3.697266 0.273682 0.726563 0.065645 -0.112157 -0.666605
    51 1.747310 0.000004 0.000000 -0.074580 0.021053 -1.335361
    52 0.959961 0.000000 -0.000001 0.003325 -0.009470 -0.821513
    53 -3.756462 5.577850 2.053357 1.570803 -0.000001 0.000000
    54 -2.735646 -0.081365 5.727119 0.000007 0.000015 1.570796
    55 0.000001 5.662003 -0.974302 1.570804 -0.000001 0.000000
    56 -0.000002 -2.275002 5.113525 0.000000 0.000000 -3.141592
    57 -2.477620 5.416855 4.597564 1.570804 -0.000001 0.000000
    58 -1.515218 1.317776 5.998497 0.000000 0.000000 0.000000
    59 -2.455992 5.657928 -0.087295 1.570804 -0.000001 0.000000
    60 -1.485628 -1.617812 5.263969 0.000000 0.000000 3.141592
    61 3.756460 5.577858 2.053359 1.570803 -0.000001 0.000000
    62 2.735645 -0.081364 5.727116 0.000004 -0.000011 -1.570795
    63 2.477613 5.416855 4.597570 1.570804 -0.000001 0.000000
    64 1.515220 1.317777 5.998508 0.000000 0.000000 0.000000
    65 2.455991 5.657928 -0.087293 1.570804 -0.000001 0.000000
    66 1.485620 -1.617803 5.263973 0.000000 0.000000 -3.141592
    67 4.575642 5.632584 0.000132 0.000000 -1.570771 0.249128
    68 -0.000001 0.314078 5.161098 0.000000 0.000000 0.000000
    69 -0.000001 -0.323108 3.750217 0.000000 0.000000 0.000000
    70 5.734947 1.075212 4.685178 1.570830 -0.000004 -1.321669
    71 -0.753896 0.305901 4.971462 -0.000001 0.000002 0.000000
    72 -1.101006 -0.314705 3.448307 0.000001 0.000001 0.000000
    73 5.809101 -1.029643 4.595047 1.570829 -0.000004 -1.321671
    74 -0.714908 -0.199657 5.028973 0.000000 0.000003 0.000000
    75 -0.282898 -0.851690 4.444889 0.000000 0.000000 0.000000
    76 9.578484 -1.290738 0.000240 0.000000 1.570770 -2.892481
    77 9.369518 -1.236408 1.787905 0.000000 1.570770 -2.892481
    78 9.436707 -1.331719 -1.409029 0.000000 1.570770 -2.892477
    79 5.735191 1.075235 -4.684885 -1.570814 0.000004 1.819923
    80 0.753901 0.305904 4.971474 -0.000001 -0.000002 0.000000
    81 1.101010 -0.314705 3.448315 0.000000 -0.000001 0.000000
    82 5.809341 -1.029617 -4.594752 -1.570814 0.000004 1.819922
    83 0.714908 -0.199655 5.028969 0.000000 -0.000003 0.000000
    84 0.282897 -0.851688 4.444893 0.000000 0.000000 0.000000
  time 99
    0 0.237633 -0.226569 37.657601 1.633737 0.038495 -0.110878
    1 3.983847 0.002149 0.003401 -1.667015 -0.220891 -1.452351
    2 15.938816 -0.000100 -0.000005 -0.000009 -0.000002 0.314665
    3 17.707025 -0.000068 0.000003 -0.170684 -0.147540 -1.175113
    4 6.202515 0.003416 -0.000367 0.020235 -0.027684 -0.403861
    5 -3.983848 0.002149 0.003395 -1.532260 -0.085429 -1.491734
    6 15.938826 -0.000113 -0.000001 0.000002 0.000010 0.280214
    7 17.707031 0.000018 0.000000 0.175604 0.316051 -1.237402
    8 6.202710 0.003078 0.003745 -0.111812 0.023778 -0.470134
    9 -0.000001 4.209253 -1.688832 1.575828 0.085345 1.585028
    10 3.836055 0.000000 0.000000 -0.003715 0.030142 -0.037165
    11 3.617625 -0.000275 -0.000015 -0.011505 -0.025163 -0.024994
    12 7.537925 0.003588 -0.000212 0.031157 0.052005 0.290395
    13 3.181604 -0.002346 0.000028 3.173898 -0.041642 0.199582
    14 2.966416 0.000318 0.000023 0.073821 0.044785 0.137393
    15 2.023770 0.904983 0.850949 1.870153 -1.251597 2.525626
    16 4.980521 0.000781 -0.001089 -1.647646 0.355240 -1.161583
    17 11.119977 0.000007 0.000004 -0.000003 -0.106448 -0.296183
    18 11.205393 -0.000039 0.000000 1.528072 -0.095716 0.114994
    19 3.767578 0.152466 0.071350 0.161510 0.116815 -0.535178
    20 2.037109 0.000001 -0.000001 -0.025500 -0.063436 -0.943058
    21 1.066406 -0.000004 0.000000 -0.001546 0.012036 -0.436579
    22 3.783203 -0.017258 0.794434 0.168904 -0.026920 -0.368804
    23 1.628906 0.000000 -0.000001 -0.061251 0.003142 -0.834908
    24 0.955566 -0.000003 -0.000001 -0.005388 -0.042122 -0.207875
    25 1.258789 -0.297852 1.251953 -1.291947 -0.539750 -0.506113
    26 1.392578 0.000003 -0.000006 0.001372 -0.188351 0.491767
    27 1.099609 -0.000001 -0.000004 0.009529 -0.039492 -0.040356
    28 3.548828 0.198730 -1.489258 0.122069 0.218121 -0.679757
    29 1.218750 0.000004 0.000004 0.002967 0.019929 -1.051735
    30 0.681774 -0.000006 0.000000 0.028387 -0.181321 -0.761958
    31 3.697042 0.266204 -0.725138 0.148081 0.167551 -0.656351
    32 1.747315 -0.000008 -0.000001 -0.016831 -0.101072 -0.899631
    33 0.959961 0.000006 0.000000 -0.001254 0.009906 -0.608348
    34 2.023778 0.904982 -0.850921 -1.356652 1.199062 3.366323
    35 4.981625 0.002227 0.003236 1.375776 0.111945 -0.923912
    36 11.119975 -0.000005 0.000000 0.000001 0.050589 -0.292080
    37 11.205375 0.000073 0.000008 -1.629623 -0.033171 0.272758
    38 3.767578 0.151855 -0.072693 -0.061811 -0.104916 -0.601450
    39 2.036716 -0.000004 0.000000 -0.053356 0.002610 -1.343694
    40 1.063287 -0.000004 0.000001 0.243360 0.222157 -0.479503
    41 3.783203 -0.023941 -0.794434 0.145529 -0.103829 -0.523859
    42 1.628906 -0.000001 0.000001 -0.001787 -0.229023 -0.812505
    43 0.955566 -0.000002 0.000000 -0.124329 -0.037101 -0.833111
    44 1.258789 -0.308350 -1.250000 1.086305 0.326416 -0.551995
    45 1.392578 0.000000 0.000000 -0.000830 -0.001840 0.382344
    46 1.099609 0.000000 -0.000005 -0.008997 -0.009551 0.469381
    47 3.546538 0.208125 1.487114 0.073726 -0.032003 -0.677141
    48 1.218750 0.000007 0.000002 0.021046 -0.138839 -0.848032
    49 0.679688 0.000002 0.000004 -0.104181 0.098128 -1.071576
    50 3.697266 0.273682 0.726563 0.065645 -0.112157 -0.666605
    51 1.747310 0.000004 0.000000 -0.074580 0.021053 -1.335396
    52 0.959961 0.000000 -0.000001 0.003325 -0.009470 -0.821513
    53 -3.756462 5.577850 2.053357 1.570803 -0.000001 0.000000
    54 -2.735646 -0.081365 5.727119 0.000007 0.000015 1.570796
    55 0.000001 5.662003 -0.974302 1.570804 -0.000001 0.000000
    56 -0.000002 -2.275002 5.113525 0.000000 0.000000 -3.141592
    57 -2.477620 5.416855 4.597564 1.570804 -0.000001 0.000000
    58 -1.515218 1.317776 5.998497 0.000000 0.000000 0.000000
    59 -2.455992 5.657928 -0.087295 1.570804 -0.000001 0.000000
    60 -1.485628 -1.617812 5.263969 0.000000 0.000000 3.141592
    61 3.756460 5.577858 2.053359 1.570803 -0.000001 0.000000
    62 2.735645 -0.081364 5.727116 0.000004 -0.000011 -1.570795
    63 2.477613 5.416855 4.597570 1.570804 -0.000001 0.000000
    64 1.515220 1.317777 5.998508 0.000000 0.000000 0.000000
    65 2.455991 5.657928 -0.087293 1.570804 -0.000001 0.000000
    66 1.485620 -1.617803 5.263973 0.000000 0.000000 -3.141592
    67 4.575642 5.632584 0.000132 0.000000 -1.570771 0.249128
    68 -0.000001 0.314078 5.161098 0.000000 0.000000 0.000000
    69 -0.000001 -0.323108 3.750217 0.000000 0.000000 0.000000
    70 5.734947 1.075212 4.685178 1.570830 -0.000004 -1.321669
    71 -0.753896 0.305901 4.971462 -0.000001 0.000002 0.000000
    72 -1.101006 -0.314705 3.448307 0.000001 0.000001 0.000000
    73 5.809101 -1.029643 4.595047 1.570829 -0.000004 -1.321671
    74 -0.714908 -0.199657 5.028973 0.000000 0.000003 0.000000
    75 -0.282898 -0.851690 4.444889 0.000000 0.000000 0.000000
    76 9.578484 -1.290738 0.000240 0.000000 1.570770 -2.892481
    77 9.369518 -1.236408 1.787905 0.000000 1.570770 -2.892481
    78 9.436707 -1.331719 -1.409029 0.000000 1.570770 -2.892477
    79 5.735191 1.075235 -4.684885 -1.570814 0.000004 1.819923
    80 0.753901 0.305904 4.971474 -0.000001 -0.000002 0.000000
    81 1.101010 -0.314705 3.448315 0.000000 -0.000001 0.000000
    82 5.809341 -1.029617 -4.594752 -1.570814 0.000004 1.819922
    83 0.714908 -0.199655 5.028969 0.000000 -0.000003 0.000000
    84 0.282897 -0.851688 4.444893 0.000000 0.000000 0.000000
  time 100
    0 0.225914 -0.226569 37.657601 1.633545 0.038710 -0.110623
    1 3.983847 0.002149 0.003401 -1.667015 -0.221158 -1.451814
    2 15.938816 -0.000100 -0.000005 -0.000009 -0.000002 0.315685
    3 17.707025 -0.000068 0.000003 -0.170794 -0.147116 -1.175786
    4 6.202515 0.003416 -0.000367 0.020235 -0.027684 -0.403861
    5 -3.983848 0.002149 0.003395 -1.532260 -0.085257 -1.491172
    6 15.938826 -0.000113 -0.000001 0.000002 0.000010 0.280718
    7 17.707031 0.000018 0.000000 0.175309 0.316426 -1.237823
    8 6.202710 0.003078 0.003745 -0.111812 0.023778 -0.470134
    9 -0.000001 4.209253 -1.688832 1.575684 0.085567 1.584884
    10 3.836055 0.000000 0.000000 -0.003847 0.030622 -0.036805
    11 3.617625 -0.000275 -0.000015 -0.011265 -0.025823 -0.024627
    12 7.537925 0.003588 -0.000212 0.031409 0.051837 0.291007
    13 3.181604 -0.002346 0.000028 3.174952 -0.041366 0.198359
    14 2.966416 0.000318 0.000023 0.073857 0.045180 0.138165
    15 2.023770 0.904983 0.850949 1.867353 -1.250253 2.528073
    16 4.980521 0.000781 -0.001089 -1.647595 0.353790 -1.161896
    17 11.119977 0.000007 0.000004 -0.000003 -0.106448 -0.292638
    18 11.205393 -0.000039 0.000000 1.527592 -0.096020 0.112465
    19 3.767578 0.152466 0.071350 0.161510 0.116815 -0.535178
    20 2.037109 0.000001 -0.000001 -0.025500 -0.063436 -0.943058
    21 1.066406 -0.000004 0.000000 -0.001546 0.012036 -0.436579
    22 3.783203 -0.017258 0.794434 0.168904 -0.026920 -0.368804
    23 1.628906 0.000000 -0.000001 -0.061251 0.003142 -0.834908
    24 0.955566 -0.000003 -0.000001 -0.005388 -0.042122 -0.207875
    25 1.258789 -0.297852 1.251953 -1.291947 -0.539750 -0.506113
    26 1.392578 0.000003 -0.000006 0.001372 -0.188351 0.491767
    27 1.099609 -0.000001 -0.000004 0.009529 -0.039492 -0.040356
    28 3.548828 0.198730 -1.489258 0.122069 0.218121 -0.679757
    29 1.218750 0.000004 0.000004 0.002967 0.019929 -1.051735
    30 0.681774 -0.000006 0.000000 0.028387 -0.181321 -0.761958
    31 3.697042 0.266204 -0.725138 0.148081 0.167551 -0.656351
    32 1.747315 -0.000008 -0.000001 -0.016831 -0.101072 -0.899610
    33 0.959961 0.000006 0.000000 -0.001254 0.009906 -0.608348
    34 2.023778 0.904982 -0.850921 -1.357591 1.197678 3.365329
    35 4.981625 0.002227 0.003236 1.375415 0.112687 -0.924000
    36 11.119975 -0.000005 0.000000 0.000001 0.050589 -0.291450
    37 11.205375 0.000073 0.000008 -1.629814 -0.033123 0.273620
    38 3.767578 0.151855 -0.072693 -0.061811 -0.104916 -0.601450
    39 2.036716 -0.000004 0.000000 -0.053356 0.002610 -1.343694
    40 1.063287 -0.000004 0.000001 0.243360 0.222157 -0.479503
    41 3.783203 -0.023941 -0.794434 0.145529 -0.103829 -0.523859
    42 1.628906 -0.000001 0.000001 -0.001787 -0.229023 -0.812505
    43 0.955566 -0.000002 0.000000 -0.124329 -0.037101 -0.833111
    44 1.258789 -0.308350 -1.250000 1.086305 0.326416 -0.551995
    45 1.392578 0.000000 0.000000 -0.000830 -0.001840 0.382344
    46 1.099609 0.000000 -0.000005 -0.008997 -0.009551 0.469381
    47 3.546538 0.208125 1.487114 0.073783 -0.032051 -0.677081
    48 1.218750 0.000007 0.000002 0.021046 -0.138839 -0.848032
    49 0.679688 0.000002 0.000004 -0.104181 0.098128 -1.071576
    50 3.697266 0.273682 0.726563 0.065645 -0.112157 -0.666605
    51 1.747310 0.000004 0.000000 -0.074580 0.021053 -1.335396
    52 0.959961 0.000000 -0.000001 0.003325 -0.009470 -0.821513
    53 -3.756462 5.577850 2.053357 1.570803 -0.000001 0.000000
    54 -2.735646 -0.081365 5.727119 0.000007 0.000015 1.570796
    55 0.000001 5.662003 -0.974302 1.570804 -0.000001 0.000000
    56 -0.000002 -2.275002 5.113525 0.000000 0.000000 -3.141592
    57 -2.477620 5.416855 4.597564 1.570804 -0.000001 0.000000
    58 -1.515218 1.317776 5.998497 0.000000 0.000000 0.000000
    59 -2.455992 5.657928 -0.087295 1.570804 -0.000001 0.000000
    60 -1.485628 -1.617812 5.263969 0.000000 0.000000 3.141592
    61 3.756460 5.577858 2.053359 1.570803 -0.000001 0.000000
    62 2.735645 -0.081364 5.727116 0.000004 -0.000011 -1.570795
    63 2.477613 5.416855 4.597570 1.570804 -0.000001 0.000000
    64 1.515220 1.317777 5.998508 0.000000 0.000000 0.000000
    65 2.455991 5.657928 -0.087293 1.570804 -0.000001 0.000000
    66 1.485620 -1.617803 5.263973 0.000000 0.000000 -3.141592
    67 4.575642 5.632584 0.000132 0.000000 -1.570771 0.249128
    68 -0.000001 0.314078 5.161098 0.000000 0.000000 0.000000
    69 -0.000001 -0.323108 3.750217 0.000000 0.000000 0.000000
    70 5.734947 1.075212 4.685178 1.570830 -0.000004 -1.321669
    71 -0.753896 0.305901 4.971462 -0.000001 0.000002 0.000000
    72 -1.101006 -0.314705 3.448307 0.000001 0.000001 0.000000
    73 5.809101 -1.029643 4.595047 1.570829 -0.000004 -1.321671
    74 -0.714908 -0.199657 5.028973 0.000000 0.000003 0.000000
    75 -0.282898 -0.851690 4.444889 0.000000 0.000000 0.000000
    76 9.578484 -1.290738 0.000240 0.000000 1.570770 -2.892481
    77 9.369518 -1.236408 1.787905 0.000000 1.570770 -2.892481
    78 9.436707 -1.331719 -1.409029 0.000000 1.570770 -2.892477
    79 5.735191 1.075235 -4.684885 -1.570814 0.000004 1.819923
    80 0.753901 0.305904 4.971474 -0.000001 -0.000002 0.000000
    81 1.101010 -0.314705 3.448315 0.000000 -0.000001 0.000000
    82 5.809341 -1.029617 -4.594752 -1.570814 0.000004 1.819922
    83 0.714908 -0.199655 5.028969 0.000000 -0.000003 0.000000
    84 0.282897 -0.851688 4.444893 0.000000 0.000000 0.000000
  time 101
    0 0.214194 -0.226569 37.657601 1.633305 0.038926 -0.110367
    1 3.983847 0.002149 0.003401 -1.667015 -0.221247 -1.451278
    2 15.938816 -0.000100 -0.000005 -0.000009 -0.000002 0.316450
    3 17.707025 -0.000068 0.000003 -0.171069 -0.146691 -1.176092
    4 6.202515 0.003416 -0.000367 0.020235 -0.027684 -0.403757
    5 -3.983848 0.002149 0.003395 -1.532164 -0.085171 -1.490703
    6 15.938826 -0.000113 -0.000001 0.000002 0.000010 0.280970
    7 17.707031 0.000018 0.000000 0.174924 0.316854 -1.238277
    8 6.202710 0.003078 0.003745 -0.111812 0.023790 -0.470015
    9 -0.000001 4.209253 -1.688832 1.575684 0.085870 1.584740
    10 3.836055 0.000000 0.000000 -0.003967 0.031173 -0.036446
    11 3.617625 -0.000275 -0.000015 -0.011193 -0.026254 -0.024374
    12 7.537925 0.003588 -0.000212 0.031517 0.052005 0.291762
    13 3.181604 -0.002346 0.000028 3.175144 -0.041414 0.196873
    14 2.966416 0.000318 0.000023 0.073857 0.045252 0.139208
    15 2.023770 0.904983 0.850949 1.864203 -1.248910 2.531065
    16 4.980521 0.000781 -0.001089 -1.647904 0.352373 -1.162323
    17 11.119977 0.000007 0.000004 -0.000003 -0.106448 -0.288807
    18 11.205393 -0.000039 0.000000 1.528168 -0.095643 0.110320
    19 3.767578 0.152466 0.071350 0.161510 0.116815 -0.535178
    20 2.037109 0.000001 -0.000001 -0.025500 -0.063436 -0.943058
    21 1.066406 -0.000004 0.000000 -0.001546 0.012036 -0.436579
    22 3.783203 -0.017258 0.794434 0.168904 -0.026920 -0.368804
    23 1.628906 0.000000 -0.000001 -0.061251 0.003142 -0.834908
    24 0.955566 -0.000003 -0.000001 -0.005388 -0.042122 -0.207875
    25 1.258789 -0.297852 1.251953 -1.291947 -0.539750 -0.506113
    26 1.392578 0.000003 -0.000006 0.001372 -0.188351 0.491767
    27 1.099609 -0.000001 -0.000004 0.009529 -0.039492 -0.040356
    28 3.548828 0.198730 -1.489258 0.122069 0.218121 -0.679757
    29 1.218750 0.000004 0.000004 0.002967 0.019929 -1.051735
    30 0.681774 -0.000006 0.000000 0.028387 -0.181321 -0.761958
    31 3.697042 0.266204 -0.725138 0.148081 0.167551 -0.656351
    32 1.747315 -0.000008 -0.000001 -0.016831 -0.101072 -0.899610
    33 0.959961 0.000006 0.000000 -0.001254 0.009906 -0.608348
    34 2.023778 0.904982 -0.850921 -1.358635 1.196864 3.364426
    35 4.981625 0.002227 0.003236 1.375363 0.113347 -0.924205
    36 11.119975 -0.000005 0.000000 0.000001 0.050589 -0.291008
    37 11.205375 0.000073 0.000008 -1.629957 -0.032884 0.273740
    38 3.767578 0.151855 -0.072693 -0.061811 -0.104916 -0.601450
    39 2.036716 -0.000004 0.000000 -0.053356 0.002610 -1.343694
    40 1.063287 -0.000004 0.000001 0.243360 0.222157 -0.479503
    41 3.783203 -0.023941 -0.794434 0.145529 -0.103829 -0.523859
    42 1.628906 -0.000001 0.000001 -0.001787 -0.229023 -0.812505
    43 0.955566 -0.000002 0.000000 -0.124329 -0.037101 -0.833111
    44 1.258789 -0.308350 -1.250000 1.086305 0.326416 -0.551995
    45 1.392578 0.000000 0.000000 -0.000830 -0.001840 0.382344
    46 1.099609 0.000000 -0.000005 -0.008997 -0.009551 0.469381
    47 3.546538 0.208125 1.487114 0.073812 -0.032111 -0.677021
    48 1.218750 0.000007 0.000002 0.021046 -0.138839 -0.848032
    49 0.679688 0.000002 0.000004 -0.104181 0.098128 -1.071576
    50 3.697266 0.273682 0.726563 0.065645 -0.112157 -0.666605
    51 1.747310 0.000004 0.000000 -0.074580 0.021053 -1.335361
    52 0.959961 0.000000 -0.000001 0.003325 -0.009470 -0.821513
    53 -3.756462 5.577850 2.053357 1.570803 -0.000001 0.000000
    54 -2.735646 -0.081365 5.727119 0.000007 0.000015 1.570796
    55 0.000001 5.662003 -0.974302 1.570804 -0.000001 0.000000
    56 -0.000002 -2.275002 5.113525 0.000000 0.000000 -3.141592
    57 -2.477620 5.416855 4.597564 1.570804 -0.000001 0.000000
    58 -1.515218 1.317776 5.998497 0.000000 0.000000 0.000000
    59 -2.455992 5.657928 -0.087295 1.570804 -0.000001 0.000000
    60 -1.485628 -1.617812 5.263969 0.000000 0.000000 3.141592
    61 3.756460 5.577858 2.053359 1.570803 -0.000001 0.000000
    62 2.735645 -0.081364 5.727116 0.000004 -0.000011 -1.570795
    63 2.477613 5.416855 4.597570 1.570804 -0.000001 0.000000
    64 1.515220 1.317777 5.998508 0.000000 0.000000 0.000000
    65 2.455991 5.657928 -0.087293 1.570804 -0.000001 0.000000
    66 1.485620 -1.617803 5.263973 0.000000 0.000000 -3.141592
    67 4.575642 5.632584 0.000132 0.000000 -1.570771 0.249128
    68 -0.000001 0.314078 5.161098 0.000000 0.000000 0.000000
    69 -0.000001 -0.323108 3.750217 0.000000 0.000000 0.000000
    70 5.734947 1.075212 4.685178 1.570830 -0.000004 -1.321669
    71 -0.753896 0.305901 4.971462 -0.000001 0.000002 0.000000
    72 -1.101006 -0.314705 3.448307 0.000001 0.000001 0.000000
    73 5.809101 -1.029643 4.595047 1.570829 -0.000004 -1.321671
    74 -0.714908 -0.199657 5.028973 0.000000 0.000003 0.000000
    75 -0.282898 -0.851690 4.444889 0.000000 0.000000 0.000000
    76 9.578484 -1.290738 0.000240 0.000000 1.570770 -2.892481
    77 9.369518 -1.236408 1.787905 0.000000 1.570770 -2.892481
    78 9.436707 -1.331719 -1.409029 0.000000 1.570770 -2.892477
    79 5.735191 1.075235 -4.684885 -1.570814 0.000004 1.819923
    80 0.753901 0.305904 4.971474 -0.000001 -0.000002 0.000000
    81 1.101010 -0.314705 3.448315 0.000000 -0.000001 0.000000
    82 5.809341 -1.029617 -4.594752 -1.570814 0.000004 1.819922
    83 0.714908 -0.199655 5.028969 0.000000 -0.000003 0.000000
    84 0.282897 -0.851688 4.444893 0.000000 0.000000 0.000000
  time 102
    0 0.198569 -0.226569 37.626350 1.633257 0.039058 -0.110048
    1 3.983847 0.002149 0.003401 -1.666920 -0.221469 -1.450741
    2 15.938816 -0.000100 -0.000005 -0.000009 -0.000002 0.317023
    3 17.707025 -0.000068 0.000003 -0.171372 -0.146394 -1.176428
    4 6.202515 0.003416 -0.000367 0.020235 -0.027684 -0.403619
    5 -3.983848 0.002149 0.003395 -1.532069 -0.084956 -1.490048
    6 15.938826 -0.000113 -0.000001 0.000002 0.000010 0.281222
    7 17.707031 0.000018 0.000000 0.174470 0.317104 -1.238667
    8 6.202710 0.003078 0.003745 -0.111812 0.023790 -0.470015
    9 -0.000001 4.209253 -1.688832 1.575732 0.086153 1.584597
    10 3.836055 0.000000 0.000000 -0.004159 0.031712 -0.035966
    11 3.617625 -0.000275 -0.000015 -0.011073 -0.026673 -0.024008
    12 7.537925 0.003588 -0.000212 0.031517 0.052305 0.292385
    13 3.181604 -0.002346 0.000028 3.175336 -0.041690 0.195267
    14 2.966416 0.000318 0.000023 0.073821 0.045216 0.140479
    15 2.023770 0.904983 0.850949 1.860053 -1.247200 2.534962
    16 4.980521 0.000781 -0.001089 -1.647801 0.351091 -1.162437
    17 11.119977 0.000007 0.000004 -0.000003 -0.106448 -0.284862
    18 11.205393 -0.000039 0.000000 1.528072 -0.095217 0.108463
    19 3.767578 0.152466 0.071350 0.161510 0.116815 -0.535178
    20 2.037109 0.000001 -0.000001 -0.025500 -0.063436 -0.943058
    21 1.066406 -0.000004 0.000000 -0.001546 0.012036 -0.436579
    22 3.783203 -0.017258 0.794434 0.168904 -0.026920 -0.368804
    23 1.628906 0.000000 -0.000001 -0.061251 0.003142 -0.834908
    24 0.955566 -0.000003 -0.000001 -0.005388 -0.042122 -0.207875
    25 1.258789 -0.297852 1.251953 -1.291947 -0.539750 -0.506113
    26 1.392578 0.000003 -0.000006 0.001372 -0.188351 0.491767
    27 1.099609 -0.000001 -0.000004 0.009529 -0.039492 -0.040356
    28 3.548828 0.198730 -1.489258 0.122069 0.218121 -0.679757
    29 1.218750 0.000004 0.000004 0.002967 0.019929 -1.051735
    30 0.681774 -0.000006 0.000000 0.028387 -0.181321 -0.761958
    31 3.697042 0.266204 -0.725138 0.148081 0.167551 -0.656351
    32 1.747315 -0.000008 -0.000001 -0.016831 -0.101072 -0.899610
    33 0.959961 0.000006 0.000000 -0.001254 0.009906 -0.608348
    34 2.023778 0.904982 -0.850921 -1.359888 1.196009 3.363162
    35 4.981625 0.002227 0.003236 1.375518 0.113814 -0.924205
    36 11.119975 -0.000005 0.000000 0.000001 0.050589 -0.290441
    37 11.205375 0.000073 0.000008 -1.629623 -0.032752 0.273561
    38 3.767578 0.151855 -0.072693 -0.061811 -0.104916 -0.601450
    39 2.036716 -0.000004 0.000000 -0.053356 0.002610 -1.343653
    40 1.063287 -0.000004 0.000001 0.243360 0.222157 -0.479503
    41 3.783203 -0.023941 -0.794434 0.145529 -0.103829 -0.523859
    42 1.628906 -0.000001 0.000001 -0.001787 -0.229023 -0.812505
    43 0.955566 -0.000002 0.000000 -0.124329 -0.037101 -0.833111
    44 1.258789 -0.308350 -1.250000 1.086305 0.326416 -0.551995
    45 1.392578 0.000000 0.000000 -0.000830 -0.001840 0.382344
    46 1.099609 0.000000 -0.000005 -0.008997 -0.009551 0.469381
    47 3.546538 0.208125 1.487114 0.073870 -0.032159 -0.676973
    48 1.218750 0.000007 0.000002 0.021046 -0.138839 -0.848032
    49 0.679688 0.000002 0.000004 -0.104181 0.098128 -1.071576
    50 3.697266 0.273682 0.726563 0.065645 -0.112157 -0.666605
    51 1.747310 0.000004 0.000000 -0.074580 0.021053 -1.335361
    52 0.959961 0.000000 -0.000001 0.003325 -0.009470 -0.821513
    53 -3.756462 5.577850 2.053357 1.570803 -0.000001 0.000000
    54 -2.735646 -0.081365 5.727119 0.000007 0.000015 1.570796
    55 0.000001 5.662003 -0.974302 1.570804 -0.000001 0.000000
    56 -0.000002 -2.275002 5.113525 0.000000 0.000000 -3.141592
    57 -2.477620 5.416855 4.597564 1.570804 -0.000001 0.000000
    58 -1.515218 1.317776 5.998497 0.000000 0.000000 0.000000
    59 -2.455992 5.657928 -0.087295 1.570804 -0.000001 0.000000
    60 -1.485628 -1.617812 5.263969 0.000000 0.000000 3.141592
    61 3.756460 5.577858 2.053359 1.570803 -0.000001 0.000000
    62 2.735645 -0.081364 5.727116 0.000004 -0.000011 -1.570795
    63 2.477613 5.416855 4.597570 1.570804 -0.000001 0.000000
    64 1.515220 1.317777 5.998508 0.000000 0.000000 0.000000
    65 2.455991 5.657928 -0.087293 1.570804 -0.000001 0.000000
    66 1.485620 -1.617803 5.263973 0.000000 0.000000 -3.141592
    67 4.575642 5.632584 0.000132 0.000000 -1.570771 0.249128
    68 -0.000001 0.314078 5.161098 0.000000 0.000000 0.000000
    69 -0.000001 -0.323108 3.750217 0.000000 0.000000 0.000000
    70 5.734947 1.075212 4.685178 1.570830 -0.000004 -1.321669
    71 -0.753896 0.305901 4.971462 -0.000001 0.000002 0.000000
    72 -1.101006 -0.314705 3.448307 0.000001 0.000001 0.000000
    73 5.809101 -1.029643 4.595047 1.570829 -0.000004 -1.321671
    74 -0.714908 -0.199657 5.028973 0.000000 0.000003 0.000000
    75 -0.282898 -0.851690 4.444889 0.000000 0.000000 0.000000
    76 9.578484 -1.290738 0.000240 0.000000 1.570770 -2.892481
    77 9.369518 -1.236408 1.787905 0.000000 1.570770 -2.892481
    78 9.436707 -1.331719 -1.409029 0.000000 1.570770 -2.892477
    79 5.735191 1.075235 -4.684885 -1.570814 0.000004 1.819923
    80 0.753901 0.305904 4.971474 -0.000001 -0.000002 0.000000
    81 1.101010 -0.314705 3.448315 0.000000 -0.000001 0.000000
    82 5.809341 -1.029617 -4.594752 -1.570814 0.000004 1.819922
    83 0.714908 -0.199655 5.028969 0.000000 -0.000003 0.000000
    84 0.282897 -0.851688 4.444893 0.000000 0.000000 0.000000
  time 103
    0 0.186850 -0.226569 37.626350 1.633113 0.039274 -0.109920
    1 3.983847 0.002149 0.003401 -1.666730 -0.221647 -1.450205
    2 15.938816 -0.000100 -0.000005 -0.000009 -0.000002 0.317661
    3 17.707025 -0.000068 0.000003 -0.171702 -0.146161 -1.176734
    4 6.202515 0.003416 -0.000367 0.020235 -0.027684 -0.403515
    5 -3.983848 0.002149 0.003395 -1.531878 -0.084871 -1.489579
    6 15.938826 -0.000113 -0.000001 0.000002 0.000010 0.281348
    7 17.707031 0.000018 0.000000 0.174108 0.317318 -1.238861
    8 6.202710 0.003078 0.003745 -0.111812 0.023790 -0.469879
    9 -0.000001 4.209253 -1.688832 1.575828 0.086496 1.584309
    10 3.836055 0.000000 0.000000 -0.004291 0.032336 -0.035607
    11 3.617625 -0.000275 -0.000015 -0.010954 -0.027105 -0.023642
    12 7.537925 0.003588 -0.000212 0.031565 0.052532 0.293260
    13 3.181604 -0.002346 0.000028 3.175048 -0.041774 0.193122
    14 2.966416 0.000318 0.000023 0.073725 0.045049 0.141841
    15 2.023770 0.904983 0.850949 1.855453 -1.245490 2.539131
    16 4.980521 0.000781 -0.001089 -1.647388 0.349573 -1.162863
    17 11.119977 0.000007 0.000004 -0.000003 -0.106448 -0.280345
    18 11.205393 -0.000039 0.000000 1.528408 -0.095679 0.106365
    19 3.767578 0.152466 0.071350 0.161510 0.116815 -0.535178
    20 2.037109 0.000001 -0.000001 -0.025500 -0.063436 -0.943058
    21 1.066406 -0.000004 0.000000 -0.001546 0.012036 -0.436579
    22 3.783203 -0.017258 0.794434 0.168904 -0.026920 -0.368804
    23 1.628906 0.000000 -0.000001 -0.061251 0.003142 -0.834908
    24 0.955566 -0.000003 -0.000001 -0.005388 -0.042122 -0.207875
    25 1.258789 -0.297852 1.251953 -1.291947 -0.539750 -0.506113
    26 1.392578 0.000003 -0.000006 0.001372 -0.188351 0.491767
    27 1.099609 -0.000001 -0.000004 0.009529 -0.039492 -0.040356
    28 3.548828 0.198730 -1.489258 0.122069 0.218121 -0.679757
    29 1.218750 0.000004 0.000004 0.002967 0.019929 -1.051735
    30 0.681774 -0.000006 0.000000 0.028387 -0.181321 -0.761958
    31 3.697042 0.266204 -0.725138 0.148081 0.167551 -0.656351
    32 1.747315 -0.000008 -0.000001 -0.016831 -0.101072 -0.899610
    33 0.959961 0.000006 0.000000 -0.001254 0.009906 -0.608348
    34 2.023778 0.904982 -0.850921 -1.360566 1.195154 3.362800
    35 4.981625 0.002227 0.003236 1.375724 0.114089 -0.923823
    36 11.119975 -0.000005 0.000000 0.000001 0.050589 -0.290188
    37 11.205375 0.000073 0.000008 -1.629528 -0.032680 0.273273
    38 3.767578 0.151855 -0.072693 -0.061811 -0.104916 -0.601450
    39 2.036716 -0.000004 0.000000 -0.053356 0.002610 -1.343694
    40 1.063287 -0.000004 0.000001 0.243360 0.222157 -0.479503
    41 3.783203 -0.023941 -0.794434 0.145529 -0.103829 -0.523859
    42 1.628906 -0.000001 0.000001 -0.001787 -0.229023 -0.812505
    43 0.955566 -0.000002 0.000000 -0.124329 -0.037101 -0.833111
    44 1.258789 -0.308350 -1.250000 1.086305 0.326416 -0.551995
    45 1.392578 0.000000 0.000000 -0.000830 -0.001840 0.382344
    46 1.099609 0.000000 -0.000005 -0.008997 -0.009551 0.469381
    47 3.546538 0.208125 1.487114 0.073898 -0.032183 -0.676913
    48 1.218750 0.000007 0.000002 0.021046 -0.138839 -0.848032
    49 0.679688 0.000002 0.000004 -0.104181 0.098128 -1.071576
    50 3.697266 0.273682 0.726563 0.065645 -0.112157 -0.666605
    51 1.747310 0.000004 0.000000 -0.074580 0.021053 -1.335361
    52 0.959961 0.000000 -0.000001 0.003325 -0.009470 -0.821513
    53 -3.756462 5.577850 2.053357 1.570803 -0.000001 0.000000
    54 -2.735646 -0.081365 5.727119 0.000007 0.000015 1.570796
    55 0.000001 5.662003 -0.974302 1.570804 -0.000001 0.000000
    56 -0.000002 -2.275002 5.113525 0.000000 0.000000 -3.141592
    57 -2.477620 5.416855 4.597564 1.570804 -0.000001 0.000000
    58 -1.515218 1.317776 5.998497 0.000000 0.000000 0.000000
    59 -2.455992 5.657928 -0.087295 1.570804 -0.000001 0.000000
    60 -1.485628 -1.617812 5.263969 0.000000 0.000000 3.141592
    61 3.756460 5.577858 2.053359 1.570803 -0.000001 0.000000
    62 2.735645 -0.081364 5.727116 0.000004 -0.000011 -1.570795
    63 2.477613 5.416855 4.597570 1.570804 -0.000001 0.000000
    64 1.515220 1.317777 5.998508 0.000000 0.000000 0.000000
    65 2.455991 5.657928 -0.087293 1.570804 -0.000001 0.000000
    66 1.485620 -1.617803 5.263973 0.000000 0.000000 -3.141592
    67 4.575642 5.632584 0.000132 0.000000 -1.570771 0.249128
    68 -0.000001 0.314078 5.161098 0.000000 0.000000 0.000000
    69 -0.000001 -0.323108 3.750217 0.000000 0.000000 0.000000
    70 5.734947 1.075212 4.685178 1.570830 -0.000004 -1.321669
    71 -0.753896 0.305901 4.971462 -0.000001 0.000002 0.000000
    72 -1.101006 -0.314705 3.448307 0.000001 0.000001 0.000000
    73 5.809101 -1.029643 4.595047 1.570829 -0.000004 -1.321671
    74 -0.714908 -0.199657 5.028973 0.000000 0.000003 0.000000
    75 -0.282898 -0.851690 4.444889 0.000000 0.000000 0.000000
    76 9.578484 -1.290738 0.000240 0.000000 1.570770 -2.892481
    77 9.369518 -1.236408 1.787905 0.000000 1.570770 -2.892481
    78 9.436707 -1.331719 -1.409029 0.000000 1.570770 -2.892477
    79 5.735191 1.075235 -4.684885 -1.570814 0.000004 1.819923
    80 0.753901 0.305904 4.971474 -0.000001 -0.000002 0.000000
    81 1.101010 -0.314705 3.448315 0.000000 -0.000001 0.000000
    82 5.809341 -1.029617 -4.594752 -1.570814 0.000004 1.819922
    83 0.714908 -0.199655 5.028969 0.000000 -0.000003 0.000000
    84 0.282897 -0.851688 4.444893 0.000000 0.000000 0.000000
  time 104
    0 0.171224 -0.226569 37.626350 1.633113 0.039405 -0.109792
    1 3.983847 0.002149 0.003401 -1.666635 -0.221825 -1.449669
    2 15.938816 -0.000100 -0.000005 -0.000009 -0.000002 0.318171
    3 17.707025 -0.000068 0.000003 -0.172088 -0.146055 -1.177040
    4 6.202515 0.003416 -0.000367 0.020235 -0.027696 -0.403342
    5 -3.983848 0.002149 0.003395 -1.531878 -0.084871 -1.489017
    6 15.938826 -0.000113 -0.000001 0.000002 0.000010 0.281600
    7 17.707031 0.000018 0.000000 0.173541 0.317479 -1.239315
    8 6.202710 0.003078 0.003745 -0.111812 0.023790 -0.469879
    9 -0.000001 4.209253 -1.688832 1.575828 0.086860 1.584213
    10 3.836055 0.000000 0.000000 -0.004411 0.032875 -0.035247
    11 3.617625 -0.000275 -0.000015 -0.010834 -0.027404 -0.023276
    12 7.537925 0.003588 -0.000212 0.031625 0.052820 0.294015
    13 3.181604 -0.002346 0.000028 3.175815 -0.041894 0.190713
    14 2.966416 0.000318 0.000023 0.073629 0.044953 0.143293
    15 2.023770 0.904983 0.850949 1.851053 -1.244065 2.543301
    16 4.980521 0.000781 -0.001089 -1.646872 0.348122 -1.163461
    17 11.119977 0.000007 0.000004 -0.000003 -0.106448 -0.275599
    18 11.205393 -0.000039 0.000000 1.529225 -0.095983 0.104208
    19 3.767578 0.152466 0.071350 0.161510 0.116815 -0.535178
    20 2.037109 0.000001 -0.000001 -0.025500 -0.063436 -0.943058
    21 1.066406 -0.000004 0.000000 -0.001546 0.012036 -0.436579
    22 3.783203 -0.017258 0.794434 0.168904 -0.026920 -0.368804
    23 1.628906 0.000000 -0.000001 -0.061251 0.003142 -0.834908
    24 0.955566 -0.000003 -0.000001 -0.005388 -0.042122 -0.207875
    25 1.258789 -0.297852 1.251953 -1.291947 -0.539750 -0.506113
    26 1.392578 0.000003 -0.000006 0.001372 -0.188351 0.491767
    27 1.099609 -0.000001 -0.000004 0.009529 -0.039492 -0.040356
    28 3.548828 0.198730 -1.489258 0.122069 0.218121 -0.679757
    29 1.218750 0.000004 0.000004 0.002967 0.019929 -1.051735
    30 0.681774 -0.000006 0.000000 0.028387 -0.181321 -0.761958
    31 3.697042 0.266204 -0.725138 0.148081 0.167551 -0.656364
    32 1.747315 -0.000008 -0.000001 -0.016831 -0.101072 -0.899631
    33 0.959961 0.000006 0.000000 -0.001254 0.009906 -0.608348
    34 2.023778 0.904982 -0.850921 -1.361140 1.194176 3.362078
    35 4.981625 0.002227 0.003236 1.376034 0.114171 -0.923324
    36 11.119975 -0.000005 0.000000 0.000001 0.050589 -0.289936
    37 11.205375 0.000073 0.000008 -1.629718 -0.032680 0.272925
    38 3.767578 0.151855 -0.072693 -0.061811 -0.104916 -0.601450
    39 2.036716 -0.000004 0.000000 -0.053356 0.002610 -1.343653
    40 1.063287 -0.000004 0.000001 0.243360 0.222157 -0.479503
    41 3.783203 -0.023941 -0.794434 0.145529 -0.103829 -0.523859
    42 1.628906 -0.000001 0.000001 -0.001787 -0.229023 -0.812505
    43 0.955566 -0.000002 0.000000 -0.124329 -0.037101 -0.833111
    44 1.258789 -0.308350 -1.250000 1.086305 0.326416 -0.551995
    45 1.392578 0.000000 0.000000 -0.000830 -0.001840 0.382344
    46 1.099609 0.000000 -0.000005 -0.008997 -0.009551 0.469381
    47 3.546538 0.208125 1.487114 0.073941 -0.032243 -0.676853
    48 1.218750 0.000007 0.000002 0.021046 -0.138839 -0.848032
    49 0.679688 0.000002 0.000004 -0.104181 0.098128 -1.071576
    50 3.697266 0.273682 0.726563 0.065645 -0.112157 -0.666605
    51 1.747310 0.000004 0.000000 -0.074580 0.021053 -1.335361
    52 0.959961 0.000000 -0.000001 0.003325 -0.009470 -0.821513
    53 -3.756462 5.577850 2.053357 1.570803 -0.000001 0.000000
    54 -2.735646 -0.081365 5.727119 0.000007 0.000015 1.570796
    55 0.000001 5.662003 -0.974302 1.570804 -0.000001 0.000000
    56 -0.000002 -2.275002 5.113525 0.000000 0.000000 -3.141592
    57 -2.477620 5.416855 4.597564 1.570804 -0.000001 0.000000
    58 -1.515218 1.317776 5.998497 0.000000 0.000000 0.000000
    59 -2.455992 5.657928 -0.087295 1.570804 -0.000001 0.000000
    60 -1.485628 -1.617812 5.263969 0.000000 0.000000 3.141592
    61 3.756460 5.577858 2.053359 1.570803 -0.000001 0.000000
    62 2.735645 -0.081364 5.727116 0.000004 -0.000011 -1.570795
    63 2.477613 5.416855 4.597570 1.570804 -0.000001 0.000000
    64 1.515220 1.317777 5.998508 0.000000 0.000000 0.000000
    65 2.455991 5.657928 -0.087293 1.570804 -0.000001 0.000000
    66 1.485620 -1.617803 5.263973 0.000000 0.000000 -3.141592
    67 4.575642 5.632584 0.000132 0.000000 -1.570771 0.249128
    68 -0.000001 0.314078 5.161098 0.000000 0.000000 0.000000
    69 -0.000001 -0.323108 3.750217 0.000000 0.000000 0.000000
    70 5.734947 1.075212 4.685178 1.570830 -0.000004 -1.321669
    71 -0.753896 0.305901 4.971462 -0.000001 0.000002 0.000000
    72 -1.101006 -0.314705 3.448307 0.000001 0.000001 0.000000
    73 5.809101 -1.029643 4.595047 1.570829 -0.000004 -1.321671
    74 -0.714908 -0.199657 5.028973 0.000000 0.000003 0.000000
    75 -0.282898 -0.851690 4.444889 0.000000 0.000000 0.000000
    76 9.578484 -1.290738 0.000240 0.000000 1.570770 -2.892481
    77 9.369518 -1.236408 1.787905 0.000000 1.570770 -2.892481
    78 9.436707 -1.331719 -1.409029 0.000000 1.570770 -2.892477
    79 5.735191 1.075235 -4.684885 -1.570814 0.000004 1.819923
    80 0.753901 0.305904 4.971474 -0.000001 -0.000002 0.000000
    81 1.101010 -0.314705 3.448315 0.000000 -0.000001 0.000000
    82 5.809341 -1.029617 -4.594752 -1.570814 0.000004 1.819922
    83 0.714908 -0.199655 5.028969 0.000000 -0.000003 0.000000
    84 0.282897 -0.851688 4.444893 0.000000 0.000000 0.000000
  time 105
    0 0.159505 -0.222663 37.626350 1.632970 0.039585 -0.109664
    1 3.983847 0.002149 0.003401 -1.666730 -0.221870 -1.448864
    2 15.938816 -0.000100 -0.000005 -0.000009 -0.000002 0.318681
    3 17.707025 -0.000068 0.000003 -0.172473 -0.145758 -1.177224
    4 6.202515 0.003416 -0.000367 0.020223 -0.027696 -0.403238
    5 -3.983848 0.002149 0.003395 -1.531782 -0.084785 -1.488361
    6 15.938826 -0.000113 -0.000001 0.000002 0.000010 0.281852
    7 17.707031 0.000018 0.000000 0.173156 0.317711 -1.239575
    8 6.202710 0.003078 0.003745 -0.111812 0.023802 -0.469761
    9 -0.000001 4.209253 -1.688832 1.575876 0.087142 1.583877
    10 3.836055 0.000000 0.000000 -0.004602 0.033546 -0.034876
    11 3.617625 -0.000275 -0.000015 -0.010714 -0.027704 -0.022910
    12 7.537925 0.003588 -0.000212 0.031720 0.053287 0.294626
    13 3.181604 -0.002346 0.000028 3.175623 -0.041858 0.188400
    14 2.966416 0.000318 0.000023 0.073581 0.044773 0.144881
    15 2.023770 0.904983 0.850949 1.846453 -1.242517 2.547379
    16 4.980521 0.000781 -0.001089 -1.646305 0.346874 -1.164343
    17 11.119977 0.000007 0.000004 -0.000003 -0.106448 -0.270396
    18 11.205393 -0.000039 0.000000 1.530041 -0.096591 0.101775
    19 3.767578 0.152466 0.071350 0.161510 0.116815 -0.535178
    20 2.037109 0.000001 -0.000001 -0.025500 -0.063436 -0.943058
    21 1.066406 -0.000004 0.000000 -0.001546 0.012036 -0.436579
    22 3.783203 -0.017258 0.794434 0.168904 -0.026920 -0.368804
    23 1.628906 0.000000 -0.000001 -0.061251 0.003142 -0.834908
    24 0.955566 -0.000003 -0.000001 -0.005388 -0.042122 -0.207875
    25 1.258789 -0.297852 1.251953 -1.291947 -0.539750 -0.506113
    26 1.392578 0.000003 -0.000006 0.001372 -0.188351 0.491767
    27 1.099609 -0.000001 -0.000004 0.009529 -0.039492 -0.040356
    28 3.548828 0.198730 -1.489258 0.122069 0.218121 -0.679757
    29 1.218750 0.000004 0.000004 0.002967 0.019929 -1.051735
    30 0.681774 -0.000006 0.000000 0.028387 -0.181321 -0.761958
    31 3.697042 0.266204 -0.725138 0.148081 0.167551 -0.656351
    32 1.747315 -0.000008 -0.000001 -0.016831 -0.101072 -0.899610
    33 0.959961 0.000006 0.000000 -0.001254 0.009906 -0.608348
    34 2.023778 0.904982 -0.850921 -1.361453 1.193036 3.361807
    35 4.981625 0.002227 0.003236 1.376292 0.114171 -0.922648
    36 11.119975 -0.000005 0.000000 0.000001 0.050589 -0.289684
    37 11.205375 0.000073 0.000008 -1.629909 -0.032596 0.272925
    38 3.767578 0.151855 -0.072693 -0.061811 -0.104916 -0.601450
    39 2.036716 -0.000004 0.000000 -0.053356 0.002610 -1.343694
    40 1.063287 -0.000004 0.000001 0.243360 0.222157 -0.479503
    41 3.783203 -0.023941 -0.794434 0.145529 -0.103829 -0.523859
    42 1.628906 -0.000001 0.000001 -0.001787 -0.229023 -0.812505
    43 0.955566 -0.000002 0.000000 -0.124329 -0.037101 -0.833111
    44 1.258789 -0.308350 -1.250000 1.086305 0.326416 -0.551995
    45 1.392578 0.000000 0.000000 -0.000830 -0.001840 0.382344
    46 1.099609 0.000000 -0.000005 -0.008997 -0.009551 0.469381
    47 3.546538 0.208125 1.487114 0.073999 -0.032279 -0.676793
    48 1.218750 0.000007 0.000002 0.021046 -0.138839 -0.848032
    49 0.679688 0.000002 0.000004 -0.104181 0.098128 -1.071576
    50 3.697266 0.273682 0.726563 0.065645 -0.112157 -0.666605
    51 1.747310 0.000004 0.000000 -0.074580 0.021053 -1.335361
    52 0.959961 0.000000 -0.000001 0.003325 -0.009470 -0.821513
    53 -3.756462 5.577850 2.053357 1.570803 -0.000001 0.000000
    54 -2.735646 -0.081365 5.727119 0.000007 0.000015 1.570796
    55 0.000001 5.662003 -0.974302 1.570804 -0.000001 0.000000
    56 -0.000002 -2.275002 5.113525 0.000000 0.000000 -3.141592
    57 -2.477620 5.416855 4.597564 1.570804 -0.000001 0.000000
    58 -1.515218 1.317776 5.998497 0.000000 0.000000 0.000000
    59 -2.455992 5.657928 -0.087295 1.570804 -0.000001 0.000000
    60 -1.485628 -1.617812 5.263969 0.000000 0.000000 3.141592
    61 3.756460 5.577858 2.053359 1.570803 -0.000001 0.000000
    62 2.735645 -0.081364 5.727116 0.000004 -0.000011 -1.570795
    63 2.477613 5.416855 4.597570 1.570804 -0.000001 0.000000
    64 1.515220 1.317777 5.998508 0.000000 0.000000 0.000000
    65 2.455991 5.657928 -0.087293 1.570804 -0.000001 0.000000
    66 1.485620 -1.617803 5.263973 0.000000 0.000000 -3.141592
    67 4.575642 5.632584 0.000132 0.000000 -1.570771 0.249128
    68 -0.000001 0.314078 5.161098 0.000000 0.000000 0.000000
    69 -0.000001 -0.323108 3.750217 0.000000 0.000000 0.000000
    70 5.734947 1.075212 4.685178 1.570830 -0.000004 -1.321669
    71 -0.753896 0.305901 4.971462 -0.000001 0.000002 0.000000
    72 -1.101006 -0.314705 3.448307 0.000001 0.000001 0.000000
    73 5.809101 -1.029643 4.595047 1.570829 -0.000004 -1.321671
    74 -0.714908 -0.199657 5.028973 0.000000 0.000003 0.000000
    75 -0.282898 -0.851690 4.444889 0.000000 0.000000 0.000000
    76 9.578484 -1.290738 0.000240 0.000000 1.570770 -2.892481
    77 9.369518 -1.236408 1.787905 0.000000 1.570770 -2.892481
    78 9.436707 -1.331719 -1.409029 0.000000 1.570770 -2.892477
    79 5.735191 1.075235 -4.684885 -1.570814 0.000004 1.819923
    80 0.753901 0.305904 4.971474 -0.000001 -0.000002 0.000000
    81 1.101010 -0.314705 3.448315 0.000000 -0.000001 0.000000
    82 5.809341 -1.029617 -4.594752 -1.570814 0.000004 1.819922
    83 0.714908 -0.199655 5.028969 0.000000 -0.000003 0.000000
    84 0.282897 -0.851688 4.444893 0.000000 0.000000 0.000000
  time 106
    0 0.143880 -0.222663 37.626350 1.632730 0.039885 -0.109792
    1 3.983847 0.002149 0.003401 -1.666920 -0.221825 -1.448327
    2 15.938816 -0.000100 -0.000005 -0.000009 -0.000002 0.319127
    3 17.707025 -0.000068 0.000003 -0.172721 -0.145376 -1.177529
    4 6.202515 0.003416 -0.000367 0.020223 -0.027696 -0.403099
    5 -3.983848 0.002149 0.003395 -1.531878 -0.084527 -1.487706
    6 15.938826 -0.000113 -0.000001 0.000002 0.000010 0.281978
    7 17.707031 0.000018 0.000000 0.172634 0.317907 -1.239964
    8 6.202710 0.003078 0.003745 -0.111812 0.023802 -0.469761
    9 -0.000001 4.209253 -1.688832 1.576020 0.087203 1.583590
    10 3.836055 0.000000 0.000000 -0.004806 0.034325 -0.034624
    11 3.617625 -0.000275 -0.000015 -0.010522 -0.028124 -0.022656
    12 7.537925 0.003588 -0.000212 0.031828 0.053827 0.295273
    13 3.181604 -0.002346 0.000028 3.175144 -0.041953 0.186386
    14 2.966416 0.000318 0.000023 0.073629 0.044389 0.146606
    15 2.023770 0.904983 0.850949 1.842253 -1.241377 2.551367
    16 4.980521 0.000781 -0.001089 -1.645943 0.345761 -1.165566
    17 11.119977 0.000007 0.000004 -0.000003 -0.106448 -0.264964
    18 11.205393 -0.000039 0.000000 1.530761 -0.097321 0.098875
    19 3.767578 0.152466 0.071350 0.161510 0.116815 -0.535178
    20 2.037109 0.000001 -0.000001 -0.025500 -0.063436 -0.943058
    21 1.066406 -0.000004 0.000000 -0.001546 0.012036 -0.436579
    22 3.783203 -0.017258 0.794434 0.168904 -0.026920 -0.368804
    23 1.628906 0.000000 -0.000001 -0.061251 0.003142 -0.834908
    24 0.955566 -0.000003 -0.000001 -0.005388 -0.042122 -0.207875
    25 1.258789 -0.297852 1.251953 -1.291947 -0.539750 -0.506113
    26 1.392578 0.000003 -0.000006 0.001372 -0.188351 0.491767
    27 1.099609 -0.000001 -0.000004 0.009529 -0.039492 -0.040356
    28 3.548828 0.198730 -1.489258 0.122069 0.218121 -0.679757
    29 1.218750 0.000004 0.000004 0.002967 0.019929 -1.051735
    30 0.681774 -0.000006 0.000000 0.028387 -0.181321 -0.761958
    31 3.697042 0.266204 -0.725138 0.148081 0.167551 -0.656351
    32 1.747315 -0.000008 -0.000001 -0.016831 -0.101072 -0.899610
    33 0.959961 0.000006 0.000000 -0.001254 0.009906 -0.608348
    34 2.023778 0.904982 -0.850921 -1.361349 1.191774 3.361987
    35 4.981625 0.002227 0.003236 1.376395 0.114061 -0.921708
    36 11.119975 -0.000005 0.000000 0.000001 0.050589 -0.289369
    37 11.205375 0.000073 0.000008 -1.629957 -0.032752 0.272925
    38 3.767578 0.151855 -0.072693 -0.061811 -0.104916 -0.601450
    39 2.036716 -0.000004 0.000000 -0.053356 0.002610 -1.343653
    40 1.063287 -0.000004 0.000001 0.243348 0.222157 -0.479503
    41 3.783203 -0.023941 -0.794434 0.145529 -0.103829 -0.523859
    42 1.628906 -0.000001 0.000001 -0.001787 -0.229023 -0.812505
    43 0.955566 -0.000002 0.000000 -0.124329 -0.037101 -0.833111
    44 1.258789 -0.308350 -1.250000 1.086305 0.326416 -0.551995
    45 1.392578 0.000000 0.000000 -0.000830 -0.001840 0.382344
    46 1.099609 0.000000 -0.000005 -0.008997 -0.009551 0.469381
    47 3.546538 0.208125 1.487114 0.074056 -0.032315 -0.676685
    48 1.218750 0.000007 0.000002 0.021046 -0.138839 -0.848032
    49 0.679688 0.000002 0.000004 -0.104181 0.098128 -1.071576
    50 3.697266 0.273682 0.726563 0.065645 -0.112157 -0.666605
    51 1.747310 0.000004 0.000000 -0.074580 0.021053 -1.335361
    52 0.959961 0.000000 -0.000001 0.003325 -0.009470 -0.821513
    53 -3.756462 5.577850 2.053357 1.570803 -0.000001 0.000000
    54 -2.735646 -0.081365 5.727119 0.000007 0.000015 1.570796
    55 0.000001 5.662003 -0.974302 1.570804 -0.000001 0.000000
    56 -0.000002 -2.275002 5.113525 0.000000 0.000000 -3.141592
    57 -2.477620 5.416855 4.597564 1.570804 -0.000001 0.000000
    58 -1.515218 1.317776 5.998497 0.000000 0.000000 0.000000
    59 -2.455992 5.657928 -0.087295 1.570804 -0.000001 0.000000
    60 -1.485628 -1.617812 5.263969 0.000000 0.000000 3.141592
    61 3.756460 5.577858 2.053359 1.570803 -0.000001 0.000000
    62 2.735645 -0.081364 5.727116 0.000004 -0.000011 -1.570795
    63 2.477613 5.416855 4.597570 1.570804 -0.000001 0.000000
    64 1.515220 1.317777 5.998508 0.000000 0.000000 0.000000
    65 2.455991 5.657928 -0.087293 1.570804 -0.000001 0.000000
    66 1.485620 -1.617803 5.263973 0.000000 0.000000 -3.141592
    67 4.575642 5.632584 0.000132 0.000000 -1.570771 0.249128
    68 -0.000001 0.314078 5.161098 0.000000 0.000000 0.000000
    69 -0.000001 -0.323108 3.750217 0.000000 0.000000 0.000000
    70 5.734947 1.075212 4.685178 1.570830 -0.000004 -1.321669
    71 -0.753896 0.305901 4.971462 -0.000001 0.000002 0.000000
    72 -1.101006 -0.314705 3.448307 0.000001 0.000001 0.000000
    73 5.809101 -1.029643 4.595047 1.570829 -0.000004 -1.321671
    74 -0.714908 -0.199657 5.028973 0.000000 0.000003 0.000000
    75 -0.282898 -0.851690 4.444889 0.000000 0.000000 0.000000
    76 9.578484 -1.290738 0.000240 0.000000 1.570770 -2.892481
    77 9.369518 -1.236408 1.787905 0.000000 1.570770 -2.892481
    78 9.436707 -1.331719 -1.409029 0.000000 1.570770 -2.892477
    79 5.735191 1.075235 -4.684885 -1.570814 0.000004 1.819923
    80 0.753901 0.305904 4.971474 -0.000001 -0.000002 0.000000
    81 1.101010 -0.314705 3.448315 0.000000 -0.000001 0.000000
    82 5.809341 -1.029617 -4.594752 -1.570814 0.000004 1.819922
    83 0.714908 -0.199655 5.028969 0.000000 -0.000003 0.000000
    84 0.282897 -0.851688 4.444893 0.000000 0.000000 0.000000
  time 107
    0 0.128254 -0.222663 37.626350 1.632586 0.039933 -0.109664
    1 3.983847 0.002149 0.003401 -1.666825 -0.221736 -1.447612
    2 15.938816 -0.000100 -0.000005 -0.000009 -0.000002 0.319509
    3 17.707025 -0.000068 0.000003 -0.173134 -0.145270 -1.177713
    4 6.202515 0.003416 -0.000367 0.020223 -0.027696 -0.402995
    5 -3.983848 0.002149 0.003395 -1.531878 -0.084269 -1.487237
    6 15.938826 -0.000113 -0.000001 0.000002 0.000010 0.282104
    7 17.707031 0.000018 0.000000 0.172226 0.318175 -1.240223
    8 6.202710 0.003078 0.003745 -0.111812 0.023814 -0.469625
    9 -0.000001 4.209253 -1.688832 1.575972 0.087445 1.583254
    10 3.836055 0.000000 0.000000 -0.004926 0.035128 -0.034277
    11 3.617625 -0.000275 -0.000015 -0.010354 -0.028555 -0.022417
    12 7.537925 0.003588 -0.000212 0.031852 0.054366 0.295776
    13 3.181604 -0.002346 0.000028 3.175336 -0.041858 0.184733
    14 2.966416 0.000318 0.000023 0.073773 0.043898 0.148194
    15 2.023770 0.904983 0.850949 1.838503 -1.240441 2.554902
    16 4.980521 0.000781 -0.001089 -1.645995 0.344749 -1.166904
    17 11.119977 0.000007 0.000004 -0.000003 -0.106448 -0.259818
    18 11.205393 -0.000039 0.000000 1.531337 -0.098160 0.096058
    19 3.767578 0.152466 0.071350 0.161510 0.116815 -0.535178
    20 2.037109 0.000001 -0.000001 -0.025500 -0.063436 -0.943058
    21 1.066406 -0.000004 0.000000 -0.001546 0.012036 -0.436579
    22 3.783203 -0.017258 0.794434 0.168904 -0.026920 -0.368804
    23 1.628906 0.000000 -0.000001 -0.061251 0.003142 -0.834908
    24 0.955566 -0.000003 -0.000001 -0.005388 -0.042122 -0.207875
    25 1.258789 -0.297852 1.251953 -1.291947 -0.539750 -0.506113
    26 1.392578 0.000003 -0.000006 0.001372 -0.188351 0.491767
    27 1.099609 -0.000001 -0.000004 0.009529 -0.039492 -0.040356
    28 3.548828 0.198730 -1.489258 0.122069 0.218121 -0.679757
    29 1.218750 0.000004 0.000004 0.002967 0.019929 -1.051735
    30 0.681774 -0.000006 0.000000 0.028387 -0.181321 -0.761958
    31 3.697042 0.266204 -0.725138 0.148081 0.167551 -0.656351
    32 1.747315 -0.000008 -0.000001 -0.016843 -0.101072 -0.899610
    33 0.959961 0.000006 0.000000 -0.001254 0.009906 -0.608348
    34 2.023778 0.904982 -0.850921 -1.360879 1.190064 3.362439
    35 4.981625 0.002227 0.003236 1.376395 0.113842 -0.920356
    36 11.119975 -0.000005 0.000000 0.000001 0.050589 -0.289053
    37 11.205375 0.000073 0.000008 -1.630148 -0.033003 0.272865
    38 3.767578 0.151855 -0.072693 -0.061811 -0.104916 -0.601450
    39 2.036716 -0.000004 0.000000 -0.053356 0.002610 -1.343653
    40 1.063287 -0.000004 0.000001 0.243360 0.222157 -0.479503
    41 3.783203 -0.023941 -0.794434 0.145529 -0.103829 -0.523859
    42 1.628906 -0.000001 0.000001 -0.001787 -0.229023 -0.812505
    43 0.955566 -0.000002 0.000000 -0.124329 -0.037101 -0.833111
    44 1.258789 -0.308350 -1.250000 1.086305 0.326416 -0.551995
    45 1.392578 0.000000 0.000000 -0.000830 -0.001840 0.382344
    46 1.099609 0.000000 -0.000005 -0.008997 -0.009551 0.469381
    47 3.546538 0.208125 1.487114 0.074142 -0.032399 -0.676566
    48 1.218750 0.000007 0.000002 0.021046 -0.138839 -0.848032
    49 0.679688 0.000002 0.000004 -0.104181 0.098128 -1.071576
    50 3.697266 0.273682 0.726563 0.065645 -0.112157 -0.666605
    51 1.747310 0.000004 0.000000 -0.074580 0.021053 -1.335361
    52 0.959961 0.000000 -0.000001 0.003325 -0.009470 -0.821513
    53 -3.756462 5.577850 2.053357 1.570803 -0.000001 0.000000
    54 -2.735646 -0.081365 5.727119 0.000007 0.000015 1.570796
    55 0.000001 5.662003 -0.974302 1.570804 -0.000001 0.000000
    56 -0.000002 -2.275002 5.113525 0.000000 0.000000 -3.141592
    57 -2.477620 5.416855 4.597564 1.570804 -0.000001 0.000000
    58 -1.515218 1.317776 5.998497 0.000000 0.000000 0.000000
    59 -2.455992 5.657928 -0.087295 1.570804 -0.000001 0.000000
    60 -1.485628 -1.617812 5.263969 0.000000 0.000000 3.141592
    61 3.756460 5.577858 2.053359 1.570803 -0.000001 0.000000
    62 2.735645 -0.081364 5.727116 0.000004 -0.000011 -1.570795
    63 2.477613 5.416855 4.597570 1.570804 -0.000001 0.000000
    64 1.515220 1.317777 5.998508 0.000000 0.000000 0.000000
    65 2.455991 5.657928 -0.087293 1.570804 -0.000001 0.000000
    66 1.485620 -1.617803 5.263973 0.000000 0.000000 -3.141592
    67 4.575642 5.632584 0.000132 0.000000 -1.570771 0.249128
    68 -0.000001 0.314078 5.161098 0.000000 0.000000 0.000000
    69 -0.000001 -0.323108 3.750217 0.000000 0.000000 0.000000
    70 5.734947 1.075212 4.685178 1.570830 -0.000004 -1.321669
    71 -0.753896 0.305901 4.971462 -0.000001 0.000002 0.000000
    72 -1.101006 -0.314705 3.448307 0.000001 0.000001 0.000000
    73 5.809101 -1.029643 4.595047 1.570829 -0.000004 -1.321671
    74 -0.714908 -0.199657 5.028973 0.000000 0.000003 0.000000
    75 -0.282898 -0.851690 4.444889 0.000000 0.000000 0.000000
    76 9.578484 -1.290738 0.000240 0.000000 1.570770 -2.892481
    77 9.369518 -1.236408 1.787905 0.000000 1.570770 -2.892481
    78 9.436707 -1.331719 -1.409029 0.000000 1.570770 -2.892477
    79 5.735191 1.075235 -4.684885 -1.570814 0.000004 1.819923
    80 0.753901 0.305904 4.971474 -0.000001 -0.000002 0.000000
    81 1.101010 -0.314705 3.448315 0.000000 -0.000001 0.000000
    82 5.809341 -1.029617 -4.594752 -1.570814 0.000004 1.819922
    83 0.714908 -0.199655 5.028969 0.000000 -0.000003 0.000000
    84 0.282897 -0.851688 4.444893 0.000000 0.000000 0.000000
  time 108
    0 0.116535 -0.222663 37.626350 1.632251 0.040196 -0.109664
    1 3.983847 0.002149 0.003401 -1.666825 -0.221514 -1.447076
    2 15.938816 -0.000100 -0.000005 -0.000009 -0.000002 0.320019
    3 17.707025 -0.000068 0.000003 -0.173520 -0.145058 -1.178019
    4 6.202515 0.003416 -0.000367 0.020223 -0.027696 -0.402995
    5 -3.983848 0.002149 0.003395 -1.531973 -0.083926 -1.486675
    6 15.938826 -0.000113 -0.000001 0.000002 0.000010 0.282230
    7 17.707031 0.000018 0.000000 0.171728 0.318478 -1.240645
    8 6.202710 0.003078 0.003745 -0.111812 0.023814 -0.469506
    9 -0.000001 4.209253 -1.688832 1.575876 0.087667 1.582967
    10 3.836055 0.000000 0.000000 -0.005118 0.035979 -0.034037
    11 3.617625 -0.000275 -0.000015 -0.010210 -0.028974 -0.022304
    12 7.537925 0.003588 -0.000212 0.031864 0.054737 0.296388
    13 3.181604 -0.002346 0.000028 3.175240 -0.041534 0.183570
    14 2.966416 0.000318 0.000023 0.074048 0.043503 0.149646
    15 2.023770 0.904983 0.850949 1.834553 -1.239627 2.558528
    16 4.980521 0.000781 -0.001089 -1.646408 0.344006 -1.167871
    17 11.119977 0.000007 0.000004 -0.000003 -0.106448 -0.255129
    18 11.205393 -0.000039 0.000000 1.531145 -0.098574 0.093901
    19 3.767578 0.152466 0.071350 0.161510 0.116815 -0.535178
    20 2.037109 0.000001 -0.000001 -0.025500 -0.063436 -0.943058
    21 1.066406 -0.000004 0.000000 -0.001546 0.012036 -0.436579
    22 3.783203 -0.017258 0.794434 0.168904 -0.026920 -0.368804
    23 1.628906 0.000000 -0.000001 -0.061251 0.003142 -0.834908
    24 0.955566 -0.000003 -0.000001 -0.005388 -0.042122 -0.207875
    25 1.258789 -0.297852 1.251953 -1.291947 -0.539750 -0.506113
    26 1.392578 0.000003 -0.000006 0.001372 -0.188351 0.491767
    27 1.099609 -0.000001 -0.000004 0.009529 -0.039492 -0.040356
    28 3.548828 0.198730 -1.489258 0.122069 0.218121 -0.679757
    29 1.218750 0.000004 0.000004 0.002967 0.019929 -1.051735
    30 0.681774 -0.000006 0.000000 0.028387 -0.181321 -0.761958
    31 3.697042 0.266204 -0.725138 0.148081 0.167551 -0.656351
    32 1.747315 -0.000008 -0.000001 -0.016843 -0.101072 -0.899610
    33 0.959961 0.000006 0.000000 -0.001254 0.009906 -0.608348
    34 2.023778 0.904982 -0.850921 -1.360671 1.188069 3.362529
    35 4.981625 0.002227 0.003236 1.376550 0.113622 -0.918917
    36 11.119975 -0.000005 0.000000 0.000001 0.050589 -0.288675
    37 11.205375 0.000073 0.000008 -1.630148 -0.033207 0.272758
    38 3.767578 0.151855 -0.072693 -0.061811 -0.104916 -0.601450
    39 2.036716 -0.000004 0.000000 -0.053356 0.002610 -1.343694
    40 1.063287 -0.000004 0.000001 0.243360 0.222157 -0.479503
    41 3.783203 -0.023941 -0.794434 0.145529 -0.103829 -0.523859
    42 1.628906 -0.000001 0.000001 -0.001787 -0.229023 -0.812505
    43 0.955566 -0.000002 0.000000 -0.124329 -0.037101 -0.833111
    44 1.258789 -0.308350 -1.250000 1.086305 0.326416 -0.551995
    45 1.392578 0.000000 0.000000 -0.000830 -0.001840 0.382344
    46 1.099609 0.000000 -0.000005 -0.008997 -0.009551 0.469381
    47 3.546538 0.208125 1.487114 0.074185 -0.032435 -0.676518
    48 1.218750 0.000007 0.000002 0.021046 -0.138839 -0.848032
    49 0.679688 0.000002 0.000004 -0.104181 0.098128 -1.071576
    50 3.697266 0.273682 0.726563 0.065645 -0.112157 -0.666605
    51 1.747310 0.000004 0.000000 -0.074580 0.021053 -1.335396
    52 0.959961 0.000000 -0.000001 0.003325 -0.009470 -0.821513
    53 -3.756462 5.577850 2.053357 1.570803 -0.000001 0.000000
    54 -2.735646 -0.081365 5.727119 0.000007 0.000015 1.570796
    55 0.000001 5.662003 -0.974302 1.570804 -0.000001 0.000000
    56 -0.000002 -2.275002 5.113525 0.000000 0.000000 -3.141592
    57 -2.477620 5.416855 4.597564 1.570804 -0.000001 0.000000
    58 -1.515218 1.317776 5.998497 0.000000 0.000000 0.000000
    59 -2.455992 5.657928 -0.087295 1.570804 -0.000001 0.000000
    60 -1.485628 -1.617812 5.263969 0.000000 0.000000 3.141592
    61 3.756460 5.577858 2.053359 1.570803 -0.000001 0.000000
    62 2.735645 -0.081364 5.727116 0.000004 -0.000011 -1.570795
    63 2.477613 5.416855 4.597570 1.570804 -0.000001 0.000000
    64 1.515220 1.317777 5.998508 0.000000 0.000000 0.000000
    65 2.455991 5.657928 -0.087293 1.570804 -0.000001 0.000000
    66 1.485620 -1.617803 5.263973 0.000000 0.000000 -3.141592
    67 4.575642 5.632584 0.000132 0.000000 -1.570771 0.249128
    68 -0.000001 0.314078 5.161098 0.000000 0.000000 0.000000
    69 -0.000001 -0.323108 3.750217 0.000000 0.000000 0.000000
    70 5.734947 1.075212 4.685178 1.570830 -0.000004 -1.321669
    71 -0.753896 0.305901 4.971462 -0.000001 0.000002 0.000000
    72 -1.101006 -0.314705 3.448307 0.000001 0.000001 0.000000
    73 5.809101 -1.029643 4.595047 1.570829 -0.000004 -1.321671
    74 -0.714908 -0.199657 5.028973 0.000000 0.000003 0.000000
    75 -0.282898 -0.851690 4.444889 0.000000 0.000000 0.000000
    76 9.578484 -1.290738 0.000240 0.000000 1.570770 -2.892481
    77 9.369518 -1.236408 1.787905 0.000000 1.570770 -2.892481
    78 9.436707 -1.331719 -1.409029 0.000000 1.570770 -2.892477
    79 5.735191 1.075235 -4.684885 -1.570814 0.000004 1.819923
    80 0.753901 0.305904 4.971474 -0.000001 -0.000002 0.000000
    81 1.101010 -0.314705 3.448315 0.000000 -0.000001 0.000000
    82 5.809341 -1.029617 -4.594752 -1.570814 0.000004 1.819922
    83 0.714908 -0.199655 5.028969 0.000000 -0.000003 0.000000
    84 0.282897 -0.851688 4.444893 0.000000 0.000000 0.000000
  time 109
    0 0.100910 -0.226569 37.626350 1.631963 0.040412 -0.109728
    1 3.983847 0.002149 0.003401 -1.666730 -0.221247 -1.446539
    2 15.938816 -0.000100 -0.000005 -0.000009 -0.000002 0.320529
    3 17.707025 -0.000068 0.000003 -0.173933 -0.145037 -1.178294
    4 6.202515 0.003416 -0.000367 0.020223 -0.027696 -0.402891
    5 -3.983848 0.002149 0.003395 -1.532069 -0.083453 -1.486113
    6 15.938826 -0.000113 -0.000001 0.000002 0.000010 0.282356
    7 17.707031 0.000018 0.000000 0.171342 0.318746 -1.240872
    8 6.202710 0.003078 0.003745 -0.111812 0.023814 -0.469506
    9 -0.000001 4.209253 -1.688832 1.575828 0.087788 1.582775
    10 3.836055 0.000000 0.000000 -0.005309 0.036710 -0.033929
    11 3.617625 -0.000275 -0.000015 -0.010091 -0.029286 -0.022304
    12 7.537925 0.003588 -0.000212 0.031888 0.055217 0.296903
    13 3.181604 -0.002346 0.000028 3.174665 -0.041486 0.183031
    14 2.966416 0.000318 0.000023 0.074096 0.043071 0.150872
    15 2.023770 0.904983 0.850949 1.830903 -1.238690 2.562153
    16 4.980521 0.000781 -0.001089 -1.646769 0.343298 -1.168554
    17 11.119977 0.000007 0.000004 -0.000003 -0.106448 -0.251184
    18 11.205393 -0.000039 0.000000 1.530761 -0.099073 0.092235
    19 3.767578 0.152466 0.071350 0.161510 0.116815 -0.535178
    20 2.037109 0.000001 -0.000001 -0.025500 -0.063436 -0.943058
    21 1.066406 -0.000004 0.000000 -0.001546 0.012036 -0.436579
    22 3.783203 -0.017258 0.794434 0.168904 -0.026920 -0.368804
    23 1.628906 0.000000 -0.000001 -0.061251 0.003142 -0.834908
    24 0.955566 -0.000003 -0.000001 -0.005388 -0.042122 -0.207875
    25 1.258789 -0.297852 1.251953 -1.291947 -0.539750 -0.506113
    26 1.392578 0.000003 -0.000006 0.001372 -0.188351 0.491767
    27 1.099609 -0.000001 -0.000004 0.009529 -0.039492 -0.040356
    28 3.548828 0.198730 -1.489258 0.122069 0.218121 -0.679757
    29 1.218750 0.000004 0.000004 0.002967 0.019929 -1.051735
    30 0.681774 -0.000006 0.000000 0.028387 -0.181321 -0.761958
    31 3.697042 0.266204 -0.725138 0.148081 0.167551 -0.656351
    32 1.747315 -0.000008 -0.000001 -0.016831 -0.101072 -0.899610
    33 0.959961 0.000006 0.000000 -0.001254 0.009906 -0.608348
    34 2.023778 0.904982 -0.850921 -1.360566 1.186155 3.362800
    35 4.981625 0.002227 0.003236 1.376705 0.113155 -0.917301
    36 11.119975 -0.000005 0.000000 0.000001 0.050589 -0.288360
    37 11.205375 0.000073 0.000008 -1.630339 -0.033411 0.272985
    38 3.767578 0.151855 -0.072693 -0.061811 -0.104916 -0.601450
    39 2.036716 -0.000004 0.000000 -0.053356 0.002610 -1.343653
    40 1.063287 -0.000004 0.000001 0.243360 0.222157 -0.479503
    41 3.783203 -0.023941 -0.794434 0.145529 -0.103829 -0.523859
    42 1.628906 -0.000001 0.000001 -0.001787 -0.229023 -0.812505
    43 0.955566 -0.000002 0.000000 -0.124329 -0.037101 -0.833111
    44 1.258789 -0.308350 -1.250000 1.086305 0.326416 -0.551995
    45 1.392578 0.000000 0.000000 -0.000830 -0.001840 0.382344
    46 1.099609 0.000000 -0.000005 -0.008997 -0.009551 0.469381
    47 3.546538 0.208125 1.487114 0.074243 -0.032495 -0.676458
    48 1.218750 0.000007 0.000002 0.021046 -0.138839 -0.848032
    49 0.679688 0.000002 0.000004 -0.104181 0.098128 -1.071576
    50 3.697266 0.273682 0.726563 0.065645 -0.112157 -0.666605
    51 1.747310 0.000004 0.000000 -0.074580 0.021053 -1.335361
    52 0.959961 0.000000 -0.000001 0.003325 -0.009470 -0.821513
    53 -3.756462 5.577850 2.053357 1.570803 -0.000001 0.000000
    54 -2.735646 -0.081365 5.727119 0.000007 0.000015 1.570796
    55 0.000001 5.662003 -0.974302 1.570804 -0.000001 0.000000
    56 -0.000002 -2.275002 5.113525 0.000000 0.000000 -3.141592
    57 -2.477620 5.416855 4.597564 1.570804 -0.000001 0.000000
    58 -1.515218 1.317776 5.998497 0.000000 0.000000 0.000000
    59 -2.455992 5.657928 -0.087295 1.570804 -0.000001 0.000000
    60 -1.485628 -1.617812 5.263969 0.000000 0.000000 3.141592
    61 3.756460 5.577858 2.053359 1.570803 -0.000001 0.000000
    62 2.735645 -0.081364 5.727116 0.000004 -0.000011 -1.570795
    63 2.477613 5.416855 4.597570 1.570804 -0.000001 0.000000
    64 1.515220 1.317777 5.998508 0.000000 0.000000 0.000000
    65 2.455991 5.657928 -0.087293 1.570804 -0.000001 0.000000
    66 1.485620 -1.617803 5.263973 0.000000 0.000000 -3.141592
    67 4.575642 5.632584 0.000132 0.000000 -1.570771 0.249128
    68 -0.000001 0.314078 5.161098 0.000000 0.000000 0.000000
    69 -0.000001 -0.323108 3.750217 0.000000 0.000000 0.000000
    70 5.734947 1.075212 4.685178 1.570830 -0.000004 -1.321669
    71 -0.753896 0.305901 4.971462 -0.000001 0.000002 0.000000
    72 -1.101006 -0.314705 3.448307 0.000001 0.000001 0.000000
    73 5.809101 -1.029643 4.595047 1.570829 -0.000004 -1.321671
    74 -0.714908 -0.199657 5.028973 0.000000 0.000003 0.000000
    75 -0.282898 -0.851690 4.444889 0.000000 0.000000 0.000000
    76 9.578484 -1.290738 0.000240 0.000000 1.570770 -2.892481
    77 9.369518 -1.236408 1.787905 0.000000 1.570770 -2.892481
    78 9.436707 -1.331719 -1.409029 0.000000 1.570770 -2.892477
    79 5.735191 1.075235 -4.684885 -1.570814 0.000004 1.819923
    80 0.753901 0.305904 4.971474 -0.000001 -0.000002 0.000000
    81 1.101010 -0.314705 3.448315 0.000000 -0.000001 0.000000
    82 5.809341 -1.029617 -4.594752 -1.570814 0.000004 1.819922
    83 0.714908 -0.199655 5.028969 0.000000 -0.000003 0.000000
    84 0.282897 -0.851688 4.444893 0.000000 0.000000 0.000000
  time 110
    0 0.085284 -0.226569 37.626350 1.631579 0.040412 -0.109728
    1 3.983847 0.002149 0.003401 -1.666635 -0.221024 -1.445914
    2 15.938816 -0.000100 -0.000005 -0.000009 -0.000002 0.320848
    3 17.707025 -0.000068 0.000003 -0.174401 -0.144952 -1.178478
    4 6.202515 0.003416 -0.000367 0.020223 -0.027696 -0.402891
    5 -3.983848 0.002149 0.003395 -1.532260 -0.083110 -1.485551
    6 15.938826 -0.000113 -0.000001 0.000002 0.000010 0.282419
    7 17.707031 0.000018 0.000000 0.170912 0.318942 -1.241293
    8 6.202710 0.003078 0.003745 -0.111812 0.023826 -0.469370
    9 -0.000001 4.209253 -1.688832 1.575732 0.088051 1.582487
    10 3.836055 0.000000 0.000000 -0.005513 0.037309 -0.033929
    11 3.617625 -0.000275 -0.000015 -0.010019 -0.029586 -0.022290
    12 7.537925 0.003588 -0.000212 0.031936 0.055816 0.297406
    13 3.181604 -0.002346 0.000028 3.174760 -0.041486 0.182923
    14 2.966416 0.000318 0.000023 0.073905 0.042760 0.151825
    15 2.023770 0.904983 0.850949 1.827303 -1.237632 2.565507
    16 4.980521 0.000781 -0.001089 -1.647233 0.342927 -1.168924
    17 11.119977 0.000007 0.000004 -0.000003 -0.106448 -0.248096
    18 11.205393 -0.000039 0.000000 1.530953 -0.099644 0.091049
    19 3.767578 0.152466 0.071350 0.161510 0.116815 -0.535178
    20 2.037109 0.000001 -0.000001 -0.025500 -0.063436 -0.943058
    21 1.066406 -0.000004 0.000000 -0.001546 0.012036 -0.436579
    22 3.783203 -0.017258 0.794434 0.168904 -0.026920 -0.368804
    23 1.628906 0.000000 -0.000001 -0.061251 0.003142 -0.834908
    24 0.955566 -0.000003 -0.000001 -0.005388 -0.042122 -0.207875
    25 1.258789 -0.297852 1.251953 -1.291947 -0.539750 -0.506113
    26 1.392578 0.000003 -0.000006 0.001372 -0.188351 0.491767
    27 1.099609 -0.000001 -0.000004 0.009529 -0.039492 -0.040356
    28 3.548828 0.198730 -1.489258 0.122069 0.218121 -0.679757
    29 1.218750 0.000004 0.000004 0.002967 0.019929 -1.051735
    30 0.681774 -0.000006 0.000000 0.028387 -0.181321 -0.761958
    31 3.697042 0.266204 -0.725138 0.148081 0.167551 -0.656351
    32 1.747315 -0.000008 -0.000001 -0.016831 -0.101072 -0.899610
    33 0.959961 0.000006 0.000000 -0.001254 0.009906 -0.608348
    34 2.023778 0.904982 -0.850921 -1.360932 1.184283 3.362258
    35 4.981625 0.002227 0.003236 1.377169 0.112468 -0.915597
    36 11.119975 -0.000005 0.000000 0.000001 0.050589 -0.287792
    37 11.205375 0.000073 0.000008 -1.630243 -0.033123 0.273213
    38 3.767578 0.151855 -0.072693 -0.061811 -0.104916 -0.601450
    39 2.036716 -0.000004 0.000000 -0.053356 0.002610 -1.343694
    40 1.063287 -0.000004 0.000001 0.243360 0.222157 -0.479503
    41 3.783203 -0.023941 -0.794434 0.145529 -0.103829 -0.523859
    42 1.628906 -0.000001 0.000001 -0.001787 -0.229023 -0.812505
    43 0.955566 -0.000002 0.000000 -0.124329 -0.037101 -0.833111
    44 1.258789 -0.308350 -1.250000 1.086305 0.326416 -0.551995
    45 1.392578 0.000000 0.000000 -0.000830 -0.001840 0.382344
    46 1.099609 0.000000 -0.000005 -0.008997 -0.009551 0.469381
    47 3.546538 0.208125 1.487114 0.074271 -0.032518 -0.676338
    48 1.218750 0.000007 0.000002 0.021046 -0.138839 -0.848032
    49 0.679688 0.000002 0.000004 -0.104181 0.098128 -1.071576
    50 3.697266 0.273682 0.726563 0.065645 -0.112157 -0.666605
    51 1.747310 0.000004 0.000000 -0.074580 0.021053 -1.335396
    52 0.959961 0.000000 -0.000001 0.003325 -0.009470 -0.821513
    53 -3.756462 5.577850 2.053357 1.570803 -0.000001 0.000000
    54 -2.735646 -0.081365 5.727119 0.000007 0.000015 1.570796
    55 0.000001 5.662003 -0.974302 1.570804 -0.000001 0.000000
    56 -0.000002 -2.275002 5.113525 0.000000 0.000000 -3.141592
    57 -2.477620 5.416855 4.597564 1.570804 -0.000001 0.000000
    58 -1.515218 1.317776 5.998497 0.000000 0.000000 0.000000
    59 -2.455992 5.657928 -0.087295 1.570804 -0.000001 0.000000
    60 -1.485628 -1.617812 5.263969 0.000000 0.000000 3.141592
    61 3.756460 5.577858 2.053359 1.570803 -0.000001 0.000000
    62 2.735645 -0.081364 5.727116 0.000004 -0.000011 -1.570795
    63 2.477613 5.416855 4.597570 1.570804 -0.000001 0.000000
    64 1.515220 1.317777 5.998508 0.000000 0.000000 0.000000
    65 2.455991 5.657928 -0.087293 1.570804 -0.000001 0.000000
    66 1.485620 -1.617803 5.263973 0.000000 0.000000 -3.141592
    67 4.575642 5.632584 0.000132 0.000000 -1.570771 0.249128
    68 -0.000001 0.314078 5.161098 0.000000 0.000000 0.000000
    69 -0.000001 -0.323108 3.750217 0.000000 0.000000 0.000000
    70 5.734947 1.075212 4.685178 1.570830 -0.000004 -1.321669
    71 -0.753896 0.305901 4.971462 -0.000001 0.000002 0.000000
    72 -1.101006 -0.314705 3.448307 0.000001 0.000001 0.000000
    73 5.809101 -1.029643 4.595047 1.570829 -0.000004 -1.321671
    74 -0.714908 -0.199657 5.028973 0.000000 0.000003 0.000000
    75 -0.282898 -0.851690 4.444889 0.000000 0.000000 0.000000
    76 9.578484 -1.290738 0.000240 0.000000 1.570770 -2.892481
    77 9.369518 -1.236408 1.787905 0.000000 1.570770 -2.892481
    78 9.436707 -1.331719 -1.409029 0.000000 1.570770 -2.892477
    79 5.735191 1.075235 -4.684885 -1.570814 0.000004 1.819923
    80 0.753901 0.305904 4.971474 -0.000001 -0.000002 0.000000
    81 1.101010 -0.314705 3.448315 0.000000 -0.000001 0.000000
    82 5.809341 -1.029617 -4.594752 -1.570814 0.000004 1.819922
    83 0.714908 -0.199655 5.028969 0.000000 -0.000003 0.000000
    84 0.282897 -0.851688 4.444893 0.000000 0.000000 0.000000
  time 111
    0 0.073565 -0.226569 37.626350 1.631292 0.040676 -0.109920
    1 3.983847 0.002149 0.003401 -1.666540 -0.220891 -1.445466
    2 15.938816 -0.000100 -0.000005 -0.000009 -0.000002 0.321358
    3 17.707025 -0.000068 0.000003 -0.174758 -0.144973 -1.178784
    4 6.202515 0.003416 -0.000367 0.020223 -0.027696 -0.402891
    5 -3.983848 0.002149 0.003395 -1.532260 -0.082681 -1.484989
    6 15.938826 -0.000113 -0.000001 0.000002 0.000010 0.282608
    7 17.707031 0.000018 0.000000 0.170458 0.319103 -1.241747
    8 6.202710 0.003078 0.003745 -0.111800 0.023826 -0.469285
    9 -0.000001 4.209253 -1.688832 1.575636 0.088394 1.582487
    10 3.836055 0.000000 0.000000 -0.005633 0.037753 -0.033809
    11 3.617625 -0.000275 -0.000015 -0.009971 -0.029885 -0.022417
    12 7.537925 0.003588 -0.000212 0.032140 0.056224 0.297670
    13 3.181604 -0.002346 0.000028 3.174760 -0.041246 0.183115
    14 2.966416 0.000318 0.000023 0.073126 0.042472 0.152460
    15 2.023770 0.904983 0.850949 1.825353 -1.236573 2.567138
    16 4.980521 0.000781 -0.001089 -1.647595 0.342893 -1.169123
    17 11.119977 0.000007 0.000004 -0.000003 -0.106448 -0.245695
    18 11.205393 -0.000039 0.000000 1.530713 -0.100338 0.090186
    19 3.767578 0.152466 0.071350 0.161510 0.116815 -0.535178
    20 2.037109 0.000001 -0.000001 -0.025500 -0.063436 -0.943058
    21 1.066406 -0.000004 0.000000 -0.001546 0.012036 -0.436579
    22 3.783203 -0.017258 0.794434 0.168904 -0.026920 -0.368804
    23 1.628906 0.000000 -0.000001 -0.061251 0.003142 -0.834908
    24 0.955566 -0.000003 -0.000001 -0.005388 -0.042122 -0.207875
    25 1.258789 -0.297852 1.251953 -1.291947 -0.539750 -0.506113
    26 1.392578 0.000003 -0.000006 0.001372 -0.188351 0.491767
    27 1.099609 -0.000001 -0.000004 0.009529 -0.039492 -0.040356
    28 3.548828 0.198730 -1.489258 0.122069 0.218121 -0.679757
    29 1.218750 0.000004 0.000004 0.002967 0.019929 -1.051735
    30 0.681774 -0.000006 0.000000 0.028387 -0.181321 -0.761958
    31 3.697042 0.266204 -0.725138 0.148081 0.167551 -0.656351
    32 1.747315 -0.000008 -0.000001 -0.016831 -0.101072 -0.899610
    33 0.959961 0.000006 0.000000 -0.001254 0.009906 -0.608348
    34 2.023778 0.904982 -0.850921 -1.361245 1.182043 3.362078
    35 4.981625 0.002227 0.003236 1.377272 0.111726 -0.913775
    36 11.119975 -0.000005 0.000000 0.000001 0.050589 -0.286972
    37 11.205375 0.000073 0.000008 -1.630434 -0.032548 0.273333
    38 3.767578 0.151855 -0.072693 -0.061811 -0.104916 -0.601450
    39 2.036716 -0.000004 0.000000 -0.053356 0.002610 -1.343653
    40 1.063287 -0.000004 0.000001 0.243360 0.222157 -0.479503
    41 3.783203 -0.023941 -0.794434 0.145529 -0.103829 -0.523859
    42 1.628906 -0.000001 0.000001 -0.001787 -0.229023 -0.812505
    43 0.955566 -0.000002 0.000000 -0.124329 -0.037101 -0.833111
    44 1.258789 -0.308350 -1.250000 1.086305 0.326416 -0.551995
    45 1.392578 0.000000 0.000000 -0.000830 -0.001840 0.382344
    46 1.099609 0.000000 -0.000005 -0.008997 -0.009551 0.469381
    47 3.546538 0.208125 1.487114 0.074300 -0.032518 -0.676290
    48 1.218750 0.000007 0.000002 0.021046 -0.138839 -0.848032
    49 0.679688 0.000002 0.000004 -0.104181 0.098128 -1.071576
    50 3.697266 0.273682 0.726563 0.065645 -0.112157 -0.666605
    51 1.747310 0.000004 0.000000 -0.074580 0.021053 -1.335361
    52 0.959961 0.000000 -0.000001 0.003325 -0.009470 -0.821513
    53 -3.756462 5.577850 2.053357 1.570803 -0.000001 0.000000
    54 -2.735646 -0.081365 5.727119 0.000007 0.000015 1.570796
    55 0.000001 5.662003 -0.974302 1.570804 -0.000001 0.000000
    56 -0.000002 -2.275002 5.113525 0.000000 0.000000 -3.141592
    57 -2.477620 5.416855 4.597564 1.570804 -0.000001 0.000000
    58 -1.515218 1.317776 5.998497 0.000000 0.000000 0.000000
    59 -2.455992 5.657928 -0.087295 1.570804 -0.000001 0.000000
    60 -1.485628 -1.617812 5.263969 0.000000 0.000000 3.141592
    61 3.756460 5.577858 2.053359 1.570803 -0.000001 0.000000
    62 2.735645 -0.081364 5.727116 0.000004 -0.000011 -1.570795
    63 2.477613 5.416855 4.597570 1.570804 -0.000001 0.000000
    64 1.515220 1.317777 5.998508 0.000000 0.000000 0.000000
    65 2.455991 5.657928 -0.087293 1.570804 -0.000001 0.000000
    66 1.485620 -1.617803 5.263973 0.000000 0.000000 -3.141592
    67 4.575642 5.632584 0.000132 0.000000 -1.570771 0.249128
    68 -0.000001 0.314078 5.161098 0.000000 0.000000 0.000000
    69 -0.000001 -0.323108 3.750217 0.000000 0.000000 0.000000
    70 5.734947 1.075212 4.685178 1.570830 -0.000004 -1.321669
    71 -0.753896 0.305901 4.971462 -0.000001 0.000002 0.000000
    72 -1.101006 -0.314705 3.448307 0.000001 0.000001 0.000000
    73 5.809101 -1.029643 4.595047 1.570829 -0.000004 -1.321671
    74 -0.714908 -0.199657 5.028973 0.000000 0.000003 0.000000
    75 -0.282898 -0.851690 4.444889 0.000000 0.000000 0.000000
    76 9.578484 -1.290738 0.000240 0.000000 1.570770 -2.892481
    77 9.369518 -1.236408 1.787905 0.000000 1.570770 -2.892481
    78 9.436707 -1.331719 -1.409029 0.000000 1.570770 -2.892477
    79 5.735191 1.075235 -4.684885 -1.570814 0.000004 1.819923
    80 0.753901 0.305904 4.971474 -0.000001 -0.000002 0.000000
    81 1.101010 -0.314705 3.448315 0.000000 -0.000001 0.000000
    82 5.809341 -1.029617 -4.594752 -1.570814 0.000004 1.819922
    83 0.714908 -0.199655 5.028969 0.000000 -0.000003 0.000000
    84 0.282897 -0.851688 4.444893 0.000000 0.000000 0.000000
  time 112
    0 0.061846 -0.226569 37.626350 1.631148 0.040760 -0.109920
    1 3.983847 0.002149 0.003401 -1.666065 -0.220757 -1.445019
    2 15.938816 -0.000100 -0.000005 -0.000009 -0.000002 0.321868
    3 17.707025 -0.000068 0.000003 -0.175309 -0.145355 -1.179090
    4 6.202515 0.003416 -0.000367 0.020223 -0.027696 -0.402891
    5 -3.983848 0.002149 0.003395 -1.532260 -0.082466 -1.484521
    6 15.938826 -0.000113 -0.000001 0.000002 0.000010 0.282671
    7 17.707031 0.000018 0.000000 0.170164 0.319227 -1.241942
    8 6.202710 0.003078 0.003745 -0.111800 0.023838 -0.469150
    9 -0.000001 4.209253 -1.688832 1.575444 0.088980 1.582583
    10 3.836055 0.000000 0.000000 -0.005753 0.038112 -0.033569
    11 3.617625 -0.000275 -0.000015 -0.009899 -0.030257 -0.022417
    12 7.537925 0.003588 -0.000212 0.032511 0.056283 0.297802
    13 3.181604 -0.002346 0.000028 3.173802 -0.040851 0.183330
    14 2.966416 0.000318 0.000023 0.072287 0.041789 0.153277
    15 2.023770 0.904983 0.850949 1.826053 -1.236085 2.566595
    16 4.980521 0.000781 -0.001089 -1.648007 0.342792 -1.169692
    17 11.119977 0.000007 0.000004 -0.000003 -0.106448 -0.243808
    18 11.205393 -0.000039 0.000000 1.530137 -0.100909 0.089611
    19 3.767578 0.152466 0.071350 0.161510 0.116815 -0.535178
    20 2.037109 0.000001 -0.000001 -0.025500 -0.063436 -0.943058
    21 1.066406 -0.000004 0.000000 -0.001546 0.012036 -0.436579
    22 3.783203 -0.017258 0.794434 0.168904 -0.026920 -0.368804
    23 1.628906 0.000000 -0.000001 -0.061251 0.003142 -0.834908
    24 0.955566 -0.000003 -0.000001 -0.005388 -0.042122 -0.207875
    25 1.258789 -0.297852 1.251953 -1.291947 -0.539750 -0.506113
    26 1.392578 0.000003 -0.000006 0.001372 -0.188351 0.491767
    27 1.099609 -0.000001 -0.000004 0.009529 -0.039492 -0.040356
    28 3.548828 0.198730 -1.489258 0.122069 0.218121 -0.679757
    29 1.218750 0.000004 0.000004 0.002967 0.019929 -1.051735
    30 0.681774 -0.000006 0.000000 0.028387 -0.181321 -0.761958
    31 3.697042 0.266204 -0.725138 0.148081 0.167551 -0.656351
    32 1.747315 -0.000008 -0.000001 -0.016831 -0.101072 -0.899610
    33 0.959961 0.000006 0.000000 -0.001254 0.009906 -0.608348
    34 2.023778 0.904982 -0.850921 -1.361245 1.179600 3.361987
    35 4.981625 0.002227 0.003236 1.377324 0.111148 -0.911865
    36 11.119975 -0.000005 0.000000 0.000001 0.050589 -0.286405
    37 11.205375 0.000073 0.000008 -1.630625 -0.032105 0.273453
    38 3.767578 0.151855 -0.072693 -0.061811 -0.104916 -0.601450
    39 2.036716 -0.000004 0.000000 -0.053356 0.002610 -1.343653
    40 1.063287 -0.000004 0.000001 0.243360 0.222157 -0.479503
    41 3.783203 -0.023941 -0.794434 0.145529 -0.103829 -0.523859
    42 1.628906 -0.000001 0.000001 -0.001787 -0.229023 -0.812505
    43 0.955566 -0.000002 0.000000 -0.124329 -0.037101 -0.833111
    44 1.258789 -0.308350 -1.250000 1.086305 0.326416 -0.551995
    45 1.392578 0.000000 0.000000 -0.000830 -0.001840 0.382344
    46 1.099609 0.000000 -0.000005 -0.008997 -0.009551 0.469381
    47 3.546538 0.208125 1.487114 0.074329 -0.032518 -0.676170
    48 1.218750 0.000007 0.000002 0.021046 -0.138839 -0.848032
    49 0.679688 0.000002 0.000004 -0.104181 0.098128 -1.071576
    50 3.697266 0.273682 0.726563 0.065645 -0.112157 -0.666605
    51 1.747310 0.000004 0.000000 -0.074580 0.021053 -1.335361
    52 0.959961 0.000000 -0.000001 0.003325 -0.009470 -0.821513
    53 -3.756462 5.577850 2.053357 1.570803 -0.000001 0.000000
    54 -2.735646 -0.081365 5.727119 0.000007 0.000015 1.570796
    55 0.000001 5.662003 -0.974302 1.570804 -0.000001 0.000000
    56 -0.000002 -2.275002 5.113525 0.000000 0.000000 -3.141592
    57 -2.477620 5.416855 4.597564 1.570804 -0.000001 0.000000
    58 -1.515218 1.317776 5.998497 0.000000 0.000000 0.000000
    59 -2.455992 5.657928 -0.087295 1.570804 -0.000001 0.000000
    60 -1.485628 -1.617812 5.263969 0.000000 0.000000 3.141592
    61 3.756460 5.577858 2.053359 1.570803 -0.000001 0.000000
    62 2.735645 -0.081364 5.727116 0.000004 -0.000011 -1.570795
    63 2.477613 5.416855 4.597570 1.570804 -0.000001 0.000000
    64 1.515220 1.317777 5.998508 0.000000 0.000000 0.000000
    65 2.455991 5.657928 -0.087293 1.570804 -0.000001 0.000000
    66 1.485620 -1.617803 5.263973 0.000000 0.000000 -3.141592
    67 4.575642 5.632584 0.000132 0.000000 -1.570771 0.249128
    68 -0.000001 0.314078 5.161098 0.000000 0.000000 0.000000
    69 -0.000001 -0.323108 3.750217 0.000000 0.000000 0.000000
    70 5.734947 1.075212 4.685178 1.570830 -0.000004 -1.321669
    71 -0.753896 0.305901 4.971462 -0.000001 0.000002 0.000000
    72 -1.101006 -0.314705 3.448307 0.000001 0.000001 0.000000
    73 5.809101 -1.029643 4.595047 1.570829 -0.000004 -1.321671
    74 -0.714908 -0.199657 5.028973 0.000000 0.000003 0.000000
    75 -0.282898 -0.851690 4.444889 0.000000 0.000000 0.000000
    76 9.578484 -1.290738 0.000240 0.000000 1.570770 -2.892481
    77 9.369518 -1.236408 1.787905 0.000000 1.570770 -2.892481
    78 9.436707 -1.331719 -1.409029 0.000000 1.570770 -2.892477
    79 5.735191 1.075235 -4.684885 -1.570814 0.000004 1.819923
    80 0.753901 0.305904 4.971474 -0.000001 -0.000002 0.000000
    81 1.101010 -0.314705 3.448315 0.000000 -0.000001 0.000000
    82 5.809341 -1.029617 -4.594752 -1.570814 0.000004 1.819922
    83 0.714908 -0.199655 5.028969 0.000000 -0.000003 0.000000
    84 0.282897 -0.851688 4.444893 0.000000 0.000000 0.000000
  time 113
    0 0.050127 -0.226569 37.626350 1.630860 0.041023 -0.110048
    1 3.983847 0.002149 0.003401 -1.665495 -0.220802 -1.444662
    2 15.938816 -0.000100 -0.000005 -0.000009 -0.000002 0.322442
    3 17.707025 -0.000068 0.000003 -0.175860 -0.145970 -1.179212
    4 6.202515 0.003416 -0.000367 0.020223 -0.027696 -0.402891
    5 -3.983848 0.002149 0.003395 -1.532355 -0.082466 -1.484240
    6 15.938826 -0.000113 -0.000001 0.000002 0.000010 0.283111
    7 17.707031 0.000018 0.000000 0.169756 0.319299 -1.242493
    8 6.202710 0.003078 0.003745 -0.111788 0.023778 -0.469014
    9 -0.000001 4.209253 -1.688832 1.575109 0.089565 1.582871
    10 3.836055 0.000000 0.000000 -0.005945 0.038472 -0.033330
    11 3.617625 -0.000275 -0.000015 -0.009827 -0.030676 -0.022290
    12 7.537925 0.003588 -0.000212 0.032847 0.056295 0.298185
    13 3.181604 -0.002346 0.000028 3.173994 -0.040491 0.183187
    14 2.966416 0.000318 0.000023 0.071640 0.041297 0.154366
    15 2.023770 0.904983 0.850949 1.826803 -1.235881 2.565779
    16 4.980521 0.000781 -0.001089 -1.648317 0.342589 -1.170432
    17 11.119977 0.000007 0.000004 -0.000003 -0.106448 -0.242321
    18 11.205393 -0.000039 0.000000 1.529513 -0.101323 0.089036
    19 3.767578 0.152466 0.071350 0.161510 0.116815 -0.535178
    20 2.037109 0.000001 -0.000001 -0.025500 -0.063436 -0.943058
    21 1.066406 -0.000004 0.000000 -0.001546 0.012036 -0.436579
    22 3.783203 -0.017258 0.794434 0.168904 -0.026920 -0.368804
    23 1.628906 0.000000 -0.000001 -0.061251 0.003142 -0.834908
    24 0.955566 -0.000003 -0.000001 -0.005388 -0.042122 -0.207875
    25 1.258789 -0.297852 1.251953 -1.291947 -0.539750 -0.506113
    26 1.392578 0.000003 -0.000006 0.001372 -0.188351 0.491767
    27 1.099609 -0.000001 -0.000004 0.009529 -0.039492 -0.040356
    28 3.548828 0.198730 -1.489258 0.122069 0.218121 -0.679757
    29 1.218750 0.000004 0.000004 0.002967 0.019929 -1.051735
    30 0.681774 -0.000006 0.000000 0.028387 -0.181321 -0.761958
    31 3.697042 0.266204 -0.725138 0.148081 0.167551 -0.656351
    32 1.747315 -0.000008 -0.000001 -0.016831 -0.101072 -0.899610
    33 0.959961 0.000006 0.000000 -0.001254 0.009906 -0.608348
    34 2.023778 0.904982 -0.850921 -1.361036 1.177279 3.362168
    35 4.981625 0.002227 0.003236 1.377014 0.110654 -0.909838
    36 11.119975 -0.000005 0.000000 0.000001 0.050589 -0.286090
    37 11.205375 0.000073 0.000008 -1.630625 -0.031529 0.273561
    38 3.767578 0.151855 -0.072693 -0.061811 -0.104916 -0.601450
    39 2.036716 -0.000004 0.000000 -0.053356 0.002610 -1.343653
    40 1.063287 -0.000004 0.000001 0.243360 0.222157 -0.479503
    41 3.783203 -0.023941 -0.794434 0.145529 -0.103829 -0.523859
    42 1.628906 -0.000001 0.000001 -0.001787 -0.229023 -0.812505
    43 0.955566 -0.000002 0.000000 -0.124329 -0.037101 -0.833111
    44 1.258789 -0.308350 -1.250000 1.086305 0.326416 -0.551995
    45 1.392578 0.000000 0.000000 -0.000830 -0.001840 0.382344
    46 1.099609 0.000000 -0.000005 -0.008997 -0.009551 0.469381
    47 3.546538 0.208125 1.487114 0.074329 -0.032495 -0.676110
    48 1.218750 0.000007 0.000002 0.021046 -0.138839 -0.848032
    49 0.679688 0.000002 0.000004 -0.104181 0.098128 -1.071576
    50 3.697266 0.273682 0.726563 0.065645 -0.112157 -0.666605
    51 1.747310 0.000004 0.000000 -0.074580 0.021053 -1.335361
    52 0.959961 0.000000 -0.000001 0.003325 -0.009470 -0.821513
    53 -3.756462 5.577850 2.053357 1.570803 -0.000001 0.000000
    54 -2.735646 -0.081365 5.727119 0.000007 0.000015 1.570796
    55 0.000001 5.662003 -0.974302 1.570804 -0.000001 0.000000
    56 -0.000002 -2.275002 5.113525 0.000000 0.000000 -3.141592
    57 -2.477620 5.416855 4.597564 1.570804 -0.000001 0.000000
    58 -1.515218 1.317776 5.998497 0.000000 0.000000 0.000000
    59 -2.455992 5.657928 -0.087295 1.570804 -0.000001 0.000000
    60 -1.485628 -1.617812 5.263969 0.000000 0.000000 3.141592
    61 3.756460 5.577858 2.053359 1.570803 -0.000001 0.000000
    62 2.735645 -0.081364 5.727116 0.000004 -0.000011 -1.570795
    63 2.477613 5.416855 4.597570 1.570804 -0.000001 0.000000
    64 1.515220 1.317777 5.998508 0.000000 0.000000 0.000000
    65 2.455991 5.657928 -0.087293 1.570804 -0.000001 0.000000
    66 1.485620 -1.617803 5.263973 0.000000 0.000000 -3.141592
    67 4.575642 5.632584 0.000132 0.000000 -1.570771 0.249128
    68 -0.000001 0.314078 5.161098 0.000000 0.000000 0.000000
    69 -0.000001 -0.323108 3.750217 0.000000 0.000000 0.000000
    70 5.734947 1.075212 4.685178 1.570830 -0.000004 -1.321669
    71 -0.753896 0.305901 4.971462 -0.000001 0.000002 0.000000
    72 -1.101006 -0.314705 3.448307 0.000001 0.000001 0.000000
    73 5.809101 -1.029643 4.595047 1.570829 -0.000004 -1.321671
    74 -0.714908 -0.199657 5.028973 0.000000 0.000003 0.000000
    75 -0.282898 -0.851690 4.444889 0.000000 0.000000 0.000000
    76 9.578484 -1.290738 0.000240 0.000000 1.570770 -2.892481
    77 9.369518 -1.236408 1.787905 0.000000 1.570770 -2.892481
    78 9.436707 -1.331719 -1.409029 0.000000 1.570770 -2.892477
    79 5.735191 1.075235 -4.684885 -1.570814 0.000004 1.819923
    80 0.753901 0.305904 4.971474 -0.000001 -0.000002 0.000000
    81 1.101010 -0.314705 3.448315 0.000000 -0.000001 0.000000
    82 5.809341 -1.029617 -4.594752 -1.570814 0.000004 1.819922
    83 0.714908 -0.199655 5.028969 0.000000 -0.000003 0.000000
    84 0.282897 -0.851688 4.444893 0.000000 0.000000 0.000000
  time 114
    0 0.042314 -0.226569 37.626350 1.630573 0.041191 -0.110112
    1 3.983847 0.002149 0.003401 -1.665115 -0.220802 -1.444125
    2 15.938816 -0.000100 -0.000005 -0.000009 -0.000002 0.323207
    3 17.707025 -0.000068 0.000003 -0.176328 -0.146246 -1.179640
    4 6.202515 0.003416 -0.000367 0.020223 -0.027696 -0.402891
    5 -3.983848 0.002149 0.003395 -1.532451 -0.082337 -1.483677
    6 15.938826 -0.000113 -0.000001 0.000002 0.000010 0.283678
    7 17.707031 0.000018 0.000000 0.169461 0.319406 -1.242915
    8 6.202710 0.003078 0.003745 -0.111788 0.023790 -0.468895
    9 -0.000001 4.209253 -1.688832 1.575109 0.090070 1.582871
    10 3.836055 0.000000 0.000000 -0.006124 0.039023 -0.032970
    11 3.617625 -0.000275 -0.000015 -0.009827 -0.030928 -0.022065
    12 7.537925 0.003588 -0.000212 0.032667 0.056751 0.298677
    13 3.181604 -0.002346 0.000028 3.173610 -0.041007 0.182108
    14 2.966416 0.000318 0.000023 0.071412 0.040830 0.155682
    15 2.023770 0.904983 0.850949 1.826203 -1.235922 2.566323
    16 4.980521 0.000781 -0.001089 -1.648524 0.341949 -1.171854
    17 11.119977 0.000007 0.000004 -0.000003 -0.106448 -0.241121
    18 11.205393 -0.000039 0.000000 1.528793 -0.101894 0.088185
    19 3.767578 0.152466 0.071350 0.161510 0.116815 -0.535178
    20 2.037109 0.000001 -0.000001 -0.025500 -0.063436 -0.943058
    21 1.066406 -0.000004 0.000000 -0.001546 0.012036 -0.436579
    22 3.783203 -0.017258 0.794434 0.168904 -0.026920 -0.368804
    23 1.628906 0.000000 -0.000001 -0.061251 0.003142 -0.834908
    24 0.955566 -0.000003 -0.000001 -0.005388 -0.042122 -0.207875
    25 1.258789 -0.297852 1.251953 -1.291947 -0.539750 -0.506113
    26 1.392578 0.000003 -0.000006 0.001372 -0.188351 0.491767
    27 1.099609 -0.000001 -0.000004 0.009529 -0.039492 -0.040356
    28 3.548828 0.198730 -1.489258 0.122069 0.218121 -0.679757
    29 1.218750 0.000004 0.000004 0.002967 0.019929 -1.051735
    30 0.681774 -0.000006 0.000000 0.028387 -0.181321 -0.761958
    31 3.697042 0.266204 -0.725138 0.148081 0.167551 -0.656351
    32 1.747315 -0.000008 -0.000001 -0.016843 -0.101072 -0.899610
    33 0.959961 0.000006 0.000000 -0.001254 0.009906 -0.608348
    34 2.023778 0.904982 -0.850921 -1.360305 1.176424 3.363071
    35 4.981625 0.002227 0.003236 1.377169 0.110379 -0.908898
    36 11.119975 -0.000005 0.000000 0.000001 0.050589 -0.286090
    37 11.205375 0.000073 0.000008 -1.631198 -0.030990 0.273860
    38 3.767578 0.151855 -0.072693 -0.061811 -0.104916 -0.601450
    39 2.036716 -0.000004 0.000000 -0.053356 0.002610 -1.343653
    40 1.063287 -0.000004 0.000001 0.243360 0.222157 -0.479503
    41 3.783203 -0.023941 -0.794434 0.145529 -0.103829 -0.523859
    42 1.628906 -0.000001 0.000001 -0.001787 -0.229023 -0.812505
    43 0.955566 -0.000002 0.000000 -0.124329 -0.037101 -0.833111
    44 1.258789 -0.308350 -1.250000 1.086305 0.326416 -0.551995
    45 1.392578 0.000000 0.000000 -0.000830 -0.001840 0.382344
    46 1.099609 0.000000 -0.000005 -0.008997 -0.009551 0.469381
    47 3.546538 0.208125 1.487114 0.074329 -0.032495 -0.676062
    48 1.218750 0.000007 0.000002 0.021046 -0.138839 -0.848032
    49 0.679688 0.000002 0.000004 -0.104181 0.098128 -1.071576
    50 3.697266 0.273682 0.726563 0.065645 -0.112157 -0.666605
    51 1.747310 0.000004 0.000000 -0.074580 0.021053 -1.335361
    52 0.959961 0.000000 -0.000001 0.003325 -0.009470 -0.821513
    53 -3.756462 5.577850 2.053357 1.570803 -0.000001 0.000000
    54 -2.735646 -0.081365 5.727119 0.000007 0.000015 1.570796
    55 0.000001 5.662003 -0.974302 1.570804 -0.000001 0.000000
    56 -0.000002 -2.275002 5.113525 0.000000 0.000000 -3.141592
    57 -2.477620 5.416855 4.597564 1.570804 -0.000001 0.000000
    58 -1.515218 1.317776 5.998497 0.000000 0.000000 0.000000
    59 -2.455992 5.657928 -0.087295 1.570804 -0.000001 0.000000
    60 -1.485628 -1.617812 5.263969 0.000000 0.000000 3.141592
    61 3.756460 5.577858 2.053359 1.570803 -0.000001 0.000000
    62 2.735645 -0.081364 5.727116 0.000004 -0.000011 -1.570795
    63 2.477613 5.416855 4.597570 1.570804 -0.000001 0.000000
    64 1.515220 1.317777 5.998508 0.000000 0.000000 0.000000
    65 2.455991 5.657928 -0.087293 1.570804 -0.000001 0.000000
    66 1.485620 -1.617803 5.263973 0.000000 0.000000 -3.141592
    67 4.575642 5.632584 0.000132 0.000000 -1.570771 0.249128
    68 -0.000001 0.314078 5.161098 0.000000 0.000000 0.000000
    69 -0.000001 -0.323108 3.750217 0.000000 0.000000 0.000000
    70 5.734947 1.075212 4.685178 1.570830 -0.000004 -1.321669
    71 -0.753896 0.305901 4.971462 -0.000001 0.000002 0.000000
    72 -1.101006 -0.314705 3.448307 0.000001 0.000001 0.000000
    73 5.809101 -1.029643 4.595047 1.570829 -0.000004 -1.321671
    74 -0.714908 -0.199657 5.028973 0.000000 0.000003 0.000000
    75 -0.282898 -0.851690 4.444889 0.000000 0.000000 0.000000
    76 9.578484 -1.290738 0.000240 0.000000 1.570770 -2.892481
    77 9.369518 -1.236408 1.787905 0.000000 1.570770 -2.892481
    78 9.436707 -1.331719 -1.409029 0.000000 1.570770 -2.892477
    79 5.735191 1.075235 -4.684885 -1.570814 0.000004 1.819923
    80 0.753901 0.305904 4.971474 -0.000001 -0.000002 0.000000
    81 1.101010 -0.314705 3.448315 0.000000 -0.000001 0.000000
    82 5.809341 -1.029617 -4.594752 -1.570814 0.000004 1.819922
    83 0.714908 -0.199655 5.028969 0.000000 -0.000003 0.000000
    84 0.282897 -0.851688 4.444893 0.000000 0.000000 0.000000
  time 115
    0 0.034501 -0.222663 37.626350 1.630141 0.041371 -0.110112
    1 3.983847 0.002149 0.003401 -1.665210 -0.220757 -1.443589
    2 15.938816 -0.000100 -0.000005 -0.000009 -0.000002 0.323972
    3 17.707025 -0.000068 0.000003 -0.176438 -0.145906 -1.179977
    4 6.202515 0.003416 -0.000367 0.020223 -0.027696 -0.402995
    5 -3.983848 0.002149 0.003395 -1.532355 -0.082122 -1.483022
    6 15.938826 -0.000113 -0.000001 0.000002 0.000010 0.284245
    7 17.707031 0.000018 0.000000 0.169030 0.319602 -1.243304
    8 6.202710 0.003078 0.003745 -0.111788 0.023802 -0.468759
    9 -0.000001 4.209253 -1.688832 1.575301 0.090615 1.582487
    10 3.836055 0.000000 0.000000 -0.006436 0.039802 -0.032611
    11 3.617625 -0.000275 -0.000015 -0.010019 -0.031048 -0.021812
    12 7.537925 0.003588 -0.000212 0.031804 0.057793 0.299420
    13 3.181604 -0.002346 0.000028 3.173322 -0.042469 0.180238
    14 2.966416 0.000318 0.000023 0.071640 0.040207 0.156772
    15 2.023770 0.904983 0.850949 1.823053 -1.235352 2.569314
    16 4.980521 0.000781 -0.001089 -1.647956 0.341274 -1.172452
    17 11.119977 0.000007 0.000004 -0.000003 -0.106448 -0.240720
    18 11.205393 -0.000039 0.000000 1.528408 -0.102661 0.087226
    19 3.767578 0.152466 0.071350 0.161510 0.116815 -0.535178
    20 2.037109 0.000001 -0.000001 -0.025500 -0.063436 -0.943058
    21 1.066406 -0.000004 0.000000 -0.001546 0.012036 -0.436579
    22 3.783203 -0.017258 0.794434 0.168904 -0.026920 -0.368804
    23 1.628906 0.000000 -0.000001 -0.061251 0.003142 -0.834908
    24 0.955566 -0.000003 -0.000001 -0.005388 -0.042122 -0.207875
    25 1.258789 -0.297852 1.251953 -1.291947 -0.539750 -0.506113
    26 1.392578 0.000003 -0.000006 0.001372 -0.188351 0.491767
    27 1.099609 -0.000001 -0.000004 0.009529 -0.039492 -0.040356
    28 3.548828 0.198730 -1.489258 0.122069 0.218121 -0.679757
    29 1.218750 0.000004 0.000004 0.002967 0.019929 -1.051735
    30 0.681774 -0.000006 0.000000 0.028387 -0.181321 -0.761958
    31 3.697042 0.266204 -0.725138 0.148081 0.167551 -0.656351
    32 1.747315 -0.000008 -0.000001 -0.016843 -0.101072 -0.899610
    33 0.959961 0.000006 0.000000 -0.001254 0.009906 -0.608348
    34 2.023778 0.904982 -0.850921 -1.359209 1.177076 3.363975
    35 4.981625 0.002227 0.003236 1.377582 0.110296 -0.909192
    36 11.119975 -0.000005 0.000000 0.000001 0.050589 -0.286090
    37 11.205375 0.000073 0.000008 -1.631914 -0.030990 0.274148
    38 3.767578 0.151855 -0.072693 -0.061811 -0.104916 -0.601450
    39 2.036716 -0.000004 0.000000 -0.053356 0.002610 -1.343653
    40 1.063287 -0.000004 0.000001 0.243360 0.222157 -0.479503
    41 3.783203 -0.023941 -0.794434 0.145529 -0.103829 -0.523859
    42 1.628906 -0.000001 0.000001 -0.001787 -0.229023 -0.812505
    43 0.955566 -0.000002 0.000000 -0.124329 -0.037101 -0.833111
    44 1.258789 -0.308350 -1.250000 1.086305 0.326416 -0.551995
    45 1.392578 0.000000 0.000000 -0.000830 -0.001840 0.382344
    46 1.099609 0.000000 -0.000005 -0.008997 -0.009551 0.469381
    47 3.546538 0.208125 1.487114 0.074357 -0.032530 -0.676002
    48 1.218750 0.000007 0.000002 0.021046 -0.138839 -0.848032
    49 0.679688 0.000002 0.000004 -0.104181 0.098128 -1.071576
    50 3.697266 0.273682 0.726563 0.065645 -0.112157 -0.666605
    51 1.747310 0.000004 0.000000 -0.074580 0.021053 -1.335361
    52 0.959961 0.000000 -0.000001 0.003325 -0.009470 -0.821513
    53 -3.756462 5.577850 2.053357 1.570803 -0.000001 0.000000
    54 -2.735646 -0.081365 5.727119 0.000007 0.000015 1.570796
    55 0.000001 5.662003 -0.974302 1.570804 -0.000001 0.000000
    56 -0.000002 -2.275002 5.113525 0.000000 0.000000 -3.141592
    57 -2.477620 5.416855 4.597564 1.570804 -0.000001 0.000000
    58 -1.515218 1.317776 5.998497 0.000000 0.000000 0.000000
    59 -2.455992 5.657928 -0.087295 1.570804 -0.000001 0.000000
    60 -1.485628 -1.617812 5.263969 0.000000 0.000000 3.141592
    61 3.756460 5.577858 2.053359 1.570803 -0.000001 0.000000
    62 2.735645 -0.081364 5.727116 0.000004 -0.000011 -1.570795
    63 2.477613 5.416855 4.597570 1.570804 -0.000001 0.000000
    64 1.515220 1.317777 5.998508 0.000000 0.000000 0.000000
    65 2.455991 5.657928 -0.087293 1.570804 -0.000001 0.000000
    66 1.485620 -1.617803 5.263973 0.000000 0.000000 -3.141592
    67 4.575642 5.632584 0.000132 0.000000 -1.570771 0.249128
    68 -0.000001 0.314078 5.161098 0.000000 0.000000 0.000000
    69 -0.000001 -0.323108 3.750217 0.000000 0.000000 0.000000
    70 5.734947 1.075212 4.685178 1.570830 -0.000004 -1.321669
    71 -0.753896 0.305901 4.971462 -0.000001 0.000002 0.000000
    72 -1.101006 -0.314705 3.448307 0.000001 0.000001 0.000000
    73 5.809101 -1.029643 4.595047 1.570829 -0.000004 -1.321671
    74 -0.714908 -0.199657 5.028973 0.000000 0.000003 0.000000
    75 -0.282898 -0.851690 4.444889 0.000000 0.000000 0.000000
    76 9.578484 -1.290738 0.000240 0.000000 1.570770 -2.892481
    77 9.369518 -1.236408 1.787905 0.000000 1.570770 -2.892481
    78 9.436707 -1.331719 -1.409029 0.000000 1.570770 -2.892477
    79 5.735191 1.075235 -4.684885 -1.570814 0.000004 1.819923
    80 0.753901 0.305904 4.971474 -0.000001 -0.000002 0.000000
    81 1.101010 -0.314705 3.448315 0.000000 -0.000001 0.000000
    82 5.809341 -1.029617 -4.594752 -1.570814 0.000004 1.819922
    83 0.714908 -0.199655 5.028969 0.000000 -0.000003 0.000000
    84 0.282897 -0.851688 4.444893 0.000000 0.000000 0.000000
  time 116
    0 0.026689 -0.218757 37.595099 1.629806 0.041587 -0.109984
    1 3.983847 0.002149 0.003401 -1.665685 -0.220891 -1.443053
    2 15.938816 -0.000100 -0.000005 -0.000009 -0.000002 0.324801
    3 17.707025 -0.000068 0.000003 -0.176438 -0.145334 -1.180283
    4 6.202515 0.003416 -0.000367 0.020223 -0.027696 -0.402995
    5 -3.983848 0.002149 0.003395 -1.532355 -0.081993 -1.482647
    6 15.938826 -0.000113 -0.000001 0.000002 0.000010 0.284749
    7 17.707031 0.000018 0.000000 0.168645 0.319888 -1.243920
    8 6.202710 0.003078 0.003745 -0.111788 0.023802 -0.468641
    9 -0.000001 4.209253 -1.688832 1.575348 0.091322 1.582056
    10 3.836055 0.000000 0.000000 -0.006807 0.040725 -0.032131
    11 3.617625 -0.000275 -0.000015 -0.010139 -0.031479 -0.021558
    12 7.537925 0.003588 -0.000212 0.031229 0.058740 0.300283
    13 3.181604 -0.002346 0.000028 3.172268 -0.043044 0.178465
    14 2.966416 0.000318 0.000023 0.071688 0.040099 0.157906
    15 2.023770 0.904983 0.850949 1.821903 -1.234945 2.570220
    16 4.980521 0.000781 -0.001089 -1.647749 0.340565 -1.172822
    17 11.119977 0.000007 0.000004 -0.000003 -0.106448 -0.241006
    18 11.205393 -0.000039 0.000000 1.528985 -0.103378 0.086219
    19 3.767578 0.152466 0.071350 0.161510 0.116815 -0.535178
    20 2.037109 0.000001 -0.000001 -0.025500 -0.063436 -0.943058
    21 1.066406 -0.000004 0.000000 -0.001546 0.012036 -0.436579
    22 3.783203 -0.017258 0.794434 0.168904 -0.026920 -0.368804
    23 1.628906 0.000000 -0.000001 -0.061251 0.003142 -0.834908
    24 0.955566 -0.000003 -0.000001 -0.005388 -0.042122 -0.207875
    25 1.258789 -0.297852 1.251953 -1.291947 -0.539750 -0.506113
    26 1.392578 0.000003 -0.000006 0.001372 -0.188351 0.491767
    27 1.099609 -0.000001 -0.000004 0.009529 -0.039492 -0.040356
    28 3.548828 0.198730 -1.489258 0.122069 0.218121 -0.679757
    29 1.218750 0.000004 0.000004 0.002967 0.019929 -1.051735
    30 0.681774 -0.000006 0.000000 0.028387 -0.181321 -0.761958
    31 3.697042 0.266204 -0.725138 0.148081 0.167551 -0.656351
    32 1.747315 -0.000008 -0.000001 -0.016831 -0.101072 -0.899610
    33 0.959961 0.000006 0.000000 -0.001254 0.009906 -0.608348
    34 2.023778 0.904982 -0.850921 -1.358270 1.177157 3.364878
    35 4.981625 0.002227 0.003236 1.378150 0.110296 -0.908986
    36 11.119975 -0.000005 0.000000 0.000001 0.050589 -0.286468
    37 11.205375 0.000073 0.000008 -1.631914 -0.031314 0.274675
    38 3.767578 0.151855 -0.072693 -0.061811 -0.104916 -0.601450
    39 2.036716 -0.000004 0.000000 -0.053356 0.002610 -1.343653
    40 1.063287 -0.000004 0.000001 0.243360 0.222157 -0.479503
    41 3.783203 -0.023941 -0.794434 0.145529 -0.103829 -0.523859
    42 1.628906 -0.000001 0.000001 -0.001787 -0.229023 -0.812505
    43 0.955566 -0.000002 0.000000 -0.124329 -0.037101 -0.833111
    44 1.258789 -0.308350 -1.250000 1.086305 0.326416 -0.551995
    45 1.392578 0.000000 0.000000 -0.000830 -0.001840 0.382344
    46 1.099609 0.000000 -0.000005 -0.008997 -0.009551 0.469381
    47 3.546538 0.208125 1.487114 0.074400 -0.032554 -0.675942
    48 1.218750 0.000007 0.000002 0.021046 -0.138839 -0.848032
    49 0.679688 0.000002 0.000004 -0.104181 0.098128 -1.071576
    50 3.697266 0.273682 0.726563 0.065645 -0.112157 -0.666605
    51 1.747310 0.000004 0.000000 -0.074580 0.021053 -1.335361
    52 0.959961 0.000000 -0.000001 0.003325 -0.009470 -0.821513
    53 -3.756462 5.577850 2.053357 1.570803 -0.000001 0.000000
    54 -2.735646 -0.081365 5.727119 0.000007 0.000015 1.570796
    55 0.000001 5.662003 -0.974302 1.570804 -0.000001 0.000000
    56 -0.000002 -2.275002 5.113525 0.000000 0.000000 -3.141592
    57 -2.477620 5.416855 4.597564 1.570804 -0.000001 0.000000
    58 -1.515218 1.317776 5.998497 0.000000 0.000000 0.000000
    59 -2.455992 5.657928 -0.087295 1.570804 -0.000001 0.000000
    60 -1.485628 -1.617812 5.263969 0.000000 0.000000 3.141592
    61 3.756460 5.577858 2.053359 1.570803 -0.000001 0.000000
    62 2.735645 -0.081364 5.727116 0.000004 -0.000011 -1.570795
    63 2.477613 5.416855 4.597570 1.570804 -0.000001 0.000000
    64 1.515220 1.317777 5.998508 0.000000 0.000000 0.000000
    65 2.455991 5.657928 -0.087293 1.570804 -0.000001 0.000000
    66 1.485620 -1.617803 5.263973 0.000000 0.000000 -3.141592
    67 4.575642 5.632584 0.000132 0.000000 -1.570771 0.249128
    68 -0.000001 0.314078 5.161098 0.000000 0.000000 0.000000
    69 -0.000001 -0.323108 3.750217 0.000000 0.000000 0.000000
    70 5.734947 1.075212 4.685178 1.570830 -0.000004 -1.321669
    71 -0.753896 0.305901 4.971462 -0.000001 0.000002 0.000000
    72 -1.101006 -0.314705 3.448307 0.000001 0.000001 0.000000
    73 5.809101 -1.029643 4.595047 1.570829 -0.000004 -1.321671
    74 -0.714908 -0.199657 5.028973 0.000000 0.000003 0.000000
    75 -0.282898 -0.851690 4.444889 0.000000 0.000000 0.000000
    76 9.578484 -1.290738 0.000240 0.000000 1.570770 -2.892481
    77 9.369518 -1.236408 1.787905 0.000000 1.570770 -2.892481
    78 9.436707 -1.331719 -1.409029 0.000000 1.570770 -2.892477
    79 5.735191 1.075235 -4.684885 -1.570814 0.000004 1.819923
    80 0.753901 0.305904 4.971474 -0.000001 -0.000002 0.000000
    81 1.101010 -0.314705 3.448315 0.000000 -0.000001 0.000000
    82 5.809341 -1.029617 -4.594752 -1.570814 0.000004 1.819922
    83 0.714908 -0.199655 5.028969 0.000000 -0.000003 0.000000
    84 0.282897 -0.851688 4.444893 0.000000 0.000000 0.000000
  time 117
    0 0.018876 -0.214850 37.595099 1.629374 0.041898 -0.109728
    1 3.983847 0.002149 0.003401 -1.666160 -0.220980 -1.442427
    2 15.938816 -0.000100 -0.000005 -0.000009 -0.000002 0.325502
    3 17.707025 -0.000068 0.000003 -0.176328 -0.144612 -1.180466
    4 6.202515 0.003416 -0.000367 0.020223 -0.027696 -0.402995
    5 -3.983848 0.002149 0.003395 -1.532260 -0.081865 -1.482179
    6 15.938826 -0.000113 -0.000001 0.000002 0.000010 0.285064
    7 17.707031 0.000018 0.000000 0.168305 0.320102 -1.244115
    8 6.202710 0.003078 0.003745 -0.111788 0.023814 -0.468505
    9 -0.000001 4.209253 -1.688832 1.575301 0.091908 1.581624
    10 3.836055 0.000000 0.000000 -0.007191 0.041636 -0.031772
    11 3.617625 -0.000275 -0.000015 -0.010330 -0.031959 -0.021192
    12 7.537925 0.003588 -0.000212 0.030726 0.059663 0.301146
    13 3.181604 -0.002346 0.000028 3.172172 -0.043200 0.177038
    14 2.966416 0.000318 0.000023 0.071556 0.040207 0.158950
    15 2.023770 0.904983 0.850949 1.821553 -1.234537 2.570673
    16 4.980521 0.000781 -0.001089 -1.647182 0.340059 -1.173021
    17 11.119977 0.000007 0.000004 -0.000003 -0.106448 -0.241750
    18 11.205393 -0.000039 0.000000 1.529081 -0.103962 0.085979
    19 3.767578 0.152466 0.071350 0.161510 0.116815 -0.535178
    20 2.037109 0.000001 -0.000001 -0.025500 -0.063436 -0.943058
    21 1.066406 -0.000004 0.000000 -0.001546 0.012036 -0.436579
    22 3.783203 -0.017258 0.794434 0.168904 -0.026920 -0.368804
    23 1.628906 0.000000 -0.000001 -0.061251 0.003142 -0.834908
    24 0.955566 -0.000003 -0.000001 -0.005388 -0.042122 -0.207875
    25 1.258789 -0.297852 1.251953 -1.291947 -0.539750 -0.506113
    26 1.392578 0.000003 -0.000006 0.001372 -0.188351 0.491767
    27 1.099609 -0.000001 -0.000004 0.009529 -0.039492 -0.040356
    28 3.548828 0.198730 -1.489258 0.122069 0.218121 -0.679757
    29 1.218750 0.000004 0.000004 0.002967 0.019929 -1.051735
    30 0.681774 -0.000006 0.000000 0.028387 -0.181321 -0.761958
    31 3.697042 0.266204 -0.725138 0.148081 0.167551 -0.656351
    32 1.747315 -0.000008 -0.000001 -0.016831 -0.101072 -0.899610
    33 0.959961 0.000006 0.000000 -0.001254 0.009906 -0.608348
    34 2.023778 0.904982 -0.850921 -1.357017 1.177279 3.366142
    35 4.981625 0.002227 0.003236 1.378717 0.110187 -0.908810
    36 11.119975 -0.000005 0.000000 0.000001 0.050589 -0.286972
    37 11.205375 0.000073 0.000008 -1.631198 -0.031853 0.275430
    38 3.767578 0.151855 -0.072693 -0.061811 -0.104916 -0.601450
    39 2.036716 -0.000004 0.000000 -0.053356 0.002610 -1.343653
    40 1.063287 -0.000004 0.000001 0.243360 0.222157 -0.479503
    41 3.783203 -0.023941 -0.794434 0.145529 -0.103829 -0.523859
    42 1.628906 -0.000001 0.000001 -0.001787 -0.229023 -0.812505
    43 0.955566 -0.000002 0.000000 -0.124329 -0.037101 -0.833111
    44 1.258789 -0.308350 -1.250000 1.086305 0.326416 -0.551995
    45 1.392578 0.000000 0.000000 -0.000830 -0.001840 0.382344
    46 1.099609 0.000000 -0.000005 -0.008997 -0.009551 0.469381
    47 3.546538 0.208125 1.487114 0.074429 -0.032590 -0.675882
    48 1.218750 0.000007 0.000002 0.021046 -0.138839 -0.848032
    49 0.679688 0.000002 0.000004 -0.104181 0.098128 -1.071576
    50 3.697266 0.273682 0.726563 0.065645 -0.112157 -0.666605
    51 1.747310 0.000004 0.000000 -0.074580 0.021053 -1.335361
    52 0.959961 0.000000 -0.000001 0.003325 -0.009470 -0.821513
    53 -3.756462 5.577850 2.053357 1.570803 -0.000001 0.000000
    54 -2.735646 -0.081365 5.727119 0.000007 0.000015 1.570796
    55 0.000001 5.662003 -0.974302 1.570804 -0.000001 0.000000
    56 -0.000002 -2.275002 5.113525 0.000000 0.000000 -3.141592
    57 -2.477620 5.416855 4.597564 1.570804 -0.000001 0.000000
    58 -1.515218 1.317776 5.998497 0.000000 0.000000 0.000000
    59 -2.455992 5.657928 -0.087295 1.570804 -0.000001 0.000000
    60 -1.485628 -1.617812 5.263969 0.000000 0.000000 3.141592
    61 3.756460 5.577858 2.053359 1.570803 -0.000001 0.000000
    62 2.735645 -0.081364 5.727116 0.000004 -0.000011 -1.570795
    63 2.477613 5.416855 4.597570 1.570804 -0.000001 0.000000
    64 1.515220 1.317777 5.998508 0.000000 0.000000 0.000000
    65 2.455991 5.657928 -0.087293 1.570804 -0.000001 0.000000
    66 1.485620 -1.617803 5.263973 0.000000 0.000000 -3.141592
    67 4.575642 5.632584 0.000132 0.000000 -1.570771 0.249128
    68 -0.000001 0.314078 5.161098 0.000000 0.000000 0.000000
    69 -0.000001 -0.323108 3.750217 0.000000 0.000000 0.000000
    70 5.734947 1.075212 4.685178 1.570830 -0.000004 -1.321669
    71 -0.753896 0.305901 4.971462 -0.000001 0.000002 0.000000
    72 -1.101006 -0.314705 3.448307 0.000001 0.000001 0.000000
    73 5.809101 -1.029643 4.595047 1.570829 -0.000004 -1.321671
    74 -0.714908 -0.199657 5.028973 0.000000 0.000003 0.000000
    75 -0.282898 -0.851690 4.444889 0.000000 0.000000 0.000000
    76 9.578484 -1.290738 0.000240 0.000000 1.570770 -2.892481
    77 9.369518 -1.236408 1.787905 0.000000 1.570770 -2.892481
    78 9.436707 -1.331719 -1.409029 0.000000 1.570770 -2.892477
    79 5.735191 1.075235 -4.684885 -1.570814 0.000004 1.819923
    80 0.753901 0.305904 4.971474 -0.000001 -0.000002 0.000000
    81 1.101010 -0.314705 3.448315 0.000000 -0.000001 0.000000
    82 5.809341 -1.029617 -4.594752 -1.570814 0.000004 1.819922
    83 0.714908 -0.199655 5.028969 0.000000 -0.000003 0.000000
    84 0.282897 -0.851688 4.444893 0.000000 0.000000 0.000000
  time 118
    0 0.014970 -0.210944 37.595099 1.629135 0.042114 -0.109473
    1 3.983847 0.002149 0.003401 -1.666540 -0.221069 -1.441890
    2 15.938816 -0.000100 -0.000005 -0.000009 -0.000002 0.325821
    3 17.707025 -0.000068 0.000003 -0.176190 -0.143891 -1.180650
    4 6.202515 0.003416 -0.000367 0.020223 -0.027696 -0.403099
    5 -3.983848 0.002149 0.003395 -1.531973 -0.081779 -1.481804
    6 15.938826 -0.000113 -0.000001 0.000002 0.000010 0.285316
    7 17.707031 0.000018 0.000000 0.167942 0.320209 -1.244374
    8 6.202710 0.003078 0.003745 -0.111776 0.023814 -0.468386
    9 -0.000001 4.209253 -1.688832 1.575205 0.092554 1.581049
    10 3.836055 0.000000 0.000000 -0.007610 0.042534 -0.031292
    11 3.617625 -0.000275 -0.000015 -0.010570 -0.032270 -0.020939
    12 7.537925 0.003588 -0.000212 0.030186 0.060478 0.301757
    13 3.181604 -0.002346 0.000028 3.171021 -0.043200 0.175780
    14 2.966416 0.000318 0.000023 0.071316 0.040267 0.159994
    15 2.023770 0.904983 0.850949 1.821053 -1.234049 2.571127
    16 4.980521 0.000781 -0.001089 -1.646872 0.339789 -1.172936
    17 11.119977 0.000007 0.000004 -0.000003 -0.106448 -0.242950
    18 11.205393 -0.000039 0.000000 1.528600 -0.103999 0.086651
    19 3.767578 0.152466 0.071350 0.161510 0.116815 -0.535178
    20 2.037109 0.000001 -0.000001 -0.025500 -0.063436 -0.943058
    21 1.066406 -0.000004 0.000000 -0.001546 0.012036 -0.436579
    22 3.783203 -0.017258 0.794434 0.168904 -0.026920 -0.368804
    23 1.628906 0.000000 -0.000001 -0.061251 0.003142 -0.834908
    24 0.955566 -0.000003 -0.000001 -0.005388 -0.042122 -0.207875
    25 1.258789 -0.297852 1.251953 -1.291947 -0.539750 -0.506113
    26 1.392578 0.000003 -0.000006 0.001372 -0.188351 0.491767
    27 1.099609 -0.000001 -0.000004 0.009529 -0.039492 -0.040356
    28 3.548828 0.198730 -1.489258 0.122069 0.218121 -0.679757
    29 1.218750 0.000004 0.000004 0.002967 0.019929 -1.051735
    30 0.681774 -0.000006 0.000000 0.028387 -0.181321 -0.761958
    31 3.697042 0.266204 -0.725138 0.148081 0.167551 -0.656351
    32 1.747315 -0.000008 -0.000001 -0.016831 -0.101072 -0.899610
    33 0.959961 0.000006 0.000000 -0.001254 0.009906 -0.608348
    34 2.023778 0.904982 -0.850921 -1.355869 1.176913 3.367136
    35 4.981625 0.002227 0.003236 1.379543 0.109802 -0.908134
    36 11.119975 -0.000005 0.000000 0.000001 0.050589 -0.287855
    37 11.205375 0.000073 0.000008 -1.630339 -0.032260 0.276005
    38 3.767578 0.151855 -0.072693 -0.061811 -0.104916 -0.601450
    39 2.036716 -0.000004 0.000000 -0.053356 0.002610 -1.343653
    40 1.063287 -0.000004 0.000001 0.243360 0.222157 -0.479503
    41 3.783203 -0.023941 -0.794434 0.145529 -0.103829 -0.523859
    42 1.628906 -0.000001 0.000001 -0.001787 -0.229023 -0.812505
    43 0.955566 -0.000002 0.000000 -0.124329 -0.037101 -0.833111
    44 1.258789 -0.308350 -1.250000 1.086305 0.326416 -0.551995
    45 1.392578 0.000000 0.000000 -0.000830 -0.001840 0.382344
    46 1.099609 0.000000 -0.000005 -0.008997 -0.009551 0.469381
    47 3.546538 0.208125 1.487114 0.074429 -0.032590 -0.675882
    48 1.218750 0.000007 0.000002 0.021046 -0.138839 -0.848032
    49 0.679688 0.000002 0.000004 -0.104181 0.098128 -1.071576
    50 3.697266 0.273682 0.726563 0.065645 -0.112157 -0.666605
    51 1.747310 0.000004 0.000000 -0.074580 0.021053 -1.335361
    52 0.959961 0.000000 -0.000001 0.003325 -0.009470 -0.821513
    53 -3.756462 5.577850 2.053357 1.570803 -0.000001 0.000000
    54 -2.735646 -0.081365 5.727119 0.000007 0.000015 1.570796
    55 0.000001 5.662003 -0.974302 1.570804 -0.000001 0.000000
    56 -0.000002 -2.275002 5.113525 0.000000 0.000000 -3.141592
    57 -2.477620 5.416855 4.597564 1.570804 -0.000001 0.000000
    58 -1.515218 1.317776 5.998497 0.000000 0.000000 0.000000
    59 -2.455992 5.657928 -0.087295 1.570804 -0.000001 0.000000
    60 -1.485628 -1.617812 5.263969 0.000000 0.000000 3.141592
    61 3.756460 5.577858 2.053359 1.570803 -0.000001 0.000000
    62 2.735645 -0.081364 5.727116 0.000004 -0.000011 -1.570795
    63 2.477613 5.416855 4.597570 1.570804 -0.000001 0.000000
    64 1.515220 1.317777 5.998508 0.000000 0.000000 0.000000
    65 2.455991 5.657928 -0.087293 1.570804 -0.000001 0.000000
    66 1.485620 -1.617803 5.263973 0.000000 0.000000 -3.141592
    67 4.575642 5.632584 0.000132 0.000000 -1.570771 0.249128
    68 -0.000001 0.314078 5.161098 0.000000 0.000000 0.000000
    69 -0.000001 -0.323108 3.750217 0.000000 0.000000 0.000000
    70 5.734947 1.075212 4.685178 1.570830 -0.000004 -1.321669
    71 -0.753896 0.305901 4.971462 -0.000001 0.000002 0.000000
    72 -1.101006 -0.314705 3.448307 0.000001 0.000001 0.000000
    73 5.809101 -1.029643 4.595047 1.570829 -0.000004 -1.321671
    74 -0.714908 -0.199657 5.028973 0.000000 0.000003 0.000000
    75 -0.282898 -0.851690 4.444889 0.000000 0.000000 0.000000
    76 9.578484 -1.290738 0.000240 0.000000 1.570770 -2.892481
    77 9.369518 -1.236408 1.787905 0.000000 1.570770 -2.892481
    78 9.436707 -1.331719 -1.409029 0.000000 1.570770 -2.892477
    79 5.735191 1.075235 -4.684885 -1.570814 0.000004 1.819923
    80 0.753901 0.305904 4.971474 -0.000001 -0.000002 0.000000
    81 1.101010 -0.314705 3.448315 0.000000 -0.000001 0.000000
    82 5.809341 -1.029617 -4.594752 -1.570814 0.000004 1.819922
    83 0.714908 -0.199655 5.028969 0.000000 -0.000003 0.000000
    84 0.282897 -0.851688 4.444893 0.000000 0.000000 0.000000
  time 119
    0 0.011063 -0.207038 37.595099 1.628991 0.042330 -0.109153
    1 3.983847 0.002149 0.003401 -1.666825 -0.221158 -1.441622
    2 15.938816 -0.000100 -0.000005 -0.000009 -0.000002 0.326012
    3 17.707025 -0.000068 0.000003 -0.176080 -0.143254 -1.180528
    4 6.202515 0.003416 -0.000367 0.020223 -0.027696 -0.403099
    5 -3.983848 0.002149 0.003395 -1.531591 -0.081779 -1.481429
    6 15.938826 -0.000113 -0.000001 0.000002 0.000010 0.285316
    7 17.707031 0.000018 0.000000 0.167647 0.320316 -1.244407
    8 6.202710 0.003078 0.003745 -0.111776 0.023826 -0.468250
    9 -0.000001 4.209253 -1.688832 1.575205 0.093139 1.580474
    10 3.836055 0.000000 0.000000 -0.007994 0.043218 -0.031077
    11 3.617625 -0.000275 -0.000015 -0.010930 -0.032270 -0.020812
    12 7.537925 0.003588 -0.000212 0.029767 0.061341 0.302272
    13 3.181604 -0.002346 0.000028 3.170638 -0.043260 0.174809
    14 2.966416 0.000318 0.000023 0.071088 0.040267 0.160947
    15 2.023770 0.904983 0.850949 1.820303 -1.233967 2.571852
    16 4.980521 0.000781 -0.001089 -1.646924 0.339756 -1.173334
    17 11.119977 0.000007 0.000004 -0.000003 -0.106448 -0.244208
    18 11.205393 -0.000039 0.000000 1.527976 -0.104145 0.087657
    19 3.767578 0.152466 0.071350 0.161510 0.116815 -0.535178
    20 2.037109 0.000001 -0.000001 -0.025500 -0.063436 -0.943058
    21 1.066406 -0.000004 0.000000 -0.001546 0.012036 -0.436579
    22 3.783203 -0.017258 0.794434 0.168904 -0.026920 -0.368804
    23 1.628906 0.000000 -0.000001 -0.061251 0.003142 -0.834908
    24 0.955566 -0.000003 -0.000001 -0.005388 -0.042122 -0.207875
    25 1.258789 -0.297852 1.251953 -1.291947 -0.539750 -0.506113
    26 1.392578 0.000003 -0.000006 0.001372 -0.188351 0.491767
    27 1.099609 -0.000001 -0.000004 0.009529 -0.039492 -0.040356
    28 3.548828 0.198730 -1.489258 0.122069 0.218121 -0.679757
    29 1.218750 0.000004 0.000004 0.002967 0.019929 -1.051735
    30 0.681774 -0.000006 0.000000 0.028387 -0.181321 -0.761958
    31 3.697042 0.266204 -0.725138 0.148081 0.167551 -0.656351
    32 1.747315 -0.000008 -0.000001 -0.016831 -0.101072 -0.899610
    33 0.959961 0.000006 0.000000 -0.001254 0.009906 -0.608348
    34 2.023778 0.904982 -0.850921 -1.355086 1.176343 3.367858
    35 4.981625 0.002227 0.003236 1.380626 0.109032 -0.906988
    36 11.119975 -0.000005 0.000000 0.000001 0.050589 -0.288927
    37 11.205375 0.000073 0.000008 -1.629957 -0.032260 0.276305
    38 3.767578 0.151855 -0.072693 -0.061811 -0.104916 -0.601450
    39 2.036716 -0.000004 0.000000 -0.053356 0.002610 -1.343653
    40 1.063287 -0.000004 0.000001 0.243360 0.222157 -0.479503
    41 3.783203 -0.023941 -0.794434 0.145529 -0.103829 -0.523859
    42 1.628906 -0.000001 0.000001 -0.001787 -0.229023 -0.812505
    43 0.955566 -0.000002 0.000000 -0.124329 -0.037101 -0.833111
    44 1.258789 -0.308350 -1.250000 1.086305 0.326416 -0.551995
    45 1.392578 0.000000 0.000000 -0.000830 -0.001840 0.382344
    46 1.099609 0.000000 -0.000005 -0.008997 -0.009551 0.469381
    47 3.546538 0.208125 1.487114 0.074429 -0.032590 -0.675882
    48 1.218750 0.000007 0.000002 0.021046 -0.138839 -0.848032
    49 0.679688 0.000002 0.000004 -0.104181 0.098128 -1.071576
    50 3.697266 0.273682 0.726563 0.065645 -0.112157 -0.666605
    51 1.747310 0.000004 0.000000 -0.074580 0.021053 -1.335361
    52 0.959961 0.000000 -0.000001 0.003325 -0.009470 -0.821513
    53 -3.756462 5.577850 2.053357 1.570803 -0.000001 0.000000
    54 -2.735646 -0.081365 5.727119 0.000007 0.000015 1.570796
    55 0.000001 5.662003 -0.974302 1.570804 -0.000001 0.000000
    56 -0.000002 -2.275002 5.113525 0.000000 0.000000 -3.141592
    57 -2.477620 5.416855 4.597564 1.570804 -0.000001 0.000000
    58 -1.515218 1.317776 5.998497 0.000000 0.000000 0.000000
    59 -2.455992 5.657928 -0.087295 1.570804 -0.000001 0.000000
    60 -1.485628 -1.617812 5.263969 0.000000 0.000000 3.141592
    61 3.756460 5.577858 2.053359 1.570803 -0.000001 0.000000
    62 2.735645 -0.081364 5.727116 0.000004 -0.000011 -1.570795
    63 2.477613 5.416855 4.597570 1.570804 -0.000001 0.000000
    64 1.515220 1.317777 5.998508 0.000000 0.000000 0.000000
    65 2.455991 5.657928 -0.087293 1.570804 -0.000001 0.000000
    66 1.485620 -1.617803 5.263973 0.000000 0.000000 -3.141592
    67 4.575642 5.632584 0.000132 0.000000 -1.570771 0.249128
    68 -0.000001 0.314078 5.161098 0.000000 0.000000 0.000000
    69 -0.000001 -0.323108 3.750217 0.000000 0.000000 0.000000
    70 5.734947 1.075212 4.685178 1.570830 -0.000004 -1.321669
    71 -0.753896 0.305901 4.971462 -0.000001 0.000002 0.000000
    72 -1.101006 -0.314705 3.448307 0.000001 0.000001 0.000000
    73 5.809101 -1.029643 4.595047 1.570829 -0.000004 -1.321671
    74 -0.714908 -0.199657 5.028973 0.000000 0.000003 0.000000
    75 -0.282898 -0.851690 4.444889 0.000000 0.000000 0.000000
    76 9.578484 -1.290738 0.000240 0.000000 1.570770 -2.892481
    77 9.369518 -1.236408 1.787905 0.000000 1.570770 -2.892481
    78 9.436707 -1.331719 -1.409029 0.000000 1.570770 -2.892477
    79 5.735191 1.075235 -4.684885 -1.570814 0.000004 1.819923
    80 0.753901 0.305904 4.971474 -0.000001 -0.000002 0.000000
    81 1.101010 -0.314705 3.448315 0.000000 -0.000001 0.000000
    82 5.809341 -1.029617 -4.594752 -1.570814 0.000004 1.819922
    83 0.714908 -0.199655 5.028969 0.000000 -0.000003 0.000000
    84 0.282897 -0.851688 4.444893 0.000000 0.000000 0.000000
  time 120
    0 0.007157 -0.199225 37.595099 1.629087 0.042282 -0.108834
    1 3.983847 0.002149 0.003401 -1.666920 -0.221247 -1.441354
    2 15.938816 -0.000100 -0.000005 -0.000009 -0.000002 0.325757
    3 17.707025 -0.000068 0.000003 -0.176025 -0.142872 -1.180222
    4 6.202515 0.003416 -0.000367 0.020223 -0.027696 -0.403099
    5 -3.983848 0.002149 0.003395 -1.531304 -0.081865 -1.481148
    6 15.938826 -0.000113 -0.000001 0.000002 0.000010 0.285316
    7 17.707031 0.000018 0.000000 0.167375 0.320477 -1.244472
    8 6.202710 0.003078 0.003745 -0.111776 0.023826 -0.468250
    9 -0.000001 4.209253 -1.688832 1.575205 0.093664 1.579851
    10 3.836055 0.000000 0.000000 -0.008234 0.043457 -0.030957
    11 3.617625 -0.000275 -0.000015 -0.011241 -0.031971 -0.020812
    12 7.537925 0.003588 -0.000212 0.029455 0.062372 0.302656
    13 3.181604 -0.002346 0.000028 3.170159 -0.043428 0.173958
    14 2.966416 0.000318 0.000023 0.070956 0.040051 0.162036
    15 2.023770 0.904983 0.850949 1.819053 -1.233764 2.572939
    16 4.980521 0.000781 -0.001089 -1.647440 0.339958 -1.173505
    17 11.119977 0.000007 0.000004 -0.000003 -0.106448 -0.246038
    18 11.205393 -0.000039 0.000000 1.528264 -0.103913 0.089083
    19 3.767578 0.152466 0.071350 0.161509 0.116812 -0.535180
    20 2.037109 0.000001 0.000000 -0.025500 -0.063436 -0.943060
    21 1.066406 -0.000004 0.000000 -0.001546 0.012034 -0.436579
    22 3.783203 -0.017258 0.794434 0.168904 -0.026920 -0.368804
    23 1.628906 0.000001 -0.000001 -0.061251 0.003142 -0.834908
    24 0.955566 -0.000007 0.000000 -0.005388 -0.042122 -0.207877
    25 1.258789 -0.297852 1.251953 -1.291947 -0.539750 -0.506113
    26 1.392578 0.000002 -0.000002 0.001372 -0.188351 0.491767
    27 1.099609 -0.000001 0.000000 0.009529 -0.039492 -0.040356
    28 3.548828 0.198730 -1.489258 0.122069 0.218121 -0.679757
    29 1.218750 0.000002 0.000003 0.002969 0.019929 -1.051738
    30 0.681774 -0.000006 0.000000 0.028387 -0.181310 -0.761958
    31 3.697042 0.266204 -0.725138 0.148081 0.167551 -0.656351
    32 1.747315 -0.000008 -0.000001 -0.016831 -0.101072 -0.899631
    33 0.959961 0.000010 0.000000 -0.001254 0.009906 -0.608346
    34 2.023778 0.904982 -0.850921 -1.354147 1.176099 3.368852
    35 4.981625 0.002227 0.003236 1.381607 0.108043 -0.905842
    36 11.119975 -0.000005 0.000000 0.000001 0.050589 -0.289558
    37 11.205375 0.000073 0.000008 -1.631198 -0.032260 0.276760
    38 3.767578 0.151855 -0.072693 -0.061811 -0.104916 -0.601450
    39 2.036716 -0.000004 0.000000 -0.053356 0.002610 -1.343653
    40 1.063287 -0.000004 0.000001 0.243360 0.222169 -0.479551
    41 3.783203 -0.023941 -0.794434 0.145529 -0.103829 -0.523859
    42 1.628906 -0.000002 0.000001 -0.001787 -0.229023 -0.812505
    43 0.955566 0.000000 -0.000002 -0.124329 -0.037101 -0.833108
    44 1.258789 -0.308350 -1.250000 1.086305 0.326416 -0.551995
    45 1.392578 0.000001 0.000002 -0.000831 -0.001842 0.382344
    46 1.099609 0.000001 -0.000005 -0.008997 -0.009551 0.469381
    47 3.546538 0.208125 1.487114 0.074458 -0.032590 -0.675775
    48 1.218750 0.000004 0.000000 0.021046 -0.138836 -0.848029
    49 0.679688 0.000004 0.000002 -0.104181 0.098128 -1.071576
    50 3.697266 0.273682 0.726563 0.065648 -0.112154 -0.666607
    51 1.747310 0.000004 0.000000 -0.074580 0.021053 -1.335361
    52 0.959961 0.000000 0.000000 0.003325 -0.009470 -0.821513
    53 -3.756462 5.577850 2.053357 1.570803 -0.000001 0.000000
    54 -2.735646 -0.081365 5.727119 0.000007 0.000015 1.570796
    55 0.000001 5.662003 -0.974302 1.570804 -0.000001 0.000000
    56 -0.000002 -2.275002 5.113525 0.000000 0.000000 -3.141592
    57 -2.477620 5.416855 4.597564 1.570804 -0.000001 0.000000
    58 -1.515218 1.317776 5.998497 0.000000 0.000000 0.000000
    59 -2.455992 5.657928 -0.087295 1.570804 -0.000001 0.000000
    60 -1.485628 -1.617812 5.263969 0.000000 0.000000 3.141592
    61 3.756460 5.577858 2.053359 1.570803 -0.000001 0.000000
    62 2.735645 -0.081364 5.727116 0.000004 -0.000011 -1.570795
    63 2.477613 5.416855 4.597570 1.570804 -0.000001 0.000000
    64 1.515220 1.317777 5.998508 0.000000 0.000000 0.000000
    65 2.455991 5.657928 -0.087293 1.570804 -0.000001 0.000000
    66 1.485620 -1.617803 5.263973 0.000000 0.000000 -3.141592
    67 4.575642 5.632584 0.000132 0.000000 -1.570771 0.249128
    68 -0.000001 0.314078 5.161098 0.000000 0.000000 0.000000
    69 -0.000001 -0.323108 3.750217 0.000000 0.000000 0.000000
    70 5.734947 1.075212 4.685178 1.570830 -0.000004 -1.321669
    71 -0.753896 0.305901 4.971462 -0.000001 0.000002 0.000000
    72 -1.101006 -0.314705 3.448307 0.000001 0.000001 0.000000
    73 5.809101 -1.029643 4.595047 1.570829 -0.000004 -1.321671
    74 -0.714908 -0.199657 5.028973 0.000000 0.000003 0.000000
    75 -0.282898 -0.851690 4.444889 0.000000 0.000000 0.000000
    76 9.578484 -1.290738 0.000240 0.000000 1.570770 -2.892481
    77 9.369518 -1.236408 1.787905 0.000000 1.570770 -2.892481
    78 9.436707 -1.331719 -1.409029 0.000000 1.570770 -2.892477
    79 5.735191 1.075235 -4.684885 -1.570814 0.000004 1.819923
    80 0.753901 0.305904 4.971474 -0.000001 -0.000002 0.000000
    81 1.101010 -0.314705 3.448315 0.000000 -0.000001 0.000000
    82 5.809341 -1.029617 -4.594752 -1.570814 0.000004 1.819922
    83 0.714908 -0.199655 5.028969 0.000000 -0.000003 0.000000
    84 0.282897 -0.851688 4.444893 0.000000 0.000000 0.000000
  time 121
    0 0.003250 -0.195318 37.595099 1.629135 0.042378 -0.108770
    1 3.983847 0.002149 0.003401 -1.667110 -0.221158 -1.441086
    2 15.938816 -0.000100 -0.000005 -0.000009 -0.000002 0.325247
    3 17.707025 -0.000068 0.000003 -0.175997 -0.142384 -1.179824
    4 6.202515 0.003416 -0.000367 0.020223 -0.027696 -0.403238
    5 -3.983848 0.002149 0.003395 -1.531400 -0.081951 -1.480867
    6 15.938826 -0.000113 -0.000001 0.000002 0.000010 0.285253
    7 17.707031 0.000018 0.000000 0.167126 0.320655 -1.244537
    8 6.202710 0.003078 0.003745 -0.111776 0.023838 -0.468131
    9 -0.000001 4.209253 -1.688832 1.575109 0.093947 1.579276
    10 3.836055 0.000000 0.000000 -0.008485 0.044056 -0.030957
    11 3.617625 -0.000275 -0.000015 -0.011433 -0.032031 -0.020812
    12 7.537925 0.003588 -0.000212 0.029527 0.063103 0.303039
    13 3.181604 -0.002346 0.000028 3.169679 -0.042996 0.173311
    14 2.966416 0.000318 0.000023 0.070669 0.039919 0.163261
    15 2.023770 0.904983 0.850949 1.818553 -1.233642 2.573392
    16 4.980521 0.000781 -0.001089 -1.647904 0.340734 -1.173192
    17 11.119977 0.000007 0.000004 -0.000003 -0.106448 -0.248782
    18 11.205393 -0.000039 0.000000 1.528696 -0.103913 0.091277
    19 3.767578 0.152466 0.071350 0.161509 0.116812 -0.535180
    20 2.037109 0.000001 0.000000 -0.025500 -0.063436 -0.943060
    21 1.066406 -0.000004 0.000000 -0.001546 0.012034 -0.436579
    22 3.783203 -0.017258 0.794434 0.168904 -0.026920 -0.368804
    23 1.628906 0.000001 -0.000001 -0.061251 0.003142 -0.834908
    24 0.955566 -0.000007 0.000000 -0.005388 -0.042122 -0.207877
    25 1.258789 -0.297852 1.251953 -1.291947 -0.539750 -0.506113
    26 1.392578 0.000002 -0.000002 0.001372 -0.188351 0.491767
    27 1.099609 -0.000001 0.000000 0.009529 -0.039492 -0.040356
    28 3.548828 0.198730 -1.489258 0.122069 0.218121 -0.679757
    29 1.218750 0.000002 0.000003 0.002969 0.019929 -1.051738
    30 0.681774 -0.000006 0.000000 0.028387 -0.181310 -0.761958
    31 3.697042 0.266204 -0.725138 0.148081 0.167551 -0.656351
    32 1.747315 -0.000008 -0.000001 -0.016831 -0.101072 -0.899610
    33 0.959961 0.000010 0.000000 -0.001254 0.009906 -0.608346
    34 2.023778 0.904982 -0.850921 -1.353469 1.175325 3.369484
    35 4.981625 0.002227 0.003236 1.382484 0.106834 -0.904432
    36 11.119975 -0.000005 0.000000 0.000001 0.050589 -0.289936
    37 11.205375 0.000073 0.000008 -1.633107 -0.031889 0.277000
    38 3.767578 0.151855 -0.072693 -0.061811 -0.104916 -0.601450
    39 2.036716 -0.000004 0.000000 -0.053356 0.002610 -1.343653
    40 1.063287 -0.000004 0.000001 0.243360 0.222169 -0.479551
    41 3.783203 -0.023941 -0.794434 0.145529 -0.103829 -0.523859
    42 1.628906 -0.000002 0.000001 -0.001787 -0.229023 -0.812505
    43 0.955566 0.000000 -0.000002 -0.124329 -0.037101 -0.833108
    44 1.258789 -0.308350 -1.250000 1.086305 0.326416 -0.551995
    45 1.392578 0.000001 0.000002 -0.000831 -0.001842 0.382344
    46 1.099609 0.000001 -0.000005 -0.008997 -0.009551 0.469381
    47 3.546538 0.208125 1.487114 0.074458 -0.032590 -0.675715
    48 1.218750 0.000004 0.000000 0.021046 -0.138836 -0.848029
    49 0.679688 0.000004 0.000002 -0.104181 0.098128 -1.071576
    50 3.697266 0.273682 0.726563 0.065648 -0.112154 -0.666607
    51 1.747310 0.000004 0.000000 -0.074580 0.021053 -1.335361
    52 0.959961 0.000000 0.000000 0.003325 -0.009470 -0.821513
    53 -3.756462 5.577850 2.053357 1.570803 -0.000001 0.000000
    54 -2.735646 -0.081365 5.727119 0.000007 0.000015 1.570796
    55 0.000001 5.662003 -0.974302 1.570804 -0.000001 0.000000
    56 -0.000002 -2.275002 5.113525 0.000000 0.000000 -3.141592
    57 -2.477620 5.416855 4.597564 1.570804 -0.000001 0.000000
    58 -1.515218 1.317776 5.998497 0.000000 0.000000 0.000000
    59 -2.455992 5.657928 -0.087295 1.570804 -0.000001 0.000000
    60 -1.485628 -1.617812 5.263969 0.000000 0.000000 3.141592
    61 3.756460 5.577858 2.053359 1.570803 -0.000001 0.000000
    62 2.735645 -0.081364 5.727116 0.000004 -0.000011 -1.570795
    63 2.477613 5.416855 4.597570 1.570804 -0.000001 0.000000
    64 1.515220 1.317777 5.998508 0.000000 0.000000 0.000000
    65 2.455991 5.657928 -0.087293 1.570804 -0.000001 0.000000
    66 1.485620 -1.617803 5.263973 0.000000 0.000000 -3.141592
    67 4.575642 5.632584 0.000132 0.000000 -1.570771 0.249128
    68 -0.000001 0.314078 5.161098 0.000000 0.000000 0.000000
    69 -0.000001 -0.323108 3.750217 0.000000 0.000000 0.000000
    70 5.734947 1.075212 4.685178 1.570830 -0.000004 -1.321669
    71 -0.753896 0.305901 4.971462 -0.000001 0.000002 0.000000
    72 -1.101006 -0.314705 3.448307 0.000001 0.000001 0.000000
    73 5.809101 -1.029643 4.595047 1.570829 -0.000004 -1.321671
    74 -0.714908 -0.199657 5.028973 0.000000 0.000003 0.000000
    75 -0.282898 -0.851690 4.444889 0.000000 0.000000 0.000000
    76 9.578484 -1.290738 0.000240 0.000000 1.570770 -2.892481
    77 9.369518 -1.236408 1.787905 0.000000 1.570770 -2.892481
    78 9.436707 -1.331719 -1.409029 0.000000 1.570770 -2.892477
    79 5.735191 1.075235 -4.684885 -1.570814 0.000004 1.819923
    80 0.753901 0.305904 4.971474 -0.000001 -0.000002 0.000000
    81 1.101010 -0.314705 3.448315 0.000000 -0.000001 0.000000
    82 5.809341 -1.029617 -4.594752 -1.570814 0.000004 1.819922
    83 0.714908 -0.199655 5.028969 0.000000 -0.000003 0.000000
    84 0.282897 -0.851688 4.444893 0.000000 0.000000 0.000000
  time 122
    0 -0.000656 -0.187506 37.595099 1.629135 0.042461 -0.108706
    1 3.983847 0.002149 0.003401 -1.667395 -0.221247 -1.440996
    2 15.938816 -0.000100 -0.000005 -0.000009 -0.000002 0.324801
    3 17.707025 -0.000068 0.000003 -0.175997 -0.142087 -1.179518
    4 6.202515 0.003416 -0.000367 0.020223 -0.027696 -0.403238
    5 -3.983848 0.002149 0.003395 -1.531400 -0.082165 -1.480680
    6 15.938826 -0.000113 -0.000001 0.000002 0.000010 0.285253
    7 17.707031 0.000018 0.000000 0.166877 0.320834 -1.244374
    8 6.202710 0.003078 0.003745 -0.111776 0.023838 -0.468131
    9 -0.000001 4.209253 -1.688832 1.574917 0.094250 1.578940
    10 3.836055 0.000000 0.000000 -0.008677 0.044536 -0.030861
    11 3.617625 -0.000275 -0.000015 -0.011433 -0.032150 -0.020812
    12 7.537925 0.003588 -0.000212 0.029815 0.063426 0.303291
    13 3.181604 -0.002346 0.000028 3.170446 -0.042001 0.172628
    14 2.966416 0.000318 0.000023 0.070309 0.039679 0.164759
    15 2.023770 0.904983 0.850949 1.819153 -1.233886 2.572849
    16 4.980521 0.000781 -0.001089 -1.648627 0.341712 -1.172793
    17 11.119977 0.000007 0.000004 -0.000003 -0.106448 -0.251870
    18 11.205393 -0.000039 0.000000 1.529321 -0.104753 0.093242
    19 3.767578 0.152466 0.071350 0.161509 0.116812 -0.535180
    20 2.037109 0.000001 0.000000 -0.025500 -0.063436 -0.943060
    21 1.066406 -0.000004 0.000000 -0.001546 0.012034 -0.436579
    22 3.783203 -0.017258 0.794434 0.168904 -0.026920 -0.368804
    23 1.628906 0.000001 -0.000001 -0.061251 0.003142 -0.834908
    24 0.955566 -0.000007 0.000000 -0.005388 -0.042122 -0.207877
    25 1.258789 -0.297852 1.251953 -1.291947 -0.539750 -0.506113
    26 1.392578 0.000002 -0.000002 0.001372 -0.188351 0.491767
    27 1.099609 -0.000001 0.000000 0.009529 -0.039492 -0.040356
    28 3.548828 0.198730 -1.489258 0.122069 0.218121 -0.679757
    29 1.218750 0.000002 0.000003 0.002969 0.019929 -1.051738
    30 0.681774 -0.000006 0.000000 0.028387 -0.181310 -0.761958
    31 3.697042 0.266204 -0.725138 0.148081 0.167551 -0.656351
    32 1.747315 -0.000008 -0.000001 -0.016831 -0.101072 -0.899610
    33 0.959961 0.000010 0.000000 -0.001254 0.009906 -0.608346
    34 2.023778 0.904982 -0.850921 -1.352634 1.174470 3.370207
    35 4.981625 0.002227 0.003236 1.383567 0.105570 -0.903198
    36 11.119975 -0.000005 0.000000 0.000001 0.050589 -0.290251
    37 11.205375 0.000073 0.000008 -1.634968 -0.032392 0.277348
    38 3.767578 0.151855 -0.072693 -0.061811 -0.104916 -0.601450
    39 2.036716 -0.000004 0.000000 -0.053356 0.002610 -1.343653
    40 1.063287 -0.000004 0.000001 0.243360 0.222169 -0.479551
    41 3.783203 -0.023941 -0.794434 0.145529 -0.103829 -0.523859
    42 1.628906 -0.000002 0.000001 -0.001787 -0.229023 -0.812505
    43 0.955566 0.000000 -0.000002 -0.124329 -0.037101 -0.833108
    44 1.258789 -0.308350 -1.250000 1.086305 0.326416 -0.551995
    45 1.392578 0.000001 0.000002 -0.000831 -0.001842 0.382344
    46 1.099609 0.000001 -0.000005 -0.008997 -0.009551 0.469381
    47 3.546538 0.208125 1.487114 0.074515 -0.032614 -0.675607
    48 1.218750 0.000004 0.000000 0.021046 -0.138836 -0.848029
    49 0.679688 0.000004 0.000002 -0.104181 0.098128 -1.071576
    50 3.697266 0.273682 0.726563 0.065648 -0.112154 -0.666607
    51 1.747310 0.000004 0.000000 -0.074580 0.021053 -1.335396
    52 0.959961 0.000000 0.000000 0.003325 -0.009470 -0.821513
    53 -3.756462 5.577850 2.053357 1.570803 -0.000001 0.000000
    54 -2.735646 -0.081365 5.727119 0.000007 0.000015 1.570796
    55 0.000001 5.662003 -0.974302 1.570804 -0.000001 0.000000
    56 -0.000002 -2.275002 5.113525 0.000000 0.000000 -3.141592
    57 -2.477620 5.416855 4.597564 1.570804 -0.000001 0.000000
    58 -1.515218 1.317776 5.998497 0.000000 0.000000 0.000000
    59 -2.455992 5.657928 -0.087295 1.570804 -0.000001 0.000000
    60 -1.485628 -1.617812 5.263969 0.000000 0.000000 3.141592
    61 3.756460 5.577858 2.053359 1.570803 -0.000001 0.000000
    62 2.735645 -0.081364 5.727116 0.000004 -0.000011 -1.570795
    63 2.477613 5.416855 4.597570 1.570804 -0.000001 0.000000
    64 1.515220 1.317777 5.998508 0.000000 0.000000 0.000000
    65 2.455991 5.657928 -0.087293 1.570804 -0.000001 0.000000
    66 1.485620 -1.617803 5.263973 0.000000 0.000000 -3.141592
    67 4.575642 5.632584 0.000132 0.000000 -1.570771 0.249128
    68 -0.000001 0.314078 5.161098 0.000000 0.000000 0.000000
    69 -0.000001 -0.323108 3.750217 0.000000 0.000000 0.000000
    70 5.734947 1.075212 4.685178 1.570830 -0.000004 -1.321669
    71 -0.753896 0.305901 4.971462 -0.000001 0.000002 0.000000
    72 -1.101006 -0.314705 3.448307 0.000001 0.000001 0.000000
    73 5.809101 -1.029643 4.595047 1.570829 -0.000004 -1.321671
    74 -0.714908 -0.199657 5.028973 0.000000 0.000003 0.000000
    75 -0.282898 -0.851690 4.444889 0.000000 0.000000 0.000000
    76 9.578484 -1.290738 0.000240 0.000000 1.570770 -2.892481
    77 9.369518 -1.236408 1.787905 0.000000 1.570770 -2.892481
    78 9.436707 -1.331719 -1.409029 0.000000 1.570770 -2.892477
    79 5.735191 1.075235 -4.684885 -1.570814 0.000004 1.819923
    80 0.753901 0.305904 4.971474 -0.000001 -0.000002 0.000000
    81 1.101010 -0.314705 3.448315 0.000000 -0.000001 0.000000
    82 5.809341 -1.029617 -4.594752 -1.570814 0.000004 1.819922
    83 0.714908 -0.199655 5.028969 0.000000 -0.000003 0.000000
    84 0.282897 -0.851688 4.444893 0.000000 0.000000 0.000000
  time 123
    0 -0.004562 -0.179693 37.595099 1.629231 0.042461 -0.108578
    1 3.983847 0.002149 0.003401 -1.667490 -0.221380 -1.440728
    2 15.938816 -0.000100 -0.000005 -0.000009 -0.000002 0.324546
    3 17.707025 -0.000068 0.000003 -0.175997 -0.141896 -1.179029
    4 6.202515 0.003416 -0.000367 0.020223 -0.027696 -0.403238
    5 -3.983848 0.002149 0.003395 -1.531495 -0.082380 -1.480586
    6 15.938826 -0.000113 -0.000001 0.000002 0.000010 0.285253
    7 17.707031 0.000018 0.000000 0.166627 0.320941 -1.244407
    8 6.202710 0.003078 0.003745 -0.111776 0.023838 -0.467996
    9 -0.000001 4.209253 -1.688832 1.574629 0.094371 1.578796
    10 3.836055 0.000000 0.000000 -0.008929 0.045267 -0.030861
    11 3.617625 -0.000275 -0.000015 -0.011289 -0.032582 -0.020812
    12 7.537925 0.003588 -0.000212 0.030210 0.063486 0.303554
    13 3.181604 -0.002346 0.000028 3.170446 -0.040731 0.171897
    14 2.966416 0.000318 0.000023 0.069842 0.039620 0.165984
    15 2.023770 0.904983 0.850949 1.820203 -1.234415 2.571852
    16 4.980521 0.000781 -0.001089 -1.649452 0.342691 -1.172395
    17 11.119977 0.000007 0.000004 -0.000003 -0.106448 -0.255015
    18 11.205393 -0.000039 0.000000 1.529705 -0.105641 0.095100
    19 3.767578 0.152466 0.071350 0.161509 0.116812 -0.535180
    20 2.037109 0.000001 0.000000 -0.025500 -0.063436 -0.943060
    21 1.066406 -0.000004 0.000000 -0.001546 0.012034 -0.436579
    22 3.783203 -0.017258 0.794434 0.168904 -0.026920 -0.368804
    23 1.628906 0.000001 -0.000001 -0.061251 0.003142 -0.834908
    24 0.955566 -0.000007 0.000000 -0.005388 -0.042122 -0.207877
    25 1.258789 -0.297852 1.251953 -1.291947 -0.539750 -0.506113
    26 1.392578 0.000002 -0.000002 0.001372 -0.188351 0.491767
    27 1.099609 -0.000001 0.000000 0.009529 -0.039492 -0.040356
    28 3.548828 0.198730 -1.489258 0.122069 0.218121 -0.679757
    29 1.218750 0.000002 0.000003 0.002969 0.019929 -1.051738
    30 0.681774 -0.000006 0.000000 0.028387 -0.181310 -0.761958
    31 3.697042 0.266204 -0.725138 0.148081 0.167551 -0.656351
    32 1.747315 -0.000008 -0.000001 -0.016843 -0.101072 -0.899610
    33 0.959961 0.000010 0.000000 -0.001254 0.009906 -0.608346
    34 2.023778 0.904982 -0.850921 -1.351381 1.173615 3.371381
    35 4.981625 0.002227 0.003236 1.384341 0.104635 -0.902316
    36 11.119975 -0.000005 0.000000 0.000001 0.050589 -0.290693
    37 11.205375 0.000073 0.000008 -1.635970 -0.032800 0.278510
    38 3.767578 0.151855 -0.072693 -0.061811 -0.104916 -0.601450
    39 2.036716 -0.000004 0.000000 -0.053356 0.002610 -1.343694
    40 1.063287 -0.000004 0.000001 0.243360 0.222169 -0.479551
    41 3.783203 -0.023941 -0.794434 0.145529 -0.103829 -0.523859
    42 1.628906 -0.000002 0.000001 -0.001787 -0.229023 -0.812505
    43 0.955566 0.000000 -0.000002 -0.124329 -0.037101 -0.833108
    44 1.258789 -0.308350 -1.250000 1.086305 0.326416 -0.551995
    45 1.392578 0.000001 0.000002 -0.000831 -0.001842 0.382344
    46 1.099609 0.000001 -0.000005 -0.008997 -0.009551 0.469381
    47 3.546538 0.208125 1.487114 0.074573 -0.032650 -0.675487
    48 1.218750 0.000004 0.000000 0.021046 -0.138836 -0.848029
    49 0.679688 0.000004 0.000002 -0.104181 0.098128 -1.071576
    50 3.697266 0.273682 0.726563 0.065648 -0.112154 -0.666607
    51 1.747310 0.000004 0.000000 -0.074580 0.021053 -1.335396
    52 0.959961 0.000000 0.000000 0.003325 -0.009470 -0.821513
    53 -3.756462 5.577850 2.053357 1.570803 -0.000001 0.000000
    54 -2.735646 -0.081365 5.727119 0.000007 0.000015 1.570796
    55 0.000001 5.662003 -0.974302 1.570804 -0.000001 0.000000
    56 -0.000002 -2.275002 5.113525 0.000000 0.000000 -3.141592
    57 -2.477620 5.416855 4.597564 1.570804 -0.000001 0.000000
    58 -1.515218 1.317776 5.998497 0.000000 0.000000 0.000000
    59 -2.455992 5.657928 -0.087295 1.570804 -0.000001 0.000000
    60 -1.485628 -1.617812 5.263969 0.000000 0.000000 3.141592
    61 3.756460 5.577858 2.053359 1.570803 -0.000001 0.000000
    62 2.735645 -0.081364 5.727116 0.000004 -0.000011 -1.570795
    63 2.477613 5.416855 4.597570 1.570804 -0.000001 0.000000
    64 1.515220 1.317777 5.998508 0.000000 0.000000 0.000000
    65 2.455991 5.657928 -0.087293 1.570804 -0.000001 0.000000
    66 1.485620 -1.617803 5.263973 0.000000 0.000000 -3.141592
    67 4.575642 5.632584 0.000132 0.000000 -1.570771 0.249128
    68 -0.000001 0.314078 5.161098 0.000000 0.000000 0.000000
    69 -0.000001 -0.323108 3.750217 0.000000 0.000000 0.000000
    70 5.734947 1.075212 4.685178 1.570830 -0.000004 -1.321669
    71 -0.753896 0.305901 4.971462 -0.000001 0.000002 0.000000
    72 -1.101006 -0.314705 3.448307 0.000001 0.000001 0.000000
    73 5.809101 -1.029643 4.595047 1.570829 -0.000004 -1.321671
    74 -0.714908 -0.199657 5.028973 0.000000 0.000003 0.000000
    75 -0.282898 -0.851690 4.444889 0.000000 0.000000 0.000000
    76 9.578484 -1.290738 0.000240 0.000000 1.570770 -2.892481
    77 9.369518 -1.236408 1.787905 0.000000 1.570770 -2.892481
    78 9.436707 -1.331719 -1.409029 0.000000 1.570770 -2.892477
    79 5.735191 1.075235 -4.684885 -1.570814 0.000004 1.819923
    80 0.753901 0.305904 4.971474 -0.000001 -0.000002 0.000000
    81 1.101010 -0.314705 3.448315 0.000000 -0.000001 0.000000
    82 5.809341 -1.029617 -4.594752 -1.570814 0.000004 1.819922
    83 0.714908 -0.199655 5.028969 0.000000 -0.000003 0.000000
    84 0.282897 -0.851688 4.444893 0.000000 0.000000 0.000000
  time 124
    0 -0.004562 -0.171880 37.595099 1.629135 0.042509 -0.108578
    1 3.983847 0.002149 0.003401 -1.667585 -0.221514 -1.440639
    2 15.938816 -0.000100 -0.000005 -0.000009 -0.000002 0.324227
    3 17.707025 -0.000068 0.000003 -0.175997 -0.141684 -1.178723
    4 6.202515 0.003416 -0.000367 0.020223 -0.027696 -0.403238
    5 -3.983848 0.002149 0.003395 -1.531495 -0.082638 -1.480399
    6 15.938826 -0.000113 -0.000001 0.000002 0.000010 0.285253
    7 17.707031 0.000018 0.000000 0.166401 0.321173 -1.244472
    8 6.202710 0.003078 0.003745 -0.111776 0.023838 -0.467996
    9 -0.000001 4.209253 -1.688832 1.574438 0.094431 1.578652
    10 3.836055 0.000000 0.000000 -0.009061 0.045746 -0.030729
    11 3.617625 -0.000275 -0.000015 -0.011241 -0.032702 -0.020671
    12 7.537925 0.003588 -0.000212 0.030414 0.063522 0.303686
    13 3.181604 -0.002346 0.000028 3.170159 -0.039700 0.171226
    14 2.966416 0.000318 0.000023 0.069422 0.039715 0.166983
    15 2.023770 0.904983 0.850949 1.820553 -1.234945 2.571580
    16 4.980521 0.000781 -0.001089 -1.650175 0.343770 -1.171826
    17 11.119977 0.000007 0.000004 -0.000003 -0.106448 -0.258217
    18 11.205393 -0.000039 0.000000 1.529417 -0.105641 0.097341
    19 3.767578 0.152466 0.071350 0.161509 0.116812 -0.535180
    20 2.037109 0.000001 0.000000 -0.025500 -0.063436 -0.943060
    21 1.066406 -0.000004 0.000000 -0.001546 0.012034 -0.436579
    22 3.783203 -0.017258 0.794434 0.168904 -0.026920 -0.368804
    23 1.628906 0.000001 -0.000001 -0.061251 0.003142 -0.834908
    24 0.955566 -0.000007 0.000000 -0.005388 -0.042122 -0.207877
    25 1.258789 -0.297852 1.251953 -1.291947 -0.539750 -0.506113
    26 1.392578 0.000002 -0.000002 0.001372 -0.188351 0.491767
    27 1.099609 -0.000001 0.000000 0.009529 -0.039492 -0.040356
    28 3.548828 0.198730 -1.489258 0.122069 0.218121 -0.679757
    29 1.218750 0.000002 0.000003 0.002969 0.019929 -1.051738
    30 0.681774 -0.000006 0.000000 0.028387 -0.181310 -0.761958
    31 3.697042 0.266204 -0.725138 0.148081 0.167551 -0.656351
    32 1.747315 -0.000008 -0.000001 -0.016831 -0.101072 -0.899610
    33 0.959961 0.000010 0.000000 -0.001254 0.009906 -0.608346
    34 2.023778 0.904982 -0.850921 -1.349659 1.173289 3.373097
    35 4.981625 0.002227 0.003236 1.384960 0.103701 -0.902052
    36 11.119975 -0.000005 0.000000 0.000001 0.050589 -0.290819
    37 11.205375 0.000073 0.000008 -1.636352 -0.032632 0.278630
    38 3.767578 0.151855 -0.072693 -0.061811 -0.104916 -0.601450
    39 2.036716 -0.000004 0.000000 -0.053356 0.002610 -1.343694
    40 1.063287 -0.000004 0.000001 0.243360 0.222169 -0.479551
    41 3.783203 -0.023941 -0.794434 0.145529 -0.103829 -0.523859
    42 1.628906 -0.000002 0.000001 -0.001787 -0.229023 -0.812505
    43 0.955566 0.000000 -0.000002 -0.124329 -0.037101 -0.833108
    44 1.258789 -0.308350 -1.250000 1.086305 0.326416 -0.551995
    45 1.392578 0.000001 0.000002 -0.000831 -0.001842 0.382344
    46 1.099609 0.000001 -0.000005 -0.008997 -0.009551 0.469381
    47 3.546538 0.208125 1.487114 0.074587 -0.032626 -0.675379
    48 1.218750 0.000004 0.000000 0.021046 -0.138836 -0.848029
    49 0.679688 0.000004 0.000002 -0.104181 0.098128 -1.071576
    50 3.697266 0.273682 0.726563 0.065648 -0.112154 -0.666607
    51 1.747310 0.000004 0.000000 -0.074580 0.021053 -1.335361
    52 0.959961 0.000000 0.000000 0.003325 -0.009470 -0.821513
    53 -3.756462 5.577850 2.053357 1.570803 -0.000001 0.000000
    54 -2.735646 -0.081365 5.727119 0.000007 0.000015 1.570796
    55 0.000001 5.662003 -0.974302 1.570804 -0.000001 0.000000
    56 -0.000002 -2.275002 5.113525 0.000000 0.000000 -3.141592
    57 -2.477620 5.416855 4.597564 1.570804 -0.000001 0.000000
    58 -1.515218 1.317776 5.998497 0.000000 0.000000 0.000000
    59 -2.455992 5.657928 -0.087295 1.570804 -0.000001 0.000000
    60 -1.485628 -1.617812 5.263969 0.000000 0.000000 3.141592
    61 3.756460 5.577858 2.053359 1.570803 -0.000001 0.000000
    62 2.735645 -0.081364 5.727116 0.000004 -0.000011 -1.570795
    63 2.477613 5.416855 4.597570 1.570804 -0.000001 0.000000
    64 1.515220 1.317777 5.998508 0.000000 0.000000 0.000000
    65 2.455991 5.657928 -0.087293 1.570804 -0.000001 0.000000
    66 1.485620 -1.617803 5.263973 0.000000 0.000000 -3.141592
    67 4.575642 5.632584 0.000132 0.000000 -1.570771 0.249128
    68 -0.000001 0.314078 5.161098 0.000000 0.000000 0.000000
    69 -0.000001 -0.323108 3.750217 0.000000 0.000000 0.000000
    70 5.734947 1.075212 4.685178 1.570830 -0.000004 -1.321669
    71 -0.753896 0.305901 4.971462 -0.000001 0.000002 0.000000
    72 -1.101006 -0.314705 3.448307 0.000001 0.000001 0.000000
    73 5.809101 -1.029643 4.595047 1.570829 -0.000004 -1.321671
    74 -0.714908 -0.199657 5.028973 0.000000 0.000003 0.000000
    75 -0.282898 -0.851690 4.444889 0.000000 0.000000 0.000000
    76 9.578484 -1.290738 0.000240 0.000000 1.570770 -2.892481
    77 9.369518 -1.236408 1.787905 0.000000 1.570770 -2.892481
    78 9.436707 -1.331719 -1.409029 0.000000 1.570770 -2.892477
    79 5.735191 1.075235 -4.684885 -1.570814 0.000004 1.819923
    80 0.753901 0.305904 4.971474 -0.000001 -0.000002 0.000000
    81 1.101010 -0.314705 3.448315 0.000000 -0.000001 0.000000
    82 5.809341 -1.029617 -4.594752 -1.570814 0.000004 1.819922
    83 0.714908 -0.199655 5.028969 0.000000 -0.000003 0.000000
    84 0.282897 -0.851688 4.444893 0.000000 0.000000 0.000000
  time 125
    0 -0.004562 -0.164068 37.595099 1.629135 0.042761 -0.108578
    1 3.983847 0.002149 0.003401 -1.667395 -0.221514 -1.440460
    2 15.938816 -0.000100 -0.000005 -0.000009 -0.000002 0.323781
    3 17.707025 -0.000068 0.000003 -0.176108 -0.141769 -1.178233
    4 6.202515 0.003416 -0.000367 0.020223 -0.027696 -0.403238
    5 -3.983848 0.002149 0.003395 -1.531495 -0.082809 -1.480211
    6 15.938826 -0.000113 -0.000001 0.000002 0.000010 0.285253
    7 17.707031 0.000018 0.000000 0.166197 0.321298 -1.244310
    8 6.202710 0.003078 0.003745 -0.111776 0.023838 -0.467996
    9 -0.000001 4.209253 -1.688832 1.574581 0.094331 1.578413
    10 3.836055 0.000000 0.000000 -0.009180 0.046310 -0.030729
    11 3.617625 -0.000275 -0.000015 -0.011289 -0.032522 -0.020671
    12 7.537925 0.003588 -0.000212 0.030162 0.063930 0.303818
    13 3.181604 -0.002346 0.000028 3.169583 -0.039772 0.170495
    14 2.966416 0.000318 0.000023 0.069243 0.039512 0.167664
    15 2.023770 0.904983 0.850949 1.818353 -1.235026 2.573846
    16 4.980521 0.000781 -0.001089 -1.651155 0.344951 -1.170859
    17 11.119977 0.000007 0.000004 -0.000003 -0.106448 -0.261305
    18 11.205393 -0.000039 0.000000 1.529129 -0.105215 0.099582
    19 3.767578 0.152466 0.071350 0.161509 0.116812 -0.535180
    20 2.037109 0.000001 0.000000 -0.025500 -0.063436 -0.943060
    21 1.066406 -0.000004 0.000000 -0.001546 0.012034 -0.436579
    22 3.783203 -0.017258 0.794434 0.168904 -0.026920 -0.368804
    23 1.628906 0.000001 -0.000001 -0.061251 0.003142 -0.834908
    24 0.955566 -0.000007 0.000000 -0.005388 -0.042122 -0.207877
    25 1.258789 -0.297852 1.251953 -1.291947 -0.539750 -0.506113
    26 1.392578 0.000002 -0.000002 0.001372 -0.188351 0.491767
    27 1.099609 -0.000001 0.000000 0.009529 -0.039492 -0.040356
    28 3.548828 0.198730 -1.489258 0.122069 0.218121 -0.679757
    29 1.218750 0.000002 0.000003 0.002969 0.019929 -1.051738
    30 0.681774 -0.000006 0.000000 0.028387 -0.181310 -0.761958
    31 3.697042 0.266204 -0.725138 0.148081 0.167551 -0.656351
    32 1.747315 -0.000008 -0.000001 -0.016843 -0.101072 -0.899610
    33 0.959961 0.000010 0.000000 -0.001254 0.009906 -0.608346
    34 2.023778 0.904982 -0.850921 -1.348667 1.173615 3.374090
    35 4.981625 0.002227 0.003236 1.385476 0.102794 -0.901758
    36 11.119975 -0.000005 0.000000 0.000001 0.050589 -0.291134
    37 11.205375 0.000073 0.000008 -1.636256 -0.032308 0.278282
    38 3.767578 0.151855 -0.072693 -0.061811 -0.104916 -0.601450
    39 2.036716 -0.000004 0.000000 -0.053356 0.002610 -1.343653
    40 1.063287 -0.000004 0.000001 0.243360 0.222169 -0.479551
    41 3.783203 -0.023941 -0.794434 0.145529 -0.103829 -0.523859
    42 1.628906 -0.000002 0.000001 -0.001787 -0.229023 -0.812505
    43 0.955566 0.000000 -0.000002 -0.124329 -0.037101 -0.833108
    44 1.258789 -0.308350 -1.250000 1.086305 0.326416 -0.551995
    45 1.392578 0.000001 0.000002 -0.000831 -0.001842 0.382344
    46 1.099609 0.000001 -0.000005 -0.008997 -0.009551 0.469381
    47 3.546538 0.208125 1.487114 0.074573 -0.032614 -0.675379
    48 1.218750 0.000004 0.000000 0.021046 -0.138836 -0.848029
    49 0.679688 0.000004 0.000002 -0.104181 0.098128 -1.071576
    50 3.697266 0.273682 0.726563 0.065648 -0.112154 -0.666607
    51 1.747310 0.000004 0.000000 -0.074580 0.021053 -1.335361
    52 0.959961 0.000000 0.000000 0.003325 -0.009470 -0.821513
    53 -3.756462 5.577850 2.053357 1.570803 -0.000001 0.000000
    54 -2.735646 -0.081365 5.727119 0.000007 0.000015 1.570796
    55 0.000001 5.662003 -0.974302 1.570804 -0.000001 0.000000
    56 -0.000002 -2.275002 5.113525 0.000000 0.000000 -3.141592
    57 -2.477620 5.416855 4.597564 1.570804 -0.000001 0.000000
    58 -1.515218 1.317776 5.998497 0.000000 0.000000 0.000000
    59 -2.455992 5.657928 -0.087295 1.570804 -0.000001 0.000000
    60 -1.485628 -1.617812 5.263969 0.000000 0.000000 3.141592
    61 3.756460 5.577858 2.053359 1.570803 -0.000001 0.000000
    62 2.735645 -0.081364 5.727116 0.000004 -0.000011 -1.570795
    63 2.477613 5.416855 4.597570 1.570804 -0.000001 0.000000
    64 1.515220 1.317777 5.998508 0.000000 0.000000 0.000000
    65 2.455991 5.657928 -0.087293 1.570804 -0.000001 0.000000
    66 1.485620 -1.617803 5.263973 0.000000 0.000000 -3.141592
    67 4.575642 5.632584 0.000132 0.000000 -1.570771 0.249128
    68 -0.000001 0.314078 5.161098 0.000000 0.000000 0.000000
    69 -0.000001 -0.323108 3.750217 0.000000 0.000000 0.000000
    70 5.734947 1.075212 4.685178 1.570830 -0.000004 -1.321669
    71 -0.753896 0.305901 4.971462 -0.000001 0.000002 0.000000
    72 -1.101006 -0.314705 3.448307 0.000001 0.000001 0.000000
    73 5.809101 -1.029643 4.595047 1.570829 -0.000004 -1.321671
    74 -0.714908 -0.199657 5.028973 0.000000 0.000003 0.000000
    75 -0.282898 -0.851690 4.444889 0.000000 0.000000 0.000000
    76 9.578484 -1.290738 0.000240 0.000000 1.570770 -2.892481
    77 9.369518 -1.236408 1.787905 0.000000 1.570770 -2.892481
    78 9.436707 -1.331719 -1.409029 0.000000 1.570770 -2.892477
    79 5.735191 1.075235 -4.684885 -1.570814 0.000004 1.819923
    80 0.753901 0.305904 4.971474 -0.000001 -0.000002 0.000000
    81 1.101010 -0.314705 3.448315 0.000000 -0.000001 0.000000
    82 5.809341 -1.029617 -4.594752 -1.570814 0.000004 1.819922
    83 0.714908 -0.199655 5.028969 0.000000 -0.000003 0.000000
    84 0.282897 -0.851688 4.444893 0.000000 0.000000 0.000000
  time 126
    0 -0.004562 -0.152348 37.595099 1.629135 0.042809 -0.108514
    1 3.983847 0.002149 0.003401 -1.667015 -0.221558 -1.440370
    2 15.938816 -0.000100 -0.000005 -0.000009 -0.000002 0.323653
    3 17.707025 -0.000068 0.000003 -0.176190 -0.141939 -1.177774
    4 6.202515 0.003416 -0.000367 0.020223 -0.027696 -0.403099
    5 -3.983848 0.002149 0.003395 -1.531591 -0.083110 -1.480024
    6 15.938826 -0.000113 -0.000001 0.000002 0.000010 0.285253
    7 17.707031 0.000018 0.000000 0.166083 0.321458 -1.244212
    8 6.202710 0.003078 0.003745 -0.111776 0.023838 -0.467996
    9 -0.000001 4.209253 -1.688832 1.574773 0.094209 1.578077
    10 3.836055 0.000000 0.000000 -0.009312 0.046981 -0.030753
    11 3.617625 -0.000275 -0.000015 -0.011433 -0.032150 -0.020558
    12 7.537925 0.003588 -0.000212 0.029791 0.064349 0.303806
    13 3.181604 -0.002346 0.000028 3.168912 -0.039940 0.169968
    14 2.966416 0.000318 0.000023 0.069063 0.039404 0.168027
    15 2.023770 0.904983 0.850949 1.815703 -1.234945 2.576293
    16 4.980521 0.000781 -0.001089 -1.652445 0.346334 -1.169692
    17 11.119977 0.000007 0.000004 -0.000003 -0.106448 -0.263878
    18 11.205393 -0.000039 0.000000 1.530137 -0.103536 0.100397
    19 3.767578 0.152466 0.071350 0.161509 0.116812 -0.535180
    20 2.037109 0.000001 0.000000 -0.025500 -0.063436 -0.943060
    21 1.066406 -0.000004 0.000000 -0.001546 0.012034 -0.436579
    22 3.783203 -0.017258 0.794434 0.168904 -0.026920 -0.368804
    23 1.628906 0.000001 -0.000001 -0.061251 0.003142 -0.834908
    24 0.955566 -0.000007 0.000000 -0.005388 -0.042122 -0.207877
    25 1.258789 -0.297852 1.251953 -1.291947 -0.539750 -0.506113
    26 1.392578 0.000002 -0.000002 0.001372 -0.188351 0.491767
    27 1.099609 -0.000001 0.000000 0.009529 -0.039492 -0.040356
    28 3.548828 0.198730 -1.489258 0.122069 0.218121 -0.679757
    29 1.218750 0.000002 0.000003 0.002969 0.019929 -1.051738
    30 0.681774 -0.000006 0.000000 0.028387 -0.181310 -0.761958
    31 3.697042 0.266204 -0.725138 0.148081 0.167551 -0.656351
    32 1.747315 -0.000008 -0.000001 -0.016831 -0.101072 -0.899610
    33 0.959961 0.000010 0.000000 -0.001254 0.009906 -0.608346
    34 2.023778 0.904982 -0.850921 -1.348302 1.174266 3.374361
    35 4.981625 0.002227 0.003236 1.386147 0.101860 -0.901670
    36 11.119975 -0.000005 0.000000 0.000001 0.050589 -0.291576
    37 11.205375 0.000073 0.000008 -1.635970 -0.031973 0.277695
    38 3.767578 0.151855 -0.072693 -0.061811 -0.104916 -0.601450
    39 2.036716 -0.000004 0.000000 -0.053356 0.002610 -1.343653
    40 1.063287 -0.000004 0.000001 0.243360 0.222169 -0.479551
    41 3.783203 -0.023941 -0.794434 0.145529 -0.103829 -0.523859
    42 1.628906 -0.000002 0.000001 -0.001787 -0.229023 -0.812505
    43 0.955566 0.000000 -0.000002 -0.124329 -0.037101 -0.833108
    44 1.258789 -0.308350 -1.250000 1.086305 0.326416 -0.551995
    45 1.392578 0.000001 0.000002 -0.000831 -0.001842 0.382344
    46 1.099609 0.000001 -0.000005 -0.008997 -0.009551 0.469381
    47 3.546538 0.208125 1.487114 0.074573 -0.032614 -0.675379
    48 1.218750 0.000004 0.000000 0.021046 -0.138836 -0.848029
    49 0.679688 0.000004 0.000002 -0.104181 0.098128 -1.071576
    50 3.697266 0.273682 0.726563 0.065648 -0.112154 -0.666607
    51 1.747310 0.000004 0.000000 -0.074580 0.021053 -1.335396
    52 0.959961 0.000000 0.000000 0.003325 -0.009470 -0.821513
    53 -3.756462 5.577850 2.053357 1.570803 -0.000001 0.000000
    54 -2.735646 -0.081365 5.727119 0.000007 0.000015 1.570796
    55 0.000001 5.662003 -0.974302 1.570804 -0.000001 0.000000
    56 -0.000002 -2.275002 5.113525 0.000000 0.000000 -3.141592
    57 -2.477620 5.416855 4.597564 1.570804 -0.000001 0.000000
    58 -1.515218 1.317776 5.998497 0.000000 0.000000 0.000000
    59 -2.455992 5.657928 -0.087295 1.570804 -0.000001 0.000000
    60 -1.485628 -1.617812 5.263969 0.000000 0.000000 3.141592
    61 3.756460 5.577858 2.053359 1.570803 -0.000001 0.000000
    62 2.735645 -0.081364 5.727116 0.000004 -0.000011 -1.570795
    63 2.477613 5.416855 4.597570 1.570804 -0.000001 0.000000
    64 1.515220 1.317777 5.998508 0.000000 0.000000 0.000000
    65 2.455991 5.657928 -0.087293 1.570804 -0.000001 0.000000
    66 1.485620 -1.617803 5.263973 0.000000 0.000000 -3.141592
    67 4.575642 5.632584 0.000132 0.000000 -1.570771 0.249128
    68 -0.000001 0.314078 5.161098 0.000000 0.000000 0.000000
    69 -0.000001 -0.323108 3.750217 0.000000 0.000000 0.000000
    70 5.734947 1.075212 4.685178 1.570830 -0.000004 -1.321669
    71 -0.753896 0.305901 4.971462 -0.000001 0.000002 0.000000
    72 -1.101006 -0.314705 3.448307 0.000001 0.000001 0.000000
    73 5.809101 -1.029643 4.595047 1.570829 -0.000004 -1.321671
    74 -0.714908 -0.199657 5.028973 0.000000 0.000003 0.000000
    75 -0.282898 -0.851690 4.444889 0.000000 0.000000 0.000000
    76 9.578484 -1.290738 0.000240 0.000000 1.570770 -2.892481
    77 9.369518 -1.236408 1.787905 0.000000 1.570770 -2.892481
    78 9.436707 -1.331719 -1.409029 0.000000 1.570770 -2.892477
    79 5.735191 1.075235 -4.684885 -1.570814 0.000004 1.819923
    80 0.753901 0.305904 4.971474 -0.000001 -0.000002 0.000000
    81 1.101010 -0.314705 3.448315 0.000000 -0.000001 0.000000
    82 5.809341 -1.029617 -4.594752 -1.570814 0.000004 1.819922
    83 0.714908 -0.199655 5.028969 0.000000 -0.000003 0.000000
    84 0.282897 -0.851688 4.444893 0.000000 0.000000 0.000000
  time 127
    0 -0.000656 -0.144536 37.595099 1.629135 0.042941 -0.108386
    1 3.983847 0.002149 0.003401 -1.666540 -0.221692 -1.440370
    2 15.938816 -0.000100 -0.000005 -0.000009 -0.000002 0.323143
    3 17.707025 -0.000068 0.000003 -0.176328 -0.142087 -1.177285
    4 6.202515 0.003416 -0.000367 0.020223 -0.027696 -0.403099
    5 -3.983848 0.002149 0.003395 -1.531591 -0.083239 -1.479837
    6 15.938826 -0.000113 -0.000001 0.000002 0.000010 0.285064
    7 17.707031 0.000018 0.000000 0.165993 0.321672 -1.243920
    8 6.202710 0.003078 0.003745 -0.111776 0.023838 -0.467996
    9 -0.000001 4.209253 -1.688832 1.574917 0.094088 1.577790
    10 3.836055 0.000000 0.000000 -0.009444 0.047460 -0.030753
    11 3.617625 -0.000275 -0.000015 -0.011481 -0.031911 -0.020558
    12 7.537925 0.003588 -0.000212 0.029635 0.064505 0.303674
    13 3.181604 -0.002346 0.000028 3.168049 -0.039664 0.169752
    14 2.966416 0.000318 0.000023 0.068775 0.039320 0.168208
    15 2.023770 0.904983 0.850949 1.814253 -1.234863 2.577652
    16 4.980521 0.000781 -0.001089 -1.653787 0.347920 -1.168696
    17 11.119977 0.000007 0.000004 -0.000003 -0.106448 -0.265707
    18 11.205393 -0.000039 0.000000 1.531770 -0.101663 0.101020
    19 3.767578 0.152466 0.071350 0.161509 0.116812 -0.535180
    20 2.037109 0.000001 0.000000 -0.025500 -0.063436 -0.943060
    21 1.066406 -0.000004 0.000000 -0.001546 0.012034 -0.436579
    22 3.783203 -0.017258 0.794434 0.168904 -0.026920 -0.368804
    23 1.628906 0.000001 -0.000001 -0.061251 0.003142 -0.834908
    24 0.955566 -0.000007 0.000000 -0.005388 -0.042122 -0.207877
    25 1.258789 -0.297852 1.251953 -1.291947 -0.539750 -0.506113
    26 1.392578 0.000002 -0.000002 0.001372 -0.188351 0.491767
    27 1.099609 -0.000001 0.000000 0.009529 -0.039492 -0.040356
    28 3.548828 0.198730 -1.489258 0.122069 0.218121 -0.679757
    29 1.218750 0.000002 0.000003 0.002969 0.019929 -1.051738
    30 0.681774 -0.000006 0.000000 0.028387 -0.181310 -0.761958
    31 3.697042 0.266204 -0.725138 0.148081 0.167551 -0.656351
    32 1.747315 -0.000008 -0.000001 -0.016831 -0.101072 -0.899610
    33 0.959961 0.000010 0.000000 -0.001254 0.009906 -0.608346
    34 2.023778 0.904982 -0.850921 -1.348302 1.174592 3.374361
    35 4.981625 0.002227 0.003236 1.386869 0.100925 -0.901200
    36 11.119975 -0.000005 0.000000 0.000001 0.050589 -0.292080
    37 11.205375 0.000073 0.000008 -1.635684 -0.031889 0.276820
    38 3.767578 0.151855 -0.072693 -0.061811 -0.104916 -0.601450
    39 2.036716 -0.000004 0.000000 -0.053356 0.002610 -1.343653
    40 1.063287 -0.000004 0.000001 0.243360 0.222169 -0.479551
    41 3.783203 -0.023941 -0.794434 0.145529 -0.103829 -0.523859
    42 1.628906 -0.000002 0.000001 -0.001787 -0.229023 -0.812505
    43 0.955566 0.000000 -0.000002 -0.124329 -0.037101 -0.833108
    44 1.258789 -0.308350 -1.250000 1.086305 0.326416 -0.551995
    45 1.392578 0.000001 0.000002 -0.000831 -0.001842 0.382344
    46 1.099609 0.000001 -0.000005 -0.008997 -0.009551 0.469381
    47 3.546538 0.208125 1.487114 0.074544 -0.032590 -0.675379
    48 1.218750 0.000004 0.000000 0.021046 -0.138836 -0.848029
    49 0.679688 0.000004 0.000002 -0.104181 0.098128 -1.071576
    50 3.697266 0.273682 0.726563 0.065648 -0.112154 -0.666607
    51 1.747310 0.000004 0.000000 -0.074580 0.021053 -1.335361
    52 0.959961 0.000000 0.000000 0.003325 -0.009470 -0.821513
    53 -3.756462 5.577850 2.053357 1.570803 -0.000001 0.000000
    54 -2.735646 -0.081365 5.727119 0.000007 0.000015 1.570796
    55 0.000001 5.662003 -0.974302 1.570804 -0.000001 0.000000
    56 -0.000002 -2.275002 5.113525 0.000000 0.000000 -3.141592
    57 -2.477620 5.416855 4.597564 1.570804 -0.000001 0.000000
    58 -1.515218 1.317776 5.998497 0.000000 0.000000 0.000000
    59 -2.455992 5.657928 -0.087295 1.570804 -0.000001 0.000000
    60 -1.485628 -1.617812 5.263969 0.000000 0.000000 3.141592
    61 3.756460 5.577858 2.053359 1.570803 -0.000001 0.000000
    62 2.735645 -0.081364 5.727116 0.000004 -0.000011 -1.570795
    63 2.477613 5.416855 4.597570 1.570804 -0.000001 0.000000
    64 1.515220 1.317777 5.998508 0.000000 0.000000 0.000000
    65 2.455991 5.657928 -0.087293 1.570804 -0.000001 0.000000
    66 1.485620 -1.617803 5.263973 0.000000 0.000000 -3.141592
    67 4.575642 5.632584 0.000132 0.000000 -1.570771 0.249128
    68 -0.000001 0.314078 5.161098 0.000000 0.000000 0.000000
    69 -0.000001 -0.323108 3.750217 0.000000 0.000000 0.000000
    70 5.734947 1.075212 4.685178 1.570830 -0.000004 -1.321669
    71 -0.753896 0.305901 4.971462 -0.000001 0.000002 0.000000
    72 -1.101006 -0.314705 3.448307 0.000001 0.000001 0.000000
    73 5.809101 -1.029643 4.595047 1.570829 -0.000004 -1.321671
    74 -0.714908 -0.199657 5.028973 0.000000 0.000003 0.000000
    75 -0.282898 -0.851690 4.444889 0.000000 0.000000 0.000000
    76 9.578484 -1.290738 0.000240 0.000000 1.570770 -2.892481
    77 9.369518 -1.236408 1.787905 0.000000 1.570770 -2.892481
    78 9.436707 -1.331719 -1.409029 0.000000 1.570770 -2.892477
    79 5.735191 1.075235 -4.684885 -1.570814 0.000004 1.819923
    80 0.753901 0.305904 4.971474 -0.000001 -0.000002 0.000000
    81 1.101010 -0.314705 3.448315 0.000000 -0.000001 0.000000
    82 5.809341 -1.029617 -4.594752 -1.570814 0.000004 1.819922
    83 0.714908 -0.199655 5.028969 0.000000 -0.000003 0.000000
    84 0.282897 -0.851688 4.444893 0.000000 0.000000 0.000000
  time 128
    0 -0.000656 -0.136723 37.595099 1.629231 0.043025 -0.108195
    1 3.983847 0.002149 0.003401 -1.666255 -0.221781 -1.440370
    2 15.938816 -0.000100 -0.000005 -0.000009 -0.000002 0.322633
    3 17.707025 -0.000068 0.000003 -0.176438 -0.142257 -1.176856
    4 6.202515 0.003416 -0.000367 0.020223 -0.027696 -0.403099
    5 -3.983848 0.002149 0.003395 -1.531687 -0.083325 -1.479649
    6 15.938826 -0.000113 -0.000001 0.000002 0.000010 0.285001
    7 17.707031 0.000018 0.000000 0.165925 0.321922 -1.243758
    8 6.202710 0.003078 0.003745 -0.111776 0.023838 -0.467996
    9 -0.000001 4.209253 -1.688832 1.574917 0.093906 1.577837
    10 3.836055 0.000000 0.000000 -0.009516 0.047700 -0.030873
    11 3.617625 -0.000275 -0.000015 -0.011553 -0.031731 -0.020558
    12 7.537925 0.003588 -0.000212 0.029611 0.064445 0.303435
    13 3.181604 -0.002346 0.000028 3.168241 -0.038945 0.169968
    14 2.966416 0.000318 0.000023 0.068416 0.039368 0.168208
    15 2.023770 0.904983 0.850949 1.814603 -1.235352 2.577381
    16 4.980521 0.000781 -0.001089 -1.654716 0.349775 -1.168184
    17 11.119977 0.000007 0.000004 -0.000003 -0.106448 -0.267823
    18 11.205393 -0.000039 0.000000 1.532442 -0.100642 0.103022
    19 3.767578 0.152466 0.071350 0.161509 0.116812 -0.535180
    20 2.037109 0.000001 0.000000 -0.025500 -0.063436 -0.943060
    21 1.066406 -0.000004 0.000000 -0.001546 0.012034 -0.436579
    22 3.783203 -0.017258 0.794434 0.168904 -0.026920 -0.368804
    23 1.628906 0.000001 -0.000001 -0.061251 0.003142 -0.834908
    24 0.955566 -0.000007 0.000000 -0.005388 -0.042122 -0.207877
    25 1.258789 -0.297852 1.251953 -1.291947 -0.539750 -0.506113
    26 1.392578 0.000002 -0.000002 0.001372 -0.188351 0.491767
    27 1.099609 -0.000001 0.000000 0.009529 -0.039492 -0.040356
    28 3.548828 0.198730 -1.489258 0.122069 0.218121 -0.679757
    29 1.218750 0.000002 0.000003 0.002969 0.019929 -1.051738
    30 0.681774 -0.000006 0.000000 0.028387 -0.181321 -0.761958
    31 3.697042 0.266204 -0.725138 0.148081 0.167551 -0.656364
    32 1.747315 -0.000008 -0.000001 -0.016831 -0.101072 -0.899610
    33 0.959961 0.000010 0.000000 -0.001254 0.009906 -0.608346
    34 2.023778 0.904982 -0.850921 -1.348302 1.174836 3.374271
    35 4.981625 0.002227 0.003236 1.387643 0.099881 -0.901112
    36 11.119975 -0.000005 0.000000 0.000001 0.050589 -0.292522
    37 11.205375 0.000073 0.000008 -1.635874 -0.032057 0.275957
    38 3.767578 0.151855 -0.072693 -0.061811 -0.104916 -0.601450
    39 2.036716 -0.000004 0.000000 -0.053356 0.002610 -1.343694
    40 1.063287 -0.000004 0.000001 0.243360 0.222157 -0.479503
    41 3.783203 -0.023941 -0.794434 0.145529 -0.103829 -0.523859
    42 1.628906 -0.000002 0.000001 -0.001787 -0.229023 -0.812505
    43 0.955566 0.000000 -0.000002 -0.124329 -0.037101 -0.833108
    44 1.258789 -0.308350 -1.250000 1.086305 0.326416 -0.551995
    45 1.392578 0.000001 0.000002 -0.000831 -0.001842 0.382344
    46 1.099609 0.000001 -0.000005 -0.008997 -0.009551 0.469381
    47 3.546538 0.208125 1.487114 0.074544 -0.032614 -0.675427
    48 1.218750 0.000004 0.000000 0.021046 -0.138836 -0.848029
    49 0.679688 0.000004 0.000002 -0.104181 0.098128 -1.071576
    50 3.697266 0.273682 0.726563 0.065648 -0.112154 -0.666607
    51 1.747310 0.000004 0.000000 -0.074580 0.021053 -1.335361
    52 0.959961 0.000000 0.000000 0.003325 -0.009470 -0.821513
    53 -3.756462 5.577850 2.053357 1.570803 -0.000001 0.000000
    54 -2.735646 -0.081365 5.727119 0.000007 0.000015 1.570796
    55 0.000001 5.662003 -0.974302 1.570804 -0.000001 0.000000
    56 -0.000002 -2.275002 5.113525 0.000000 0.000000 -3.141592
    57 -2.477620 5.416855 4.597564 1.570804 -0.000001 0.000000
    58 -1.515218 1.317776 5.998497 0.000000 0.000000 0.000000
    59 -2.455992 5.657928 -0.087295 1.570804 -0.000001 0.000000
    60 -1.485628 -1.617812 5.263969 0.000000 0.000000 3.141592
    61 3.756460 5.577858 2.053359 1.570803 -0.000001 0.000000
    62 2.735645 -0.081364 5.727116 0.000004 -0.000011 -1.570795
    63 2.477613 5.416855 4.597570 1.570804 -0.000001 0.000000
    64 1.515220 1.317777 5.998508 0.000000 0.000000 0.000000
    65 2.455991 5.657928 -0.087293 1.570804 -0.000001 0.000000
    66 1.485620 -1.617803 5.263973 0.000000 0.000000 -3.141592
    67 4.575642 5.632584 0.000132 0.000000 -1.570771 0.249128
    68 -0.000001 0.314078 5.161098 0.000000 0.000000 0.000000
    69 -0.000001 -0.323108 3.750217 0.000000 0.000000 0.000000
    70 5.734947 1.075212 4.685178 1.570830 -0.000004 -1.321669
    71 -0.753896 0.305901 4.971462 -0.000001 0.000002 0.000000
    72 -1.101006 -0.314705 3.448307 0.000001 0.000001 0.000000
    73 5.809101 -1.029643 4.595047 1.570829 -0.000004 -1.321671
    74 -0.714908 -0.199657 5.028973 0.000000 0.000003 0.000000
    75 -0.282898 -0.851690 4.444889 0.000000 0.000000 0.000000
    76 9.578484 -1.290738 0.000240 0.000000 1.570770 -2.892481
    77 9.369518 -1.236408 1.787905 0.000000 1.570770 -2.892481
    78 9.436707 -1.331719 -1.409029 0.000000 1.570770 -2.892477
    79 5.735191 1.075235 -4.684885 -1.570814 0.000004 1.819923
    80 0.753901 0.305904 4.971474 -0.000001 -0.000002 0.000000
    81 1.101010 -0.314705 3.448315 0.000000 -0.000001 0.000000
    82 5.809341 -1.029617 -4.594752 -1.570814 0.000004 1.819922
    83 0.714908 -0.199655 5.028969 0.000000 -0.000003 0.000000
    84 0.282897 -0.851688 4.444893 0.000000 0.000000 0.000000
end
