// Created by Crowbar 0.76
version 1
nodes
  0 "ValveBiped.Bip01_Pelvis" -1
  1 "ValveBiped.Bip01_L_Thigh" 0
  2 "ValveBiped.Bip01_L_Calf" 1
  3 "ValveBiped.Bip01_L_Foot" 2
  4 "ValveBiped.Bip01_L_Toe0" 3
  5 "ValveBiped.Bip01_R_Thigh" 0
  6 "ValveBiped.Bip01_R_Calf" 5
  7 "ValveBiped.Bip01_R_Foot" 6
  8 "ValveBiped.Bip01_R_Toe0" 7
  9 "ValveBiped.Bip01_Spine" 0
  10 "ValveBiped.Bip01_Spine1" 9
  11 "ValveBiped.Bip01_Spine2" 10
  12 "ValveBiped.Bip01_Spine4" 11
  13 "ValveBiped.Bip01_Neck1" 12
  14 "ValveBiped.Bip01_Head1" 13
  15 "ValveBiped.Bip01_L_Clavicle" 12
  16 "ValveBiped.Bip01_L_UpperArm" 15
  17 "ValveBiped.Bip01_L_Forearm" 16
  18 "ValveBiped.Bip01_L_Hand" 17
  19 "ValveBiped.Bip01_L_Finger2" 18
  20 "ValveBiped.Bip01_L_Finger21" 19
  21 "ValveBiped.Bip01_L_Finger22" 20
  22 "ValveBiped.Bip01_L_Finger1" 18
  23 "ValveBiped.Bip01_L_Finger11" 22
  24 "ValveBiped.Bip01_L_Finger12" 23
  25 "ValveBiped.Bip01_L_Finger0" 18
  26 "ValveBiped.Bip01_L_Finger01" 25
  27 "ValveBiped.Bip01_L_Finger02" 26
  28 "ValveBiped.Bip01_L_Finger4" 18
  29 "ValveBiped.Bip01_L_Finger41" 28
  30 "ValveBiped.Bip01_L_Finger42" 29
  31 "ValveBiped.Bip01_L_Finger3" 18
  32 "ValveBiped.Bip01_L_Finger31" 31
  33 "ValveBiped.Bip01_L_Finger32" 32
  34 "ValveBiped.Bip01_R_Clavicle" 12
  35 "ValveBiped.Bip01_R_UpperArm" 34
  36 "ValveBiped.Bip01_R_Forearm" 35
  37 "ValveBiped.Bip01_R_Hand" 36
  38 "ValveBiped.Bip01_R_Finger2" 37
  39 "ValveBiped.Bip01_R_Finger21" 38
  40 "ValveBiped.Bip01_R_Finger22" 39
  41 "ValveBiped.Bip01_R_Finger1" 37
  42 "ValveBiped.Bip01_R_Finger11" 41
  43 "ValveBiped.Bip01_R_Finger12" 42
  44 "ValveBiped.Bip01_R_Finger0" 37
  45 "ValveBiped.Bip01_R_Finger01" 44
  46 "ValveBiped.Bip01_R_Finger02" 45
  47 "ValveBiped.Bip01_R_Finger4" 37
  48 "ValveBiped.Bip01_R_Finger41" 47
  49 "ValveBiped.Bip01_R_Finger42" 48
  50 "ValveBiped.Bip01_R_Finger3" 37
  51 "ValveBiped.Bip01_R_Finger31" 50
  52 "ValveBiped.Bip01_R_Finger32" 51
  53 "ValveBiped.Skirt.R.001" 0
  54 "Skirt2_r" 53
  55 "ValveBiped.Skirt.B" 0
  56 "Skirtb2" 55
  57 "ValveBiped.Skirt.R" 0
  58 "Skirt5_r" 57
  59 "ValveBiped.Skirt.R.002" 0
  60 "Skirt8_r" 59
  61 "ValveBiped.Skirt.L.001" 0
  62 "Skirt2_l" 61
  63 "ValveBiped.Skirt.L" 0
  64 "Skirt5_l" 63
  65 "ValveBiped.Skirt.L.002" 0
  66 "Skirt8_l" 65
  67 "Hair_002" 14
  68 "Hair_001" 67
  69 "Hair_003" 68
  70 "Hair_006_r" 14
  71 "Hair_005_r" 70
  72 "Hair_007_r" 71
  73 "Hair_009_r" 14
  74 "Hair_010_r" 73
  75 "Hair_011_r" 74
  76 "Hair_004" 14
  77 "Hair_005" 14
  78 "Hair_006" 14
  79 "Hair_006_l" 14
  80 "Hair_005_l" 79
  81 "Hair_007_l" 80
  82 "Hair_009_l" 14
  83 "Hair_010_l" 82
  84 "Hair_011_l" 83
end
skeleton
  time 0
    0 0.000000 1.616581 35.388000 1.570796 0.000000 0.000001
    1 3.483831 0.451382 1.253440 -1.570114 -0.064472 -1.586906
    2 15.868502 -0.000100 -0.000005 -0.004983 -0.042487 0.148088
    3 14.855375 -0.000068 0.000003 0.008799 0.017186 -1.002419
    4 4.042293 1.124544 -0.031618 -0.001050 -0.003487 -0.555370
    5 -3.483833 0.451382 1.253433 -1.571430 -0.064474 -1.554685
    6 15.868511 -0.000113 -0.000001 0.005108 0.042496 0.148083
    7 14.855381 0.000018 0.000000 -0.002132 -0.019446 -1.002277
    8 4.042488 1.124206 0.015464 -0.061129 0.006497 -0.556032
    9 -0.000001 3.795177 1.709709 1.570794 0.086294 1.570791
    10 0.000000 0.000000 0.000000 0.000000 0.000001 -0.029231
    11 3.523872 -0.078402 -0.000015 0.000000 -0.000044 0.100328
    12 4.436268 0.882521 -0.000212 0.000009 0.000052 0.194099
    13 5.873093 -1.475047 0.000028 3.141588 -0.000019 0.372987
    14 1.431213 0.758154 0.000023 -0.000004 0.000010 0.302769
    15 3.113647 -1.743535 0.636099 1.564402 -1.116058 2.970024
    16 3.777359 0.774242 -0.032340 -1.690890 0.113528 -0.347837
    17 8.041758 0.000007 0.000004 -0.000782 -0.049713 -0.215962
    18 7.595908 -0.000039 0.000000 1.573449 -0.106735 0.134901
    19 3.587915 -0.593410 0.601401 0.098596 -0.073087 -0.394374
    20 1.610928 -0.000008 0.000000 -0.033325 -0.080209 -0.007832
    21 0.887497 -0.000008 0.000000 -0.000001 0.003076 -0.216400
    22 3.524288 -0.706635 1.333842 0.359810 -0.170845 -0.427502
    23 1.295395 0.000008 0.000000 -0.035165 -0.068703 -0.042506
    24 0.922834 0.000004 0.000001 -0.000002 0.002592 -0.244316
    25 0.032600 -0.512512 0.764443 -1.580355 -0.574146 -0.382656
    26 1.547192 0.000008 -0.000004 -0.136855 0.004037 0.177094
    27 1.557987 0.000011 0.000000 0.000005 0.011266 0.362865
    28 3.477026 -0.509605 -0.938866 -0.468914 0.035206 -0.318762
    29 0.870695 0.000000 0.000000 -0.036027 0.060901 -0.138997
    30 0.802872 -0.000006 0.000000 -0.000005 0.004979 -0.244284
    31 3.482192 -0.581478 -0.146996 -0.178787 0.016797 -0.238821
    32 1.481682 -0.000008 -0.000001 -0.025867 0.018247 -0.199668
    33 0.839493 0.000008 0.000001 0.000003 0.007357 -0.430822
    34 3.113655 -1.743536 -0.636071 -1.574435 1.117753 2.959611
    35 3.778463 0.767876 0.050112 1.690723 -0.117581 -0.349772
    36 8.041756 -0.000005 0.000000 0.000073 0.050229 -0.215843
    37 7.595890 0.000073 0.000008 -1.563673 0.106377 0.130261
    38 3.590814 -0.597862 -0.579298 -0.089872 0.065718 -0.394758
    39 1.610922 -0.000004 0.000000 0.032143 0.080090 -0.008917
    40 0.887501 -0.000004 0.000001 0.000001 -0.004460 -0.216358
    41 3.530805 -0.716415 -1.311210 -0.356227 0.163319 -0.428308
    42 1.295393 -0.000011 -0.000001 0.037467 0.068349 -0.043074
    43 0.922838 -0.000004 0.000000 0.000004 -0.004204 -0.244323
    44 0.036356 -0.518059 -0.760536 1.855586 0.566807 -0.385847
    45 1.547199 -0.000010 0.000000 0.208582 0.045009 0.171387
    46 1.557985 0.000010 -0.000002 -0.000005 -0.009622 0.362889
    47 3.472317 -0.502834 0.959754 0.470103 -0.042190 -0.318598
    48 0.870693 -0.000002 0.000000 0.027299 -0.061805 -0.138611
    49 0.802864 0.000000 -0.000002 0.000003 -0.006133 -0.244281
    50 3.481399 -0.580475 0.168449 0.171545 -0.023328 -0.238748
    51 1.481677 0.000004 0.000000 0.025132 -0.017993 -0.199686
    52 0.839493 0.000004 0.000002 0.000004 -0.009661 -0.430781
    53 -3.756462 5.577850 2.053357 1.570803 -0.000001 0.000000
    54 -2.735646 -0.081365 5.727119 0.000007 0.000015 1.570796
    55 0.000001 5.662003 -0.974302 1.570804 -0.000001 0.000000
    56 -0.000002 -2.275002 5.113525 0.000000 0.000000 -3.141592
    57 -2.477620 5.416855 4.597564 1.570804 -0.000001 0.000000
    58 -1.515218 1.317776 5.998497 0.000000 0.000000 0.000000
    59 -2.455992 5.657928 -0.087295 1.570804 -0.000001 0.000000
    60 -1.485628 -1.617812 5.263969 0.000000 0.000000 3.141592
    61 3.756460 5.577858 2.053359 1.570803 -0.000001 0.000000
    62 2.735645 -0.081364 5.727116 0.000004 -0.000011 -1.570795
    63 2.477613 5.416855 4.597570 1.570804 -0.000001 0.000000
    64 1.515220 1.317777 5.998508 0.000000 0.000000 0.000000
    65 2.455991 5.657928 -0.087293 1.570804 -0.000001 0.000000
    66 1.485620 -1.617803 5.263973 0.000000 0.000000 -3.141592
    67 4.575642 5.632584 0.000132 0.000000 -1.570771 0.249128
    68 -0.000001 0.314078 5.161098 0.000000 0.000000 0.000000
    69 -0.000001 -0.323108 3.750217 0.000000 0.000000 0.000000
    70 5.734947 1.075212 4.685178 1.570830 -0.000004 -1.321669
    71 -0.753896 0.305901 4.971462 -0.000001 0.000002 0.000000
    72 -1.101006 -0.314705 3.448307 0.000001 0.000001 0.000000
    73 5.809101 -1.029643 4.595047 1.570829 -0.000004 -1.321671
    74 -0.714908 -0.199657 5.028973 0.000000 0.000003 0.000000
    75 -0.282898 -0.851690 4.444889 0.000000 0.000000 0.000000
    76 9.578484 -1.290738 0.000240 0.000000 1.570770 -2.892481
    77 9.369518 -1.236408 1.787905 0.000000 1.570770 -2.892481
    78 9.436707 -1.331719 -1.409029 0.000000 1.570770 -2.892477
    79 5.735191 1.075235 -4.684885 -1.570814 0.000004 1.819923
    80 0.753901 0.305904 4.971474 -0.000001 -0.000002 0.000000
    81 1.101010 -0.314705 3.448315 0.000000 -0.000001 0.000000
    82 5.809341 -1.029617 -4.594752 -1.570814 0.000004 1.819922
    83 0.714908 -0.199655 5.028969 0.000000 -0.000003 0.000000
    84 0.282897 -0.851688 4.444893 0.000000 0.000000 0.000000
end
triangles
angel_face4
  14 2.202116 -4.604407 54.800713 0.346476 -0.749188 -0.564510 0.808767 0.175385 1 14 1.000000
  14 2.140716 -5.021640 55.565346 0.327276 -0.855760 -0.400705 0.800246 0.281499 1 14 1.000000
  14 1.061700 -5.028826 54.599449 0.264467 -0.842127 -0.469978 0.650502 0.147455 1 14 1.000000
angel_face4
  14 2.202116 -4.604407 54.800713 0.346476 -0.749188 -0.564510 0.808767 0.175385 1 14 1.000000
  14 1.061700 -5.028826 54.599449 0.264467 -0.842127 -0.469978 0.650502 0.147455 1 14 1.000000
  14 2.168253 -4.028371 54.171623 0.396110 -0.683136 -0.613533 0.804067 0.088082 1 14 1.000000
angel_face4
  14 1.061700 -5.028826 54.599449 0.264467 -0.842127 -0.469978 0.650502 0.147455 1 14 1.000000
  14 1.137604 -4.156964 53.633415 0.251146 -0.730839 -0.634665 0.661036 0.012910 1 14 1.000000
  14 2.168253 -4.028371 54.171623 0.396110 -0.683136 -0.613533 0.804067 0.088082 1 14 1.000000
angel_face4
  14 1.061700 -5.028826 54.599449 0.264467 -0.842127 -0.469978 0.650502 0.147455 1 14 1.000000
  14 2.140716 -5.021640 55.565346 0.327276 -0.855760 -0.400705 0.800246 0.281499 1 14 1.000000
  14 0.642355 -5.524622 55.728153 0.357919 -0.873349 -0.330387 0.592306 0.304094 1 14 1.000000
angel_face4
  14 1.061700 -5.028826 54.599449 0.264467 -0.842127 -0.469978 0.650502 0.147455 1 14 1.000000
  14 -0.000001 -5.190884 54.595909 -0.000001 -0.863507 -0.504337 0.503161 0.146963 1 14 1.000000
  14 1.137604 -4.156964 53.633415 0.251146 -0.730839 -0.634665 0.661036 0.012910 1 14 1.000000
angel_face4
  14 -0.000001 -5.190884 54.595909 -0.000001 -0.863507 -0.504337 0.503161 0.146963 1 14 1.000000
  14 1.061700 -5.028826 54.599449 0.264467 -0.842127 -0.469978 0.650502 0.147455 1 14 1.000000
  14 0.642355 -5.524622 55.728153 0.357919 -0.873349 -0.330387 0.592306 0.304094 1 14 1.000000
angel_face4
  14 -0.000001 -5.190884 54.595909 -0.000001 -0.863507 -0.504337 0.503161 0.146963 1 14 1.000000
  14 -0.000001 -4.210608 53.310162 0.003692 -0.765041 -0.643971 0.503161 0.003866 1 14 1.000000
  14 1.137604 -4.156964 53.633415 0.251146 -0.730839 -0.634665 0.661036 0.012910 1 14 1.000000
angel_face4
  14 -0.000001 -4.210608 53.310162 0.003692 -0.765041 -0.643971 0.503161 0.003866 1 14 1.000000
  14 -0.000001 -5.190884 54.595909 -0.000001 -0.863507 -0.504337 0.503161 0.146963 1 14 1.000000
  14 -1.137607 -4.156963 53.633415 -0.265925 -0.735301 -0.623391 0.345287 0.015998 1 14 1.000000
angel_face4
  14 -0.000001 -5.190884 54.595909 -0.000001 -0.863507 -0.504337 0.503161 0.146963 1 14 1.000000
  14 -1.061703 -5.028826 54.599449 -0.264469 -0.842126 -0.469978 0.355821 0.147455 1 14 1.000000
  14 -1.137607 -4.156963 53.633415 -0.265925 -0.735301 -0.623391 0.345287 0.015998 1 14 1.000000
angel_face4
  14 -2.168255 -4.028369 54.171623 -0.396112 -0.683134 -0.613533 0.202256 0.088082 1 14 1.000000
  14 -1.137607 -4.156963 53.633415 -0.265925 -0.735301 -0.623391 0.345287 0.015998 1 14 1.000000
  14 -1.061703 -5.028826 54.599449 -0.264469 -0.842126 -0.469978 0.355821 0.147455 1 14 1.000000
angel_face4
  14 -2.202118 -4.604406 54.800713 -0.372940 -0.761191 -0.530570 0.197556 0.175385 1 14 1.000000
  14 -2.168255 -4.028369 54.171623 -0.396112 -0.683134 -0.613533 0.202256 0.088082 1 14 1.000000
  14 -1.061703 -5.028826 54.599449 -0.264469 -0.842126 -0.469978 0.355821 0.147455 1 14 1.000000
angel_face4
  14 -2.202118 -4.604406 54.800713 -0.372940 -0.761191 -0.530570 0.197556 0.175385 1 14 1.000000
  14 -1.061703 -5.028826 54.599449 -0.264469 -0.842126 -0.469978 0.355821 0.147455 1 14 1.000000
  14 -2.140718 -5.021639 55.565346 -0.327276 -0.855761 -0.400705 0.206077 0.281499 1 14 1.000000
angel_face4
  14 -2.140718 -5.021639 55.565346 -0.327276 -0.855761 -0.400705 0.206077 0.281499 1 14 1.000000
  14 -1.061703 -5.028826 54.599449 -0.264469 -0.842126 -0.469978 0.355821 0.147455 1 14 1.000000
  14 -0.642358 -5.524622 55.728153 -0.356211 -0.896309 -0.264089 0.414016 0.304094 1 14 1.000000
angel_face4
  14 -1.061703 -5.028826 54.599449 -0.264469 -0.842126 -0.469978 0.355821 0.147455 1 14 1.000000
  14 -0.000001 -5.190884 54.595909 -0.000001 -0.863507 -0.504337 0.503161 0.146963 1 14 1.000000
  14 -0.642358 -5.524622 55.728153 -0.356211 -0.896309 -0.264089 0.414016 0.304094 1 14 1.000000
angel_face4
  14 -0.000001 -5.591780 55.461597 -0.000004 -0.892523 -0.451001 0.503161 0.267102 1 14 1.000000
  14 -0.000001 -5.190884 54.595909 -0.000001 -0.863507 -0.504337 0.503161 0.146963 1 14 1.000000
  14 0.642355 -5.524622 55.728153 0.357919 -0.873349 -0.330387 0.592306 0.304094 1 14 1.000000
angel_face4
  14 -0.000001 -5.190884 54.595909 -0.000001 -0.863507 -0.504337 0.503161 0.146963 1 14 1.000000
  14 -0.000001 -5.591780 55.461597 -0.000004 -0.892523 -0.451001 0.503161 0.267102 1 14 1.000000
  14 -0.642358 -5.524622 55.728153 -0.356211 -0.896309 -0.264089 0.414016 0.304094 1 14 1.000000
angel_face4
  14 -0.000001 -5.591780 55.461597 -0.000004 -0.892523 -0.451001 0.503161 0.267102 1 14 1.000000
  14 0.642355 -5.524622 55.728153 0.357919 -0.873349 -0.330387 0.592306 0.304094 1 14 1.000000
  14 0.292286 -5.788764 55.930855 0.515147 -0.778848 -0.357799 0.535707 0.316229 1 14 1.000000
angel_face4
  14 0.642355 -5.524622 55.728153 0.357919 -0.873349 -0.330387 0.592306 0.304094 1 14 1.000000
  14 0.679312 -5.485503 56.175301 0.631180 -0.723016 0.280821 0.597435 0.350153 1 14 1.000000
  14 0.292286 -5.788764 55.930855 0.515147 -0.778848 -0.357799 0.535707 0.316229 1 14 1.000000
angel_face4
  14 -0.642358 -5.524622 55.728153 -0.356211 -0.896309 -0.264089 0.414016 0.304094 1 14 1.000000
  14 -0.000001 -5.591780 55.461597 -0.000004 -0.892523 -0.451001 0.503161 0.267102 1 14 1.000000
  14 -0.292289 -5.788764 55.930855 -0.515147 -0.778848 -0.357798 0.454581 0.316229 1 14 1.000000
angel_face4
  14 -0.642358 -5.524622 55.728153 -0.356211 -0.896309 -0.264089 0.414016 0.304094 1 14 1.000000
  14 -0.292289 -5.788764 55.930855 -0.515147 -0.778848 -0.357798 0.454581 0.316229 1 14 1.000000
  14 -0.679315 -5.485502 56.175301 -0.651914 -0.702618 0.285194 0.408887 0.350153 1 14 1.000000
angel_face4
  14 -0.000002 -5.843094 55.823479 -0.000002 -0.801471 -0.598033 0.495144 0.301327 1 14 1.000000
  14 -0.000001 -5.591780 55.461597 -0.000004 -0.892523 -0.451001 0.503161 0.267102 1 14 1.000000
  14 0.292286 -5.788764 55.930855 0.515147 -0.778848 -0.357799 0.535707 0.316229 1 14 1.000000
angel_face4
  14 -0.000001 -5.591780 55.461597 -0.000004 -0.892523 -0.451001 0.503161 0.267102 1 14 1.000000
  14 -0.000002 -5.843094 55.823479 -0.000002 -0.801471 -0.598033 0.495144 0.301327 1 14 1.000000
  14 -0.292289 -5.788764 55.930855 -0.515147 -0.778848 -0.357798 0.454581 0.316229 1 14 1.000000
angel_face4
  14 0.679312 -5.485503 56.175301 0.631180 -0.723016 0.280821 0.597435 0.350153 1 14 1.000000
  14 0.371366 -5.776317 56.203449 0.705007 -0.684262 0.186417 0.546682 0.354060 1 14 1.000000
  14 0.292286 -5.788764 55.930855 0.515147 -0.778848 -0.357799 0.535707 0.316229 1 14 1.000000
angel_face4
  14 0.292286 -5.788764 55.930855 0.515147 -0.778848 -0.357799 0.535707 0.316229 1 14 1.000000
  14 0.094975 -6.077538 56.155262 0.526984 -0.792736 -0.306362 0.508325 0.347372 1 14 1.000000
  14 -0.000002 -5.843094 55.823479 -0.000002 -0.801471 -0.598033 0.495144 0.301327 1 14 1.000000
angel_face4
  14 0.292286 -5.788764 55.930855 0.515147 -0.778848 -0.357799 0.535707 0.316229 1 14 1.000000
  14 0.371366 -5.776317 56.203449 0.705007 -0.684262 0.186417 0.546682 0.354060 1 14 1.000000
  14 0.094975 -6.077538 56.155262 0.526984 -0.792736 -0.306362 0.508325 0.347372 1 14 1.000000
angel_face4
  14 0.371366 -5.776317 56.203449 0.705007 -0.684262 0.186417 0.546682 0.354060 1 14 1.000000
  14 0.679312 -5.485503 56.175301 0.631180 -0.723016 0.280821 0.597435 0.350153 1 14 1.000000
  14 0.284669 -5.675274 56.455830 0.564060 -0.619205 0.546280 0.534650 0.389084 1 14 1.000000
angel_face4
  14 0.679312 -5.485503 56.175301 0.631180 -0.723016 0.280821 0.597435 0.350153 1 14 1.000000
  14 0.675177 -5.197083 56.578846 0.569317 -0.671022 0.474981 0.596861 0.406156 1 14 1.000000
  14 0.284669 -5.675274 56.455830 0.564060 -0.619205 0.546280 0.534650 0.389084 1 14 1.000000
angel_face4
  14 0.284669 -5.675274 56.455830 0.564060 -0.619205 0.546280 0.534650 0.389084 1 14 1.000000
  14 0.675177 -5.197083 56.578846 0.569317 -0.671022 0.474981 0.596861 0.406156 1 14 1.000000
  14 0.197979 -5.510900 56.731319 0.479116 -0.663385 0.574776 0.530637 0.427316 1 14 1.000000
angel_face4
  14 0.284669 -5.675274 56.455830 0.564060 -0.619205 0.546280 0.534650 0.389084 1 14 1.000000
  14 0.197979 -5.510900 56.731319 0.479116 -0.663385 0.574776 0.530637 0.427316 1 14 1.000000
  14 -0.000002 -5.802616 56.544170 -0.000003 -0.649286 0.760544 0.495144 0.401345 1 14 1.000000
angel_face4
  14 -0.000002 -5.802616 56.544170 -0.000003 -0.649286 0.760544 0.495144 0.401345 1 14 1.000000
  14 0.197979 -5.510900 56.731319 0.479116 -0.663385 0.574776 0.530637 0.427316 1 14 1.000000
  14 -0.000001 -5.567280 56.778732 -0.000859 -0.706493 0.707720 0.503161 0.433896 1 14 1.000000
angel_face4
  14 -0.197982 -5.510900 56.731319 -0.489634 -0.658610 0.571394 0.475686 0.427316 1 14 1.000000
  14 -0.000002 -5.802616 56.544170 -0.000003 -0.649286 0.760544 0.495144 0.401345 1 14 1.000000
  14 -0.000001 -5.567280 56.778732 -0.000859 -0.706493 0.707720 0.503161 0.433896 1 14 1.000000
angel_face4
  14 0.284669 -5.675274 56.455830 0.564060 -0.619205 0.546280 0.534650 0.389084 1 14 1.000000
  14 0.080139 -6.035256 56.337387 0.528455 -0.599811 0.600801 0.506266 0.372647 1 14 1.000000
  14 0.371366 -5.776317 56.203449 0.705007 -0.684262 0.186417 0.546682 0.354060 1 14 1.000000
angel_face4
  14 0.284669 -5.675274 56.455830 0.564060 -0.619205 0.546280 0.534650 0.389084 1 14 1.000000
  14 -0.000002 -5.802616 56.544170 -0.000003 -0.649286 0.760544 0.495144 0.401345 1 14 1.000000
  14 0.080139 -6.035256 56.337387 0.528455 -0.599811 0.600801 0.506266 0.372647 1 14 1.000000
angel_face4
  14 0.080139 -6.035256 56.337387 0.528455 -0.599811 0.600801 0.506266 0.372647 1 14 1.000000
  14 0.106900 -6.079550 56.247898 0.611208 -0.764701 0.204100 0.509979 0.360228 1 14 1.000000
  14 0.371366 -5.776317 56.203449 0.705007 -0.684262 0.186417 0.546682 0.354060 1 14 1.000000
angel_face4
  14 0.371366 -5.776317 56.203449 0.705007 -0.684262 0.186417 0.546682 0.354060 1 14 1.000000
  14 0.106900 -6.079550 56.247898 0.611208 -0.764701 0.204100 0.509979 0.360228 1 14 1.000000
  14 0.094975 -6.077538 56.155262 0.526984 -0.792736 -0.306362 0.508325 0.347372 1 14 1.000000
angel_face4
  14 -0.000002 -5.802616 56.544170 -0.000003 -0.649286 0.760544 0.495144 0.401345 1 14 1.000000
  14 -0.000002 -6.067651 56.350140 0.000009 -0.713740 0.700411 0.495144 0.374417 1 14 1.000000
  14 0.080139 -6.035256 56.337387 0.528455 -0.599811 0.600801 0.506266 0.372647 1 14 1.000000
angel_face4
  14 -0.197982 -5.510900 56.731319 -0.489634 -0.658610 0.571394 0.475686 0.427316 1 14 1.000000
  14 -0.284672 -5.675275 56.455830 -0.564062 -0.619204 0.546279 0.455638 0.389084 1 14 1.000000
  14 -0.000002 -5.802616 56.544170 -0.000003 -0.649286 0.760544 0.495144 0.401345 1 14 1.000000
angel_face4
  14 -0.675180 -5.197082 56.578846 -0.564519 -0.668705 0.483893 0.409461 0.406156 1 14 1.000000
  14 -0.284672 -5.675275 56.455830 -0.564062 -0.619204 0.546279 0.455638 0.389084 1 14 1.000000
  14 -0.197982 -5.510900 56.731319 -0.489634 -0.658610 0.571394 0.475686 0.427316 1 14 1.000000
angel_face4
  14 -0.675180 -5.197082 56.578846 -0.564519 -0.668705 0.483893 0.409461 0.406156 1 14 1.000000
  14 -0.679315 -5.485502 56.175301 -0.651914 -0.702618 0.285194 0.408887 0.350153 1 14 1.000000
  14 -0.284672 -5.675275 56.455830 -0.564062 -0.619204 0.546279 0.455638 0.389084 1 14 1.000000
angel_face4
  14 -0.000002 -5.802616 56.544170 -0.000003 -0.649286 0.760544 0.495144 0.401345 1 14 1.000000
  14 -0.284672 -5.675275 56.455830 -0.564062 -0.619204 0.546279 0.455638 0.389084 1 14 1.000000
  14 -0.080142 -6.035257 56.337387 -0.531714 -0.605010 0.592658 0.484022 0.372647 1 14 1.000000
angel_face4
  14 -0.000002 -6.067651 56.350140 0.000009 -0.713740 0.700411 0.495144 0.374417 1 14 1.000000
  14 -0.000002 -5.802616 56.544170 -0.000003 -0.649286 0.760544 0.495144 0.401345 1 14 1.000000
  14 -0.080142 -6.035257 56.337387 -0.531714 -0.605010 0.592658 0.484022 0.372647 1 14 1.000000
angel_face4
  14 -0.679315 -5.485502 56.175301 -0.651914 -0.702618 0.285194 0.408887 0.350153 1 14 1.000000
  14 -0.371369 -5.776316 56.203449 -0.705005 -0.684265 0.186414 0.443606 0.354060 1 14 1.000000
  14 -0.284672 -5.675275 56.455830 -0.564062 -0.619204 0.546279 0.455638 0.389084 1 14 1.000000
angel_face4
  14 -0.284672 -5.675275 56.455830 -0.564062 -0.619204 0.546279 0.455638 0.389084 1 14 1.000000
  14 -0.371369 -5.776316 56.203449 -0.705005 -0.684265 0.186414 0.443606 0.354060 1 14 1.000000
  14 -0.080142 -6.035257 56.337387 -0.531714 -0.605010 0.592658 0.484022 0.372647 1 14 1.000000
angel_face4
  14 -0.292289 -5.788764 55.930855 -0.515147 -0.778848 -0.357798 0.454581 0.316229 1 14 1.000000
  14 -0.371369 -5.776316 56.203449 -0.705005 -0.684265 0.186414 0.443606 0.354060 1 14 1.000000
  14 -0.679315 -5.485502 56.175301 -0.651914 -0.702618 0.285194 0.408887 0.350153 1 14 1.000000
angel_face4
  14 0.080139 -6.035256 56.337387 0.528455 -0.599811 0.600801 0.506266 0.372647 1 14 1.000000
  14 -0.000002 -6.067651 56.350140 0.000009 -0.713740 0.700411 0.495144 0.374417 1 14 1.000000
  14 -0.000002 -6.123234 56.279137 0.000000 -0.950099 0.311947 0.495144 0.364563 1 14 1.000000
angel_face4
  14 -0.000002 -6.123234 56.279137 0.000000 -0.950099 0.311947 0.495144 0.364563 1 14 1.000000
  14 -0.000002 -6.067651 56.350140 0.000009 -0.713740 0.700411 0.495144 0.374417 1 14 1.000000
  14 -0.080142 -6.035257 56.337387 -0.531714 -0.605010 0.592658 0.484022 0.372647 1 14 1.000000
angel_face4
  14 0.106900 -6.079550 56.247898 0.611208 -0.764701 0.204100 0.509979 0.360228 1 14 1.000000
  14 0.080139 -6.035256 56.337387 0.528455 -0.599811 0.600801 0.506266 0.372647 1 14 1.000000
  14 -0.000002 -6.123234 56.279137 0.000000 -0.950099 0.311947 0.495144 0.364563 1 14 1.000000
angel_face4
  14 -0.371369 -5.776316 56.203449 -0.705005 -0.684265 0.186414 0.443606 0.354060 1 14 1.000000
  14 -0.106903 -6.079551 56.247898 -0.611250 -0.775832 0.156391 0.480308 0.360228 1 14 1.000000
  14 -0.080142 -6.035257 56.337387 -0.531714 -0.605010 0.592658 0.484022 0.372647 1 14 1.000000
angel_face4
  14 -0.106903 -6.079551 56.247898 -0.611250 -0.775832 0.156391 0.480308 0.360228 1 14 1.000000
  14 -0.000002 -6.123234 56.279137 0.000000 -0.950099 0.311947 0.495144 0.364563 1 14 1.000000
  14 -0.080142 -6.035257 56.337387 -0.531714 -0.605010 0.592658 0.484022 0.372647 1 14 1.000000
angel_face4
  14 -0.371369 -5.776316 56.203449 -0.705005 -0.684265 0.186414 0.443606 0.354060 1 14 1.000000
  14 -0.292289 -5.788764 55.930855 -0.515147 -0.778848 -0.357798 0.454581 0.316229 1 14 1.000000
  14 -0.094978 -6.077538 56.155262 -0.526979 -0.792743 -0.306353 0.481963 0.347372 1 14 1.000000
angel_face4
  14 -0.106903 -6.079551 56.247898 -0.611250 -0.775832 0.156391 0.480308 0.360228 1 14 1.000000
  14 -0.371369 -5.776316 56.203449 -0.705005 -0.684265 0.186414 0.443606 0.354060 1 14 1.000000
  14 -0.094978 -6.077538 56.155262 -0.526979 -0.792743 -0.306353 0.481963 0.347372 1 14 1.000000
angel_face4
  14 -0.292289 -5.788764 55.930855 -0.515147 -0.778848 -0.357798 0.454581 0.316229 1 14 1.000000
  14 -0.000002 -5.843094 55.823479 -0.000002 -0.801471 -0.598033 0.495144 0.301327 1 14 1.000000
  14 -0.094978 -6.077538 56.155262 -0.526979 -0.792743 -0.306353 0.481963 0.347372 1 14 1.000000
angel_face4
  14 -0.000002 -6.120064 56.141296 -0.000001 -0.931441 -0.363892 0.495144 0.345434 1 14 1.000000
  14 -0.000002 -6.123234 56.279137 0.000000 -0.950099 0.311947 0.495144 0.364563 1 14 1.000000
  14 -0.106903 -6.079551 56.247898 -0.611250 -0.775832 0.156391 0.480308 0.360228 1 14 1.000000
angel_face4
  14 0.106900 -6.079550 56.247898 0.611208 -0.764701 0.204100 0.509979 0.360228 1 14 1.000000
  14 -0.000002 -6.123234 56.279137 0.000000 -0.950099 0.311947 0.495144 0.364563 1 14 1.000000
  14 -0.000002 -6.120064 56.141296 -0.000001 -0.931441 -0.363892 0.495144 0.345434 1 14 1.000000
angel_face4
  14 -0.094978 -6.077538 56.155262 -0.526979 -0.792743 -0.306353 0.481963 0.347372 1 14 1.000000
  14 -0.000002 -6.120064 56.141296 -0.000001 -0.931441 -0.363892 0.495144 0.345434 1 14 1.000000
  14 -0.106903 -6.079551 56.247898 -0.611250 -0.775832 0.156391 0.480308 0.360228 1 14 1.000000
angel_face4
  14 -0.000002 -5.843094 55.823479 -0.000002 -0.801471 -0.598033 0.495144 0.301327 1 14 1.000000
  14 -0.000002 -6.120064 56.141296 -0.000001 -0.931441 -0.363892 0.495144 0.345434 1 14 1.000000
  14 -0.094978 -6.077538 56.155262 -0.526979 -0.792743 -0.306353 0.481963 0.347372 1 14 1.000000
angel_face4
  14 0.094975 -6.077538 56.155262 0.526984 -0.792736 -0.306362 0.508325 0.347372 1 14 1.000000
  14 0.106900 -6.079550 56.247898 0.611208 -0.764701 0.204100 0.509979 0.360228 1 14 1.000000
  14 -0.000002 -6.120064 56.141296 -0.000001 -0.931441 -0.363892 0.495144 0.345434 1 14 1.000000
angel_face4
  14 0.094975 -6.077538 56.155262 0.526984 -0.792736 -0.306362 0.508325 0.347372 1 14 1.000000
  14 -0.000002 -6.120064 56.141296 -0.000001 -0.931441 -0.363892 0.495144 0.345434 1 14 1.000000
  14 -0.000002 -5.843094 55.823479 -0.000002 -0.801471 -0.598033 0.495144 0.301327 1 14 1.000000
angel_face4
  14 3.016684 -4.278167 55.535542 0.721602 -0.690325 -0.052363 0.921811 0.277364 1 14 1.000000
  14 2.140716 -5.021640 55.565346 0.522262 -0.846273 0.105185 0.800246 0.281499 1 14 1.000000
  14 2.202116 -4.604407 54.800713 0.575297 -0.702344 -0.419220 0.808767 0.175385 1 14 1.000000
angel_face4
  14 2.140716 -5.021640 55.565346 0.522262 -0.846273 0.105185 0.800246 0.281499 1 14 1.000000
  14 3.016684 -4.278167 55.535542 0.721602 -0.690325 -0.052363 0.921811 0.277364 1 14 1.000000
  14 2.024915 -4.915254 56.163902 0.449994 -0.825914 0.339663 0.784175 0.348571 1 14 1.000000
angel_face4
  14 0.642355 -5.524622 55.728153 0.390814 -0.912370 0.121840 0.592306 0.304094 1 14 1.000000
  14 2.140716 -5.021640 55.565346 0.522262 -0.846273 0.105185 0.800246 0.281499 1 14 1.000000
  14 2.024915 -4.915254 56.163902 0.449994 -0.825914 0.339663 0.784175 0.348571 1 14 1.000000
angel_face4
  14 0.679312 -5.485503 56.175301 0.405061 -0.879095 0.251233 0.597435 0.350153 1 14 1.000000
  14 0.642355 -5.524622 55.728153 0.390814 -0.912370 0.121840 0.592306 0.304094 1 14 1.000000
  14 2.024915 -4.915254 56.163902 0.449994 -0.825914 0.339663 0.784175 0.348571 1 14 1.000000
angel_face4
  14 0.679312 -5.485503 56.175301 0.405061 -0.879095 0.251233 0.597435 0.350153 1 14 1.000000
  14 2.024915 -4.915254 56.163902 0.449994 -0.825914 0.339663 0.784175 0.348571 1 14 1.000000
  14 0.675177 -5.197083 56.578846 0.513493 -0.782444 0.352287 0.596861 0.406156 1 14 1.000000
angel_face4
  14 3.104547 -4.114918 55.050995 0.769116 -0.481278 -0.420514 0.934004 0.210119 1 14 1.000000
  14 3.016684 -4.278167 55.535542 0.721602 -0.690325 -0.052363 0.921811 0.277364 1 14 1.000000
  14 2.202116 -4.604407 54.800713 0.575297 -0.702344 -0.419220 0.808767 0.175385 1 14 1.000000
angel_face4
  14 2.168253 -4.028371 54.171623 0.557262 -0.510437 -0.654914 0.804067 0.088082 1 14 1.000000
  14 3.104547 -4.114918 55.050995 0.769116 -0.481278 -0.420514 0.934004 0.210119 1 14 1.000000
  14 2.202116 -4.604407 54.800713 0.575297 -0.702344 -0.419220 0.808767 0.175385 1 14 1.000000
angel_face4
  14 3.046181 -3.637735 54.818295 0.793960 -0.319579 -0.517201 0.925904 0.177825 1 14 1.000000
  14 3.104547 -4.114918 55.050995 0.769116 -0.481278 -0.420514 0.934004 0.210119 1 14 1.000000
  14 2.168253 -4.028371 54.171623 0.557262 -0.510437 -0.654914 0.804067 0.088082 1 14 1.000000
angel_face4
  14 3.104547 -4.114918 55.050995 0.769116 -0.481278 -0.420514 0.934004 0.210119 1 14 1.000000
  14 3.408404 -3.829739 56.157665 0.776868 -0.613457 0.141938 0.976173 0.347705 1 14 1.000000
  14 3.016684 -4.278167 55.535542 0.721602 -0.690325 -0.052363 0.921811 0.277364 1 14 1.000000
angel_face4
  14 3.016684 -4.278167 55.535542 0.721602 -0.690325 -0.052363 0.921811 0.277364 1 14 1.000000
  14 3.408404 -3.829739 56.157665 0.776868 -0.613457 0.141938 0.976173 0.347705 1 14 1.000000
  14 2.024915 -4.915254 56.163902 0.449994 -0.825914 0.339663 0.784175 0.348571 1 14 1.000000
angel_face4
  14 3.046181 -3.637735 54.818295 0.793960 -0.319579 -0.517201 0.925904 0.177825 1 14 1.000000
  14 3.639763 -3.285067 56.264263 0.896455 -0.441704 -0.035596 1.008280 0.362499 1 14 1.000000
  14 3.104547 -4.114918 55.050995 0.769116 -0.481278 -0.420514 0.934004 0.210119 1 14 1.000000
angel_face4
  14 3.639763 -3.285067 56.264263 0.896455 -0.441704 -0.035596 1.008280 0.362499 1 14 1.000000
  14 3.408404 -3.829739 56.157665 0.776868 -0.613457 0.141938 0.976173 0.347705 1 14 1.000000
  14 3.104547 -4.114918 55.050995 0.769116 -0.481278 -0.420514 0.934004 0.210119 1 14 1.000000
angel_face4
  14 3.452384 -3.101165 55.425793 0.890735 -0.359639 -0.277941 0.982276 0.262133 1 14 1.000000
  14 3.639763 -3.285067 56.264263 0.896455 -0.441704 -0.035596 1.008280 0.362499 1 14 1.000000
  14 3.046181 -3.637735 54.818295 0.793960 -0.319579 -0.517201 0.925904 0.177825 1 14 1.000000
angel_face4
  14 2.024915 -4.915254 56.163902 0.449994 -0.825914 0.339663 0.784175 0.348571 1 14 1.000000
  14 3.408404 -3.829739 56.157665 0.776868 -0.613457 0.141938 0.976173 0.347705 1 14 1.000000
  14 1.916271 -4.632314 56.525982 0.449396 -0.810410 0.375870 0.769098 0.398820 1 14 1.000000
angel_face4
  14 2.024915 -4.915254 56.163902 0.449994 -0.825914 0.339663 0.784175 0.348571 1 14 1.000000
  14 1.916271 -4.632314 56.525982 0.449396 -0.810410 0.375870 0.769098 0.398820 1 14 1.000000
  14 0.675177 -5.197083 56.578846 0.513493 -0.782444 0.352287 0.596861 0.406156 1 14 1.000000
angel_face4
  14 3.297557 -3.700156 56.640820 0.704385 -0.698347 0.127093 0.960790 0.414756 1 14 1.000000
  14 3.408404 -3.829739 56.157665 0.776868 -0.613457 0.141938 0.976173 0.347705 1 14 1.000000
  14 3.639763 -3.285067 56.264263 0.896455 -0.441704 -0.035596 1.008280 0.362499 1 14 1.000000
angel_face4
  14 3.408404 -3.829739 56.157665 0.776868 -0.613457 0.141938 0.976173 0.347705 1 14 1.000000
  14 3.297557 -3.700156 56.640820 0.704385 -0.698347 0.127093 0.960790 0.414756 1 14 1.000000
  14 1.916271 -4.632314 56.525982 0.449396 -0.810410 0.375870 0.769098 0.398820 1 14 1.000000
angel_face4
  14 3.596734 -3.292454 56.965054 0.816195 -0.573278 -0.071959 1.002309 0.459753 1 14 1.000000
  14 3.297557 -3.700156 56.640820 0.704385 -0.698347 0.127093 0.960790 0.414756 1 14 1.000000
  14 3.639763 -3.285067 56.264263 0.896455 -0.441704 -0.035596 1.008280 0.362499 1 14 1.000000
angel_face4
  14 3.481646 -3.775827 58.138573 0.752862 -0.635507 -0.171261 0.986337 0.622612 1 14 1.000000
  14 3.297557 -3.700156 56.640820 0.704385 -0.698347 0.127093 0.960790 0.414756 1 14 1.000000
  14 3.596734 -3.292454 56.965054 0.816195 -0.573278 -0.071959 1.002309 0.459753 1 14 1.000000
angel_face4
  14 3.777699 -3.373264 58.455074 0.836450 -0.525768 -0.154663 1.015969 0.666535 1 14 1.000000
  14 3.481646 -3.775827 58.138573 0.752862 -0.635507 -0.171261 0.986337 0.622612 1 14 1.000000
  14 3.596734 -3.292454 56.965054 0.816195 -0.573278 -0.071959 1.002309 0.459753 1 14 1.000000
angel_face4
  14 3.481646 -3.775827 58.138573 0.752862 -0.635507 -0.171261 0.986337 0.622612 1 14 1.000000
  14 3.777699 -3.373264 58.455074 0.836450 -0.525768 -0.154663 1.015969 0.666535 1 14 1.000000
  14 3.281443 -4.352128 59.072151 0.662145 -0.721514 -0.202439 0.958553 0.752172 1 14 1.000000
angel_face4
  14 3.777699 -3.373264 58.455074 0.836450 -0.525768 -0.154663 1.015969 0.666535 1 14 1.000000
  14 3.620227 -4.024195 59.906544 0.701790 -0.711002 -0.044358 1.005569 0.867967 1 14 1.000000
  14 3.281443 -4.352128 59.072151 0.662145 -0.721514 -0.202439 0.958553 0.752172 1 14 1.000000
angel_face4
  14 3.297557 -3.700156 56.640820 0.704385 -0.698347 0.127093 0.960790 0.414756 1 14 1.000000
  14 3.481646 -3.775827 58.138573 0.752862 -0.635507 -0.171261 0.986337 0.622612 1 14 1.000000
  14 3.140916 -4.010108 57.945465 0.535351 -0.820825 -0.199114 0.939051 0.595812 1 14 1.000000
angel_face4
  14 1.916271 -4.632314 56.525982 0.449396 -0.810410 0.375870 0.769098 0.398820 1 14 1.000000
  14 3.297557 -3.700156 56.640820 0.704385 -0.698347 0.127093 0.960790 0.414756 1 14 1.000000
  14 3.003905 -3.945405 56.871315 0.539198 -0.841690 -0.028698 0.920037 0.446744 1 14 1.000000
angel_face4
  14 3.003905 -3.945405 56.871315 0.539198 -0.841690 -0.028698 0.920037 0.446744 1 14 1.000000
  14 3.297557 -3.700156 56.640820 0.704385 -0.698347 0.127093 0.960790 0.414756 1 14 1.000000
  14 3.140916 -4.010108 57.945465 0.535351 -0.820825 -0.199114 0.939051 0.595812 1 14 1.000000
angel_face4
  14 1.915626 -4.548455 56.857224 0.437598 -0.896496 0.069307 0.769008 0.444788 1 14 1.000000
  14 1.916271 -4.632314 56.525982 0.449396 -0.810410 0.375870 0.769098 0.398820 1 14 1.000000
  14 3.003905 -3.945405 56.871315 0.539198 -0.841690 -0.028698 0.920037 0.446744 1 14 1.000000
angel_face4
  14 3.140916 -4.010108 57.945465 0.535351 -0.820825 -0.199114 0.939051 0.595812 1 14 1.000000
  14 3.481646 -3.775827 58.138573 0.752862 -0.635507 -0.171261 0.986337 0.622612 1 14 1.000000
  14 2.998712 -4.224357 58.387352 0.480097 -0.815832 -0.322373 0.919317 0.657137 1 14 1.000000
angel_face4
  14 3.481646 -3.775827 58.138573 0.752862 -0.635507 -0.171261 0.986337 0.622612 1 14 1.000000
  14 3.281443 -4.352128 59.072151 0.662145 -0.721514 -0.202439 0.958553 0.752172 1 14 1.000000
  14 2.998712 -4.224357 58.387352 0.480097 -0.815832 -0.322373 0.919317 0.657137 1 14 1.000000
angel_face4
  14 3.140916 -4.010108 57.945465 0.535351 -0.820825 -0.199114 0.939051 0.595812 1 14 1.000000
  14 1.907103 -4.558095 57.640064 0.372795 -0.922266 -0.102221 0.767825 0.553430 1 14 1.000000
  14 3.003905 -3.945405 56.871315 0.539198 -0.841690 -0.028698 0.920037 0.446744 1 14 1.000000
angel_face4
  14 1.907103 -4.558095 57.640064 0.372795 -0.922266 -0.102221 0.767825 0.553430 1 14 1.000000
  14 1.915626 -4.548455 56.857224 0.437598 -0.896496 0.069307 0.769008 0.444788 1 14 1.000000
  14 3.003905 -3.945405 56.871315 0.539198 -0.841690 -0.028698 0.920037 0.446744 1 14 1.000000
angel_face4
  14 3.140916 -4.010108 57.945465 0.535351 -0.820825 -0.199114 0.939051 0.595812 1 14 1.000000
  14 2.998712 -4.224357 58.387352 0.480097 -0.815832 -0.322373 0.919317 0.657137 1 14 1.000000
  14 1.907103 -4.558095 57.640064 0.372795 -0.922266 -0.102221 0.767825 0.553430 1 14 1.000000
angel_face4
  14 1.915626 -4.548455 56.857224 0.437598 -0.896496 0.069307 0.769008 0.444788 1 14 1.000000
  14 1.016595 -4.909153 56.882683 0.399568 -0.906288 0.137796 0.644243 0.448322 1 14 1.000000
  14 1.916271 -4.632314 56.525982 0.449396 -0.810410 0.375870 0.769098 0.398820 1 14 1.000000
angel_face4
  14 1.915626 -4.548455 56.857224 0.437598 -0.896496 0.069307 0.769008 0.444788 1 14 1.000000
  14 1.907103 -4.558095 57.640064 0.372795 -0.922266 -0.102221 0.767825 0.553430 1 14 1.000000
  14 1.016595 -4.909153 56.882683 0.399568 -0.906288 0.137796 0.644243 0.448322 1 14 1.000000
angel_face4
  14 1.016595 -4.909153 56.882683 0.399568 -0.906288 0.137796 0.644243 0.448322 1 14 1.000000
  14 0.675177 -5.197083 56.578846 0.513493 -0.782444 0.352287 0.596861 0.406156 1 14 1.000000
  14 1.916271 -4.632314 56.525982 0.449396 -0.810410 0.375870 0.769098 0.398820 1 14 1.000000
angel_face4
  14 2.998712 -4.224357 58.387352 0.480097 -0.815832 -0.322373 0.919317 0.657137 1 14 1.000000
  14 3.281443 -4.352128 59.072151 0.662145 -0.721514 -0.202439 0.958553 0.752172 1 14 1.000000
  14 1.853564 -4.723563 58.352081 0.395018 -0.851333 -0.345244 0.760396 0.652243 1 14 1.000000
angel_face4
  14 2.998712 -4.224357 58.387352 0.480097 -0.815832 -0.322373 0.919317 0.657137 1 14 1.000000
  14 1.853564 -4.723563 58.352081 0.395018 -0.851333 -0.345244 0.760396 0.652243 1 14 1.000000
  14 1.907103 -4.558095 57.640064 0.372795 -0.922266 -0.102221 0.767825 0.553430 1 14 1.000000
angel_face4
  14 1.907103 -4.558095 57.640064 0.372795 -0.922266 -0.102221 0.767825 0.553430 1 14 1.000000
  14 0.883253 -4.922251 57.637547 0.456305 -0.887265 -0.067426 0.625738 0.553080 1 14 1.000000
  14 1.016595 -4.909153 56.882683 0.399568 -0.906288 0.137796 0.644243 0.448322 1 14 1.000000
angel_face4
  14 0.602686 -5.040110 57.582817 0.460766 -0.887516 -0.003247 0.586801 0.545485 1 14 1.000000
  14 0.675177 -5.197083 56.578846 0.513493 -0.782444 0.352287 0.596861 0.406156 1 14 1.000000
  14 1.016595 -4.909153 56.882683 0.399568 -0.906288 0.137796 0.644243 0.448322 1 14 1.000000
angel_face4
  14 0.883253 -4.922251 57.637547 0.456305 -0.887265 -0.067426 0.625738 0.553080 1 14 1.000000
  14 0.602686 -5.040110 57.582817 0.460766 -0.887516 -0.003247 0.586801 0.545485 1 14 1.000000
  14 1.016595 -4.909153 56.882683 0.399568 -0.906288 0.137796 0.644243 0.448322 1 14 1.000000
angel_face4
  14 0.675177 -5.197083 56.578846 0.513493 -0.782444 0.352287 0.596861 0.406156 1 14 1.000000
  14 0.602686 -5.040110 57.582817 0.460766 -0.887516 -0.003247 0.586801 0.545485 1 14 1.000000
  14 0.197979 -5.510900 56.731319 0.450475 -0.854278 0.259386 0.530637 0.427316 1 14 1.000000
angel_face4
  14 1.025585 -5.012764 58.268372 0.395074 -0.851270 -0.345335 0.645490 0.640625 1 14 1.000000
  14 0.883253 -4.922251 57.637547 0.456305 -0.887265 -0.067426 0.625738 0.553080 1 14 1.000000
  14 1.907103 -4.558095 57.640064 0.372795 -0.922266 -0.102221 0.767825 0.553430 1 14 1.000000
angel_face4
  14 1.853564 -4.723563 58.352081 0.395018 -0.851333 -0.345244 0.760396 0.652243 1 14 1.000000
  14 1.025585 -5.012764 58.268372 0.395074 -0.851270 -0.345335 0.645490 0.640625 1 14 1.000000
  14 1.907103 -4.558095 57.640064 0.372795 -0.922266 -0.102221 0.767825 0.553430 1 14 1.000000
angel_face4
  14 0.883253 -4.922251 57.637547 0.456305 -0.887265 -0.067426 0.625738 0.553080 1 14 1.000000
  14 1.025585 -5.012764 58.268372 0.395074 -0.851270 -0.345335 0.645490 0.640625 1 14 1.000000
  14 0.602686 -5.040110 57.582817 0.460766 -0.887516 -0.003247 0.586801 0.545485 1 14 1.000000
angel_face4
  14 3.281443 -4.352128 59.072151 0.662145 -0.721514 -0.202439 0.958553 0.752172 1 14 1.000000
  14 1.817188 -5.358824 59.241684 0.343926 -0.897181 -0.277093 0.755347 0.775700 1 14 1.000000
  14 1.853564 -4.723563 58.352081 0.395018 -0.851333 -0.345244 0.760396 0.652243 1 14 1.000000
angel_face4
  14 1.853564 -4.723563 58.352081 0.395018 -0.851333 -0.345244 0.760396 0.652243 1 14 1.000000
  14 1.817188 -5.358824 59.241684 0.343926 -0.897181 -0.277093 0.755347 0.775700 1 14 1.000000
  14 1.025585 -5.012764 58.268372 0.395074 -0.851270 -0.345335 0.645490 0.640625 1 14 1.000000
angel_face4
  14 1.869590 -5.467662 60.165703 0.425609 -0.903961 -0.041363 0.762619 0.903933 1 14 1.000000
  14 1.817188 -5.358824 59.241684 0.343926 -0.897181 -0.277093 0.755347 0.775700 1 14 1.000000
  14 3.281443 -4.352128 59.072151 0.662145 -0.721514 -0.202439 0.958553 0.752172 1 14 1.000000
angel_face4
  14 3.620227 -4.024195 59.906544 0.701790 -0.711002 -0.044358 1.005569 0.867967 1 14 1.000000
  14 1.869590 -5.467662 60.165703 0.425609 -0.903961 -0.041363 0.762619 0.903933 1 14 1.000000
  14 3.281443 -4.352128 59.072151 0.662145 -0.721514 -0.202439 0.958553 0.752172 1 14 1.000000
angel_face4
  14 3.620227 -4.024195 59.906544 0.701790 -0.711002 -0.044358 1.005569 0.867967 1 14 1.000000
  14 3.398415 -4.254890 60.966312 0.464091 -0.884680 -0.044276 0.974787 0.993125 1 14 1.000000
  14 1.869590 -5.467662 60.165703 0.425609 -0.903961 -0.041363 0.762619 0.903933 1 14 1.000000
angel_face4
  14 3.398415 -4.254890 60.966312 0.464091 -0.884680 -0.044276 0.974787 0.993125 1 14 1.000000
  14 2.127992 -5.211776 61.196514 0.165949 -0.982081 0.089319 0.798480 0.993125 1 14 1.000000
  14 1.869590 -5.467662 60.165703 0.425609 -0.903961 -0.041363 0.762619 0.903933 1 14 1.000000
angel_face4
  14 1.025585 -5.012764 58.268372 0.395074 -0.851270 -0.345335 0.645490 0.640625 1 14 1.000000
  14 0.748917 -5.404491 58.762543 0.213381 -0.930153 -0.298805 0.607095 0.709206 1 14 1.000000
  14 0.602686 -5.040110 57.582817 0.460766 -0.887516 -0.003247 0.586801 0.545485 1 14 1.000000
angel_face4
  14 1.817188 -5.358824 59.241684 0.343926 -0.897181 -0.277093 0.755347 0.775700 1 14 1.000000
  14 0.748917 -5.404491 58.762543 0.213381 -0.930153 -0.298805 0.607095 0.709206 1 14 1.000000
  14 1.025585 -5.012764 58.268372 0.395074 -0.851270 -0.345335 0.645490 0.640625 1 14 1.000000
angel_face4
  14 -0.000002 -5.647226 61.375217 0.000036 -0.987088 -0.160177 0.503161 0.993125 1 14 1.000000
  14 1.869590 -5.467662 60.165703 0.425609 -0.903961 -0.041363 0.762619 0.903933 1 14 1.000000
  14 2.127992 -5.211776 61.196514 0.165949 -0.982081 0.089319 0.798480 0.993125 1 14 1.000000
angel_face4
  14 1.869590 -5.467662 60.165703 0.425609 -0.903961 -0.041363 0.762619 0.903933 1 14 1.000000
  14 0.797731 -5.614420 59.705402 0.112457 -0.988909 -0.097017 0.613869 0.840054 1 14 1.000000
  14 1.817188 -5.358824 59.241684 0.343926 -0.897181 -0.277093 0.755347 0.775700 1 14 1.000000
angel_face4
  14 0.797731 -5.614420 59.705402 0.112457 -0.988909 -0.097017 0.613869 0.840054 1 14 1.000000
  14 1.869590 -5.467662 60.165703 0.425609 -0.903961 -0.041363 0.762619 0.903933 1 14 1.000000
  14 -0.000002 -5.647226 61.375217 0.000036 -0.987088 -0.160177 0.503161 0.993125 1 14 1.000000
angel_face4
  14 0.797731 -5.614420 59.705402 0.112457 -0.988909 -0.097017 0.613869 0.840054 1 14 1.000000
  14 0.748917 -5.404491 58.762543 0.213381 -0.930153 -0.298805 0.607095 0.709206 1 14 1.000000
  14 1.817188 -5.358824 59.241684 0.343926 -0.897181 -0.277093 0.755347 0.775700 1 14 1.000000
angel_face4
  14 0.797731 -5.614420 59.705402 0.112457 -0.988909 -0.097017 0.613869 0.840054 1 14 1.000000
  14 -0.000002 -5.647226 61.375217 0.000036 -0.987088 -0.160177 0.503161 0.993125 1 14 1.000000
  14 -0.000002 -5.655474 59.667133 0.029650 -0.994291 -0.102502 0.503161 0.834742 1 14 1.000000
angel_face4
  14 0.797731 -5.614420 59.705402 0.112457 -0.988909 -0.097017 0.613869 0.840054 1 14 1.000000
  14 -0.000002 -5.655474 59.667133 0.029650 -0.994291 -0.102502 0.503161 0.834742 1 14 1.000000
  14 0.748917 -5.404491 58.762543 0.213381 -0.930153 -0.298805 0.607095 0.709206 1 14 1.000000
angel_face4
  14 0.156302 -5.256237 57.564823 0.296524 -0.952953 0.062886 0.524853 0.542988 1 14 1.000000
  14 0.602686 -5.040110 57.582817 0.460766 -0.887516 -0.003247 0.586801 0.545485 1 14 1.000000
  14 0.748917 -5.404491 58.762543 0.213381 -0.930153 -0.298805 0.607095 0.709206 1 14 1.000000
angel_face4
  14 0.602686 -5.040110 57.582817 0.460766 -0.887516 -0.003247 0.586801 0.545485 1 14 1.000000
  14 0.156302 -5.256237 57.564823 0.296524 -0.952953 0.062886 0.524853 0.542988 1 14 1.000000
  14 0.197979 -5.510900 56.731319 0.450475 -0.854278 0.259386 0.530637 0.427316 1 14 1.000000
angel_face4
  14 0.197979 -5.510900 56.731319 0.450475 -0.854278 0.259386 0.530637 0.427316 1 14 1.000000
  14 0.156302 -5.256237 57.564823 0.296524 -0.952953 0.062886 0.524853 0.542988 1 14 1.000000
  14 -0.000001 -5.567280 56.778732 0.000862 -0.950521 0.310660 0.503161 0.433896 1 14 1.000000
angel_face4
  14 -0.000002 -5.482341 58.813820 0.000010 -0.975712 -0.219057 0.503161 0.716322 1 14 1.000000
  14 0.156302 -5.256237 57.564823 0.296524 -0.952953 0.062886 0.524853 0.542988 1 14 1.000000
  14 0.748917 -5.404491 58.762543 0.213381 -0.930153 -0.298805 0.607095 0.709206 1 14 1.000000
angel_face4
  14 -0.000002 -5.655474 59.667133 0.029650 -0.994291 -0.102502 0.503161 0.834742 1 14 1.000000
  14 -0.000002 -5.482341 58.813820 0.000010 -0.975712 -0.219057 0.503161 0.716322 1 14 1.000000
  14 0.748917 -5.404491 58.762543 0.213381 -0.930153 -0.298805 0.607095 0.709206 1 14 1.000000
angel_face4
  14 0.156302 -5.256237 57.564823 0.296524 -0.952953 0.062886 0.524853 0.542988 1 14 1.000000
  14 -0.000001 -5.287595 57.589550 0.000001 -0.995859 0.090915 0.503161 0.546420 1 14 1.000000
  14 -0.000001 -5.567280 56.778732 0.000862 -0.950521 0.310660 0.503161 0.433896 1 14 1.000000
angel_face4
  14 -0.000001 -5.287595 57.589550 0.000001 -0.995859 0.090915 0.503161 0.546420 1 14 1.000000
  14 0.156302 -5.256237 57.564823 0.296524 -0.952953 0.062886 0.524853 0.542988 1 14 1.000000
  14 -0.000002 -5.482341 58.813820 0.000010 -0.975712 -0.219057 0.503161 0.716322 1 14 1.000000
angel_face4
  14 -0.000001 -5.287595 57.589550 0.000001 -0.995859 0.090915 0.503161 0.546420 1 14 1.000000
  14 -0.156305 -5.256237 57.564823 -0.296524 -0.952953 0.062885 0.481470 0.542988 1 14 1.000000
  14 -0.000001 -5.567280 56.778732 0.000862 -0.950521 0.310660 0.503161 0.433896 1 14 1.000000
angel_face4
  14 -0.156305 -5.256237 57.564823 -0.296524 -0.952953 0.062885 0.481470 0.542988 1 14 1.000000
  14 -0.000001 -5.287595 57.589550 0.000001 -0.995859 0.090915 0.503161 0.546420 1 14 1.000000
  14 -0.000002 -5.482341 58.813820 0.000010 -0.975712 -0.219057 0.503161 0.716322 1 14 1.000000
angel_face4
  14 -0.156305 -5.256237 57.564823 -0.296524 -0.952953 0.062885 0.481470 0.542988 1 14 1.000000
  14 -0.197982 -5.510900 56.731319 -0.440393 -0.858593 0.262435 0.475686 0.427316 1 14 1.000000
  14 -0.000001 -5.567280 56.778732 0.000862 -0.950521 0.310660 0.503161 0.433896 1 14 1.000000
angel_face4
  14 -0.748920 -5.404490 58.762543 -0.213382 -0.930152 -0.298805 0.399228 0.709206 1 14 1.000000
  14 -0.000002 -5.482341 58.813820 0.000010 -0.975712 -0.219057 0.503161 0.716322 1 14 1.000000
  14 -0.000002 -5.655474 59.667133 0.029650 -0.994291 -0.102502 0.503161 0.834742 1 14 1.000000
angel_face4
  14 -0.156305 -5.256237 57.564823 -0.296524 -0.952953 0.062885 0.481470 0.542988 1 14 1.000000
  14 -0.000002 -5.482341 58.813820 0.000010 -0.975712 -0.219057 0.503161 0.716322 1 14 1.000000
  14 -0.748920 -5.404490 58.762543 -0.213382 -0.930152 -0.298805 0.399228 0.709206 1 14 1.000000
angel_face4
  14 -0.156305 -5.256237 57.564823 -0.296524 -0.952953 0.062885 0.481470 0.542988 1 14 1.000000
  14 -0.602689 -5.040109 57.582817 -0.446526 -0.894688 -0.012187 0.419522 0.545485 1 14 1.000000
  14 -0.197982 -5.510900 56.731319 -0.440393 -0.858593 0.262435 0.475686 0.427316 1 14 1.000000
angel_face4
  14 -0.602689 -5.040109 57.582817 -0.446526 -0.894688 -0.012187 0.419522 0.545485 1 14 1.000000
  14 -0.156305 -5.256237 57.564823 -0.296524 -0.952953 0.062885 0.481470 0.542988 1 14 1.000000
  14 -0.748920 -5.404490 58.762543 -0.213382 -0.930152 -0.298805 0.399228 0.709206 1 14 1.000000
angel_face4
  14 -0.602689 -5.040109 57.582817 -0.446526 -0.894688 -0.012187 0.419522 0.545485 1 14 1.000000
  14 -0.675180 -5.197082 56.578846 -0.511885 -0.795070 0.325325 0.409461 0.406156 1 14 1.000000
  14 -0.197982 -5.510900 56.731319 -0.440393 -0.858593 0.262435 0.475686 0.427316 1 14 1.000000
angel_face4
  14 -0.797734 -5.614419 59.705406 -0.112456 -0.988909 -0.097017 0.392454 0.840054 1 14 1.000000
  14 -0.748920 -5.404490 58.762543 -0.213382 -0.930152 -0.298805 0.399228 0.709206 1 14 1.000000
  14 -0.000002 -5.655474 59.667133 0.029650 -0.994291 -0.102502 0.503161 0.834742 1 14 1.000000
angel_face4
  14 -0.000002 -5.647226 61.375217 0.000036 -0.987088 -0.160177 0.503161 0.993125 1 14 1.000000
  14 -0.797734 -5.614419 59.705406 -0.112456 -0.988909 -0.097017 0.392454 0.840054 1 14 1.000000
  14 -0.000002 -5.655474 59.667133 0.029650 -0.994291 -0.102502 0.503161 0.834742 1 14 1.000000
angel_face4
  14 -0.000002 -5.647226 61.375217 0.000036 -0.987088 -0.160177 0.503161 0.993125 1 14 1.000000
  14 -1.869593 -5.467661 60.165703 -0.424741 -0.904328 -0.042265 0.243703 0.903933 1 14 1.000000
  14 -0.797734 -5.614419 59.705406 -0.112456 -0.988909 -0.097017 0.392454 0.840054 1 14 1.000000
angel_face4
  14 -2.127994 -5.211776 61.196514 -0.145297 -0.982055 0.120236 0.207843 0.993125 1 14 1.000000
  14 -1.869593 -5.467661 60.165703 -0.424741 -0.904328 -0.042265 0.243703 0.903933 1 14 1.000000
  14 -0.000002 -5.647226 61.375217 0.000036 -0.987088 -0.160177 0.503161 0.993125 1 14 1.000000
angel_face4
  14 -2.127994 -5.211776 61.196514 -0.145297 -0.982055 0.120236 0.207843 0.993125 1 14 1.000000
  14 -3.398418 -4.254889 60.966312 -0.520635 -0.838840 -0.159018 0.031536 0.993125 1 14 1.000000
  14 -1.869593 -5.467661 60.165703 -0.424741 -0.904328 -0.042265 0.243703 0.903933 1 14 1.000000
angel_face4
  14 -3.398418 -4.254889 60.966312 -0.520635 -0.838840 -0.159018 0.031536 0.993125 1 14 1.000000
  14 -3.620229 -4.024193 59.906544 -0.699393 -0.713522 -0.041658 0.000753 0.867967 1 14 1.000000
  14 -1.869593 -5.467661 60.165703 -0.424741 -0.904328 -0.042265 0.243703 0.903933 1 14 1.000000
angel_face4
  14 -3.620229 -4.024193 59.906544 -0.699393 -0.713522 -0.041658 0.000753 0.867967 1 14 1.000000
  14 -3.281446 -4.352126 59.072147 -0.662144 -0.721515 -0.202439 0.047769 0.752172 1 14 1.000000
  14 -1.869593 -5.467661 60.165703 -0.424741 -0.904328 -0.042265 0.243703 0.903933 1 14 1.000000
angel_face4
  14 -1.869593 -5.467661 60.165703 -0.424741 -0.904328 -0.042265 0.243703 0.903933 1 14 1.000000
  14 -1.817191 -5.358824 59.241684 -0.343925 -0.897182 -0.277093 0.250975 0.775700 1 14 1.000000
  14 -0.797734 -5.614419 59.705406 -0.112456 -0.988909 -0.097017 0.392454 0.840054 1 14 1.000000
angel_face4
  14 -1.817191 -5.358824 59.241684 -0.343925 -0.897182 -0.277093 0.250975 0.775700 1 14 1.000000
  14 -0.748920 -5.404490 58.762543 -0.213382 -0.930152 -0.298805 0.399228 0.709206 1 14 1.000000
  14 -0.797734 -5.614419 59.705406 -0.112456 -0.988909 -0.097017 0.392454 0.840054 1 14 1.000000
angel_face4
  14 -3.281446 -4.352126 59.072147 -0.662144 -0.721515 -0.202439 0.047769 0.752172 1 14 1.000000
  14 -1.817191 -5.358824 59.241684 -0.343925 -0.897182 -0.277093 0.250975 0.775700 1 14 1.000000
  14 -1.869593 -5.467661 60.165703 -0.424741 -0.904328 -0.042265 0.243703 0.903933 1 14 1.000000
angel_face4
  14 -3.620229 -4.024193 59.906544 -0.699393 -0.713522 -0.041658 0.000753 0.867967 1 14 1.000000
  14 -3.777702 -3.373262 58.455074 -0.833693 -0.536381 -0.131342 -0.010999 0.666535 1 14 1.000000
  14 -3.281446 -4.352126 59.072147 -0.662144 -0.721515 -0.202439 0.047769 0.752172 1 14 1.000000
angel_face4
  14 -1.025589 -5.012765 58.268375 -0.377574 -0.856028 -0.353063 0.360832 0.640625 1 14 1.000000
  14 -0.748920 -5.404490 58.762543 -0.213382 -0.930152 -0.298805 0.399228 0.709206 1 14 1.000000
  14 -1.817191 -5.358824 59.241684 -0.343925 -0.897182 -0.277093 0.250975 0.775700 1 14 1.000000
angel_face4
  14 -0.748920 -5.404490 58.762543 -0.213382 -0.930152 -0.298805 0.399228 0.709206 1 14 1.000000
  14 -1.025589 -5.012765 58.268375 -0.377574 -0.856028 -0.353063 0.360832 0.640625 1 14 1.000000
  14 -0.602689 -5.040109 57.582817 -0.446526 -0.894688 -0.012187 0.419522 0.545485 1 14 1.000000
angel_face4
  14 -1.853567 -4.723562 58.352081 -0.377606 -0.856016 -0.353058 0.245927 0.652243 1 14 1.000000
  14 -1.817191 -5.358824 59.241684 -0.343925 -0.897182 -0.277093 0.250975 0.775700 1 14 1.000000
  14 -3.281446 -4.352126 59.072147 -0.662144 -0.721515 -0.202439 0.047769 0.752172 1 14 1.000000
angel_face4
  14 -1.853567 -4.723562 58.352081 -0.377606 -0.856016 -0.353058 0.245927 0.652243 1 14 1.000000
  14 -1.025589 -5.012765 58.268375 -0.377574 -0.856028 -0.353063 0.360832 0.640625 1 14 1.000000
  14 -1.817191 -5.358824 59.241684 -0.343925 -0.897182 -0.277093 0.250975 0.775700 1 14 1.000000
angel_face4
  14 -3.777702 -3.373262 58.455074 -0.833693 -0.536381 -0.131342 -0.010999 0.666535 1 14 1.000000
  14 -3.481647 -3.775825 58.138573 -0.764085 -0.625015 -0.159780 0.019986 0.622612 1 14 1.000000
  14 -3.281446 -4.352126 59.072147 -0.662144 -0.721515 -0.202439 0.047769 0.752172 1 14 1.000000
angel_face4
  14 -3.481647 -3.775825 58.138573 -0.764085 -0.625015 -0.159780 0.019986 0.622612 1 14 1.000000
  14 -3.777702 -3.373262 58.455074 -0.833693 -0.536381 -0.131342 -0.010999 0.666535 1 14 1.000000
  14 -3.596735 -3.292453 56.965054 -0.819581 -0.569906 -0.059113 0.004014 0.459753 1 14 1.000000
angel_face4
  14 -2.998714 -4.224356 58.387356 -0.480095 -0.815833 -0.322375 0.087006 0.657137 1 14 1.000000
  14 -1.853567 -4.723562 58.352081 -0.377606 -0.856016 -0.353058 0.245927 0.652243 1 14 1.000000
  14 -3.281446 -4.352126 59.072147 -0.662144 -0.721515 -0.202439 0.047769 0.752172 1 14 1.000000
angel_face4
  14 -2.998714 -4.224356 58.387356 -0.480095 -0.815833 -0.322375 0.087006 0.657137 1 14 1.000000
  14 -3.281446 -4.352126 59.072147 -0.662144 -0.721515 -0.202439 0.047769 0.752172 1 14 1.000000
  14 -3.481647 -3.775825 58.138573 -0.764085 -0.625015 -0.159780 0.019986 0.622612 1 14 1.000000
angel_face4
  14 -1.853567 -4.723562 58.352081 -0.377606 -0.856016 -0.353058 0.245927 0.652243 1 14 1.000000
  14 -1.907106 -4.558093 57.640064 -0.372796 -0.922265 -0.102224 0.238497 0.553430 1 14 1.000000
  14 -1.025589 -5.012765 58.268375 -0.377574 -0.856028 -0.353063 0.360832 0.640625 1 14 1.000000
angel_face4
  14 -1.853567 -4.723562 58.352081 -0.377606 -0.856016 -0.353058 0.245927 0.652243 1 14 1.000000
  14 -2.998714 -4.224356 58.387356 -0.480095 -0.815833 -0.322375 0.087006 0.657137 1 14 1.000000
  14 -1.907106 -4.558093 57.640064 -0.372796 -0.922265 -0.102224 0.238497 0.553430 1 14 1.000000
angel_face4
  14 -1.025589 -5.012765 58.268375 -0.377574 -0.856028 -0.353063 0.360832 0.640625 1 14 1.000000
  14 -0.883256 -4.922251 57.637547 -0.456307 -0.887263 -0.067437 0.380585 0.553080 1 14 1.000000
  14 -0.602689 -5.040109 57.582817 -0.446526 -0.894688 -0.012187 0.419522 0.545485 1 14 1.000000
angel_face4
  14 -1.907106 -4.558093 57.640064 -0.372796 -0.922265 -0.102224 0.238497 0.553430 1 14 1.000000
  14 -0.883256 -4.922251 57.637547 -0.456307 -0.887263 -0.067437 0.380585 0.553080 1 14 1.000000
  14 -1.025589 -5.012765 58.268375 -0.377574 -0.856028 -0.353063 0.360832 0.640625 1 14 1.000000
angel_face4
  14 -0.883256 -4.922251 57.637547 -0.456307 -0.887263 -0.067437 0.380585 0.553080 1 14 1.000000
  14 -1.016598 -4.909152 56.882683 -0.399538 -0.906305 0.137766 0.362080 0.448322 1 14 1.000000
  14 -0.602689 -5.040109 57.582817 -0.446526 -0.894688 -0.012187 0.419522 0.545485 1 14 1.000000
angel_face4
  14 -0.883256 -4.922251 57.637547 -0.456307 -0.887263 -0.067437 0.380585 0.553080 1 14 1.000000
  14 -1.907106 -4.558093 57.640064 -0.372796 -0.922265 -0.102224 0.238497 0.553430 1 14 1.000000
  14 -1.016598 -4.909152 56.882683 -0.399538 -0.906305 0.137766 0.362080 0.448322 1 14 1.000000
angel_face4
  14 -1.016598 -4.909152 56.882683 -0.399538 -0.906305 0.137766 0.362080 0.448322 1 14 1.000000
  14 -0.675180 -5.197082 56.578846 -0.511885 -0.795070 0.325325 0.409461 0.406156 1 14 1.000000
  14 -0.602689 -5.040109 57.582817 -0.446526 -0.894688 -0.012187 0.419522 0.545485 1 14 1.000000
angel_face4
  14 -3.140918 -4.010107 57.945465 -0.535340 -0.820831 -0.199114 0.067271 0.595812 1 14 1.000000
  14 -2.998714 -4.224356 58.387356 -0.480095 -0.815833 -0.322375 0.087006 0.657137 1 14 1.000000
  14 -3.481647 -3.775825 58.138573 -0.764085 -0.625015 -0.159780 0.019986 0.622612 1 14 1.000000
angel_face4
  14 -2.998714 -4.224356 58.387356 -0.480095 -0.815833 -0.322375 0.087006 0.657137 1 14 1.000000
  14 -3.140918 -4.010107 57.945465 -0.535340 -0.820831 -0.199114 0.067271 0.595812 1 14 1.000000
  14 -1.907106 -4.558093 57.640064 -0.372796 -0.922265 -0.102224 0.238497 0.553430 1 14 1.000000
angel_face4
  14 -3.297558 -3.700155 56.640820 -0.704386 -0.698347 0.127093 0.045533 0.414756 1 14 1.000000
  14 -3.481647 -3.775825 58.138573 -0.764085 -0.625015 -0.159780 0.019986 0.622612 1 14 1.000000
  14 -3.596735 -3.292453 56.965054 -0.819581 -0.569906 -0.059113 0.004014 0.459753 1 14 1.000000
angel_face4
  14 -3.140918 -4.010107 57.945465 -0.535340 -0.820831 -0.199114 0.067271 0.595812 1 14 1.000000
  14 -3.481647 -3.775825 58.138573 -0.764085 -0.625015 -0.159780 0.019986 0.622612 1 14 1.000000
  14 -3.297558 -3.700155 56.640820 -0.704386 -0.698347 0.127093 0.045533 0.414756 1 14 1.000000
angel_face4
  14 -3.297558 -3.700155 56.640820 -0.704386 -0.698347 0.127093 0.045533 0.414756 1 14 1.000000
  14 -3.596735 -3.292453 56.965054 -0.819581 -0.569906 -0.059113 0.004014 0.459753 1 14 1.000000
  14 -3.639765 -3.285064 56.264263 -0.895302 -0.444228 -0.033094 -0.001958 0.362499 1 14 1.000000
angel_face4
  14 -3.140918 -4.010107 57.945465 -0.535340 -0.820831 -0.199114 0.067271 0.595812 1 14 1.000000
  14 -3.003906 -3.945404 56.871315 -0.539198 -0.841690 -0.028698 0.086286 0.446744 1 14 1.000000
  14 -1.907106 -4.558093 57.640064 -0.372796 -0.922265 -0.102224 0.238497 0.553430 1 14 1.000000
angel_face4
  14 -3.003906 -3.945404 56.871315 -0.539198 -0.841690 -0.028698 0.086286 0.446744 1 14 1.000000
  14 -3.140918 -4.010107 57.945465 -0.535340 -0.820831 -0.199114 0.067271 0.595812 1 14 1.000000
  14 -3.297558 -3.700155 56.640820 -0.704386 -0.698347 0.127093 0.045533 0.414756 1 14 1.000000
angel_face4
  14 -1.907106 -4.558093 57.640064 -0.372796 -0.922265 -0.102224 0.238497 0.553430 1 14 1.000000
  14 -1.915628 -4.548453 56.857224 -0.437596 -0.896497 0.069306 0.237315 0.444788 1 14 1.000000
  14 -1.016598 -4.909152 56.882683 -0.399538 -0.906305 0.137766 0.362080 0.448322 1 14 1.000000
angel_face4
  14 -3.003906 -3.945404 56.871315 -0.539198 -0.841690 -0.028698 0.086286 0.446744 1 14 1.000000
  14 -1.915628 -4.548453 56.857224 -0.437596 -0.896497 0.069306 0.237315 0.444788 1 14 1.000000
  14 -1.907106 -4.558093 57.640064 -0.372796 -0.922265 -0.102224 0.238497 0.553430 1 14 1.000000
angel_face4
  14 -1.016598 -4.909152 56.882683 -0.399538 -0.906305 0.137766 0.362080 0.448322 1 14 1.000000
  14 -1.915628 -4.548453 56.857224 -0.437596 -0.896497 0.069306 0.237315 0.444788 1 14 1.000000
  14 -1.916273 -4.632312 56.525982 -0.449401 -0.810408 0.375870 0.237225 0.398820 1 14 1.000000
angel_face4
  14 -1.915628 -4.548453 56.857224 -0.437596 -0.896497 0.069306 0.237315 0.444788 1 14 1.000000
  14 -3.003906 -3.945404 56.871315 -0.539198 -0.841690 -0.028698 0.086286 0.446744 1 14 1.000000
  14 -1.916273 -4.632312 56.525982 -0.449401 -0.810408 0.375870 0.237225 0.398820 1 14 1.000000
angel_face4
  14 -0.675180 -5.197082 56.578846 -0.511885 -0.795070 0.325325 0.409461 0.406156 1 14 1.000000
  14 -1.016598 -4.909152 56.882683 -0.399538 -0.906305 0.137766 0.362080 0.448322 1 14 1.000000
  14 -1.916273 -4.632312 56.525982 -0.449401 -0.810408 0.375870 0.237225 0.398820 1 14 1.000000
angel_face4
  14 -3.003906 -3.945404 56.871315 -0.539198 -0.841690 -0.028698 0.086286 0.446744 1 14 1.000000
  14 -3.297558 -3.700155 56.640820 -0.704386 -0.698347 0.127093 0.045533 0.414756 1 14 1.000000
  14 -1.916273 -4.632312 56.525982 -0.449401 -0.810408 0.375870 0.237225 0.398820 1 14 1.000000
angel_face4
  14 -0.675180 -5.197082 56.578846 -0.511885 -0.795070 0.325325 0.409461 0.406156 1 14 1.000000
  14 -1.916273 -4.632312 56.525982 -0.449401 -0.810408 0.375870 0.237225 0.398820 1 14 1.000000
  14 -2.024917 -4.915252 56.163902 -0.449997 -0.825913 0.339662 0.222148 0.348571 1 14 1.000000
angel_face4
  14 -0.679315 -5.485502 56.175301 -0.383448 -0.891367 0.241729 0.408887 0.350153 1 14 1.000000
  14 -0.675180 -5.197082 56.578846 -0.511885 -0.795070 0.325325 0.409461 0.406156 1 14 1.000000
  14 -2.024917 -4.915252 56.163902 -0.449997 -0.825913 0.339662 0.222148 0.348571 1 14 1.000000
angel_face4
  14 -0.642358 -5.524622 55.728153 -0.407330 -0.908702 0.091336 0.414016 0.304094 1 14 1.000000
  14 -0.679315 -5.485502 56.175301 -0.383448 -0.891367 0.241729 0.408887 0.350153 1 14 1.000000
  14 -2.024917 -4.915252 56.163902 -0.449997 -0.825913 0.339662 0.222148 0.348571 1 14 1.000000
angel_face4
  14 -2.140718 -5.021639 55.565346 -0.522262 -0.846274 0.105183 0.206077 0.281499 1 14 1.000000
  14 -0.642358 -5.524622 55.728153 -0.407330 -0.908702 0.091336 0.414016 0.304094 1 14 1.000000
  14 -2.024917 -4.915252 56.163902 -0.449997 -0.825913 0.339662 0.222148 0.348571 1 14 1.000000
angel_face4
  14 -1.916273 -4.632312 56.525982 -0.449401 -0.810408 0.375870 0.237225 0.398820 1 14 1.000000
  14 -3.297558 -3.700155 56.640820 -0.704386 -0.698347 0.127093 0.045533 0.414756 1 14 1.000000
  14 -3.408406 -3.829738 56.157665 -0.776868 -0.613457 0.141936 0.030150 0.347705 1 14 1.000000
angel_face4
  14 -2.024917 -4.915252 56.163902 -0.449997 -0.825913 0.339662 0.222148 0.348571 1 14 1.000000
  14 -1.916273 -4.632312 56.525982 -0.449401 -0.810408 0.375870 0.237225 0.398820 1 14 1.000000
  14 -3.408406 -3.829738 56.157665 -0.776868 -0.613457 0.141936 0.030150 0.347705 1 14 1.000000
angel_face4
  14 -3.408406 -3.829738 56.157665 -0.776868 -0.613457 0.141936 0.030150 0.347705 1 14 1.000000
  14 -3.297558 -3.700155 56.640820 -0.704386 -0.698347 0.127093 0.045533 0.414756 1 14 1.000000
  14 -3.639765 -3.285064 56.264263 -0.895302 -0.444228 -0.033094 -0.001958 0.362499 1 14 1.000000
angel_face4
  14 -2.140718 -5.021639 55.565346 -0.522262 -0.846274 0.105183 0.206077 0.281499 1 14 1.000000
  14 -2.024917 -4.915252 56.163902 -0.449997 -0.825913 0.339662 0.222148 0.348571 1 14 1.000000
  14 -3.016686 -4.278166 55.535542 -0.729188 -0.681601 -0.060867 0.084512 0.277364 1 14 1.000000
angel_face4
  14 -2.024917 -4.915252 56.163902 -0.449997 -0.825913 0.339662 0.222148 0.348571 1 14 1.000000
  14 -3.408406 -3.829738 56.157665 -0.776868 -0.613457 0.141936 0.030150 0.347705 1 14 1.000000
  14 -3.016686 -4.278166 55.535542 -0.729188 -0.681601 -0.060867 0.084512 0.277364 1 14 1.000000
angel_face4
  14 -2.202118 -4.604406 54.800713 -0.553009 -0.696623 -0.457053 0.197556 0.175385 1 14 1.000000
  14 -2.140718 -5.021639 55.565346 -0.522262 -0.846274 0.105183 0.206077 0.281499 1 14 1.000000
  14 -3.016686 -4.278166 55.535542 -0.729188 -0.681601 -0.060867 0.084512 0.277364 1 14 1.000000
angel_face4
  14 -3.408406 -3.829738 56.157665 -0.776868 -0.613457 0.141936 0.030150 0.347705 1 14 1.000000
  14 -3.104548 -4.114917 55.050995 -0.769116 -0.481278 -0.420514 0.072319 0.210119 1 14 1.000000
  14 -3.016686 -4.278166 55.535542 -0.729188 -0.681601 -0.060867 0.084512 0.277364 1 14 1.000000
angel_face4
  14 -3.104548 -4.114917 55.050995 -0.769116 -0.481278 -0.420514 0.072319 0.210119 1 14 1.000000
  14 -2.202118 -4.604406 54.800713 -0.553009 -0.696623 -0.457053 0.197556 0.175385 1 14 1.000000
  14 -3.016686 -4.278166 55.535542 -0.729188 -0.681601 -0.060867 0.084512 0.277364 1 14 1.000000
angel_face4
  14 -3.639765 -3.285064 56.264263 -0.895302 -0.444228 -0.033094 -0.001958 0.362499 1 14 1.000000
  14 -3.104548 -4.114917 55.050995 -0.769116 -0.481278 -0.420514 0.072319 0.210119 1 14 1.000000
  14 -3.408406 -3.829738 56.157665 -0.776868 -0.613457 0.141936 0.030150 0.347705 1 14 1.000000
angel_face4
  14 -3.104548 -4.114917 55.050995 -0.769116 -0.481278 -0.420514 0.072319 0.210119 1 14 1.000000
  14 -2.168255 -4.028369 54.171623 -0.557261 -0.510437 -0.654915 0.202256 0.088082 1 14 1.000000
  14 -2.202118 -4.604406 54.800713 -0.553009 -0.696623 -0.457053 0.197556 0.175385 1 14 1.000000
angel_face4
  14 -3.046182 -3.637733 54.818295 -0.793959 -0.319578 -0.517203 0.080419 0.177825 1 14 1.000000
  14 -2.168255 -4.028369 54.171623 -0.557261 -0.510437 -0.654915 0.202256 0.088082 1 14 1.000000
  14 -3.104548 -4.114917 55.050995 -0.769116 -0.481278 -0.420514 0.072319 0.210119 1 14 1.000000
angel_face4
  14 -3.639765 -3.285064 56.264263 -0.895302 -0.444228 -0.033094 -0.001958 0.362499 1 14 1.000000
  14 -3.046182 -3.637733 54.818295 -0.793959 -0.319578 -0.517203 0.080419 0.177825 1 14 1.000000
  14 -3.104548 -4.114917 55.050995 -0.769116 -0.481278 -0.420514 0.072319 0.210119 1 14 1.000000
angel_face4
  14 -3.639765 -3.285064 56.264263 -0.895302 -0.444228 -0.033094 -0.001958 0.362499 1 14 1.000000
  14 -3.452385 -3.101163 55.425793 -0.890735 -0.359640 -0.277941 0.024047 0.262133 1 14 1.000000
  14 -3.046182 -3.637733 54.818295 -0.793959 -0.319578 -0.517203 0.080419 0.177825 1 14 1.000000
angel_face2
  14 2.983281 -4.240990 55.536987 0.720405 -0.691762 -0.049809 0.921811 0.277364 1 14 1.000000
  14 2.113096 -4.980147 55.561409 0.521862 -0.846708 0.103657 0.800246 0.281499 1 14 1.000000
  14 2.174604 -4.569178 54.823116 0.574343 -0.701869 -0.421318 0.808767 0.175385 1 14 1.000000
angel_face2
  14 2.113096 -4.980147 55.561409 0.521862 -0.846708 0.103657 0.800246 0.281499 1 14 1.000000
  14 2.983281 -4.240990 55.536987 0.720405 -0.691762 -0.049809 0.921811 0.277364 1 14 1.000000
  14 2.001971 -4.876215 56.142696 0.449053 -0.826684 0.339034 0.784175 0.348571 1 14 1.000000
angel_face2
  14 0.623515 -5.478544 55.723492 0.389721 -0.913258 0.118649 0.592306 0.304094 1 14 1.000000
  14 2.113096 -4.980147 55.561409 0.521862 -0.846708 0.103657 0.800246 0.281499 1 14 1.000000
  14 2.001971 -4.876215 56.142696 0.449053 -0.826684 0.339034 0.784175 0.348571 1 14 1.000000
angel_face2
  14 0.660500 -5.441398 56.161129 0.404497 -0.879150 0.251946 0.597435 0.350153 1 14 1.000000
  14 0.623515 -5.478544 55.723492 0.389721 -0.913258 0.118649 0.592306 0.304094 1 14 1.000000
  14 2.001971 -4.876215 56.142696 0.449053 -0.826684 0.339034 0.784175 0.348571 1 14 1.000000
angel_face2
  14 0.660500 -5.441398 56.161129 0.404497 -0.879150 0.251946 0.597435 0.350153 1 14 1.000000
  14 2.001971 -4.876215 56.142696 0.449053 -0.826684 0.339034 0.784175 0.348571 1 14 1.000000
  14 0.651951 -5.156469 56.561211 0.513524 -0.782354 0.352441 0.596861 0.406156 1 14 1.000000
angel_face2
  14 3.066181 -4.089976 55.071144 0.768543 -0.482336 -0.420349 0.934004 0.210119 1 14 1.000000
  14 2.983281 -4.240990 55.536987 0.720405 -0.691762 -0.049809 0.921811 0.277364 1 14 1.000000
  14 2.174604 -4.569178 54.823116 0.574343 -0.701869 -0.421318 0.808767 0.175385 1 14 1.000000
angel_face2
  14 2.140382 -4.002230 54.203873 0.555538 -0.510942 -0.655985 0.804067 0.088082 1 14 1.000000
  14 3.066181 -4.089976 55.071144 0.768543 -0.482336 -0.420349 0.934004 0.210119 1 14 1.000000
  14 2.174604 -4.569178 54.823116 0.574343 -0.701869 -0.421318 0.808767 0.175385 1 14 1.000000
angel_face2
  14 3.005295 -3.627353 54.845139 0.793593 -0.314635 -0.520782 0.925904 0.177825 1 14 1.000000
  14 3.066181 -4.089976 55.071144 0.768543 -0.482336 -0.420349 0.934004 0.210119 1 14 1.000000
  14 2.140382 -4.002230 54.203873 0.555538 -0.510942 -0.655985 0.804067 0.088082 1 14 1.000000
angel_face2
  14 3.066181 -4.089976 55.071144 0.768543 -0.482336 -0.420349 0.934004 0.210119 1 14 1.000000
  14 3.368418 -3.800483 56.150940 0.777460 -0.613297 0.139369 0.976173 0.347705 1 14 1.000000
  14 2.983281 -4.240990 55.536987 0.720405 -0.691762 -0.049809 0.921811 0.277364 1 14 1.000000
angel_face2
  14 2.983281 -4.240990 55.536987 0.720405 -0.691762 -0.049809 0.921811 0.277364 1 14 1.000000
  14 3.368418 -3.800483 56.150940 0.777460 -0.613297 0.139369 0.976173 0.347705 1 14 1.000000
  14 2.001971 -4.876215 56.142696 0.449053 -0.826684 0.339034 0.784175 0.348571 1 14 1.000000
angel_face2
  14 3.005295 -3.627353 54.845139 0.793593 -0.314635 -0.520782 0.925904 0.177825 1 14 1.000000
  14 3.594730 -3.263371 56.265411 0.896818 -0.441058 -0.034423 1.008280 0.362499 1 14 1.000000
  14 3.066181 -4.089976 55.071144 0.768543 -0.482336 -0.420349 0.934004 0.210119 1 14 1.000000
angel_face2
  14 3.594730 -3.263371 56.265411 0.896818 -0.441058 -0.034423 1.008280 0.362499 1 14 1.000000
  14 3.368418 -3.800483 56.150940 0.777460 -0.613297 0.139369 0.976173 0.347705 1 14 1.000000
  14 3.066181 -4.089976 55.071144 0.768543 -0.482336 -0.420349 0.934004 0.210119 1 14 1.000000
angel_face2
  14 3.407847 -3.083183 55.439690 0.892228 -0.354806 -0.279362 0.982276 0.262133 1 14 1.000000
  14 3.594730 -3.263371 56.265411 0.896818 -0.441058 -0.034423 1.008280 0.362499 1 14 1.000000
  14 3.005295 -3.627353 54.845139 0.793593 -0.314635 -0.520782 0.925904 0.177825 1 14 1.000000
angel_face2
  14 2.001971 -4.876215 56.142696 0.449053 -0.826684 0.339034 0.784175 0.348571 1 14 1.000000
  14 3.368418 -3.800483 56.150940 0.777460 -0.613297 0.139369 0.976173 0.347705 1 14 1.000000
  14 1.894463 -4.592902 56.504276 0.448259 -0.810064 0.377970 0.769098 0.398820 1 14 1.000000
angel_face2
  14 2.001971 -4.876215 56.142696 0.449053 -0.826684 0.339034 0.784175 0.348571 1 14 1.000000
  14 1.894463 -4.592902 56.504276 0.448259 -0.810064 0.377970 0.769098 0.398820 1 14 1.000000
  14 0.651951 -5.156469 56.561211 0.513524 -0.782354 0.352441 0.596861 0.406156 1 14 1.000000
angel_face2
  14 3.261738 -3.665540 56.636505 0.704482 -0.698059 0.128134 0.960790 0.414756 1 14 1.000000
  14 3.368418 -3.800483 56.150940 0.777460 -0.613297 0.139369 0.976173 0.347705 1 14 1.000000
  14 3.594730 -3.263371 56.265411 0.896818 -0.441058 -0.034423 1.008280 0.362499 1 14 1.000000
angel_face2
  14 3.368418 -3.800483 56.150940 0.777460 -0.613297 0.139369 0.976173 0.347705 1 14 1.000000
  14 3.261738 -3.665540 56.636505 0.704482 -0.698059 0.128134 0.960790 0.414756 1 14 1.000000
  14 1.894463 -4.592902 56.504276 0.448259 -0.810064 0.377970 0.769098 0.398820 1 14 1.000000
angel_face2
  14 3.555176 -3.264903 56.968777 0.817824 -0.570907 -0.072304 1.002309 0.459753 1 14 1.000000
  14 3.261738 -3.665540 56.636505 0.704482 -0.698059 0.128134 0.960790 0.414756 1 14 1.000000
  14 3.594730 -3.263371 56.265411 0.896818 -0.441058 -0.034423 1.008280 0.362499 1 14 1.000000
angel_face2
  14 3.443911 -3.744066 58.146774 0.752643 -0.635733 -0.171385 0.986337 0.622612 1 14 1.000000
  14 3.261738 -3.665540 56.636505 0.704482 -0.698059 0.128134 0.960790 0.414756 1 14 1.000000
  14 3.555176 -3.264903 56.968777 0.817824 -0.570907 -0.072304 1.002309 0.459753 1 14 1.000000
angel_face2
  14 3.735428 -3.347430 58.461838 0.837153 -0.524554 -0.154979 1.015969 0.666535 1 14 1.000000
  14 3.443911 -3.744066 58.146774 0.752643 -0.635733 -0.171385 0.986337 0.622612 1 14 1.000000
  14 3.555176 -3.264903 56.968777 0.817824 -0.570907 -0.072304 1.002309 0.459753 1 14 1.000000
angel_face2
  14 3.443911 -3.744066 58.146774 0.752643 -0.635733 -0.171385 0.986337 0.622612 1 14 1.000000
  14 3.735428 -3.347430 58.461838 0.837153 -0.524554 -0.154979 1.015969 0.666535 1 14 1.000000
  14 3.248309 -4.315866 59.081490 0.662181 -0.721300 -0.203083 0.958553 0.752172 1 14 1.000000
angel_face2
  14 3.735428 -3.347430 58.461838 0.837153 -0.524554 -0.154979 1.015969 0.666535 1 14 1.000000
  14 3.585033 -3.988729 59.908409 0.702328 -0.710493 -0.043990 1.005569 0.867967 1 14 1.000000
  14 3.248309 -4.315866 59.081490 0.662181 -0.721300 -0.203083 0.958553 0.752172 1 14 1.000000
angel_face2
  14 3.261738 -3.665540 56.636505 0.704482 -0.698059 0.128134 0.960790 0.414756 1 14 1.000000
  14 3.443911 -3.744066 58.146774 0.752643 -0.635733 -0.171385 0.986337 0.622612 1 14 1.000000
  14 3.113792 -3.968896 57.953583 0.534432 -0.821339 -0.199462 0.939051 0.595812 1 14 1.000000
angel_face2
  14 1.894463 -4.592902 56.504276 0.448259 -0.810064 0.377970 0.769098 0.398820 1 14 1.000000
  14 3.261738 -3.665540 56.636505 0.704482 -0.698059 0.128134 0.960790 0.414756 1 14 1.000000
  14 2.977137 -3.903511 56.876640 0.537305 -0.843086 -0.022582 0.920037 0.446744 1 14 1.000000
angel_face2
  14 2.977137 -3.903511 56.876640 0.537305 -0.843086 -0.022582 0.920037 0.446744 1 14 1.000000
  14 3.261738 -3.665540 56.636505 0.704482 -0.698059 0.128134 0.960790 0.414756 1 14 1.000000
  14 3.113792 -3.968896 57.953583 0.534432 -0.821339 -0.199462 0.939051 0.595812 1 14 1.000000
angel_face2
  14 1.894150 -4.503644 56.851677 0.437046 -0.896632 0.071010 0.769008 0.444788 1 14 1.000000
  14 1.894463 -4.592902 56.504276 0.448259 -0.810064 0.377970 0.769098 0.398820 1 14 1.000000
  14 2.977137 -3.903511 56.876640 0.537305 -0.843086 -0.022582 0.920037 0.446744 1 14 1.000000
angel_face2
  14 3.113792 -3.968896 57.953583 0.534432 -0.821339 -0.199462 0.939051 0.595812 1 14 1.000000
  14 3.443911 -3.744066 58.146774 0.752643 -0.635733 -0.171385 0.986337 0.622612 1 14 1.000000
  14 2.975245 -4.182711 58.402012 0.479532 -0.815682 -0.323591 0.919317 0.657137 1 14 1.000000
angel_face2
  14 3.443911 -3.744066 58.146774 0.752643 -0.635733 -0.171385 0.986337 0.622612 1 14 1.000000
  14 3.248309 -4.315866 59.081490 0.662181 -0.721300 -0.203083 0.958553 0.752172 1 14 1.000000
  14 2.975245 -4.182711 58.402012 0.479532 -0.815682 -0.323591 0.919317 0.657137 1 14 1.000000
angel_face2
  14 3.113792 -3.968896 57.953583 0.534432 -0.821339 -0.199462 0.939051 0.595812 1 14 1.000000
  14 1.887297 -4.512480 57.645271 0.372886 -0.922210 -0.102397 0.767825 0.553430 1 14 1.000000
  14 2.977137 -3.903511 56.876640 0.537305 -0.843086 -0.022582 0.920037 0.446744 1 14 1.000000
angel_face2
  14 1.887297 -4.512480 57.645271 0.372886 -0.922210 -0.102397 0.767825 0.553430 1 14 1.000000
  14 1.894150 -4.503644 56.851677 0.437046 -0.896632 0.071010 0.769008 0.444788 1 14 1.000000
  14 2.977137 -3.903511 56.876640 0.537305 -0.843086 -0.022582 0.920037 0.446744 1 14 1.000000
angel_face2
  14 3.113792 -3.968896 57.953583 0.534432 -0.821339 -0.199462 0.939051 0.595812 1 14 1.000000
  14 2.975245 -4.182711 58.402012 0.479532 -0.815682 -0.323591 0.919317 0.657137 1 14 1.000000
  14 1.887297 -4.512480 57.645271 0.372886 -0.922210 -0.102397 0.767825 0.553430 1 14 1.000000
angel_face2
  14 1.894150 -4.503644 56.851677 0.437046 -0.896632 0.071010 0.769008 0.444788 1 14 1.000000
  14 0.995283 -4.864907 56.873291 0.400537 -0.905982 0.136989 0.644243 0.448322 1 14 1.000000
  14 1.894463 -4.592902 56.504276 0.448259 -0.810064 0.377970 0.769098 0.398820 1 14 1.000000
angel_face2
  14 1.894150 -4.503644 56.851677 0.437046 -0.896632 0.071010 0.769008 0.444788 1 14 1.000000
  14 1.887297 -4.512480 57.645271 0.372886 -0.922210 -0.102397 0.767825 0.553430 1 14 1.000000
  14 0.995283 -4.864907 56.873291 0.400537 -0.905982 0.136989 0.644243 0.448322 1 14 1.000000
angel_face2
  14 0.995283 -4.864907 56.873291 0.400537 -0.905982 0.136989 0.644243 0.448322 1 14 1.000000
  14 0.651951 -5.156469 56.561211 0.513524 -0.782354 0.352441 0.596861 0.406156 1 14 1.000000
  14 1.894463 -4.592902 56.504276 0.448259 -0.810064 0.377970 0.769098 0.398820 1 14 1.000000
angel_face2
  14 2.975245 -4.182711 58.402012 0.479532 -0.815682 -0.323591 0.919317 0.657137 1 14 1.000000
  14 3.248309 -4.315866 59.081490 0.662181 -0.721300 -0.203083 0.958553 0.752172 1 14 1.000000
  14 1.834383 -4.680851 58.369633 0.394699 -0.851088 -0.346212 0.760396 0.652243 1 14 1.000000
angel_face2
  14 2.975245 -4.182711 58.402012 0.479532 -0.815682 -0.323591 0.919317 0.657137 1 14 1.000000
  14 1.834383 -4.680851 58.369633 0.394699 -0.851088 -0.346212 0.760396 0.652243 1 14 1.000000
  14 1.887297 -4.512480 57.645271 0.372886 -0.922210 -0.102397 0.767825 0.553430 1 14 1.000000
angel_face2
  14 1.887297 -4.512480 57.645271 0.372886 -0.922210 -0.102397 0.767825 0.553430 1 14 1.000000
  14 0.864673 -4.876057 57.642124 0.456198 -0.887357 -0.066930 0.625738 0.553080 1 14 1.000000
  14 0.995283 -4.864907 56.873291 0.400537 -0.905982 0.136989 0.644243 0.448322 1 14 1.000000
angel_face2
  14 0.579612 -4.995834 57.585533 0.460986 -0.887396 -0.004462 0.586801 0.545485 1 14 1.000000
  14 0.651951 -5.156469 56.561211 0.513524 -0.782354 0.352441 0.596861 0.406156 1 14 1.000000
  14 0.995283 -4.864907 56.873291 0.400537 -0.905982 0.136989 0.644243 0.448322 1 14 1.000000
angel_face2
  14 0.864673 -4.876057 57.642124 0.456198 -0.887357 -0.066930 0.625738 0.553080 1 14 1.000000
  14 0.579612 -4.995834 57.585533 0.460986 -0.887396 -0.004462 0.586801 0.545485 1 14 1.000000
  14 0.995283 -4.864907 56.873291 0.400537 -0.905982 0.136989 0.644243 0.448322 1 14 1.000000
angel_face2
  14 0.651951 -5.156469 56.561211 0.513524 -0.782354 0.352441 0.596861 0.406156 1 14 1.000000
  14 0.579612 -4.995834 57.585533 0.460986 -0.887396 -0.004462 0.586801 0.545485 1 14 1.000000
  14 0.175834 -5.467755 56.719151 0.455794 -0.852123 0.257172 0.530637 0.427316 1 14 1.000000
angel_face2
  14 1.005642 -4.970361 58.285820 0.397392 -0.850037 -0.345711 0.645490 0.640625 1 14 1.000000
  14 0.864673 -4.876057 57.642124 0.456198 -0.887357 -0.066930 0.625738 0.553080 1 14 1.000000
  14 1.887297 -4.512480 57.645271 0.372886 -0.922210 -0.102397 0.767825 0.553430 1 14 1.000000
angel_face2
  14 1.834383 -4.680851 58.369633 0.394699 -0.851088 -0.346212 0.760396 0.652243 1 14 1.000000
  14 1.005642 -4.970361 58.285820 0.397392 -0.850037 -0.345711 0.645490 0.640625 1 14 1.000000
  14 1.887297 -4.512480 57.645271 0.372886 -0.922210 -0.102397 0.767825 0.553430 1 14 1.000000
angel_face2
  14 0.864673 -4.876057 57.642124 0.456198 -0.887357 -0.066930 0.625738 0.553080 1 14 1.000000
  14 1.005642 -4.970361 58.285820 0.397392 -0.850037 -0.345711 0.645490 0.640625 1 14 1.000000
  14 0.579612 -4.995834 57.585533 0.460986 -0.887396 -0.004462 0.586801 0.545485 1 14 1.000000
angel_face2
  14 3.248309 -4.315866 59.081490 0.662181 -0.721300 -0.203083 0.958553 0.752172 1 14 1.000000
  14 1.798993 -5.314801 59.256878 0.343546 -0.897433 -0.276750 0.755347 0.775700 1 14 1.000000
  14 1.834383 -4.680851 58.369633 0.394699 -0.851088 -0.346212 0.760396 0.652243 1 14 1.000000
angel_face2
  14 1.834383 -4.680851 58.369633 0.394699 -0.851088 -0.346212 0.760396 0.652243 1 14 1.000000
  14 1.798993 -5.314801 59.256878 0.343546 -0.897433 -0.276750 0.755347 0.775700 1 14 1.000000
  14 1.005642 -4.970361 58.285820 0.397392 -0.850037 -0.345711 0.645490 0.640625 1 14 1.000000
angel_face2
  14 1.850628 -5.421399 60.165367 0.425651 -0.903945 -0.041276 0.762619 0.903933 1 14 1.000000
  14 1.798993 -5.314801 59.256878 0.343546 -0.897433 -0.276750 0.755347 0.775700 1 14 1.000000
  14 3.248309 -4.315866 59.081490 0.662181 -0.721300 -0.203083 0.958553 0.752172 1 14 1.000000
angel_face2
  14 3.585033 -3.988729 59.908409 0.702328 -0.710493 -0.043990 1.005569 0.867967 1 14 1.000000
  14 1.850628 -5.421399 60.165367 0.425651 -0.903945 -0.041276 0.762619 0.903933 1 14 1.000000
  14 3.248309 -4.315866 59.081490 0.662181 -0.721300 -0.203083 0.958553 0.752172 1 14 1.000000
angel_face2
  14 3.585033 -3.988729 59.908409 0.702328 -0.710493 -0.043990 1.005569 0.867967 1 14 1.000000
  14 3.367114 -4.215908 60.967033 0.464869 -0.884283 -0.044055 0.974787 0.993125 1 14 1.000000
  14 1.850628 -5.421399 60.165367 0.425651 -0.903945 -0.041276 0.762619 0.903933 1 14 1.000000
angel_face2
  14 3.367114 -4.215908 60.967033 0.464869 -0.884283 -0.044055 0.974787 0.993125 1 14 1.000000
  14 2.105737 -5.167336 61.191063 0.165974 -0.982006 0.090095 0.798480 0.993125 1 14 1.000000
  14 1.850628 -5.421399 60.165367 0.425651 -0.903945 -0.041276 0.762619 0.903933 1 14 1.000000
angel_face2
  14 1.005642 -4.970361 58.285820 0.397392 -0.850037 -0.345711 0.645490 0.640625 1 14 1.000000
  14 0.738586 -5.357849 58.777302 0.213426 -0.929980 -0.299309 0.607095 0.709206 1 14 1.000000
  14 0.579612 -4.995834 57.585533 0.460986 -0.887396 -0.004462 0.586801 0.545485 1 14 1.000000
angel_face2
  14 1.798993 -5.314801 59.256878 0.343546 -0.897433 -0.276750 0.755347 0.775700 1 14 1.000000
  14 0.738586 -5.357849 58.777302 0.213426 -0.929980 -0.299309 0.607095 0.709206 1 14 1.000000
  14 1.005642 -4.970361 58.285820 0.397392 -0.850037 -0.345711 0.645490 0.640625 1 14 1.000000
angel_face2
  14 -0.000002 -5.597379 61.371311 0.000036 -0.987106 -0.160068 0.503161 0.993125 1 14 1.000000
  14 1.850628 -5.421399 60.165367 0.425651 -0.903945 -0.041276 0.762619 0.903933 1 14 1.000000
  14 2.105737 -5.167336 61.191063 0.165974 -0.982006 0.090095 0.798480 0.993125 1 14 1.000000
angel_face2
  14 1.850628 -5.421399 60.165367 0.425651 -0.903945 -0.041276 0.762619 0.903933 1 14 1.000000
  14 0.792406 -5.564957 59.710411 0.111822 -0.988977 -0.097060 0.613869 0.840054 1 14 1.000000
  14 1.798993 -5.314801 59.256878 0.343546 -0.897433 -0.276750 0.755347 0.775700 1 14 1.000000
angel_face2
  14 0.792406 -5.564957 59.710411 0.111822 -0.988977 -0.097060 0.613869 0.840054 1 14 1.000000
  14 1.850628 -5.421399 60.165367 0.425651 -0.903945 -0.041276 0.762619 0.903933 1 14 1.000000
  14 -0.000002 -5.597379 61.371311 0.000036 -0.987106 -0.160068 0.503161 0.993125 1 14 1.000000
angel_face2
  14 0.792406 -5.564957 59.710411 0.111822 -0.988977 -0.097060 0.613869 0.840054 1 14 1.000000
  14 0.738586 -5.357849 58.777302 0.213426 -0.929980 -0.299309 0.607095 0.709206 1 14 1.000000
  14 1.798993 -5.314801 59.256878 0.343546 -0.897433 -0.276750 0.755347 0.775700 1 14 1.000000
angel_face2
  14 0.792406 -5.564957 59.710411 0.111822 -0.988977 -0.097060 0.613869 0.840054 1 14 1.000000
  14 -0.000002 -5.597379 61.371311 0.000036 -0.987106 -0.160068 0.503161 0.993125 1 14 1.000000
  14 -0.000002 -5.605760 59.672470 0.029656 -0.994294 -0.102464 0.503161 0.834742 1 14 1.000000
angel_face2
  14 0.792406 -5.564957 59.710411 0.111822 -0.988977 -0.097060 0.613869 0.840054 1 14 1.000000
  14 -0.000002 -5.605760 59.672470 0.029656 -0.994294 -0.102464 0.503161 0.834742 1 14 1.000000
  14 0.738586 -5.357849 58.777302 0.213426 -0.929980 -0.299309 0.607095 0.709206 1 14 1.000000
angel_face2
  14 0.140977 -5.208730 57.561943 0.299760 -0.951845 0.064304 0.524853 0.542988 1 14 1.000000
  14 0.579612 -4.995834 57.585533 0.460986 -0.887396 -0.004462 0.586801 0.545485 1 14 1.000000
  14 0.738586 -5.357849 58.777302 0.213426 -0.929980 -0.299309 0.607095 0.709206 1 14 1.000000
angel_face2
  14 0.579612 -4.995834 57.585533 0.460986 -0.887396 -0.004462 0.586801 0.545485 1 14 1.000000
  14 0.140977 -5.208730 57.561943 0.299760 -0.951845 0.064304 0.524853 0.542988 1 14 1.000000
  14 0.175834 -5.467755 56.719151 0.455794 -0.852123 0.257172 0.530637 0.427316 1 14 1.000000
angel_face2
  14 0.175834 -5.467755 56.719151 0.455794 -0.852123 0.257172 0.530637 0.427316 1 14 1.000000
  14 0.140977 -5.208730 57.561943 0.299760 -0.951845 0.064304 0.524853 0.542988 1 14 1.000000
  14 -0.000001 -5.519743 56.763233 0.000865 -0.950843 0.309672 0.503161 0.433896 1 14 1.000000
angel_face2
  14 -0.000001 -5.433190 58.822998 0.000009 -0.975865 -0.218376 0.503161 0.716322 1 14 1.000000
  14 0.140977 -5.208730 57.561943 0.299760 -0.951845 0.064304 0.524853 0.542988 1 14 1.000000
  14 0.738586 -5.357849 58.777302 0.213426 -0.929980 -0.299309 0.607095 0.709206 1 14 1.000000
angel_face2
  14 -0.000002 -5.605760 59.672470 0.029656 -0.994294 -0.102464 0.503161 0.834742 1 14 1.000000
  14 -0.000001 -5.433190 58.822998 0.000009 -0.975865 -0.218376 0.503161 0.716322 1 14 1.000000
  14 0.738586 -5.357849 58.777302 0.213426 -0.929980 -0.299309 0.607095 0.709206 1 14 1.000000
angel_face2
  14 0.140977 -5.208730 57.561943 0.299760 -0.951845 0.064304 0.524853 0.542988 1 14 1.000000
  14 -0.000001 -5.237701 57.586296 -0.000373 -0.996085 0.088399 0.503161 0.546420 1 14 1.000000
  14 -0.000001 -5.519743 56.763233 0.000865 -0.950843 0.309672 0.503161 0.433896 1 14 1.000000
angel_face2
  14 -0.000001 -5.237701 57.586296 -0.000373 -0.996085 0.088399 0.503161 0.546420 1 14 1.000000
  14 0.140977 -5.208730 57.561943 0.299760 -0.951845 0.064304 0.524853 0.542988 1 14 1.000000
  14 -0.000001 -5.433190 58.822998 0.000009 -0.975865 -0.218376 0.503161 0.716322 1 14 1.000000
angel_face2
  14 -0.000001 -5.237701 57.586296 -0.000373 -0.996085 0.088399 0.503161 0.546420 1 14 1.000000
  14 -0.140980 -5.208730 57.561943 -0.299716 -0.951865 0.064206 0.481470 0.542988 1 14 1.000000
  14 -0.000001 -5.519743 56.763233 0.000865 -0.950843 0.309672 0.503161 0.433896 1 14 1.000000
angel_face2
  14 -0.140980 -5.208730 57.561943 -0.299716 -0.951865 0.064206 0.481470 0.542988 1 14 1.000000
  14 -0.000001 -5.237701 57.586296 -0.000373 -0.996085 0.088399 0.503161 0.546420 1 14 1.000000
  14 -0.000001 -5.433190 58.822998 0.000009 -0.975865 -0.218376 0.503161 0.716322 1 14 1.000000
angel_face2
  14 -0.140980 -5.208730 57.561943 -0.299716 -0.951865 0.064206 0.481470 0.542988 1 14 1.000000
  14 -0.175836 -5.467755 56.719151 -0.445768 -0.856459 0.260323 0.475686 0.427316 1 14 1.000000
  14 -0.000001 -5.519743 56.763233 0.000865 -0.950843 0.309672 0.503161 0.433896 1 14 1.000000
angel_face2
  14 -0.738589 -5.357848 58.777302 -0.213444 -0.929985 -0.299282 0.399228 0.709206 1 14 1.000000
  14 -0.000001 -5.433190 58.822998 0.000009 -0.975865 -0.218376 0.503161 0.716322 1 14 1.000000
  14 -0.000002 -5.605760 59.672470 0.029656 -0.994294 -0.102464 0.503161 0.834742 1 14 1.000000
angel_face2
  14 -0.140980 -5.208730 57.561943 -0.299716 -0.951865 0.064206 0.481470 0.542988 1 14 1.000000
  14 -0.000001 -5.433190 58.822998 0.000009 -0.975865 -0.218376 0.503161 0.716322 1 14 1.000000
  14 -0.738589 -5.357848 58.777302 -0.213444 -0.929985 -0.299282 0.399228 0.709206 1 14 1.000000
angel_face2
  14 -0.140980 -5.208730 57.561943 -0.299716 -0.951865 0.064206 0.481470 0.542988 1 14 1.000000
  14 -0.579615 -4.995835 57.585533 -0.446800 -0.894532 -0.013513 0.419522 0.545485 1 14 1.000000
  14 -0.175836 -5.467755 56.719151 -0.445768 -0.856459 0.260323 0.475686 0.427316 1 14 1.000000
angel_face2
  14 -0.579615 -4.995835 57.585533 -0.446800 -0.894532 -0.013513 0.419522 0.545485 1 14 1.000000
  14 -0.140980 -5.208730 57.561943 -0.299716 -0.951865 0.064206 0.481470 0.542988 1 14 1.000000
  14 -0.738589 -5.357848 58.777302 -0.213444 -0.929985 -0.299282 0.399228 0.709206 1 14 1.000000
angel_face2
  14 -0.579615 -4.995835 57.585533 -0.446800 -0.894532 -0.013513 0.419522 0.545485 1 14 1.000000
  14 -0.651954 -5.156468 56.561211 -0.511990 -0.794897 0.325584 0.409461 0.406156 1 14 1.000000
  14 -0.175836 -5.467755 56.719151 -0.445768 -0.856459 0.260323 0.475686 0.427316 1 14 1.000000
angel_face2
  14 -0.792409 -5.564956 59.710411 -0.111833 -0.988973 -0.097081 0.392454 0.840054 1 14 1.000000
  14 -0.738589 -5.357848 58.777302 -0.213444 -0.929985 -0.299282 0.399228 0.709206 1 14 1.000000
  14 -0.000002 -5.605760 59.672470 0.029656 -0.994294 -0.102464 0.503161 0.834742 1 14 1.000000
angel_face2
  14 -0.000002 -5.597379 61.371311 0.000036 -0.987106 -0.160068 0.503161 0.993125 1 14 1.000000
  14 -0.792409 -5.564956 59.710411 -0.111833 -0.988973 -0.097081 0.392454 0.840054 1 14 1.000000
  14 -0.000002 -5.605760 59.672470 0.029656 -0.994294 -0.102464 0.503161 0.834742 1 14 1.000000
angel_face2
  14 -0.000002 -5.597379 61.371311 0.000036 -0.987106 -0.160068 0.503161 0.993125 1 14 1.000000
  14 -1.850631 -5.421398 60.165367 -0.424785 -0.904311 -0.042178 0.243703 0.903933 1 14 1.000000
  14 -0.792409 -5.564956 59.710411 -0.111833 -0.988973 -0.097081 0.392454 0.840054 1 14 1.000000
angel_face2
  14 -2.105739 -5.167335 61.191063 -0.145359 -0.981942 0.121083 0.207843 0.993125 1 14 1.000000
  14 -1.850631 -5.421398 60.165367 -0.424785 -0.904311 -0.042178 0.243703 0.903933 1 14 1.000000
  14 -0.000002 -5.597379 61.371311 0.000036 -0.987106 -0.160068 0.503161 0.993125 1 14 1.000000
angel_face2
  14 -2.105739 -5.167335 61.191063 -0.145359 -0.981942 0.121083 0.207843 0.993125 1 14 1.000000
  14 -3.367116 -4.215906 60.967033 -0.521295 -0.838554 -0.158363 0.031536 0.993125 1 14 1.000000
  14 -1.850631 -5.421398 60.165367 -0.424785 -0.904311 -0.042178 0.243703 0.903933 1 14 1.000000
angel_face2
  14 -3.367116 -4.215906 60.967033 -0.521295 -0.838554 -0.158363 0.031536 0.993125 1 14 1.000000
  14 -3.585035 -3.988727 59.908409 -0.699945 -0.713003 -0.041273 0.000753 0.867967 1 14 1.000000
  14 -1.850631 -5.421398 60.165367 -0.424785 -0.904311 -0.042178 0.243703 0.903933 1 14 1.000000
angel_face2
  14 -3.585035 -3.988727 59.908409 -0.699945 -0.713003 -0.041273 0.000753 0.867967 1 14 1.000000
  14 -3.248312 -4.315865 59.081490 -0.662090 -0.721379 -0.203098 0.047769 0.752172 1 14 1.000000
  14 -1.850631 -5.421398 60.165367 -0.424785 -0.904311 -0.042178 0.243703 0.903933 1 14 1.000000
angel_face2
  14 -1.850631 -5.421398 60.165367 -0.424785 -0.904311 -0.042178 0.243703 0.903933 1 14 1.000000
  14 -1.798996 -5.314800 59.256878 -0.343548 -0.897432 -0.276750 0.250975 0.775700 1 14 1.000000
  14 -0.792409 -5.564956 59.710411 -0.111833 -0.988973 -0.097081 0.392454 0.840054 1 14 1.000000
angel_face2
  14 -1.798996 -5.314800 59.256878 -0.343548 -0.897432 -0.276750 0.250975 0.775700 1 14 1.000000
  14 -0.738589 -5.357848 58.777302 -0.213444 -0.929985 -0.299282 0.399228 0.709206 1 14 1.000000
  14 -0.792409 -5.564956 59.710411 -0.111833 -0.988973 -0.097081 0.392454 0.840054 1 14 1.000000
angel_face2
  14 -3.248312 -4.315865 59.081490 -0.662090 -0.721379 -0.203098 0.047769 0.752172 1 14 1.000000
  14 -1.798996 -5.314800 59.256878 -0.343548 -0.897432 -0.276750 0.250975 0.775700 1 14 1.000000
  14 -1.850631 -5.421398 60.165367 -0.424785 -0.904311 -0.042178 0.243703 0.903933 1 14 1.000000
angel_face2
  14 -3.585035 -3.988727 59.908409 -0.699945 -0.713003 -0.041273 0.000753 0.867967 1 14 1.000000
  14 -3.735430 -3.347428 58.461834 -0.834431 -0.535170 -0.131595 -0.010999 0.666535 1 14 1.000000
  14 -3.248312 -4.315865 59.081490 -0.662090 -0.721379 -0.203098 0.047769 0.752172 1 14 1.000000
angel_face2
  14 -1.005645 -4.970361 58.285820 -0.379883 -0.854828 -0.353493 0.360832 0.640625 1 14 1.000000
  14 -0.738589 -5.357848 58.777302 -0.213444 -0.929985 -0.299282 0.399228 0.709206 1 14 1.000000
  14 -1.798996 -5.314800 59.256878 -0.343548 -0.897432 -0.276750 0.250975 0.775700 1 14 1.000000
angel_face2
  14 -0.738589 -5.357848 58.777302 -0.213444 -0.929985 -0.299282 0.399228 0.709206 1 14 1.000000
  14 -1.005645 -4.970361 58.285820 -0.379883 -0.854828 -0.353493 0.360832 0.640625 1 14 1.000000
  14 -0.579615 -4.995835 57.585533 -0.446800 -0.894532 -0.013513 0.419522 0.545485 1 14 1.000000
angel_face2
  14 -1.834386 -4.680851 58.369629 -0.377284 -0.855761 -0.354019 0.245927 0.652243 1 14 1.000000
  14 -1.798996 -5.314800 59.256878 -0.343548 -0.897432 -0.276750 0.250975 0.775700 1 14 1.000000
  14 -3.248312 -4.315865 59.081490 -0.662090 -0.721379 -0.203098 0.047769 0.752172 1 14 1.000000
angel_face2
  14 -1.834386 -4.680851 58.369629 -0.377284 -0.855761 -0.354019 0.245927 0.652243 1 14 1.000000
  14 -1.005645 -4.970361 58.285820 -0.379883 -0.854828 -0.353493 0.360832 0.640625 1 14 1.000000
  14 -1.798996 -5.314800 59.256878 -0.343548 -0.897432 -0.276750 0.250975 0.775700 1 14 1.000000
angel_face2
  14 -3.735430 -3.347428 58.461834 -0.834431 -0.535170 -0.131595 -0.010999 0.666535 1 14 1.000000
  14 -3.443912 -3.744064 58.146774 -0.763898 -0.625191 -0.159990 0.019986 0.622612 1 14 1.000000
  14 -3.248312 -4.315865 59.081490 -0.662090 -0.721379 -0.203098 0.047769 0.752172 1 14 1.000000
angel_face2
  14 -3.443912 -3.744064 58.146774 -0.763898 -0.625191 -0.159990 0.019986 0.622612 1 14 1.000000
  14 -3.735430 -3.347428 58.461834 -0.834431 -0.535170 -0.131595 -0.010999 0.666535 1 14 1.000000
  14 -3.555177 -3.264902 56.968777 -0.821213 -0.567510 -0.059516 0.004014 0.459753 1 14 1.000000
angel_face2
  14 -2.975247 -4.182710 58.402012 -0.479096 -0.815837 -0.323847 0.087006 0.657137 1 14 1.000000
  14 -1.834386 -4.680851 58.369629 -0.377284 -0.855761 -0.354019 0.245927 0.652243 1 14 1.000000
  14 -3.248312 -4.315865 59.081490 -0.662090 -0.721379 -0.203098 0.047769 0.752172 1 14 1.000000
angel_face2
  14 -2.975247 -4.182710 58.402012 -0.479096 -0.815837 -0.323847 0.087006 0.657137 1 14 1.000000
  14 -3.248312 -4.315865 59.081490 -0.662090 -0.721379 -0.203098 0.047769 0.752172 1 14 1.000000
  14 -3.443912 -3.744064 58.146774 -0.763898 -0.625191 -0.159990 0.019986 0.622612 1 14 1.000000
angel_face2
  14 -1.834386 -4.680851 58.369629 -0.377284 -0.855761 -0.354019 0.245927 0.652243 1 14 1.000000
  14 -1.887300 -4.512479 57.645271 -0.372869 -0.922199 -0.102552 0.238497 0.553430 1 14 1.000000
  14 -1.005645 -4.970361 58.285820 -0.379883 -0.854828 -0.353493 0.360832 0.640625 1 14 1.000000
angel_face2
  14 -1.834386 -4.680851 58.369629 -0.377284 -0.855761 -0.354019 0.245927 0.652243 1 14 1.000000
  14 -2.975247 -4.182710 58.402012 -0.479096 -0.815837 -0.323847 0.087006 0.657137 1 14 1.000000
  14 -1.887300 -4.512479 57.645271 -0.372869 -0.922199 -0.102552 0.238497 0.553430 1 14 1.000000
angel_face2
  14 -1.005645 -4.970361 58.285820 -0.379883 -0.854828 -0.353493 0.360832 0.640625 1 14 1.000000
  14 -0.864676 -4.876058 57.642124 -0.456323 -0.887248 -0.067530 0.380585 0.553080 1 14 1.000000
  14 -0.579615 -4.995835 57.585533 -0.446800 -0.894532 -0.013513 0.419522 0.545485 1 14 1.000000
angel_face2
  14 -1.887300 -4.512479 57.645271 -0.372869 -0.922199 -0.102552 0.238497 0.553430 1 14 1.000000
  14 -0.864676 -4.876058 57.642124 -0.456323 -0.887248 -0.067530 0.380585 0.553080 1 14 1.000000
  14 -1.005645 -4.970361 58.285820 -0.379883 -0.854828 -0.353493 0.360832 0.640625 1 14 1.000000
angel_face2
  14 -0.864676 -4.876058 57.642124 -0.456323 -0.887248 -0.067530 0.380585 0.553080 1 14 1.000000
  14 -0.995286 -4.864907 56.873291 -0.400733 -0.905923 0.136808 0.362080 0.448322 1 14 1.000000
  14 -0.579615 -4.995835 57.585533 -0.446800 -0.894532 -0.013513 0.419522 0.545485 1 14 1.000000
angel_face2
  14 -0.864676 -4.876058 57.642124 -0.456323 -0.887248 -0.067530 0.380585 0.553080 1 14 1.000000
  14 -1.887300 -4.512479 57.645271 -0.372869 -0.922199 -0.102552 0.238497 0.553430 1 14 1.000000
  14 -0.995286 -4.864907 56.873291 -0.400733 -0.905923 0.136808 0.362080 0.448322 1 14 1.000000
angel_face2
  14 -0.995286 -4.864907 56.873291 -0.400733 -0.905923 0.136808 0.362080 0.448322 1 14 1.000000
  14 -0.651954 -5.156468 56.561211 -0.511990 -0.794897 0.325584 0.409461 0.406156 1 14 1.000000
  14 -0.579615 -4.995835 57.585533 -0.446800 -0.894532 -0.013513 0.419522 0.545485 1 14 1.000000
angel_face2
  14 -3.113793 -3.968896 57.953583 -0.533624 -0.821890 -0.199357 0.067271 0.595812 1 14 1.000000
  14 -2.975247 -4.182710 58.402012 -0.479096 -0.815837 -0.323847 0.087006 0.657137 1 14 1.000000
  14 -3.443912 -3.744064 58.146774 -0.763898 -0.625191 -0.159990 0.019986 0.622612 1 14 1.000000
angel_face2
  14 -2.975247 -4.182710 58.402012 -0.479096 -0.815837 -0.323847 0.087006 0.657137 1 14 1.000000
  14 -3.113793 -3.968896 57.953583 -0.533624 -0.821890 -0.199357 0.067271 0.595812 1 14 1.000000
  14 -1.887300 -4.512479 57.645271 -0.372869 -0.922199 -0.102552 0.238497 0.553430 1 14 1.000000
angel_face2
  14 -3.261739 -3.665538 56.636505 -0.704481 -0.698060 0.128134 0.045533 0.414756 1 14 1.000000
  14 -3.443912 -3.744064 58.146774 -0.763898 -0.625191 -0.159990 0.019986 0.622612 1 14 1.000000
  14 -3.555177 -3.264902 56.968777 -0.821213 -0.567510 -0.059516 0.004014 0.459753 1 14 1.000000
angel_face2
  14 -3.113793 -3.968896 57.953583 -0.533624 -0.821890 -0.199357 0.067271 0.595812 1 14 1.000000
  14 -3.443912 -3.744064 58.146774 -0.763898 -0.625191 -0.159990 0.019986 0.622612 1 14 1.000000
  14 -3.261739 -3.665538 56.636505 -0.704481 -0.698060 0.128134 0.045533 0.414756 1 14 1.000000
angel_face2
  14 -3.261739 -3.665538 56.636505 -0.704481 -0.698060 0.128134 0.045533 0.414756 1 14 1.000000
  14 -3.555177 -3.264902 56.968777 -0.821213 -0.567510 -0.059516 0.004014 0.459753 1 14 1.000000
  14 -3.594731 -3.263370 56.265411 -0.895666 -0.443580 -0.031905 -0.001958 0.362499 1 14 1.000000
angel_face2
  14 -3.113793 -3.968896 57.953583 -0.533624 -0.821890 -0.199357 0.067271 0.595812 1 14 1.000000
  14 -2.977139 -3.903510 56.876640 -0.537303 -0.843087 -0.022583 0.086286 0.446744 1 14 1.000000
  14 -1.887300 -4.512479 57.645271 -0.372869 -0.922199 -0.102552 0.238497 0.553430 1 14 1.000000
angel_face2
  14 -2.977139 -3.903510 56.876640 -0.537303 -0.843087 -0.022583 0.086286 0.446744 1 14 1.000000
  14 -3.113793 -3.968896 57.953583 -0.533624 -0.821890 -0.199357 0.067271 0.595812 1 14 1.000000
  14 -3.261739 -3.665538 56.636505 -0.704481 -0.698060 0.128134 0.045533 0.414756 1 14 1.000000
angel_face2
  14 -1.887300 -4.512479 57.645271 -0.372869 -0.922199 -0.102552 0.238497 0.553430 1 14 1.000000
  14 -1.894153 -4.503643 56.851677 -0.437463 -0.896422 0.071091 0.237315 0.444788 1 14 1.000000
  14 -0.995286 -4.864907 56.873291 -0.400733 -0.905923 0.136808 0.362080 0.448322 1 14 1.000000
angel_face2
  14 -2.977139 -3.903510 56.876640 -0.537303 -0.843087 -0.022583 0.086286 0.446744 1 14 1.000000
  14 -1.894153 -4.503643 56.851677 -0.437463 -0.896422 0.071091 0.237315 0.444788 1 14 1.000000
  14 -1.887300 -4.512479 57.645271 -0.372869 -0.922199 -0.102552 0.238497 0.553430 1 14 1.000000
angel_face2
  14 -0.995286 -4.864907 56.873291 -0.400733 -0.905923 0.136808 0.362080 0.448322 1 14 1.000000
  14 -1.894153 -4.503643 56.851677 -0.437463 -0.896422 0.071091 0.237315 0.444788 1 14 1.000000
  14 -1.894465 -4.592900 56.504276 -0.448245 -0.810071 0.377969 0.237225 0.398820 1 14 1.000000
angel_face2
  14 -1.894153 -4.503643 56.851677 -0.437463 -0.896422 0.071091 0.237315 0.444788 1 14 1.000000
  14 -2.977139 -3.903510 56.876640 -0.537303 -0.843087 -0.022583 0.086286 0.446744 1 14 1.000000
  14 -1.894465 -4.592900 56.504276 -0.448245 -0.810071 0.377969 0.237225 0.398820 1 14 1.000000
angel_face2
  14 -0.651954 -5.156468 56.561211 -0.511990 -0.794897 0.325584 0.409461 0.406156 1 14 1.000000
  14 -0.995286 -4.864907 56.873291 -0.400733 -0.905923 0.136808 0.362080 0.448322 1 14 1.000000
  14 -1.894465 -4.592900 56.504276 -0.448245 -0.810071 0.377969 0.237225 0.398820 1 14 1.000000
angel_face2
  14 -2.977139 -3.903510 56.876640 -0.537303 -0.843087 -0.022583 0.086286 0.446744 1 14 1.000000
  14 -3.261739 -3.665538 56.636505 -0.704481 -0.698060 0.128134 0.045533 0.414756 1 14 1.000000
  14 -1.894465 -4.592900 56.504276 -0.448245 -0.810071 0.377969 0.237225 0.398820 1 14 1.000000
angel_face2
  14 -0.651954 -5.156468 56.561211 -0.511990 -0.794897 0.325584 0.409461 0.406156 1 14 1.000000
  14 -1.894465 -4.592900 56.504276 -0.448245 -0.810071 0.377969 0.237225 0.398820 1 14 1.000000
  14 -2.001973 -4.876215 56.142696 -0.449075 -0.826675 0.339028 0.222148 0.348571 1 14 1.000000
angel_face2
  14 -0.660503 -5.441396 56.161129 -0.382795 -0.891470 0.242381 0.408887 0.350153 1 14 1.000000
  14 -0.651954 -5.156468 56.561211 -0.511990 -0.794897 0.325584 0.409461 0.406156 1 14 1.000000
  14 -2.001973 -4.876215 56.142696 -0.449075 -0.826675 0.339028 0.222148 0.348571 1 14 1.000000
angel_face2
  14 -0.623518 -5.478543 55.723492 -0.406192 -0.909526 0.088144 0.414016 0.304094 1 14 1.000000
  14 -0.660503 -5.441396 56.161129 -0.382795 -0.891470 0.242381 0.408887 0.350153 1 14 1.000000
  14 -2.001973 -4.876215 56.142696 -0.449075 -0.826675 0.339028 0.222148 0.348571 1 14 1.000000
angel_face2
  14 -2.113099 -4.980146 55.561409 -0.521862 -0.846709 0.103656 0.206077 0.281499 1 14 1.000000
  14 -0.623518 -5.478543 55.723492 -0.406192 -0.909526 0.088144 0.414016 0.304094 1 14 1.000000
  14 -2.001973 -4.876215 56.142696 -0.449075 -0.826675 0.339028 0.222148 0.348571 1 14 1.000000
angel_face2
  14 -1.894465 -4.592900 56.504276 -0.448245 -0.810071 0.377969 0.237225 0.398820 1 14 1.000000
  14 -3.261739 -3.665538 56.636505 -0.704481 -0.698060 0.128134 0.045533 0.414756 1 14 1.000000
  14 -3.368420 -3.800483 56.150940 -0.777473 -0.613068 0.140296 0.030150 0.347705 1 14 1.000000
angel_face2
  14 -2.001973 -4.876215 56.142696 -0.449075 -0.826675 0.339028 0.222148 0.348571 1 14 1.000000
  14 -1.894465 -4.592900 56.504276 -0.448245 -0.810071 0.377969 0.237225 0.398820 1 14 1.000000
  14 -3.368420 -3.800483 56.150940 -0.777473 -0.613068 0.140296 0.030150 0.347705 1 14 1.000000
angel_face2
  14 -3.368420 -3.800483 56.150940 -0.777473 -0.613068 0.140296 0.030150 0.347705 1 14 1.000000
  14 -3.261739 -3.665538 56.636505 -0.704481 -0.698060 0.128134 0.045533 0.414756 1 14 1.000000
  14 -3.594731 -3.263370 56.265411 -0.895666 -0.443580 -0.031905 -0.001958 0.362499 1 14 1.000000
angel_face2
  14 -2.113099 -4.980146 55.561409 -0.521862 -0.846709 0.103656 0.206077 0.281499 1 14 1.000000
  14 -2.001973 -4.876215 56.142696 -0.449075 -0.826675 0.339028 0.222148 0.348571 1 14 1.000000
  14 -2.983283 -4.240989 55.536987 -0.727585 -0.683407 -0.059781 0.084512 0.277364 1 14 1.000000
angel_face2
  14 -2.001973 -4.876215 56.142696 -0.449075 -0.826675 0.339028 0.222148 0.348571 1 14 1.000000
  14 -3.368420 -3.800483 56.150940 -0.777473 -0.613068 0.140296 0.030150 0.347705 1 14 1.000000
  14 -2.983283 -4.240989 55.536987 -0.727585 -0.683407 -0.059781 0.084512 0.277364 1 14 1.000000
angel_face2
  14 -2.174605 -4.569177 54.823116 -0.552103 -0.695966 -0.459144 0.197556 0.175385 1 14 1.000000
  14 -2.113099 -4.980146 55.561409 -0.521862 -0.846709 0.103656 0.206077 0.281499 1 14 1.000000
  14 -2.983283 -4.240989 55.536987 -0.727585 -0.683407 -0.059781 0.084512 0.277364 1 14 1.000000
angel_face2
  14 -3.368420 -3.800483 56.150940 -0.777473 -0.613068 0.140296 0.030150 0.347705 1 14 1.000000
  14 -3.066183 -4.089975 55.071144 -0.768543 -0.482336 -0.420349 0.072319 0.210119 1 14 1.000000
  14 -2.983283 -4.240989 55.536987 -0.727585 -0.683407 -0.059781 0.084512 0.277364 1 14 1.000000
angel_face2
  14 -3.066183 -4.089975 55.071144 -0.768543 -0.482336 -0.420349 0.072319 0.210119 1 14 1.000000
  14 -2.174605 -4.569177 54.823116 -0.552103 -0.695966 -0.459144 0.197556 0.175385 1 14 1.000000
  14 -2.983283 -4.240989 55.536987 -0.727585 -0.683407 -0.059781 0.084512 0.277364 1 14 1.000000
angel_face2
  14 -3.594731 -3.263370 56.265411 -0.895666 -0.443580 -0.031905 -0.001958 0.362499 1 14 1.000000
  14 -3.066183 -4.089975 55.071144 -0.768543 -0.482336 -0.420349 0.072319 0.210119 1 14 1.000000
  14 -3.368420 -3.800483 56.150940 -0.777473 -0.613068 0.140296 0.030150 0.347705 1 14 1.000000
angel_face2
  14 -3.066183 -4.089975 55.071144 -0.768543 -0.482336 -0.420349 0.072319 0.210119 1 14 1.000000
  14 -2.140384 -4.002229 54.203873 -0.555538 -0.510941 -0.655985 0.202256 0.088082 1 14 1.000000
  14 -2.174605 -4.569177 54.823116 -0.552103 -0.695966 -0.459144 0.197556 0.175385 1 14 1.000000
angel_face2
  14 -3.005297 -3.627352 54.845139 -0.793591 -0.314634 -0.520786 0.080419 0.177825 1 14 1.000000
  14 -2.140384 -4.002229 54.203873 -0.555538 -0.510941 -0.655985 0.202256 0.088082 1 14 1.000000
  14 -3.066183 -4.089975 55.071144 -0.768543 -0.482336 -0.420349 0.072319 0.210119 1 14 1.000000
angel_face2
  14 -3.594731 -3.263370 56.265411 -0.895666 -0.443580 -0.031905 -0.001958 0.362499 1 14 1.000000
  14 -3.005297 -3.627352 54.845139 -0.793591 -0.314634 -0.520786 0.080419 0.177825 1 14 1.000000
  14 -3.066183 -4.089975 55.071144 -0.768543 -0.482336 -0.420349 0.072319 0.210119 1 14 1.000000
angel_face2
  14 -3.594731 -3.263370 56.265411 -0.895666 -0.443580 -0.031905 -0.001958 0.362499 1 14 1.000000
  14 -3.407848 -3.083182 55.439690 -0.892227 -0.354806 -0.279361 0.024047 0.262133 1 14 1.000000
  14 -3.005297 -3.627352 54.845139 -0.793591 -0.314634 -0.520786 0.080419 0.177825 1 14 1.000000
end
