// Created by Crowbar 0.76
version 1
nodes
  0 "ValveBiped.Bip01_Pelvis" -1
  1 "ValveBiped.Bip01_L_Thigh" 0
  2 "ValveBiped.Bip01_L_Calf" 1
  3 "ValveBiped.Bip01_L_Foot" 2
  4 "ValveBiped.Bip01_L_Toe0" 3
  5 "ValveBiped.Bip01_R_Thigh" 0
  6 "ValveBiped.Bip01_R_Calf" 5
  7 "ValveBiped.Bip01_R_Foot" 6
  8 "ValveBiped.Bip01_R_Toe0" 7
  9 "ValveBiped.Bip01_Spine" 0
  10 "ValveBiped.Bip01_Spine1" 9
  11 "ValveBiped.Bip01_Spine2" 10
  12 "ValveBiped.Bip01_Spine4" 11
  13 "ValveBiped.Bip01_Neck1" 12
  14 "ValveBiped.Bip01_Head1" 13
  15 "ValveBiped.Bip01_L_Clavicle" 12
  16 "ValveBiped.Bip01_L_UpperArm" 15
  17 "ValveBiped.Bip01_L_Forearm" 16
  18 "ValveBiped.Bip01_L_Hand" 17
  19 "ValveBiped.Bip01_L_Finger2" 18
  20 "ValveBiped.Bip01_L_Finger21" 19
  21 "ValveBiped.Bip01_L_Finger22" 20
  22 "ValveBiped.Bip01_L_Finger1" 18
  23 "ValveBiped.Bip01_L_Finger11" 22
  24 "ValveBiped.Bip01_L_Finger12" 23
  25 "ValveBiped.Bip01_L_Finger0" 18
  26 "ValveBiped.Bip01_L_Finger01" 25
  27 "ValveBiped.Bip01_L_Finger02" 26
  28 "ValveBiped.Bip01_L_Finger4" 18
  29 "ValveBiped.Bip01_L_Finger41" 28
  30 "ValveBiped.Bip01_L_Finger42" 29
  31 "ValveBiped.Bip01_L_Finger3" 18
  32 "ValveBiped.Bip01_L_Finger31" 31
  33 "ValveBiped.Bip01_L_Finger32" 32
  34 "ValveBiped.Bip01_R_Clavicle" 12
  35 "ValveBiped.Bip01_R_UpperArm" 34
  36 "ValveBiped.Bip01_R_Forearm" 35
  37 "ValveBiped.Bip01_R_Hand" 36
  38 "ValveBiped.Bip01_R_Finger2" 37
  39 "ValveBiped.Bip01_R_Finger21" 38
  40 "ValveBiped.Bip01_R_Finger22" 39
  41 "ValveBiped.Bip01_R_Finger1" 37
  42 "ValveBiped.Bip01_R_Finger11" 41
  43 "ValveBiped.Bip01_R_Finger12" 42
  44 "ValveBiped.Bip01_R_Finger0" 37
  45 "ValveBiped.Bip01_R_Finger01" 44
  46 "ValveBiped.Bip01_R_Finger02" 45
  47 "ValveBiped.Bip01_R_Finger4" 37
  48 "ValveBiped.Bip01_R_Finger41" 47
  49 "ValveBiped.Bip01_R_Finger42" 48
  50 "ValveBiped.Bip01_R_Finger3" 37
  51 "ValveBiped.Bip01_R_Finger31" 50
  52 "ValveBiped.Bip01_R_Finger32" 51
  53 "ValveBiped.Skirt.R.001" 0
  54 "Skirt2_r" 53
  55 "ValveBiped.Skirt.B" 0
  56 "Skirtb2" 55
  57 "ValveBiped.Skirt.R" 0
  58 "Skirt5_r" 57
  59 "ValveBiped.Skirt.R.002" 0
  60 "Skirt8_r" 59
  61 "ValveBiped.Skirt.L.001" 0
  62 "Skirt2_l" 61
  63 "ValveBiped.Skirt.L" 0
  64 "Skirt5_l" 63
  65 "ValveBiped.Skirt.L.002" 0
  66 "Skirt8_l" 65
  67 "Hair_002" 14
  68 "Hair_001" 67
  69 "Hair_003" 68
  70 "Hair_006_r" 14
  71 "Hair_005_r" 70
  72 "Hair_007_r" 71
  73 "Hair_009_r" 14
  74 "Hair_010_r" 73
  75 "Hair_011_r" 74
  76 "Hair_004" 14
  77 "Hair_005" 14
  78 "Hair_006" 14
  79 "Hair_006_l" 14
  80 "Hair_005_l" 79
  81 "Hair_007_l" 80
  82 "Hair_009_l" 14
  83 "Hair_010_l" 82
  84 "Hair_011_l" 83
end
skeleton
  time 0
    0 0.000000 1.616581 35.388000 1.570796 0.000000 0.000001
    1 3.483831 0.451382 1.253440 -1.570114 -0.064472 -1.586906
    2 15.868502 -0.000100 -0.000005 -0.004983 -0.042487 0.148088
    3 14.855375 -0.000068 0.000003 0.008799 0.017186 -1.002419
    4 4.042293 1.124544 -0.031618 -0.001050 -0.003487 -0.555370
    5 -3.483833 0.451382 1.253433 -1.571430 -0.064474 -1.554685
    6 15.868511 -0.000113 -0.000001 0.005108 0.042496 0.148083
    7 14.855381 0.000018 0.000000 -0.002132 -0.019446 -1.002277
    8 4.042488 1.124206 0.015464 -0.061129 0.006497 -0.556032
    9 -0.000001 3.795177 1.709709 1.570794 0.086294 1.570791
    10 0.000000 0.000000 0.000000 0.000000 0.000001 -0.029231
    11 3.523872 -0.078402 -0.000015 0.000000 -0.000044 0.100328
    12 4.436268 0.882521 -0.000212 0.000009 0.000052 0.194099
    13 5.873093 -1.475047 0.000028 3.141588 -0.000019 0.372987
    14 1.431213 0.758154 0.000023 -0.000004 0.000010 0.302769
    15 3.113647 -1.743535 0.636099 1.564402 -1.116058 2.970024
    16 3.777359 0.774242 -0.032340 -1.690890 0.113528 -0.347837
    17 8.041758 0.000007 0.000004 -0.000782 -0.049713 -0.215962
    18 7.595908 -0.000039 0.000000 1.573449 -0.106735 0.134901
    19 3.587915 -0.593410 0.601401 0.098596 -0.073087 -0.394374
    20 1.610928 -0.000008 0.000000 -0.033325 -0.080209 -0.007832
    21 0.887497 -0.000008 0.000000 -0.000001 0.003076 -0.216400
    22 3.524288 -0.706635 1.333842 0.359810 -0.170845 -0.427502
    23 1.295395 0.000008 0.000000 -0.035165 -0.068703 -0.042506
    24 0.922834 0.000004 0.000001 -0.000002 0.002592 -0.244316
    25 0.032600 -0.512512 0.764443 -1.580355 -0.574146 -0.382656
    26 1.547192 0.000008 -0.000004 -0.136855 0.004037 0.177094
    27 1.557987 0.000011 0.000000 0.000005 0.011266 0.362865
    28 3.477026 -0.509605 -0.938866 -0.468914 0.035206 -0.318762
    29 0.870695 0.000000 0.000000 -0.036027 0.060901 -0.138997
    30 0.802872 -0.000006 0.000000 -0.000005 0.004979 -0.244284
    31 3.482192 -0.581478 -0.146996 -0.178787 0.016797 -0.238821
    32 1.481682 -0.000008 -0.000001 -0.025867 0.018247 -0.199668
    33 0.839493 0.000008 0.000001 0.000003 0.007357 -0.430822
    34 3.113655 -1.743536 -0.636071 -1.574435 1.117753 2.959611
    35 3.778463 0.767876 0.050112 1.690723 -0.117581 -0.349772
    36 8.041756 -0.000005 0.000000 0.000073 0.050229 -0.215843
    37 7.595890 0.000073 0.000008 -1.563673 0.106377 0.130261
    38 3.590814 -0.597862 -0.579298 -0.089872 0.065718 -0.394758
    39 1.610922 -0.000004 0.000000 0.032143 0.080090 -0.008917
    40 0.887501 -0.000004 0.000001 0.000001 -0.004460 -0.216358
    41 3.530805 -0.716415 -1.311210 -0.356227 0.163319 -0.428308
    42 1.295393 -0.000011 -0.000001 0.037467 0.068349 -0.043074
    43 0.922838 -0.000004 0.000000 0.000004 -0.004204 -0.244323
    44 0.036356 -0.518059 -0.760536 1.855586 0.566807 -0.385847
    45 1.547199 -0.000010 0.000000 0.208582 0.045009 0.171387
    46 1.557985 0.000010 -0.000002 -0.000005 -0.009622 0.362889
    47 3.472317 -0.502834 0.959754 0.470103 -0.042190 -0.318598
    48 0.870693 -0.000002 0.000000 0.027299 -0.061805 -0.138611
    49 0.802864 0.000000 -0.000002 0.000003 -0.006133 -0.244281
    50 3.481399 -0.580475 0.168449 0.171545 -0.023328 -0.238748
    51 1.481677 0.000004 0.000000 0.025132 -0.017993 -0.199686
    52 0.839493 0.000004 0.000002 0.000004 -0.009661 -0.430781
    53 -3.756462 5.577850 2.053357 1.570803 -0.000001 0.000000
    54 -2.735646 -0.081365 5.727119 0.000007 0.000015 1.570796
    55 0.000001 5.662003 -0.974302 1.570804 -0.000001 0.000000
    56 -0.000002 -2.275002 5.113525 0.000000 0.000000 -3.141592
    57 -2.477620 5.416855 4.597564 1.570804 -0.000001 0.000000
    58 -1.515218 1.317776 5.998497 0.000000 0.000000 0.000000
    59 -2.455992 5.657928 -0.087295 1.570804 -0.000001 0.000000
    60 -1.485628 -1.617812 5.263969 0.000000 0.000000 3.141592
    61 3.756460 5.577858 2.053359 1.570803 -0.000001 0.000000
    62 2.735645 -0.081364 5.727116 0.000004 -0.000011 -1.570795
    63 2.477613 5.416855 4.597570 1.570804 -0.000001 0.000000
    64 1.515220 1.317777 5.998508 0.000000 0.000000 0.000000
    65 2.455991 5.657928 -0.087293 1.570804 -0.000001 0.000000
    66 1.485620 -1.617803 5.263973 0.000000 0.000000 -3.141592
    67 4.575642 5.632584 0.000132 0.000000 -1.570771 0.249128
    68 -0.000001 0.314078 5.161098 0.000000 0.000000 0.000000
    69 -0.000001 -0.323108 3.750217 0.000000 0.000000 0.000000
    70 5.734947 1.075212 4.685178 1.570830 -0.000004 -1.321669
    71 -0.753896 0.305901 4.971462 -0.000001 0.000002 0.000000
    72 -1.101006 -0.314705 3.448307 0.000001 0.000001 0.000000
    73 5.809101 -1.029643 4.595047 1.570829 -0.000004 -1.321671
    74 -0.714908 -0.199657 5.028973 0.000000 0.000003 0.000000
    75 -0.282898 -0.851690 4.444889 0.000000 0.000000 0.000000
    76 9.578484 -1.290738 0.000240 0.000000 1.570770 -2.892481
    77 9.369518 -1.236408 1.787905 0.000000 1.570770 -2.892481
    78 9.436707 -1.331719 -1.409029 0.000000 1.570770 -2.892477
    79 5.735191 1.075235 -4.684885 -1.570814 0.000004 1.819923
    80 0.753901 0.305904 4.971474 -0.000001 -0.000002 0.000000
    81 1.101010 -0.314705 3.448315 0.000000 -0.000001 0.000000
    82 5.809341 -1.029617 -4.594752 -1.570814 0.000004 1.819922
    83 0.714908 -0.199655 5.028969 0.000000 -0.000003 0.000000
    84 0.282897 -0.851688 4.444893 0.000000 0.000000 0.000000
end
triangles
outline
  75 -3.978576 -2.119757 49.467232 0.978920 -0.114683 0.169005 0.759975 0.696659 1 75 1.000000
  75 -3.592668 -3.654814 47.331203 0.090447 0.500553 0.860968 0.768920 0.775582 1 75 1.000000
  75 -3.454137 -1.679064 49.167984 0.072414 -0.753432 0.653526 0.781130 0.695862 1 75 1.000000
outline
  75 -3.454137 -1.679064 49.167984 0.072414 -0.753432 0.653526 0.781130 0.695862 1 75 1.000000
  74 -4.185175 -1.598193 50.984108 0.921261 0.388944 0.000675 0.745077 0.649879 1 74 1.000000
  75 -3.978576 -2.119757 49.467232 0.978920 -0.114683 0.169005 0.759975 0.696659 1 75 1.000000
outline
  74 -2.464655 -0.550190 50.943428 -0.612436 -0.742345 0.271744 0.799889 0.628556 2 74 0.611498 75 0.388502
  74 -4.185175 -1.598193 50.984108 0.921261 0.388944 0.000675 0.745077 0.649879 1 74 1.000000
  75 -3.454137 -1.679064 49.167984 0.072414 -0.753432 0.653526 0.781130 0.695862 1 75 1.000000
outline
  74 -2.464655 -0.550190 50.943428 -0.612436 -0.742345 0.271744 0.799889 0.628556 2 74 0.611498 75 0.388502
  75 -4.977668 -2.225215 47.921005 0.355836 0.364867 0.860380 0.683964 0.574484 2 75 0.715989 74 0.284011
  74 -4.185175 -1.598193 50.984108 0.921261 0.388944 0.000675 0.745077 0.649879 1 74 1.000000
outline
  74 -4.365047 -0.778420 50.506798 0.961627 0.224846 -0.157221 0.007863 0.720207 2 74 0.832753 75 0.167247
  74 -4.185175 -1.598193 50.984108 0.921261 0.388944 0.000675 0.050663 0.720207 1 74 1.000000
  75 -4.977668 -2.225215 47.921005 0.355836 0.364867 0.860380 0.034297 0.619275 2 75 0.715989 74 0.284011
outline
  74 -4.365047 -0.778420 50.506798 0.961627 0.224846 -0.157221 0.007863 0.720207 2 74 0.832753 75 0.167247
  74 -4.302695 -0.370406 52.765919 0.986953 -0.021074 0.159625 0.007863 0.791007 1 74 1.000000
  74 -4.185175 -1.598193 50.984108 0.921261 0.388944 0.000675 0.050663 0.720207 1 74 1.000000
outline
  74 -4.185175 -1.598193 50.984108 0.921261 0.388944 0.000675 0.050663 0.720207 1 74 1.000000
  74 -4.302695 -0.370406 52.765919 0.986953 -0.021074 0.159625 0.007863 0.791007 1 74 1.000000
  74 -4.492797 -1.547782 53.526714 0.957186 -0.018558 0.288878 0.050663 0.791007 1 74 1.000000
outline
  74 -4.302695 -0.370406 52.765919 0.986953 -0.021074 0.159625 0.007863 0.791007 1 74 1.000000
  70 -5.493582 -0.515874 55.779129 0.977978 0.051954 0.202137 0.007863 0.846908 3 70 0.722562 71 0.143203 73 0.134236
  74 -4.492797 -1.547782 53.526714 0.957186 -0.018558 0.288878 0.050663 0.791007 1 74 1.000000
outline
  74 -4.492797 -1.547782 53.526714 0.957186 -0.018558 0.288878 0.050663 0.791007 1 74 1.000000
  70 -5.493582 -0.515874 55.779129 0.977978 0.051954 0.202137 0.007863 0.846908 3 70 0.722562 71 0.143203 73 0.134236
  73 -5.399371 -2.060197 55.682133 0.987934 0.015250 0.154123 0.050663 0.846908 2 73 0.939266 70 0.060734
outline
  70 -5.493582 -0.515874 55.779129 0.977978 0.051954 0.202137 0.007863 0.846908 3 70 0.722562 71 0.143203 73 0.134236
  73 -5.394930 -1.101150 57.682751 0.996821 -0.070722 -0.036678 0.007863 0.912854 2 73 0.866189 70 0.133811
  73 -5.399371 -2.060197 55.682133 0.987934 0.015250 0.154123 0.050663 0.846908 2 73 0.939266 70 0.060734
outline
  73 -5.399371 -2.060197 55.682133 0.987934 0.015250 0.154123 0.050663 0.846908 2 73 0.939266 70 0.060734
  73 -5.394930 -1.101150 57.682751 0.996821 -0.070722 -0.036678 0.007863 0.912854 2 73 0.866189 70 0.133811
  73 -5.468493 -2.494854 57.602360 0.965076 0.261967 0.001284 0.050663 0.912854 1 73 1.000000
outline
  73 -5.394930 -1.101150 57.682751 0.996821 -0.070722 -0.036678 0.007863 0.912854 2 73 0.866189 70 0.133811
  73 -5.249516 -1.833882 59.775936 0.995094 0.025898 -0.095488 0.007863 0.975023 1 73 1.000000
  73 -5.468493 -2.494854 57.602360 0.965076 0.261967 0.001284 0.050663 0.912854 1 73 1.000000
outline
  73 -5.468493 -2.494854 57.602360 0.965076 0.261967 0.001284 0.050663 0.912854 1 73 1.000000
  73 -5.249516 -1.833882 59.775936 0.995094 0.025898 -0.095488 0.007863 0.975023 1 73 1.000000
  73 -5.201127 -2.933889 59.444458 0.957630 0.281916 -0.058891 0.050663 0.975023 1 73 1.000000
outline
  73 -5.468493 -2.494854 57.602360 0.965076 0.261967 0.001284 0.050663 0.912854 1 73 1.000000
  73 -5.201127 -2.933889 59.444458 0.957630 0.281916 -0.058891 0.050663 0.975023 1 73 1.000000
  73 -4.576090 -3.892553 57.470821 0.044890 0.989515 0.137279 0.107556 0.912854 1 73 1.000000
outline
  73 -4.576090 -3.892553 57.470821 0.044890 0.989515 0.137279 0.107556 0.912854 1 73 1.000000
  73 -5.201127 -2.933889 59.444458 0.957630 0.281916 -0.058891 0.050663 0.975023 1 73 1.000000
  73 -4.508870 -4.265116 59.305840 0.044604 0.981539 0.185986 0.107556 0.975023 1 73 1.000000
outline
  73 -4.576090 -3.892553 57.470821 0.044890 0.989515 0.137279 0.107556 0.912854 1 73 1.000000
  73 -5.399371 -2.060197 55.682133 0.704524 0.633573 0.319737 0.050663 0.846908 2 73 0.939266 70 0.060734
  73 -5.468493 -2.494854 57.602360 0.965076 0.261967 0.001284 0.050663 0.912854 1 73 1.000000
outline
  73 -3.641662 -2.692982 59.310810 -0.988072 0.136019 0.072203 0.158075 0.975023 1 73 1.000000
  73 -4.576090 -3.892553 57.470821 0.044890 0.989515 0.137279 0.107556 0.912854 1 73 1.000000
  73 -4.508870 -4.265116 59.305840 0.044604 0.981539 0.185986 0.107556 0.975023 1 73 1.000000
outline
  73 -3.974076 -3.519060 55.533646 0.704524 0.633573 0.319737 0.107556 0.846908 2 73 0.893848 74 0.106152
  73 -5.399371 -2.060197 55.682133 0.704524 0.633573 0.319737 0.050663 0.846908 2 73 0.939266 70 0.060734
  73 -4.576090 -3.892553 57.470821 0.044890 0.989515 0.137279 0.107556 0.912854 1 73 1.000000
outline
  73 -5.399371 -2.060197 55.682133 0.704524 0.633573 0.319737 0.050663 0.846908 2 73 0.939266 70 0.060734
  73 -3.974076 -3.519060 55.533646 0.704524 0.633573 0.319737 0.107556 0.846908 2 73 0.893848 74 0.106152
  74 -4.492797 -1.547782 53.526714 0.752845 0.598688 0.273490 0.050663 0.791007 1 74 1.000000
outline
  74 -4.492797 -1.547782 53.526714 0.752845 0.598688 0.273490 0.050663 0.791007 1 74 1.000000
  73 -3.974076 -3.519060 55.533646 0.704524 0.633573 0.319737 0.107556 0.846908 2 73 0.893848 74 0.106152
  74 -3.322903 -3.209302 53.767220 0.799204 0.550768 0.240681 0.107556 0.791007 2 74 0.874679 73 0.125321
outline
  74 -3.083216 -2.899755 51.076885 0.764583 0.644430 -0.011110 0.107556 0.720207 2 74 0.771571 75 0.228429
  74 -4.492797 -1.547782 53.526714 0.752845 0.598688 0.273490 0.050663 0.791007 1 74 1.000000
  74 -3.322903 -3.209302 53.767220 0.799204 0.550768 0.240681 0.107556 0.791007 2 74 0.874679 73 0.125321
outline
  74 -4.185175 -1.598193 50.984108 0.921261 0.388944 0.000675 0.050663 0.720207 1 74 1.000000
  74 -4.492797 -1.547782 53.526714 0.752845 0.598688 0.273490 0.050663 0.791007 1 74 1.000000
  74 -3.083216 -2.899755 51.076885 0.764583 0.644430 -0.011110 0.107556 0.720207 2 74 0.771571 75 0.228429
outline
  74 -4.185175 -1.598193 50.984108 0.921261 0.388944 0.000675 0.050663 0.720207 1 74 1.000000
  74 -3.083216 -2.899755 51.076885 0.764583 0.644430 -0.011110 0.107556 0.720207 2 74 0.771571 75 0.228429
  75 -3.978576 -2.119757 49.467232 0.978920 -0.114683 0.169005 0.052462 0.670821 1 75 1.000000
outline
  75 -3.978576 -2.119757 49.467232 0.978920 -0.114683 0.169005 0.052462 0.670821 1 75 1.000000
  74 -3.083216 -2.899755 51.076885 0.764583 0.644430 -0.011110 0.107556 0.720207 2 74 0.771571 75 0.228429
  75 -3.592668 -3.654814 47.331203 0.090447 0.500553 0.860968 0.075554 0.593735 1 75 1.000000
outline
  73 -3.711279 -2.319405 57.480518 -0.981883 0.136414 -0.131515 0.158075 0.912854 1 73 1.000000
  73 -4.576090 -3.892553 57.470821 0.044890 0.989515 0.137279 0.107556 0.912854 1 73 1.000000
  73 -3.641662 -2.692982 59.310810 -0.988072 0.136019 0.072203 0.158075 0.975023 1 73 1.000000
outline
  73 -3.711279 -2.319405 57.480518 -0.981883 0.136414 -0.131515 0.158075 0.912854 1 73 1.000000
  73 -3.974076 -3.519060 55.533646 -0.863544 0.465149 -0.194751 0.107556 0.846908 2 73 0.893848 74 0.106152
  73 -4.576090 -3.892553 57.470821 0.044890 0.989515 0.137279 0.107556 0.912854 1 73 1.000000
outline
  73 -3.867020 -1.574134 59.450798 -0.599695 -0.772953 -0.207146 0.191450 0.975023 1 73 1.000000
  73 -3.711279 -2.319405 57.480518 -0.981883 0.136414 -0.131515 0.158075 0.912854 1 73 1.000000
  73 -3.641662 -2.692982 59.310810 -0.988072 0.136019 0.072203 0.158075 0.975023 1 73 1.000000
outline
  73 -3.118600 -1.943918 55.551674 -0.959062 0.090944 -0.268195 0.158075 0.846908 2 73 0.904241 74 0.095759
  73 -3.974076 -3.519060 55.533646 -0.863544 0.465149 -0.194751 0.107556 0.846908 2 73 0.893848 74 0.106152
  73 -3.711279 -2.319405 57.480518 -0.981883 0.136414 -0.131515 0.158075 0.912854 1 73 1.000000
outline
  73 -3.118600 -1.943918 55.551674 -0.959062 0.090944 -0.268195 0.158075 0.846908 2 73 0.904241 74 0.095759
  74 -3.322903 -3.209302 53.767220 -0.869289 0.468116 -0.158758 0.107556 0.791007 2 74 0.874679 73 0.125321
  73 -3.974076 -3.519060 55.533646 -0.863544 0.465149 -0.194751 0.107556 0.846908 2 73 0.893848 74 0.106152
outline
  73 -3.950047 -1.137947 57.587036 -0.611196 -0.752798 -0.244406 0.191450 0.912854 1 73 1.000000
  73 -3.711279 -2.319405 57.480518 -0.981883 0.136414 -0.131515 0.158075 0.912854 1 73 1.000000
  73 -3.867020 -1.574134 59.450798 -0.599695 -0.772953 -0.207146 0.191450 0.975023 1 73 1.000000
outline
  73 -3.950047 -1.137947 57.587036 -0.611196 -0.752798 -0.244406 0.191450 0.912854 1 73 1.000000
  73 -3.118600 -1.943918 55.551674 -0.959062 0.090944 -0.268195 0.158075 0.846908 2 73 0.904241 74 0.095759
  73 -3.711279 -2.319405 57.480518 -0.981883 0.136414 -0.131515 0.158075 0.912854 1 73 1.000000
outline
  73 -3.867020 -1.574134 59.450798 -0.599695 -0.772953 -0.207146 0.191450 0.975023 1 73 1.000000
  73 -5.394930 -1.101150 57.682751 -0.039684 -0.963244 -0.265682 0.236512 0.912854 2 73 0.866189 70 0.133811
  73 -3.950047 -1.137947 57.587036 -0.611196 -0.752798 -0.244406 0.191450 0.912854 1 73 1.000000
outline
  73 -5.249516 -1.833882 59.775936 0.095744 -0.903160 -0.418492 0.236512 0.975023 1 73 1.000000
  73 -5.394930 -1.101150 57.682751 -0.039684 -0.963244 -0.265682 0.236512 0.912854 2 73 0.866189 70 0.133811
  73 -3.867020 -1.574134 59.450798 -0.599695 -0.772953 -0.207146 0.191450 0.975023 1 73 1.000000
outline
  73 -5.394930 -1.101150 57.682751 -0.039684 -0.963244 -0.265682 0.236512 0.912854 2 73 0.866189 70 0.133811
  70 -5.493582 -0.515874 55.779129 -0.111098 -0.974029 -0.197291 0.236512 0.846908 3 70 0.722562 71 0.143203 73 0.134236
  73 -3.950047 -1.137947 57.587036 -0.611196 -0.752798 -0.244406 0.191450 0.912854 1 73 1.000000
outline
  74 -2.471664 -1.632616 53.779388 -0.976711 0.047998 -0.209122 0.158075 0.791007 2 74 0.881542 73 0.118458
  74 -3.322903 -3.209302 53.767220 -0.869289 0.468116 -0.158758 0.107556 0.791007 2 74 0.874679 73 0.125321
  73 -3.118600 -1.943918 55.551674 -0.959062 0.090944 -0.268195 0.158075 0.846908 2 73 0.904241 74 0.095759
outline
  73 -3.597785 -0.654764 55.671795 -0.578908 -0.778005 -0.244077 0.191450 0.846908 3 73 0.842599 70 0.082596 74 0.074805
  73 -3.118600 -1.943918 55.551674 -0.959062 0.090944 -0.268195 0.158075 0.846908 2 73 0.904241 74 0.095759
  73 -3.950047 -1.137947 57.587036 -0.611196 -0.752798 -0.244406 0.191450 0.912854 1 73 1.000000
outline
  73 -3.950047 -1.137947 57.587036 -0.611196 -0.752798 -0.244406 0.191450 0.912854 1 73 1.000000
  70 -5.493582 -0.515874 55.779129 -0.111098 -0.974029 -0.197291 0.236512 0.846908 3 70 0.722562 71 0.143203 73 0.134236
  73 -3.597785 -0.654764 55.671795 -0.578908 -0.778005 -0.244077 0.191450 0.846908 3 73 0.842599 70 0.082596 74 0.074805
outline
  73 -3.597785 -0.654764 55.671795 -0.578908 -0.778005 -0.244077 0.191450 0.846908 3 73 0.842599 70 0.082596 74 0.074805
  74 -2.471664 -1.632616 53.779388 -0.976711 0.047998 -0.209122 0.158075 0.791007 2 74 0.881542 73 0.118458
  73 -3.118600 -1.943918 55.551674 -0.959062 0.090944 -0.268195 0.158075 0.846908 2 73 0.904241 74 0.095759
outline
  74 -4.302695 -0.370406 52.765919 -0.000001 -0.999769 0.021501 0.236512 0.791007 1 74 1.000000
  73 -3.597785 -0.654764 55.671795 -0.578908 -0.778005 -0.244077 0.191450 0.846908 3 73 0.842599 70 0.082596 74 0.074805
  70 -5.493582 -0.515874 55.779129 -0.111098 -0.974029 -0.197291 0.236512 0.846908 3 70 0.722562 71 0.143203 73 0.134236
outline
  74 -2.471664 -1.632616 53.779388 -0.976711 0.047998 -0.209122 0.158075 0.791007 2 74 0.881542 73 0.118458
  74 -3.083216 -2.899755 51.076885 -0.843915 0.536295 -0.013961 0.107556 0.720207 2 74 0.771571 75 0.228429
  74 -3.322903 -3.209302 53.767220 -0.869289 0.468116 -0.158758 0.107556 0.791007 2 74 0.874679 73 0.125321
outline
  74 -2.794146 -0.436888 53.276676 -0.597861 -0.793053 -0.116748 0.191450 0.791007 2 74 0.941601 73 0.058399
  73 -3.597785 -0.654764 55.671795 -0.578908 -0.778005 -0.244077 0.191450 0.846908 3 73 0.842599 70 0.082596 74 0.074805
  74 -4.302695 -0.370406 52.765919 -0.000001 -0.999769 0.021501 0.236512 0.791007 1 74 1.000000
outline
  74 -2.794146 -0.436888 53.276676 -0.597861 -0.793053 -0.116748 0.191450 0.791007 2 74 0.941601 73 0.058399
  74 -2.471664 -1.632616 53.779388 -0.976711 0.047998 -0.209122 0.158075 0.791007 2 74 0.881542 73 0.118458
  73 -3.597785 -0.654764 55.671795 -0.578908 -0.778005 -0.244077 0.191450 0.846908 3 73 0.842599 70 0.082596 74 0.074805
outline
  74 -2.794146 -0.436888 53.276676 -0.597861 -0.793053 -0.116748 0.191450 0.791007 2 74 0.941601 73 0.058399
  74 -4.302695 -0.370406 52.765919 -0.000001 -0.999769 0.021501 0.236512 0.791007 1 74 1.000000
  74 -2.464655 -0.550190 50.943428 -0.612436 -0.742345 0.271744 0.191450 0.720207 2 74 0.611498 75 0.388502
outline
  74 -2.464655 -0.550190 50.943428 -0.612436 -0.742345 0.271744 0.191450 0.720207 2 74 0.611498 75 0.388502
  74 -2.471664 -1.632616 53.779388 -0.976711 0.047998 -0.209122 0.158075 0.791007 2 74 0.881542 73 0.118458
  74 -2.794146 -0.436888 53.276676 -0.597861 -0.793053 -0.116748 0.191450 0.791007 2 74 0.941601 73 0.058399
outline
  74 -2.464655 -0.550190 50.943428 -0.612436 -0.742345 0.271744 0.191450 0.720207 2 74 0.611498 75 0.388502
  74 -4.302695 -0.370406 52.765919 -0.000001 -0.999769 0.021501 0.236512 0.791007 1 74 1.000000
  74 -4.365047 -0.778420 50.506798 0.045563 -0.932960 0.357084 0.236512 0.720207 2 74 0.832753 75 0.167247
outline
  74 -4.365047 -0.778420 50.506798 0.045563 -0.932960 0.357084 0.236512 0.720207 2 74 0.832753 75 0.167247
  75 -4.977668 -2.225215 47.921005 0.355836 0.364867 0.860380 0.226606 0.620064 2 75 0.715989 74 0.284011
  74 -2.464655 -0.550190 50.943428 -0.612436 -0.742345 0.271744 0.191450 0.720207 2 74 0.611498 75 0.388502
outline
  75 -2.316918 -1.711962 50.469479 -0.960313 0.041657 0.275794 0.143120 0.720207 2 75 0.859489 74 0.140511
  74 -2.471664 -1.632616 53.779388 -0.976711 0.047998 -0.209122 0.158075 0.791007 2 74 0.881542 73 0.118458
  74 -2.464655 -0.550190 50.943428 -0.612436 -0.742345 0.271744 0.191450 0.720207 2 74 0.611498 75 0.388502
outline
  75 -2.316918 -1.711962 50.469479 -0.960313 0.041657 0.275794 0.143120 0.720207 2 75 0.859489 74 0.140511
  74 -3.083216 -2.899755 51.076885 -0.843915 0.536295 -0.013961 0.107556 0.720207 2 74 0.771571 75 0.228429
  74 -2.471664 -1.632616 53.779388 -0.976711 0.047998 -0.209122 0.158075 0.791007 2 74 0.881542 73 0.118458
outline
  74 -2.464655 -0.550190 50.943428 -0.612436 -0.742345 0.271744 0.191450 0.720207 2 74 0.611498 75 0.388502
  75 -3.454137 -1.679064 49.167984 0.072414 -0.753432 0.653526 0.144544 0.640930 1 75 1.000000
  75 -2.316918 -1.711962 50.469479 -0.960313 0.041657 0.275794 0.143120 0.720207 2 75 0.859489 74 0.140511
outline
  75 -3.592668 -3.654814 47.331203 0.090447 0.500553 0.860968 0.075554 0.593735 1 75 1.000000
  74 -3.083216 -2.899755 51.076885 -0.843915 0.536295 -0.013961 0.107556 0.720207 2 74 0.771571 75 0.228429
  75 -2.316918 -1.711962 50.469479 -0.960313 0.041657 0.275794 0.143120 0.720207 2 75 0.859489 74 0.140511
outline
  75 -2.316918 -1.711962 50.469479 -0.960313 0.041657 0.275794 0.143120 0.720207 2 75 0.859489 74 0.140511
  75 -3.454137 -1.679064 49.167984 0.072414 -0.753432 0.653526 0.144544 0.640930 1 75 1.000000
  75 -3.592668 -3.654814 47.331203 0.090447 0.500553 0.860968 0.075554 0.593735 1 75 1.000000
outline
  69 2.554197 4.348114 41.880646 -0.426177 -0.878196 -0.217127 -0.006915 0.139847 1 69 1.000000
  69 2.463451 3.771120 44.638367 -0.413786 -0.910252 -0.014928 0.090978 0.142039 1 69 1.000000
  69 1.331556 4.262109 44.801769 -0.374155 -0.925591 0.057351 0.090978 0.195051 1 69 1.000000
outline
  69 2.463451 3.771120 44.638367 -0.413786 -0.910252 -0.014928 0.090978 0.142039 1 69 1.000000
  69 2.951548 4.537549 49.024143 -0.317086 -0.943046 0.100601 0.209114 0.152372 2 69 0.923020 68 0.076981
  69 1.331556 4.262109 44.801769 -0.374155 -0.925591 0.057351 0.090978 0.195051 1 69 1.000000
outline
  69 1.331556 4.262109 44.801769 -0.374155 -0.925591 0.057351 0.090978 0.195051 1 69 1.000000
  69 2.951548 4.537549 49.024143 -0.317086 -0.943046 0.100601 0.209114 0.152372 2 69 0.923020 68 0.076981
  69 1.515624 5.096080 49.354927 -0.317086 -0.943046 0.100601 0.209114 0.216338 2 69 0.938274 68 0.061726
outline
  69 2.951548 4.537549 49.024143 -0.317086 -0.943046 0.100601 0.209114 0.152372 2 69 0.923020 68 0.076981
  68 3.347161 4.437406 52.289276 -0.460535 -0.887589 -0.009647 0.307039 0.152372 3 68 0.504267 81 0.389251 69 0.106482
  69 1.515624 5.096080 49.354927 -0.317086 -0.943046 0.100601 0.209114 0.216338 2 69 0.938274 68 0.061726
outline
  69 1.515624 5.096080 49.354927 -0.317086 -0.943046 0.100601 0.209114 0.216338 2 69 0.938274 68 0.061726
  68 3.347161 4.437406 52.289276 -0.460535 -0.887589 -0.009647 0.307039 0.152372 3 68 0.504267 81 0.389251 69 0.106482
  68 1.784961 5.218759 52.595325 -0.413786 -0.910252 -0.014928 0.307039 0.216338 3 68 0.828885 69 0.090938 67 0.080177
outline
  68 1.784961 5.218759 52.595325 -0.413786 -0.910252 -0.014928 0.307039 0.216338 3 68 0.828885 69 0.090938 67 0.080177
  68 3.347161 4.437406 52.289276 -0.460535 -0.887589 -0.009647 0.307039 0.152372 3 68 0.504267 81 0.389251 69 0.106482
  67 2.155125 4.979211 55.390194 -0.593009 -0.788387 0.163664 0.402278 0.216338 3 67 0.700820 68 0.240645 80 0.058536
outline
  67 2.155125 4.979211 55.390194 -0.593009 -0.788387 0.163664 0.402278 0.216338 3 67 0.700820 68 0.240645 80 0.058536
  68 3.347161 4.437406 52.289276 -0.460535 -0.887589 -0.009647 0.307039 0.152372 3 68 0.504267 81 0.389251 69 0.106482
  67 3.553720 3.853868 55.353157 -0.677227 -0.713300 0.180463 0.402278 0.152372 3 67 0.369337 68 0.344859 80 0.285804
outline
  67 3.553720 3.853868 55.353157 -0.677227 -0.713300 0.180463 0.402278 0.152372 3 67 0.369337 68 0.344859 80 0.285804
  67 4.147844 4.570340 57.541775 -0.569387 -0.796642 0.202879 0.474450 0.152372 3 67 0.671283 79 0.237232 80 0.091485
  67 2.155125 4.979211 55.390194 -0.593009 -0.788387 0.163664 0.402278 0.216338 3 67 0.700820 68 0.240645 80 0.058536
outline
  67 2.155125 4.979211 55.390194 -0.593009 -0.788387 0.163664 0.402278 0.216338 3 67 0.700820 68 0.240645 80 0.058536
  67 4.147844 4.570340 57.541775 -0.569387 -0.796642 0.202879 0.474450 0.152372 3 67 0.671283 79 0.237232 80 0.091485
  67 2.218660 5.873260 57.518398 -0.532428 -0.817341 0.220168 0.474450 0.216338 2 67 0.932211 68 0.067789
outline
  67 2.218660 5.873260 57.518398 -0.532428 -0.817341 0.220168 0.474450 0.216338 2 67 0.932211 68 0.067789
  67 4.147844 4.570340 57.541775 -0.569387 -0.796642 0.202879 0.474450 0.152372 3 67 0.671283 79 0.237232 80 0.091485
  67 2.286902 5.976624 59.434044 -0.579969 -0.809857 -0.088130 0.533104 0.216338 2 67 0.871293 14 0.128707
outline
  67 2.286902 5.976624 59.434044 -0.579969 -0.809857 -0.088130 0.533104 0.216338 2 67 0.871293 14 0.128707
  67 4.147844 4.570340 57.541775 -0.569387 -0.796642 0.202879 0.474450 0.152372 3 67 0.671283 79 0.237232 80 0.091485
  67 4.192896 4.592729 59.489597 -0.719351 -0.685174 -0.114327 0.528363 0.158771 3 67 0.604506 79 0.229079 14 0.166416
outline
  69 -1.331561 4.262109 44.801769 -0.921715 -0.053043 0.384224 0.090978 0.195051 1 69 1.000000
  69 -2.554203 4.348114 41.880646 -0.921715 -0.053043 0.384224 -0.006915 0.139847 1 69 1.000000
  69 -1.269428 2.807977 44.750072 -0.921715 -0.053043 0.384224 0.090978 0.233320 1 69 1.000000
outline
  69 1.269423 2.807976 44.750072 -0.938018 0.027798 0.345469 0.905059 0.582332 1 69 1.000000
  69 1.331556 4.262109 44.801769 -0.938018 0.027798 0.345469 0.929685 0.580203 1 69 1.000000
  69 -0.000003 4.833160 41.140373 -0.938018 0.027798 0.345469 0.933959 0.680112 1 69 1.000000
outline
  69 1.269423 2.807976 44.750072 0.921715 -0.053043 0.384223 0.090978 0.233320 1 69 1.000000
  69 2.554197 4.348114 41.880646 0.921715 -0.053043 0.384223 -0.006915 0.139847 1 69 1.000000
  69 1.331556 4.262109 44.801769 0.921715 -0.053043 0.384223 0.090978 0.195051 1 69 1.000000
outline
  69 -0.000002 4.864203 44.798893 0.386728 -0.913136 0.128933 0.988269 0.580203 1 69 1.000000
  69 -1.331561 4.262109 44.801769 0.361277 -0.926473 0.105484 0.929685 0.580203 1 69 1.000000
  69 -0.000003 4.833160 41.140373 0.412012 -0.911145 0.007731 0.933959 0.680112 1 69 1.000000
outline
  69 -0.000002 4.864203 44.798893 0.386728 -0.913136 0.128933 0.988269 0.580203 1 69 1.000000
  69 -1.515626 5.096081 49.354927 0.478731 -0.869983 0.118093 0.929685 0.505661 2 69 0.938274 68 0.061726
  69 -1.331561 4.262109 44.801769 0.361277 -0.926473 0.105484 0.929685 0.580203 1 69 1.000000
outline
  69 -0.000001 5.990617 49.400536 0.525387 -0.843241 0.113632 0.988269 0.505661 2 69 0.932290 68 0.067710
  69 -1.515626 5.096081 49.354927 0.478731 -0.869983 0.118093 0.929685 0.505661 2 69 0.938274 68 0.061726
  69 -0.000002 4.864203 44.798893 0.386728 -0.913136 0.128933 0.988269 0.580203 1 69 1.000000
outline
  69 -0.000001 5.990617 49.400536 0.525387 -0.843241 0.113632 0.988269 0.505661 2 69 0.932290 68 0.067710
  68 0.000000 5.829210 52.673050 0.381047 -0.923191 -0.050208 0.988269 0.400566 3 68 0.854232 69 0.082659 67 0.063110
  69 -1.515626 5.096081 49.354927 0.478731 -0.869983 0.118093 0.929685 0.505661 2 69 0.938274 68 0.061726
outline
  69 -1.515626 5.096081 49.354927 0.478731 -0.869983 0.118093 0.929685 0.505661 2 69 0.938274 68 0.061726
  68 0.000000 5.829210 52.673050 0.381047 -0.923191 -0.050208 0.988269 0.400566 3 68 0.854232 69 0.082659 67 0.063110
  68 -1.784962 5.218760 52.595325 0.255416 -0.965076 -0.058240 0.929685 0.400566 3 68 0.828885 69 0.090938 67 0.080177
outline
  68 0.000000 5.829210 52.673050 0.381047 -0.923191 -0.050208 0.988269 0.400566 3 68 0.854232 69 0.082659 67 0.063110
  67 0.000000 5.328808 55.412003 0.129158 -0.989604 0.063258 0.988269 0.309330 2 67 0.509260 68 0.490740
  68 -1.784962 5.218760 52.595325 0.255416 -0.965076 -0.058240 0.929685 0.400566 3 68 0.828885 69 0.090938 67 0.080177
outline
  68 -1.784962 5.218760 52.595325 0.255416 -0.965076 -0.058240 0.929685 0.400566 3 68 0.828885 69 0.090938 67 0.080177
  67 0.000000 5.328808 55.412003 0.129158 -0.989604 0.063258 0.988269 0.309330 2 67 0.509260 68 0.490740
  67 -2.155124 4.979212 55.390194 0.178822 -0.982651 0.049183 0.929685 0.309330 3 67 0.700820 68 0.240645 71 0.058536
outline
  67 0.000000 5.328808 55.412003 0.129158 -0.989604 0.063258 0.988269 0.309330 2 67 0.509260 68 0.490740
  67 -2.218659 5.873261 57.518402 -0.013044 -0.982406 0.186302 0.929685 0.234823 2 67 0.932211 68 0.067789
  67 -2.155124 4.979212 55.390194 0.178822 -0.982651 0.049183 0.929685 0.309330 3 67 0.700820 68 0.240645 71 0.058536
outline
  67 0.000001 5.782779 57.535385 -0.108731 -0.976798 0.184506 0.988269 0.234824 2 67 0.927272 68 0.072728
  67 -2.218659 5.873261 57.518402 -0.013044 -0.982406 0.186302 0.929685 0.234823 2 67 0.932211 68 0.067789
  67 0.000000 5.328808 55.412003 0.129158 -0.989604 0.063258 0.988269 0.309330 2 67 0.509260 68 0.490740
outline
  67 0.000001 5.782779 57.535385 -0.108731 -0.976798 0.184506 0.988269 0.234824 2 67 0.927272 68 0.072728
  67 0.000001 5.906240 59.434402 -0.014032 -0.996033 -0.087876 0.988269 0.173237 2 67 0.915613 14 0.084387
  67 -2.218659 5.873261 57.518402 -0.013044 -0.982406 0.186302 0.929685 0.234823 2 67 0.932211 68 0.067789
outline
  67 -2.218659 5.873261 57.518402 -0.013044 -0.982406 0.186302 0.929685 0.234823 2 67 0.932211 68 0.067789
  67 0.000001 5.906240 59.434402 -0.014032 -0.996033 -0.087876 0.988269 0.173237 2 67 0.915613 14 0.084387
  67 -2.286899 5.976626 59.434044 -0.014032 -0.996033 -0.087876 0.929685 0.173237 2 67 0.871293 14 0.128707
outline
  67 0.000001 5.906240 59.434402 -0.014032 -0.996033 -0.087876 0.988269 0.173237 2 67 0.915613 14 0.084387
  14 -2.169541 5.402682 61.759319 0.270223 -0.909749 -0.315177 0.929685 0.096951 2 14 0.507475 67 0.492526
  67 -2.286899 5.976626 59.434044 -0.014032 -0.996033 -0.087876 0.929685 0.173237 2 67 0.871293 14 0.128707
outline
  67 0.000001 5.291491 61.874401 0.000000 -0.952079 -0.305852 0.988269 0.096951 2 67 0.503523 14 0.496477
  14 -2.169541 5.402682 61.759319 0.270223 -0.909749 -0.315177 0.929685 0.096951 2 14 0.507475 67 0.492526
  67 0.000001 5.906240 59.434402 -0.014032 -0.996033 -0.087876 0.988269 0.173237 2 67 0.915613 14 0.084387
outline
  67 0.000001 5.291491 61.874401 0.000000 -0.952079 -0.305852 0.988269 0.096951 2 67 0.503523 14 0.496477
  67 0.000001 5.906240 59.434402 -0.014032 -0.996033 -0.087876 0.988269 0.173237 2 67 0.915613 14 0.084387
  14 2.169544 5.402682 61.759319 -0.269208 -0.906628 -0.324890 0.929685 0.096951 2 14 0.507475 67 0.492526
outline
  14 2.169544 5.402682 61.759319 -0.269208 -0.906628 -0.324890 0.929685 0.096951 2 14 0.507475 67 0.492526
  67 0.000001 5.906240 59.434402 -0.014032 -0.996033 -0.087876 0.988269 0.173237 2 67 0.915613 14 0.084387
  67 2.286902 5.976624 59.434044 -0.014032 -0.996033 -0.087876 0.929685 0.173237 2 67 0.871293 14 0.128707
outline
  67 0.000001 5.906240 59.434402 -0.014032 -0.996033 -0.087876 0.988269 0.173237 2 67 0.915613 14 0.084387
  67 2.218660 5.873260 57.518398 -0.013044 -0.982406 0.186302 0.929685 0.234823 2 67 0.932211 68 0.067789
  67 2.286902 5.976624 59.434044 -0.014032 -0.996033 -0.087876 0.929685 0.173237 2 67 0.871293 14 0.128707
outline
  67 0.000001 5.782779 57.535385 0.081167 -0.984385 0.156197 0.988269 0.234824 2 67 0.927272 68 0.072728
  67 2.218660 5.873260 57.518398 -0.013044 -0.982406 0.186302 0.929685 0.234823 2 67 0.932211 68 0.067789
  67 0.000001 5.906240 59.434402 -0.014032 -0.996033 -0.087876 0.988269 0.173237 2 67 0.915613 14 0.084387
outline
  67 0.000000 5.328808 55.412003 -0.135250 -0.985370 0.103699 0.988269 0.309330 2 67 0.509260 68 0.490740
  67 2.218660 5.873260 57.518398 -0.013044 -0.982406 0.186302 0.929685 0.234823 2 67 0.932211 68 0.067789
  67 0.000001 5.782779 57.535385 0.081167 -0.984385 0.156197 0.988269 0.234824 2 67 0.927272 68 0.072728
outline
  67 2.155125 4.979211 55.390194 -0.180180 -0.979440 0.090731 0.929685 0.309330 3 67 0.700820 68 0.240645 80 0.058536
  67 2.218660 5.873260 57.518398 -0.013044 -0.982406 0.186302 0.929685 0.234823 2 67 0.932211 68 0.067789
  67 0.000000 5.328808 55.412003 -0.135250 -0.985370 0.103699 0.988269 0.309330 2 67 0.509260 68 0.490740
outline
  67 0.000000 5.328808 55.412003 -0.135250 -0.985370 0.103699 0.988269 0.309330 2 67 0.509260 68 0.490740
  68 1.784961 5.218759 52.595325 -0.259378 -0.963922 -0.059816 0.929685 0.400566 3 68 0.828885 69 0.090938 67 0.080177
  67 2.155125 4.979211 55.390194 -0.180180 -0.979440 0.090731 0.929685 0.309330 3 67 0.700820 68 0.240645 80 0.058536
outline
  68 0.000000 5.829210 52.673050 -0.384500 -0.921640 -0.052342 0.988269 0.400566 3 68 0.854232 69 0.082659 67 0.063110
  68 1.784961 5.218759 52.595325 -0.259378 -0.963922 -0.059816 0.929685 0.400566 3 68 0.828885 69 0.090938 67 0.080177
  67 0.000000 5.328808 55.412003 -0.135250 -0.985370 0.103699 0.988269 0.309330 2 67 0.509260 68 0.490740
outline
  68 0.000000 5.829210 52.673050 -0.384500 -0.921640 -0.052342 0.988269 0.400566 3 68 0.854232 69 0.082659 67 0.063110
  69 1.515624 5.096080 49.354927 -0.478707 -0.870001 0.118058 0.929685 0.505661 2 69 0.938274 68 0.061726
  68 1.784961 5.218759 52.595325 -0.259378 -0.963922 -0.059816 0.929685 0.400566 3 68 0.828885 69 0.090938 67 0.080177
outline
  69 -0.000001 5.990617 49.400536 -0.552517 -0.826266 0.109588 0.988269 0.505661 2 69 0.932290 68 0.067710
  69 1.515624 5.096080 49.354927 -0.478707 -0.870001 0.118058 0.929685 0.505661 2 69 0.938274 68 0.061726
  68 0.000000 5.829210 52.673050 -0.384500 -0.921640 -0.052342 0.988269 0.400566 3 68 0.854232 69 0.082659 67 0.063110
outline
  69 -0.000002 4.864203 44.798893 -0.386727 -0.913137 0.128933 0.988269 0.580203 1 69 1.000000
  69 1.515624 5.096080 49.354927 -0.478707 -0.870001 0.118058 0.929685 0.505661 2 69 0.938274 68 0.061726
  69 -0.000001 5.990617 49.400536 -0.552517 -0.826266 0.109588 0.988269 0.505661 2 69 0.932290 68 0.067710
outline
  69 1.331556 4.262109 44.801769 -0.361277 -0.926473 0.105486 0.929685 0.580203 1 69 1.000000
  69 1.515624 5.096080 49.354927 -0.478707 -0.870001 0.118058 0.929685 0.505661 2 69 0.938274 68 0.061726
  69 -0.000002 4.864203 44.798893 -0.386727 -0.913137 0.128933 0.988269 0.580203 1 69 1.000000
outline
  69 -0.000003 4.833160 41.140373 -0.413786 -0.910252 -0.014928 0.933959 0.680112 1 69 1.000000
  69 1.331556 4.262109 44.801769 -0.361277 -0.926473 0.105486 0.929685 0.580203 1 69 1.000000
  69 -0.000002 4.864203 44.798893 -0.386727 -0.913137 0.128933 0.988269 0.580203 1 69 1.000000
outline
  69 -1.331561 4.262109 44.801769 0.374153 -0.925592 0.057350 0.090978 0.195051 1 69 1.000000
  69 -2.463455 3.771121 44.638367 0.412012 -0.911145 0.007731 0.090978 0.142039 1 69 1.000000
  69 -2.554203 4.348114 41.880646 0.426175 -0.878197 -0.217128 -0.006915 0.139847 1 69 1.000000
outline
  69 -1.331561 4.262109 44.801769 0.374153 -0.925592 0.057350 0.090978 0.195051 1 69 1.000000
  69 -2.951550 4.537550 49.024143 0.317085 -0.943046 0.100602 0.209114 0.152372 2 69 0.923020 68 0.076981
  69 -2.463455 3.771121 44.638367 0.412012 -0.911145 0.007731 0.090978 0.142039 1 69 1.000000
outline
  69 -1.515626 5.096081 49.354927 0.361277 -0.926473 0.105484 0.209114 0.216338 2 69 0.938274 68 0.061726
  69 -2.951550 4.537550 49.024143 0.317085 -0.943046 0.100602 0.209114 0.152372 2 69 0.923020 68 0.076981
  69 -1.331561 4.262109 44.801769 0.374153 -0.925592 0.057350 0.090978 0.195051 1 69 1.000000
outline
  69 -1.515626 5.096081 49.354927 0.361277 -0.926473 0.105484 0.209114 0.216338 2 69 0.938274 68 0.061726
  68 -3.347161 4.437404 52.289276 0.456575 -0.889566 -0.014514 0.307039 0.152372 3 68 0.504267 72 0.389251 69 0.106482
  69 -2.951550 4.537550 49.024143 0.317085 -0.943046 0.100602 0.209114 0.152372 2 69 0.923020 68 0.076981
outline
  68 -1.784962 5.218760 52.595325 0.412012 -0.911145 0.007731 0.307039 0.216338 3 68 0.828885 69 0.090938 67 0.080177
  68 -3.347161 4.437404 52.289276 0.456575 -0.889566 -0.014514 0.307039 0.152372 3 68 0.504267 72 0.389251 69 0.106482
  69 -1.515626 5.096081 49.354927 0.361277 -0.926473 0.105484 0.209114 0.216338 2 69 0.938274 68 0.061726
outline
  68 -1.784962 5.218760 52.595325 0.412012 -0.911145 0.007731 0.307039 0.216338 3 68 0.828885 69 0.090938 67 0.080177
  67 -2.155124 4.979212 55.390194 0.593009 -0.788387 0.163663 0.402278 0.216338 3 67 0.700820 68 0.240645 71 0.058536
  68 -3.347161 4.437404 52.289276 0.456575 -0.889566 -0.014514 0.307039 0.152372 3 68 0.504267 72 0.389251 69 0.106482
outline
  68 -3.347161 4.437404 52.289276 0.456575 -0.889566 -0.014514 0.307039 0.152372 3 68 0.504267 72 0.389251 69 0.106482
  67 -2.155124 4.979212 55.390194 0.593009 -0.788387 0.163663 0.402278 0.216338 3 67 0.700820 68 0.240645 71 0.058536
  67 -3.553719 3.853868 55.353157 0.677226 -0.713300 0.180466 0.402278 0.152372 3 67 0.369337 68 0.344859 71 0.285804
outline
  67 -2.155124 4.979212 55.390194 0.593009 -0.788387 0.163663 0.402278 0.216338 3 67 0.700820 68 0.240645 71 0.058536
  67 -4.147843 4.570341 57.541775 0.569388 -0.796652 0.202836 0.474450 0.152372 3 67 0.671283 70 0.237232 71 0.091485
  67 -3.553719 3.853868 55.353157 0.677226 -0.713300 0.180466 0.402278 0.152372 3 67 0.369337 68 0.344859 71 0.285804
outline
  67 -2.218659 5.873261 57.518402 0.533131 -0.820476 0.206376 0.474450 0.216338 2 67 0.932211 68 0.067789
  67 -4.147843 4.570341 57.541775 0.569388 -0.796652 0.202836 0.474450 0.152372 3 67 0.671283 70 0.237232 71 0.091485
  67 -2.155124 4.979212 55.390194 0.593009 -0.788387 0.163663 0.402278 0.216338 3 67 0.700820 68 0.240645 71 0.058536
outline
  67 -2.218659 5.873261 57.518402 0.533131 -0.820476 0.206376 0.474450 0.216338 2 67 0.932211 68 0.067789
  67 -2.286899 5.976626 59.434044 0.579969 -0.809857 -0.088130 0.533104 0.216338 2 67 0.871293 14 0.128707
  67 -4.147843 4.570341 57.541775 0.569388 -0.796652 0.202836 0.474450 0.152372 3 67 0.671283 70 0.237232 71 0.091485
outline
  67 -4.147843 4.570341 57.541775 0.569388 -0.796652 0.202836 0.474450 0.152372 3 67 0.671283 70 0.237232 71 0.091485
  67 -2.286899 5.976626 59.434044 0.579969 -0.809857 -0.088130 0.533104 0.216338 2 67 0.871293 14 0.128707
  67 -4.192893 4.592730 59.489597 0.721610 -0.690316 -0.052370 0.528363 0.158771 3 67 0.604506 70 0.229079 14 0.166416
outline
  69 2.638071 2.574456 44.877148 -0.608725 0.769862 0.191747 0.090978 0.109305 1 69 1.000000
  69 2.554197 4.348114 41.880646 0.099443 0.857501 0.504780 -0.006915 0.139847 1 69 1.000000
  69 1.269423 2.807976 44.750072 -0.116520 0.959784 0.255418 0.090978 0.075489 1 69 1.000000
outline
  69 1.269423 2.807976 44.750072 -0.116520 0.959784 0.255418 0.090978 0.075489 1 69 1.000000
  69 1.243406 3.329630 49.044697 -0.199401 0.971436 -0.128655 0.209114 0.034460 2 69 0.929933 68 0.070067
  69 2.638071 2.574456 44.877148 -0.608725 0.769862 0.191747 0.090978 0.109305 1 69 1.000000
outline
  69 2.638071 2.574456 44.877148 -0.608725 0.769862 0.191747 0.090978 0.109305 1 69 1.000000
  69 2.463451 3.771120 44.638367 -0.990004 -0.139479 0.020900 0.090978 0.142039 1 69 1.000000
  69 2.554197 4.348114 41.880646 -0.984744 -0.162821 -0.061391 -0.006915 0.139847 1 69 1.000000
outline
  69 2.638071 2.574456 44.877148 -0.608725 0.769862 0.191747 0.090978 0.109305 1 69 1.000000
  69 2.951548 4.537549 49.024143 -0.980689 -0.186180 0.059876 0.209114 0.152372 2 69 0.923020 68 0.076981
  69 2.463451 3.771120 44.638367 -0.990004 -0.139479 0.020900 0.090978 0.142039 1 69 1.000000
outline
  69 2.638071 2.574456 44.877148 -0.608725 0.769862 0.191747 0.090978 0.109305 1 69 1.000000
  69 1.243406 3.329630 49.044697 -0.199401 0.971436 -0.128655 0.209114 0.034460 2 69 0.929933 68 0.070067
  69 3.238932 2.293344 49.023968 -0.574014 0.810279 0.118135 0.209114 0.086252 3 69 0.856885 68 0.091580 81 0.051535
outline
  69 3.238932 2.293344 49.023968 -0.574014 0.810279 0.118135 0.209114 0.086252 3 69 0.856885 68 0.091580 81 0.051535
  69 2.951548 4.537549 49.024143 -0.980689 -0.186180 0.059876 0.209114 0.152372 2 69 0.923020 68 0.076981
  69 2.638071 2.574456 44.877148 -0.608725 0.769862 0.191747 0.090978 0.109305 1 69 1.000000
outline
  69 1.243406 3.329630 49.044697 -0.199401 0.971436 -0.128655 0.209114 0.034460 2 69 0.929933 68 0.070067
  68 1.457991 2.747132 52.348633 0.140752 0.972187 0.187191 0.303991 0.034460 3 68 0.805478 81 0.097669 69 0.096854
  69 3.238932 2.293344 49.023968 -0.574014 0.810279 0.118135 0.209114 0.086252 3 69 0.856885 68 0.091580 81 0.051535
outline
  69 3.238932 2.293344 49.023968 -0.574014 0.810279 0.118135 0.209114 0.086252 3 69 0.856885 68 0.091580 81 0.051535
  68 3.347161 4.437406 52.289276 0.645476 0.159056 -0.747036 0.307039 0.152372 3 68 0.504267 81 0.389251 69 0.106482
  69 2.951548 4.537549 49.024143 -0.980689 -0.186180 0.059876 0.209114 0.152372 2 69 0.923020 68 0.076981
outline
  68 2.932925 2.201229 52.343681 -0.175517 0.955845 0.235701 0.315343 0.072157 3 68 0.517250 81 0.369877 69 0.112873
  68 3.347161 4.437406 52.289276 0.645476 0.159056 -0.747036 0.307039 0.152372 3 68 0.504267 81 0.389251 69 0.106482
  69 3.238932 2.293344 49.023968 -0.574014 0.810279 0.118135 0.209114 0.086252 3 69 0.856885 68 0.091580 81 0.051535
outline
  69 3.238932 2.293344 49.023968 -0.574014 0.810279 0.118135 0.209114 0.086252 3 69 0.856885 68 0.091580 81 0.051535
  68 1.457991 2.747132 52.348633 0.140752 0.972187 0.187191 0.303991 0.034460 3 68 0.805478 81 0.097669 69 0.096854
  68 2.932925 2.201229 52.343681 -0.175517 0.955845 0.235701 0.315343 0.072157 3 68 0.517250 81 0.369877 69 0.112873
outline
  68 3.347161 4.437406 52.289276 0.645476 0.159056 -0.747036 0.307039 0.152372 3 68 0.504267 81 0.389251 69 0.106482
  68 2.932925 2.201229 52.343681 -0.175517 0.955845 0.235701 0.315343 0.072157 3 68 0.517250 81 0.369877 69 0.112873
  81 3.423869 2.464510 52.356876 0.261597 0.911259 0.318080 0.328050 0.101754 3 81 0.593012 68 0.334466 69 0.072521
outline
  68 2.932925 2.201229 52.343681 -0.175517 0.955845 0.235701 0.315343 0.072157 3 68 0.517250 81 0.369877 69 0.112873
  79 3.478362 2.311645 57.234806 0.261107 0.956431 0.130621 0.451103 0.098962 3 79 0.501132 67 0.425683 68 0.073186
  81 3.423869 2.464510 52.356876 0.261597 0.911259 0.318080 0.328050 0.101754 3 81 0.593012 68 0.334466 69 0.072521
outline
  67 2.315056 2.371444 57.420982 0.166393 0.986036 -0.006834 0.451103 0.065411 3 67 0.625950 79 0.290841 68 0.083209
  79 3.478362 2.311645 57.234806 0.261107 0.956431 0.130621 0.451103 0.098962 3 79 0.501132 67 0.425683 68 0.073186
  68 2.932925 2.201229 52.343681 -0.175517 0.955845 0.235701 0.315343 0.072157 3 68 0.517250 81 0.369877 69 0.112873
outline
  68 1.457991 2.747132 52.348633 0.140752 0.972187 0.187191 0.303991 0.034460 3 68 0.805478 81 0.097669 69 0.096854
  67 2.315056 2.371444 57.420982 0.166393 0.986036 -0.006834 0.451103 0.065411 3 67 0.625950 79 0.290841 68 0.083209
  68 2.932925 2.201229 52.343681 -0.175517 0.955845 0.235701 0.315343 0.072157 3 68 0.517250 81 0.369877 69 0.112873
outline
  67 1.331668 2.772369 57.357292 0.084275 0.995954 0.031194 0.451103 0.034460 3 67 0.748623 79 0.161026 68 0.090351
  67 2.315056 2.371444 57.420982 0.166393 0.986036 -0.006834 0.451103 0.065411 3 67 0.625950 79 0.290841 68 0.083209
  68 1.457991 2.747132 52.348633 0.140752 0.972187 0.187191 0.303991 0.034460 3 68 0.805478 81 0.097669 69 0.096854
outline
  69 -2.554203 4.348114 41.880646 0.984744 -0.162821 -0.061391 -0.006915 0.139847 1 69 1.000000
  69 -2.463455 3.771121 44.638367 0.986660 -0.162669 0.006333 0.090978 0.142039 1 69 1.000000
  69 -2.638076 2.574456 44.877148 0.608725 0.769862 0.191747 0.090978 0.109305 1 69 1.000000
outline
  69 -2.463455 3.771121 44.638367 0.986660 -0.162669 0.006333 0.090978 0.142039 1 69 1.000000
  69 -2.951550 4.537550 49.024143 0.972763 -0.226251 0.050422 0.209114 0.152372 2 69 0.923020 68 0.076981
  69 -2.638076 2.574456 44.877148 0.608725 0.769862 0.191747 0.090978 0.109305 1 69 1.000000
outline
  69 -1.269428 2.807977 44.750072 0.116520 0.959783 0.255419 0.090978 0.075489 1 69 1.000000
  69 -2.554203 4.348114 41.880646 -0.099442 0.857501 0.504780 -0.006915 0.139847 1 69 1.000000
  69 -2.638076 2.574456 44.877148 0.608725 0.769862 0.191747 0.090978 0.109305 1 69 1.000000
outline
  69 -1.269428 2.807977 44.750072 0.116520 0.959783 0.255419 0.090978 0.075489 1 69 1.000000
  69 -2.638076 2.574456 44.877148 0.608725 0.769862 0.191747 0.090978 0.109305 1 69 1.000000
  69 -1.243410 3.329630 49.044697 0.153958 0.979870 0.127087 0.209114 0.034460 2 69 0.929933 68 0.070067
outline
  69 -2.638076 2.574456 44.877148 0.608725 0.769862 0.191747 0.090978 0.109305 1 69 1.000000
  69 -2.951550 4.537550 49.024143 0.972763 -0.226251 0.050422 0.209114 0.152372 2 69 0.923020 68 0.076981
  69 -3.238936 2.293345 49.023972 0.573712 0.810449 0.118433 0.209114 0.086252 3 69 0.856885 68 0.091580 72 0.051535
outline
  69 -1.243410 3.329630 49.044697 0.153958 0.979870 0.127087 0.209114 0.034460 2 69 0.929933 68 0.070067
  69 -2.638076 2.574456 44.877148 0.608725 0.769862 0.191747 0.090978 0.109305 1 69 1.000000
  69 -3.238936 2.293345 49.023972 0.573712 0.810449 0.118433 0.209114 0.086252 3 69 0.856885 68 0.091580 72 0.051535
outline
  69 -2.951550 4.537550 49.024143 0.972763 -0.226251 0.050422 0.209114 0.152372 2 69 0.923020 68 0.076981
  68 -3.347161 4.437404 52.289276 -0.645458 0.159053 -0.747051 0.307039 0.152372 3 68 0.504267 72 0.389251 69 0.106482
  69 -3.238936 2.293345 49.023972 0.573712 0.810449 0.118433 0.209114 0.086252 3 69 0.856885 68 0.091580 72 0.051535
outline
  69 -1.243410 3.329630 49.044697 0.153958 0.979870 0.127087 0.209114 0.034460 2 69 0.929933 68 0.070067
  69 -3.238936 2.293345 49.023972 0.573712 0.810449 0.118433 0.209114 0.086252 3 69 0.856885 68 0.091580 72 0.051535
  68 -1.457993 2.747132 52.348633 -0.070399 0.997145 -0.027309 0.303991 0.034460 3 68 0.805478 72 0.097669 69 0.096854
outline
  69 -3.238936 2.293345 49.023972 0.573712 0.810449 0.118433 0.209114 0.086252 3 69 0.856885 68 0.091580 72 0.051535
  68 -3.347161 4.437404 52.289276 -0.645458 0.159053 -0.747051 0.307039 0.152372 3 68 0.504267 72 0.389251 69 0.106482
  68 -2.932925 2.201228 52.343678 0.174497 0.956296 0.234622 0.315343 0.072157 3 68 0.517250 72 0.369877 69 0.112873
outline
  68 -1.457993 2.747132 52.348633 -0.070399 0.997145 -0.027309 0.303991 0.034460 3 68 0.805478 72 0.097669 69 0.096854
  69 -3.238936 2.293345 49.023972 0.573712 0.810449 0.118433 0.209114 0.086252 3 69 0.856885 68 0.091580 72 0.051535
  68 -2.932925 2.201228 52.343678 0.174497 0.956296 0.234622 0.315343 0.072157 3 68 0.517250 72 0.369877 69 0.112873
outline
  72 -3.423869 2.464507 52.356880 -0.611994 0.702687 0.362896 0.328050 0.101754 3 72 0.593012 68 0.334466 69 0.072521
  68 -2.932925 2.201228 52.343678 0.174497 0.956296 0.234622 0.315343 0.072157 3 68 0.517250 72 0.369877 69 0.112873
  68 -3.347161 4.437404 52.289276 -0.645458 0.159053 -0.747051 0.307039 0.152372 3 68 0.504267 72 0.389251 69 0.106482
outline
  70 -3.478360 2.311645 57.234798 -0.261110 0.956430 0.130628 0.451103 0.098962 3 70 0.501132 67 0.425683 68 0.073186
  68 -2.932925 2.201228 52.343678 0.174497 0.956296 0.234622 0.315343 0.072157 3 68 0.517250 72 0.369877 69 0.112873
  72 -3.423869 2.464507 52.356880 -0.611994 0.702687 0.362896 0.328050 0.101754 3 72 0.593012 68 0.334466 69 0.072521
outline
  67 -2.315055 2.371445 57.420982 -0.166393 0.986036 -0.006837 0.451103 0.065411 3 67 0.625950 70 0.290841 68 0.083209
  68 -2.932925 2.201228 52.343678 0.174497 0.956296 0.234622 0.315343 0.072157 3 68 0.517250 72 0.369877 69 0.112873
  70 -3.478360 2.311645 57.234798 -0.261110 0.956430 0.130628 0.451103 0.098962 3 70 0.501132 67 0.425683 68 0.073186
outline
  67 -2.315055 2.371445 57.420982 -0.166393 0.986036 -0.006837 0.451103 0.065411 3 67 0.625950 70 0.290841 68 0.083209
  68 -1.457993 2.747132 52.348633 -0.070399 0.997145 -0.027309 0.303991 0.034460 3 68 0.805478 72 0.097669 69 0.096854
  68 -2.932925 2.201228 52.343678 0.174497 0.956296 0.234622 0.315343 0.072157 3 68 0.517250 72 0.369877 69 0.112873
outline
  67 -1.331667 2.772369 57.357292 -0.070399 0.997145 -0.027309 0.451103 0.034460 3 67 0.748623 70 0.161026 68 0.090351
  68 -1.457993 2.747132 52.348633 -0.070399 0.997145 -0.027309 0.303991 0.034460 3 68 0.805478 72 0.097669 69 0.096854
  67 -2.315055 2.371445 57.420982 -0.166393 0.986036 -0.006837 0.451103 0.065411 3 67 0.625950 70 0.290841 68 0.083209
outline
  69 -1.269428 2.807977 44.750072 0.116520 0.959783 0.255419 0.905059 0.582332 1 69 1.000000
  69 -0.000003 2.456131 44.748070 0.000013 0.952699 0.303917 0.874458 0.582332 1 69 1.000000
  69 -0.000003 4.833160 41.140373 0.000001 0.835040 0.550189 0.933959 0.680112 1 69 1.000000
outline
  69 -0.000003 4.833160 41.140373 0.000001 0.835040 0.550189 0.933959 0.680112 1 69 1.000000
  69 -0.000003 2.456131 44.748070 0.000013 0.952699 0.303917 0.874458 0.582332 1 69 1.000000
  69 1.269423 2.807976 44.750072 -0.116520 0.959784 0.255418 0.905059 0.582332 1 69 1.000000
outline
  69 -0.000003 4.833160 41.140373 0.938018 0.027798 0.345470 0.933959 0.680112 1 69 1.000000
  69 -1.331561 4.262109 44.801769 0.938018 0.027798 0.345470 0.929685 0.580203 1 69 1.000000
  69 -1.269428 2.807977 44.750072 0.938018 0.027798 0.345470 0.905059 0.582332 1 69 1.000000
outline
  69 -0.000002 1.979711 49.048557 0.084047 0.989739 -0.115553 0.022162 0.462263 2 69 0.868552 68 0.131448
  69 -1.243410 3.329630 49.044697 0.153958 0.979870 0.127087 0.074197 0.462263 2 69 0.929933 68 0.070067
  68 -0.000001 2.453677 52.349354 0.009309 0.997893 0.064204 0.022162 0.383876 2 68 0.905118 69 0.094882
outline
  68 -0.000001 2.453677 52.349354 0.009309 0.997893 0.064204 0.022162 0.383876 2 68 0.905118 69 0.094882
  69 -1.243410 3.329630 49.044697 0.153958 0.979870 0.127087 0.074197 0.462263 2 69 0.929933 68 0.070067
  68 -1.457993 2.747132 52.348633 -0.070399 0.997145 -0.027309 0.074197 0.381990 3 68 0.805478 72 0.097669 69 0.096854
outline
  69 -0.000002 1.979711 49.048557 0.084047 0.989739 -0.115553 0.022162 0.462263 2 69 0.868552 68 0.131448
  69 -1.269428 2.807977 44.750072 0.116520 0.959783 0.255419 0.074197 0.571371 1 69 1.000000
  69 -1.243410 3.329630 49.044697 0.153958 0.979870 0.127087 0.074197 0.462263 2 69 0.929933 68 0.070067
outline
  69 -0.000003 2.456131 44.748070 0.000013 0.952699 0.303917 0.022162 0.571371 1 69 1.000000
  69 -1.269428 2.807977 44.750072 0.116520 0.959783 0.255419 0.074197 0.571371 1 69 1.000000
  69 -0.000002 1.979711 49.048557 0.084047 0.989739 -0.115553 0.022162 0.462263 2 69 0.868552 68 0.131448
outline
  69 -0.000003 2.456131 44.748070 0.000013 0.952699 0.303917 0.022162 0.571371 1 69 1.000000
  69 -0.000002 1.979711 49.048557 0.084047 0.989739 -0.115553 0.022162 0.462263 2 69 0.868552 68 0.131448
  69 1.269423 2.807976 44.750072 -0.116520 0.959784 0.255418 0.074197 0.571371 1 69 1.000000
outline
  69 1.269423 2.807976 44.750072 -0.116520 0.959784 0.255418 0.074197 0.571371 1 69 1.000000
  69 -0.000002 1.979711 49.048557 0.084047 0.989739 -0.115553 0.022162 0.462263 2 69 0.868552 68 0.131448
  69 1.243406 3.329630 49.044697 -0.199401 0.971436 -0.128655 0.074197 0.462263 2 69 0.929933 68 0.070067
outline
  69 -0.000002 1.979711 49.048557 0.084047 0.989739 -0.115553 0.022162 0.462263 2 69 0.868552 68 0.131448
  68 -0.000001 2.453677 52.349354 0.009309 0.997893 0.064204 0.022162 0.383876 2 68 0.905118 69 0.094882
  69 1.243406 3.329630 49.044697 -0.199401 0.971436 -0.128655 0.074197 0.462263 2 69 0.929933 68 0.070067
outline
  67 -1.331667 2.772369 57.357292 -0.070399 0.997145 -0.027309 0.074197 0.262870 3 67 0.748623 70 0.161026 68 0.090351
  68 -0.000001 2.453677 52.349354 0.009309 0.997893 0.064204 0.022162 0.383876 2 68 0.905118 69 0.094882
  68 -1.457993 2.747132 52.348633 -0.070399 0.997145 -0.027309 0.074197 0.381990 3 68 0.805478 72 0.097669 69 0.096854
outline
  69 1.243406 3.329630 49.044697 -0.199401 0.971436 -0.128655 0.074197 0.462263 2 69 0.929933 68 0.070067
  68 -0.000001 2.453677 52.349354 0.009309 0.997893 0.064204 0.022162 0.383876 2 68 0.905118 69 0.094882
  68 1.457991 2.747132 52.348633 0.140752 0.972187 0.187191 0.074197 0.381990 3 68 0.805478 81 0.097669 69 0.096854
outline
  67 0.000000 2.453624 57.404938 0.000001 0.999845 0.017619 0.022162 0.263478 3 67 0.847623 68 0.099420 70 0.052957
  68 -0.000001 2.453677 52.349354 0.009309 0.997893 0.064204 0.022162 0.383876 2 68 0.905118 69 0.094882
  67 -1.331667 2.772369 57.357292 -0.070399 0.997145 -0.027309 0.074197 0.262870 3 67 0.748623 70 0.161026 68 0.090351
outline
  68 -0.000001 2.453677 52.349354 0.009309 0.997893 0.064204 0.022162 0.383876 2 68 0.905118 69 0.094882
  67 1.331668 2.772369 57.357292 0.084275 0.995954 0.031194 0.074197 0.262870 3 67 0.748623 79 0.161026 68 0.090351
  68 1.457991 2.747132 52.348633 0.140752 0.972187 0.187191 0.074197 0.381990 3 68 0.805478 81 0.097669 69 0.096854
outline
  67 0.000000 2.453624 57.404938 0.000001 0.999845 0.017619 0.022162 0.263478 3 67 0.847623 68 0.099420 70 0.052957
  67 1.331668 2.772369 57.357292 0.084275 0.995954 0.031194 0.074197 0.262870 3 67 0.748623 79 0.161026 68 0.090351
  68 -0.000001 2.453677 52.349354 0.009309 0.997893 0.064204 0.022162 0.383876 2 68 0.905118 69 0.094882
outline
  81 5.087656 3.561899 44.462814 -0.840038 -0.503814 -0.201267 0.622416 0.329840 1 81 1.000000
  81 5.075327 2.764327 46.270203 -0.971509 -0.227531 0.066327 0.572568 0.311481 1 81 1.000000
  81 4.643358 3.521310 46.256405 -0.861813 -0.501503 -0.075972 0.585250 0.290894 1 81 1.000000
outline
  81 5.075327 2.764327 46.270203 -0.971509 -0.227531 0.066327 0.572568 0.311481 1 81 1.000000
  81 5.710703 2.782197 49.078354 -0.550997 -0.831651 -0.068981 0.509723 0.277042 1 81 1.000000
  81 4.643358 3.521310 46.256405 -0.861813 -0.501503 -0.075972 0.585250 0.290894 1 81 1.000000
outline
  81 4.643358 3.521310 46.256405 -0.861813 -0.501503 -0.075972 0.585250 0.290894 1 81 1.000000
  81 5.710703 2.782197 49.078354 -0.550997 -0.831651 -0.068981 0.509723 0.277042 1 81 1.000000
  81 4.355338 3.645280 49.187702 -0.413786 -0.910252 -0.014929 0.524503 0.236787 1 81 1.000000
outline
  81 4.355338 3.645280 49.187702 -0.413786 -0.910252 -0.014929 0.524503 0.236787 1 81 1.000000
  81 5.710703 2.782197 49.078354 -0.550997 -0.831651 -0.068981 0.509723 0.277042 1 81 1.000000
  81 4.919689 3.089756 51.912960 -0.790789 -0.588575 -0.168025 0.425493 0.236787 3 81 0.892780 80 0.057171 68 0.050049
outline
  81 4.919689 3.089756 51.912960 -0.790789 -0.588575 -0.168025 0.425493 0.236787 3 81 0.892780 80 0.057171 68 0.050049
  81 5.710703 2.782197 49.078354 -0.550997 -0.831651 -0.068981 0.509723 0.277042 1 81 1.000000
  81 5.677063 1.885340 51.774567 -0.867423 -0.473811 -0.151924 0.425493 0.280273 1 81 1.000000
outline
  81 4.919689 3.089756 51.912960 -0.790789 -0.588575 -0.168025 0.425493 0.236787 3 81 0.892780 80 0.057171 68 0.050049
  81 5.677063 1.885340 51.774567 -0.867423 -0.473811 -0.151924 0.425493 0.280273 1 81 1.000000
  80 5.155203 1.104596 55.652203 -0.976572 -0.199731 -0.080086 0.314227 0.236787 2 80 0.815641 79 0.184360
outline
  80 5.155203 1.104596 55.652203 -0.976572 -0.199731 -0.080086 0.314227 0.236787 2 80 0.815641 79 0.184360
  81 5.677063 1.885340 51.774567 -0.867423 -0.473811 -0.151924 0.425493 0.280273 1 81 1.000000
  79 5.493583 -0.515873 55.779137 -0.961897 -0.270195 -0.041817 0.314227 0.283606 3 79 0.722562 80 0.143203 82 0.134236
outline
  80 5.155203 1.104596 55.652203 -0.976572 -0.199731 -0.080086 0.314227 0.236787 2 80 0.815641 79 0.184360
  79 5.493583 -0.515873 55.779137 -0.961897 -0.270195 -0.041817 0.314227 0.283606 3 79 0.722562 80 0.143203 82 0.134236
  79 5.650203 0.686380 57.563099 -0.957068 -0.024733 0.288807 0.251526 0.236787 3 79 0.867860 82 0.066714 80 0.065426
outline
  81 4.221210 4.294271 43.107605 -0.070652 -0.997200 -0.024504 0.818710 0.610693 1 81 1.000000
  81 3.552282 4.304897 45.424358 0.018157 -0.994670 0.101498 0.807057 0.540511 1 81 1.000000
  81 2.806190 4.354947 45.415371 -0.033408 -0.993300 0.110628 0.824956 0.535365 1 81 1.000000
outline
  81 3.552282 4.304897 45.424358 0.018157 -0.994670 0.101498 0.807057 0.540511 1 81 1.000000
  81 3.663616 4.697350 49.231056 -0.439575 -0.896575 0.054096 0.801707 0.434192 2 81 0.931044 68 0.068956
  81 2.806190 4.354947 45.415371 -0.033408 -0.993300 0.110628 0.824956 0.535365 1 81 1.000000
outline
  81 2.806190 4.354947 45.415371 -0.033408 -0.993300 0.110628 0.824956 0.535365 1 81 1.000000
  81 3.663616 4.697350 49.231056 -0.439575 -0.896575 0.054096 0.801707 0.434192 2 81 0.931044 68 0.068956
  81 2.854305 5.043931 49.435390 -0.460535 -0.887589 -0.009648 0.825461 0.431812 2 81 0.923560 68 0.076440
outline
  81 2.854305 5.043931 49.435390 -0.460535 -0.887589 -0.009648 0.825461 0.431812 2 81 0.923560 68 0.076440
  81 3.663616 4.697350 49.231056 -0.439575 -0.896575 0.054096 0.801707 0.434192 2 81 0.931044 68 0.068956
  68 3.347161 4.437406 52.289276 -0.299046 -0.938051 -0.175020 0.855128 0.342219 3 68 0.504267 81 0.389251 69 0.106482
outline
  68 3.347161 4.437406 52.289276 -0.299046 -0.938051 -0.175020 0.855128 0.342219 3 68 0.504267 81 0.389251 69 0.106482
  81 3.663616 4.697350 49.231056 -0.439575 -0.896575 0.054096 0.801707 0.434192 2 81 0.931044 68 0.068956
  81 4.484757 4.024011 52.158306 -0.350578 -0.920970 -0.170025 0.795665 0.343645 2 81 0.807262 68 0.192738
outline
  68 3.347161 4.437406 52.289276 -0.299046 -0.938051 -0.175020 0.855128 0.342219 3 68 0.504267 81 0.389251 69 0.106482
  81 4.484757 4.024011 52.158306 -0.350578 -0.920970 -0.170025 0.795665 0.343645 2 81 0.807262 68 0.192738
  67 3.553720 3.853868 55.353157 -0.460535 -0.887589 -0.009647 0.855128 0.246350 3 67 0.369337 68 0.344859 80 0.285804
outline
  67 3.553720 3.853868 55.353157 -0.460535 -0.887589 -0.009647 0.855128 0.246350 3 67 0.369337 68 0.344859 80 0.285804
  81 4.484757 4.024011 52.158306 -0.350578 -0.920970 -0.170025 0.795665 0.343645 2 81 0.807262 68 0.192738
  80 4.597525 3.106432 55.277943 -0.689380 -0.720226 0.077649 0.795665 0.246350 3 80 0.665638 67 0.170978 81 0.163384
outline
  67 3.553720 3.853868 55.353157 -0.460535 -0.887589 -0.009647 0.855128 0.246350 3 67 0.369337 68 0.344859 80 0.285804
  80 4.597525 3.106432 55.277943 -0.689380 -0.720226 0.077649 0.795665 0.246350 3 80 0.665638 67 0.170978 81 0.163384
  67 4.147844 4.570340 57.541775 -0.821726 -0.554559 0.131265 0.855128 0.173668 3 67 0.671283 79 0.237232 80 0.091485
outline
  67 4.147844 4.570340 57.541775 -0.821726 -0.554559 0.131265 0.855128 0.173668 3 67 0.671283 79 0.237232 80 0.091485
  80 4.597525 3.106432 55.277943 -0.689380 -0.720226 0.077649 0.795665 0.246350 3 80 0.665638 67 0.170978 81 0.163384
  79 5.182230 2.838376 57.602768 -0.866467 -0.480314 0.136133 0.795665 0.173668 3 79 0.672203 67 0.192931 80 0.134866
outline
  67 4.147844 4.570340 57.541775 -0.821726 -0.554559 0.131265 0.855128 0.173668 3 67 0.671283 79 0.237232 80 0.091485
  79 5.182230 2.838376 57.602768 -0.866467 -0.480314 0.136133 0.795665 0.173668 3 79 0.672203 67 0.192931 80 0.134866
  67 4.192896 4.592729 59.489597 -0.719351 -0.685174 -0.114327 0.855128 0.114150 3 67 0.604506 79 0.229079 14 0.166416
outline
  67 4.192896 4.592729 59.489597 -0.719351 -0.685174 -0.114327 0.855128 0.114150 3 67 0.604506 79 0.229079 14 0.166416
  79 5.182230 2.838376 57.602768 -0.866467 -0.480314 0.136133 0.795665 0.173668 3 79 0.672203 67 0.192931 80 0.134866
  79 5.378006 2.488651 59.583946 -0.861813 -0.501504 -0.075972 0.795665 0.114150 3 79 0.749915 67 0.140334 14 0.109751
outline
  67 4.192896 4.592729 59.489597 -0.719351 -0.685174 -0.114327 0.855128 0.114150 3 67 0.604506 79 0.229079 14 0.166416
  79 5.378006 2.488651 59.583946 -0.861813 -0.501504 -0.075972 0.795665 0.114150 3 79 0.749915 67 0.140334 14 0.109751
  14 3.941203 4.338987 61.642220 -0.727120 -0.615378 -0.304313 0.855128 0.046335 3 14 0.550642 67 0.291774 79 0.157585
outline
  14 3.941203 4.338987 61.642220 -0.727120 -0.615378 -0.304313 0.855128 0.046335 3 14 0.550642 67 0.291774 79 0.157585
  79 5.378006 2.488651 59.583946 -0.861813 -0.501504 -0.075972 0.795665 0.114150 3 79 0.749915 67 0.140334 14 0.109751
  14 5.015157 2.183546 61.773056 -0.905534 -0.257925 -0.336873 0.795665 0.046335 2 14 0.592808 79 0.407193
outline
  14 5.015157 2.183546 61.773056 -0.905534 -0.257925 -0.336873 0.795665 0.046335 2 14 0.592808 79 0.407193
  79 5.625682 0.132668 59.504669 -0.996287 0.035566 -0.078408 0.745305 0.114150 2 79 0.942218 82 0.057783
  14 5.336630 -0.379403 61.776123 -0.939099 0.061914 -0.338024 0.745305 0.046335 2 14 0.908918 79 0.091082
outline
  79 5.378006 2.488651 59.583946 -0.984744 -0.162821 -0.061391 0.795665 0.114150 3 79 0.749915 67 0.140334 14 0.109751
  79 5.625682 0.132668 59.504669 -0.996287 0.035566 -0.078408 0.745305 0.114150 2 79 0.942218 82 0.057783
  14 5.015157 2.183546 61.773056 -0.905534 -0.257925 -0.336873 0.795665 0.046335 2 14 0.592808 79 0.407193
outline
  79 5.378006 2.488651 59.583946 -0.984744 -0.162821 -0.061391 0.795665 0.114150 3 79 0.749915 67 0.140334 14 0.109751
  79 5.650203 0.686380 57.563099 -0.996689 -0.067674 0.045068 0.745305 0.173668 3 79 0.867860 82 0.066714 80 0.065426
  79 5.625682 0.132668 59.504669 -0.996287 0.035566 -0.078408 0.745305 0.114150 2 79 0.942218 82 0.057783
outline
  79 5.182230 2.838376 57.602768 -0.964712 -0.231029 0.126315 0.795665 0.173668 3 79 0.672203 67 0.192931 80 0.134866
  79 5.650203 0.686380 57.563099 -0.996689 -0.067674 0.045068 0.745305 0.173668 3 79 0.867860 82 0.066714 80 0.065426
  79 5.378006 2.488651 59.583946 -0.984744 -0.162821 -0.061391 0.795665 0.114150 3 79 0.749915 67 0.140334 14 0.109751
outline
  79 5.182230 2.838376 57.602768 -0.964712 -0.231029 0.126315 0.795665 0.173668 3 79 0.672203 67 0.192931 80 0.134866
  80 5.155203 1.104596 55.652203 -0.964712 -0.231029 0.126315 0.745305 0.246350 2 80 0.815641 79 0.184360
  79 5.650203 0.686380 57.563099 -0.996689 -0.067674 0.045068 0.745305 0.173668 3 79 0.867860 82 0.066714 80 0.065426
outline
  80 4.597525 3.106432 55.277943 -0.961897 -0.270195 -0.041817 0.795665 0.246350 3 80 0.665638 67 0.170978 81 0.163384
  80 5.155203 1.104596 55.652203 -0.964712 -0.231029 0.126315 0.745305 0.246350 2 80 0.815641 79 0.184360
  79 5.182230 2.838376 57.602768 -0.964712 -0.231029 0.126315 0.795665 0.173668 3 79 0.672203 67 0.192931 80 0.134866
outline
  80 4.597525 3.106432 55.277943 -0.961897 -0.270195 -0.041817 0.795665 0.246350 3 80 0.665638 67 0.170978 81 0.163384
  81 4.919689 3.089756 51.912960 -0.910505 -0.413366 -0.010437 0.745305 0.343631 3 81 0.892780 80 0.057171 68 0.050049
  80 5.155203 1.104596 55.652203 -0.964712 -0.231029 0.126315 0.745305 0.246350 2 80 0.815641 79 0.184360
outline
  81 4.484757 4.024011 52.158306 -0.883098 -0.468570 -0.024071 0.795665 0.343645 2 81 0.807262 68 0.192738
  81 4.919689 3.089756 51.912960 -0.910505 -0.413366 -0.010437 0.745305 0.343631 3 81 0.892780 80 0.057171 68 0.050049
  80 4.597525 3.106432 55.277943 -0.961897 -0.270195 -0.041817 0.795665 0.246350 3 80 0.665638 67 0.170978 81 0.163384
outline
  81 4.484757 4.024011 52.158306 -0.883098 -0.468570 -0.024071 0.795665 0.343645 2 81 0.807262 68 0.192738
  81 4.355338 3.645280 49.187702 -0.800909 -0.586685 0.119772 0.754159 0.432914 1 81 1.000000
  81 4.919689 3.089756 51.912960 -0.910505 -0.413366 -0.010437 0.745305 0.343631 3 81 0.892780 80 0.057171 68 0.050049
outline
  81 3.663616 4.697350 49.231056 -0.817537 -0.568513 0.091793 0.801707 0.434192 2 81 0.931044 68 0.068956
  81 4.355338 3.645280 49.187702 -0.800909 -0.586685 0.119772 0.754159 0.432914 1 81 1.000000
  81 4.484757 4.024011 52.158306 -0.883098 -0.468570 -0.024071 0.795665 0.343645 2 81 0.807262 68 0.192738
outline
  81 3.663616 4.697350 49.231056 -0.817537 -0.568513 0.091793 0.801707 0.434192 2 81 0.931044 68 0.068956
  81 4.084348 3.167982 46.223244 -0.893382 -0.447151 0.043862 0.755601 0.525378 1 81 1.000000
  81 4.355338 3.645280 49.187702 -0.800909 -0.586685 0.119772 0.754159 0.432914 1 81 1.000000
outline
  81 3.552282 4.304897 45.424358 -0.878968 -0.461832 -0.118853 0.807057 0.540511 1 81 1.000000
  81 4.084348 3.167982 46.223244 -0.893382 -0.447151 0.043862 0.755601 0.525378 1 81 1.000000
  81 3.663616 4.697350 49.231056 -0.817537 -0.568513 0.091793 0.801707 0.434192 2 81 0.931044 68 0.068956
outline
  81 4.221210 4.294271 43.107605 -0.804665 -0.549246 -0.225481 0.818710 0.610693 1 81 1.000000
  81 4.084348 3.167982 46.223244 -0.893382 -0.447151 0.043862 0.755601 0.525378 1 81 1.000000
  81 3.552282 4.304897 45.424358 -0.878968 -0.461832 -0.118853 0.807057 0.540511 1 81 1.000000
outline
  81 3.864246 2.271591 49.177258 0.009309 0.997893 0.064204 0.712208 0.440521 1 81 1.000000
  81 4.355338 3.645280 49.187702 -0.932376 0.360183 0.030708 0.754159 0.432914 1 81 1.000000
  81 4.084348 3.167982 46.223244 -0.804986 0.572984 0.153901 0.755601 0.525378 1 81 1.000000
outline
  81 3.864246 2.271591 49.177258 0.009309 0.997893 0.064204 0.712208 0.440521 1 81 1.000000
  81 4.084348 3.167982 46.223244 -0.804986 0.572984 0.153901 0.755601 0.525378 1 81 1.000000
  81 3.627209 2.567467 46.335907 -0.249739 0.950859 0.183022 0.733540 0.526796 1 81 1.000000
outline
  81 3.627209 2.567467 46.335907 -0.249739 0.950859 0.183022 0.733540 0.526796 1 81 1.000000
  81 4.084348 3.167982 46.223244 -0.804986 0.572984 0.153901 0.755601 0.525378 1 81 1.000000
  81 4.221210 4.294271 43.107605 -0.752759 0.622736 0.213432 0.818710 0.610693 1 81 1.000000
outline
  81 4.130541 2.155710 52.039368 -0.937090 0.334242 0.100721 -0.001683 0.160074 2 81 0.918896 68 0.081104
  81 4.355338 3.645280 49.187702 -0.937090 0.334242 0.100721 0.058657 0.234082 1 81 1.000000
  81 3.864246 2.271591 49.177258 -0.937090 0.334242 0.100721 -0.003906 0.246775 1 81 1.000000
outline
  81 4.355338 3.645280 49.187702 -0.028757 0.021502 0.999355 0.525670 0.424828 1 81 1.000000
  81 3.864246 2.271591 49.177258 -0.028757 0.021502 0.999355 0.496722 0.395421 1 81 1.000000
  81 3.915514 1.046364 49.188667 -0.028757 0.021502 0.999355 0.491250 0.356199 1 81 1.000000
outline
  81 2.807626 2.862831 45.646908 0.704523 0.633573 0.319738 0.859820 0.536333 1 81 1.000000
  81 3.627209 2.567467 46.335907 -0.249739 0.950859 0.183022 0.889386 0.533162 1 81 1.000000
  81 4.221210 4.294271 43.107605 -0.041814 0.879893 0.473329 0.818710 0.610693 1 81 1.000000
outline
  81 2.807626 2.862831 45.646908 0.704523 0.633573 0.319738 0.859820 0.536333 1 81 1.000000
  81 2.802199 2.765930 49.427200 0.858061 0.510129 -0.059160 0.886948 0.435441 1 81 1.000000
  81 3.627209 2.567467 46.335907 -0.249739 0.950859 0.183022 0.889386 0.533162 1 81 1.000000
outline
  81 3.627209 2.567467 46.335907 -0.249739 0.950859 0.183022 0.889386 0.533162 1 81 1.000000
  81 2.802199 2.765930 49.427200 0.858061 0.510129 -0.059160 0.886948 0.435441 1 81 1.000000
  81 3.864246 2.271591 49.177258 0.009309 0.997893 0.064204 0.925569 0.444594 1 81 1.000000
outline
  81 3.864246 2.271591 49.177258 0.009309 0.997893 0.064204 0.925569 0.444594 1 81 1.000000
  81 2.802199 2.765930 49.427200 0.858061 0.510129 -0.059160 0.886948 0.435441 1 81 1.000000
  81 4.130541 2.155710 52.039368 0.213834 0.975210 0.056926 0.925569 0.349855 2 81 0.918896 68 0.081104
outline
  81 2.807626 2.862831 45.646908 0.704523 0.633573 0.319738 0.859820 0.536333 1 81 1.000000
  81 4.221210 4.294271 43.107605 0.849921 0.086145 0.519820 0.818710 0.610693 1 81 1.000000
  81 2.806190 4.354947 45.415371 0.960305 0.041585 0.275836 0.824956 0.535365 1 81 1.000000
outline
  81 2.807626 2.862831 45.646908 0.704523 0.633573 0.319738 0.859820 0.536333 1 81 1.000000
  81 2.806190 4.354947 45.415371 0.960305 0.041585 0.275836 0.824956 0.535365 1 81 1.000000
  81 2.802199 2.765930 49.427200 0.858061 0.510129 -0.059160 0.886948 0.435441 1 81 1.000000
outline
  81 2.802199 2.765930 49.427200 0.858061 0.510129 -0.059160 0.886948 0.435441 1 81 1.000000
  81 2.806190 4.354947 45.415371 0.960305 0.041585 0.275836 0.824956 0.535365 1 81 1.000000
  81 2.854305 5.043931 49.435390 0.991295 -0.052836 -0.120589 0.825461 0.431812 2 81 0.923560 68 0.076440
outline
  68 3.347161 4.437406 52.289276 0.645476 0.159056 -0.747036 0.855128 0.342219 3 68 0.504267 81 0.389251 69 0.106482
  81 2.802199 2.765930 49.427200 0.858061 0.510129 -0.059160 0.886948 0.435441 1 81 1.000000
  81 2.854305 5.043931 49.435390 0.991295 -0.052836 -0.120589 0.825461 0.431812 2 81 0.923560 68 0.076440
outline
  81 3.423869 2.464510 52.356876 0.261597 0.911259 0.318080 0.885728 0.341707 3 81 0.593012 68 0.334466 69 0.072521
  81 2.802199 2.765930 49.427200 0.858061 0.510129 -0.059160 0.886948 0.435441 1 81 1.000000
  68 3.347161 4.437406 52.289276 0.645476 0.159056 -0.747036 0.855128 0.342219 3 68 0.504267 81 0.389251 69 0.106482
outline
  81 4.130541 2.155710 52.039368 0.213834 0.975210 0.056926 0.925569 0.349855 2 81 0.918896 68 0.081104
  81 2.802199 2.765930 49.427200 0.858061 0.510129 -0.059160 0.886948 0.435441 1 81 1.000000
  81 3.423869 2.464510 52.356876 0.261597 0.911259 0.318080 0.885728 0.341707 3 81 0.593012 68 0.334466 69 0.072521
outline
  81 3.423869 2.464510 52.356876 0.261597 0.911259 0.318080 0.885728 0.341707 3 81 0.593012 68 0.334466 69 0.072521
  79 3.804674 0.986199 56.324982 0.961881 0.200830 0.185611 0.925569 0.189028 3 79 0.822741 67 0.117953 81 0.059307
  81 4.130541 2.155710 52.039368 0.213834 0.975210 0.056926 0.925569 0.349855 2 81 0.918896 68 0.081104
outline
  79 3.478362 2.311645 57.234806 0.261107 0.956431 0.130621 0.885728 0.189028 3 79 0.501132 67 0.425683 68 0.073186
  79 3.804674 0.986199 56.324982 0.961881 0.200830 0.185611 0.925569 0.189028 3 79 0.822741 67 0.117953 81 0.059307
  81 3.423869 2.464510 52.356876 0.261597 0.911259 0.318080 0.885728 0.341707 3 81 0.593012 68 0.334466 69 0.072521
outline
  81 4.202567 2.728310 46.246765 0.947233 -0.040490 0.317979 0.571576 0.354808 1 81 1.000000
  81 5.087656 3.561899 44.462814 0.864027 -0.461844 0.200394 0.622416 0.329840 1 81 1.000000
  81 4.643358 3.521310 46.256405 0.866466 -0.480316 0.136135 0.587181 0.371870 1 81 1.000000
outline
  81 4.202567 2.728310 46.246765 0.947233 -0.040490 0.317979 0.571576 0.354808 1 81 1.000000
  81 4.643358 3.521310 46.256405 0.866466 -0.480316 0.136135 0.587181 0.371870 1 81 1.000000
  81 4.355338 3.645280 49.187702 0.972763 -0.226251 0.050422 0.525670 0.424828 1 81 1.000000
outline
  81 4.202567 2.728310 46.246765 0.947233 -0.040490 0.317979 0.571576 0.354808 1 81 1.000000
  81 4.355338 3.645280 49.187702 0.972763 -0.226251 0.050422 0.525670 0.424828 1 81 1.000000
  81 3.915514 1.046364 49.188667 0.738146 0.657186 0.152467 0.491250 0.356199 1 81 1.000000
outline
  81 4.202567 2.728310 46.246765 0.947233 -0.040490 0.317979 0.571576 0.354808 1 81 1.000000
  81 4.629632 1.983275 46.116837 -0.006326 0.801797 0.597563 0.564875 0.334225 1 81 1.000000
  81 5.087656 3.561899 44.462814 0.780158 0.323023 0.535733 0.622416 0.329840 1 81 1.000000
outline
  81 3.915514 1.046364 49.188667 0.738146 0.657186 0.152467 0.491250 0.356199 1 81 1.000000
  81 4.629632 1.983275 46.116837 -0.006326 0.801797 0.597563 0.564875 0.334225 1 81 1.000000
  81 4.202567 2.728310 46.246765 0.947233 -0.040490 0.317979 0.571576 0.354808 1 81 1.000000
outline
  81 4.629632 1.983275 46.116837 -0.006326 0.801797 0.597563 0.564875 0.334225 1 81 1.000000
  81 5.075327 2.764327 46.270203 -0.871704 0.413244 0.263365 0.572568 0.311481 1 81 1.000000
  81 5.087656 3.561899 44.462814 -0.859897 0.461407 0.218357 0.622416 0.329840 1 81 1.000000
outline
  81 5.090682 1.028357 48.890438 -0.514092 0.825159 0.234142 0.499708 0.323597 1 81 1.000000
  81 5.075327 2.764327 46.270203 -0.871704 0.413244 0.263365 0.572568 0.311481 1 81 1.000000
  81 4.629632 1.983275 46.116837 -0.006326 0.801797 0.597563 0.564875 0.334225 1 81 1.000000
outline
  81 3.915514 1.046364 49.188667 0.738146 0.657186 0.152467 0.491250 0.356199 1 81 1.000000
  81 5.090682 1.028357 48.890438 -0.514092 0.825159 0.234142 0.499708 0.323597 1 81 1.000000
  81 4.629632 1.983275 46.116837 -0.006326 0.801797 0.597563 0.564875 0.334225 1 81 1.000000
outline
  81 5.090682 1.028357 48.890438 -0.514092 0.825159 0.234142 0.499708 0.323597 1 81 1.000000
  81 5.710703 2.782197 49.078354 -0.952203 0.277313 0.128089 0.509723 0.277042 1 81 1.000000
  81 5.075327 2.764327 46.270203 -0.871704 0.413244 0.263365 0.572568 0.311481 1 81 1.000000
outline
  81 5.090682 1.028357 48.890438 -0.514092 0.825159 0.234142 0.499708 0.323597 1 81 1.000000
  81 5.677063 1.885340 51.774567 -0.891943 0.437321 0.114843 0.425493 0.280273 1 81 1.000000
  81 5.710703 2.782197 49.078354 -0.952203 0.277313 0.128089 0.509723 0.277042 1 81 1.000000
outline
  81 4.954799 0.723752 51.628521 -0.514092 0.825159 0.234142 0.425493 0.326920 1 81 1.000000
  81 5.677063 1.885340 51.774567 -0.891943 0.437321 0.114843 0.425493 0.280273 1 81 1.000000
  81 5.090682 1.028357 48.890438 -0.514092 0.825159 0.234142 0.499708 0.323597 1 81 1.000000
outline
  81 3.915514 1.046364 49.188667 0.738146 0.657186 0.152467 0.491250 0.356199 1 81 1.000000
  81 4.954799 0.723752 51.628521 -0.514092 0.825159 0.234142 0.425493 0.326920 1 81 1.000000
  81 5.090682 1.028357 48.890438 -0.514092 0.825159 0.234142 0.499708 0.323597 1 81 1.000000
outline
  81 4.954799 0.723752 51.628521 -0.514092 0.825159 0.234142 0.425493 0.326920 1 81 1.000000
  79 5.493583 -0.515873 55.779137 -0.701626 0.609233 0.369535 0.314227 0.283606 3 79 0.722562 80 0.143203 82 0.134236
  81 5.677063 1.885340 51.774567 -0.891943 0.437321 0.114843 0.425493 0.280273 1 81 1.000000
outline
  79 4.694047 -0.925438 55.292320 -0.395554 0.881536 0.257742 0.314227 0.326215 2 79 0.601989 80 0.398011
  79 5.493583 -0.515873 55.779137 -0.701626 0.609233 0.369535 0.314227 0.283606 3 79 0.722562 80 0.143203 82 0.134236
  81 4.954799 0.723752 51.628521 -0.514092 0.825159 0.234142 0.425493 0.326920 1 81 1.000000
outline
  81 3.666741 0.445179 51.840511 0.752845 0.598688 0.273490 0.425493 0.367868 2 81 0.561787 80 0.438213
  79 4.694047 -0.925438 55.292320 -0.395554 0.881536 0.257742 0.314227 0.326215 2 79 0.601989 80 0.398011
  81 4.954799 0.723752 51.628521 -0.514092 0.825159 0.234142 0.425493 0.326920 1 81 1.000000
outline
  81 3.666741 0.445179 51.840511 0.752845 0.598688 0.273490 0.425493 0.367868 2 81 0.561787 80 0.438213
  81 4.954799 0.723752 51.628521 -0.514092 0.825159 0.234142 0.425493 0.326920 1 81 1.000000
  81 3.915514 1.046364 49.188667 0.738146 0.657186 0.152467 0.491250 0.356199 1 81 1.000000
outline
  79 3.352395 -0.724938 55.213898 0.843092 0.476341 0.249588 0.314227 0.367834 3 79 0.616694 80 0.275656 81 0.107650
  79 4.694047 -0.925438 55.292320 -0.395554 0.881536 0.257742 0.314227 0.326215 2 79 0.601989 80 0.398011
  81 3.666741 0.445179 51.840511 0.752845 0.598688 0.273490 0.425493 0.367868 2 81 0.561787 80 0.438213
outline
  81 3.915514 1.046364 49.188667 0.738146 0.657186 0.152467 0.491250 0.356199 1 81 1.000000
  81 4.130541 2.155710 52.039368 0.972334 -0.229154 -0.045339 0.425493 0.412169 2 81 0.918896 68 0.081104
  81 3.666741 0.445179 51.840511 0.752845 0.598688 0.273490 0.425493 0.367868 2 81 0.561787 80 0.438213
outline
  81 4.130541 2.155710 52.039368 0.972334 -0.229154 -0.045339 0.425493 0.412169 2 81 0.918896 68 0.081104
  79 3.352395 -0.724938 55.213898 0.843092 0.476341 0.249588 0.314227 0.367834 3 79 0.616694 80 0.275656 81 0.107650
  81 3.666741 0.445179 51.840511 0.752845 0.598688 0.273490 0.425493 0.367868 2 81 0.561787 80 0.438213
outline
  81 3.864246 2.271591 49.177258 0.947987 0.148046 -0.281787 0.496722 0.395421 1 81 1.000000
  81 4.130541 2.155710 52.039368 0.972334 -0.229154 -0.045339 0.425493 0.412169 2 81 0.918896 68 0.081104
  81 3.915514 1.046364 49.188667 0.738146 0.657186 0.152467 0.491250 0.356199 1 81 1.000000
outline
  79 3.804674 0.986199 56.324982 0.956704 -0.291042 0.003440 0.314227 0.420632 3 79 0.822741 67 0.117953 81 0.059307
  79 3.352395 -0.724938 55.213898 0.843092 0.476341 0.249588 0.314227 0.367834 3 79 0.616694 80 0.275656 81 0.107650
  81 4.130541 2.155710 52.039368 0.972334 -0.229154 -0.045339 0.425493 0.412169 2 81 0.918896 68 0.081104
outline
  14 4.193172 -0.674587 63.677376 -0.734717 0.060093 -0.675706 0.167377 0.378435 1 14 1.000000
  14 2.678710 -0.704259 64.779495 -0.384203 0.084084 -0.919412 0.219383 0.377647 1 14 1.000000
  14 3.941787 2.046011 63.516739 -0.706731 -0.204731 -0.677212 0.173859 0.454686 2 14 0.884334 79 0.115666
outline
  14 3.941787 2.046011 63.516739 -0.706731 -0.204731 -0.677212 0.173859 0.454686 2 14 0.884334 79 0.115666
  14 5.336630 -0.379403 61.776123 -0.939099 0.061914 -0.338024 0.100404 0.390668 2 14 0.908918 79 0.091082
  14 4.193172 -0.674587 63.677376 -0.734717 0.060093 -0.675706 0.167377 0.378435 1 14 1.000000
outline
  14 5.336630 -0.379403 61.776123 -0.939099 0.061914 -0.338024 0.100404 0.390668 2 14 0.908918 79 0.091082
  14 4.962885 -1.967922 61.728027 -0.922972 0.229106 -0.309247 0.103883 0.324143 2 14 0.830320 82 0.169680
  14 4.193172 -0.674587 63.677376 -0.734717 0.060093 -0.675706 0.167377 0.378435 1 14 1.000000
outline
  14 4.193172 -0.674587 63.677376 -0.734717 0.060093 -0.675706 0.167377 0.378435 1 14 1.000000
  14 4.962885 -1.967922 61.728027 -0.922972 0.229106 -0.309247 0.103883 0.324143 2 14 0.830320 82 0.169680
  14 3.956260 -2.372836 63.439011 -0.700991 0.226522 -0.676239 0.167639 0.324143 2 14 0.870472 77 0.129528
outline
  14 3.956260 -2.372836 63.439011 -0.700991 0.226522 -0.676239 0.167639 0.324143 2 14 0.870472 77 0.129528
  14 2.678710 -0.704259 64.779495 -0.384203 0.084084 -0.919412 0.219383 0.377647 1 14 1.000000
  14 4.193172 -0.674587 63.677376 -0.734717 0.060093 -0.675706 0.167377 0.378435 1 14 1.000000
outline
  14 5.015157 2.183546 61.773056 -0.905534 -0.257925 -0.336873 0.115569 0.470098 2 14 0.592808 79 0.407193
  14 5.336630 -0.379403 61.776123 -0.939099 0.061914 -0.338024 0.100404 0.390668 2 14 0.908918 79 0.091082
  14 3.941787 2.046011 63.516739 -0.706731 -0.204731 -0.677212 0.173859 0.454686 2 14 0.884334 79 0.115666
outline
  14 2.559589 -2.633381 64.189133 -0.324298 0.319350 -0.890419 0.217511 0.312516 2 14 0.596813 77 0.403187
  14 2.678710 -0.704259 64.779495 -0.384203 0.084084 -0.919412 0.219383 0.377647 1 14 1.000000
  14 3.956260 -2.372836 63.439011 -0.700991 0.226522 -0.676239 0.167639 0.324143 2 14 0.870472 77 0.129528
outline
  14 3.440728 3.822505 63.034145 -0.636715 -0.497666 -0.589001 0.182164 0.506114 2 14 0.851302 67 0.148698
  14 5.015157 2.183546 61.773056 -0.905534 -0.257925 -0.336873 0.115569 0.470098 2 14 0.592808 79 0.407193
  14 3.941787 2.046011 63.516739 -0.706731 -0.204731 -0.677212 0.173859 0.454686 2 14 0.884334 79 0.115666
outline
  14 3.941203 4.338987 61.642220 -0.727120 -0.615378 -0.304313 0.148463 0.537041 3 14 0.550642 67 0.291774 79 0.157585
  14 5.015157 2.183546 61.773056 -0.905534 -0.257925 -0.336873 0.115569 0.470098 2 14 0.592808 79 0.407193
  14 3.440728 3.822505 63.034145 -0.636715 -0.497666 -0.589001 0.182164 0.506114 2 14 0.851302 67 0.148698
outline
  14 2.559589 -2.633381 64.189133 -0.324298 0.319350 -0.890419 0.217511 0.312516 2 14 0.596813 77 0.403187
  14 1.137090 -0.705111 65.049942 0.024533 0.129709 -0.991249 0.263041 0.378122 1 14 1.000000
  14 2.678710 -0.704259 64.779495 -0.384203 0.084084 -0.919412 0.219383 0.377647 1 14 1.000000
outline
  14 1.141019 -2.936695 64.244621 -0.011107 0.356944 -0.934060 0.261495 0.312516 2 14 0.873769 77 0.126231
  14 1.137090 -0.705111 65.049942 0.024533 0.129709 -0.991249 0.263041 0.378122 1 14 1.000000
  14 2.559589 -2.633381 64.189133 -0.324298 0.319350 -0.890419 0.217511 0.312516 2 14 0.596813 77 0.403187
outline
  14 3.941787 2.046011 63.516739 -0.706731 -0.204731 -0.677212 0.173859 0.454686 2 14 0.884334 79 0.115666
  14 2.678710 -0.704259 64.779495 -0.384203 0.084084 -0.919412 0.219383 0.377647 1 14 1.000000
  14 2.562640 2.168448 64.515106 -0.377178 -0.256927 -0.889790 0.219774 0.455147 1 14 1.000000
outline
  14 3.941787 2.046011 63.516739 -0.706731 -0.204731 -0.677212 0.173859 0.454686 2 14 0.884334 79 0.115666
  14 2.562640 2.168448 64.515106 -0.377178 -0.256927 -0.889790 0.219774 0.455147 1 14 1.000000
  14 3.440728 3.822505 63.034145 -0.636715 -0.497666 -0.589001 0.182164 0.506114 2 14 0.851302 67 0.148698
outline
  14 2.678710 -0.704259 64.779495 -0.384203 0.084084 -0.919412 0.219383 0.377647 1 14 1.000000
  14 1.137090 -0.705111 65.049942 0.024533 0.129709 -0.991249 0.263041 0.378122 1 14 1.000000
  14 2.562640 2.168448 64.515106 -0.377178 -0.256927 -0.889790 0.219774 0.455147 1 14 1.000000
outline
  14 1.141019 -2.936695 64.244621 -0.011107 0.356944 -0.934060 0.261495 0.312516 2 14 0.873769 77 0.126231
  14 -0.000001 -2.744304 64.181221 -0.011107 0.356944 -0.934060 0.297592 0.312516 1 14 1.000000
  14 1.137090 -0.705111 65.049942 0.024533 0.129709 -0.991249 0.263041 0.378122 1 14 1.000000
outline
  14 2.428224 4.330632 63.460655 -0.358955 -0.672382 -0.647344 0.212599 0.517727 2 14 0.848269 67 0.151731
  14 3.941203 4.338987 61.642220 -0.727120 -0.615378 -0.304313 0.148463 0.537041 3 14 0.550642 67 0.291774 79 0.157585
  14 3.440728 3.822505 63.034145 -0.636715 -0.497666 -0.589001 0.182164 0.506114 2 14 0.851302 67 0.148698
outline
  14 3.440728 3.822505 63.034145 -0.636715 -0.497666 -0.589001 0.182164 0.506114 2 14 0.851302 67 0.148698
  14 2.562640 2.168448 64.515106 -0.377178 -0.256927 -0.889790 0.219774 0.455147 1 14 1.000000
  14 2.428224 4.330632 63.460655 -0.358955 -0.672382 -0.647344 0.212599 0.517727 2 14 0.848269 67 0.151731
outline
  14 2.169544 5.402682 61.759319 -0.269208 -0.906628 -0.324890 0.200764 0.574033 2 14 0.507475 67 0.492526
  14 3.941203 4.338987 61.642220 -0.727120 -0.615378 -0.304313 0.148463 0.537041 3 14 0.550642 67 0.291774 79 0.157585
  14 2.428224 4.330632 63.460655 -0.358955 -0.672382 -0.647344 0.212599 0.517727 2 14 0.848269 67 0.151731
outline
  14 2.169544 5.402682 61.759319 -0.269208 -0.906628 -0.324890 0.200764 0.574033 2 14 0.507475 67 0.492526
  67 4.192896 4.592729 59.489597 -0.719351 -0.685174 -0.114327 0.104169 0.588552 3 67 0.604506 79 0.229079 14 0.166416
  14 3.941203 4.338987 61.642220 -0.727120 -0.615378 -0.304313 0.148463 0.537041 3 14 0.550642 67 0.291774 79 0.157585
outline
  67 2.286902 5.976624 59.434044 -0.579969 -0.809857 -0.088130 0.158612 0.626081 2 67 0.871293 14 0.128707
  67 4.192896 4.592729 59.489597 -0.719351 -0.685174 -0.114327 0.104169 0.588552 3 67 0.604506 79 0.229079 14 0.166416
  14 2.169544 5.402682 61.759319 -0.269208 -0.906628 -0.324890 0.200764 0.574033 2 14 0.507475 67 0.492526
outline
  14 1.010371 4.459146 63.657005 0.068556 -0.681503 -0.728597 0.249704 0.526169 2 14 0.855568 67 0.144433
  14 2.169544 5.402682 61.759319 -0.269208 -0.906628 -0.324890 0.200764 0.574033 2 14 0.507475 67 0.492526
  14 2.428224 4.330632 63.460655 -0.358955 -0.672382 -0.647344 0.212599 0.517727 2 14 0.848269 67 0.151731
outline
  14 2.562640 2.168448 64.515106 -0.377178 -0.256927 -0.889790 0.219774 0.455147 1 14 1.000000
  14 1.078884 2.224303 64.767769 0.019308 -0.281257 -0.959438 0.260081 0.459896 1 14 1.000000
  14 2.428224 4.330632 63.460655 -0.358955 -0.672382 -0.647344 0.212599 0.517727 2 14 0.848269 67 0.151731
outline
  14 2.562640 2.168448 64.515106 -0.377178 -0.256927 -0.889790 0.219774 0.455147 1 14 1.000000
  14 1.137090 -0.705111 65.049942 0.024533 0.129709 -0.991249 0.263041 0.378122 1 14 1.000000
  14 1.078884 2.224303 64.767769 0.019308 -0.281257 -0.959438 0.260081 0.459896 1 14 1.000000
outline
  14 2.428224 4.330632 63.460655 -0.358955 -0.672382 -0.647344 0.212599 0.517727 2 14 0.848269 67 0.151731
  14 1.078884 2.224303 64.767769 0.019308 -0.281257 -0.959438 0.260081 0.459896 1 14 1.000000
  14 1.010371 4.459146 63.657005 0.068556 -0.681503 -0.728597 0.249704 0.526169 2 14 0.855568 67 0.144433
outline
  67 0.000001 5.291491 61.874401 0.000000 -0.952079 -0.305852 0.290443 0.575731 2 67 0.503523 14 0.496477
  14 2.169544 5.402682 61.759319 -0.269208 -0.906628 -0.324890 0.200764 0.574033 2 14 0.507475 67 0.492526
  14 1.010371 4.459146 63.657005 0.068556 -0.681503 -0.728597 0.249704 0.526169 2 14 0.855568 67 0.144433
outline
  14 0.000001 4.274227 63.342896 -0.017059 -0.687765 -0.725733 0.297592 0.534732 2 14 0.823863 67 0.176137
  67 0.000001 5.291491 61.874401 0.000000 -0.952079 -0.305852 0.290443 0.575731 2 67 0.503523 14 0.496477
  14 1.010371 4.459146 63.657005 0.068556 -0.681503 -0.728597 0.249704 0.526169 2 14 0.855568 67 0.144433
outline
  14 1.078884 2.224303 64.767769 0.019308 -0.281257 -0.959438 0.260081 0.459896 1 14 1.000000
  14 0.000000 2.280813 64.505524 0.019308 -0.281257 -0.959438 0.297592 0.467803 1 14 1.000000
  14 1.010371 4.459146 63.657005 0.068556 -0.681503 -0.728597 0.249704 0.526169 2 14 0.855568 67 0.144433
outline
  14 1.010371 4.459146 63.657005 0.068556 -0.681503 -0.728597 0.249704 0.526169 2 14 0.855568 67 0.144433
  14 0.000000 2.280813 64.505524 0.019308 -0.281257 -0.959438 0.297592 0.467803 1 14 1.000000
  14 0.000001 4.274227 63.342896 -0.017059 -0.687765 -0.725733 0.297592 0.534732 2 14 0.823863 67 0.176137
outline
  14 1.137090 -0.705111 65.049942 0.024533 0.129709 -0.991249 0.263041 0.378122 1 14 1.000000
  14 0.000000 -0.704917 64.805847 0.024533 0.129709 -0.991249 0.297592 0.378308 1 14 1.000000
  14 1.078884 2.224303 64.767769 0.019308 -0.281257 -0.959438 0.260081 0.459896 1 14 1.000000
outline
  14 1.078884 2.224303 64.767769 0.019308 -0.281257 -0.959438 0.260081 0.459896 1 14 1.000000
  14 0.000000 -0.704917 64.805847 0.024533 0.129709 -0.991249 0.297592 0.378308 1 14 1.000000
  14 0.000000 2.280813 64.505524 0.019308 -0.281257 -0.959438 0.297592 0.467803 1 14 1.000000
outline
  14 1.137090 -0.705111 65.049942 0.024533 0.129709 -0.991249 0.263041 0.378122 1 14 1.000000
  14 -0.000001 -2.744304 64.181221 -0.011107 0.356944 -0.934060 0.297592 0.312516 1 14 1.000000
  14 0.000000 -0.704917 64.805847 0.024533 0.129709 -0.991249 0.297592 0.378308 1 14 1.000000
outline
  14 -1.010368 4.459147 63.657005 -0.065721 -0.684071 -0.726448 0.249704 0.526169 2 14 0.855568 67 0.144433
  67 0.000001 5.291491 61.874401 0.000000 -0.952079 -0.305852 0.290443 0.575731 2 67 0.503523 14 0.496477
  14 0.000001 4.274227 63.342896 -0.017059 -0.687765 -0.725733 0.297592 0.534732 2 14 0.823863 67 0.176137
outline
  14 0.000000 2.280813 64.505524 0.019308 -0.281257 -0.959438 0.297592 0.467803 1 14 1.000000
  14 -1.010368 4.459147 63.657005 -0.065721 -0.684071 -0.726448 0.249704 0.526169 2 14 0.855568 67 0.144433
  14 0.000001 4.274227 63.342896 -0.017059 -0.687765 -0.725733 0.297592 0.534732 2 14 0.823863 67 0.176137
outline
  14 -1.010368 4.459147 63.657005 -0.065721 -0.684071 -0.726448 0.249704 0.526169 2 14 0.855568 67 0.144433
  14 -2.169541 5.402682 61.759319 0.270223 -0.909749 -0.315177 0.200764 0.574033 2 14 0.507475 67 0.492526
  67 0.000001 5.291491 61.874401 0.000000 -0.952079 -0.305852 0.290443 0.575731 2 67 0.503523 14 0.496477
outline
  14 -0.000001 -2.744304 64.181221 -0.011107 0.356944 -0.934060 0.297592 0.312516 1 14 1.000000
  14 -1.137090 -0.705110 65.049950 -0.013819 0.109527 -0.993888 0.263041 0.378122 1 14 1.000000
  14 0.000000 -0.704917 64.805847 0.024533 0.129709 -0.991249 0.297592 0.378308 1 14 1.000000
outline
  14 -1.141021 -2.936694 64.244621 -0.011107 0.356944 -0.934060 0.261495 0.312516 2 14 0.873769 77 0.126231
  14 -1.137090 -0.705110 65.049950 -0.013819 0.109527 -0.993888 0.263041 0.378122 1 14 1.000000
  14 -0.000001 -2.744304 64.181221 -0.011107 0.356944 -0.934060 0.297592 0.312516 1 14 1.000000
outline
  14 0.000000 -0.704917 64.805847 0.024533 0.129709 -0.991249 0.297592 0.378308 1 14 1.000000
  14 -1.078883 2.224303 64.767769 -0.015781 -0.258165 -0.965972 0.260081 0.459896 1 14 1.000000
  14 0.000000 2.280813 64.505524 0.019308 -0.281257 -0.959438 0.297592 0.467803 1 14 1.000000
outline
  14 -1.078883 2.224303 64.767769 -0.015781 -0.258165 -0.965972 0.260081 0.459896 1 14 1.000000
  14 -1.010368 4.459147 63.657005 -0.065721 -0.684071 -0.726448 0.249704 0.526169 2 14 0.855568 67 0.144433
  14 0.000000 2.280813 64.505524 0.019308 -0.281257 -0.959438 0.297592 0.467803 1 14 1.000000
outline
  14 -1.137090 -0.705110 65.049950 -0.013819 0.109527 -0.993888 0.263041 0.378122 1 14 1.000000
  14 -1.078883 2.224303 64.767769 -0.015781 -0.258165 -0.965972 0.260081 0.459896 1 14 1.000000
  14 0.000000 -0.704917 64.805847 0.024533 0.129709 -0.991249 0.297592 0.378308 1 14 1.000000
outline
  14 -2.559590 -2.633382 64.189133 0.324299 0.319353 -0.890418 0.217511 0.312516 2 14 0.596813 77 0.403187
  14 -1.137090 -0.705110 65.049950 -0.013819 0.109527 -0.993888 0.263041 0.378122 1 14 1.000000
  14 -1.141021 -2.936694 64.244621 -0.011107 0.356944 -0.934060 0.261495 0.312516 2 14 0.873769 77 0.126231
outline
  14 -2.169541 5.402682 61.759319 0.270223 -0.909749 -0.315177 0.200764 0.574033 2 14 0.507475 67 0.492526
  67 -4.192893 4.592730 59.489597 0.721610 -0.690316 -0.052370 0.104169 0.588552 3 67 0.604506 70 0.229079 14 0.166416
  67 -2.286899 5.976626 59.434044 0.579969 -0.809857 -0.088130 0.158612 0.626081 2 67 0.871293 14 0.128707
outline
  14 -3.941200 4.338988 61.642216 0.711392 -0.645941 -0.276913 0.148463 0.537041 3 14 0.550642 67 0.291774 70 0.157585
  67 -4.192893 4.592730 59.489597 0.721610 -0.690316 -0.052370 0.104169 0.588552 3 67 0.604506 70 0.229079 14 0.166416
  14 -2.169541 5.402682 61.759319 0.270223 -0.909749 -0.315177 0.200764 0.574033 2 14 0.507475 67 0.492526
outline
  14 -2.428222 4.330632 63.460659 0.334365 -0.679028 -0.653545 0.212599 0.517727 2 14 0.848269 67 0.151731
  14 -2.169541 5.402682 61.759319 0.270223 -0.909749 -0.315177 0.200764 0.574033 2 14 0.507475 67 0.492526
  14 -1.010368 4.459147 63.657005 -0.065721 -0.684071 -0.726448 0.249704 0.526169 2 14 0.855568 67 0.144433
outline
  14 -2.428222 4.330632 63.460659 0.334365 -0.679028 -0.653545 0.212599 0.517727 2 14 0.848269 67 0.151731
  14 -3.941200 4.338988 61.642216 0.711392 -0.645941 -0.276913 0.148463 0.537041 3 14 0.550642 67 0.291774 70 0.157585
  14 -2.169541 5.402682 61.759319 0.270223 -0.909749 -0.315177 0.200764 0.574033 2 14 0.507475 67 0.492526
outline
  14 -1.078883 2.224303 64.767769 -0.015781 -0.258165 -0.965972 0.260081 0.459896 1 14 1.000000
  14 -2.428222 4.330632 63.460659 0.334365 -0.679028 -0.653545 0.212599 0.517727 2 14 0.848269 67 0.151731
  14 -1.010368 4.459147 63.657005 -0.065721 -0.684071 -0.726448 0.249704 0.526169 2 14 0.855568 67 0.144433
outline
  14 -2.678709 -0.704258 64.779503 0.384198 0.084063 -0.919416 0.219383 0.377647 1 14 1.000000
  14 -1.137090 -0.705110 65.049950 -0.013819 0.109527 -0.993888 0.263041 0.378122 1 14 1.000000
  14 -2.559590 -2.633382 64.189133 0.324299 0.319353 -0.890418 0.217511 0.312516 2 14 0.596813 77 0.403187
outline
  14 -1.137090 -0.705110 65.049950 -0.013819 0.109527 -0.993888 0.263041 0.378122 1 14 1.000000
  14 -2.562638 2.168449 64.515106 0.377199 -0.256895 -0.889790 0.219774 0.455147 1 14 1.000000
  14 -1.078883 2.224303 64.767769 -0.015781 -0.258165 -0.965972 0.260081 0.459896 1 14 1.000000
outline
  14 -2.562638 2.168449 64.515106 0.377199 -0.256895 -0.889790 0.219774 0.455147 1 14 1.000000
  14 -2.428222 4.330632 63.460659 0.334365 -0.679028 -0.653545 0.212599 0.517727 2 14 0.848269 67 0.151731
  14 -1.078883 2.224303 64.767769 -0.015781 -0.258165 -0.965972 0.260081 0.459896 1 14 1.000000
outline
  14 -2.678709 -0.704258 64.779503 0.384198 0.084063 -0.919416 0.219383 0.377647 1 14 1.000000
  14 -2.562638 2.168449 64.515106 0.377199 -0.256895 -0.889790 0.219774 0.455147 1 14 1.000000
  14 -1.137090 -0.705110 65.049950 -0.013819 0.109527 -0.993888 0.263041 0.378122 1 14 1.000000
outline
  14 -3.956261 -2.372834 63.439018 0.700978 0.226563 -0.676238 0.167639 0.324143 2 14 0.870472 77 0.129528
  14 -2.678709 -0.704258 64.779503 0.384198 0.084063 -0.919416 0.219383 0.377647 1 14 1.000000
  14 -2.559590 -2.633382 64.189133 0.324299 0.319353 -0.890418 0.217511 0.312516 2 14 0.596813 77 0.403187
outline
  14 -3.440726 3.822506 63.034157 0.632733 -0.518726 -0.574954 0.182164 0.506114 2 14 0.851302 67 0.148698
  14 -3.941200 4.338988 61.642216 0.711392 -0.645941 -0.276913 0.148463 0.537041 3 14 0.550642 67 0.291774 70 0.157585
  14 -2.428222 4.330632 63.460659 0.334365 -0.679028 -0.653545 0.212599 0.517727 2 14 0.848269 67 0.151731
outline
  14 -2.562638 2.168449 64.515106 0.377199 -0.256895 -0.889790 0.219774 0.455147 1 14 1.000000
  14 -3.440726 3.822506 63.034157 0.632733 -0.518726 -0.574954 0.182164 0.506114 2 14 0.851302 67 0.148698
  14 -2.428222 4.330632 63.460659 0.334365 -0.679028 -0.653545 0.212599 0.517727 2 14 0.848269 67 0.151731
outline
  14 -3.440726 3.822506 63.034157 0.632733 -0.518726 -0.574954 0.182164 0.506114 2 14 0.851302 67 0.148698
  14 -5.015153 2.183547 61.773052 0.896002 -0.264733 -0.356507 0.115569 0.470098 2 14 0.592808 70 0.407193
  14 -3.941200 4.338988 61.642216 0.711392 -0.645941 -0.276913 0.148463 0.537041 3 14 0.550642 67 0.291774 70 0.157585
outline
  14 -3.941784 2.046013 63.516747 0.706686 -0.204766 -0.677248 0.173859 0.454686 2 14 0.884334 70 0.115666
  14 -3.440726 3.822506 63.034157 0.632733 -0.518726 -0.574954 0.182164 0.506114 2 14 0.851302 67 0.148698
  14 -2.562638 2.168449 64.515106 0.377199 -0.256895 -0.889790 0.219774 0.455147 1 14 1.000000
outline
  14 -3.941784 2.046013 63.516747 0.706686 -0.204766 -0.677248 0.173859 0.454686 2 14 0.884334 70 0.115666
  14 -5.015153 2.183547 61.773052 0.896002 -0.264733 -0.356507 0.115569 0.470098 2 14 0.592808 70 0.407193
  14 -3.440726 3.822506 63.034157 0.632733 -0.518726 -0.574954 0.182164 0.506114 2 14 0.851302 67 0.148698
outline
  14 -2.678709 -0.704258 64.779503 0.384198 0.084063 -0.919416 0.219383 0.377647 1 14 1.000000
  14 -3.941784 2.046013 63.516747 0.706686 -0.204766 -0.677248 0.173859 0.454686 2 14 0.884334 70 0.115666
  14 -2.562638 2.168449 64.515106 0.377199 -0.256895 -0.889790 0.219774 0.455147 1 14 1.000000
outline
  14 -3.941784 2.046013 63.516747 0.706686 -0.204766 -0.677248 0.173859 0.454686 2 14 0.884334 70 0.115666
  14 -5.336629 -0.379402 61.776127 0.950625 0.062033 -0.304079 0.100404 0.390668 2 14 0.908918 70 0.091082
  14 -5.015153 2.183547 61.773052 0.896002 -0.264733 -0.356507 0.115569 0.470098 2 14 0.592808 70 0.407193
outline
  14 -4.193170 -0.674586 63.677383 0.734715 0.060088 -0.675709 0.167377 0.378435 1 14 1.000000
  14 -2.678709 -0.704258 64.779503 0.384198 0.084063 -0.919416 0.219383 0.377647 1 14 1.000000
  14 -3.956261 -2.372834 63.439018 0.700978 0.226563 -0.676238 0.167639 0.324143 2 14 0.870472 77 0.129528
outline
  14 -4.193170 -0.674586 63.677383 0.734715 0.060088 -0.675709 0.167377 0.378435 1 14 1.000000
  14 -3.941784 2.046013 63.516747 0.706686 -0.204766 -0.677248 0.173859 0.454686 2 14 0.884334 70 0.115666
  14 -2.678709 -0.704258 64.779503 0.384198 0.084063 -0.919416 0.219383 0.377647 1 14 1.000000
outline
  14 -4.193170 -0.674586 63.677383 0.734715 0.060088 -0.675709 0.167377 0.378435 1 14 1.000000
  14 -5.336629 -0.379402 61.776127 0.950625 0.062033 -0.304079 0.100404 0.390668 2 14 0.908918 70 0.091082
  14 -3.941784 2.046013 63.516747 0.706686 -0.204766 -0.677248 0.173859 0.454686 2 14 0.884334 70 0.115666
outline
  14 -3.956261 -2.372834 63.439018 0.700978 0.226563 -0.676238 0.167639 0.324143 2 14 0.870472 77 0.129528
  14 -4.962887 -1.967920 61.728035 0.922972 0.229103 -0.309248 0.103883 0.324143 2 14 0.830320 73 0.169680
  14 -4.193170 -0.674586 63.677383 0.734715 0.060088 -0.675709 0.167377 0.378435 1 14 1.000000
outline
  14 -4.193170 -0.674586 63.677383 0.734715 0.060088 -0.675709 0.167377 0.378435 1 14 1.000000
  14 -4.962887 -1.967920 61.728035 0.922972 0.229103 -0.309248 0.103883 0.324143 2 14 0.830320 73 0.169680
  14 -5.336629 -0.379402 61.776127 0.950625 0.062033 -0.304079 0.100404 0.390668 2 14 0.908918 70 0.091082
outline
  79 5.650203 0.686380 57.563099 -0.996689 -0.067674 0.045068 0.251526 0.236787 3 79 0.867860 82 0.066714 80 0.065426
  79 5.493583 -0.515873 55.779137 -0.985896 -0.133398 0.101058 0.314227 0.283606 3 79 0.722562 80 0.143203 82 0.134236
  82 5.394923 -1.101147 57.682758 -0.981544 0.174140 0.079032 0.251526 0.283606 2 82 0.866189 79 0.133811
outline
  79 5.650203 0.686380 57.563099 -0.996689 -0.067674 0.045068 0.251526 0.236787 3 79 0.867860 82 0.066714 80 0.065426
  82 5.394923 -1.101147 57.682758 -0.981544 0.174140 0.079032 0.251526 0.283606 2 82 0.866189 79 0.133811
  79 5.625682 0.132668 59.504669 -0.996287 0.035566 -0.078408 0.189782 0.236787 2 79 0.942218 82 0.057783
outline
  79 5.625682 0.132668 59.504669 -0.996287 0.035566 -0.078408 0.189782 0.236787 2 79 0.942218 82 0.057783
  82 5.394923 -1.101147 57.682758 -0.981544 0.174140 0.079032 0.251526 0.283606 2 82 0.866189 79 0.133811
  82 5.249508 -1.833879 59.775944 -0.977578 0.207485 -0.035921 0.189782 0.283606 1 82 1.000000
outline
  79 5.625682 0.132668 59.504669 -0.996287 0.035566 -0.078408 0.189782 0.236787 2 79 0.942218 82 0.057783
  82 5.249508 -1.833879 59.775944 -0.977578 0.207485 -0.035921 0.189782 0.283606 1 82 1.000000
  14 5.336630 -0.379403 61.776123 -0.939099 0.061914 -0.338024 0.135670 0.236787 2 14 0.908918 79 0.091082
outline
  14 5.336630 -0.379403 61.776123 -0.939099 0.061914 -0.338024 0.135670 0.236787 2 14 0.908918 79 0.091082
  82 5.249508 -1.833879 59.775944 -0.977578 0.207485 -0.035921 0.189782 0.283606 1 82 1.000000
  14 4.962885 -1.967922 61.728027 -0.922972 0.229106 -0.309247 0.135670 0.279127 2 14 0.830320 82 0.169680
outline
  82 5.399363 -2.060194 55.682137 -0.704525 0.633572 0.319735 0.050663 0.846908 2 82 0.939266 79 0.060734
  82 4.576080 -3.892550 57.470829 -0.044889 0.989515 0.137279 0.107556 0.912854 1 82 1.000000
  82 5.468483 -2.494851 57.602367 -0.958039 0.285702 -0.023134 0.050663 0.912854 1 82 1.000000
outline
  82 3.974066 -3.519056 55.533653 -0.704525 0.633572 0.319735 0.107556 0.846908 2 82 0.893848 83 0.106152
  82 4.576080 -3.892550 57.470829 -0.044889 0.989515 0.137279 0.107556 0.912854 1 82 1.000000
  82 5.399363 -2.060194 55.682137 -0.704525 0.633572 0.319735 0.050663 0.846908 2 82 0.939266 79 0.060734
outline
  83 4.492788 -1.547778 53.526726 -0.752759 0.622736 0.213432 0.050663 0.791007 1 83 1.000000
  82 3.974066 -3.519056 55.533653 -0.704525 0.633572 0.319735 0.107556 0.846908 2 82 0.893848 83 0.106152
  82 5.399363 -2.060194 55.682137 -0.704525 0.633572 0.319735 0.050663 0.846908 2 82 0.939266 79 0.060734
outline
  83 3.322894 -3.209299 53.767231 -0.799204 0.550768 0.240681 0.107556 0.791007 2 83 0.874679 82 0.125321
  82 3.974066 -3.519056 55.533653 -0.704525 0.633572 0.319735 0.107556 0.846908 2 82 0.893848 83 0.106152
  83 4.492788 -1.547778 53.526726 -0.752759 0.622736 0.213432 0.050663 0.791007 1 83 1.000000
outline
  83 4.492788 -1.547778 53.526726 -0.752759 0.622736 0.213432 0.050663 0.791007 1 83 1.000000
  83 3.083207 -2.899748 51.076900 -0.777667 0.627757 -0.033989 0.107556 0.720207 2 83 0.771571 84 0.228429
  83 3.322894 -3.209299 53.767231 -0.799204 0.550768 0.240681 0.107556 0.791007 2 83 0.874679 82 0.125321
outline
  83 4.185165 -1.598188 50.984116 -0.921253 0.388963 0.000671 0.050663 0.720207 1 83 1.000000
  83 3.083207 -2.899748 51.076900 -0.777667 0.627757 -0.033989 0.107556 0.720207 2 83 0.771571 84 0.228429
  83 4.492788 -1.547778 53.526726 -0.752759 0.622736 0.213432 0.050663 0.791007 1 83 1.000000
outline
  84 3.978565 -2.119750 49.467239 -0.978890 -0.114659 0.169198 0.052462 0.670821 1 84 1.000000
  83 3.083207 -2.899748 51.076900 -0.777667 0.627757 -0.033989 0.107556 0.720207 2 83 0.771571 84 0.228429
  83 4.185165 -1.598188 50.984116 -0.921253 0.388963 0.000671 0.050663 0.720207 1 83 1.000000
outline
  84 3.592655 -3.654805 47.331207 -0.090482 0.500554 0.860964 0.075554 0.593735 1 84 1.000000
  83 3.083207 -2.899748 51.076900 -0.777667 0.627757 -0.033989 0.107556 0.720207 2 83 0.771571 84 0.228429
  84 3.978565 -2.119750 49.467239 -0.978890 -0.114659 0.169198 0.052462 0.670821 1 84 1.000000
outline
  84 4.977657 -2.225207 47.921013 -0.355829 0.364865 0.860383 0.034297 0.619275 2 84 0.715989 83 0.284011
  83 4.185165 -1.598188 50.984116 -0.921253 0.388963 0.000671 0.050663 0.720207 1 83 1.000000
  83 4.365037 -0.778414 50.506805 -0.961626 0.224847 -0.157225 0.007863 0.720207 2 83 0.832753 84 0.167247
outline
  83 4.365037 -0.778414 50.506805 -0.961626 0.224847 -0.157225 0.007863 0.720207 2 83 0.832753 84 0.167247
  83 4.185165 -1.598188 50.984116 -0.921253 0.388963 0.000671 0.050663 0.720207 1 83 1.000000
  83 4.302687 -0.370402 52.765930 -0.985920 -0.003842 0.167174 0.007863 0.791007 1 83 1.000000
outline
  83 4.302687 -0.370402 52.765930 -0.985920 -0.003842 0.167174 0.007863 0.791007 1 83 1.000000
  83 4.185165 -1.598188 50.984116 -0.921253 0.388963 0.000671 0.050663 0.720207 1 83 1.000000
  83 4.492788 -1.547778 53.526726 -0.957068 -0.024733 0.288808 0.050663 0.791007 1 83 1.000000
outline
  83 4.302687 -0.370402 52.765930 -0.985920 -0.003842 0.167174 0.007863 0.791007 1 83 1.000000
  83 4.492788 -1.547778 53.526726 -0.957068 -0.024733 0.288808 0.050663 0.791007 1 83 1.000000
  79 5.493583 -0.515873 55.779137 -0.974137 0.062086 0.217263 0.007863 0.846908 3 79 0.722562 80 0.143203 82 0.134236
outline
  79 5.493583 -0.515873 55.779137 -0.974137 0.062086 0.217263 0.007863 0.846908 3 79 0.722562 80 0.143203 82 0.134236
  83 4.492788 -1.547778 53.526726 -0.957068 -0.024733 0.288808 0.050663 0.791007 1 83 1.000000
  82 5.399363 -2.060194 55.682137 -0.985920 -0.003842 0.167174 0.050663 0.846908 2 82 0.939266 79 0.060734
outline
  82 5.399363 -2.060194 55.682137 -0.985920 -0.003842 0.167174 0.050663 0.846908 2 82 0.939266 79 0.060734
  82 5.394923 -1.101147 57.682758 -0.995222 -0.047947 -0.085052 0.007863 0.912854 2 82 0.866189 79 0.133811
  79 5.493583 -0.515873 55.779137 -0.974137 0.062086 0.217263 0.007863 0.846908 3 79 0.722562 80 0.143203 82 0.134236
outline
  82 5.468483 -2.494851 57.602367 -0.958039 0.285702 -0.023134 0.050663 0.912854 1 82 1.000000
  82 5.394923 -1.101147 57.682758 -0.995222 -0.047947 -0.085052 0.007863 0.912854 2 82 0.866189 79 0.133811
  82 5.399363 -2.060194 55.682137 -0.985920 -0.003842 0.167174 0.050663 0.846908 2 82 0.939266 79 0.060734
outline
  82 5.468483 -2.494851 57.602367 -0.958039 0.285702 -0.023134 0.050663 0.912854 1 82 1.000000
  82 5.249508 -1.833879 59.775944 -0.996287 0.035566 -0.078408 0.007863 0.975023 1 82 1.000000
  82 5.394923 -1.101147 57.682758 -0.995222 -0.047947 -0.085052 0.007863 0.912854 2 82 0.866189 79 0.133811
outline
  82 5.201118 -2.933886 59.444466 -0.957630 0.281916 -0.058891 0.050663 0.975023 1 82 1.000000
  82 5.249508 -1.833879 59.775944 -0.996287 0.035566 -0.078408 0.007863 0.975023 1 82 1.000000
  82 5.468483 -2.494851 57.602367 -0.958039 0.285702 -0.023134 0.050663 0.912854 1 82 1.000000
outline
  82 4.576080 -3.892550 57.470829 -0.044889 0.989515 0.137279 0.107556 0.912854 1 82 1.000000
  82 5.201118 -2.933886 59.444466 -0.957630 0.281916 -0.058891 0.050663 0.975023 1 82 1.000000
  82 5.468483 -2.494851 57.602367 -0.958039 0.285702 -0.023134 0.050663 0.912854 1 82 1.000000
outline
  82 4.508861 -4.265113 59.305847 -0.037806 0.976951 0.210090 0.107556 0.975023 1 82 1.000000
  82 5.201118 -2.933886 59.444466 -0.957630 0.281916 -0.058891 0.050663 0.975023 1 82 1.000000
  82 4.576080 -3.892550 57.470829 -0.044889 0.989515 0.137279 0.107556 0.912854 1 82 1.000000
outline
  82 4.576080 -3.892550 57.470829 -0.044889 0.989515 0.137279 0.107556 0.912854 1 82 1.000000
  82 3.641653 -2.692978 59.310818 0.988072 0.136019 0.072203 0.158075 0.975023 1 82 1.000000
  82 4.508861 -4.265113 59.305847 -0.037806 0.976951 0.210090 0.107556 0.975023 1 82 1.000000
outline
  82 3.711271 -2.319401 57.480526 0.983148 0.164025 -0.080719 0.158075 0.912854 1 82 1.000000
  82 3.641653 -2.692978 59.310818 0.988072 0.136019 0.072203 0.158075 0.975023 1 82 1.000000
  82 4.576080 -3.892550 57.470829 -0.044889 0.989515 0.137279 0.107556 0.912854 1 82 1.000000
outline
  82 3.974066 -3.519056 55.533653 0.863546 0.465146 -0.194751 0.107556 0.846908 2 82 0.893848 83 0.106152
  82 3.711271 -2.319401 57.480526 0.983148 0.164025 -0.080719 0.158075 0.912854 1 82 1.000000
  82 4.576080 -3.892550 57.470829 -0.044889 0.989515 0.137279 0.107556 0.912854 1 82 1.000000
outline
  82 3.641653 -2.692978 59.310818 0.988072 0.136019 0.072203 0.158075 0.975023 1 82 1.000000
  82 3.711271 -2.319401 57.480526 0.983148 0.164025 -0.080719 0.158075 0.912854 1 82 1.000000
  82 3.867012 -1.574129 59.450806 0.599695 -0.772953 -0.207146 0.191450 0.975023 1 82 1.000000
outline
  82 3.118590 -1.943913 55.551682 0.956166 0.093227 -0.277589 0.158075 0.846908 2 82 0.904241 83 0.095759
  82 3.711271 -2.319401 57.480526 0.983148 0.164025 -0.080719 0.158075 0.912854 1 82 1.000000
  82 3.974066 -3.519056 55.533653 0.863546 0.465146 -0.194751 0.107556 0.846908 2 82 0.893848 83 0.106152
outline
  83 3.322894 -3.209299 53.767231 0.869290 0.468114 -0.158758 0.107556 0.791007 2 83 0.874679 82 0.125321
  82 3.118590 -1.943913 55.551682 0.956166 0.093227 -0.277589 0.158075 0.846908 2 82 0.904241 83 0.095759
  82 3.974066 -3.519056 55.533653 0.863546 0.465146 -0.194751 0.107556 0.846908 2 82 0.893848 83 0.106152
outline
  82 3.867012 -1.574129 59.450806 0.599695 -0.772953 -0.207146 0.191450 0.975023 1 82 1.000000
  82 3.711271 -2.319401 57.480526 0.983148 0.164025 -0.080719 0.158075 0.912854 1 82 1.000000
  82 3.950038 -1.137942 57.587044 0.611247 -0.752753 -0.244418 0.191450 0.912854 1 82 1.000000
outline
  82 3.711271 -2.319401 57.480526 0.983148 0.164025 -0.080719 0.158075 0.912854 1 82 1.000000
  82 3.118590 -1.943913 55.551682 0.956166 0.093227 -0.277589 0.158075 0.846908 2 82 0.904241 83 0.095759
  82 3.950038 -1.137942 57.587044 0.611247 -0.752753 -0.244418 0.191450 0.912854 1 82 1.000000
outline
  82 5.394923 -1.101147 57.682758 0.039685 -0.963243 -0.265682 0.236512 0.912854 2 82 0.866189 79 0.133811
  82 3.867012 -1.574129 59.450806 0.599695 -0.772953 -0.207146 0.191450 0.975023 1 82 1.000000
  82 3.950038 -1.137942 57.587044 0.611247 -0.752753 -0.244418 0.191450 0.912854 1 82 1.000000
outline
  82 5.249508 -1.833879 59.775944 -0.095741 -0.903160 -0.418492 0.236512 0.975023 1 82 1.000000
  82 3.867012 -1.574129 59.450806 0.599695 -0.772953 -0.207146 0.191450 0.975023 1 82 1.000000
  82 5.394923 -1.101147 57.682758 0.039685 -0.963243 -0.265682 0.236512 0.912854 2 82 0.866189 79 0.133811
outline
  82 5.394923 -1.101147 57.682758 0.039685 -0.963243 -0.265682 0.236512 0.912854 2 82 0.866189 79 0.133811
  82 3.950038 -1.137942 57.587044 0.611247 -0.752753 -0.244418 0.191450 0.912854 1 82 1.000000
  79 5.493583 -0.515873 55.779137 0.085699 -0.977161 -0.194452 0.236512 0.846908 3 79 0.722562 80 0.143203 82 0.134236
outline
  83 2.471656 -1.632611 53.779400 0.976630 0.048042 -0.209490 0.158075 0.791007 2 83 0.881542 82 0.118458
  82 3.118590 -1.943913 55.551682 0.956166 0.093227 -0.277589 0.158075 0.846908 2 82 0.904241 83 0.095759
  83 3.322894 -3.209299 53.767231 0.869290 0.468114 -0.158758 0.107556 0.791007 2 83 0.874679 82 0.125321
outline
  79 5.493583 -0.515873 55.779137 0.085699 -0.977161 -0.194452 0.236512 0.846908 3 79 0.722562 80 0.143203 82 0.134236
  82 3.950038 -1.137942 57.587044 0.611247 -0.752753 -0.244418 0.191450 0.912854 1 82 1.000000
  82 3.597778 -0.654759 55.671799 0.524469 -0.807070 -0.271239 0.191450 0.846908 3 82 0.842599 79 0.082596 83 0.074805
outline
  82 3.950038 -1.137942 57.587044 0.611247 -0.752753 -0.244418 0.191450 0.912854 1 82 1.000000
  82 3.118590 -1.943913 55.551682 0.956166 0.093227 -0.277589 0.158075 0.846908 2 82 0.904241 83 0.095759
  82 3.597778 -0.654759 55.671799 0.524469 -0.807070 -0.271239 0.191450 0.846908 3 82 0.842599 79 0.082596 83 0.074805
outline
  83 2.471656 -1.632611 53.779400 0.976630 0.048042 -0.209490 0.158075 0.791007 2 83 0.881542 82 0.118458
  82 3.597778 -0.654759 55.671799 0.524469 -0.807070 -0.271239 0.191450 0.846908 3 82 0.842599 79 0.082596 83 0.074805
  82 3.118590 -1.943913 55.551682 0.956166 0.093227 -0.277589 0.158075 0.846908 2 82 0.904241 83 0.095759
outline
  79 5.493583 -0.515873 55.779137 0.085699 -0.977161 -0.194452 0.236512 0.846908 3 79 0.722562 80 0.143203 82 0.134236
  82 3.597778 -0.654759 55.671799 0.524469 -0.807070 -0.271239 0.191450 0.846908 3 82 0.842599 79 0.082596 83 0.074805
  83 4.302687 -0.370402 52.765930 -0.000001 -0.999769 0.021501 0.236512 0.791007 1 83 1.000000
outline
  83 3.083207 -2.899748 51.076900 0.843915 0.536295 -0.013964 0.107556 0.720207 2 83 0.771571 84 0.228429
  83 2.471656 -1.632611 53.779400 0.976630 0.048042 -0.209490 0.158075 0.791007 2 83 0.881542 82 0.118458
  83 3.322894 -3.209299 53.767231 0.869290 0.468114 -0.158758 0.107556 0.791007 2 83 0.874679 82 0.125321
outline
  83 4.302687 -0.370402 52.765930 -0.000001 -0.999769 0.021501 0.236512 0.791007 1 83 1.000000
  82 3.597778 -0.654759 55.671799 0.524469 -0.807070 -0.271239 0.191450 0.846908 3 82 0.842599 79 0.082596 83 0.074805
  83 2.794138 -0.436883 53.276684 0.597943 -0.792983 -0.116801 0.191450 0.791007 2 83 0.941601 82 0.058399
outline
  83 2.794138 -0.436883 53.276684 0.597943 -0.792983 -0.116801 0.191450 0.791007 2 83 0.941601 82 0.058399
  82 3.597778 -0.654759 55.671799 0.524469 -0.807070 -0.271239 0.191450 0.846908 3 82 0.842599 79 0.082596 83 0.074805
  83 2.471656 -1.632611 53.779400 0.976630 0.048042 -0.209490 0.158075 0.791007 2 83 0.881542 82 0.118458
outline
  83 2.464646 -0.550183 50.943432 0.612499 -0.742334 0.271635 0.191450 0.720207 2 83 0.611498 84 0.388502
  83 4.302687 -0.370402 52.765930 -0.000001 -0.999769 0.021501 0.236512 0.791007 1 83 1.000000
  83 2.794138 -0.436883 53.276684 0.597943 -0.792983 -0.116801 0.191450 0.791007 2 83 0.941601 82 0.058399
outline
  83 2.471656 -1.632611 53.779400 0.976630 0.048042 -0.209490 0.158075 0.791007 2 83 0.881542 82 0.118458
  83 2.464646 -0.550183 50.943432 0.612499 -0.742334 0.271635 0.191450 0.720207 2 83 0.611498 84 0.388502
  83 2.794138 -0.436883 53.276684 0.597943 -0.792983 -0.116801 0.191450 0.791007 2 83 0.941601 82 0.058399
outline
  83 4.365037 -0.778414 50.506805 -0.045565 -0.932960 0.357084 0.236512 0.720207 2 83 0.832753 84 0.167247
  83 4.302687 -0.370402 52.765930 -0.000001 -0.999769 0.021501 0.236512 0.791007 1 83 1.000000
  83 2.464646 -0.550183 50.943432 0.612499 -0.742334 0.271635 0.191450 0.720207 2 83 0.611498 84 0.388502
outline
  83 2.464646 -0.550183 50.943432 0.612499 -0.742334 0.271635 0.191450 0.720207 2 83 0.611498 84 0.388502
  84 4.977657 -2.225207 47.921013 -0.355829 0.364865 0.860383 0.226606 0.620064 2 84 0.715989 83 0.284011
  83 4.365037 -0.778414 50.506805 -0.045565 -0.932960 0.357084 0.236512 0.720207 2 83 0.832753 84 0.167247
outline
  84 2.316908 -1.711953 50.469490 0.960305 0.041585 0.275836 0.143120 0.720207 2 84 0.859489 83 0.140511
  83 2.464646 -0.550183 50.943432 0.612499 -0.742334 0.271635 0.191450 0.720207 2 83 0.611498 84 0.388502
  83 2.471656 -1.632611 53.779400 0.976630 0.048042 -0.209490 0.158075 0.791007 2 83 0.881542 82 0.118458
outline
  84 2.316908 -1.711953 50.469490 0.960305 0.041585 0.275836 0.143120 0.720207 2 84 0.859489 83 0.140511
  83 2.471656 -1.632611 53.779400 0.976630 0.048042 -0.209490 0.158075 0.791007 2 83 0.881542 82 0.118458
  83 3.083207 -2.899748 51.076900 0.843915 0.536295 -0.013964 0.107556 0.720207 2 83 0.771571 84 0.228429
outline
  83 2.464646 -0.550183 50.943432 0.612499 -0.742334 0.271635 0.191450 0.720207 2 83 0.611498 84 0.388502
  84 2.316908 -1.711953 50.469490 0.960305 0.041585 0.275836 0.143120 0.720207 2 84 0.859489 83 0.140511
  84 3.454127 -1.679056 49.167992 -0.072417 -0.753410 0.653552 0.144544 0.640930 1 84 1.000000
outline
  84 2.316908 -1.711953 50.469490 0.960305 0.041585 0.275836 0.143120 0.720207 2 84 0.859489 83 0.140511
  83 3.083207 -2.899748 51.076900 0.843915 0.536295 -0.013964 0.107556 0.720207 2 83 0.771571 84 0.228429
  84 3.592655 -3.654805 47.331207 -0.090482 0.500554 0.860964 0.075554 0.593735 1 84 1.000000
outline
  84 3.454127 -1.679056 49.167992 -0.072417 -0.753410 0.653552 0.144544 0.640930 1 84 1.000000
  84 2.316908 -1.711953 50.469490 0.960305 0.041585 0.275836 0.143120 0.720207 2 84 0.859489 83 0.140511
  84 3.592655 -3.654805 47.331207 -0.090482 0.500554 0.860964 0.075554 0.593735 1 84 1.000000
outline
  72 -4.221204 4.294261 43.107601 0.765182 0.608164 0.211263 0.818710 0.610693 1 72 1.000000
  72 -4.084343 3.167974 46.223240 0.804986 0.572985 0.153900 0.755601 0.525378 1 72 1.000000
  72 -3.627204 2.567458 46.335903 0.249738 0.950860 0.183022 0.733540 0.526796 1 72 1.000000
outline
  72 -3.627204 2.567458 46.335903 0.249738 0.950860 0.183022 0.733540 0.526796 1 72 1.000000
  72 -4.084343 3.167974 46.223240 0.804986 0.572985 0.153900 0.755601 0.525378 1 72 1.000000
  72 -3.864240 2.271584 49.177254 0.009309 0.997893 0.064204 0.712208 0.440521 1 72 1.000000
outline
  72 -4.084343 3.167974 46.223240 0.804986 0.572985 0.153900 0.755601 0.525378 1 72 1.000000
  72 -4.355333 3.645272 49.187698 0.932376 0.360184 0.030708 0.754159 0.432914 1 72 1.000000
  72 -3.864240 2.271584 49.177254 0.009309 0.997893 0.064204 0.712208 0.440521 1 72 1.000000
outline
  72 -2.802196 2.765923 49.427197 -0.873342 0.486779 -0.017861 0.886948 0.435441 1 72 1.000000
  72 -4.130538 2.155705 52.039364 -0.206773 0.975848 0.070464 0.925569 0.349855 2 72 0.918896 68 0.081104
  72 -3.423869 2.464507 52.356880 -0.611994 0.702687 0.362896 0.885728 0.341707 3 72 0.593012 68 0.334466 69 0.072521
outline
  70 -3.804671 0.986198 56.324963 -0.859897 0.461407 0.218356 0.925569 0.189028 3 70 0.822741 67 0.117953 72 0.059307
  72 -3.423869 2.464507 52.356880 -0.611994 0.702687 0.362896 0.885728 0.341707 3 72 0.593012 68 0.334466 69 0.072521
  72 -4.130538 2.155705 52.039364 -0.206773 0.975848 0.070464 0.925569 0.349855 2 72 0.918896 68 0.081104
outline
  72 -3.864240 2.271584 49.177254 0.009309 0.997893 0.064204 0.925569 0.444594 1 72 1.000000
  72 -4.130538 2.155705 52.039364 -0.206773 0.975848 0.070464 0.925569 0.349855 2 72 0.918896 68 0.081104
  72 -2.802196 2.765923 49.427197 -0.873342 0.486779 -0.017861 0.886948 0.435441 1 72 1.000000
outline
  70 -3.478360 2.311645 57.234798 -0.261110 0.956430 0.130628 0.885728 0.189028 3 70 0.501132 67 0.425683 68 0.073186
  72 -3.423869 2.464507 52.356880 -0.611994 0.702687 0.362896 0.885728 0.341707 3 72 0.593012 68 0.334466 69 0.072521
  70 -3.804671 0.986198 56.324963 -0.974136 0.062087 0.217263 0.925569 0.189028 3 70 0.822741 67 0.117953 72 0.059307
outline
  72 -3.423869 2.464507 52.356880 -0.611994 0.702687 0.362896 0.885728 0.341707 3 72 0.593012 68 0.334466 69 0.072521
  68 -3.347161 4.437404 52.289276 -0.645458 0.159053 -0.747051 0.855128 0.342219 3 68 0.504267 72 0.389251 69 0.106482
  72 -2.802196 2.765923 49.427197 -0.873342 0.486779 -0.017861 0.886948 0.435441 1 72 1.000000
outline
  72 -2.802196 2.765923 49.427197 -0.873342 0.486779 -0.017861 0.886948 0.435441 1 72 1.000000
  68 -3.347161 4.437404 52.289276 -0.645458 0.159053 -0.747051 0.855128 0.342219 3 68 0.504267 72 0.389251 69 0.106482
  72 -2.854300 5.043923 49.435387 -0.991296 -0.052839 -0.120586 0.825461 0.431812 2 72 0.923560 68 0.076440
outline
  72 -2.802196 2.765923 49.427197 -0.873342 0.486779 -0.017861 0.886948 0.435441 1 72 1.000000
  72 -3.627204 2.567458 46.335903 0.249738 0.950860 0.183022 0.889386 0.533162 1 72 1.000000
  72 -3.864240 2.271584 49.177254 0.009309 0.997893 0.064204 0.925569 0.444594 1 72 1.000000
outline
  72 -2.854300 5.043923 49.435387 -0.991296 -0.052839 -0.120586 0.825461 0.431812 2 72 0.923560 68 0.076440
  72 -2.806185 4.354938 45.415371 -0.960314 0.041657 0.275794 0.824956 0.535365 1 72 1.000000
  72 -2.802196 2.765923 49.427197 -0.873342 0.486779 -0.017861 0.886948 0.435441 1 72 1.000000
outline
  72 -2.807621 2.862822 45.646904 -0.704525 0.633572 0.319735 0.859820 0.536333 1 72 1.000000
  72 -3.627204 2.567458 46.335903 0.249738 0.950860 0.183022 0.889386 0.533162 1 72 1.000000
  72 -2.802196 2.765923 49.427197 -0.873342 0.486779 -0.017861 0.886948 0.435441 1 72 1.000000
outline
  72 -2.802196 2.765923 49.427197 -0.873342 0.486779 -0.017861 0.886948 0.435441 1 72 1.000000
  72 -2.806185 4.354938 45.415371 -0.960314 0.041657 0.275794 0.824956 0.535365 1 72 1.000000
  72 -2.807621 2.862822 45.646904 -0.704525 0.633572 0.319735 0.859820 0.536333 1 72 1.000000
outline
  72 -4.221204 4.294261 43.107601 0.041810 0.879894 0.473327 0.818710 0.610693 1 72 1.000000
  72 -3.627204 2.567458 46.335903 0.249738 0.950860 0.183022 0.889386 0.533162 1 72 1.000000
  72 -2.807621 2.862822 45.646904 -0.704525 0.633572 0.319735 0.859820 0.536333 1 72 1.000000
outline
  72 -2.806185 4.354938 45.415371 -0.960314 0.041657 0.275794 0.824956 0.535365 1 72 1.000000
  72 -4.221204 4.294261 43.107601 -0.849937 0.086050 0.519810 0.818710 0.610693 1 72 1.000000
  72 -2.807621 2.862822 45.646904 -0.704525 0.633572 0.319735 0.859820 0.536333 1 72 1.000000
outline
  72 -3.864240 2.271584 49.177254 0.937090 0.334243 0.100722 -0.003906 0.246775 1 72 1.000000
  72 -4.355333 3.645272 49.187698 0.937090 0.334243 0.100722 0.058657 0.234082 1 72 1.000000
  72 -4.130538 2.155705 52.039364 0.937090 0.334243 0.100722 -0.001683 0.160074 2 72 0.918896 68 0.081104
outline
  72 -3.915510 1.046357 49.188663 0.029479 -0.002282 0.999563 0.491250 0.356199 1 72 1.000000
  72 -3.864240 2.271584 49.177254 0.029479 -0.002282 0.999563 0.496722 0.395421 1 72 1.000000
  72 -4.355333 3.645272 49.187698 0.029479 -0.002282 0.999563 0.525670 0.424828 1 72 1.000000
outline
  72 -3.663612 4.697343 49.231052 0.812108 -0.582599 0.032543 0.801707 0.434192 2 72 0.931044 68 0.068956
  72 -4.484755 4.024006 52.158310 0.883099 -0.468569 -0.024070 0.795665 0.343645 2 72 0.807262 68 0.192738
  72 -4.355333 3.645272 49.187698 0.799887 -0.595932 0.071028 0.754159 0.432914 1 72 1.000000
outline
  72 -4.355333 3.645272 49.187698 0.799887 -0.595932 0.071028 0.754159 0.432914 1 72 1.000000
  72 -4.484755 4.024006 52.158310 0.883099 -0.468569 -0.024070 0.795665 0.343645 2 72 0.807262 68 0.192738
  72 -4.919684 3.089750 51.912956 0.910505 -0.413366 -0.010436 0.745305 0.343631 3 72 0.892780 71 0.057171 68 0.050049
outline
  72 -4.084343 3.167974 46.223240 0.906794 -0.420495 0.030133 0.755601 0.525378 1 72 1.000000
  72 -3.663612 4.697343 49.231052 0.812108 -0.582599 0.032543 0.801707 0.434192 2 72 0.931044 68 0.068956
  72 -4.355333 3.645272 49.187698 0.799887 -0.595932 0.071028 0.754159 0.432914 1 72 1.000000
outline
  72 -3.552277 4.304887 45.424355 0.878968 -0.461833 -0.118852 0.807057 0.540511 1 72 1.000000
  72 -3.663612 4.697343 49.231052 0.812108 -0.582599 0.032543 0.801707 0.434192 2 72 0.931044 68 0.068956
  72 -4.084343 3.167974 46.223240 0.906794 -0.420495 0.030133 0.755601 0.525378 1 72 1.000000
outline
  72 -3.552277 4.304887 45.424355 0.878968 -0.461833 -0.118852 0.807057 0.540511 1 72 1.000000
  72 -4.084343 3.167974 46.223240 0.906794 -0.420495 0.030133 0.755601 0.525378 1 72 1.000000
  72 -4.221204 4.294261 43.107601 0.808770 -0.540843 -0.231039 0.818710 0.610693 1 72 1.000000
outline
  72 -4.484755 4.024006 52.158310 0.883099 -0.468569 -0.024070 0.795665 0.343645 2 72 0.807262 68 0.192738
  71 -4.597521 3.106431 55.277946 0.963062 -0.266896 0.035742 0.795665 0.246350 3 71 0.665638 67 0.170978 72 0.163384
  72 -4.919684 3.089750 51.912956 0.910505 -0.413366 -0.010436 0.745305 0.343631 3 72 0.892780 71 0.057171 68 0.050049
outline
  72 -4.919684 3.089750 51.912956 0.910505 -0.413366 -0.010436 0.745305 0.343631 3 72 0.892780 71 0.057171 68 0.050049
  71 -4.597521 3.106431 55.277946 0.963062 -0.266896 0.035742 0.795665 0.246350 3 71 0.665638 67 0.170978 72 0.163384
  71 -5.155199 1.104596 55.652199 0.969863 -0.216037 0.112663 0.745305 0.246350 2 71 0.815641 70 0.184360
outline
  71 -4.597521 3.106431 55.277946 0.963062 -0.266896 0.035742 0.795665 0.246350 3 71 0.665638 67 0.170978 72 0.163384
  70 -5.182227 2.838376 57.602760 0.969863 -0.216037 0.112663 0.795665 0.173668 3 70 0.672203 67 0.192931 71 0.134866
  71 -5.155199 1.104596 55.652199 0.969863 -0.216037 0.112663 0.745305 0.246350 2 71 0.815641 70 0.184360
outline
  71 -5.155199 1.104596 55.652199 0.969863 -0.216037 0.112663 0.745305 0.246350 2 71 0.815641 70 0.184360
  70 -5.182227 2.838376 57.602760 0.969863 -0.216037 0.112663 0.795665 0.173668 3 70 0.672203 67 0.192931 71 0.134866
  70 -5.650200 0.686380 57.563095 0.997751 -0.026420 0.061595 0.745305 0.173668 3 70 0.867860 73 0.066714 71 0.065426
outline
  70 -5.182227 2.838376 57.602760 0.969863 -0.216037 0.112663 0.795665 0.173668 3 70 0.672203 67 0.192931 71 0.134866
  70 -5.378002 2.488652 59.583942 0.984744 -0.162821 -0.061391 0.795665 0.114150 3 70 0.749915 67 0.140334 14 0.109751
  70 -5.650200 0.686380 57.563095 0.997751 -0.026420 0.061595 0.745305 0.173668 3 70 0.867860 73 0.066714 71 0.065426
outline
  70 -5.650200 0.686380 57.563095 0.997751 -0.026420 0.061595 0.745305 0.173668 3 70 0.867860 73 0.066714 71 0.065426
  70 -5.378002 2.488652 59.583942 0.984744 -0.162821 -0.061391 0.795665 0.114150 3 70 0.749915 67 0.140334 14 0.109751
  70 -5.625679 0.132670 59.504658 0.995094 0.025898 -0.095488 0.745305 0.114150 2 70 0.942218 73 0.057783
outline
  14 -5.015153 2.183547 61.773052 0.896002 -0.264733 -0.356507 0.795665 0.046335 2 14 0.592808 70 0.407193
  70 -5.625679 0.132670 59.504658 0.995094 0.025898 -0.095488 0.745305 0.114150 2 70 0.942218 73 0.057783
  70 -5.378002 2.488652 59.583942 0.984744 -0.162821 -0.061391 0.795665 0.114150 3 70 0.749915 67 0.140334 14 0.109751
outline
  14 -5.336629 -0.379402 61.776127 0.950625 0.062033 -0.304079 0.745305 0.046335 2 14 0.908918 70 0.091082
  70 -5.625679 0.132670 59.504658 0.995094 0.025898 -0.095488 0.745305 0.114150 2 70 0.942218 73 0.057783
  14 -5.015153 2.183547 61.773052 0.896002 -0.264733 -0.356507 0.795665 0.046335 2 14 0.592808 70 0.407193
outline
  14 -5.015153 2.183547 61.773052 0.896002 -0.264733 -0.356507 0.795665 0.046335 2 14 0.592808 70 0.407193
  70 -5.378002 2.488652 59.583942 0.861800 -0.501524 -0.075997 0.795665 0.114150 3 70 0.749915 67 0.140334 14 0.109751
  14 -3.941200 4.338988 61.642216 0.711392 -0.645941 -0.276913 0.855128 0.046335 3 14 0.550642 67 0.291774 70 0.157585
outline
  14 -3.941200 4.338988 61.642216 0.711392 -0.645941 -0.276913 0.855128 0.046335 3 14 0.550642 67 0.291774 70 0.157585
  70 -5.378002 2.488652 59.583942 0.861800 -0.501524 -0.075997 0.795665 0.114150 3 70 0.749915 67 0.140334 14 0.109751
  67 -4.192893 4.592730 59.489597 0.721610 -0.690316 -0.052370 0.855128 0.114150 3 67 0.604506 70 0.229079 14 0.166416
outline
  70 -5.182227 2.838376 57.602760 0.866466 -0.480316 0.136135 0.795665 0.173668 3 70 0.672203 67 0.192931 71 0.134866
  67 -4.192893 4.592730 59.489597 0.721610 -0.690316 -0.052370 0.855128 0.114150 3 67 0.604506 70 0.229079 14 0.166416
  70 -5.378002 2.488652 59.583942 0.861800 -0.501524 -0.075997 0.795665 0.114150 3 70 0.749915 67 0.140334 14 0.109751
outline
  67 -4.147843 4.570341 57.541775 0.818192 -0.553371 0.156023 0.855128 0.173668 3 67 0.671283 70 0.237232 71 0.091485
  67 -4.192893 4.592730 59.489597 0.721610 -0.690316 -0.052370 0.855128 0.114150 3 67 0.604506 70 0.229079 14 0.166416
  70 -5.182227 2.838376 57.602760 0.866466 -0.480316 0.136135 0.795665 0.173668 3 70 0.672203 67 0.192931 71 0.134866
outline
  71 -4.597521 3.106431 55.277946 0.689381 -0.720225 0.077649 0.795665 0.246350 3 71 0.665638 67 0.170978 72 0.163384
  67 -4.147843 4.570341 57.541775 0.818192 -0.553371 0.156023 0.855128 0.173668 3 67 0.671283 70 0.237232 71 0.091485
  70 -5.182227 2.838376 57.602760 0.866466 -0.480316 0.136135 0.795665 0.173668 3 70 0.672203 67 0.192931 71 0.134866
outline
  67 -3.553719 3.853868 55.353157 0.448067 -0.893689 0.023561 0.855128 0.246350 3 67 0.369337 68 0.344859 71 0.285804
  67 -4.147843 4.570341 57.541775 0.818192 -0.553371 0.156023 0.855128 0.173668 3 67 0.671283 70 0.237232 71 0.091485
  71 -4.597521 3.106431 55.277946 0.689381 -0.720225 0.077649 0.795665 0.246350 3 71 0.665638 67 0.170978 72 0.163384
outline
  72 -4.484755 4.024006 52.158310 0.350580 -0.920970 -0.170025 0.795665 0.343645 2 72 0.807262 68 0.192738
  67 -3.553719 3.853868 55.353157 0.448067 -0.893689 0.023561 0.855128 0.246350 3 67 0.369337 68 0.344859 71 0.285804
  71 -4.597521 3.106431 55.277946 0.689381 -0.720225 0.077649 0.795665 0.246350 3 71 0.665638 67 0.170978 72 0.163384
outline
  68 -3.347161 4.437404 52.289276 0.299045 -0.938052 -0.175017 0.855128 0.342219 3 68 0.504267 72 0.389251 69 0.106482
  67 -3.553719 3.853868 55.353157 0.448067 -0.893689 0.023561 0.855128 0.246350 3 67 0.369337 68 0.344859 71 0.285804
  72 -4.484755 4.024006 52.158310 0.350580 -0.920970 -0.170025 0.795665 0.343645 2 72 0.807262 68 0.192738
outline
  72 -3.663612 4.697343 49.231052 0.448067 -0.893689 0.023561 0.801707 0.434192 2 72 0.931044 68 0.068956
  68 -3.347161 4.437404 52.289276 0.299045 -0.938052 -0.175017 0.855128 0.342219 3 68 0.504267 72 0.389251 69 0.106482
  72 -4.484755 4.024006 52.158310 0.350580 -0.920970 -0.170025 0.795665 0.343645 2 72 0.807262 68 0.192738
outline
  72 -2.854300 5.043923 49.435387 0.456575 -0.889566 -0.014514 0.825461 0.431812 2 72 0.923560 68 0.076440
  68 -3.347161 4.437404 52.289276 0.299045 -0.938052 -0.175017 0.855128 0.342219 3 68 0.504267 72 0.389251 69 0.106482
  72 -3.663612 4.697343 49.231052 0.448067 -0.893689 0.023561 0.801707 0.434192 2 72 0.931044 68 0.068956
outline
  72 -2.854300 5.043923 49.435387 0.456575 -0.889566 -0.014514 0.825461 0.431812 2 72 0.923560 68 0.076440
  72 -3.663612 4.697343 49.231052 0.448067 -0.893689 0.023561 0.801707 0.434192 2 72 0.931044 68 0.068956
  72 -2.806185 4.354938 45.415371 0.058118 -0.993211 0.100765 0.824956 0.535365 1 72 1.000000
outline
  72 -2.806185 4.354938 45.415371 0.058118 -0.993211 0.100765 0.824956 0.535365 1 72 1.000000
  72 -3.663612 4.697343 49.231052 0.448067 -0.893689 0.023561 0.801707 0.434192 2 72 0.931044 68 0.068956
  72 -3.552277 4.304887 45.424355 0.018157 -0.994670 0.101498 0.807057 0.540511 1 72 1.000000
outline
  72 -2.806185 4.354938 45.415371 0.058118 -0.993211 0.100765 0.824956 0.535365 1 72 1.000000
  72 -3.552277 4.304887 45.424355 0.018157 -0.994670 0.101498 0.807057 0.540511 1 72 1.000000
  72 -4.221204 4.294261 43.107601 0.070651 -0.997200 -0.024503 0.818710 0.610693 1 72 1.000000
outline
  72 -4.643353 3.521302 46.256401 0.861800 -0.501524 -0.075997 0.585250 0.290894 1 72 1.000000
  72 -5.075323 2.764319 46.270199 0.963062 -0.266896 0.035742 0.572568 0.311481 1 72 1.000000
  72 -5.087651 3.561891 44.462811 0.840037 -0.503815 -0.201266 0.622416 0.329840 1 72 1.000000
outline
  72 -4.643353 3.521302 46.256401 0.861800 -0.501524 -0.075997 0.585250 0.290894 1 72 1.000000
  72 -5.710699 2.782190 49.078350 0.538703 -0.837991 -0.087005 0.509723 0.277042 1 72 1.000000
  72 -5.075323 2.764319 46.270199 0.963062 -0.266896 0.035742 0.572568 0.311481 1 72 1.000000
outline
  72 -4.355333 3.645272 49.187698 0.381047 -0.923191 -0.050208 0.524503 0.236787 1 72 1.000000
  72 -5.710699 2.782190 49.078350 0.538703 -0.837991 -0.087005 0.509723 0.277042 1 72 1.000000
  72 -4.643353 3.521302 46.256401 0.861800 -0.501524 -0.075997 0.585250 0.290894 1 72 1.000000
outline
  72 -4.355333 3.645272 49.187698 0.381047 -0.923191 -0.050208 0.524503 0.236787 1 72 1.000000
  72 -4.919684 3.089750 51.912956 0.790788 -0.588577 -0.168023 0.425493 0.236787 3 72 0.892780 71 0.057171 68 0.050049
  72 -5.710699 2.782190 49.078350 0.538703 -0.837991 -0.087005 0.509723 0.277042 1 72 1.000000
outline
  72 -5.710699 2.782190 49.078350 0.538703 -0.837991 -0.087005 0.509723 0.277042 1 72 1.000000
  72 -4.919684 3.089750 51.912956 0.790788 -0.588577 -0.168023 0.425493 0.236787 3 72 0.892780 71 0.057171 68 0.050049
  72 -5.677059 1.885334 51.774563 0.867423 -0.473810 -0.151924 0.425493 0.280273 1 72 1.000000
outline
  72 -4.919684 3.089750 51.912956 0.790788 -0.588577 -0.168023 0.425493 0.236787 3 72 0.892780 71 0.057171 68 0.050049
  71 -5.155199 1.104596 55.652199 0.972349 -0.214626 -0.092053 0.314227 0.236787 2 71 0.815641 70 0.184360
  72 -5.677059 1.885334 51.774563 0.867423 -0.473810 -0.151924 0.425493 0.280273 1 72 1.000000
outline
  72 -5.677059 1.885334 51.774563 0.867423 -0.473810 -0.151924 0.425493 0.280273 1 72 1.000000
  71 -5.155199 1.104596 55.652199 0.972349 -0.214626 -0.092053 0.314227 0.236787 2 71 0.815641 70 0.184360
  70 -5.493582 -0.515874 55.779129 0.997613 -0.060739 0.032858 0.314227 0.283606 3 70 0.722562 71 0.143203 73 0.134236
outline
  71 -5.155199 1.104596 55.652199 0.972349 -0.214626 -0.092053 0.314227 0.236787 2 71 0.815641 70 0.184360
  70 -5.650200 0.686380 57.563095 0.997751 -0.026420 0.061595 0.251526 0.236787 3 70 0.867860 73 0.066714 71 0.065426
  70 -5.493582 -0.515874 55.779129 0.997613 -0.060739 0.032858 0.314227 0.283606 3 70 0.722562 71 0.143203 73 0.134236
outline
  70 -5.493582 -0.515874 55.779129 0.997613 -0.060739 0.032858 0.314227 0.283606 3 70 0.722562 71 0.143203 73 0.134236
  70 -5.650200 0.686380 57.563095 0.997751 -0.026420 0.061595 0.251526 0.236787 3 70 0.867860 73 0.066714 71 0.065426
  73 -5.394930 -1.101150 57.682751 0.981544 0.174139 0.079031 0.251526 0.283606 2 73 0.866189 70 0.133811
outline
  70 -5.650200 0.686380 57.563095 0.997751 -0.026420 0.061595 0.251526 0.236787 3 70 0.867860 73 0.066714 71 0.065426
  70 -5.625679 0.132670 59.504658 0.995094 0.025898 -0.095488 0.189782 0.236787 2 70 0.942218 73 0.057783
  73 -5.394930 -1.101150 57.682751 0.981544 0.174139 0.079031 0.251526 0.283606 2 73 0.866189 70 0.133811
outline
  73 -5.394930 -1.101150 57.682751 0.981544 0.174139 0.079031 0.251526 0.283606 2 73 0.866189 70 0.133811
  70 -5.625679 0.132670 59.504658 0.995094 0.025898 -0.095488 0.189782 0.236787 2 70 0.942218 73 0.057783
  73 -5.249516 -1.833882 59.775936 0.976252 0.213706 -0.035527 0.189782 0.283606 1 73 1.000000
outline
  14 -5.336629 -0.379402 61.776127 0.950625 0.062033 -0.304079 0.135670 0.236787 2 14 0.908918 70 0.091082
  73 -5.249516 -1.833882 59.775936 0.976252 0.213706 -0.035527 0.189782 0.283606 1 73 1.000000
  70 -5.625679 0.132670 59.504658 0.995094 0.025898 -0.095488 0.189782 0.236787 2 70 0.942218 73 0.057783
outline
  14 -4.962887 -1.967920 61.728035 0.922972 0.229103 -0.309248 0.135670 0.279127 2 14 0.830320 73 0.169680
  73 -5.249516 -1.833882 59.775936 0.976252 0.213706 -0.035527 0.189782 0.283606 1 73 1.000000
  14 -5.336629 -0.379402 61.776127 0.950625 0.062033 -0.304079 0.135670 0.236787 2 14 0.908918 70 0.091082
outline
  72 -5.087651 3.561891 44.462811 0.867799 0.456777 0.195649 0.622416 0.329840 1 72 1.000000
  72 -5.075323 2.764319 46.270199 0.871698 0.413228 0.263410 0.572568 0.311481 1 72 1.000000
  72 -4.629627 1.983267 46.116833 -0.006326 0.801797 0.597563 0.564875 0.334225 1 72 1.000000
outline
  72 -4.629627 1.983267 46.116833 -0.006326 0.801797 0.597563 0.564875 0.334225 1 72 1.000000
  72 -5.075323 2.764319 46.270199 0.871698 0.413228 0.263410 0.572568 0.311481 1 72 1.000000
  72 -5.090678 1.028351 48.890438 0.541811 0.810836 0.221330 0.499708 0.323597 1 72 1.000000
outline
  72 -5.075323 2.764319 46.270199 0.871698 0.413228 0.263410 0.572568 0.311481 1 72 1.000000
  72 -5.710699 2.782190 49.078350 0.952203 0.277313 0.128087 0.509723 0.277042 1 72 1.000000
  72 -5.090678 1.028351 48.890438 0.541811 0.810836 0.221330 0.499708 0.323597 1 72 1.000000
outline
  72 -5.710699 2.782190 49.078350 0.952203 0.277313 0.128087 0.509723 0.277042 1 72 1.000000
  72 -5.677059 1.885334 51.774563 0.891964 0.437284 0.114819 0.425493 0.280273 1 72 1.000000
  72 -5.090678 1.028351 48.890438 0.541811 0.810836 0.221330 0.499708 0.323597 1 72 1.000000
outline
  72 -4.629627 1.983267 46.116833 -0.006326 0.801797 0.597563 0.564875 0.334225 1 72 1.000000
  72 -5.090678 1.028351 48.890438 0.541811 0.810836 0.221330 0.499708 0.323597 1 72 1.000000
  72 -3.915510 1.046357 49.188663 -0.723948 0.672708 0.152847 0.491250 0.356199 1 72 1.000000
outline
  72 -5.090678 1.028351 48.890438 0.541811 0.810836 0.221330 0.499708 0.323597 1 72 1.000000
  72 -5.677059 1.885334 51.774563 0.891964 0.437284 0.114819 0.425493 0.280273 1 72 1.000000
  72 -4.954796 0.723746 51.628517 0.541811 0.810836 0.221330 0.425493 0.326920 1 72 1.000000
outline
  72 -5.677059 1.885334 51.774563 0.891964 0.437284 0.114819 0.425493 0.280273 1 72 1.000000
  70 -5.493582 -0.515874 55.779129 0.729421 0.610894 0.307821 0.314227 0.283606 3 70 0.722562 71 0.143203 73 0.134236
  72 -4.954796 0.723746 51.628517 0.541811 0.810836 0.221330 0.425493 0.326920 1 72 1.000000
outline
  72 -5.090678 1.028351 48.890438 0.541811 0.810836 0.221330 0.499708 0.323597 1 72 1.000000
  72 -4.954796 0.723746 51.628517 0.541811 0.810836 0.221330 0.425493 0.326920 1 72 1.000000
  72 -3.915510 1.046357 49.188663 -0.723948 0.672708 0.152847 0.491250 0.356199 1 72 1.000000
outline
  72 -4.954796 0.723746 51.628517 0.541811 0.810836 0.221330 0.425493 0.326920 1 72 1.000000
  70 -5.493582 -0.515874 55.779129 0.649915 0.586199 0.483716 0.314227 0.283606 3 70 0.722562 71 0.143203 73 0.134236
  70 -4.694044 -0.925439 55.292313 0.395556 0.881534 0.257745 0.314227 0.326215 2 70 0.601989 71 0.398011
outline
  72 -4.954796 0.723746 51.628517 0.541811 0.810836 0.221330 0.425493 0.326920 1 72 1.000000
  70 -4.694044 -0.925439 55.292313 0.395556 0.881534 0.257745 0.314227 0.326215 2 70 0.601989 71 0.398011
  72 -3.666737 0.445175 51.840515 -0.777783 0.577390 0.248345 0.425493 0.367868 2 72 0.561787 71 0.438213
outline
  72 -3.915510 1.046357 49.188663 -0.723948 0.672708 0.152847 0.491250 0.356199 1 72 1.000000
  72 -4.954796 0.723746 51.628517 0.541811 0.810836 0.221330 0.425493 0.326920 1 72 1.000000
  72 -3.666737 0.445175 51.840515 -0.777783 0.577390 0.248345 0.425493 0.367868 2 72 0.561787 71 0.438213
outline
  72 -3.666737 0.445175 51.840515 -0.777783 0.577390 0.248345 0.425493 0.367868 2 72 0.561787 71 0.438213
  70 -4.694044 -0.925439 55.292313 0.395556 0.881534 0.257745 0.314227 0.326215 2 70 0.601989 71 0.398011
  70 -3.352392 -0.724939 55.213898 -0.843091 0.476342 0.249589 0.314227 0.367834 3 70 0.616694 71 0.275656 72 0.107650
outline
  70 -3.352392 -0.724939 55.213898 -0.843091 0.476342 0.249589 0.314227 0.367834 3 70 0.616694 71 0.275656 72 0.107650
  72 -4.130538 2.155705 52.039364 -0.972333 -0.229155 -0.045339 0.425493 0.412169 2 72 0.918896 68 0.081104
  72 -3.666737 0.445175 51.840515 -0.777783 0.577390 0.248345 0.425493 0.367868 2 72 0.561787 71 0.438213
outline
  72 -3.666737 0.445175 51.840515 -0.777783 0.577390 0.248345 0.425493 0.367868 2 72 0.561787 71 0.438213
  72 -4.130538 2.155705 52.039364 -0.972333 -0.229155 -0.045339 0.425493 0.412169 2 72 0.918896 68 0.081104
  72 -3.915510 1.046357 49.188663 -0.723948 0.672708 0.152847 0.491250 0.356199 1 72 1.000000
outline
  70 -3.804671 0.986198 56.324963 -0.963063 -0.266894 0.035744 0.314227 0.420632 3 70 0.822741 67 0.117953 72 0.059307
  72 -4.130538 2.155705 52.039364 -0.972333 -0.229155 -0.045339 0.425493 0.412169 2 72 0.918896 68 0.081104
  70 -3.352392 -0.724939 55.213898 -0.843091 0.476342 0.249589 0.314227 0.367834 3 70 0.616694 71 0.275656 72 0.107650
outline
  72 -3.915510 1.046357 49.188663 -0.723948 0.672708 0.152847 0.491250 0.356199 1 72 1.000000
  72 -4.130538 2.155705 52.039364 -0.972333 -0.229155 -0.045339 0.425493 0.412169 2 72 0.918896 68 0.081104
  72 -3.864240 2.271584 49.177254 -0.959062 0.090944 -0.268195 0.496722 0.395421 1 72 1.000000
outline
  72 -4.202562 2.728301 46.246765 -0.957068 -0.024732 0.288807 0.571576 0.354808 1 72 1.000000
  72 -4.629627 1.983267 46.116833 -0.006326 0.801797 0.597563 0.564875 0.334225 1 72 1.000000
  72 -3.915510 1.046357 49.188663 -0.723948 0.672708 0.152847 0.491250 0.356199 1 72 1.000000
outline
  72 -5.087651 3.561891 44.462811 -0.780163 0.323023 0.535725 0.622416 0.329840 1 72 1.000000
  72 -4.629627 1.983267 46.116833 -0.006326 0.801797 0.597563 0.564875 0.334225 1 72 1.000000
  72 -4.202562 2.728301 46.246765 -0.957068 -0.024732 0.288807 0.571576 0.354808 1 72 1.000000
outline
  72 -3.915510 1.046357 49.188663 -0.723948 0.672708 0.152847 0.491250 0.356199 1 72 1.000000
  72 -4.355333 3.645272 49.187698 -0.973015 -0.229154 0.027032 0.525670 0.424828 1 72 1.000000
  72 -4.202562 2.728301 46.246765 -0.957068 -0.024732 0.288807 0.571576 0.354808 1 72 1.000000
outline
  72 -4.355333 3.645272 49.187698 -0.973015 -0.229154 0.027032 0.525670 0.424828 1 72 1.000000
  72 -4.643353 3.521302 46.256401 -0.866467 -0.480314 0.136133 0.587181 0.371870 1 72 1.000000
  72 -4.202562 2.728301 46.246765 -0.957068 -0.024732 0.288807 0.571576 0.354808 1 72 1.000000
outline
  72 -4.643353 3.521302 46.256401 -0.866467 -0.480314 0.136133 0.587181 0.371870 1 72 1.000000
  72 -5.087651 3.561891 44.462811 -0.864266 -0.461500 0.200153 0.622416 0.329840 1 72 1.000000
  72 -4.202562 2.728301 46.246765 -0.957068 -0.024732 0.288807 0.571576 0.354808 1 72 1.000000
outline
  76 -0.755983 -5.944266 57.738457 0.747768 -0.542692 0.382529 0.407608 0.934938 1 76 1.000000
  76 0.188549 -5.579280 56.675892 0.632974 -0.589993 0.501251 0.402761 0.965941 1 76 1.000000
  76 0.007581 -5.102966 57.466133 0.296260 -0.855032 0.425617 0.436767 0.954850 1 76 1.000000
outline
  76 0.007581 -5.102966 57.466133 0.296260 -0.855032 0.425617 0.436767 0.954850 1 76 1.000000
  76 0.188549 -5.579280 56.675892 0.632974 -0.589993 0.501251 0.402761 0.965941 1 76 1.000000
  76 0.498757 -5.304218 56.659603 0.160298 -0.892246 0.422138 0.412487 0.973903 1 76 1.000000
outline
  76 0.188549 -5.579280 56.675892 0.632974 -0.589993 0.501251 0.402761 0.965941 1 76 1.000000
  76 0.836866 -5.384424 56.349308 -0.414327 -0.868713 0.271423 0.405941 0.976420 1 76 1.000000
  76 0.498757 -5.304218 56.659603 0.160298 -0.892246 0.422138 0.412487 0.973903 1 76 1.000000
outline
  76 -0.853226 -4.055839 60.443352 0.566924 -0.667332 0.482974 0.478705 0.893330 2 76 0.758480 77 0.241520
  76 -0.755983 -5.944266 57.738457 0.747768 -0.542692 0.382529 0.407608 0.934938 1 76 1.000000
  76 0.007581 -5.102966 57.466133 0.296260 -0.855032 0.425617 0.436767 0.954850 1 76 1.000000
outline
  77 -1.948354 -5.820288 60.798264 0.836648 -0.420393 0.351127 0.447705 0.857036 2 77 0.868420 76 0.131580
  76 -0.755983 -5.944266 57.738457 0.747768 -0.542692 0.382529 0.407608 0.934938 1 76 1.000000
  76 -0.853226 -4.055839 60.443352 0.566924 -0.667332 0.482974 0.478705 0.893330 2 76 0.758480 77 0.241520
outline
  77 -1.294919 -4.135537 60.911964 0.706038 -0.334572 0.624157 0.487697 0.862724 2 77 0.796464 76 0.203536
  77 -1.948354 -5.820288 60.798264 0.836648 -0.420393 0.351127 0.447705 0.857036 2 77 0.868420 76 0.131580
  76 -0.853226 -4.055839 60.443352 0.566924 -0.667332 0.482974 0.478705 0.893330 2 76 0.758480 77 0.241520
outline
  76 0.188549 -5.579280 56.675892 0.284372 0.710348 0.643846 0.402761 0.965941 1 76 1.000000
  76 0.639650 -5.918098 56.778694 0.323100 0.590198 0.739778 0.374620 0.961210 1 76 1.000000
  76 0.836866 -5.384424 56.349308 0.235547 0.550190 0.801129 0.372030 0.987544 1 76 1.000000
outline
  76 0.188549 -5.579280 56.675892 0.284372 0.710348 0.643846 0.402761 0.965941 1 76 1.000000
  76 -0.755983 -5.944266 57.738457 0.649915 0.586199 0.483716 0.407608 0.934938 1 76 1.000000
  76 0.639650 -5.918098 56.778694 0.323100 0.590198 0.739778 0.374620 0.961210 1 76 1.000000
outline
  76 0.639650 -5.918098 56.778694 0.323100 0.590198 0.739778 0.374620 0.961210 1 76 1.000000
  76 -0.755983 -5.944266 57.738457 0.649915 0.586199 0.483716 0.407608 0.934938 1 76 1.000000
  76 0.034217 -7.077024 58.017944 0.743127 0.545124 0.388074 0.375151 0.927083 1 76 1.000000
outline
  76 -0.755983 -5.944266 57.738457 0.649915 0.586199 0.483716 0.407608 0.934938 1 76 1.000000
  76 -0.259021 -7.523224 60.699078 0.663071 0.745646 0.065949 0.376751 0.860110 3 76 0.707474 77 0.156871 78 0.135654
  76 0.034217 -7.077024 58.017944 0.743127 0.545124 0.388074 0.375151 0.927083 1 76 1.000000
outline
  77 -1.948354 -5.820288 60.798264 0.691286 0.693715 0.202196 0.447705 0.857036 2 77 0.868420 76 0.131580
  76 -0.259021 -7.523224 60.699078 0.663071 0.745646 0.065949 0.376751 0.860110 3 76 0.707474 77 0.156871 78 0.135654
  76 -0.755983 -5.944266 57.738457 0.649915 0.586199 0.483716 0.407608 0.934938 1 76 1.000000
outline
  77 -1.948354 -5.820288 60.798264 0.691286 0.693715 0.202196 0.447705 0.857036 2 77 0.868420 76 0.131580
  77 -2.130308 -6.049802 62.290436 0.569280 0.796573 -0.203451 0.444435 0.805990 2 77 0.879789 76 0.120211
  76 -0.259021 -7.523224 60.699078 0.663071 0.745646 0.065949 0.376751 0.860110 3 76 0.707474 77 0.156871 78 0.135654
outline
  77 -2.130308 -6.049802 62.290436 0.569280 0.796573 -0.203451 0.444435 0.805990 2 77 0.879789 76 0.120211
  76 -0.153251 -6.958756 62.728992 0.007520 0.912860 -0.408204 0.374184 0.801376 3 76 0.651365 77 0.179016 78 0.169619
  76 -0.259021 -7.523224 60.699078 0.663071 0.745646 0.065949 0.376751 0.860110 3 76 0.707474 77 0.156871 78 0.135654
outline
  77 -2.130308 -6.049802 62.290436 0.569280 0.796573 -0.203451 0.444435 0.805990 2 77 0.879789 76 0.120211
  77 -1.768486 -5.229576 64.320030 0.201310 0.540911 -0.816633 0.431340 0.729396 2 77 0.853042 76 0.146958
  76 -0.153251 -6.958756 62.728992 0.007520 0.912860 -0.408204 0.374184 0.801376 3 76 0.651365 77 0.179016 78 0.169619
outline
  76 -0.153251 -6.958756 62.728992 0.007520 0.912860 -0.408204 0.374184 0.801376 3 76 0.651365 77 0.179016 78 0.169619
  77 -1.768486 -5.229576 64.320030 0.201310 0.540911 -0.816633 0.431340 0.729396 2 77 0.853042 76 0.146958
  76 0.001042 -5.899711 64.348114 -0.009777 0.578557 -0.815583 0.370411 0.743829 3 76 0.659293 78 0.172213 77 0.168493
outline
  77 -1.768486 -5.229576 64.320030 0.201310 0.540911 -0.816633 0.431340 0.729396 2 77 0.853042 76 0.146958
  76 0.000905 -4.159651 64.730103 0.038490 -0.006256 -0.999239 0.370172 0.686880 3 76 0.877102 77 0.062455 78 0.060443
  76 0.001042 -5.899711 64.348114 -0.009777 0.578557 -0.815583 0.370411 0.743829 3 76 0.659293 78 0.172213 77 0.168493
outline
  77 -2.055062 -4.163894 64.702942 0.001255 -0.015394 -0.999881 0.443271 0.689100 2 77 0.916529 76 0.083471
  76 0.000905 -4.159651 64.730103 0.038490 -0.006256 -0.999239 0.370172 0.686880 3 76 0.877102 77 0.062455 78 0.060443
  77 -1.768486 -5.229576 64.320030 0.201310 0.540911 -0.816633 0.431340 0.729396 2 77 0.853042 76 0.146958
outline
  76 -0.153251 -6.958756 62.728992 0.007520 0.912860 -0.408204 0.374184 0.801376 3 76 0.651365 77 0.179016 78 0.169619
  76 0.001042 -5.899711 64.348114 -0.009777 0.578557 -0.815583 0.370411 0.743829 3 76 0.659293 78 0.172213 77 0.168493
  78 1.829150 -5.370263 64.096718 -0.368364 0.613600 -0.698429 0.306812 0.736438 2 78 0.867541 76 0.132459
outline
  77 -2.055062 -4.163894 64.702942 0.001255 -0.015394 -0.999881 0.443271 0.689100 2 77 0.916529 76 0.083471
  76 -0.000886 -2.712091 64.337341 0.024319 -0.481404 -0.876161 0.370011 0.633919 3 76 0.853575 14 0.088869 77 0.057556
  76 0.000905 -4.159651 64.730103 0.038490 -0.006256 -0.999239 0.370172 0.686880 3 76 0.877102 77 0.062455 78 0.060443
outline
  76 0.001042 -5.899711 64.348114 -0.009777 0.578557 -0.815583 0.370411 0.743829 3 76 0.659293 78 0.172213 77 0.168493
  76 0.000905 -4.159651 64.730103 -0.106694 0.037053 -0.993601 0.370172 0.686880 3 76 0.877102 77 0.062455 78 0.060443
  78 1.829150 -5.370263 64.096718 -0.368364 0.613600 -0.698429 0.306812 0.736438 2 78 0.867541 76 0.132459
outline
  78 1.969742 -6.161428 62.300484 -0.415311 0.866341 -0.277437 0.299694 0.805604 2 78 0.875605 76 0.124395
  76 -0.153251 -6.958756 62.728992 0.007520 0.912860 -0.408204 0.374184 0.801376 3 76 0.651365 77 0.179016 78 0.169619
  78 1.829150 -5.370263 64.096718 -0.368364 0.613600 -0.698429 0.306812 0.736438 2 78 0.867541 76 0.132459
outline
  78 1.829150 -5.370263 64.096718 -0.368364 0.613600 -0.698429 0.306812 0.736438 2 78 0.867541 76 0.132459
  76 0.000905 -4.159651 64.730103 -0.106694 0.037053 -0.993601 0.370172 0.686880 3 76 0.877102 77 0.062455 78 0.060443
  78 2.099489 -4.038322 64.645676 -0.287862 0.160194 -0.944179 0.295587 0.684787 2 78 0.920159 76 0.079841
outline
  76 0.000905 -4.159651 64.730103 -0.106694 0.037053 -0.993601 0.370172 0.686880 3 76 0.877102 77 0.062455 78 0.060443
  76 -0.000886 -2.712091 64.337341 0.024319 -0.481404 -0.876161 0.370011 0.633919 3 76 0.853575 14 0.088869 77 0.057556
  78 2.099489 -4.038322 64.645676 -0.287862 0.160194 -0.944179 0.295587 0.684787 2 78 0.920159 76 0.079841
outline
  78 1.969742 -6.161428 62.300484 -0.415311 0.866341 -0.277437 0.299694 0.805604 2 78 0.875605 76 0.124395
  76 -0.259021 -7.523224 60.699078 -0.385243 0.922536 0.022699 0.376751 0.860110 3 76 0.707474 77 0.156871 78 0.135654
  76 -0.153251 -6.958756 62.728992 0.007520 0.912860 -0.408204 0.374184 0.801376 3 76 0.651365 77 0.179016 78 0.169619
outline
  78 1.832283 -6.465423 60.341576 -0.539538 0.841565 0.025822 0.303369 0.869941 2 78 0.777705 76 0.222295
  76 -0.259021 -7.523224 60.699078 -0.385243 0.922536 0.022699 0.376751 0.860110 3 76 0.707474 77 0.156871 78 0.135654
  78 1.969742 -6.161428 62.300484 -0.415311 0.866341 -0.277437 0.299694 0.805604 2 78 0.875605 76 0.124395
outline
  76 -0.259021 -7.523224 60.699078 -0.385243 0.922536 0.022699 0.376751 0.860110 3 76 0.707474 77 0.156871 78 0.135654
  78 1.832283 -6.465423 60.341576 -0.539538 0.841565 0.025822 0.303369 0.869941 2 78 0.777705 76 0.222295
  76 0.034217 -7.077024 58.017944 -0.692690 0.700061 0.173479 0.375151 0.927083 1 76 1.000000
outline
  76 0.034217 -7.077024 58.017944 -0.692690 0.700061 0.173479 0.375151 0.927083 1 76 1.000000
  78 1.832283 -6.465423 60.341576 -0.539538 0.841565 0.025822 0.303369 0.869941 2 78 0.777705 76 0.222295
  76 0.918267 -6.031873 58.340752 -0.916796 0.352751 0.187221 0.339906 0.927652 1 76 1.000000
outline
  76 0.034217 -7.077024 58.017944 -0.692690 0.700061 0.173479 0.375151 0.927083 1 76 1.000000
  76 0.918267 -6.031873 58.340752 -0.916796 0.352751 0.187221 0.339906 0.927652 1 76 1.000000
  76 0.836039 -5.898041 57.127167 -0.706957 0.647842 0.283747 0.354057 0.961735 1 76 1.000000
outline
  76 0.639650 -5.918098 56.778694 -0.704526 0.633572 0.319735 0.374620 0.961210 1 76 1.000000
  76 0.034217 -7.077024 58.017944 -0.692690 0.700061 0.173479 0.375151 0.927083 1 76 1.000000
  76 0.836039 -5.898041 57.127167 -0.706957 0.647842 0.283747 0.354057 0.961735 1 76 1.000000
outline
  76 0.836866 -5.384424 56.349308 -0.739882 0.554275 0.381252 0.366933 0.987200 1 76 1.000000
  76 0.639650 -5.918098 56.778694 -0.704526 0.633572 0.319735 0.374620 0.961210 1 76 1.000000
  76 0.836039 -5.898041 57.127167 -0.706957 0.647842 0.283747 0.354057 0.961735 1 76 1.000000
outline
  78 2.099489 -4.038322 64.645676 -0.287862 0.160194 -0.944179 0.295587 0.684787 2 78 0.920159 76 0.079841
  76 -0.000886 -2.712091 64.337341 0.024319 -0.481404 -0.876161 0.370011 0.633919 3 76 0.853575 14 0.088869 77 0.057556
  78 2.209994 -2.604296 64.488426 -0.197527 -0.411690 -0.889660 0.289628 0.633457 3 78 0.808090 14 0.122901 76 0.069009
outline
  78 2.209994 -2.604296 64.488426 -0.197527 -0.411690 -0.889660 0.289628 0.633457 3 78 0.808090 14 0.122901 76 0.069009
  76 -0.000886 -2.712091 64.337341 0.024319 -0.481404 -0.876161 0.370011 0.633919 3 76 0.853575 14 0.088869 77 0.057556
  14 1.245135 -1.581832 63.388649 -0.026666 -0.743880 -0.667781 0.325510 0.580083 2 14 0.916540 78 0.083460
outline
  14 1.245135 -1.581832 63.388649 -0.026666 -0.743880 -0.667781 0.325510 0.580083 2 14 0.916540 78 0.083460
  76 -0.000886 -2.712091 64.337341 0.024319 -0.481404 -0.876161 0.370011 0.633919 3 76 0.853575 14 0.088869 77 0.057556
  14 -0.146820 -1.653237 63.295349 0.006859 -0.709813 -0.704357 0.376233 0.580351 2 14 0.908181 76 0.091819
outline
  14 -0.146820 -1.653237 63.295349 0.006859 -0.709813 -0.704357 0.376233 0.580351 2 14 0.908181 76 0.091819
  76 -0.000886 -2.712091 64.337341 0.024319 -0.481404 -0.876161 0.370011 0.633919 3 76 0.853575 14 0.088869 77 0.057556
  14 -1.510352 -1.582742 63.278248 0.006859 -0.709813 -0.704357 0.425811 0.578924 2 14 0.847056 77 0.152944
outline
  14 -1.510352 -1.582742 63.278248 0.006859 -0.709813 -0.704357 0.425811 0.578924 2 14 0.847056 77 0.152944
  76 -0.000886 -2.712091 64.337341 0.024319 -0.481404 -0.876161 0.370011 0.633919 3 76 0.853575 14 0.088869 77 0.057556
  77 -2.164133 -2.601756 64.311325 0.118760 -0.478975 -0.869758 0.448662 0.631577 3 77 0.841554 14 0.098490 76 0.059955
outline
  77 -2.164133 -2.601756 64.311325 0.118760 -0.478975 -0.869758 0.448662 0.631577 3 77 0.841554 14 0.098490 76 0.059955
  76 -0.000886 -2.712091 64.337341 0.024319 -0.481404 -0.876161 0.370011 0.633919 3 76 0.853575 14 0.088869 77 0.057556
  77 -2.055062 -4.163894 64.702942 0.001255 -0.015394 -0.999881 0.443271 0.689100 2 77 0.916529 76 0.083471
outline
  76 0.836866 -5.384424 56.349308 -0.414327 -0.868713 0.271423 0.362812 0.987573 1 76 1.000000
  76 0.836039 -5.898041 57.127167 -0.988072 0.136019 0.072203 0.354057 0.961735 1 76 1.000000
  76 0.867470 -5.442013 56.945213 -0.851295 -0.519879 0.070875 0.335821 0.971547 1 76 1.000000
outline
  76 0.867470 -5.442013 56.945213 -0.851295 -0.519879 0.070875 0.335821 0.971547 1 76 1.000000
  76 0.498757 -5.304218 56.659603 0.160298 -0.892246 0.422138 0.303986 0.978133 1 76 1.000000
  76 0.836866 -5.384424 56.349308 -0.414327 -0.868713 0.271423 0.337606 0.984100 1 76 1.000000
outline
  76 0.007581 -5.102966 57.466133 0.296260 -0.855032 0.425617 0.287449 0.954861 1 76 1.000000
  76 0.498757 -5.304218 56.659603 0.160298 -0.892246 0.422138 0.303986 0.978133 1 76 1.000000
  76 0.867470 -5.442013 56.945213 -0.851295 -0.519879 0.070875 0.335821 0.971547 1 76 1.000000
outline
  76 0.867470 -5.442013 56.945213 -0.851295 -0.519879 0.070875 0.335821 0.971547 1 76 1.000000
  76 0.836039 -5.898041 57.127167 -0.988072 0.136019 0.072203 0.354057 0.961735 1 76 1.000000
  76 1.069446 -5.314839 57.915356 -0.805995 -0.486026 0.337862 0.313771 0.935616 1 76 1.000000
outline
  76 1.069446 -5.314839 57.915356 -0.805995 -0.486026 0.337862 0.313771 0.935616 1 76 1.000000
  76 0.007581 -5.102966 57.466133 0.296260 -0.855032 0.425617 0.287449 0.954861 1 76 1.000000
  76 0.867470 -5.442013 56.945213 -0.851295 -0.519879 0.070875 0.335821 0.971547 1 76 1.000000
outline
  76 1.069446 -5.314839 57.915356 -0.805995 -0.486026 0.337862 0.313771 0.935616 1 76 1.000000
  76 0.836039 -5.898041 57.127167 -0.988072 0.136019 0.072203 0.354057 0.961735 1 76 1.000000
  76 0.918267 -6.031873 58.340752 -0.898253 0.302528 0.318775 0.339906 0.927652 1 76 1.000000
outline
  76 1.069446 -5.314839 57.915356 -0.805995 -0.486026 0.337862 0.313771 0.935616 1 76 1.000000
  76 1.790515 -4.700327 59.957680 -0.740170 -0.501770 0.447633 0.278510 0.871766 2 76 0.847830 78 0.152170
  76 0.007581 -5.102966 57.466133 0.296260 -0.855032 0.425617 0.287449 0.954861 1 76 1.000000
outline
  76 1.069446 -5.314839 57.915356 -0.805995 -0.486026 0.337862 0.313771 0.935616 1 76 1.000000
  76 0.918267 -6.031873 58.340752 -0.898253 0.302528 0.318775 0.339906 0.927652 1 76 1.000000
  76 1.790515 -4.700327 59.957680 -0.740170 -0.501770 0.447633 0.278510 0.871766 2 76 0.847830 78 0.152170
outline
  76 0.007581 -5.102966 57.466133 0.296260 -0.855032 0.425617 0.287449 0.954861 1 76 1.000000
  76 1.790515 -4.700327 59.957680 -0.740170 -0.501770 0.447633 0.278510 0.871766 2 76 0.847830 78 0.152170
  76 -0.853226 -4.055839 60.443352 0.566924 -0.667332 0.482974 0.244080 0.875696 2 76 0.758480 77 0.241520
outline
  76 1.790515 -4.700327 59.957680 -0.740170 -0.501770 0.447633 0.278510 0.871766 2 76 0.847830 78 0.152170
  76 0.918267 -6.031873 58.340752 -0.898253 0.302528 0.318775 0.339906 0.927652 1 76 1.000000
  78 1.832283 -6.465423 60.341576 -0.853809 0.013398 0.520414 0.303369 0.869941 2 78 0.777705 76 0.222295
outline
  14 -1.510352 -1.582742 63.278248 0.006859 -0.709813 -0.704357 0.670151 0.384240 2 14 0.847056 77 0.152944
  77 -2.164133 -2.601756 64.311325 0.118760 -0.478975 -0.869758 0.685256 0.335234 3 77 0.841554 14 0.098490 76 0.059955
  14 -2.711772 -1.417464 62.894608 0.204276 -0.796400 -0.569226 0.632549 0.367820 2 14 0.885615 77 0.114385
outline
  14 -2.711772 -1.417464 62.894608 0.204276 -0.796400 -0.569226 0.632549 0.367820 2 14 0.885615 77 0.114385
  77 -2.164133 -2.601756 64.311325 0.118760 -0.478975 -0.869758 0.685256 0.335234 3 77 0.841554 14 0.098490 76 0.059955
  14 -4.074375 -2.347557 63.705208 0.562086 -0.426007 -0.708927 0.625692 0.309224 2 14 0.618461 77 0.381539
outline
  14 -4.074375 -2.347557 63.705208 0.562086 -0.426007 -0.708927 0.625692 0.309224 2 14 0.618461 77 0.381539
  77 -2.164133 -2.601756 64.311325 0.118760 -0.478975 -0.869758 0.685256 0.335234 3 77 0.841554 14 0.098490 76 0.059955
  77 -3.861356 -3.257964 63.917068 0.611991 0.083248 -0.786471 0.648183 0.288590 2 77 0.758724 14 0.241276
outline
  77 -3.861356 -3.257964 63.917068 0.611991 0.083248 -0.786471 0.648183 0.288590 2 77 0.758724 14 0.241276
  77 -2.164133 -2.601756 64.311325 0.118760 -0.478975 -0.869758 0.685256 0.335234 3 77 0.841554 14 0.098490 76 0.059955
  77 -2.055062 -4.163894 64.702942 0.463799 0.205829 -0.861699 0.717771 0.295108 2 77 0.916529 76 0.083471
outline
  77 -3.861356 -3.257964 63.917068 0.611991 0.083248 -0.786471 0.648183 0.288590 2 77 0.758724 14 0.241276
  77 -2.055062 -4.163894 64.702942 0.463799 0.205829 -0.861699 0.717771 0.295108 2 77 0.916529 76 0.083471
  77 -3.866452 -4.129896 63.526814 0.678362 0.461173 -0.571964 0.666812 0.258132 2 77 0.855004 14 0.144996
outline
  77 -3.866452 -4.129896 63.526814 0.678362 0.461173 -0.571964 0.666812 0.258132 2 77 0.855004 14 0.144996
  77 -2.055062 -4.163894 64.702942 0.463799 0.205829 -0.861699 0.717771 0.295108 2 77 0.916529 76 0.083471
  77 -1.768486 -5.229576 64.320030 0.547928 0.598727 -0.584210 0.738513 0.264095 2 77 0.853042 76 0.146958
outline
  77 -1.768486 -5.229576 64.320030 0.547928 0.598727 -0.584210 0.738513 0.264095 2 77 0.853042 76 0.146958
  77 -2.130308 -6.049802 62.290436 0.501561 0.828836 -0.247925 0.723286 0.194508 2 77 0.879789 76 0.120211
  77 -3.866452 -4.129896 63.526814 0.678362 0.461173 -0.571964 0.666812 0.258132 2 77 0.855004 14 0.144996
outline
  77 -3.866452 -4.129896 63.526814 0.678362 0.461173 -0.571964 0.666812 0.258132 2 77 0.855004 14 0.144996
  77 -2.130308 -6.049802 62.290436 0.501561 0.828836 -0.247925 0.723286 0.194508 2 77 0.879789 76 0.120211
  77 -3.924639 -5.236963 61.837418 0.601057 0.755324 -0.261180 0.659667 0.196365 2 77 0.879675 14 0.120325
outline
  77 -2.130308 -6.049802 62.290436 0.501561 0.828836 -0.247925 0.723286 0.194508 2 77 0.879789 76 0.120211
  77 -1.948354 -5.820288 60.798264 0.213834 0.975210 0.056926 0.712188 0.146559 2 77 0.868420 76 0.131580
  77 -3.924639 -5.236963 61.837418 0.601057 0.755324 -0.261180 0.659667 0.196365 2 77 0.879675 14 0.120325
outline
  77 -3.866452 -4.129896 63.526814 0.678362 0.461173 -0.571964 0.666812 0.258132 2 77 0.855004 14 0.144996
  77 -3.924639 -5.236963 61.837418 0.601057 0.755324 -0.261180 0.659667 0.196365 2 77 0.879675 14 0.120325
  14 -4.867298 -3.982587 61.648151 0.896836 0.412111 -0.160779 0.611550 0.208843 3 14 0.593724 77 0.283160 73 0.123116
outline
  77 -3.924639 -5.236963 61.837418 0.601057 0.755324 -0.261180 0.659667 0.196365 2 77 0.879675 14 0.120325
  77 -1.948354 -5.820288 60.798264 0.213834 0.975210 0.056926 0.712188 0.146559 2 77 0.868420 76 0.131580
  77 -3.654048 -5.715544 59.927555 0.060181 0.994379 0.087118 0.653801 0.138998 2 77 0.949566 73 0.050434
outline
  77 -3.924639 -5.236963 61.837418 0.601057 0.755324 -0.261180 0.659667 0.196365 2 77 0.879675 14 0.120325
  77 -3.654048 -5.715544 59.927555 0.817126 0.574026 0.052910 0.653801 0.138998 2 77 0.949566 73 0.050434
  14 -4.867298 -3.982587 61.648151 0.896836 0.412111 -0.160779 0.611550 0.208843 3 14 0.593724 77 0.283160 73 0.123116
outline
  77 -2.751478 -5.436852 57.864208 -0.051765 0.937761 0.343400 0.654987 0.080007 1 77 1.000000
  77 -3.654048 -5.715544 59.927555 0.060181 0.994379 0.087118 0.653801 0.138998 2 77 0.949566 73 0.050434
  77 -1.948354 -5.820288 60.798264 0.213834 0.975210 0.056926 0.712188 0.146559 2 77 0.868420 76 0.131580
outline
  14 -4.867298 -3.982587 61.648151 0.896836 0.412111 -0.160779 0.611550 0.208843 3 14 0.593724 77 0.283160 73 0.123116
  77 -3.654048 -5.715544 59.927555 0.817126 0.574026 0.052910 0.653801 0.138998 2 77 0.949566 73 0.050434
  73 -4.933006 -3.699708 59.308346 0.845395 0.533097 0.033372 0.580216 0.138622 3 73 0.796171 77 0.117174 14 0.086656
outline
  77 -3.614382 -5.414572 57.759464 -0.037678 0.904770 0.424231 0.633823 0.085630 1 77 1.000000
  77 -3.654048 -5.715544 59.927555 0.060181 0.994379 0.087118 0.653801 0.138998 2 77 0.949566 73 0.050434
  77 -2.751478 -5.436852 57.864208 -0.051765 0.937761 0.343400 0.654987 0.080007 1 77 1.000000
outline
  77 -3.614382 -5.414572 57.759464 0.804986 0.572985 0.153900 0.633823 0.085630 1 77 1.000000
  73 -4.933006 -3.699708 59.308346 0.845395 0.533097 0.033372 0.580216 0.138622 3 73 0.796171 77 0.117174 14 0.086656
  77 -3.654048 -5.715544 59.927555 0.817126 0.574026 0.052910 0.653801 0.138998 2 77 0.949566 73 0.050434
outline
  77 -3.339459 -4.131226 56.067837 0.284372 0.710348 0.643846 0.629315 0.032319 1 77 1.000000
  77 -3.614382 -5.414572 57.759464 -0.037678 0.904770 0.424231 0.633823 0.085630 1 77 1.000000
  77 -2.751478 -5.436852 57.864208 -0.051765 0.937761 0.343400 0.654987 0.080007 1 77 1.000000
outline
  77 -3.932733 -3.952698 56.121899 0.344105 0.630894 0.695387 0.603197 0.036576 2 77 0.938850 73 0.061150
  77 -3.614382 -5.414572 57.759464 -0.037678 0.904770 0.424231 0.633823 0.085630 1 77 1.000000
  77 -3.339459 -4.131226 56.067837 0.284372 0.710348 0.643846 0.629315 0.032319 1 77 1.000000
outline
  77 -3.932733 -3.952698 56.121899 0.344105 0.630894 0.695387 0.603197 0.036576 2 77 0.938850 73 0.061150
  77 -3.339459 -4.131226 56.067837 0.284372 0.710348 0.643846 0.629315 0.032319 1 77 1.000000
  77 -3.607352 -3.167116 55.476143 0.235547 0.550191 0.801129 0.610234 0.004638 2 77 0.942783 73 0.057217
outline
  77 -4.595345 -3.938508 57.566162 0.799204 0.550768 0.240681 0.585305 0.081512 2 77 0.829128 73 0.170872
  73 -4.933006 -3.699708 59.308346 0.845395 0.533097 0.033372 0.580216 0.138622 3 73 0.796171 77 0.117174 14 0.086656
  77 -3.614382 -5.414572 57.759464 0.804986 0.572985 0.153900 0.633823 0.085630 1 77 1.000000
outline
  77 -4.595345 -3.938508 57.566162 0.799204 0.550768 0.240681 0.585305 0.081512 2 77 0.829128 73 0.170872
  77 -3.614382 -5.414572 57.759464 0.804986 0.572985 0.153900 0.633823 0.085630 1 77 1.000000
  77 -4.215847 -3.631693 56.287994 0.759684 0.440142 0.478702 0.583183 0.038063 2 77 0.925808 73 0.074192
outline
  77 -3.614382 -5.414572 57.759464 0.804986 0.572985 0.153900 0.633823 0.085630 1 77 1.000000
  77 -3.932733 -3.952698 56.121899 0.759684 0.440142 0.478702 0.603197 0.036576 2 77 0.938850 73 0.061150
  77 -4.215847 -3.631693 56.287994 0.759684 0.440142 0.478702 0.583183 0.038063 2 77 0.925808 73 0.074192
outline
  77 -3.932733 -3.952698 56.121899 0.759684 0.440142 0.478702 0.603197 0.036576 2 77 0.938850 73 0.061150
  77 -3.607352 -3.167116 55.476143 0.707273 0.261210 0.656913 0.592252 0.004243 2 77 0.942783 73 0.057217
  77 -4.215847 -3.631693 56.287994 0.759684 0.440142 0.478702 0.583183 0.038063 2 77 0.925808 73 0.074192
outline
  77 -3.339459 -4.131226 56.067837 -0.835550 0.177752 0.519865 0.629315 0.032319 1 77 1.000000
  77 -2.751478 -5.436852 57.864208 -0.866906 0.307863 0.392039 0.654987 0.080007 1 77 1.000000
  77 -3.087142 -3.871915 56.384712 -0.927528 -0.119605 0.354099 0.657924 0.034514 1 77 1.000000
outline
  77 -3.607352 -3.167116 55.476143 -0.414327 -0.868713 0.271423 0.648907 -0.001903 2 77 0.942783 73 0.057217
  77 -3.339459 -4.131226 56.067837 -0.835550 0.177752 0.519865 0.629315 0.032319 1 77 1.000000
  77 -3.087142 -3.871915 56.384712 -0.927528 -0.119605 0.354099 0.657924 0.034514 1 77 1.000000
outline
  77 -3.087142 -3.871915 56.384712 -0.927528 -0.119605 0.354099 0.657924 0.034514 1 77 1.000000
  77 -2.751478 -5.436852 57.864208 -0.866906 0.307863 0.392039 0.654987 0.080007 1 77 1.000000
  77 -2.346810 -4.738675 58.231499 -0.927528 -0.119605 0.354099 0.679836 0.067925 1 77 1.000000
outline
  77 -2.751478 -5.436852 57.864208 -0.866906 0.307863 0.392039 0.654987 0.080007 1 77 1.000000
  77 -1.948354 -5.820288 60.798264 -0.910112 0.320659 0.262439 0.712188 0.146559 2 77 0.868420 76 0.131580
  77 -2.346810 -4.738675 58.231499 -0.927528 -0.119605 0.354099 0.679836 0.067925 1 77 1.000000
outline
  77 -2.346810 -4.738675 58.231499 -0.927528 -0.119605 0.354099 0.679836 0.067925 1 77 1.000000
  77 -1.948354 -5.820288 60.798264 -0.910112 0.320659 0.262439 0.712188 0.146559 2 77 0.868420 76 0.131580
  77 -1.294919 -4.135537 60.911964 -0.678067 0.225864 0.699436 0.734398 0.133363 2 77 0.796464 76 0.203536
outline
  77 -3.087142 -3.871915 56.384712 -0.927528 -0.119605 0.354099 0.535305 0.019756 1 77 1.000000
  77 -2.346810 -4.738675 58.231499 -0.927528 -0.119605 0.354099 0.486957 0.064532 1 77 1.000000
  77 -3.468752 -3.092887 56.608513 -0.222812 -0.974545 0.024840 0.557871 0.036235 1 77 1.000000
outline
  77 -3.468752 -3.092887 56.608513 -0.222812 -0.974545 0.024840 0.557871 0.036235 1 77 1.000000
  77 -3.607352 -3.167116 55.476143 -0.414327 -0.868713 0.271423 0.556578 0.002577 2 77 0.942783 73 0.057217
  77 -3.087142 -3.871915 56.384712 -0.927528 -0.119605 0.354099 0.535305 0.019756 1 77 1.000000
outline
  77 -4.215847 -3.631693 56.287994 0.578423 -0.815460 -0.021259 0.583183 0.038063 2 77 0.925808 73 0.074192
  77 -3.607352 -3.167116 55.476143 -0.414327 -0.868713 0.271423 0.575617 0.005907 2 77 0.942783 73 0.057217
  77 -3.468752 -3.092887 56.608513 -0.222812 -0.974545 0.024840 0.557871 0.036235 1 77 1.000000
outline
  77 -3.468752 -3.092887 56.608513 -0.222812 -0.974545 0.024840 0.557871 0.036235 1 77 1.000000
  77 -4.595345 -3.938508 57.566162 0.525387 -0.843241 0.113632 0.585305 0.081512 2 77 0.829128 73 0.170872
  77 -4.215847 -3.631693 56.287994 0.578423 -0.815460 -0.021259 0.583183 0.038063 2 77 0.925808 73 0.074192
outline
  77 -3.763086 -3.278040 58.024960 -0.052068 -0.986148 0.157481 0.545775 0.086619 3 77 0.788890 14 0.145800 73 0.065311
  77 -4.595345 -3.938508 57.566162 0.525387 -0.843241 0.113632 0.585305 0.081512 2 77 0.829128 73 0.170872
  77 -3.468752 -3.092887 56.608513 -0.222812 -0.974545 0.024840 0.557871 0.036235 1 77 1.000000
outline
  77 -2.346810 -4.738675 58.231499 -0.927528 -0.119605 0.354099 0.486957 0.064532 1 77 1.000000
  77 -3.763086 -3.278040 58.024960 -0.052068 -0.986148 0.157481 0.545775 0.086619 3 77 0.788890 14 0.145800 73 0.065311
  77 -3.468752 -3.092887 56.608513 -0.222812 -0.974545 0.024840 0.557871 0.036235 1 77 1.000000
outline
  77 -3.763086 -3.278040 58.024960 -0.052068 -0.986148 0.157481 0.545775 0.086619 3 77 0.788890 14 0.145800 73 0.065311
  73 -4.933006 -3.699708 59.308346 0.612499 -0.742334 0.271635 0.580216 0.138622 3 73 0.796171 77 0.117174 14 0.086656
  77 -4.595345 -3.938508 57.566162 0.525387 -0.843241 0.113632 0.585305 0.081512 2 77 0.829128 73 0.170872
outline
  14 -3.757235 -2.333494 59.838684 -0.263278 -0.830959 0.490093 0.535196 0.139173 3 14 0.786663 77 0.123153 73 0.090184
  73 -4.933006 -3.699708 59.308346 0.612499 -0.742334 0.271635 0.580216 0.138622 3 73 0.796171 77 0.117174 14 0.086656
  77 -3.763086 -3.278040 58.024960 -0.052068 -0.986148 0.157481 0.545775 0.086619 3 77 0.788890 14 0.145800 73 0.065311
outline
  77 -3.763086 -3.278040 58.024960 -0.052068 -0.986148 0.157481 0.545775 0.086619 3 77 0.788890 14 0.145800 73 0.065311
  77 -2.346810 -4.738675 58.231499 -0.927528 -0.119605 0.354099 0.486957 0.064532 1 77 1.000000
  14 -3.757235 -2.333494 59.838684 -0.263278 -0.830959 0.490093 0.535196 0.139173 3 14 0.786663 77 0.123153 73 0.090184
outline
  14 -3.757235 -2.333494 59.838684 -0.263278 -0.830959 0.490093 0.535196 0.139173 3 14 0.786663 77 0.123153 73 0.090184
  77 -2.346810 -4.738675 58.231499 -0.927528 -0.119605 0.354099 0.486957 0.064532 1 77 1.000000
  77 -1.294919 -4.135537 60.911964 -0.536705 -0.272204 0.798657 0.470936 0.137140 2 77 0.796464 76 0.203536
outline
  84 3.454127 -1.679056 49.167992 -0.072417 -0.753410 0.653552 0.781130 0.695862 1 84 1.000000
  84 3.592655 -3.654805 47.331207 -0.090482 0.500554 0.860964 0.768920 0.775582 1 84 1.000000
  84 3.978565 -2.119750 49.467239 -0.978890 -0.114659 0.169198 0.759975 0.696659 1 84 1.000000
outline
  83 4.185165 -1.598188 50.984116 -0.921253 0.388963 0.000671 0.745077 0.649879 1 83 1.000000
  84 3.454127 -1.679056 49.167992 -0.072417 -0.753410 0.653552 0.781130 0.695862 1 84 1.000000
  84 3.978565 -2.119750 49.467239 -0.978890 -0.114659 0.169198 0.759975 0.696659 1 84 1.000000
outline
  83 2.464646 -0.550183 50.943432 0.612499 -0.742334 0.271635 0.799889 0.628556 2 83 0.611498 84 0.388502
  84 3.454127 -1.679056 49.167992 -0.072417 -0.753410 0.653552 0.781130 0.695862 1 84 1.000000
  83 4.185165 -1.598188 50.984116 -0.921253 0.388963 0.000671 0.745077 0.649879 1 83 1.000000
outline
  83 4.185165 -1.598188 50.984116 -0.921253 0.388963 0.000671 0.745077 0.649879 1 83 1.000000
  84 4.977657 -2.225207 47.921013 -0.355829 0.364865 0.860383 0.683964 0.574484 2 84 0.715989 83 0.284011
  83 2.464646 -0.550183 50.943432 0.612499 -0.742334 0.271635 0.799889 0.628556 2 83 0.611498 84 0.388502
outline
  73 -6.272222 -3.819828 53.720287 -0.190595 0.128963 0.973161 0.594434 0.656669 1 73 1.000000
  73 -5.418095 -3.668036 55.837048 -0.423984 0.903707 0.059589 0.626782 0.721353 1 73 1.000000
  73 -3.954163 -2.941867 55.743164 -0.787649 0.500758 0.358957 0.677675 0.716722 1 73 1.000000
outline
  73 -5.418095 -3.668036 55.837048 -0.423984 0.903707 0.059589 0.626782 0.721353 1 73 1.000000
  73 -4.992533 -3.437401 57.358875 -0.509427 0.860491 0.006320 0.641179 0.772278 1 73 1.000000
  73 -3.954163 -2.941867 55.743164 -0.787649 0.500758 0.358957 0.677675 0.716722 1 73 1.000000
outline
  73 -3.954163 -2.941867 55.743164 -0.787649 0.500758 0.358957 0.677675 0.716722 1 73 1.000000
  73 -4.992533 -3.437401 57.358875 -0.509427 0.860491 0.006320 0.641179 0.772278 1 73 1.000000
  73 -3.504972 -2.574363 57.333084 -0.950780 0.306517 0.045430 0.698157 0.768541 1 73 1.000000
outline
  73 -3.504972 -2.574363 57.333084 -0.950780 0.306517 0.045430 0.698157 0.768541 1 73 1.000000
  73 -4.992533 -3.437401 57.358875 -0.509427 0.860491 0.006320 0.641179 0.772278 1 73 1.000000
  73 -3.622280 -2.811311 59.337307 -0.904589 0.421885 0.061092 0.696167 0.835558 1 73 1.000000
outline
  73 -3.622280 -2.811311 59.337307 -0.904589 0.421885 0.061092 0.696167 0.835558 1 73 1.000000
  73 -4.992533 -3.437401 57.358875 -0.509427 0.860491 0.006320 0.641179 0.772278 1 73 1.000000
  73 -4.933006 -3.699708 59.308346 -0.608725 0.769862 0.191747 0.646429 0.839835 3 73 0.796171 77 0.117174 14 0.086656
outline
  73 -5.908071 -1.805564 55.585144 0.610417 -0.697777 0.374832 0.573116 0.734354 1 73 1.000000
  73 -5.947551 -2.860576 55.478703 0.996075 -0.020919 -0.086007 0.596406 0.719230 1 73 1.000000
  73 -6.272222 -3.819828 53.720287 -0.190595 0.128963 0.973161 0.594434 0.656669 1 73 1.000000
outline
  73 -5.908071 -1.805564 55.585144 0.610417 -0.697777 0.374832 0.573116 0.734354 1 73 1.000000
  73 -5.837931 -2.444152 57.374260 0.998240 0.006531 -0.058934 0.600540 0.776582 1 73 1.000000
  73 -5.947551 -2.860576 55.478703 0.996075 -0.020919 -0.086007 0.596406 0.719230 1 73 1.000000
outline
  73 -5.908071 -1.805564 55.585144 0.610417 -0.697777 0.374832 0.573116 0.734354 1 73 1.000000
  73 -6.272222 -3.819828 53.720287 -0.190595 0.128963 0.973161 0.594434 0.656669 1 73 1.000000
  73 -4.050983 -2.011541 55.547710 -0.597962 -0.517568 0.612017 0.528646 0.728367 1 73 1.000000
outline
  73 -3.954163 -2.941867 55.743164 -0.787649 0.500758 0.358957 0.510870 0.709094 1 73 1.000000
  73 -4.050983 -2.011541 55.547710 -0.597962 -0.517568 0.612017 0.528646 0.728367 1 73 1.000000
  73 -6.272222 -3.819828 53.720287 -0.190595 0.128963 0.973161 0.594434 0.656669 1 73 1.000000
outline
  73 -3.954163 -2.941867 55.743164 -0.787649 0.500758 0.358957 0.510870 0.709094 1 73 1.000000
  73 -3.504972 -2.574363 57.333084 -0.950780 0.306517 0.045430 0.476744 0.764756 1 73 1.000000
  73 -4.050983 -2.011541 55.547710 -0.597962 -0.517568 0.612017 0.528646 0.728367 1 73 1.000000
outline
  73 -5.867065 -1.290199 57.270332 0.705866 -0.699873 0.109228 0.568966 0.777801 1 73 1.000000
  73 -5.837931 -2.444152 57.374260 0.998240 0.006531 -0.058934 0.600540 0.776582 1 73 1.000000
  73 -5.908071 -1.805564 55.585144 0.610417 -0.697777 0.374832 0.573116 0.734354 1 73 1.000000
outline
  73 -4.050983 -2.011541 55.547710 -0.597962 -0.517568 0.612017 0.528646 0.728367 1 73 1.000000
  73 -5.867065 -1.290199 57.270332 0.705866 -0.699873 0.109228 0.568966 0.777801 1 73 1.000000
  73 -5.908071 -1.805564 55.585144 0.610417 -0.697777 0.374832 0.573116 0.734354 1 73 1.000000
outline
  73 -5.867065 -1.290199 57.270332 0.705866 -0.699873 0.109228 0.568966 0.777801 1 73 1.000000
  73 -5.677347 -2.531601 59.476990 0.986089 0.021017 -0.164881 0.603833 0.838830 1 73 1.000000
  73 -5.837931 -2.444152 57.374260 0.998240 0.006531 -0.058934 0.600540 0.776582 1 73 1.000000
outline
  73 -4.050983 -2.011541 55.547710 -0.597962 -0.517568 0.612017 0.528646 0.728367 1 73 1.000000
  73 -3.504972 -2.574363 57.333084 -0.950780 0.306517 0.045430 0.476744 0.764756 1 73 1.000000
  73 -3.827685 -1.223423 57.192745 -0.612436 -0.742345 0.271744 0.515942 0.773442 1 73 1.000000
outline
  73 -3.827685 -1.223423 57.192745 -0.612436 -0.742345 0.271744 0.515942 0.773442 1 73 1.000000
  73 -5.867065 -1.290199 57.270332 0.705866 -0.699873 0.109228 0.568966 0.777801 1 73 1.000000
  73 -4.050983 -2.011541 55.547710 -0.597962 -0.517568 0.612017 0.528646 0.728367 1 73 1.000000
outline
  73 -3.504972 -2.574363 57.333084 -0.950780 0.306517 0.045430 0.476744 0.764756 1 73 1.000000
  73 -3.622280 -2.811311 59.337307 -0.904589 0.421885 0.061092 0.458563 0.845061 1 73 1.000000
  73 -3.827685 -1.223423 57.192745 -0.612436 -0.742345 0.271744 0.515942 0.773442 1 73 1.000000
outline
  73 -3.827685 -1.223423 57.192745 -0.612436 -0.742345 0.271744 0.515942 0.773442 1 73 1.000000
  73 -3.622280 -2.811311 59.337307 -0.904589 0.421885 0.061092 0.458563 0.845061 1 73 1.000000
  73 -3.784143 -0.787008 59.507713 -0.205834 -0.977756 -0.040311 0.505894 0.845190 2 73 0.891800 14 0.108200
outline
  73 -3.827685 -1.223423 57.192745 -0.612436 -0.742345 0.271744 0.515942 0.773442 1 73 1.000000
  73 -5.707314 -1.079805 59.578171 0.752844 -0.635514 -0.171310 0.563152 0.838364 2 73 0.940078 14 0.059922
  73 -5.867065 -1.290199 57.270332 0.705866 -0.699873 0.109228 0.568966 0.777801 1 73 1.000000
outline
  73 -3.784143 -0.787008 59.507713 -0.205834 -0.977756 -0.040311 0.505894 0.845190 2 73 0.891800 14 0.108200
  73 -5.707314 -1.079805 59.578171 0.752844 -0.635514 -0.171310 0.563152 0.838364 2 73 0.940078 14 0.059922
  73 -3.827685 -1.223423 57.192745 -0.612436 -0.742345 0.271744 0.515942 0.773442 1 73 1.000000
outline
  73 -5.707314 -1.079805 59.578171 0.752844 -0.635514 -0.171310 0.563152 0.838364 2 73 0.940078 14 0.059922
  73 -5.677347 -2.531601 59.476990 0.986089 0.021017 -0.164881 0.603833 0.838830 1 73 1.000000
  73 -5.867065 -1.290199 57.270332 0.705866 -0.699873 0.109228 0.568966 0.777801 1 73 1.000000
outline
  73 -3.784143 -0.787008 59.507713 -0.205834 -0.977756 -0.040311 0.505894 0.845190 2 73 0.891800 14 0.108200
  14 -5.008224 -1.742963 61.907944 0.736009 -0.536744 -0.412549 0.569782 0.908760 2 14 0.874622 73 0.125378
  73 -5.707314 -1.079805 59.578171 0.752844 -0.635514 -0.171310 0.563152 0.838364 2 73 0.940078 14 0.059922
outline
  73 -5.707314 -1.079805 59.578171 0.752844 -0.635514 -0.171310 0.563152 0.838364 2 73 0.940078 14 0.059922
  14 -5.008224 -1.742963 61.907944 0.736009 -0.536744 -0.412549 0.569782 0.908760 2 14 0.874622 73 0.125378
  73 -5.677347 -2.531601 59.476990 0.986089 0.021017 -0.164881 0.603833 0.838830 1 73 1.000000
outline
  14 -3.302592 -1.035963 61.758068 0.367735 -0.864196 -0.343419 0.513446 0.922016 2 14 0.920528 73 0.079472
  14 -5.008224 -1.742963 61.907944 0.736009 -0.536744 -0.412549 0.569782 0.908760 2 14 0.874622 73 0.125378
  73 -3.784143 -0.787008 59.507713 -0.205834 -0.977756 -0.040311 0.505894 0.845190 2 73 0.891800 14 0.108200
outline
  14 -3.302592 -1.035963 61.758068 0.367735 -0.864196 -0.343419 0.513446 0.922016 2 14 0.920528 73 0.079472
  14 -4.074375 -2.347557 63.705208 0.562086 -0.426007 -0.708927 0.574463 0.974558 2 14 0.618461 77 0.381539
  14 -5.008224 -1.742963 61.907944 0.736009 -0.536744 -0.412549 0.569782 0.908760 2 14 0.874622 73 0.125378
outline
  14 -2.711772 -1.417464 62.894608 0.204276 -0.796400 -0.569226 0.515330 0.965593 2 14 0.885615 77 0.114385
  14 -4.074375 -2.347557 63.705208 0.562086 -0.426007 -0.708927 0.574463 0.974558 2 14 0.618461 77 0.381539
  14 -3.302592 -1.035963 61.758068 0.367735 -0.864196 -0.343419 0.513446 0.922016 2 14 0.920528 73 0.079472
outline
  73 -5.677347 -2.531601 59.476990 0.986089 0.021017 -0.164881 0.603833 0.838830 1 73 1.000000
  14 -5.008224 -1.742963 61.907944 0.736009 -0.536744 -0.412549 0.569782 0.908760 2 14 0.874622 73 0.125378
  14 -5.204487 -2.816791 61.657051 0.951008 0.176781 -0.253639 0.602944 0.905758 3 14 0.760920 73 0.140314 77 0.098766
outline
  14 -5.008224 -1.742963 61.907944 0.736009 -0.536744 -0.412549 0.569782 0.908760 2 14 0.874622 73 0.125378
  14 -4.074375 -2.347557 63.705208 0.562086 -0.426007 -0.708927 0.574463 0.974558 2 14 0.618461 77 0.381539
  14 -5.204487 -2.816791 61.657051 0.951008 0.176781 -0.253639 0.602944 0.905758 3 14 0.760920 73 0.140314 77 0.098766
outline
  14 -5.204487 -2.816791 61.657051 0.951008 0.176781 -0.253639 0.602944 0.905758 3 14 0.760920 73 0.140314 77 0.098766
  14 -4.074375 -2.347557 63.705208 0.562086 -0.426007 -0.708927 0.574463 0.974558 2 14 0.618461 77 0.381539
  77 -3.861356 -3.257964 63.917068 0.611991 0.083248 -0.786471 0.601232 0.989323 2 77 0.758724 14 0.241276
outline
  14 -5.204487 -2.816791 61.657051 0.951008 0.176781 -0.253639 0.602944 0.905758 3 14 0.760920 73 0.140314 77 0.098766
  77 -3.861356 -3.257964 63.917068 0.611991 0.083248 -0.786471 0.601232 0.989323 2 77 0.758724 14 0.241276
  14 -4.867298 -3.982587 61.648151 0.896836 0.412111 -0.160779 0.639515 0.915626 3 14 0.593724 77 0.283160 73 0.123116
outline
  14 -4.867298 -3.982587 61.648151 0.896836 0.412111 -0.160779 0.639515 0.915626 3 14 0.593724 77 0.283160 73 0.123116
  77 -3.861356 -3.257964 63.917068 0.611991 0.083248 -0.786471 0.601232 0.989323 2 77 0.758724 14 0.241276
  77 -3.866452 -4.129896 63.526814 0.678362 0.461173 -0.571964 0.636939 0.989272 2 77 0.855004 14 0.144996
outline
  73 -4.933006 -3.699708 59.308346 0.845395 0.533097 0.033372 0.646429 0.839835 3 73 0.796171 77 0.117174 14 0.086656
  14 -5.204487 -2.816791 61.657051 0.951008 0.176781 -0.253639 0.602944 0.905758 3 14 0.760920 73 0.140314 77 0.098766
  14 -4.867298 -3.982587 61.648151 0.896836 0.412111 -0.160779 0.639515 0.915626 3 14 0.593724 77 0.283160 73 0.123116
outline
  73 -5.677347 -2.531601 59.476990 0.794649 0.607055 0.004094 0.603833 0.838830 1 73 1.000000
  14 -5.204487 -2.816791 61.657051 0.951008 0.176781 -0.253639 0.602944 0.905758 3 14 0.760920 73 0.140314 77 0.098766
  73 -4.933006 -3.699708 59.308346 0.845395 0.533097 0.033372 0.646429 0.839835 3 73 0.796171 77 0.117174 14 0.086656
outline
  73 -4.992533 -3.437401 57.358875 0.750794 0.649489 -0.120305 0.641179 0.772278 1 73 1.000000
  73 -5.677347 -2.531601 59.476990 0.794649 0.607055 0.004094 0.603833 0.838830 1 73 1.000000
  73 -4.933006 -3.699708 59.308346 0.845395 0.533097 0.033372 0.646429 0.839835 3 73 0.796171 77 0.117174 14 0.086656
outline
  73 -5.837931 -2.444152 57.374260 0.750794 0.649489 -0.120305 0.600540 0.776582 1 73 1.000000
  73 -5.677347 -2.531601 59.476990 0.794649 0.607055 0.004094 0.603833 0.838830 1 73 1.000000
  73 -4.992533 -3.437401 57.358875 0.750794 0.649489 -0.120305 0.641179 0.772278 1 73 1.000000
outline
  73 -5.837931 -2.444152 57.374260 0.750794 0.649489 -0.120305 0.600540 0.776582 1 73 1.000000
  73 -4.992533 -3.437401 57.358875 0.750794 0.649489 -0.120305 0.641179 0.772278 1 73 1.000000
  73 -5.418095 -3.668036 55.837048 0.829470 0.490019 -0.268068 0.626782 0.721353 1 73 1.000000
outline
  73 -5.947551 -2.860576 55.478703 0.855602 0.440065 -0.272557 0.596406 0.719230 1 73 1.000000
  73 -5.837931 -2.444152 57.374260 0.750794 0.649489 -0.120305 0.600540 0.776582 1 73 1.000000
  73 -5.418095 -3.668036 55.837048 0.829470 0.490019 -0.268068 0.626782 0.721353 1 73 1.000000
outline
  73 -6.272222 -3.819828 53.720287 0.839199 0.401278 -0.367044 0.594434 0.656669 1 73 1.000000
  73 -5.947551 -2.860576 55.478703 0.855602 0.440065 -0.272557 0.596406 0.719230 1 73 1.000000
  73 -5.418095 -3.668036 55.837048 0.829470 0.490019 -0.268068 0.626782 0.721353 1 73 1.000000
outline
  78 4.603498 -3.770985 55.107246 -0.674533 -0.279246 0.683393 0.956557 0.857250 2 78 0.531244 82 0.468756
  78 3.683935 -4.732495 54.325222 0.481187 0.163678 0.861202 0.992467 0.818559 2 78 0.580099 82 0.419901
  78 4.318337 -4.520431 55.350624 -0.833505 0.407106 0.373543 0.951769 0.831348 2 78 0.527087 82 0.472913
outline
  82 5.030480 -4.235039 56.921120 -0.916796 0.352751 0.187221 0.900781 0.843045 2 82 0.753216 78 0.246784
  78 4.603498 -3.770985 55.107246 -0.674533 -0.279246 0.683393 0.956557 0.857250 2 78 0.531244 82 0.468756
  78 4.318337 -4.520431 55.350624 -0.833505 0.407106 0.373543 0.951769 0.831348 2 78 0.527087 82 0.472913
outline
  78 3.683935 -4.732495 54.325222 0.481187 0.163678 0.861202 0.989944 0.865858 2 78 0.580099 82 0.419901
  78 4.603498 -3.770985 55.107246 -0.674533 -0.279246 0.683393 0.956557 0.857250 2 78 0.531244 82 0.468756
  78 3.519369 -3.742513 54.972702 0.480600 -0.530864 0.698002 0.968989 0.894068 2 78 0.585961 82 0.414039
outline
  78 3.519369 -3.742513 54.972702 0.480600 -0.530864 0.698002 0.968989 0.894068 2 78 0.585961 82 0.414039
  78 4.603498 -3.770985 55.107246 -0.674533 -0.279246 0.683393 0.956557 0.857250 2 78 0.531244 82 0.468756
  82 3.066329 -2.763431 56.388210 0.570312 -0.690338 0.445171 0.911083 0.950759 2 82 0.658007 78 0.341993
outline
  82 5.030480 -4.235039 56.921120 -0.916796 0.352751 0.187221 0.900781 0.843045 2 82 0.753216 78 0.246784
  82 5.487719 -2.898909 56.916588 -0.818472 -0.425856 0.385680 0.896761 0.878797 2 82 0.888614 78 0.111386
  78 4.603498 -3.770985 55.107246 -0.674533 -0.279246 0.683393 0.956557 0.857250 2 78 0.531244 82 0.468756
outline
  82 3.066329 -2.763431 56.388210 0.570312 -0.690338 0.445171 0.911083 0.950759 2 82 0.658007 78 0.341993
  78 4.603498 -3.770985 55.107246 -0.674533 -0.279246 0.683393 0.956557 0.857250 2 78 0.531244 82 0.468756
  82 5.487719 -2.898909 56.916588 -0.818472 -0.425856 0.385680 0.896761 0.878797 2 82 0.888614 78 0.111386
outline
  82 5.030480 -4.235039 56.921120 -0.916796 0.352751 0.187221 0.900781 0.843045 2 82 0.753216 78 0.246784
  82 5.164099 -4.234281 59.136101 -0.951795 0.281572 -0.121672 0.841182 0.840974 2 82 0.788165 78 0.211835
  82 5.487719 -2.898909 56.916588 -0.818472 -0.425856 0.385680 0.896761 0.878797 2 82 0.888614 78 0.111386
outline
  82 3.066329 -2.763431 56.388210 0.570312 -0.690338 0.445171 0.911083 0.950759 2 82 0.658007 78 0.341993
  82 5.487719 -2.898909 56.916588 -0.818472 -0.425856 0.385680 0.896761 0.878797 2 82 0.888614 78 0.111386
  82 2.756962 -1.578835 59.076462 0.271693 -0.907521 0.320295 0.828269 0.975771 3 82 0.827884 14 0.092055 78 0.080060
outline
  82 5.487719 -2.898909 56.916588 -0.818472 -0.425856 0.385680 0.896761 0.878797 2 82 0.888614 78 0.111386
  82 5.164099 -4.234281 59.136101 -0.951795 0.281572 -0.121672 0.841182 0.840974 2 82 0.788165 78 0.211835
  82 5.517659 -2.978359 59.255878 -0.984382 0.081330 -0.156131 0.838973 0.876261 1 82 1.000000
outline
  82 2.756962 -1.578835 59.076462 0.271693 -0.907521 0.320295 0.828269 0.975771 3 82 0.827884 14 0.092055 78 0.080060
  82 5.487719 -2.898909 56.916588 -0.818472 -0.425856 0.385680 0.896761 0.878797 2 82 0.888614 78 0.111386
  82 5.409646 -1.822293 59.570717 -0.746393 -0.664655 0.033629 0.831425 0.905524 1 82 1.000000
outline
  82 5.487719 -2.898909 56.916588 -0.818472 -0.425856 0.385680 0.896761 0.878797 2 82 0.888614 78 0.111386
  82 5.517659 -2.978359 59.255878 -0.984382 0.081330 -0.156131 0.838973 0.876261 1 82 1.000000
  82 5.409646 -1.822293 59.570717 -0.746393 -0.664655 0.033629 0.831425 0.905524 1 82 1.000000
outline
  82 2.756962 -1.578835 59.076462 0.271693 -0.907521 0.320295 0.828269 0.975771 3 82 0.827884 14 0.092055 78 0.080060
  82 5.409646 -1.822293 59.570717 -0.746393 -0.664655 0.033629 0.831425 0.905524 1 82 1.000000
  14 3.008858 -1.156215 61.640984 -0.299046 -0.938051 -0.175019 0.767671 0.977707 2 14 0.900807 82 0.099193
outline
  82 5.164099 -4.234281 59.136101 -0.951795 0.281572 -0.121672 0.841182 0.840974 2 82 0.788165 78 0.211835
  14 4.709449 -3.169800 61.628773 -0.934580 0.185451 -0.303593 0.769550 0.873632 3 14 0.743752 78 0.166431 82 0.089817
  82 5.517659 -2.978359 59.255878 -0.984382 0.081330 -0.156131 0.838973 0.876261 1 82 1.000000
outline
  82 5.517659 -2.978359 59.255878 -0.984382 0.081330 -0.156131 0.838973 0.876261 1 82 1.000000
  14 4.709449 -3.169800 61.628773 -0.934580 0.185451 -0.303593 0.769550 0.873632 3 14 0.743752 78 0.166431 82 0.089817
  82 5.409646 -1.822293 59.570717 -0.746393 -0.664655 0.033629 0.831425 0.905524 1 82 1.000000
outline
  82 5.409646 -1.822293 59.570717 -0.746393 -0.664655 0.033629 0.831425 0.905524 1 82 1.000000
  14 5.012653 -1.941957 61.728672 -0.849934 -0.422864 -0.314321 0.774866 0.909783 3 14 0.809817 82 0.132181 78 0.058001
  14 3.008858 -1.156215 61.640984 -0.299046 -0.938051 -0.175019 0.767671 0.977707 2 14 0.900807 82 0.099193
outline
  82 5.409646 -1.822293 59.570717 -0.746393 -0.664655 0.033629 0.831425 0.905524 1 82 1.000000
  14 4.709449 -3.169800 61.628773 -0.934580 0.185451 -0.303593 0.769550 0.873632 3 14 0.743752 78 0.166431 82 0.089817
  14 5.012653 -1.941957 61.728672 -0.849934 -0.422864 -0.314321 0.774866 0.909783 3 14 0.809817 82 0.132181 78 0.058001
outline
  14 5.012653 -1.941957 61.728672 -0.849934 -0.422864 -0.314321 0.774866 0.909783 3 14 0.809817 82 0.132181 78 0.058001
  14 3.996058 -2.348762 63.544617 -0.642721 -0.381383 -0.664422 0.708219 0.911597 2 14 0.706444 78 0.293556
  14 3.008858 -1.156215 61.640984 -0.299046 -0.938051 -0.175019 0.767671 0.977707 2 14 0.900807 82 0.099193
outline
  14 4.709449 -3.169800 61.628773 -0.934580 0.185451 -0.303593 0.769550 0.873632 3 14 0.743752 78 0.166431 82 0.089817
  14 3.996058 -2.348762 63.544617 -0.642721 -0.381383 -0.664422 0.708219 0.911597 2 14 0.706444 78 0.293556
  14 5.012653 -1.941957 61.728672 -0.849934 -0.422864 -0.314321 0.774866 0.909783 3 14 0.809817 82 0.132181 78 0.058001
outline
  14 3.008858 -1.156215 61.640984 -0.299046 -0.938051 -0.175019 0.767671 0.977707 2 14 0.900807 82 0.099193
  14 3.996058 -2.348762 63.544617 -0.642721 -0.381383 -0.664422 0.708219 0.911597 2 14 0.706444 78 0.293556
  14 2.370597 -1.415952 62.791252 -0.228709 -0.840933 -0.490432 0.716661 0.969514 2 14 0.920183 78 0.079817
outline
  78 3.810760 -3.673292 63.504513 -0.738871 0.193106 -0.645584 0.700251 0.865577 2 78 0.775204 14 0.224796
  14 3.996058 -2.348762 63.544617 -0.642721 -0.381383 -0.664422 0.708219 0.911597 2 14 0.706444 78 0.293556
  14 4.709449 -3.169800 61.628773 -0.934580 0.185451 -0.303593 0.769550 0.873632 3 14 0.743752 78 0.166431 82 0.089817
outline
  78 4.401249 -4.502484 61.526581 -0.876881 0.412618 -0.246628 0.766696 0.831467 3 78 0.699509 14 0.218894 82 0.081597
  14 4.709449 -3.169800 61.628773 -0.934580 0.185451 -0.303593 0.769550 0.873632 3 14 0.743752 78 0.166431 82 0.089817
  82 5.164099 -4.234281 59.136101 -0.951795 0.281572 -0.121672 0.841182 0.840974 2 82 0.788165 78 0.211835
outline
  78 4.401249 -4.502484 61.526581 -0.876881 0.412618 -0.246628 0.766696 0.831467 3 78 0.699509 14 0.218894 82 0.081597
  78 3.810760 -3.673292 63.504513 -0.738871 0.193106 -0.645584 0.700251 0.865577 2 78 0.775204 14 0.224796
  14 4.709449 -3.169800 61.628773 -0.934580 0.185451 -0.303593 0.769550 0.873632 3 14 0.743752 78 0.166431 82 0.089817
outline
  78 3.658836 -4.941155 62.954391 -0.690223 0.522864 -0.500206 0.712565 0.818982 2 78 0.919705 14 0.080295
  78 3.810760 -3.673292 63.504513 -0.738871 0.193106 -0.645584 0.700251 0.865577 2 78 0.775204 14 0.224796
  78 4.401249 -4.502484 61.526581 -0.876881 0.412618 -0.246628 0.766696 0.831467 3 78 0.699509 14 0.218894 82 0.081597
outline
  78 4.401249 -4.502484 61.526581 -0.876881 0.412618 -0.246628 0.766696 0.831467 3 78 0.699509 14 0.218894 82 0.081597
  78 3.773327 -5.418520 61.724297 -0.813686 0.566203 -0.131639 0.752491 0.796902 2 78 0.928723 14 0.071277
  78 3.658836 -4.941155 62.954391 -0.690223 0.522864 -0.500206 0.712565 0.818982 2 78 0.919705 14 0.080295
outline
  78 3.773327 -5.418520 61.724297 -0.813686 0.566203 -0.131639 0.752491 0.796902 2 78 0.928723 14 0.071277
  78 4.401249 -4.502484 61.526581 -0.876881 0.412618 -0.246628 0.766696 0.831467 3 78 0.699509 14 0.218894 82 0.081597
  78 3.846111 -5.470285 59.931732 -0.734571 0.678440 0.011164 0.813161 0.787284 2 78 0.882892 82 0.117108
outline
  78 4.401249 -4.502484 61.526581 -0.876881 0.412618 -0.246628 0.766696 0.831467 3 78 0.699509 14 0.218894 82 0.081597
  82 5.164099 -4.234281 59.136101 -0.694369 0.719527 -0.011498 0.841182 0.840974 2 82 0.788165 78 0.211835
  78 3.846111 -5.470285 59.931732 -0.734571 0.678440 0.011164 0.813161 0.787284 2 78 0.882892 82 0.117108
outline
  78 3.846111 -5.470285 59.931732 -0.734571 0.678440 0.011164 0.813161 0.787284 2 78 0.882892 82 0.117108
  82 5.164099 -4.234281 59.136101 -0.694369 0.719527 -0.011498 0.841182 0.840974 2 82 0.788165 78 0.211835
  78 3.898604 -5.353048 57.045204 -0.692851 0.716980 0.076791 0.901894 0.799155 2 78 0.625820 82 0.374180
outline
  78 3.898604 -5.353048 57.045204 -0.692851 0.716980 0.076791 0.901894 0.799155 2 78 0.625820 82 0.374180
  82 5.164099 -4.234281 59.136101 -0.694369 0.719527 -0.011498 0.841182 0.840974 2 82 0.788165 78 0.211835
  82 5.030480 -4.235039 56.921120 -0.722287 0.685963 0.088061 0.900781 0.843045 2 82 0.753216 78 0.246784
outline
  78 3.898604 -5.353048 57.045204 -0.692851 0.716980 0.076791 0.901894 0.799155 2 78 0.625820 82 0.374180
  82 5.030480 -4.235039 56.921120 -0.722287 0.685963 0.088061 0.900781 0.843045 2 82 0.753216 78 0.246784
  82 3.853800 -5.104018 55.533192 -0.708378 0.669064 0.224842 0.953664 0.807476 2 82 0.519764 78 0.480236
outline
  82 3.853800 -5.104018 55.533192 -0.708378 0.669064 0.224842 0.953664 0.807476 2 82 0.519764 78 0.480236
  82 5.030480 -4.235039 56.921120 -0.722287 0.685963 0.088061 0.900781 0.843045 2 82 0.753216 78 0.246784
  78 4.318337 -4.520431 55.350624 -0.706957 0.647842 0.283747 0.951769 0.831348 2 78 0.527087 82 0.472913
outline
  78 3.683935 -4.732495 54.325222 -0.704526 0.633572 0.319735 0.992467 0.818559 2 78 0.580099 82 0.419901
  82 3.853800 -5.104018 55.533192 -0.708378 0.669064 0.224842 0.953664 0.807476 2 82 0.519764 78 0.480236
  78 4.318337 -4.520431 55.350624 -0.706957 0.647842 0.283747 0.951769 0.831348 2 78 0.527087 82 0.472913
outline
  78 3.773327 -5.418520 61.724297 -0.813686 0.566203 -0.131639 0.510588 0.522532 2 78 0.928723 14 0.071277
  78 3.419654 -5.927298 61.839825 -0.589846 0.745461 -0.310433 0.511943 0.502445 1 78 1.000000
  78 3.658836 -4.941155 62.954391 -0.690223 0.522864 -0.500206 0.465397 0.520046 2 78 0.919705 14 0.080295
outline
  78 3.419654 -5.927298 61.839825 -0.589846 0.745461 -0.310433 0.511943 0.502445 1 78 1.000000
  78 3.773327 -5.418520 61.724297 -0.813686 0.566203 -0.131639 0.510588 0.522532 2 78 0.928723 14 0.071277
  78 3.846111 -5.470285 59.931732 -0.734571 0.678440 0.011164 0.570510 0.532985 2 78 0.882892 82 0.117108
outline
  78 3.419654 -5.927298 61.839825 -0.589846 0.745461 -0.310433 0.511943 0.502445 1 78 1.000000
  78 3.846111 -5.470285 59.931732 -0.734571 0.678440 0.011164 0.570510 0.532985 2 78 0.882892 82 0.117108
  78 2.753405 -6.523390 60.095589 -0.658161 0.752076 0.034709 0.572965 0.483759 2 78 0.930576 76 0.069424
outline
  78 2.753405 -6.523390 60.095589 -0.658161 0.752076 0.034709 0.572965 0.483759 2 78 0.930576 76 0.069424
  78 3.846111 -5.470285 59.931732 -0.734571 0.678440 0.011164 0.570510 0.532985 2 78 0.882892 82 0.117108
  78 2.784084 -6.325115 57.823238 -0.841461 0.526255 0.122472 0.631141 0.491413 1 78 1.000000
outline
  78 2.784084 -6.325115 57.823238 -0.841461 0.526255 0.122472 0.631141 0.491413 1 78 1.000000
  78 3.846111 -5.470285 59.931732 -0.734571 0.678440 0.011164 0.570510 0.532985 2 78 0.882892 82 0.117108
  78 3.352883 -5.417438 57.826370 -0.869328 0.484766 0.096279 0.631079 0.520117 1 78 1.000000
outline
  78 2.784084 -6.325115 57.823238 -0.841461 0.526255 0.122472 0.631141 0.491413 1 78 1.000000
  78 3.352883 -5.417438 57.826370 -0.869328 0.484766 0.096279 0.631079 0.520117 1 78 1.000000
  78 3.280714 -5.089734 56.004326 -0.841461 0.526255 0.122472 0.695861 0.505792 1 78 1.000000
outline
  78 1.969742 -6.161428 62.300484 -0.292515 0.882156 -0.369101 0.498061 0.452975 2 78 0.875605 76 0.124395
  78 3.658836 -4.941155 62.954391 -0.690223 0.522864 -0.500206 0.465397 0.520046 2 78 0.919705 14 0.080295
  78 3.419654 -5.927298 61.839825 -0.589846 0.745461 -0.310433 0.511943 0.502445 1 78 1.000000
outline
  78 1.969742 -6.161428 62.300484 -0.292515 0.882156 -0.369101 0.498061 0.452975 2 78 0.875605 76 0.124395
  78 3.419654 -5.927298 61.839825 -0.589846 0.745461 -0.310433 0.511943 0.502445 1 78 1.000000
  78 2.753405 -6.523390 60.095589 0.039130 0.998928 -0.024737 0.572965 0.483759 2 78 0.930576 76 0.069424
outline
  78 1.829150 -5.370263 64.096718 -0.368364 0.613600 -0.698429 0.430844 0.453144 2 78 0.867541 76 0.132459
  78 3.658836 -4.941155 62.954391 -0.690223 0.522864 -0.500206 0.465397 0.520046 2 78 0.919705 14 0.080295
  78 1.969742 -6.161428 62.300484 -0.292515 0.882156 -0.369101 0.498061 0.452975 2 78 0.875605 76 0.124395
outline
  78 1.969742 -6.161428 62.300484 -0.292515 0.882156 -0.369101 0.498061 0.452975 2 78 0.875605 76 0.124395
  78 2.753405 -6.523390 60.095589 0.039130 0.998928 -0.024737 0.572965 0.483759 2 78 0.930576 76 0.069424
  78 1.832283 -6.465423 60.341576 0.039130 0.998928 -0.024737 0.568414 0.453219 2 78 0.777705 76 0.222295
outline
  78 1.829150 -5.370263 64.096718 -0.368364 0.613600 -0.698429 0.430844 0.453144 2 78 0.867541 76 0.132459
  78 2.099489 -4.038322 64.645676 -0.287862 0.160194 -0.944179 0.390183 0.482021 2 78 0.920159 76 0.079841
  78 3.658836 -4.941155 62.954391 -0.690223 0.522864 -0.500206 0.465397 0.520046 2 78 0.919705 14 0.080295
outline
  78 1.832283 -6.465423 60.341576 0.039130 0.998928 -0.024737 0.568414 0.453219 2 78 0.777705 76 0.222295
  78 2.753405 -6.523390 60.095589 0.039130 0.998928 -0.024737 0.572965 0.483759 2 78 0.930576 76 0.069424
  78 1.915918 -6.237371 57.856068 0.105554 0.951301 0.289628 0.632126 0.469814 1 78 1.000000
outline
  78 1.915918 -6.237371 57.856068 0.105554 0.951301 0.289628 0.632126 0.469814 1 78 1.000000
  78 2.753405 -6.523390 60.095589 0.039130 0.998928 -0.024737 0.572965 0.483759 2 78 0.930576 76 0.069424
  78 2.784084 -6.325115 57.823238 0.109031 0.924946 0.364125 0.631141 0.491413 1 78 1.000000
outline
  78 1.915918 -6.237371 57.856068 0.105554 0.951301 0.289628 0.632126 0.469814 1 78 1.000000
  78 2.784084 -6.325115 57.823238 0.109031 0.924946 0.364125 0.631141 0.491413 1 78 1.000000
  78 3.280714 -5.089734 56.004326 0.103652 0.809400 0.578038 0.695861 0.505792 1 78 1.000000
outline
  78 3.658836 -4.941155 62.954391 -0.690223 0.522864 -0.500206 0.465397 0.520046 2 78 0.919705 14 0.080295
  78 2.099489 -4.038322 64.645676 -0.287862 0.160194 -0.944179 0.390183 0.482021 2 78 0.920159 76 0.079841
  78 3.810760 -3.673292 63.504513 -0.738871 0.193106 -0.645584 0.424681 0.544449 2 78 0.775204 14 0.224796
outline
  78 2.099489 -4.038322 64.645676 -0.287862 0.160194 -0.944179 0.390183 0.482021 2 78 0.920159 76 0.079841
  78 2.209994 -2.604296 64.488426 -0.197527 -0.411690 -0.889660 0.352369 0.507285 3 78 0.808090 14 0.122901 76 0.069009
  78 3.810760 -3.673292 63.504513 -0.738871 0.193106 -0.645584 0.424681 0.544449 2 78 0.775204 14 0.224796
outline
  78 3.810760 -3.673292 63.504513 -0.738871 0.193106 -0.645584 0.424681 0.544449 2 78 0.775204 14 0.224796
  78 2.209994 -2.604296 64.488426 -0.197527 -0.411690 -0.889660 0.352369 0.507285 3 78 0.808090 14 0.122901 76 0.069009
  14 3.996058 -2.348762 63.544617 -0.642721 -0.381383 -0.664422 0.388917 0.566463 2 14 0.706444 78 0.293556
outline
  14 3.996058 -2.348762 63.544617 -0.642721 -0.381383 -0.664422 0.388917 0.566463 2 14 0.706444 78 0.293556
  78 2.209994 -2.604296 64.488426 -0.197527 -0.411690 -0.889660 0.352369 0.507285 3 78 0.808090 14 0.122901 76 0.069009
  14 2.370597 -1.415952 62.791252 -0.228709 -0.840933 -0.490432 0.328066 0.569315 2 14 0.920183 78 0.079817
outline
  14 2.370597 -1.415952 62.791252 -0.228709 -0.840933 -0.490432 0.328066 0.569315 2 14 0.920183 78 0.079817
  78 2.209994 -2.604296 64.488426 -0.197527 -0.411690 -0.889660 0.352369 0.507285 3 78 0.808090 14 0.122901 76 0.069009
  14 1.245135 -1.581832 63.388649 -0.026666 -0.743880 -0.667781 0.317349 0.527463 2 14 0.916540 78 0.083460
outline
  78 3.846111 -5.470285 59.931732 0.669108 0.743130 0.007202 0.813161 0.787284 2 78 0.882892 82 0.117108
  78 3.898604 -5.353048 57.045204 0.688623 0.721055 0.076662 0.901894 0.799155 2 78 0.625820 82 0.374180
  82 2.503645 -4.132547 59.347889 0.921802 0.375207 0.097469 0.818535 0.733830 2 82 0.670490 78 0.329510
outline
  82 2.503645 -4.132547 59.347889 0.921802 0.375207 0.097469 0.818535 0.733830 2 82 0.670490 78 0.329510
  78 3.898604 -5.353048 57.045204 0.688623 0.721055 0.076662 0.901894 0.799155 2 78 0.625820 82 0.374180
  82 2.801913 -4.239570 56.516453 0.933198 0.296063 0.203686 0.905570 0.754680 2 82 0.539650 78 0.460350
outline
  78 3.898604 -5.353048 57.045204 0.688623 0.721055 0.076662 0.901894 0.799155 2 78 0.625820 82 0.374180
  82 3.853800 -5.104018 55.533192 0.718095 0.686615 0.113577 0.953664 0.807476 2 82 0.519764 78 0.480236
  82 2.801913 -4.239570 56.516453 0.933198 0.296063 0.203686 0.905570 0.754680 2 82 0.539650 78 0.460350
outline
  82 2.801913 -4.239570 56.516453 0.933198 0.296063 0.203686 0.905570 0.754680 2 82 0.539650 78 0.460350
  82 3.066329 -2.763431 56.388210 0.570312 -0.690338 0.445171 0.914200 0.705378 2 82 0.658007 78 0.341993
  82 2.503645 -4.132547 59.347889 0.921802 0.375207 0.097469 0.818535 0.733830 2 82 0.670490 78 0.329510
outline
  82 2.503645 -4.132547 59.347889 0.921802 0.375207 0.097469 0.818535 0.733830 2 82 0.670490 78 0.329510
  82 3.066329 -2.763431 56.388210 0.570312 -0.690338 0.445171 0.914200 0.705378 2 82 0.658007 78 0.341993
  82 2.756962 -1.578835 59.076462 0.271693 -0.907521 0.320295 0.822865 0.670275 3 82 0.827884 14 0.092055 78 0.080060
outline
  82 2.801913 -4.239570 56.516453 0.933198 0.296063 0.203686 0.905570 0.754680 2 82 0.539650 78 0.460350
  78 3.519369 -3.742513 54.972702 0.480600 -0.530864 0.698002 0.968961 0.750434 2 78 0.585961 82 0.414039
  82 3.066329 -2.763431 56.388210 0.570312 -0.690338 0.445171 0.914200 0.705378 2 82 0.658007 78 0.341993
outline
  82 2.801913 -4.239570 56.516453 0.933198 0.296063 0.203686 0.905570 0.754680 2 82 0.539650 78 0.460350
  82 3.853800 -5.104018 55.533192 0.718095 0.686615 0.113577 0.953664 0.807476 2 82 0.519764 78 0.480236
  82 3.354884 -4.494297 55.234192 0.905076 0.316022 0.284549 0.961483 0.779660 2 82 0.504117 78 0.495883
outline
  82 3.354884 -4.494297 55.234192 0.905076 0.316022 0.284549 0.961483 0.779660 2 82 0.504117 78 0.495883
  78 3.519369 -3.742513 54.972702 0.480600 -0.530864 0.698002 0.968961 0.750434 2 78 0.585961 82 0.414039
  82 2.801913 -4.239570 56.516453 0.933198 0.296063 0.203686 0.905570 0.754680 2 82 0.539650 78 0.460350
outline
  82 3.853800 -5.104018 55.533192 0.718095 0.686615 0.113577 0.953664 0.807476 2 82 0.519764 78 0.480236
  78 3.683935 -4.732495 54.325222 0.481187 0.163678 0.861202 0.985933 0.800196 2 78 0.580099 82 0.419901
  82 3.354884 -4.494297 55.234192 0.905076 0.316022 0.284549 0.961483 0.779660 2 82 0.504117 78 0.495883
outline
  82 3.354884 -4.494297 55.234192 0.905076 0.316022 0.284549 0.961483 0.779660 2 82 0.504117 78 0.495883
  78 3.683935 -4.732495 54.325222 0.481187 0.163678 0.861202 0.995534 0.777563 2 78 0.580099 82 0.419901
  78 3.519369 -3.742513 54.972702 0.480600 -0.530864 0.698002 0.968961 0.750434 2 78 0.585961 82 0.414039
outline
  78 1.135946 -4.602296 60.140770 0.912724 -0.236400 0.333242 0.577681 0.393859 1 78 1.000000
  78 1.832283 -6.465423 60.341576 0.952203 0.277313 0.128088 0.568414 0.453219 2 78 0.777705 76 0.222295
  78 1.765769 -5.205480 57.720963 0.882751 -0.215550 0.417479 0.644338 0.438880 1 78 1.000000
outline
  78 1.765769 -5.205480 57.720963 0.882751 -0.215550 0.417479 0.644338 0.438880 1 78 1.000000
  78 1.832283 -6.465423 60.341576 0.952203 0.277313 0.128088 0.568414 0.453219 2 78 0.777705 76 0.222295
  78 1.915918 -6.237371 57.856068 0.951180 0.100152 0.291936 0.632126 0.469814 1 78 1.000000
outline
  78 1.915918 -6.237371 57.856068 0.951180 0.100152 0.291936 0.632126 0.469814 1 78 1.000000
  78 3.280714 -5.089734 56.004326 0.072413 -0.753432 0.653526 0.695861 0.505792 1 78 1.000000
  78 1.765769 -5.205480 57.720963 0.882751 -0.215550 0.417479 0.644338 0.438880 1 78 1.000000
outline
  78 2.767524 -4.286354 57.702000 -0.101391 -0.930920 0.350868 0.636019 0.564786 1 78 1.000000
  78 1.765769 -5.205480 57.720963 0.882751 -0.215550 0.417479 0.646073 0.605946 1 78 1.000000
  78 3.280714 -5.089734 56.004326 0.072413 -0.753432 0.653526 0.695861 0.505792 1 78 1.000000
outline
  78 3.280714 -5.089734 56.004326 0.072413 -0.753432 0.653526 0.695861 0.505792 1 78 1.000000
  78 3.352883 -5.417438 57.826370 -0.888141 -0.449873 0.093914 0.631079 0.520117 1 78 1.000000
  78 2.767524 -4.286354 57.702000 -0.101391 -0.930920 0.350868 0.636019 0.564786 1 78 1.000000
outline
  78 2.864484 -3.592572 59.735329 -0.161989 -0.915963 0.367112 0.567156 0.574404 1 78 1.000000
  78 1.765769 -5.205480 57.720963 0.882751 -0.215550 0.417479 0.646073 0.605946 1 78 1.000000
  78 2.767524 -4.286354 57.702000 -0.101391 -0.930920 0.350868 0.636019 0.564786 1 78 1.000000
outline
  78 2.767524 -4.286354 57.702000 -0.101391 -0.930920 0.350868 0.636019 0.564786 1 78 1.000000
  78 3.352883 -5.417438 57.826370 -0.888141 -0.449873 0.093914 0.631079 0.520117 1 78 1.000000
  78 2.864484 -3.592572 59.735329 -0.161989 -0.915963 0.367112 0.567156 0.574404 1 78 1.000000
outline
  78 1.135946 -4.602296 60.140770 0.912724 -0.236400 0.333242 0.561731 0.626032 1 78 1.000000
  78 1.765769 -5.205480 57.720963 0.882751 -0.215550 0.417479 0.646073 0.605946 1 78 1.000000
  78 2.864484 -3.592572 59.735329 -0.161989 -0.915963 0.367112 0.567156 0.574404 1 78 1.000000
outline
  78 2.864484 -3.592572 59.735329 -0.161989 -0.915963 0.367112 0.567156 0.574404 1 78 1.000000
  78 3.352883 -5.417438 57.826370 -0.888141 -0.449873 0.093914 0.631079 0.520117 1 78 1.000000
  78 3.846111 -5.470285 59.931732 -0.878180 -0.447543 0.168835 0.570510 0.532985 2 78 0.882892 82 0.117108
angel_hair_new
  75 -3.939198 -2.122542 49.473679 -0.981883 0.136414 -0.131515 0.759975 0.696659 1 75 1.000000
  75 -3.451392 -1.709680 49.193581 -0.038282 0.771858 -0.634642 0.781130 0.695862 1 75 1.000000
  75 -3.588703 -3.634533 47.365452 0.000117 -0.574755 -0.818325 0.768920 0.775582 1 75 1.000000
angel_hair_new
  75 -3.451392 -1.709680 49.193581 -0.038282 0.771858 -0.634642 0.781130 0.695862 1 75 1.000000
  75 -3.939198 -2.122542 49.473679 -0.981883 0.136414 -0.131515 0.759975 0.696659 1 75 1.000000
  74 -4.148975 -1.581175 50.984081 -0.929172 -0.369321 -0.015541 0.745077 0.649879 1 74 1.000000
angel_hair_new
  74 -2.489707 -0.579320 50.954552 0.601057 0.755324 -0.261180 0.799889 0.628556 2 74 0.611498 75 0.388502
  75 -3.451392 -1.709680 49.193581 -0.038282 0.771858 -0.634642 0.781130 0.695862 1 75 1.000000
  74 -4.148975 -1.581175 50.984081 -0.929172 -0.369321 -0.015541 0.745077 0.649879 1 74 1.000000
angel_hair_new
  74 -2.489707 -0.579320 50.954552 0.601057 0.755324 -0.261180 0.799889 0.628556 2 74 0.611498 75 0.388502
  74 -4.148975 -1.581175 50.984081 -0.929172 -0.369321 -0.015541 0.745077 0.649879 1 74 1.000000
  75 -4.963256 -2.210782 47.955414 -0.360293 -0.360842 -0.860222 0.683964 0.574484 2 75 0.715989 74 0.284011
angel_hair_new
  74 -4.336481 -0.805557 50.513695 -0.992514 -0.052289 0.110370 0.007863 0.720207 2 74 0.832753 75 0.167247
  75 -4.963256 -2.210782 47.955414 -0.360293 -0.360842 -0.860222 0.034297 0.619275 2 75 0.715989 74 0.284011
  74 -4.148975 -1.581175 50.984081 -0.929172 -0.369321 -0.015541 0.050663 0.720207 1 74 1.000000
angel_hair_new
  74 -4.336481 -0.805557 50.513695 -0.992514 -0.052289 0.110370 0.007863 0.720207 2 74 0.832753 75 0.167247
  74 -4.148975 -1.581175 50.984081 -0.929172 -0.369321 -0.015541 0.050663 0.720207 1 74 1.000000
  74 -4.277853 -0.401369 52.770836 -0.986580 -0.046390 -0.156547 0.007863 0.791007 1 74 1.000000
angel_hair_new
  74 -4.148975 -1.581175 50.984081 -0.929172 -0.369321 -0.015541 0.050663 0.720207 1 74 1.000000
  74 -4.456789 -1.534929 53.538471 -0.951380 -0.081280 -0.297103 0.050663 0.791007 1 74 1.000000
  74 -4.277853 -0.401369 52.770836 -0.986580 -0.046390 -0.156547 0.007863 0.791007 1 74 1.000000
angel_hair_new
  74 -4.277853 -0.401369 52.770836 -0.986580 -0.046390 -0.156547 0.007863 0.791007 1 74 1.000000
  74 -4.456789 -1.534929 53.538471 -0.951380 -0.081280 -0.297103 0.050663 0.791007 1 74 1.000000
  70 -5.455186 -0.526653 55.782230 -0.976891 -0.060690 -0.204942 0.007863 0.846908 3 70 0.722562 71 0.143203 73 0.134236
angel_hair_new
  74 -4.456789 -1.534929 53.538471 -0.951380 -0.081280 -0.297103 0.050663 0.791007 1 74 1.000000
  73 -5.363039 -2.047417 55.692932 -0.986580 -0.046390 -0.156547 0.050663 0.846908 2 73 0.939266 70 0.060734
  70 -5.455186 -0.526653 55.782230 -0.976891 -0.060690 -0.204942 0.007863 0.846908 3 70 0.722562 71 0.143203 73 0.134236
angel_hair_new
  70 -5.455186 -0.526653 55.782230 -0.976891 -0.060690 -0.204942 0.007863 0.846908 3 70 0.722562 71 0.143203 73 0.134236
  73 -5.363039 -2.047417 55.692932 -0.986580 -0.046390 -0.156547 0.050663 0.846908 2 73 0.939266 70 0.060734
  73 -5.358426 -1.116451 57.676971 -0.999646 0.005122 0.026114 0.007863 0.912854 2 73 0.866189 70 0.133811
angel_hair_new
  73 -5.363039 -2.047417 55.692932 -0.986580 -0.046390 -0.156547 0.050663 0.846908 2 73 0.939266 70 0.060734
  73 -5.429808 -2.484706 57.603107 -0.961897 -0.270195 -0.041817 0.050663 0.912854 1 73 1.000000
  73 -5.358426 -1.116451 57.676971 -0.999646 0.005122 0.026114 0.007863 0.912854 2 73 0.866189 70 0.133811
angel_hair_new
  73 -5.358426 -1.116451 57.676971 -0.999646 0.005122 0.026114 0.007863 0.912854 2 73 0.866189 70 0.133811
  73 -5.429808 -2.484706 57.603107 -0.961897 -0.270195 -0.041817 0.050663 0.912854 1 73 1.000000
  73 -5.210542 -1.839573 59.768959 -0.993316 -0.016724 0.114213 0.007863 0.975023 1 73 1.000000
angel_hair_new
  73 -5.429808 -2.484706 57.603107 -0.961897 -0.270195 -0.041817 0.050663 0.912854 1 73 1.000000
  73 -5.162976 -2.921997 59.442715 -0.963063 -0.266894 0.035744 0.050663 0.975023 1 73 1.000000
  73 -5.210542 -1.839573 59.768959 -0.993316 -0.016724 0.114213 0.007863 0.975023 1 73 1.000000
angel_hair_new
  73 -5.429808 -2.484706 57.603107 -0.961897 -0.270195 -0.041817 0.050663 0.912854 1 73 1.000000
  73 -4.574517 -3.852963 57.476315 -0.045084 -0.988251 -0.146040 0.107556 0.912854 1 73 1.000000
  73 -5.162976 -2.921997 59.442715 -0.963063 -0.266894 0.035744 0.050663 0.975023 1 73 1.000000
angel_hair_new
  73 -4.574517 -3.852963 57.476315 -0.045084 -0.988251 -0.146040 0.107556 0.912854 1 73 1.000000
  73 -4.506651 -4.225960 59.313705 -0.045084 -0.988251 -0.146040 0.107556 0.975023 1 73 1.000000
  73 -5.162976 -2.921997 59.442715 -0.963063 -0.266894 0.035744 0.050663 0.975023 1 73 1.000000
angel_hair_new
  73 -4.574517 -3.852963 57.476315 -0.045084 -0.988251 -0.146040 0.107556 0.912854 1 73 1.000000
  73 -5.429808 -2.484706 57.603107 -0.961897 -0.270195 -0.041817 0.050663 0.912854 1 73 1.000000
  73 -5.363039 -2.047417 55.692932 -0.739057 -0.588953 -0.327001 0.050663 0.846908 2 73 0.939266 70 0.060734
angel_hair_new
  73 -3.680943 -2.686010 59.313705 0.984744 -0.162821 -0.061391 0.158075 0.975023 1 73 1.000000
  73 -4.506651 -4.225960 59.313705 -0.045084 -0.988251 -0.146040 0.107556 0.975023 1 73 1.000000
  73 -4.574517 -3.852963 57.476315 -0.045084 -0.988251 -0.146040 0.107556 0.912854 1 73 1.000000
angel_hair_new
  73 -3.979543 -3.479968 55.540123 -0.739057 -0.588953 -0.327001 0.107556 0.846908 2 73 0.893848 74 0.106152
  73 -4.574517 -3.852963 57.476315 -0.045084 -0.988251 -0.146040 0.107556 0.912854 1 73 1.000000
  73 -5.363039 -2.047417 55.692932 -0.739057 -0.588953 -0.327001 0.050663 0.846908 2 73 0.939266 70 0.060734
angel_hair_new
  73 -5.363039 -2.047417 55.692932 -0.739057 -0.588953 -0.327001 0.050663 0.846908 2 73 0.939266 70 0.060734
  74 -4.456789 -1.534929 53.538471 -0.751589 -0.601673 -0.270377 0.050663 0.791007 1 74 1.000000
  73 -3.979543 -3.479968 55.540123 -0.739057 -0.588953 -0.327001 0.107556 0.846908 2 73 0.893848 74 0.106152
angel_hair_new
  74 -4.456789 -1.534929 53.538471 -0.751589 -0.601673 -0.270377 0.050663 0.791007 1 74 1.000000
  74 -3.329393 -3.170021 53.771076 -0.751589 -0.601673 -0.270377 0.107556 0.791007 2 74 0.874679 73 0.125321
  73 -3.979543 -3.479968 55.540123 -0.739057 -0.588953 -0.327001 0.107556 0.846908 2 73 0.893848 74 0.106152
angel_hair_new
  74 -3.087920 -2.860076 51.075012 -0.822376 -0.568813 0.012240 0.107556 0.720207 2 74 0.771571 75 0.228429
  74 -3.329393 -3.170021 53.771076 -0.751589 -0.601673 -0.270377 0.107556 0.791007 2 74 0.874679 73 0.125321
  74 -4.456789 -1.534929 53.538471 -0.751589 -0.601673 -0.270377 0.050663 0.791007 1 74 1.000000
angel_hair_new
  74 -4.148975 -1.581175 50.984081 -0.929172 -0.369321 -0.015541 0.050663 0.720207 1 74 1.000000
  74 -3.087920 -2.860076 51.075012 -0.822376 -0.568813 0.012240 0.107556 0.720207 2 74 0.771571 75 0.228429
  74 -4.456789 -1.534929 53.538471 -0.751589 -0.601673 -0.270377 0.050663 0.791007 1 74 1.000000
angel_hair_new
  74 -4.148975 -1.581175 50.984081 -0.929172 -0.369321 -0.015541 0.050663 0.720207 1 74 1.000000
  75 -3.939198 -2.122542 49.473679 -0.981883 0.136414 -0.131515 0.052462 0.670821 1 75 1.000000
  74 -3.087920 -2.860076 51.075012 -0.822376 -0.568813 0.012240 0.107556 0.720207 2 74 0.771571 75 0.228429
angel_hair_new
  75 -3.939198 -2.122542 49.473679 -0.981883 0.136414 -0.131515 0.052462 0.670821 1 75 1.000000
  75 -3.588703 -3.634533 47.365452 0.000117 -0.574755 -0.818325 0.075554 0.593735 1 75 1.000000
  74 -3.087920 -2.860076 51.075012 -0.822376 -0.568813 0.012240 0.107556 0.720207 2 74 0.771571 75 0.228429
angel_hair_new
  73 -3.750541 -2.313013 57.476315 0.985896 -0.133398 0.101058 0.158075 0.912854 1 73 1.000000
  73 -3.680943 -2.686010 59.313705 0.984744 -0.162821 -0.061391 0.158075 0.975023 1 73 1.000000
  73 -4.574517 -3.852963 57.476315 -0.045084 -0.988251 -0.146040 0.107556 0.912854 1 73 1.000000
angel_hair_new
  73 -3.750541 -2.313013 57.476315 0.985896 -0.133398 0.101058 0.158075 0.912854 1 73 1.000000
  73 -4.574517 -3.852963 57.476315 -0.045084 -0.988251 -0.146040 0.107556 0.912854 1 73 1.000000
  73 -3.979543 -3.479968 55.540123 0.864027 -0.461844 0.200394 0.107556 0.846908 2 73 0.893848 74 0.106152
angel_hair_new
  73 -3.891080 -1.605050 59.442715 0.608725 0.769862 0.191747 0.191450 0.975023 1 73 1.000000
  73 -3.680943 -2.686010 59.313705 0.984744 -0.162821 -0.061391 0.158075 0.975023 1 73 1.000000
  73 -3.750541 -2.313013 57.476315 0.985896 -0.133398 0.101058 0.158075 0.912854 1 73 1.000000
angel_hair_new
  73 -3.156697 -1.940017 55.540123 0.949056 -0.074199 0.306247 0.158075 0.846908 2 73 0.904241 74 0.095759
  73 -3.750541 -2.313013 57.476315 0.985896 -0.133398 0.101058 0.158075 0.912854 1 73 1.000000
  73 -3.979543 -3.479968 55.540123 0.864027 -0.461844 0.200394 0.107556 0.846908 2 73 0.893848 74 0.106152
angel_hair_new
  73 -3.156697 -1.940017 55.540123 0.949056 -0.074199 0.306247 0.158075 0.846908 2 73 0.904241 74 0.095759
  73 -3.979543 -3.479968 55.540123 0.864027 -0.461844 0.200394 0.107556 0.846908 2 73 0.893848 74 0.106152
  74 -3.329393 -3.170021 53.771076 0.866466 -0.480316 0.136135 0.107556 0.791007 2 74 0.874679 73 0.125321
angel_hair_new
  73 -3.974606 -1.167760 57.576641 0.596369 0.754638 0.273616 0.191450 0.912854 1 73 1.000000
  73 -3.891080 -1.605050 59.442715 0.608725 0.769862 0.191747 0.191450 0.975023 1 73 1.000000
  73 -3.750541 -2.313013 57.476315 0.985896 -0.133398 0.101058 0.158075 0.912854 1 73 1.000000
angel_hair_new
  73 -3.974606 -1.167760 57.576641 0.596369 0.754638 0.273616 0.191450 0.912854 1 73 1.000000
  73 -3.750541 -2.313013 57.476315 0.985896 -0.133398 0.101058 0.158075 0.912854 1 73 1.000000
  73 -3.156697 -1.940017 55.540123 0.949056 -0.074199 0.306247 0.158075 0.846908 2 73 0.904241 74 0.095759
angel_hair_new
  73 -3.891080 -1.605050 59.442715 0.608725 0.769862 0.191747 0.191450 0.975023 1 73 1.000000
  73 -3.974606 -1.167760 57.576641 0.596369 0.754638 0.273616 0.191450 0.912854 1 73 1.000000
  73 -5.358426 -1.116451 57.676971 0.000014 0.963313 0.268381 0.236512 0.912854 2 73 0.866189 70 0.133811
angel_hair_new
  73 -5.210542 -1.839573 59.768959 0.000013 0.952699 0.303917 0.236512 0.975023 1 73 1.000000
  73 -3.891080 -1.605050 59.442715 0.608725 0.769862 0.191747 0.191450 0.975023 1 73 1.000000
  73 -5.358426 -1.116451 57.676971 0.000014 0.963313 0.268381 0.236512 0.912854 2 73 0.866189 70 0.133811
angel_hair_new
  73 -5.358426 -1.116451 57.676971 0.000014 0.963313 0.268381 0.236512 0.912854 2 73 0.866189 70 0.133811
  73 -3.974606 -1.167760 57.576641 0.596369 0.754638 0.273616 0.191450 0.912854 1 73 1.000000
  70 -5.455186 -0.526653 55.782230 0.044604 0.981539 0.185986 0.236512 0.846908 3 70 0.722562 71 0.143203 73 0.134236
angel_hair_new
  73 -3.974606 -1.167760 57.576641 0.596369 0.754638 0.273616 0.191450 0.912854 1 73 1.000000
  73 -3.619899 -0.686360 55.661171 0.538372 0.787892 0.298967 0.191450 0.846908 3 73 0.842599 70 0.082596 74 0.074805
  70 -5.455186 -0.526653 55.782230 0.044604 0.981539 0.185986 0.236512 0.846908 3 70 0.722562 71 0.143203 73 0.134236
angel_hair_new
  73 -3.619899 -0.686360 55.661171 0.538372 0.787892 0.298967 0.191450 0.846908 3 73 0.842599 70 0.082596 74 0.074805
  73 -3.974606 -1.167760 57.576641 0.596369 0.754638 0.273616 0.191450 0.912854 1 73 1.000000
  73 -3.156697 -1.940017 55.540123 0.949056 -0.074199 0.306247 0.158075 0.846908 2 73 0.904241 74 0.095759
angel_hair_new
  74 -4.277853 -0.401369 52.770836 0.039130 0.998928 -0.024737 0.236512 0.791007 1 74 1.000000
  70 -5.455186 -0.526653 55.782230 0.044604 0.981539 0.185986 0.236512 0.846908 3 70 0.722562 71 0.143203 73 0.134236
  73 -3.619899 -0.686360 55.661171 0.538372 0.787892 0.298967 0.191450 0.846908 3 73 0.842599 70 0.082596 74 0.074805
angel_hair_new
  74 -2.510707 -1.630070 53.771072 0.977949 -0.083710 0.191334 0.158075 0.791007 2 74 0.881542 73 0.118458
  73 -3.156697 -1.940017 55.540123 0.949056 -0.074199 0.306247 0.158075 0.846908 2 73 0.904241 74 0.095759
  74 -3.329393 -3.170021 53.771076 0.866466 -0.480316 0.136135 0.107556 0.791007 2 74 0.874679 73 0.125321
angel_hair_new
  73 -3.619899 -0.686360 55.661171 0.538372 0.787892 0.298967 0.191450 0.846908 3 73 0.842599 70 0.082596 74 0.074805
  73 -3.156697 -1.940017 55.540123 0.949056 -0.074199 0.306247 0.158075 0.846908 2 73 0.904241 74 0.095759
  74 -2.510707 -1.630070 53.771072 0.977949 -0.083710 0.191334 0.158075 0.791007 2 74 0.881542 73 0.118458
angel_hair_new
  74 -2.817647 -0.468748 53.270958 0.622805 0.769383 0.141997 0.191450 0.791007 2 74 0.941601 73 0.058399
  74 -4.277853 -0.401369 52.770836 0.039130 0.998928 -0.024737 0.236512 0.791007 1 74 1.000000
  73 -3.619899 -0.686360 55.661171 0.538372 0.787892 0.298967 0.191450 0.846908 3 73 0.842599 70 0.082596 74 0.074805
angel_hair_new
  74 -2.817647 -0.468748 53.270958 0.622805 0.769383 0.141997 0.191450 0.791007 2 74 0.941601 73 0.058399
  73 -3.619899 -0.686360 55.661171 0.538372 0.787892 0.298967 0.191450 0.846908 3 73 0.842599 70 0.082596 74 0.074805
  74 -2.510707 -1.630070 53.771072 0.977949 -0.083710 0.191334 0.158075 0.791007 2 74 0.881542 73 0.118458
angel_hair_new
  74 -2.510707 -1.630070 53.771072 0.977949 -0.083710 0.191334 0.158075 0.791007 2 74 0.881542 73 0.118458
  74 -3.329393 -3.170021 53.771076 0.866466 -0.480316 0.136135 0.107556 0.791007 2 74 0.874679 73 0.125321
  74 -3.087920 -2.860076 51.075012 0.863186 -0.504688 0.014107 0.107556 0.720207 2 74 0.771571 75 0.228429
angel_hair_new
  74 -2.817647 -0.468748 53.270958 0.622805 0.769383 0.141997 0.191450 0.791007 2 74 0.941601 73 0.058399
  74 -2.489707 -0.579320 50.954552 0.601057 0.755324 -0.261180 0.191450 0.720207 2 74 0.611498 75 0.388502
  74 -4.277853 -0.401369 52.770836 0.039130 0.998928 -0.024737 0.236512 0.791007 1 74 1.000000
angel_hair_new
  74 -2.489707 -0.579320 50.954552 0.601057 0.755324 -0.261180 0.191450 0.720207 2 74 0.611498 75 0.388502
  74 -2.817647 -0.468748 53.270958 0.622805 0.769383 0.141997 0.191450 0.791007 2 74 0.941601 73 0.058399
  74 -2.510707 -1.630070 53.771072 0.977949 -0.083710 0.191334 0.158075 0.791007 2 74 0.881542 73 0.118458
angel_hair_new
  74 -2.489707 -0.579320 50.954552 0.601057 0.755324 -0.261180 0.191450 0.720207 2 74 0.611498 75 0.388502
  74 -4.336481 -0.805557 50.513695 0.000026 0.934228 -0.356677 0.236512 0.720207 2 74 0.832753 75 0.167247
  74 -4.277853 -0.401369 52.770836 0.039130 0.998928 -0.024737 0.236512 0.791007 1 74 1.000000
angel_hair_new
  74 -4.336481 -0.805557 50.513695 0.000026 0.934228 -0.356677 0.236512 0.720207 2 74 0.832753 75 0.167247
  74 -2.489707 -0.579320 50.954552 0.601057 0.755324 -0.261180 0.191450 0.720207 2 74 0.611498 75 0.388502
  75 -4.963256 -2.210782 47.955414 -0.360293 -0.360842 -0.860222 0.226606 0.620064 2 75 0.715989 74 0.284011
angel_hair_new
  75 -2.355486 -1.709640 50.479824 0.968859 -0.012840 -0.247278 0.143120 0.720207 2 75 0.859489 74 0.140511
  74 -2.489707 -0.579320 50.954552 0.601057 0.755324 -0.261180 0.191450 0.720207 2 74 0.611498 75 0.388502
  74 -2.510707 -1.630070 53.771072 0.977949 -0.083710 0.191334 0.158075 0.791007 2 74 0.881542 73 0.118458
angel_hair_new
  75 -2.355486 -1.709640 50.479824 0.968859 -0.012840 -0.247278 0.143120 0.720207 2 75 0.859489 74 0.140511
  74 -2.510707 -1.630070 53.771072 0.977949 -0.083710 0.191334 0.158075 0.791007 2 74 0.881542 73 0.118458
  74 -3.087920 -2.860076 51.075012 0.863186 -0.504688 0.014107 0.107556 0.720207 2 74 0.771571 75 0.228429
angel_hair_new
  74 -2.489707 -0.579320 50.954552 0.601057 0.755324 -0.261180 0.191450 0.720207 2 74 0.611498 75 0.388502
  75 -2.355486 -1.709640 50.479824 0.968859 -0.012840 -0.247278 0.143120 0.720207 2 75 0.859489 74 0.140511
  75 -3.451392 -1.709680 49.193581 -0.038282 0.771858 -0.634642 0.144544 0.640930 1 75 1.000000
angel_hair_new
  75 -3.588703 -3.634533 47.365452 0.000117 -0.574755 -0.818325 0.075554 0.593735 1 75 1.000000
  75 -2.355486 -1.709640 50.479824 0.968859 -0.012840 -0.247278 0.143120 0.720207 2 75 0.859489 74 0.140511
  74 -3.087920 -2.860076 51.075012 0.863186 -0.504688 0.014107 0.107556 0.720207 2 74 0.771571 75 0.228429
angel_hair_new
  75 -2.355486 -1.709640 50.479824 0.968859 -0.012840 -0.247278 0.143120 0.720207 2 75 0.859489 74 0.140511
  75 -3.588703 -3.634533 47.365452 0.000117 -0.574755 -0.818325 0.075554 0.593735 1 75 1.000000
  75 -3.451392 -1.709680 49.193581 -0.038282 0.771858 -0.634642 0.144544 0.640930 1 75 1.000000
angel_hair_new
  69 2.545700 4.335862 41.917763 0.432498 0.880013 0.196272 -0.006915 0.139847 1 69 1.000000
  69 1.315651 4.227102 44.812794 0.396134 0.916932 -0.048097 0.090978 0.195051 1 69 1.000000
  69 2.430991 3.747746 44.638271 0.385205 0.922552 0.022712 0.090978 0.142039 1 69 1.000000
angel_hair_new
  69 2.430991 3.747746 44.638271 0.385205 0.922552 0.022712 0.090978 0.142039 1 69 1.000000
  69 1.315651 4.227102 44.812794 0.396134 0.916932 -0.048097 0.090978 0.195051 1 69 1.000000
  69 2.921376 4.511850 49.029545 0.369354 0.923427 -0.104210 0.209114 0.152372 2 69 0.923020 68 0.076981
angel_hair_new
  69 1.315651 4.227102 44.812794 0.396134 0.916932 -0.048097 0.090978 0.195051 1 69 1.000000
  69 1.499070 5.059881 49.358875 0.369354 0.923427 -0.104210 0.209114 0.216338 2 69 0.938274 68 0.061726
  69 2.921376 4.511850 49.029545 0.369354 0.923427 -0.104210 0.209114 0.152372 2 69 0.923020 68 0.076981
angel_hair_new
  69 2.921376 4.511850 49.029545 0.369354 0.923427 -0.104210 0.209114 0.152372 2 69 0.923020 68 0.076981
  69 1.499070 5.059881 49.358875 0.369354 0.923427 -0.104210 0.209114 0.216338 2 69 0.938274 68 0.061726
  68 3.331254 4.400863 52.285877 0.472708 0.881175 0.008753 0.307039 0.152372 3 68 0.504267 81 0.389251 69 0.106482
angel_hair_new
  69 1.499070 5.059881 49.358875 0.369354 0.923427 -0.104210 0.209114 0.216338 2 69 0.938274 68 0.061726
  68 1.770316 5.181537 52.595062 0.472708 0.881176 0.008752 0.307039 0.216338 3 68 0.828885 69 0.090938 67 0.080177
  68 3.331254 4.400863 52.285877 0.472708 0.881175 0.008753 0.307039 0.152372 3 68 0.504267 81 0.389251 69 0.106482
angel_hair_new
  68 1.770316 5.181537 52.595062 0.472708 0.881176 0.008752 0.307039 0.216338 3 68 0.828885 69 0.090938 67 0.080177
  67 2.139357 4.943073 55.396931 0.560535 0.811803 -0.163634 0.402278 0.216338 3 67 0.700820 68 0.240645 80 0.058536
  68 3.331254 4.400863 52.285877 0.472708 0.881175 0.008753 0.307039 0.152372 3 68 0.504267 81 0.389251 69 0.106482
angel_hair_new
  67 2.139357 4.943073 55.396931 0.560535 0.811803 -0.163634 0.402278 0.216338 3 67 0.700820 68 0.240645 80 0.058536
  67 3.530444 3.821724 55.358158 0.560535 0.811803 -0.163634 0.402278 0.152372 3 67 0.369337 68 0.344859 80 0.285804
  68 3.331254 4.400863 52.285877 0.472708 0.881175 0.008753 0.307039 0.152372 3 68 0.504267 81 0.389251 69 0.106482
angel_hair_new
  67 3.530444 3.821724 55.358158 0.560535 0.811803 -0.163634 0.402278 0.152372 3 67 0.369337 68 0.344859 80 0.285804
  67 2.139357 4.943073 55.396931 0.560535 0.811803 -0.163634 0.402278 0.216338 3 67 0.700820 68 0.240645 80 0.058536
  67 4.119719 4.542712 57.548531 0.569279 0.796573 -0.203451 0.474450 0.152372 3 67 0.671283 79 0.237232 80 0.091485
angel_hair_new
  67 2.139357 4.943073 55.396931 0.560535 0.811803 -0.163634 0.402278 0.216338 3 67 0.700820 68 0.240645 80 0.058536
  67 2.207394 5.835685 57.526218 0.569279 0.796573 -0.203451 0.474450 0.216338 2 67 0.932211 68 0.067789
  67 4.119719 4.542712 57.548531 0.569279 0.796573 -0.203451 0.474450 0.152372 3 67 0.671283 79 0.237232 80 0.091485
angel_hair_new
  67 2.207394 5.835685 57.526218 0.569279 0.796573 -0.203451 0.474450 0.216338 2 67 0.932211 68 0.067789
  67 2.275431 5.938486 59.430332 0.555065 0.827877 0.080764 0.533104 0.216338 2 67 0.871293 14 0.128707
  67 4.119719 4.542712 57.548531 0.569279 0.796573 -0.203451 0.474450 0.152372 3 67 0.671283 79 0.237232 80 0.091485
angel_hair_new
  67 2.275431 5.938486 59.430332 0.555065 0.827877 0.080764 0.533104 0.216338 2 67 0.871293 14 0.128707
  67 4.163497 4.565795 59.486378 0.743860 0.666098 0.054634 0.528363 0.158771 3 67 0.604506 79 0.229079 14 0.166416
  67 4.119719 4.542712 57.548531 0.569279 0.796573 -0.203451 0.474450 0.152372 3 67 0.671283 79 0.237232 80 0.091485
angel_hair_new
  69 -1.315656 4.227102 44.812794 0.919996 0.046687 -0.389136 0.090978 0.195051 1 69 1.000000
  69 -1.265578 2.844748 44.765339 0.919996 0.046687 -0.389136 0.090978 0.233320 1 69 1.000000
  69 -2.545706 4.335863 41.917767 0.919996 0.046687 -0.389136 -0.006915 0.139847 1 69 1.000000
angel_hair_new
  69 1.265572 2.844748 44.765339 0.938881 -0.022220 -0.343524 0.905059 0.582332 1 69 1.000000
  69 -0.000003 4.821284 41.178574 0.938881 -0.022220 -0.343524 0.933959 0.680112 1 69 1.000000
  69 1.315651 4.227102 44.812794 0.938881 -0.022220 -0.343524 0.929685 0.580203 1 69 1.000000
angel_hair_new
  69 1.265572 2.844748 44.765339 -0.919997 0.046688 -0.389136 0.090978 0.233320 1 69 1.000000
  69 1.315651 4.227102 44.812794 -0.919997 0.046688 -0.389136 0.090978 0.195051 1 69 1.000000
  69 2.545700 4.335862 41.917763 -0.919997 0.046688 -0.389136 -0.006915 0.139847 1 69 1.000000
angel_hair_new
  69 -0.000002 4.824430 44.803150 -0.452630 0.883711 -0.119082 0.988269 0.580203 1 69 1.000000
  69 -0.000003 4.821284 41.178574 -0.413409 0.910545 -0.000791 0.933959 0.680112 1 69 1.000000
  69 -1.315656 4.227102 44.812794 -0.452630 0.883711 -0.119082 0.929685 0.580203 1 69 1.000000
angel_hair_new
  69 -0.000002 4.824430 44.803150 -0.452630 0.883711 -0.119082 0.988269 0.580203 1 69 1.000000
  69 -1.315656 4.227102 44.812794 -0.452630 0.883711 -0.119082 0.929685 0.580203 1 69 1.000000
  69 -1.499073 5.059882 49.358875 -0.452630 0.883711 -0.119082 0.929685 0.505661 2 69 0.938274 68 0.061726
angel_hair_new
  69 -0.000001 5.950776 49.404087 -0.452630 0.883711 -0.119082 0.988269 0.505661 2 69 0.932290 68 0.067710
  69 -0.000002 4.824430 44.803150 -0.452630 0.883711 -0.119082 0.988269 0.580203 1 69 1.000000
  69 -1.499073 5.059882 49.358875 -0.452630 0.883711 -0.119082 0.929685 0.505661 2 69 0.938274 68 0.061726
angel_hair_new
  69 -0.000001 5.950776 49.404087 -0.452630 0.883711 -0.119082 0.988269 0.505661 2 69 0.932290 68 0.067710
  69 -1.499073 5.059882 49.358875 -0.452630 0.883711 -0.119082 0.929685 0.505661 2 69 0.938274 68 0.061726
  68 0.000000 5.789324 52.670033 -0.329121 0.942918 0.050838 0.988269 0.400566 3 68 0.854232 69 0.082659 67 0.063110
angel_hair_new
  69 -1.499073 5.059882 49.358875 -0.452630 0.883711 -0.119082 0.929685 0.505661 2 69 0.938274 68 0.061726
  68 -1.770318 5.181538 52.595066 -0.329121 0.942918 0.050838 0.929685 0.400566 3 68 0.828885 69 0.090938 67 0.080177
  68 0.000000 5.789324 52.670033 -0.329121 0.942918 0.050838 0.988269 0.400566 3 68 0.854232 69 0.082659 67 0.063110
angel_hair_new
  68 0.000000 5.789324 52.670033 -0.329121 0.942918 0.050838 0.988269 0.400566 3 68 0.854232 69 0.082659 67 0.063110
  68 -1.770318 5.181538 52.595066 -0.329121 0.942918 0.050838 0.929685 0.400566 3 68 0.828885 69 0.090938 67 0.080177
  67 0.000000 5.289029 55.416206 -0.152348 0.985831 -0.070193 0.988269 0.309330 2 67 0.509260 68 0.490740
angel_hair_new
  68 -1.770318 5.181538 52.595066 -0.329121 0.942918 0.050838 0.929685 0.400566 3 68 0.828885 69 0.090938 67 0.080177
  67 -2.139355 4.943074 55.396931 -0.152348 0.985831 -0.070193 0.929685 0.309330 3 67 0.700820 68 0.240645 71 0.058536
  67 0.000000 5.289029 55.416206 -0.152348 0.985831 -0.070193 0.988269 0.309330 2 67 0.509260 68 0.490740
angel_hair_new
  67 0.000000 5.289029 55.416206 -0.152348 0.985831 -0.070193 0.988269 0.309330 2 67 0.509260 68 0.490740
  67 -2.139355 4.943074 55.396931 -0.152348 0.985831 -0.070193 0.929685 0.309330 3 67 0.700820 68 0.240645 71 0.058536
  67 -2.207393 5.835687 57.526222 -0.029512 0.981643 -0.188432 0.929685 0.234823 2 67 0.932211 68 0.067789
angel_hair_new
  67 0.000001 5.743158 57.540878 -0.029512 0.981643 -0.188432 0.988269 0.234824 2 67 0.927272 68 0.072728
  67 0.000000 5.289029 55.416206 -0.152348 0.985831 -0.070193 0.988269 0.309330 2 67 0.509260 68 0.490740
  67 -2.207393 5.835687 57.526222 -0.029512 0.981643 -0.188432 0.929685 0.234823 2 67 0.932211 68 0.067789
angel_hair_new
  67 0.000001 5.743158 57.540878 -0.029512 0.981643 -0.188432 0.988269 0.234824 2 67 0.927272 68 0.072728
  67 -2.207393 5.835687 57.526222 -0.029512 0.981643 -0.188432 0.929685 0.234823 2 67 0.932211 68 0.067789
  67 0.000001 5.866410 59.430710 0.060181 0.994378 0.087119 0.988269 0.173237 2 67 0.915613 14 0.084387
angel_hair_new
  67 -2.207393 5.835687 57.526222 -0.029512 0.981643 -0.188432 0.929685 0.234823 2 67 0.932211 68 0.067789
  67 -2.275428 5.938487 59.430332 0.060181 0.994378 0.087119 0.929685 0.173237 2 67 0.871293 14 0.128707
  67 0.000001 5.866410 59.430710 0.060181 0.994378 0.087119 0.988269 0.173237 2 67 0.915613 14 0.084387
angel_hair_new
  67 0.000001 5.866410 59.430710 0.060181 0.994378 0.087119 0.988269 0.173237 2 67 0.915613 14 0.084387
  67 -2.275428 5.938487 59.430332 0.060181 0.994378 0.087119 0.929685 0.173237 2 67 0.871293 14 0.128707
  14 -2.159427 5.366405 61.745842 -0.271421 0.890384 0.365442 0.929685 0.096951 2 14 0.507475 67 0.492526
angel_hair_new
  67 0.000001 5.254280 61.859722 -0.000011 0.915494 0.402331 0.988269 0.096951 2 67 0.503523 14 0.496477
  67 0.000001 5.866410 59.430710 0.060181 0.994378 0.087119 0.988269 0.173237 2 67 0.915613 14 0.084387
  14 -2.159427 5.366405 61.745842 -0.271421 0.890384 0.365442 0.929685 0.096951 2 14 0.507475 67 0.492526
angel_hair_new
  67 0.000001 5.254280 61.859722 -0.000011 0.915494 0.402331 0.988269 0.096951 2 67 0.503523 14 0.496477
  14 2.159431 5.366404 61.745842 0.272111 0.895348 0.352573 0.929685 0.096951 2 14 0.507475 67 0.492526
  67 0.000001 5.866410 59.430710 -0.060181 0.994378 0.087120 0.988269 0.173237 2 67 0.915613 14 0.084387
angel_hair_new
  14 2.159431 5.366404 61.745842 0.272111 0.895348 0.352573 0.929685 0.096951 2 14 0.507475 67 0.492526
  67 2.275431 5.938486 59.430332 -0.060181 0.994378 0.087120 0.929685 0.173237 2 67 0.871293 14 0.128707
  67 0.000001 5.866410 59.430710 -0.060181 0.994378 0.087120 0.988269 0.173237 2 67 0.915613 14 0.084387
angel_hair_new
  67 0.000001 5.866410 59.430710 -0.060181 0.994378 0.087120 0.988269 0.173237 2 67 0.915613 14 0.084387
  67 2.275431 5.938486 59.430332 -0.060181 0.994378 0.087120 0.929685 0.173237 2 67 0.871293 14 0.128707
  67 2.207394 5.835685 57.526218 -0.000002 0.987436 -0.158020 0.929685 0.234823 2 67 0.932211 68 0.067789
angel_hair_new
  67 0.000001 5.743158 57.540878 -0.000002 0.987436 -0.158020 0.988269 0.234824 2 67 0.927272 68 0.072728
  67 0.000001 5.866410 59.430710 -0.060181 0.994378 0.087120 0.988269 0.173237 2 67 0.915613 14 0.084387
  67 2.207394 5.835685 57.526218 -0.000002 0.987436 -0.158020 0.929685 0.234823 2 67 0.932211 68 0.067789
angel_hair_new
  67 0.000000 5.289029 55.416206 0.146562 0.983723 -0.103967 0.988269 0.309330 2 67 0.509260 68 0.490740
  67 0.000001 5.743158 57.540878 -0.000002 0.987436 -0.158020 0.988269 0.234824 2 67 0.927272 68 0.072728
  67 2.207394 5.835685 57.526218 -0.000002 0.987436 -0.158020 0.929685 0.234823 2 67 0.932211 68 0.067789
angel_hair_new
  67 2.139357 4.943073 55.396931 0.146562 0.983723 -0.103967 0.929685 0.309330 3 67 0.700820 68 0.240645 80 0.058536
  67 0.000000 5.289029 55.416206 0.146562 0.983723 -0.103967 0.988269 0.309330 2 67 0.509260 68 0.490740
  67 2.207394 5.835685 57.526218 -0.000002 0.987436 -0.158020 0.929685 0.234823 2 67 0.932211 68 0.067789
angel_hair_new
  67 0.000000 5.289029 55.416206 0.146562 0.983723 -0.103967 0.988269 0.309330 2 67 0.509260 68 0.490740
  67 2.139357 4.943073 55.396931 0.146562 0.983723 -0.103967 0.929685 0.309330 3 67 0.700820 68 0.240645 80 0.058536
  68 1.770316 5.181537 52.595062 0.325437 0.944054 0.053414 0.929685 0.400566 3 68 0.828885 69 0.090938 67 0.080177
angel_hair_new
  68 0.000000 5.789324 52.670033 0.325437 0.944054 0.053414 0.988269 0.400566 3 68 0.854232 69 0.082659 67 0.063110
  67 0.000000 5.289029 55.416206 0.146562 0.983723 -0.103967 0.988269 0.309330 2 67 0.509260 68 0.490740
  68 1.770316 5.181537 52.595062 0.325437 0.944054 0.053414 0.929685 0.400566 3 68 0.828885 69 0.090938 67 0.080177
angel_hair_new
  68 0.000000 5.789324 52.670033 0.325437 0.944054 0.053414 0.988269 0.400566 3 68 0.854232 69 0.082659 67 0.063110
  68 1.770316 5.181537 52.595062 0.325437 0.944054 0.053414 0.929685 0.400566 3 68 0.828885 69 0.090938 67 0.080177
  69 1.499070 5.059881 49.358875 0.452633 0.883714 -0.119052 0.929685 0.505661 2 69 0.938274 68 0.061726
angel_hair_new
  69 -0.000001 5.950776 49.404087 0.452633 0.883714 -0.119052 0.988269 0.505661 2 69 0.932290 68 0.067710
  68 0.000000 5.789324 52.670033 0.325437 0.944054 0.053414 0.988269 0.400566 3 68 0.854232 69 0.082659 67 0.063110
  69 1.499070 5.059881 49.358875 0.452633 0.883714 -0.119052 0.929685 0.505661 2 69 0.938274 68 0.061726
angel_hair_new
  69 -0.000002 4.824430 44.803150 0.452633 0.883714 -0.119052 0.988269 0.580203 1 69 1.000000
  69 -0.000001 5.950776 49.404087 0.452633 0.883714 -0.119052 0.988269 0.505661 2 69 0.932290 68 0.067710
  69 1.499070 5.059881 49.358875 0.452633 0.883714 -0.119052 0.929685 0.505661 2 69 0.938274 68 0.061726
angel_hair_new
  69 1.315651 4.227102 44.812794 0.452633 0.883714 -0.119052 0.929685 0.580203 1 69 1.000000
  69 -0.000002 4.824430 44.803150 0.452633 0.883714 -0.119052 0.988269 0.580203 1 69 1.000000
  69 1.499070 5.059881 49.358875 0.452633 0.883714 -0.119052 0.929685 0.505661 2 69 0.938274 68 0.061726
angel_hair_new
  69 -0.000003 4.821284 41.178574 0.413409 0.910545 -0.000790 0.933959 0.680112 1 69 1.000000
  69 -0.000002 4.824430 44.803150 0.452633 0.883714 -0.119052 0.988269 0.580203 1 69 1.000000
  69 1.315651 4.227102 44.812794 0.452633 0.883714 -0.119052 0.929685 0.580203 1 69 1.000000
angel_hair_new
  69 -1.315656 4.227102 44.812794 -0.396134 0.916932 -0.048097 0.090978 0.195051 1 69 1.000000
  69 -2.545706 4.335863 41.917767 -0.432496 0.880014 0.196271 -0.006915 0.139847 1 69 1.000000
  69 -2.430995 3.747746 44.638271 -0.385243 0.922536 0.022699 0.090978 0.142039 1 69 1.000000
angel_hair_new
  69 -1.315656 4.227102 44.812794 -0.396134 0.916932 -0.048097 0.090978 0.195051 1 69 1.000000
  69 -2.430995 3.747746 44.638271 -0.385243 0.922536 0.022699 0.090978 0.142039 1 69 1.000000
  69 -2.921378 4.511851 49.029549 -0.369337 0.923434 -0.104212 0.209114 0.152372 2 69 0.923020 68 0.076981
angel_hair_new
  69 -1.499073 5.059882 49.358875 -0.369337 0.923434 -0.104212 0.209114 0.216338 2 69 0.938274 68 0.061726
  69 -1.315656 4.227102 44.812794 -0.396134 0.916932 -0.048097 0.090978 0.195051 1 69 1.000000
  69 -2.921378 4.511851 49.029549 -0.369337 0.923434 -0.104212 0.209114 0.152372 2 69 0.923020 68 0.076981
angel_hair_new
  69 -1.499073 5.059882 49.358875 -0.369337 0.923434 -0.104212 0.209114 0.216338 2 69 0.938274 68 0.061726
  69 -2.921378 4.511851 49.029549 -0.369337 0.923434 -0.104212 0.209114 0.152372 2 69 0.923020 68 0.076981
  68 -3.331253 4.400860 52.285877 -0.477942 0.878302 0.012540 0.307039 0.152372 3 68 0.504267 72 0.389251 69 0.106482
angel_hair_new
  68 -1.770318 5.181538 52.595066 -0.477942 0.878302 0.012540 0.307039 0.216338 3 68 0.828885 69 0.090938 67 0.080177
  69 -1.499073 5.059882 49.358875 -0.369337 0.923434 -0.104212 0.209114 0.216338 2 69 0.938274 68 0.061726
  68 -3.331253 4.400860 52.285877 -0.477942 0.878302 0.012540 0.307039 0.152372 3 68 0.504267 72 0.389251 69 0.106482
angel_hair_new
  68 -1.770318 5.181538 52.595066 -0.477942 0.878302 0.012540 0.307039 0.216338 3 68 0.828885 69 0.090938 67 0.080177
  68 -3.331253 4.400860 52.285877 -0.477942 0.878302 0.012540 0.307039 0.152372 3 68 0.504267 72 0.389251 69 0.106482
  67 -2.139355 4.943074 55.396931 -0.560535 0.811803 -0.163634 0.402278 0.216338 3 67 0.700820 68 0.240645 71 0.058536
angel_hair_new
  68 -3.331253 4.400860 52.285877 -0.477942 0.878302 0.012540 0.307039 0.152372 3 68 0.504267 72 0.389251 69 0.106482
  67 -3.530442 3.821724 55.358158 -0.560535 0.811803 -0.163634 0.402278 0.152372 3 67 0.369337 68 0.344859 71 0.285804
  67 -2.139355 4.943074 55.396931 -0.560535 0.811803 -0.163634 0.402278 0.216338 3 67 0.700820 68 0.240645 71 0.058536
angel_hair_new
  67 -2.139355 4.943074 55.396931 -0.560535 0.811803 -0.163634 0.402278 0.216338 3 67 0.700820 68 0.240645 71 0.058536
  67 -3.530442 3.821724 55.358158 -0.560535 0.811803 -0.163634 0.402278 0.152372 3 67 0.369337 68 0.344859 71 0.285804
  67 -4.119717 4.542714 57.548531 -0.569291 0.796577 -0.203401 0.474450 0.152372 3 67 0.671283 70 0.237232 71 0.091485
angel_hair_new
  67 -2.207393 5.835687 57.526222 -0.569291 0.796577 -0.203401 0.474450 0.216338 2 67 0.932211 68 0.067789
  67 -2.139355 4.943074 55.396931 -0.560535 0.811803 -0.163634 0.402278 0.216338 3 67 0.700820 68 0.240645 71 0.058536
  67 -4.119717 4.542714 57.548531 -0.569291 0.796577 -0.203401 0.474450 0.152372 3 67 0.671283 70 0.237232 71 0.091485
angel_hair_new
  67 -2.207393 5.835687 57.526222 -0.569291 0.796577 -0.203401 0.474450 0.216338 2 67 0.932211 68 0.067789
  67 -4.119717 4.542714 57.548531 -0.569291 0.796577 -0.203401 0.474450 0.152372 3 67 0.671283 70 0.237232 71 0.091485
  67 -2.275428 5.938487 59.430332 -0.555064 0.827877 0.080763 0.533104 0.216338 2 67 0.871293 14 0.128707
angel_hair_new
  67 -4.119717 4.542714 57.548531 -0.569291 0.796577 -0.203401 0.474450 0.152372 3 67 0.671283 70 0.237232 71 0.091485
  67 -4.163495 4.565797 59.486378 -0.737081 0.665756 0.116109 0.528363 0.158771 3 67 0.604506 70 0.229079 14 0.166416
  67 -2.275428 5.938487 59.430332 -0.555064 0.827877 0.080763 0.533104 0.216338 2 67 0.871293 14 0.128707
angel_hair_new
  69 2.613795 2.605071 44.885715 0.578908 -0.778005 -0.244077 0.090978 0.109305 1 69 1.000000
  69 1.265572 2.844748 44.765339 0.113791 -0.965185 -0.235518 0.090978 0.075489 1 69 1.000000
  69 2.545700 4.335862 41.917763 -0.108309 -0.859842 -0.498940 -0.006915 0.139847 1 69 1.000000
angel_hair_new
  69 1.265572 2.844748 44.765339 0.113791 -0.965185 -0.235518 0.090978 0.075489 1 69 1.000000
  69 2.613795 2.605071 44.885715 0.578908 -0.778005 -0.244077 0.090978 0.109305 1 69 1.000000
  69 1.237393 3.369174 49.044418 0.070651 -0.997200 -0.024503 0.209114 0.034460 2 69 0.929933 68 0.070067
angel_hair_new
  69 2.613795 2.605071 44.885715 0.578908 -0.778005 -0.244077 0.090978 0.109305 1 69 1.000000
  69 2.545700 4.335862 41.917763 0.981544 0.174139 0.079031 -0.006915 0.139847 1 69 1.000000
  69 2.430991 3.747746 44.638271 0.987649 0.156162 -0.012790 0.090978 0.142039 1 69 1.000000
angel_hair_new
  69 2.613795 2.605071 44.885715 0.578908 -0.778005 -0.244077 0.090978 0.109305 1 69 1.000000
  69 2.430991 3.747746 44.638271 0.987649 0.156162 -0.012790 0.090978 0.142039 1 69 1.000000
  69 2.921376 4.511850 49.029545 0.994693 0.066492 -0.078510 0.209114 0.152372 2 69 0.923020 68 0.076981
angel_hair_new
  69 2.613795 2.605071 44.885715 0.578908 -0.778005 -0.244077 0.090978 0.109305 1 69 1.000000
  69 3.215555 2.325318 49.029549 0.579969 -0.809857 -0.088130 0.209114 0.086252 3 69 0.856885 68 0.091580 81 0.051535
  69 1.237393 3.369174 49.044418 0.070651 -0.997200 -0.024503 0.209114 0.034460 2 69 0.929933 68 0.070067
angel_hair_new
  69 3.215555 2.325318 49.029549 0.579969 -0.809857 -0.088130 0.209114 0.086252 3 69 0.856885 68 0.091580 81 0.051535
  69 2.613795 2.605071 44.885715 0.578908 -0.778005 -0.244077 0.090978 0.109305 1 69 1.000000
  69 2.921376 4.511850 49.029545 0.994693 0.066492 -0.078510 0.209114 0.152372 2 69 0.923020 68 0.076981
angel_hair_new
  69 1.237393 3.369174 49.044418 0.070651 -0.997200 -0.024503 0.209114 0.034460 2 69 0.929933 68 0.070067
  69 3.215555 2.325318 49.029549 0.579969 -0.809857 -0.088130 0.209114 0.086252 3 69 0.856885 68 0.091580 81 0.051535
  68 1.462123 2.786824 52.351364 0.006564 -0.999116 -0.041525 0.303991 0.034460 3 68 0.805478 81 0.097669 69 0.096854
angel_hair_new
  69 3.215555 2.325318 49.029549 0.579969 -0.809857 -0.088130 0.209114 0.086252 3 69 0.856885 68 0.091580 81 0.051535
  69 2.921376 4.511850 49.029545 0.994693 0.066492 -0.078510 0.209114 0.152372 2 69 0.923020 68 0.076981
  68 3.331254 4.400863 52.285877 -0.893682 -0.373812 0.248186 0.307039 0.152372 3 68 0.504267 81 0.389251 69 0.106482
angel_hair_new
  68 2.924248 2.239514 52.351368 0.113791 -0.965185 -0.235518 0.315343 0.072157 3 68 0.517250 81 0.369877 69 0.112873
  69 3.215555 2.325318 49.029549 0.579969 -0.809857 -0.088130 0.209114 0.086252 3 69 0.856885 68 0.091580 81 0.051535
  68 3.331254 4.400863 52.285877 -0.893682 -0.373812 0.248186 0.307039 0.152372 3 68 0.504267 81 0.389251 69 0.106482
angel_hair_new
  69 3.215555 2.325318 49.029549 0.579969 -0.809857 -0.088130 0.209114 0.086252 3 69 0.856885 68 0.091580 81 0.051535
  68 2.924248 2.239514 52.351368 0.113791 -0.965185 -0.235518 0.315343 0.072157 3 68 0.517250 81 0.369877 69 0.112873
  68 1.462123 2.786824 52.351364 0.006564 -0.999116 -0.041525 0.303991 0.034460 3 68 0.805478 81 0.097669 69 0.096854
angel_hair_new
  68 3.331254 4.400863 52.285877 -0.893682 -0.373812 0.248186 0.307039 0.152372 3 68 0.504267 81 0.389251 69 0.106482
  81 3.440811 2.496861 52.373196 -0.611982 -0.712148 -0.343982 0.328050 0.101754 3 81 0.593012 68 0.334466 69 0.072521
  68 2.924248 2.239514 52.351368 0.113791 -0.965185 -0.235518 0.315343 0.072157 3 68 0.517250 81 0.369877 69 0.112873
angel_hair_new
  68 2.924248 2.239514 52.351368 0.113791 -0.965185 -0.235518 0.315343 0.072157 3 68 0.517250 81 0.369877 69 0.112873
  81 3.440811 2.496861 52.373196 -0.611982 -0.712148 -0.343982 0.328050 0.101754 3 81 0.593012 68 0.334466 69 0.072521
  79 3.496766 2.347150 57.234009 -0.301581 -0.952744 -0.036440 0.451103 0.098962 3 79 0.501132 67 0.425683 68 0.073186
angel_hair_new
  67 2.324342 2.410349 57.420616 -0.158597 -0.987335 0.004142 0.451103 0.065411 3 67 0.625950 79 0.290841 68 0.083209
  68 2.924248 2.239514 52.351368 0.113791 -0.965185 -0.235518 0.315343 0.072157 3 68 0.517250 81 0.369877 69 0.112873
  79 3.496766 2.347150 57.234009 -0.301581 -0.952744 -0.036440 0.451103 0.098962 3 79 0.501132 67 0.425683 68 0.073186
angel_hair_new
  68 1.462123 2.786824 52.351364 0.006564 -0.999116 -0.041525 0.303991 0.034460 3 68 0.805478 81 0.097669 69 0.096854
  68 2.924248 2.239514 52.351368 0.113791 -0.965185 -0.235518 0.315343 0.072157 3 68 0.517250 81 0.369877 69 0.112873
  67 2.324342 2.410349 57.420616 -0.158597 -0.987335 0.004142 0.451103 0.065411 3 67 0.625950 79 0.290841 68 0.083209
angel_hair_new
  67 1.334722 2.812252 57.357361 -0.099827 -0.994787 0.020837 0.451103 0.034460 3 67 0.748623 79 0.161026 68 0.090351
  68 1.462123 2.786824 52.351364 0.006564 -0.999116 -0.041525 0.303991 0.034460 3 68 0.805478 81 0.097669 69 0.096854
  67 2.324342 2.410349 57.420616 -0.158597 -0.987335 0.004142 0.451103 0.065411 3 67 0.625950 79 0.290841 68 0.083209
angel_hair_new
  69 -2.545706 4.335863 41.917767 -0.981544 0.174140 0.079032 -0.006915 0.139847 1 69 1.000000
  69 -2.613800 2.605071 44.885715 -0.578908 -0.778005 -0.244077 0.090978 0.109305 1 69 1.000000
  69 -2.430995 3.747746 44.638271 -0.990943 0.134283 -0.000453 0.090978 0.142039 1 69 1.000000
angel_hair_new
  69 -2.430995 3.747746 44.638271 -0.990943 0.134283 -0.000453 0.090978 0.142039 1 69 1.000000
  69 -2.613800 2.605071 44.885715 -0.578908 -0.778005 -0.244077 0.090978 0.109305 1 69 1.000000
  69 -2.921378 4.511851 49.029549 -0.998361 0.039314 -0.041576 0.209114 0.152372 2 69 0.923020 68 0.076981
angel_hair_new
  69 -1.265578 2.844748 44.765339 -0.113792 -0.965185 -0.235517 0.090978 0.075489 1 69 1.000000
  69 -2.613800 2.605071 44.885715 -0.578908 -0.778005 -0.244077 0.090978 0.109305 1 69 1.000000
  69 -2.545706 4.335863 41.917767 0.108309 -0.859841 -0.498941 -0.006915 0.139847 1 69 1.000000
angel_hair_new
  69 -1.265578 2.844748 44.765339 -0.113792 -0.965185 -0.235517 0.090978 0.075489 1 69 1.000000
  69 -1.237397 3.369175 49.044418 -0.070652 -0.997200 -0.024503 0.209114 0.034460 2 69 0.929933 68 0.070067
  69 -2.613800 2.605071 44.885715 -0.578908 -0.778005 -0.244077 0.090978 0.109305 1 69 1.000000
angel_hair_new
  69 -2.613800 2.605071 44.885715 -0.578908 -0.778005 -0.244077 0.090978 0.109305 1 69 1.000000
  69 -3.215558 2.325318 49.029549 -0.579969 -0.809857 -0.088130 0.209114 0.086252 3 69 0.856885 68 0.091580 72 0.051535
  69 -2.921378 4.511851 49.029549 -0.998361 0.039314 -0.041576 0.209114 0.152372 2 69 0.923020 68 0.076981
angel_hair_new
  69 -1.237397 3.369175 49.044418 -0.070652 -0.997200 -0.024503 0.209114 0.034460 2 69 0.929933 68 0.070067
  69 -3.215558 2.325318 49.029549 -0.579969 -0.809857 -0.088130 0.209114 0.086252 3 69 0.856885 68 0.091580 72 0.051535
  69 -2.613800 2.605071 44.885715 -0.578908 -0.778005 -0.244077 0.090978 0.109305 1 69 1.000000
angel_hair_new
  69 -2.921378 4.511851 49.029549 -0.998361 0.039314 -0.041576 0.209114 0.152372 2 69 0.923020 68 0.076981
  69 -3.215558 2.325318 49.029549 -0.579969 -0.809857 -0.088130 0.209114 0.086252 3 69 0.856885 68 0.091580 72 0.051535
  68 -3.331253 4.400860 52.285877 0.893672 -0.373832 0.248195 0.307039 0.152372 3 68 0.504267 72 0.389251 69 0.106482
angel_hair_new
  69 -1.237397 3.369175 49.044418 -0.070652 -0.997200 -0.024503 0.209114 0.034460 2 69 0.929933 68 0.070067
  68 -1.462125 2.786824 52.351368 0.006564 -0.999116 -0.041525 0.303991 0.034460 3 68 0.805478 72 0.097669 69 0.096854
  69 -3.215558 2.325318 49.029549 -0.579969 -0.809857 -0.088130 0.209114 0.086252 3 69 0.856885 68 0.091580 72 0.051535
angel_hair_new
  69 -3.215558 2.325318 49.029549 -0.579969 -0.809857 -0.088130 0.209114 0.086252 3 69 0.856885 68 0.091580 72 0.051535
  68 -2.924249 2.239512 52.351364 -0.113792 -0.965185 -0.235517 0.315343 0.072157 3 68 0.517250 72 0.369877 69 0.112873
  68 -3.331253 4.400860 52.285877 0.893672 -0.373832 0.248195 0.307039 0.152372 3 68 0.504267 72 0.389251 69 0.106482
angel_hair_new
  68 -1.462125 2.786824 52.351368 0.006564 -0.999116 -0.041525 0.303991 0.034460 3 68 0.805478 72 0.097669 69 0.096854
  68 -2.924249 2.239512 52.351364 -0.113792 -0.965185 -0.235517 0.315343 0.072157 3 68 0.517250 72 0.369877 69 0.112873
  69 -3.215558 2.325318 49.029549 -0.579969 -0.809857 -0.088130 0.209114 0.086252 3 69 0.856885 68 0.091580 72 0.051535
angel_hair_new
  72 -3.440810 2.496859 52.373196 0.611976 -0.712153 -0.343982 0.328050 0.101754 3 72 0.593012 68 0.334466 69 0.072521
  68 -3.331253 4.400860 52.285877 0.893672 -0.373832 0.248195 0.307039 0.152372 3 68 0.504267 72 0.389251 69 0.106482
  68 -2.924249 2.239512 52.351364 -0.113792 -0.965185 -0.235517 0.315343 0.072157 3 68 0.517250 72 0.369877 69 0.112873
angel_hair_new
  70 -3.496764 2.347150 57.234001 0.301579 -0.952745 -0.036436 0.451103 0.098962 3 70 0.501132 67 0.425683 68 0.073186
  72 -3.440810 2.496859 52.373196 0.611976 -0.712153 -0.343982 0.328050 0.101754 3 72 0.593012 68 0.334466 69 0.072521
  68 -2.924249 2.239512 52.351364 -0.113792 -0.965185 -0.235517 0.315343 0.072157 3 68 0.517250 72 0.369877 69 0.112873
angel_hair_new
  67 -2.324341 2.410350 57.420616 0.158597 -0.987335 0.004139 0.451103 0.065411 3 67 0.625950 70 0.290841 68 0.083209
  70 -3.496764 2.347150 57.234001 0.301579 -0.952745 -0.036436 0.451103 0.098962 3 70 0.501132 67 0.425683 68 0.073186
  68 -2.924249 2.239512 52.351364 -0.113792 -0.965185 -0.235517 0.315343 0.072157 3 68 0.517250 72 0.369877 69 0.112873
angel_hair_new
  67 -2.324341 2.410350 57.420616 0.158597 -0.987335 0.004139 0.451103 0.065411 3 67 0.625950 70 0.290841 68 0.083209
  68 -2.924249 2.239512 52.351364 -0.113792 -0.965185 -0.235517 0.315343 0.072157 3 68 0.517250 72 0.369877 69 0.112873
  68 -1.462125 2.786824 52.351368 0.006564 -0.999116 -0.041525 0.303991 0.034460 3 68 0.805478 72 0.097669 69 0.096854
angel_hair_new
  67 -1.334721 2.812252 57.357361 0.070651 -0.997200 -0.024503 0.451103 0.034460 3 67 0.748623 70 0.161026 68 0.090351
  67 -2.324341 2.410350 57.420616 0.158597 -0.987335 0.004139 0.451103 0.065411 3 67 0.625950 70 0.290841 68 0.083209
  68 -1.462125 2.786824 52.351368 0.006564 -0.999116 -0.041525 0.303991 0.034460 3 68 0.805478 72 0.097669 69 0.096854
angel_hair_new
  69 -1.265578 2.844748 44.765339 -0.113792 -0.965185 -0.235517 0.905059 0.582332 1 69 1.000000
  69 -0.000003 4.821284 41.178574 -0.000001 -0.838583 -0.544774 0.933959 0.680112 1 69 1.000000
  69 -0.000003 2.493958 44.761074 0.000000 -0.952079 -0.305852 0.874458 0.582332 1 69 1.000000
angel_hair_new
  69 -0.000003 4.821284 41.178574 -0.000001 -0.838583 -0.544774 0.933959 0.680112 1 69 1.000000
  69 1.265572 2.844748 44.765339 0.113791 -0.965185 -0.235518 0.905059 0.582332 1 69 1.000000
  69 -0.000003 2.493958 44.761074 0.000000 -0.952079 -0.305852 0.874458 0.582332 1 69 1.000000
angel_hair_new
  69 -0.000003 4.821284 41.178574 -0.938881 -0.022220 -0.343524 0.933959 0.680112 1 69 1.000000
  69 -1.265578 2.844748 44.765339 -0.938881 -0.022220 -0.343524 0.905059 0.582332 1 69 1.000000
  69 -1.315656 4.227102 44.812794 -0.938881 -0.022220 -0.343524 0.929685 0.580203 1 69 1.000000
angel_hair_new
  69 -0.000002 2.019496 49.044418 0.006564 -0.999116 -0.041525 0.022162 0.462263 2 69 0.868552 68 0.131448
  68 -0.000001 2.493626 52.351368 0.006564 -0.999116 -0.041525 0.022162 0.383876 2 68 0.905118 69 0.094882
  69 -1.237397 3.369175 49.044418 -0.070652 -0.997200 -0.024503 0.074197 0.462263 2 69 0.929933 68 0.070067
angel_hair_new
  68 -0.000001 2.493626 52.351368 0.006564 -0.999116 -0.041525 0.022162 0.383876 2 68 0.905118 69 0.094882
  68 -1.462125 2.786824 52.351368 0.006564 -0.999116 -0.041525 0.074197 0.381990 3 68 0.805478 72 0.097669 69 0.096854
  69 -1.237397 3.369175 49.044418 -0.070652 -0.997200 -0.024503 0.074197 0.462263 2 69 0.929933 68 0.070067
angel_hair_new
  69 -0.000002 2.019496 49.044418 0.006564 -0.999116 -0.041525 0.022162 0.462263 2 69 0.868552 68 0.131448
  69 -1.237397 3.369175 49.044418 -0.070652 -0.997200 -0.024503 0.074197 0.462263 2 69 0.929933 68 0.070067
  69 -1.265578 2.844748 44.765339 -0.113792 -0.965185 -0.235517 0.074197 0.571371 1 69 1.000000
angel_hair_new
  69 -0.000003 2.493958 44.761074 0.000000 -0.952079 -0.305852 0.022162 0.571371 1 69 1.000000
  69 -0.000002 2.019496 49.044418 0.006564 -0.999116 -0.041525 0.022162 0.462263 2 69 0.868552 68 0.131448
  69 -1.265578 2.844748 44.765339 -0.113792 -0.965185 -0.235517 0.074197 0.571371 1 69 1.000000
angel_hair_new
  69 -0.000003 2.493958 44.761074 0.000000 -0.952079 -0.305852 0.022162 0.571371 1 69 1.000000
  69 1.265572 2.844748 44.765339 0.113791 -0.965185 -0.235518 0.074197 0.571371 1 69 1.000000
  69 -0.000002 2.019496 49.044418 0.006564 -0.999116 -0.041525 0.022162 0.462263 2 69 0.868552 68 0.131448
angel_hair_new
  69 1.265572 2.844748 44.765339 0.113791 -0.965185 -0.235518 0.074197 0.571371 1 69 1.000000
  69 1.237393 3.369174 49.044418 0.070651 -0.997200 -0.024503 0.074197 0.462263 2 69 0.929933 68 0.070067
  69 -0.000002 2.019496 49.044418 0.006564 -0.999116 -0.041525 0.022162 0.462263 2 69 0.868552 68 0.131448
angel_hair_new
  69 -0.000002 2.019496 49.044418 0.006564 -0.999116 -0.041525 0.022162 0.462263 2 69 0.868552 68 0.131448
  69 1.237393 3.369174 49.044418 0.070651 -0.997200 -0.024503 0.074197 0.462263 2 69 0.929933 68 0.070067
  68 -0.000001 2.493626 52.351368 0.006564 -0.999116 -0.041525 0.022162 0.383876 2 68 0.905118 69 0.094882
angel_hair_new
  67 -1.334721 2.812252 57.357361 0.070651 -0.997200 -0.024503 0.074197 0.262870 3 67 0.748623 70 0.161026 68 0.090351
  68 -1.462125 2.786824 52.351368 0.006564 -0.999116 -0.041525 0.074197 0.381990 3 68 0.805478 72 0.097669 69 0.096854
  68 -0.000001 2.493626 52.351368 0.006564 -0.999116 -0.041525 0.022162 0.383876 2 68 0.905118 69 0.094882
angel_hair_new
  69 1.237393 3.369174 49.044418 0.070651 -0.997200 -0.024503 0.074197 0.462263 2 69 0.929933 68 0.070067
  68 1.462123 2.786824 52.351364 0.006564 -0.999116 -0.041525 0.074197 0.381990 3 68 0.805478 81 0.097669 69 0.096854
  68 -0.000001 2.493626 52.351368 0.006564 -0.999116 -0.041525 0.022162 0.383876 2 68 0.905118 69 0.094882
angel_hair_new
  67 0.000000 2.493625 57.404938 -0.000001 -0.999769 0.021501 0.022162 0.263478 3 67 0.847623 68 0.099420 70 0.052957
  67 -1.334721 2.812252 57.357361 0.070651 -0.997200 -0.024503 0.074197 0.262870 3 67 0.748623 70 0.161026 68 0.090351
  68 -0.000001 2.493626 52.351368 0.006564 -0.999116 -0.041525 0.022162 0.383876 2 68 0.905118 69 0.094882
angel_hair_new
  68 -0.000001 2.493626 52.351368 0.006564 -0.999116 -0.041525 0.022162 0.383876 2 68 0.905118 69 0.094882
  68 1.462123 2.786824 52.351364 0.006564 -0.999116 -0.041525 0.074197 0.381990 3 68 0.805478 81 0.097669 69 0.096854
  67 1.334722 2.812252 57.357361 -0.099827 -0.994787 0.020837 0.074197 0.262870 3 67 0.748623 79 0.161026 68 0.090351
angel_hair_new
  67 0.000000 2.493625 57.404938 -0.000001 -0.999769 0.021501 0.022162 0.263478 3 67 0.847623 68 0.099420 70 0.052957
  68 -0.000001 2.493626 52.351368 0.006564 -0.999116 -0.041525 0.022162 0.383876 2 68 0.905118 69 0.094882
  67 1.334722 2.812252 57.357361 -0.099827 -0.994787 0.020837 0.074197 0.262870 3 67 0.748623 79 0.161026 68 0.090351
angel_hair_new
  81 5.078871 3.546544 44.498688 0.843092 0.476341 0.249588 0.622416 0.329840 1 81 1.000000
  81 4.646447 3.481731 46.261303 0.781617 0.621199 0.056455 0.585250 0.290894 1 81 1.000000
  81 5.035774 2.765310 46.276085 0.743860 0.666098 0.054634 0.572568 0.311481 1 81 1.000000
angel_hair_new
  81 5.035774 2.765310 46.276085 0.743860 0.666098 0.054634 0.572568 0.311481 1 81 1.000000
  81 4.646447 3.481731 46.261303 0.781617 0.621199 0.056455 0.585250 0.290894 1 81 1.000000
  81 5.672957 2.769181 49.080772 0.711142 0.702254 0.033426 0.509723 0.277042 1 81 1.000000
angel_hair_new
  81 4.646447 3.481731 46.261303 0.781617 0.621199 0.056455 0.585250 0.290894 1 81 1.000000
  81 4.322870 3.622413 49.192493 0.669108 0.743131 0.007202 0.524503 0.236787 1 81 1.000000
  81 5.672957 2.769181 49.080772 0.711142 0.702254 0.033426 0.509723 0.277042 1 81 1.000000
angel_hair_new
  81 4.322870 3.622413 49.192493 0.669108 0.743131 0.007202 0.524503 0.236787 1 81 1.000000
  81 4.885001 3.070128 51.909576 0.804986 0.572985 0.153901 0.425493 0.236787 3 81 0.892780 80 0.057171 68 0.050049
  81 5.672957 2.769181 49.080772 0.711142 0.702254 0.033426 0.509723 0.277042 1 81 1.000000
angel_hair_new
  81 4.885001 3.070128 51.909576 0.804986 0.572985 0.153901 0.425493 0.236787 3 81 0.892780 80 0.057171 68 0.050049
  81 5.637140 1.883828 51.772583 0.841006 0.514785 0.166449 0.425493 0.280273 1 81 1.000000
  81 5.672957 2.769181 49.080772 0.711142 0.702254 0.033426 0.509723 0.277042 1 81 1.000000
angel_hair_new
  81 4.885001 3.070128 51.909576 0.804986 0.572985 0.153901 0.425493 0.236787 3 81 0.892780 80 0.057171 68 0.050049
  80 5.116394 1.095003 55.653545 0.967525 0.236651 0.088833 0.314227 0.236787 2 80 0.815641 79 0.184360
  81 5.637140 1.883828 51.772583 0.841006 0.514785 0.166449 0.425493 0.280273 1 81 1.000000
angel_hair_new
  80 5.116394 1.095003 55.653545 0.967525 0.236651 0.088833 0.314227 0.236787 2 80 0.815641 79 0.184360
  79 5.455188 -0.526652 55.782242 0.991281 0.129035 0.026676 0.314227 0.283606 3 79 0.722562 80 0.143203 82 0.134236
  81 5.637140 1.883828 51.772583 0.841006 0.514785 0.166449 0.425493 0.280273 1 81 1.000000
angel_hair_new
  80 5.116394 1.095003 55.653545 0.967525 0.236651 0.088833 0.314227 0.236787 2 80 0.815641 79 0.184360
  79 5.610405 0.683800 57.566170 0.994693 0.066492 -0.078510 0.251526 0.236787 3 79 0.867860 82 0.066714 80 0.065426
  79 5.455188 -0.526652 55.782242 0.991281 0.129035 0.026676 0.314227 0.283606 3 79 0.722562 80 0.143203 82 0.134236
angel_hair_new
  79 5.610405 0.683800 57.566170 0.994693 0.066492 -0.078510 0.251526 0.236787 3 79 0.867860 82 0.066714 80 0.065426
  82 5.358419 -1.116448 57.676979 0.996821 -0.070722 -0.036678 0.251526 0.283606 2 82 0.866189 79 0.133811
  79 5.455188 -0.526652 55.782242 0.991281 0.129035 0.026676 0.314227 0.283606 3 79 0.722562 80 0.143203 82 0.134236
angel_hair_new
  79 5.610405 0.683800 57.566170 0.994693 0.066492 -0.078510 0.251526 0.236787 3 79 0.867860 82 0.066714 80 0.065426
  79 5.585799 0.134007 59.501926 0.997751 -0.026420 0.061595 0.189782 0.236787 2 79 0.942218 82 0.057783
  82 5.358419 -1.116448 57.676979 0.996821 -0.070722 -0.036678 0.251526 0.283606 2 82 0.866189 79 0.133811
angel_hair_new
  79 5.585799 0.134007 59.501926 0.997751 -0.026420 0.061595 0.189782 0.236787 2 79 0.942218 82 0.057783
  82 5.210534 -1.839569 59.768967 0.980689 -0.186183 0.059878 0.189782 0.283606 1 82 1.000000
  82 5.358419 -1.116448 57.676979 0.996821 -0.070722 -0.036678 0.251526 0.283606 2 82 0.866189 79 0.133811
angel_hair_new
  79 5.585799 0.134007 59.501926 0.997751 -0.026420 0.061595 0.189782 0.236787 2 79 0.942218 82 0.057783
  14 5.298810 -0.377320 61.763271 0.949056 -0.074199 0.306247 0.135670 0.236787 2 14 0.908918 79 0.091082
  82 5.210534 -1.839569 59.768967 0.980689 -0.186183 0.059878 0.189782 0.283606 1 82 1.000000
angel_hair_new
  14 5.298810 -0.377320 61.763271 0.949056 -0.074199 0.306247 0.135670 0.236787 2 14 0.908918 79 0.091082
  14 4.926062 -1.959150 61.715103 0.927890 -0.203698 0.312294 0.135670 0.279127 2 14 0.830320 82 0.169680
  82 5.210534 -1.839569 59.768967 0.980689 -0.186183 0.059878 0.189782 0.283606 1 82 1.000000
angel_hair_new
  81 4.208436 4.284521 43.144234 0.084275 0.995954 0.031194 0.818710 0.610693 1 81 1.000000
  81 2.834974 4.329273 45.425968 0.176170 0.982140 -0.066073 0.824956 0.535365 1 81 1.000000
  81 3.532152 4.270398 45.422211 0.176170 0.982140 -0.066073 0.807057 0.540511 1 81 1.000000
angel_hair_new
  81 3.532152 4.270398 45.422211 0.176170 0.982140 -0.066073 0.807057 0.540511 1 81 1.000000
  81 2.834974 4.329273 45.425968 0.176170 0.982140 -0.066073 0.824956 0.535365 1 81 1.000000
  81 3.639035 4.665920 49.233871 0.289136 0.956944 -0.025659 0.801707 0.434192 2 81 0.931044 68 0.068956
angel_hair_new
  81 2.834974 4.329273 45.425968 0.176170 0.982140 -0.066073 0.824956 0.535365 1 81 1.000000
  81 2.875002 5.009820 49.432564 0.325225 0.945628 0.003903 0.825461 0.431812 2 81 0.923560 68 0.076440
  81 3.639035 4.665920 49.233871 0.289136 0.956944 -0.025659 0.801707 0.434192 2 81 0.931044 68 0.068956
angel_hair_new
  81 2.875002 5.009820 49.432564 0.325225 0.945628 0.003903 0.825461 0.431812 2 81 0.923560 68 0.076440
  68 3.331254 4.400863 52.285877 0.421883 0.893799 0.152109 0.855128 0.342219 3 68 0.504267 81 0.389251 69 0.106482
  81 3.639035 4.665920 49.233871 0.289136 0.956944 -0.025659 0.801707 0.434192 2 81 0.931044 68 0.068956
angel_hair_new
  68 3.331254 4.400863 52.285877 0.421883 0.893799 0.152109 0.855128 0.342219 3 68 0.504267 81 0.389251 69 0.106482
  81 4.456888 3.995449 52.155567 0.421883 0.893799 0.152109 0.795665 0.343645 2 81 0.807262 68 0.192738
  81 3.639035 4.665920 49.233871 0.289136 0.956944 -0.025659 0.801707 0.434192 2 81 0.931044 68 0.068956
angel_hair_new
  68 3.331254 4.400863 52.285877 0.421883 0.893799 0.152109 0.855128 0.342219 3 68 0.504267 81 0.389251 69 0.106482
  67 3.530444 3.821724 55.358158 0.627897 0.778116 -0.016751 0.855128 0.246350 3 67 0.369337 68 0.344859 80 0.285804
  81 4.456888 3.995449 52.155567 0.421883 0.893799 0.152109 0.795665 0.343645 2 81 0.807262 68 0.192738
angel_hair_new
  67 3.530444 3.821724 55.358158 0.627897 0.778116 -0.016751 0.855128 0.246350 3 67 0.369337 68 0.344859 80 0.285804
  80 4.563680 3.085212 55.279995 0.631867 0.772747 -0.060043 0.795665 0.246350 3 80 0.665638 67 0.170978 81 0.163384
  81 4.456888 3.995449 52.155567 0.421883 0.893799 0.152109 0.795665 0.343645 2 81 0.807262 68 0.192738
angel_hair_new
  67 3.530444 3.821724 55.358158 0.627897 0.778116 -0.016751 0.855128 0.246350 3 67 0.369337 68 0.344859 80 0.285804
  67 4.119719 4.542712 57.548531 0.813716 0.566163 -0.131628 0.855128 0.173668 3 67 0.671283 79 0.237232 80 0.091485
  80 4.563680 3.085212 55.279995 0.631867 0.772747 -0.060043 0.795665 0.246350 3 80 0.665638 67 0.170978 81 0.163384
angel_hair_new
  67 4.119719 4.542712 57.548531 0.813716 0.566163 -0.131628 0.855128 0.173668 3 67 0.671283 79 0.237232 80 0.091485
  79 5.145226 2.823814 57.607086 0.830012 0.549886 -0.093305 0.795665 0.173668 3 79 0.672203 67 0.192931 80 0.134866
  80 4.563680 3.085212 55.279995 0.631867 0.772747 -0.060043 0.795665 0.246350 3 80 0.665638 67 0.170978 81 0.163384
angel_hair_new
  67 4.119719 4.542712 57.548531 0.813716 0.566163 -0.131628 0.855128 0.173668 3 67 0.671283 79 0.237232 80 0.091485
  67 4.163497 4.565795 59.486378 0.743860 0.666098 0.054634 0.855128 0.114150 3 67 0.604506 79 0.229079 14 0.166416
  79 5.145226 2.823814 57.607086 0.830012 0.549886 -0.093305 0.795665 0.173668 3 79 0.672203 67 0.192931 80 0.134866
angel_hair_new
  67 4.163497 4.565795 59.486378 0.743860 0.666098 0.054634 0.855128 0.114150 3 67 0.604506 79 0.229079 14 0.166416
  79 5.340082 2.476451 59.580345 0.869329 0.484765 0.096279 0.795665 0.114150 3 79 0.749915 67 0.140334 14 0.109751
  79 5.145226 2.823814 57.607086 0.830012 0.549886 -0.093305 0.795665 0.173668 3 79 0.672203 67 0.192931 80 0.134866
angel_hair_new
  67 4.163497 4.565795 59.486378 0.743860 0.666098 0.054634 0.855128 0.114150 3 67 0.604506 79 0.229079 14 0.166416
  14 3.913270 4.313022 61.630150 0.704523 0.633573 0.319738 0.855128 0.046335 3 14 0.550642 67 0.291774 79 0.157585
  79 5.340082 2.476451 59.580345 0.869329 0.484765 0.096279 0.795665 0.114150 3 79 0.749915 67 0.140334 14 0.109751
angel_hair_new
  14 3.913270 4.313022 61.630150 0.704523 0.633573 0.319738 0.855128 0.046335 3 14 0.550642 67 0.291774 79 0.157585
  14 4.979180 2.173099 61.759033 0.899867 0.268404 0.343800 0.795665 0.046335 2 14 0.592808 79 0.407193
  79 5.340082 2.476451 59.580345 0.869329 0.484765 0.096279 0.795665 0.114150 3 79 0.749915 67 0.140334 14 0.109751
angel_hair_new
  14 4.979180 2.173099 61.759033 0.899867 0.268404 0.343800 0.795665 0.046335 2 14 0.592808 79 0.407193
  14 5.298810 -0.377320 61.763271 0.949056 -0.074199 0.306247 0.745305 0.046335 2 14 0.908918 79 0.091082
  79 5.585799 0.134007 59.501926 0.997751 -0.026420 0.061595 0.745305 0.114150 2 79 0.942218 82 0.057783
angel_hair_new
  79 5.340082 2.476451 59.580345 0.988072 0.136019 0.072203 0.795665 0.114150 3 79 0.749915 67 0.140334 14 0.109751
  14 4.979180 2.173099 61.759033 0.899867 0.268404 0.343800 0.795665 0.046335 2 14 0.592808 79 0.407193
  79 5.585799 0.134007 59.501926 0.997751 -0.026420 0.061595 0.745305 0.114150 2 79 0.942218 82 0.057783
angel_hair_new
  79 5.340082 2.476451 59.580345 0.988072 0.136019 0.072203 0.795665 0.114150 3 79 0.749915 67 0.140334 14 0.109751
  79 5.585799 0.134007 59.501926 0.997751 -0.026420 0.061595 0.745305 0.114150 2 79 0.942218 82 0.057783
  79 5.610405 0.683800 57.566170 0.994693 0.066492 -0.078510 0.745305 0.173668 3 79 0.867860 82 0.066714 80 0.065426
angel_hair_new
  79 5.145226 2.823814 57.607086 0.974350 0.191719 -0.117835 0.795665 0.173668 3 79 0.672203 67 0.192931 80 0.134866
  79 5.340082 2.476451 59.580345 0.988072 0.136019 0.072203 0.795665 0.114150 3 79 0.749915 67 0.140334 14 0.109751
  79 5.610405 0.683800 57.566170 0.994693 0.066492 -0.078510 0.745305 0.173668 3 79 0.867860 82 0.066714 80 0.065426
angel_hair_new
  79 5.145226 2.823814 57.607086 0.974350 0.191719 -0.117835 0.795665 0.173668 3 79 0.672203 67 0.192931 80 0.134866
  79 5.610405 0.683800 57.566170 0.994693 0.066492 -0.078510 0.745305 0.173668 3 79 0.867860 82 0.066714 80 0.065426
  80 5.116394 1.095003 55.653545 0.960433 0.253045 -0.116347 0.745305 0.246350 2 80 0.815641 79 0.184360
angel_hair_new
  80 4.563680 3.085212 55.279995 0.965076 0.261967 0.001285 0.795665 0.246350 3 80 0.665638 67 0.170978 81 0.163384
  79 5.145226 2.823814 57.607086 0.974350 0.191719 -0.117835 0.795665 0.173668 3 79 0.672203 67 0.192931 80 0.134866
  80 5.116394 1.095003 55.653545 0.960433 0.253045 -0.116347 0.745305 0.246350 2 80 0.815641 79 0.184360
angel_hair_new
  80 4.563680 3.085212 55.279995 0.965076 0.261967 0.001285 0.795665 0.246350 3 80 0.665638 67 0.170978 81 0.163384
  80 5.116394 1.095003 55.653545 0.960433 0.253045 -0.116347 0.745305 0.246350 2 80 0.815641 79 0.184360
  81 4.885001 3.070128 51.909576 0.921261 0.388944 0.000675 0.745305 0.343631 3 81 0.892780 80 0.057171 68 0.050049
angel_hair_new
  81 4.456888 3.995449 52.155567 0.921261 0.388944 0.000675 0.795665 0.343645 2 81 0.807262 68 0.192738
  80 4.563680 3.085212 55.279995 0.965076 0.261967 0.001285 0.795665 0.246350 3 80 0.665638 67 0.170978 81 0.163384
  81 4.885001 3.070128 51.909576 0.921261 0.388944 0.000675 0.745305 0.343631 3 81 0.892780 80 0.057171 68 0.050049
angel_hair_new
  81 4.456888 3.995449 52.155567 0.921261 0.388944 0.000675 0.795665 0.343645 2 81 0.807262 68 0.192738
  81 4.885001 3.070128 51.909576 0.921261 0.388944 0.000675 0.745305 0.343631 3 81 0.892780 80 0.057171 68 0.050049
  81 4.322870 3.622413 49.192493 0.871442 0.479271 -0.104346 0.754159 0.432914 1 81 1.000000
angel_hair_new
  81 3.639035 4.665920 49.233871 0.871442 0.479271 -0.104346 0.801707 0.434192 2 81 0.931044 68 0.068956
  81 4.456888 3.995449 52.155567 0.921261 0.388944 0.000675 0.795665 0.343645 2 81 0.807262 68 0.192738
  81 4.322870 3.622413 49.192493 0.871442 0.479271 -0.104346 0.754159 0.432914 1 81 1.000000
angel_hair_new
  81 3.639035 4.665920 49.233871 0.871442 0.479271 -0.104346 0.801707 0.434192 2 81 0.931044 68 0.068956
  81 4.322870 3.622413 49.192493 0.871442 0.479271 -0.104346 0.754159 0.432914 1 81 1.000000
  81 4.045059 3.174356 46.227211 0.883981 0.466255 -0.034400 0.755601 0.525378 1 81 1.000000
angel_hair_new
  81 3.532152 4.270398 45.422211 0.841461 0.526255 0.122473 0.807057 0.540511 1 81 1.000000
  81 3.639035 4.665920 49.233871 0.871442 0.479271 -0.104346 0.801707 0.434192 2 81 0.931044 68 0.068956
  81 4.045059 3.174356 46.227211 0.883981 0.466255 -0.034400 0.755601 0.525378 1 81 1.000000
angel_hair_new
  81 4.208436 4.284521 43.144234 0.799204 0.550768 0.240681 0.818710 0.610693 1 81 1.000000
  81 3.532152 4.270398 45.422211 0.841461 0.526255 0.122473 0.807057 0.540511 1 81 1.000000
  81 4.045059 3.174356 46.227211 0.883981 0.466255 -0.034400 0.755601 0.525378 1 81 1.000000
angel_hair_new
  81 3.864685 2.303833 49.200928 0.006564 -0.999116 -0.041526 0.712208 0.440521 1 81 1.000000
  81 4.045059 3.174356 46.227211 0.790788 -0.588577 -0.168023 0.755601 0.525378 1 81 1.000000
  81 4.322870 3.622413 49.192493 0.945536 -0.325237 -0.013513 0.754159 0.432914 1 81 1.000000
angel_hair_new
  81 3.864685 2.303833 49.200928 0.006564 -0.999116 -0.041526 0.712208 0.440521 1 81 1.000000
  81 3.616446 2.605295 46.343201 0.246958 -0.947926 -0.201114 0.733540 0.526796 1 81 1.000000
  81 4.045059 3.174356 46.227211 0.790788 -0.588577 -0.168023 0.755601 0.525378 1 81 1.000000
angel_hair_new
  81 3.616446 2.605295 46.343201 0.246958 -0.947926 -0.201114 0.733540 0.526796 1 81 1.000000
  81 4.208436 4.284521 43.144234 0.752844 -0.635514 -0.171310 0.818710 0.610693 1 81 1.000000
  81 4.045059 3.174356 46.227211 0.790788 -0.588577 -0.168023 0.755601 0.525378 1 81 1.000000
angel_hair_new
  81 4.164804 2.176066 52.042789 0.938238 -0.326749 -0.113774 -0.001683 0.160074 2 81 0.918896 68 0.081104
  81 3.864685 2.303833 49.200928 0.938238 -0.326749 -0.113774 -0.003906 0.246775 1 81 1.000000
  81 4.322870 3.622413 49.192493 0.938238 -0.326749 -0.113774 0.058657 0.234082 1 81 1.000000
angel_hair_new
  81 4.322870 3.622413 49.192493 -0.038409 -0.006257 -0.999242 0.525670 0.424828 1 81 1.000000
  81 3.944637 1.072709 49.196266 -0.038409 -0.006257 -0.999242 0.491250 0.356199 1 81 1.000000
  81 3.864685 2.303833 49.200928 -0.038409 -0.006257 -0.999242 0.496722 0.395421 1 81 1.000000
angel_hair_new
  81 2.834974 2.888593 45.660633 -0.694363 -0.632219 -0.343742 0.859820 0.536333 1 81 1.000000
  81 4.208436 4.284521 43.144234 0.043896 -0.888192 -0.457372 0.818710 0.610693 1 81 1.000000
  81 3.616446 2.605295 46.343201 0.246958 -0.947926 -0.201114 0.889386 0.533162 1 81 1.000000
angel_hair_new
  81 2.834974 2.888593 45.660633 -0.694363 -0.632219 -0.343742 0.859820 0.536333 1 81 1.000000
  81 3.616446 2.605295 46.343201 0.246958 -0.947926 -0.201114 0.889386 0.533162 1 81 1.000000
  81 2.836439 2.786532 49.425411 -0.851295 -0.519879 0.070875 0.886948 0.435441 1 81 1.000000
angel_hair_new
  81 3.616446 2.605295 46.343201 0.246958 -0.947926 -0.201114 0.889386 0.533162 1 81 1.000000
  81 3.864685 2.303833 49.200928 0.006564 -0.999116 -0.041526 0.925569 0.444594 1 81 1.000000
  81 2.836439 2.786532 49.425411 -0.851295 -0.519879 0.070875 0.886948 0.435441 1 81 1.000000
angel_hair_new
  81 2.834974 2.888593 45.660633 -0.694363 -0.632219 -0.343742 0.859820 0.536333 1 81 1.000000
  81 2.834974 4.329273 45.425968 -0.961044 -0.039601 -0.273544 0.824956 0.535365 1 81 1.000000
  81 4.208436 4.284521 43.144234 -0.853453 -0.088093 -0.513671 0.818710 0.610693 1 81 1.000000
angel_hair_new
  81 2.834974 2.888593 45.660633 -0.694363 -0.632219 -0.343742 0.859820 0.536333 1 81 1.000000
  81 2.836439 2.786532 49.425411 -0.851295 -0.519879 0.070875 0.886948 0.435441 1 81 1.000000
  81 2.834974 4.329273 45.425968 -0.961044 -0.039601 -0.273544 0.824956 0.535365 1 81 1.000000
angel_hair_new
  81 2.836439 2.786532 49.425411 -0.851295 -0.519879 0.070875 0.886948 0.435441 1 81 1.000000
  81 2.875002 5.009820 49.432564 -0.993316 -0.016724 0.114213 0.825461 0.431812 2 81 0.923560 68 0.076440
  81 2.834974 4.329273 45.425968 -0.961044 -0.039601 -0.273544 0.824956 0.535365 1 81 1.000000
angel_hair_new
  68 3.331254 4.400863 52.285877 -0.893682 -0.373812 0.248186 0.855128 0.342219 3 68 0.504267 81 0.389251 69 0.106482
  81 2.875002 5.009820 49.432564 -0.993316 -0.016724 0.114213 0.825461 0.431812 2 81 0.923560 68 0.076440
  81 2.836439 2.786532 49.425411 -0.851295 -0.519879 0.070875 0.886948 0.435441 1 81 1.000000
angel_hair_new
  81 3.864685 2.303833 49.200928 0.006564 -0.999116 -0.041526 0.925569 0.444594 1 81 1.000000
  81 4.164804 2.176066 52.042789 -0.635536 -0.771871 -0.017566 0.925569 0.349855 2 81 0.918896 68 0.081104
  81 2.836439 2.786532 49.425411 -0.851295 -0.519879 0.070875 0.886948 0.435441 1 81 1.000000
angel_hair_new
  81 3.440811 2.496861 52.373196 -0.611982 -0.712148 -0.343982 0.885728 0.341707 3 81 0.593012 68 0.334466 69 0.072521
  68 3.331254 4.400863 52.285877 -0.893682 -0.373812 0.248186 0.855128 0.342219 3 68 0.504267 81 0.389251 69 0.106482
  81 2.836439 2.786532 49.425411 -0.851295 -0.519879 0.070875 0.886948 0.435441 1 81 1.000000
angel_hair_new
  81 4.164804 2.176066 52.042789 -0.635536 -0.771871 -0.017566 0.925569 0.349855 2 81 0.918896 68 0.081104
  81 3.440811 2.496861 52.373196 -0.611982 -0.712148 -0.343982 0.885728 0.341707 3 81 0.593012 68 0.334466 69 0.072521
  81 2.836439 2.786532 49.425411 -0.851295 -0.519879 0.070875 0.886948 0.435441 1 81 1.000000
angel_hair_new
  81 3.440811 2.496861 52.373196 -0.611982 -0.712148 -0.343982 0.885728 0.341707 3 81 0.593012 68 0.334466 69 0.072521
  81 4.164804 2.176066 52.042789 -0.635536 -0.771871 -0.017566 0.925569 0.349855 2 81 0.918896 68 0.081104
  79 3.844519 0.989670 56.325569 -0.861813 -0.501504 -0.075972 0.925569 0.189028 3 79 0.822741 67 0.117953 81 0.059307
angel_hair_new
  79 3.496766 2.347150 57.234009 -0.301581 -0.952744 -0.036440 0.885728 0.189028 3 79 0.501132 67 0.425683 68 0.073186
  81 3.440811 2.496861 52.373196 -0.611982 -0.712148 -0.343982 0.885728 0.341707 3 81 0.593012 68 0.334466 69 0.072521
  79 3.844519 0.989670 56.325569 -0.861813 -0.501504 -0.075972 0.925569 0.189028 3 79 0.822741 67 0.117953 81 0.059307
angel_hair_new
  81 4.240716 2.727429 46.258759 -0.963324 0.020056 -0.267590 0.571576 0.354808 1 81 1.000000
  81 4.646447 3.481731 46.261303 -0.869289 0.468116 -0.158758 0.587181 0.371870 1 81 1.000000
  81 5.078871 3.546544 44.498688 -0.863544 0.465149 -0.194751 0.622416 0.329840 1 81 1.000000
angel_hair_new
  81 4.240716 2.727429 46.258759 -0.963324 0.020056 -0.267590 0.571576 0.354808 1 81 1.000000
  81 4.322870 3.622413 49.192493 -0.977578 0.207485 -0.035922 0.525670 0.424828 1 81 1.000000
  81 4.646447 3.481731 46.261303 -0.869289 0.468116 -0.158758 0.587181 0.371870 1 81 1.000000
angel_hair_new
  81 4.240716 2.727429 46.258759 -0.963324 0.020056 -0.267590 0.571576 0.354808 1 81 1.000000
  81 3.944637 1.072709 49.196266 -0.731097 -0.663265 -0.159928 0.491250 0.356199 1 81 1.000000
  81 4.322870 3.622413 49.192493 -0.977578 0.207485 -0.035922 0.525670 0.424828 1 81 1.000000
angel_hair_new
  81 4.240716 2.727429 46.258759 -0.963324 0.020056 -0.267590 0.571576 0.354808 1 81 1.000000
  81 5.078871 3.546544 44.498688 -0.793952 -0.319592 -0.517206 0.622416 0.329840 1 81 1.000000
  81 4.630044 2.015349 46.140736 -0.000042 -0.801464 -0.598043 0.564875 0.334225 1 81 1.000000
angel_hair_new
  81 3.944637 1.072709 49.196266 -0.731097 -0.663265 -0.159928 0.491250 0.356199 1 81 1.000000
  81 4.240716 2.727429 46.258759 -0.963324 0.020056 -0.267590 0.571576 0.354808 1 81 1.000000
  81 4.630044 2.015349 46.140736 -0.000042 -0.801464 -0.598043 0.564875 0.334225 1 81 1.000000
angel_hair_new
  81 4.630044 2.015349 46.140736 -0.000042 -0.801464 -0.598043 0.564875 0.334225 1 81 1.000000
  81 5.078871 3.546544 44.498688 0.878929 -0.444121 -0.173896 0.622416 0.329840 1 81 1.000000
  81 5.035774 2.765310 46.276085 0.878640 -0.406800 -0.250012 0.572568 0.311481 1 81 1.000000
angel_hair_new
  81 5.069339 1.060932 48.899570 0.548591 -0.803249 -0.232034 0.499708 0.323597 1 81 1.000000
  81 4.630044 2.015349 46.140736 -0.000042 -0.801464 -0.598043 0.564875 0.334225 1 81 1.000000
  81 5.035774 2.765310 46.276085 0.878640 -0.406800 -0.250012 0.572568 0.311481 1 81 1.000000
angel_hair_new
  81 3.944637 1.072709 49.196266 -0.731097 -0.663265 -0.159928 0.491250 0.356199 1 81 1.000000
  81 4.630044 2.015349 46.140736 -0.000042 -0.801464 -0.598043 0.564875 0.334225 1 81 1.000000
  81 5.069339 1.060932 48.899570 0.548591 -0.803249 -0.232034 0.499708 0.323597 1 81 1.000000
angel_hair_new
  81 5.069339 1.060932 48.899570 0.548591 -0.803249 -0.232034 0.499708 0.323597 1 81 1.000000
  81 5.035774 2.765310 46.276085 0.878640 -0.406800 -0.250012 0.572568 0.311481 1 81 1.000000
  81 5.672957 2.769181 49.080772 0.922778 -0.359976 -0.137466 0.509723 0.277042 1 81 1.000000
angel_hair_new
  81 5.069339 1.060932 48.899570 0.548591 -0.803249 -0.232034 0.499708 0.323597 1 81 1.000000
  81 5.672957 2.769181 49.080772 0.922778 -0.359976 -0.137466 0.509723 0.277042 1 81 1.000000
  81 5.637140 1.883828 51.772583 0.850356 -0.505523 -0.146082 0.425493 0.280273 1 81 1.000000
angel_hair_new
  81 4.932718 0.755817 51.637699 0.513214 -0.824007 -0.240048 0.425493 0.326920 1 81 1.000000
  81 5.069339 1.060932 48.899570 0.548591 -0.803249 -0.232034 0.499708 0.323597 1 81 1.000000
  81 5.637140 1.883828 51.772583 0.850356 -0.505523 -0.146082 0.425493 0.280273 1 81 1.000000
angel_hair_new
  81 3.944637 1.072709 49.196266 -0.731097 -0.663265 -0.159928 0.491250 0.356199 1 81 1.000000
  81 5.069339 1.060932 48.899570 0.548591 -0.803249 -0.232034 0.499708 0.323597 1 81 1.000000
  81 4.932718 0.755817 51.637699 0.513214 -0.824007 -0.240048 0.425493 0.326920 1 81 1.000000
angel_hair_new
  81 4.932718 0.755817 51.637699 0.513214 -0.824007 -0.240048 0.425493 0.326920 1 81 1.000000
  81 5.637140 1.883828 51.772583 0.850356 -0.505523 -0.146082 0.425493 0.280273 1 81 1.000000
  79 5.455188 -0.526652 55.782242 0.727113 -0.615387 -0.304313 0.314227 0.283606 3 79 0.722562 80 0.143203 82 0.134236
angel_hair_new
  79 4.682439 -0.889748 55.306156 0.445828 -0.823423 -0.351016 0.314227 0.326215 2 79 0.601989 80 0.398011
  81 4.932718 0.755817 51.637699 0.513214 -0.824007 -0.240048 0.425493 0.326920 1 81 1.000000
  79 5.455188 -0.526652 55.782242 0.727113 -0.615387 -0.304313 0.314227 0.283606 3 79 0.722562 80 0.143203 82 0.134236
angel_hair_new
  81 3.697079 0.468588 51.851982 -0.772376 -0.596044 -0.219468 0.425493 0.367868 2 81 0.561787 80 0.438213
  81 4.932718 0.755817 51.637699 0.513214 -0.824007 -0.240048 0.425493 0.326920 1 81 1.000000
  79 4.682439 -0.889748 55.306156 0.445828 -0.823423 -0.351016 0.314227 0.326215 2 79 0.601989 80 0.398011
angel_hair_new
  81 3.697079 0.468588 51.851982 -0.772376 -0.596044 -0.219468 0.425493 0.367868 2 81 0.561787 80 0.438213
  81 3.944637 1.072709 49.196266 -0.731097 -0.663265 -0.159928 0.491250 0.356199 1 81 1.000000
  81 4.932718 0.755817 51.637699 0.513214 -0.824007 -0.240048 0.425493 0.326920 1 81 1.000000
angel_hair_new
  79 3.386597 -0.706554 55.223503 -0.823195 -0.490776 -0.285461 0.314227 0.367834 3 79 0.616694 80 0.275656 81 0.107650
  81 3.697079 0.468588 51.851982 -0.772376 -0.596044 -0.219468 0.425493 0.367868 2 81 0.561787 80 0.438213
  79 4.682439 -0.889748 55.306156 0.445828 -0.823423 -0.351016 0.314227 0.326215 2 79 0.601989 80 0.398011
angel_hair_new
  81 3.944637 1.072709 49.196266 -0.731097 -0.663265 -0.159928 0.491250 0.356199 1 81 1.000000
  81 3.697079 0.468588 51.851982 -0.772376 -0.596044 -0.219468 0.425493 0.367868 2 81 0.561787 80 0.438213
  81 4.164804 2.176066 52.042789 -0.979068 0.199060 0.042446 0.425493 0.412169 2 81 0.918896 68 0.081104
angel_hair_new
  81 4.164804 2.176066 52.042789 -0.979068 0.199060 0.042446 0.425493 0.412169 2 81 0.918896 68 0.081104
  81 3.697079 0.468588 51.851982 -0.772376 -0.596044 -0.219468 0.425493 0.367868 2 81 0.561787 80 0.438213
  79 3.386597 -0.706554 55.223503 -0.823195 -0.490776 -0.285461 0.314227 0.367834 3 79 0.616694 80 0.275656 81 0.107650
angel_hair_new
  81 3.864685 2.303833 49.200928 -0.990943 0.134283 -0.000453 0.496722 0.395421 1 81 1.000000
  81 3.944637 1.072709 49.196266 -0.731097 -0.663265 -0.159928 0.491250 0.356199 1 81 1.000000
  81 4.164804 2.176066 52.042789 -0.979068 0.199060 0.042446 0.425493 0.412169 2 81 0.918896 68 0.081104
angel_hair_new
  79 3.844519 0.989670 56.325569 -0.958039 0.285702 -0.023134 0.314227 0.420632 3 79 0.822741 67 0.117953 81 0.059307
  81 4.164804 2.176066 52.042789 -0.979068 0.199060 0.042446 0.425493 0.412169 2 81 0.918896 68 0.081104
  79 3.386597 -0.706554 55.223503 -0.823195 -0.490776 -0.285461 0.314227 0.367834 3 79 0.616694 80 0.275656 81 0.107650
angel_hair_new
  14 4.163498 -0.672518 63.650635 0.734246 -0.065031 0.675761 0.167377 0.378435 1 14 1.000000
  14 3.913272 2.036899 63.490208 0.707273 0.261209 0.656913 0.173859 0.454686 2 14 0.884334 79 0.115666
  14 2.663605 -0.700797 64.742622 0.370382 -0.092881 0.924224 0.219383 0.377647 1 14 1.000000
angel_hair_new
  14 3.928172 -2.363927 63.411957 0.700947 -0.218307 0.678980 0.167639 0.324143 2 14 0.870472 77 0.129528
  14 4.163498 -0.672518 63.650635 0.734246 -0.065031 0.675761 0.167377 0.378435 1 14 1.000000
  14 2.663605 -0.700797 64.742622 0.370382 -0.092881 0.924224 0.219383 0.377647 1 14 1.000000
angel_hair_new
  14 4.163498 -0.672518 63.650635 0.734246 -0.065031 0.675761 0.167377 0.378435 1 14 1.000000
  14 3.928172 -2.363927 63.411957 0.700947 -0.218307 0.678980 0.167639 0.324143 2 14 0.870472 77 0.129528
  14 4.926062 -1.959150 61.715103 0.927890 -0.203698 0.312294 0.103883 0.324143 2 14 0.830320 82 0.169680
angel_hair_new
  14 5.298810 -0.377320 61.763271 0.949056 -0.074199 0.306247 0.100404 0.390668 2 14 0.908918 79 0.091082
  14 4.163498 -0.672518 63.650635 0.734246 -0.065031 0.675761 0.167377 0.378435 1 14 1.000000
  14 4.926062 -1.959150 61.715103 0.927890 -0.203698 0.312294 0.103883 0.324143 2 14 0.830320 82 0.169680
angel_hair_new
  14 3.913272 2.036899 63.490208 0.707273 0.261209 0.656913 0.173859 0.454686 2 14 0.884334 79 0.115666
  14 4.163498 -0.672518 63.650635 0.734246 -0.065031 0.675761 0.167377 0.378435 1 14 1.000000
  14 5.298810 -0.377320 61.763271 0.949056 -0.074199 0.306247 0.100404 0.390668 2 14 0.908918 79 0.091082
angel_hair_new
  14 2.547605 -2.620950 64.153053 0.325331 -0.289007 0.900353 0.217511 0.312516 2 14 0.596813 77 0.403187
  14 3.928172 -2.363927 63.411957 0.700947 -0.218307 0.678980 0.167639 0.324143 2 14 0.870472 77 0.129528
  14 2.663605 -0.700797 64.742622 0.370382 -0.092881 0.924224 0.219383 0.377647 1 14 1.000000
angel_hair_new
  14 4.979180 2.173099 61.759033 0.899867 0.268404 0.343800 0.115569 0.470098 2 14 0.592808 79 0.407193
  14 3.913272 2.036899 63.490208 0.707273 0.261209 0.656913 0.173859 0.454686 2 14 0.884334 79 0.115666
  14 5.298810 -0.377320 61.763271 0.949056 -0.074199 0.306247 0.100404 0.390668 2 14 0.908918 79 0.091082
angel_hair_new
  14 2.547605 -2.620950 64.153053 0.325331 -0.289007 0.900353 0.217511 0.312516 2 14 0.596813 77 0.403187
  14 2.663605 -0.700797 64.742622 0.370382 -0.092881 0.924224 0.219383 0.377647 1 14 1.000000
  14 1.137716 -0.700768 65.010185 0.015443 -0.111518 0.993642 0.263041 0.378122 1 14 1.000000
angel_hair_new
  14 1.141100 -2.923099 64.207001 0.011087 -0.319940 0.947373 0.261495 0.312516 2 14 0.873769 77 0.126231
  14 2.547605 -2.620950 64.153053 0.325331 -0.289007 0.900353 0.217511 0.312516 2 14 0.596813 77 0.403187
  14 1.137716 -0.700768 65.010185 0.015443 -0.111518 0.993642 0.263041 0.378122 1 14 1.000000
angel_hair_new
  14 1.141100 -2.923099 64.207001 0.011087 -0.319940 0.947373 0.261495 0.312516 2 14 0.873769 77 0.126231
  14 1.137716 -0.700768 65.010185 0.015443 -0.111518 0.993642 0.263041 0.378122 1 14 1.000000
  14 -0.000001 -2.731226 64.143417 0.011087 -0.319940 0.947373 0.297592 0.312516 1 14 1.000000
angel_hair_new
  14 3.913272 2.036899 63.490208 0.707273 0.261209 0.656913 0.173859 0.454686 2 14 0.884334 79 0.115666
  14 2.547605 2.158101 64.479515 0.373419 0.260374 0.890373 0.219774 0.455147 1 14 1.000000
  14 2.663605 -0.700797 64.742622 0.370382 -0.092881 0.924224 0.219383 0.377647 1 14 1.000000
angel_hair_new
  14 2.663605 -0.700797 64.742622 0.370382 -0.092881 0.924224 0.219383 0.377647 1 14 1.000000
  14 2.547605 2.158101 64.479515 0.373419 0.260374 0.890373 0.219774 0.455147 1 14 1.000000
  14 1.137716 -0.700768 65.010185 0.015443 -0.111518 0.993642 0.263041 0.378122 1 14 1.000000
angel_hair_new
  14 3.415122 3.802253 63.011032 0.633485 0.521856 0.571282 0.182164 0.506114 2 14 0.851302 67 0.148698
  14 3.913272 2.036899 63.490208 0.707273 0.261209 0.656913 0.173859 0.454686 2 14 0.884334 79 0.115666
  14 4.979180 2.173099 61.759033 0.899867 0.268404 0.343800 0.115569 0.470098 2 14 0.592808 79 0.407193
angel_hair_new
  14 3.913272 2.036899 63.490208 0.707273 0.261209 0.656913 0.173859 0.454686 2 14 0.884334 79 0.115666
  14 3.415122 3.802253 63.011032 0.633485 0.521856 0.571282 0.182164 0.506114 2 14 0.851302 67 0.148698
  14 2.547605 2.158101 64.479515 0.373419 0.260374 0.890373 0.219774 0.455147 1 14 1.000000
angel_hair_new
  14 3.913270 4.313022 61.630150 0.704523 0.633573 0.319738 0.148463 0.537041 3 14 0.550642 67 0.291774 79 0.157585
  14 3.415122 3.802253 63.011032 0.633485 0.521856 0.571282 0.182164 0.506114 2 14 0.851302 67 0.148698
  14 4.979180 2.173099 61.759033 0.899867 0.268404 0.343800 0.115569 0.470098 2 14 0.592808 79 0.407193
angel_hair_new
  14 3.415122 3.802253 63.011032 0.633485 0.521856 0.571282 0.182164 0.506114 2 14 0.851302 67 0.148698
  14 2.414366 4.304703 63.433533 0.304102 0.684597 0.662457 0.212599 0.517727 2 14 0.848269 67 0.151731
  14 2.547605 2.158101 64.479515 0.373419 0.260374 0.890373 0.219774 0.455147 1 14 1.000000
angel_hair_new
  14 2.414366 4.304703 63.433533 0.304102 0.684597 0.662457 0.212599 0.517727 2 14 0.848269 67 0.151731
  14 3.415122 3.802253 63.011032 0.633485 0.521856 0.571282 0.182164 0.506114 2 14 0.851302 67 0.148698
  14 3.913270 4.313022 61.630150 0.704523 0.633573 0.319738 0.148463 0.537041 3 14 0.550642 67 0.291774 79 0.157585
angel_hair_new
  14 2.547605 2.158101 64.479515 0.373419 0.260374 0.890373 0.219774 0.455147 1 14 1.000000
  14 1.079715 2.213536 64.729256 -0.035968 0.274962 0.960782 0.260081 0.459896 1 14 1.000000
  14 1.137716 -0.700768 65.010185 0.015443 -0.111518 0.993642 0.263041 0.378122 1 14 1.000000
angel_hair_new
  14 2.547605 2.158101 64.479515 0.373419 0.260374 0.890373 0.219774 0.455147 1 14 1.000000
  14 2.414366 4.304703 63.433533 0.304102 0.684597 0.662457 0.212599 0.517727 2 14 0.848269 67 0.151731
  14 1.079715 2.213536 64.729256 -0.035968 0.274962 0.960782 0.260081 0.459896 1 14 1.000000
angel_hair_new
  14 1.137716 -0.700768 65.010185 0.015443 -0.111518 0.993642 0.263041 0.378122 1 14 1.000000
  14 1.079715 2.213536 64.729256 -0.035968 0.274962 0.960782 0.260081 0.459896 1 14 1.000000
  14 0.000000 -0.700739 64.766068 0.015443 -0.111518 0.993642 0.297592 0.378308 1 14 1.000000
angel_hair_new
  14 1.137716 -0.700768 65.010185 0.015443 -0.111518 0.993642 0.263041 0.378122 1 14 1.000000
  14 0.000000 -0.700739 64.766068 0.015443 -0.111518 0.993642 0.297592 0.378308 1 14 1.000000
  14 -0.000001 -2.731226 64.143417 0.011087 -0.319940 0.947373 0.297592 0.312516 1 14 1.000000
angel_hair_new
  14 -0.000001 -2.731226 64.143417 0.011087 -0.319940 0.947373 0.297592 0.312516 1 14 1.000000
  14 0.000000 -0.700739 64.766068 0.015443 -0.111518 0.993642 0.297592 0.378308 1 14 1.000000
  14 -1.137715 -0.700767 65.010193 0.015443 -0.111518 0.993642 0.263041 0.378122 1 14 1.000000
angel_hair_new
  14 -1.141101 -2.923098 64.207001 0.011087 -0.319940 0.947373 0.261495 0.312516 2 14 0.873769 77 0.126231
  14 -0.000001 -2.731226 64.143417 0.011087 -0.319940 0.947373 0.297592 0.312516 1 14 1.000000
  14 -1.137715 -0.700767 65.010193 0.015443 -0.111518 0.993642 0.263041 0.378122 1 14 1.000000
angel_hair_new
  14 -2.547606 -2.620950 64.153053 -0.325327 -0.289008 0.900353 0.217511 0.312516 2 14 0.596813 77 0.403187
  14 -1.141101 -2.923098 64.207001 0.011087 -0.319940 0.947373 0.261495 0.312516 2 14 0.873769 77 0.126231
  14 -1.137715 -0.700767 65.010193 0.015443 -0.111518 0.993642 0.263041 0.378122 1 14 1.000000
angel_hair_new
  14 2.159431 5.366404 61.745842 0.272111 0.895348 0.352573 0.200764 0.574033 2 14 0.507475 67 0.492526
  14 2.414366 4.304703 63.433533 0.304102 0.684597 0.662457 0.212599 0.517727 2 14 0.848269 67 0.151731
  14 3.913270 4.313022 61.630150 0.704523 0.633573 0.319738 0.148463 0.537041 3 14 0.550642 67 0.291774 79 0.157585
angel_hair_new
  14 2.159431 5.366404 61.745842 0.272111 0.895348 0.352573 0.200764 0.574033 2 14 0.507475 67 0.492526
  14 3.913270 4.313022 61.630150 0.704523 0.633573 0.319738 0.148463 0.537041 3 14 0.550642 67 0.291774 79 0.157585
  67 4.163497 4.565795 59.486378 0.743860 0.666098 0.054634 0.104169 0.588552 3 67 0.604506 79 0.229079 14 0.166416
angel_hair_new
  67 2.275431 5.938486 59.430332 0.555065 0.827877 0.080764 0.158612 0.626081 2 67 0.871293 14 0.128707
  14 2.159431 5.366404 61.745842 0.272111 0.895348 0.352573 0.200764 0.574033 2 14 0.507475 67 0.492526
  67 4.163497 4.565795 59.486378 0.743860 0.666098 0.054634 0.104169 0.588552 3 67 0.604506 79 0.229079 14 0.166416
angel_hair_new
  14 1.013096 4.431792 63.627953 -0.064300 0.682361 0.728182 0.249704 0.526169 2 14 0.855568 67 0.144433
  14 2.414366 4.304703 63.433533 0.304102 0.684597 0.662457 0.212599 0.517727 2 14 0.848269 67 0.151731
  14 2.159431 5.366404 61.745842 0.272111 0.895348 0.352573 0.200764 0.574033 2 14 0.507475 67 0.492526
angel_hair_new
  14 2.414366 4.304703 63.433533 0.304102 0.684597 0.662457 0.212599 0.517727 2 14 0.848269 67 0.151731
  14 1.013096 4.431792 63.627953 -0.064300 0.682361 0.728182 0.249704 0.526169 2 14 0.855568 67 0.144433
  14 1.079715 2.213536 64.729256 -0.035968 0.274962 0.960782 0.260081 0.459896 1 14 1.000000
angel_hair_new
  67 0.000001 5.254280 61.859722 -0.000011 0.915494 0.402331 0.290443 0.575731 2 67 0.503523 14 0.496477
  14 1.013096 4.431792 63.627953 -0.064300 0.682361 0.728182 0.249704 0.526169 2 14 0.855568 67 0.144433
  14 2.159431 5.366404 61.745842 0.272111 0.895348 0.352573 0.200764 0.574033 2 14 0.507475 67 0.492526
angel_hair_new
  14 0.000001 4.246755 63.313816 0.000002 0.675177 0.737656 0.297592 0.534732 2 14 0.823863 67 0.176137
  14 1.013096 4.431792 63.627953 -0.064300 0.682361 0.728182 0.249704 0.526169 2 14 0.855568 67 0.144433
  67 0.000001 5.254280 61.859722 -0.000011 0.915494 0.402331 0.290443 0.575731 2 67 0.503523 14 0.496477
angel_hair_new
  14 1.079715 2.213536 64.729256 -0.035968 0.274962 0.960782 0.260081 0.459896 1 14 1.000000
  14 1.013096 4.431792 63.627953 -0.064300 0.682361 0.728182 0.249704 0.526169 2 14 0.855568 67 0.144433
  14 0.000000 2.268969 64.467316 -0.000002 0.301298 0.953530 0.297592 0.467803 1 14 1.000000
angel_hair_new
  14 1.013096 4.431792 63.627953 -0.064300 0.682361 0.728182 0.249704 0.526169 2 14 0.855568 67 0.144433
  14 0.000001 4.246755 63.313816 0.000002 0.675177 0.737656 0.297592 0.534732 2 14 0.823863 67 0.176137
  14 0.000000 2.268969 64.467316 -0.000002 0.301298 0.953530 0.297592 0.467803 1 14 1.000000
angel_hair_new
  14 1.079715 2.213536 64.729256 -0.035968 0.274962 0.960782 0.260081 0.459896 1 14 1.000000
  14 0.000000 2.268969 64.467316 -0.000002 0.301298 0.953530 0.297592 0.467803 1 14 1.000000
  14 0.000000 -0.700739 64.766068 0.015443 -0.111518 0.993642 0.297592 0.378308 1 14 1.000000
angel_hair_new
  14 -1.013095 4.431793 63.627953 0.064349 0.682380 0.728159 0.249704 0.526169 2 14 0.855568 67 0.144433
  14 0.000001 4.246755 63.313816 0.000002 0.675177 0.737656 0.297592 0.534732 2 14 0.823863 67 0.176137
  67 0.000001 5.254280 61.859722 -0.000011 0.915494 0.402331 0.290443 0.575731 2 67 0.503523 14 0.496477
angel_hair_new
  14 0.000000 2.268969 64.467316 -0.000002 0.301298 0.953530 0.297592 0.467803 1 14 1.000000
  14 0.000001 4.246755 63.313816 0.000002 0.675177 0.737656 0.297592 0.534732 2 14 0.823863 67 0.176137
  14 -1.013095 4.431793 63.627953 0.064349 0.682380 0.728159 0.249704 0.526169 2 14 0.855568 67 0.144433
angel_hair_new
  14 -1.013095 4.431793 63.627953 0.064349 0.682380 0.728159 0.249704 0.526169 2 14 0.855568 67 0.144433
  67 0.000001 5.254280 61.859722 -0.000011 0.915494 0.402331 0.290443 0.575731 2 67 0.503523 14 0.496477
  14 -2.159427 5.366405 61.745842 -0.271421 0.890384 0.365442 0.200764 0.574033 2 14 0.507475 67 0.492526
angel_hair_new
  14 0.000000 -0.700739 64.766068 0.015443 -0.111518 0.993642 0.297592 0.378308 1 14 1.000000
  14 0.000000 2.268969 64.467316 -0.000002 0.301298 0.953530 0.297592 0.467803 1 14 1.000000
  14 -1.079714 2.213536 64.729256 0.035970 0.274963 0.960782 0.260081 0.459896 1 14 1.000000
angel_hair_new
  14 -1.079714 2.213536 64.729256 0.035970 0.274963 0.960782 0.260081 0.459896 1 14 1.000000
  14 0.000000 2.268969 64.467316 -0.000002 0.301298 0.953530 0.297592 0.467803 1 14 1.000000
  14 -1.013095 4.431793 63.627953 0.064349 0.682380 0.728159 0.249704 0.526169 2 14 0.855568 67 0.144433
angel_hair_new
  14 -1.137715 -0.700767 65.010193 0.015443 -0.111518 0.993642 0.263041 0.378122 1 14 1.000000
  14 0.000000 -0.700739 64.766068 0.015443 -0.111518 0.993642 0.297592 0.378308 1 14 1.000000
  14 -1.079714 2.213536 64.729256 0.035970 0.274963 0.960782 0.260081 0.459896 1 14 1.000000
angel_hair_new
  14 -2.414363 4.304705 63.433533 -0.304101 0.684598 0.662456 0.212599 0.517727 2 14 0.848269 67 0.151731
  14 -1.013095 4.431793 63.627953 0.064349 0.682380 0.728159 0.249704 0.526169 2 14 0.855568 67 0.144433
  14 -2.159427 5.366405 61.745842 -0.271421 0.890384 0.365442 0.200764 0.574033 2 14 0.507475 67 0.492526
angel_hair_new
  14 -1.079714 2.213536 64.729256 0.035970 0.274963 0.960782 0.260081 0.459896 1 14 1.000000
  14 -1.013095 4.431793 63.627953 0.064349 0.682380 0.728159 0.249704 0.526169 2 14 0.855568 67 0.144433
  14 -2.414363 4.304705 63.433533 -0.304101 0.684598 0.662456 0.212599 0.517727 2 14 0.848269 67 0.151731
angel_hair_new
  14 -2.159427 5.366405 61.745842 -0.271421 0.890384 0.365442 0.200764 0.574033 2 14 0.507475 67 0.492526
  67 -2.275428 5.938487 59.430332 -0.555064 0.827877 0.080763 0.158612 0.626081 2 67 0.871293 14 0.128707
  67 -4.163495 4.565797 59.486378 -0.737081 0.665756 0.116109 0.104169 0.588552 3 67 0.604506 70 0.229079 14 0.166416
angel_hair_new
  14 -3.913268 4.313024 61.630150 -0.704526 0.633572 0.319735 0.148463 0.537041 3 14 0.550642 67 0.291774 70 0.157585
  14 -2.159427 5.366405 61.745842 -0.271421 0.890384 0.365442 0.200764 0.574033 2 14 0.507475 67 0.492526
  67 -4.163495 4.565797 59.486378 -0.737081 0.665756 0.116109 0.104169 0.588552 3 67 0.604506 70 0.229079 14 0.166416
angel_hair_new
  14 -2.414363 4.304705 63.433533 -0.304101 0.684598 0.662456 0.212599 0.517727 2 14 0.848269 67 0.151731
  14 -2.159427 5.366405 61.745842 -0.271421 0.890384 0.365442 0.200764 0.574033 2 14 0.507475 67 0.492526
  14 -3.913268 4.313024 61.630150 -0.704526 0.633572 0.319735 0.148463 0.537041 3 14 0.550642 67 0.291774 70 0.157585
angel_hair_new
  14 -3.415120 3.802254 63.011040 -0.633482 0.521858 0.571283 0.182164 0.506114 2 14 0.851302 67 0.148698
  14 -2.414363 4.304705 63.433533 -0.304101 0.684598 0.662456 0.212599 0.517727 2 14 0.848269 67 0.151731
  14 -3.913268 4.313024 61.630150 -0.704526 0.633572 0.319735 0.148463 0.537041 3 14 0.550642 67 0.291774 70 0.157585
angel_hair_new
  14 -3.415120 3.802254 63.011040 -0.633482 0.521858 0.571283 0.182164 0.506114 2 14 0.851302 67 0.148698
  14 -3.913268 4.313024 61.630150 -0.704526 0.633572 0.319735 0.148463 0.537041 3 14 0.550642 67 0.291774 70 0.157585
  14 -4.979177 2.173100 61.759033 -0.899867 0.268405 0.343798 0.115569 0.470098 2 14 0.592808 70 0.407193
angel_hair_new
  14 -2.547603 2.158102 64.479515 -0.373369 0.260404 0.890385 0.219774 0.455147 1 14 1.000000
  14 -1.079714 2.213536 64.729256 0.035970 0.274963 0.960782 0.260081 0.459896 1 14 1.000000
  14 -2.414363 4.304705 63.433533 -0.304101 0.684598 0.662456 0.212599 0.517727 2 14 0.848269 67 0.151731
angel_hair_new
  14 -2.547603 2.158102 64.479515 -0.373369 0.260404 0.890385 0.219774 0.455147 1 14 1.000000
  14 -2.414363 4.304705 63.433533 -0.304101 0.684598 0.662456 0.212599 0.517727 2 14 0.848269 67 0.151731
  14 -3.415120 3.802254 63.011040 -0.633482 0.521858 0.571283 0.182164 0.506114 2 14 0.851302 67 0.148698
angel_hair_new
  14 -1.137715 -0.700767 65.010193 0.015443 -0.111518 0.993642 0.263041 0.378122 1 14 1.000000
  14 -1.079714 2.213536 64.729256 0.035970 0.274963 0.960782 0.260081 0.459896 1 14 1.000000
  14 -2.547603 2.158102 64.479515 -0.373369 0.260404 0.890385 0.219774 0.455147 1 14 1.000000
angel_hair_new
  14 -3.913269 2.036900 63.490211 -0.707272 0.261210 0.656914 0.173859 0.454686 2 14 0.884334 70 0.115666
  14 -3.415120 3.802254 63.011040 -0.633482 0.521858 0.571283 0.182164 0.506114 2 14 0.851302 67 0.148698
  14 -4.979177 2.173100 61.759033 -0.899867 0.268405 0.343798 0.115569 0.470098 2 14 0.592808 70 0.407193
angel_hair_new
  14 -3.913269 2.036900 63.490211 -0.707272 0.261210 0.656914 0.173859 0.454686 2 14 0.884334 70 0.115666
  14 -2.547603 2.158102 64.479515 -0.373369 0.260404 0.890385 0.219774 0.455147 1 14 1.000000
  14 -3.415120 3.802254 63.011040 -0.633482 0.521858 0.571283 0.182164 0.506114 2 14 0.851302 67 0.148698
angel_hair_new
  14 -3.913269 2.036900 63.490211 -0.707272 0.261210 0.656914 0.173859 0.454686 2 14 0.884334 70 0.115666
  14 -4.979177 2.173100 61.759033 -0.899867 0.268405 0.343798 0.115569 0.470098 2 14 0.592808 70 0.407193
  14 -5.298807 -0.377320 61.763275 -0.949056 -0.074196 0.306247 0.100404 0.390668 2 14 0.908918 70 0.091082
angel_hair_new
  14 -2.663604 -0.700796 64.742630 -0.370383 -0.092882 0.924224 0.219383 0.377647 1 14 1.000000
  14 -1.137715 -0.700767 65.010193 0.015443 -0.111518 0.993642 0.263041 0.378122 1 14 1.000000
  14 -2.547603 2.158102 64.479515 -0.373369 0.260404 0.890385 0.219774 0.455147 1 14 1.000000
angel_hair_new
  14 -2.663604 -0.700796 64.742630 -0.370383 -0.092882 0.924224 0.219383 0.377647 1 14 1.000000
  14 -2.547603 2.158102 64.479515 -0.373369 0.260404 0.890385 0.219774 0.455147 1 14 1.000000
  14 -3.913269 2.036900 63.490211 -0.707272 0.261210 0.656914 0.173859 0.454686 2 14 0.884334 70 0.115666
angel_hair_new
  14 -2.663604 -0.700796 64.742630 -0.370383 -0.092882 0.924224 0.219383 0.377647 1 14 1.000000
  14 -2.547606 -2.620950 64.153053 -0.325327 -0.289008 0.900353 0.217511 0.312516 2 14 0.596813 77 0.403187
  14 -1.137715 -0.700767 65.010193 0.015443 -0.111518 0.993642 0.263041 0.378122 1 14 1.000000
angel_hair_new
  14 -3.928173 -2.363926 63.411968 -0.700936 -0.218262 0.679007 0.167639 0.324143 2 14 0.870472 77 0.129528
  14 -2.547606 -2.620950 64.153053 -0.325327 -0.289008 0.900353 0.217511 0.312516 2 14 0.596813 77 0.403187
  14 -2.663604 -0.700796 64.742630 -0.370383 -0.092882 0.924224 0.219383 0.377647 1 14 1.000000
angel_hair_new
  14 -4.163496 -0.672517 63.650642 -0.734249 -0.065030 0.675758 0.167377 0.378435 1 14 1.000000
  14 -2.663604 -0.700796 64.742630 -0.370383 -0.092882 0.924224 0.219383 0.377647 1 14 1.000000
  14 -3.913269 2.036900 63.490211 -0.707272 0.261210 0.656914 0.173859 0.454686 2 14 0.884334 70 0.115666
angel_hair_new
  14 -4.163496 -0.672517 63.650642 -0.734249 -0.065030 0.675758 0.167377 0.378435 1 14 1.000000
  14 -3.928173 -2.363926 63.411968 -0.700936 -0.218262 0.679007 0.167639 0.324143 2 14 0.870472 77 0.129528
  14 -2.663604 -0.700796 64.742630 -0.370383 -0.092882 0.924224 0.219383 0.377647 1 14 1.000000
angel_hair_new
  14 -4.163496 -0.672517 63.650642 -0.734249 -0.065030 0.675758 0.167377 0.378435 1 14 1.000000
  14 -3.913269 2.036900 63.490211 -0.707272 0.261210 0.656914 0.173859 0.454686 2 14 0.884334 70 0.115666
  14 -5.298807 -0.377320 61.763275 -0.949056 -0.074196 0.306247 0.100404 0.390668 2 14 0.908918 70 0.091082
angel_hair_new
  14 -3.928173 -2.363926 63.411968 -0.700936 -0.218262 0.679007 0.167639 0.324143 2 14 0.870472 77 0.129528
  14 -4.163496 -0.672517 63.650642 -0.734249 -0.065030 0.675758 0.167377 0.378435 1 14 1.000000
  14 -4.926064 -1.959149 61.715111 -0.927890 -0.203697 0.312294 0.103883 0.324143 2 14 0.830320 73 0.169680
angel_hair_new
  14 -4.163496 -0.672517 63.650642 -0.734249 -0.065030 0.675758 0.167377 0.378435 1 14 1.000000
  14 -5.298807 -0.377320 61.763275 -0.949056 -0.074196 0.306247 0.100404 0.390668 2 14 0.908918 70 0.091082
  14 -4.926064 -1.959149 61.715111 -0.927890 -0.203697 0.312294 0.103883 0.324143 2 14 0.830320 73 0.169680
angel_hair_new
  82 5.363030 -2.047414 55.692936 0.734395 -0.588806 -0.337597 0.050663 0.846908 2 82 0.939266 79 0.060734
  82 5.429799 -2.484703 57.603115 0.961897 -0.270196 -0.041817 0.050663 0.912854 1 82 1.000000
  82 4.574507 -3.852960 57.476322 0.045083 -0.988251 -0.146039 0.107556 0.912854 1 82 1.000000
angel_hair_new
  82 3.979533 -3.479964 55.540131 0.734395 -0.588806 -0.337597 0.107556 0.846908 2 82 0.893848 83 0.106152
  82 5.363030 -2.047414 55.692936 0.734395 -0.588806 -0.337597 0.050663 0.846908 2 82 0.939266 79 0.060734
  82 4.574507 -3.852960 57.476322 0.045083 -0.988251 -0.146039 0.107556 0.912854 1 82 1.000000
angel_hair_new
  83 4.456780 -1.534925 53.538483 0.777048 -0.577921 -0.249406 0.050663 0.791007 1 83 1.000000
  82 5.363030 -2.047414 55.692936 0.734395 -0.588806 -0.337597 0.050663 0.846908 2 82 0.939266 79 0.060734
  82 3.979533 -3.479964 55.540131 0.734395 -0.588806 -0.337597 0.107556 0.846908 2 82 0.893848 83 0.106152
angel_hair_new
  83 3.329384 -3.170017 53.771084 0.751601 -0.601668 -0.270354 0.107556 0.791007 2 83 0.874679 82 0.125321
  83 4.456780 -1.534925 53.538483 0.777048 -0.577921 -0.249406 0.050663 0.791007 1 83 1.000000
  82 3.979533 -3.479964 55.540131 0.734395 -0.588806 -0.337597 0.107556 0.846908 2 82 0.893848 83 0.106152
angel_hair_new
  83 4.456780 -1.534925 53.538483 0.777048 -0.577921 -0.249406 0.050663 0.791007 1 83 1.000000
  83 3.329384 -3.170017 53.771084 0.751601 -0.601668 -0.270354 0.107556 0.791007 2 83 0.874679 82 0.125321
  83 3.087911 -2.860070 51.075031 0.812108 -0.582599 0.032542 0.107556 0.720207 2 83 0.771571 84 0.228429
angel_hair_new
  83 4.148966 -1.581171 50.984093 0.929155 -0.369366 -0.015505 0.050663 0.720207 1 83 1.000000
  83 4.456780 -1.534925 53.538483 0.777048 -0.577921 -0.249406 0.050663 0.791007 1 83 1.000000
  83 3.087911 -2.860070 51.075031 0.812108 -0.582599 0.032542 0.107556 0.720207 2 83 0.771571 84 0.228429
angel_hair_new
  84 3.939186 -2.122535 49.473686 0.981883 0.136415 -0.131516 0.052462 0.670821 1 84 1.000000
  83 4.148966 -1.581171 50.984093 0.929155 -0.369366 -0.015505 0.050663 0.720207 1 83 1.000000
  83 3.087911 -2.860070 51.075031 0.812108 -0.582599 0.032542 0.107556 0.720207 2 83 0.771571 84 0.228429
angel_hair_new
  84 3.588691 -3.634525 47.365456 0.000117 -0.574755 -0.818325 0.075554 0.593735 1 84 1.000000
  84 3.939186 -2.122535 49.473686 0.981883 0.136415 -0.131516 0.052462 0.670821 1 84 1.000000
  83 3.087911 -2.860070 51.075031 0.812108 -0.582599 0.032542 0.107556 0.720207 2 83 0.771571 84 0.228429
angel_hair_new
  84 4.963245 -2.210774 47.955421 0.360291 -0.360843 -0.860223 0.034297 0.619275 2 84 0.715989 83 0.284011
  83 4.336471 -0.805551 50.513702 0.992514 -0.052284 0.110373 0.007863 0.720207 2 83 0.832753 84 0.167247
  83 4.148966 -1.581171 50.984093 0.929155 -0.369366 -0.015505 0.050663 0.720207 1 83 1.000000
angel_hair_new
  83 4.336471 -0.805551 50.513702 0.992514 -0.052284 0.110373 0.007863 0.720207 2 83 0.832753 84 0.167247
  83 4.277845 -0.401365 52.770847 0.989120 -0.014790 -0.146366 0.007863 0.791007 1 83 1.000000
  83 4.148966 -1.581171 50.984093 0.929155 -0.369366 -0.015505 0.050663 0.720207 1 83 1.000000
angel_hair_new
  83 4.277845 -0.401365 52.770847 0.989120 -0.014790 -0.146366 0.007863 0.791007 1 83 1.000000
  83 4.456780 -1.534925 53.538483 0.951380 -0.081282 -0.297100 0.050663 0.791007 1 83 1.000000
  83 4.148966 -1.581171 50.984093 0.929155 -0.369366 -0.015505 0.050663 0.720207 1 83 1.000000
angel_hair_new
  83 4.277845 -0.401365 52.770847 0.989120 -0.014790 -0.146366 0.007863 0.791007 1 83 1.000000
  79 5.455188 -0.526652 55.782242 0.981109 -0.036351 -0.190008 0.007863 0.846908 3 79 0.722562 80 0.143203 82 0.134236
  83 4.456780 -1.534925 53.538483 0.951380 -0.081282 -0.297100 0.050663 0.791007 1 83 1.000000
angel_hair_new
  79 5.455188 -0.526652 55.782242 0.981109 -0.036351 -0.190008 0.007863 0.846908 3 79 0.722562 80 0.143203 82 0.134236
  82 5.363030 -2.047414 55.692936 0.981109 -0.036351 -0.190008 0.050663 0.846908 2 82 0.939266 79 0.060734
  83 4.456780 -1.534925 53.538483 0.951380 -0.081282 -0.297100 0.050663 0.791007 1 83 1.000000
angel_hair_new
  82 5.363030 -2.047414 55.692936 0.981109 -0.036351 -0.190008 0.050663 0.846908 2 82 0.939266 79 0.060734
  79 5.455188 -0.526652 55.782242 0.981109 -0.036351 -0.190008 0.007863 0.846908 3 79 0.722562 80 0.143203 82 0.134236
  82 5.358419 -1.116448 57.676979 0.997751 -0.026420 0.061595 0.007863 0.912854 2 82 0.866189 79 0.133811
angel_hair_new
  82 5.429799 -2.484703 57.603115 0.961897 -0.270196 -0.041817 0.050663 0.912854 1 82 1.000000
  82 5.363030 -2.047414 55.692936 0.981109 -0.036351 -0.190008 0.050663 0.846908 2 82 0.939266 79 0.060734
  82 5.358419 -1.116448 57.676979 0.997751 -0.026420 0.061595 0.007863 0.912854 2 82 0.866189 79 0.133811
angel_hair_new
  82 5.429799 -2.484703 57.603115 0.961897 -0.270196 -0.041817 0.050663 0.912854 1 82 1.000000
  82 5.358419 -1.116448 57.676979 0.997751 -0.026420 0.061595 0.007863 0.912854 2 82 0.866189 79 0.133811
  82 5.210534 -1.839569 59.768967 0.993315 -0.016744 0.114212 0.007863 0.975023 1 82 1.000000
angel_hair_new
  82 5.162967 -2.921993 59.442722 0.963062 -0.266896 0.035742 0.050663 0.975023 1 82 1.000000
  82 5.429799 -2.484703 57.603115 0.961897 -0.270196 -0.041817 0.050663 0.912854 1 82 1.000000
  82 5.210534 -1.839569 59.768967 0.993315 -0.016744 0.114212 0.007863 0.975023 1 82 1.000000
angel_hair_new
  82 4.574507 -3.852960 57.476322 0.045083 -0.988251 -0.146039 0.107556 0.912854 1 82 1.000000
  82 5.429799 -2.484703 57.603115 0.961897 -0.270196 -0.041817 0.050663 0.912854 1 82 1.000000
  82 5.162967 -2.921993 59.442722 0.963062 -0.266896 0.035742 0.050663 0.975023 1 82 1.000000
angel_hair_new
  82 4.506642 -4.225957 59.313713 0.005758 -0.985067 -0.172073 0.107556 0.975023 1 82 1.000000
  82 4.574507 -3.852960 57.476322 0.045083 -0.988251 -0.146039 0.107556 0.912854 1 82 1.000000
  82 5.162967 -2.921993 59.442722 0.963062 -0.266896 0.035742 0.050663 0.975023 1 82 1.000000
angel_hair_new
  82 4.574507 -3.852960 57.476322 0.045083 -0.988251 -0.146039 0.107556 0.912854 1 82 1.000000
  82 4.506642 -4.225957 59.313713 0.005758 -0.985067 -0.172073 0.107556 0.975023 1 82 1.000000
  82 3.680934 -2.686005 59.313713 -0.984744 -0.162821 -0.061391 0.158075 0.975023 1 82 1.000000
angel_hair_new
  82 3.750532 -2.313009 57.476322 -0.985897 -0.133398 0.101058 0.158075 0.912854 1 82 1.000000
  82 4.574507 -3.852960 57.476322 0.045083 -0.988251 -0.146039 0.107556 0.912854 1 82 1.000000
  82 3.680934 -2.686005 59.313713 -0.984744 -0.162821 -0.061391 0.158075 0.975023 1 82 1.000000
angel_hair_new
  82 3.979533 -3.479964 55.540131 -0.864266 -0.461500 0.200153 0.107556 0.846908 2 82 0.893848 83 0.106152
  82 4.574507 -3.852960 57.476322 0.045083 -0.988251 -0.146039 0.107556 0.912854 1 82 1.000000
  82 3.750532 -2.313009 57.476322 -0.985897 -0.133398 0.101058 0.158075 0.912854 1 82 1.000000
angel_hair_new
  82 3.680934 -2.686005 59.313713 -0.984744 -0.162821 -0.061391 0.158075 0.975023 1 82 1.000000
  82 3.891072 -1.605045 59.442722 -0.608725 0.769862 0.191747 0.191450 0.975023 1 82 1.000000
  82 3.750532 -2.313009 57.476322 -0.985897 -0.133398 0.101058 0.158075 0.912854 1 82 1.000000
angel_hair_new
  82 3.156687 -1.940012 55.540134 -0.948414 -0.112028 0.296582 0.158075 0.846908 2 82 0.904241 83 0.095759
  82 3.979533 -3.479964 55.540131 -0.864266 -0.461500 0.200153 0.107556 0.846908 2 82 0.893848 83 0.106152
  82 3.750532 -2.313009 57.476322 -0.985897 -0.133398 0.101058 0.158075 0.912854 1 82 1.000000
angel_hair_new
  83 3.329384 -3.170017 53.771084 -0.866467 -0.480314 0.136133 0.107556 0.791007 2 83 0.874679 82 0.125321
  82 3.979533 -3.479964 55.540131 -0.864266 -0.461500 0.200153 0.107556 0.846908 2 82 0.893848 83 0.106152
  82 3.156687 -1.940012 55.540134 -0.948414 -0.112028 0.296582 0.158075 0.846908 2 82 0.904241 83 0.095759
angel_hair_new
  82 3.891072 -1.605045 59.442722 -0.608725 0.769862 0.191747 0.191450 0.975023 1 82 1.000000
  82 3.974598 -1.167755 57.576649 -0.596368 0.754639 0.273616 0.191450 0.912854 1 82 1.000000
  82 3.750532 -2.313009 57.476322 -0.985897 -0.133398 0.101058 0.158075 0.912854 1 82 1.000000
angel_hair_new
  82 3.750532 -2.313009 57.476322 -0.985897 -0.133398 0.101058 0.158075 0.912854 1 82 1.000000
  82 3.974598 -1.167755 57.576649 -0.596368 0.754639 0.273616 0.191450 0.912854 1 82 1.000000
  82 3.156687 -1.940012 55.540134 -0.948414 -0.112028 0.296582 0.158075 0.846908 2 82 0.904241 83 0.095759
angel_hair_new
  82 5.358419 -1.116448 57.676979 0.000014 0.963313 0.268382 0.236512 0.912854 2 82 0.866189 79 0.133811
  82 3.974598 -1.167755 57.576649 -0.596368 0.754639 0.273616 0.191450 0.912854 1 82 1.000000
  82 3.891072 -1.605045 59.442722 -0.608725 0.769862 0.191747 0.191450 0.975023 1 82 1.000000
angel_hair_new
  82 5.210534 -1.839569 59.768967 0.000013 0.952698 0.303917 0.236512 0.975023 1 82 1.000000
  82 5.358419 -1.116448 57.676979 0.000014 0.963313 0.268382 0.236512 0.912854 2 82 0.866189 79 0.133811
  82 3.891072 -1.605045 59.442722 -0.608725 0.769862 0.191747 0.191450 0.975023 1 82 1.000000
angel_hair_new
  82 5.358419 -1.116448 57.676979 0.000014 0.963313 0.268382 0.236512 0.912854 2 82 0.866189 79 0.133811
  79 5.455188 -0.526652 55.782242 -0.072189 0.978912 0.191101 0.236512 0.846908 3 79 0.722562 80 0.143203 82 0.134236
  82 3.974598 -1.167755 57.576649 -0.596368 0.754639 0.273616 0.191450 0.912854 1 82 1.000000
angel_hair_new
  83 2.510699 -1.630065 53.771088 -0.977949 -0.083708 0.191333 0.158075 0.791007 2 83 0.881542 82 0.118458
  83 3.329384 -3.170017 53.771084 -0.866467 -0.480314 0.136133 0.107556 0.791007 2 83 0.874679 82 0.125321
  82 3.156687 -1.940012 55.540134 -0.948414 -0.112028 0.296582 0.158075 0.846908 2 82 0.904241 83 0.095759
angel_hair_new
  82 3.974598 -1.167755 57.576649 -0.596368 0.754639 0.273616 0.191450 0.912854 1 82 1.000000
  82 3.619892 -0.686355 55.661179 -0.538367 0.787896 0.298967 0.191450 0.846908 3 82 0.842599 79 0.082596 83 0.074805
  82 3.156687 -1.940012 55.540134 -0.948414 -0.112028 0.296582 0.158075 0.846908 2 82 0.904241 83 0.095759
angel_hair_new
  79 5.455188 -0.526652 55.782242 -0.072189 0.978912 0.191101 0.236512 0.846908 3 79 0.722562 80 0.143203 82 0.134236
  82 3.619892 -0.686355 55.661179 -0.538367 0.787896 0.298967 0.191450 0.846908 3 82 0.842599 79 0.082596 83 0.074805
  82 3.974598 -1.167755 57.576649 -0.596368 0.754639 0.273616 0.191450 0.912854 1 82 1.000000
angel_hair_new
  83 2.510699 -1.630065 53.771088 -0.977949 -0.083708 0.191333 0.158075 0.791007 2 83 0.881542 82 0.118458
  82 3.156687 -1.940012 55.540134 -0.948414 -0.112028 0.296582 0.158075 0.846908 2 82 0.904241 83 0.095759
  82 3.619892 -0.686355 55.661179 -0.538367 0.787896 0.298967 0.191450 0.846908 3 82 0.842599 79 0.082596 83 0.074805
angel_hair_new
  79 5.455188 -0.526652 55.782242 -0.072189 0.978912 0.191101 0.236512 0.846908 3 79 0.722562 80 0.143203 82 0.134236
  83 4.277845 -0.401365 52.770847 -0.039067 0.999229 0.003989 0.236512 0.791007 1 83 1.000000
  82 3.619892 -0.686355 55.661179 -0.538367 0.787896 0.298967 0.191450 0.846908 3 82 0.842599 79 0.082596 83 0.074805
angel_hair_new
  83 3.087911 -2.860070 51.075031 -0.863187 -0.504687 0.014109 0.107556 0.720207 2 83 0.771571 84 0.228429
  83 3.329384 -3.170017 53.771084 -0.866467 -0.480314 0.136133 0.107556 0.791007 2 83 0.874679 82 0.125321
  83 2.510699 -1.630065 53.771088 -0.977949 -0.083708 0.191333 0.158075 0.791007 2 83 0.881542 82 0.118458
angel_hair_new
  83 4.277845 -0.401365 52.770847 -0.039067 0.999229 0.003989 0.236512 0.791007 1 83 1.000000
  83 2.817639 -0.468743 53.270973 -0.622805 0.769383 0.141998 0.191450 0.791007 2 83 0.941601 82 0.058399
  82 3.619892 -0.686355 55.661179 -0.538367 0.787896 0.298967 0.191450 0.846908 3 82 0.842599 79 0.082596 83 0.074805
angel_hair_new
  83 2.817639 -0.468743 53.270973 -0.622805 0.769383 0.141998 0.191450 0.791007 2 83 0.941601 82 0.058399
  83 2.510699 -1.630065 53.771088 -0.977949 -0.083708 0.191333 0.158075 0.791007 2 83 0.881542 82 0.118458
  82 3.619892 -0.686355 55.661179 -0.538367 0.787896 0.298967 0.191450 0.846908 3 82 0.842599 79 0.082596 83 0.074805
angel_hair_new
  83 2.489698 -0.579313 50.954559 -0.601056 0.755325 -0.261182 0.191450 0.720207 2 83 0.611498 84 0.388502
  83 2.817639 -0.468743 53.270973 -0.622805 0.769383 0.141998 0.191450 0.791007 2 83 0.941601 82 0.058399
  83 4.277845 -0.401365 52.770847 -0.039067 0.999229 0.003989 0.236512 0.791007 1 83 1.000000
angel_hair_new
  83 2.510699 -1.630065 53.771088 -0.977949 -0.083708 0.191333 0.158075 0.791007 2 83 0.881542 82 0.118458
  83 2.817639 -0.468743 53.270973 -0.622805 0.769383 0.141998 0.191450 0.791007 2 83 0.941601 82 0.058399
  83 2.489698 -0.579313 50.954559 -0.601056 0.755325 -0.261182 0.191450 0.720207 2 83 0.611498 84 0.388502
angel_hair_new
  83 4.336471 -0.805551 50.513702 0.000026 0.934228 -0.356677 0.236512 0.720207 2 83 0.832753 84 0.167247
  83 2.489698 -0.579313 50.954559 -0.601056 0.755325 -0.261182 0.191450 0.720207 2 83 0.611498 84 0.388502
  83 4.277845 -0.401365 52.770847 -0.039067 0.999229 0.003989 0.236512 0.791007 1 83 1.000000
angel_hair_new
  83 2.489698 -0.579313 50.954559 -0.601056 0.755325 -0.261182 0.191450 0.720207 2 83 0.611498 84 0.388502
  83 4.336471 -0.805551 50.513702 0.000026 0.934228 -0.356677 0.236512 0.720207 2 83 0.832753 84 0.167247
  84 4.963245 -2.210774 47.955421 0.360291 -0.360843 -0.860223 0.226606 0.620064 2 84 0.715989 83 0.284011
angel_hair_new
  84 2.355477 -1.709631 50.479839 -0.963324 0.020056 -0.267590 0.143120 0.720207 2 84 0.859489 83 0.140511
  83 2.510699 -1.630065 53.771088 -0.977949 -0.083708 0.191333 0.158075 0.791007 2 83 0.881542 82 0.118458
  83 2.489698 -0.579313 50.954559 -0.601056 0.755325 -0.261182 0.191450 0.720207 2 83 0.611498 84 0.388502
angel_hair_new
  84 2.355477 -1.709631 50.479839 -0.963324 0.020056 -0.267590 0.143120 0.720207 2 84 0.859489 83 0.140511
  83 3.087911 -2.860070 51.075031 -0.863187 -0.504687 0.014109 0.107556 0.720207 2 83 0.771571 84 0.228429
  83 2.510699 -1.630065 53.771088 -0.977949 -0.083708 0.191333 0.158075 0.791007 2 83 0.881542 82 0.118458
angel_hair_new
  83 2.489698 -0.579313 50.954559 -0.601056 0.755325 -0.261182 0.191450 0.720207 2 83 0.611498 84 0.388502
  84 3.451381 -1.709672 49.193588 0.038222 0.771868 -0.634633 0.144544 0.640930 1 84 1.000000
  84 2.355477 -1.709631 50.479839 -0.963324 0.020056 -0.267590 0.143120 0.720207 2 84 0.859489 83 0.140511
angel_hair_new
  84 2.355477 -1.709631 50.479839 -0.963324 0.020056 -0.267590 0.143120 0.720207 2 84 0.859489 83 0.140511
  84 3.588691 -3.634525 47.365456 0.000117 -0.574755 -0.818325 0.075554 0.593735 1 84 1.000000
  83 3.087911 -2.860070 51.075031 -0.863187 -0.504687 0.014109 0.107556 0.720207 2 83 0.771571 84 0.228429
angel_hair_new
  84 3.451381 -1.709672 49.193588 0.038222 0.771868 -0.634633 0.144544 0.640930 1 84 1.000000
  84 3.588691 -3.634525 47.365456 0.000117 -0.574755 -0.818325 0.075554 0.593735 1 84 1.000000
  84 2.355477 -1.709631 50.479839 -0.963324 0.020056 -0.267590 0.143120 0.720207 2 84 0.859489 83 0.140511
angel_hair_new
  72 -4.208430 4.284512 43.144230 -0.764100 -0.625001 -0.159763 0.818710 0.610693 1 72 1.000000
  72 -3.616442 2.605286 46.343197 -0.246958 -0.947926 -0.201114 0.733540 0.526796 1 72 1.000000
  72 -4.045054 3.174348 46.227207 -0.790789 -0.588575 -0.168024 0.755601 0.525378 1 72 1.000000
angel_hair_new
  72 -3.616442 2.605286 46.343197 -0.246958 -0.947926 -0.201114 0.733540 0.526796 1 72 1.000000
  72 -3.864681 2.303825 49.200924 -0.040175 -0.998245 -0.043513 0.712208 0.440521 1 72 1.000000
  72 -4.045054 3.174348 46.227207 -0.790789 -0.588575 -0.168024 0.755601 0.525378 1 72 1.000000
angel_hair_new
  72 -4.045054 3.174348 46.227207 -0.790789 -0.588575 -0.168024 0.755601 0.525378 1 72 1.000000
  72 -3.864681 2.303825 49.200924 -0.040175 -0.998245 -0.043513 0.712208 0.440521 1 72 1.000000
  72 -4.322865 3.622405 49.192490 -0.945536 -0.325236 -0.013513 0.754159 0.432914 1 72 1.000000
angel_hair_new
  72 -2.836436 2.786524 49.425407 0.851291 -0.519885 0.070874 0.886948 0.435441 1 72 1.000000
  72 -3.440810 2.496859 52.373196 0.611976 -0.712153 -0.343982 0.885728 0.341707 3 72 0.593012 68 0.334466 69 0.072521
  72 -4.164802 2.176061 52.042782 0.628294 -0.776919 -0.040554 0.925569 0.349855 2 72 0.918896 68 0.081104
angel_hair_new
  70 -3.844516 0.989669 56.325554 0.861800 -0.501524 -0.075997 0.925569 0.189028 3 70 0.822741 67 0.117953 72 0.059307
  72 -4.164802 2.176061 52.042782 0.628294 -0.776919 -0.040554 0.925569 0.349855 2 72 0.918896 68 0.081104
  72 -3.440810 2.496859 52.373196 0.611976 -0.712153 -0.343982 0.885728 0.341707 3 72 0.593012 68 0.334466 69 0.072521
angel_hair_new
  70 -3.496764 2.347150 57.234001 0.301579 -0.952745 -0.036436 0.885728 0.189028 3 70 0.501132 67 0.425683 68 0.073186
  70 -3.844516 0.989669 56.325554 0.861800 -0.501524 -0.075997 0.925569 0.189028 3 70 0.822741 67 0.117953 72 0.059307
  72 -3.440810 2.496859 52.373196 0.611976 -0.712153 -0.343982 0.885728 0.341707 3 72 0.593012 68 0.334466 69 0.072521
angel_hair_new
  72 -3.864681 2.303825 49.200924 -0.040175 -0.998245 -0.043513 0.925569 0.444594 1 72 1.000000
  72 -2.836436 2.786524 49.425407 0.851291 -0.519885 0.070874 0.886948 0.435441 1 72 1.000000
  72 -4.164802 2.176061 52.042782 0.628294 -0.776919 -0.040554 0.925569 0.349855 2 72 0.918896 68 0.081104
angel_hair_new
  72 -3.440810 2.496859 52.373196 0.611976 -0.712153 -0.343982 0.885728 0.341707 3 72 0.593012 68 0.334466 69 0.072521
  72 -2.836436 2.786524 49.425407 0.851291 -0.519885 0.070874 0.886948 0.435441 1 72 1.000000
  68 -3.331253 4.400860 52.285877 0.893672 -0.373832 0.248195 0.855128 0.342219 3 68 0.504267 72 0.389251 69 0.106482
angel_hair_new
  72 -2.836436 2.786524 49.425407 0.851291 -0.519885 0.070874 0.886948 0.435441 1 72 1.000000
  72 -2.874997 5.009811 49.432552 0.993315 -0.016744 0.114212 0.825461 0.431812 2 72 0.923560 68 0.076440
  68 -3.331253 4.400860 52.285877 0.893672 -0.373832 0.248195 0.855128 0.342219 3 68 0.504267 72 0.389251 69 0.106482
angel_hair_new
  72 -2.836436 2.786524 49.425407 0.851291 -0.519885 0.070874 0.886948 0.435441 1 72 1.000000
  72 -3.864681 2.303825 49.200924 -0.040175 -0.998245 -0.043513 0.925569 0.444594 1 72 1.000000
  72 -3.616442 2.605286 46.343197 -0.246958 -0.947926 -0.201114 0.889386 0.533162 1 72 1.000000
angel_hair_new
  72 -2.874997 5.009811 49.432552 0.993315 -0.016744 0.114212 0.825461 0.431812 2 72 0.923560 68 0.076440
  72 -2.836436 2.786524 49.425407 0.851291 -0.519885 0.070874 0.886948 0.435441 1 72 1.000000
  72 -2.834969 4.329264 45.425968 0.961058 -0.039499 -0.273510 0.824956 0.535365 1 72 1.000000
angel_hair_new
  72 -2.834970 2.888583 45.660629 0.694364 -0.632219 -0.343741 0.859820 0.536333 1 72 1.000000
  72 -2.836436 2.786524 49.425407 0.851291 -0.519885 0.070874 0.886948 0.435441 1 72 1.000000
  72 -3.616442 2.605286 46.343197 -0.246958 -0.947926 -0.201114 0.889386 0.533162 1 72 1.000000
angel_hair_new
  72 -2.836436 2.786524 49.425407 0.851291 -0.519885 0.070874 0.886948 0.435441 1 72 1.000000
  72 -2.834970 2.888583 45.660629 0.694364 -0.632219 -0.343741 0.859820 0.536333 1 72 1.000000
  72 -2.834969 4.329264 45.425968 0.961058 -0.039499 -0.273510 0.824956 0.535365 1 72 1.000000
angel_hair_new
  72 -4.208430 4.284512 43.144230 -0.043896 -0.888191 -0.457372 0.818710 0.610693 1 72 1.000000
  72 -2.834970 2.888583 45.660629 0.694364 -0.632219 -0.343741 0.859820 0.536333 1 72 1.000000
  72 -3.616442 2.605286 46.343197 -0.246958 -0.947926 -0.201114 0.889386 0.533162 1 72 1.000000
angel_hair_new
  72 -2.834969 4.329264 45.425968 0.961058 -0.039499 -0.273510 0.824956 0.535365 1 72 1.000000
  72 -2.834970 2.888583 45.660629 0.694364 -0.632219 -0.343741 0.859820 0.536333 1 72 1.000000
  72 -4.208430 4.284512 43.144230 0.853473 -0.087999 -0.513653 0.818710 0.610693 1 72 1.000000
angel_hair_new
  72 -3.864681 2.303825 49.200924 -0.938237 -0.326750 -0.113775 -0.003906 0.246775 1 72 1.000000
  72 -4.164802 2.176061 52.042782 -0.938237 -0.326750 -0.113775 -0.001683 0.160074 2 72 0.918896 68 0.081104
  72 -4.322865 3.622405 49.192490 -0.938237 -0.326750 -0.113775 0.058657 0.234082 1 72 1.000000
angel_hair_new
  72 -3.944633 1.072703 49.196262 0.038489 -0.006256 -0.999239 0.491250 0.356199 1 72 1.000000
  72 -4.322865 3.622405 49.192490 0.038489 -0.006256 -0.999239 0.525670 0.424828 1 72 1.000000
  72 -3.864681 2.303825 49.200924 0.038489 -0.006256 -0.999239 0.496722 0.395421 1 72 1.000000
angel_hair_new
  72 -3.639030 4.665912 49.233864 -0.879329 0.469232 -0.081254 0.801707 0.434192 2 72 0.931044 68 0.068956
  72 -4.322865 3.622405 49.192490 -0.879329 0.469232 -0.081254 0.754159 0.432914 1 72 1.000000
  72 -4.456886 3.995444 52.155567 -0.921253 0.388963 0.000671 0.795665 0.343645 2 72 0.807262 68 0.192738
angel_hair_new
  72 -4.322865 3.622405 49.192490 -0.879329 0.469232 -0.081254 0.754159 0.432914 1 72 1.000000
  72 -4.884997 3.070122 51.909576 -0.921253 0.388963 0.000671 0.745305 0.343631 3 72 0.892780 71 0.057171 68 0.050049
  72 -4.456886 3.995444 52.155567 -0.921253 0.388963 0.000671 0.795665 0.343645 2 72 0.807262 68 0.192738
angel_hair_new
  72 -4.045054 3.174348 46.227207 -0.873342 0.486779 -0.017861 0.755601 0.525378 1 72 1.000000
  72 -4.322865 3.622405 49.192490 -0.879329 0.469232 -0.081254 0.754159 0.432914 1 72 1.000000
  72 -3.639030 4.665912 49.233864 -0.879329 0.469232 -0.081254 0.801707 0.434192 2 72 0.931044 68 0.068956
angel_hair_new
  72 -3.532147 4.270389 45.422207 -0.841461 0.526255 0.122472 0.807057 0.540511 1 72 1.000000
  72 -4.045054 3.174348 46.227207 -0.873342 0.486779 -0.017861 0.755601 0.525378 1 72 1.000000
  72 -3.639030 4.665912 49.233864 -0.879329 0.469232 -0.081254 0.801707 0.434192 2 72 0.931044 68 0.068956
angel_hair_new
  72 -3.532147 4.270389 45.422207 -0.841461 0.526255 0.122472 0.807057 0.540511 1 72 1.000000
  72 -4.208430 4.284512 43.144230 -0.799204 0.550768 0.240681 0.818710 0.610693 1 72 1.000000
  72 -4.045054 3.174348 46.227207 -0.873342 0.486779 -0.017861 0.755601 0.525378 1 72 1.000000
angel_hair_new
  72 -4.456886 3.995444 52.155567 -0.921253 0.388963 0.000671 0.795665 0.343645 2 72 0.807262 68 0.192738
  72 -4.884997 3.070122 51.909576 -0.921253 0.388963 0.000671 0.745305 0.343631 3 72 0.892780 71 0.057171 68 0.050049
  71 -4.563675 3.085211 55.279999 -0.958039 0.285702 -0.023134 0.795665 0.246350 3 71 0.665638 67 0.170978 72 0.163384
angel_hair_new
  72 -4.884997 3.070122 51.909576 -0.921253 0.388963 0.000671 0.745305 0.343631 3 72 0.892780 71 0.057171 68 0.050049
  71 -5.116389 1.095003 55.653542 -0.960964 0.247669 -0.123323 0.745305 0.246350 2 71 0.815641 70 0.184360
  71 -4.563675 3.085211 55.279999 -0.958039 0.285702 -0.023134 0.795665 0.246350 3 71 0.665638 67 0.170978 72 0.163384
angel_hair_new
  71 -4.563675 3.085211 55.279999 -0.958039 0.285702 -0.023134 0.795665 0.246350 3 71 0.665638 67 0.170978 72 0.163384
  71 -5.116389 1.095003 55.653542 -0.960964 0.247669 -0.123323 0.745305 0.246350 2 71 0.815641 70 0.184360
  70 -5.145223 2.823815 57.607079 -0.971653 0.208317 -0.111782 0.795665 0.173668 3 70 0.672203 67 0.192931 71 0.134866
angel_hair_new
  71 -5.116389 1.095003 55.653542 -0.960964 0.247669 -0.123323 0.745305 0.246350 2 71 0.815641 70 0.184360
  70 -5.610402 0.683800 57.566166 -0.996287 0.035566 -0.078408 0.745305 0.173668 3 70 0.867860 73 0.066714 71 0.065426
  70 -5.145223 2.823815 57.607079 -0.971653 0.208317 -0.111782 0.795665 0.173668 3 70 0.672203 67 0.192931 71 0.134866
angel_hair_new
  70 -5.145223 2.823815 57.607079 -0.971653 0.208317 -0.111782 0.795665 0.173668 3 70 0.672203 67 0.192931 71 0.134866
  70 -5.610402 0.683800 57.566166 -0.996287 0.035566 -0.078408 0.745305 0.173668 3 70 0.867860 73 0.066714 71 0.065426
  70 -5.340078 2.476453 59.580345 -0.988072 0.136019 0.072203 0.795665 0.114150 3 70 0.749915 67 0.140334 14 0.109751
angel_hair_new
  70 -5.610402 0.683800 57.566166 -0.996287 0.035566 -0.078408 0.745305 0.173668 3 70 0.867860 73 0.066714 71 0.065426
  70 -5.585794 0.134009 59.501919 -0.997752 -0.026418 0.061594 0.745305 0.114150 2 70 0.942218 73 0.057783
  70 -5.340078 2.476453 59.580345 -0.988072 0.136019 0.072203 0.795665 0.114150 3 70 0.749915 67 0.140334 14 0.109751
angel_hair_new
  14 -4.979177 2.173100 61.759033 -0.899867 0.268405 0.343798 0.795665 0.046335 2 14 0.592808 70 0.407193
  70 -5.340078 2.476453 59.580345 -0.988072 0.136019 0.072203 0.795665 0.114150 3 70 0.749915 67 0.140334 14 0.109751
  70 -5.585794 0.134009 59.501919 -0.997752 -0.026418 0.061594 0.745305 0.114150 2 70 0.942218 73 0.057783
angel_hair_new
  14 -5.298807 -0.377320 61.763275 -0.949056 -0.074196 0.306247 0.745305 0.046335 2 14 0.908918 70 0.091082
  14 -4.979177 2.173100 61.759033 -0.899867 0.268405 0.343798 0.795665 0.046335 2 14 0.592808 70 0.407193
  70 -5.585794 0.134009 59.501919 -0.997752 -0.026418 0.061594 0.745305 0.114150 2 70 0.942218 73 0.057783
angel_hair_new
  14 -4.979177 2.173100 61.759033 -0.899867 0.268405 0.343798 0.795665 0.046335 2 14 0.592808 70 0.407193
  14 -3.913268 4.313024 61.630150 -0.704526 0.633572 0.319735 0.855128 0.046335 3 14 0.550642 67 0.291774 70 0.157585
  70 -5.340078 2.476453 59.580345 -0.869328 0.484766 0.096279 0.795665 0.114150 3 70 0.749915 67 0.140334 14 0.109751
angel_hair_new
  14 -3.913268 4.313024 61.630150 -0.704526 0.633572 0.319735 0.855128 0.046335 3 14 0.550642 67 0.291774 70 0.157585
  67 -4.163495 4.565797 59.486378 -0.737081 0.665756 0.116109 0.855128 0.114150 3 67 0.604506 70 0.229079 14 0.166416
  70 -5.340078 2.476453 59.580345 -0.869328 0.484766 0.096279 0.795665 0.114150 3 70 0.749915 67 0.140334 14 0.109751
angel_hair_new
  70 -5.145223 2.823815 57.607079 -0.839775 0.533472 -0.100925 0.795665 0.173668 3 70 0.672203 67 0.192931 71 0.134866
  70 -5.340078 2.476453 59.580345 -0.869328 0.484766 0.096279 0.795665 0.114150 3 70 0.749915 67 0.140334 14 0.109751
  67 -4.163495 4.565797 59.486378 -0.737081 0.665756 0.116109 0.855128 0.114150 3 67 0.604506 70 0.229079 14 0.166416
angel_hair_new
  67 -4.119717 4.542714 57.548531 -0.813686 0.566203 -0.131638 0.855128 0.173668 3 67 0.671283 70 0.237232 71 0.091485
  70 -5.145223 2.823815 57.607079 -0.839775 0.533472 -0.100925 0.795665 0.173668 3 70 0.672203 67 0.192931 71 0.134866
  67 -4.163495 4.565797 59.486378 -0.737081 0.665756 0.116109 0.855128 0.114150 3 67 0.604506 70 0.229079 14 0.166416
angel_hair_new
  71 -4.563675 3.085211 55.279999 -0.631867 0.772747 -0.060043 0.795665 0.246350 3 71 0.665638 67 0.170978 72 0.163384
  70 -5.145223 2.823815 57.607079 -0.839775 0.533472 -0.100925 0.795665 0.173668 3 70 0.672203 67 0.192931 71 0.134866
  67 -4.119717 4.542714 57.548531 -0.813686 0.566203 -0.131638 0.855128 0.173668 3 67 0.671283 70 0.237232 71 0.091485
angel_hair_new
  67 -3.530442 3.821724 55.358158 -0.631867 0.772747 -0.060043 0.855128 0.246350 3 67 0.369337 68 0.344859 71 0.285804
  71 -4.563675 3.085211 55.279999 -0.631867 0.772747 -0.060043 0.795665 0.246350 3 71 0.665638 67 0.170978 72 0.163384
  67 -4.119717 4.542714 57.548531 -0.813686 0.566203 -0.131638 0.855128 0.173668 3 67 0.671283 70 0.237232 71 0.091485
angel_hair_new
  72 -4.456886 3.995444 52.155567 -0.421854 0.893816 0.152096 0.795665 0.343645 2 72 0.807262 68 0.192738
  71 -4.563675 3.085211 55.279999 -0.631867 0.772747 -0.060043 0.795665 0.246350 3 71 0.665638 67 0.170978 72 0.163384
  67 -3.530442 3.821724 55.358158 -0.631867 0.772747 -0.060043 0.855128 0.246350 3 67 0.369337 68 0.344859 71 0.285804
angel_hair_new
  68 -3.331253 4.400860 52.285877 -0.421854 0.893816 0.152096 0.855128 0.342219 3 68 0.504267 72 0.389251 69 0.106482
  72 -4.456886 3.995444 52.155567 -0.421854 0.893816 0.152096 0.795665 0.343645 2 72 0.807262 68 0.192738
  67 -3.530442 3.821724 55.358158 -0.631867 0.772747 -0.060043 0.855128 0.246350 3 67 0.369337 68 0.344859 71 0.285804
angel_hair_new
  72 -3.639030 4.665912 49.233864 -0.289133 0.956945 -0.025656 0.801707 0.434192 2 72 0.931044 68 0.068956
  72 -4.456886 3.995444 52.155567 -0.421854 0.893816 0.152096 0.795665 0.343645 2 72 0.807262 68 0.192738
  68 -3.331253 4.400860 52.285877 -0.421854 0.893816 0.152096 0.855128 0.342219 3 68 0.504267 72 0.389251 69 0.106482
angel_hair_new
  72 -2.874997 5.009811 49.432552 -0.325222 0.945630 0.003898 0.825461 0.431812 2 72 0.923560 68 0.076440
  72 -3.639030 4.665912 49.233864 -0.289133 0.956945 -0.025656 0.801707 0.434192 2 72 0.931044 68 0.068956
  68 -3.331253 4.400860 52.285877 -0.421854 0.893816 0.152096 0.855128 0.342219 3 68 0.504267 72 0.389251 69 0.106482
angel_hair_new
  72 -2.874997 5.009811 49.432552 -0.325222 0.945630 0.003898 0.825461 0.431812 2 72 0.923560 68 0.076440
  72 -2.834969 4.329264 45.425968 -0.152348 0.985831 -0.070194 0.824956 0.535365 1 72 1.000000
  72 -3.639030 4.665912 49.233864 -0.289133 0.956945 -0.025656 0.801707 0.434192 2 72 0.931044 68 0.068956
angel_hair_new
  72 -2.834969 4.329264 45.425968 -0.152348 0.985831 -0.070194 0.824956 0.535365 1 72 1.000000
  72 -3.532147 4.270389 45.422207 -0.152348 0.985831 -0.070194 0.807057 0.540511 1 72 1.000000
  72 -3.639030 4.665912 49.233864 -0.289133 0.956945 -0.025656 0.801707 0.434192 2 72 0.931044 68 0.068956
angel_hair_new
  72 -2.834969 4.329264 45.425968 -0.152348 0.985831 -0.070194 0.824956 0.535365 1 72 1.000000
  72 -4.208430 4.284512 43.144230 -0.084275 0.995954 0.031194 0.818710 0.610693 1 72 1.000000
  72 -3.532147 4.270389 45.422207 -0.152348 0.985831 -0.070194 0.807057 0.540511 1 72 1.000000
angel_hair_new
  72 -4.646442 3.481723 46.261299 -0.781616 0.621200 0.056455 0.585250 0.290894 1 72 1.000000
  72 -5.078866 3.546535 44.498684 -0.843091 0.476343 0.249589 0.622416 0.329840 1 72 1.000000
  72 -5.035769 2.765302 46.276081 -0.781616 0.621200 0.056455 0.572568 0.311481 1 72 1.000000
angel_hair_new
  72 -4.646442 3.481723 46.261299 -0.781616 0.621200 0.056455 0.585250 0.290894 1 72 1.000000
  72 -5.035769 2.765302 46.276081 -0.781616 0.621200 0.056455 0.572568 0.311481 1 72 1.000000
  72 -5.672953 2.769175 49.080772 -0.711142 0.702254 0.033425 0.509723 0.277042 1 72 1.000000
angel_hair_new
  72 -4.322865 3.622405 49.192490 -0.685642 0.727247 0.031734 0.524503 0.236787 1 72 1.000000
  72 -4.646442 3.481723 46.261299 -0.781616 0.621200 0.056455 0.585250 0.290894 1 72 1.000000
  72 -5.672953 2.769175 49.080772 -0.711142 0.702254 0.033425 0.509723 0.277042 1 72 1.000000
angel_hair_new
  72 -4.322865 3.622405 49.192490 -0.685642 0.727247 0.031734 0.524503 0.236787 1 72 1.000000
  72 -5.672953 2.769175 49.080772 -0.711142 0.702254 0.033425 0.509723 0.277042 1 72 1.000000
  72 -4.884997 3.070122 51.909576 -0.804987 0.572984 0.153901 0.425493 0.236787 3 72 0.892780 71 0.057171 68 0.050049
angel_hair_new
  72 -5.672953 2.769175 49.080772 -0.711142 0.702254 0.033425 0.509723 0.277042 1 72 1.000000
  72 -5.637137 1.883823 51.772579 -0.841005 0.514787 0.166450 0.425493 0.280273 1 72 1.000000
  72 -4.884997 3.070122 51.909576 -0.804987 0.572984 0.153901 0.425493 0.236787 3 72 0.892780 71 0.057171 68 0.050049
angel_hair_new
  72 -4.884997 3.070122 51.909576 -0.804987 0.572984 0.153901 0.425493 0.236787 3 72 0.892780 71 0.057171 68 0.050049
  72 -5.637137 1.883823 51.772579 -0.841005 0.514787 0.166450 0.425493 0.280273 1 72 1.000000
  71 -5.116389 1.095003 55.653542 -0.967525 0.236651 0.088833 0.314227 0.236787 2 71 0.815641 70 0.184360
angel_hair_new
  72 -5.637137 1.883823 51.772579 -0.841005 0.514787 0.166450 0.425493 0.280273 1 72 1.000000
  70 -5.455186 -0.526653 55.782230 -0.990943 0.134283 -0.000453 0.314227 0.283606 3 70 0.722562 71 0.143203 73 0.134236
  71 -5.116389 1.095003 55.653542 -0.967525 0.236651 0.088833 0.314227 0.236787 2 71 0.815641 70 0.184360
angel_hair_new
  71 -5.116389 1.095003 55.653542 -0.967525 0.236651 0.088833 0.314227 0.236787 2 71 0.815641 70 0.184360
  70 -5.455186 -0.526653 55.782230 -0.990943 0.134283 -0.000453 0.314227 0.283606 3 70 0.722562 71 0.143203 73 0.134236
  70 -5.610402 0.683800 57.566166 -0.996287 0.035566 -0.078408 0.251526 0.236787 3 70 0.867860 73 0.066714 71 0.065426
angel_hair_new
  70 -5.455186 -0.526653 55.782230 -0.990943 0.134283 -0.000453 0.314227 0.283606 3 70 0.722562 71 0.143203 73 0.134236
  73 -5.358426 -1.116451 57.676971 -0.996821 -0.070719 -0.036685 0.251526 0.283606 2 73 0.866189 70 0.133811
  70 -5.610402 0.683800 57.566166 -0.996287 0.035566 -0.078408 0.251526 0.236787 3 70 0.867860 73 0.066714 71 0.065426
angel_hair_new
  70 -5.610402 0.683800 57.566166 -0.996287 0.035566 -0.078408 0.251526 0.236787 3 70 0.867860 73 0.066714 71 0.065426
  73 -5.358426 -1.116451 57.676971 -0.996821 -0.070719 -0.036685 0.251526 0.283606 2 73 0.866189 70 0.133811
  70 -5.585794 0.134009 59.501919 -0.997752 -0.026418 0.061594 0.189782 0.236787 2 70 0.942218 73 0.057783
angel_hair_new
  73 -5.358426 -1.116451 57.676971 -0.996821 -0.070719 -0.036685 0.251526 0.283606 2 73 0.866189 70 0.133811
  73 -5.210542 -1.839573 59.768959 -0.980689 -0.186180 0.059876 0.189782 0.283606 1 73 1.000000
  70 -5.585794 0.134009 59.501919 -0.997752 -0.026418 0.061594 0.189782 0.236787 2 70 0.942218 73 0.057783
angel_hair_new
  14 -5.298807 -0.377320 61.763275 -0.949056 -0.074196 0.306247 0.135670 0.236787 2 14 0.908918 70 0.091082
  70 -5.585794 0.134009 59.501919 -0.997752 -0.026418 0.061594 0.189782 0.236787 2 70 0.942218 73 0.057783
  73 -5.210542 -1.839573 59.768959 -0.980689 -0.186180 0.059876 0.189782 0.283606 1 73 1.000000
angel_hair_new
  14 -4.926064 -1.959149 61.715111 -0.927890 -0.203697 0.312294 0.135670 0.279127 2 14 0.830320 73 0.169680
  14 -5.298807 -0.377320 61.763275 -0.949056 -0.074196 0.306247 0.135670 0.236787 2 14 0.908918 70 0.091082
  73 -5.210542 -1.839573 59.768959 -0.980689 -0.186180 0.059876 0.189782 0.283606 1 73 1.000000
angel_hair_new
  72 -5.078866 3.546535 44.498684 -0.878932 -0.444116 -0.173895 0.622416 0.329840 1 72 1.000000
  72 -4.630039 2.015341 46.140732 -0.000042 -0.801464 -0.598043 0.564875 0.334225 1 72 1.000000
  72 -5.035769 2.765302 46.276081 -0.878632 -0.406790 -0.250057 0.572568 0.311481 1 72 1.000000
angel_hair_new
  72 -4.630039 2.015341 46.140732 -0.000042 -0.801464 -0.598043 0.564875 0.334225 1 72 1.000000
  72 -5.069335 1.060925 48.899570 -0.548591 -0.803248 -0.232037 0.499708 0.323597 1 72 1.000000
  72 -5.035769 2.765302 46.276081 -0.878632 -0.406790 -0.250057 0.572568 0.311481 1 72 1.000000
angel_hair_new
  72 -5.035769 2.765302 46.276081 -0.878632 -0.406790 -0.250057 0.572568 0.311481 1 72 1.000000
  72 -5.069335 1.060925 48.899570 -0.548591 -0.803248 -0.232037 0.499708 0.323597 1 72 1.000000
  72 -5.672953 2.769175 49.080772 -0.922779 -0.359975 -0.137465 0.509723 0.277042 1 72 1.000000
angel_hair_new
  72 -5.672953 2.769175 49.080772 -0.922779 -0.359975 -0.137465 0.509723 0.277042 1 72 1.000000
  72 -5.069335 1.060925 48.899570 -0.548591 -0.803248 -0.232037 0.499708 0.323597 1 72 1.000000
  72 -5.637137 1.883823 51.772579 -0.850332 -0.505561 -0.146094 0.425493 0.280273 1 72 1.000000
angel_hair_new
  72 -4.630039 2.015341 46.140732 -0.000042 -0.801464 -0.598043 0.564875 0.334225 1 72 1.000000
  72 -3.944633 1.072703 49.196262 0.752844 -0.635514 -0.171310 0.491250 0.356199 1 72 1.000000
  72 -5.069335 1.060925 48.899570 -0.548591 -0.803248 -0.232037 0.499708 0.323597 1 72 1.000000
angel_hair_new
  72 -5.069335 1.060925 48.899570 -0.548591 -0.803248 -0.232037 0.499708 0.323597 1 72 1.000000
  72 -4.932715 0.755812 51.637695 -0.513213 -0.824009 -0.240047 0.425493 0.326920 1 72 1.000000
  72 -5.637137 1.883823 51.772579 -0.850332 -0.505561 -0.146094 0.425493 0.280273 1 72 1.000000
angel_hair_new
  72 -5.069335 1.060925 48.899570 -0.548591 -0.803248 -0.232037 0.499708 0.323597 1 72 1.000000
  72 -3.944633 1.072703 49.196262 0.752844 -0.635514 -0.171310 0.491250 0.356199 1 72 1.000000
  72 -4.932715 0.755812 51.637695 -0.513213 -0.824009 -0.240047 0.425493 0.326920 1 72 1.000000
angel_hair_new
  72 -5.637137 1.883823 51.772579 -0.850332 -0.505561 -0.146094 0.425493 0.280273 1 72 1.000000
  72 -4.932715 0.755812 51.637695 -0.513213 -0.824009 -0.240047 0.425493 0.326920 1 72 1.000000
  70 -5.455186 -0.526653 55.782230 -0.727120 -0.615378 -0.304313 0.314227 0.283606 3 70 0.722562 71 0.143203 73 0.134236
angel_hair_new
  72 -4.932715 0.755812 51.637695 -0.513213 -0.824009 -0.240047 0.425493 0.326920 1 72 1.000000
  70 -4.682436 -0.889748 55.306152 -0.445826 -0.823427 -0.351009 0.314227 0.326215 2 70 0.601989 71 0.398011
  70 -5.455186 -0.526653 55.782230 -0.727120 -0.615378 -0.304313 0.314227 0.283606 3 70 0.722562 71 0.143203 73 0.134236
angel_hair_new
  72 -4.932715 0.755812 51.637695 -0.513213 -0.824009 -0.240047 0.425493 0.326920 1 72 1.000000
  72 -3.697075 0.468584 51.851986 0.772379 -0.596042 -0.219467 0.425493 0.367868 2 72 0.561787 71 0.438213
  70 -4.682436 -0.889748 55.306152 -0.445826 -0.823427 -0.351009 0.314227 0.326215 2 70 0.601989 71 0.398011
angel_hair_new
  72 -3.944633 1.072703 49.196262 0.752844 -0.635514 -0.171310 0.491250 0.356199 1 72 1.000000
  72 -3.697075 0.468584 51.851986 0.772379 -0.596042 -0.219467 0.425493 0.367868 2 72 0.561787 71 0.438213
  72 -4.932715 0.755812 51.637695 -0.513213 -0.824009 -0.240047 0.425493 0.326920 1 72 1.000000
angel_hair_new
  72 -3.697075 0.468584 51.851986 0.772379 -0.596042 -0.219467 0.425493 0.367868 2 72 0.561787 71 0.438213
  70 -3.386594 -0.706556 55.223503 0.823194 -0.490779 -0.285459 0.314227 0.367834 3 70 0.616694 71 0.275656 72 0.107650
  70 -4.682436 -0.889748 55.306152 -0.445826 -0.823427 -0.351009 0.314227 0.326215 2 70 0.601989 71 0.398011
angel_hair_new
  70 -3.386594 -0.706556 55.223503 0.823194 -0.490779 -0.285459 0.314227 0.367834 3 70 0.616694 71 0.275656 72 0.107650
  72 -3.697075 0.468584 51.851986 0.772379 -0.596042 -0.219467 0.425493 0.367868 2 72 0.561787 71 0.438213
  72 -4.164802 2.176061 52.042782 0.979068 0.199059 0.042445 0.425493 0.412169 2 72 0.918896 68 0.081104
angel_hair_new
  72 -3.697075 0.468584 51.851986 0.772379 -0.596042 -0.219467 0.425493 0.367868 2 72 0.561787 71 0.438213
  72 -3.944633 1.072703 49.196262 0.752844 -0.635514 -0.171310 0.491250 0.356199 1 72 1.000000
  72 -4.164802 2.176061 52.042782 0.979068 0.199059 0.042445 0.425493 0.412169 2 72 0.918896 68 0.081104
angel_hair_new
  70 -3.844516 0.989669 56.325554 0.965076 0.261967 0.001284 0.314227 0.420632 3 70 0.822741 67 0.117953 72 0.059307
  70 -3.386594 -0.706556 55.223503 0.823194 -0.490779 -0.285459 0.314227 0.367834 3 70 0.616694 71 0.275656 72 0.107650
  72 -4.164802 2.176061 52.042782 0.979068 0.199059 0.042445 0.425493 0.412169 2 72 0.918896 68 0.081104
angel_hair_new
  72 -3.944633 1.072703 49.196262 0.752844 -0.635514 -0.171310 0.491250 0.356199 1 72 1.000000
  72 -3.864681 2.303825 49.200924 0.991281 0.129035 0.026676 0.496722 0.395421 1 72 1.000000
  72 -4.164802 2.176061 52.042782 0.979068 0.199059 0.042445 0.425493 0.412169 2 72 0.918896 68 0.081104
angel_hair_new
  72 -4.240712 2.727420 46.258759 0.963324 0.020056 -0.267590 0.571576 0.354808 1 72 1.000000
  72 -3.944633 1.072703 49.196262 0.752844 -0.635514 -0.171310 0.491250 0.356199 1 72 1.000000
  72 -4.630039 2.015341 46.140732 -0.000042 -0.801464 -0.598043 0.564875 0.334225 1 72 1.000000
angel_hair_new
  72 -5.078866 3.546535 44.498684 0.793950 -0.319588 -0.517210 0.622416 0.329840 1 72 1.000000
  72 -4.240712 2.727420 46.258759 0.963324 0.020056 -0.267590 0.571576 0.354808 1 72 1.000000
  72 -4.630039 2.015341 46.140732 -0.000042 -0.801464 -0.598043 0.564875 0.334225 1 72 1.000000
angel_hair_new
  72 -3.944633 1.072703 49.196262 0.752844 -0.635514 -0.171310 0.491250 0.356199 1 72 1.000000
  72 -4.240712 2.727420 46.258759 0.963324 0.020056 -0.267590 0.571576 0.354808 1 72 1.000000
  72 -4.322865 3.622405 49.192490 0.976252 0.213706 -0.035527 0.525670 0.424828 1 72 1.000000
angel_hair_new
  72 -4.322865 3.622405 49.192490 0.976252 0.213706 -0.035527 0.525670 0.424828 1 72 1.000000
  72 -4.240712 2.727420 46.258759 0.963324 0.020056 -0.267590 0.571576 0.354808 1 72 1.000000
  72 -4.646442 3.481723 46.261299 0.869290 0.468114 -0.158758 0.587181 0.371870 1 72 1.000000
angel_hair_new
  72 -4.646442 3.481723 46.261299 0.869290 0.468114 -0.158758 0.587181 0.371870 1 72 1.000000
  72 -4.240712 2.727420 46.258759 0.963324 0.020056 -0.267590 0.571576 0.354808 1 72 1.000000
  72 -5.078866 3.546535 44.498684 0.863546 0.465146 -0.194751 0.622416 0.329840 1 72 1.000000
angel_hair_new
  76 -0.722362 -5.940080 57.759720 -0.777252 0.476235 -0.411192 0.407608 0.934938 1 76 1.000000
  76 0.019905 -5.137270 57.482605 -0.330728 0.854799 -0.399922 0.436767 0.954850 1 76 1.000000
  76 0.213457 -5.577425 56.707134 -0.646346 0.550799 -0.528069 0.402761 0.965941 1 76 1.000000
angel_hair_new
  76 0.019905 -5.137270 57.482605 -0.330728 0.854799 -0.399922 0.436767 0.954850 1 76 1.000000
  76 0.505718 -5.340697 56.674461 -0.215932 0.891770 -0.397641 0.412487 0.973903 1 76 1.000000
  76 0.213457 -5.577425 56.707134 -0.646346 0.550799 -0.528069 0.402761 0.965941 1 76 1.000000
angel_hair_new
  76 0.213457 -5.577425 56.707134 -0.646346 0.550799 -0.528069 0.402761 0.965941 1 76 1.000000
  76 0.505718 -5.340697 56.674461 -0.215932 0.891770 -0.397641 0.412487 0.973903 1 76 1.000000
  76 0.818574 -5.397103 56.382545 0.385692 0.901080 -0.198231 0.405941 0.976420 1 76 1.000000
angel_hair_new
  76 -0.830470 -4.082579 60.462513 -0.553475 0.672422 -0.491440 0.478705 0.893330 2 76 0.758480 77 0.241520
  76 0.019905 -5.137270 57.482605 -0.330728 0.854799 -0.399922 0.436767 0.954850 1 76 1.000000
  76 -0.722362 -5.940080 57.759720 -0.777252 0.476235 -0.411192 0.407608 0.934938 1 76 1.000000
angel_hair_new
  77 -1.931058 -5.786872 60.811836 -0.777252 0.476235 -0.411192 0.447705 0.857036 2 77 0.868420 76 0.131580
  76 -0.830470 -4.082579 60.462513 -0.553475 0.672422 -0.491440 0.478705 0.893330 2 76 0.758480 77 0.241520
  76 -0.722362 -5.940080 57.759720 -0.777252 0.476235 -0.411192 0.407608 0.934938 1 76 1.000000
angel_hair_new
  77 -1.303057 -4.152184 60.947414 -0.687561 0.329490 -0.647067 0.487697 0.862724 2 77 0.796464 76 0.203536
  76 -0.830470 -4.082579 60.462513 -0.553475 0.672422 -0.491440 0.478705 0.893330 2 76 0.758480 77 0.241520
  77 -1.931058 -5.786872 60.811836 -0.777252 0.476235 -0.411192 0.447705 0.857036 2 77 0.868420 76 0.131580
angel_hair_new
  76 0.213457 -5.577425 56.707134 -0.376830 -0.572943 -0.727829 0.402761 0.965941 1 76 1.000000
  76 0.818574 -5.397103 56.382545 -0.247077 -0.574938 -0.779999 0.372030 0.987544 1 76 1.000000
  76 0.631111 -5.888364 56.804050 -0.376830 -0.572943 -0.727829 0.374620 0.961210 1 76 1.000000
angel_hair_new
  76 0.213457 -5.577425 56.707134 -0.376830 -0.572943 -0.727829 0.402761 0.965941 1 76 1.000000
  76 0.631111 -5.888364 56.804050 -0.376830 -0.572943 -0.727829 0.374620 0.961210 1 76 1.000000
  76 -0.722362 -5.940080 57.759720 -0.598996 -0.653361 -0.462951 0.407608 0.934938 1 76 1.000000
angel_hair_new
  76 0.631111 -5.888364 56.804050 -0.376830 -0.572943 -0.727829 0.374620 0.961210 1 76 1.000000
  76 0.036698 -7.041346 58.035858 -0.652395 -0.639126 -0.407307 0.375151 0.927083 1 76 1.000000
  76 -0.722362 -5.940080 57.759720 -0.598996 -0.653361 -0.462951 0.407608 0.934938 1 76 1.000000
angel_hair_new
  76 -0.722362 -5.940080 57.759720 -0.598996 -0.653361 -0.462951 0.407608 0.934938 1 76 1.000000
  76 0.036698 -7.041346 58.035858 -0.652395 -0.639126 -0.407307 0.375151 0.927083 1 76 1.000000
  76 -0.252902 -7.483704 60.699875 -0.665605 -0.743615 -0.063292 0.376751 0.860110 3 76 0.707474 77 0.156871 78 0.135654
angel_hair_new
  77 -1.931058 -5.786872 60.811836 -0.714939 -0.668171 -0.205937 0.447705 0.857036 2 77 0.868420 76 0.131580
  76 -0.722362 -5.940080 57.759720 -0.598996 -0.653361 -0.462951 0.407608 0.934938 1 76 1.000000
  76 -0.252902 -7.483704 60.699875 -0.665605 -0.743615 -0.063292 0.376751 0.860110 3 76 0.707474 77 0.156871 78 0.135654
angel_hair_new
  77 -1.931058 -5.786872 60.811836 -0.714939 -0.668171 -0.205937 0.447705 0.857036 2 77 0.868420 76 0.131580
  76 -0.252902 -7.483704 60.699875 -0.665605 -0.743615 -0.063292 0.376751 0.860110 3 76 0.707474 77 0.156871 78 0.135654
  77 -2.109748 -6.016278 62.283127 -0.532428 -0.817341 0.220169 0.444435 0.805990 2 77 0.879789 76 0.120211
angel_hair_new
  77 -2.109748 -6.016278 62.283127 -0.532428 -0.817341 0.220169 0.444435 0.805990 2 77 0.879789 76 0.120211
  76 -0.252902 -7.483704 60.699875 -0.665605 -0.743615 -0.063292 0.376751 0.860110 3 76 0.707474 77 0.156871 78 0.135654
  76 -0.151999 -6.921888 62.713524 0.000001 -0.936230 0.351387 0.374184 0.801376 3 76 0.651365 77 0.179016 78 0.169619
angel_hair_new
  77 -2.109748 -6.016278 62.283127 -0.532428 -0.817341 0.220169 0.444435 0.805990 2 77 0.879789 76 0.120211
  76 -0.151999 -6.921888 62.713524 0.000001 -0.936230 0.351387 0.374184 0.801376 3 76 0.651365 77 0.179016 78 0.169619
  77 -1.754615 -5.206188 64.290695 -0.219937 -0.534571 0.816004 0.431340 0.729396 2 77 0.853042 76 0.146958
angel_hair_new
  76 -0.151999 -6.921888 62.713524 0.000001 -0.936230 0.351387 0.374184 0.801376 3 76 0.651365 77 0.179016 78 0.169619
  76 -0.000001 -5.875414 64.316353 0.000003 -0.649298 0.760534 0.370411 0.743829 3 76 0.659293 78 0.172213 77 0.168493
  77 -1.754615 -5.206188 64.290695 -0.219937 -0.534571 0.816004 0.431340 0.729396 2 77 0.853042 76 0.146958
angel_hair_new
  77 -1.754615 -5.206188 64.290695 -0.219937 -0.534571 0.816004 0.431340 0.729396 2 77 0.853042 76 0.146958
  76 -0.000001 -5.875414 64.316353 0.000003 -0.649298 0.760534 0.370411 0.743829 3 76 0.659293 78 0.172213 77 0.168493
  76 -0.000001 -4.159225 64.690117 -0.028757 0.021503 0.999355 0.370172 0.686880 3 76 0.877102 77 0.062455 78 0.060443
angel_hair_new
  77 -2.045244 -4.159225 64.664444 -0.028757 0.021503 0.999355 0.443271 0.689100 2 77 0.916529 76 0.083471
  77 -1.754615 -5.206188 64.290695 -0.219937 -0.534571 0.816004 0.431340 0.729396 2 77 0.853042 76 0.146958
  76 -0.000001 -4.159225 64.690117 -0.028757 0.021503 0.999355 0.370172 0.686880 3 76 0.877102 77 0.062455 78 0.060443
angel_hair_new
  76 -0.151999 -6.921888 62.713524 0.000001 -0.936230 0.351387 0.374184 0.801376 3 76 0.651365 77 0.179016 78 0.169619
  78 1.814602 -5.346083 64.068367 0.360561 -0.589729 0.722645 0.306812 0.736438 2 78 0.867541 76 0.132459
  76 -0.000001 -5.875414 64.316353 0.000003 -0.649298 0.760534 0.370411 0.743829 3 76 0.659293 78 0.172213 77 0.168493
angel_hair_new
  77 -2.045244 -4.159225 64.664444 -0.028757 0.021503 0.999355 0.443271 0.689100 2 77 0.916529 76 0.083471
  76 -0.000001 -4.159225 64.690117 -0.028757 0.021503 0.999355 0.370172 0.686880 3 76 0.877102 77 0.062455 78 0.060443
  76 -0.000001 -2.731225 64.302223 -0.024954 0.473762 0.880299 0.370011 0.633919 3 76 0.853575 14 0.088869 77 0.057556
angel_hair_new
  76 -0.000001 -5.875414 64.316353 0.000003 -0.649298 0.760534 0.370411 0.743829 3 76 0.659293 78 0.172213 77 0.168493
  78 1.814602 -5.346083 64.068367 0.360561 -0.589729 0.722645 0.306812 0.736438 2 78 0.867541 76 0.132459
  76 -0.000001 -4.159225 64.690117 0.061160 -0.039526 0.997345 0.370172 0.686880 3 76 0.877102 77 0.062455 78 0.060443
angel_hair_new
  77 -2.159430 -2.620949 64.276550 -0.118393 0.479786 0.869361 0.448662 0.631577 3 77 0.841554 14 0.098490 76 0.059955
  77 -2.045244 -4.159225 64.664444 -0.028757 0.021503 0.999355 0.443271 0.689100 2 77 0.916529 76 0.083471
  76 -0.000001 -2.731225 64.302223 -0.024954 0.473762 0.880299 0.370011 0.633919 3 76 0.853575 14 0.088869 77 0.057556
angel_hair_new
  78 1.814602 -5.346083 64.068367 0.360561 -0.589729 0.722645 0.306812 0.736438 2 78 0.867541 76 0.132459
  78 2.087587 -4.032183 64.607986 0.308009 -0.138120 0.941304 0.295587 0.684787 2 78 0.920159 76 0.079841
  76 -0.000001 -4.159225 64.690117 0.061160 -0.039526 0.997345 0.370172 0.686880 3 76 0.877102 77 0.062455 78 0.060443
angel_hair_new
  76 -0.000001 -4.159225 64.690117 0.061160 -0.039526 0.997345 0.370172 0.686880 3 76 0.877102 77 0.062455 78 0.060443
  78 2.087587 -4.032183 64.607986 0.308009 -0.138120 0.941304 0.295587 0.684787 2 78 0.920159 76 0.079841
  76 -0.000001 -2.731225 64.302223 -0.024954 0.473762 0.880299 0.370011 0.633919 3 76 0.853575 14 0.088869 77 0.057556
angel_hair_new
  78 1.955560 -6.126356 62.287491 0.412902 -0.867382 0.277776 0.299694 0.805604 2 78 0.875605 76 0.124395
  78 1.814602 -5.346083 64.068367 0.360561 -0.589729 0.722645 0.306812 0.736438 2 78 0.867541 76 0.132459
  76 -0.151999 -6.921888 62.713524 0.000001 -0.936230 0.351387 0.374184 0.801376 3 76 0.651365 77 0.179016 78 0.169619
angel_hair_new
  78 1.955560 -6.126356 62.287491 0.412902 -0.867382 0.277776 0.299694 0.805604 2 78 0.875605 76 0.124395
  76 -0.151999 -6.921888 62.713524 0.000001 -0.936230 0.351387 0.374184 0.801376 3 76 0.651365 77 0.179016 78 0.169619
  76 -0.252902 -7.483704 60.699875 0.498209 -0.867030 -0.006828 0.376751 0.860110 3 76 0.707474 77 0.156871 78 0.135654
angel_hair_new
  78 1.825189 -6.426309 60.346027 0.498209 -0.867030 -0.006828 0.303369 0.869941 2 78 0.777705 76 0.222295
  78 1.955560 -6.126356 62.287491 0.412902 -0.867382 0.277776 0.299694 0.805604 2 78 0.875605 76 0.124395
  76 -0.252902 -7.483704 60.699875 0.498209 -0.867030 -0.006828 0.376751 0.860110 3 76 0.707474 77 0.156871 78 0.135654
angel_hair_new
  76 -0.252902 -7.483704 60.699875 0.498209 -0.867030 -0.006828 0.376751 0.860110 3 76 0.707474 77 0.156871 78 0.135654
  76 0.036698 -7.041346 58.035858 0.633609 -0.744522 -0.210303 0.375151 0.927083 1 76 1.000000
  78 1.825189 -6.426309 60.346027 0.498209 -0.867030 -0.006828 0.303369 0.869941 2 78 0.777705 76 0.222295
angel_hair_new
  76 0.036698 -7.041346 58.035858 0.633609 -0.744522 -0.210303 0.375151 0.927083 1 76 1.000000
  76 0.883566 -6.015589 58.352184 0.662135 -0.721519 -0.202452 0.339906 0.927652 1 76 1.000000
  78 1.825189 -6.426309 60.346027 0.498209 -0.867030 -0.006828 0.303369 0.869941 2 78 0.777705 76 0.222295
angel_hair_new
  76 0.036698 -7.041346 58.035858 0.633609 -0.744522 -0.210303 0.375151 0.927083 1 76 1.000000
  76 0.801628 -5.879652 57.135983 0.711392 -0.645941 -0.276913 0.354057 0.961735 1 76 1.000000
  76 0.883566 -6.015589 58.352184 0.662135 -0.721519 -0.202452 0.339906 0.927652 1 76 1.000000
angel_hair_new
  76 0.631111 -5.888364 56.804050 0.694364 -0.632219 -0.343741 0.374620 0.961210 1 76 1.000000
  76 0.801628 -5.879652 57.135983 0.711392 -0.645941 -0.276913 0.354057 0.961735 1 76 1.000000
  76 0.036698 -7.041346 58.035858 0.633609 -0.744522 -0.210303 0.375151 0.927083 1 76 1.000000
angel_hair_new
  76 0.818574 -5.397103 56.382545 0.734395 -0.588806 -0.337597 0.366933 0.987200 1 76 1.000000
  76 0.801628 -5.879652 57.135983 0.711392 -0.645941 -0.276913 0.354057 0.961735 1 76 1.000000
  76 0.631111 -5.888364 56.804050 0.694364 -0.632219 -0.343741 0.374620 0.961210 1 76 1.000000
angel_hair_new
  78 2.087587 -4.032183 64.607986 0.308009 -0.138120 0.941304 0.295587 0.684787 2 78 0.920159 76 0.079841
  78 2.201773 -2.620946 64.452995 0.213817 0.427322 0.878452 0.289628 0.633457 3 78 0.808090 14 0.122901 76 0.069009
  76 -0.000001 -2.731225 64.302223 -0.024954 0.473762 0.880299 0.370011 0.633919 3 76 0.853575 14 0.088869 77 0.057556
angel_hair_new
  78 2.201773 -2.620946 64.452995 0.213817 0.427322 0.878452 0.289628 0.633457 3 78 0.808090 14 0.122901 76 0.069009
  14 1.244106 -1.611631 63.361988 0.025740 0.744973 0.666598 0.325510 0.580083 2 14 0.916540 78 0.083460
  76 -0.000001 -2.731225 64.302223 -0.024954 0.473762 0.880299 0.370011 0.633919 3 76 0.853575 14 0.088869 77 0.057556
angel_hair_new
  14 1.244106 -1.611631 63.361988 0.025740 0.744973 0.666598 0.325510 0.580083 2 14 0.916540 78 0.083460
  14 -0.145872 -1.681248 63.266815 -0.023700 0.700282 0.713472 0.376233 0.580351 2 14 0.908181 76 0.091819
  76 -0.000001 -2.731225 64.302223 -0.024954 0.473762 0.880299 0.370011 0.633919 3 76 0.853575 14 0.088869 77 0.057556
angel_hair_new
  14 -0.145872 -1.681248 63.266815 -0.023700 0.700282 0.713472 0.376233 0.580351 2 14 0.908181 76 0.091819
  14 -1.509116 -1.611631 63.250610 0.000005 0.728099 0.685472 0.425811 0.578924 2 14 0.847056 77 0.152944
  76 -0.000001 -2.731225 64.302223 -0.024954 0.473762 0.880299 0.370011 0.633919 3 76 0.853575 14 0.088869 77 0.057556
angel_hair_new
  14 -1.509116 -1.611631 63.250610 0.000005 0.728099 0.685472 0.425811 0.578924 2 14 0.847056 77 0.152944
  77 -2.159430 -2.620949 64.276550 -0.118393 0.479786 0.869361 0.448662 0.631577 3 77 0.841554 14 0.098490 76 0.059955
  76 -0.000001 -2.731225 64.302223 -0.024954 0.473762 0.880299 0.370011 0.633919 3 76 0.853575 14 0.088869 77 0.057556
angel_hair_new
  76 0.818574 -5.397103 56.382545 0.385692 0.901080 -0.198231 0.362812 0.987573 1 76 1.000000
  76 0.833497 -5.462822 56.948795 0.858061 0.510129 -0.059160 0.335821 0.971547 1 76 1.000000
  76 0.801628 -5.879652 57.135983 0.972349 -0.214626 -0.092053 0.354057 0.961735 1 76 1.000000
angel_hair_new
  76 0.833497 -5.462822 56.948795 0.858061 0.510129 -0.059160 0.335821 0.971547 1 76 1.000000
  76 0.818574 -5.397103 56.382545 0.385692 0.901080 -0.198231 0.337606 0.984100 1 76 1.000000
  76 0.505718 -5.340697 56.674461 -0.215932 0.891770 -0.397641 0.303986 0.978133 1 76 1.000000
angel_hair_new
  76 0.019905 -5.137270 57.482605 -0.330728 0.854799 -0.399922 0.287449 0.954861 1 76 1.000000
  76 0.833497 -5.462822 56.948795 0.858061 0.510129 -0.059160 0.335821 0.971547 1 76 1.000000
  76 0.505718 -5.340697 56.674461 -0.215932 0.891770 -0.397641 0.303986 0.978133 1 76 1.000000
angel_hair_new
  76 0.833497 -5.462822 56.948795 0.858061 0.510129 -0.059160 0.335821 0.971547 1 76 1.000000
  76 1.035126 -5.330864 57.928215 0.784547 0.512031 -0.349729 0.313771 0.935616 1 76 1.000000
  76 0.801628 -5.879652 57.135983 0.972349 -0.214626 -0.092053 0.354057 0.961735 1 76 1.000000
angel_hair_new
  76 1.035126 -5.330864 57.928215 0.784547 0.512031 -0.349729 0.313771 0.935616 1 76 1.000000
  76 0.833497 -5.462822 56.948795 0.858061 0.510129 -0.059160 0.335821 0.971547 1 76 1.000000
  76 0.019905 -5.137270 57.482605 -0.330728 0.854799 -0.399922 0.287449 0.954861 1 76 1.000000
angel_hair_new
  76 1.035126 -5.330864 57.928215 0.784547 0.512031 -0.349729 0.313771 0.935616 1 76 1.000000
  76 0.883566 -6.015589 58.352184 0.937499 -0.180282 -0.297649 0.339906 0.927652 1 76 1.000000
  76 0.801628 -5.879652 57.135983 0.972349 -0.214626 -0.092053 0.354057 0.961735 1 76 1.000000
angel_hair_new
  76 1.035126 -5.330864 57.928215 0.784547 0.512031 -0.349729 0.313771 0.935616 1 76 1.000000
  76 0.019905 -5.137270 57.482605 -0.330728 0.854799 -0.399922 0.287449 0.954861 1 76 1.000000
  76 1.761281 -4.720887 59.975639 0.743054 0.502451 -0.442055 0.278510 0.871766 2 76 0.847830 78 0.152170
angel_hair_new
  76 1.035126 -5.330864 57.928215 0.784547 0.512031 -0.349729 0.313771 0.935616 1 76 1.000000
  76 1.761281 -4.720887 59.975639 0.743054 0.502451 -0.442055 0.278510 0.871766 2 76 0.847830 78 0.152170
  76 0.883566 -6.015589 58.352184 0.937499 -0.180282 -0.297649 0.339906 0.927652 1 76 1.000000
angel_hair_new
  76 0.019905 -5.137270 57.482605 -0.330728 0.854799 -0.399922 0.287449 0.954861 1 76 1.000000
  76 -0.830470 -4.082579 60.462513 -0.553475 0.672422 -0.491440 0.244080 0.875696 2 76 0.758480 77 0.241520
  76 1.761281 -4.720887 59.975639 0.743054 0.502451 -0.442055 0.278510 0.871766 2 76 0.847830 78 0.152170
angel_hair_new
  76 1.761281 -4.720887 59.975639 0.743054 0.502451 -0.442055 0.278510 0.871766 2 76 0.847830 78 0.152170
  78 1.825189 -6.426309 60.346027 0.911522 -0.164112 -0.377087 0.303369 0.869941 2 78 0.777705 76 0.222295
  76 0.883566 -6.015589 58.352184 0.937499 -0.180282 -0.297649 0.339906 0.927652 1 76 1.000000
angel_hair_new
  14 -1.509116 -1.611631 63.250610 0.000005 0.728099 0.685472 0.670151 0.384240 2 14 0.847056 77 0.152944
  14 -2.703692 -1.449372 62.871880 -0.202005 0.797713 0.568196 0.632549 0.367820 2 14 0.885615 77 0.114385
  77 -2.159430 -2.620949 64.276550 -0.118393 0.479786 0.869361 0.685256 0.335234 3 77 0.841554 14 0.098490 76 0.059955
angel_hair_new
  14 -2.703692 -1.449372 62.871880 -0.202005 0.797713 0.568196 0.632549 0.367820 2 14 0.885615 77 0.114385
  14 -4.051682 -2.363926 63.676620 -0.586921 0.418656 0.693001 0.625692 0.309224 2 14 0.618461 77 0.381539
  77 -2.159430 -2.620949 64.276550 -0.118393 0.479786 0.869361 0.685256 0.335234 3 77 0.841554 14 0.098490 76 0.059955
angel_hair_new
  14 -4.051682 -2.363926 63.676620 -0.586921 0.418656 0.693001 0.625692 0.309224 2 14 0.618461 77 0.381539
  77 -3.836546 -3.254711 63.885857 -0.609464 -0.091414 0.787526 0.648183 0.288590 2 77 0.758724 14 0.241276
  77 -2.159430 -2.620949 64.276550 -0.118393 0.479786 0.869361 0.685256 0.335234 3 77 0.841554 14 0.098490 76 0.059955
angel_hair_new
  77 -3.836546 -3.254711 63.885857 -0.609464 -0.091414 0.787526 0.648183 0.288590 2 77 0.758724 14 0.241276
  77 -2.045244 -4.159225 64.664444 -0.459312 -0.207309 0.863745 0.717771 0.295108 2 77 0.916529 76 0.083471
  77 -2.159430 -2.620949 64.276550 -0.118393 0.479786 0.869361 0.685256 0.335234 3 77 0.841554 14 0.098490 76 0.059955
angel_hair_new
  77 -3.836546 -3.254711 63.885857 -0.609464 -0.091414 0.787526 0.648183 0.288590 2 77 0.758724 14 0.241276
  77 -3.838975 -4.111650 63.504185 -0.680527 -0.470624 0.561601 0.666812 0.258132 2 77 0.855004 14 0.144996
  77 -2.045244 -4.159225 64.664444 -0.459312 -0.207309 0.863745 0.717771 0.295108 2 77 0.916529 76 0.083471
angel_hair_new
  77 -3.838975 -4.111650 63.504185 -0.680527 -0.470624 0.561601 0.666812 0.258132 2 77 0.855004 14 0.144996
  77 -1.754615 -5.206188 64.290695 -0.531756 -0.605010 0.592620 0.738513 0.264095 2 77 0.853042 76 0.146958
  77 -2.045244 -4.159225 64.664444 -0.459312 -0.207309 0.863745 0.717771 0.295108 2 77 0.916529 76 0.083471
angel_hair_new
  77 -1.754615 -5.206188 64.290695 -0.531756 -0.605010 0.592620 0.738513 0.264095 2 77 0.853042 76 0.146958
  77 -3.838975 -4.111650 63.504185 -0.680527 -0.470624 0.561601 0.666812 0.258132 2 77 0.855004 14 0.144996
  77 -2.109748 -6.016278 62.283127 -0.414327 -0.868713 0.271423 0.723286 0.194508 2 77 0.879789 76 0.120211
angel_hair_new
  77 -3.838975 -4.111650 63.504185 -0.680527 -0.470624 0.561601 0.666812 0.258132 2 77 0.855004 14 0.144996
  77 -3.900422 -5.206600 61.827850 -0.611186 -0.764727 0.204068 0.659667 0.196365 2 77 0.879675 14 0.120325
  77 -2.109748 -6.016278 62.283127 -0.414327 -0.868713 0.271423 0.723286 0.194508 2 77 0.879789 76 0.120211
angel_hair_new
  77 -2.109748 -6.016278 62.283127 -0.414327 -0.868713 0.271423 0.723286 0.194508 2 77 0.879789 76 0.120211
  77 -3.900422 -5.206600 61.827850 -0.611186 -0.764727 0.204068 0.659667 0.196365 2 77 0.879675 14 0.120325
  77 -1.931058 -5.786872 60.811836 -0.205834 -0.977756 -0.040310 0.712188 0.146559 2 77 0.868420 76 0.131580
angel_hair_new
  77 -3.838975 -4.111650 63.504185 -0.680527 -0.470624 0.561601 0.666812 0.258132 2 77 0.855004 14 0.144996
  14 -4.831751 -3.966118 61.640076 -0.864266 -0.461500 0.200152 0.611550 0.208843 3 14 0.593724 77 0.283160 73 0.123116
  77 -3.900422 -5.206600 61.827850 -0.611186 -0.764727 0.204068 0.659667 0.196365 2 77 0.879675 14 0.120325
angel_hair_new
  77 -3.900422 -5.206600 61.827850 -0.611186 -0.764727 0.204068 0.659667 0.196365 2 77 0.879675 14 0.120325
  77 -3.635514 -5.680110 59.928490 -0.076997 -0.993872 -0.079313 0.653801 0.138998 2 77 0.949566 73 0.050434
  77 -1.931058 -5.786872 60.811836 -0.205834 -0.977756 -0.040310 0.712188 0.146559 2 77 0.868420 76 0.131580
angel_hair_new
  77 -3.900422 -5.206600 61.827850 -0.611186 -0.764727 0.204068 0.659667 0.196365 2 77 0.879675 14 0.120325
  14 -4.831751 -3.966118 61.640076 -0.864266 -0.461500 0.200152 0.611550 0.208843 3 14 0.593724 77 0.283160 73 0.123116
  77 -3.635514 -5.680110 59.928490 -0.835915 -0.546036 -0.055594 0.653801 0.138998 2 77 0.949566 73 0.050434
angel_hair_new
  77 -2.771183 -5.406372 57.881020 -0.034917 -0.945885 -0.322618 0.654987 0.080007 1 77 1.000000
  77 -1.931058 -5.786872 60.811836 -0.205834 -0.977756 -0.040310 0.712188 0.146559 2 77 0.868420 76 0.131580
  77 -3.635514 -5.680110 59.928490 -0.076997 -0.993872 -0.079313 0.653801 0.138998 2 77 0.949566 73 0.050434
angel_hair_new
  14 -4.831751 -3.966118 61.640076 -0.864266 -0.461500 0.200152 0.611550 0.208843 3 14 0.593724 77 0.283160 73 0.123116
  73 -4.898621 -3.680222 59.314503 -0.846036 -0.532972 -0.012811 0.580216 0.138622 3 73 0.796171 77 0.117174 14 0.086656
  77 -3.635514 -5.680110 59.928490 -0.835915 -0.546036 -0.055594 0.653801 0.138998 2 77 0.949566 73 0.050434
angel_hair_new
  77 -3.598019 -5.380698 57.773060 -0.060380 -0.903978 -0.423294 0.633823 0.085630 1 77 1.000000
  77 -2.771183 -5.406372 57.881020 -0.034917 -0.945885 -0.322618 0.654987 0.080007 1 77 1.000000
  77 -3.635514 -5.680110 59.928490 -0.076997 -0.993872 -0.079313 0.653801 0.138998 2 77 0.949566 73 0.050434
angel_hair_new
  77 -3.598019 -5.380698 57.773060 -0.813066 -0.557472 -0.167778 0.633823 0.085630 1 77 1.000000
  77 -3.635514 -5.680110 59.928490 -0.835915 -0.546036 -0.055594 0.653801 0.138998 2 77 0.949566 73 0.050434
  73 -4.898621 -3.680222 59.314503 -0.846036 -0.532972 -0.012811 0.580216 0.138622 3 73 0.796171 77 0.117174 14 0.086656
angel_hair_new
  77 -3.353554 -4.108887 56.097874 -0.151329 -0.714659 -0.682907 0.629315 0.032319 1 77 1.000000
  77 -2.771183 -5.406372 57.881020 -0.034917 -0.945885 -0.322618 0.654987 0.080007 1 77 1.000000
  77 -3.598019 -5.380698 57.773060 -0.060380 -0.903978 -0.423294 0.633823 0.085630 1 77 1.000000
angel_hair_new
  77 -3.910426 -3.930347 56.146450 -0.177445 -0.679912 -0.711500 0.603197 0.036576 2 77 0.938850 73 0.061150
  77 -3.353554 -4.108887 56.097874 -0.151329 -0.714659 -0.682907 0.629315 0.032319 1 77 1.000000
  77 -3.598019 -5.380698 57.773060 -0.060380 -0.903978 -0.423294 0.633823 0.085630 1 77 1.000000
angel_hair_new
  77 -3.910426 -3.930347 56.146450 -0.177445 -0.679912 -0.711500 0.603197 0.036576 2 77 0.938850 73 0.061150
  77 -3.608330 -3.187283 55.510674 -0.247077 -0.574939 -0.779999 0.610234 0.004638 2 77 0.942783 73 0.057217
  77 -3.353554 -4.108887 56.097874 -0.151329 -0.714659 -0.682907 0.629315 0.032319 1 77 1.000000
angel_hair_new
  77 -4.556604 -3.942247 57.575394 -0.804665 -0.549247 -0.225481 0.585305 0.081512 2 77 0.829128 73 0.170872
  77 -3.598019 -5.380698 57.773060 -0.813066 -0.557472 -0.167778 0.633823 0.085630 1 77 1.000000
  73 -4.898621 -3.680222 59.314503 -0.846036 -0.532972 -0.012811 0.580216 0.138622 3 73 0.796171 77 0.117174 14 0.086656
angel_hair_new
  77 -4.556604 -3.942247 57.575394 -0.804665 -0.549247 -0.225481 0.585305 0.081512 2 77 0.829128 73 0.170872
  77 -4.178859 -3.639184 56.301254 -0.753298 -0.452475 -0.477293 0.583183 0.038063 2 77 0.925808 73 0.074192
  77 -3.598019 -5.380698 57.773060 -0.813066 -0.557472 -0.167778 0.633823 0.085630 1 77 1.000000
angel_hair_new
  77 -3.598019 -5.380698 57.773060 -0.813066 -0.557472 -0.167778 0.633823 0.085630 1 77 1.000000
  77 -4.178859 -3.639184 56.301254 -0.753298 -0.452475 -0.477293 0.583183 0.038063 2 77 0.925808 73 0.074192
  77 -3.910426 -3.930347 56.146450 -0.773819 -0.420293 -0.473875 0.603197 0.036576 2 77 0.938850 73 0.061150
angel_hair_new
  77 -3.910426 -3.930347 56.146450 -0.773819 -0.420293 -0.473875 0.603197 0.036576 2 77 0.938850 73 0.061150
  77 -4.178859 -3.639184 56.301254 -0.753298 -0.452475 -0.477293 0.583183 0.038063 2 77 0.925808 73 0.074192
  77 -3.608330 -3.187283 55.510674 -0.702289 -0.273418 -0.657292 0.592252 0.004243 2 77 0.942783 73 0.057217
angel_hair_new
  77 -3.353554 -4.108887 56.097874 0.843217 -0.172954 -0.508991 0.629315 0.032319 1 77 1.000000
  77 -3.124358 -3.876553 56.398617 0.930424 0.115950 -0.347659 0.657924 0.034514 1 77 1.000000
  77 -2.771183 -5.406372 57.881020 0.875335 -0.283595 -0.391615 0.654987 0.080007 1 77 1.000000
angel_hair_new
  77 -3.608330 -3.187283 55.510674 0.397377 0.885398 -0.241167 0.648907 -0.001903 2 77 0.942783 73 0.057217
  77 -3.124358 -3.876553 56.398617 0.930424 0.115950 -0.347659 0.657924 0.034514 1 77 1.000000
  77 -3.353554 -4.108887 56.097874 0.843217 -0.172954 -0.508991 0.629315 0.032319 1 77 1.000000
angel_hair_new
  77 -3.124358 -3.876553 56.398617 0.930424 0.115950 -0.347659 0.657924 0.034514 1 77 1.000000
  77 -2.384157 -4.742794 58.245220 0.930424 0.115950 -0.347659 0.679836 0.067925 1 77 1.000000
  77 -2.771183 -5.406372 57.881020 0.875335 -0.283595 -0.391615 0.654987 0.080007 1 77 1.000000
angel_hair_new
  77 -2.771183 -5.406372 57.881020 0.875335 -0.283595 -0.391615 0.654987 0.080007 1 77 1.000000
  77 -2.384157 -4.742794 58.245220 0.930424 0.115950 -0.347659 0.679836 0.067925 1 77 1.000000
  77 -1.931058 -5.786872 60.811836 0.910084 -0.312696 -0.271972 0.712188 0.146559 2 77 0.868420 76 0.131580
angel_hair_new
  77 -2.384157 -4.742794 58.245220 0.930424 0.115950 -0.347659 0.679836 0.067925 1 77 1.000000
  77 -1.303057 -4.152184 60.947414 0.909301 0.155506 -0.385991 0.734398 0.133363 2 77 0.796464 76 0.203536
  77 -1.931058 -5.786872 60.811836 0.910084 -0.312696 -0.271972 0.712188 0.146559 2 77 0.868420 76 0.131580
angel_hair_new
  77 -3.124358 -3.876553 56.398617 0.930424 0.115950 -0.347659 0.535305 0.019756 1 77 1.000000
  77 -3.478352 -3.131713 56.609131 0.211648 0.976915 -0.029007 0.557871 0.036235 1 77 1.000000
  77 -2.384157 -4.742794 58.245220 0.930424 0.115950 -0.347659 0.486957 0.064532 1 77 1.000000
angel_hair_new
  77 -3.478352 -3.131713 56.609131 0.211648 0.976915 -0.029007 0.557871 0.036235 1 77 1.000000
  77 -3.124358 -3.876553 56.398617 0.930424 0.115950 -0.347659 0.535305 0.019756 1 77 1.000000
  77 -3.608330 -3.187283 55.510674 0.397377 0.885398 -0.241167 0.556578 0.002577 2 77 0.942783 73 0.057217
angel_hair_new
  77 -4.178859 -3.639184 56.301254 -0.599807 0.800079 0.010250 0.583183 0.038063 2 77 0.925808 73 0.074192
  77 -3.478352 -3.131713 56.609131 0.211648 0.976915 -0.029007 0.557871 0.036235 1 77 1.000000
  77 -3.608330 -3.187283 55.510674 0.397377 0.885398 -0.241167 0.575617 0.005907 2 77 0.942783 73 0.057217
angel_hair_new
  77 -3.478352 -3.131713 56.609131 0.211648 0.976915 -0.029007 0.557871 0.036235 1 77 1.000000
  77 -4.178859 -3.639184 56.301254 -0.599807 0.800079 0.010250 0.583183 0.038063 2 77 0.925808 73 0.074192
  77 -4.556604 -3.942247 57.575394 -0.604708 0.784653 -0.136555 0.585305 0.081512 2 77 0.829128 73 0.170872
angel_hair_new
  77 -3.765016 -3.317394 58.031849 0.029505 0.981644 -0.188426 0.545775 0.086619 3 77 0.788890 14 0.145800 73 0.065311
  77 -3.478352 -3.131713 56.609131 0.211648 0.976915 -0.029007 0.557871 0.036235 1 77 1.000000
  77 -4.556604 -3.942247 57.575394 -0.604708 0.784653 -0.136555 0.585305 0.081512 2 77 0.829128 73 0.170872
angel_hair_new
  77 -2.384157 -4.742794 58.245220 0.930424 0.115950 -0.347659 0.486957 0.064532 1 77 1.000000
  77 -3.478352 -3.131713 56.609131 0.211648 0.976915 -0.029007 0.557871 0.036235 1 77 1.000000
  77 -3.765016 -3.317394 58.031849 0.029505 0.981644 -0.188426 0.545775 0.086619 3 77 0.788890 14 0.145800 73 0.065311
angel_hair_new
  77 -3.765016 -3.317394 58.031849 0.029505 0.981644 -0.188426 0.545775 0.086619 3 77 0.788890 14 0.145800 73 0.065311
  77 -4.556604 -3.942247 57.575394 -0.604708 0.784653 -0.136555 0.585305 0.081512 2 77 0.829128 73 0.170872
  73 -4.898621 -3.680222 59.314503 -0.589846 0.745461 -0.310433 0.580216 0.138622 3 73 0.796171 77 0.117174 14 0.086656
angel_hair_new
  14 -3.767281 -2.367324 59.857513 0.240798 0.871425 -0.427358 0.535196 0.139173 3 14 0.786663 77 0.123153 73 0.090184
  77 -3.765016 -3.317394 58.031849 0.029505 0.981644 -0.188426 0.545775 0.086619 3 77 0.788890 14 0.145800 73 0.065311
  73 -4.898621 -3.680222 59.314503 -0.589846 0.745461 -0.310433 0.580216 0.138622 3 73 0.796171 77 0.117174 14 0.086656
angel_hair_new
  77 -3.765016 -3.317394 58.031849 0.029505 0.981644 -0.188426 0.545775 0.086619 3 77 0.788890 14 0.145800 73 0.065311
  14 -3.767281 -2.367324 59.857513 0.240798 0.871425 -0.427358 0.535196 0.139173 3 14 0.786663 77 0.123153 73 0.090184
  77 -2.384157 -4.742794 58.245220 0.930424 0.115950 -0.347659 0.486957 0.064532 1 77 1.000000
angel_hair_new
  14 -3.767281 -2.367324 59.857513 0.240798 0.871425 -0.427358 0.535196 0.139173 3 14 0.786663 77 0.123153 73 0.090184
  77 -1.303057 -4.152184 60.947414 0.909301 0.155506 -0.385991 0.470936 0.137140 2 77 0.796464 76 0.203536
  77 -2.384157 -4.742794 58.245220 0.930424 0.115950 -0.347659 0.486957 0.064532 1 77 1.000000
angel_hair_new
  84 3.451381 -1.709672 49.193588 0.038222 0.771868 -0.634633 0.781130 0.695862 1 84 1.000000
  84 3.939186 -2.122535 49.473686 0.981883 0.136415 -0.131516 0.759975 0.696659 1 84 1.000000
  84 3.588691 -3.634525 47.365456 0.000117 -0.574755 -0.818325 0.768920 0.775582 1 84 1.000000
angel_hair_new
  83 4.148966 -1.581171 50.984093 0.929155 -0.369366 -0.015505 0.745077 0.649879 1 83 1.000000
  84 3.939186 -2.122535 49.473686 0.981883 0.136415 -0.131516 0.759975 0.696659 1 84 1.000000
  84 3.451381 -1.709672 49.193588 0.038222 0.771868 -0.634633 0.781130 0.695862 1 84 1.000000
angel_hair_new
  83 2.489698 -0.579313 50.954559 -0.601056 0.755325 -0.261182 0.799889 0.628556 2 83 0.611498 84 0.388502
  83 4.148966 -1.581171 50.984093 0.929155 -0.369366 -0.015505 0.745077 0.649879 1 83 1.000000
  84 3.451381 -1.709672 49.193588 0.038222 0.771868 -0.634633 0.781130 0.695862 1 84 1.000000
angel_hair_new
  83 4.148966 -1.581171 50.984093 0.929155 -0.369366 -0.015505 0.745077 0.649879 1 83 1.000000
  83 2.489698 -0.579313 50.954559 -0.601056 0.755325 -0.261182 0.799889 0.628556 2 83 0.611498 84 0.388502
  84 4.963245 -2.210774 47.955421 0.360291 -0.360843 -0.860223 0.683964 0.574484 2 84 0.715989 83 0.284011
angel_hair_new
  73 -6.254480 -3.802277 53.751549 0.244933 -0.123679 -0.961619 0.594434 0.656669 1 73 1.000000
  73 -3.986094 -2.922079 55.756905 0.813968 -0.470967 -0.340066 0.677675 0.716722 1 73 1.000000
  73 -5.408297 -3.629659 55.831455 0.456270 -0.887283 -0.067423 0.626782 0.721353 1 73 1.000000
angel_hair_new
  73 -5.408297 -3.629659 55.831455 0.456270 -0.887283 -0.067423 0.626782 0.721353 1 73 1.000000
  73 -3.986094 -2.922079 55.756905 0.813968 -0.470967 -0.340066 0.677675 0.716722 1 73 1.000000
  73 -4.986842 -3.397913 57.355991 0.498209 -0.867030 -0.006829 0.641179 0.772278 1 73 1.000000
angel_hair_new
  73 -3.986094 -2.922079 55.756905 0.813968 -0.470967 -0.340066 0.677675 0.716722 1 73 1.000000
  73 -3.542563 -2.560883 57.335384 0.925863 -0.364687 -0.098894 0.698157 0.768541 1 73 1.000000
  73 -4.986842 -3.397913 57.355991 0.498209 -0.867030 -0.006829 0.641179 0.772278 1 73 1.000000
angel_hair_new
  73 -3.542563 -2.560883 57.335384 0.925863 -0.364687 -0.098894 0.698157 0.768541 1 73 1.000000
  73 -3.658150 -2.793813 59.339973 0.910195 -0.409708 -0.060697 0.696167 0.835558 1 73 1.000000
  73 -4.986842 -3.397913 57.355991 0.498209 -0.867030 -0.006829 0.641179 0.772278 1 73 1.000000
angel_hair_new
  73 -3.658150 -2.793813 59.339973 0.910195 -0.409708 -0.060697 0.696167 0.835558 1 73 1.000000
  73 -4.898621 -3.680222 59.314503 0.538703 -0.837991 -0.087005 0.646429 0.839835 3 73 0.796171 77 0.117174 14 0.086656
  73 -4.986842 -3.397913 57.355991 0.498209 -0.867030 -0.006829 0.641179 0.772278 1 73 1.000000
angel_hair_new
  73 -5.883274 -1.833078 55.600246 -0.626767 0.674652 -0.389882 0.573116 0.734354 1 73 1.000000
  73 -6.254480 -3.802277 53.751549 0.244933 -0.123679 -0.961619 0.594434 0.656669 1 73 1.000000
  73 -5.909284 -2.852621 55.470200 -0.993316 -0.016724 0.114213 0.596406 0.719230 1 73 1.000000
angel_hair_new
  73 -5.883274 -1.833078 55.600246 -0.626767 0.674652 -0.389882 0.573116 0.734354 1 73 1.000000
  73 -5.909284 -2.852621 55.470200 -0.993316 -0.016724 0.114213 0.596406 0.719230 1 73 1.000000
  73 -5.800127 -2.431711 57.370247 -0.997752 -0.026418 0.061594 0.600540 0.776582 1 73 1.000000
angel_hair_new
  73 -5.883274 -1.833078 55.600246 -0.626767 0.674652 -0.389882 0.573116 0.734354 1 73 1.000000
  73 -4.075222 -2.032122 55.571980 0.603338 0.525597 -0.599776 0.528646 0.728367 1 73 1.000000
  73 -6.254480 -3.802277 53.751549 0.244933 -0.123679 -0.961619 0.594434 0.656669 1 73 1.000000
angel_hair_new
  73 -3.986094 -2.922079 55.756905 0.813968 -0.470967 -0.340066 0.510870 0.709094 1 73 1.000000
  73 -6.254480 -3.802277 53.751549 0.244933 -0.123679 -0.961619 0.594434 0.656669 1 73 1.000000
  73 -4.075222 -2.032122 55.571980 0.603338 0.525597 -0.599776 0.528646 0.728367 1 73 1.000000
angel_hair_new
  73 -3.986094 -2.922079 55.756905 0.813968 -0.470967 -0.340066 0.510870 0.709094 1 73 1.000000
  73 -4.075222 -2.032122 55.571980 0.603338 0.525597 -0.599776 0.528646 0.728367 1 73 1.000000
  73 -3.542563 -2.560883 57.335384 0.925863 -0.364687 -0.098894 0.476744 0.764756 1 73 1.000000
angel_hair_new
  73 -5.838856 -1.318080 57.275513 -0.700348 0.693597 -0.168629 0.568966 0.777801 1 73 1.000000
  73 -5.883274 -1.833078 55.600246 -0.626767 0.674652 -0.389882 0.573116 0.734354 1 73 1.000000
  73 -5.800127 -2.431711 57.370247 -0.997752 -0.026418 0.061594 0.600540 0.776582 1 73 1.000000
angel_hair_new
  73 -4.075222 -2.032122 55.571980 0.603338 0.525597 -0.599776 0.528646 0.728367 1 73 1.000000
  73 -5.883274 -1.833078 55.600246 -0.626767 0.674652 -0.389882 0.573116 0.734354 1 73 1.000000
  73 -5.838856 -1.318080 57.275513 -0.700348 0.693597 -0.168629 0.568966 0.777801 1 73 1.000000
angel_hair_new
  73 -5.838856 -1.318080 57.275513 -0.700348 0.693597 -0.168629 0.568966 0.777801 1 73 1.000000
  73 -5.800127 -2.431711 57.370247 -0.997752 -0.026418 0.061594 0.600540 0.776582 1 73 1.000000
  73 -5.639368 -2.519932 59.472366 -0.985920 -0.003842 0.167174 0.603833 0.838830 1 73 1.000000
angel_hair_new
  73 -4.075222 -2.032122 55.571980 0.603338 0.525597 -0.599776 0.528646 0.728367 1 73 1.000000
  73 -3.851500 -1.254062 57.202446 0.613647 0.760623 -0.211871 0.515942 0.773442 1 73 1.000000
  73 -3.542563 -2.560883 57.335384 0.925863 -0.364687 -0.098894 0.476744 0.764756 1 73 1.000000
angel_hair_new
  73 -3.851500 -1.254062 57.202446 0.613647 0.760623 -0.211871 0.515942 0.773442 1 73 1.000000
  73 -4.075222 -2.032122 55.571980 0.603338 0.525597 -0.599776 0.528646 0.728367 1 73 1.000000
  73 -5.838856 -1.318080 57.275513 -0.700348 0.693597 -0.168629 0.568966 0.777801 1 73 1.000000
angel_hair_new
  73 -3.542563 -2.560883 57.335384 0.925863 -0.364687 -0.098894 0.476744 0.764756 1 73 1.000000
  73 -3.851500 -1.254062 57.202446 0.613647 0.760623 -0.211871 0.515942 0.773442 1 73 1.000000
  73 -3.658150 -2.793813 59.339973 0.910195 -0.409708 -0.060697 0.458563 0.845061 1 73 1.000000
angel_hair_new
  73 -3.851500 -1.254062 57.202446 0.613647 0.760623 -0.211871 0.515942 0.773442 1 73 1.000000
  73 -3.792320 -0.826134 59.506195 0.213834 0.975210 0.056926 0.505894 0.845190 2 73 0.891800 14 0.108200
  73 -3.658150 -2.793813 59.339973 0.910195 -0.409708 -0.060697 0.458563 0.845061 1 73 1.000000
angel_hair_new
  73 -3.851500 -1.254062 57.202446 0.613647 0.760623 -0.211871 0.515942 0.773442 1 73 1.000000
  73 -5.838856 -1.318080 57.275513 -0.700348 0.693597 -0.168629 0.568966 0.777801 1 73 1.000000
  73 -5.678096 -1.106349 59.571720 -0.737080 0.665756 0.116109 0.563152 0.838364 2 73 0.940078 14 0.059922
angel_hair_new
  73 -5.678096 -1.106349 59.571720 -0.737080 0.665756 0.116109 0.563152 0.838364 2 73 0.940078 14 0.059922
  73 -5.838856 -1.318080 57.275513 -0.700348 0.693597 -0.168629 0.568966 0.777801 1 73 1.000000
  73 -5.639368 -2.519932 59.472366 -0.985920 -0.003842 0.167174 0.603833 0.838830 1 73 1.000000
angel_hair_new
  73 -3.792320 -0.826134 59.506195 0.213834 0.975210 0.056926 0.505894 0.845190 2 73 0.891800 14 0.108200
  73 -3.851500 -1.254062 57.202446 0.613647 0.760623 -0.211871 0.515942 0.773442 1 73 1.000000
  73 -5.678096 -1.106349 59.571720 -0.737080 0.665756 0.116109 0.563152 0.838364 2 73 0.940078 14 0.059922
angel_hair_new
  73 -5.678096 -1.106349 59.571720 -0.737080 0.665756 0.116109 0.563152 0.838364 2 73 0.940078 14 0.059922
  73 -5.639368 -2.519932 59.472366 -0.985920 -0.003842 0.167174 0.603833 0.838830 1 73 1.000000
  14 -4.979181 -1.765062 61.891563 -0.721585 0.538015 0.435723 0.569782 0.908760 2 14 0.874622 73 0.125378
angel_hair_new
  73 -3.792320 -0.826134 59.506195 0.213834 0.975210 0.056926 0.505894 0.845190 2 73 0.891800 14 0.108200
  73 -5.678096 -1.106349 59.571720 -0.737080 0.665756 0.116109 0.563152 0.838364 2 73 0.940078 14 0.059922
  14 -4.979181 -1.765062 61.891563 -0.721585 0.538015 0.435723 0.569782 0.908760 2 14 0.874622 73 0.125378
angel_hair_new
  14 -3.289217 -1.071312 61.744972 -0.292506 0.898670 0.326852 0.513446 0.922016 2 14 0.920528 73 0.079472
  73 -3.792320 -0.826134 59.506195 0.213834 0.975210 0.056926 0.505894 0.845190 2 73 0.891800 14 0.108200
  14 -4.979181 -1.765062 61.891563 -0.721585 0.538015 0.435723 0.569782 0.908760 2 14 0.874622 73 0.125378
angel_hair_new
  73 -5.639368 -2.519932 59.472366 -0.985920 -0.003842 0.167174 0.603833 0.838830 1 73 1.000000
  14 -5.166527 -2.811765 61.645481 -0.927890 -0.203697 0.312294 0.602944 0.905758 3 14 0.760920 73 0.140314 77 0.098766
  14 -4.979181 -1.765062 61.891563 -0.721585 0.538015 0.435723 0.569782 0.908760 2 14 0.874622 73 0.125378
angel_hair_new
  14 -3.289217 -1.071312 61.744972 -0.292506 0.898670 0.326852 0.513446 0.922016 2 14 0.920528 73 0.079472
  14 -4.979181 -1.765062 61.891563 -0.721585 0.538015 0.435723 0.569782 0.908760 2 14 0.874622 73 0.125378
  14 -4.051682 -2.363926 63.676620 -0.586921 0.418656 0.693001 0.574463 0.974558 2 14 0.618461 77 0.381539
angel_hair_new
  14 -2.703692 -1.449372 62.871880 -0.202005 0.797713 0.568196 0.515330 0.965593 2 14 0.885615 77 0.114385
  14 -3.289217 -1.071312 61.744972 -0.292506 0.898670 0.326852 0.513446 0.922016 2 14 0.920528 73 0.079472
  14 -4.051682 -2.363926 63.676620 -0.586921 0.418656 0.693001 0.574463 0.974558 2 14 0.618461 77 0.381539
angel_hair_new
  14 -4.979181 -1.765062 61.891563 -0.721585 0.538015 0.435723 0.569782 0.908760 2 14 0.874622 73 0.125378
  14 -5.166527 -2.811765 61.645481 -0.927890 -0.203697 0.312294 0.602944 0.905758 3 14 0.760920 73 0.140314 77 0.098766
  14 -4.051682 -2.363926 63.676620 -0.586921 0.418656 0.693001 0.574463 0.974558 2 14 0.618461 77 0.381539
angel_hair_new
  14 -5.166527 -2.811765 61.645481 -0.927890 -0.203697 0.312294 0.602944 0.905758 3 14 0.760920 73 0.140314 77 0.098766
  77 -3.836546 -3.254711 63.885857 -0.609464 -0.091414 0.787526 0.601232 0.989323 2 77 0.758724 14 0.241276
  14 -4.051682 -2.363926 63.676620 -0.586921 0.418656 0.693001 0.574463 0.974558 2 14 0.618461 77 0.381539
angel_hair_new
  14 -5.166527 -2.811765 61.645481 -0.927890 -0.203697 0.312294 0.602944 0.905758 3 14 0.760920 73 0.140314 77 0.098766
  14 -4.831751 -3.966118 61.640076 -0.864266 -0.461500 0.200152 0.639515 0.915626 3 14 0.593724 77 0.283160 73 0.123116
  77 -3.836546 -3.254711 63.885857 -0.609464 -0.091414 0.787526 0.601232 0.989323 2 77 0.758724 14 0.241276
angel_hair_new
  14 -4.831751 -3.966118 61.640076 -0.864266 -0.461500 0.200152 0.639515 0.915626 3 14 0.593724 77 0.283160 73 0.123116
  77 -3.838975 -4.111650 63.504185 -0.680527 -0.470624 0.561601 0.636939 0.989272 2 77 0.855004 14 0.144996
  77 -3.836546 -3.254711 63.885857 -0.609464 -0.091414 0.787526 0.601232 0.989323 2 77 0.758724 14 0.241276
angel_hair_new
  73 -4.898621 -3.680222 59.314503 -0.846036 -0.532972 -0.012811 0.646429 0.839835 3 73 0.796171 77 0.117174 14 0.086656
  14 -4.831751 -3.966118 61.640076 -0.864266 -0.461500 0.200152 0.639515 0.915626 3 14 0.593724 77 0.283160 73 0.123116
  14 -5.166527 -2.811765 61.645481 -0.927890 -0.203697 0.312294 0.602944 0.905758 3 14 0.760920 73 0.140314 77 0.098766
angel_hair_new
  73 -5.639368 -2.519932 59.472366 -0.863187 -0.504687 0.014109 0.603833 0.838830 1 73 1.000000
  73 -4.898621 -3.680222 59.314503 -0.846036 -0.532972 -0.012811 0.646429 0.839835 3 73 0.796171 77 0.117174 14 0.086656
  14 -5.166527 -2.811765 61.645481 -0.927890 -0.203697 0.312294 0.602944 0.905758 3 14 0.760920 73 0.140314 77 0.098766
angel_hair_new
  73 -4.986842 -3.397913 57.355991 -0.776868 -0.613454 0.141948 0.641179 0.772278 1 73 1.000000
  73 -4.898621 -3.680222 59.314503 -0.846036 -0.532972 -0.012811 0.646429 0.839835 3 73 0.796171 77 0.117174 14 0.086656
  73 -5.639368 -2.519932 59.472366 -0.863187 -0.504687 0.014109 0.603833 0.838830 1 73 1.000000
angel_hair_new
  73 -5.800127 -2.431711 57.370247 -0.800909 -0.586685 0.119772 0.600540 0.776582 1 73 1.000000
  73 -4.986842 -3.397913 57.355991 -0.776868 -0.613454 0.141948 0.641179 0.772278 1 73 1.000000
  73 -5.639368 -2.519932 59.472366 -0.863187 -0.504687 0.014109 0.603833 0.838830 1 73 1.000000
angel_hair_new
  73 -5.800127 -2.431711 57.370247 -0.800909 -0.586685 0.119772 0.600540 0.776582 1 73 1.000000
  73 -5.408297 -3.629659 55.831455 -0.835764 -0.478818 0.268760 0.626782 0.721353 1 73 1.000000
  73 -4.986842 -3.397913 57.355991 -0.776868 -0.613454 0.141948 0.641179 0.772278 1 73 1.000000
angel_hair_new
  73 -5.909284 -2.852621 55.470200 -0.861051 -0.426166 0.277442 0.596406 0.719230 1 73 1.000000
  73 -5.408297 -3.629659 55.831455 -0.835764 -0.478818 0.268760 0.626782 0.721353 1 73 1.000000
  73 -5.800127 -2.431711 57.370247 -0.800909 -0.586685 0.119772 0.600540 0.776582 1 73 1.000000
angel_hair_new
  73 -6.254480 -3.802277 53.751549 -0.842157 -0.381908 0.380682 0.594434 0.656669 1 73 1.000000
  73 -5.408297 -3.629659 55.831455 -0.835764 -0.478818 0.268760 0.626782 0.721353 1 73 1.000000
  73 -5.909284 -2.852621 55.470200 -0.861051 -0.426166 0.277442 0.596406 0.719230 1 73 1.000000
angel_hair_new
  78 4.576416 -3.782455 55.134357 0.686536 0.301000 -0.661866 0.956557 0.857250 2 78 0.531244 82 0.468756
  78 4.286964 -4.498734 55.362663 0.813968 -0.470967 -0.340066 0.951769 0.831348 2 78 0.527087 82 0.472913
  78 3.690182 -4.716078 54.361160 -0.496969 -0.158265 -0.853214 0.992467 0.818559 2 78 0.580099 82 0.419901
angel_hair_new
  82 4.996716 -4.214445 56.927105 0.927398 -0.328886 -0.178234 0.900781 0.843045 2 82 0.753216 78 0.246784
  78 4.286964 -4.498734 55.362663 0.813968 -0.470967 -0.340066 0.951769 0.831348 2 78 0.527087 82 0.472913
  78 4.576416 -3.782455 55.134357 0.686536 0.301000 -0.661866 0.956557 0.857250 2 78 0.531244 82 0.468756
angel_hair_new
  78 3.690182 -4.716078 54.361160 -0.496969 -0.158265 -0.853214 0.989944 0.865858 2 78 0.580099 82 0.419901
  78 3.538531 -3.764227 55.000298 -0.467004 0.563616 -0.681354 0.968989 0.894068 2 78 0.585961 82 0.414039
  78 4.576416 -3.782455 55.134357 0.686536 0.301000 -0.661866 0.956557 0.857250 2 78 0.531244 82 0.468756
angel_hair_new
  78 3.538531 -3.764227 55.000298 -0.467004 0.563616 -0.681354 0.968989 0.894068 2 78 0.585961 82 0.414039
  82 3.089055 -2.790831 56.406452 -0.586975 0.673503 -0.449282 0.911083 0.950759 2 82 0.658007 78 0.341993
  78 4.576416 -3.782455 55.134357 0.686536 0.301000 -0.661866 0.956557 0.857250 2 78 0.531244 82 0.468756
angel_hair_new
  82 4.996716 -4.214445 56.927105 0.927398 -0.328886 -0.178234 0.900781 0.843045 2 82 0.753216 78 0.246784
  78 4.576416 -3.782455 55.134357 0.686536 0.301000 -0.661866 0.956557 0.857250 2 78 0.531244 82 0.468756
  82 5.454872 -2.915815 56.931927 0.818780 0.425420 -0.385509 0.896761 0.878797 2 82 0.888614 78 0.111386
angel_hair_new
  82 3.089055 -2.790831 56.406452 -0.586975 0.673503 -0.449282 0.911083 0.950759 2 82 0.658007 78 0.341993
  82 5.454872 -2.915815 56.931927 0.818780 0.425420 -0.385509 0.896761 0.878797 2 82 0.888614 78 0.111386
  78 4.576416 -3.782455 55.134357 0.686536 0.301000 -0.661866 0.956557 0.857250 2 78 0.531244 82 0.468756
angel_hair_new
  82 4.996716 -4.214445 56.927105 0.927398 -0.328886 -0.178234 0.900781 0.843045 2 82 0.753216 78 0.246784
  82 5.454872 -2.915815 56.931927 0.818780 0.425420 -0.385509 0.896761 0.878797 2 82 0.888614 78 0.111386
  82 5.129537 -4.214445 59.132633 0.950872 -0.284101 0.122997 0.841182 0.840974 2 82 0.788165 78 0.211835
angel_hair_new
  82 3.089055 -2.790831 56.406452 -0.586975 0.673503 -0.449282 0.911083 0.950759 2 82 0.658007 78 0.341993
  82 2.768074 -1.615017 59.089397 -0.275035 0.908489 -0.314647 0.828269 0.975771 3 82 0.827884 14 0.092055 78 0.080060
  82 5.454872 -2.915815 56.931927 0.818780 0.425420 -0.385509 0.896761 0.878797 2 82 0.888614 78 0.111386
angel_hair_new
  82 5.454872 -2.915815 56.931927 0.818780 0.425420 -0.385509 0.896761 0.878797 2 82 0.888614 78 0.111386
  82 5.478301 -2.973841 59.250355 0.985896 -0.133398 0.101058 0.838973 0.876261 1 82 1.000000
  82 5.129537 -4.214445 59.132633 0.950872 -0.284101 0.122997 0.841182 0.840974 2 82 0.788165 78 0.211835
angel_hair_new
  82 2.768074 -1.615017 59.089397 -0.275035 0.908489 -0.314647 0.828269 0.975771 3 82 0.827884 14 0.092055 78 0.080060
  82 5.379557 -1.848629 59.571728 0.742957 0.668410 -0.035248 0.831425 0.905524 1 82 1.000000
  82 5.454872 -2.915815 56.931927 0.818780 0.425420 -0.385509 0.896761 0.878797 2 82 0.888614 78 0.111386
angel_hair_new
  82 5.454872 -2.915815 56.931927 0.818780 0.425420 -0.385509 0.896761 0.878797 2 82 0.888614 78 0.111386
  82 5.379557 -1.848629 59.571728 0.742957 0.668410 -0.035248 0.831425 0.905524 1 82 1.000000
  82 5.478301 -2.973841 59.250355 0.985896 -0.133398 0.101058 0.838973 0.876261 1 82 1.000000
angel_hair_new
  82 2.768074 -1.615017 59.089397 -0.275035 0.908489 -0.314647 0.828269 0.975771 3 82 0.827884 14 0.092055 78 0.080060
  14 2.997475 -1.193838 61.633572 0.284562 0.940583 0.185281 0.767671 0.977707 2 14 0.900807 82 0.099193
  82 5.379557 -1.848629 59.571728 0.742957 0.668410 -0.035248 0.831425 0.905524 1 82 1.000000
angel_hair_new
  82 5.129537 -4.214445 59.132633 0.950872 -0.284101 0.122997 0.841182 0.840974 2 82 0.788165 78 0.211835
  82 5.478301 -2.973841 59.250355 0.985896 -0.133398 0.101058 0.838973 0.876261 1 82 1.000000
  14 4.672658 -3.160898 61.615841 0.908305 -0.207848 0.363016 0.769550 0.873632 3 14 0.743752 78 0.166431 82 0.089817
angel_hair_new
  82 5.478301 -2.973841 59.250355 0.985896 -0.133398 0.101058 0.838973 0.876261 1 82 1.000000
  82 5.379557 -1.848629 59.571728 0.742957 0.668410 -0.035248 0.831425 0.905524 1 82 1.000000
  14 4.672658 -3.160898 61.615841 0.908305 -0.207848 0.363016 0.769550 0.873632 3 14 0.743752 78 0.166431 82 0.089817
angel_hair_new
  82 5.379557 -1.848629 59.571728 0.742957 0.668410 -0.035248 0.831425 0.905524 1 82 1.000000
  14 2.997475 -1.193838 61.633572 0.284562 0.940583 0.185281 0.767671 0.977707 2 14 0.900807 82 0.099193
  14 4.979178 -1.959150 61.715111 0.809815 0.471828 0.348679 0.774866 0.909783 3 14 0.809817 82 0.132181 78 0.058001
angel_hair_new
  82 5.379557 -1.848629 59.571728 0.742957 0.668410 -0.035248 0.831425 0.905524 1 82 1.000000
  14 4.979178 -1.959150 61.715111 0.809815 0.471828 0.348679 0.774866 0.909783 3 14 0.809817 82 0.132181 78 0.058001
  14 4.672658 -3.160898 61.615841 0.908305 -0.207848 0.363016 0.769550 0.873632 3 14 0.743752 78 0.166431 82 0.089817
angel_hair_new
  14 4.979178 -1.959150 61.715111 0.809815 0.471828 0.348679 0.774866 0.909783 3 14 0.809817 82 0.132181 78 0.058001
  14 2.997475 -1.193838 61.633572 0.284562 0.940583 0.185281 0.767671 0.977707 2 14 0.900807 82 0.099193
  14 3.970517 -2.363926 63.517822 0.641258 0.389985 0.660833 0.708219 0.911597 2 14 0.706444 78 0.293556
angel_hair_new
  14 4.672658 -3.160898 61.615841 0.908305 -0.207848 0.363016 0.769550 0.873632 3 14 0.743752 78 0.166431 82 0.089817
  14 4.979178 -1.959150 61.715111 0.809815 0.471828 0.348679 0.774866 0.909783 3 14 0.809817 82 0.132181 78 0.058001
  14 3.970517 -2.363926 63.517822 0.641258 0.389985 0.660833 0.708219 0.911597 2 14 0.706444 78 0.293556
angel_hair_new
  14 2.997475 -1.193838 61.633572 0.284562 0.940583 0.185281 0.767671 0.977707 2 14 0.900807 82 0.099193
  14 2.360709 -1.449373 62.771622 0.250568 0.822032 0.511351 0.716661 0.969514 2 14 0.920183 78 0.079817
  14 3.970517 -2.363926 63.517822 0.641258 0.389985 0.660833 0.708219 0.911597 2 14 0.706444 78 0.293556
angel_hair_new
  78 3.781367 -3.664884 63.478722 0.748730 -0.212121 0.628019 0.700251 0.865577 2 78 0.775204 14 0.224796
  14 4.672658 -3.160898 61.615841 0.908305 -0.207848 0.363016 0.769550 0.873632 3 14 0.743752 78 0.166431 82 0.089817
  14 3.970517 -2.363926 63.517822 0.641258 0.389985 0.660833 0.708219 0.911597 2 14 0.706444 78 0.293556
angel_hair_new
  78 4.366133 -4.486153 61.516571 0.874489 -0.414329 0.252191 0.766696 0.831467 3 78 0.699509 14 0.218894 82 0.081597
  82 5.129537 -4.214445 59.132633 0.950872 -0.284101 0.122997 0.841182 0.840974 2 82 0.788165 78 0.211835
  14 4.672658 -3.160898 61.615841 0.908305 -0.207848 0.363016 0.769550 0.873632 3 14 0.743752 78 0.166431 82 0.089817
angel_hair_new
  78 4.366133 -4.486153 61.516571 0.874489 -0.414329 0.252191 0.766696 0.831467 3 78 0.699509 14 0.218894 82 0.081597
  14 4.672658 -3.160898 61.615841 0.908305 -0.207848 0.363016 0.769550 0.873632 3 14 0.743752 78 0.166431 82 0.089817
  78 3.781367 -3.664884 63.478722 0.748730 -0.212121 0.628019 0.700251 0.865577 2 78 0.775204 14 0.224796
angel_hair_new
  78 3.631441 -4.920317 62.934013 0.677352 -0.517550 0.522815 0.712565 0.818982 2 78 0.919705 14 0.080295
  78 4.366133 -4.486153 61.516571 0.874489 -0.414329 0.252191 0.766696 0.831467 3 78 0.699509 14 0.218894 82 0.081597
  78 3.781367 -3.664884 63.478722 0.748730 -0.212121 0.628019 0.700251 0.865577 2 78 0.775204 14 0.224796
angel_hair_new
  78 4.366133 -4.486153 61.516571 0.874489 -0.414329 0.252191 0.766696 0.831467 3 78 0.699509 14 0.218894 82 0.081597
  78 3.631441 -4.920317 62.934013 0.677352 -0.517550 0.522815 0.712565 0.818982 2 78 0.919705 14 0.080295
  78 3.740141 -5.397143 61.717842 0.818192 -0.553371 0.156023 0.752491 0.796902 2 78 0.928723 14 0.071277
angel_hair_new
  78 3.740141 -5.397143 61.717842 0.818192 -0.553371 0.156023 0.752491 0.796902 2 78 0.928723 14 0.071277
  78 3.816779 -5.443138 59.933346 0.736468 -0.675411 0.037891 0.813161 0.787284 2 78 0.882892 82 0.117108
  78 4.366133 -4.486153 61.516571 0.874489 -0.414329 0.252191 0.766696 0.831467 3 78 0.699509 14 0.218894 82 0.081597
angel_hair_new
  78 4.366133 -4.486153 61.516571 0.874489 -0.414329 0.252191 0.766696 0.831467 3 78 0.699509 14 0.218894 82 0.081597
  78 3.816779 -5.443138 59.933346 0.736468 -0.675411 0.037891 0.813161 0.787284 2 78 0.882892 82 0.117108
  82 5.129537 -4.214445 59.132633 0.711185 -0.702864 0.014080 0.841182 0.840974 2 82 0.788165 78 0.211835
angel_hair_new
  78 3.816779 -5.443138 59.933346 0.736468 -0.675411 0.037891 0.813161 0.787284 2 78 0.882892 82 0.117108
  78 3.898241 -5.313256 57.049259 0.691943 -0.717935 -0.076047 0.901894 0.799155 2 78 0.625820 82 0.374180
  82 5.129537 -4.214445 59.132633 0.711185 -0.702864 0.014080 0.841182 0.840974 2 82 0.788165 78 0.211835
angel_hair_new
  78 3.898241 -5.313256 57.049259 0.691943 -0.717935 -0.076047 0.901894 0.799155 2 78 0.625820 82 0.374180
  82 4.996716 -4.214445 56.927105 0.691943 -0.717935 -0.076048 0.900781 0.843045 2 82 0.753216 78 0.246784
  82 5.129537 -4.214445 59.132633 0.711185 -0.702864 0.014080 0.841182 0.840974 2 82 0.788165 78 0.211835
angel_hair_new
  78 3.898241 -5.313256 57.049259 0.691943 -0.717935 -0.076047 0.901894 0.799155 2 78 0.625820 82 0.374180
  82 3.853028 -5.065313 55.543259 0.718402 -0.659041 -0.222628 0.953664 0.807476 2 82 0.519764 78 0.480236
  82 4.996716 -4.214445 56.927105 0.691943 -0.717935 -0.076048 0.900781 0.843045 2 82 0.753216 78 0.246784
angel_hair_new
  82 3.853028 -5.065313 55.543259 0.718402 -0.659041 -0.222628 0.953664 0.807476 2 82 0.519764 78 0.480236
  78 4.286964 -4.498734 55.362663 0.711392 -0.645941 -0.276913 0.951769 0.831348 2 78 0.527087 82 0.472913
  82 4.996716 -4.214445 56.927105 0.691943 -0.717935 -0.076048 0.900781 0.843045 2 82 0.753216 78 0.246784
angel_hair_new
  78 3.690182 -4.716078 54.361160 0.727113 -0.615387 -0.304313 0.992467 0.818559 2 78 0.580099 82 0.419901
  78 4.286964 -4.498734 55.362663 0.711392 -0.645941 -0.276913 0.951769 0.831348 2 78 0.527087 82 0.472913
  82 3.853028 -5.065313 55.543259 0.718402 -0.659041 -0.222628 0.953664 0.807476 2 82 0.519764 78 0.480236
angel_hair_new
  78 3.740141 -5.397143 61.717842 0.818192 -0.553371 0.156023 0.510588 0.522532 2 78 0.928723 14 0.071277
  78 3.631441 -4.920317 62.934013 0.677352 -0.517550 0.522815 0.465397 0.520046 2 78 0.919705 14 0.080295
  78 3.397060 -5.896422 61.828152 0.560657 -0.789704 0.249061 0.511943 0.502445 1 78 1.000000
angel_hair_new
  78 3.397060 -5.896422 61.828152 0.560657 -0.789704 0.249061 0.511943 0.502445 1 78 1.000000
  78 3.816779 -5.443138 59.933346 0.736468 -0.675411 0.037891 0.570510 0.532985 2 78 0.882892 82 0.117108
  78 3.740141 -5.397143 61.717842 0.818192 -0.553371 0.156023 0.510588 0.522532 2 78 0.928723 14 0.071277
angel_hair_new
  78 3.397060 -5.896422 61.828152 0.560657 -0.789704 0.249061 0.511943 0.502445 1 78 1.000000
  78 2.740751 -6.485445 60.095230 0.721610 -0.690316 -0.052370 0.572965 0.483759 2 78 0.930576 76 0.069424
  78 3.816779 -5.443138 59.933346 0.736468 -0.675411 0.037891 0.570510 0.532985 2 78 0.882892 82 0.117108
angel_hair_new
  78 2.740751 -6.485445 60.095230 0.721610 -0.690316 -0.052370 0.572965 0.483759 2 78 0.930576 76 0.069424
  78 2.769964 -6.289662 57.835224 0.781995 -0.608474 -0.135069 0.631141 0.491413 1 78 1.000000
  78 3.816779 -5.443138 59.933346 0.736468 -0.675411 0.037891 0.570510 0.532985 2 78 0.882892 82 0.117108
angel_hair_new
  78 2.769964 -6.289662 57.835224 0.781995 -0.608474 -0.135069 0.631141 0.491413 1 78 1.000000
  78 3.313404 -5.414617 57.832150 0.809884 -0.579030 -0.093869 0.631079 0.520117 1 78 1.000000
  78 3.816779 -5.443138 59.933346 0.736468 -0.675411 0.037891 0.570510 0.532985 2 78 0.882892 82 0.117108
angel_hair_new
  78 2.769964 -6.289662 57.835224 0.781995 -0.608474 -0.135069 0.631141 0.491413 1 78 1.000000
  78 3.266915 -5.094748 56.041534 0.843631 -0.524338 -0.115569 0.695861 0.505792 1 78 1.000000
  78 3.313404 -5.414617 57.832150 0.809884 -0.579030 -0.093869 0.631079 0.520117 1 78 1.000000
angel_hair_new
  78 1.955560 -6.126356 62.287491 0.295074 -0.881769 0.367986 0.498061 0.452975 2 78 0.875605 76 0.124395
  78 3.397060 -5.896422 61.828152 0.560657 -0.789704 0.249061 0.511943 0.502445 1 78 1.000000
  78 3.631441 -4.920317 62.934013 0.677352 -0.517550 0.522815 0.465397 0.520046 2 78 0.919705 14 0.080295
angel_hair_new
  78 1.955560 -6.126356 62.287491 0.295074 -0.881769 0.367986 0.498061 0.452975 2 78 0.875605 76 0.124395
  78 2.740751 -6.485445 60.095230 -0.000001 -0.999769 0.021501 0.572965 0.483759 2 78 0.930576 76 0.069424
  78 3.397060 -5.896422 61.828152 0.560657 -0.789704 0.249061 0.511943 0.502445 1 78 1.000000
angel_hair_new
  78 1.814602 -5.346083 64.068367 0.360561 -0.589729 0.722645 0.430844 0.453144 2 78 0.867541 76 0.132459
  78 1.955560 -6.126356 62.287491 0.295074 -0.881769 0.367986 0.498061 0.452975 2 78 0.875605 76 0.124395
  78 3.631441 -4.920317 62.934013 0.677352 -0.517550 0.522815 0.465397 0.520046 2 78 0.919705 14 0.080295
angel_hair_new
  78 1.955560 -6.126356 62.287491 0.295074 -0.881769 0.367986 0.498061 0.452975 2 78 0.875605 76 0.124395
  78 1.825189 -6.426309 60.346027 -0.035109 -0.998546 0.040894 0.568414 0.453219 2 78 0.777705 76 0.222295
  78 2.740751 -6.485445 60.095230 -0.000001 -0.999769 0.021501 0.572965 0.483759 2 78 0.930576 76 0.069424
angel_hair_new
  78 1.814602 -5.346083 64.068367 0.360561 -0.589729 0.722645 0.430844 0.453144 2 78 0.867541 76 0.132459
  78 3.631441 -4.920317 62.934013 0.677352 -0.517550 0.522815 0.465397 0.520046 2 78 0.919705 14 0.080295
  78 2.087587 -4.032183 64.607986 0.308009 -0.138120 0.941304 0.390183 0.482021 2 78 0.920159 76 0.079841
angel_hair_new
  78 1.825189 -6.426309 60.346027 -0.035109 -0.998546 0.040894 0.568414 0.453219 2 78 0.777705 76 0.222295
  78 1.941800 -6.210385 57.870277 -0.099985 -0.953721 -0.283583 0.632126 0.469814 1 78 1.000000
  78 2.740751 -6.485445 60.095230 -0.000001 -0.999769 0.021501 0.572965 0.483759 2 78 0.930576 76 0.069424
angel_hair_new
  78 1.941800 -6.210385 57.870277 -0.099985 -0.953721 -0.283583 0.632126 0.469814 1 78 1.000000
  78 2.769964 -6.289662 57.835224 -0.101514 -0.927197 -0.360556 0.631141 0.491413 1 78 1.000000
  78 2.740751 -6.485445 60.095230 -0.000001 -0.999769 0.021501 0.572965 0.483759 2 78 0.930576 76 0.069424
angel_hair_new
  78 1.941800 -6.210385 57.870277 -0.099985 -0.953721 -0.283583 0.632126 0.469814 1 78 1.000000
  78 3.266915 -5.094748 56.041534 -0.102144 -0.814596 -0.570964 0.695861 0.505792 1 78 1.000000
  78 2.769964 -6.289662 57.835224 -0.101514 -0.927197 -0.360556 0.631141 0.491413 1 78 1.000000
angel_hair_new
  78 3.631441 -4.920317 62.934013 0.677352 -0.517550 0.522815 0.465397 0.520046 2 78 0.919705 14 0.080295
  78 3.781367 -3.664884 63.478722 0.748730 -0.212121 0.628019 0.424681 0.544449 2 78 0.775204 14 0.224796
  78 2.087587 -4.032183 64.607986 0.308009 -0.138120 0.941304 0.390183 0.482021 2 78 0.920159 76 0.079841
angel_hair_new
  78 2.087587 -4.032183 64.607986 0.308009 -0.138120 0.941304 0.390183 0.482021 2 78 0.920159 76 0.079841
  78 3.781367 -3.664884 63.478722 0.748730 -0.212121 0.628019 0.424681 0.544449 2 78 0.775204 14 0.224796
  78 2.201773 -2.620946 64.452995 0.213817 0.427322 0.878452 0.352369 0.507285 3 78 0.808090 14 0.122901 76 0.069009
angel_hair_new
  78 3.781367 -3.664884 63.478722 0.748730 -0.212121 0.628019 0.424681 0.544449 2 78 0.775204 14 0.224796
  14 3.970517 -2.363926 63.517822 0.641258 0.389985 0.660833 0.388917 0.566463 2 14 0.706444 78 0.293556
  78 2.201773 -2.620946 64.452995 0.213817 0.427322 0.878452 0.352369 0.507285 3 78 0.808090 14 0.122901 76 0.069009
angel_hair_new
  14 3.970517 -2.363926 63.517822 0.641258 0.389985 0.660833 0.388917 0.566463 2 14 0.706444 78 0.293556
  14 2.360709 -1.449373 62.771622 0.250568 0.822032 0.511351 0.328066 0.569315 2 14 0.920183 78 0.079817
  78 2.201773 -2.620946 64.452995 0.213817 0.427322 0.878452 0.352369 0.507285 3 78 0.808090 14 0.122901 76 0.069009
angel_hair_new
  14 2.360709 -1.449373 62.771622 0.250568 0.822032 0.511351 0.328066 0.569315 2 14 0.920183 78 0.079817
  14 1.244106 -1.611631 63.361988 0.025740 0.744973 0.666598 0.317349 0.527463 2 14 0.916540 78 0.083460
  78 2.201773 -2.620946 64.452995 0.213817 0.427322 0.878452 0.352369 0.507285 3 78 0.808090 14 0.122901 76 0.069009
angel_hair_new
  78 3.816779 -5.443138 59.933346 -0.704834 -0.705126 -0.077496 0.813161 0.787284 2 78 0.882892 82 0.117108
  82 2.540550 -4.117644 59.351891 -0.923441 -0.370904 -0.098421 0.818535 0.733830 2 82 0.670490 78 0.329510
  78 3.898241 -5.313256 57.049259 -0.704834 -0.705126 -0.077496 0.901894 0.799155 2 78 0.625820 82 0.374180
angel_hair_new
  82 2.540550 -4.117644 59.351891 -0.923441 -0.370904 -0.098421 0.818535 0.733830 2 82 0.670490 78 0.329510
  82 2.839401 -4.228007 56.524258 -0.931212 -0.303322 -0.202088 0.905570 0.754680 2 82 0.539650 78 0.460350
  78 3.898241 -5.313256 57.049259 -0.704834 -0.705126 -0.077496 0.901894 0.799155 2 78 0.625820 82 0.374180
angel_hair_new
  78 3.898241 -5.313256 57.049259 -0.704834 -0.705126 -0.077496 0.901894 0.799155 2 78 0.625820 82 0.374180
  82 2.839401 -4.228007 56.524258 -0.931212 -0.303322 -0.202088 0.905570 0.754680 2 82 0.539650 78 0.460350
  82 3.853028 -5.065313 55.543259 -0.719351 -0.685174 -0.114327 0.953664 0.807476 2 82 0.519764 78 0.480236
angel_hair_new
  82 2.839401 -4.228007 56.524258 -0.931212 -0.303322 -0.202088 0.905570 0.754680 2 82 0.539650 78 0.460350
  82 2.540550 -4.117644 59.351891 -0.923441 -0.370904 -0.098421 0.818535 0.733830 2 82 0.670490 78 0.329510
  82 3.089055 -2.790831 56.406452 -0.586975 0.673503 -0.449282 0.914200 0.705378 2 82 0.658007 78 0.341993
angel_hair_new
  82 2.540550 -4.117644 59.351891 -0.923441 -0.370904 -0.098421 0.818535 0.733830 2 82 0.670490 78 0.329510
  82 2.768074 -1.615017 59.089397 -0.275035 0.908489 -0.314647 0.822865 0.670275 3 82 0.827884 14 0.092055 78 0.080060
  82 3.089055 -2.790831 56.406452 -0.586975 0.673503 -0.449282 0.914200 0.705378 2 82 0.658007 78 0.341993
angel_hair_new
  82 2.839401 -4.228007 56.524258 -0.931212 -0.303322 -0.202088 0.905570 0.754680 2 82 0.539650 78 0.460350
  82 3.089055 -2.790831 56.406452 -0.586975 0.673503 -0.449282 0.914200 0.705378 2 82 0.658007 78 0.341993
  78 3.538531 -3.764227 55.000298 -0.467004 0.563616 -0.681354 0.968961 0.750434 2 78 0.585961 82 0.414039
angel_hair_new
  82 2.839401 -4.228007 56.524258 -0.931212 -0.303322 -0.202088 0.905570 0.754680 2 82 0.539650 78 0.460350
  82 3.391146 -4.481571 55.245293 -0.910088 -0.312690 -0.271963 0.961483 0.779660 2 82 0.504117 78 0.495883
  82 3.853028 -5.065313 55.543259 -0.719351 -0.685174 -0.114327 0.953664 0.807476 2 82 0.519764 78 0.480236
angel_hair_new
  82 3.391146 -4.481571 55.245293 -0.910088 -0.312690 -0.271963 0.961483 0.779660 2 82 0.504117 78 0.495883
  82 2.839401 -4.228007 56.524258 -0.931212 -0.303322 -0.202088 0.905570 0.754680 2 82 0.539650 78 0.460350
  78 3.538531 -3.764227 55.000298 -0.467004 0.563616 -0.681354 0.968961 0.750434 2 78 0.585961 82 0.414039
angel_hair_new
  82 3.853028 -5.065313 55.543259 -0.719351 -0.685174 -0.114327 0.953664 0.807476 2 82 0.519764 78 0.480236
  82 3.391146 -4.481571 55.245293 -0.910088 -0.312690 -0.271963 0.961483 0.779660 2 82 0.504117 78 0.495883
  78 3.690182 -4.716078 54.361160 -0.496969 -0.158265 -0.853214 0.985933 0.800196 2 78 0.580099 82 0.419901
angel_hair_new
  82 3.391146 -4.481571 55.245293 -0.910088 -0.312690 -0.271963 0.961483 0.779660 2 82 0.504117 78 0.495883
  78 3.538531 -3.764227 55.000298 -0.467004 0.563616 -0.681354 0.968961 0.750434 2 78 0.585961 82 0.414039
  78 3.690182 -4.716078 54.361160 -0.496969 -0.158265 -0.853214 0.995534 0.777563 2 78 0.580099 82 0.419901
angel_hair_new
  78 1.172765 -4.612245 60.152828 -0.931239 0.268667 -0.246196 0.577681 0.393859 1 78 1.000000
  78 1.800866 -5.214483 57.737907 -0.871437 0.213336 -0.441683 0.644338 0.438880 1 78 1.000000
  78 1.825189 -6.426309 60.346027 -0.955211 -0.276754 -0.104783 0.568414 0.453219 2 78 0.777705 76 0.222295
angel_hair_new
  78 1.800866 -5.214483 57.737907 -0.871437 0.213336 -0.441683 0.644338 0.438880 1 78 1.000000
  78 1.941800 -6.210385 57.870277 -0.905534 -0.257925 -0.336873 0.632126 0.469814 1 78 1.000000
  78 1.825189 -6.426309 60.346027 -0.955211 -0.276754 -0.104783 0.568414 0.453219 2 78 0.777705 76 0.222295
angel_hair_new
  78 1.941800 -6.210385 57.870277 -0.905534 -0.257925 -0.336873 0.632126 0.469814 1 78 1.000000
  78 1.800866 -5.214483 57.737907 -0.871437 0.213336 -0.441683 0.644338 0.438880 1 78 1.000000
  78 3.266915 -5.094748 56.041534 -0.104075 0.760024 -0.641508 0.695861 0.505792 1 78 1.000000
angel_hair_new
  78 3.266915 -5.094748 56.041534 -0.104075 0.760024 -0.641508 0.695861 0.505792 1 78 1.000000
  78 2.762599 -4.323394 57.716274 0.152950 0.911417 -0.382002 0.636019 0.564786 1 78 1.000000
  78 3.313404 -5.414617 57.832150 0.889761 0.447492 -0.089869 0.631079 0.520117 1 78 1.000000
angel_hair_new
  78 2.762599 -4.323394 57.716274 0.152950 0.911417 -0.382002 0.636019 0.564786 1 78 1.000000
  78 3.266915 -5.094748 56.041534 -0.104075 0.760024 -0.641508 0.695861 0.505792 1 78 1.000000
  78 1.800866 -5.214483 57.737907 -0.871437 0.213336 -0.441683 0.646073 0.605946 1 78 1.000000
angel_hair_new
  78 2.762599 -4.323394 57.716274 0.152950 0.911417 -0.382002 0.636019 0.564786 1 78 1.000000
  78 2.858032 -3.629076 59.750359 0.152950 0.911417 -0.382002 0.567156 0.574404 1 78 1.000000
  78 3.313404 -5.414617 57.832150 0.889761 0.447492 -0.089869 0.631079 0.520117 1 78 1.000000
angel_hair_new
  78 2.858032 -3.629076 59.750359 0.152950 0.911417 -0.382002 0.567156 0.574404 1 78 1.000000
  78 2.762599 -4.323394 57.716274 0.152950 0.911417 -0.382002 0.636019 0.564786 1 78 1.000000
  78 1.800866 -5.214483 57.737907 -0.871437 0.213336 -0.441683 0.646073 0.605946 1 78 1.000000
angel_hair_new
  78 2.858032 -3.629076 59.750359 0.152950 0.911417 -0.382002 0.567156 0.574404 1 78 1.000000
  78 3.816779 -5.443138 59.933346 0.863546 0.465146 -0.194751 0.570510 0.532985 2 78 0.882892 82 0.117108
  78 3.313404 -5.414617 57.832150 0.889761 0.447492 -0.089869 0.631079 0.520117 1 78 1.000000
angel_hair_new
  78 1.172765 -4.612245 60.152828 -0.931239 0.268667 -0.246196 0.561731 0.626032 1 78 1.000000
  78 2.858032 -3.629076 59.750359 0.152950 0.911417 -0.382002 0.567156 0.574404 1 78 1.000000
  78 1.800866 -5.214483 57.737907 -0.871437 0.213336 -0.441683 0.646073 0.605946 1 78 1.000000
end
