// Created by Crowbar 0.76
version 1
nodes
  0 "ValveBiped.Bip01_Pelvis" -1
  1 "ValveBiped.Bip01_L_Thigh" 0
  2 "ValveBiped.Bip01_L_Calf" 1
  3 "ValveBiped.Bip01_L_Foot" 2
  4 "ValveBiped.Bip01_L_Toe0" 3
  5 "ValveBiped.Bip01_R_Thigh" 0
  6 "ValveBiped.Bip01_R_Calf" 5
  7 "ValveBiped.Bip01_R_Foot" 6
  8 "ValveBiped.Bip01_R_Toe0" 7
  9 "ValveBiped.Bip01_Spine" 0
  10 "ValveBiped.Bip01_Spine1" 9
  11 "ValveBiped.Bip01_Spine2" 10
  12 "ValveBiped.Bip01_Spine4" 11
  13 "ValveBiped.Bip01_Neck1" 12
  14 "ValveBiped.Bip01_Head1" 13
  15 "ValveBiped.Bip01_L_Clavicle" 12
  16 "ValveBiped.Bip01_L_UpperArm" 15
  17 "ValveBiped.Bip01_L_Forearm" 16
  18 "ValveBiped.Bip01_L_Hand" 17
  19 "ValveBiped.Bip01_L_Finger2" 18
  20 "ValveBiped.Bip01_L_Finger21" 19
  21 "ValveBiped.Bip01_L_Finger22" 20
  22 "ValveBiped.Bip01_L_Finger1" 18
  23 "ValveBiped.Bip01_L_Finger11" 22
  24 "ValveBiped.Bip01_L_Finger12" 23
  25 "ValveBiped.Bip01_L_Finger0" 18
  26 "ValveBiped.Bip01_L_Finger01" 25
  27 "ValveBiped.Bip01_L_Finger02" 26
  28 "ValveBiped.Bip01_L_Finger4" 18
  29 "ValveBiped.Bip01_L_Finger41" 28
  30 "ValveBiped.Bip01_L_Finger42" 29
  31 "ValveBiped.Bip01_L_Finger3" 18
  32 "ValveBiped.Bip01_L_Finger31" 31
  33 "ValveBiped.Bip01_L_Finger32" 32
  34 "ValveBiped.Bip01_R_Clavicle" 12
  35 "ValveBiped.Bip01_R_UpperArm" 34
  36 "ValveBiped.Bip01_R_Forearm" 35
  37 "ValveBiped.Bip01_R_Hand" 36
  38 "ValveBiped.Bip01_R_Finger2" 37
  39 "ValveBiped.Bip01_R_Finger21" 38
  40 "ValveBiped.Bip01_R_Finger22" 39
  41 "ValveBiped.Bip01_R_Finger1" 37
  42 "ValveBiped.Bip01_R_Finger11" 41
  43 "ValveBiped.Bip01_R_Finger12" 42
  44 "ValveBiped.Bip01_R_Finger0" 37
  45 "ValveBiped.Bip01_R_Finger01" 44
  46 "ValveBiped.Bip01_R_Finger02" 45
  47 "ValveBiped.Bip01_R_Finger4" 37
  48 "ValveBiped.Bip01_R_Finger41" 47
  49 "ValveBiped.Bip01_R_Finger42" 48
  50 "ValveBiped.Bip01_R_Finger3" 37
  51 "ValveBiped.Bip01_R_Finger31" 50
  52 "ValveBiped.Bip01_R_Finger32" 51
  53 "ValveBiped.Skirt.R.001" 0
  54 "Skirt2_r" 53
  55 "ValveBiped.Skirt.B" 0
  56 "Skirtb2" 55
  57 "ValveBiped.Skirt.R" 0
  58 "Skirt5_r" 57
  59 "ValveBiped.Skirt.R.002" 0
  60 "Skirt8_r" 59
  61 "ValveBiped.Skirt.L.001" 0
  62 "Skirt2_l" 61
  63 "ValveBiped.Skirt.L" 0
  64 "Skirt5_l" 63
  65 "ValveBiped.Skirt.L.002" 0
  66 "Skirt8_l" 65
  67 "Hair_002" 14
  68 "Hair_001" 67
  69 "Hair_003" 68
  70 "Hair_006_r" 14
  71 "Hair_005_r" 70
  72 "Hair_007_r" 71
  73 "Hair_009_r" 14
  74 "Hair_010_r" 73
  75 "Hair_011_r" 74
  76 "Hair_004" 14
  77 "Hair_005" 14
  78 "Hair_006" 14
  79 "Hair_006_l" 14
  80 "Hair_005_l" 79
  81 "Hair_007_l" 80
  82 "Hair_009_l" 14
  83 "Hair_010_l" 82
  84 "Hair_011_l" 83
end
skeleton
  time 0
    0 0.000000 1.616581 35.388000 1.570796 0.000000 0.000001
    1 3.483831 0.451382 1.253440 -1.570114 -0.064472 -1.586906
    2 15.868502 -0.000100 -0.000005 -0.004983 -0.042487 0.148088
    3 14.855375 -0.000068 0.000003 0.008799 0.017186 -1.002419
    4 4.042293 1.124544 -0.031618 -0.001050 -0.003487 -0.555370
    5 -3.483833 0.451382 1.253433 -1.571430 -0.064474 -1.554685
    6 15.868511 -0.000113 -0.000001 0.005108 0.042496 0.148083
    7 14.855381 0.000018 0.000000 -0.002132 -0.019446 -1.002277
    8 4.042488 1.124206 0.015464 -0.061129 0.006497 -0.556032
    9 -0.000001 3.795177 1.709709 1.570794 0.086294 1.570791
    10 0.000000 0.000000 0.000000 0.000000 0.000001 -0.029231
    11 3.523872 -0.078402 -0.000015 0.000000 -0.000044 0.100328
    12 4.436268 0.882521 -0.000212 0.000009 0.000052 0.194099
    13 5.873093 -1.475047 0.000028 3.141588 -0.000019 0.372987
    14 1.431213 0.758154 0.000023 -0.000004 0.000010 0.302769
    15 3.113647 -1.743535 0.636099 1.564402 -1.116058 2.970024
    16 3.777359 0.774242 -0.032340 -1.690890 0.113528 -0.347837
    17 8.041758 0.000007 0.000004 -0.000782 -0.049713 -0.215962
    18 7.595908 -0.000039 0.000000 1.573449 -0.106735 0.134901
    19 3.587915 -0.593410 0.601401 0.098596 -0.073087 -0.394374
    20 1.610928 -0.000008 0.000000 -0.033325 -0.080209 -0.007832
    21 0.887497 -0.000008 0.000000 -0.000001 0.003076 -0.216400
    22 3.524288 -0.706635 1.333842 0.359810 -0.170845 -0.427502
    23 1.295395 0.000008 0.000000 -0.035165 -0.068703 -0.042506
    24 0.922834 0.000004 0.000001 -0.000002 0.002592 -0.244316
    25 0.032600 -0.512512 0.764443 -1.580355 -0.574146 -0.382656
    26 1.547192 0.000008 -0.000004 -0.136855 0.004037 0.177094
    27 1.557987 0.000011 0.000000 0.000005 0.011266 0.362865
    28 3.477026 -0.509605 -0.938866 -0.468914 0.035206 -0.318762
    29 0.870695 0.000000 0.000000 -0.036027 0.060901 -0.138997
    30 0.802872 -0.000006 0.000000 -0.000005 0.004979 -0.244284
    31 3.482192 -0.581478 -0.146996 -0.178787 0.016797 -0.238821
    32 1.481682 -0.000008 -0.000001 -0.025867 0.018247 -0.199668
    33 0.839493 0.000008 0.000001 0.000003 0.007357 -0.430822
    34 3.113655 -1.743536 -0.636071 -1.574435 1.117753 2.959611
    35 3.778463 0.767876 0.050112 1.690723 -0.117581 -0.349772
    36 8.041756 -0.000005 0.000000 0.000073 0.050229 -0.215843
    37 7.595890 0.000073 0.000008 -1.563673 0.106377 0.130261
    38 3.590814 -0.597862 -0.579298 -0.089872 0.065718 -0.394758
    39 1.610922 -0.000004 0.000000 0.032143 0.080090 -0.008917
    40 0.887501 -0.000004 0.000001 0.000001 -0.004460 -0.216358
    41 3.530805 -0.716415 -1.311210 -0.356227 0.163319 -0.428308
    42 1.295393 -0.000011 -0.000001 0.037467 0.068349 -0.043074
    43 0.922838 -0.000004 0.000000 0.000004 -0.004204 -0.244323
    44 0.036356 -0.518059 -0.760536 1.855586 0.566807 -0.385847
    45 1.547199 -0.000010 0.000000 0.208582 0.045009 0.171387
    46 1.557985 0.000010 -0.000002 -0.000005 -0.009622 0.362889
    47 3.472317 -0.502834 0.959754 0.470103 -0.042190 -0.318598
    48 0.870693 -0.000002 0.000000 0.027299 -0.061805 -0.138611
    49 0.802864 0.000000 -0.000002 0.000003 -0.006133 -0.244281
    50 3.481399 -0.580475 0.168449 0.171545 -0.023328 -0.238748
    51 1.481677 0.000004 0.000000 0.025132 -0.017993 -0.199686
    52 0.839493 0.000004 0.000002 0.000004 -0.009661 -0.430781
    53 -3.756462 5.577850 2.053357 1.570803 -0.000001 0.000000
    54 -2.735646 -0.081365 5.727119 0.000007 0.000015 1.570796
    55 0.000001 5.662003 -0.974302 1.570804 -0.000001 0.000000
    56 -0.000002 -2.275002 5.113525 0.000000 0.000000 -3.141592
    57 -2.477620 5.416855 4.597564 1.570804 -0.000001 0.000000
    58 -1.515218 1.317776 5.998497 0.000000 0.000000 0.000000
    59 -2.455992 5.657928 -0.087295 1.570804 -0.000001 0.000000
    60 -1.485628 -1.617812 5.263969 0.000000 0.000000 3.141592
    61 3.756460 5.577858 2.053359 1.570803 -0.000001 0.000000
    62 2.735645 -0.081364 5.727116 0.000004 -0.000011 -1.570795
    63 2.477613 5.416855 4.597570 1.570804 -0.000001 0.000000
    64 1.515220 1.317777 5.998508 0.000000 0.000000 0.000000
    65 2.455991 5.657928 -0.087293 1.570804 -0.000001 0.000000
    66 1.485620 -1.617803 5.263973 0.000000 0.000000 -3.141592
    67 4.575642 5.632584 0.000132 0.000000 -1.570771 0.249128
    68 -0.000001 0.314078 5.161098 0.000000 0.000000 0.000000
    69 -0.000001 -0.323108 3.750217 0.000000 0.000000 0.000000
    70 5.734947 1.075212 4.685178 1.570830 -0.000004 -1.321669
    71 -0.753896 0.305901 4.971462 -0.000001 0.000002 0.000000
    72 -1.101006 -0.314705 3.448307 0.000001 0.000001 0.000000
    73 5.809101 -1.029643 4.595047 1.570829 -0.000004 -1.321671
    74 -0.714908 -0.199657 5.028973 0.000000 0.000003 0.000000
    75 -0.282898 -0.851690 4.444889 0.000000 0.000000 0.000000
    76 9.578484 -1.290738 0.000240 0.000000 1.570770 -2.892481
    77 9.369518 -1.236408 1.787905 0.000000 1.570770 -2.892481
    78 9.436707 -1.331719 -1.409029 0.000000 1.570770 -2.892477
    79 5.735191 1.075235 -4.684885 -1.570814 0.000004 1.819923
    80 0.753901 0.305904 4.971474 -0.000001 -0.000002 0.000000
    81 1.101010 -0.314705 3.448315 0.000000 -0.000001 0.000000
    82 5.809341 -1.029617 -4.594752 -1.570814 0.000004 1.819922
    83 0.714908 -0.199655 5.028969 0.000000 -0.000003 0.000000
    84 0.282897 -0.851688 4.444893 0.000000 0.000000 0.000000
end
triangles
  phy
    0 -3.141546 3.357377 35.967852 -0.401083 0.840416 0.364463 0 0
    0 -4.361291 3.149373 34.983954 -0.645194 0.743798 0.174613 0 0
    0 -4.421434 1.733243 38.150786 -0.295069 0.431042 0.852723 0 0
  phy
    0 -2.531064 2.677740 38.085623 -0.145016 0.787849 0.598551 0 0
    0 -3.141546 3.357377 35.967852 -0.401083 0.840416 0.364463 0 0
    0 -4.421434 1.733243 38.150786 -0.295069 0.431042 0.852723 0 0
  phy
    0 -4.361291 3.149373 34.983954 -0.645194 0.743798 0.174613 0 0
    0 -3.141546 3.357377 35.967852 -0.401083 0.840416 0.364463 0 0
    0 -2.586873 3.683708 35.672091 -0.241539 0.920028 0.308556 0 0
  phy
    0 -3.141546 3.357377 35.967852 -0.401083 0.840416 0.364463 0 0
    0 -2.531064 2.677740 38.085623 -0.145016 0.787849 0.598551 0 0
    0 -2.586873 3.683708 35.672091 -0.241539 0.920028 0.308556 0 0
  phy
    0 1.092992 -4.323401 36.034138 0.336784 -0.930642 0.143114 0 0
    0 1.883124 -4.151539 34.585102 0.450261 -0.892837 0.010392 0 0
    0 2.342340 -3.866408 35.213948 0.486974 -0.864451 0.124828 0 0
  phy
    0 2.342340 -3.866408 35.213948 0.486974 -0.864451 0.124828 0 0
    0 1.723336 -3.922241 36.796379 0.478773 -0.851725 0.212931 0 0
    0 1.092992 -4.323401 36.034138 0.336784 -0.930642 0.143114 0 0
  phy
    0 1.883124 -4.151539 34.585102 0.450261 -0.892837 0.010392 0 0
    0 4.135006 -2.664350 35.655891 0.549794 -0.828072 0.109650 0 0
    0 2.342340 -3.866408 35.213948 0.486974 -0.864451 0.124828 0 0
  phy
    0 2.342340 -3.866408 35.213948 0.486974 -0.864451 0.124828 0 0
    0 4.135006 -2.664350 35.655891 0.549794 -0.828072 0.109650 0 0
    0 1.723336 -3.922241 36.796379 0.478773 -0.851725 0.212931 0 0
  phy
    0 -3.936756 -2.822856 35.483517 -0.561671 -0.825754 0.051532 0 0
    0 -3.915861 -2.699409 34.578472 -0.622647 -0.706949 -0.335460 0 0
    0 -3.286161 -3.197177 34.744938 -0.575583 -0.806338 -0.136101 0 0
  phy
    0 -3.936756 -2.822856 35.483517 -0.561671 -0.825754 0.051532 0 0
    0 -5.251236 -1.758982 35.287483 -0.655856 -0.151121 -0.739605 0 0
    0 -3.915861 -2.699409 34.578472 -0.622647 -0.706949 -0.335460 0 0
  phy
    0 -3.286161 -3.197177 34.744938 -0.575583 -0.806338 -0.136101 0 0
    0 -1.883126 -4.151538 34.585102 -0.445620 -0.895176 0.009083 0 0
    0 -3.936756 -2.822856 35.483517 -0.561671 -0.825754 0.051532 0 0
  phy
    0 -3.936756 -2.822856 35.483517 -0.561671 -0.825754 0.051532 0 0
    0 -1.883126 -4.151538 34.585102 -0.445620 -0.895176 0.009083 0 0
    0 -2.342343 -3.866406 35.213948 -0.481821 -0.867343 0.124755 0 0
  phy
    0 -4.497627 -2.373719 35.897758 -0.551202 -0.815819 0.174974 0 0
    0 -5.251236 -1.758982 35.287483 -0.655856 -0.151121 -0.739605 0 0
    0 -3.936756 -2.822856 35.483517 -0.561671 -0.825754 0.051532 0 0
  phy
    0 -2.342343 -3.866406 35.213948 -0.481821 -0.867343 0.124755 0 0
    0 -1.723339 -3.922240 36.796379 -0.483229 -0.849598 0.211357 0 0
    0 -3.936756 -2.822856 35.483517 -0.561671 -0.825754 0.051532 0 0
  phy
    0 -1.723339 -3.922240 36.796379 -0.483229 -0.849598 0.211357 0 0
    0 -4.497627 -2.373719 35.897758 -0.551202 -0.815819 0.174974 0 0
    0 -3.936756 -2.822856 35.483517 -0.561671 -0.825754 0.051532 0 0
  phy
    0 -0.000002 -4.172594 36.960312 -0.000001 -0.944449 0.328659 0 0
    0 0.967695 -4.100799 36.958580 0.154278 -0.930990 0.330842 0 0
    0 -0.000002 -4.017933 37.350056 -0.000001 -0.896913 0.442207 0 0
  phy
    0 -0.000002 -4.752446 35.239335 0.000000 -0.963455 0.267870 0 0
    0 0.967695 -4.100799 36.958580 0.154278 -0.930990 0.330842 0 0
    0 -0.000002 -4.172594 36.960312 -0.000001 -0.944449 0.328659 0 0
  phy
    0 -0.000002 -4.017933 37.350056 -0.000001 -0.896913 0.442207 0 0
    0 -0.967701 -4.100798 36.958580 -0.154279 -0.930989 0.330843 0 0
    0 -0.000002 -4.172594 36.960312 -0.000001 -0.944449 0.328659 0 0
  phy
    0 -0.000002 -4.172594 36.960312 -0.000001 -0.944449 0.328659 0 0
    0 -0.967701 -4.100798 36.958580 -0.154279 -0.930989 0.330843 0 0
    0 -0.000002 -4.752446 35.239335 0.000000 -0.963455 0.267870 0 0
  phy
    0 -1.092996 -4.323402 36.034138 -0.336786 -0.930642 0.143114 0 0
    0 -1.723339 -3.922240 36.796379 -0.483229 -0.849598 0.211357 0 0
    0 -2.342343 -3.866406 35.213948 -0.481821 -0.867343 0.124755 0 0
  phy
    0 -2.342343 -3.866406 35.213948 -0.481821 -0.867343 0.124755 0 0
    0 -1.883126 -4.151538 34.585102 -0.445620 -0.895176 0.009083 0 0
    0 -1.092996 -4.323402 36.034138 -0.336786 -0.930642 0.143114 0 0
  phy
    0 -1.883126 -4.151538 34.585102 -0.445620 -0.895176 0.009083 0 0
    0 -0.000002 -4.876008 34.510136 -0.000001 -0.998796 0.049064 0 0
    0 -1.092996 -4.323402 36.034138 -0.336786 -0.930642 0.143114 0 0
  phy
    0 -1.092996 -4.323402 36.034138 -0.336786 -0.930642 0.143114 0 0
    0 -0.000002 -4.876008 34.510136 -0.000001 -0.998796 0.049064 0 0
    0 -0.000002 -4.752446 35.239335 0.000000 -0.963455 0.267870 0 0
  phy
    0 -0.000002 -4.752446 35.239335 0.000000 -0.963455 0.267870 0 0
    0 -0.967701 -4.100798 36.958580 -0.154279 -0.930989 0.330843 0 0
    0 -1.092996 -4.323402 36.034138 -0.336786 -0.930642 0.143114 0 0
  phy
    0 -1.092996 -4.323402 36.034138 -0.336786 -0.930642 0.143114 0 0
    0 -0.967701 -4.100798 36.958580 -0.154279 -0.930989 0.330843 0 0
    0 -1.723339 -3.922240 36.796379 -0.483229 -0.849598 0.211357 0 0
  phy
    0 1.092992 -4.323401 36.034138 0.336784 -0.930642 0.143114 0 0
    0 -0.000002 -4.876008 34.510136 -0.000001 -0.998796 0.049064 0 0
    0 1.883124 -4.151539 34.585102 0.450261 -0.892837 0.010392 0 0
  phy
    0 -0.000002 -4.752446 35.239335 0.000000 -0.963455 0.267870 0 0
    0 -0.000002 -4.876008 34.510136 -0.000001 -0.998796 0.049064 0 0
    0 1.092992 -4.323401 36.034138 0.336784 -0.930642 0.143114 0 0
  phy
    0 1.092992 -4.323401 36.034138 0.336784 -0.930642 0.143114 0 0
    0 0.967695 -4.100799 36.958580 0.154278 -0.930990 0.330842 0 0
    0 -0.000002 -4.752446 35.239335 0.000000 -0.963455 0.267870 0 0
  phy
    0 1.723336 -3.922241 36.796379 0.478773 -0.851725 0.212931 0 0
    0 0.967695 -4.100799 36.958580 0.154278 -0.930990 0.330842 0 0
    0 1.092992 -4.323401 36.034138 0.336784 -0.930642 0.143114 0 0
  phy
    0 -3.915861 -2.699409 34.578472 -0.622647 -0.706949 -0.335460 0 0
    0 -1.131364 -4.480808 33.441910 -0.487953 -0.822310 -0.292761 0 0
    0 -3.286161 -3.197177 34.744938 -0.575583 -0.806338 -0.136101 0 0
  phy
    0 -1.131364 -4.480808 33.441910 -0.487953 -0.822310 -0.292761 0 0
    0 -1.883126 -4.151538 34.585102 -0.445620 -0.895176 0.009083 0 0
    0 -3.286161 -3.197177 34.744938 -0.575583 -0.806338 -0.136101 0 0
  phy
    0 -2.256511 4.068331 33.409735 -0.142455 0.984776 -0.099613 0 0
    0 -2.265293 4.081745 33.980055 -0.175475 0.981158 0.080850 0 0
    0 0.000001 4.263300 33.932566 -0.007985 0.992936 0.118386 0 0
  phy
    0 -2.256511 4.068331 33.409735 -0.142455 0.984776 -0.099613 0 0
    0 0.000001 4.263300 33.932566 -0.007985 0.992936 0.118386 0 0
    0 0.015020 4.250679 33.373966 0.010079 0.964624 -0.263436 0 0
  phy
    0 -2.256511 4.068331 33.409735 -0.142455 0.984776 -0.099613 0 0
    0 -2.268660 3.935995 32.830893 -0.236580 0.497922 -0.834328 0 0
    0 -3.321610 3.720067 33.551833 -0.618157 0.024840 -0.785662 0 0
  phy
    0 -2.265293 4.081745 33.980055 -0.175475 0.981158 0.080850 0 0
    0 -2.256511 4.068331 33.409735 -0.142455 0.984776 -0.099613 0 0
    0 -3.321610 3.720067 33.551833 -0.618157 0.024840 -0.785662 0 0
  phy
    0 -2.268660 3.935995 32.830893 -0.236580 0.497922 -0.834328 0 0
    0 -2.256511 4.068331 33.409735 -0.142455 0.984776 -0.099613 0 0
    0 0.015020 4.250679 33.373966 0.010079 0.964624 -0.263436 0 0
  phy
    0 2.265295 4.081743 33.980055 0.161422 0.984703 0.065602 0 0
    0 2.256512 4.068330 33.409735 0.163710 0.978728 -0.123653 0 0
    0 0.015020 4.250679 33.373966 0.010079 0.964624 -0.263436 0 0
  phy
    0 2.265295 4.081743 33.980055 0.161422 0.984703 0.065602 0 0
    0 0.015020 4.250679 33.373966 0.010079 0.964624 -0.263436 0 0
    0 0.000001 4.263300 33.932566 -0.007985 0.992936 0.118386 0 0
  phy
    0 2.265295 4.081743 33.980055 0.161422 0.984703 0.065602 0 0
    0 1.715451 3.979314 35.104105 0.033529 0.944858 0.325759 0 0
    0 2.306059 3.957515 34.691527 0.242905 0.953551 0.178150 0 0
  phy
    0 1.715451 3.979314 35.104105 0.033529 0.944858 0.325759 0 0
    0 2.265295 4.081743 33.980055 0.161422 0.984703 0.065602 0 0
    0 0.000001 4.263300 33.932566 -0.007985 0.992936 0.118386 0 0
  phy
    0 2.256512 4.068330 33.409735 0.163710 0.978728 -0.123653 0 0
    0 2.265295 4.081743 33.980055 0.161422 0.984703 0.065602 0 0
    0 3.321612 3.720065 33.551833 0.618157 0.024839 -0.785662 0 0
  phy
    0 2.265295 4.081743 33.980055 0.161422 0.984703 0.065602 0 0
    0 3.299368 3.716099 34.132216 0.373085 0.924379 0.079572 0 0
    0 3.321612 3.720065 33.551833 0.618157 0.024839 -0.785662 0 0
  phy
    0 2.265295 4.081743 33.980055 0.161422 0.984703 0.065602 0 0
    0 3.247109 3.639899 34.832442 0.333592 0.927112 0.170823 0 0
    0 3.299368 3.716099 34.132216 0.373085 0.924379 0.079572 0 0
  phy
    0 3.247109 3.639899 34.832442 0.333592 0.927112 0.170823 0 0
    0 2.265295 4.081743 33.980055 0.161422 0.984703 0.065602 0 0
    0 2.306059 3.957515 34.691527 0.242905 0.953551 0.178150 0 0
  phy
    0 3.299368 3.716099 34.132216 0.373085 0.924379 0.079572 0 0
    0 3.247109 3.639899 34.832442 0.333592 0.927112 0.170823 0 0
    0 4.361291 3.149371 34.983954 0.645196 0.743796 0.174613 0 0
  phy
    0 3.247109 3.639899 34.832442 0.333592 0.927112 0.170823 0 0
    0 2.586875 3.683707 35.672091 0.241541 0.920028 0.308556 0 0
    0 4.361291 3.149371 34.983954 0.645196 0.743796 0.174613 0 0
  phy
    0 2.586875 3.683707 35.672091 0.241541 0.920028 0.308556 0 0
    0 3.247109 3.639899 34.832442 0.333592 0.927112 0.170823 0 0
    0 2.306059 3.957515 34.691527 0.242905 0.953551 0.178150 0 0
  phy
    0 1.715451 3.979314 35.104105 0.033529 0.944858 0.325759 0 0
    0 2.586875 3.683707 35.672091 0.241541 0.920028 0.308556 0 0
    0 2.306059 3.957515 34.691527 0.242905 0.953551 0.178150 0 0
  phy
    0 -1.715449 3.979315 35.104105 -0.033527 0.944858 0.325759 0 0
    0 1.715451 3.979314 35.104105 0.033529 0.944858 0.325759 0 0
    0 0.000001 4.263300 33.932566 -0.007985 0.992936 0.118386 0 0
  phy
    0 1.715451 3.979314 35.104105 0.033529 0.944858 0.325759 0 0
    0 -1.715449 3.979315 35.104105 -0.033527 0.944858 0.325759 0 0
    0 0.000000 2.903343 37.881922 0.000001 0.916477 0.400087 0 0
  phy
    0 2.586875 3.683707 35.672091 0.241541 0.920028 0.308556 0 0
    0 1.715451 3.979314 35.104105 0.033529 0.944858 0.325759 0 0
    0 2.531064 2.677739 38.085623 0.111479 0.627083 0.770934 0 0
  phy
    0 1.715451 3.979314 35.104105 0.033529 0.944858 0.325759 0 0
    0 0.000000 2.903343 37.881922 0.000001 0.916477 0.400087 0 0
    0 2.531064 2.677739 38.085623 0.111479 0.627083 0.770934 0 0
  phy
    0 3.141547 3.357375 35.967852 0.401085 0.840415 0.364463 0 0
    0 4.421434 1.733240 38.150786 0.262606 0.378272 0.887664 0 0
    0 4.361291 3.149371 34.983954 0.645196 0.743796 0.174613 0 0
  phy
    0 4.421434 1.733240 38.150786 0.262606 0.378272 0.887664 0 0
    0 3.141547 3.357375 35.967852 0.401085 0.840415 0.364463 0 0
    0 2.531064 2.677739 38.085623 0.111479 0.627083 0.770934 0 0
  phy
    0 2.586875 3.683707 35.672091 0.241541 0.920028 0.308556 0 0
    0 3.141547 3.357375 35.967852 0.401085 0.840415 0.364463 0 0
    0 4.361291 3.149371 34.983954 0.645196 0.743796 0.174613 0 0
  phy
    0 3.141547 3.357375 35.967852 0.401085 0.840415 0.364463 0 0
    0 2.586875 3.683707 35.672091 0.241541 0.920028 0.308556 0 0
    0 2.531064 2.677739 38.085623 0.111479 0.627083 0.770934 0 0
  phy
    0 -4.361291 3.149373 34.983954 -0.645194 0.743798 0.174613 0 0
    0 -3.299367 3.716101 34.132216 -0.373084 0.924379 0.079572 0 0
    0 -3.321610 3.720067 33.551833 -0.618157 0.024840 -0.785662 0 0
  phy
    0 -4.361291 3.149373 34.983954 -0.645194 0.743798 0.174613 0 0
    0 -3.321610 3.720067 33.551833 -0.618157 0.024840 -0.785662 0 0
    0 -6.141366 0.771473 36.010757 -0.896085 0.315748 -0.311985 0 0
  phy
    0 -3.299367 3.716101 34.132216 -0.373084 0.924379 0.079572 0 0
    0 -4.361291 3.149373 34.983954 -0.645194 0.743798 0.174613 0 0
    0 -3.247108 3.639901 34.832442 -0.333590 0.927112 0.170824 0 0
  phy
    0 -4.421434 1.733243 38.150786 -0.295069 0.431042 0.852723 0 0
    0 -4.361291 3.149373 34.983954 -0.645194 0.743798 0.174613 0 0
    0 -5.869222 0.719605 37.104186 -0.762542 0.543637 0.350698 0 0
  phy
    0 -5.869222 0.719605 37.104186 -0.762542 0.543637 0.350698 0 0
    0 -4.361291 3.149373 34.983954 -0.645194 0.743798 0.174613 0 0
    0 -6.141366 0.771473 36.010757 -0.896085 0.315748 -0.311985 0 0
  phy
    0 -3.247108 3.639901 34.832442 -0.333590 0.927112 0.170824 0 0
    0 -4.361291 3.149373 34.983954 -0.645194 0.743798 0.174613 0 0
    0 -2.586873 3.683708 35.672091 -0.241539 0.920028 0.308556 0 0
  phy
    0 -2.306057 3.957516 34.691527 -0.242903 0.953552 0.178150 0 0
    0 -1.715449 3.979315 35.104105 -0.033527 0.944858 0.325759 0 0
    0 -2.265293 4.081745 33.980055 -0.175475 0.981158 0.080850 0 0
  phy
    0 -1.715449 3.979315 35.104105 -0.033527 0.944858 0.325759 0 0
    0 -2.306057 3.957516 34.691527 -0.242903 0.953552 0.178150 0 0
    0 -2.586873 3.683708 35.672091 -0.241539 0.920028 0.308556 0 0
  phy
    0 -3.247108 3.639901 34.832442 -0.333590 0.927112 0.170824 0 0
    0 -2.306057 3.957516 34.691527 -0.242903 0.953552 0.178150 0 0
    0 -2.265293 4.081745 33.980055 -0.175475 0.981158 0.080850 0 0
  phy
    0 -2.306057 3.957516 34.691527 -0.242903 0.953552 0.178150 0 0
    0 -3.247108 3.639901 34.832442 -0.333590 0.927112 0.170824 0 0
    0 -2.586873 3.683708 35.672091 -0.241539 0.920028 0.308556 0 0
  phy
    0 -3.299367 3.716101 34.132216 -0.373084 0.924379 0.079572 0 0
    0 -3.247108 3.639901 34.832442 -0.333590 0.927112 0.170824 0 0
    0 -2.265293 4.081745 33.980055 -0.175475 0.981158 0.080850 0 0
  phy
    0 -3.299367 3.716101 34.132216 -0.373084 0.924379 0.079572 0 0
    0 -2.265293 4.081745 33.980055 -0.175475 0.981158 0.080850 0 0
    0 -3.321610 3.720067 33.551833 -0.618157 0.024840 -0.785662 0 0
  phy
    0 5.251234 -1.758985 35.287483 0.654375 -0.147565 -0.741632 0 0
    0 3.321612 3.720065 33.551833 0.618157 0.024839 -0.785662 0 0
    0 6.126556 -0.489823 35.972598 0.769663 -0.106348 -0.629530 0 0
  phy
    0 3.321612 3.720065 33.551833 0.618157 0.024839 -0.785662 0 0
    0 5.251234 -1.758985 35.287483 0.654375 -0.147565 -0.741632 0 0
    0 2.033945 -3.402070 33.036595 0.570502 -0.128359 -0.811204 0 0
  phy
    0 3.915859 -2.699411 34.578472 0.622920 -0.712834 -0.322240 0 0
    0 2.033945 -3.402070 33.036595 0.570502 -0.128359 -0.811204 0 0
    0 5.251234 -1.758985 35.287483 0.654375 -0.147565 -0.741632 0 0
  phy
    0 4.497624 -2.373722 35.897758 0.573907 -0.803696 0.157173 0 0
    0 4.135006 -2.664350 35.655891 0.549794 -0.828072 0.109650 0 0
    0 5.251234 -1.758985 35.287483 0.654375 -0.147565 -0.741632 0 0
  phy
    0 5.251234 -1.758985 35.287483 0.654375 -0.147565 -0.741632 0 0
    0 4.135006 -2.664350 35.655891 0.549794 -0.828072 0.109650 0 0
    0 3.915859 -2.699411 34.578472 0.622920 -0.712834 -0.322240 0 0
  phy
    0 5.251234 -1.758985 35.287483 0.654375 -0.147565 -0.741632 0 0
    0 6.126556 -0.489823 35.972598 0.769663 -0.106348 -0.629530 0 0
    0 5.408145 -1.593738 36.481617 0.695497 -0.682908 0.223430 0 0
  phy
    0 5.251234 -1.758985 35.287483 0.654375 -0.147565 -0.741632 0 0
    0 5.408145 -1.593738 36.481617 0.695497 -0.682908 0.223430 0 0
    0 4.497624 -2.373722 35.897758 0.573907 -0.803696 0.157173 0 0
  phy
    0 1.131360 -4.480807 33.441910 0.487951 -0.822311 -0.292761 0 0
    0 3.286159 -3.197179 34.744938 0.576850 -0.808040 -0.119643 0 0
    0 1.883124 -4.151539 34.585102 0.450261 -0.892837 0.010392 0 0
  phy
    0 3.286159 -3.197179 34.744938 0.576850 -0.808040 -0.119643 0 0
    0 4.135006 -2.664350 35.655891 0.549794 -0.828072 0.109650 0 0
    0 1.883124 -4.151539 34.585102 0.450261 -0.892837 0.010392 0 0
  phy
    0 1.883124 -4.151539 34.585102 0.450261 -0.892837 0.010392 0 0
    0 -0.000002 -4.876008 34.510136 -0.000001 -0.998796 0.049064 0 0
    0 1.131360 -4.480807 33.441910 0.487951 -0.822311 -0.292761 0 0
  phy
    0 4.945758 0.767876 38.164122 0.034733 0.025651 0.999067 0 0
    0 4.421434 1.733240 38.150786 0.262606 0.378272 0.887664 0 0
    0 -4.945758 0.767879 38.164122 -0.035626 0.031852 0.998857 0 0
  phy
    0 -4.945758 0.767879 38.164122 -0.035626 0.031852 0.998857 0 0
    0 4.421434 1.733240 38.150786 0.262606 0.378272 0.887664 0 0
    0 -4.421434 1.733243 38.150786 -0.295069 0.431042 0.852723 0 0
  phy
    0 -4.945758 0.767879 38.164122 -0.035626 0.031852 0.998857 0 0
    0 -0.000001 -1.209365 38.191436 -0.000164 0.001846 0.999998 0 0
    0 4.945758 0.767876 38.164122 0.034733 0.025651 0.999067 0 0
  phy
    0 -4.945758 0.767879 38.164122 -0.035626 0.031852 0.998857 0 0
    0 -4.421434 1.733243 38.150786 -0.295069 0.431042 0.852723 0 0
    0 -5.869222 0.719605 37.104186 -0.762542 0.543637 0.350698 0 0
  phy
    0 -4.945758 0.767879 38.164122 -0.035626 0.031852 0.998857 0 0
    0 -5.869222 0.719605 37.104186 -0.762542 0.543637 0.350698 0 0
    0 -5.175487 0.358790 38.160861 -0.246045 -0.080628 0.965899 0 0
  phy
    0 -4.945758 0.767879 38.164122 -0.035626 0.031852 0.998857 0 0
    0 -5.175487 0.358790 38.160861 -0.246045 -0.080628 0.965899 0 0
    0 -0.000001 -1.209365 38.191436 -0.000164 0.001846 0.999998 0 0
  phy
    0 -1.715449 3.979315 35.104105 -0.033527 0.944858 0.325759 0 0
    0 -2.531064 2.677740 38.085623 -0.145016 0.787849 0.598551 0 0
    0 0.000000 2.903343 37.881922 0.000001 0.916477 0.400087 0 0
  phy
    0 -2.531064 2.677740 38.085623 -0.145016 0.787849 0.598551 0 0
    0 -1.715449 3.979315 35.104105 -0.033527 0.944858 0.325759 0 0
    0 -2.586873 3.683708 35.672091 -0.241539 0.920028 0.308556 0 0
  phy
    0 -4.421434 1.733243 38.150786 -0.295069 0.431042 0.852723 0 0
    0 2.531064 2.677739 38.085623 0.111479 0.627083 0.770934 0 0
    0 -2.531064 2.677740 38.085623 -0.145016 0.787849 0.598551 0 0
  phy
    0 -2.531064 2.677740 38.085623 -0.145016 0.787849 0.598551 0 0
    0 2.531064 2.677739 38.085623 0.111479 0.627083 0.770934 0 0
    0 0.000000 2.903343 37.881922 0.000001 0.916477 0.400087 0 0
  phy
    0 -0.000002 -3.670099 38.003929 -0.000001 -0.646567 0.762857 0 0
    0 -1.708816 -3.510361 38.000156 -0.206077 -0.714708 0.668374 0 0
    0 -0.000002 -4.017933 37.350056 -0.000001 -0.896913 0.442207 0 0
  phy
    0 -0.000002 -4.017933 37.350056 -0.000001 -0.896913 0.442207 0 0
    0 -1.708816 -3.510361 38.000156 -0.206077 -0.714708 0.668374 0 0
    0 -0.967701 -4.100798 36.958580 -0.154279 -0.930989 0.330843 0 0
  phy
    0 -0.000002 -4.017933 37.350056 -0.000001 -0.896913 0.442207 0 0
    0 1.708815 -3.510364 38.000156 0.206075 -0.714709 0.668374 0 0
    0 -0.000002 -3.670099 38.003929 -0.000001 -0.646567 0.762857 0 0
  phy
    0 -0.000002 -4.017933 37.350056 -0.000001 -0.896913 0.442207 0 0
    0 0.967695 -4.100799 36.958580 0.154278 -0.930990 0.330842 0 0
    0 1.708815 -3.510364 38.000156 0.206075 -0.714709 0.668374 0 0
  phy
    0 -3.915861 -2.699409 34.578472 -0.622647 -0.706949 -0.335460 0 0
    0 -2.033947 -3.402068 33.036595 -0.570502 -0.128358 -0.811204 0 0
    0 -1.131364 -4.480808 33.441910 -0.487953 -0.822310 -0.292761 0 0
  phy
    0 -3.915861 -2.699409 34.578472 -0.622647 -0.706949 -0.335460 0 0
    0 -5.251236 -1.758982 35.287483 -0.655856 -0.151121 -0.739605 0 0
    0 -2.033947 -3.402068 33.036595 -0.570502 -0.128358 -0.811204 0 0
  phy
    0 -2.268660 3.935995 32.830893 -0.236580 0.497922 -0.834328 0 0
    0 0.000001 3.800742 32.592452 0.000001 0.495264 -0.868742 0 0
    0 -0.699428 1.687775 31.868209 -0.383149 0.008207 -0.923650 0 0
  phy
    0 -3.321610 3.720067 33.551833 -0.618157 0.024840 -0.785662 0 0
    0 -2.268660 3.935995 32.830893 -0.236580 0.497922 -0.834328 0 0
    0 -0.699428 1.687775 31.868209 -0.383149 0.008207 -0.923650 0 0
  phy
    0 -2.268660 3.935995 32.830893 -0.236580 0.497922 -0.834328 0 0
    0 0.015020 4.250679 33.373966 0.010079 0.964624 -0.263436 0 0
    0 0.000001 3.800742 32.592452 0.000001 0.495264 -0.868742 0 0
  phy
    0 0.015020 4.250679 33.373966 0.010079 0.964624 -0.263436 0 0
    0 2.256512 4.068330 33.409735 0.163710 0.978728 -0.123653 0 0
    0 2.268662 3.935994 32.830893 0.236994 0.496524 -0.835043 0 0
  phy
    0 2.256512 4.068330 33.409735 0.163710 0.978728 -0.123653 0 0
    0 3.321612 3.720065 33.551833 0.618157 0.024839 -0.785662 0 0
    0 2.268662 3.935994 32.830893 0.236994 0.496524 -0.835043 0 0
  phy
    0 3.321612 3.720065 33.551833 0.618157 0.024839 -0.785662 0 0
    0 3.299368 3.716099 34.132216 0.373085 0.924379 0.079572 0 0
    0 4.361291 3.149371 34.983954 0.645196 0.743796 0.174613 0 0
  phy
    0 -2.265293 4.081745 33.980055 -0.175475 0.981158 0.080850 0 0
    0 -1.715449 3.979315 35.104105 -0.033527 0.944858 0.325759 0 0
    0 0.000001 4.263300 33.932566 -0.007985 0.992936 0.118386 0 0
  phy
    0 -0.000001 -1.209365 38.191436 -0.000164 0.001846 0.999998 0 0
    0 3.413751 -2.508958 38.161987 0.340256 -0.419197 0.841724 0 0
    0 4.945758 0.767876 38.164122 0.034733 0.025651 0.999067 0 0
  phy
    0 4.945758 0.767876 38.164122 0.034733 0.025651 0.999067 0 0
    0 3.413751 -2.508958 38.161987 0.340256 -0.419197 0.841724 0 0
    0 5.175487 0.358787 38.160861 0.588697 -0.190331 0.785627 0 0
  phy
    0 5.869222 0.719602 37.104186 0.762543 0.543636 0.350698 0 0
    0 4.421434 1.733240 38.150786 0.262606 0.378272 0.887664 0 0
    0 4.945758 0.767876 38.164122 0.034733 0.025651 0.999067 0 0
  phy
    0 4.945758 0.767876 38.164122 0.034733 0.025651 0.999067 0 0
    0 5.175487 0.358787 38.160861 0.588697 -0.190331 0.785627 0 0
    0 5.869222 0.719602 37.104186 0.762543 0.543636 0.350698 0 0
  phy
    0 5.869222 0.719602 37.104186 0.762543 0.543636 0.350698 0 0
    0 5.175487 0.358787 38.160861 0.588697 -0.190331 0.785627 0 0
    0 6.058736 -0.455427 37.033767 0.787397 -0.336429 0.516547 0 0
  phy
    0 6.058736 -0.455427 37.033767 0.787397 -0.336429 0.516547 0 0
    0 6.141366 0.771469 36.010757 0.896086 0.315746 -0.311985 0 0
    0 5.869222 0.719602 37.104186 0.762543 0.543636 0.350698 0 0
  phy
    0 5.869222 0.719602 37.104186 0.762543 0.543636 0.350698 0 0
    0 4.361291 3.149371 34.983954 0.645196 0.743796 0.174613 0 0
    0 4.421434 1.733240 38.150786 0.262606 0.378272 0.887664 0 0
  phy
    0 5.869222 0.719602 37.104186 0.762543 0.543636 0.350698 0 0
    0 6.141366 0.771469 36.010757 0.896086 0.315746 -0.311985 0 0
    0 4.361291 3.149371 34.983954 0.645196 0.743796 0.174613 0 0
  phy
    0 6.058736 -0.455427 37.033767 0.787397 -0.336429 0.516547 0 0
    0 3.413751 -2.508958 38.161987 0.340256 -0.419197 0.841724 0 0
    0 5.408145 -1.593738 36.481617 0.695497 -0.682908 0.223430 0 0
  phy
    0 5.175487 0.358787 38.160861 0.588697 -0.190331 0.785627 0 0
    0 3.413751 -2.508958 38.161987 0.340256 -0.419197 0.841724 0 0
    0 6.058736 -0.455427 37.033767 0.787397 -0.336429 0.516547 0 0
  phy
    0 6.126556 -0.489823 35.972598 0.769663 -0.106348 -0.629530 0 0
    0 6.141366 0.771469 36.010757 0.896086 0.315746 -0.311985 0 0
    0 6.058736 -0.455427 37.033767 0.787397 -0.336429 0.516547 0 0
  phy
    0 5.408145 -1.593738 36.481617 0.695497 -0.682908 0.223430 0 0
    0 6.126556 -0.489823 35.972598 0.769663 -0.106348 -0.629530 0 0
    0 6.058736 -0.455427 37.033767 0.787397 -0.336429 0.516547 0 0
  phy
    0 5.408145 -1.593738 36.481617 0.695497 -0.682908 0.223430 0 0
    0 3.413751 -2.508958 38.161987 0.340256 -0.419197 0.841724 0 0
    0 4.497624 -2.373722 35.897758 0.573907 -0.803696 0.157173 0 0
  phy
    0 4.497624 -2.373722 35.897758 0.573907 -0.803696 0.157173 0 0
    0 3.413751 -2.508958 38.161987 0.340256 -0.419197 0.841724 0 0
    0 4.135006 -2.664350 35.655891 0.549794 -0.828072 0.109650 0 0
  phy
    0 3.915859 -2.699411 34.578472 0.622920 -0.712834 -0.322240 0 0
    0 4.135006 -2.664350 35.655891 0.549794 -0.828072 0.109650 0 0
    0 3.286159 -3.197179 34.744938 0.576850 -0.808040 -0.119643 0 0
  phy
    0 3.915859 -2.699411 34.578472 0.622920 -0.712834 -0.322240 0 0
    0 3.286159 -3.197179 34.744938 0.576850 -0.808040 -0.119643 0 0
    0 1.131360 -4.480807 33.441910 0.487951 -0.822311 -0.292761 0 0
  phy
    0 1.131360 -4.480807 33.441910 0.487951 -0.822311 -0.292761 0 0
    0 2.033945 -3.402070 33.036595 0.570502 -0.128359 -0.811204 0 0
    0 3.915859 -2.699411 34.578472 0.622920 -0.712834 -0.322240 0 0
  phy
    0 1.131360 -4.480807 33.441910 0.487951 -0.822311 -0.292761 0 0
    0 -0.000002 -4.876008 34.510136 -0.000001 -0.998796 0.049064 0 0
    0 -0.000002 -4.771608 33.393509 -0.000001 -0.970600 -0.240698 0 0
  phy
    0 1.131360 -4.480807 33.441910 0.487951 -0.822311 -0.292761 0 0
    0 -0.000002 -4.771608 33.393509 -0.000001 -0.970600 -0.240698 0 0
    0 -0.000002 -4.399193 32.587406 -0.000001 -0.639821 -0.768524 0 0
  phy
    0 1.131360 -4.480807 33.441910 0.487951 -0.822311 -0.292761 0 0
    0 -0.000002 -4.399193 32.587406 -0.000001 -0.639821 -0.768524 0 0
    0 2.033945 -3.402070 33.036595 0.570502 -0.128359 -0.811204 0 0
  phy
    0 4.421434 1.733240 38.150786 0.262606 0.378272 0.887664 0 0
    0 2.531064 2.677739 38.085623 0.111479 0.627083 0.770934 0 0
    0 -4.421434 1.733243 38.150786 -0.295069 0.431042 0.852723 0 0
  phy
    0 -1.723339 -3.922240 36.796379 -0.483229 -0.849598 0.211357 0 0
    0 -3.413753 -2.508957 38.161987 -0.350095 -0.425552 0.834469 0 0
    0 -4.497627 -2.373719 35.897758 -0.551202 -0.815819 0.174974 0 0
  phy
    0 -0.967701 -4.100798 36.958580 -0.154279 -0.930989 0.330843 0 0
    0 -1.708816 -3.510361 38.000156 -0.206077 -0.714708 0.668374 0 0
    0 -1.723339 -3.922240 36.796379 -0.483229 -0.849598 0.211357 0 0
  phy
    0 -1.723339 -3.922240 36.796379 -0.483229 -0.849598 0.211357 0 0
    0 -1.708816 -3.510361 38.000156 -0.206077 -0.714708 0.668374 0 0
    0 -3.413753 -2.508957 38.161987 -0.350095 -0.425552 0.834469 0 0
  phy
    0 -4.497627 -2.373719 35.897758 -0.551202 -0.815819 0.174974 0 0
    0 -5.408147 -1.593734 36.481617 -0.695499 -0.682906 0.223430 0 0
    0 -5.251236 -1.758982 35.287483 -0.655856 -0.151121 -0.739605 0 0
  phy
    0 -3.413753 -2.508957 38.161987 -0.350095 -0.425552 0.834469 0 0
    0 -5.408147 -1.593734 36.481617 -0.695499 -0.682906 0.223430 0 0
    0 -4.497627 -2.373719 35.897758 -0.551202 -0.815819 0.174974 0 0
  phy
    0 1.723336 -3.922241 36.796379 0.478773 -0.851725 0.212931 0 0
    0 3.413751 -2.508958 38.161987 0.340256 -0.419197 0.841724 0 0
    0 1.708815 -3.510364 38.000156 0.206075 -0.714709 0.668374 0 0
  phy
    0 4.135006 -2.664350 35.655891 0.549794 -0.828072 0.109650 0 0
    0 3.413751 -2.508958 38.161987 0.340256 -0.419197 0.841724 0 0
    0 1.723336 -3.922241 36.796379 0.478773 -0.851725 0.212931 0 0
  phy
    0 1.708815 -3.510364 38.000156 0.206075 -0.714709 0.668374 0 0
    0 0.967695 -4.100799 36.958580 0.154278 -0.930990 0.330842 0 0
    0 1.723336 -3.922241 36.796379 0.478773 -0.851725 0.212931 0 0
  phy
    0 1.708815 -3.510364 38.000156 0.206075 -0.714709 0.668374 0 0
    0 -0.000001 -3.033784 38.184181 0.000000 -0.093406 0.995628 0 0
    0 -0.000002 -3.670099 38.003929 -0.000001 -0.646567 0.762857 0 0
  phy
    0 -0.000002 -3.670099 38.003929 -0.000001 -0.646567 0.762857 0 0
    0 -0.000001 -3.033784 38.184181 0.000000 -0.093406 0.995628 0 0
    0 -1.708816 -3.510361 38.000156 -0.206077 -0.714708 0.668374 0 0
  phy
    0 0.699427 1.687775 31.868209 0.383149 0.008206 -0.923650 0 0
    0 0.452164 -3.223702 32.138363 0.394472 -0.152396 -0.906183 0 0
    0 -0.000001 -3.279434 32.130570 0.000002 -0.082808 -0.996566 0 0
  phy
    0 0.699427 1.687775 31.868209 0.383149 0.008206 -0.923650 0 0
    0 -0.000001 -3.279434 32.130570 0.000002 -0.082808 -0.996566 0 0
    0 -0.699428 1.687775 31.868209 -0.383149 0.008207 -0.923650 0 0
  phy
    0 0.000000 2.336139 32.063704 0.000000 0.324244 -0.945974 0 0
    0 0.699427 1.687775 31.868209 0.383149 0.008206 -0.923650 0 0
    0 -0.699428 1.687775 31.868209 -0.383149 0.008207 -0.923650 0 0
  phy
    0 0.699427 1.687775 31.868209 0.383149 0.008206 -0.923650 0 0
    0 0.000000 2.336139 32.063704 0.000000 0.324244 -0.945974 0 0
    0 0.000001 3.800742 32.592452 0.000001 0.495264 -0.868742 0 0
  phy
    0 0.699427 1.687775 31.868209 0.383149 0.008206 -0.923650 0 0
    0 0.000001 3.800742 32.592452 0.000001 0.495264 -0.868742 0 0
    0 2.268662 3.935994 32.830893 0.236994 0.496524 -0.835043 0 0
  phy
    0 3.321612 3.720065 33.551833 0.618157 0.024839 -0.785662 0 0
    0 0.699427 1.687775 31.868209 0.383149 0.008206 -0.923650 0 0
    0 2.268662 3.935994 32.830893 0.236994 0.496524 -0.835043 0 0
  phy
    0 0.699427 1.687775 31.868209 0.383149 0.008206 -0.923650 0 0
    0 3.321612 3.720065 33.551833 0.618157 0.024839 -0.785662 0 0
    0 2.033945 -3.402070 33.036595 0.570502 -0.128359 -0.811204 0 0
  phy
    0 0.452164 -3.223702 32.138363 0.394472 -0.152396 -0.906183 0 0
    0 0.699427 1.687775 31.868209 0.383149 0.008206 -0.923650 0 0
    0 2.033945 -3.402070 33.036595 0.570502 -0.128359 -0.811204 0 0
  phy
    0 0.000001 3.800742 32.592452 0.000001 0.495264 -0.868742 0 0
    0 0.000000 2.336139 32.063704 0.000000 0.324244 -0.945974 0 0
    0 -0.699428 1.687775 31.868209 -0.383149 0.008207 -0.923650 0 0
  phy
    0 -0.000002 -4.399193 32.587406 -0.000001 -0.639821 -0.768524 0 0
    0 -1.131364 -4.480808 33.441910 -0.487953 -0.822310 -0.292761 0 0
    0 -2.033947 -3.402068 33.036595 -0.570502 -0.128358 -0.811204 0 0
  phy
    0 -0.452166 -3.223701 32.138359 -0.394472 -0.152395 -0.906183 0 0
    0 -0.000002 -4.399193 32.587406 -0.000001 -0.639821 -0.768524 0 0
    0 -2.033947 -3.402068 33.036595 -0.570502 -0.128358 -0.811204 0 0
  phy
    0 -0.000002 -4.399193 32.587406 -0.000001 -0.639821 -0.768524 0 0
    0 0.452164 -3.223702 32.138363 0.394472 -0.152396 -0.906183 0 0
    0 2.033945 -3.402070 33.036595 0.570502 -0.128359 -0.811204 0 0
  phy
    0 -0.000002 -4.399193 32.587406 -0.000001 -0.639821 -0.768524 0 0
    0 -0.000002 -4.771608 33.393509 -0.000001 -0.970600 -0.240698 0 0
    0 -1.131364 -4.480808 33.441910 -0.487953 -0.822310 -0.292761 0 0
  phy
    0 0.452164 -3.223702 32.138363 0.394472 -0.152396 -0.906183 0 0
    0 -0.000002 -4.399193 32.587406 -0.000001 -0.639821 -0.768524 0 0
    0 -0.000001 -3.279434 32.130570 0.000002 -0.082808 -0.996566 0 0
  phy
    0 -0.000002 -4.399193 32.587406 -0.000001 -0.639821 -0.768524 0 0
    0 -0.452166 -3.223701 32.138359 -0.394472 -0.152395 -0.906183 0 0
    0 -0.000001 -3.279434 32.130570 0.000002 -0.082808 -0.996566 0 0
  phy
    0 -1.131364 -4.480808 33.441910 -0.487953 -0.822310 -0.292761 0 0
    0 -0.000002 -4.876008 34.510136 -0.000001 -0.998796 0.049064 0 0
    0 -1.883126 -4.151538 34.585102 -0.445620 -0.895176 0.009083 0 0
  phy
    0 -0.000002 -4.771608 33.393509 -0.000001 -0.970600 -0.240698 0 0
    0 -0.000002 -4.876008 34.510136 -0.000001 -0.998796 0.049064 0 0
    0 -1.131364 -4.480808 33.441910 -0.487953 -0.822310 -0.292761 0 0
  phy
    0 -5.251236 -1.758982 35.287483 -0.655856 -0.151121 -0.739605 0 0
    0 -6.126557 -0.489819 35.972598 -0.769664 -0.106347 -0.629530 0 0
    0 -3.321610 3.720067 33.551833 -0.618157 0.024840 -0.785662 0 0
  phy
    0 -5.251236 -1.758982 35.287483 -0.655856 -0.151121 -0.739605 0 0
    0 -3.321610 3.720067 33.551833 -0.618157 0.024840 -0.785662 0 0
    0 -2.033947 -3.402068 33.036595 -0.570502 -0.128358 -0.811204 0 0
  phy
    0 -6.126557 -0.489819 35.972598 -0.769664 -0.106347 -0.629530 0 0
    0 -5.251236 -1.758982 35.287483 -0.655856 -0.151121 -0.739605 0 0
    0 -5.408147 -1.593734 36.481617 -0.695499 -0.682906 0.223430 0 0
  phy
    0 0.000001 3.800742 32.592452 0.000001 0.495264 -0.868742 0 0
    0 0.015020 4.250679 33.373966 0.010079 0.964624 -0.263436 0 0
    0 2.268662 3.935994 32.830893 0.236994 0.496524 -0.835043 0 0
  phy
    0 -0.000001 -1.209365 38.191436 -0.000164 0.001846 0.999998 0 0
    0 -0.000001 -3.033784 38.184181 0.000000 -0.093406 0.995628 0 0
    0 3.413751 -2.508958 38.161987 0.340256 -0.419197 0.841724 0 0
  phy
    0 -0.000001 -1.209365 38.191436 -0.000164 0.001846 0.999998 0 0
    0 -5.175487 0.358790 38.160861 -0.246045 -0.080628 0.965899 0 0
    0 -3.413753 -2.508957 38.161987 -0.350095 -0.425552 0.834469 0 0
  phy
    0 -3.413753 -2.508957 38.161987 -0.350095 -0.425552 0.834469 0 0
    0 -0.000001 -3.033784 38.184181 0.000000 -0.093406 0.995628 0 0
    0 -0.000001 -1.209365 38.191436 -0.000164 0.001846 0.999998 0 0
  phy
    0 4.361291 3.149371 34.983954 0.645196 0.743796 0.174613 0 0
    0 6.141366 0.771469 36.010757 0.896086 0.315746 -0.311985 0 0
    0 3.321612 3.720065 33.551833 0.618157 0.024839 -0.785662 0 0
  phy
    0 6.126556 -0.489823 35.972598 0.769663 -0.106348 -0.629530 0 0
    0 3.321612 3.720065 33.551833 0.618157 0.024839 -0.785662 0 0
    0 6.141366 0.771469 36.010757 0.896086 0.315746 -0.311985 0 0
  phy
    0 -6.058737 -0.455424 37.033767 -0.787398 -0.336427 0.516548 0 0
    0 -5.869222 0.719605 37.104186 -0.762542 0.543637 0.350698 0 0
    0 -6.141366 0.771473 36.010757 -0.896085 0.315748 -0.311985 0 0
  phy
    0 -6.126557 -0.489819 35.972598 -0.769664 -0.106347 -0.629530 0 0
    0 -6.058737 -0.455424 37.033767 -0.787398 -0.336427 0.516548 0 0
    0 -6.141366 0.771473 36.010757 -0.896085 0.315748 -0.311985 0 0
  phy
    0 -5.869222 0.719605 37.104186 -0.762542 0.543637 0.350698 0 0
    0 -6.058737 -0.455424 37.033767 -0.787398 -0.336427 0.516548 0 0
    0 -5.175487 0.358790 38.160861 -0.246045 -0.080628 0.965899 0 0
  phy
    0 -3.413753 -2.508957 38.161987 -0.350095 -0.425552 0.834469 0 0
    0 -5.175487 0.358790 38.160861 -0.246045 -0.080628 0.965899 0 0
    0 -6.058737 -0.455424 37.033767 -0.787398 -0.336427 0.516548 0 0
  phy
    0 -3.413753 -2.508957 38.161987 -0.350095 -0.425552 0.834469 0 0
    0 -6.058737 -0.455424 37.033767 -0.787398 -0.336427 0.516548 0 0
    0 -5.408147 -1.593734 36.481617 -0.695499 -0.682906 0.223430 0 0
  phy
    0 -6.058737 -0.455424 37.033767 -0.787398 -0.336427 0.516548 0 0
    0 -6.126557 -0.489819 35.972598 -0.769664 -0.106347 -0.629530 0 0
    0 -5.408147 -1.593734 36.481617 -0.695499 -0.682906 0.223430 0 0
  phy
    0 -1.708816 -3.510361 38.000156 -0.206077 -0.714708 0.668374 0 0
    0 -0.000001 -3.033784 38.184181 0.000000 -0.093406 0.995628 0 0
    0 -3.413753 -2.508957 38.161987 -0.350095 -0.425552 0.834469 0 0
  phy
    0 3.413751 -2.508958 38.161987 0.340256 -0.419197 0.841724 0 0
    0 -0.000001 -3.033784 38.184181 0.000000 -0.093406 0.995628 0 0
    0 1.708815 -3.510364 38.000156 0.206075 -0.714709 0.668374 0 0
  phy
    0 -0.000001 -3.279434 32.130570 0.000002 -0.082808 -0.996566 0 0
    0 -0.452166 -3.223701 32.138359 -0.394472 -0.152395 -0.906183 0 0
    0 -0.699428 1.687775 31.868209 -0.383149 0.008207 -0.923650 0 0
  phy
    0 -0.452166 -3.223701 32.138359 -0.394472 -0.152395 -0.906183 0 0
    0 -2.033947 -3.402068 33.036595 -0.570502 -0.128358 -0.811204 0 0
    0 -0.699428 1.687775 31.868209 -0.383149 0.008207 -0.923650 0 0
  phy
    0 -3.321610 3.720067 33.551833 -0.618157 0.024840 -0.785662 0 0
    0 -6.126557 -0.489819 35.972598 -0.769664 -0.106347 -0.629530 0 0
    0 -6.141366 0.771473 36.010757 -0.896085 0.315748 -0.311985 0 0
  phy
    0 -2.033947 -3.402068 33.036595 -0.570502 -0.128358 -0.811204 0 0
    0 -3.321610 3.720067 33.551833 -0.618157 0.024840 -0.785662 0 0
    0 -0.699428 1.687775 31.868209 -0.383149 0.008207 -0.923650 0 0
  phy
    10 -1.018801 2.608120 38.590971 0.414209 0.128806 -0.901022 0 0
    10 -0.357466 2.655378 38.568781 -0.355600 0.045011 -0.933554 0 0
    10 -1.788651 2.446529 38.609594 -0.767084 0.180516 -0.615627 0 0
  phy
    10 -1.788651 2.446529 38.609594 -0.767084 0.180516 -0.615627 0 0
    10 -0.357466 2.655378 38.568781 -0.355600 0.045011 -0.933554 0 0
    10 0.000001 1.272414 38.461535 -0.987256 0.005688 -0.159036 0 0
  phy
    10 -0.357466 2.655378 38.568781 -0.355600 0.045011 -0.933554 0 0
    10 0.337094 2.656556 38.568872 0.292518 -0.012733 -0.956175 0 0
    10 0.000001 1.272414 38.461535 -0.987256 0.005688 -0.159036 0 0
  phy
    10 -0.357466 2.655378 38.568781 -0.355600 0.045011 -0.933554 0 0
    10 -1.343259 1.710720 41.051367 0.930888 0.041254 -0.362968 0 0
    10 0.337094 2.656556 38.568872 0.292518 -0.012733 -0.956175 0 0
  phy
    10 -1.343259 1.710720 41.051367 0.930888 0.041254 -0.362968 0 0
    10 -0.357466 2.655378 38.568781 -0.355600 0.045011 -0.933554 0 0
    10 -1.018801 2.608120 38.590971 0.414209 0.128806 -0.901022 0 0
  phy
    10 -3.280555 -3.922614 38.338216 0.021820 0.335434 0.941811 0 0
    10 -4.673462 -3.310896 38.437255 -0.725283 0.687738 0.031328 0 0
    10 -2.698646 -4.039435 38.304296 -0.983142 0.053733 0.174769 0 0
  phy
    10 -2.698646 -4.039435 38.304296 -0.983142 0.053733 0.174769 0 0
    10 -4.673462 -3.310896 38.437255 -0.725283 0.687738 0.031328 0 0
    10 0.000001 1.272414 38.461535 -0.987256 0.005688 -0.159036 0 0
  phy
    10 0.000001 1.272414 38.461535 -0.987256 0.005688 -0.159036 0 0
    10 -4.673462 -3.310896 38.437255 -0.725283 0.687738 0.031328 0 0
    10 -1.788651 2.446529 38.609594 -0.767084 0.180516 -0.615627 0 0
  phy
    10 -2.698646 -4.039435 38.304296 -0.983142 0.053733 0.174769 0 0
    10 0.000001 1.272414 38.461535 -0.987256 0.005688 -0.159036 0 0
    10 -0.000005 -4.262951 38.304540 -0.852005 0.030384 0.522651 0 0
  phy
    10 -2.187021 -3.835759 41.081132 0.612773 0.368213 0.699234 0 0
    10 -3.280555 -3.922614 38.338216 0.021820 0.335434 0.941811 0 0
    10 -2.698646 -4.039435 38.304296 -0.983142 0.053733 0.174769 0 0
  phy
    10 -2.698646 -4.039435 38.304296 -0.983142 0.053733 0.174769 0 0
    10 -0.000005 -4.262951 38.304540 -0.852005 0.030384 0.522651 0 0
    10 -2.187021 -3.835759 41.081132 0.612773 0.368213 0.699234 0 0
  phy
    10 1.704834 -4.232048 38.309576 -0.834742 -0.064871 0.546807 0 0
    10 1.945392 -3.847283 41.113062 0.680194 -0.389946 0.620708 0 0
    10 -0.000005 -3.973691 41.114465 0.935892 0.002864 0.352275 0 0
  phy
    10 -0.000005 -3.973691 41.114465 0.935892 0.002864 0.352275 0 0
    10 -0.000005 -4.262951 38.304540 -0.852005 0.030384 0.522651 0 0
    10 1.704834 -4.232048 38.309576 -0.834742 -0.064871 0.546807 0 0
  phy
    10 -1.343259 1.710720 41.051367 0.930888 0.041254 -0.362968 0 0
    10 -2.786797 1.339453 41.055488 0.969037 0.089667 -0.230060 0 0
    10 -0.000005 -3.973691 41.114465 0.935892 0.002864 0.352275 0 0
  phy
    10 -0.000005 -3.973691 41.114465 0.935892 0.002864 0.352275 0 0
    10 1.343261 1.710717 41.051367 0.947557 -0.048316 -0.315914 0 0
    10 -1.343259 1.710720 41.051367 0.930888 0.041254 -0.362968 0 0
  phy
    10 -0.000005 -3.973691 41.114465 0.935892 0.002864 0.352275 0 0
    10 1.945392 -3.847283 41.113062 0.680194 -0.389946 0.620708 0 0
    10 3.459412 1.170752 41.057361 0.961860 -0.162942 -0.219718 0 0
  phy
    10 3.459412 1.170752 41.057361 0.961860 -0.162942 -0.219718 0 0
    10 1.343261 1.710717 41.051367 0.947557 -0.048316 -0.315914 0 0
    10 -0.000005 -3.973691 41.114465 0.935892 0.002864 0.352275 0 0
  phy
    10 -0.000005 -3.973691 41.114465 0.935892 0.002864 0.352275 0 0
    10 -3.549715 1.147773 41.044630 0.960459 0.195492 -0.198247 0 0
    10 -2.187021 -3.835759 41.081132 0.612773 0.368213 0.699234 0 0
  phy
    10 -2.786797 1.339453 41.055488 0.969037 0.089667 -0.230060 0 0
    10 -3.549715 1.147773 41.044630 0.960459 0.195492 -0.198247 0 0
    10 -0.000005 -3.973691 41.114465 0.935892 0.002864 0.352275 0 0
  phy
    10 -2.187021 -3.835759 41.081132 0.612773 0.368213 0.699234 0 0
    10 -0.000005 -4.262951 38.304540 -0.852005 0.030384 0.522651 0 0
    10 -0.000005 -3.973691 41.114465 0.935892 0.002864 0.352275 0 0
  phy
    10 -1.343259 1.710720 41.051367 0.930888 0.041254 -0.362968 0 0
    10 -1.788651 2.446529 38.609594 -0.767084 0.180516 -0.615627 0 0
    10 -2.786797 1.339453 41.055488 0.969037 0.089667 -0.230060 0 0
  phy
    10 -1.788651 2.446529 38.609594 -0.767084 0.180516 -0.615627 0 0
    10 -1.343259 1.710720 41.051367 0.930888 0.041254 -0.362968 0 0
    10 -1.018801 2.608120 38.590971 0.414209 0.128806 -0.901022 0 0
  phy
    10 0.337094 2.656556 38.568872 0.292518 -0.012733 -0.956175 0 0
    10 -1.343259 1.710720 41.051367 0.930888 0.041254 -0.362968 0 0
    10 1.343261 1.710717 41.051367 0.947557 -0.048316 -0.315914 0 0
  phy
    10 -2.786797 1.339453 41.055488 0.969037 0.089667 -0.230060 0 0
    10 -1.788651 2.446529 38.609594 -0.767084 0.180516 -0.615627 0 0
    10 -3.549715 1.147773 41.044630 0.960459 0.195492 -0.198247 0 0
  phy
    10 -1.788651 2.446529 38.609594 -0.767084 0.180516 -0.615627 0 0
    10 -3.488822 1.903749 38.717016 -0.379790 0.779725 -0.497783 0 0
    10 -3.549715 1.147773 41.044630 0.960459 0.195492 -0.198247 0 0
  phy
    10 -3.488822 1.903749 38.717016 -0.379790 0.779725 -0.497783 0 0
    10 -1.788651 2.446529 38.609594 -0.767084 0.180516 -0.615627 0 0
    10 -4.673462 -3.310896 38.437255 -0.725283 0.687738 0.031328 0 0
  phy
    10 1.788655 2.446525 38.609594 -0.852056 -0.147846 -0.502137 0 0
    10 4.795182 -3.256264 38.451803 -0.370770 -0.913111 0.169580 0 0
    10 3.280545 -3.922621 38.338217 -0.986581 -0.122278 0.108194 0 0
  phy
    10 4.795182 -3.256264 38.451803 -0.370770 -0.913111 0.169580 0 0
    10 1.788655 2.446525 38.609594 -0.852056 -0.147846 -0.502137 0 0
    10 3.488826 1.903741 38.717016 -0.351639 -0.778584 -0.519767 0 0
  phy
    10 4.795182 -3.256264 38.451803 -0.370770 -0.913111 0.169580 0 0
    10 3.488826 1.903741 38.717016 -0.351639 -0.778584 -0.519767 0 0
    10 4.351924 0.231034 40.910743 0.486650 -0.869496 0.084550 0 0
  phy
    10 4.351924 0.231034 40.910743 0.486650 -0.869496 0.084550 0 0
    10 1.945392 -3.847283 41.113062 0.680194 -0.389946 0.620708 0 0
    10 4.795182 -3.256264 38.451803 -0.370770 -0.913111 0.169580 0 0
  phy
    10 4.795182 -3.256264 38.451803 -0.370770 -0.913111 0.169580 0 0
    10 1.945392 -3.847283 41.113062 0.680194 -0.389946 0.620708 0 0
    10 3.280545 -3.922621 38.338217 -0.986581 -0.122278 0.108194 0 0
  phy
    10 1.788655 2.446525 38.609594 -0.852056 -0.147846 -0.502137 0 0
    10 3.459412 1.170752 41.057361 0.961860 -0.162942 -0.219718 0 0
    10 3.488826 1.903741 38.717016 -0.351639 -0.778584 -0.519767 0 0
  phy
    10 3.459412 1.170752 41.057361 0.961860 -0.162942 -0.219718 0 0
    10 1.788655 2.446525 38.609594 -0.852056 -0.147846 -0.502137 0 0
    10 1.343261 1.710717 41.051367 0.947557 -0.048316 -0.315914 0 0
  phy
    10 4.351924 0.231034 40.910743 0.486650 -0.869496 0.084550 0 0
    10 3.488826 1.903741 38.717016 -0.351639 -0.778584 -0.519767 0 0
    10 3.459412 1.170752 41.057361 0.961860 -0.162942 -0.219718 0 0
  phy
    10 3.459412 1.170752 41.057361 0.961860 -0.162942 -0.219718 0 0
    10 1.945392 -3.847283 41.113062 0.680194 -0.389946 0.620708 0 0
    10 4.351924 0.231034 40.910743 0.486650 -0.869496 0.084550 0 0
  phy
    10 3.280545 -3.922621 38.338217 -0.986581 -0.122278 0.108194 0 0
    10 1.945392 -3.847283 41.113062 0.680194 -0.389946 0.620708 0 0
    10 1.704834 -4.232048 38.309576 -0.834742 -0.064871 0.546807 0 0
  phy
    10 3.280545 -3.922621 38.338217 -0.986581 -0.122278 0.108194 0 0
    10 1.704834 -4.232048 38.309576 -0.834742 -0.064871 0.546807 0 0
    10 0.000001 1.272414 38.461535 -0.987256 0.005688 -0.159036 0 0
  phy
    10 0.000001 1.272414 38.461535 -0.987256 0.005688 -0.159036 0 0
    10 1.704834 -4.232048 38.309576 -0.834742 -0.064871 0.546807 0 0
    10 -0.000005 -4.262951 38.304540 -0.852005 0.030384 0.522651 0 0
  phy
    10 1.788655 2.446525 38.609594 -0.852056 -0.147846 -0.502137 0 0
    10 3.280545 -3.922621 38.338217 -0.986581 -0.122278 0.108194 0 0
    10 0.000001 1.272414 38.461535 -0.987256 0.005688 -0.159036 0 0
  phy
    10 1.018805 2.608118 38.590971 -0.125770 -0.145624 -0.981313 0 0
    10 1.788655 2.446525 38.609594 -0.852056 -0.147846 -0.502137 0 0
    10 0.000001 1.272414 38.461535 -0.987256 0.005688 -0.159036 0 0
  phy
    10 1.788655 2.446525 38.609594 -0.852056 -0.147846 -0.502137 0 0
    10 1.018805 2.608118 38.590971 -0.125770 -0.145624 -0.981313 0 0
    10 1.343261 1.710717 41.051367 0.947557 -0.048316 -0.315914 0 0
  phy
    10 0.337094 2.656556 38.568872 0.292518 -0.012733 -0.956175 0 0
    10 1.018805 2.608118 38.590971 -0.125770 -0.145624 -0.981313 0 0
    10 0.000001 1.272414 38.461535 -0.987256 0.005688 -0.159036 0 0
  phy
    10 1.018805 2.608118 38.590971 -0.125770 -0.145624 -0.981313 0 0
    10 0.337094 2.656556 38.568872 0.292518 -0.012733 -0.956175 0 0
    10 1.343261 1.710717 41.051367 0.947557 -0.048316 -0.315914 0 0
  phy
    10 -2.187021 -3.835759 41.081132 0.612773 0.368213 0.699234 0 0
    10 -4.673462 -3.310896 38.437255 -0.725283 0.687738 0.031328 0 0
    10 -3.280555 -3.922614 38.338216 0.021820 0.335434 0.941811 0 0
  phy
    10 -4.673462 -3.310896 38.437255 -0.725283 0.687738 0.031328 0 0
    10 -2.187021 -3.835759 41.081132 0.612773 0.368213 0.699234 0 0
    10 -4.351924 0.231043 40.910742 0.427014 0.901064 0.075786 0 0
  phy
    10 -3.549715 1.147773 41.044630 0.960459 0.195492 -0.198247 0 0
    10 -4.351924 0.231043 40.910742 0.427014 0.901064 0.075786 0 0
    10 -2.187021 -3.835759 41.081132 0.612773 0.368213 0.699234 0 0
  phy
    10 -3.549715 1.147773 41.044630 0.960459 0.195492 -0.198247 0 0
    10 -3.488822 1.903749 38.717016 -0.379790 0.779725 -0.497783 0 0
    10 -4.351924 0.231043 40.910742 0.427014 0.901064 0.075786 0 0
  phy
    10 -3.488822 1.903749 38.717016 -0.379790 0.779725 -0.497783 0 0
    10 -4.673462 -3.310896 38.437255 -0.725283 0.687738 0.031328 0 0
    10 -4.351924 0.231043 40.910742 0.427014 0.901064 0.075786 0 0
  phy
    11 -0.710279 2.000492 52.833540 0.777028 0.425018 -0.464315 0 0
    11 -1.070294 0.258061 52.777495 0.863400 0.148284 0.482237 0 0
    11 1.070284 0.258060 52.777496 0.834057 -0.121815 0.538062 0 0
  phy
    11 1.070284 0.258060 52.777496 0.834057 -0.121815 0.538062 0 0
    11 0.710273 2.000491 52.833540 0.630675 -0.386998 -0.672668 0 0
    11 -0.710279 2.000492 52.833540 0.777028 0.425018 -0.464315 0 0
  phy
    11 1.993526 0.182089 52.217350 0.692993 -0.624790 0.359719 0 0
    11 0.710273 2.000491 52.833540 0.630675 -0.386998 -0.672668 0 0
    11 1.070284 0.258060 52.777496 0.834057 -0.121815 0.538062 0 0
  phy
    11 1.070284 0.258060 52.777496 0.834057 -0.121815 0.538062 0 0
    11 2.120932 -3.747005 48.161619 0.591753 -0.084979 0.801628 0 0
    11 1.852213 -1.050430 51.200588 0.629851 -0.432285 0.645304 0 0
  phy
    11 -0.000005 -0.975648 51.574443 0.644673 0.006712 0.764429 0 0
    11 2.120932 -3.747005 48.161619 0.591753 -0.084979 0.801628 0 0
    11 1.070284 0.258060 52.777496 0.834057 -0.121815 0.538062 0 0
  phy
    11 1.070284 0.258060 52.777496 0.834057 -0.121815 0.538062 0 0
    11 -1.070294 0.258061 52.777495 0.863400 0.148284 0.482237 0 0
    11 -0.000005 -0.975648 51.574443 0.644673 0.006712 0.764429 0 0
  phy
    11 1.852213 -1.050430 51.200588 0.629851 -0.432285 0.645304 0 0
    11 1.993526 0.182089 52.217350 0.692993 -0.624790 0.359719 0 0
    11 1.070284 0.258060 52.777496 0.834057 -0.121815 0.538062 0 0
  phy
    11 1.852213 -1.050430 51.200588 0.629851 -0.432285 0.645304 0 0
    11 2.120932 -3.747005 48.161619 0.591753 -0.084979 0.801628 0 0
    11 3.044271 -3.641747 47.669223 0.559976 -0.485699 0.671210 0 0
  phy
    11 1.852213 -1.050430 51.200588 0.629851 -0.432285 0.645304 0 0
    11 3.840781 -2.749451 47.855754 0.433532 -0.763295 0.478990 0 0
    11 1.993526 0.182089 52.217350 0.692993 -0.624790 0.359719 0 0
  phy
    11 3.044271 -3.641747 47.669223 0.559976 -0.485699 0.671210 0 0
    11 3.840781 -2.749451 47.855754 0.433532 -0.763295 0.478990 0 0
    11 1.852213 -1.050430 51.200588 0.629851 -0.432285 0.645304 0 0
  phy
    11 1.390008 -3.474009 42.971629 -0.725699 -0.034372 0.687153 0 0
    11 -1.390014 -3.474007 42.971628 -0.630366 0.070237 0.773114 0 0
    11 -3.922937 -2.510225 42.743397 -0.972373 0.144999 0.182939 0 0
  phy
    11 3.922931 -2.510231 42.743400 -0.983895 -0.103841 0.145493 0 0
    11 1.390008 -3.474009 42.971629 -0.725699 -0.034372 0.687153 0 0
    11 -3.922937 -2.510225 42.743397 -0.972373 0.144999 0.182939 0 0
  phy
    11 1.794716 -4.197441 44.636365 -0.292895 -0.038852 0.955355 0 0
    11 -1.794730 -4.197438 44.636362 -0.333178 0.039779 0.942024 0 0
    11 1.390008 -3.474009 42.971629 -0.725699 -0.034372 0.687153 0 0
  phy
    11 1.390008 -3.474009 42.971629 -0.725699 -0.034372 0.687153 0 0
    11 -1.794730 -4.197438 44.636362 -0.333178 0.039779 0.942024 0 0
    11 -1.390014 -3.474007 42.971628 -0.630366 0.070237 0.773114 0 0
  phy
    11 1.390008 -3.474009 42.971629 -0.725699 -0.034372 0.687153 0 0
    11 3.922931 -2.510231 42.743400 -0.983895 -0.103841 0.145493 0 0
    11 2.712698 -3.715355 43.743068 -0.503213 -0.230087 0.832968 0 0
  phy
    11 1.390008 -3.474009 42.971629 -0.725699 -0.034372 0.687153 0 0
    11 2.712698 -3.715355 43.743068 -0.503213 -0.230087 0.832968 0 0
    11 1.794716 -4.197441 44.636365 -0.292895 -0.038852 0.955355 0 0
  phy
    11 -3.230630 -3.945910 44.643571 -0.159737 0.574146 0.803020 0 0
    11 -3.922937 -2.510225 42.743397 -0.972373 0.144999 0.182939 0 0
    11 -2.712706 -3.715351 43.743066 -0.503236 0.230038 0.832968 0 0
  phy
    11 -2.712706 -3.715351 43.743066 -0.503236 0.230038 0.832968 0 0
    11 -3.922937 -2.510225 42.743397 -0.972373 0.144999 0.182939 0 0
    11 -1.390014 -3.474007 42.971628 -0.630366 0.070237 0.773114 0 0
  phy
    11 -2.712706 -3.715351 43.743066 -0.503236 0.230038 0.832968 0 0
    11 -1.794730 -4.197438 44.636362 -0.333178 0.039779 0.942024 0 0
    11 -3.230630 -3.945910 44.643571 -0.159737 0.574146 0.803020 0 0
  phy
    11 -1.390014 -3.474007 42.971628 -0.630366 0.070237 0.773114 0 0
    11 -1.794730 -4.197438 44.636362 -0.333178 0.039779 0.942024 0 0
    11 -2.712706 -3.715351 43.743066 -0.503236 0.230038 0.832968 0 0
  phy
    11 2.359184 0.230390 51.729107 0.384508 -0.907566 -0.168753 0 0
    11 0.710273 2.000491 52.833540 0.630675 -0.386998 -0.672668 0 0
    11 1.993526 0.182089 52.217350 0.692993 -0.624790 0.359719 0 0
  phy
    11 1.993526 0.182089 52.217350 0.692993 -0.624790 0.359719 0 0
    11 3.840781 -2.749451 47.855754 0.433532 -0.763295 0.478990 0 0
    11 2.359184 0.230390 51.729107 0.384508 -0.907566 -0.168753 0 0
  phy
    11 -0.000005 -0.975648 51.574443 0.644673 0.006712 0.764429 0 0
    11 -1.852886 -1.037659 51.214673 0.646057 0.330719 0.687921 0 0
    11 -2.120943 -3.747003 48.161618 0.594311 0.090720 0.799102 0 0
  phy
    11 -0.000005 -0.975648 51.574443 0.644673 0.006712 0.764429 0 0
    11 -1.070294 0.258061 52.777495 0.863400 0.148284 0.482237 0 0
    11 -1.852886 -1.037659 51.214673 0.646057 0.330719 0.687921 0 0
  phy
    11 -2.120943 -3.747003 48.161618 0.594311 0.090720 0.799102 0 0
    11 2.120932 -3.747005 48.161619 0.591753 -0.084979 0.801628 0 0
    11 -0.000005 -0.975648 51.574443 0.644673 0.006712 0.764429 0 0
  phy
    11 -3.363576 1.233953 47.753942 0.149262 0.950781 -0.271544 0 0
    11 -3.991535 -0.796092 45.336020 0.037392 0.968907 -0.244583 0 0
    11 -4.031459 -2.191541 47.630237 0.200996 0.975894 -0.085041 0 0
  phy
    11 -3.991535 -0.796092 45.336020 0.037392 0.968907 -0.244583 0 0
    11 -4.259032 -1.823906 44.252567 -0.022454 0.990475 -0.135851 0 0
    11 -4.031459 -2.191541 47.630237 0.200996 0.975894 -0.085041 0 0
  phy
    11 -3.622213 0.020136 43.311500 -0.134627 0.918921 -0.370754 0 0
    11 -3.991535 -0.796092 45.336020 0.037392 0.968907 -0.244583 0 0
    11 -3.363576 1.233953 47.753942 0.149262 0.950781 -0.271544 0 0
  phy
    11 -3.991535 -0.796092 45.336020 0.037392 0.968907 -0.244583 0 0
    11 -3.622213 0.020136 43.311500 -0.134627 0.918921 -0.370754 0 0
    11 -4.259032 -1.823906 44.252567 -0.022454 0.990475 -0.135851 0 0
  phy
    11 1.133599 3.263873 49.377356 0.251660 -0.160290 -0.954450 0 0
    11 2.276311 2.544926 50.258025 0.367762 -0.776974 -0.510943 0 0
    11 2.501768 3.131645 47.728362 -0.065392 -0.734704 -0.675229 0 0
  phy
    11 1.133599 3.263873 49.377356 0.251660 -0.160290 -0.954450 0 0
    11 2.501768 3.131645 47.728362 -0.065392 -0.734704 -0.675229 0 0
    11 1.265759 3.549969 47.972937 -0.165105 -0.098672 -0.981328 0 0
  phy
    11 -1.115182 3.286200 49.323319 0.264824 0.166249 -0.949858 0 0
    11 1.133599 3.263873 49.377356 0.251660 -0.160290 -0.954450 0 0
    11 -1.117137 3.562131 47.971980 -0.136467 0.085732 -0.986928 0 0
  phy
    11 -1.117137 3.562131 47.971980 -0.136467 0.085732 -0.986928 0 0
    11 1.133599 3.263873 49.377356 0.251660 -0.160290 -0.954450 0 0
    11 1.265759 3.549969 47.972937 -0.165105 -0.098672 -0.981328 0 0
  phy
    11 2.276311 2.544926 50.258025 0.367762 -0.776974 -0.510943 0 0
    11 1.133599 3.263873 49.377356 0.251660 -0.160290 -0.954450 0 0
    11 1.078220 2.950307 50.414717 0.357979 -0.108828 -0.927366 0 0
  phy
    11 1.133599 3.263873 49.377356 0.251660 -0.160290 -0.954450 0 0
    11 -1.115182 3.286200 49.323319 0.264824 0.166249 -0.949858 0 0
    11 1.078220 2.950307 50.414717 0.357979 -0.108828 -0.927366 0 0
  phy
    11 3.991531 -0.796097 45.336024 0.037485 -0.968903 -0.244583 0 0
    11 3.622211 0.020131 43.311503 -0.134539 -0.918934 -0.370755 0 0
    11 3.363572 1.233949 47.753945 0.149354 -0.950767 -0.271544 0 0
  phy
    11 3.363572 1.233949 47.753945 0.149354 -0.950767 -0.271544 0 0
    11 3.622211 0.020131 43.311503 -0.134539 -0.918934 -0.370755 0 0
    11 2.501768 3.131645 47.728362 -0.065392 -0.734704 -0.675229 0 0
  phy
    11 3.363572 1.233949 47.753945 0.149354 -0.950767 -0.271544 0 0
    11 2.501768 3.131645 47.728362 -0.065392 -0.734704 -0.675229 0 0
    11 2.276311 2.544926 50.258025 0.367762 -0.776974 -0.510943 0 0
  phy
    11 3.363572 1.233949 47.753945 0.149354 -0.950767 -0.271544 0 0
    11 2.276311 2.544926 50.258025 0.367762 -0.776974 -0.510943 0 0
    11 2.359184 0.230390 51.729107 0.384508 -0.907566 -0.168753 0 0
  phy
    11 2.359184 0.230390 51.729107 0.384508 -0.907566 -0.168753 0 0
    11 4.031451 -2.191547 47.630240 0.201091 -0.975874 -0.085042 0 0
    11 3.363572 1.233949 47.753945 0.149354 -0.950767 -0.271544 0 0
  phy
    11 3.363572 1.233949 47.753945 0.149354 -0.950767 -0.271544 0 0
    11 4.031451 -2.191547 47.630240 0.201091 -0.975874 -0.085042 0 0
    11 3.991531 -0.796097 45.336024 0.037485 -0.968903 -0.244583 0 0
  phy
    11 1.794716 -4.197441 44.636365 -0.292895 -0.038852 0.955355 0 0
    11 3.230622 -3.945914 44.643574 -0.159682 -0.574161 0.803020 0 0
    11 2.124219 -4.504369 46.477710 0.038570 -0.236561 0.970851 0 0
  phy
    11 2.124219 -4.504369 46.477710 0.038570 -0.236561 0.970851 0 0
    11 1.584492 -4.567071 46.383543 -0.055300 -0.017912 0.998309 0 0
    11 1.794716 -4.197441 44.636365 -0.292895 -0.038852 0.955355 0 0
  phy
    11 -1.584505 -4.567070 46.383543 -0.065788 0.009346 0.997790 0 0
    11 -1.794730 -4.197438 44.636362 -0.333178 0.039779 0.942024 0 0
    11 1.794716 -4.197441 44.636365 -0.292895 -0.038852 0.955355 0 0
  phy
    11 1.794716 -4.197441 44.636365 -0.292895 -0.038852 0.955355 0 0
    11 1.584492 -4.567071 46.383543 -0.055300 -0.017912 0.998309 0 0
    11 -1.584505 -4.567070 46.383543 -0.065788 0.009346 0.997790 0 0
  phy
    11 1.794716 -4.197441 44.636365 -0.292895 -0.038852 0.955355 0 0
    11 2.712698 -3.715355 43.743068 -0.503213 -0.230087 0.832968 0 0
    11 3.230622 -3.945914 44.643574 -0.159682 -0.574161 0.803020 0 0
  phy
    11 -1.584505 -4.567070 46.383543 -0.065788 0.009346 0.997790 0 0
    11 1.500676 -4.305573 47.197524 0.369328 -0.023216 0.929009 0 0
    11 -1.500683 -4.305570 47.197527 0.432704 0.019421 0.901327 0 0
  phy
    11 1.584492 -4.567071 46.383543 -0.055300 -0.017912 0.998309 0 0
    11 1.500676 -4.305573 47.197524 0.369328 -0.023216 0.929009 0 0
    11 -1.584505 -4.567070 46.383543 -0.065788 0.009346 0.997790 0 0
  phy
    11 -1.500683 -4.305570 47.197527 0.432704 0.019421 0.901327 0 0
    11 -2.124229 -4.504367 46.477708 0.038548 0.236565 0.970851 0 0
    11 -1.584505 -4.567070 46.383543 -0.065788 0.009346 0.997790 0 0
  phy
    11 -1.584505 -4.567070 46.383543 -0.065788 0.009346 0.997790 0 0
    11 -2.124229 -4.504367 46.477708 0.038548 0.236565 0.970851 0 0
    11 -1.794730 -4.197438 44.636362 -0.333178 0.039779 0.942024 0 0
  phy
    11 -1.794730 -4.197438 44.636362 -0.333178 0.039779 0.942024 0 0
    11 -2.124229 -4.504367 46.477708 0.038548 0.236565 0.970851 0 0
    11 -3.230630 -3.945910 44.643571 -0.159737 0.574146 0.803020 0 0
  phy
    11 -3.230630 -3.945910 44.643571 -0.159737 0.574146 0.803020 0 0
    11 -2.124229 -4.504367 46.477708 0.038548 0.236565 0.970851 0 0
    11 -2.971297 -4.165099 46.626881 0.163800 0.596321 0.785857 0 0
  phy
    11 -3.230630 -3.945910 44.643571 -0.159737 0.574146 0.803020 0 0
    11 -2.971297 -4.165099 46.626881 0.163800 0.596321 0.785857 0 0
    11 -3.789497 -3.101839 46.629303 0.036739 0.835733 0.547906 0 0
  phy
    11 -4.185776 -2.585541 43.289684 -0.079222 0.956882 0.279466 0 0
    11 -3.230630 -3.945910 44.643571 -0.159737 0.574146 0.803020 0 0
    11 -3.789497 -3.101839 46.629303 0.036739 0.835733 0.547906 0 0
  phy
    11 -4.185776 -2.585541 43.289684 -0.079222 0.956882 0.279466 0 0
    11 -3.922937 -2.510225 42.743397 -0.972373 0.144999 0.182939 0 0
    11 -3.230630 -3.945910 44.643571 -0.159737 0.574146 0.803020 0 0
  phy
    11 3.230622 -3.945914 44.643574 -0.159682 -0.574161 0.803020 0 0
    11 2.971287 -4.165103 46.626884 0.163858 -0.596305 0.785857 0 0
    11 2.124219 -4.504369 46.477710 0.038570 -0.236561 0.970851 0 0
  phy
    11 2.124219 -4.504369 46.477710 0.038570 -0.236561 0.970851 0 0
    11 2.120932 -3.747005 48.161619 0.591753 -0.084979 0.801628 0 0
    11 1.500676 -4.305573 47.197524 0.369328 -0.023216 0.929009 0 0
  phy
    11 2.124219 -4.504369 46.477710 0.038570 -0.236561 0.970851 0 0
    11 2.971287 -4.165103 46.626884 0.163858 -0.596305 0.785857 0 0
    11 2.120932 -3.747005 48.161619 0.591753 -0.084979 0.801628 0 0
  phy
    11 2.124219 -4.504369 46.477710 0.038570 -0.236561 0.970851 0 0
    11 1.500676 -4.305573 47.197524 0.369328 -0.023216 0.929009 0 0
    11 1.584492 -4.567071 46.383543 -0.055300 -0.017912 0.998309 0 0
  phy
    11 0.000001 2.215517 42.547317 -0.322429 -0.001919 -0.946592 0 0
    11 1.834207 2.063515 42.551846 -0.394713 -0.327640 -0.858402 0 0
    11 0.000000 1.277317 42.411205 -0.994925 -0.000048 -0.100617 0 0
  phy
    11 -1.834204 2.063518 42.551845 -0.389751 0.321133 -0.863115 0 0
    11 0.000001 2.215517 42.547317 -0.322429 -0.001919 -0.946592 0 0
    11 0.000000 1.277317 42.411205 -0.994925 -0.000048 -0.100617 0 0
  phy
    11 -1.117137 3.562131 47.971980 -0.136467 0.085732 -0.986928 0 0
    11 0.000001 2.215517 42.547317 -0.322429 -0.001919 -0.946592 0 0
    11 -1.834204 2.063518 42.551845 -0.389751 0.321133 -0.863115 0 0
  phy
    11 1.834207 2.063515 42.551846 -0.394713 -0.327640 -0.858402 0 0
    11 0.000001 2.215517 42.547317 -0.322429 -0.001919 -0.946592 0 0
    11 1.265759 3.549969 47.972937 -0.165105 -0.098672 -0.981328 0 0
  phy
    11 0.000001 2.215517 42.547317 -0.322429 -0.001919 -0.946592 0 0
    11 -1.117137 3.562131 47.971980 -0.136467 0.085732 -0.986928 0 0
    11 1.265759 3.549969 47.972937 -0.165105 -0.098672 -0.981328 0 0
  phy
    11 2.972038 0.876267 42.443277 -0.858363 -0.438530 -0.266280 0 0
    11 3.922931 -2.510231 42.743400 -0.983895 -0.103841 0.145493 0 0
    11 -2.972038 0.876271 42.443275 -0.957882 0.258916 -0.124195 0 0
  phy
    11 2.972038 0.876267 42.443277 -0.858363 -0.438530 -0.266280 0 0
    11 -2.972038 0.876271 42.443275 -0.957882 0.258916 -0.124195 0 0
    11 0.000000 1.277317 42.411205 -0.994925 -0.000048 -0.100617 0 0
  phy
    11 1.834207 2.063515 42.551846 -0.394713 -0.327640 -0.858402 0 0
    11 2.972038 0.876267 42.443277 -0.858363 -0.438530 -0.266280 0 0
    11 0.000000 1.277317 42.411205 -0.994925 -0.000048 -0.100617 0 0
  phy
    11 2.972038 0.876267 42.443277 -0.858363 -0.438530 -0.266280 0 0
    11 3.622211 0.020131 43.311503 -0.134539 -0.918934 -0.370755 0 0
    11 3.922931 -2.510231 42.743400 -0.983895 -0.103841 0.145493 0 0
  phy
    11 1.834207 2.063515 42.551846 -0.394713 -0.327640 -0.858402 0 0
    11 2.501768 3.131645 47.728362 -0.065392 -0.734704 -0.675229 0 0
    11 2.972038 0.876267 42.443277 -0.858363 -0.438530 -0.266280 0 0
  phy
    11 2.501768 3.131645 47.728362 -0.065392 -0.734704 -0.675229 0 0
    11 3.622211 0.020131 43.311503 -0.134539 -0.918934 -0.370755 0 0
    11 2.972038 0.876267 42.443277 -0.858363 -0.438530 -0.266280 0 0
  phy
    11 -2.120943 -3.747003 48.161618 0.594311 0.090720 0.799102 0 0
    11 -2.124229 -4.504367 46.477708 0.038548 0.236565 0.970851 0 0
    11 -1.500683 -4.305570 47.197527 0.432704 0.019421 0.901327 0 0
  phy
    11 -1.500683 -4.305570 47.197527 0.432704 0.019421 0.901327 0 0
    11 2.120932 -3.747005 48.161619 0.591753 -0.084979 0.801628 0 0
    11 -2.120943 -3.747003 48.161618 0.594311 0.090720 0.799102 0 0
  phy
    11 1.500676 -4.305573 47.197524 0.369328 -0.023216 0.929009 0 0
    11 2.120932 -3.747005 48.161619 0.591753 -0.084979 0.801628 0 0
    11 -1.500683 -4.305570 47.197527 0.432704 0.019421 0.901327 0 0
  phy
    11 2.276311 2.544926 50.258025 0.367762 -0.776974 -0.510943 0 0
    11 0.710273 2.000491 52.833540 0.630675 -0.386998 -0.672668 0 0
    11 2.359184 0.230390 51.729107 0.384508 -0.907566 -0.168753 0 0
  phy
    11 3.840781 -2.749451 47.855754 0.433532 -0.763295 0.478990 0 0
    11 4.031451 -2.191547 47.630240 0.201091 -0.975874 -0.085042 0 0
    11 2.359184 0.230390 51.729107 0.384508 -0.907566 -0.168753 0 0
  phy
    11 3.044271 -3.641747 47.669223 0.559976 -0.485699 0.671210 0 0
    11 2.971287 -4.165103 46.626884 0.163858 -0.596305 0.785857 0 0
    11 3.840781 -2.749451 47.855754 0.433532 -0.763295 0.478990 0 0
  phy
    11 2.120932 -3.747005 48.161619 0.591753 -0.084979 0.801628 0 0
    11 2.971287 -4.165103 46.626884 0.163858 -0.596305 0.785857 0 0
    11 3.044271 -3.641747 47.669223 0.559976 -0.485699 0.671210 0 0
  phy
    11 -3.840791 -2.749445 47.855751 0.433095 0.763816 0.478555 0 0
    11 -2.971297 -4.165099 46.626881 0.163800 0.596321 0.785857 0 0
    11 -3.044281 -3.641743 47.669221 0.559945 0.485749 0.671200 0 0
  phy
    11 -2.971297 -4.165099 46.626881 0.163800 0.596321 0.785857 0 0
    11 -3.840791 -2.749445 47.855751 0.433095 0.763816 0.478555 0 0
    11 -3.789497 -3.101839 46.629303 0.036739 0.835733 0.547906 0 0
  phy
    11 -3.840791 -2.749445 47.855751 0.433095 0.763816 0.478555 0 0
    11 -4.185776 -2.585541 43.289684 -0.079222 0.956882 0.279466 0 0
    11 -3.789497 -3.101839 46.629303 0.036739 0.835733 0.547906 0 0
  phy
    11 -4.185776 -2.585541 43.289684 -0.079222 0.956882 0.279466 0 0
    11 -3.840791 -2.749445 47.855751 0.433095 0.763816 0.478555 0 0
    11 -4.031459 -2.191541 47.630237 0.200996 0.975894 -0.085041 0 0
  phy
    11 -1.852886 -1.037659 51.214673 0.646057 0.330719 0.687921 0 0
    11 -1.993534 0.182092 52.217349 0.692975 0.626108 0.357456 0 0
    11 -3.840791 -2.749445 47.855751 0.433095 0.763816 0.478555 0 0
  phy
    11 -3.840791 -2.749445 47.855751 0.433095 0.763816 0.478555 0 0
    11 -3.044281 -3.641743 47.669221 0.559945 0.485749 0.671200 0 0
    11 -1.852886 -1.037659 51.214673 0.646057 0.330719 0.687921 0 0
  phy
    11 -3.840791 -2.749445 47.855751 0.433095 0.763816 0.478555 0 0
    11 -1.993534 0.182092 52.217349 0.692975 0.626108 0.357456 0 0
    11 -2.359192 0.230393 51.729105 0.384420 0.907603 -0.168752 0 0
  phy
    11 -3.840791 -2.749445 47.855751 0.433095 0.763816 0.478555 0 0
    11 -2.359192 0.230393 51.729105 0.384420 0.907603 -0.168752 0 0
    11 -4.031459 -2.191541 47.630237 0.200996 0.975894 -0.085041 0 0
  phy
    11 -4.185776 -2.585541 43.289684 -0.079222 0.956882 0.279466 0 0
    11 -3.622213 0.020136 43.311500 -0.134627 0.918921 -0.370754 0 0
    11 -3.922937 -2.510225 42.743397 -0.972373 0.144999 0.182939 0 0
  phy
    11 -3.622213 0.020136 43.311500 -0.134627 0.918921 -0.370754 0 0
    11 -2.972038 0.876271 42.443275 -0.957882 0.258916 -0.124195 0 0
    11 -3.922937 -2.510225 42.743397 -0.972373 0.144999 0.182939 0 0
  phy
    11 -3.622213 0.020136 43.311500 -0.134627 0.918921 -0.370754 0 0
    11 -3.363576 1.233953 47.753942 0.149262 0.950781 -0.271544 0 0
    11 -2.501770 3.131649 47.728360 -0.068211 0.723258 -0.687200 0 0
  phy
    11 -2.972038 0.876271 42.443275 -0.957882 0.258916 -0.124195 0 0
    11 -3.622213 0.020136 43.311500 -0.134627 0.918921 -0.370754 0 0
    11 -2.501770 3.131649 47.728360 -0.068211 0.723258 -0.687200 0 0
  phy
    11 -3.622213 0.020136 43.311500 -0.134627 0.918921 -0.370754 0 0
    11 -4.185776 -2.585541 43.289684 -0.079222 0.956882 0.279466 0 0
    11 -4.259032 -1.823906 44.252567 -0.022454 0.990475 -0.135851 0 0
  phy
    11 -1.115182 3.286200 49.323319 0.264824 0.166249 -0.949858 0 0
    11 -2.276315 2.544929 50.258023 0.367598 0.774771 -0.514395 0 0
    11 -1.063146 2.955410 50.416688 0.371277 0.099611 -0.923163 0 0
  phy
    11 -2.276315 2.544929 50.258023 0.367598 0.774771 -0.514395 0 0
    11 -1.115182 3.286200 49.323319 0.264824 0.166249 -0.949858 0 0
    11 -2.501770 3.131649 47.728360 -0.068211 0.723258 -0.687200 0 0
  phy
    11 -2.276315 2.544929 50.258023 0.367598 0.774771 -0.514395 0 0
    11 -0.710279 2.000492 52.833540 0.777028 0.425018 -0.464315 0 0
    11 -1.063146 2.955410 50.416688 0.371277 0.099611 -0.923163 0 0
  phy
    11 -0.710279 2.000492 52.833540 0.777028 0.425018 -0.464315 0 0
    11 -2.276315 2.544929 50.258023 0.367598 0.774771 -0.514395 0 0
    11 -2.359192 0.230393 51.729105 0.384420 0.907603 -0.168752 0 0
  phy
    11 -2.276315 2.544929 50.258023 0.367598 0.774771 -0.514395 0 0
    11 -3.363576 1.233953 47.753942 0.149262 0.950781 -0.271544 0 0
    11 -2.359192 0.230393 51.729105 0.384420 0.907603 -0.168752 0 0
  phy
    11 -3.363576 1.233953 47.753942 0.149262 0.950781 -0.271544 0 0
    11 -2.276315 2.544929 50.258023 0.367598 0.774771 -0.514395 0 0
    11 -2.501770 3.131649 47.728360 -0.068211 0.723258 -0.687200 0 0
  phy
    11 1.078220 2.950307 50.414717 0.357979 -0.108828 -0.927366 0 0
    11 -1.115182 3.286200 49.323319 0.264824 0.166249 -0.949858 0 0
    11 -1.063146 2.955410 50.416688 0.371277 0.099611 -0.923163 0 0
  phy
    11 -1.115182 3.286200 49.323319 0.264824 0.166249 -0.949858 0 0
    11 -1.117137 3.562131 47.971980 -0.136467 0.085732 -0.986928 0 0
    11 -2.501770 3.131649 47.728360 -0.068211 0.723258 -0.687200 0 0
  phy
    11 3.991531 -0.796097 45.336024 0.037485 -0.968903 -0.244583 0 0
    11 4.031451 -2.191547 47.630240 0.201091 -0.975874 -0.085042 0 0
    11 4.259026 -1.823912 44.252570 -0.022359 -0.990477 -0.135852 0 0
  phy
    11 4.259026 -1.823912 44.252570 -0.022359 -0.990477 -0.135852 0 0
    11 3.622211 0.020131 43.311503 -0.134539 -0.918934 -0.370755 0 0
    11 3.991531 -0.796097 45.336024 0.037485 -0.968903 -0.244583 0 0
  phy
    11 3.840781 -2.749451 47.855754 0.433532 -0.763295 0.478990 0 0
    11 3.789489 -3.101844 46.629306 0.036820 -0.835729 0.547906 0 0
    11 4.185771 -2.585547 43.289688 -0.079130 -0.956890 0.279465 0 0
  phy
    11 4.185771 -2.585547 43.289688 -0.079130 -0.956890 0.279465 0 0
    11 4.031451 -2.191547 47.630240 0.201091 -0.975874 -0.085042 0 0
    11 3.840781 -2.749451 47.855754 0.433532 -0.763295 0.478990 0 0
  phy
    11 4.259026 -1.823912 44.252570 -0.022359 -0.990477 -0.135852 0 0
    11 4.031451 -2.191547 47.630240 0.201091 -0.975874 -0.085042 0 0
    11 4.185771 -2.585547 43.289688 -0.079130 -0.956890 0.279465 0 0
  phy
    11 4.185771 -2.585547 43.289688 -0.079130 -0.956890 0.279465 0 0
    11 3.789489 -3.101844 46.629306 0.036820 -0.835729 0.547906 0 0
    11 3.230622 -3.945914 44.643574 -0.159682 -0.574161 0.803020 0 0
  phy
    11 3.230622 -3.945914 44.643574 -0.159682 -0.574161 0.803020 0 0
    11 3.922931 -2.510231 42.743400 -0.983895 -0.103841 0.145493 0 0
    11 4.185771 -2.585547 43.289688 -0.079130 -0.956890 0.279465 0 0
  phy
    11 4.185771 -2.585547 43.289688 -0.079130 -0.956890 0.279465 0 0
    11 3.622211 0.020131 43.311503 -0.134539 -0.918934 -0.370755 0 0
    11 4.259026 -1.823912 44.252570 -0.022359 -0.990477 -0.135852 0 0
  phy
    11 3.922931 -2.510231 42.743400 -0.983895 -0.103841 0.145493 0 0
    11 3.622211 0.020131 43.311503 -0.134539 -0.918934 -0.370755 0 0
    11 4.185771 -2.585547 43.289688 -0.079130 -0.956890 0.279465 0 0
  phy
    11 3.789489 -3.101844 46.629306 0.036820 -0.835729 0.547906 0 0
    11 2.971287 -4.165103 46.626884 0.163858 -0.596305 0.785857 0 0
    11 3.230622 -3.945914 44.643574 -0.159682 -0.574161 0.803020 0 0
  phy
    11 2.712698 -3.715355 43.743068 -0.503213 -0.230087 0.832968 0 0
    11 3.922931 -2.510231 42.743400 -0.983895 -0.103841 0.145493 0 0
    11 3.230622 -3.945914 44.643574 -0.159682 -0.574161 0.803020 0 0
  phy
    11 2.276311 2.544926 50.258025 0.367762 -0.776974 -0.510943 0 0
    11 1.078220 2.950307 50.414717 0.357979 -0.108828 -0.927366 0 0
    11 0.710273 2.000491 52.833540 0.630675 -0.386998 -0.672668 0 0
  phy
    11 2.501768 3.131645 47.728362 -0.065392 -0.734704 -0.675229 0 0
    11 1.834207 2.063515 42.551846 -0.394713 -0.327640 -0.858402 0 0
    11 1.265759 3.549969 47.972937 -0.165105 -0.098672 -0.981328 0 0
  phy
    11 -1.852886 -1.037659 51.214673 0.646057 0.330719 0.687921 0 0
    11 -3.044281 -3.641743 47.669221 0.559945 0.485749 0.671200 0 0
    11 -2.120943 -3.747003 48.161618 0.594311 0.090720 0.799102 0 0
  phy
    11 -2.120943 -3.747003 48.161618 0.594311 0.090720 0.799102 0 0
    11 -3.044281 -3.641743 47.669221 0.559945 0.485749 0.671200 0 0
    11 -2.971297 -4.165099 46.626881 0.163800 0.596321 0.785857 0 0
  phy
    11 -2.971297 -4.165099 46.626881 0.163800 0.596321 0.785857 0 0
    11 -2.124229 -4.504367 46.477708 0.038548 0.236565 0.970851 0 0
    11 -2.120943 -3.747003 48.161618 0.594311 0.090720 0.799102 0 0
  phy
    11 -1.852886 -1.037659 51.214673 0.646057 0.330719 0.687921 0 0
    11 -1.070294 0.258061 52.777495 0.863400 0.148284 0.482237 0 0
    11 -1.993534 0.182092 52.217349 0.692975 0.626108 0.357456 0 0
  phy
    11 3.840781 -2.749451 47.855754 0.433532 -0.763295 0.478990 0 0
    11 2.971287 -4.165103 46.626884 0.163858 -0.596305 0.785857 0 0
    11 3.789489 -3.101844 46.629306 0.036820 -0.835729 0.547906 0 0
  phy
    11 -1.993534 0.182092 52.217349 0.692975 0.626108 0.357456 0 0
    11 -0.710279 2.000492 52.833540 0.777028 0.425018 -0.464315 0 0
    11 -2.359192 0.230393 51.729105 0.384420 0.907603 -0.168752 0 0
  phy
    11 -1.993534 0.182092 52.217349 0.692975 0.626108 0.357456 0 0
    11 -1.070294 0.258061 52.777495 0.863400 0.148284 0.482237 0 0
    11 -0.710279 2.000492 52.833540 0.777028 0.425018 -0.464315 0 0
  phy
    11 -4.259032 -1.823906 44.252567 -0.022454 0.990475 -0.135851 0 0
    11 -4.185776 -2.585541 43.289684 -0.079222 0.956882 0.279466 0 0
    11 -4.031459 -2.191541 47.630237 0.200996 0.975894 -0.085041 0 0
  phy
    11 -1.063146 2.955410 50.416688 0.371277 0.099611 -0.923163 0 0
    11 -0.710279 2.000492 52.833540 0.777028 0.425018 -0.464315 0 0
    11 0.710273 2.000491 52.833540 0.630675 -0.386998 -0.672668 0 0
  phy
    11 -2.359192 0.230393 51.729105 0.384420 0.907603 -0.168752 0 0
    11 -3.363576 1.233953 47.753942 0.149262 0.950781 -0.271544 0 0
    11 -4.031459 -2.191541 47.630237 0.200996 0.975894 -0.085041 0 0
  phy
    11 -1.117137 3.562131 47.971980 -0.136467 0.085732 -0.986928 0 0
    11 -1.834204 2.063518 42.551845 -0.389751 0.321133 -0.863115 0 0
    11 -2.501770 3.131649 47.728360 -0.068211 0.723258 -0.687200 0 0
  phy
    11 1.078220 2.950307 50.414717 0.357979 -0.108828 -0.927366 0 0
    11 -1.063146 2.955410 50.416688 0.371277 0.099611 -0.923163 0 0
    11 0.710273 2.000491 52.833540 0.630675 -0.386998 -0.672668 0 0
  phy
    11 -1.834204 2.063518 42.551845 -0.389751 0.321133 -0.863115 0 0
    11 -2.972038 0.876271 42.443275 -0.957882 0.258916 -0.124195 0 0
    11 -2.501770 3.131649 47.728360 -0.068211 0.723258 -0.687200 0 0
  phy
    11 -2.972038 0.876271 42.443275 -0.957882 0.258916 -0.124195 0 0
    11 -1.834204 2.063518 42.551845 -0.389751 0.321133 -0.863115 0 0
    11 0.000000 1.277317 42.411205 -0.994925 -0.000048 -0.100617 0 0
  phy
    11 -2.972038 0.876271 42.443275 -0.957882 0.258916 -0.124195 0 0
    11 3.922931 -2.510231 42.743400 -0.983895 -0.103841 0.145493 0 0
    11 -3.922937 -2.510225 42.743397 -0.972373 0.144999 0.182939 0 0
  phy
    16 4.413680 1.885944 50.073879 -0.229147 -0.744943 0.626540 0 0
    16 4.273895 1.178891 50.493572 -0.577523 -0.815091 -0.045752 0 0
    16 5.609495 1.316983 49.922630 -0.044738 -0.997817 0.048572 0 0
  phy
    16 3.998498 1.841751 50.202647 -0.930158 0.306972 0.201428 0 0
    16 4.273895 1.178891 50.493572 -0.577523 -0.815091 -0.045752 0 0
    16 4.413680 1.885944 50.073879 -0.229147 -0.744943 0.626540 0 0
  phy
    16 3.843221 2.278617 49.508075 -0.013784 0.037552 0.999200 0 0
    16 3.998498 1.841751 50.202647 -0.930158 0.306972 0.201428 0 0
    16 4.413680 1.885944 50.073879 -0.229147 -0.744943 0.626540 0 0
  phy
    16 4.413680 1.885944 50.073879 -0.229147 -0.744943 0.626540 0 0
    16 5.868368 2.222554 49.040473 0.046552 -0.728235 0.683745 0 0
    16 3.843221 2.278617 49.508075 -0.013784 0.037552 0.999200 0 0
  phy
    16 5.609495 1.316983 49.922630 -0.044738 -0.997817 0.048572 0 0
    16 5.868368 2.222554 49.040473 0.046552 -0.728235 0.683745 0 0
    16 4.413680 1.885944 50.073879 -0.229147 -0.744943 0.626540 0 0
  phy
    16 5.027388 0.298895 49.949775 -0.356371 -0.720404 -0.594995 0 0
    16 5.630542 0.405776 49.675086 0.032117 -0.709997 -0.703472 0 0
    16 5.609495 1.316983 49.922630 -0.044738 -0.997817 0.048572 0 0
  phy
    16 5.609495 1.316983 49.922630 -0.044738 -0.997817 0.048572 0 0
    16 4.273895 1.178891 50.493572 -0.577523 -0.815091 -0.045752 0 0
    16 5.027388 0.298895 49.949775 -0.356371 -0.720404 -0.594995 0 0
  phy
    16 5.027388 0.298895 49.949775 -0.356371 -0.720404 -0.594995 0 0
    16 4.273895 1.178891 50.493572 -0.577523 -0.815091 -0.045752 0 0
    16 4.325116 0.190395 50.100227 -0.733229 0.631919 -0.251104 0 0
  phy
    16 5.027388 0.298895 49.949775 -0.356371 -0.720404 -0.594995 0 0
    16 4.325116 0.190395 50.100227 -0.733229 0.631919 -0.251104 0 0
    16 4.702880 -0.332522 48.802135 -0.197494 -0.032853 -0.979753 0 0
  phy
    16 5.630542 0.405776 49.675086 0.032117 -0.709997 -0.703472 0 0
    16 5.027388 0.298895 49.949775 -0.356371 -0.720404 -0.594995 0 0
    16 4.702880 -0.332522 48.802135 -0.197494 -0.032853 -0.979753 0 0
  phy
    16 3.843221 2.278617 49.508075 -0.013784 0.037552 0.999200 0 0
    16 4.325116 0.190395 50.100227 -0.733229 0.631919 -0.251104 0 0
    16 3.998498 1.841751 50.202647 -0.930158 0.306972 0.201428 0 0
  phy
    16 4.325116 0.190395 50.100227 -0.733229 0.631919 -0.251104 0 0
    16 3.843221 2.278617 49.508075 -0.013784 0.037552 0.999200 0 0
    16 4.005657 2.143322 48.516807 -0.174225 0.978558 0.109863 0 0
  phy
    16 3.843221 2.278617 49.508075 -0.013784 0.037552 0.999200 0 0
    16 5.868368 2.222554 49.040473 0.046552 -0.728235 0.683745 0 0
    16 9.660485 2.414632 44.671465 0.156357 -0.242533 0.957460 0 0
  phy
    16 9.660485 2.414632 44.671465 0.156357 -0.242533 0.957460 0 0
    16 8.713777 2.195608 43.608409 0.174679 0.844879 0.505634 0 0
    16 3.843221 2.278617 49.508075 -0.013784 0.037552 0.999200 0 0
  phy
    16 8.713777 2.195608 43.608409 0.174679 0.844879 0.505634 0 0
    16 4.005657 2.143322 48.516807 -0.174225 0.978558 0.109863 0 0
    16 3.843221 2.278617 49.508075 -0.013784 0.037552 0.999200 0 0
  phy
    16 5.630542 0.405776 49.675086 0.032117 -0.709997 -0.703472 0 0
    16 9.983690 1.812279 44.850812 0.197564 -0.975153 -0.100230 0 0
    16 5.609495 1.316983 49.922630 -0.044738 -0.997817 0.048572 0 0
  phy
    16 5.609495 1.316983 49.922630 -0.044738 -0.997817 0.048572 0 0
    16 9.983690 1.812279 44.850812 0.197564 -0.975153 -0.100230 0 0
    16 5.868368 2.222554 49.040473 0.046552 -0.728235 0.683745 0 0
  phy
    16 4.702880 -0.332522 48.802135 -0.197494 -0.032853 -0.979753 0 0
    16 4.325116 0.190395 50.100227 -0.733229 0.631919 -0.251104 0 0
    16 4.005657 2.143322 48.516807 -0.174225 0.978558 0.109863 0 0
  phy
    16 3.998498 1.841751 50.202647 -0.930158 0.306972 0.201428 0 0
    16 4.325116 0.190395 50.100227 -0.733229 0.631919 -0.251104 0 0
    16 4.273895 1.178891 50.493572 -0.577523 -0.815091 -0.045752 0 0
  phy
    16 9.660485 2.414632 44.671465 0.156357 -0.242533 0.957460 0 0
    16 9.983690 1.812279 44.850812 0.197564 -0.975153 -0.100230 0 0
    16 8.713777 2.195608 43.608409 0.174679 0.844879 0.505634 0 0
  phy
    16 5.868368 2.222554 49.040473 0.046552 -0.728235 0.683745 0 0
    16 9.983690 1.812279 44.850812 0.197564 -0.975153 -0.100230 0 0
    16 9.660485 2.414632 44.671465 0.156357 -0.242533 0.957460 0 0
  phy
    16 4.812714 -0.295762 48.214370 -0.011366 0.933862 -0.357452 0 0
    16 9.743271 0.970764 44.367778 0.190152 -0.292012 -0.937321 0 0
    16 4.702880 -0.332522 48.802135 -0.197494 -0.032853 -0.979753 0 0
  phy
    16 9.743271 0.970764 44.367778 0.190152 -0.292012 -0.937321 0 0
    16 4.812714 -0.295762 48.214370 -0.011366 0.933862 -0.357452 0 0
    16 8.926475 1.213536 43.603392 0.156087 0.771251 -0.617097 0 0
  phy
    16 8.713777 2.195608 43.608409 0.174679 0.844879 0.505634 0 0
    16 4.812714 -0.295762 48.214370 -0.011366 0.933862 -0.357452 0 0
    16 4.005657 2.143322 48.516807 -0.174225 0.978558 0.109863 0 0
  phy
    16 4.812714 -0.295762 48.214370 -0.011366 0.933862 -0.357452 0 0
    16 8.713777 2.195608 43.608409 0.174679 0.844879 0.505634 0 0
    16 8.926475 1.213536 43.603392 0.156087 0.771251 -0.617097 0 0
  phy
    16 4.812714 -0.295762 48.214370 -0.011366 0.933862 -0.357452 0 0
    16 4.702880 -0.332522 48.802135 -0.197494 -0.032853 -0.979753 0 0
    16 4.005657 2.143322 48.516807 -0.174225 0.978558 0.109863 0 0
  phy
    16 9.743271 0.970764 44.367778 0.190152 -0.292012 -0.937321 0 0
    16 5.630542 0.405776 49.675086 0.032117 -0.709997 -0.703472 0 0
    16 4.702880 -0.332522 48.802135 -0.197494 -0.032853 -0.979753 0 0
  phy
    16 9.743271 0.970764 44.367778 0.190152 -0.292012 -0.937321 0 0
    16 9.983690 1.812279 44.850812 0.197564 -0.975153 -0.100230 0 0
    16 5.630542 0.405776 49.675086 0.032117 -0.709997 -0.703472 0 0
  phy
    16 8.713777 2.195608 43.608409 0.174679 0.844879 0.505634 0 0
    16 9.983690 1.812279 44.850812 0.197564 -0.975153 -0.100230 0 0
    16 9.743271 0.970764 44.367778 0.190152 -0.292012 -0.937321 0 0
  phy
    16 9.743271 0.970764 44.367778 0.190152 -0.292012 -0.937321 0 0
    16 8.926475 1.213536 43.603392 0.156087 0.771251 -0.617097 0 0
    16 8.713777 2.195608 43.608409 0.174679 0.844879 0.505634 0 0
  phy
    17 11.441578 -0.029587 41.300134 0.006265 0.834505 -0.550965 0 0
    17 12.101156 0.458968 40.445780 0.196433 0.980512 -0.003262 0 0
    17 15.485293 -0.984352 38.731426 0.412092 0.869613 -0.271943 0 0
  phy
    17 12.101156 0.458968 40.445780 0.196433 0.980512 -0.003262 0 0
    17 11.441578 -0.029587 41.300134 0.006265 0.834505 -0.550965 0 0
    17 11.381872 0.661827 40.911966 0.046391 0.998207 0.037824 0 0
  phy
    17 12.101156 0.458968 40.445780 0.196433 0.980512 -0.003262 0 0
    17 12.472370 1.704280 40.387688 0.315361 0.476314 0.820775 0 0
    17 15.485293 -0.984352 38.731426 0.412092 0.869613 -0.271943 0 0
  phy
    17 12.472370 1.704280 40.387688 0.315361 0.476314 0.820775 0 0
    17 12.101156 0.458968 40.445780 0.196433 0.980512 -0.003262 0 0
    17 11.381872 0.661827 40.911966 0.046391 0.998207 0.037824 0 0
  phy
    17 9.059437 0.775937 43.171836 -0.607039 0.649750 -0.457524 0 0
    17 11.441578 -0.029587 41.300134 0.006265 0.834505 -0.550965 0 0
    17 11.716449 -0.535303 42.045798 -0.141616 0.315856 -0.938179 0 0
  phy
    17 11.441578 -0.029587 41.300134 0.006265 0.834505 -0.550965 0 0
    17 9.059437 0.775937 43.171836 -0.607039 0.649750 -0.457524 0 0
    17 11.381872 0.661827 40.911966 0.046391 0.998207 0.037824 0 0
  phy
    17 11.441578 -0.029587 41.300134 0.006265 0.834505 -0.550965 0 0
    17 15.485293 -0.984352 38.731426 0.412092 0.869613 -0.271943 0 0
    17 11.716449 -0.535303 42.045798 -0.141616 0.315856 -0.938179 0 0
  phy
    17 9.221605 2.372946 42.647035 -0.277710 0.772668 0.570843 0 0
    17 9.059437 0.775937 43.171836 -0.607039 0.649750 -0.457524 0 0
    17 10.657902 2.504184 44.802284 -0.250493 -0.951333 0.179495 0 0
  phy
    17 10.657902 2.504184 44.802284 -0.250493 -0.951333 0.179495 0 0
    17 9.059437 0.775937 43.171836 -0.607039 0.649750 -0.457524 0 0
    17 10.332925 0.863658 45.014724 -0.379159 -0.668827 -0.639460 0 0
  phy
    17 9.059437 0.775937 43.171836 -0.607039 0.649750 -0.457524 0 0
    17 11.716449 -0.535303 42.045798 -0.141616 0.315856 -0.938179 0 0
    17 10.332925 0.863658 45.014724 -0.379159 -0.668827 -0.639460 0 0
  phy
    17 9.059437 0.775937 43.171836 -0.607039 0.649750 -0.457524 0 0
    17 9.221605 2.372946 42.647035 -0.277710 0.772668 0.570843 0 0
    17 11.381872 0.661827 40.911966 0.046391 0.998207 0.037824 0 0
  phy
    17 12.909435 -0.608127 42.645772 -0.194104 -0.209878 -0.958267 0 0
    17 11.716449 -0.535303 42.045798 -0.141616 0.315856 -0.938179 0 0
    17 16.614495 -1.437762 40.028359 0.031230 -0.833783 -0.551208 0 0
  phy
    17 11.716449 -0.535303 42.045798 -0.141616 0.315856 -0.938179 0 0
    17 12.909435 -0.608127 42.645772 -0.194104 -0.209878 -0.958267 0 0
    17 10.332925 0.863658 45.014724 -0.379159 -0.668827 -0.639460 0 0
  phy
    17 16.614495 -1.437762 40.028359 0.031230 -0.833783 -0.551208 0 0
    17 10.332925 0.863658 45.014724 -0.379159 -0.668827 -0.639460 0 0
    17 12.909435 -0.608127 42.645772 -0.194104 -0.209878 -0.958267 0 0
  phy
    17 9.221605 2.372946 42.647035 -0.277710 0.772668 0.570843 0 0
    17 12.472370 1.704280 40.387688 0.315361 0.476314 0.820775 0 0
    17 11.381872 0.661827 40.911966 0.046391 0.998207 0.037824 0 0
  phy
    17 12.472370 1.704280 40.387688 0.315361 0.476314 0.820775 0 0
    17 16.943946 0.433619 39.504745 0.360884 -0.544087 0.757451 0 0
    17 15.485293 -0.984352 38.731426 0.412092 0.869613 -0.271943 0 0
  phy
    17 9.221605 2.372946 42.647035 -0.277710 0.772668 0.570843 0 0
    17 10.349637 3.053800 43.788170 0.125569 -0.193827 0.972966 0 0
    17 12.472370 1.704280 40.387688 0.315361 0.476314 0.820775 0 0
  phy
    17 10.349637 3.053800 43.788170 0.125569 -0.193827 0.972966 0 0
    17 16.943946 0.433619 39.504745 0.360884 -0.544087 0.757451 0 0
    17 12.472370 1.704280 40.387688 0.315361 0.476314 0.820775 0 0
  phy
    17 11.716449 -0.535303 42.045798 -0.141616 0.315856 -0.938179 0 0
    17 15.485293 -0.984352 38.731426 0.412092 0.869613 -0.271943 0 0
    17 16.614495 -1.437762 40.028359 0.031230 -0.833783 -0.551208 0 0
  phy
    17 15.485293 -0.984352 38.731426 0.412092 0.869613 -0.271943 0 0
    17 16.943946 0.433619 39.504745 0.360884 -0.544087 0.757451 0 0
    17 16.614495 -1.437762 40.028359 0.031230 -0.833783 -0.551208 0 0
  phy
    17 9.221605 2.372946 42.647035 -0.277710 0.772668 0.570843 0 0
    17 10.657902 2.504184 44.802284 -0.250493 -0.951333 0.179495 0 0
    17 10.349637 3.053800 43.788170 0.125569 -0.193827 0.972966 0 0
  phy
    17 16.614495 -1.437762 40.028359 0.031230 -0.833783 -0.551208 0 0
    17 16.943946 0.433619 39.504745 0.360884 -0.544087 0.757451 0 0
    17 10.657902 2.504184 44.802284 -0.250493 -0.951333 0.179495 0 0
  phy
    17 10.657902 2.504184 44.802284 -0.250493 -0.951333 0.179495 0 0
    17 10.332925 0.863658 45.014724 -0.379159 -0.668827 -0.639460 0 0
    17 16.614495 -1.437762 40.028359 0.031230 -0.833783 -0.551208 0 0
  phy
    17 10.657902 2.504184 44.802284 -0.250493 -0.951333 0.179495 0 0
    17 16.943946 0.433619 39.504745 0.360884 -0.544087 0.757451 0 0
    17 10.349637 3.053800 43.788170 0.125569 -0.193827 0.972966 0 0
  phy
    18 21.142104 -0.780926 36.466409 0.552535 0.465257 0.691550 0 0
    18 20.582227 -0.816489 35.060016 0.567078 0.812819 0.133221 0 0
    18 17.864130 0.876763 36.148513 0.409990 0.906900 0.097165 0 0
  phy
    18 20.582227 -0.816489 35.060016 0.567078 0.812819 0.133221 0 0
    18 21.142104 -0.780926 36.466409 0.552535 0.465257 0.691550 0 0
    18 21.440562 -1.462429 34.648271 0.975214 0.200425 0.093745 0 0
  phy
    18 20.582227 -0.816489 35.060016 0.567078 0.812819 0.133221 0 0
    18 19.461016 -0.785361 33.817594 0.652691 0.528760 -0.542594 0 0
    18 17.864130 0.876763 36.148513 0.409990 0.906900 0.097165 0 0
  phy
    18 19.461016 -0.785361 33.817594 0.652691 0.528760 -0.542594 0 0
    18 20.582227 -0.816489 35.060016 0.567078 0.812819 0.133221 0 0
    18 21.440562 -1.462429 34.648271 0.975214 0.200425 0.093745 0 0
  phy
    18 18.761844 -2.507546 34.109669 -0.012132 -0.611519 -0.791137 0 0
    18 21.253056 -3.248696 34.876304 0.115115 -0.993116 0.021684 0 0
    18 16.819930 -1.447221 36.413866 -0.535140 -0.776308 -0.333123 0 0
  phy
    18 16.819930 -1.447221 36.413866 -0.535140 -0.776308 -0.333123 0 0
    18 21.253056 -3.248696 34.876304 0.115115 -0.993116 0.021684 0 0
    18 20.116820 -1.831870 38.624991 -0.355131 -0.756243 0.549526 0 0
  phy
    18 20.116820 -1.831870 38.624991 -0.355131 -0.756243 0.549526 0 0
    18 16.192736 -0.274314 38.381030 -0.880802 -0.463831 0.095124 0 0
    18 16.819930 -1.447221 36.413866 -0.535140 -0.776308 -0.333123 0 0
  phy
    18 15.526902 0.947413 36.460288 -0.325387 0.754269 -0.570265 0 0
    18 16.819930 -1.447221 36.413866 -0.535140 -0.776308 -0.333123 0 0
    18 16.192736 -0.274314 38.381030 -0.880802 -0.463831 0.095124 0 0
  phy
    18 16.819930 -1.447221 36.413866 -0.535140 -0.776308 -0.333123 0 0
    18 15.526902 0.947413 36.460288 -0.325387 0.754269 -0.570265 0 0
    18 17.316053 -0.558439 34.377441 -0.119672 -0.017524 -0.992659 0 0
  phy
    18 18.761844 -2.507546 34.109669 -0.012132 -0.611519 -0.791137 0 0
    18 16.819930 -1.447221 36.413866 -0.535140 -0.776308 -0.333123 0 0
    18 17.316053 -0.558439 34.377441 -0.119672 -0.017524 -0.992659 0 0
  phy
    18 15.526902 0.947413 36.460288 -0.325387 0.754269 -0.570265 0 0
    18 17.910275 1.054680 39.429630 -0.081856 0.717569 0.691661 0 0
    18 17.864130 0.876763 36.148513 0.409990 0.906900 0.097165 0 0
  phy
    18 17.910275 1.054680 39.429630 -0.081856 0.717569 0.691661 0 0
    18 15.526902 0.947413 36.460288 -0.325387 0.754269 -0.570265 0 0
    18 16.192736 -0.274314 38.381030 -0.880802 -0.463831 0.095124 0 0
  phy
    18 20.116820 -1.831870 38.624991 -0.355131 -0.756243 0.549526 0 0
    18 17.910275 1.054680 39.429630 -0.081856 0.717569 0.691661 0 0
    18 16.192736 -0.274314 38.381030 -0.880802 -0.463831 0.095124 0 0
  phy
    18 17.910275 1.054680 39.429630 -0.081856 0.717569 0.691661 0 0
    18 21.142104 -0.780926 36.466409 0.552535 0.465257 0.691550 0 0
    18 17.864130 0.876763 36.148513 0.409990 0.906900 0.097165 0 0
  phy
    18 17.910275 1.054680 39.429630 -0.081856 0.717569 0.691661 0 0
    18 20.116820 -1.831870 38.624991 -0.355131 -0.756243 0.549526 0 0
    18 21.142104 -0.780926 36.466409 0.552535 0.465257 0.691550 0 0
  phy
    18 19.461016 -0.785361 33.817594 0.652691 0.528760 -0.542594 0 0
    18 21.253056 -3.248696 34.876304 0.115115 -0.993116 0.021684 0 0
    18 18.761844 -2.507546 34.109669 -0.012132 -0.611519 -0.791137 0 0
  phy
    18 19.461016 -0.785361 33.817594 0.652691 0.528760 -0.542594 0 0
    18 21.440562 -1.462429 34.648271 0.975214 0.200425 0.093745 0 0
    18 21.253056 -3.248696 34.876304 0.115115 -0.993116 0.021684 0 0
  phy
    18 19.461016 -0.785361 33.817594 0.652691 0.528760 -0.542594 0 0
    18 15.526902 0.947413 36.460288 -0.325387 0.754269 -0.570265 0 0
    18 17.864130 0.876763 36.148513 0.409990 0.906900 0.097165 0 0
  phy
    18 15.526902 0.947413 36.460288 -0.325387 0.754269 -0.570265 0 0
    18 19.461016 -0.785361 33.817594 0.652691 0.528760 -0.542594 0 0
    18 17.316053 -0.558439 34.377441 -0.119672 -0.017524 -0.992659 0 0
  phy
    18 19.461016 -0.785361 33.817594 0.652691 0.528760 -0.542594 0 0
    18 18.761844 -2.507546 34.109669 -0.012132 -0.611519 -0.791137 0 0
    18 17.316053 -0.558439 34.377441 -0.119672 -0.017524 -0.992659 0 0
  phy
    18 20.116820 -1.831870 38.624991 -0.355131 -0.756243 0.549526 0 0
    18 21.253056 -3.248696 34.876304 0.115115 -0.993116 0.021684 0 0
    18 21.142104 -0.780926 36.466409 0.552535 0.465257 0.691550 0 0
  phy
    18 21.253056 -3.248696 34.876304 0.115115 -0.993116 0.021684 0 0
    18 21.440562 -1.462429 34.648271 0.975214 0.200425 0.093745 0 0
    18 21.142104 -0.780926 36.466409 0.552535 0.465257 0.691550 0 0
  phy
    35 -4.413701 1.885949 50.073892 -0.229150 0.743455 0.628303 0 0
    35 -5.609513 1.316981 49.922643 -0.044741 0.997699 0.050938 0 0
    35 -4.273912 1.178897 50.493586 -0.577525 0.815196 -0.043821 0 0
  phy
    35 -3.998518 1.841758 50.202661 -0.930158 -0.307451 0.200697 0 0
    35 -4.413701 1.885949 50.073892 -0.229150 0.743455 0.628303 0 0
    35 -4.273912 1.178897 50.493586 -0.577525 0.815196 -0.043821 0 0
  phy
    35 -4.413701 1.885949 50.073892 -0.229150 0.743455 0.628303 0 0
    35 -3.998518 1.841758 50.202661 -0.930158 -0.307451 0.200697 0 0
    35 -3.843244 2.278626 49.508089 -0.013786 -0.039921 0.999108 0 0
  phy
    35 -3.843244 2.278626 49.508089 -0.013786 -0.039921 0.999108 0 0
    35 -5.868391 2.222550 49.040487 0.046549 0.726612 0.685469 0 0
    35 -4.413701 1.885949 50.073892 -0.229150 0.743455 0.628303 0 0
  phy
    35 -5.609513 1.316981 49.922643 -0.044741 0.997699 0.050938 0 0
    35 -4.413701 1.885949 50.073892 -0.229150 0.743455 0.628303 0 0
    35 -5.868391 2.222550 49.040487 0.046549 0.726612 0.685469 0 0
  phy
    35 -5.027399 0.298896 49.949790 -0.356371 0.721812 -0.593286 0 0
    35 -5.609513 1.316981 49.922643 -0.044741 0.997699 0.050938 0 0
    35 -5.630554 0.405773 49.675101 0.032117 0.711663 -0.701786 0 0
  phy
    35 -5.609513 1.316981 49.922643 -0.044741 0.997699 0.050938 0 0
    35 -5.027399 0.298896 49.949790 -0.356371 0.721812 -0.593286 0 0
    35 -4.273912 1.178897 50.493586 -0.577525 0.815196 -0.043821 0 0
  phy
    35 -5.027399 0.298896 49.949790 -0.356371 0.721812 -0.593286 0 0
    35 -4.325127 0.190400 50.100241 -0.733227 -0.631323 -0.252604 0 0
    35 -4.273912 1.178897 50.493586 -0.577525 0.815196 -0.043821 0 0
  phy
    35 -4.325127 0.190400 50.100241 -0.733227 -0.631323 -0.252604 0 0
    35 -5.027399 0.298896 49.949790 -0.356371 0.721812 -0.593286 0 0
    35 -4.702887 -0.332520 48.802150 -0.197492 0.035175 -0.979673 0 0
  phy
    35 -5.027399 0.298896 49.949790 -0.356371 0.721812 -0.593286 0 0
    35 -5.630554 0.405773 49.675101 0.032117 0.711663 -0.701786 0 0
    35 -4.702887 -0.332520 48.802150 -0.197492 0.035175 -0.979673 0 0
  phy
    35 -4.325127 0.190400 50.100241 -0.733227 -0.631323 -0.252604 0 0
    35 -3.843244 2.278626 49.508089 -0.013786 -0.039921 0.999108 0 0
    35 -3.998518 1.841758 50.202661 -0.930158 -0.307451 0.200697 0 0
  phy
    35 -4.325127 0.190400 50.100241 -0.733227 -0.631323 -0.252604 0 0
    35 -4.005679 2.143329 48.516821 -0.174223 -0.978816 0.107542 0 0
    35 -3.843244 2.278626 49.508089 -0.013786 -0.039921 0.999108 0 0
  phy
    35 -9.660510 2.414603 44.671480 0.235585 0.239365 0.941915 0 0
    35 -5.868391 2.222550 49.040487 0.046549 0.726612 0.685469 0 0
    35 -3.843244 2.278626 49.508089 -0.013786 -0.039921 0.999108 0 0
  phy
    35 -3.843244 2.278626 49.508089 -0.013786 -0.039921 0.999108 0 0
    35 -4.005679 2.143329 48.516821 -0.174223 -0.978816 0.107542 0 0
    35 -8.713800 2.195584 43.608424 0.153372 -0.850018 0.503930 0 0
  phy
    35 -3.843244 2.278626 49.508089 -0.013786 -0.039921 0.999108 0 0
    35 -8.713800 2.195584 43.608424 0.153372 -0.850018 0.503930 0 0
    35 -9.660510 2.414603 44.671480 0.235585 0.239365 0.941915 0 0
  phy
    35 -5.630554 0.405773 49.675101 0.032117 0.711663 -0.701786 0 0
    35 -5.609513 1.316981 49.922643 -0.044741 0.997699 0.050938 0 0
    35 -9.983711 1.812247 44.850826 0.104826 0.988853 -0.105743 0 0
  phy
    35 -5.609513 1.316981 49.922643 -0.044741 0.997699 0.050938 0 0
    35 -5.868391 2.222550 49.040487 0.046549 0.726612 0.685469 0 0
    35 -9.983711 1.812247 44.850826 0.104826 0.988853 -0.105743 0 0
  phy
    35 -4.702887 -0.332520 48.802150 -0.197492 0.035175 -0.979673 0 0
    35 -4.005679 2.143329 48.516821 -0.174223 -0.978816 0.107542 0 0
    35 -4.325127 0.190400 50.100241 -0.733227 -0.631323 -0.252604 0 0
  phy
    35 -4.325127 0.190400 50.100241 -0.733227 -0.631323 -0.252604 0 0
    35 -3.998518 1.841758 50.202661 -0.930158 -0.307451 0.200697 0 0
    35 -4.273912 1.178897 50.493586 -0.577525 0.815196 -0.043821 0 0
  phy
    35 -9.983711 1.812247 44.850826 0.104826 0.988853 -0.105743 0 0
    35 -9.660510 2.414603 44.671480 0.235585 0.239365 0.941915 0 0
    35 -9.743287 0.970734 44.367793 0.228341 0.294400 -0.928003 0 0
  phy
    35 -9.660510 2.414603 44.671480 0.235585 0.239365 0.941915 0 0
    35 -8.713800 2.195584 43.608424 0.153372 -0.850018 0.503930 0 0
    35 -9.743287 0.970734 44.367793 0.228341 0.294400 -0.928003 0 0
  phy
    35 -5.868391 2.222550 49.040487 0.046549 0.726612 0.685469 0 0
    35 -9.660510 2.414603 44.671480 0.235585 0.239365 0.941915 0 0
    35 -9.983711 1.812247 44.850826 0.104826 0.988853 -0.105743 0 0
  phy
    35 -9.743287 0.970734 44.367793 0.228341 0.294400 -0.928003 0 0
    35 -4.812721 -0.295760 48.214386 -0.011364 -0.933012 -0.359665 0 0
    35 -4.702887 -0.332520 48.802150 -0.197492 0.035175 -0.979673 0 0
  phy
    35 -4.812721 -0.295760 48.214386 -0.011364 -0.933012 -0.359665 0 0
    35 -9.743287 0.970734 44.367793 0.228341 0.294400 -0.928003 0 0
    35 -8.926492 1.213510 43.603407 0.156089 -0.769785 -0.618924 0 0
  phy
    35 -8.713800 2.195584 43.608424 0.153372 -0.850018 0.503930 0 0
    35 -4.005679 2.143329 48.516821 -0.174223 -0.978816 0.107542 0 0
    35 -4.812721 -0.295760 48.214386 -0.011364 -0.933012 -0.359665 0 0
  phy
    35 -4.812721 -0.295760 48.214386 -0.011364 -0.933012 -0.359665 0 0
    35 -8.926492 1.213510 43.603407 0.156089 -0.769785 -0.618924 0 0
    35 -8.713800 2.195584 43.608424 0.153372 -0.850018 0.503930 0 0
  phy
    35 -4.812721 -0.295760 48.214386 -0.011364 -0.933012 -0.359665 0 0
    35 -4.005679 2.143329 48.516821 -0.174223 -0.978816 0.107542 0 0
    35 -4.702887 -0.332520 48.802150 -0.197492 0.035175 -0.979673 0 0
  phy
    35 -5.630554 0.405773 49.675101 0.032117 0.711663 -0.701786 0 0
    35 -9.743287 0.970734 44.367793 0.228341 0.294400 -0.928003 0 0
    35 -4.702887 -0.332520 48.802150 -0.197492 0.035175 -0.979673 0 0
  phy
    35 -9.743287 0.970734 44.367793 0.228341 0.294400 -0.928003 0 0
    35 -5.630554 0.405773 49.675101 0.032117 0.711663 -0.701786 0 0
    35 -9.983711 1.812247 44.850826 0.104826 0.988853 -0.105743 0 0
  phy
    35 -8.713800 2.195584 43.608424 0.153372 -0.850018 0.503930 0 0
    35 -8.926492 1.213510 43.603407 0.156089 -0.769785 -0.618924 0 0
    35 -9.743287 0.970734 44.367793 0.228341 0.294400 -0.928003 0 0
  phy
    36 -11.433898 -0.046616 41.307472 0.002388 -0.832868 -0.553466 0 0
    36 -15.473561 -1.030375 38.743333 0.409886 -0.869050 -0.277029 0 0
    36 -12.095852 0.435440 40.451266 0.195800 -0.980616 -0.007368 0 0
  phy
    36 -12.095852 0.435440 40.451266 0.195800 -0.980616 -0.007368 0 0
    36 -11.377439 0.643492 40.916506 0.046000 -0.998343 0.034579 0 0
    36 -11.433898 -0.046616 41.307472 0.002388 -0.832868 -0.553466 0 0
  phy
    36 -12.095852 0.435440 40.451266 0.195800 -0.980616 -0.007368 0 0
    36 -15.473561 -1.030375 38.743333 0.409886 -0.869050 -0.277029 0 0
    36 -12.472813 1.678783 40.388211 0.320062 -0.478940 0.817421 0 0
  phy
    36 -12.472813 1.678783 40.388211 0.320062 -0.478940 0.817421 0 0
    36 -11.377439 0.643492 40.916506 0.046000 -0.998343 0.034579 0 0
    36 -12.095852 0.435440 40.451266 0.195800 -0.980616 -0.007368 0 0
  phy
    36 -11.433898 -0.046616 41.307472 0.002388 -0.832868 -0.553466 0 0
    36 -9.055210 0.777430 43.175498 -0.610219 -0.648022 -0.455740 0 0
    36 -11.706321 -0.550580 42.055218 -0.147527 -0.312983 -0.938231 0 0
  phy
    36 -11.433898 -0.046616 41.307472 0.002388 -0.832868 -0.553466 0 0
    36 -11.377439 0.643492 40.916506 0.046000 -0.998343 0.034579 0 0
    36 -9.055210 0.777430 43.175498 -0.610219 -0.648022 -0.455740 0 0
  phy
    36 -15.473561 -1.030375 38.743333 0.409886 -0.869050 -0.277029 0 0
    36 -11.433898 -0.046616 41.307472 0.002388 -0.832868 -0.553466 0 0
    36 -11.706321 -0.550580 42.055218 -0.147527 -0.312983 -0.938231 0 0
  phy
    36 -9.055210 0.777430 43.175498 -0.610219 -0.648022 -0.455740 0 0
    36 -9.224819 2.371544 42.644282 -0.274705 -0.774192 0.570231 0 0
    36 -10.661375 2.504861 44.799229 -0.248804 0.950947 0.183840 0 0
  phy
    36 -9.055210 0.777430 43.175498 -0.610219 -0.648022 -0.455740 0 0
    36 -10.661375 2.504861 44.799229 -0.248804 0.950947 0.183840 0 0
    36 -10.328806 0.866721 45.018234 -0.382634 0.670952 -0.635149 0 0
  phy
    36 -11.706321 -0.550580 42.055218 -0.147527 -0.312983 -0.938231 0 0
    36 -9.055210 0.777430 43.175498 -0.610219 -0.648022 -0.455740 0 0
    36 -10.328806 0.866721 45.018234 -0.382634 0.670952 -0.635149 0 0
  phy
    36 -9.055210 0.777430 43.175498 -0.610219 -0.648022 -0.455740 0 0
    36 -11.377439 0.643492 40.916506 0.046000 -0.998343 0.034579 0 0
    36 -9.224819 2.371544 42.644282 -0.274705 -0.774192 0.570231 0 0
  phy
    36 -11.706321 -0.550580 42.055218 -0.147527 -0.312983 -0.938231 0 0
    36 -12.898867 -0.626478 42.655686 -0.199810 0.212840 -0.956439 0 0
    36 -16.600462 -1.483746 40.042279 0.028388 0.835398 -0.548912 0 0
  phy
    36 -12.898867 -0.626478 42.655686 -0.199810 0.212840 -0.956439 0 0
    36 -11.706321 -0.550580 42.055218 -0.147527 -0.312983 -0.938231 0 0
    36 -10.328806 0.866721 45.018234 -0.382634 0.670952 -0.635149 0 0
  phy
    36 -16.600462 -1.483746 40.042279 0.028388 0.835398 -0.548912 0 0
    36 -12.898867 -0.626478 42.655686 -0.199810 0.212840 -0.956439 0 0
    36 -10.328806 0.866721 45.018234 -0.382634 0.670952 -0.635149 0 0
  phy
    36 -9.224819 2.371544 42.644282 -0.274705 -0.774192 0.570231 0 0
    36 -11.377439 0.643492 40.916506 0.046000 -0.998343 0.034579 0 0
    36 -12.472813 1.678783 40.388211 0.320062 -0.478940 0.817421 0 0
  phy
    36 -15.473561 -1.030375 38.743333 0.409886 -0.869050 -0.277029 0 0
    36 -16.938617 0.383968 39.511172 0.365832 0.541617 0.756847 0 0
    36 -12.472813 1.678783 40.388211 0.320062 -0.478940 0.817421 0 0
  phy
    36 -12.472813 1.678783 40.388211 0.320062 -0.478940 0.817421 0 0
    36 -10.355803 3.051792 43.782852 0.131617 0.190861 0.972753 0 0
    36 -9.224819 2.371544 42.644282 -0.274705 -0.774192 0.570231 0 0
  phy
    36 -12.472813 1.678783 40.388211 0.320062 -0.478940 0.817421 0 0
    36 -16.938617 0.383968 39.511172 0.365832 0.541617 0.756847 0 0
    36 -10.355803 3.051792 43.782852 0.131617 0.190861 0.972753 0 0
  phy
    36 -15.473561 -1.030375 38.743333 0.409886 -0.869050 -0.277029 0 0
    36 -11.706321 -0.550580 42.055218 -0.147527 -0.312983 -0.938231 0 0
    36 -16.600462 -1.483746 40.042279 0.028388 0.835398 -0.548912 0 0
  phy
    36 -16.600462 -1.483746 40.042279 0.028388 0.835398 -0.548912 0 0
    36 -16.938617 0.383968 39.511172 0.365832 0.541617 0.756847 0 0
    36 -15.473561 -1.030375 38.743333 0.409886 -0.869050 -0.277029 0 0
  phy
    36 -10.661375 2.504861 44.799229 -0.248804 0.950947 0.183840 0 0
    36 -9.224819 2.371544 42.644282 -0.274705 -0.774192 0.570231 0 0
    36 -10.355803 3.051792 43.782852 0.131617 0.190861 0.972753 0 0
  phy
    36 -16.600462 -1.483746 40.042279 0.028388 0.835398 -0.548912 0 0
    36 -10.661375 2.504861 44.799229 -0.248804 0.950947 0.183840 0 0
    36 -16.938617 0.383968 39.511172 0.365832 0.541617 0.756847 0 0
  phy
    36 -10.661375 2.504861 44.799229 -0.248804 0.950947 0.183840 0 0
    36 -16.600462 -1.483746 40.042279 0.028388 0.835398 -0.548912 0 0
    36 -10.328806 0.866721 45.018234 -0.382634 0.670952 -0.635149 0 0
  phy
    36 -10.355803 3.051792 43.782852 0.131617 0.190861 0.972753 0 0
    36 -16.938617 0.383968 39.511172 0.365832 0.541617 0.756847 0 0
    36 -10.661375 2.504861 44.799229 -0.248804 0.950947 0.183840 0 0
  phy
    37 -21.134100 -0.815743 36.474653 0.553503 -0.459936 0.694329 0 0
    37 -17.863832 0.855712 36.149538 0.411075 -0.905759 0.103045 0 0
    37 -20.574275 -0.854391 35.068320 0.568080 -0.811259 0.138361 0 0
  phy
    37 -20.574275 -0.854391 35.068320 0.568080 -0.811259 0.138361 0 0
    37 -21.429691 -1.505926 34.659318 0.975499 -0.198688 0.094468 0 0
    37 -21.134100 -0.815743 36.474653 0.553503 -0.459936 0.694329 0 0
  phy
    37 -20.574275 -0.854391 35.068320 0.568080 -0.811259 0.138361 0 0
    37 -17.863832 0.855712 36.149538 0.411075 -0.905759 0.103045 0 0
    37 -19.453405 -0.823108 33.825595 0.652938 -0.531693 -0.539420 0 0
  phy
    37 -19.453405 -0.823108 33.825595 0.652938 -0.531693 -0.539420 0 0
    37 -21.429691 -1.505926 34.659318 0.975499 -0.198688 0.094468 0 0
    37 -20.574275 -0.854391 35.068320 0.568080 -0.811259 0.138361 0 0
  phy
    37 -18.746274 -2.540869 34.124482 -0.013330 0.606126 -0.795257 0 0
    37 -16.808916 -1.462359 36.424068 -0.536230 0.773429 -0.338031 0 0
    37 -21.233936 -3.290379 34.894510 0.114008 0.993369 0.014875 0 0
  phy
    37 -16.808916 -1.462359 36.424068 -0.536230 0.773429 -0.338031 0 0
    37 -20.103673 -1.853263 38.637274 -0.355631 0.759552 0.544617 0 0
    37 -21.233936 -3.290379 34.894510 0.114008 0.993369 0.014875 0 0
  phy
    37 -20.103673 -1.853263 38.637274 -0.355631 0.759552 0.544617 0 0
    37 -16.808916 -1.462359 36.424068 -0.536230 0.773429 -0.338031 0 0
    37 -16.186830 -0.278670 38.386391 -0.881264 0.463475 0.092549 0 0
  phy
    37 -16.808916 -1.462359 36.424068 -0.536230 0.773429 -0.338031 0 0
    37 -15.526910 0.938366 36.460636 -0.324902 -0.758483 -0.564927 0 0
    37 -16.186830 -0.278670 38.386391 -0.881264 0.463475 0.092549 0 0
  phy
    37 -15.526910 0.938366 36.460636 -0.324902 -0.758483 -0.564927 0 0
    37 -16.808916 -1.462359 36.424068 -0.536230 0.773429 -0.338031 0 0
    37 -17.309423 -0.584072 34.384166 -0.120329 0.010658 -0.992677 0 0
  phy
    37 -16.808916 -1.462359 36.424068 -0.536230 0.773429 -0.338031 0 0
    37 -18.746274 -2.540869 34.124482 -0.013330 0.606126 -0.795257 0 0
    37 -17.309423 -0.584072 34.384166 -0.120329 0.010658 -0.992677 0 0
  phy
    37 -15.526910 0.938366 36.460636 -0.324902 -0.758483 -0.564927 0 0
    37 -17.863832 0.855712 36.149538 0.411075 -0.905759 0.103045 0 0
    37 -17.910307 1.046621 39.429921 -0.080602 -0.712954 0.696563 0 0
  phy
    37 -15.526910 0.938366 36.460636 -0.324902 -0.758483 -0.564927 0 0
    37 -17.910307 1.046621 39.429921 -0.080602 -0.712954 0.696563 0 0
    37 -16.186830 -0.278670 38.386391 -0.881264 0.463475 0.092549 0 0
  phy
    37 -17.910307 1.046621 39.429921 -0.080602 -0.712954 0.696563 0 0
    37 -20.103673 -1.853263 38.637274 -0.355631 0.759552 0.544617 0 0
    37 -16.186830 -0.278670 38.386391 -0.881264 0.463475 0.092549 0 0
  phy
    37 -17.910307 1.046621 39.429921 -0.080602 -0.712954 0.696563 0 0
    37 -17.863832 0.855712 36.149538 0.411075 -0.905759 0.103045 0 0
    37 -21.134100 -0.815743 36.474653 0.553503 -0.459936 0.694329 0 0
  phy
    37 -21.134100 -0.815743 36.474653 0.553503 -0.459936 0.694329 0 0
    37 -20.103673 -1.853263 38.637274 -0.355631 0.759552 0.544617 0 0
    37 -17.910307 1.046621 39.429921 -0.080602 -0.712954 0.696563 0 0
  phy
    37 -18.746274 -2.540869 34.124482 -0.013330 0.606126 -0.795257 0 0
    37 -21.233936 -3.290379 34.894510 0.114008 0.993369 0.014875 0 0
    37 -19.453405 -0.823108 33.825595 0.652938 -0.531693 -0.539420 0 0
  phy
    37 -21.233936 -3.290379 34.894510 0.114008 0.993369 0.014875 0 0
    37 -21.429691 -1.505926 34.659318 0.975499 -0.198688 0.094468 0 0
    37 -19.453405 -0.823108 33.825595 0.652938 -0.531693 -0.539420 0 0
  phy
    37 -19.453405 -0.823108 33.825595 0.652938 -0.531693 -0.539420 0 0
    37 -17.863832 0.855712 36.149538 0.411075 -0.905759 0.103045 0 0
    37 -15.526910 0.938366 36.460636 -0.324902 -0.758483 -0.564927 0 0
  phy
    37 -15.526910 0.938366 36.460636 -0.324902 -0.758483 -0.564927 0 0
    37 -17.309423 -0.584072 34.384166 -0.120329 0.010658 -0.992677 0 0
    37 -19.453405 -0.823108 33.825595 0.652938 -0.531693 -0.539420 0 0
  phy
    37 -18.746274 -2.540869 34.124482 -0.013330 0.606126 -0.795257 0 0
    37 -19.453405 -0.823108 33.825595 0.652938 -0.531693 -0.539420 0 0
    37 -17.309423 -0.584072 34.384166 -0.120329 0.010658 -0.992677 0 0
  phy
    37 -21.134100 -0.815743 36.474653 0.553503 -0.459936 0.694329 0 0
    37 -21.233936 -3.290379 34.894510 0.114008 0.993369 0.014875 0 0
    37 -20.103673 -1.853263 38.637274 -0.355631 0.759552 0.544617 0 0
  phy
    37 -21.134100 -0.815743 36.474653 0.553503 -0.459936 0.694329 0 0
    37 -21.429691 -1.505926 34.659318 0.975499 -0.198688 0.094468 0 0
    37 -21.233936 -3.290379 34.894510 0.114008 0.993369 0.014875 0 0
  phy
    5 -5.257998 -1.759791 31.448807 -0.086765 0.506821 -0.857674 0 0
    5 -6.269153 -0.827204 31.552366 -0.022662 0.799753 -0.599901 0 0
    5 -5.283901 -1.810735 30.887122 -0.040034 0.307769 -0.950619 0 0
  phy
    5 -5.283901 -1.810735 30.887122 -0.040034 0.307769 -0.950619 0 0
    5 -6.269153 -0.827204 31.552366 -0.022662 0.799753 -0.599901 0 0
    5 -5.330501 -1.856161 30.225210 -0.018245 0.289881 -0.956889 0 0
  phy
    5 -5.283901 -1.810735 30.887122 -0.040034 0.307769 -0.950619 0 0
    5 -5.330501 -1.856161 30.225210 -0.018245 0.289881 -0.956889 0 0
    5 -3.230471 -2.036764 32.162269 -0.018564 -0.036494 -0.999161 0 0
  phy
    5 -3.230471 -2.036764 32.162269 -0.018564 -0.036494 -0.999161 0 0
    5 -5.330501 -1.856161 30.225210 -0.018245 0.289881 -0.956889 0 0
    5 -3.474073 -2.334081 27.952737 0.012842 -0.025340 -0.999596 0 0
  phy
    5 -5.283901 -1.810735 30.887122 -0.040034 0.307769 -0.950619 0 0
    5 -3.230471 -2.036764 32.162269 -0.018564 -0.036494 -0.999161 0 0
    5 -3.476667 -1.896445 33.157665 -0.594241 -0.277848 -0.754770 0 0
  phy
    5 -5.257998 -1.759791 31.448807 -0.086765 0.506821 -0.857674 0 0
    5 -5.283901 -1.810735 30.887122 -0.040034 0.307769 -0.950619 0 0
    5 -3.476667 -1.896445 33.157665 -0.594241 -0.277848 -0.754770 0 0
  phy
    5 -5.717995 1.556610 31.695399 0.039870 0.725799 0.686751 0 0
    5 -5.619831 1.819554 34.199018 -0.769399 0.046725 0.637057 0 0
    5 -4.729382 2.109462 31.475981 0.040213 0.430987 0.901462 0 0
  phy
    5 -5.619831 1.819554 34.199018 -0.769399 0.046725 0.637057 0 0
    5 -3.725907 2.613547 32.564222 0.033564 0.148070 0.988407 0 0
    5 -4.729382 2.109462 31.475981 0.040213 0.430987 0.901462 0 0
  phy
    5 -4.729382 2.109462 31.475981 0.040213 0.430987 0.901462 0 0
    5 -4.662915 1.494941 27.517134 0.090059 0.401670 0.911346 0 0
    5 -5.717995 1.556610 31.695399 0.039870 0.725799 0.686751 0 0
  phy
    5 -4.729382 2.109462 31.475981 0.040213 0.430987 0.901462 0 0
    5 -3.725907 2.613547 32.564222 0.033564 0.148070 0.988407 0 0
    5 -4.662915 1.494941 27.517134 0.090059 0.401670 0.911346 0 0
  phy
    5 -2.211868 0.502808 21.075035 0.242342 -0.586242 0.773040 0 0
    5 -3.128906 0.917056 20.886033 0.220077 0.006941 0.975458 0 0
    5 -2.630151 2.399764 31.971908 -0.113337 -0.504276 0.856072 0 0
  phy
    5 -2.630151 2.399764 31.971908 -0.113337 -0.504276 0.856072 0 0
    5 -3.128906 0.917056 20.886033 0.220077 0.006941 0.975458 0 0
    5 -3.725907 2.613547 32.564222 0.033564 0.148070 0.988407 0 0
  phy
    5 -2.630151 2.399764 31.971908 -0.113337 -0.504276 0.856072 0 0
    5 -1.051426 1.153879 31.163228 0.067797 -0.708547 0.702399 0 0
    5 -2.211868 0.502808 21.075035 0.242342 -0.586242 0.773040 0 0
  phy
    5 -2.630151 2.399764 31.971908 -0.113337 -0.504276 0.856072 0 0
    5 -0.686428 0.421949 31.186001 -0.522272 -0.816710 0.245391 0 0
    5 -1.051426 1.153879 31.163228 0.067797 -0.708547 0.702399 0 0
  phy
    5 -0.686428 0.421949 31.186001 -0.522272 -0.816710 0.245391 0 0
    5 -2.630151 2.399764 31.971908 -0.113337 -0.504276 0.856072 0 0
    5 -5.619831 1.819554 34.199018 -0.769399 0.046725 0.637057 0 0
  phy
    5 -5.619831 1.819554 34.199018 -0.769399 0.046725 0.637057 0 0
    5 -2.630151 2.399764 31.971908 -0.113337 -0.504276 0.856072 0 0
    5 -3.725907 2.613547 32.564222 0.033564 0.148070 0.988407 0 0
  phy
    5 -3.474073 -2.334081 27.952737 0.012842 -0.025340 -0.999596 0 0
    5 -3.635042 -2.401494 25.493337 0.070538 -0.018467 -0.997338 0 0
    5 -1.554113 -1.552294 31.769999 0.037656 -0.468452 -0.882686 0 0
  phy
    5 -1.554113 -1.552294 31.769999 0.037656 -0.468452 -0.882686 0 0
    5 -3.635042 -2.401494 25.493337 0.070538 -0.018467 -0.997338 0 0
    5 -3.407328 -2.312314 21.886993 0.259299 -0.432170 -0.863709 0 0
  phy
    5 -4.913041 -1.993794 21.660877 0.465632 0.556837 -0.687836 0 0
    5 -3.635042 -2.401494 25.493337 0.070538 -0.018467 -0.997338 0 0
    5 -5.450182 -1.971628 27.883982 0.056580 0.570860 -0.819096 0 0
  phy
    5 -3.635042 -2.401494 25.493337 0.070538 -0.018467 -0.997338 0 0
    5 -4.913041 -1.993794 21.660877 0.465632 0.556837 -0.687836 0 0
    5 -3.407328 -2.312314 21.886993 0.259299 -0.432170 -0.863709 0 0
  phy
    5 -3.635042 -2.401494 25.493337 0.070538 -0.018467 -0.997338 0 0
    5 -3.474073 -2.334081 27.952737 0.012842 -0.025340 -0.999596 0 0
    5 -5.450182 -1.971628 27.883982 0.056580 0.570860 -0.819096 0 0
  phy
    5 -3.230471 -2.036764 32.162269 -0.018564 -0.036494 -0.999161 0 0
    5 -3.474073 -2.334081 27.952737 0.012842 -0.025340 -0.999596 0 0
    5 -1.554113 -1.552294 31.769999 0.037656 -0.468452 -0.882686 0 0
  phy
    5 -3.230471 -2.036764 32.162269 -0.018564 -0.036494 -0.999161 0 0
    5 -1.554113 -1.552294 31.769999 0.037656 -0.468452 -0.882686 0 0
    5 -3.476667 -1.896445 33.157665 -0.594241 -0.277848 -0.754770 0 0
  phy
    5 -5.090062 -1.514645 33.486424 -0.211310 0.320340 -0.923434 0 0
    5 -5.257998 -1.759791 31.448807 -0.086765 0.506821 -0.857674 0 0
    5 -3.476667 -1.896445 33.157665 -0.594241 -0.277848 -0.754770 0 0
  phy
    5 -6.269153 -0.827204 31.552366 -0.022662 0.799753 -0.599901 0 0
    5 -5.257998 -1.759791 31.448807 -0.086765 0.506821 -0.857674 0 0
    5 -5.968096 -0.512915 34.850739 -0.772604 0.166954 -0.612543 0 0
  phy
    5 -5.257998 -1.759791 31.448807 -0.086765 0.506821 -0.857674 0 0
    5 -5.090062 -1.514645 33.486424 -0.211310 0.320340 -0.923434 0 0
    5 -5.968096 -0.512915 34.850739 -0.772604 0.166954 -0.612543 0 0
  phy
    5 -3.474073 -2.334081 27.952737 0.012842 -0.025340 -0.999596 0 0
    5 -5.330501 -1.856161 30.225210 -0.018245 0.289881 -0.956889 0 0
    5 -5.450182 -1.971628 27.883982 0.056580 0.570860 -0.819096 0 0
  phy
    5 -5.330501 -1.856161 30.225210 -0.018245 0.289881 -0.956889 0 0
    5 -6.269153 -0.827204 31.552366 -0.022662 0.799753 -0.599901 0 0
    5 -5.450182 -1.971628 27.883982 0.056580 0.570860 -0.819096 0 0
  phy
    5 -5.619831 1.819554 34.199018 -0.769399 0.046725 0.637057 0 0
    5 -5.717995 1.556610 31.695399 0.039870 0.725799 0.686751 0 0
    5 -6.602263 -0.126977 31.645506 -0.003068 0.969777 0.243973 0 0
  phy
    5 -5.717995 1.556610 31.695399 0.039870 0.725799 0.686751 0 0
    5 -5.666831 0.895420 27.632034 0.098098 0.772748 0.627086 0 0
    5 -6.602263 -0.126977 31.645506 -0.003068 0.969777 0.243973 0 0
  phy
    5 -4.662915 1.494941 27.517134 0.090059 0.401670 0.911346 0 0
    5 -5.666831 0.895420 27.632034 0.098098 0.772748 0.627086 0 0
    5 -5.717995 1.556610 31.695399 0.039870 0.725799 0.686751 0 0
  phy
    5 -5.968096 -0.512915 34.850739 -0.772604 0.166954 -0.612543 0 0
    5 -6.378408 0.173393 33.757497 -0.129237 0.977368 0.167481 0 0
    5 -6.602263 -0.126977 31.645506 -0.003068 0.969777 0.243973 0 0
  phy
    5 -6.378408 0.173393 33.757497 -0.129237 0.977368 0.167481 0 0
    5 -5.968096 -0.512915 34.850739 -0.772604 0.166954 -0.612543 0 0
    5 -6.174911 0.320299 34.966825 -0.877826 -0.466485 0.108691 0 0
  phy
    5 -6.378408 0.173393 33.757497 -0.129237 0.977368 0.167481 0 0
    5 -5.619831 1.819554 34.199018 -0.769399 0.046725 0.637057 0 0
    5 -6.602263 -0.126977 31.645506 -0.003068 0.969777 0.243973 0 0
  phy
    5 -5.619831 1.819554 34.199018 -0.769399 0.046725 0.637057 0 0
    5 -6.378408 0.173393 33.757497 -0.129237 0.977368 0.167481 0 0
    5 -6.174911 0.320299 34.966825 -0.877826 -0.466485 0.108691 0 0
  phy
    5 -2.211868 0.502808 21.075035 0.242342 -0.586242 0.773040 0 0
    5 -1.761958 -0.042536 21.273636 0.299354 -0.939112 -0.168690 0 0
    5 -4.913041 -1.993794 21.660877 0.465632 0.556837 -0.687836 0 0
  phy
    5 -4.913041 -1.993794 21.660877 0.465632 0.556837 -0.687836 0 0
    5 -3.128906 0.917056 20.886033 0.220077 0.006941 0.975458 0 0
    5 -2.211868 0.502808 21.075035 0.242342 -0.586242 0.773040 0 0
  phy
    5 -1.051426 1.153879 31.163228 0.067797 -0.708547 0.702399 0 0
    5 -1.761958 -0.042536 21.273636 0.299354 -0.939112 -0.168690 0 0
    5 -2.211868 0.502808 21.075035 0.242342 -0.586242 0.773040 0 0
  phy
    5 -0.686428 0.421949 31.186001 -0.522272 -0.816710 0.245391 0 0
    5 -5.619831 1.819554 34.199018 -0.769399 0.046725 0.637057 0 0
    5 -6.174911 0.320299 34.966825 -0.877826 -0.466485 0.108691 0 0
  phy
    5 -0.594309 -0.296269 31.289767 -0.290566 -0.956552 -0.024069 0 0
    5 -0.686428 0.421949 31.186001 -0.522272 -0.816710 0.245391 0 0
    5 -6.174911 0.320299 34.966825 -0.877826 -0.466485 0.108691 0 0
  phy
    5 -0.686428 0.421949 31.186001 -0.522272 -0.816710 0.245391 0 0
    5 -1.761958 -0.042536 21.273636 0.299354 -0.939112 -0.168690 0 0
    5 -1.051426 1.153879 31.163228 0.067797 -0.708547 0.702399 0 0
  phy
    5 -0.686428 0.421949 31.186001 -0.522272 -0.816710 0.245391 0 0
    5 -0.594309 -0.296269 31.289767 -0.290566 -0.956552 -0.024069 0 0
    5 -1.761958 -0.042536 21.273636 0.299354 -0.939112 -0.168690 0 0
  phy
    5 -5.968096 -0.512915 34.850739 -0.772604 0.166954 -0.612543 0 0
    5 -0.769013 -0.866282 31.422453 -0.242300 -0.860873 -0.447425 0 0
    5 -6.174911 0.320299 34.966825 -0.877826 -0.466485 0.108691 0 0
  phy
    5 -0.769013 -0.866282 31.422453 -0.242300 -0.860873 -0.447425 0 0
    5 -0.594309 -0.296269 31.289767 -0.290566 -0.956552 -0.024069 0 0
    5 -6.174911 0.320299 34.966825 -0.877826 -0.466485 0.108691 0 0
  phy
    5 -0.769013 -0.866282 31.422453 -0.242300 -0.860873 -0.447425 0 0
    5 -5.968096 -0.512915 34.850739 -0.772604 0.166954 -0.612543 0 0
    5 -3.476667 -1.896445 33.157665 -0.594241 -0.277848 -0.754770 0 0
  phy
    5 -2.356952 -1.703065 24.406009 0.162509 -0.747956 -0.643547 0 0
    5 -1.761958 -0.042536 21.273636 0.299354 -0.939112 -0.168690 0 0
    5 -0.769013 -0.866282 31.422453 -0.242300 -0.860873 -0.447425 0 0
  phy
    5 -1.761958 -0.042536 21.273636 0.299354 -0.939112 -0.168690 0 0
    5 -0.594309 -0.296269 31.289767 -0.290566 -0.956552 -0.024069 0 0
    5 -0.769013 -0.866282 31.422453 -0.242300 -0.860873 -0.447425 0 0
  phy
    5 -1.554113 -1.552294 31.769999 0.037656 -0.468452 -0.882686 0 0
    5 -0.769013 -0.866282 31.422453 -0.242300 -0.860873 -0.447425 0 0
    5 -3.476667 -1.896445 33.157665 -0.594241 -0.277848 -0.754770 0 0
  phy
    5 -2.356952 -1.703065 24.406009 0.162509 -0.747956 -0.643547 0 0
    5 -0.769013 -0.866282 31.422453 -0.242300 -0.860873 -0.447425 0 0
    5 -1.554113 -1.552294 31.769999 0.037656 -0.468452 -0.882686 0 0
  phy
    5 -6.295451 -0.523745 27.840489 0.100922 0.983667 -0.149045 0 0
    5 -6.269153 -0.827204 31.552366 -0.022662 0.799753 -0.599901 0 0
    5 -6.602263 -0.126977 31.645506 -0.003068 0.969777 0.243973 0 0
  phy
    5 -6.269153 -0.827204 31.552366 -0.022662 0.799753 -0.599901 0 0
    5 -6.295451 -0.523745 27.840489 0.100922 0.983667 -0.149045 0 0
    5 -5.450182 -1.971628 27.883982 0.056580 0.570860 -0.819096 0 0
  phy
    5 -6.269153 -0.827204 31.552366 -0.022662 0.799753 -0.599901 0 0
    5 -5.968096 -0.512915 34.850739 -0.772604 0.166954 -0.612543 0 0
    5 -6.602263 -0.126977 31.645506 -0.003068 0.969777 0.243973 0 0
  phy
    5 -5.968096 -0.512915 34.850739 -0.772604 0.166954 -0.612543 0 0
    5 -5.090062 -1.514645 33.486424 -0.211310 0.320340 -0.923434 0 0
    5 -3.476667 -1.896445 33.157665 -0.594241 -0.277848 -0.754770 0 0
  phy
    5 -4.012576 0.591403 20.975683 0.293908 0.551438 0.780727 0 0
    5 -5.666831 0.895420 27.632034 0.098098 0.772748 0.627086 0 0
    5 -4.662915 1.494941 27.517134 0.090059 0.401670 0.911346 0 0
  phy
    5 -4.662915 1.494941 27.517134 0.090059 0.401670 0.911346 0 0
    5 -3.128906 0.917056 20.886033 0.220077 0.006941 0.975458 0 0
    5 -4.012576 0.591403 20.975683 0.293908 0.551438 0.780727 0 0
  phy
    5 -4.913041 -1.993794 21.660877 0.465632 0.556837 -0.687836 0 0
    5 -5.339295 -0.539693 21.296832 0.224030 0.924154 0.309436 0 0
    5 -4.012576 0.591403 20.975683 0.293908 0.551438 0.780727 0 0
  phy
    5 -4.012576 0.591403 20.975683 0.293908 0.551438 0.780727 0 0
    5 -3.128906 0.917056 20.886033 0.220077 0.006941 0.975458 0 0
    5 -4.913041 -1.993794 21.660877 0.465632 0.556837 -0.687836 0 0
  phy
    5 -4.012576 0.591403 20.975683 0.293908 0.551438 0.780727 0 0
    5 -5.339295 -0.539693 21.296832 0.224030 0.924154 0.309436 0 0
    5 -5.666831 0.895420 27.632034 0.098098 0.772748 0.627086 0 0
  phy
    5 -3.725907 2.613547 32.564222 0.033564 0.148070 0.988407 0 0
    5 -3.128906 0.917056 20.886033 0.220077 0.006941 0.975458 0 0
    5 -4.662915 1.494941 27.517134 0.090059 0.401670 0.911346 0 0
  phy
    5 -6.295451 -0.523745 27.840489 0.100922 0.983667 -0.149045 0 0
    5 -4.913041 -1.993794 21.660877 0.465632 0.556837 -0.687836 0 0
    5 -5.450182 -1.971628 27.883982 0.056580 0.570860 -0.819096 0 0
  phy
    5 -5.666831 0.895420 27.632034 0.098098 0.772748 0.627086 0 0
    5 -6.295451 -0.523745 27.840489 0.100922 0.983667 -0.149045 0 0
    5 -6.602263 -0.126977 31.645506 -0.003068 0.969777 0.243973 0 0
  phy
    5 -6.295451 -0.523745 27.840489 0.100922 0.983667 -0.149045 0 0
    5 -5.666831 0.895420 27.632034 0.098098 0.772748 0.627086 0 0
    5 -5.339295 -0.539693 21.296832 0.224030 0.924154 0.309436 0 0
  phy
    5 -4.913041 -1.993794 21.660877 0.465632 0.556837 -0.687836 0 0
    5 -6.295451 -0.523745 27.840489 0.100922 0.983667 -0.149045 0 0
    5 -5.339295 -0.539693 21.296832 0.224030 0.924154 0.309436 0 0
  phy
    5 -2.356952 -1.703065 24.406009 0.162509 -0.747956 -0.643547 0 0
    5 -1.554113 -1.552294 31.769999 0.037656 -0.468452 -0.882686 0 0
    5 -3.407328 -2.312314 21.886993 0.259299 -0.432170 -0.863709 0 0
  phy
    5 -2.356952 -1.703065 24.406009 0.162509 -0.747956 -0.643547 0 0
    5 -3.407328 -2.312314 21.886993 0.259299 -0.432170 -0.863709 0 0
    5 -1.761958 -0.042536 21.273636 0.299354 -0.939112 -0.168690 0 0
  phy
    5 -1.761958 -0.042536 21.273636 0.299354 -0.939112 -0.168690 0 0
    5 -3.407328 -2.312314 21.886993 0.259299 -0.432170 -0.863709 0 0
    5 -4.913041 -1.993794 21.660877 0.465632 0.556837 -0.687836 0 0
  phy
    6 -3.473313 2.665579 18.441989 -0.302897 -0.176641 0.936510 0 0
    6 -2.144461 1.971974 18.852520 -0.572112 -0.579361 0.580542 0 0
    6 -2.140089 2.805133 16.897946 0.034708 -0.541240 0.840152 0 0
  phy
    6 -4.590947 2.235296 19.502618 -0.771023 0.141383 0.620914 0 0
    6 -2.144461 1.971974 18.852520 -0.572112 -0.579361 0.580542 0 0
    6 -3.473313 2.665579 18.441989 -0.302897 -0.176641 0.936510 0 0
  phy
    6 -2.140089 2.805133 16.897946 0.034708 -0.541240 0.840152 0 0
    6 -3.859969 3.107361 16.962296 -0.098226 0.064032 0.993102 0 0
    6 -3.473313 2.665579 18.441989 -0.302897 -0.176641 0.936510 0 0
  phy
    6 -3.859969 3.107361 16.962296 -0.098226 0.064032 0.993102 0 0
    6 -4.590947 2.235296 19.502618 -0.771023 0.141383 0.620914 0 0
    6 -3.473313 2.665579 18.441989 -0.302897 -0.176641 0.936510 0 0
  phy
    6 -5.623089 0.857575 19.207762 -0.438251 0.869782 0.226751 0 0
    6 -6.264686 1.325631 16.867100 -0.094794 0.995480 -0.005758 0 0
    6 -4.810973 -1.526727 20.457680 -0.214009 0.655352 -0.724372 0 0
  phy
    6 -6.264686 1.325631 16.867100 -0.094794 0.995480 -0.005758 0 0
    6 -6.168013 0.683135 15.788831 -0.004009 0.911083 -0.412203 0 0
    6 -4.810973 -1.526727 20.457680 -0.214009 0.655352 -0.724372 0 0
  phy
    6 -6.264686 1.325631 16.867100 -0.094794 0.995480 -0.005758 0 0
    6 -5.871206 2.763353 14.221168 0.146561 0.674667 0.723425 0 0
    6 -6.133352 1.505291 14.164142 0.126690 0.984893 0.118052 0 0
  phy
    6 -5.871206 2.763353 14.221168 0.146561 0.674667 0.723425 0 0
    6 -6.264686 1.325631 16.867100 -0.094794 0.995480 -0.005758 0 0
    6 -5.833445 2.667492 16.960393 -0.131448 0.574193 0.808099 0 0
  phy
    6 -6.264686 1.325631 16.867100 -0.094794 0.995480 -0.005758 0 0
    6 -5.623089 0.857575 19.207762 -0.438251 0.869782 0.226751 0 0
    6 -5.833445 2.667492 16.960393 -0.131448 0.574193 0.808099 0 0
  phy
    6 -6.264686 1.325631 16.867100 -0.094794 0.995480 -0.005758 0 0
    6 -6.133352 1.505291 14.164142 0.126690 0.984893 0.118052 0 0
    6 -6.168013 0.683135 15.788831 -0.004009 0.911083 -0.412203 0 0
  phy
    6 -1.159495 1.536087 16.787241 -0.022504 -0.986461 0.162444 0 0
    6 -2.269234 2.162452 5.809726 0.367980 -0.597124 0.712765 0 0
    6 -2.140089 2.805133 16.897946 0.034708 -0.541240 0.840152 0 0
  phy
    6 -2.140089 2.805133 16.897946 0.034708 -0.541240 0.840152 0 0
    6 -2.269234 2.162452 5.809726 0.367980 -0.597124 0.712765 0 0
    6 -3.871048 3.366100 14.241055 0.145221 -0.023313 0.989125 0 0
  phy
    6 -2.140089 2.805133 16.897946 0.034708 -0.541240 0.840152 0 0
    6 -3.871048 3.366100 14.241055 0.145221 -0.023313 0.989125 0 0
    6 -3.859969 3.107361 16.962296 -0.098226 0.064032 0.993102 0 0
  phy
    6 -2.140089 2.805133 16.897946 0.034708 -0.541240 0.840152 0 0
    6 -2.144461 1.971974 18.852520 -0.572112 -0.579361 0.580542 0 0
    6 -1.159495 1.536087 16.787241 -0.022504 -0.986461 0.162444 0 0
  phy
    6 -1.838147 -1.094307 20.232822 -0.395349 -0.881440 -0.258384 0 0
    6 -3.123303 -2.048220 20.270089 -0.052088 -0.220547 -0.973985 0 0
    6 -1.560367 -0.267488 5.773313 0.048553 -0.856113 -0.514502 0 0
  phy
    6 -3.123303 -2.048220 20.270089 -0.052088 -0.220547 -0.973985 0 0
    6 -3.777765 -1.005229 5.703411 0.141511 0.103096 -0.984554 0 0
    6 -1.560367 -0.267488 5.773313 0.048553 -0.856113 -0.514502 0 0
  phy
    6 -3.123303 -2.048220 20.270089 -0.052088 -0.220547 -0.973985 0 0
    6 -1.838147 -1.094307 20.232822 -0.395349 -0.881440 -0.258384 0 0
    6 -4.810973 -1.526727 20.457680 -0.214009 0.655352 -0.724372 0 0
  phy
    6 -3.777765 -1.005229 5.703411 0.141511 0.103096 -0.984554 0 0
    6 -3.123303 -2.048220 20.270089 -0.052088 -0.220547 -0.973985 0 0
    6 -4.810973 -1.526727 20.457680 -0.214009 0.655352 -0.724372 0 0
  phy
    6 -3.871048 3.366100 14.241055 0.145221 -0.023313 0.989125 0 0
    6 -5.833445 2.667492 16.960393 -0.131448 0.574193 0.808099 0 0
    6 -3.859969 3.107361 16.962296 -0.098226 0.064032 0.993102 0 0
  phy
    6 -3.859969 3.107361 16.962296 -0.098226 0.064032 0.993102 0 0
    6 -5.833445 2.667492 16.960393 -0.131448 0.574193 0.808099 0 0
    6 -4.590947 2.235296 19.502618 -0.771023 0.141383 0.620914 0 0
  phy
    6 -6.133352 1.505291 14.164142 0.126690 0.984893 0.118052 0 0
    6 -5.871206 2.763353 14.221168 0.146561 0.674667 0.723425 0 0
    6 -5.071526 2.266967 5.897835 0.326817 0.576398 0.748970 0 0
  phy
    6 -3.871048 3.366100 14.241055 0.145221 -0.023313 0.989125 0 0
    6 -5.071526 2.266967 5.897835 0.326817 0.576398 0.748970 0 0
    6 -5.871206 2.763353 14.221168 0.146561 0.674667 0.723425 0 0
  phy
    6 -5.871206 2.763353 14.221168 0.146561 0.674667 0.723425 0 0
    6 -5.833445 2.667492 16.960393 -0.131448 0.574193 0.808099 0 0
    6 -3.871048 3.366100 14.241055 0.145221 -0.023313 0.989125 0 0
  phy
    6 -6.133352 1.505291 14.164142 0.126690 0.984893 0.118052 0 0
    6 -5.071526 2.266967 5.897835 0.326817 0.576398 0.748970 0 0
    6 -5.519534 -0.167166 5.761534 0.210950 0.842577 -0.495544 0 0
  phy
    6 -6.168013 0.683135 15.788831 -0.004009 0.911083 -0.412203 0 0
    6 -6.133352 1.505291 14.164142 0.126690 0.984893 0.118052 0 0
    6 -5.519534 -0.167166 5.761534 0.210950 0.842577 -0.495544 0 0
  phy
    6 -5.623089 0.857575 19.207762 -0.438251 0.869782 0.226751 0 0
    6 -4.590947 2.235296 19.502618 -0.771023 0.141383 0.620914 0 0
    6 -5.833445 2.667492 16.960393 -0.131448 0.574193 0.808099 0 0
  phy
    6 -4.590947 2.235296 19.502618 -0.771023 0.141383 0.620914 0 0
    6 -5.623089 0.857575 19.207762 -0.438251 0.869782 0.226751 0 0
    6 -4.810973 -1.526727 20.457680 -0.214009 0.655352 -0.724372 0 0
  phy
    6 -1.838147 -1.094307 20.232822 -0.395349 -0.881440 -0.258384 0 0
    6 -1.560367 -0.267488 5.773313 0.048553 -0.856113 -0.514502 0 0
    6 -1.159495 1.536087 16.787241 -0.022504 -0.986461 0.162444 0 0
  phy
    6 -1.159495 1.536087 16.787241 -0.022504 -0.986461 0.162444 0 0
    6 -2.144461 1.971974 18.852520 -0.572112 -0.579361 0.580542 0 0
    6 -1.838147 -1.094307 20.232822 -0.395349 -0.881440 -0.258384 0 0
  phy
    6 -1.560367 -0.267488 5.773313 0.048553 -0.856113 -0.514502 0 0
    6 -2.269234 2.162452 5.809726 0.367980 -0.597124 0.712765 0 0
    6 -1.159495 1.536087 16.787241 -0.022504 -0.986461 0.162444 0 0
  phy
    6 -4.590947 2.235296 19.502618 -0.771023 0.141383 0.620914 0 0
    6 -1.838147 -1.094307 20.232822 -0.395349 -0.881440 -0.258384 0 0
    6 -2.144461 1.971974 18.852520 -0.572112 -0.579361 0.580542 0 0
  phy
    6 -1.838147 -1.094307 20.232822 -0.395349 -0.881440 -0.258384 0 0
    6 -4.590947 2.235296 19.502618 -0.771023 0.141383 0.620914 0 0
    6 -4.810973 -1.526727 20.457680 -0.214009 0.655352 -0.724372 0 0
  phy
    6 -5.519534 -0.167166 5.761534 0.210950 0.842577 -0.495544 0 0
    6 -3.777765 -1.005229 5.703411 0.141511 0.103096 -0.984554 0 0
    6 -4.810973 -1.526727 20.457680 -0.214009 0.655352 -0.724372 0 0
  phy
    6 -3.777765 -1.005229 5.703411 0.141511 0.103096 -0.984554 0 0
    6 -2.269234 2.162452 5.809726 0.367980 -0.597124 0.712765 0 0
    6 -1.560367 -0.267488 5.773313 0.048553 -0.856113 -0.514502 0 0
  phy
    6 -5.519534 -0.167166 5.761534 0.210950 0.842577 -0.495544 0 0
    6 -2.269234 2.162452 5.809726 0.367980 -0.597124 0.712765 0 0
    6 -3.777765 -1.005229 5.703411 0.141511 0.103096 -0.984554 0 0
  phy
    6 -3.871048 3.366100 14.241055 0.145221 -0.023313 0.989125 0 0
    6 -2.269234 2.162452 5.809726 0.367980 -0.597124 0.712765 0 0
    6 -5.071526 2.266967 5.897835 0.326817 0.576398 0.748970 0 0
  phy
    6 -5.071526 2.266967 5.897835 0.326817 0.576398 0.748970 0 0
    6 -2.269234 2.162452 5.809726 0.367980 -0.597124 0.712765 0 0
    6 -5.519534 -0.167166 5.761534 0.210950 0.842577 -0.495544 0 0
  phy
    6 -6.168013 0.683135 15.788831 -0.004009 0.911083 -0.412203 0 0
    6 -5.519534 -0.167166 5.761534 0.210950 0.842577 -0.495544 0 0
    6 -4.810973 -1.526727 20.457680 -0.214009 0.655352 -0.724372 0 0
  phy
    7 -6.244817 -6.341958 0.789928 0.057070 0.705196 -0.706712 0 0
    7 -1.371810 -6.528160 -0.501865 0.510284 -0.582630 0.632576 0 0
    7 -1.339886 -6.950492 0.630405 -0.029228 -0.471771 -0.881237 0 0
  phy
    7 -6.244817 -6.341958 0.789928 0.057070 0.705196 -0.706712 0 0
    7 -6.434057 -5.869170 -0.421029 0.457803 0.480056 0.748307 0 0
    7 -1.371810 -6.528160 -0.501865 0.510284 -0.582630 0.632576 0 0
  phy
    7 -1.339886 -6.950492 0.630405 -0.029228 -0.471771 -0.881237 0 0
    7 -2.295473 3.301327 3.449246 -0.345083 -0.913859 0.213960 0 0
    7 -1.947980 -0.565808 4.561384 -0.232556 -0.616428 -0.752286 0 0
  phy
    7 -1.339886 -6.950492 0.630405 -0.029228 -0.471771 -0.881237 0 0
    7 -1.371810 -6.528160 -0.501865 0.510284 -0.582630 0.632576 0 0
    7 -2.295473 3.301327 3.449246 -0.345083 -0.913859 0.213960 0 0
  phy
    7 -1.339886 -6.950492 0.630405 -0.029228 -0.471771 -0.881237 0 0
    7 -1.947980 -0.565808 4.561384 -0.232556 -0.616428 -0.752286 0 0
    7 -5.227671 -0.574230 4.602967 -0.196249 0.148752 -0.969206 0 0
  phy
    7 -6.244817 -6.341958 0.789928 0.057070 0.705196 -0.706712 0 0
    7 -1.339886 -6.950492 0.630405 -0.029228 -0.471771 -0.881237 0 0
    7 -5.227671 -0.574230 4.602967 -0.196249 0.148752 -0.969206 0 0
  phy
    7 -5.383100 3.293393 3.488397 -0.296919 0.934661 0.195573 0 0
    7 -2.295473 3.301327 3.449246 -0.345083 -0.913859 0.213960 0 0
    7 -4.664702 3.334285 0.501400 -0.086173 0.633271 0.769118 0 0
  phy
    7 -2.295473 3.301327 3.449246 -0.345083 -0.913859 0.213960 0 0
    7 -5.383100 3.293393 3.488397 -0.296919 0.934661 0.195573 0 0
    7 -5.091852 2.321587 4.960183 -0.549054 0.783372 -0.291321 0 0
  phy
    7 -6.244817 -6.341958 0.789928 0.057070 0.705196 -0.706712 0 0
    7 -5.383100 3.293393 3.488397 -0.296919 0.934661 0.195573 0 0
    7 -6.434057 -5.869170 -0.421029 0.457803 0.480056 0.748307 0 0
  phy
    7 -5.383100 3.293393 3.488397 -0.296919 0.934661 0.195573 0 0
    7 -6.244817 -6.341958 0.789928 0.057070 0.705196 -0.706712 0 0
    7 -5.091852 2.321587 4.960183 -0.549054 0.783372 -0.291321 0 0
  phy
    7 -5.383100 3.293393 3.488397 -0.296919 0.934661 0.195573 0 0
    7 -4.664702 3.334285 0.501400 -0.086173 0.633271 0.769118 0 0
    7 -6.434057 -5.869170 -0.421029 0.457803 0.480056 0.748307 0 0
  phy
    7 -2.295473 3.301327 3.449246 -0.345083 -0.913859 0.213960 0 0
    7 -2.446867 2.328383 4.926647 -0.677663 -0.214029 -0.703537 0 0
    7 -1.947980 -0.565808 4.561384 -0.232556 -0.616428 -0.752286 0 0
  phy
    7 -5.227671 -0.574230 4.602967 -0.196249 0.148752 -0.969206 0 0
    7 -1.947980 -0.565808 4.561384 -0.232556 -0.616428 -0.752286 0 0
    7 -2.446867 2.328383 4.926647 -0.677663 -0.214029 -0.703537 0 0
  phy
    7 -6.244817 -6.341958 0.789928 0.057070 0.705196 -0.706712 0 0
    7 -5.227671 -0.574230 4.602967 -0.196249 0.148752 -0.969206 0 0
    7 -5.091852 2.321587 4.960183 -0.549054 0.783372 -0.291321 0 0
  phy
    7 -4.664702 3.334285 0.501400 -0.086173 0.633271 0.769118 0 0
    7 -2.295473 3.301327 3.449246 -0.345083 -0.913859 0.213960 0 0
    7 -2.813096 3.338999 0.481319 0.378787 -0.387195 0.840595 0 0
  phy
    7 -2.446867 2.328383 4.926647 -0.677663 -0.214029 -0.703537 0 0
    7 -2.295473 3.301327 3.449246 -0.345083 -0.913859 0.213960 0 0
    7 -5.091852 2.321587 4.960183 -0.549054 0.783372 -0.291321 0 0
  phy
    7 -2.295473 3.301327 3.449246 -0.345083 -0.913859 0.213960 0 0
    7 -1.371810 -6.528160 -0.501865 0.510284 -0.582630 0.632576 0 0
    7 -2.813096 3.338999 0.481319 0.378787 -0.387195 0.840595 0 0
  phy
    7 -2.813096 3.338999 0.481319 0.378787 -0.387195 0.840595 0 0
    7 -6.434057 -5.869170 -0.421029 0.457803 0.480056 0.748307 0 0
    7 -4.664702 3.334285 0.501400 -0.086173 0.633271 0.769118 0 0
  phy
    7 -5.227671 -0.574230 4.602967 -0.196249 0.148752 -0.969206 0 0
    7 -2.446867 2.328383 4.926647 -0.677663 -0.214029 -0.703537 0 0
    7 -5.091852 2.321587 4.960183 -0.549054 0.783372 -0.291321 0 0
  phy
    7 -2.813096 3.338999 0.481319 0.378787 -0.387195 0.840595 0 0
    7 -1.371810 -6.528160 -0.501865 0.510284 -0.582630 0.632576 0 0
    7 -6.434057 -5.869170 -0.421029 0.457803 0.480056 0.748307 0 0
  phy
    1 4.729388 2.109459 31.475990 0.040215 -0.430944 0.901482 0 0
    1 5.619835 1.819550 34.199026 -0.769398 -0.046696 0.637060 0 0
    1 5.718001 1.556607 31.695405 0.039871 -0.725767 0.686785 0 0
  phy
    1 4.729388 2.109459 31.475990 0.040215 -0.430944 0.901482 0 0
    1 3.725912 2.613545 32.564227 0.033565 -0.148024 0.988414 0 0
    1 5.619835 1.819550 34.199026 -0.769398 -0.046696 0.637060 0 0
  phy
    1 5.718001 1.556607 31.695405 0.039871 -0.725767 0.686785 0 0
    1 4.662925 1.494939 27.517142 0.090060 -0.401627 0.911364 0 0
    1 4.729388 2.109459 31.475990 0.040215 -0.430944 0.901482 0 0
  phy
    1 4.662925 1.494939 27.517142 0.090060 -0.401627 0.911364 0 0
    1 3.725912 2.613545 32.564227 0.033565 -0.148024 0.988414 0 0
    1 4.729388 2.109459 31.475990 0.040215 -0.430944 0.901482 0 0
  phy
    1 2.630156 2.399763 31.971913 -0.113336 0.504317 0.856049 0 0
    1 3.128924 0.917057 20.886040 0.220078 -0.006895 0.975458 0 0
    1 2.211883 0.502810 21.075039 0.242343 0.586278 0.773012 0 0
  phy
    1 3.725912 2.613545 32.564227 0.033565 -0.148024 0.988414 0 0
    1 3.128924 0.917057 20.886040 0.220078 -0.006895 0.975458 0 0
    1 2.630156 2.399763 31.971913 -0.113336 0.504317 0.856049 0 0
  phy
    1 2.211883 0.502810 21.075039 0.242343 0.586278 0.773012 0 0
    1 1.051433 1.153880 31.163231 0.067797 0.708580 0.702366 0 0
    1 2.630156 2.399763 31.971913 -0.113336 0.504317 0.856049 0 0
  phy
    1 0.686433 0.421950 31.186004 -0.522273 0.816721 0.245354 0 0
    1 2.630156 2.399763 31.971913 -0.113336 0.504317 0.856049 0 0
    1 1.051433 1.153880 31.163231 0.067797 0.708580 0.702366 0 0
  phy
    1 2.630156 2.399763 31.971913 -0.113336 0.504317 0.856049 0 0
    1 0.686433 0.421950 31.186004 -0.522273 0.816721 0.245354 0 0
    1 5.619835 1.819550 34.199026 -0.769398 -0.046696 0.637060 0 0
  phy
    1 2.630156 2.399763 31.971913 -0.113336 0.504317 0.856049 0 0
    1 5.619835 1.819550 34.199026 -0.769398 -0.046696 0.637060 0 0
    1 3.725912 2.613545 32.564227 0.033565 -0.148024 0.988414 0 0
  phy
    1 5.257998 -1.759794 31.448813 -0.073575 -0.445469 -0.892269 0 0
    1 3.230472 -2.036764 32.162275 -0.019388 0.026986 -0.999448 0 0
    1 5.330505 -1.856163 30.225216 -0.020982 -0.298762 -0.954097 0 0
  phy
    1 3.230472 -2.036764 32.162275 -0.019388 0.026986 -0.999448 0 0
    1 5.257998 -1.759794 31.448813 -0.073575 -0.445469 -0.892269 0 0
    1 3.476669 -1.896447 33.157671 -0.624461 0.306586 -0.718368 0 0
  phy
    1 5.330505 -1.856163 30.225216 -0.020982 -0.298762 -0.954097 0 0
    1 3.230472 -2.036764 32.162275 -0.019388 0.026986 -0.999448 0 0
    1 3.474079 -2.334082 27.952742 0.036663 0.058504 -0.997614 0 0
  phy
    1 3.474079 -2.334082 27.952742 0.036663 0.058504 -0.997614 0 0
    1 3.230472 -2.036764 32.162275 -0.019388 0.026986 -0.999448 0 0
    1 1.554115 -1.552293 31.770004 0.036745 0.471406 -0.881150 0 0
  phy
    1 1.554115 -1.552293 31.770004 0.036745 0.471406 -0.881150 0 0
    1 3.230472 -2.036764 32.162275 -0.019388 0.026986 -0.999448 0 0
    1 3.476669 -1.896447 33.157671 -0.624461 0.306586 -0.718368 0 0
  phy
    1 5.257998 -1.759794 31.448813 -0.073575 -0.445469 -0.892269 0 0
    1 5.090062 -1.514648 33.486431 -0.211310 -0.320384 -0.923419 0 0
    1 3.476669 -1.896447 33.157671 -0.624461 0.306586 -0.718368 0 0
  phy
    1 5.257998 -1.759794 31.448813 -0.073575 -0.445469 -0.892269 0 0
    1 5.330505 -1.856163 30.225216 -0.020982 -0.298762 -0.954097 0 0
    1 6.269153 -0.827208 31.552375 -0.022640 -0.799849 -0.599774 0 0
  phy
    1 5.257998 -1.759794 31.448813 -0.073575 -0.445469 -0.892269 0 0
    1 6.269153 -0.827208 31.552375 -0.022640 -0.799849 -0.599774 0 0
    1 5.968096 -0.512919 34.850747 -0.772604 -0.166983 -0.612535 0 0
  phy
    1 5.090062 -1.514648 33.486431 -0.211310 -0.320384 -0.923419 0 0
    1 5.257998 -1.759794 31.448813 -0.073575 -0.445469 -0.892269 0 0
    1 5.968096 -0.512919 34.850747 -0.772604 -0.166983 -0.612535 0 0
  phy
    1 5.330505 -1.856163 30.225216 -0.020982 -0.298762 -0.954097 0 0
    1 3.474079 -2.334082 27.952742 0.036663 0.058504 -0.997614 0 0
    1 5.450187 -1.971631 27.883988 0.063242 -0.507322 -0.859433 0 0
  phy
    1 6.269153 -0.827208 31.552375 -0.022640 -0.799849 -0.599774 0 0
    1 5.330505 -1.856163 30.225216 -0.020982 -0.298762 -0.954097 0 0
    1 5.450187 -1.971631 27.883988 0.063242 -0.507322 -0.859433 0 0
  phy
    1 5.619835 1.819550 34.199026 -0.769398 -0.046696 0.637060 0 0
    1 6.602266 -0.126981 31.645517 -0.003067 -0.969766 0.244017 0 0
    1 5.718001 1.556607 31.695405 0.039871 -0.725767 0.686785 0 0
  phy
    1 5.718001 1.556607 31.695405 0.039871 -0.725767 0.686785 0 0
    1 6.602266 -0.126981 31.645517 -0.003067 -0.969766 0.244017 0 0
    1 5.666840 0.895417 27.632039 0.098099 -0.772719 0.627122 0 0
  phy
    1 5.718001 1.556607 31.695405 0.039871 -0.725767 0.686785 0 0
    1 5.666840 0.895417 27.632039 0.098099 -0.772719 0.627122 0 0
    1 4.662925 1.494939 27.517142 0.090060 -0.401627 0.911364 0 0
  phy
    1 5.968096 -0.512919 34.850747 -0.772604 -0.166983 -0.612535 0 0
    1 6.602266 -0.126981 31.645517 -0.003067 -0.969766 0.244017 0 0
    1 6.378409 0.173388 33.757505 -0.129236 -0.977360 0.167526 0 0
  phy
    1 6.378409 0.173388 33.757505 -0.129236 -0.977360 0.167526 0 0
    1 6.174912 0.320295 34.966833 -0.877826 0.466489 0.108670 0 0
    1 5.968096 -0.512919 34.850747 -0.772604 -0.166983 -0.612535 0 0
  phy
    1 6.378409 0.173388 33.757505 -0.129236 -0.977360 0.167526 0 0
    1 6.602266 -0.126981 31.645517 -0.003067 -0.969766 0.244017 0 0
    1 5.619835 1.819550 34.199026 -0.769398 -0.046696 0.637060 0 0
  phy
    1 5.619835 1.819550 34.199026 -0.769398 -0.046696 0.637060 0 0
    1 6.174912 0.320295 34.966833 -0.877826 0.466489 0.108670 0 0
    1 6.378409 0.173388 33.757505 -0.129236 -0.977360 0.167526 0 0
  phy
    1 4.913052 -1.993795 21.660884 0.518944 -0.590347 -0.618213 0 0
    1 1.761973 -0.042534 21.273640 0.299353 0.939104 -0.168735 0 0
    1 2.211883 0.502810 21.075039 0.242343 0.586278 0.773012 0 0
  phy
    1 2.211883 0.502810 21.075039 0.242343 0.586278 0.773012 0 0
    1 3.128924 0.917057 20.886040 0.220078 -0.006895 0.975458 0 0
    1 4.913052 -1.993795 21.660884 0.518944 -0.590347 -0.618213 0 0
  phy
    1 1.051433 1.153880 31.163231 0.067797 0.708580 0.702366 0 0
    1 2.211883 0.502810 21.075039 0.242343 0.586278 0.773012 0 0
    1 1.761973 -0.042534 21.273640 0.299353 0.939104 -0.168735 0 0
  phy
    1 5.619835 1.819550 34.199026 -0.769398 -0.046696 0.637060 0 0
    1 0.686433 0.421950 31.186004 -0.522273 0.816721 0.245354 0 0
    1 6.174912 0.320295 34.966833 -0.877826 0.466489 0.108670 0 0
  phy
    1 0.686433 0.421950 31.186004 -0.522273 0.816721 0.245354 0 0
    1 0.594314 -0.296267 31.289773 -0.290567 0.956551 -0.024113 0 0
    1 6.174912 0.320295 34.966833 -0.877826 0.466489 0.108670 0 0
  phy
    1 0.686433 0.421950 31.186004 -0.522273 0.816721 0.245354 0 0
    1 1.051433 1.153880 31.163231 0.067797 0.708580 0.702366 0 0
    1 1.761973 -0.042534 21.273640 0.299353 0.939104 -0.168735 0 0
  phy
    1 0.686433 0.421950 31.186004 -0.522273 0.816721 0.245354 0 0
    1 1.761973 -0.042534 21.273640 0.299353 0.939104 -0.168735 0 0
    1 0.594314 -0.296267 31.289773 -0.290567 0.956551 -0.024113 0 0
  phy
    1 0.769016 -0.866281 31.422456 -0.242301 0.860851 -0.447465 0 0
    1 5.968096 -0.512919 34.850747 -0.772604 -0.166983 -0.612535 0 0
    1 6.174912 0.320295 34.966833 -0.877826 0.466489 0.108670 0 0
  phy
    1 0.594314 -0.296267 31.289773 -0.290567 0.956551 -0.024113 0 0
    1 0.769016 -0.866281 31.422456 -0.242301 0.860851 -0.447465 0 0
    1 6.174912 0.320295 34.966833 -0.877826 0.466489 0.108670 0 0
  phy
    1 5.968096 -0.512919 34.850747 -0.772604 -0.166983 -0.612535 0 0
    1 0.769016 -0.866281 31.422456 -0.242301 0.860851 -0.447465 0 0
    1 3.476669 -1.896447 33.157671 -0.624461 0.306586 -0.718368 0 0
  phy
    1 2.356962 -1.703064 24.406013 0.162508 0.747926 -0.643582 0 0
    1 0.769016 -0.866281 31.422456 -0.242301 0.860851 -0.447465 0 0
    1 1.761973 -0.042534 21.273640 0.299353 0.939104 -0.168735 0 0
  phy
    1 1.761973 -0.042534 21.273640 0.299353 0.939104 -0.168735 0 0
    1 0.769016 -0.866281 31.422456 -0.242301 0.860851 -0.447465 0 0
    1 0.594314 -0.296267 31.289773 -0.290567 0.956551 -0.024113 0 0
  phy
    1 0.769016 -0.866281 31.422456 -0.242301 0.860851 -0.447465 0 0
    1 1.554115 -1.552293 31.770004 0.036745 0.471406 -0.881150 0 0
    1 3.476669 -1.896447 33.157671 -0.624461 0.306586 -0.718368 0 0
  phy
    1 0.769016 -0.866281 31.422456 -0.242301 0.860851 -0.447465 0 0
    1 2.356962 -1.703064 24.406013 0.162508 0.747926 -0.643582 0 0
    1 1.554115 -1.552293 31.770004 0.036745 0.471406 -0.881150 0 0
  phy
    1 5.450187 -1.971631 27.883988 0.063242 -0.507322 -0.859433 0 0
    1 3.474079 -2.334082 27.952742 0.036663 0.058504 -0.997614 0 0
    1 3.407338 -2.312315 21.887025 0.190305 0.235177 -0.953140 0 0
  phy
    1 3.474079 -2.334082 27.952742 0.036663 0.058504 -0.997614 0 0
    1 1.554115 -1.552293 31.770004 0.036745 0.471406 -0.881150 0 0
    1 3.407338 -2.312315 21.887025 0.190305 0.235177 -0.953140 0 0
  phy
    1 6.295457 -0.523748 27.840500 0.100923 -0.983674 -0.148999 0 0
    1 6.602266 -0.126981 31.645517 -0.003067 -0.969766 0.244017 0 0
    1 6.269153 -0.827208 31.552375 -0.022640 -0.799849 -0.599774 0 0
  phy
    1 6.269153 -0.827208 31.552375 -0.022640 -0.799849 -0.599774 0 0
    1 5.450187 -1.971631 27.883988 0.063242 -0.507322 -0.859433 0 0
    1 6.295457 -0.523748 27.840500 0.100923 -0.983674 -0.148999 0 0
  phy
    1 6.269153 -0.827208 31.552375 -0.022640 -0.799849 -0.599774 0 0
    1 6.602266 -0.126981 31.645517 -0.003067 -0.969766 0.244017 0 0
    1 5.968096 -0.512919 34.850747 -0.772604 -0.166983 -0.612535 0 0
  phy
    1 5.090062 -1.514648 33.486431 -0.211310 -0.320384 -0.923419 0 0
    1 5.968096 -0.512919 34.850747 -0.772604 -0.166983 -0.612535 0 0
    1 3.476669 -1.896447 33.157671 -0.624461 0.306586 -0.718368 0 0
  phy
    1 4.662925 1.494939 27.517142 0.090060 -0.401627 0.911364 0 0
    1 5.666840 0.895417 27.632039 0.098099 -0.772719 0.627122 0 0
    1 4.012590 0.591403 20.975690 0.293909 -0.551401 0.780752 0 0
  phy
    1 4.012590 0.591403 20.975690 0.293909 -0.551401 0.780752 0 0
    1 3.128924 0.917057 20.886040 0.220078 -0.006895 0.975458 0 0
    1 4.662925 1.494939 27.517142 0.090060 -0.401627 0.911364 0 0
  phy
    1 4.012590 0.591403 20.975690 0.293909 -0.551401 0.780752 0 0
    1 5.339307 -0.539694 21.296841 0.224031 -0.924139 0.309479 0 0
    1 4.913052 -1.993795 21.660884 0.518944 -0.590347 -0.618213 0 0
  phy
    1 4.913052 -1.993795 21.660884 0.518944 -0.590347 -0.618213 0 0
    1 3.128924 0.917057 20.886040 0.220078 -0.006895 0.975458 0 0
    1 4.012590 0.591403 20.975690 0.293909 -0.551401 0.780752 0 0
  phy
    1 5.666840 0.895417 27.632039 0.098099 -0.772719 0.627122 0 0
    1 5.339307 -0.539694 21.296841 0.224031 -0.924139 0.309479 0 0
    1 4.012590 0.591403 20.975690 0.293909 -0.551401 0.780752 0 0
  phy
    1 4.662925 1.494939 27.517142 0.090060 -0.401627 0.911364 0 0
    1 3.128924 0.917057 20.886040 0.220078 -0.006895 0.975458 0 0
    1 3.725912 2.613545 32.564227 0.033565 -0.148024 0.988414 0 0
  phy
    1 6.295457 -0.523748 27.840500 0.100923 -0.983674 -0.148999 0 0
    1 5.450187 -1.971631 27.883988 0.063242 -0.507322 -0.859433 0 0
    1 4.913052 -1.993795 21.660884 0.518944 -0.590347 -0.618213 0 0
  phy
    1 5.666840 0.895417 27.632039 0.098099 -0.772719 0.627122 0 0
    1 6.602266 -0.126981 31.645517 -0.003067 -0.969766 0.244017 0 0
    1 6.295457 -0.523748 27.840500 0.100923 -0.983674 -0.148999 0 0
  phy
    1 6.295457 -0.523748 27.840500 0.100923 -0.983674 -0.148999 0 0
    1 5.339307 -0.539694 21.296841 0.224031 -0.924139 0.309479 0 0
    1 5.666840 0.895417 27.632039 0.098099 -0.772719 0.627122 0 0
  phy
    1 4.913052 -1.993795 21.660884 0.518944 -0.590347 -0.618213 0 0
    1 5.339307 -0.539694 21.296841 0.224031 -0.924139 0.309479 0 0
    1 6.295457 -0.523748 27.840500 0.100923 -0.983674 -0.148999 0 0
  phy
    1 1.554115 -1.552293 31.770004 0.036745 0.471406 -0.881150 0 0
    1 2.356962 -1.703064 24.406013 0.162508 0.747926 -0.643582 0 0
    1 3.407338 -2.312315 21.887025 0.190305 0.235177 -0.953140 0 0
  phy
    1 2.356962 -1.703064 24.406013 0.162508 0.747926 -0.643582 0 0
    1 1.761973 -0.042534 21.273640 0.299353 0.939104 -0.168735 0 0
    1 3.407338 -2.312315 21.887025 0.190305 0.235177 -0.953140 0 0
  phy
    1 4.913052 -1.993795 21.660884 0.518944 -0.590347 -0.618213 0 0
    1 5.450187 -1.971631 27.883988 0.063242 -0.507322 -0.859433 0 0
    1 3.407338 -2.312315 21.887025 0.190305 0.235177 -0.953140 0 0
  phy
    1 4.913052 -1.993795 21.660884 0.518944 -0.590347 -0.618213 0 0
    1 3.407338 -2.312315 21.887025 0.190305 0.235177 -0.953140 0 0
    1 1.761973 -0.042534 21.273640 0.299353 0.939104 -0.168735 0 0
  phy
    2 2.140111 2.805140 16.897947 0.034711 0.541384 0.840059 0 0
    2 2.144479 1.971978 18.852520 -0.572110 0.579461 0.580444 0 0
    2 3.473335 2.665581 18.441991 -0.302894 0.176801 0.936481 0 0
  phy
    2 3.473335 2.665581 18.441991 -0.302894 0.176801 0.936481 0 0
    2 2.144479 1.971978 18.852520 -0.572110 0.579461 0.580444 0 0
    2 4.590966 2.235296 19.502621 -0.771022 -0.141276 0.620940 0 0
  phy
    2 3.473335 2.665581 18.441991 -0.302894 0.176801 0.936481 0 0
    2 3.859991 3.107364 16.962299 -0.098224 -0.063862 0.993113 0 0
    2 2.140111 2.805140 16.897947 0.034711 0.541384 0.840059 0 0
  phy
    2 3.473335 2.665581 18.441991 -0.302894 0.176801 0.936481 0 0
    2 4.590966 2.235296 19.502621 -0.771022 -0.141276 0.620940 0 0
    2 3.859991 3.107364 16.962299 -0.098224 -0.063862 0.993113 0 0
  phy
    2 5.623107 0.857575 19.207766 -0.438251 -0.869743 0.226901 0 0
    2 4.810986 -1.526728 20.457680 -0.214012 -0.655476 -0.724259 0 0
    2 6.264707 1.325632 16.867105 -0.094796 -0.995481 -0.005588 0 0
  phy
    2 6.264707 1.325632 16.867105 -0.094796 -0.995481 -0.005588 0 0
    2 4.810986 -1.526728 20.457680 -0.214012 -0.655476 -0.724259 0 0
    2 6.168035 0.683138 15.788835 -0.004011 -0.911154 -0.412047 0 0
  phy
    2 6.264707 1.325632 16.867105 -0.094796 -0.995481 -0.005588 0 0
    2 6.133377 1.505295 14.164147 0.126689 -0.984873 0.118220 0 0
    2 5.871233 2.763358 14.221175 0.146563 -0.674543 0.723540 0 0
  phy
    2 5.871233 2.763358 14.221175 0.146563 -0.674543 0.723540 0 0
    2 5.833468 2.667493 16.960399 -0.131446 -0.574054 0.808198 0 0
    2 6.264707 1.325632 16.867105 -0.094796 -0.995481 -0.005588 0 0
  phy
    2 6.264707 1.325632 16.867105 -0.094796 -0.995481 -0.005588 0 0
    2 5.833468 2.667493 16.960399 -0.131446 -0.574054 0.808198 0 0
    2 5.623107 0.857575 19.207766 -0.438251 -0.869743 0.226901 0 0
  phy
    2 6.264707 1.325632 16.867105 -0.094796 -0.995481 -0.005588 0 0
    2 6.168035 0.683138 15.788835 -0.004011 -0.911154 -0.412047 0 0
    2 6.133377 1.505295 14.164147 0.126689 -0.984873 0.118220 0 0
  phy
    2 1.159516 1.536095 16.787239 -0.022502 0.986489 0.162275 0 0
    2 2.140111 2.805140 16.897947 0.034711 0.541384 0.840059 0 0
    2 2.269272 2.162469 5.809727 0.367983 0.597246 0.712661 0 0
  phy
    2 3.871074 3.366107 14.241059 0.145224 0.023482 0.989120 0 0
    2 2.269272 2.162469 5.809727 0.367983 0.597246 0.712661 0 0
    2 2.140111 2.805140 16.897947 0.034711 0.541384 0.840059 0 0
  phy
    2 3.859991 3.107364 16.962299 -0.098224 -0.063862 0.993113 0 0
    2 3.871074 3.366107 14.241059 0.145224 0.023482 0.989120 0 0
    2 2.140111 2.805140 16.897947 0.034711 0.541384 0.840059 0 0
  phy
    2 2.140111 2.805140 16.897947 0.034711 0.541384 0.840059 0 0
    2 1.159516 1.536095 16.787239 -0.022502 0.986489 0.162275 0 0
    2 2.144479 1.971978 18.852520 -0.572110 0.579461 0.580444 0 0
  phy
    2 3.123316 -2.048219 20.270088 -0.052091 0.220380 -0.974022 0 0
    2 1.838161 -1.094305 20.232818 -0.395349 0.881396 -0.258534 0 0
    2 1.560402 -0.267470 5.773310 0.048553 0.856025 -0.514649 0 0
  phy
    2 3.777799 -1.005213 5.703411 0.141508 -0.103265 -0.984536 0 0
    2 3.123316 -2.048219 20.270088 -0.052091 0.220380 -0.974022 0 0
    2 1.560402 -0.267470 5.773310 0.048553 0.856025 -0.514649 0 0
  phy
    2 1.838161 -1.094305 20.232818 -0.395349 0.881396 -0.258534 0 0
    2 3.123316 -2.048219 20.270088 -0.052091 0.220380 -0.974022 0 0
    2 4.810986 -1.526728 20.457680 -0.214012 -0.655476 -0.724259 0 0
  phy
    2 3.123316 -2.048219 20.270088 -0.052091 0.220380 -0.974022 0 0
    2 3.777799 -1.005213 5.703411 0.141508 -0.103265 -0.984536 0 0
    2 4.810986 -1.526728 20.457680 -0.214012 -0.655476 -0.724259 0 0
  phy
    2 3.859991 3.107364 16.962299 -0.098224 -0.063862 0.993113 0 0
    2 5.833468 2.667493 16.960399 -0.131446 -0.574054 0.808198 0 0
    2 3.871074 3.366107 14.241059 0.145224 0.023482 0.989120 0 0
  phy
    2 4.590966 2.235296 19.502621 -0.771022 -0.141276 0.620940 0 0
    2 5.833468 2.667493 16.960399 -0.131446 -0.574054 0.808198 0 0
    2 3.859991 3.107364 16.962299 -0.098224 -0.063862 0.993113 0 0
  phy
    2 6.133377 1.505295 14.164147 0.126689 -0.984873 0.118220 0 0
    2 5.071564 2.266982 5.897838 0.326818 -0.576270 0.749068 0 0
    2 5.871233 2.763358 14.221175 0.146563 -0.674543 0.723540 0 0
  phy
    2 5.871233 2.763358 14.221175 0.146563 -0.674543 0.723540 0 0
    2 5.071564 2.266982 5.897838 0.326818 -0.576270 0.749068 0 0
    2 3.871074 3.366107 14.241059 0.145224 0.023482 0.989120 0 0
  phy
    2 3.871074 3.366107 14.241059 0.145224 0.023482 0.989120 0 0
    2 5.833468 2.667493 16.960399 -0.131446 -0.574054 0.808198 0 0
    2 5.871233 2.763358 14.221175 0.146563 -0.674543 0.723540 0 0
  phy
    2 6.133377 1.505295 14.164147 0.126689 -0.984873 0.118220 0 0
    2 5.519568 -0.167152 5.761537 0.210947 -0.842662 -0.495401 0 0
    2 5.071564 2.266982 5.897838 0.326818 -0.576270 0.749068 0 0
  phy
    2 6.168035 0.683138 15.788835 -0.004011 -0.911154 -0.412047 0 0
    2 5.519568 -0.167152 5.761537 0.210947 -0.842662 -0.495401 0 0
    2 6.133377 1.505295 14.164147 0.126689 -0.984873 0.118220 0 0
  phy
    2 5.623107 0.857575 19.207766 -0.438251 -0.869743 0.226901 0 0
    2 5.833468 2.667493 16.960399 -0.131446 -0.574054 0.808198 0 0
    2 4.590966 2.235296 19.502621 -0.771022 -0.141276 0.620940 0 0
  phy
    2 5.623107 0.857575 19.207766 -0.438251 -0.869743 0.226901 0 0
    2 4.590966 2.235296 19.502621 -0.771022 -0.141276 0.620940 0 0
    2 4.810986 -1.526728 20.457680 -0.214012 -0.655476 -0.724259 0 0
  phy
    2 1.838161 -1.094305 20.232818 -0.395349 0.881396 -0.258534 0 0
    2 1.159516 1.536095 16.787239 -0.022502 0.986489 0.162275 0 0
    2 1.560402 -0.267470 5.773310 0.048553 0.856025 -0.514649 0 0
  phy
    2 1.159516 1.536095 16.787239 -0.022502 0.986489 0.162275 0 0
    2 1.838161 -1.094305 20.232818 -0.395349 0.881396 -0.258534 0 0
    2 2.144479 1.971978 18.852520 -0.572110 0.579461 0.580444 0 0
  phy
    2 1.560402 -0.267470 5.773310 0.048553 0.856025 -0.514649 0 0
    2 1.159516 1.536095 16.787239 -0.022502 0.986489 0.162275 0 0
    2 2.269272 2.162469 5.809727 0.367983 0.597246 0.712661 0 0
  phy
    2 1.838161 -1.094305 20.232818 -0.395349 0.881396 -0.258534 0 0
    2 4.590966 2.235296 19.502621 -0.771022 -0.141276 0.620940 0 0
    2 2.144479 1.971978 18.852520 -0.572110 0.579461 0.580444 0 0
  phy
    2 4.590966 2.235296 19.502621 -0.771022 -0.141276 0.620940 0 0
    2 1.838161 -1.094305 20.232818 -0.395349 0.881396 -0.258534 0 0
    2 4.810986 -1.526728 20.457680 -0.214012 -0.655476 -0.724259 0 0
  phy
    2 3.777799 -1.005213 5.703411 0.141508 -0.103265 -0.984536 0 0
    2 5.519568 -0.167152 5.761537 0.210947 -0.842662 -0.495401 0 0
    2 4.810986 -1.526728 20.457680 -0.214012 -0.655476 -0.724259 0 0
  phy
    2 1.560402 -0.267470 5.773310 0.048553 0.856025 -0.514649 0 0
    2 2.269272 2.162469 5.809727 0.367983 0.597246 0.712661 0 0
    2 3.777799 -1.005213 5.703411 0.141508 -0.103265 -0.984536 0 0
  phy
    2 3.777799 -1.005213 5.703411 0.141508 -0.103265 -0.984536 0 0
    2 2.269272 2.162469 5.809727 0.367983 0.597246 0.712661 0 0
    2 5.519568 -0.167152 5.761537 0.210947 -0.842662 -0.495401 0 0
  phy
    2 5.071564 2.266982 5.897838 0.326818 -0.576270 0.749068 0 0
    2 2.269272 2.162469 5.809727 0.367983 0.597246 0.712661 0 0
    2 3.871074 3.366107 14.241059 0.145224 0.023482 0.989120 0 0
  phy
    2 5.519568 -0.167152 5.761537 0.210947 -0.842662 -0.495401 0 0
    2 2.269272 2.162469 5.809727 0.367983 0.597246 0.712661 0 0
    2 5.071564 2.266982 5.897838 0.326818 -0.576270 0.749068 0 0
  phy
    2 6.168035 0.683138 15.788835 -0.004011 -0.911154 -0.412047 0 0
    2 4.810986 -1.526728 20.457680 -0.214012 -0.655476 -0.724259 0 0
    2 5.519568 -0.167152 5.761537 0.210947 -0.842662 -0.495401 0 0
  phy
    3 1.344993 -6.951643 0.629795 -0.000681 0.086653 -0.996238 0 0
    3 1.948771 -0.566579 4.560823 -0.260893 0.682955 -0.682281 0 0
    3 1.377123 -6.529326 -0.502472 0.402712 0.748456 0.526912 0 0
  phy
    3 1.377123 -6.529326 -0.502472 0.402712 0.748456 0.526912 0 0
    3 1.948771 -0.566579 4.560823 -0.260893 0.682955 -0.682281 0 0
    3 2.294882 3.300687 3.448709 -0.325130 0.926695 0.188483 0 0
  phy
    3 1.377123 -6.529326 -0.502472 0.402712 0.748456 0.526912 0 0
    3 6.249589 -6.340854 0.791032 0.058237 -0.709869 -0.701922 0 0
    3 1.344993 -6.951643 0.629795 -0.000681 0.086653 -0.996238 0 0
  phy
    3 1.377123 -6.529326 -0.502472 0.402712 0.748456 0.526912 0 0
    3 6.439039 -5.868012 -0.419871 0.458450 -0.474282 0.751585 0 0
    3 6.249589 -6.340854 0.791032 0.058237 -0.709869 -0.701922 0 0
  phy
    3 1.344993 -6.951643 0.629795 -0.000681 0.086653 -0.996238 0 0
    3 6.249589 -6.340854 0.791032 0.058237 -0.709869 -0.701922 0 0
    3 5.228451 -0.573496 4.603564 -0.160578 -0.170135 -0.972249 0 0
  phy
    3 1.948771 -0.566579 4.560823 -0.260893 0.682955 -0.682281 0 0
    3 1.344993 -6.951643 0.629795 -0.000681 0.086653 -0.996238 0 0
    3 5.228451 -0.573496 4.603564 -0.160578 -0.170135 -0.972249 0 0
  phy
    3 5.382498 3.294170 3.488950 -0.355771 -0.901288 0.247199 0 0
    3 4.665136 3.334656 0.501698 0.096600 -0.696419 0.711104 0 0
    3 2.813534 3.338520 0.480963 0.275804 0.383775 0.881277 0 0
  phy
    3 5.382498 3.294170 3.488950 -0.355771 -0.901288 0.247199 0 0
    3 2.813534 3.338520 0.480963 0.275804 0.383775 0.881277 0 0
    3 2.294882 3.300687 3.448709 -0.325130 0.926695 0.188483 0 0
  phy
    3 5.382498 3.294170 3.488950 -0.355771 -0.901288 0.247199 0 0
    3 2.294882 3.300687 3.448709 -0.325130 0.926695 0.188483 0 0
    3 5.091177 2.322269 4.960657 -0.588084 -0.668897 -0.454680 0 0
  phy
    3 6.249589 -6.340854 0.791032 0.058237 -0.709869 -0.701922 0 0
    3 6.439039 -5.868012 -0.419871 0.458450 -0.474282 0.751585 0 0
    3 5.382498 3.294170 3.488950 -0.355771 -0.901288 0.247199 0 0
  phy
    3 5.382498 3.294170 3.488950 -0.355771 -0.901288 0.247199 0 0
    3 5.091177 2.322269 4.960657 -0.588084 -0.668897 -0.454680 0 0
    3 6.249589 -6.340854 0.791032 0.058237 -0.709869 -0.701922 0 0
  phy
    3 5.382498 3.294170 3.488950 -0.355771 -0.901288 0.247199 0 0
    3 6.439039 -5.868012 -0.419871 0.458450 -0.474282 0.751585 0 0
    3 4.665136 3.334656 0.501698 0.096600 -0.696419 0.711104 0 0
  phy
    3 2.446201 2.327849 4.926188 -0.762630 0.360553 -0.537025 0 0
    3 1.948771 -0.566579 4.560823 -0.260893 0.682955 -0.682281 0 0
    3 5.091177 2.322269 4.960657 -0.588084 -0.668897 -0.454680 0 0
  phy
    3 5.091177 2.322269 4.960657 -0.588084 -0.668897 -0.454680 0 0
    3 1.948771 -0.566579 4.560823 -0.260893 0.682955 -0.682281 0 0
    3 5.228451 -0.573496 4.603564 -0.160578 -0.170135 -0.972249 0 0
  phy
    3 2.294882 3.300687 3.448709 -0.325130 0.926695 0.188483 0 0
    3 1.948771 -0.566579 4.560823 -0.260893 0.682955 -0.682281 0 0
    3 2.446201 2.327849 4.926188 -0.762630 0.360553 -0.537025 0 0
  phy
    3 6.249589 -6.340854 0.791032 0.058237 -0.709869 -0.701922 0 0
    3 5.091177 2.322269 4.960657 -0.588084 -0.668897 -0.454680 0 0
    3 5.228451 -0.573496 4.603564 -0.160578 -0.170135 -0.972249 0 0
  phy
    3 2.294882 3.300687 3.448709 -0.325130 0.926695 0.188483 0 0
    3 2.446201 2.327849 4.926188 -0.762630 0.360553 -0.537025 0 0
    3 5.091177 2.322269 4.960657 -0.588084 -0.668897 -0.454680 0 0
  phy
    3 2.294882 3.300687 3.448709 -0.325130 0.926695 0.188483 0 0
    3 2.813534 3.338520 0.480963 0.275804 0.383775 0.881277 0 0
    3 1.377123 -6.529326 -0.502472 0.402712 0.748456 0.526912 0 0
  phy
    3 4.665136 3.334656 0.501698 0.096600 -0.696419 0.711104 0 0
    3 6.439039 -5.868012 -0.419871 0.458450 -0.474282 0.751585 0 0
    3 2.813534 3.338520 0.480963 0.275804 0.383775 0.881277 0 0
  phy
    3 6.439039 -5.868012 -0.419871 0.458450 -0.474282 0.751585 0 0
    3 1.377123 -6.529326 -0.502472 0.402712 0.748456 0.526912 0 0
    3 2.813534 3.338520 0.480963 0.275804 0.383775 0.881277 0 0
  phy
    14 -0.000002 -6.139348 60.637824 0.306651 -0.000005 -0.951822 0 0
    14 -1.491538 -5.395602 62.502318 0.604689 -0.157732 -0.780687 0 0
    14 -1.796318 -5.876343 60.712463 0.227558 -0.267681 -0.936250 0 0
  phy
    14 -1.491538 -5.395602 62.502318 0.604689 -0.157732 -0.780687 0 0
    14 -0.000002 -6.139348 60.637824 0.306651 -0.000005 -0.951822 0 0
    14 -0.000002 -5.570678 62.397647 0.670096 -0.000863 -0.742274 0 0
  phy
    14 -1.491538 -5.395602 62.502318 0.604689 -0.157732 -0.780687 0 0
    14 -2.823166 -4.870812 62.746429 0.620940 -0.361028 -0.695768 0 0
    14 -1.796318 -5.876343 60.712463 0.227558 -0.267681 -0.936250 0 0
  phy
    14 -1.491538 -5.395602 62.502318 0.604689 -0.157732 -0.780687 0 0
    14 -0.974204 -4.623995 63.674894 0.858201 -0.068656 -0.508702 0 0
    14 -2.823166 -4.870812 62.746429 0.620940 -0.361028 -0.695768 0 0
  phy
    14 -1.491538 -5.395602 62.502318 0.604689 -0.157732 -0.780687 0 0
    14 -0.000002 -5.570678 62.397647 0.670096 -0.000863 -0.742274 0 0
    14 -0.974204 -4.623995 63.674894 0.858201 -0.068656 -0.508702 0 0
  phy
    14 -0.974204 -4.623995 63.674894 0.858201 -0.068656 -0.508702 0 0
    14 -1.815177 -4.236389 63.872465 0.919017 -0.220811 -0.326573 0 0
    14 -2.823166 -4.870812 62.746429 0.620940 -0.361028 -0.695768 0 0
  phy
    14 -1.815177 -4.236389 63.872465 0.919017 -0.220811 -0.326573 0 0
    14 -3.760501 -3.989328 63.139994 0.629027 -0.693052 -0.352142 0 0
    14 -2.823166 -4.870812 62.746429 0.620940 -0.361028 -0.695768 0 0
  phy
    14 -1.796318 -5.876343 60.712463 0.227558 -0.267681 -0.936250 0 0
    14 -2.823166 -4.870812 62.746429 0.620940 -0.361028 -0.695768 0 0
    14 -3.535515 -5.011340 61.061673 0.229793 -0.633829 -0.738550 0 0
  phy
    14 -2.823166 -4.870812 62.746429 0.620940 -0.361028 -0.695768 0 0
    14 -3.760501 -3.989328 63.139994 0.629027 -0.693052 -0.352142 0 0
    14 -3.535515 -5.011340 61.061673 0.229793 -0.633829 -0.738550 0 0
  phy
    14 -0.000002 -6.139348 60.637824 0.306651 -0.000005 -0.951822 0 0
    14 -1.796318 -5.876343 60.712463 0.227558 -0.267681 -0.936250 0 0
    14 -0.000004 -5.587684 56.782804 -0.082675 0.000006 -0.996577 0 0
  phy
    14 1.796312 -5.876343 60.712466 0.227571 0.267675 -0.936248 0 0
    14 -0.000002 -6.139348 60.637824 0.306651 -0.000005 -0.951822 0 0
    14 -0.000004 -5.587684 56.782804 -0.082675 0.000006 -0.996577 0 0
  phy
    14 -0.000002 -6.139348 60.637824 0.306651 -0.000005 -0.951822 0 0
    14 1.491535 -5.395601 62.502317 0.628762 0.161512 -0.760640 0 0
    14 -0.000002 -5.570678 62.397647 0.670096 -0.000863 -0.742274 0 0
  phy
    14 1.491535 -5.395601 62.502317 0.628762 0.161512 -0.760640 0 0
    14 -0.000002 -6.139348 60.637824 0.306651 -0.000005 -0.951822 0 0
    14 1.796312 -5.876343 60.712466 0.227571 0.267675 -0.936248 0 0
  phy
    14 2.579801 -2.748251 64.458502 0.931590 0.343454 -0.119075 0 0
    14 -0.000001 -2.992787 64.699531 0.997701 -0.000012 -0.067774 0 0
    14 1.815174 -4.236388 63.872464 0.903497 0.213970 -0.371361 0 0
  phy
    14 1.815174 -4.236388 63.872464 0.903497 0.213970 -0.371361 0 0
    14 -0.000001 -2.992787 64.699531 0.997701 -0.000012 -0.067774 0 0
    14 0.840407 -4.631505 63.677409 0.871390 0.040940 -0.488880 0 0
  phy
    14 1.491535 -5.395601 62.502317 0.628762 0.161512 -0.760640 0 0
    14 2.823164 -4.870812 62.746426 0.602284 0.375985 -0.704194 0 0
    14 1.815174 -4.236388 63.872464 0.903497 0.213970 -0.371361 0 0
  phy
    14 1.815174 -4.236388 63.872464 0.903497 0.213970 -0.371361 0 0
    14 0.840407 -4.631505 63.677409 0.871390 0.040940 -0.488880 0 0
    14 1.491535 -5.395601 62.502317 0.628762 0.161512 -0.760640 0 0
  phy
    14 1.815174 -4.236388 63.872464 0.903497 0.213970 -0.371361 0 0
    14 3.760498 -3.989328 63.139991 0.629062 0.693023 -0.352137 0 0
    14 2.579801 -2.748251 64.458502 0.931590 0.343454 -0.119075 0 0
  phy
    14 2.823164 -4.870812 62.746426 0.602284 0.375985 -0.704194 0 0
    14 3.760498 -3.989328 63.139991 0.629062 0.693023 -0.352137 0 0
    14 1.815174 -4.236388 63.872464 0.903497 0.213970 -0.371361 0 0
  phy
    14 1.491535 -5.395601 62.502317 0.628762 0.161512 -0.760640 0 0
    14 0.840407 -4.631505 63.677409 0.871390 0.040940 -0.488880 0 0
    14 -0.000002 -5.570678 62.397647 0.670096 -0.000863 -0.742274 0 0
  phy
    14 2.823164 -4.870812 62.746426 0.602284 0.375985 -0.704194 0 0
    14 1.491535 -5.395601 62.502317 0.628762 0.161512 -0.760640 0 0
    14 1.796312 -5.876343 60.712466 0.227571 0.267675 -0.936248 0 0
  phy
    14 1.196759 3.302453 53.861295 -0.898817 0.395670 0.188609 0 0
    14 1.372894 5.395064 55.919409 -0.637096 0.350503 0.686481 0 0
    14 2.635941 4.522706 55.789771 -0.682077 0.544783 0.487834 0 0
  phy
    14 1.372894 5.395064 55.919409 -0.637096 0.350503 0.686481 0 0
    14 1.196759 3.302453 53.861295 -0.898817 0.395670 0.188609 0 0
    14 -0.000005 4.585264 54.553971 -0.853852 0.000020 0.520515 0 0
  phy
    14 1.196759 3.302453 53.861295 -0.898817 0.395670 0.188609 0 0
    14 -0.000005 3.920504 54.045568 -0.961069 0.000023 0.276310 0 0
    14 -0.000005 4.585264 54.553971 -0.853852 0.000020 0.520515 0 0
  phy
    14 1.196759 3.302453 53.861295 -0.898817 0.395670 0.188609 0 0
    14 1.561503 0.567975 53.354827 -0.922194 0.375559 -0.092268 0 0
    14 -0.000005 2.203273 53.598398 -0.998189 0.000025 -0.060151 0 0
  phy
    14 1.196759 3.302453 53.861295 -0.898817 0.395670 0.188609 0 0
    14 -0.000005 2.203273 53.598398 -0.998189 0.000025 -0.060151 0 0
    14 -0.000005 3.377719 53.847955 -0.999984 0.000025 0.005625 0 0
  phy
    14 3.662937 3.117218 55.526576 -0.638652 0.676442 0.366811 0 0
    14 1.196759 3.302453 53.861295 -0.898817 0.395670 0.188609 0 0
    14 2.635941 4.522706 55.789771 -0.682077 0.544783 0.487834 0 0
  phy
    14 -0.000005 3.920504 54.045568 -0.961069 0.000023 0.276310 0 0
    14 1.196759 3.302453 53.861295 -0.898817 0.395670 0.188609 0 0
    14 -0.000005 3.377719 53.847955 -0.999984 0.000025 0.005625 0 0
  phy
    14 4.210808 1.658460 55.278847 -0.794327 0.607149 0.020351 0 0
    14 1.196759 3.302453 53.861295 -0.898817 0.395670 0.188609 0 0
    14 3.662937 3.117218 55.526576 -0.638652 0.676442 0.366811 0 0
  phy
    14 1.196759 3.302453 53.861295 -0.898817 0.395670 0.188609 0 0
    14 4.210808 1.658460 55.278847 -0.794327 0.607149 0.020351 0 0
    14 1.561503 0.567975 53.354827 -0.922194 0.375559 -0.092268 0 0
  phy
    14 4.210808 1.658460 55.278847 -0.794327 0.607149 0.020351 0 0
    14 3.662937 3.117218 55.526576 -0.638652 0.676442 0.366811 0 0
    14 5.524505 1.580229 56.949667 -0.359267 0.911235 0.201440 0 0
  phy
    14 4.210808 1.658460 55.278847 -0.794327 0.607149 0.020351 0 0
    14 5.524505 1.580229 56.949667 -0.359267 0.911235 0.201440 0 0
    14 3.903136 -0.848927 54.602899 -0.725544 0.652371 -0.219086 0 0
  phy
    14 1.561503 0.567975 53.354827 -0.922194 0.375559 -0.092268 0 0
    14 4.210808 1.658460 55.278847 -0.794327 0.607149 0.020351 0 0
    14 3.903136 -0.848927 54.602899 -0.725544 0.652371 -0.219086 0 0
  phy
    14 1.372894 5.395064 55.919409 -0.637096 0.350503 0.686481 0 0
    14 -0.000004 5.684044 55.977717 -0.519802 0.000010 0.854287 0 0
    14 1.297261 5.718460 57.949457 -0.307289 0.309736 0.899798 0 0
  phy
    14 1.297261 5.718460 57.949457 -0.307289 0.309736 0.899798 0 0
    14 -0.000004 5.684044 55.977717 -0.519802 0.000010 0.854287 0 0
    14 -0.000004 5.945006 58.031145 -0.275541 0.000004 0.961289 0 0
  phy
    14 1.297261 5.718460 57.949457 -0.307289 0.309736 0.899798 0 0
    14 3.848483 4.807466 60.278835 -0.035246 0.748714 0.661956 0 0
    14 3.244669 4.847016 57.755097 -0.393277 0.655486 0.644725 0 0
  phy
    14 1.553514 5.679247 60.558960 -0.069762 0.260795 0.962870 0 0
    14 3.848483 4.807466 60.278835 -0.035246 0.748714 0.661956 0 0
    14 1.297261 5.718460 57.949457 -0.307289 0.309736 0.899798 0 0
  phy
    14 1.297261 5.718460 57.949457 -0.307289 0.309736 0.899798 0 0
    14 -0.000004 5.945006 58.031145 -0.275541 0.000004 0.961289 0 0
    14 1.553514 5.679247 60.558960 -0.069762 0.260795 0.962870 0 0
  phy
    14 3.244669 4.847016 57.755097 -0.393277 0.655486 0.644725 0 0
    14 1.372894 5.395064 55.919409 -0.637096 0.350503 0.686481 0 0
    14 1.297261 5.718460 57.949457 -0.307289 0.309736 0.899798 0 0
  phy
    14 4.194110 -1.935677 63.547494 0.631400 0.774539 0.037722 0 0
    14 2.353123 -1.797429 64.736189 0.932188 0.345684 0.107367 0 0
    14 2.579801 -2.748251 64.458502 0.931590 0.343454 -0.119075 0 0
  phy
    14 4.194110 -1.935677 63.547494 0.631400 0.774539 0.037722 0 0
    14 3.708036 -0.342805 64.002942 0.745512 0.589605 0.310769 0 0
    14 2.353123 -1.797429 64.736189 0.932188 0.345684 0.107367 0 0
  phy
    14 4.194110 -1.935677 63.547494 0.631400 0.774539 0.037722 0 0
    14 5.195006 -0.527897 62.045598 0.319381 0.944984 0.070721 0 0
    14 4.532504 1.885152 62.685806 0.315915 0.872536 0.372663 0 0
  phy
    14 4.194110 -1.935677 63.547494 0.631400 0.774539 0.037722 0 0
    14 4.532504 1.885152 62.685806 0.315915 0.872536 0.372663 0 0
    14 3.708036 -0.342805 64.002942 0.745512 0.589605 0.310769 0 0
  phy
    14 2.579801 -2.748251 64.458502 0.931590 0.343454 -0.119075 0 0
    14 3.760498 -3.989328 63.139991 0.629062 0.693023 -0.352137 0 0
    14 4.194110 -1.935677 63.547494 0.631400 0.774539 0.037722 0 0
  phy
    14 5.195006 -0.527897 62.045598 0.319381 0.944984 0.070721 0 0
    14 4.194110 -1.935677 63.547494 0.631400 0.774539 0.037722 0 0
    14 4.944920 -2.738837 61.349421 0.139352 0.940616 -0.309553 0 0
  phy
    14 4.194110 -1.935677 63.547494 0.631400 0.774539 0.037722 0 0
    14 3.760498 -3.989328 63.139991 0.629062 0.693023 -0.352137 0 0
    14 4.944920 -2.738837 61.349421 0.139352 0.940616 -0.309553 0 0
  phy
    14 1.679476 4.659853 63.441203 0.447567 0.358238 0.819359 0 0
    14 -0.000001 4.971938 63.534397 0.478449 -0.000014 0.878115 0 0
    14 1.412023 1.905978 64.531765 0.841237 0.179917 0.509853 0 0
  phy
    14 1.412023 1.905978 64.531765 0.841237 0.179917 0.509853 0 0
    14 -0.000001 4.971938 63.534397 0.478449 -0.000014 0.878115 0 0
    14 -0.000002 2.271048 64.570719 0.863841 0.003518 0.503753 0 0
  phy
    14 1.412023 1.905978 64.531765 0.841237 0.179917 0.509853 0 0
    14 1.756622 -0.875830 64.975333 0.931276 0.252027 0.263074 0 0
    14 2.687029 1.127354 64.364444 0.796633 0.401652 0.451721 0 0
  phy
    14 0.924961 -0.337417 65.078669 0.951396 0.060240 0.302021 0 0
    14 1.756622 -0.875830 64.975333 0.931276 0.252027 0.263074 0 0
    14 1.412023 1.905978 64.531765 0.841237 0.179917 0.509853 0 0
  phy
    14 2.687029 1.127354 64.364444 0.796633 0.401652 0.451721 0 0
    14 1.679476 4.659853 63.441203 0.447567 0.358238 0.819359 0 0
    14 1.412023 1.905978 64.531765 0.841237 0.179917 0.509853 0 0
  phy
    14 1.412023 1.905978 64.531765 0.841237 0.179917 0.509853 0 0
    14 -0.000002 2.271048 64.570719 0.863841 0.003518 0.503753 0 0
    14 0.924961 -0.337417 65.078669 0.951396 0.060240 0.302021 0 0
  phy
    14 -0.000002 -5.570678 62.397647 0.670096 -0.000863 -0.742274 0 0
    14 0.840407 -4.631505 63.677409 0.871390 0.040940 -0.488880 0 0
    14 -0.974204 -4.623995 63.674894 0.858201 -0.068656 -0.508702 0 0
  phy
    14 -0.974204 -4.623995 63.674894 0.858201 -0.068656 -0.508702 0 0
    14 -0.000001 -2.992787 64.699531 0.997701 -0.000012 -0.067774 0 0
    14 -1.815177 -4.236389 63.872465 0.919017 -0.220811 -0.326573 0 0
  phy
    14 0.840407 -4.631505 63.677409 0.871390 0.040940 -0.488880 0 0
    14 -0.000001 -2.992787 64.699531 0.997701 -0.000012 -0.067774 0 0
    14 -0.974204 -4.623995 63.674894 0.858201 -0.068656 -0.508702 0 0
  phy
    14 -1.796318 -5.876343 60.712463 0.227558 -0.267681 -0.936250 0 0
    14 -2.028662 -5.290252 56.864229 -0.185032 -0.409705 -0.893255 0 0
    14 -0.000004 -5.587684 56.782804 -0.082675 0.000006 -0.996577 0 0
  phy
    14 -2.028662 -5.290252 56.864229 -0.185032 -0.409705 -0.893255 0 0
    14 -1.796318 -5.876343 60.712463 0.227558 -0.267681 -0.936250 0 0
    14 -3.535515 -5.011340 61.061673 0.229793 -0.633829 -0.738550 0 0
  phy
    14 3.760498 -3.989328 63.139991 0.629062 0.693023 -0.352137 0 0
    14 2.823164 -4.870812 62.746426 0.602284 0.375985 -0.704194 0 0
    14 3.535511 -5.011340 61.061670 0.229824 0.633822 -0.738546 0 0
  phy
    14 2.823164 -4.870812 62.746426 0.602284 0.375985 -0.704194 0 0
    14 1.796312 -5.876343 60.712466 0.227571 0.267675 -0.936248 0 0
    14 3.535511 -5.011340 61.061670 0.229824 0.633822 -0.738546 0 0
  phy
    14 2.353123 -1.797429 64.736189 0.932188 0.345684 0.107367 0 0
    14 -0.000001 -2.992787 64.699531 0.997701 -0.000012 -0.067774 0 0
    14 2.579801 -2.748251 64.458502 0.931590 0.343454 -0.119075 0 0
  phy
    14 -0.000005 4.585264 54.553971 -0.853852 0.000020 0.520515 0 0
    14 -0.000005 3.920504 54.045568 -0.961069 0.000023 0.276310 0 0
    14 -1.196769 3.302453 53.861296 -0.898837 -0.395627 0.188607 0 0
  phy
    14 -1.196769 3.302453 53.861296 -0.898837 -0.395627 0.188607 0 0
    14 -0.000005 3.920504 54.045568 -0.961069 0.000023 0.276310 0 0
    14 -0.000005 3.377719 53.847955 -0.999984 0.000025 0.005625 0 0
  phy
    14 3.244669 4.847016 57.755097 -0.393277 0.655486 0.644725 0 0
    14 3.662937 3.117218 55.526576 -0.638652 0.676442 0.366811 0 0
    14 2.635941 4.522706 55.789771 -0.682077 0.544783 0.487834 0 0
  phy
    14 3.662937 3.117218 55.526576 -0.638652 0.676442 0.366811 0 0
    14 3.244669 4.847016 57.755097 -0.393277 0.655486 0.644725 0 0
    14 5.524505 1.580229 56.949667 -0.359267 0.911235 0.201440 0 0
  phy
    14 3.244669 4.847016 57.755097 -0.393277 0.655486 0.644725 0 0
    14 2.635941 4.522706 55.789771 -0.682077 0.544783 0.487834 0 0
    14 1.372894 5.395064 55.919409 -0.637096 0.350503 0.686481 0 0
  phy
    14 3.244669 4.847016 57.755097 -0.393277 0.655486 0.644725 0 0
    14 3.848483 4.807466 60.278835 -0.035246 0.748714 0.661956 0 0
    14 5.524505 1.580229 56.949667 -0.359267 0.911235 0.201440 0 0
  phy
    14 1.372894 5.395064 55.919409 -0.637096 0.350503 0.686481 0 0
    14 -0.000005 4.585264 54.553971 -0.853852 0.000020 0.520515 0 0
    14 -0.000004 5.684044 55.977717 -0.519802 0.000010 0.854287 0 0
  phy
    14 2.687029 1.127354 64.364444 0.796633 0.401652 0.451721 0 0
    14 3.708036 -0.342805 64.002942 0.745512 0.589605 0.310769 0 0
    14 3.257395 3.643088 63.160725 0.512831 0.628165 0.585161 0 0
  phy
    14 3.257395 3.643088 63.160725 0.512831 0.628165 0.585161 0 0
    14 3.708036 -0.342805 64.002942 0.745512 0.589605 0.310769 0 0
    14 4.532504 1.885152 62.685806 0.315915 0.872536 0.372663 0 0
  phy
    14 3.257395 3.643088 63.160725 0.512831 0.628165 0.585161 0 0
    14 1.679476 4.659853 63.441203 0.447567 0.358238 0.819359 0 0
    14 2.687029 1.127354 64.364444 0.796633 0.401652 0.451721 0 0
  phy
    14 3.257395 3.643088 63.160725 0.512831 0.628165 0.585161 0 0
    14 4.532504 1.885152 62.685806 0.315915 0.872536 0.372663 0 0
    14 3.848483 4.807466 60.278835 -0.035246 0.748714 0.661956 0 0
  phy
    14 3.257395 3.643088 63.160725 0.512831 0.628165 0.585161 0 0
    14 3.848483 4.807466 60.278835 -0.035246 0.748714 0.661956 0 0
    14 1.679476 4.659853 63.441203 0.447567 0.358238 0.819359 0 0
  phy
    14 4.532504 1.885152 62.685806 0.315915 0.872536 0.372663 0 0
    14 5.195006 -0.527897 62.045598 0.319381 0.944984 0.070721 0 0
    14 5.811770 0.626562 58.951662 0.030785 0.998528 0.044645 0 0
  phy
    14 5.195006 -0.527897 62.045598 0.319381 0.944984 0.070721 0 0
    14 4.944920 -2.738837 61.349421 0.139352 0.940616 -0.309553 0 0
    14 5.811770 0.626562 58.951662 0.030785 0.998528 0.044645 0 0
  phy
    14 1.756622 -0.875830 64.975333 0.931276 0.252027 0.263074 0 0
    14 3.708036 -0.342805 64.002942 0.745512 0.589605 0.310769 0 0
    14 2.687029 1.127354 64.364444 0.796633 0.401652 0.451721 0 0
  phy
    14 0.924961 -0.337417 65.078669 0.951396 0.060240 0.302021 0 0
    14 -0.000001 -2.992787 64.699531 0.997701 -0.000012 -0.067774 0 0
    14 1.756622 -0.875830 64.975333 0.931276 0.252027 0.263074 0 0
  phy
    14 -0.588050 -0.281186 65.094915 0.952977 -0.049204 0.299021 0 0
    14 -0.000001 -2.992787 64.699531 0.997701 -0.000012 -0.067774 0 0
    14 0.924961 -0.337417 65.078669 0.951396 0.060240 0.302021 0 0
  phy
    14 -0.000002 2.271048 64.570719 0.863841 0.003518 0.503753 0 0
    14 -0.588050 -0.281186 65.094915 0.952977 -0.049204 0.299021 0 0
    14 0.924961 -0.337417 65.078669 0.951396 0.060240 0.302021 0 0
  phy
    14 -4.194112 -1.935677 63.547498 0.631361 -0.774571 0.037718 0 0
    14 -2.579804 -2.748251 64.458504 0.931573 -0.343500 -0.119077 0 0
    14 -2.353124 -1.797429 64.736191 0.932171 -0.345732 0.107365 0 0
  phy
    14 -2.353124 -1.797429 64.736191 0.932171 -0.345732 0.107365 0 0
    14 -3.708038 -0.342804 64.002945 0.762251 -0.584246 0.278622 0 0
    14 -4.194112 -1.935677 63.547498 0.631361 -0.774571 0.037718 0 0
  phy
    14 -3.760501 -3.989328 63.139994 0.629027 -0.693052 -0.352142 0 0
    14 -2.579804 -2.748251 64.458504 0.931573 -0.343500 -0.119077 0 0
    14 -4.194112 -1.935677 63.547498 0.631361 -0.774571 0.037718 0 0
  phy
    14 -4.194112 -1.935677 63.547498 0.631361 -0.774571 0.037718 0 0
    14 -4.532507 1.885152 62.685809 0.353224 -0.854612 0.380620 0 0
    14 -5.195010 -0.527898 62.045603 0.319334 -0.945000 0.070714 0 0
  phy
    14 -4.194112 -1.935677 63.547498 0.631361 -0.774571 0.037718 0 0
    14 -3.708038 -0.342804 64.002945 0.762251 -0.584246 0.278622 0 0
    14 -4.532507 1.885152 62.685809 0.353224 -0.854612 0.380620 0 0
  phy
    14 -4.194112 -1.935677 63.547498 0.631361 -0.774571 0.037718 0 0
    14 -4.944924 -2.738838 61.349426 0.139305 -0.940621 -0.309559 0 0
    14 -3.760501 -3.989328 63.139994 0.629027 -0.693052 -0.352142 0 0
  phy
    14 -5.195010 -0.527898 62.045603 0.319334 -0.945000 0.070714 0 0
    14 -4.944924 -2.738838 61.349426 0.139305 -0.940621 -0.309559 0 0
    14 -4.194112 -1.935677 63.547498 0.631361 -0.774571 0.037718 0 0
  phy
    14 -1.815177 -4.236389 63.872465 0.919017 -0.220811 -0.326573 0 0
    14 -0.000001 -2.992787 64.699531 0.997701 -0.000012 -0.067774 0 0
    14 -2.579804 -2.748251 64.458504 0.931573 -0.343500 -0.119077 0 0
  phy
    14 -1.815177 -4.236389 63.872465 0.919017 -0.220811 -0.326573 0 0
    14 -2.579804 -2.748251 64.458504 0.931573 -0.343500 -0.119077 0 0
    14 -3.760501 -3.989328 63.139994 0.629027 -0.693052 -0.352142 0 0
  phy
    14 1.553514 5.679247 60.558960 -0.069762 0.260795 0.962870 0 0
    14 -0.000001 4.971938 63.534397 0.478449 -0.000014 0.878115 0 0
    14 1.679476 4.659853 63.441203 0.447567 0.358238 0.819359 0 0
  phy
    14 -0.000002 5.919112 60.669376 -0.074043 -0.000002 0.997255 0 0
    14 -0.000001 4.971938 63.534397 0.478449 -0.000014 0.878115 0 0
    14 1.553514 5.679247 60.558960 -0.069762 0.260795 0.962870 0 0
  phy
    14 1.679476 4.659853 63.441203 0.447567 0.358238 0.819359 0 0
    14 3.848483 4.807466 60.278835 -0.035246 0.748714 0.661956 0 0
    14 1.553514 5.679247 60.558960 -0.069762 0.260795 0.962870 0 0
  phy
    14 -0.000004 5.945006 58.031145 -0.275541 0.000004 0.961289 0 0
    14 -0.000002 5.919112 60.669376 -0.074043 -0.000002 0.997255 0 0
    14 1.553514 5.679247 60.558960 -0.069762 0.260795 0.962870 0 0
  phy
    14 -0.000004 5.945006 58.031145 -0.275541 0.000004 0.961289 0 0
    14 -1.297269 5.718459 57.949458 -0.307304 -0.309727 0.899796 0 0
    14 -1.553520 5.679246 60.558961 -0.069775 -0.260798 0.962869 0 0
  phy
    14 -1.553520 5.679246 60.558961 -0.069775 -0.260798 0.962869 0 0
    14 -0.000002 5.919112 60.669376 -0.074043 -0.000002 0.997255 0 0
    14 -0.000004 5.945006 58.031145 -0.275541 0.000004 0.961289 0 0
  phy
    14 -1.679478 4.659853 63.441205 0.447119 -0.355480 0.820804 0 0
    14 -0.000001 4.971938 63.534397 0.478449 -0.000014 0.878115 0 0
    14 -1.553520 5.679246 60.558961 -0.069775 -0.260798 0.962869 0 0
  phy
    14 -1.553520 5.679246 60.558961 -0.069775 -0.260798 0.962869 0 0
    14 -0.000001 4.971938 63.534397 0.478449 -0.000014 0.878115 0 0
    14 -0.000002 5.919112 60.669376 -0.074043 -0.000002 0.997255 0 0
  phy
    14 -1.297269 5.718459 57.949458 -0.307304 -0.309727 0.899796 0 0
    14 -3.848489 4.807466 60.278838 -0.036154 -0.748733 0.661885 0 0
    14 -1.553520 5.679246 60.558961 -0.069775 -0.260798 0.962869 0 0
  phy
    14 -1.553520 5.679246 60.558961 -0.069775 -0.260798 0.962869 0 0
    14 -3.848489 4.807466 60.278838 -0.036154 -0.748733 0.661885 0 0
    14 -1.679478 4.659853 63.441205 0.447119 -0.355480 0.820804 0 0
  phy
    14 -4.210817 1.658460 55.278850 -0.794358 -0.607109 0.020347 0 0
    14 -1.196769 3.302453 53.861296 -0.898837 -0.395627 0.188607 0 0
    14 -1.561513 0.567975 53.354828 -0.922213 -0.375512 -0.092271 0 0
  phy
    14 -1.196769 3.302453 53.861296 -0.898837 -0.395627 0.188607 0 0
    14 -4.210817 1.658460 55.278850 -0.794358 -0.607109 0.020347 0 0
    14 -3.662947 3.117218 55.526579 -0.638685 -0.676413 0.366806 0 0
  phy
    14 -3.903146 -0.848927 54.602903 -0.725577 -0.652333 -0.219090 0 0
    14 -4.210817 1.658460 55.278850 -0.794358 -0.607109 0.020347 0 0
    14 -1.561513 0.567975 53.354828 -0.922213 -0.375512 -0.092271 0 0
  phy
    14 -3.903146 -0.848927 54.602903 -0.725577 -0.652333 -0.219090 0 0
    14 -5.524513 1.580229 56.949672 -0.359312 -0.911218 0.201434 0 0
    14 -4.210817 1.658460 55.278850 -0.794358 -0.607109 0.020347 0 0
  phy
    14 -5.524513 1.580229 56.949672 -0.359312 -0.911218 0.201434 0 0
    14 -3.662947 3.117218 55.526579 -0.638685 -0.676413 0.366806 0 0
    14 -4.210817 1.658460 55.278850 -0.794358 -0.607109 0.020347 0 0
  phy
    14 -4.137048 -4.313479 58.996201 0.006640 -0.771767 -0.635870 0 0
    14 -4.944924 -2.738838 61.349426 0.139305 -0.940621 -0.309559 0 0
    14 -4.428851 -2.587195 55.683909 -0.252266 -0.826750 -0.502837 0 0
  phy
    14 -4.137048 -4.313479 58.996201 0.006640 -0.771767 -0.635870 0 0
    14 -3.535515 -5.011340 61.061673 0.229793 -0.633829 -0.738550 0 0
    14 -4.944924 -2.738838 61.349426 0.139305 -0.940621 -0.309559 0 0
  phy
    14 -2.028662 -5.290252 56.864229 -0.185032 -0.409705 -0.893255 0 0
    14 -4.137048 -4.313479 58.996201 0.006640 -0.771767 -0.635870 0 0
    14 -4.428851 -2.587195 55.683909 -0.252266 -0.826750 -0.502837 0 0
  phy
    14 -4.137048 -4.313479 58.996201 0.006640 -0.771767 -0.635870 0 0
    14 -2.028662 -5.290252 56.864229 -0.185032 -0.409705 -0.893255 0 0
    14 -3.535515 -5.011340 61.061673 0.229793 -0.633829 -0.738550 0 0
  phy
    14 2.028654 -5.290251 56.864228 -0.185012 0.409720 -0.893253 0 0
    14 4.137041 -4.313479 58.996198 0.006678 0.771771 -0.635865 0 0
    14 3.535511 -5.011340 61.061670 0.229824 0.633822 -0.738546 0 0
  phy
    14 1.796312 -5.876343 60.712466 0.227571 0.267675 -0.936248 0 0
    14 2.028654 -5.290251 56.864228 -0.185012 0.409720 -0.893253 0 0
    14 3.535511 -5.011340 61.061670 0.229824 0.633822 -0.738546 0 0
  phy
    14 2.028654 -5.290251 56.864228 -0.185012 0.409720 -0.893253 0 0
    14 1.796312 -5.876343 60.712466 0.227571 0.267675 -0.936248 0 0
    14 -0.000004 -5.587684 56.782804 -0.082675 0.000006 -0.996577 0 0
  phy
    14 4.137041 -4.313479 58.996198 0.006678 0.771771 -0.635865 0 0
    14 2.028654 -5.290251 56.864228 -0.185012 0.409720 -0.893253 0 0
    14 4.428842 -2.587195 55.683905 -0.252225 0.826766 -0.502832 0 0
  phy
    14 2.028654 -5.290251 56.864228 -0.185012 0.409720 -0.893253 0 0
    14 -0.000006 -2.800643 52.947809 -0.542842 0.000016 -0.839835 0 0
    14 0.944957 -2.537080 52.997151 -0.713245 0.417601 -0.562930 0 0
  phy
    14 -0.000006 -2.800643 52.947809 -0.542842 0.000016 -0.839835 0 0
    14 2.028654 -5.290251 56.864228 -0.185012 0.409720 -0.893253 0 0
    14 -0.000004 -5.587684 56.782804 -0.082675 0.000006 -0.996577 0 0
  phy
    14 4.428842 -2.587195 55.683905 -0.252225 0.826766 -0.502832 0 0
    14 2.028654 -5.290251 56.864228 -0.185012 0.409720 -0.893253 0 0
    14 0.944957 -2.537080 52.997151 -0.713245 0.417601 -0.562930 0 0
  phy
    14 4.137041 -4.313479 58.996198 0.006678 0.771771 -0.635865 0 0
    14 4.428842 -2.587195 55.683905 -0.252225 0.826766 -0.502832 0 0
    14 4.944920 -2.738837 61.349421 0.139352 0.940616 -0.309553 0 0
  phy
    14 4.137041 -4.313479 58.996198 0.006678 0.771771 -0.635865 0 0
    14 4.944920 -2.738837 61.349421 0.139352 0.940616 -0.309553 0 0
    14 3.535511 -5.011340 61.061670 0.229824 0.633822 -0.738546 0 0
  phy
    14 4.944920 -2.738837 61.349421 0.139352 0.940616 -0.309553 0 0
    14 3.760498 -3.989328 63.139991 0.629062 0.693023 -0.352137 0 0
    14 3.535511 -5.011340 61.061670 0.229824 0.633822 -0.738546 0 0
  phy
    14 3.848483 4.807466 60.278835 -0.035246 0.748714 0.661956 0 0
    14 4.532504 1.885152 62.685806 0.315915 0.872536 0.372663 0 0
    14 5.811770 0.626562 58.951662 0.030785 0.998528 0.044645 0 0
  phy
    14 1.756622 -0.875830 64.975333 0.931276 0.252027 0.263074 0 0
    14 -0.000001 -2.992787 64.699531 0.997701 -0.000012 -0.067774 0 0
    14 2.353123 -1.797429 64.736189 0.932188 0.345684 0.107367 0 0
  phy
    14 2.353123 -1.797429 64.736189 0.932188 0.345684 0.107367 0 0
    14 3.708036 -0.342805 64.002942 0.745512 0.589605 0.310769 0 0
    14 1.756622 -0.875830 64.975333 0.931276 0.252027 0.263074 0 0
  phy
    14 -2.687031 1.127354 64.364447 0.775725 -0.446784 0.445685 0 0
    14 -1.412025 1.905978 64.531775 0.844608 -0.175670 0.505745 0 0
    14 -1.679478 4.659853 63.441205 0.447119 -0.355480 0.820804 0 0
  phy
    14 -1.679478 4.659853 63.441205 0.447119 -0.355480 0.820804 0 0
    14 -3.232075 3.690508 63.153337 0.474087 -0.628957 0.616161 0 0
    14 -2.687031 1.127354 64.364447 0.775725 -0.446784 0.445685 0 0
  phy
    14 -2.687031 1.127354 64.364447 0.775725 -0.446784 0.445685 0 0
    14 -3.232075 3.690508 63.153337 0.474087 -0.628957 0.616161 0 0
    14 -4.532507 1.885152 62.685809 0.353224 -0.854612 0.380620 0 0
  phy
    14 -4.532507 1.885152 62.685809 0.353224 -0.854612 0.380620 0 0
    14 -3.708038 -0.342804 64.002945 0.762251 -0.584246 0.278622 0 0
    14 -2.687031 1.127354 64.364447 0.775725 -0.446784 0.445685 0 0
  phy
    14 -2.687031 1.127354 64.364447 0.775725 -0.446784 0.445685 0 0
    14 -1.756624 -0.875830 64.975334 0.935791 -0.234001 0.263701 0 0
    14 -1.412025 1.905978 64.531775 0.844608 -0.175670 0.505745 0 0
  phy
    14 -2.687031 1.127354 64.364447 0.775725 -0.446784 0.445685 0 0
    14 -3.708038 -0.342804 64.002945 0.762251 -0.584246 0.278622 0 0
    14 -1.756624 -0.875830 64.975334 0.935791 -0.234001 0.263701 0 0
  phy
    14 -4.944924 -2.738838 61.349426 0.139305 -0.940621 -0.309559 0 0
    14 -3.535515 -5.011340 61.061673 0.229793 -0.633829 -0.738550 0 0
    14 -3.760501 -3.989328 63.139994 0.629027 -0.693052 -0.352142 0 0
  phy
    14 -2.579804 -2.748251 64.458504 0.931573 -0.343500 -0.119077 0 0
    14 -0.000001 -2.992787 64.699531 0.997701 -0.000012 -0.067774 0 0
    14 -2.353124 -1.797429 64.736191 0.932171 -0.345732 0.107365 0 0
  phy
    14 -2.353124 -1.797429 64.736191 0.932171 -0.345732 0.107365 0 0
    14 -0.000001 -2.992787 64.699531 0.997701 -0.000012 -0.067774 0 0
    14 -1.756624 -0.875830 64.975334 0.935791 -0.234001 0.263701 0 0
  phy
    14 -1.756624 -0.875830 64.975334 0.935791 -0.234001 0.263701 0 0
    14 -3.708038 -0.342804 64.002945 0.762251 -0.584246 0.278622 0 0
    14 -2.353124 -1.797429 64.736191 0.932171 -0.345732 0.107365 0 0
  phy
    14 -0.000004 5.945006 58.031145 -0.275541 0.000004 0.961289 0 0
    14 -0.000004 5.684044 55.977717 -0.519802 0.000010 0.854287 0 0
    14 -1.297269 5.718459 57.949458 -0.307304 -0.309727 0.899796 0 0
  phy
    14 -1.412025 1.905978 64.531775 0.844608 -0.175670 0.505745 0 0
    14 -0.000001 4.971938 63.534397 0.478449 -0.000014 0.878115 0 0
    14 -1.679478 4.659853 63.441205 0.447119 -0.355480 0.820804 0 0
  phy
    14 -3.848489 4.807466 60.278838 -0.036154 -0.748733 0.661885 0 0
    14 -3.232075 3.690508 63.153337 0.474087 -0.628957 0.616161 0 0
    14 -1.679478 4.659853 63.441205 0.447119 -0.355480 0.820804 0 0
  phy
    14 -4.428851 -2.587195 55.683909 -0.252266 -0.826750 -0.502837 0 0
    14 -5.524513 1.580229 56.949672 -0.359312 -0.911218 0.201434 0 0
    14 -3.903146 -0.848927 54.602903 -0.725577 -0.652333 -0.219090 0 0
  phy
    14 -4.428851 -2.587195 55.683909 -0.252266 -0.826750 -0.502837 0 0
    14 -3.903146 -0.848927 54.602903 -0.725577 -0.652333 -0.219090 0 0
    14 -0.944968 -2.537081 52.997152 -0.713266 -0.417562 -0.562933 0 0
  phy
    14 -3.903146 -0.848927 54.602903 -0.725577 -0.652333 -0.219090 0 0
    14 -1.561513 0.567975 53.354828 -0.922213 -0.375512 -0.092271 0 0
    14 -0.944968 -2.537081 52.997152 -0.713266 -0.417562 -0.562933 0 0
  phy
    14 -0.000006 -2.800643 52.947809 -0.542842 0.000016 -0.839835 0 0
    14 -2.028662 -5.290252 56.864229 -0.185032 -0.409705 -0.893255 0 0
    14 -0.944968 -2.537081 52.997152 -0.713266 -0.417562 -0.562933 0 0
  phy
    14 -2.028662 -5.290252 56.864229 -0.185032 -0.409705 -0.893255 0 0
    14 -0.000006 -2.800643 52.947809 -0.542842 0.000016 -0.839835 0 0
    14 -0.000004 -5.587684 56.782804 -0.082675 0.000006 -0.996577 0 0
  phy
    14 -2.028662 -5.290252 56.864229 -0.185032 -0.409705 -0.893255 0 0
    14 -4.428851 -2.587195 55.683909 -0.252266 -0.826750 -0.502837 0 0
    14 -0.944968 -2.537081 52.997152 -0.713266 -0.417562 -0.562933 0 0
  phy
    14 -0.000005 4.585264 54.553971 -0.853852 0.000020 0.520515 0 0
    14 -1.196769 3.302453 53.861296 -0.898837 -0.395627 0.188607 0 0
    14 -1.372902 5.395064 55.919411 -0.637114 -0.350476 0.686479 0 0
  phy
    14 -0.000005 4.585264 54.553971 -0.853852 0.000020 0.520515 0 0
    14 -1.372902 5.395064 55.919411 -0.637114 -0.350476 0.686479 0 0
    14 -0.000004 5.684044 55.977717 -0.519802 0.000010 0.854287 0 0
  phy
    14 0.944957 -2.537080 52.997151 -0.713245 0.417601 -0.562930 0 0
    14 1.561503 0.567975 53.354827 -0.922194 0.375559 -0.092268 0 0
    14 3.903136 -0.848927 54.602899 -0.725544 0.652371 -0.219086 0 0
  phy
    14 1.561503 0.567975 53.354827 -0.922194 0.375559 -0.092268 0 0
    14 0.944957 -2.537080 52.997151 -0.713245 0.417601 -0.562930 0 0
    14 -0.000005 0.726724 53.334964 -0.992231 0.000025 -0.124413 0 0
  phy
    14 -0.000005 2.203273 53.598398 -0.998189 0.000025 -0.060151 0 0
    14 1.561503 0.567975 53.354827 -0.922194 0.375559 -0.092268 0 0
    14 -0.000005 0.726724 53.334964 -0.992231 0.000025 -0.124413 0 0
  phy
    14 5.524505 1.580229 56.949667 -0.359267 0.911235 0.201440 0 0
    14 4.428842 -2.587195 55.683905 -0.252225 0.826766 -0.502832 0 0
    14 3.903136 -0.848927 54.602899 -0.725544 0.652371 -0.219086 0 0
  phy
    14 4.428842 -2.587195 55.683905 -0.252225 0.826766 -0.502832 0 0
    14 5.524505 1.580229 56.949667 -0.359267 0.911235 0.201440 0 0
    14 5.811770 0.626562 58.951662 0.030785 0.998528 0.044645 0 0
  phy
    14 4.944920 -2.738837 61.349421 0.139352 0.940616 -0.309553 0 0
    14 4.428842 -2.587195 55.683905 -0.252225 0.826766 -0.502832 0 0
    14 5.811770 0.626562 58.951662 0.030785 0.998528 0.044645 0 0
  phy
    14 4.428842 -2.587195 55.683905 -0.252225 0.826766 -0.502832 0 0
    14 0.944957 -2.537080 52.997151 -0.713245 0.417601 -0.562930 0 0
    14 3.903136 -0.848927 54.602899 -0.725544 0.652371 -0.219086 0 0
  phy
    14 0.944957 -2.537080 52.997151 -0.713245 0.417601 -0.562930 0 0
    14 -0.000006 -2.800643 52.947809 -0.542842 0.000016 -0.839835 0 0
    14 -0.000005 0.726724 53.334964 -0.992231 0.000025 -0.124413 0 0
  phy
    14 -0.000005 0.726724 53.334964 -0.992231 0.000025 -0.124413 0 0
    14 -0.000006 -2.800643 52.947809 -0.542842 0.000016 -0.839835 0 0
    14 -0.944968 -2.537081 52.997152 -0.713266 -0.417562 -0.562933 0 0
  phy
    14 -5.195010 -0.527898 62.045603 0.319334 -0.945000 0.070714 0 0
    14 -5.811776 0.626562 58.951667 0.030735 -0.998530 0.044639 0 0
    14 -4.944924 -2.738838 61.349426 0.139305 -0.940621 -0.309559 0 0
  phy
    14 -4.532507 1.885152 62.685809 0.353224 -0.854612 0.380620 0 0
    14 -5.811776 0.626562 58.951667 0.030735 -0.998530 0.044639 0 0
    14 -5.195010 -0.527898 62.045603 0.319334 -0.945000 0.070714 0 0
  phy
    14 5.524505 1.580229 56.949667 -0.359267 0.911235 0.201440 0 0
    14 3.848483 4.807466 60.278835 -0.035246 0.748714 0.661956 0 0
    14 5.811770 0.626562 58.951662 0.030785 0.998528 0.044645 0 0
  phy
    14 -0.000002 2.271048 64.570719 0.863841 0.003518 0.503753 0 0
    14 -0.000001 4.971938 63.534397 0.478449 -0.000014 0.878115 0 0
    14 -1.412025 1.905978 64.531775 0.844608 -0.175670 0.505745 0 0
  phy
    14 -1.412025 1.905978 64.531775 0.844608 -0.175670 0.505745 0 0
    14 -0.588050 -0.281186 65.094915 0.952977 -0.049204 0.299021 0 0
    14 -0.000002 2.271048 64.570719 0.863841 0.003518 0.503753 0 0
  phy
    14 -1.756624 -0.875830 64.975334 0.935791 -0.234001 0.263701 0 0
    14 -0.588050 -0.281186 65.094915 0.952977 -0.049204 0.299021 0 0
    14 -1.412025 1.905978 64.531775 0.844608 -0.175670 0.505745 0 0
  phy
    14 -1.297269 5.718459 57.949458 -0.307304 -0.309727 0.899796 0 0
    14 -3.244676 4.847017 57.755100 -0.393310 -0.655471 0.644721 0 0
    14 -3.848489 4.807466 60.278838 -0.036154 -0.748733 0.661885 0 0
  phy
    14 -1.372902 5.395064 55.919411 -0.637114 -0.350476 0.686479 0 0
    14 -3.244676 4.847017 57.755100 -0.393310 -0.655471 0.644721 0 0
    14 -1.297269 5.718459 57.949458 -0.307304 -0.309727 0.899796 0 0
  phy
    14 -1.297269 5.718459 57.949458 -0.307304 -0.309727 0.899796 0 0
    14 -0.000004 5.684044 55.977717 -0.519802 0.000010 0.854287 0 0
    14 -1.372902 5.395064 55.919411 -0.637114 -0.350476 0.686479 0 0
  phy
    14 -1.196769 3.302453 53.861296 -0.898837 -0.395627 0.188607 0 0
    14 -2.635951 4.522705 55.789773 -0.682104 -0.544752 0.487831 0 0
    14 -1.372902 5.395064 55.919411 -0.637114 -0.350476 0.686479 0 0
  phy
    14 -2.635951 4.522705 55.789773 -0.682104 -0.544752 0.487831 0 0
    14 -1.196769 3.302453 53.861296 -0.898837 -0.395627 0.188607 0 0
    14 -3.662947 3.117218 55.526579 -0.638685 -0.676413 0.366806 0 0
  phy
    14 -2.635951 4.522705 55.789773 -0.682104 -0.544752 0.487831 0 0
    14 -3.244676 4.847017 57.755100 -0.393310 -0.655471 0.644721 0 0
    14 -1.372902 5.395064 55.919411 -0.637114 -0.350476 0.686479 0 0
  phy
    14 -3.662947 3.117218 55.526579 -0.638685 -0.676413 0.366806 0 0
    14 -3.244676 4.847017 57.755100 -0.393310 -0.655471 0.644721 0 0
    14 -2.635951 4.522705 55.789773 -0.682104 -0.544752 0.487831 0 0
  phy
    14 -3.848489 4.807466 60.278838 -0.036154 -0.748733 0.661885 0 0
    14 -5.811776 0.626562 58.951667 0.030735 -0.998530 0.044639 0 0
    14 -4.532507 1.885152 62.685809 0.353224 -0.854612 0.380620 0 0
  phy
    14 -5.524513 1.580229 56.949672 -0.359312 -0.911218 0.201434 0 0
    14 -5.811776 0.626562 58.951667 0.030735 -0.998530 0.044639 0 0
    14 -3.848489 4.807466 60.278838 -0.036154 -0.748733 0.661885 0 0
  phy
    14 -3.848489 4.807466 60.278838 -0.036154 -0.748733 0.661885 0 0
    14 -3.244676 4.847017 57.755100 -0.393310 -0.655471 0.644721 0 0
    14 -5.524513 1.580229 56.949672 -0.359312 -0.911218 0.201434 0 0
  phy
    14 -4.532507 1.885152 62.685809 0.353224 -0.854612 0.380620 0 0
    14 -3.232075 3.690508 63.153337 0.474087 -0.628957 0.616161 0 0
    14 -3.848489 4.807466 60.278838 -0.036154 -0.748733 0.661885 0 0
  phy
    14 -4.944924 -2.738838 61.349426 0.139305 -0.940621 -0.309559 0 0
    14 -5.811776 0.626562 58.951667 0.030735 -0.998530 0.044639 0 0
    14 -4.428851 -2.587195 55.683909 -0.252266 -0.826750 -0.502837 0 0
  phy
    14 -4.428851 -2.587195 55.683909 -0.252266 -0.826750 -0.502837 0 0
    14 -5.811776 0.626562 58.951667 0.030735 -0.998530 0.044639 0 0
    14 -5.524513 1.580229 56.949672 -0.359312 -0.911218 0.201434 0 0
  phy
    14 -1.561513 0.567975 53.354828 -0.922213 -0.375512 -0.092271 0 0
    14 -1.196769 3.302453 53.861296 -0.898837 -0.395627 0.188607 0 0
    14 -0.000005 2.203273 53.598398 -0.998189 0.000025 -0.060151 0 0
  phy
    14 -0.000005 2.203273 53.598398 -0.998189 0.000025 -0.060151 0 0
    14 -1.196769 3.302453 53.861296 -0.898837 -0.395627 0.188607 0 0
    14 -0.000005 3.377719 53.847955 -0.999984 0.000025 0.005625 0 0
  phy
    14 -1.756624 -0.875830 64.975334 0.935791 -0.234001 0.263701 0 0
    14 -0.000001 -2.992787 64.699531 0.997701 -0.000012 -0.067774 0 0
    14 -0.588050 -0.281186 65.094915 0.952977 -0.049204 0.299021 0 0
  phy
    14 -5.524513 1.580229 56.949672 -0.359312 -0.911218 0.201434 0 0
    14 -3.244676 4.847017 57.755100 -0.393310 -0.655471 0.644721 0 0
    14 -3.662947 3.117218 55.526579 -0.638685 -0.676413 0.366806 0 0
  phy
    14 -1.561513 0.567975 53.354828 -0.922213 -0.375512 -0.092271 0 0
    14 -0.000005 2.203273 53.598398 -0.998189 0.000025 -0.060151 0 0
    14 -0.000005 0.726724 53.334964 -0.992231 0.000025 -0.124413 0 0
  phy
    14 -1.561513 0.567975 53.354828 -0.922213 -0.375512 -0.092271 0 0
    14 -0.000005 0.726724 53.334964 -0.992231 0.000025 -0.124413 0 0
    14 -0.944968 -2.537081 52.997152 -0.713266 -0.417562 -0.562933 0 0
end
