// Created by Crowbar 0.76
version 1
nodes
  0 "ValveBiped.Bip01_Pelvis" -1
  1 "ValveBiped.Bip01_L_Thigh" 0
  2 "ValveBiped.Bip01_L_Calf" 1
  3 "ValveBiped.Bip01_L_Foot" 2
  4 "ValveBiped.Bip01_Spine" 0
  5 "ValveBiped.Bip01_Spine1" 4
  6 "ValveBiped.Bip01_Spine2" 5
  7 "ValveBiped.Bip01_Spine4" 6
  8 "ValveBiped.Bip01_R_Clavicle" 7
  9 "ValveBiped.Bip01_R_UpperArm" 8
  10 "ValveBiped.Bip01_R_Forearm" 9
  11 "ValveBiped.Bip01_R_Thigh" 0
  12 "ValveBiped.Bip01_R_Calf" 11
  13 "ValveBiped.Bip01_R_Foot" 12
  14 "ValveBiped.Bip01_L_Clavicle" 7
  15 "ValveBiped.Bip01_L_UpperArm" 14
  16 "ValveBiped.Bip01_L_Forearm" 15
  17 "ValveBiped.Bip01_L_Hand" 16
  18 "ValveBiped.Bip01_R_Hand" 10
  19 "ValveBiped.Bip01_L_Toe0" 3
  20 "ValveBiped.Bip01_R_Toe0" 13
end
skeleton
  time 0
    0 -0.002348 -0.531250 38.562500 1.570793 0.000003 -0.000001
    1 3.888672 0.000004 -0.000003 -1.571081 0.000000 -1.570796
    2 17.843750 -0.000001 0.000000 -0.004933 0.000000 0.000000
    3 16.515625 -0.000001 0.000000 0.008763 0.017255 -1.010369
    4 0.000005 3.343750 -2.980469 1.570795 0.086294 1.570791
    5 4.015625 0.000000 0.000000 0.000000 0.000001 -0.029231
    6 3.517578 0.000008 0.000000 0.000000 -0.000044 0.100329
    7 8.937500 0.000000 0.000000 0.000009 0.000052 0.194100
    8 2.033203 1.000000 -1.937500 -1.574432 1.117754 2.959611
    9 6.027344 -0.000011 -0.000001 1.570038 -0.001591 0.453045
    10 11.687500 0.000031 -0.000004 -0.000419 0.000000 0.000000
    11 -3.888672 0.000008 0.000007 -1.570525 0.000000 -1.570796
    12 17.843750 0.000000 0.000000 0.004880 0.000000 0.000000
    13 16.515625 0.000001 -0.000001 -0.002096 -0.019462 -1.010223
    14 2.033203 1.000000 1.937500 1.564403 -1.116058 2.970024
    15 6.027344 0.000004 0.000000 -1.573133 -0.002806 0.454726
    16 11.687500 -0.000016 0.000023 -0.000192 0.000000 0.000000
    17 11.476563 0.000088 -0.000027 1.573454 -0.106738 0.134901
    18 11.476563 -0.000021 -0.000008 -1.563666 0.106381 0.130249
    19 6.878906 0.000005 0.000002 -0.001025 -0.003549 -0.555366
    20 6.878906 0.000001 0.000000 -0.061126 0.006074 -0.556014
  time 1
    0 -0.002348 -0.531250 38.562500 1.570793 0.000003 -0.000001
    1 3.888672 0.000004 -0.000003 -1.571081 0.000000 -1.570796
    2 17.843750 -0.000001 0.000000 -0.004933 0.000000 0.000000
    3 16.515625 -0.000001 0.000000 0.008763 0.017255 -1.010369
    4 0.000005 3.343750 -2.980469 1.570795 0.086294 1.570791
    5 4.015625 0.000000 0.000000 0.000000 0.000001 -0.029231
    6 3.517578 0.000008 0.000000 0.000000 -0.000044 0.100329
    7 8.937500 0.000000 0.000000 0.000009 0.000052 0.194100
    8 2.033203 1.000000 -1.937500 -1.574432 1.117754 2.959611
    9 6.027344 -0.000011 -0.000001 1.570038 -0.001591 0.453045
    10 11.687500 0.000031 -0.000004 -0.000419 0.000000 0.000000
    11 -3.888672 0.000008 0.000007 -1.570525 0.000000 -1.570796
    12 17.843750 0.000000 0.000000 0.004880 0.000000 0.000000
    13 16.515625 0.000001 -0.000001 -0.002096 -0.019462 -1.010223
    14 2.033203 1.000000 1.937500 1.564403 -1.116058 2.970024
    15 6.027344 0.000004 0.000000 -1.573133 -0.002806 0.454726
    16 11.687500 -0.000016 0.000023 -0.000192 0.000000 0.000000
    17 11.476563 0.000088 -0.000027 1.573454 -0.106738 0.134901
    18 11.476563 -0.000021 -0.000008 -1.563666 0.106381 0.130249
    19 6.878906 0.000005 0.000002 -0.001025 -0.003549 -0.555366
    20 6.878906 0.000001 0.000000 -0.061126 0.006074 -0.556014
  time 2
    0 -0.002348 -0.531250 38.562500 1.570793 0.000003 -0.000001
    1 3.888672 0.000004 -0.000003 -1.571081 0.000000 -1.570796
    2 17.843750 -0.000001 0.000000 -0.004933 0.000000 0.000000
    3 16.515625 -0.000001 0.000000 0.008763 0.017255 -1.010369
    4 0.000005 3.343750 -2.980469 1.570795 0.086294 1.570791
    5 4.015625 0.000000 0.000000 0.000000 0.000001 -0.029231
    6 3.517578 0.000008 0.000000 0.000000 -0.000044 0.100329
    7 8.937500 0.000000 0.000000 0.000009 0.000052 0.194100
    8 2.033203 1.000000 -1.937500 -1.574432 1.117754 2.959611
    9 6.027344 -0.000011 -0.000001 1.570038 -0.001591 0.453045
    10 11.687500 0.000031 -0.000004 -0.000419 0.000000 0.000000
    11 -3.888672 0.000008 0.000007 -1.570525 0.000000 -1.570796
    12 17.843750 0.000000 0.000000 0.004880 0.000000 0.000000
    13 16.515625 0.000001 -0.000001 -0.002096 -0.019462 -1.010223
    14 2.033203 1.000000 1.937500 1.564403 -1.116058 2.970024
    15 6.027344 0.000004 0.000000 -1.573133 -0.002806 0.454726
    16 11.687500 -0.000016 0.000023 -0.000192 0.000000 0.000000
    17 11.476563 0.000088 -0.000027 1.573454 -0.106738 0.134901
    18 11.476563 -0.000021 -0.000008 -1.563666 0.106381 0.130249
    19 6.878906 0.000005 0.000002 -0.001025 -0.003549 -0.555366
    20 6.878906 0.000001 0.000000 -0.061126 0.006074 -0.556014
  time 3
    0 -0.002348 -0.531250 38.562500 1.570793 0.000003 -0.000001
    1 3.888672 0.000004 -0.000003 -1.571081 0.000000 -1.570796
    2 17.843750 -0.000001 0.000000 -0.004933 0.000000 0.000000
    3 16.515625 -0.000001 0.000000 0.008763 0.017255 -1.010369
    4 0.000005 3.343750 -2.980469 1.570795 0.086294 1.570791
    5 4.015625 0.000000 0.000000 0.000000 0.000001 -0.029231
    6 3.517578 0.000008 0.000000 0.000000 -0.000044 0.100329
    7 8.937500 0.000000 0.000000 0.000009 0.000052 0.194100
    8 2.033203 1.000000 -1.937500 -1.574432 1.117754 2.959611
    9 6.027344 -0.000011 -0.000001 1.570038 -0.001591 0.453045
    10 11.687500 0.000031 -0.000004 -0.000419 0.000000 0.000000
    11 -3.888672 0.000008 0.000007 -1.570525 0.000000 -1.570796
    12 17.843750 0.000000 0.000000 0.004880 0.000000 0.000000
    13 16.515625 0.000001 -0.000001 -0.002096 -0.019462 -1.010223
    14 2.033203 1.000000 1.937500 1.564403 -1.116058 2.970024
    15 6.027344 0.000004 0.000000 -1.573133 -0.002806 0.454726
    16 11.687500 -0.000016 0.000023 -0.000192 0.000000 0.000000
    17 11.476563 0.000088 -0.000027 1.573454 -0.106738 0.134901
    18 11.476563 -0.000021 -0.000008 -1.563666 0.106381 0.130249
    19 6.878906 0.000005 0.000002 -0.001025 -0.003549 -0.555366
    20 6.878906 0.000001 0.000000 -0.061126 0.006074 -0.556014
  time 4
    0 -0.002348 -0.531250 38.562500 1.570793 0.000003 -0.000001
    1 3.888672 0.000004 -0.000003 -1.571081 0.000000 -1.570796
    2 17.843750 -0.000001 0.000000 -0.004933 0.000000 0.000000
    3 16.515625 -0.000001 0.000000 0.008763 0.017255 -1.010369
    4 0.000005 3.343750 -2.980469 1.570795 0.086294 1.570791
    5 4.015625 0.000000 0.000000 0.000000 0.000001 -0.029231
    6 3.517578 0.000008 0.000000 0.000000 -0.000044 0.100329
    7 8.937500 0.000000 0.000000 0.000009 0.000052 0.194100
    8 2.033203 1.000000 -1.937500 -1.574432 1.117754 2.959611
    9 6.027344 -0.000011 -0.000001 1.570038 -0.001591 0.453045
    10 11.687500 0.000031 -0.000004 -0.000419 0.000000 0.000000
    11 -3.888672 0.000008 0.000007 -1.570525 0.000000 -1.570796
    12 17.843750 0.000000 0.000000 0.004880 0.000000 0.000000
    13 16.515625 0.000001 -0.000001 -0.002096 -0.019462 -1.010223
    14 2.033203 1.000000 1.937500 1.564403 -1.116058 2.970024
    15 6.027344 0.000004 0.000000 -1.573133 -0.002806 0.454726
    16 11.687500 -0.000016 0.000023 -0.000192 0.000000 0.000000
    17 11.476563 0.000088 -0.000027 1.573454 -0.106738 0.134901
    18 11.476563 -0.000021 -0.000008 -1.563666 0.106381 0.130249
    19 6.878906 0.000005 0.000002 -0.001025 -0.003549 -0.555366
    20 6.878906 0.000001 0.000000 -0.061126 0.006074 -0.556014
  time 5
    0 -0.002348 -0.531250 38.562500 1.570793 0.000003 -0.000001
    1 3.888672 0.000004 -0.000003 -1.571081 0.000000 -1.570796
    2 17.843750 -0.000001 0.000000 -0.004933 0.000000 0.000000
    3 16.515625 -0.000001 0.000000 0.008763 0.017255 -1.010369
    4 0.000005 3.343750 -2.980469 1.570795 0.086294 1.570791
    5 4.015625 0.000000 0.000000 0.000000 0.000001 -0.029231
    6 3.517578 0.000008 0.000000 0.000000 -0.000044 0.100329
    7 8.937500 0.000000 0.000000 0.000009 0.000052 0.194100
    8 2.033203 1.000000 -1.937500 -1.574432 1.117754 2.959611
    9 6.027344 -0.000011 -0.000001 1.570038 -0.001591 0.453045
    10 11.687500 0.000031 -0.000004 -0.000419 0.000000 0.000000
    11 -3.888672 0.000008 0.000007 -1.570525 0.000000 -1.570796
    12 17.843750 0.000000 0.000000 0.004880 0.000000 0.000000
    13 16.515625 0.000001 -0.000001 -0.002096 -0.019462 -1.010223
    14 2.033203 1.000000 1.937500 1.564403 -1.116058 2.970024
    15 6.027344 0.000004 0.000000 -1.573133 -0.002806 0.454726
    16 11.687500 -0.000016 0.000023 -0.000192 0.000000 0.000000
    17 11.476563 0.000088 -0.000027 1.573454 -0.106738 0.134901
    18 11.476563 -0.000021 -0.000008 -1.563666 0.106381 0.130249
    19 6.878906 0.000005 0.000002 -0.001025 -0.003549 -0.555366
    20 6.878906 0.000001 0.000000 -0.061126 0.006074 -0.556014
  time 6
    0 -0.002348 -0.531250 38.562500 1.570793 0.000003 -0.000001
    1 3.888672 0.000004 -0.000003 -1.571081 0.000000 -1.570796
    2 17.843750 -0.000001 0.000000 -0.004933 0.000000 0.000000
    3 16.515625 -0.000001 0.000000 0.008763 0.017255 -1.010369
    4 0.000005 3.343750 -2.980469 1.570795 0.086294 1.570791
    5 4.015625 0.000000 0.000000 0.000000 0.000001 -0.029231
    6 3.517578 0.000008 0.000000 0.000000 -0.000044 0.100329
    7 8.937500 0.000000 0.000000 0.000009 0.000052 0.194100
    8 2.033203 1.000000 -1.937500 -1.574432 1.117754 2.959611
    9 6.027344 -0.000011 -0.000001 1.570038 -0.001591 0.453045
    10 11.687500 0.000031 -0.000004 -0.000419 0.000000 0.000000
    11 -3.888672 0.000008 0.000007 -1.570525 0.000000 -1.570796
    12 17.843750 0.000000 0.000000 0.004880 0.000000 0.000000
    13 16.515625 0.000001 -0.000001 -0.002096 -0.019462 -1.010223
    14 2.033203 1.000000 1.937500 1.564403 -1.116058 2.970024
    15 6.027344 0.000004 0.000000 -1.573133 -0.002806 0.454726
    16 11.687500 -0.000016 0.000023 -0.000192 0.000000 0.000000
    17 11.476563 0.000088 -0.000027 1.573454 -0.106738 0.134901
    18 11.476563 -0.000021 -0.000008 -1.563666 0.106381 0.130249
    19 6.878906 0.000005 0.000002 -0.001025 -0.003549 -0.555366
    20 6.878906 0.000001 0.000000 -0.061126 0.006074 -0.556014
  time 7
    0 -0.002348 -0.531250 38.562500 1.570793 0.000003 -0.000001
    1 3.888672 0.000004 -0.000003 -1.571081 0.000000 -1.570796
    2 17.843750 -0.000001 0.000000 -0.004933 0.000000 0.000000
    3 16.515625 -0.000001 0.000000 0.008763 0.017255 -1.010369
    4 0.000005 3.343750 -2.980469 1.570795 0.086294 1.570791
    5 4.015625 0.000000 0.000000 0.000000 0.000001 -0.029231
    6 3.517578 0.000008 0.000000 0.000000 -0.000044 0.100329
    7 8.937500 0.000000 0.000000 0.000009 0.000052 0.194100
    8 2.033203 1.000000 -1.937500 -1.574432 1.117754 2.959611
    9 6.027344 -0.000011 -0.000001 1.570038 -0.001591 0.453045
    10 11.687500 0.000031 -0.000004 -0.000419 0.000000 0.000000
    11 -3.888672 0.000008 0.000007 -1.570525 0.000000 -1.570796
    12 17.843750 0.000000 0.000000 0.004880 0.000000 0.000000
    13 16.515625 0.000001 -0.000001 -0.002096 -0.019462 -1.010223
    14 2.033203 1.000000 1.937500 1.564403 -1.116058 2.970024
    15 6.027344 0.000004 0.000000 -1.573133 -0.002806 0.454726
    16 11.687500 -0.000016 0.000023 -0.000192 0.000000 0.000000
    17 11.476563 0.000088 -0.000027 1.573454 -0.106738 0.134901
    18 11.476563 -0.000021 -0.000008 -1.563666 0.106381 0.130249
    19 6.878906 0.000005 0.000002 -0.001025 -0.003549 -0.555366
    20 6.878906 0.000001 0.000000 -0.061126 0.006074 -0.556014
  time 8
    0 -0.002348 -0.531250 38.562500 1.570793 0.000003 -0.000001
    1 3.888672 0.000004 -0.000003 -1.571081 0.000000 -1.570796
    2 17.843750 -0.000001 0.000000 -0.004933 0.000000 0.000000
    3 16.515625 -0.000001 0.000000 0.008763 0.017255 -1.010369
    4 0.000005 3.343750 -2.980469 1.570795 0.086294 1.570791
    5 4.015625 0.000000 0.000000 0.000000 0.000001 -0.029231
    6 3.517578 0.000008 0.000000 0.000000 -0.000044 0.100329
    7 8.937500 0.000000 0.000000 0.000009 0.000052 0.194100
    8 2.033203 1.000000 -1.937500 -1.574432 1.117754 2.959611
    9 6.027344 -0.000011 -0.000001 1.570038 -0.001591 0.453045
    10 11.687500 0.000031 -0.000004 -0.000419 0.000000 0.000000
    11 -3.888672 0.000008 0.000007 -1.570525 0.000000 -1.570796
    12 17.843750 0.000000 0.000000 0.004880 0.000000 0.000000
    13 16.515625 0.000001 -0.000001 -0.002096 -0.019462 -1.010223
    14 2.033203 1.000000 1.937500 1.564403 -1.116058 2.970024
    15 6.027344 0.000004 0.000000 -1.573133 -0.002806 0.454726
    16 11.687500 -0.000016 0.000023 -0.000192 0.000000 0.000000
    17 11.476563 0.000088 -0.000027 1.573454 -0.106738 0.134901
    18 11.476563 -0.000021 -0.000008 -1.563666 0.106381 0.130249
    19 6.878906 0.000005 0.000002 -0.001025 -0.003549 -0.555366
    20 6.878906 0.000001 0.000000 -0.061126 0.006074 -0.556014
  time 9
    0 -0.002348 -0.531250 38.562500 1.570793 0.000003 -0.000001
    1 3.888672 0.000004 -0.000003 -1.571081 0.000000 -1.570796
    2 17.843750 -0.000001 0.000000 -0.004933 0.000000 0.000000
    3 16.515625 -0.000001 0.000000 0.008763 0.017255 -1.010369
    4 0.000005 3.343750 -2.980469 1.570795 0.086294 1.570791
    5 4.015625 0.000000 0.000000 0.000000 0.000001 -0.029231
    6 3.517578 0.000008 0.000000 0.000000 -0.000044 0.100329
    7 8.937500 0.000000 0.000000 0.000009 0.000052 0.194100
    8 2.033203 1.000000 -1.937500 -1.574432 1.117754 2.959611
    9 6.027344 -0.000011 -0.000001 1.570038 -0.001591 0.453045
    10 11.687500 0.000031 -0.000004 -0.000419 0.000000 0.000000
    11 -3.888672 0.000008 0.000007 -1.570525 0.000000 -1.570796
    12 17.843750 0.000000 0.000000 0.004880 0.000000 0.000000
    13 16.515625 0.000001 -0.000001 -0.002096 -0.019462 -1.010223
    14 2.033203 1.000000 1.937500 1.564403 -1.116058 2.970024
    15 6.027344 0.000004 0.000000 -1.573133 -0.002806 0.454726
    16 11.687500 -0.000016 0.000023 -0.000192 0.000000 0.000000
    17 11.476563 0.000088 -0.000027 1.573454 -0.106738 0.134901
    18 11.476563 -0.000021 -0.000008 -1.563666 0.106381 0.130249
    19 6.878906 0.000005 0.000002 -0.001025 -0.003549 -0.555366
    20 6.878906 0.000001 0.000000 -0.061126 0.006074 -0.556014
  time 10
    0 -0.002348 -0.531250 38.562500 1.570793 0.000003 -0.000001
    1 3.888672 0.000004 -0.000003 -1.571081 0.000000 -1.570796
    2 17.843750 -0.000001 0.000000 -0.004933 0.000000 0.000000
    3 16.515625 -0.000001 0.000000 0.008763 0.017255 -1.010369
    4 0.000005 3.343750 -2.980469 1.570795 0.086294 1.570791
    5 4.015625 0.000000 0.000000 0.000000 0.000001 -0.029231
    6 3.517578 0.000008 0.000000 0.000000 -0.000044 0.100329
    7 8.937500 0.000000 0.000000 0.000009 0.000052 0.194100
    8 2.033203 1.000000 -1.937500 -1.574432 1.117754 2.959611
    9 6.027344 -0.000011 -0.000001 1.570038 -0.001591 0.453045
    10 11.687500 0.000031 -0.000004 -0.000419 0.000000 0.000000
    11 -3.888672 0.000008 0.000007 -1.570525 0.000000 -1.570796
    12 17.843750 0.000000 0.000000 0.004880 0.000000 0.000000
    13 16.515625 0.000001 -0.000001 -0.002096 -0.019462 -1.010223
    14 2.033203 1.000000 1.937500 1.564403 -1.116058 2.970024
    15 6.027344 0.000004 0.000000 -1.573133 -0.002806 0.454726
    16 11.687500 -0.000016 0.000023 -0.000192 0.000000 0.000000
    17 11.476563 0.000088 -0.000027 1.573454 -0.106738 0.134901
    18 11.476563 -0.000021 -0.000008 -1.563666 0.106381 0.130249
    19 6.878906 0.000005 0.000002 -0.001025 -0.003549 -0.555366
    20 6.878906 0.000001 0.000000 -0.061126 0.006074 -0.556014
  time 11
    0 -0.002348 -0.531250 38.562500 1.570793 0.000003 -0.000001
    1 3.888672 0.000004 -0.000003 -1.571081 0.000000 -1.570796
    2 17.843750 -0.000001 0.000000 -0.004933 0.000000 0.000000
    3 16.515625 -0.000001 0.000000 0.008763 0.017255 -1.010369
    4 0.000005 3.343750 -2.980469 1.570795 0.086294 1.570791
    5 4.015625 0.000000 0.000000 0.000000 0.000001 -0.029231
    6 3.517578 0.000008 0.000000 0.000000 -0.000044 0.100329
    7 8.937500 0.000000 0.000000 0.000009 0.000052 0.194100
    8 2.033203 1.000000 -1.937500 -1.574432 1.117754 2.959611
    9 6.027344 -0.000011 -0.000001 1.570038 -0.001591 0.453045
    10 11.687500 0.000031 -0.000004 -0.000419 0.000000 0.000000
    11 -3.888672 0.000008 0.000007 -1.570525 0.000000 -1.570796
    12 17.843750 0.000000 0.000000 0.004880 0.000000 0.000000
    13 16.515625 0.000001 -0.000001 -0.002096 -0.019462 -1.010223
    14 2.033203 1.000000 1.937500 1.564403 -1.116058 2.970024
    15 6.027344 0.000004 0.000000 -1.573133 -0.002806 0.454726
    16 11.687500 -0.000016 0.000023 -0.000192 0.000000 0.000000
    17 11.476563 0.000088 -0.000027 1.573454 -0.106738 0.134901
    18 11.476563 -0.000021 -0.000008 -1.563666 0.106381 0.130249
    19 6.878906 0.000005 0.000002 -0.001025 -0.003549 -0.555366
    20 6.878906 0.000001 0.000000 -0.061126 0.006074 -0.556014
  time 12
    0 -0.002348 -0.531250 38.562500 1.570793 0.000003 -0.000001
    1 3.888672 0.000004 -0.000003 -1.571081 0.000000 -1.570796
    2 17.843750 -0.000001 0.000000 -0.004933 0.000000 0.000000
    3 16.515625 -0.000001 0.000000 0.008763 0.017255 -1.010369
    4 0.000005 3.343750 -2.980469 1.570795 0.086294 1.570791
    5 4.015625 0.000000 0.000000 0.000000 0.000001 -0.029231
    6 3.517578 0.000008 0.000000 0.000000 -0.000044 0.100329
    7 8.937500 0.000000 0.000000 0.000009 0.000052 0.194100
    8 2.033203 1.000000 -1.937500 -1.574432 1.117754 2.959611
    9 6.027344 -0.000011 -0.000001 1.570038 -0.001591 0.453045
    10 11.687500 0.000031 -0.000004 -0.000419 0.000000 0.000000
    11 -3.888672 0.000008 0.000007 -1.570525 0.000000 -1.570796
    12 17.843750 0.000000 0.000000 0.004880 0.000000 0.000000
    13 16.515625 0.000001 -0.000001 -0.002096 -0.019462 -1.010223
    14 2.033203 1.000000 1.937500 1.564403 -1.116058 2.970024
    15 6.027344 0.000004 0.000000 -1.573133 -0.002806 0.454726
    16 11.687500 -0.000016 0.000023 -0.000192 0.000000 0.000000
    17 11.476563 0.000088 -0.000027 1.573454 -0.106738 0.134901
    18 11.476563 -0.000021 -0.000008 -1.563666 0.106381 0.130249
    19 6.878906 0.000005 0.000002 -0.001025 -0.003549 -0.555366
    20 6.878906 0.000001 0.000000 -0.061126 0.006074 -0.556014
  time 13
    0 -0.002348 -0.531250 38.562500 1.570793 0.000003 -0.000001
    1 3.888672 0.000004 -0.000003 -1.571081 0.000000 -1.570796
    2 17.843750 -0.000001 0.000000 -0.004933 0.000000 0.000000
    3 16.515625 -0.000001 0.000000 0.008763 0.017255 -1.010369
    4 0.000005 3.343750 -2.980469 1.570795 0.086294 1.570791
    5 4.015625 0.000000 0.000000 0.000000 0.000001 -0.029231
    6 3.517578 0.000008 0.000000 0.000000 -0.000044 0.100329
    7 8.937500 0.000000 0.000000 0.000009 0.000052 0.194100
    8 2.033203 1.000000 -1.937500 -1.574432 1.117754 2.959611
    9 6.027344 -0.000011 -0.000001 1.570038 -0.001591 0.453045
    10 11.687500 0.000031 -0.000004 -0.000419 0.000000 0.000000
    11 -3.888672 0.000008 0.000007 -1.570525 0.000000 -1.570796
    12 17.843750 0.000000 0.000000 0.004880 0.000000 0.000000
    13 16.515625 0.000001 -0.000001 -0.002096 -0.019462 -1.010223
    14 2.033203 1.000000 1.937500 1.564403 -1.116058 2.970024
    15 6.027344 0.000004 0.000000 -1.573133 -0.002806 0.454726
    16 11.687500 -0.000016 0.000023 -0.000192 0.000000 0.000000
    17 11.476563 0.000088 -0.000027 1.573454 -0.106738 0.134901
    18 11.476563 -0.000021 -0.000008 -1.563666 0.106381 0.130249
    19 6.878906 0.000005 0.000002 -0.001025 -0.003549 -0.555366
    20 6.878906 0.000001 0.000000 -0.061126 0.006074 -0.556014
  time 14
    0 -0.002348 -0.531250 38.562500 1.570793 0.000003 -0.000001
    1 3.888672 0.000004 -0.000003 -1.571081 0.000000 -1.570796
    2 17.843750 -0.000001 0.000000 -0.004933 0.000000 0.000000
    3 16.515625 -0.000001 0.000000 0.008763 0.017255 -1.010369
    4 0.000005 3.343750 -2.980469 1.570795 0.086294 1.570791
    5 4.015625 0.000000 0.000000 0.000000 0.000001 -0.029231
    6 3.517578 0.000008 0.000000 0.000000 -0.000044 0.100329
    7 8.937500 0.000000 0.000000 0.000009 0.000052 0.194100
    8 2.033203 1.000000 -1.937500 -1.574432 1.117754 2.959611
    9 6.027344 -0.000011 -0.000001 1.570038 -0.001591 0.453045
    10 11.687500 0.000031 -0.000004 -0.000419 0.000000 0.000000
    11 -3.888672 0.000008 0.000007 -1.570525 0.000000 -1.570796
    12 17.843750 0.000000 0.000000 0.004880 0.000000 0.000000
    13 16.515625 0.000001 -0.000001 -0.002096 -0.019462 -1.010223
    14 2.033203 1.000000 1.937500 1.564403 -1.116058 2.970024
    15 6.027344 0.000004 0.000000 -1.573133 -0.002806 0.454726
    16 11.687500 -0.000016 0.000023 -0.000192 0.000000 0.000000
    17 11.476563 0.000088 -0.000027 1.573454 -0.106738 0.134901
    18 11.476563 -0.000021 -0.000008 -1.563666 0.106381 0.130249
    19 6.878906 0.000005 0.000002 -0.001025 -0.003549 -0.555366
    20 6.878906 0.000001 0.000000 -0.061126 0.006074 -0.556014
  time 15
    0 -0.002348 -0.531250 38.562500 1.570793 0.000003 -0.000001
    1 3.888672 0.000004 -0.000003 -1.571081 0.000000 -1.570796
    2 17.843750 -0.000001 0.000000 -0.004933 0.000000 0.000000
    3 16.515625 -0.000001 0.000000 0.008763 0.017255 -1.010369
    4 0.000005 3.343750 -2.980469 1.570795 0.086294 1.570791
    5 4.015625 0.000000 0.000000 0.000000 0.000001 -0.029231
    6 3.517578 0.000008 0.000000 0.000000 -0.000044 0.100329
    7 8.937500 0.000000 0.000000 0.000009 0.000052 0.194100
    8 2.033203 1.000000 -1.937500 -1.574432 1.117754 2.959611
    9 6.027344 -0.000011 -0.000001 1.570038 -0.001591 0.453045
    10 11.687500 0.000031 -0.000004 -0.000419 0.000000 0.000000
    11 -3.888672 0.000008 0.000007 -1.570525 0.000000 -1.570796
    12 17.843750 0.000000 0.000000 0.004880 0.000000 0.000000
    13 16.515625 0.000001 -0.000001 -0.002096 -0.019462 -1.010223
    14 2.033203 1.000000 1.937500 1.564403 -1.116058 2.970024
    15 6.027344 0.000004 0.000000 -1.573133 -0.002806 0.454726
    16 11.687500 -0.000016 0.000023 -0.000192 0.000000 0.000000
    17 11.476563 0.000088 -0.000027 1.573454 -0.106738 0.134901
    18 11.476563 -0.000021 -0.000008 -1.563666 0.106381 0.130249
    19 6.878906 0.000005 0.000002 -0.001025 -0.003549 -0.555366
    20 6.878906 0.000001 0.000000 -0.061126 0.006074 -0.556014
  time 16
    0 -0.002348 -0.531250 38.562500 1.570793 0.000003 -0.000001
    1 3.888672 0.000004 -0.000003 -1.571081 0.000000 -1.570796
    2 17.843750 -0.000001 0.000000 -0.004933 0.000000 0.000000
    3 16.515625 -0.000001 0.000000 0.008763 0.017255 -1.010369
    4 0.000005 3.343750 -2.980469 1.570795 0.086294 1.570791
    5 4.015625 0.000000 0.000000 0.000000 0.000001 -0.029231
    6 3.517578 0.000008 0.000000 0.000000 -0.000044 0.100329
    7 8.937500 0.000000 0.000000 0.000009 0.000052 0.194100
    8 2.033203 1.000000 -1.937500 -1.574432 1.117754 2.959611
    9 6.027344 -0.000011 -0.000001 1.570038 -0.001591 0.453045
    10 11.687500 0.000031 -0.000004 -0.000419 0.000000 0.000000
    11 -3.888672 0.000008 0.000007 -1.570525 0.000000 -1.570796
    12 17.843750 0.000000 0.000000 0.004880 0.000000 0.000000
    13 16.515625 0.000001 -0.000001 -0.002096 -0.019462 -1.010223
    14 2.033203 1.000000 1.937500 1.564403 -1.116058 2.970024
    15 6.027344 0.000004 0.000000 -1.573133 -0.002806 0.454726
    16 11.687500 -0.000016 0.000023 -0.000192 0.000000 0.000000
    17 11.476563 0.000088 -0.000027 1.573454 -0.106738 0.134901
    18 11.476563 -0.000021 -0.000008 -1.563666 0.106381 0.130249
    19 6.878906 0.000005 0.000002 -0.001025 -0.003549 -0.555366
    20 6.878906 0.000001 0.000000 -0.061126 0.006074 -0.556014
  time 17
    0 -0.002348 -0.531250 38.562500 1.570793 0.000003 -0.000001
    1 3.888672 0.000004 -0.000003 -1.571081 0.000000 -1.570796
    2 17.843750 -0.000001 0.000000 -0.004933 0.000000 0.000000
    3 16.515625 -0.000001 0.000000 0.008763 0.017255 -1.010369
    4 0.000005 3.343750 -2.980469 1.570795 0.086294 1.570791
    5 4.015625 0.000000 0.000000 0.000000 0.000001 -0.029231
    6 3.517578 0.000008 0.000000 0.000000 -0.000044 0.100329
    7 8.937500 0.000000 0.000000 0.000009 0.000052 0.194100
    8 2.033203 1.000000 -1.937500 -1.574432 1.117754 2.959611
    9 6.027344 -0.000011 -0.000001 1.570038 -0.001591 0.453045
    10 11.687500 0.000031 -0.000004 -0.000419 0.000000 0.000000
    11 -3.888672 0.000008 0.000007 -1.570525 0.000000 -1.570796
    12 17.843750 0.000000 0.000000 0.004880 0.000000 0.000000
    13 16.515625 0.000001 -0.000001 -0.002096 -0.019462 -1.010223
    14 2.033203 1.000000 1.937500 1.564403 -1.116058 2.970024
    15 6.027344 0.000004 0.000000 -1.573133 -0.002806 0.454726
    16 11.687500 -0.000016 0.000023 -0.000192 0.000000 0.000000
    17 11.476563 0.000088 -0.000027 1.573454 -0.106738 0.134901
    18 11.476563 -0.000021 -0.000008 -1.563666 0.106381 0.130249
    19 6.878906 0.000005 0.000002 -0.001025 -0.003549 -0.555366
    20 6.878906 0.000001 0.000000 -0.061126 0.006074 -0.556014
  time 18
    0 -0.002348 -0.531250 38.562500 1.570793 0.000003 -0.000001
    1 3.888672 0.000004 -0.000003 -1.571081 0.000000 -1.570796
    2 17.843750 -0.000001 0.000000 -0.004933 0.000000 0.000000
    3 16.515625 -0.000001 0.000000 0.008763 0.017255 -1.010369
    4 0.000005 3.343750 -2.980469 1.570795 0.086294 1.570791
    5 4.015625 0.000000 0.000000 0.000000 0.000001 -0.029231
    6 3.517578 0.000008 0.000000 0.000000 -0.000044 0.100329
    7 8.937500 0.000000 0.000000 0.000009 0.000052 0.194100
    8 2.033203 1.000000 -1.937500 -1.574432 1.117754 2.959611
    9 6.027344 -0.000011 -0.000001 1.570038 -0.001591 0.453045
    10 11.687500 0.000031 -0.000004 -0.000419 0.000000 0.000000
    11 -3.888672 0.000008 0.000007 -1.570525 0.000000 -1.570796
    12 17.843750 0.000000 0.000000 0.004880 0.000000 0.000000
    13 16.515625 0.000001 -0.000001 -0.002096 -0.019462 -1.010223
    14 2.033203 1.000000 1.937500 1.564403 -1.116058 2.970024
    15 6.027344 0.000004 0.000000 -1.573133 -0.002806 0.454726
    16 11.687500 -0.000016 0.000023 -0.000192 0.000000 0.000000
    17 11.476563 0.000088 -0.000027 1.573454 -0.106738 0.134901
    18 11.476563 -0.000021 -0.000008 -1.563666 0.106381 0.130249
    19 6.878906 0.000005 0.000002 -0.001025 -0.003549 -0.555366
    20 6.878906 0.000001 0.000000 -0.061126 0.006074 -0.556014
  time 19
    0 -0.002348 -0.531250 38.562500 1.570793 0.000003 -0.000001
    1 3.888672 0.000004 -0.000003 -1.571081 0.000000 -1.570796
    2 17.843750 -0.000001 0.000000 -0.004933 0.000000 0.000000
    3 16.515625 -0.000001 0.000000 0.008763 0.017255 -1.010369
    4 0.000005 3.343750 -2.980469 1.570795 0.086294 1.570791
    5 4.015625 0.000000 0.000000 0.000000 0.000001 -0.029231
    6 3.517578 0.000008 0.000000 0.000000 -0.000044 0.100329
    7 8.937500 0.000000 0.000000 0.000009 0.000052 0.194100
    8 2.033203 1.000000 -1.937500 -1.574432 1.117754 2.959611
    9 6.027344 -0.000011 -0.000001 1.570038 -0.001591 0.453045
    10 11.687500 0.000031 -0.000004 -0.000419 0.000000 0.000000
    11 -3.888672 0.000008 0.000007 -1.570525 0.000000 -1.570796
    12 17.843750 0.000000 0.000000 0.004880 0.000000 0.000000
    13 16.515625 0.000001 -0.000001 -0.002096 -0.019462 -1.010223
    14 2.033203 1.000000 1.937500 1.564403 -1.116058 2.970024
    15 6.027344 0.000004 0.000000 -1.573133 -0.002806 0.454726
    16 11.687500 -0.000016 0.000023 -0.000192 0.000000 0.000000
    17 11.476563 0.000088 -0.000027 1.573454 -0.106738 0.134901
    18 11.476563 -0.000021 -0.000008 -1.563666 0.106381 0.130249
    19 6.878906 0.000005 0.000002 -0.001025 -0.003549 -0.555366
    20 6.878906 0.000001 0.000000 -0.061126 0.006074 -0.556014
  time 20
    0 -0.002348 -0.531250 38.562500 1.570793 0.000003 -0.000001
    1 3.888672 0.000004 -0.000003 -1.571081 0.000000 -1.570796
    2 17.843750 -0.000001 0.000000 -0.004933 0.000000 0.000000
    3 16.515625 -0.000001 0.000000 0.008763 0.017255 -1.010369
    4 0.000005 3.343750 -2.980469 1.570795 0.086294 1.570791
    5 4.015625 0.000000 0.000000 0.000000 0.000001 -0.029231
    6 3.517578 0.000008 0.000000 0.000000 -0.000044 0.100329
    7 8.937500 0.000000 0.000000 0.000009 0.000052 0.194100
    8 2.033203 1.000000 -1.937500 -1.574432 1.117754 2.959611
    9 6.027344 -0.000011 -0.000001 1.570038 -0.001591 0.453045
    10 11.687500 0.000031 -0.000004 -0.000419 0.000000 0.000000
    11 -3.888672 0.000008 0.000007 -1.570525 0.000000 -1.570796
    12 17.843750 0.000000 0.000000 0.004880 0.000000 0.000000
    13 16.515625 0.000001 -0.000001 -0.002096 -0.019462 -1.010223
    14 2.033203 1.000000 1.937500 1.564403 -1.116058 2.970024
    15 6.027344 0.000004 0.000000 -1.573133 -0.002806 0.454726
    16 11.687500 -0.000016 0.000023 -0.000192 0.000000 0.000000
    17 11.476563 0.000088 -0.000027 1.573454 -0.106738 0.134901
    18 11.476563 -0.000021 -0.000008 -1.563666 0.106381 0.130249
    19 6.878906 0.000005 0.000002 -0.001025 -0.003549 -0.555366
    20 6.878906 0.000001 0.000000 -0.061126 0.006074 -0.556014
  time 21
    0 -0.002348 -0.531250 38.562500 1.570793 0.000003 -0.000001
    1 3.888672 0.000004 -0.000003 -1.571081 0.000000 -1.570796
    2 17.843750 -0.000001 0.000000 -0.004933 0.000000 0.000000
    3 16.515625 -0.000001 0.000000 0.008763 0.017255 -1.010369
    4 0.000005 3.343750 -2.980469 1.570795 0.086294 1.570791
    5 4.015625 0.000000 0.000000 0.000000 0.000001 -0.029231
    6 3.517578 0.000008 0.000000 0.000000 -0.000044 0.100329
    7 8.937500 0.000000 0.000000 0.000009 0.000052 0.194100
    8 2.033203 1.000000 -1.937500 -1.574432 1.117754 2.959611
    9 6.027344 -0.000011 -0.000001 1.570038 -0.001591 0.453045
    10 11.687500 0.000031 -0.000004 -0.000419 0.000000 0.000000
    11 -3.888672 0.000008 0.000007 -1.570525 0.000000 -1.570796
    12 17.843750 0.000000 0.000000 0.004880 0.000000 0.000000
    13 16.515625 0.000001 -0.000001 -0.002096 -0.019462 -1.010223
    14 2.033203 1.000000 1.937500 1.564403 -1.116058 2.970024
    15 6.027344 0.000004 0.000000 -1.573133 -0.002806 0.454726
    16 11.687500 -0.000016 0.000023 -0.000192 0.000000 0.000000
    17 11.476563 0.000088 -0.000027 1.573454 -0.106738 0.134901
    18 11.476563 -0.000021 -0.000008 -1.563666 0.106381 0.130249
    19 6.878906 0.000005 0.000002 -0.001025 -0.003549 -0.555366
    20 6.878906 0.000001 0.000000 -0.061126 0.006074 -0.556014
  time 22
    0 -0.002348 -0.531250 38.562500 1.570793 0.000003 -0.000001
    1 3.888672 0.000004 -0.000003 -1.571081 0.000000 -1.570796
    2 17.843750 -0.000001 0.000000 -0.004933 0.000000 0.000000
    3 16.515625 -0.000001 0.000000 0.008763 0.017255 -1.010369
    4 0.000005 3.343750 -2.980469 1.570795 0.086294 1.570791
    5 4.015625 0.000000 0.000000 0.000000 0.000001 -0.029231
    6 3.517578 0.000008 0.000000 0.000000 -0.000044 0.100329
    7 8.937500 0.000000 0.000000 0.000009 0.000052 0.194100
    8 2.033203 1.000000 -1.937500 -1.574432 1.117754 2.959611
    9 6.027344 -0.000011 -0.000001 1.570038 -0.001591 0.453045
    10 11.687500 0.000031 -0.000004 -0.000419 0.000000 0.000000
    11 -3.888672 0.000008 0.000007 -1.570525 0.000000 -1.570796
    12 17.843750 0.000000 0.000000 0.004880 0.000000 0.000000
    13 16.515625 0.000001 -0.000001 -0.002096 -0.019462 -1.010223
    14 2.033203 1.000000 1.937500 1.564403 -1.116058 2.970024
    15 6.027344 0.000004 0.000000 -1.573133 -0.002806 0.454726
    16 11.687500 -0.000016 0.000023 -0.000192 0.000000 0.000000
    17 11.476563 0.000088 -0.000027 1.573454 -0.106738 0.134901
    18 11.476563 -0.000021 -0.000008 -1.563666 0.106381 0.130249
    19 6.878906 0.000005 0.000002 -0.001025 -0.003549 -0.555366
    20 6.878906 0.000001 0.000000 -0.061126 0.006074 -0.556014
  time 23
    0 -0.002348 -0.531250 38.562500 1.570793 0.000003 -0.000001
    1 3.888672 0.000004 -0.000003 -1.571081 0.000000 -1.570796
    2 17.843750 -0.000001 0.000000 -0.004933 0.000000 0.000000
    3 16.515625 -0.000001 0.000000 0.008763 0.017255 -1.010369
    4 0.000005 3.343750 -2.980469 1.570795 0.086294 1.570791
    5 4.015625 0.000000 0.000000 0.000000 0.000001 -0.029231
    6 3.517578 0.000008 0.000000 0.000000 -0.000044 0.100329
    7 8.937500 0.000000 0.000000 0.000009 0.000052 0.194100
    8 2.033203 1.000000 -1.937500 -1.574432 1.117754 2.959611
    9 6.027344 -0.000011 -0.000001 1.570038 -0.001591 0.453045
    10 11.687500 0.000031 -0.000004 -0.000419 0.000000 0.000000
    11 -3.888672 0.000008 0.000007 -1.570525 0.000000 -1.570796
    12 17.843750 0.000000 0.000000 0.004880 0.000000 0.000000
    13 16.515625 0.000001 -0.000001 -0.002096 -0.019462 -1.010223
    14 2.033203 1.000000 1.937500 1.564403 -1.116058 2.970024
    15 6.027344 0.000004 0.000000 -1.573133 -0.002806 0.454726
    16 11.687500 -0.000016 0.000023 -0.000192 0.000000 0.000000
    17 11.476563 0.000088 -0.000027 1.573454 -0.106738 0.134901
    18 11.476563 -0.000021 -0.000008 -1.563666 0.106381 0.130249
    19 6.878906 0.000005 0.000002 -0.001025 -0.003549 -0.555366
    20 6.878906 0.000001 0.000000 -0.061126 0.006074 -0.556014
  time 24
    0 -0.002348 -0.531250 38.562500 1.570793 0.000003 -0.000001
    1 3.888672 0.000004 -0.000003 -1.571081 0.000000 -1.570796
    2 17.843750 -0.000001 0.000000 -0.004933 0.000000 0.000000
    3 16.515625 -0.000001 0.000000 0.008763 0.017255 -1.010369
    4 0.000005 3.343750 -2.980469 1.570795 0.086294 1.570791
    5 4.015625 0.000000 0.000000 0.000000 0.000001 -0.029231
    6 3.517578 0.000008 0.000000 0.000000 -0.000044 0.100329
    7 8.937500 0.000000 0.000000 0.000009 0.000052 0.194100
    8 2.033203 1.000000 -1.937500 -1.574432 1.117754 2.959611
    9 6.027344 -0.000011 -0.000001 1.570038 -0.001591 0.453045
    10 11.687500 0.000031 -0.000004 -0.000419 0.000000 0.000000
    11 -3.888672 0.000008 0.000007 -1.570525 0.000000 -1.570796
    12 17.843750 0.000000 0.000000 0.004880 0.000000 0.000000
    13 16.515625 0.000001 -0.000001 -0.002096 -0.019462 -1.010223
    14 2.033203 1.000000 1.937500 1.564403 -1.116058 2.970024
    15 6.027344 0.000004 0.000000 -1.573133 -0.002806 0.454726
    16 11.687500 -0.000016 0.000023 -0.000192 0.000000 0.000000
    17 11.476563 0.000088 -0.000027 1.573454 -0.106738 0.134901
    18 11.476563 -0.000021 -0.000008 -1.563666 0.106381 0.130249
    19 6.878906 0.000005 0.000002 -0.001025 -0.003549 -0.555366
    20 6.878906 0.000001 0.000000 -0.061126 0.006074 -0.556014
  time 25
    0 -0.002348 -0.531250 38.562500 1.570793 0.000003 -0.000001
    1 3.888672 0.000004 -0.000003 -1.571081 0.000000 -1.570796
    2 17.843750 -0.000001 0.000000 -0.004933 0.000000 0.000000
    3 16.515625 -0.000001 0.000000 0.008763 0.017255 -1.010369
    4 0.000005 3.343750 -2.980469 1.570795 0.086294 1.570791
    5 4.015625 0.000000 0.000000 0.000000 0.000001 -0.029231
    6 3.517578 0.000008 0.000000 0.000000 -0.000044 0.100329
    7 8.937500 0.000000 0.000000 0.000009 0.000052 0.194100
    8 2.033203 1.000000 -1.937500 -1.574432 1.117754 2.959611
    9 6.027344 -0.000011 -0.000001 1.570038 -0.001591 0.453045
    10 11.687500 0.000031 -0.000004 -0.000419 0.000000 0.000000
    11 -3.888672 0.000008 0.000007 -1.570525 0.000000 -1.570796
    12 17.843750 0.000000 0.000000 0.004880 0.000000 0.000000
    13 16.515625 0.000001 -0.000001 -0.002096 -0.019462 -1.010223
    14 2.033203 1.000000 1.937500 1.564403 -1.116058 2.970024
    15 6.027344 0.000004 0.000000 -1.573133 -0.002806 0.454726
    16 11.687500 -0.000016 0.000023 -0.000192 0.000000 0.000000
    17 11.476563 0.000088 -0.000027 1.573454 -0.106738 0.134901
    18 11.476563 -0.000021 -0.000008 -1.563666 0.106381 0.130249
    19 6.878906 0.000005 0.000002 -0.001025 -0.003549 -0.555366
    20 6.878906 0.000001 0.000000 -0.061126 0.006074 -0.556014
  time 26
    0 -0.002348 -0.531250 38.562500 1.570793 0.000003 -0.000001
    1 3.888672 0.000004 -0.000003 -1.571081 0.000000 -1.570796
    2 17.843750 -0.000001 0.000000 -0.004933 0.000000 0.000000
    3 16.515625 -0.000001 0.000000 0.008763 0.017255 -1.010369
    4 0.000005 3.343750 -2.980469 1.570795 0.086294 1.570791
    5 4.015625 0.000000 0.000000 0.000000 0.000001 -0.029231
    6 3.517578 0.000008 0.000000 0.000000 -0.000044 0.100329
    7 8.937500 0.000000 0.000000 0.000009 0.000052 0.194100
    8 2.033203 1.000000 -1.937500 -1.574432 1.117754 2.959611
    9 6.027344 -0.000011 -0.000001 1.570038 -0.001591 0.453045
    10 11.687500 0.000031 -0.000004 -0.000419 0.000000 0.000000
    11 -3.888672 0.000008 0.000007 -1.570525 0.000000 -1.570796
    12 17.843750 0.000000 0.000000 0.004880 0.000000 0.000000
    13 16.515625 0.000001 -0.000001 -0.002096 -0.019462 -1.010223
    14 2.033203 1.000000 1.937500 1.564403 -1.116058 2.970024
    15 6.027344 0.000004 0.000000 -1.573133 -0.002806 0.454726
    16 11.687500 -0.000016 0.000023 -0.000192 0.000000 0.000000
    17 11.476563 0.000088 -0.000027 1.573454 -0.106738 0.134901
    18 11.476563 -0.000021 -0.000008 -1.563666 0.106381 0.130249
    19 6.878906 0.000005 0.000002 -0.001025 -0.003549 -0.555366
    20 6.878906 0.000001 0.000000 -0.061126 0.006074 -0.556014
  time 27
    0 -0.002348 -0.531250 38.562500 1.570793 0.000003 -0.000001
    1 3.888672 0.000004 -0.000003 -1.571081 0.000000 -1.570796
    2 17.843750 -0.000001 0.000000 -0.004933 0.000000 0.000000
    3 16.515625 -0.000001 0.000000 0.008763 0.017255 -1.010369
    4 0.000005 3.343750 -2.980469 1.570795 0.086294 1.570791
    5 4.015625 0.000000 0.000000 0.000000 0.000001 -0.029231
    6 3.517578 0.000008 0.000000 0.000000 -0.000044 0.100329
    7 8.937500 0.000000 0.000000 0.000009 0.000052 0.194100
    8 2.033203 1.000000 -1.937500 -1.574432 1.117754 2.959611
    9 6.027344 -0.000011 -0.000001 1.570038 -0.001591 0.453045
    10 11.687500 0.000031 -0.000004 -0.000419 0.000000 0.000000
    11 -3.888672 0.000008 0.000007 -1.570525 0.000000 -1.570796
    12 17.843750 0.000000 0.000000 0.004880 0.000000 0.000000
    13 16.515625 0.000001 -0.000001 -0.002096 -0.019462 -1.010223
    14 2.033203 1.000000 1.937500 1.564403 -1.116058 2.970024
    15 6.027344 0.000004 0.000000 -1.573133 -0.002806 0.454726
    16 11.687500 -0.000016 0.000023 -0.000192 0.000000 0.000000
    17 11.476563 0.000088 -0.000027 1.573454 -0.106738 0.134901
    18 11.476563 -0.000021 -0.000008 -1.563666 0.106381 0.130249
    19 6.878906 0.000005 0.000002 -0.001025 -0.003549 -0.555366
    20 6.878906 0.000001 0.000000 -0.061126 0.006074 -0.556014
  time 28
    0 -0.002348 -0.531250 38.562500 1.570793 0.000003 -0.000001
    1 3.888672 0.000004 -0.000003 -1.571081 0.000000 -1.570796
    2 17.843750 -0.000001 0.000000 -0.004933 0.000000 0.000000
    3 16.515625 -0.000001 0.000000 0.008763 0.017255 -1.010369
    4 0.000005 3.343750 -2.980469 1.570795 0.086294 1.570791
    5 4.015625 0.000000 0.000000 0.000000 0.000001 -0.029231
    6 3.517578 0.000008 0.000000 0.000000 -0.000044 0.100329
    7 8.937500 0.000000 0.000000 0.000009 0.000052 0.194100
    8 2.033203 1.000000 -1.937500 -1.574432 1.117754 2.959611
    9 6.027344 -0.000011 -0.000001 1.570038 -0.001591 0.453045
    10 11.687500 0.000031 -0.000004 -0.000419 0.000000 0.000000
    11 -3.888672 0.000008 0.000007 -1.570525 0.000000 -1.570796
    12 17.843750 0.000000 0.000000 0.004880 0.000000 0.000000
    13 16.515625 0.000001 -0.000001 -0.002096 -0.019462 -1.010223
    14 2.033203 1.000000 1.937500 1.564403 -1.116058 2.970024
    15 6.027344 0.000004 0.000000 -1.573133 -0.002806 0.454726
    16 11.687500 -0.000016 0.000023 -0.000192 0.000000 0.000000
    17 11.476563 0.000088 -0.000027 1.573454 -0.106738 0.134901
    18 11.476563 -0.000021 -0.000008 -1.563666 0.106381 0.130249
    19 6.878906 0.000005 0.000002 -0.001025 -0.003549 -0.555366
    20 6.878906 0.000001 0.000000 -0.061126 0.006074 -0.556014
  time 29
    0 -0.002348 -0.531250 38.562500 1.570793 0.000003 -0.000001
    1 3.888672 0.000004 -0.000003 -1.571081 0.000000 -1.570796
    2 17.843750 -0.000001 0.000000 -0.004933 0.000000 0.000000
    3 16.515625 -0.000001 0.000000 0.008763 0.017255 -1.010369
    4 0.000005 3.343750 -2.980469 1.570795 0.086294 1.570791
    5 4.015625 0.000000 0.000000 0.000000 0.000001 -0.029231
    6 3.517578 0.000008 0.000000 0.000000 -0.000044 0.100329
    7 8.937500 0.000000 0.000000 0.000009 0.000052 0.194100
    8 2.033203 1.000000 -1.937500 -1.574432 1.117754 2.959611
    9 6.027344 -0.000011 -0.000001 1.570038 -0.001591 0.453045
    10 11.687500 0.000031 -0.000004 -0.000419 0.000000 0.000000
    11 -3.888672 0.000008 0.000007 -1.570525 0.000000 -1.570796
    12 17.843750 0.000000 0.000000 0.004880 0.000000 0.000000
    13 16.515625 0.000001 -0.000001 -0.002096 -0.019462 -1.010223
    14 2.033203 1.000000 1.937500 1.564403 -1.116058 2.970024
    15 6.027344 0.000004 0.000000 -1.573133 -0.002806 0.454726
    16 11.687500 -0.000016 0.000023 -0.000192 0.000000 0.000000
    17 11.476563 0.000088 -0.000027 1.573454 -0.106738 0.134901
    18 11.476563 -0.000021 -0.000008 -1.563666 0.106381 0.130249
    19 6.878906 0.000005 0.000002 -0.001025 -0.003549 -0.555366
    20 6.878906 0.000001 0.000000 -0.061126 0.006074 -0.556014
  time 30
    0 -0.002348 -0.531250 38.562500 1.570793 0.000003 -0.000001
    1 3.888672 0.000004 -0.000003 -1.571081 0.000000 -1.570796
    2 17.843750 -0.000001 0.000000 -0.004933 0.000000 0.000000
    3 16.515625 -0.000001 0.000000 0.008763 0.017255 -1.010369
    4 0.000005 3.343750 -2.980469 1.570795 0.086294 1.570791
    5 4.015625 0.000000 0.000000 0.000000 0.000001 -0.029231
    6 3.517578 0.000008 0.000000 0.000000 -0.000044 0.100329
    7 8.937500 0.000000 0.000000 0.000009 0.000052 0.194100
    8 2.033203 1.000000 -1.937500 -1.574432 1.117754 2.959611
    9 6.027344 -0.000011 -0.000001 1.570038 -0.001591 0.453045
    10 11.687500 0.000031 -0.000004 -0.000419 0.000000 0.000000
    11 -3.888672 0.000008 0.000007 -1.570525 0.000000 -1.570796
    12 17.843750 0.000000 0.000000 0.004880 0.000000 0.000000
    13 16.515625 0.000001 -0.000001 -0.002096 -0.019462 -1.010223
    14 2.033203 1.000000 1.937500 1.564403 -1.116058 2.970024
    15 6.027344 0.000004 0.000000 -1.573133 -0.002806 0.454726
    16 11.687500 -0.000016 0.000023 -0.000192 0.000000 0.000000
    17 11.476563 0.000088 -0.000027 1.573454 -0.106738 0.134901
    18 11.476563 -0.000021 -0.000008 -1.563666 0.106381 0.130249
    19 6.878906 0.000005 0.000002 -0.001025 -0.003549 -0.555366
    20 6.878906 0.000001 0.000000 -0.061126 0.006074 -0.556014
  time 31
    0 -0.002348 -0.531250 38.562500 1.570793 0.000003 -0.000001
    1 3.888672 0.000004 -0.000003 -1.571081 0.000000 -1.570796
    2 17.843750 -0.000001 0.000000 -0.004933 0.000000 0.000000
    3 16.515625 -0.000001 0.000000 0.008763 0.017255 -1.010369
    4 0.000005 3.343750 -2.980469 1.570795 0.086294 1.570791
    5 4.015625 0.000000 0.000000 0.000000 0.000001 -0.029231
    6 3.517578 0.000008 0.000000 0.000000 -0.000044 0.100329
    7 8.937500 0.000000 0.000000 0.000009 0.000052 0.194100
    8 2.033203 1.000000 -1.937500 -1.574432 1.117754 2.959611
    9 6.027344 -0.000011 -0.000001 1.570038 -0.001591 0.453045
    10 11.687500 0.000031 -0.000004 -0.000419 0.000000 0.000000
    11 -3.888672 0.000008 0.000007 -1.570525 0.000000 -1.570796
    12 17.843750 0.000000 0.000000 0.004880 0.000000 0.000000
    13 16.515625 0.000001 -0.000001 -0.002096 -0.019462 -1.010223
    14 2.033203 1.000000 1.937500 1.564403 -1.116058 2.970024
    15 6.027344 0.000004 0.000000 -1.573133 -0.002806 0.454726
    16 11.687500 -0.000016 0.000023 -0.000192 0.000000 0.000000
    17 11.476563 0.000088 -0.000027 1.573454 -0.106738 0.134901
    18 11.476563 -0.000021 -0.000008 -1.563666 0.106381 0.130249
    19 6.878906 0.000005 0.000002 -0.001025 -0.003549 -0.555366
    20 6.878906 0.000001 0.000000 -0.061126 0.006074 -0.556014
  time 32
    0 -0.002348 -0.531250 38.562500 1.570793 0.000003 -0.000001
    1 3.888672 0.000004 -0.000003 -1.571081 0.000000 -1.570796
    2 17.843750 -0.000001 0.000000 -0.004933 0.000000 0.000000
    3 16.515625 -0.000001 0.000000 0.008763 0.017255 -1.010369
    4 0.000005 3.343750 -2.980469 1.570795 0.086294 1.570791
    5 4.015625 0.000000 0.000000 0.000000 0.000001 -0.029231
    6 3.517578 0.000008 0.000000 0.000000 -0.000044 0.100329
    7 8.937500 0.000000 0.000000 0.000009 0.000052 0.194100
    8 2.033203 1.000000 -1.937500 -1.574432 1.117754 2.959611
    9 6.027344 -0.000011 -0.000001 1.570038 -0.001591 0.453045
    10 11.687500 0.000031 -0.000004 -0.000419 0.000000 0.000000
    11 -3.888672 0.000008 0.000007 -1.570525 0.000000 -1.570796
    12 17.843750 0.000000 0.000000 0.004880 0.000000 0.000000
    13 16.515625 0.000001 -0.000001 -0.002096 -0.019462 -1.010223
    14 2.033203 1.000000 1.937500 1.564403 -1.116058 2.970024
    15 6.027344 0.000004 0.000000 -1.573133 -0.002806 0.454726
    16 11.687500 -0.000016 0.000023 -0.000192 0.000000 0.000000
    17 11.476563 0.000088 -0.000027 1.573454 -0.106738 0.134901
    18 11.476563 -0.000021 -0.000008 -1.563666 0.106381 0.130249
    19 6.878906 0.000005 0.000002 -0.001025 -0.003549 -0.555366
    20 6.878906 0.000001 0.000000 -0.061126 0.006074 -0.556014
  time 33
    0 -0.002348 -0.531250 38.562500 1.570793 0.000003 -0.000001
    1 3.888672 0.000004 -0.000003 -1.571081 0.000000 -1.570796
    2 17.843750 -0.000001 0.000000 -0.004933 0.000000 0.000000
    3 16.515625 -0.000001 0.000000 0.008763 0.017255 -1.010369
    4 0.000005 3.343750 -2.980469 1.570795 0.086294 1.570791
    5 4.015625 0.000000 0.000000 0.000000 0.000001 -0.029231
    6 3.517578 0.000008 0.000000 0.000000 -0.000044 0.100329
    7 8.937500 0.000000 0.000000 0.000009 0.000052 0.194100
    8 2.033203 1.000000 -1.937500 -1.574432 1.117754 2.959611
    9 6.027344 -0.000011 -0.000001 1.570038 -0.001591 0.453045
    10 11.687500 0.000031 -0.000004 -0.000419 0.000000 0.000000
    11 -3.888672 0.000008 0.000007 -1.570525 0.000000 -1.570796
    12 17.843750 0.000000 0.000000 0.004880 0.000000 0.000000
    13 16.515625 0.000001 -0.000001 -0.002096 -0.019462 -1.010223
    14 2.033203 1.000000 1.937500 1.564403 -1.116058 2.970024
    15 6.027344 0.000004 0.000000 -1.573133 -0.002806 0.454726
    16 11.687500 -0.000016 0.000023 -0.000192 0.000000 0.000000
    17 11.476563 0.000088 -0.000027 1.573454 -0.106738 0.134901
    18 11.476563 -0.000021 -0.000008 -1.563666 0.106381 0.130249
    19 6.878906 0.000005 0.000002 -0.001025 -0.003549 -0.555366
    20 6.878906 0.000001 0.000000 -0.061126 0.006074 -0.556014
  time 34
    0 -0.002348 -0.531250 38.562500 1.570793 0.000003 -0.000001
    1 3.888672 0.000004 -0.000003 -1.571081 0.000000 -1.570796
    2 17.843750 -0.000001 0.000000 -0.004933 0.000000 0.000000
    3 16.515625 -0.000001 0.000000 0.008763 0.017255 -1.010369
    4 0.000005 3.343750 -2.980469 1.570795 0.086294 1.570791
    5 4.015625 0.000000 0.000000 0.000000 0.000001 -0.029231
    6 3.517578 0.000008 0.000000 0.000000 -0.000044 0.100329
    7 8.937500 0.000000 0.000000 0.000009 0.000052 0.194100
    8 2.033203 1.000000 -1.937500 -1.574432 1.117754 2.959611
    9 6.027344 -0.000011 -0.000001 1.570038 -0.001591 0.453045
    10 11.687500 0.000031 -0.000004 -0.000419 0.000000 0.000000
    11 -3.888672 0.000008 0.000007 -1.570525 0.000000 -1.570796
    12 17.843750 0.000000 0.000000 0.004880 0.000000 0.000000
    13 16.515625 0.000001 -0.000001 -0.002096 -0.019462 -1.010223
    14 2.033203 1.000000 1.937500 1.564403 -1.116058 2.970024
    15 6.027344 0.000004 0.000000 -1.573133 -0.002806 0.454726
    16 11.687500 -0.000016 0.000023 -0.000192 0.000000 0.000000
    17 11.476563 0.000088 -0.000027 1.573454 -0.106738 0.134901
    18 11.476563 -0.000021 -0.000008 -1.563666 0.106381 0.130249
    19 6.878906 0.000005 0.000002 -0.001025 -0.003549 -0.555366
    20 6.878906 0.000001 0.000000 -0.061126 0.006074 -0.556014
  time 35
    0 -0.002348 -0.531250 38.562500 1.570793 0.000003 -0.000001
    1 3.888672 0.000004 -0.000003 -1.571081 0.000000 -1.570796
    2 17.843750 -0.000001 0.000000 -0.004933 0.000000 0.000000
    3 16.515625 -0.000001 0.000000 0.008763 0.017255 -1.010369
    4 0.000005 3.343750 -2.980469 1.570795 0.086294 1.570791
    5 4.015625 0.000000 0.000000 0.000000 0.000001 -0.029231
    6 3.517578 0.000008 0.000000 0.000000 -0.000044 0.100329
    7 8.937500 0.000000 0.000000 0.000009 0.000052 0.194100
    8 2.033203 1.000000 -1.937500 -1.574432 1.117754 2.959611
    9 6.027344 -0.000011 -0.000001 1.570038 -0.001591 0.453045
    10 11.687500 0.000031 -0.000004 -0.000419 0.000000 0.000000
    11 -3.888672 0.000008 0.000007 -1.570525 0.000000 -1.570796
    12 17.843750 0.000000 0.000000 0.004880 0.000000 0.000000
    13 16.515625 0.000001 -0.000001 -0.002096 -0.019462 -1.010223
    14 2.033203 1.000000 1.937500 1.564403 -1.116058 2.970024
    15 6.027344 0.000004 0.000000 -1.573133 -0.002806 0.454726
    16 11.687500 -0.000016 0.000023 -0.000192 0.000000 0.000000
    17 11.476563 0.000088 -0.000027 1.573454 -0.106738 0.134901
    18 11.476563 -0.000021 -0.000008 -1.563666 0.106381 0.130249
    19 6.878906 0.000005 0.000002 -0.001025 -0.003549 -0.555366
    20 6.878906 0.000001 0.000000 -0.061126 0.006074 -0.556014
  time 36
    0 -0.002348 -0.531250 38.562500 1.570793 0.000003 -0.000001
    1 3.888672 0.000004 -0.000003 -1.571081 0.000000 -1.570796
    2 17.843750 -0.000001 0.000000 -0.004933 0.000000 0.000000
    3 16.515625 -0.000001 0.000000 0.008763 0.017255 -1.010369
    4 0.000005 3.343750 -2.980469 1.570795 0.086294 1.570791
    5 4.015625 0.000000 0.000000 0.000000 0.000001 -0.029231
    6 3.517578 0.000008 0.000000 0.000000 -0.000044 0.100329
    7 8.937500 0.000000 0.000000 0.000009 0.000052 0.194100
    8 2.033203 1.000000 -1.937500 -1.574432 1.117754 2.959611
    9 6.027344 -0.000011 -0.000001 1.570038 -0.001591 0.453045
    10 11.687500 0.000031 -0.000004 -0.000419 0.000000 0.000000
    11 -3.888672 0.000008 0.000007 -1.570525 0.000000 -1.570796
    12 17.843750 0.000000 0.000000 0.004880 0.000000 0.000000
    13 16.515625 0.000001 -0.000001 -0.002096 -0.019462 -1.010223
    14 2.033203 1.000000 1.937500 1.564403 -1.116058 2.970024
    15 6.027344 0.000004 0.000000 -1.573133 -0.002806 0.454726
    16 11.687500 -0.000016 0.000023 -0.000192 0.000000 0.000000
    17 11.476563 0.000088 -0.000027 1.573454 -0.106738 0.134901
    18 11.476563 -0.000021 -0.000008 -1.563666 0.106381 0.130249
    19 6.878906 0.000005 0.000002 -0.001025 -0.003549 -0.555366
    20 6.878906 0.000001 0.000000 -0.061126 0.006074 -0.556014
  time 37
    0 -0.002348 -0.531250 38.562500 1.570793 0.000003 -0.000001
    1 3.888672 0.000004 -0.000003 -1.571081 0.000000 -1.570796
    2 17.843750 -0.000001 0.000000 -0.004933 0.000000 0.000000
    3 16.515625 -0.000001 0.000000 0.008763 0.017255 -1.010369
    4 0.000005 3.343750 -2.980469 1.570795 0.086294 1.570791
    5 4.015625 0.000000 0.000000 0.000000 0.000001 -0.029231
    6 3.517578 0.000008 0.000000 0.000000 -0.000044 0.100329
    7 8.937500 0.000000 0.000000 0.000009 0.000052 0.194100
    8 2.033203 1.000000 -1.937500 -1.574432 1.117754 2.959611
    9 6.027344 -0.000011 -0.000001 1.570038 -0.001591 0.453045
    10 11.687500 0.000031 -0.000004 -0.000419 0.000000 0.000000
    11 -3.888672 0.000008 0.000007 -1.570525 0.000000 -1.570796
    12 17.843750 0.000000 0.000000 0.004880 0.000000 0.000000
    13 16.515625 0.000001 -0.000001 -0.002096 -0.019462 -1.010223
    14 2.033203 1.000000 1.937500 1.564403 -1.116058 2.970024
    15 6.027344 0.000004 0.000000 -1.573133 -0.002806 0.454726
    16 11.687500 -0.000016 0.000023 -0.000192 0.000000 0.000000
    17 11.476563 0.000088 -0.000027 1.573454 -0.106738 0.134901
    18 11.476563 -0.000021 -0.000008 -1.563666 0.106381 0.130249
    19 6.878906 0.000005 0.000002 -0.001025 -0.003549 -0.555366
    20 6.878906 0.000001 0.000000 -0.061126 0.006074 -0.556014
  time 38
    0 -0.002348 -0.531250 38.562500 1.570793 0.000003 -0.000001
    1 3.888672 0.000004 -0.000003 -1.571081 0.000000 -1.570796
    2 17.843750 -0.000001 0.000000 -0.004933 0.000000 0.000000
    3 16.515625 -0.000001 0.000000 0.008763 0.017255 -1.010369
    4 0.000005 3.343750 -2.980469 1.570795 0.086294 1.570791
    5 4.015625 0.000000 0.000000 0.000000 0.000001 -0.029231
    6 3.517578 0.000008 0.000000 0.000000 -0.000044 0.100329
    7 8.937500 0.000000 0.000000 0.000009 0.000052 0.194100
    8 2.033203 1.000000 -1.937500 -1.574432 1.117754 2.959611
    9 6.027344 -0.000011 -0.000001 1.570038 -0.001591 0.453045
    10 11.687500 0.000031 -0.000004 -0.000419 0.000000 0.000000
    11 -3.888672 0.000008 0.000007 -1.570525 0.000000 -1.570796
    12 17.843750 0.000000 0.000000 0.004880 0.000000 0.000000
    13 16.515625 0.000001 -0.000001 -0.002096 -0.019462 -1.010223
    14 2.033203 1.000000 1.937500 1.564403 -1.116058 2.970024
    15 6.027344 0.000004 0.000000 -1.573133 -0.002806 0.454726
    16 11.687500 -0.000016 0.000023 -0.000192 0.000000 0.000000
    17 11.476563 0.000088 -0.000027 1.573454 -0.106738 0.134901
    18 11.476563 -0.000021 -0.000008 -1.563666 0.106381 0.130249
    19 6.878906 0.000005 0.000002 -0.001025 -0.003549 -0.555366
    20 6.878906 0.000001 0.000000 -0.061126 0.006074 -0.556014
  time 39
    0 -0.002348 -0.531250 38.562500 1.570793 0.000003 -0.000001
    1 3.888672 0.000004 -0.000003 -1.571081 0.000000 -1.570796
    2 17.843750 -0.000001 0.000000 -0.004933 0.000000 0.000000
    3 16.515625 -0.000001 0.000000 0.008763 0.017255 -1.010369
    4 0.000005 3.343750 -2.980469 1.570795 0.086294 1.570791
    5 4.015625 0.000000 0.000000 0.000000 0.000001 -0.029231
    6 3.517578 0.000008 0.000000 0.000000 -0.000044 0.100329
    7 8.937500 0.000000 0.000000 0.000009 0.000052 0.194100
    8 2.033203 1.000000 -1.937500 -1.574432 1.117754 2.959611
    9 6.027344 -0.000011 -0.000001 1.570038 -0.001591 0.453045
    10 11.687500 0.000031 -0.000004 -0.000419 0.000000 0.000000
    11 -3.888672 0.000008 0.000007 -1.570525 0.000000 -1.570796
    12 17.843750 0.000000 0.000000 0.004880 0.000000 0.000000
    13 16.515625 0.000001 -0.000001 -0.002096 -0.019462 -1.010223
    14 2.033203 1.000000 1.937500 1.564403 -1.116058 2.970024
    15 6.027344 0.000004 0.000000 -1.573133 -0.002806 0.454726
    16 11.687500 -0.000016 0.000023 -0.000192 0.000000 0.000000
    17 11.476563 0.000088 -0.000027 1.573454 -0.106738 0.134901
    18 11.476563 -0.000021 -0.000008 -1.563666 0.106381 0.130249
    19 6.878906 0.000005 0.000002 -0.001025 -0.003549 -0.555366
    20 6.878906 0.000001 0.000000 -0.061126 0.006074 -0.556014
  time 40
    0 -0.002348 -0.531250 38.562500 1.570793 0.000003 -0.000001
    1 3.888672 0.000004 -0.000003 -1.571081 0.000000 -1.570796
    2 17.843750 -0.000001 0.000000 -0.004933 0.000000 0.000000
    3 16.515625 -0.000001 0.000000 0.008763 0.017255 -1.010369
    4 0.000005 3.343750 -2.980469 1.570795 0.086294 1.570791
    5 4.015625 0.000000 0.000000 0.000000 0.000001 -0.029231
    6 3.517578 0.000008 0.000000 0.000000 -0.000044 0.100329
    7 8.937500 0.000000 0.000000 0.000009 0.000052 0.194100
    8 2.033203 1.000000 -1.937500 -1.574432 1.117754 2.959611
    9 6.027344 -0.000011 -0.000001 1.570038 -0.001591 0.453045
    10 11.687500 0.000031 -0.000004 -0.000419 0.000000 0.000000
    11 -3.888672 0.000008 0.000007 -1.570525 0.000000 -1.570796
    12 17.843750 0.000000 0.000000 0.004880 0.000000 0.000000
    13 16.515625 0.000001 -0.000001 -0.002096 -0.019462 -1.010223
    14 2.033203 1.000000 1.937500 1.564403 -1.116058 2.970024
    15 6.027344 0.000004 0.000000 -1.573133 -0.002806 0.454726
    16 11.687500 -0.000016 0.000023 -0.000192 0.000000 0.000000
    17 11.476563 0.000088 -0.000027 1.573454 -0.106738 0.134901
    18 11.476563 -0.000021 -0.000008 -1.563666 0.106381 0.130249
    19 6.878906 0.000005 0.000002 -0.001025 -0.003549 -0.555366
    20 6.878906 0.000001 0.000000 -0.061126 0.006074 -0.556014
  time 41
    0 -0.002348 -0.531250 38.562500 1.570793 0.000003 -0.000001
    1 3.888672 0.000004 -0.000003 -1.571081 0.000000 -1.570796
    2 17.843750 -0.000001 0.000000 -0.004933 0.000000 0.000000
    3 16.515625 -0.000001 0.000000 0.008763 0.017255 -1.010369
    4 0.000005 3.343750 -2.980469 1.570795 0.086294 1.570791
    5 4.015625 0.000000 0.000000 0.000000 0.000001 -0.029231
    6 3.517578 0.000008 0.000000 0.000000 -0.000044 0.100329
    7 8.937500 0.000000 0.000000 0.000009 0.000052 0.194100
    8 2.033203 1.000000 -1.937500 -1.574432 1.117754 2.959611
    9 6.027344 -0.000011 -0.000001 1.570038 -0.001591 0.453045
    10 11.687500 0.000031 -0.000004 -0.000419 0.000000 0.000000
    11 -3.888672 0.000008 0.000007 -1.570525 0.000000 -1.570796
    12 17.843750 0.000000 0.000000 0.004880 0.000000 0.000000
    13 16.515625 0.000001 -0.000001 -0.002096 -0.019462 -1.010223
    14 2.033203 1.000000 1.937500 1.564403 -1.116058 2.970024
    15 6.027344 0.000004 0.000000 -1.573133 -0.002806 0.454726
    16 11.687500 -0.000016 0.000023 -0.000192 0.000000 0.000000
    17 11.476563 0.000088 -0.000027 1.573454 -0.106738 0.134901
    18 11.476563 -0.000021 -0.000008 -1.563666 0.106381 0.130249
    19 6.878906 0.000005 0.000002 -0.001025 -0.003549 -0.555366
    20 6.878906 0.000001 0.000000 -0.061126 0.006074 -0.556014
  time 42
    0 -0.002348 -0.531250 38.562500 1.570793 0.000003 -0.000001
    1 3.888672 0.000004 -0.000003 -1.571081 0.000000 -1.570796
    2 17.843750 -0.000001 0.000000 -0.004933 0.000000 0.000000
    3 16.515625 -0.000001 0.000000 0.008763 0.017255 -1.010369
    4 0.000005 3.343750 -2.980469 1.570795 0.086294 1.570791
    5 4.015625 0.000000 0.000000 0.000000 0.000001 -0.029231
    6 3.517578 0.000008 0.000000 0.000000 -0.000044 0.100329
    7 8.937500 0.000000 0.000000 0.000009 0.000052 0.194100
    8 2.033203 1.000000 -1.937500 -1.574432 1.117754 2.959611
    9 6.027344 -0.000011 -0.000001 1.570038 -0.001591 0.453045
    10 11.687500 0.000031 -0.000004 -0.000419 0.000000 0.000000
    11 -3.888672 0.000008 0.000007 -1.570525 0.000000 -1.570796
    12 17.843750 0.000000 0.000000 0.004880 0.000000 0.000000
    13 16.515625 0.000001 -0.000001 -0.002096 -0.019462 -1.010223
    14 2.033203 1.000000 1.937500 1.564403 -1.116058 2.970024
    15 6.027344 0.000004 0.000000 -1.573133 -0.002806 0.454726
    16 11.687500 -0.000016 0.000023 -0.000192 0.000000 0.000000
    17 11.476563 0.000088 -0.000027 1.573454 -0.106738 0.134901
    18 11.476563 -0.000021 -0.000008 -1.563666 0.106381 0.130249
    19 6.878906 0.000005 0.000002 -0.001025 -0.003549 -0.555366
    20 6.878906 0.000001 0.000000 -0.061126 0.006074 -0.556014
  time 43
    0 -0.002348 -0.531250 38.562500 1.570793 0.000003 -0.000001
    1 3.888672 0.000004 -0.000003 -1.571081 0.000000 -1.570796
    2 17.843750 -0.000001 0.000000 -0.004933 0.000000 0.000000
    3 16.515625 -0.000001 0.000000 0.008763 0.017255 -1.010369
    4 0.000005 3.343750 -2.980469 1.570795 0.086294 1.570791
    5 4.015625 0.000000 0.000000 0.000000 0.000001 -0.029231
    6 3.517578 0.000008 0.000000 0.000000 -0.000044 0.100329
    7 8.937500 0.000000 0.000000 0.000009 0.000052 0.194100
    8 2.033203 1.000000 -1.937500 -1.574432 1.117754 2.959611
    9 6.027344 -0.000011 -0.000001 1.570038 -0.001591 0.453045
    10 11.687500 0.000031 -0.000004 -0.000419 0.000000 0.000000
    11 -3.888672 0.000008 0.000007 -1.570525 0.000000 -1.570796
    12 17.843750 0.000000 0.000000 0.004880 0.000000 0.000000
    13 16.515625 0.000001 -0.000001 -0.002096 -0.019462 -1.010223
    14 2.033203 1.000000 1.937500 1.564403 -1.116058 2.970024
    15 6.027344 0.000004 0.000000 -1.573133 -0.002806 0.454726
    16 11.687500 -0.000016 0.000023 -0.000192 0.000000 0.000000
    17 11.476563 0.000088 -0.000027 1.573454 -0.106738 0.134901
    18 11.476563 -0.000021 -0.000008 -1.563666 0.106381 0.130249
    19 6.878906 0.000005 0.000002 -0.001025 -0.003549 -0.555366
    20 6.878906 0.000001 0.000000 -0.061126 0.006074 -0.556014
  time 44
    0 -0.002348 -0.531250 38.562500 1.570793 0.000003 -0.000001
    1 3.888672 0.000004 -0.000003 -1.571081 0.000000 -1.570796
    2 17.843750 -0.000001 0.000000 -0.004933 0.000000 0.000000
    3 16.515625 -0.000001 0.000000 0.008763 0.017255 -1.010369
    4 0.000005 3.343750 -2.980469 1.570795 0.086294 1.570791
    5 4.015625 0.000000 0.000000 0.000000 0.000001 -0.029231
    6 3.517578 0.000008 0.000000 0.000000 -0.000044 0.100329
    7 8.937500 0.000000 0.000000 0.000009 0.000052 0.194100
    8 2.033203 1.000000 -1.937500 -1.574432 1.117754 2.959611
    9 6.027344 -0.000011 -0.000001 1.570038 -0.001591 0.453045
    10 11.687500 0.000031 -0.000004 -0.000419 0.000000 0.000000
    11 -3.888672 0.000008 0.000007 -1.570525 0.000000 -1.570796
    12 17.843750 0.000000 0.000000 0.004880 0.000000 0.000000
    13 16.515625 0.000001 -0.000001 -0.002096 -0.019462 -1.010223
    14 2.033203 1.000000 1.937500 1.564403 -1.116058 2.970024
    15 6.027344 0.000004 0.000000 -1.573133 -0.002806 0.454726
    16 11.687500 -0.000016 0.000023 -0.000192 0.000000 0.000000
    17 11.476563 0.000088 -0.000027 1.573454 -0.106738 0.134901
    18 11.476563 -0.000021 -0.000008 -1.563666 0.106381 0.130249
    19 6.878906 0.000005 0.000002 -0.001025 -0.003549 -0.555366
    20 6.878906 0.000001 0.000000 -0.061126 0.006074 -0.556014
  time 45
    0 -0.002348 -0.531250 38.562500 1.570793 0.000003 -0.000001
    1 3.888672 0.000004 -0.000003 -1.571081 0.000000 -1.570796
    2 17.843750 -0.000001 0.000000 -0.004933 0.000000 0.000000
    3 16.515625 -0.000001 0.000000 0.008763 0.017255 -1.010369
    4 0.000005 3.343750 -2.980469 1.570795 0.086294 1.570791
    5 4.015625 0.000000 0.000000 0.000000 0.000001 -0.029231
    6 3.517578 0.000008 0.000000 0.000000 -0.000044 0.100329
    7 8.937500 0.000000 0.000000 0.000009 0.000052 0.194100
    8 2.033203 1.000000 -1.937500 -1.574432 1.117754 2.959611
    9 6.027344 -0.000011 -0.000001 1.570038 -0.001591 0.453045
    10 11.687500 0.000031 -0.000004 -0.000419 0.000000 0.000000
    11 -3.888672 0.000008 0.000007 -1.570525 0.000000 -1.570796
    12 17.843750 0.000000 0.000000 0.004880 0.000000 0.000000
    13 16.515625 0.000001 -0.000001 -0.002096 -0.019462 -1.010223
    14 2.033203 1.000000 1.937500 1.564403 -1.116058 2.970024
    15 6.027344 0.000004 0.000000 -1.573133 -0.002806 0.454726
    16 11.687500 -0.000016 0.000023 -0.000192 0.000000 0.000000
    17 11.476563 0.000088 -0.000027 1.573454 -0.106738 0.134901
    18 11.476563 -0.000021 -0.000008 -1.563666 0.106381 0.130249
    19 6.878906 0.000005 0.000002 -0.001025 -0.003549 -0.555366
    20 6.878906 0.000001 0.000000 -0.061126 0.006074 -0.556014
  time 46
    0 -0.002348 -0.531250 38.562500 1.570793 0.000003 -0.000001
    1 3.888672 0.000004 -0.000003 -1.571081 0.000000 -1.570796
    2 17.843750 -0.000001 0.000000 -0.004933 0.000000 0.000000
    3 16.515625 -0.000001 0.000000 0.008763 0.017255 -1.010369
    4 0.000005 3.343750 -2.980469 1.570795 0.086294 1.570791
    5 4.015625 0.000000 0.000000 0.000000 0.000001 -0.029231
    6 3.517578 0.000008 0.000000 0.000000 -0.000044 0.100329
    7 8.937500 0.000000 0.000000 0.000009 0.000052 0.194100
    8 2.033203 1.000000 -1.937500 -1.574432 1.117754 2.959611
    9 6.027344 -0.000011 -0.000001 1.570038 -0.001591 0.453045
    10 11.687500 0.000031 -0.000004 -0.000419 0.000000 0.000000
    11 -3.888672 0.000008 0.000007 -1.570525 0.000000 -1.570796
    12 17.843750 0.000000 0.000000 0.004880 0.000000 0.000000
    13 16.515625 0.000001 -0.000001 -0.002096 -0.019462 -1.010223
    14 2.033203 1.000000 1.937500 1.564403 -1.116058 2.970024
    15 6.027344 0.000004 0.000000 -1.573133 -0.002806 0.454726
    16 11.687500 -0.000016 0.000023 -0.000192 0.000000 0.000000
    17 11.476563 0.000088 -0.000027 1.573454 -0.106738 0.134901
    18 11.476563 -0.000021 -0.000008 -1.563666 0.106381 0.130249
    19 6.878906 0.000005 0.000002 -0.001025 -0.003549 -0.555366
    20 6.878906 0.000001 0.000000 -0.061126 0.006074 -0.556014
  time 47
    0 -0.002348 -0.531250 38.562500 1.570793 0.000003 -0.000001
    1 3.888672 0.000004 -0.000003 -1.571081 0.000000 -1.570796
    2 17.843750 -0.000001 0.000000 -0.004933 0.000000 0.000000
    3 16.515625 -0.000001 0.000000 0.008763 0.017255 -1.010369
    4 0.000005 3.343750 -2.980469 1.570795 0.086294 1.570791
    5 4.015625 0.000000 0.000000 0.000000 0.000001 -0.029231
    6 3.517578 0.000008 0.000000 0.000000 -0.000044 0.100329
    7 8.937500 0.000000 0.000000 0.000009 0.000052 0.194100
    8 2.033203 1.000000 -1.937500 -1.574432 1.117754 2.959611
    9 6.027344 -0.000011 -0.000001 1.570038 -0.001591 0.453045
    10 11.687500 0.000031 -0.000004 -0.000419 0.000000 0.000000
    11 -3.888672 0.000008 0.000007 -1.570525 0.000000 -1.570796
    12 17.843750 0.000000 0.000000 0.004880 0.000000 0.000000
    13 16.515625 0.000001 -0.000001 -0.002096 -0.019462 -1.010223
    14 2.033203 1.000000 1.937500 1.564403 -1.116058 2.970024
    15 6.027344 0.000004 0.000000 -1.573133 -0.002806 0.454726
    16 11.687500 -0.000016 0.000023 -0.000192 0.000000 0.000000
    17 11.476563 0.000088 -0.000027 1.573454 -0.106738 0.134901
    18 11.476563 -0.000021 -0.000008 -1.563666 0.106381 0.130249
    19 6.878906 0.000005 0.000002 -0.001025 -0.003549 -0.555366
    20 6.878906 0.000001 0.000000 -0.061126 0.006074 -0.556014
  time 48
    0 -0.002348 -0.531250 38.562500 1.570793 0.000003 -0.000001
    1 3.888672 0.000004 -0.000003 -1.571081 0.000000 -1.570796
    2 17.843750 -0.000001 0.000000 -0.004933 0.000000 0.000000
    3 16.515625 -0.000001 0.000000 0.008763 0.017255 -1.010369
    4 0.000005 3.343750 -2.980469 1.570795 0.086294 1.570791
    5 4.015625 0.000000 0.000000 0.000000 0.000001 -0.029231
    6 3.517578 0.000008 0.000000 0.000000 -0.000044 0.100329
    7 8.937500 0.000000 0.000000 0.000009 0.000052 0.194100
    8 2.033203 1.000000 -1.937500 -1.574432 1.117754 2.959611
    9 6.027344 -0.000011 -0.000001 1.570038 -0.001591 0.453045
    10 11.687500 0.000031 -0.000004 -0.000419 0.000000 0.000000
    11 -3.888672 0.000008 0.000007 -1.570525 0.000000 -1.570796
    12 17.843750 0.000000 0.000000 0.004880 0.000000 0.000000
    13 16.515625 0.000001 -0.000001 -0.002096 -0.019462 -1.010223
    14 2.033203 1.000000 1.937500 1.564403 -1.116058 2.970024
    15 6.027344 0.000004 0.000000 -1.573133 -0.002806 0.454726
    16 11.687500 -0.000016 0.000023 -0.000192 0.000000 0.000000
    17 11.476563 0.000088 -0.000027 1.573454 -0.106738 0.134901
    18 11.476563 -0.000021 -0.000008 -1.563666 0.106381 0.130249
    19 6.878906 0.000005 0.000002 -0.001025 -0.003549 -0.555366
    20 6.878906 0.000001 0.000000 -0.061126 0.006074 -0.556014
  time 49
    0 -0.002348 -0.531250 38.562500 1.570793 0.000003 -0.000001
    1 3.888672 0.000004 -0.000003 -1.571081 0.000000 -1.570796
    2 17.843750 -0.000001 0.000000 -0.004933 0.000000 0.000000
    3 16.515625 -0.000001 0.000000 0.008763 0.017255 -1.010369
    4 0.000005 3.343750 -2.980469 1.570795 0.086294 1.570791
    5 4.015625 0.000000 0.000000 0.000000 0.000001 -0.029231
    6 3.517578 0.000008 0.000000 0.000000 -0.000044 0.100329
    7 8.937500 0.000000 0.000000 0.000009 0.000052 0.194100
    8 2.033203 1.000000 -1.937500 -1.574432 1.117754 2.959611
    9 6.027344 -0.000011 -0.000001 1.570038 -0.001591 0.453045
    10 11.687500 0.000031 -0.000004 -0.000419 0.000000 0.000000
    11 -3.888672 0.000008 0.000007 -1.570525 0.000000 -1.570796
    12 17.843750 0.000000 0.000000 0.004880 0.000000 0.000000
    13 16.515625 0.000001 -0.000001 -0.002096 -0.019462 -1.010223
    14 2.033203 1.000000 1.937500 1.564403 -1.116058 2.970024
    15 6.027344 0.000004 0.000000 -1.573133 -0.002806 0.454726
    16 11.687500 -0.000016 0.000023 -0.000192 0.000000 0.000000
    17 11.476563 0.000088 -0.000027 1.573454 -0.106738 0.134901
    18 11.476563 -0.000021 -0.000008 -1.563666 0.106381 0.130249
    19 6.878906 0.000005 0.000002 -0.001025 -0.003549 -0.555366
    20 6.878906 0.000001 0.000000 -0.061126 0.006074 -0.556014
  time 50
    0 -0.002348 -0.531250 38.562500 1.570793 0.000003 -0.000001
    1 3.888672 0.000004 -0.000003 -1.571081 0.000000 -1.570796
    2 17.843750 -0.000001 0.000000 -0.004933 0.000000 0.000000
    3 16.515625 -0.000001 0.000000 0.008763 0.017255 -1.010369
    4 0.000005 3.343750 -2.980469 1.570795 0.086294 1.570791
    5 4.015625 0.000000 0.000000 0.000000 0.000001 -0.029231
    6 3.517578 0.000008 0.000000 0.000000 -0.000044 0.100329
    7 8.937500 0.000000 0.000000 0.000009 0.000052 0.194100
    8 2.033203 1.000000 -1.937500 -1.574432 1.117754 2.959611
    9 6.027344 -0.000011 -0.000001 1.570038 -0.001591 0.453045
    10 11.687500 0.000031 -0.000004 -0.000419 0.000000 0.000000
    11 -3.888672 0.000008 0.000007 -1.570525 0.000000 -1.570796
    12 17.843750 0.000000 0.000000 0.004880 0.000000 0.000000
    13 16.515625 0.000001 -0.000001 -0.002096 -0.019462 -1.010223
    14 2.033203 1.000000 1.937500 1.564403 -1.116058 2.970024
    15 6.027344 0.000004 0.000000 -1.573133 -0.002806 0.454726
    16 11.687500 -0.000016 0.000023 -0.000192 0.000000 0.000000
    17 11.476563 0.000088 -0.000027 1.573454 -0.106738 0.134901
    18 11.476563 -0.000021 -0.000008 -1.563666 0.106381 0.130249
    19 6.878906 0.000005 0.000002 -0.001025 -0.003549 -0.555366
    20 6.878906 0.000001 0.000000 -0.061126 0.006074 -0.556014
  time 51
    0 -0.002348 -0.531250 38.562500 1.570793 0.000003 -0.000001
    1 3.888672 0.000004 -0.000003 -1.571081 0.000000 -1.570796
    2 17.843750 -0.000001 0.000000 -0.004933 0.000000 0.000000
    3 16.515625 -0.000001 0.000000 0.008763 0.017255 -1.010369
    4 0.000005 3.343750 -2.980469 1.570795 0.086294 1.570791
    5 4.015625 0.000000 0.000000 0.000000 0.000001 -0.029231
    6 3.517578 0.000008 0.000000 0.000000 -0.000044 0.100329
    7 8.937500 0.000000 0.000000 0.000009 0.000052 0.194100
    8 2.033203 1.000000 -1.937500 -1.574432 1.117754 2.959611
    9 6.027344 -0.000011 -0.000001 1.570038 -0.001591 0.453045
    10 11.687500 0.000031 -0.000004 -0.000419 0.000000 0.000000
    11 -3.888672 0.000008 0.000007 -1.570525 0.000000 -1.570796
    12 17.843750 0.000000 0.000000 0.004880 0.000000 0.000000
    13 16.515625 0.000001 -0.000001 -0.002096 -0.019462 -1.010223
    14 2.033203 1.000000 1.937500 1.564403 -1.116058 2.970024
    15 6.027344 0.000004 0.000000 -1.573133 -0.002806 0.454726
    16 11.687500 -0.000016 0.000023 -0.000192 0.000000 0.000000
    17 11.476563 0.000088 -0.000027 1.573454 -0.106738 0.134901
    18 11.476563 -0.000021 -0.000008 -1.563666 0.106381 0.130249
    19 6.878906 0.000005 0.000002 -0.001025 -0.003549 -0.555366
    20 6.878906 0.000001 0.000000 -0.061126 0.006074 -0.556014
  time 52
    0 -0.002348 -0.531250 38.562500 1.570793 0.000003 -0.000001
    1 3.888672 0.000004 -0.000003 -1.571081 0.000000 -1.570796
    2 17.843750 -0.000001 0.000000 -0.004933 0.000000 0.000000
    3 16.515625 -0.000001 0.000000 0.008763 0.017255 -1.010369
    4 0.000005 3.343750 -2.980469 1.570795 0.086294 1.570791
    5 4.015625 0.000000 0.000000 0.000000 0.000001 -0.029231
    6 3.517578 0.000008 0.000000 0.000000 -0.000044 0.100329
    7 8.937500 0.000000 0.000000 0.000009 0.000052 0.194100
    8 2.033203 1.000000 -1.937500 -1.574432 1.117754 2.959611
    9 6.027344 -0.000011 -0.000001 1.570038 -0.001591 0.453045
    10 11.687500 0.000031 -0.000004 -0.000419 0.000000 0.000000
    11 -3.888672 0.000008 0.000007 -1.570525 0.000000 -1.570796
    12 17.843750 0.000000 0.000000 0.004880 0.000000 0.000000
    13 16.515625 0.000001 -0.000001 -0.002096 -0.019462 -1.010223
    14 2.033203 1.000000 1.937500 1.564403 -1.116058 2.970024
    15 6.027344 0.000004 0.000000 -1.573133 -0.002806 0.454726
    16 11.687500 -0.000016 0.000023 -0.000192 0.000000 0.000000
    17 11.476563 0.000088 -0.000027 1.573454 -0.106738 0.134901
    18 11.476563 -0.000021 -0.000008 -1.563666 0.106381 0.130249
    19 6.878906 0.000005 0.000002 -0.001025 -0.003549 -0.555366
    20 6.878906 0.000001 0.000000 -0.061126 0.006074 -0.556014
  time 53
    0 -0.002348 -0.531250 38.562500 1.570793 0.000003 -0.000001
    1 3.888672 0.000004 -0.000003 -1.571081 0.000000 -1.570796
    2 17.843750 -0.000001 0.000000 -0.004933 0.000000 0.000000
    3 16.515625 -0.000001 0.000000 0.008763 0.017255 -1.010369
    4 0.000005 3.343750 -2.980469 1.570795 0.086294 1.570791
    5 4.015625 0.000000 0.000000 0.000000 0.000001 -0.029231
    6 3.517578 0.000008 0.000000 0.000000 -0.000044 0.100329
    7 8.937500 0.000000 0.000000 0.000009 0.000052 0.194100
    8 2.033203 1.000000 -1.937500 -1.574432 1.117754 2.959611
    9 6.027344 -0.000011 -0.000001 1.570038 -0.001591 0.453045
    10 11.687500 0.000031 -0.000004 -0.000419 0.000000 0.000000
    11 -3.888672 0.000008 0.000007 -1.570525 0.000000 -1.570796
    12 17.843750 0.000000 0.000000 0.004880 0.000000 0.000000
    13 16.515625 0.000001 -0.000001 -0.002096 -0.019462 -1.010223
    14 2.033203 1.000000 1.937500 1.564403 -1.116058 2.970024
    15 6.027344 0.000004 0.000000 -1.573133 -0.002806 0.454726
    16 11.687500 -0.000016 0.000023 -0.000192 0.000000 0.000000
    17 11.476563 0.000088 -0.000027 1.573454 -0.106738 0.134901
    18 11.476563 -0.000021 -0.000008 -1.563666 0.106381 0.130249
    19 6.878906 0.000005 0.000002 -0.001025 -0.003549 -0.555366
    20 6.878906 0.000001 0.000000 -0.061126 0.006074 -0.556014
  time 54
    0 -0.002348 -0.531250 38.562500 1.570793 0.000003 -0.000001
    1 3.888672 0.000004 -0.000003 -1.571081 0.000000 -1.570796
    2 17.843750 -0.000001 0.000000 -0.004933 0.000000 0.000000
    3 16.515625 -0.000001 0.000000 0.008763 0.017255 -1.010369
    4 0.000005 3.343750 -2.980469 1.570795 0.086294 1.570791
    5 4.015625 0.000000 0.000000 0.000000 0.000001 -0.029231
    6 3.517578 0.000008 0.000000 0.000000 -0.000044 0.100329
    7 8.937500 0.000000 0.000000 0.000009 0.000052 0.194100
    8 2.033203 1.000000 -1.937500 -1.574432 1.117754 2.959611
    9 6.027344 -0.000011 -0.000001 1.570038 -0.001591 0.453045
    10 11.687500 0.000031 -0.000004 -0.000419 0.000000 0.000000
    11 -3.888672 0.000008 0.000007 -1.570525 0.000000 -1.570796
    12 17.843750 0.000000 0.000000 0.004880 0.000000 0.000000
    13 16.515625 0.000001 -0.000001 -0.002096 -0.019462 -1.010223
    14 2.033203 1.000000 1.937500 1.564403 -1.116058 2.970024
    15 6.027344 0.000004 0.000000 -1.573133 -0.002806 0.454726
    16 11.687500 -0.000016 0.000023 -0.000192 0.000000 0.000000
    17 11.476563 0.000088 -0.000027 1.573454 -0.106738 0.134901
    18 11.476563 -0.000021 -0.000008 -1.563666 0.106381 0.130249
    19 6.878906 0.000005 0.000002 -0.001025 -0.003549 -0.555366
    20 6.878906 0.000001 0.000000 -0.061126 0.006074 -0.556014
  time 55
    0 -0.002348 -0.531250 38.562500 1.570793 0.000003 -0.000001
    1 3.888672 0.000004 -0.000003 -1.571081 0.000000 -1.570796
    2 17.843750 -0.000001 0.000000 -0.004933 0.000000 0.000000
    3 16.515625 -0.000001 0.000000 0.008763 0.017255 -1.010369
    4 0.000005 3.343750 -2.980469 1.570795 0.086294 1.570791
    5 4.015625 0.000000 0.000000 0.000000 0.000001 -0.029231
    6 3.517578 0.000008 0.000000 0.000000 -0.000044 0.100329
    7 8.937500 0.000000 0.000000 0.000009 0.000052 0.194100
    8 2.033203 1.000000 -1.937500 -1.574432 1.117754 2.959611
    9 6.027344 -0.000011 -0.000001 1.570038 -0.001591 0.453045
    10 11.687500 0.000031 -0.000004 -0.000419 0.000000 0.000000
    11 -3.888672 0.000008 0.000007 -1.570525 0.000000 -1.570796
    12 17.843750 0.000000 0.000000 0.004880 0.000000 0.000000
    13 16.515625 0.000001 -0.000001 -0.002096 -0.019462 -1.010223
    14 2.033203 1.000000 1.937500 1.564403 -1.116058 2.970024
    15 6.027344 0.000004 0.000000 -1.573133 -0.002806 0.454726
    16 11.687500 -0.000016 0.000023 -0.000192 0.000000 0.000000
    17 11.476563 0.000088 -0.000027 1.573454 -0.106738 0.134901
    18 11.476563 -0.000021 -0.000008 -1.563666 0.106381 0.130249
    19 6.878906 0.000005 0.000002 -0.001025 -0.003549 -0.555366
    20 6.878906 0.000001 0.000000 -0.061126 0.006074 -0.556014
  time 56
    0 -0.002348 -0.531250 38.562500 1.570793 0.000003 -0.000001
    1 3.888672 0.000004 -0.000003 -1.571081 0.000000 -1.570796
    2 17.843750 -0.000001 0.000000 -0.004933 0.000000 0.000000
    3 16.515625 -0.000001 0.000000 0.008763 0.017255 -1.010369
    4 0.000005 3.343750 -2.980469 1.570795 0.086294 1.570791
    5 4.015625 0.000000 0.000000 0.000000 0.000001 -0.029231
    6 3.517578 0.000008 0.000000 0.000000 -0.000044 0.100329
    7 8.937500 0.000000 0.000000 0.000009 0.000052 0.194100
    8 2.033203 1.000000 -1.937500 -1.574432 1.117754 2.959611
    9 6.027344 -0.000011 -0.000001 1.570038 -0.001591 0.453045
    10 11.687500 0.000031 -0.000004 -0.000419 0.000000 0.000000
    11 -3.888672 0.000008 0.000007 -1.570525 0.000000 -1.570796
    12 17.843750 0.000000 0.000000 0.004880 0.000000 0.000000
    13 16.515625 0.000001 -0.000001 -0.002096 -0.019462 -1.010223
    14 2.033203 1.000000 1.937500 1.564403 -1.116058 2.970024
    15 6.027344 0.000004 0.000000 -1.573133 -0.002806 0.454726
    16 11.687500 -0.000016 0.000023 -0.000192 0.000000 0.000000
    17 11.476563 0.000088 -0.000027 1.573454 -0.106738 0.134901
    18 11.476563 -0.000021 -0.000008 -1.563666 0.106381 0.130249
    19 6.878906 0.000005 0.000002 -0.001025 -0.003549 -0.555366
    20 6.878906 0.000001 0.000000 -0.061126 0.006074 -0.556014
  time 57
    0 -0.002348 -0.531250 38.562500 1.570793 0.000003 -0.000001
    1 3.888672 0.000004 -0.000003 -1.571081 0.000000 -1.570796
    2 17.843750 -0.000001 0.000000 -0.004933 0.000000 0.000000
    3 16.515625 -0.000001 0.000000 0.008763 0.017255 -1.010369
    4 0.000005 3.343750 -2.980469 1.570795 0.086294 1.570791
    5 4.015625 0.000000 0.000000 0.000000 0.000001 -0.029231
    6 3.517578 0.000008 0.000000 0.000000 -0.000044 0.100329
    7 8.937500 0.000000 0.000000 0.000009 0.000052 0.194100
    8 2.033203 1.000000 -1.937500 -1.574432 1.117754 2.959611
    9 6.027344 -0.000011 -0.000001 1.570038 -0.001591 0.453045
    10 11.687500 0.000031 -0.000004 -0.000419 0.000000 0.000000
    11 -3.888672 0.000008 0.000007 -1.570525 0.000000 -1.570796
    12 17.843750 0.000000 0.000000 0.004880 0.000000 0.000000
    13 16.515625 0.000001 -0.000001 -0.002096 -0.019462 -1.010223
    14 2.033203 1.000000 1.937500 1.564403 -1.116058 2.970024
    15 6.027344 0.000004 0.000000 -1.573133 -0.002806 0.454726
    16 11.687500 -0.000016 0.000023 -0.000192 0.000000 0.000000
    17 11.476563 0.000088 -0.000027 1.573454 -0.106738 0.134901
    18 11.476563 -0.000021 -0.000008 -1.563666 0.106381 0.130249
    19 6.878906 0.000005 0.000002 -0.001025 -0.003549 -0.555366
    20 6.878906 0.000001 0.000000 -0.061126 0.006074 -0.556014
  time 58
    0 -0.002348 -0.531250 38.562500 1.570793 0.000003 -0.000001
    1 3.888672 0.000004 -0.000003 -1.571081 0.000000 -1.570796
    2 17.843750 -0.000001 0.000000 -0.004933 0.000000 0.000000
    3 16.515625 -0.000001 0.000000 0.008763 0.017255 -1.010369
    4 0.000005 3.343750 -2.980469 1.570795 0.086294 1.570791
    5 4.015625 0.000000 0.000000 0.000000 0.000001 -0.029231
    6 3.517578 0.000008 0.000000 0.000000 -0.000044 0.100329
    7 8.937500 0.000000 0.000000 0.000009 0.000052 0.194100
    8 2.033203 1.000000 -1.937500 -1.574432 1.117754 2.959611
    9 6.027344 -0.000011 -0.000001 1.570038 -0.001591 0.453045
    10 11.687500 0.000031 -0.000004 -0.000419 0.000000 0.000000
    11 -3.888672 0.000008 0.000007 -1.570525 0.000000 -1.570796
    12 17.843750 0.000000 0.000000 0.004880 0.000000 0.000000
    13 16.515625 0.000001 -0.000001 -0.002096 -0.019462 -1.010223
    14 2.033203 1.000000 1.937500 1.564403 -1.116058 2.970024
    15 6.027344 0.000004 0.000000 -1.573133 -0.002806 0.454726
    16 11.687500 -0.000016 0.000023 -0.000192 0.000000 0.000000
    17 11.476563 0.000088 -0.000027 1.573454 -0.106738 0.134901
    18 11.476563 -0.000021 -0.000008 -1.563666 0.106381 0.130249
    19 6.878906 0.000005 0.000002 -0.001025 -0.003549 -0.555366
    20 6.878906 0.000001 0.000000 -0.061126 0.006074 -0.556014
  time 59
    0 -0.002348 -0.531250 38.562500 1.570793 0.000003 -0.000001
    1 3.888672 0.000004 -0.000003 -1.571081 0.000000 -1.570796
    2 17.843750 -0.000001 0.000000 -0.004933 0.000000 0.000000
    3 16.515625 -0.000001 0.000000 0.008763 0.017255 -1.010369
    4 0.000005 3.343750 -2.980469 1.570795 0.086294 1.570791
    5 4.015625 0.000000 0.000000 0.000000 0.000001 -0.029231
    6 3.517578 0.000008 0.000000 0.000000 -0.000044 0.100329
    7 8.937500 0.000000 0.000000 0.000009 0.000052 0.194100
    8 2.033203 1.000000 -1.937500 -1.574432 1.117754 2.959611
    9 6.027344 -0.000011 -0.000001 1.570038 -0.001591 0.453045
    10 11.687500 0.000031 -0.000004 -0.000419 0.000000 0.000000
    11 -3.888672 0.000008 0.000007 -1.570525 0.000000 -1.570796
    12 17.843750 0.000000 0.000000 0.004880 0.000000 0.000000
    13 16.515625 0.000001 -0.000001 -0.002096 -0.019462 -1.010223
    14 2.033203 1.000000 1.937500 1.564403 -1.116058 2.970024
    15 6.027344 0.000004 0.000000 -1.573133 -0.002806 0.454726
    16 11.687500 -0.000016 0.000023 -0.000192 0.000000 0.000000
    17 11.476563 0.000088 -0.000027 1.573454 -0.106738 0.134901
    18 11.476563 -0.000021 -0.000008 -1.563666 0.106381 0.130249
    19 6.878906 0.000005 0.000002 -0.001025 -0.003549 -0.555366
    20 6.878906 0.000001 0.000000 -0.061126 0.006074 -0.556014
  time 60
    0 -0.002348 -0.531250 38.562500 1.570793 0.000003 -0.000001
    1 3.888672 0.000004 -0.000003 -1.571081 0.000000 -1.570796
    2 17.843750 -0.000001 0.000000 -0.004933 0.000000 0.000000
    3 16.515625 -0.000001 0.000000 0.008763 0.017255 -1.010369
    4 0.000005 3.343750 -2.980469 1.570795 0.086294 1.570791
    5 4.015625 0.000000 0.000000 0.000000 0.000001 -0.029231
    6 3.517578 0.000008 0.000000 0.000000 -0.000044 0.100329
    7 8.937500 0.000000 0.000000 0.000009 0.000052 0.194100
    8 2.033203 1.000000 -1.937500 -1.574432 1.117754 2.959611
    9 6.027344 -0.000011 -0.000001 1.570038 -0.001591 0.453045
    10 11.687500 0.000031 -0.000004 -0.000419 0.000000 0.000000
    11 -3.888672 0.000008 0.000007 -1.570525 0.000000 -1.570796
    12 17.843750 0.000000 0.000000 0.004880 0.000000 0.000000
    13 16.515625 0.000001 -0.000001 -0.002096 -0.019462 -1.010223
    14 2.033203 1.000000 1.937500 1.564403 -1.116058 2.970024
    15 6.027344 0.000004 0.000000 -1.573133 -0.002806 0.454726
    16 11.687500 -0.000016 0.000023 -0.000192 0.000000 0.000000
    17 11.476563 0.000088 -0.000027 1.573454 -0.106738 0.134901
    18 11.476563 -0.000021 -0.000008 -1.563666 0.106381 0.130249
    19 6.878906 0.000005 0.000002 -0.001025 -0.003549 -0.555366
    20 6.878906 0.000001 0.000000 -0.061126 0.006074 -0.556014
  time 61
    0 -0.002348 -0.531250 38.562500 1.570793 0.000003 -0.000001
    1 3.888672 0.000004 -0.000003 -1.571081 0.000000 -1.570796
    2 17.843750 -0.000001 0.000000 -0.004933 0.000000 0.000000
    3 16.515625 -0.000001 0.000000 0.008763 0.017255 -1.010369
    4 0.000005 3.343750 -2.980469 1.570795 0.086294 1.570791
    5 4.015625 0.000000 0.000000 0.000000 0.000001 -0.029231
    6 3.517578 0.000008 0.000000 0.000000 -0.000044 0.100329
    7 8.937500 0.000000 0.000000 0.000009 0.000052 0.194100
    8 2.033203 1.000000 -1.937500 -1.574432 1.117754 2.959611
    9 6.027344 -0.000011 -0.000001 1.570038 -0.001591 0.453045
    10 11.687500 0.000031 -0.000004 -0.000419 0.000000 0.000000
    11 -3.888672 0.000008 0.000007 -1.570525 0.000000 -1.570796
    12 17.843750 0.000000 0.000000 0.004880 0.000000 0.000000
    13 16.515625 0.000001 -0.000001 -0.002096 -0.019462 -1.010223
    14 2.033203 1.000000 1.937500 1.564403 -1.116058 2.970024
    15 6.027344 0.000004 0.000000 -1.573133 -0.002806 0.454726
    16 11.687500 -0.000016 0.000023 -0.000192 0.000000 0.000000
    17 11.476563 0.000088 -0.000027 1.573454 -0.106738 0.134901
    18 11.476563 -0.000021 -0.000008 -1.563666 0.106381 0.130249
    19 6.878906 0.000005 0.000002 -0.001025 -0.003549 -0.555366
    20 6.878906 0.000001 0.000000 -0.061126 0.006074 -0.556014
  time 62
    0 -0.002348 -0.531250 38.562500 1.570793 0.000003 -0.000001
    1 3.888672 0.000004 -0.000003 -1.571081 0.000000 -1.570796
    2 17.843750 -0.000001 0.000000 -0.004933 0.000000 0.000000
    3 16.515625 -0.000001 0.000000 0.008763 0.017255 -1.010369
    4 0.000005 3.343750 -2.980469 1.570795 0.086294 1.570791
    5 4.015625 0.000000 0.000000 0.000000 0.000001 -0.029231
    6 3.517578 0.000008 0.000000 0.000000 -0.000044 0.100329
    7 8.937500 0.000000 0.000000 0.000009 0.000052 0.194100
    8 2.033203 1.000000 -1.937500 -1.574432 1.117754 2.959611
    9 6.027344 -0.000011 -0.000001 1.570038 -0.001591 0.453045
    10 11.687500 0.000031 -0.000004 -0.000419 0.000000 0.000000
    11 -3.888672 0.000008 0.000007 -1.570525 0.000000 -1.570796
    12 17.843750 0.000000 0.000000 0.004880 0.000000 0.000000
    13 16.515625 0.000001 -0.000001 -0.002096 -0.019462 -1.010223
    14 2.033203 1.000000 1.937500 1.564403 -1.116058 2.970024
    15 6.027344 0.000004 0.000000 -1.573133 -0.002806 0.454726
    16 11.687500 -0.000016 0.000023 -0.000192 0.000000 0.000000
    17 11.476563 0.000088 -0.000027 1.573454 -0.106738 0.134901
    18 11.476563 -0.000021 -0.000008 -1.563666 0.106381 0.130249
    19 6.878906 0.000005 0.000002 -0.001025 -0.003549 -0.555366
    20 6.878906 0.000001 0.000000 -0.061126 0.006074 -0.556014
  time 63
    0 -0.002348 -0.531250 38.562500 1.570793 0.000003 -0.000001
    1 3.888672 0.000004 -0.000003 -1.571081 0.000000 -1.570796
    2 17.843750 -0.000001 0.000000 -0.004933 0.000000 0.000000
    3 16.515625 -0.000001 0.000000 0.008763 0.017255 -1.010369
    4 0.000005 3.343750 -2.980469 1.570795 0.086294 1.570791
    5 4.015625 0.000000 0.000000 0.000000 0.000001 -0.029231
    6 3.517578 0.000008 0.000000 0.000000 -0.000044 0.100329
    7 8.937500 0.000000 0.000000 0.000009 0.000052 0.194100
    8 2.033203 1.000000 -1.937500 -1.574432 1.117754 2.959611
    9 6.027344 -0.000011 -0.000001 1.570038 -0.001591 0.453045
    10 11.687500 0.000031 -0.000004 -0.000419 0.000000 0.000000
    11 -3.888672 0.000008 0.000007 -1.570525 0.000000 -1.570796
    12 17.843750 0.000000 0.000000 0.004880 0.000000 0.000000
    13 16.515625 0.000001 -0.000001 -0.002096 -0.019462 -1.010223
    14 2.033203 1.000000 1.937500 1.564403 -1.116058 2.970024
    15 6.027344 0.000004 0.000000 -1.573133 -0.002806 0.454726
    16 11.687500 -0.000016 0.000023 -0.000192 0.000000 0.000000
    17 11.476563 0.000088 -0.000027 1.573454 -0.106738 0.134901
    18 11.476563 -0.000021 -0.000008 -1.563666 0.106381 0.130249
    19 6.878906 0.000005 0.000002 -0.001025 -0.003549 -0.555366
    20 6.878906 0.000001 0.000000 -0.061126 0.006074 -0.556014
  time 64
    0 -0.002348 -0.531250 38.562500 1.570793 0.000003 -0.000001
    1 3.888672 0.000004 -0.000003 -1.571081 0.000000 -1.570796
    2 17.843750 -0.000001 0.000000 -0.004933 0.000000 0.000000
    3 16.515625 -0.000001 0.000000 0.008763 0.017255 -1.010369
    4 0.000005 3.343750 -2.980469 1.570795 0.086294 1.570791
    5 4.015625 0.000000 0.000000 0.000000 0.000001 -0.029231
    6 3.517578 0.000008 0.000000 0.000000 -0.000044 0.100329
    7 8.937500 0.000000 0.000000 0.000009 0.000052 0.194100
    8 2.033203 1.000000 -1.937500 -1.574432 1.117754 2.959611
    9 6.027344 -0.000011 -0.000001 1.570038 -0.001591 0.453045
    10 11.687500 0.000031 -0.000004 -0.000419 0.000000 0.000000
    11 -3.888672 0.000008 0.000007 -1.570525 0.000000 -1.570796
    12 17.843750 0.000000 0.000000 0.004880 0.000000 0.000000
    13 16.515625 0.000001 -0.000001 -0.002096 -0.019462 -1.010223
    14 2.033203 1.000000 1.937500 1.564403 -1.116058 2.970024
    15 6.027344 0.000004 0.000000 -1.573133 -0.002806 0.454726
    16 11.687500 -0.000016 0.000023 -0.000192 0.000000 0.000000
    17 11.476563 0.000088 -0.000027 1.573454 -0.106738 0.134901
    18 11.476563 -0.000021 -0.000008 -1.563666 0.106381 0.130249
    19 6.878906 0.000005 0.000002 -0.001025 -0.003549 -0.555366
    20 6.878906 0.000001 0.000000 -0.061126 0.006074 -0.556014
  time 65
    0 -0.002348 -0.531250 38.562500 1.570793 0.000003 -0.000001
    1 3.888672 0.000004 -0.000003 -1.571081 0.000000 -1.570796
    2 17.843750 -0.000001 0.000000 -0.004933 0.000000 0.000000
    3 16.515625 -0.000001 0.000000 0.008763 0.017255 -1.010369
    4 0.000005 3.343750 -2.980469 1.570795 0.086294 1.570791
    5 4.015625 0.000000 0.000000 0.000000 0.000001 -0.029231
    6 3.517578 0.000008 0.000000 0.000000 -0.000044 0.100329
    7 8.937500 0.000000 0.000000 0.000009 0.000052 0.194100
    8 2.033203 1.000000 -1.937500 -1.574432 1.117754 2.959611
    9 6.027344 -0.000011 -0.000001 1.570038 -0.001591 0.453045
    10 11.687500 0.000031 -0.000004 -0.000419 0.000000 0.000000
    11 -3.888672 0.000008 0.000007 -1.570525 0.000000 -1.570796
    12 17.843750 0.000000 0.000000 0.004880 0.000000 0.000000
    13 16.515625 0.000001 -0.000001 -0.002096 -0.019462 -1.010223
    14 2.033203 1.000000 1.937500 1.564403 -1.116058 2.970024
    15 6.027344 0.000004 0.000000 -1.573133 -0.002806 0.454726
    16 11.687500 -0.000016 0.000023 -0.000192 0.000000 0.000000
    17 11.476563 0.000088 -0.000027 1.573454 -0.106738 0.134901
    18 11.476563 -0.000021 -0.000008 -1.563666 0.106381 0.130249
    19 6.878906 0.000005 0.000002 -0.001025 -0.003549 -0.555366
    20 6.878906 0.000001 0.000000 -0.061126 0.006074 -0.556014
  time 66
    0 -0.002348 -0.531250 38.562500 1.570793 0.000003 -0.000001
    1 3.888672 0.000004 -0.000003 -1.571081 0.000000 -1.570796
    2 17.843750 -0.000001 0.000000 -0.004933 0.000000 0.000000
    3 16.515625 -0.000001 0.000000 0.008763 0.017255 -1.010369
    4 0.000005 3.343750 -2.980469 1.570795 0.086294 1.570791
    5 4.015625 0.000000 0.000000 0.000000 0.000001 -0.029231
    6 3.517578 0.000008 0.000000 0.000000 -0.000044 0.100329
    7 8.937500 0.000000 0.000000 0.000009 0.000052 0.194100
    8 2.033203 1.000000 -1.937500 -1.574432 1.117754 2.959611
    9 6.027344 -0.000011 -0.000001 1.570038 -0.001591 0.453045
    10 11.687500 0.000031 -0.000004 -0.000419 0.000000 0.000000
    11 -3.888672 0.000008 0.000007 -1.570525 0.000000 -1.570796
    12 17.843750 0.000000 0.000000 0.004880 0.000000 0.000000
    13 16.515625 0.000001 -0.000001 -0.002096 -0.019462 -1.010223
    14 2.033203 1.000000 1.937500 1.564403 -1.116058 2.970024
    15 6.027344 0.000004 0.000000 -1.573133 -0.002806 0.454726
    16 11.687500 -0.000016 0.000023 -0.000192 0.000000 0.000000
    17 11.476563 0.000088 -0.000027 1.573454 -0.106738 0.134901
    18 11.476563 -0.000021 -0.000008 -1.563666 0.106381 0.130249
    19 6.878906 0.000005 0.000002 -0.001025 -0.003549 -0.555366
    20 6.878906 0.000001 0.000000 -0.061126 0.006074 -0.556014
  time 67
    0 -0.002348 -0.531250 38.562500 1.570793 0.000003 -0.000001
    1 3.888672 0.000004 -0.000003 -1.571081 0.000000 -1.570796
    2 17.843750 -0.000001 0.000000 -0.004933 0.000000 0.000000
    3 16.515625 -0.000001 0.000000 0.008763 0.017255 -1.010369
    4 0.000005 3.343750 -2.980469 1.570795 0.086294 1.570791
    5 4.015625 0.000000 0.000000 0.000000 0.000001 -0.029231
    6 3.517578 0.000008 0.000000 0.000000 -0.000044 0.100329
    7 8.937500 0.000000 0.000000 0.000009 0.000052 0.194100
    8 2.033203 1.000000 -1.937500 -1.574432 1.117754 2.959611
    9 6.027344 -0.000011 -0.000001 1.570038 -0.001591 0.453045
    10 11.687500 0.000031 -0.000004 -0.000419 0.000000 0.000000
    11 -3.888672 0.000008 0.000007 -1.570525 0.000000 -1.570796
    12 17.843750 0.000000 0.000000 0.004880 0.000000 0.000000
    13 16.515625 0.000001 -0.000001 -0.002096 -0.019462 -1.010223
    14 2.033203 1.000000 1.937500 1.564403 -1.116058 2.970024
    15 6.027344 0.000004 0.000000 -1.573133 -0.002806 0.454726
    16 11.687500 -0.000016 0.000023 -0.000192 0.000000 0.000000
    17 11.476563 0.000088 -0.000027 1.573454 -0.106738 0.134901
    18 11.476563 -0.000021 -0.000008 -1.563666 0.106381 0.130249
    19 6.878906 0.000005 0.000002 -0.001025 -0.003549 -0.555366
    20 6.878906 0.000001 0.000000 -0.061126 0.006074 -0.556014
  time 68
    0 -0.002348 -0.531250 38.562500 1.570793 0.000003 -0.000001
    1 3.888672 0.000004 -0.000003 -1.571081 0.000000 -1.570796
    2 17.843750 -0.000001 0.000000 -0.004933 0.000000 0.000000
    3 16.515625 -0.000001 0.000000 0.008763 0.017255 -1.010369
    4 0.000005 3.343750 -2.980469 1.570795 0.086294 1.570791
    5 4.015625 0.000000 0.000000 0.000000 0.000001 -0.029231
    6 3.517578 0.000008 0.000000 0.000000 -0.000044 0.100329
    7 8.937500 0.000000 0.000000 0.000009 0.000052 0.194100
    8 2.033203 1.000000 -1.937500 -1.574432 1.117754 2.959611
    9 6.027344 -0.000011 -0.000001 1.570038 -0.001591 0.453045
    10 11.687500 0.000031 -0.000004 -0.000419 0.000000 0.000000
    11 -3.888672 0.000008 0.000007 -1.570525 0.000000 -1.570796
    12 17.843750 0.000000 0.000000 0.004880 0.000000 0.000000
    13 16.515625 0.000001 -0.000001 -0.002096 -0.019462 -1.010223
    14 2.033203 1.000000 1.937500 1.564403 -1.116058 2.970024
    15 6.027344 0.000004 0.000000 -1.573133 -0.002806 0.454726
    16 11.687500 -0.000016 0.000023 -0.000192 0.000000 0.000000
    17 11.476563 0.000088 -0.000027 1.573454 -0.106738 0.134901
    18 11.476563 -0.000021 -0.000008 -1.563666 0.106381 0.130249
    19 6.878906 0.000005 0.000002 -0.001025 -0.003549 -0.555366
    20 6.878906 0.000001 0.000000 -0.061126 0.006074 -0.556014
  time 69
    0 -0.002348 -0.531250 38.562500 1.570793 0.000003 -0.000001
    1 3.888672 0.000004 -0.000003 -1.571081 0.000000 -1.570796
    2 17.843750 -0.000001 0.000000 -0.004933 0.000000 0.000000
    3 16.515625 -0.000001 0.000000 0.008763 0.017255 -1.010369
    4 0.000005 3.343750 -2.980469 1.570795 0.086294 1.570791
    5 4.015625 0.000000 0.000000 0.000000 0.000001 -0.029231
    6 3.517578 0.000008 0.000000 0.000000 -0.000044 0.100329
    7 8.937500 0.000000 0.000000 0.000009 0.000052 0.194100
    8 2.033203 1.000000 -1.937500 -1.574432 1.117754 2.959611
    9 6.027344 -0.000011 -0.000001 1.570038 -0.001591 0.453045
    10 11.687500 0.000031 -0.000004 -0.000419 0.000000 0.000000
    11 -3.888672 0.000008 0.000007 -1.570525 0.000000 -1.570796
    12 17.843750 0.000000 0.000000 0.004880 0.000000 0.000000
    13 16.515625 0.000001 -0.000001 -0.002096 -0.019462 -1.010223
    14 2.033203 1.000000 1.937500 1.564403 -1.116058 2.970024
    15 6.027344 0.000004 0.000000 -1.573133 -0.002806 0.454726
    16 11.687500 -0.000016 0.000023 -0.000192 0.000000 0.000000
    17 11.476563 0.000088 -0.000027 1.573454 -0.106738 0.134901
    18 11.476563 -0.000021 -0.000008 -1.563666 0.106381 0.130249
    19 6.878906 0.000005 0.000002 -0.001025 -0.003549 -0.555366
    20 6.878906 0.000001 0.000000 -0.061126 0.006074 -0.556014
  time 70
    0 -0.002348 -0.531250 38.562500 1.570793 0.000003 -0.000001
    1 3.888672 0.000004 -0.000003 -1.571081 0.000000 -1.570796
    2 17.843750 -0.000001 0.000000 -0.004933 0.000000 0.000000
    3 16.515625 -0.000001 0.000000 0.008763 0.017255 -1.010369
    4 0.000005 3.343750 -2.980469 1.570795 0.086294 1.570791
    5 4.015625 0.000000 0.000000 0.000000 0.000001 -0.029231
    6 3.517578 0.000008 0.000000 0.000000 -0.000044 0.100329
    7 8.937500 0.000000 0.000000 0.000009 0.000052 0.194100
    8 2.033203 1.000000 -1.937500 -1.574432 1.117754 2.959611
    9 6.027344 -0.000011 -0.000001 1.570038 -0.001591 0.453045
    10 11.687500 0.000031 -0.000004 -0.000419 0.000000 0.000000
    11 -3.888672 0.000008 0.000007 -1.570525 0.000000 -1.570796
    12 17.843750 0.000000 0.000000 0.004880 0.000000 0.000000
    13 16.515625 0.000001 -0.000001 -0.002096 -0.019462 -1.010223
    14 2.033203 1.000000 1.937500 1.564403 -1.116058 2.970024
    15 6.027344 0.000004 0.000000 -1.573133 -0.002806 0.454726
    16 11.687500 -0.000016 0.000023 -0.000192 0.000000 0.000000
    17 11.476563 0.000088 -0.000027 1.573454 -0.106738 0.134901
    18 11.476563 -0.000021 -0.000008 -1.563666 0.106381 0.130249
    19 6.878906 0.000005 0.000002 -0.001025 -0.003549 -0.555366
    20 6.878906 0.000001 0.000000 -0.061126 0.006074 -0.556014
  time 71
    0 -0.002348 -0.531250 38.562500 1.570793 0.000003 -0.000001
    1 3.888672 0.000004 -0.000003 -1.571081 0.000000 -1.570796
    2 17.843750 -0.000001 0.000000 -0.004933 0.000000 0.000000
    3 16.515625 -0.000001 0.000000 0.008763 0.017255 -1.010369
    4 0.000005 3.343750 -2.980469 1.570795 0.086294 1.570791
    5 4.015625 0.000000 0.000000 0.000000 0.000001 -0.029231
    6 3.517578 0.000008 0.000000 0.000000 -0.000044 0.100329
    7 8.937500 0.000000 0.000000 0.000009 0.000052 0.194100
    8 2.033203 1.000000 -1.937500 -1.574432 1.117754 2.959611
    9 6.027344 -0.000011 -0.000001 1.570038 -0.001591 0.453045
    10 11.687500 0.000031 -0.000004 -0.000419 0.000000 0.000000
    11 -3.888672 0.000008 0.000007 -1.570525 0.000000 -1.570796
    12 17.843750 0.000000 0.000000 0.004880 0.000000 0.000000
    13 16.515625 0.000001 -0.000001 -0.002096 -0.019462 -1.010223
    14 2.033203 1.000000 1.937500 1.564403 -1.116058 2.970024
    15 6.027344 0.000004 0.000000 -1.573133 -0.002806 0.454726
    16 11.687500 -0.000016 0.000023 -0.000192 0.000000 0.000000
    17 11.476563 0.000088 -0.000027 1.573454 -0.106738 0.134901
    18 11.476563 -0.000021 -0.000008 -1.563666 0.106381 0.130249
    19 6.878906 0.000005 0.000002 -0.001025 -0.003549 -0.555366
    20 6.878906 0.000001 0.000000 -0.061126 0.006074 -0.556014
  time 72
    0 -0.002348 -0.531250 38.562500 1.570793 0.000003 -0.000001
    1 3.888672 0.000004 -0.000003 -1.571081 0.000000 -1.570796
    2 17.843750 -0.000001 0.000000 -0.004933 0.000000 0.000000
    3 16.515625 -0.000001 0.000000 0.008763 0.017255 -1.010369
    4 0.000005 3.343750 -2.980469 1.570795 0.086294 1.570791
    5 4.015625 0.000000 0.000000 0.000000 0.000001 -0.029231
    6 3.517578 0.000008 0.000000 0.000000 -0.000044 0.100329
    7 8.937500 0.000000 0.000000 0.000009 0.000052 0.194100
    8 2.033203 1.000000 -1.937500 -1.574432 1.117754 2.959611
    9 6.027344 -0.000011 -0.000001 1.570038 -0.001591 0.453045
    10 11.687500 0.000031 -0.000004 -0.000419 0.000000 0.000000
    11 -3.888672 0.000008 0.000007 -1.570525 0.000000 -1.570796
    12 17.843750 0.000000 0.000000 0.004880 0.000000 0.000000
    13 16.515625 0.000001 -0.000001 -0.002096 -0.019462 -1.010223
    14 2.033203 1.000000 1.937500 1.564403 -1.116058 2.970024
    15 6.027344 0.000004 0.000000 -1.573133 -0.002806 0.454726
    16 11.687500 -0.000016 0.000023 -0.000192 0.000000 0.000000
    17 11.476563 0.000088 -0.000027 1.573454 -0.106738 0.134901
    18 11.476563 -0.000021 -0.000008 -1.563666 0.106381 0.130249
    19 6.878906 0.000005 0.000002 -0.001025 -0.003549 -0.555366
    20 6.878906 0.000001 0.000000 -0.061126 0.006074 -0.556014
  time 73
    0 -0.002348 -0.531250 38.562500 1.570793 0.000003 -0.000001
    1 3.888672 0.000004 -0.000003 -1.571081 0.000000 -1.570796
    2 17.843750 -0.000001 0.000000 -0.004933 0.000000 0.000000
    3 16.515625 -0.000001 0.000000 0.008763 0.017255 -1.010369
    4 0.000005 3.343750 -2.980469 1.570795 0.086294 1.570791
    5 4.015625 0.000000 0.000000 0.000000 0.000001 -0.029231
    6 3.517578 0.000008 0.000000 0.000000 -0.000044 0.100329
    7 8.937500 0.000000 0.000000 0.000009 0.000052 0.194100
    8 2.033203 1.000000 -1.937500 -1.574432 1.117754 2.959611
    9 6.027344 -0.000011 -0.000001 1.570038 -0.001591 0.453045
    10 11.687500 0.000031 -0.000004 -0.000419 0.000000 0.000000
    11 -3.888672 0.000008 0.000007 -1.570525 0.000000 -1.570796
    12 17.843750 0.000000 0.000000 0.004880 0.000000 0.000000
    13 16.515625 0.000001 -0.000001 -0.002096 -0.019462 -1.010223
    14 2.033203 1.000000 1.937500 1.564403 -1.116058 2.970024
    15 6.027344 0.000004 0.000000 -1.573133 -0.002806 0.454726
    16 11.687500 -0.000016 0.000023 -0.000192 0.000000 0.000000
    17 11.476563 0.000088 -0.000027 1.573454 -0.106738 0.134901
    18 11.476563 -0.000021 -0.000008 -1.563666 0.106381 0.130249
    19 6.878906 0.000005 0.000002 -0.001025 -0.003549 -0.555366
    20 6.878906 0.000001 0.000000 -0.061126 0.006074 -0.556014
  time 74
    0 -0.002348 -0.531250 38.562500 1.570793 0.000003 -0.000001
    1 3.888672 0.000004 -0.000003 -1.571081 0.000000 -1.570796
    2 17.843750 -0.000001 0.000000 -0.004933 0.000000 0.000000
    3 16.515625 -0.000001 0.000000 0.008763 0.017255 -1.010369
    4 0.000005 3.343750 -2.980469 1.570795 0.086294 1.570791
    5 4.015625 0.000000 0.000000 0.000000 0.000001 -0.029231
    6 3.517578 0.000008 0.000000 0.000000 -0.000044 0.100329
    7 8.937500 0.000000 0.000000 0.000009 0.000052 0.194100
    8 2.033203 1.000000 -1.937500 -1.574432 1.117754 2.959611
    9 6.027344 -0.000011 -0.000001 1.570038 -0.001591 0.453045
    10 11.687500 0.000031 -0.000004 -0.000419 0.000000 0.000000
    11 -3.888672 0.000008 0.000007 -1.570525 0.000000 -1.570796
    12 17.843750 0.000000 0.000000 0.004880 0.000000 0.000000
    13 16.515625 0.000001 -0.000001 -0.002096 -0.019462 -1.010223
    14 2.033203 1.000000 1.937500 1.564403 -1.116058 2.970024
    15 6.027344 0.000004 0.000000 -1.573133 -0.002806 0.454726
    16 11.687500 -0.000016 0.000023 -0.000192 0.000000 0.000000
    17 11.476563 0.000088 -0.000027 1.573454 -0.106738 0.134901
    18 11.476563 -0.000021 -0.000008 -1.563666 0.106381 0.130249
    19 6.878906 0.000005 0.000002 -0.001025 -0.003549 -0.555366
    20 6.878906 0.000001 0.000000 -0.061126 0.006074 -0.556014
  time 75
    0 -0.002348 -0.531250 38.562500 1.570793 0.000003 -0.000001
    1 3.888672 0.000004 -0.000003 -1.571081 0.000000 -1.570796
    2 17.843750 -0.000001 0.000000 -0.004933 0.000000 0.000000
    3 16.515625 -0.000001 0.000000 0.008763 0.017255 -1.010369
    4 0.000005 3.343750 -2.980469 1.570795 0.086294 1.570791
    5 4.015625 0.000000 0.000000 0.000000 0.000001 -0.029231
    6 3.517578 0.000008 0.000000 0.000000 -0.000044 0.100329
    7 8.937500 0.000000 0.000000 0.000009 0.000052 0.194100
    8 2.033203 1.000000 -1.937500 -1.574432 1.117754 2.959611
    9 6.027344 -0.000011 -0.000001 1.570038 -0.001591 0.453045
    10 11.687500 0.000031 -0.000004 -0.000419 0.000000 0.000000
    11 -3.888672 0.000008 0.000007 -1.570525 0.000000 -1.570796
    12 17.843750 0.000000 0.000000 0.004880 0.000000 0.000000
    13 16.515625 0.000001 -0.000001 -0.002096 -0.019462 -1.010223
    14 2.033203 1.000000 1.937500 1.564403 -1.116058 2.970024
    15 6.027344 0.000004 0.000000 -1.573133 -0.002806 0.454726
    16 11.687500 -0.000016 0.000023 -0.000192 0.000000 0.000000
    17 11.476563 0.000088 -0.000027 1.573454 -0.106738 0.134901
    18 11.476563 -0.000021 -0.000008 -1.563666 0.106381 0.130249
    19 6.878906 0.000005 0.000002 -0.001025 -0.003549 -0.555366
    20 6.878906 0.000001 0.000000 -0.061126 0.006074 -0.556014
  time 76
    0 -0.002348 -0.531250 38.562500 1.570793 0.000003 -0.000001
    1 3.888672 0.000004 -0.000003 -1.571081 0.000000 -1.570796
    2 17.843750 -0.000001 0.000000 -0.004933 0.000000 0.000000
    3 16.515625 -0.000001 0.000000 0.008763 0.017255 -1.010369
    4 0.000005 3.343750 -2.980469 1.570795 0.086294 1.570791
    5 4.015625 0.000000 0.000000 0.000000 0.000001 -0.029231
    6 3.517578 0.000008 0.000000 0.000000 -0.000044 0.100329
    7 8.937500 0.000000 0.000000 0.000009 0.000052 0.194100
    8 2.033203 1.000000 -1.937500 -1.574432 1.117754 2.959611
    9 6.027344 -0.000011 -0.000001 1.570038 -0.001591 0.453045
    10 11.687500 0.000031 -0.000004 -0.000419 0.000000 0.000000
    11 -3.888672 0.000008 0.000007 -1.570525 0.000000 -1.570796
    12 17.843750 0.000000 0.000000 0.004880 0.000000 0.000000
    13 16.515625 0.000001 -0.000001 -0.002096 -0.019462 -1.010223
    14 2.033203 1.000000 1.937500 1.564403 -1.116058 2.970024
    15 6.027344 0.000004 0.000000 -1.573133 -0.002806 0.454726
    16 11.687500 -0.000016 0.000023 -0.000192 0.000000 0.000000
    17 11.476563 0.000088 -0.000027 1.573454 -0.106738 0.134901
    18 11.476563 -0.000021 -0.000008 -1.563666 0.106381 0.130249
    19 6.878906 0.000005 0.000002 -0.001025 -0.003549 -0.555366
    20 6.878906 0.000001 0.000000 -0.061126 0.006074 -0.556014
  time 77
    0 -0.002348 -0.531250 38.562500 1.570793 0.000003 -0.000001
    1 3.888672 0.000004 -0.000003 -1.571081 0.000000 -1.570796
    2 17.843750 -0.000001 0.000000 -0.004933 0.000000 0.000000
    3 16.515625 -0.000001 0.000000 0.008763 0.017255 -1.010369
    4 0.000005 3.343750 -2.980469 1.570795 0.086294 1.570791
    5 4.015625 0.000000 0.000000 0.000000 0.000001 -0.029231
    6 3.517578 0.000008 0.000000 0.000000 -0.000044 0.100329
    7 8.937500 0.000000 0.000000 0.000009 0.000052 0.194100
    8 2.033203 1.000000 -1.937500 -1.574432 1.117754 2.959611
    9 6.027344 -0.000011 -0.000001 1.570038 -0.001591 0.453045
    10 11.687500 0.000031 -0.000004 -0.000419 0.000000 0.000000
    11 -3.888672 0.000008 0.000007 -1.570525 0.000000 -1.570796
    12 17.843750 0.000000 0.000000 0.004880 0.000000 0.000000
    13 16.515625 0.000001 -0.000001 -0.002096 -0.019462 -1.010223
    14 2.033203 1.000000 1.937500 1.564403 -1.116058 2.970024
    15 6.027344 0.000004 0.000000 -1.573133 -0.002806 0.454726
    16 11.687500 -0.000016 0.000023 -0.000192 0.000000 0.000000
    17 11.476563 0.000088 -0.000027 1.573454 -0.106738 0.134901
    18 11.476563 -0.000021 -0.000008 -1.563666 0.106381 0.130249
    19 6.878906 0.000005 0.000002 -0.001025 -0.003549 -0.555366
    20 6.878906 0.000001 0.000000 -0.061126 0.006074 -0.556014
  time 78
    0 -0.002348 -0.531250 38.562500 1.570793 0.000003 -0.000001
    1 3.888672 0.000004 -0.000003 -1.571081 0.000000 -1.570796
    2 17.843750 -0.000001 0.000000 -0.004933 0.000000 0.000000
    3 16.515625 -0.000001 0.000000 0.008763 0.017255 -1.010369
    4 0.000005 3.343750 -2.980469 1.570795 0.086294 1.570791
    5 4.015625 0.000000 0.000000 0.000000 0.000001 -0.029231
    6 3.517578 0.000008 0.000000 0.000000 -0.000044 0.100329
    7 8.937500 0.000000 0.000000 0.000009 0.000052 0.194100
    8 2.033203 1.000000 -1.937500 -1.574432 1.117754 2.959611
    9 6.027344 -0.000011 -0.000001 1.570038 -0.001591 0.453045
    10 11.687500 0.000031 -0.000004 -0.000419 0.000000 0.000000
    11 -3.888672 0.000008 0.000007 -1.570525 0.000000 -1.570796
    12 17.843750 0.000000 0.000000 0.004880 0.000000 0.000000
    13 16.515625 0.000001 -0.000001 -0.002096 -0.019462 -1.010223
    14 2.033203 1.000000 1.937500 1.564403 -1.116058 2.970024
    15 6.027344 0.000004 0.000000 -1.573133 -0.002806 0.454726
    16 11.687500 -0.000016 0.000023 -0.000192 0.000000 0.000000
    17 11.476563 0.000088 -0.000027 1.573454 -0.106738 0.134901
    18 11.476563 -0.000021 -0.000008 -1.563666 0.106381 0.130249
    19 6.878906 0.000005 0.000002 -0.001025 -0.003549 -0.555366
    20 6.878906 0.000001 0.000000 -0.061126 0.006074 -0.556014
  time 79
    0 -0.002348 -0.531250 38.562500 1.570793 0.000003 -0.000001
    1 3.888672 0.000004 -0.000003 -1.571081 0.000000 -1.570796
    2 17.843750 -0.000001 0.000000 -0.004933 0.000000 0.000000
    3 16.515625 -0.000001 0.000000 0.008763 0.017255 -1.010369
    4 0.000005 3.343750 -2.980469 1.570795 0.086294 1.570791
    5 4.015625 0.000000 0.000000 0.000000 0.000001 -0.029231
    6 3.517578 0.000008 0.000000 0.000000 -0.000044 0.100329
    7 8.937500 0.000000 0.000000 0.000009 0.000052 0.194100
    8 2.033203 1.000000 -1.937500 -1.574432 1.117754 2.959611
    9 6.027344 -0.000011 -0.000001 1.570038 -0.001591 0.453045
    10 11.687500 0.000031 -0.000004 -0.000419 0.000000 0.000000
    11 -3.888672 0.000008 0.000007 -1.570525 0.000000 -1.570796
    12 17.843750 0.000000 0.000000 0.004880 0.000000 0.000000
    13 16.515625 0.000001 -0.000001 -0.002096 -0.019462 -1.010223
    14 2.033203 1.000000 1.937500 1.564403 -1.116058 2.970024
    15 6.027344 0.000004 0.000000 -1.573133 -0.002806 0.454726
    16 11.687500 -0.000016 0.000023 -0.000192 0.000000 0.000000
    17 11.476563 0.000088 -0.000027 1.573454 -0.106738 0.134901
    18 11.476563 -0.000021 -0.000008 -1.563666 0.106381 0.130249
    19 6.878906 0.000005 0.000002 -0.001025 -0.003549 -0.555366
    20 6.878906 0.000001 0.000000 -0.061126 0.006074 -0.556014
  time 80
    0 -0.002348 -0.531250 38.562500 1.570793 0.000003 -0.000001
    1 3.888672 0.000004 -0.000003 -1.571081 0.000000 -1.570796
    2 17.843750 -0.000001 0.000000 -0.004933 0.000000 0.000000
    3 16.515625 -0.000001 0.000000 0.008763 0.017255 -1.010369
    4 0.000005 3.343750 -2.980469 1.570795 0.086294 1.570791
    5 4.015625 0.000000 0.000000 0.000000 0.000001 -0.029231
    6 3.517578 0.000008 0.000000 0.000000 -0.000044 0.100329
    7 8.937500 0.000000 0.000000 0.000009 0.000052 0.194100
    8 2.033203 1.000000 -1.937500 -1.574432 1.117754 2.959611
    9 6.027344 -0.000011 -0.000001 1.570038 -0.001591 0.453045
    10 11.687500 0.000031 -0.000004 -0.000419 0.000000 0.000000
    11 -3.888672 0.000008 0.000007 -1.570525 0.000000 -1.570796
    12 17.843750 0.000000 0.000000 0.004880 0.000000 0.000000
    13 16.515625 0.000001 -0.000001 -0.002096 -0.019462 -1.010223
    14 2.033203 1.000000 1.937500 1.564403 -1.116058 2.970024
    15 6.027344 0.000004 0.000000 -1.573133 -0.002806 0.454726
    16 11.687500 -0.000016 0.000023 -0.000192 0.000000 0.000000
    17 11.476563 0.000088 -0.000027 1.573454 -0.106738 0.134901
    18 11.476563 -0.000021 -0.000008 -1.563666 0.106381 0.130249
    19 6.878906 0.000005 0.000002 -0.001025 -0.003549 -0.555366
    20 6.878906 0.000001 0.000000 -0.061126 0.006074 -0.556014
  time 81
    0 -0.002348 -0.531250 38.562500 1.570793 0.000003 -0.000001
    1 3.888672 0.000004 -0.000003 -1.571081 0.000000 -1.570796
    2 17.843750 -0.000001 0.000000 -0.004933 0.000000 0.000000
    3 16.515625 -0.000001 0.000000 0.008763 0.017255 -1.010369
    4 0.000005 3.343750 -2.980469 1.570795 0.086294 1.570791
    5 4.015625 0.000000 0.000000 0.000000 0.000001 -0.029231
    6 3.517578 0.000008 0.000000 0.000000 -0.000044 0.100329
    7 8.937500 0.000000 0.000000 0.000009 0.000052 0.194100
    8 2.033203 1.000000 -1.937500 -1.574432 1.117754 2.959611
    9 6.027344 -0.000011 -0.000001 1.570038 -0.001591 0.453045
    10 11.687500 0.000031 -0.000004 -0.000419 0.000000 0.000000
    11 -3.888672 0.000008 0.000007 -1.570525 0.000000 -1.570796
    12 17.843750 0.000000 0.000000 0.004880 0.000000 0.000000
    13 16.515625 0.000001 -0.000001 -0.002096 -0.019462 -1.010223
    14 2.033203 1.000000 1.937500 1.564403 -1.116058 2.970024
    15 6.027344 0.000004 0.000000 -1.573133 -0.002806 0.454726
    16 11.687500 -0.000016 0.000023 -0.000192 0.000000 0.000000
    17 11.476563 0.000088 -0.000027 1.573454 -0.106738 0.134901
    18 11.476563 -0.000021 -0.000008 -1.563666 0.106381 0.130249
    19 6.878906 0.000005 0.000002 -0.001025 -0.003549 -0.555366
    20 6.878906 0.000001 0.000000 -0.061126 0.006074 -0.556014
  time 82
    0 -0.002348 -0.531250 38.562500 1.570793 0.000003 -0.000001
    1 3.888672 0.000004 -0.000003 -1.571081 0.000000 -1.570796
    2 17.843750 -0.000001 0.000000 -0.004933 0.000000 0.000000
    3 16.515625 -0.000001 0.000000 0.008763 0.017255 -1.010369
    4 0.000005 3.343750 -2.980469 1.570795 0.086294 1.570791
    5 4.015625 0.000000 0.000000 0.000000 0.000001 -0.029231
    6 3.517578 0.000008 0.000000 0.000000 -0.000044 0.100329
    7 8.937500 0.000000 0.000000 0.000009 0.000052 0.194100
    8 2.033203 1.000000 -1.937500 -1.574432 1.117754 2.959611
    9 6.027344 -0.000011 -0.000001 1.570038 -0.001591 0.453045
    10 11.687500 0.000031 -0.000004 -0.000419 0.000000 0.000000
    11 -3.888672 0.000008 0.000007 -1.570525 0.000000 -1.570796
    12 17.843750 0.000000 0.000000 0.004880 0.000000 0.000000
    13 16.515625 0.000001 -0.000001 -0.002096 -0.019462 -1.010223
    14 2.033203 1.000000 1.937500 1.564403 -1.116058 2.970024
    15 6.027344 0.000004 0.000000 -1.573133 -0.002806 0.454726
    16 11.687500 -0.000016 0.000023 -0.000192 0.000000 0.000000
    17 11.476563 0.000088 -0.000027 1.573454 -0.106738 0.134901
    18 11.476563 -0.000021 -0.000008 -1.563666 0.106381 0.130249
    19 6.878906 0.000005 0.000002 -0.001025 -0.003549 -0.555366
    20 6.878906 0.000001 0.000000 -0.061126 0.006074 -0.556014
  time 83
    0 -0.002348 -0.531250 38.562500 1.570793 0.000003 -0.000001
    1 3.888672 0.000004 -0.000003 -1.571081 0.000000 -1.570796
    2 17.843750 -0.000001 0.000000 -0.004933 0.000000 0.000000
    3 16.515625 -0.000001 0.000000 0.008763 0.017255 -1.010369
    4 0.000005 3.343750 -2.980469 1.570795 0.086294 1.570791
    5 4.015625 0.000000 0.000000 0.000000 0.000001 -0.029231
    6 3.517578 0.000008 0.000000 0.000000 -0.000044 0.100329
    7 8.937500 0.000000 0.000000 0.000009 0.000052 0.194100
    8 2.033203 1.000000 -1.937500 -1.574432 1.117754 2.959611
    9 6.027344 -0.000011 -0.000001 1.570038 -0.001591 0.453045
    10 11.687500 0.000031 -0.000004 -0.000419 0.000000 0.000000
    11 -3.888672 0.000008 0.000007 -1.570525 0.000000 -1.570796
    12 17.843750 0.000000 0.000000 0.004880 0.000000 0.000000
    13 16.515625 0.000001 -0.000001 -0.002096 -0.019462 -1.010223
    14 2.033203 1.000000 1.937500 1.564403 -1.116058 2.970024
    15 6.027344 0.000004 0.000000 -1.573133 -0.002806 0.454726
    16 11.687500 -0.000016 0.000023 -0.000192 0.000000 0.000000
    17 11.476563 0.000088 -0.000027 1.573454 -0.106738 0.134901
    18 11.476563 -0.000021 -0.000008 -1.563666 0.106381 0.130249
    19 6.878906 0.000005 0.000002 -0.001025 -0.003549 -0.555366
    20 6.878906 0.000001 0.000000 -0.061126 0.006074 -0.556014
  time 84
    0 -0.002348 -0.531250 38.562500 1.570793 0.000003 -0.000001
    1 3.888672 0.000004 -0.000003 -1.571081 0.000000 -1.570796
    2 17.843750 -0.000001 0.000000 -0.004933 0.000000 0.000000
    3 16.515625 -0.000001 0.000000 0.008763 0.017255 -1.010369
    4 0.000005 3.343750 -2.980469 1.570795 0.086294 1.570791
    5 4.015625 0.000000 0.000000 0.000000 0.000001 -0.029231
    6 3.517578 0.000008 0.000000 0.000000 -0.000044 0.100329
    7 8.937500 0.000000 0.000000 0.000009 0.000052 0.194100
    8 2.033203 1.000000 -1.937500 -1.574432 1.117754 2.959611
    9 6.027344 -0.000011 -0.000001 1.570038 -0.001591 0.453045
    10 11.687500 0.000031 -0.000004 -0.000419 0.000000 0.000000
    11 -3.888672 0.000008 0.000007 -1.570525 0.000000 -1.570796
    12 17.843750 0.000000 0.000000 0.004880 0.000000 0.000000
    13 16.515625 0.000001 -0.000001 -0.002096 -0.019462 -1.010223
    14 2.033203 1.000000 1.937500 1.564403 -1.116058 2.970024
    15 6.027344 0.000004 0.000000 -1.573133 -0.002806 0.454726
    16 11.687500 -0.000016 0.000023 -0.000192 0.000000 0.000000
    17 11.476563 0.000088 -0.000027 1.573454 -0.106738 0.134901
    18 11.476563 -0.000021 -0.000008 -1.563666 0.106381 0.130249
    19 6.878906 0.000005 0.000002 -0.001025 -0.003549 -0.555366
    20 6.878906 0.000001 0.000000 -0.061126 0.006074 -0.556014
  time 85
    0 -0.002348 -0.531250 38.562500 1.570793 0.000003 -0.000001
    1 3.888672 0.000004 -0.000003 -1.571081 0.000000 -1.570796
    2 17.843750 -0.000001 0.000000 -0.004933 0.000000 0.000000
    3 16.515625 -0.000001 0.000000 0.008763 0.017255 -1.010369
    4 0.000005 3.343750 -2.980469 1.570795 0.086294 1.570791
    5 4.015625 0.000000 0.000000 0.000000 0.000001 -0.029231
    6 3.517578 0.000008 0.000000 0.000000 -0.000044 0.100329
    7 8.937500 0.000000 0.000000 0.000009 0.000052 0.194100
    8 2.033203 1.000000 -1.937500 -1.574432 1.117754 2.959611
    9 6.027344 -0.000011 -0.000001 1.570038 -0.001591 0.453045
    10 11.687500 0.000031 -0.000004 -0.000419 0.000000 0.000000
    11 -3.888672 0.000008 0.000007 -1.570525 0.000000 -1.570796
    12 17.843750 0.000000 0.000000 0.004880 0.000000 0.000000
    13 16.515625 0.000001 -0.000001 -0.002096 -0.019462 -1.010223
    14 2.033203 1.000000 1.937500 1.564403 -1.116058 2.970024
    15 6.027344 0.000004 0.000000 -1.573133 -0.002806 0.454726
    16 11.687500 -0.000016 0.000023 -0.000192 0.000000 0.000000
    17 11.476563 0.000088 -0.000027 1.573454 -0.106738 0.134901
    18 11.476563 -0.000021 -0.000008 -1.563666 0.106381 0.130249
    19 6.878906 0.000005 0.000002 -0.001025 -0.003549 -0.555366
    20 6.878906 0.000001 0.000000 -0.061126 0.006074 -0.556014
  time 86
    0 -0.002348 -0.531250 38.562500 1.570793 0.000003 -0.000001
    1 3.888672 0.000004 -0.000003 -1.571081 0.000000 -1.570796
    2 17.843750 -0.000001 0.000000 -0.004933 0.000000 0.000000
    3 16.515625 -0.000001 0.000000 0.008763 0.017255 -1.010369
    4 0.000005 3.343750 -2.980469 1.570795 0.086294 1.570791
    5 4.015625 0.000000 0.000000 0.000000 0.000001 -0.029231
    6 3.517578 0.000008 0.000000 0.000000 -0.000044 0.100329
    7 8.937500 0.000000 0.000000 0.000009 0.000052 0.194100
    8 2.033203 1.000000 -1.937500 -1.574432 1.117754 2.959611
    9 6.027344 -0.000011 -0.000001 1.570038 -0.001591 0.453045
    10 11.687500 0.000031 -0.000004 -0.000419 0.000000 0.000000
    11 -3.888672 0.000008 0.000007 -1.570525 0.000000 -1.570796
    12 17.843750 0.000000 0.000000 0.004880 0.000000 0.000000
    13 16.515625 0.000001 -0.000001 -0.002096 -0.019462 -1.010223
    14 2.033203 1.000000 1.937500 1.564403 -1.116058 2.970024
    15 6.027344 0.000004 0.000000 -1.573133 -0.002806 0.454726
    16 11.687500 -0.000016 0.000023 -0.000192 0.000000 0.000000
    17 11.476563 0.000088 -0.000027 1.573454 -0.106738 0.134901
    18 11.476563 -0.000021 -0.000008 -1.563666 0.106381 0.130249
    19 6.878906 0.000005 0.000002 -0.001025 -0.003549 -0.555366
    20 6.878906 0.000001 0.000000 -0.061126 0.006074 -0.556014
  time 87
    0 -0.002348 -0.531250 38.562500 1.570793 0.000003 -0.000001
    1 3.888672 0.000004 -0.000003 -1.571081 0.000000 -1.570796
    2 17.843750 -0.000001 0.000000 -0.004933 0.000000 0.000000
    3 16.515625 -0.000001 0.000000 0.008763 0.017255 -1.010369
    4 0.000005 3.343750 -2.980469 1.570795 0.086294 1.570791
    5 4.015625 0.000000 0.000000 0.000000 0.000001 -0.029231
    6 3.517578 0.000008 0.000000 0.000000 -0.000044 0.100329
    7 8.937500 0.000000 0.000000 0.000009 0.000052 0.194100
    8 2.033203 1.000000 -1.937500 -1.574432 1.117754 2.959611
    9 6.027344 -0.000011 -0.000001 1.570038 -0.001591 0.453045
    10 11.687500 0.000031 -0.000004 -0.000419 0.000000 0.000000
    11 -3.888672 0.000008 0.000007 -1.570525 0.000000 -1.570796
    12 17.843750 0.000000 0.000000 0.004880 0.000000 0.000000
    13 16.515625 0.000001 -0.000001 -0.002096 -0.019462 -1.010223
    14 2.033203 1.000000 1.937500 1.564403 -1.116058 2.970024
    15 6.027344 0.000004 0.000000 -1.573133 -0.002806 0.454726
    16 11.687500 -0.000016 0.000023 -0.000192 0.000000 0.000000
    17 11.476563 0.000088 -0.000027 1.573454 -0.106738 0.134901
    18 11.476563 -0.000021 -0.000008 -1.563666 0.106381 0.130249
    19 6.878906 0.000005 0.000002 -0.001025 -0.003549 -0.555366
    20 6.878906 0.000001 0.000000 -0.061126 0.006074 -0.556014
  time 88
    0 -0.002348 -0.531250 38.562500 1.570793 0.000003 -0.000001
    1 3.888672 0.000004 -0.000003 -1.571081 0.000000 -1.570796
    2 17.843750 -0.000001 0.000000 -0.004933 0.000000 0.000000
    3 16.515625 -0.000001 0.000000 0.008763 0.017255 -1.010369
    4 0.000005 3.343750 -2.980469 1.570795 0.086294 1.570791
    5 4.015625 0.000000 0.000000 0.000000 0.000001 -0.029231
    6 3.517578 0.000008 0.000000 0.000000 -0.000044 0.100329
    7 8.937500 0.000000 0.000000 0.000009 0.000052 0.194100
    8 2.033203 1.000000 -1.937500 -1.574432 1.117754 2.959611
    9 6.027344 -0.000011 -0.000001 1.570038 -0.001591 0.453045
    10 11.687500 0.000031 -0.000004 -0.000419 0.000000 0.000000
    11 -3.888672 0.000008 0.000007 -1.570525 0.000000 -1.570796
    12 17.843750 0.000000 0.000000 0.004880 0.000000 0.000000
    13 16.515625 0.000001 -0.000001 -0.002096 -0.019462 -1.010223
    14 2.033203 1.000000 1.937500 1.564403 -1.116058 2.970024
    15 6.027344 0.000004 0.000000 -1.573133 -0.002806 0.454726
    16 11.687500 -0.000016 0.000023 -0.000192 0.000000 0.000000
    17 11.476563 0.000088 -0.000027 1.573454 -0.106738 0.134901
    18 11.476563 -0.000021 -0.000008 -1.563666 0.106381 0.130249
    19 6.878906 0.000005 0.000002 -0.001025 -0.003549 -0.555366
    20 6.878906 0.000001 0.000000 -0.061126 0.006074 -0.556014
  time 89
    0 -0.002348 -0.531250 38.562500 1.570793 0.000003 -0.000001
    1 3.888672 0.000004 -0.000003 -1.571081 0.000000 -1.570796
    2 17.843750 -0.000001 0.000000 -0.004933 0.000000 0.000000
    3 16.515625 -0.000001 0.000000 0.008763 0.017255 -1.010369
    4 0.000005 3.343750 -2.980469 1.570795 0.086294 1.570791
    5 4.015625 0.000000 0.000000 0.000000 0.000001 -0.029231
    6 3.517578 0.000008 0.000000 0.000000 -0.000044 0.100329
    7 8.937500 0.000000 0.000000 0.000009 0.000052 0.194100
    8 2.033203 1.000000 -1.937500 -1.574432 1.117754 2.959611
    9 6.027344 -0.000011 -0.000001 1.570038 -0.001591 0.453045
    10 11.687500 0.000031 -0.000004 -0.000419 0.000000 0.000000
    11 -3.888672 0.000008 0.000007 -1.570525 0.000000 -1.570796
    12 17.843750 0.000000 0.000000 0.004880 0.000000 0.000000
    13 16.515625 0.000001 -0.000001 -0.002096 -0.019462 -1.010223
    14 2.033203 1.000000 1.937500 1.564403 -1.116058 2.970024
    15 6.027344 0.000004 0.000000 -1.573133 -0.002806 0.454726
    16 11.687500 -0.000016 0.000023 -0.000192 0.000000 0.000000
    17 11.476563 0.000088 -0.000027 1.573454 -0.106738 0.134901
    18 11.476563 -0.000021 -0.000008 -1.563666 0.106381 0.130249
    19 6.878906 0.000005 0.000002 -0.001025 -0.003549 -0.555366
    20 6.878906 0.000001 0.000000 -0.061126 0.006074 -0.556014
  time 90
    0 -0.002348 -0.531250 38.562500 1.570793 0.000003 -0.000001
    1 3.888672 0.000004 -0.000003 -1.571081 0.000000 -1.570796
    2 17.843750 -0.000001 0.000000 -0.004933 0.000000 0.000000
    3 16.515625 -0.000001 0.000000 0.008763 0.017255 -1.010369
    4 0.000005 3.343750 -2.980469 1.570795 0.086294 1.570791
    5 4.015625 0.000000 0.000000 0.000000 0.000001 -0.029231
    6 3.517578 0.000008 0.000000 0.000000 -0.000044 0.100329
    7 8.937500 0.000000 0.000000 0.000009 0.000052 0.194100
    8 2.033203 1.000000 -1.937500 -1.574432 1.117754 2.959611
    9 6.027344 -0.000011 -0.000001 1.570038 -0.001591 0.453045
    10 11.687500 0.000031 -0.000004 -0.000419 0.000000 0.000000
    11 -3.888672 0.000008 0.000007 -1.570525 0.000000 -1.570796
    12 17.843750 0.000000 0.000000 0.004880 0.000000 0.000000
    13 16.515625 0.000001 -0.000001 -0.002096 -0.019462 -1.010223
    14 2.033203 1.000000 1.937500 1.564403 -1.116058 2.970024
    15 6.027344 0.000004 0.000000 -1.573133 -0.002806 0.454726
    16 11.687500 -0.000016 0.000023 -0.000192 0.000000 0.000000
    17 11.476563 0.000088 -0.000027 1.573454 -0.106738 0.134901
    18 11.476563 -0.000021 -0.000008 -1.563666 0.106381 0.130249
    19 6.878906 0.000005 0.000002 -0.001025 -0.003549 -0.555366
    20 6.878906 0.000001 0.000000 -0.061126 0.006074 -0.556014
  time 91
    0 -0.002348 -0.531250 38.562500 1.570793 0.000003 -0.000001
    1 3.888672 0.000004 -0.000003 -1.571081 0.000000 -1.570796
    2 17.843750 -0.000001 0.000000 -0.004933 0.000000 0.000000
    3 16.515625 -0.000001 0.000000 0.008763 0.017255 -1.010369
    4 0.000005 3.343750 -2.980469 1.570795 0.086294 1.570791
    5 4.015625 0.000000 0.000000 0.000000 0.000001 -0.029231
    6 3.517578 0.000008 0.000000 0.000000 -0.000044 0.100329
    7 8.937500 0.000000 0.000000 0.000009 0.000052 0.194100
    8 2.033203 1.000000 -1.937500 -1.574432 1.117754 2.959611
    9 6.027344 -0.000011 -0.000001 1.570038 -0.001591 0.453045
    10 11.687500 0.000031 -0.000004 -0.000419 0.000000 0.000000
    11 -3.888672 0.000008 0.000007 -1.570525 0.000000 -1.570796
    12 17.843750 0.000000 0.000000 0.004880 0.000000 0.000000
    13 16.515625 0.000001 -0.000001 -0.002096 -0.019462 -1.010223
    14 2.033203 1.000000 1.937500 1.564403 -1.116058 2.970024
    15 6.027344 0.000004 0.000000 -1.573133 -0.002806 0.454726
    16 11.687500 -0.000016 0.000023 -0.000192 0.000000 0.000000
    17 11.476563 0.000088 -0.000027 1.573454 -0.106738 0.134901
    18 11.476563 -0.000021 -0.000008 -1.563666 0.106381 0.130249
    19 6.878906 0.000005 0.000002 -0.001025 -0.003549 -0.555366
    20 6.878906 0.000001 0.000000 -0.061126 0.006074 -0.556014
  time 92
    0 -0.002348 -0.531250 38.562500 1.570793 0.000003 -0.000001
    1 3.888672 0.000004 -0.000003 -1.571081 0.000000 -1.570796
    2 17.843750 -0.000001 0.000000 -0.004933 0.000000 0.000000
    3 16.515625 -0.000001 0.000000 0.008763 0.017255 -1.010369
    4 0.000005 3.343750 -2.980469 1.570795 0.086294 1.570791
    5 4.015625 0.000000 0.000000 0.000000 0.000001 -0.029231
    6 3.517578 0.000008 0.000000 0.000000 -0.000044 0.100329
    7 8.937500 0.000000 0.000000 0.000009 0.000052 0.194100
    8 2.033203 1.000000 -1.937500 -1.574432 1.117754 2.959611
    9 6.027344 -0.000011 -0.000001 1.570038 -0.001591 0.453045
    10 11.687500 0.000031 -0.000004 -0.000419 0.000000 0.000000
    11 -3.888672 0.000008 0.000007 -1.570525 0.000000 -1.570796
    12 17.843750 0.000000 0.000000 0.004880 0.000000 0.000000
    13 16.515625 0.000001 -0.000001 -0.002096 -0.019462 -1.010223
    14 2.033203 1.000000 1.937500 1.564403 -1.116058 2.970024
    15 6.027344 0.000004 0.000000 -1.573133 -0.002806 0.454726
    16 11.687500 -0.000016 0.000023 -0.000192 0.000000 0.000000
    17 11.476563 0.000088 -0.000027 1.573454 -0.106738 0.134901
    18 11.476563 -0.000021 -0.000008 -1.563666 0.106381 0.130249
    19 6.878906 0.000005 0.000002 -0.001025 -0.003549 -0.555366
    20 6.878906 0.000001 0.000000 -0.061126 0.006074 -0.556014
  time 93
    0 -0.002348 -0.531250 38.562500 1.570793 0.000003 -0.000001
    1 3.888672 0.000004 -0.000003 -1.571081 0.000000 -1.570796
    2 17.843750 -0.000001 0.000000 -0.004933 0.000000 0.000000
    3 16.515625 -0.000001 0.000000 0.008763 0.017255 -1.010369
    4 0.000005 3.343750 -2.980469 1.570795 0.086294 1.570791
    5 4.015625 0.000000 0.000000 0.000000 0.000001 -0.029231
    6 3.517578 0.000008 0.000000 0.000000 -0.000044 0.100329
    7 8.937500 0.000000 0.000000 0.000009 0.000052 0.194100
    8 2.033203 1.000000 -1.937500 -1.574432 1.117754 2.959611
    9 6.027344 -0.000011 -0.000001 1.570038 -0.001591 0.453045
    10 11.687500 0.000031 -0.000004 -0.000419 0.000000 0.000000
    11 -3.888672 0.000008 0.000007 -1.570525 0.000000 -1.570796
    12 17.843750 0.000000 0.000000 0.004880 0.000000 0.000000
    13 16.515625 0.000001 -0.000001 -0.002096 -0.019462 -1.010223
    14 2.033203 1.000000 1.937500 1.564403 -1.116058 2.970024
    15 6.027344 0.000004 0.000000 -1.573133 -0.002806 0.454726
    16 11.687500 -0.000016 0.000023 -0.000192 0.000000 0.000000
    17 11.476563 0.000088 -0.000027 1.573454 -0.106738 0.134901
    18 11.476563 -0.000021 -0.000008 -1.563666 0.106381 0.130249
    19 6.878906 0.000005 0.000002 -0.001025 -0.003549 -0.555366
    20 6.878906 0.000001 0.000000 -0.061126 0.006074 -0.556014
  time 94
    0 -0.002348 -0.531250 38.562500 1.570793 0.000003 -0.000001
    1 3.888672 0.000004 -0.000003 -1.571081 0.000000 -1.570796
    2 17.843750 -0.000001 0.000000 -0.004933 0.000000 0.000000
    3 16.515625 -0.000001 0.000000 0.008763 0.017255 -1.010369
    4 0.000005 3.343750 -2.980469 1.570795 0.086294 1.570791
    5 4.015625 0.000000 0.000000 0.000000 0.000001 -0.029231
    6 3.517578 0.000008 0.000000 0.000000 -0.000044 0.100329
    7 8.937500 0.000000 0.000000 0.000009 0.000052 0.194100
    8 2.033203 1.000000 -1.937500 -1.574432 1.117754 2.959611
    9 6.027344 -0.000011 -0.000001 1.570038 -0.001591 0.453045
    10 11.687500 0.000031 -0.000004 -0.000419 0.000000 0.000000
    11 -3.888672 0.000008 0.000007 -1.570525 0.000000 -1.570796
    12 17.843750 0.000000 0.000000 0.004880 0.000000 0.000000
    13 16.515625 0.000001 -0.000001 -0.002096 -0.019462 -1.010223
    14 2.033203 1.000000 1.937500 1.564403 -1.116058 2.970024
    15 6.027344 0.000004 0.000000 -1.573133 -0.002806 0.454726
    16 11.687500 -0.000016 0.000023 -0.000192 0.000000 0.000000
    17 11.476563 0.000088 -0.000027 1.573454 -0.106738 0.134901
    18 11.476563 -0.000021 -0.000008 -1.563666 0.106381 0.130249
    19 6.878906 0.000005 0.000002 -0.001025 -0.003549 -0.555366
    20 6.878906 0.000001 0.000000 -0.061126 0.006074 -0.556014
  time 95
    0 -0.002348 -0.531250 38.562500 1.570793 0.000003 -0.000001
    1 3.888672 0.000004 -0.000003 -1.571081 0.000000 -1.570796
    2 17.843750 -0.000001 0.000000 -0.004933 0.000000 0.000000
    3 16.515625 -0.000001 0.000000 0.008763 0.017255 -1.010369
    4 0.000005 3.343750 -2.980469 1.570795 0.086294 1.570791
    5 4.015625 0.000000 0.000000 0.000000 0.000001 -0.029231
    6 3.517578 0.000008 0.000000 0.000000 -0.000044 0.100329
    7 8.937500 0.000000 0.000000 0.000009 0.000052 0.194100
    8 2.033203 1.000000 -1.937500 -1.574432 1.117754 2.959611
    9 6.027344 -0.000011 -0.000001 1.570038 -0.001591 0.453045
    10 11.687500 0.000031 -0.000004 -0.000419 0.000000 0.000000
    11 -3.888672 0.000008 0.000007 -1.570525 0.000000 -1.570796
    12 17.843750 0.000000 0.000000 0.004880 0.000000 0.000000
    13 16.515625 0.000001 -0.000001 -0.002096 -0.019462 -1.010223
    14 2.033203 1.000000 1.937500 1.564403 -1.116058 2.970024
    15 6.027344 0.000004 0.000000 -1.573133 -0.002806 0.454726
    16 11.687500 -0.000016 0.000023 -0.000192 0.000000 0.000000
    17 11.476563 0.000088 -0.000027 1.573454 -0.106738 0.134901
    18 11.476563 -0.000021 -0.000008 -1.563666 0.106381 0.130249
    19 6.878906 0.000005 0.000002 -0.001025 -0.003549 -0.555366
    20 6.878906 0.000001 0.000000 -0.061126 0.006074 -0.556014
  time 96
    0 -0.002348 -0.531250 38.562500 1.570793 0.000003 -0.000001
    1 3.888672 0.000004 -0.000003 -1.571081 0.000000 -1.570796
    2 17.843750 -0.000001 0.000000 -0.004933 0.000000 0.000000
    3 16.515625 -0.000001 0.000000 0.008763 0.017255 -1.010369
    4 0.000005 3.343750 -2.980469 1.570795 0.086294 1.570791
    5 4.015625 0.000000 0.000000 0.000000 0.000001 -0.029231
    6 3.517578 0.000008 0.000000 0.000000 -0.000044 0.100329
    7 8.937500 0.000000 0.000000 0.000009 0.000052 0.194100
    8 2.033203 1.000000 -1.937500 -1.574432 1.117754 2.959611
    9 6.027344 -0.000011 -0.000001 1.570038 -0.001591 0.453045
    10 11.687500 0.000031 -0.000004 -0.000419 0.000000 0.000000
    11 -3.888672 0.000008 0.000007 -1.570525 0.000000 -1.570796
    12 17.843750 0.000000 0.000000 0.004880 0.000000 0.000000
    13 16.515625 0.000001 -0.000001 -0.002096 -0.019462 -1.010223
    14 2.033203 1.000000 1.937500 1.564403 -1.116058 2.970024
    15 6.027344 0.000004 0.000000 -1.573133 -0.002806 0.454726
    16 11.687500 -0.000016 0.000023 -0.000192 0.000000 0.000000
    17 11.476563 0.000088 -0.000027 1.573454 -0.106738 0.134901
    18 11.476563 -0.000021 -0.000008 -1.563666 0.106381 0.130249
    19 6.878906 0.000005 0.000002 -0.001025 -0.003549 -0.555366
    20 6.878906 0.000001 0.000000 -0.061126 0.006074 -0.556014
  time 97
    0 -0.002348 -0.531250 38.562500 1.570793 0.000003 -0.000001
    1 3.888672 0.000004 -0.000003 -1.571081 0.000000 -1.570796
    2 17.843750 -0.000001 0.000000 -0.004933 0.000000 0.000000
    3 16.515625 -0.000001 0.000000 0.008763 0.017255 -1.010369
    4 0.000005 3.343750 -2.980469 1.570795 0.086294 1.570791
    5 4.015625 0.000000 0.000000 0.000000 0.000001 -0.029231
    6 3.517578 0.000008 0.000000 0.000000 -0.000044 0.100329
    7 8.937500 0.000000 0.000000 0.000009 0.000052 0.194100
    8 2.033203 1.000000 -1.937500 -1.574432 1.117754 2.959611
    9 6.027344 -0.000011 -0.000001 1.570038 -0.001591 0.453045
    10 11.687500 0.000031 -0.000004 -0.000419 0.000000 0.000000
    11 -3.888672 0.000008 0.000007 -1.570525 0.000000 -1.570796
    12 17.843750 0.000000 0.000000 0.004880 0.000000 0.000000
    13 16.515625 0.000001 -0.000001 -0.002096 -0.019462 -1.010223
    14 2.033203 1.000000 1.937500 1.564403 -1.116058 2.970024
    15 6.027344 0.000004 0.000000 -1.573133 -0.002806 0.454726
    16 11.687500 -0.000016 0.000023 -0.000192 0.000000 0.000000
    17 11.476563 0.000088 -0.000027 1.573454 -0.106738 0.134901
    18 11.476563 -0.000021 -0.000008 -1.563666 0.106381 0.130249
    19 6.878906 0.000005 0.000002 -0.001025 -0.003549 -0.555366
    20 6.878906 0.000001 0.000000 -0.061126 0.006074 -0.556014
  time 98
    0 -0.002348 -0.531250 38.562500 1.570793 0.000003 -0.000001
    1 3.888672 0.000004 -0.000003 -1.571081 0.000000 -1.570796
    2 17.843750 -0.000001 0.000000 -0.004933 0.000000 0.000000
    3 16.515625 -0.000001 0.000000 0.008763 0.017255 -1.010369
    4 0.000005 3.343750 -2.980469 1.570795 0.086294 1.570791
    5 4.015625 0.000000 0.000000 0.000000 0.000001 -0.029231
    6 3.517578 0.000008 0.000000 0.000000 -0.000044 0.100329
    7 8.937500 0.000000 0.000000 0.000009 0.000052 0.194100
    8 2.033203 1.000000 -1.937500 -1.574432 1.117754 2.959611
    9 6.027344 -0.000011 -0.000001 1.570038 -0.001591 0.453045
    10 11.687500 0.000031 -0.000004 -0.000419 0.000000 0.000000
    11 -3.888672 0.000008 0.000007 -1.570525 0.000000 -1.570796
    12 17.843750 0.000000 0.000000 0.004880 0.000000 0.000000
    13 16.515625 0.000001 -0.000001 -0.002096 -0.019462 -1.010223
    14 2.033203 1.000000 1.937500 1.564403 -1.116058 2.970024
    15 6.027344 0.000004 0.000000 -1.573133 -0.002806 0.454726
    16 11.687500 -0.000016 0.000023 -0.000192 0.000000 0.000000
    17 11.476563 0.000088 -0.000027 1.573454 -0.106738 0.134901
    18 11.476563 -0.000021 -0.000008 -1.563666 0.106381 0.130249
    19 6.878906 0.000005 0.000002 -0.001025 -0.003549 -0.555366
    20 6.878906 0.000001 0.000000 -0.061126 0.006074 -0.556014
  time 99
    0 -0.002348 -0.531250 38.562500 1.570793 0.000003 -0.000001
    1 3.888672 0.000004 -0.000003 -1.571081 0.000000 -1.570796
    2 17.843750 -0.000001 0.000000 -0.004933 0.000000 0.000000
    3 16.515625 -0.000001 0.000000 0.008763 0.017255 -1.010369
    4 0.000005 3.343750 -2.980469 1.570795 0.086294 1.570791
    5 4.015625 0.000000 0.000000 0.000000 0.000001 -0.029231
    6 3.517578 0.000008 0.000000 0.000000 -0.000044 0.100329
    7 8.937500 0.000000 0.000000 0.000009 0.000052 0.194100
    8 2.033203 1.000000 -1.937500 -1.574432 1.117754 2.959611
    9 6.027344 -0.000011 -0.000001 1.570038 -0.001591 0.453045
    10 11.687500 0.000031 -0.000004 -0.000419 0.000000 0.000000
    11 -3.888672 0.000008 0.000007 -1.570525 0.000000 -1.570796
    12 17.843750 0.000000 0.000000 0.004880 0.000000 0.000000
    13 16.515625 0.000001 -0.000001 -0.002096 -0.019462 -1.010223
    14 2.033203 1.000000 1.937500 1.564403 -1.116058 2.970024
    15 6.027344 0.000004 0.000000 -1.573133 -0.002806 0.454726
    16 11.687500 -0.000016 0.000023 -0.000192 0.000000 0.000000
    17 11.476563 0.000088 -0.000027 1.573454 -0.106738 0.134901
    18 11.476563 -0.000021 -0.000008 -1.563666 0.106381 0.130249
    19 6.878906 0.000005 0.000002 -0.001025 -0.003549 -0.555366
    20 6.878906 0.000001 0.000000 -0.061126 0.006074 -0.556014
  time 100
    0 -0.002348 -0.531250 38.562500 1.570793 0.000003 -0.000001
    1 3.888672 0.000004 -0.000003 -1.571081 0.000000 -1.570796
    2 17.843750 -0.000001 0.000000 -0.004933 0.000000 0.000000
    3 16.515625 -0.000001 0.000000 0.008763 0.017255 -1.010369
    4 0.000005 3.343750 -2.980469 1.570795 0.086294 1.570791
    5 4.015625 0.000000 0.000000 0.000000 0.000001 -0.029231
    6 3.517578 0.000008 0.000000 0.000000 -0.000044 0.100329
    7 8.937500 0.000000 0.000000 0.000009 0.000052 0.194100
    8 2.033203 1.000000 -1.937500 -1.574432 1.117754 2.959611
    9 6.027344 -0.000011 -0.000001 1.570038 -0.001591 0.453045
    10 11.687500 0.000031 -0.000004 -0.000419 0.000000 0.000000
    11 -3.888672 0.000008 0.000007 -1.570525 0.000000 -1.570796
    12 17.843750 0.000000 0.000000 0.004880 0.000000 0.000000
    13 16.515625 0.000001 -0.000001 -0.002096 -0.019462 -1.010223
    14 2.033203 1.000000 1.937500 1.564403 -1.116058 2.970024
    15 6.027344 0.000004 0.000000 -1.573133 -0.002806 0.454726
    16 11.687500 -0.000016 0.000023 -0.000192 0.000000 0.000000
    17 11.476563 0.000088 -0.000027 1.573454 -0.106738 0.134901
    18 11.476563 -0.000021 -0.000008 -1.563666 0.106381 0.130249
    19 6.878906 0.000005 0.000002 -0.001025 -0.003549 -0.555366
    20 6.878906 0.000001 0.000000 -0.061126 0.006074 -0.556014
end
