// Created by Crowbar 0.76
version 1
nodes
  0 "ValveBiped.Bip01_Pelvis" -1
  1 "ValveBiped.Bip01_L_Thigh" 0
  2 "ValveBiped.Bip01_L_Calf" 1
  3 "ValveBiped.Bip01_L_Foot" 2
  4 "ValveBiped.Bip01_Spine" 0
  5 "ValveBiped.Bip01_Spine1" 4
  6 "ValveBiped.Bip01_Spine2" 5
  7 "ValveBiped.Bip01_Spine4" 6
  8 "ValveBiped.Bip01_R_Clavicle" 7
  9 "ValveBiped.Bip01_R_UpperArm" 8
  10 "ValveBiped.Bip01_R_Forearm" 9
  11 "ValveBiped.Bip01_R_Thigh" 0
  12 "ValveBiped.Bip01_R_Calf" 11
  13 "ValveBiped.Bip01_R_Foot" 12
  14 "ValveBiped.Bip01_L_Clavicle" 7
  15 "ValveBiped.Bip01_L_UpperArm" 14
  16 "ValveBiped.Bip01_L_Forearm" 15
  17 "ValveBiped.Bip01_L_Hand" 16
  18 "ValveBiped.Bip01_R_Hand" 10
  19 "ValveBiped.Bip01_L_Toe0" 3
  20 "ValveBiped.Bip01_R_Toe0" 13
end
skeleton
  time 0
    0 0.000000 0.000000 9.573914 1.570796 0.000000 0.000001
    1 6.095448 0.000000 -0.677267 -1.571081 0.000000 -1.570796
    2 2.000001 0.000000 0.000000 -0.004933 0.000000 0.000000
    3 3.333829 0.000000 0.000000 0.008763 0.017255 -1.010369
    4 0.000001 2.734946 -1.794768 1.570795 0.086294 1.570791
    5 1.351545 0.116921 -0.000007 0.000000 0.000001 -0.029231
    6 1.961972 0.737148 -0.000008 0.000000 -0.000044 0.100329
    7 3.559368 0.054094 -0.000171 0.000009 0.000052 0.194100
    8 0.788353 2.646778 -1.681969 -1.574432 1.117754 2.959611
    9 2.220224 1.080833 0.037789 1.570038 -0.001591 0.453045
    10 8.848644 -0.000004 0.000002 -0.000419 0.000000 0.000000
    11 -6.095448 0.000000 -0.677275 -1.570525 0.000000 -1.570796
    12 2.000000 0.000000 0.000000 0.004880 0.000000 0.000000
    13 3.333828 0.000000 0.000000 -0.002096 -0.019462 -1.010223
    14 0.788342 2.646777 1.681979 1.564403 -1.116058 2.970024
    15 2.218554 1.084578 -0.026930 -1.573133 -0.002806 0.454726
    16 8.848644 -0.000006 0.000000 -0.000192 0.000000 0.000000
    17 5.383376 -0.000004 0.000004 1.573454 -0.106738 0.134901
    18 5.383375 -0.000003 0.000000 -1.563666 0.106381 0.130249
    19 5.307049 1.238041 0.060709 -0.001025 -0.003549 -0.555366
    20 5.307053 1.236859 -0.080940 -0.061126 0.006074 -0.556014
end
triangles
headcrabsheet
  16 16.634363 -2.277360 19.169472 0.109408 -0.499582 -0.859329 0.369856 0.649837 2 16 0.705870 17 0.294130
  16 13.564272 -2.611711 19.242382 0.035364 -0.898292 -0.437973 0.398655 0.622454 3 16 0.652195 15 0.316324 17 0.031481
  16 13.451048 -2.016868 18.654877 0.139856 -0.399692 -0.905917 0.383000 0.619256 3 16 0.651167 15 0.325883 17 0.022950
headcrabsheet
  7 -1.759821 -0.805423 23.685942 0.313275 -0.341914 0.885976 0.591842 0.087798 1 7 1.000000
  7 -2.321381 -1.560117 23.537939 -0.513446 -0.577713 0.634524 0.567236 0.084736 1 7 1.000000
  7 -1.841467 -1.633072 23.649723 0.238357 -0.465347 0.852431 0.576795 0.076680 1 7 1.000000
headcrabsheet
  7 -1.841467 -1.633072 23.649723 0.238357 -0.465347 0.852431 0.576795 0.076680 1 7 1.000000
  7 -1.279762 -1.778874 22.849314 -0.367199 -0.910107 0.192016 0.589313 0.056828 1 7 1.000000
  7 -1.759821 -0.805423 23.685942 0.313275 -0.341914 0.885976 0.591842 0.087798 1 7 1.000000
headcrabsheet
  7 -1.279762 -1.778874 22.849314 -0.367199 -0.910107 0.192016 0.589313 0.056828 1 7 1.000000
  7 -1.467058 -0.954098 23.522791 -0.469815 -0.532949 0.703732 0.599962 0.078844 1 7 1.000000
  7 -1.759821 -0.805423 23.685942 0.313275 -0.341914 0.885976 0.591842 0.087798 1 7 1.000000
headcrabsheet
  7 -1.467058 -0.954098 23.522791 -0.469815 -0.532949 0.703732 0.599962 0.078844 1 7 1.000000
  7 -1.327967 -0.727491 24.366472 -0.801614 -0.007646 0.597793 0.619799 0.082807 1 7 1.000000
  7 -1.036966 1.162121 24.605448 -0.530888 0.138921 0.835977 0.629714 0.121834 1 7 1.000000
headcrabsheet
  7 -1.036966 1.162121 24.605448 -0.530888 0.138921 0.835977 0.629714 0.121834 1 7 1.000000
  7 -1.338316 1.000810 24.275780 -0.330859 -0.062876 0.941583 0.619067 0.121103 1 7 1.000000
  7 -1.467058 -0.954098 23.522791 -0.469815 -0.532949 0.703732 0.599962 0.078844 1 7 1.000000
headcrabsheet
  7 -1.338316 1.000810 24.275780 -0.330859 -0.062876 0.941583 0.619067 0.121103 1 7 1.000000
  7 -1.759821 -0.805423 23.685942 0.313275 -0.341914 0.885976 0.591842 0.087798 1 7 1.000000
  7 -1.467058 -0.954098 23.522791 -0.469815 -0.532949 0.703732 0.599962 0.078844 1 7 1.000000
headcrabsheet
  7 -2.558544 -0.603276 24.029833 -0.526684 -0.194707 0.827462 0.579817 0.105722 1 7 1.000000
  7 -1.759821 -0.805423 23.685942 0.313275 -0.341914 0.885976 0.591842 0.087798 1 7 1.000000
  7 -1.338316 1.000810 24.275780 -0.330859 -0.062876 0.941583 0.619067 0.121103 1 7 1.000000
headcrabsheet
  7 -1.759821 -0.805423 23.685942 0.313275 -0.341914 0.885976 0.591842 0.087798 1 7 1.000000
  7 -2.558544 -0.603276 24.029833 -0.526684 -0.194707 0.827462 0.579817 0.105722 1 7 1.000000
  7 -2.321381 -1.560117 23.537939 -0.513446 -0.577713 0.634524 0.567236 0.084736 1 7 1.000000
headcrabsheet
  7 -2.862284 -0.680175 23.156590 -0.994677 0.090978 -0.048377 0.564371 0.111544 1 7 1.000000
  7 -2.321381 -1.560117 23.537939 -0.513446 -0.577713 0.634524 0.567236 0.084736 1 7 1.000000
  7 -2.558544 -0.603276 24.029833 -0.526684 -0.194707 0.827462 0.579817 0.105722 1 7 1.000000
headcrabsheet
  7 -2.862284 -0.680175 23.156590 -0.994677 0.090978 -0.048377 0.564371 0.111544 1 7 1.000000
  7 -2.614397 -1.496011 22.756720 -0.844186 -0.535369 -0.027010 0.550852 0.090575 1 7 1.000000
  7 -2.321381 -1.560117 23.537939 -0.513446 -0.577713 0.634524 0.567236 0.084736 1 7 1.000000
headcrabsheet
  7 -2.373756 -1.487065 21.828541 -0.762147 -0.615067 -0.202051 0.529246 0.089993 1 7 1.000000
  7 -2.614397 -1.496011 22.756720 -0.844186 -0.535369 -0.027010 0.550852 0.090575 1 7 1.000000
  7 -2.862284 -0.680175 23.156590 -0.994677 0.090978 -0.048377 0.564371 0.111544 1 7 1.000000
headcrabsheet
  7 -2.862284 -0.680175 23.156590 -0.994677 0.090978 -0.048377 0.564371 0.111544 1 7 1.000000
  7 -2.958735 0.019666 23.840233 0.221438 0.361768 0.905588 0.556873 0.114562 1 7 1.000000
  7 -2.373756 -1.487065 21.828541 -0.762147 -0.615067 -0.202051 0.529246 0.089993 1 7 1.000000
headcrabsheet
  7 -1.036966 1.162121 24.605448 -0.530888 0.138921 0.835977 0.629714 0.121834 1 7 1.000000
  7 -1.327967 -0.727491 24.366472 -0.801614 -0.007646 0.597793 0.619799 0.082807 1 7 1.000000
  7 -0.710798 -0.581454 24.543749 -0.138043 -0.054636 0.988918 0.634583 0.084430 1 7 1.000000
headcrabsheet
  7 -1.327967 -0.727491 24.366472 -0.801614 -0.007646 0.597793 0.619799 0.082807 1 7 1.000000
  7 -0.733374 -1.642416 24.658367 -0.026221 -0.166939 0.985618 0.633434 0.062396 1 7 1.000000
  7 -0.710798 -0.581454 24.543749 -0.138043 -0.054636 0.988918 0.634583 0.084430 1 7 1.000000
headcrabsheet
  7 -1.327967 -0.727491 24.366472 -0.801614 -0.007646 0.597793 0.619799 0.082807 1 7 1.000000
  7 -1.234924 -1.744173 24.225483 -0.875367 -0.230611 0.424913 0.619503 0.060961 1 7 1.000000
  7 -0.733374 -1.642416 24.658367 -0.026221 -0.166939 0.985618 0.633434 0.062396 1 7 1.000000
headcrabsheet
  7 -2.958735 0.019666 23.840233 0.221438 0.361768 0.905588 0.556873 0.114562 1 7 1.000000
  7 -2.862284 -0.680175 23.156590 -0.994677 0.090978 -0.048377 0.564371 0.111544 1 7 1.000000
  7 -2.620937 0.815282 23.301971 -0.887452 0.096854 0.450608 0.584934 0.137368 1 7 1.000000
headcrabsheet
  7 -2.183285 0.953103 23.810993 -0.706060 0.172001 0.686946 0.597687 0.132360 1 7 1.000000
  7 -2.620937 0.815282 23.301971 -0.887452 0.096854 0.450608 0.584934 0.137368 1 7 1.000000
  7 -2.862284 -0.680175 23.156590 -0.994677 0.090978 -0.048377 0.564371 0.111544 1 7 1.000000
headcrabsheet
  7 -2.183285 0.953103 23.810993 -0.706060 0.172001 0.686946 0.597687 0.132360 1 7 1.000000
  7 -2.862284 -0.680175 23.156590 -0.994677 0.090978 -0.048377 0.564371 0.111544 1 7 1.000000
  7 -2.558544 -0.603276 24.029833 -0.526684 -0.194707 0.827462 0.579817 0.105722 1 7 1.000000
headcrabsheet
  7 -2.183285 0.953103 23.810993 -0.706060 0.172001 0.686946 0.597687 0.132360 1 7 1.000000
  7 -2.558544 -0.603276 24.029833 -0.526684 -0.194707 0.827462 0.579817 0.105722 1 7 1.000000
  7 -1.593863 1.074900 24.306871 -0.240965 0.121085 0.962951 0.613208 0.124884 1 7 1.000000
headcrabsheet
  7 -2.558544 -0.603276 24.029833 -0.526684 -0.194707 0.827462 0.579817 0.105722 1 7 1.000000
  7 -1.338316 1.000810 24.275780 -0.330859 -0.062876 0.941583 0.619067 0.121103 1 7 1.000000
  7 -1.593863 1.074900 24.306871 -0.240965 0.121085 0.962951 0.613208 0.124884 1 7 1.000000
headcrabsheet
  7 -1.025969 2.766551 23.887781 -0.464213 0.400936 0.789782 0.632283 0.156585 1 7 1.000000
  7 -1.593863 1.074900 24.306871 -0.240965 0.121085 0.962951 0.613208 0.124884 1 7 1.000000
  7 -1.338316 1.000810 24.275780 -0.330859 -0.062876 0.941583 0.619067 0.121103 1 7 1.000000
headcrabsheet
  7 -1.338316 1.000810 24.275780 -0.330859 -0.062876 0.941583 0.619067 0.121103 1 7 1.000000
  7 -1.036966 1.162121 24.605448 -0.530888 0.138921 0.835977 0.629714 0.121834 1 7 1.000000
  7 -1.025969 2.766551 23.887781 -0.464213 0.400936 0.789782 0.632283 0.156585 1 7 1.000000
headcrabsheet
  7 -1.025969 2.766551 23.887781 -0.464213 0.400936 0.789782 0.632283 0.156585 1 7 1.000000
  7 -1.036966 1.162121 24.605448 -0.530888 0.138921 0.835977 0.629714 0.121834 1 7 1.000000
  7 -0.229681 1.219088 24.824532 0.201145 0.189653 0.961027 0.647340 0.121108 1 7 1.000000
headcrabsheet
  7 -1.036966 1.162121 24.605448 -0.530888 0.138921 0.835977 0.629714 0.121834 1 7 1.000000
  7 -0.710798 -0.581454 24.543749 -0.138043 -0.054636 0.988918 0.634583 0.084430 1 7 1.000000
  7 -0.229681 1.219088 24.824532 0.201145 0.189653 0.961027 0.647340 0.121108 1 7 1.000000
headcrabsheet
  7 -0.710798 -0.581454 24.543749 -0.138043 -0.054636 0.988918 0.634583 0.084430 1 7 1.000000
  7 -0.301039 -1.695193 24.409582 0.540884 -0.246917 0.804038 0.643971 0.060247 1 7 1.000000
  7 -0.229681 1.219088 24.824532 0.201145 0.189653 0.961027 0.647340 0.121108 1 7 1.000000
headcrabsheet
  7 -0.710798 -0.581454 24.543749 -0.138043 -0.054636 0.988918 0.634583 0.084430 1 7 1.000000
  7 -0.733374 -1.642416 24.658367 -0.026221 -0.166939 0.985618 0.633434 0.062396 1 7 1.000000
  7 -0.301039 -1.695193 24.409582 0.540884 -0.246917 0.804038 0.643971 0.060247 1 7 1.000000
headcrabsheet
  7 -0.372568 -2.416994 24.024679 0.390850 -0.860587 0.326536 0.642956 0.041598 1 7 1.000000
  7 -0.301039 -1.695193 24.409582 0.540884 -0.246917 0.804038 0.643971 0.060247 1 7 1.000000
  7 -0.733374 -1.642416 24.658367 -0.026221 -0.166939 0.985618 0.633434 0.062396 1 7 1.000000
headcrabsheet
  7 -0.372568 -2.416994 24.024679 0.390850 -0.860587 0.326536 0.642956 0.041598 1 7 1.000000
  7 -0.733374 -1.642416 24.658367 -0.026221 -0.166939 0.985618 0.633434 0.062396 1 7 1.000000
  7 -0.708487 -2.335674 24.429899 0.069528 -0.678079 0.731693 0.631267 0.046813 1 7 1.000000
headcrabsheet
  7 -0.708487 -2.335674 24.429899 0.069528 -0.678079 0.731693 0.631267 0.046813 1 7 1.000000
  7 -0.733374 -1.642416 24.658367 -0.026221 -0.166939 0.985618 0.633434 0.062396 1 7 1.000000
  7 -1.234924 -1.744173 24.225483 -0.875367 -0.230611 0.424913 0.619503 0.060961 1 7 1.000000
headcrabsheet
  7 -0.708487 -2.335674 24.429899 0.069528 -0.678079 0.731693 0.631267 0.046813 1 7 1.000000
  7 -1.234924 -1.744173 24.225483 -0.875367 -0.230611 0.424913 0.619503 0.060961 1 7 1.000000
  7 -1.040257 -2.412710 24.047550 -0.510824 -0.833002 0.212525 0.618712 0.045142 1 7 1.000000
headcrabsheet
  7 -1.040257 -2.412710 24.047550 -0.510824 -0.833002 0.212525 0.618712 0.045142 1 7 1.000000
  7 -1.234924 -1.744173 24.225483 -0.875367 -0.230611 0.424913 0.619503 0.060961 1 7 1.000000
  7 -1.279762 -1.778874 22.849314 -0.367199 -0.910107 0.192016 0.589313 0.056828 1 7 1.000000
headcrabsheet
  7 -1.279762 -1.778874 22.849314 -0.367199 -0.910107 0.192016 0.589313 0.056828 1 7 1.000000
  7 -1.234924 -1.744173 24.225483 -0.875367 -0.230611 0.424913 0.619503 0.060961 1 7 1.000000
  7 -1.327967 -0.727491 24.366472 -0.801614 -0.007646 0.597793 0.619799 0.082807 1 7 1.000000
headcrabsheet
  7 -1.327967 -0.727491 24.366472 -0.801614 -0.007646 0.597793 0.619799 0.082807 1 7 1.000000
  7 -1.467058 -0.954098 23.522791 -0.469815 -0.532949 0.703732 0.599962 0.078844 1 7 1.000000
  7 -1.279762 -1.778874 22.849314 -0.367199 -0.910107 0.192016 0.589313 0.056828 1 7 1.000000
headcrabsheet
  7 -1.025969 2.766551 23.887781 -0.464213 0.400936 0.789782 0.632283 0.156585 1 7 1.000000
  7 -0.229681 1.219088 24.824532 0.201145 0.189653 0.961027 0.647340 0.121108 1 7 1.000000
  7 -0.465714 2.708787 24.065411 0.105915 0.448286 0.887593 0.643500 0.153762 1 7 1.000000
headcrabsheet
  7 -0.301039 -1.695193 24.409582 0.540884 -0.246917 0.804038 0.643971 0.060247 1 7 1.000000
  7 -0.372568 -2.416994 24.024679 0.390850 -0.860587 0.326536 0.642956 0.041598 1 7 1.000000
  7 -0.188581 -2.560800 23.410738 0.237205 -0.968530 0.075383 0.653041 0.032186 1 7 1.000000
headcrabsheet
  7 -0.188581 -2.560800 23.410738 0.237205 -0.968530 0.075383 0.653041 0.032186 1 7 1.000000
  7 0.000000 -1.851210 24.150639 0.540945 -0.495818 0.679370 0.653041 0.055964 1 7 1.000000
  7 -0.301039 -1.695193 24.409582 0.540884 -0.246917 0.804038 0.643971 0.060247 1 7 1.000000
headcrabsheet
  7 -0.301039 -1.695193 24.409582 0.540884 -0.246917 0.804038 0.643971 0.060247 1 7 1.000000
  7 0.000000 -1.851210 24.150639 0.540945 -0.495818 0.679370 0.653041 0.055964 1 7 1.000000
  7 0.000000 -1.028665 24.101166 0.815899 -0.105446 0.568499 0.653041 0.073355 1 7 1.000000
headcrabsheet
  7 -0.301039 -1.695193 24.409582 0.540884 -0.246917 0.804038 0.643971 0.060247 1 7 1.000000
  7 0.000000 -1.028665 24.101166 0.815899 -0.105446 0.568499 0.653041 0.073355 1 7 1.000000
  7 0.000000 1.101290 24.664412 0.000000 0.090115 0.995931 0.653041 0.119176 1 7 1.000000
headcrabsheet
  7 0.000000 1.101290 24.664412 0.000000 0.090115 0.995931 0.653041 0.119176 1 7 1.000000
  7 -0.229681 1.219088 24.824532 0.201145 0.189653 0.961027 0.647340 0.121108 1 7 1.000000
  7 -0.301039 -1.695193 24.409582 0.540884 -0.246917 0.804038 0.643971 0.060247 1 7 1.000000
headcrabsheet
  7 0.000000 2.515412 23.906775 0.000000 0.506968 0.861965 0.653041 0.151806 2 7 0.999681 5 0.000319
  7 -0.229681 1.219088 24.824532 0.201145 0.189653 0.961027 0.647340 0.121108 1 7 1.000000
  7 0.000000 1.101290 24.664412 0.000000 0.090115 0.995931 0.653041 0.119176 1 7 1.000000
headcrabsheet
  7 0.000000 2.515412 23.906775 0.000000 0.506968 0.861965 0.653041 0.151806 2 7 0.999681 5 0.000319
  7 -0.465714 2.708787 24.065411 0.105915 0.448286 0.887593 0.643500 0.153762 1 7 1.000000
  7 -0.229681 1.219088 24.824532 0.201145 0.189653 0.961027 0.647340 0.121108 1 7 1.000000
headcrabsheet
  7 -0.465714 2.708787 24.065411 0.105915 0.448286 0.887593 0.643500 0.153762 1 7 1.000000
  7 0.000000 2.515412 23.906775 0.000000 0.506968 0.861965 0.653041 0.151806 2 7 0.999681 5 0.000319
  7 -0.561659 3.710638 23.589920 0.073814 0.554407 0.828966 0.642515 0.173820 2 7 0.999144 5 0.000856
headcrabsheet
  7 -0.561659 3.710638 23.589920 0.073814 0.554407 0.828966 0.642515 0.173820 2 7 0.999144 5 0.000856
  7 -1.025969 2.766551 23.887781 -0.464213 0.400936 0.789782 0.632283 0.156585 1 7 1.000000
  7 -0.465714 2.708787 24.065411 0.105915 0.448286 0.887593 0.643500 0.153762 1 7 1.000000
headcrabsheet
  7 -0.561659 3.710638 23.589920 0.073814 0.554407 0.828966 0.642515 0.173820 2 7 0.999144 5 0.000856
  7 -1.067667 3.927801 23.162926 -0.317818 0.571339 0.756679 0.634064 0.182704 2 7 0.999621 5 0.000379
  7 -1.025969 2.766551 23.887781 -0.464213 0.400936 0.789782 0.632283 0.156585 1 7 1.000000
headcrabsheet
  7 -1.593863 1.074900 24.306871 -0.240965 0.121085 0.962951 0.613208 0.124884 1 7 1.000000
  7 -1.025969 2.766551 23.887781 -0.464213 0.400936 0.789782 0.632283 0.156585 1 7 1.000000
  7 -1.067667 3.927801 23.162926 -0.317818 0.571339 0.756679 0.634064 0.182704 2 7 0.999621 5 0.000379
headcrabsheet
  7 -1.067667 3.927801 23.162926 -0.317818 0.571339 0.756679 0.634064 0.182704 2 7 0.999621 5 0.000379
  7 -1.506905 2.466493 23.900253 0.093756 0.300120 0.949283 0.620106 0.153216 1 7 1.000000
  7 -1.593863 1.074900 24.306871 -0.240965 0.121085 0.962951 0.613208 0.124884 1 7 1.000000
headcrabsheet
  7 -2.183285 0.953103 23.810993 -0.706060 0.172001 0.686946 0.597687 0.132360 1 7 1.000000
  7 -1.593863 1.074900 24.306871 -0.240965 0.121085 0.962951 0.613208 0.124884 1 7 1.000000
  7 -1.506905 2.466493 23.900253 0.093756 0.300120 0.949283 0.620106 0.153216 1 7 1.000000
headcrabsheet
  7 -2.183285 0.953103 23.810993 -0.706060 0.172001 0.686946 0.597687 0.132360 1 7 1.000000
  7 -1.506905 2.466493 23.900253 0.093756 0.300120 0.949283 0.620106 0.153216 1 7 1.000000
  7 -2.206837 2.589250 23.517591 -0.535941 0.314893 0.783332 0.607342 0.162802 1 7 1.000000
headcrabsheet
  7 -2.822216 2.369956 23.024803 -0.592097 0.229674 0.772445 0.590915 0.169349 1 7 1.000000
  7 -2.183285 0.953103 23.810993 -0.706060 0.172001 0.686946 0.597687 0.132360 1 7 1.000000
  7 -2.206837 2.589250 23.517591 -0.535941 0.314893 0.783332 0.607342 0.162802 1 7 1.000000
headcrabsheet
  7 -2.024569 3.982339 22.793266 -0.463374 0.551777 0.693417 0.617219 0.190314 2 7 0.999378 5 0.000622
  7 -2.822216 2.369956 23.024803 -0.592097 0.229674 0.772445 0.590915 0.169349 1 7 1.000000
  7 -2.206837 2.589250 23.517591 -0.535941 0.314893 0.783332 0.607342 0.162802 1 7 1.000000
headcrabsheet
  7 -2.024569 3.982339 22.793266 -0.463374 0.551777 0.693417 0.617219 0.190314 2 7 0.999378 5 0.000622
  7 -2.495630 4.206002 22.114243 -0.676970 0.592952 0.436027 0.608787 0.202921 3 7 0.996930 5 0.002375 6 0.000695
  7 -2.822216 2.369956 23.024803 -0.592097 0.229674 0.772445 0.590915 0.169349 1 7 1.000000
headcrabsheet
  7 -1.178596 5.512210 21.691790 -0.238694 0.868629 0.434176 0.635905 0.219952 3 7 0.971959 6 0.017187 5 0.010854
  7 -2.495630 4.206002 22.114243 -0.676970 0.592952 0.436027 0.608787 0.202921 3 7 0.996930 5 0.002375 6 0.000695
  7 -2.024569 3.982339 22.793266 -0.463374 0.551777 0.693417 0.617219 0.190314 2 7 0.999378 5 0.000622
headcrabsheet
  7 -2.495630 4.206002 22.114243 -0.676970 0.592952 0.436027 0.608787 0.202921 3 7 0.996930 5 0.002375 6 0.000695
  7 -1.178596 5.512210 21.691790 -0.238694 0.868629 0.434176 0.635905 0.219952 3 7 0.971959 6 0.017187 5 0.010854
  7 -2.180401 5.349626 20.440500 -0.597324 0.779656 0.187991 0.617447 0.237991 3 7 0.907027 5 0.052734 6 0.040239
headcrabsheet
  7 -1.178596 5.512210 21.691790 -0.238694 0.868629 0.434176 0.635905 0.219952 3 7 0.971959 6 0.017187 5 0.010854
  7 -1.067667 3.927801 23.162926 -0.317818 0.571339 0.756679 0.634064 0.182704 2 7 0.999621 5 0.000379
  7 -0.561659 3.710638 23.589920 0.073814 0.554407 0.828966 0.642515 0.173820 2 7 0.999144 5 0.000856
headcrabsheet
  7 -1.178596 5.512210 21.691790 -0.238694 0.868629 0.434176 0.635905 0.219952 3 7 0.971959 6 0.017187 5 0.010854
  7 -2.024569 3.982339 22.793266 -0.463374 0.551777 0.693417 0.617219 0.190314 2 7 0.999378 5 0.000622
  7 -1.067667 3.927801 23.162926 -0.317818 0.571339 0.756679 0.634064 0.182704 2 7 0.999621 5 0.000379
headcrabsheet
  7 -2.024569 3.982339 22.793266 -0.463374 0.551777 0.693417 0.617219 0.190314 2 7 0.999378 5 0.000622
  7 -1.506905 2.466493 23.900253 0.093756 0.300120 0.949283 0.620106 0.153216 1 7 1.000000
  7 -1.067667 3.927801 23.162926 -0.317818 0.571339 0.756679 0.634064 0.182704 2 7 0.999621 5 0.000379
headcrabsheet
  7 -2.024569 3.982339 22.793266 -0.463374 0.551777 0.693417 0.617219 0.190314 2 7 0.999378 5 0.000622
  7 -2.206837 2.589250 23.517591 -0.535941 0.314893 0.783332 0.607342 0.162802 1 7 1.000000
  7 -1.506905 2.466493 23.900253 0.093756 0.300120 0.949283 0.620106 0.153216 1 7 1.000000
headcrabsheet
  7 0.000000 2.515412 23.906775 0.000000 0.506968 0.861965 0.653041 0.151806 2 7 0.999681 5 0.000319
  7 0.000000 5.238476 22.065702 0.000000 0.817176 0.576388 0.653041 0.211742 3 7 0.971433 6 0.019326 5 0.009241
  7 -0.561659 3.710638 23.589920 0.073814 0.554407 0.828966 0.642515 0.173820 2 7 0.999144 5 0.000856
headcrabsheet
  7 -1.178596 5.512210 21.691790 -0.238694 0.868629 0.434176 0.635905 0.219952 3 7 0.971959 6 0.017187 5 0.010854
  7 -0.561659 3.710638 23.589920 0.073814 0.554407 0.828966 0.642515 0.173820 2 7 0.999144 5 0.000856
  7 0.000000 5.238476 22.065702 0.000000 0.817176 0.576388 0.653041 0.211742 3 7 0.971433 6 0.019326 5 0.009241
headcrabsheet
  7 -1.178596 5.512210 21.691790 -0.238694 0.868629 0.434176 0.635905 0.219952 3 7 0.971959 6 0.017187 5 0.010854
  7 0.000000 5.238476 22.065702 0.000000 0.817176 0.576388 0.653041 0.211742 3 7 0.971433 6 0.019326 5 0.009241
  7 0.000000 6.022762 19.660013 0.000000 0.997180 0.075052 0.653041 0.253123 3 7 0.700070 6 0.194750 5 0.105180
headcrabsheet
  7 -4.266983 2.110020 21.447922 -0.790421 0.466112 0.397459 0.554043 0.197913 2 7 0.980887 5 0.019113
  9 -4.894399 1.005073 21.337250 -0.829953 0.178879 0.528375 0.535483 0.182264 3 9 0.551408 7 0.444049 5 0.004543
  7 -3.774592 0.720296 22.720028 -0.552747 0.163855 0.817081 0.551527 0.156223 1 7 1.000000
headcrabsheet
  9 -5.284643 1.156338 20.043268 -0.929494 0.306826 0.204692 0.516653 0.217492 3 9 0.595899 8 0.274128 7 0.129973
  9 -4.894399 1.005073 21.337250 -0.829953 0.178879 0.528375 0.535483 0.182264 3 9 0.551408 7 0.444049 5 0.004543
  7 -4.266983 2.110020 21.447922 -0.790421 0.466112 0.397459 0.554043 0.197913 2 7 0.980887 5 0.019113
headcrabsheet
  9 -5.284643 1.156338 20.043268 -0.929494 0.306826 0.204692 0.516653 0.217492 3 9 0.595899 8 0.274128 7 0.129973
  7 -4.266983 2.110020 21.447922 -0.790421 0.466112 0.397459 0.554043 0.197913 2 7 0.980887 5 0.019113
  8 -4.841004 2.645096 19.716654 -0.782619 0.558717 0.274486 0.546290 0.236133 3 8 0.502374 7 0.436059 5 0.061567
headcrabsheet
  8 -5.071506 3.356192 16.718876 -0.844805 0.534409 -0.026684 0.545709 0.297733 3 8 0.498781 5 0.267826 7 0.233393
  9 -5.284643 1.156338 20.043268 -0.929494 0.306826 0.204692 0.516653 0.217492 3 9 0.595899 8 0.274128 7 0.129973
  8 -4.841004 2.645096 19.716654 -0.782619 0.558717 0.274486 0.546290 0.236133 3 8 0.502374 7 0.436059 5 0.061567
headcrabsheet
  7 -3.353000 3.395404 20.729254 -0.740618 0.623069 0.251536 0.580147 0.219861 3 7 0.710923 8 0.250709 5 0.038369
  8 -5.071506 3.356192 16.718876 -0.844805 0.534409 -0.026684 0.545709 0.297733 3 8 0.498781 5 0.267826 7 0.233393
  8 -4.841004 2.645096 19.716654 -0.782619 0.558717 0.274486 0.546290 0.236133 3 8 0.502374 7 0.436059 5 0.061567
headcrabsheet
  7 -3.353000 3.395404 20.729254 -0.740618 0.623069 0.251536 0.580147 0.219861 3 7 0.710923 8 0.250709 5 0.038369
  7 -3.444494 4.493662 18.212244 -0.660376 0.743978 0.101986 0.585702 0.272791 3 7 0.484905 5 0.282438 6 0.232657
  8 -5.071506 3.356192 16.718876 -0.844805 0.534409 -0.026684 0.545709 0.297733 3 8 0.498781 5 0.267826 7 0.233393
headcrabsheet
  7 -2.253809 5.535669 19.136528 -0.517296 0.853444 0.063542 0.615147 0.260378 3 7 0.679818 5 0.167547 6 0.152634
  7 -3.444494 4.493662 18.212244 -0.660376 0.743978 0.101986 0.585702 0.272791 3 7 0.484905 5 0.282438 6 0.232657
  7 -3.353000 3.395404 20.729254 -0.740618 0.623069 0.251536 0.580147 0.219861 3 7 0.710923 8 0.250709 5 0.038369
headcrabsheet
  7 -2.253809 5.535669 19.136528 -0.517296 0.853444 0.063542 0.615147 0.260378 3 7 0.679818 5 0.167547 6 0.152634
  7 -3.353000 3.395404 20.729254 -0.740618 0.623069 0.251536 0.580147 0.219861 3 7 0.710923 8 0.250709 5 0.038369
  7 -2.180401 5.349626 20.440500 -0.597324 0.779656 0.187991 0.617447 0.237991 3 7 0.907027 5 0.052734 6 0.040239
headcrabsheet
  7 -2.495630 4.206002 22.114243 -0.676970 0.592952 0.436027 0.608787 0.202921 3 7 0.996930 5 0.002375 6 0.000695
  7 -2.180401 5.349626 20.440500 -0.597324 0.779656 0.187991 0.617447 0.237991 3 7 0.907027 5 0.052734 6 0.040239
  7 -3.353000 3.395404 20.729254 -0.740618 0.623069 0.251536 0.580147 0.219861 3 7 0.710923 8 0.250709 5 0.038369
headcrabsheet
  7 -3.353000 3.395404 20.729254 -0.740618 0.623069 0.251536 0.580147 0.219861 3 7 0.710923 8 0.250709 5 0.038369
  7 -3.870689 2.160570 22.495049 -0.757840 0.303157 0.577732 0.567738 0.180658 2 7 0.999291 5 0.000709
  7 -2.495630 4.206002 22.114243 -0.676970 0.592952 0.436027 0.608787 0.202921 3 7 0.996930 5 0.002375 6 0.000695
headcrabsheet
  7 -2.822216 2.369956 23.024803 -0.592097 0.229674 0.772445 0.590915 0.169349 1 7 1.000000
  7 -2.495630 4.206002 22.114243 -0.676970 0.592952 0.436027 0.608787 0.202921 3 7 0.996930 5 0.002375 6 0.000695
  7 -3.870689 2.160570 22.495049 -0.757840 0.303157 0.577732 0.567738 0.180658 2 7 0.999291 5 0.000709
headcrabsheet
  7 -2.822216 2.369956 23.024803 -0.592097 0.229674 0.772445 0.590915 0.169349 1 7 1.000000
  7 -3.870689 2.160570 22.495049 -0.757840 0.303157 0.577732 0.567738 0.180658 2 7 0.999291 5 0.000709
  7 -3.774592 0.720296 22.720028 -0.552747 0.163855 0.817081 0.551527 0.156223 1 7 1.000000
headcrabsheet
  7 -3.774592 0.720296 22.720028 -0.552747 0.163855 0.817081 0.551527 0.156223 1 7 1.000000
  7 -2.715178 0.603708 22.448668 -0.506102 0.301200 0.808170 0.568525 0.142726 1 7 1.000000
  7 -2.822216 2.369956 23.024803 -0.592097 0.229674 0.772445 0.590915 0.169349 1 7 1.000000
headcrabsheet
  7 -2.715178 0.603708 22.448668 -0.506102 0.301200 0.808170 0.568525 0.142726 1 7 1.000000
  7 -2.620937 0.815282 23.301971 -0.887452 0.096854 0.450608 0.584934 0.137368 1 7 1.000000
  7 -2.822216 2.369956 23.024803 -0.592097 0.229674 0.772445 0.590915 0.169349 1 7 1.000000
headcrabsheet
  7 -2.822216 2.369956 23.024803 -0.592097 0.229674 0.772445 0.590915 0.169349 1 7 1.000000
  7 -2.620937 0.815282 23.301971 -0.887452 0.096854 0.450608 0.584934 0.137368 1 7 1.000000
  7 -2.183285 0.953103 23.810993 -0.706060 0.172001 0.686946 0.597687 0.132360 1 7 1.000000
headcrabsheet
  8 -4.841004 2.645096 19.716654 -0.782619 0.558717 0.274486 0.546290 0.236133 3 8 0.502374 7 0.436059 5 0.061567
  7 -4.266983 2.110020 21.447922 -0.790421 0.466112 0.397459 0.554043 0.197913 2 7 0.980887 5 0.019113
  7 -3.353000 3.395404 20.729254 -0.740618 0.623069 0.251536 0.580147 0.219861 3 7 0.710923 8 0.250709 5 0.038369
headcrabsheet
  7 -3.353000 3.395404 20.729254 -0.740618 0.623069 0.251536 0.580147 0.219861 3 7 0.710923 8 0.250709 5 0.038369
  7 -4.266983 2.110020 21.447922 -0.790421 0.466112 0.397459 0.554043 0.197913 2 7 0.980887 5 0.019113
  7 -3.870689 2.160570 22.495049 -0.757840 0.303157 0.577732 0.567738 0.180658 2 7 0.999291 5 0.000709
headcrabsheet
  7 -4.266983 2.110020 21.447922 -0.790421 0.466112 0.397459 0.554043 0.197913 2 7 0.980887 5 0.019113
  7 -3.774592 0.720296 22.720028 -0.552747 0.163855 0.817081 0.551527 0.156223 1 7 1.000000
  7 -3.870689 2.160570 22.495049 -0.757840 0.303157 0.577732 0.567738 0.180658 2 7 0.999291 5 0.000709
headcrabsheet
  7 -2.180401 5.349626 20.440500 -0.597324 0.779656 0.187991 0.617447 0.237991 3 7 0.907027 5 0.052734 6 0.040239
  7 -1.178596 5.512210 21.691790 -0.238694 0.868629 0.434176 0.635905 0.219952 3 7 0.971959 6 0.017187 5 0.010854
  7 0.000000 6.022762 19.660013 0.000000 0.997180 0.075052 0.653041 0.253123 3 7 0.700070 6 0.194750 5 0.105180
headcrabsheet
  7 -2.253809 5.535669 19.136528 -0.517296 0.853444 0.063542 0.615147 0.260378 3 7 0.679818 5 0.167547 6 0.152634
  7 -2.180401 5.349626 20.440500 -0.597324 0.779656 0.187991 0.617447 0.237991 3 7 0.907027 5 0.052734 6 0.040239
  7 0.000000 6.022762 19.660013 0.000000 0.997180 0.075052 0.653041 0.253123 3 7 0.700070 6 0.194750 5 0.105180
headcrabsheet
  6 -1.347622 5.599897 16.310211 -0.291364 0.954128 -0.068899 0.629689 0.313950 3 6 0.432296 7 0.305909 5 0.261795
  7 -2.253809 5.535669 19.136528 -0.517296 0.853444 0.063542 0.615147 0.260378 3 7 0.679818 5 0.167547 6 0.152634
  7 0.000000 6.022762 19.660013 0.000000 0.997180 0.075052 0.653041 0.253123 3 7 0.700070 6 0.194750 5 0.105180
headcrabsheet
  7 -3.444494 4.493662 18.212244 -0.660376 0.743978 0.101986 0.585702 0.272791 3 7 0.484905 5 0.282438 6 0.232657
  7 -2.253809 5.535669 19.136528 -0.517296 0.853444 0.063542 0.615147 0.260378 3 7 0.679818 5 0.167547 6 0.152634
  6 -1.347622 5.599897 16.310211 -0.291364 0.954128 -0.068899 0.629689 0.313950 3 6 0.432296 7 0.305909 5 0.261795
headcrabsheet
  6 -1.347622 5.599897 16.310211 -0.291364 0.954128 -0.068899 0.629689 0.313950 3 6 0.432296 7 0.305909 5 0.261795
  5 -4.503141 3.455502 14.044518 -0.769072 0.639146 0.004484 0.546897 0.353202 3 5 0.382449 4 0.334729 6 0.282822
  7 -3.444494 4.493662 18.212244 -0.660376 0.743978 0.101986 0.585702 0.272791 3 7 0.484905 5 0.282438 6 0.232657
headcrabsheet
  5 -4.503141 3.455502 14.044518 -0.769072 0.639146 0.004484 0.546897 0.353202 3 5 0.382449 4 0.334729 6 0.282822
  8 -5.071506 3.356192 16.718876 -0.844805 0.534409 -0.026684 0.545709 0.297733 3 8 0.498781 5 0.267826 7 0.233393
  7 -3.444494 4.493662 18.212244 -0.660376 0.743978 0.101986 0.585702 0.272791 3 7 0.484905 5 0.282438 6 0.232657
headcrabsheet
  5 -4.503141 3.455502 14.044518 -0.769072 0.639146 0.004484 0.546897 0.353202 3 5 0.382449 4 0.334729 6 0.282822
  8 -5.456254 1.137247 17.130245 -0.984841 0.167930 0.043447 0.502489 0.281405 3 8 0.538464 9 0.299484 6 0.162052
  8 -5.071506 3.356192 16.718876 -0.844805 0.534409 -0.026684 0.545709 0.297733 3 8 0.498781 5 0.267826 7 0.233393
headcrabsheet
  8 -5.071506 3.356192 16.718876 -0.844805 0.534409 -0.026684 0.545709 0.297733 3 8 0.498781 5 0.267826 7 0.233393
  8 -5.456254 1.137247 17.130245 -0.984841 0.167930 0.043447 0.502489 0.281405 3 8 0.538464 9 0.299484 6 0.162052
  9 -5.284643 1.156338 20.043268 -0.929494 0.306826 0.204692 0.516653 0.217492 3 9 0.595899 8 0.274128 7 0.129973
headcrabsheet
  9 -5.520590 -0.346551 19.194162 -0.765702 0.495712 -0.409842 0.478237 0.213142 3 9 0.776729 8 0.208697 6 0.014574
  9 -5.284643 1.156338 20.043268 -0.929494 0.306826 0.204692 0.516653 0.217492 3 9 0.595899 8 0.274128 7 0.129973
  8 -5.456254 1.137247 17.130245 -0.984841 0.167930 0.043447 0.502489 0.281405 3 8 0.538464 9 0.299484 6 0.162052
headcrabsheet
  9 -5.790646 0.282237 20.167843 -0.655256 0.727997 0.201643 0.502125 0.195347 3 9 0.813194 8 0.170988 7 0.015818
  9 -5.284643 1.156338 20.043268 -0.929494 0.306826 0.204692 0.516653 0.217492 3 9 0.595899 8 0.274128 7 0.129973
  9 -5.520590 -0.346551 19.194162 -0.765702 0.495712 -0.409842 0.478237 0.213142 3 9 0.776729 8 0.208697 6 0.014574
headcrabsheet
  9 -5.305304 -0.785052 21.135862 -0.140784 0.082068 0.986633 0.512304 0.169638 3 9 0.832756 8 0.147672 7 0.019572
  9 -5.284643 1.156338 20.043268 -0.929494 0.306826 0.204692 0.516653 0.217492 3 9 0.595899 8 0.274128 7 0.129973
  9 -5.790646 0.282237 20.167843 -0.655256 0.727997 0.201643 0.502125 0.195347 3 9 0.813194 8 0.170988 7 0.015818
headcrabsheet
  9 -5.305304 -0.785052 21.135862 -0.140784 0.082068 0.986633 0.512304 0.169638 3 9 0.832756 8 0.147672 7 0.019572
  9 -4.894399 1.005073 21.337250 -0.829953 0.178879 0.528375 0.535483 0.182264 3 9 0.551408 7 0.444049 5 0.004543
  9 -5.284643 1.156338 20.043268 -0.929494 0.306826 0.204692 0.516653 0.217492 3 9 0.595899 8 0.274128 7 0.129973
headcrabsheet
  9 -4.894399 1.005073 21.337250 -0.829953 0.178879 0.528375 0.535483 0.182264 3 9 0.551408 7 0.444049 5 0.004543
  9 -5.305304 -0.785052 21.135862 -0.140784 0.082068 0.986633 0.512304 0.169638 3 9 0.832756 8 0.147672 7 0.019572
  9 -4.491580 -0.858150 21.016510 -0.411145 -0.253874 0.875504 0.503624 0.142502 3 9 0.706813 7 0.186214 8 0.106973
headcrabsheet
  9 -4.894399 1.005073 21.337250 -0.829953 0.178879 0.528375 0.535483 0.182264 3 9 0.551408 7 0.444049 5 0.004543
  9 -4.491580 -0.858150 21.016510 -0.411145 -0.253874 0.875504 0.503624 0.142502 3 9 0.706813 7 0.186214 8 0.106973
  7 -3.774592 0.720296 22.720028 -0.552747 0.163855 0.817081 0.551527 0.156223 1 7 1.000000
headcrabsheet
  9 -4.491580 -0.858150 21.016510 -0.411145 -0.253874 0.875504 0.503624 0.142502 3 9 0.706813 7 0.186214 8 0.106973
  7 -3.562621 -0.133246 23.547890 -0.651562 0.211070 0.728640 0.541095 0.125924 2 7 0.930928 9 0.069072
  7 -3.774592 0.720296 22.720028 -0.552747 0.163855 0.817081 0.551527 0.156223 1 7 1.000000
headcrabsheet
  7 -2.715178 0.603708 22.448668 -0.506102 0.301200 0.808170 0.568525 0.142726 1 7 1.000000
  7 -3.774592 0.720296 22.720028 -0.552747 0.163855 0.817081 0.551527 0.156223 1 7 1.000000
  7 -3.562621 -0.133246 23.547890 -0.651562 0.211070 0.728640 0.541095 0.125924 2 7 0.930928 9 0.069072
headcrabsheet
  7 -3.562621 -0.133246 23.547890 -0.651562 0.211070 0.728640 0.541095 0.125924 2 7 0.930928 9 0.069072
  7 -2.958735 0.019666 23.840233 0.221438 0.361768 0.905588 0.556873 0.114562 1 7 1.000000
  7 -2.715178 0.603708 22.448668 -0.506102 0.301200 0.808170 0.568525 0.142726 1 7 1.000000
headcrabsheet
  7 -2.620937 0.815282 23.301971 -0.887452 0.096854 0.450608 0.584934 0.137368 1 7 1.000000
  7 -2.715178 0.603708 22.448668 -0.506102 0.301200 0.808170 0.568525 0.142726 1 7 1.000000
  7 -2.958735 0.019666 23.840233 0.221438 0.361768 0.905588 0.556873 0.114562 1 7 1.000000
headcrabsheet
  9 -4.743440 -1.675573 20.992699 0.127173 -0.216636 0.967934 0.495727 0.147349 2 9 0.986619 7 0.013381
  9 -4.491580 -0.858150 21.016510 -0.411145 -0.253874 0.875504 0.503624 0.142502 3 9 0.706813 7 0.186214 8 0.106973
  9 -5.305304 -0.785052 21.135862 -0.140784 0.082068 0.986633 0.512304 0.169638 3 9 0.832756 8 0.147672 7 0.019572
headcrabsheet
  9 -4.491580 -0.858150 21.016510 -0.411145 -0.253874 0.875504 0.503624 0.142502 3 9 0.706813 7 0.186214 8 0.106973
  9 -4.743440 -1.675573 20.992699 0.127173 -0.216636 0.967934 0.495727 0.147349 2 9 0.986619 7 0.013381
  9 -3.808396 -2.092354 20.637936 -0.527443 -0.701264 0.479617 0.483112 0.126716 2 9 0.976224 7 0.023776
headcrabsheet
  0 -4.331057 3.766532 12.580499 -0.671679 0.732359 0.111792 0.551354 0.384698 3 0 0.375595 4 0.326635 5 0.297770
  4 -2.101074 5.316093 13.528595 -0.377220 0.925760 -0.025957 0.612173 0.368625 3 4 0.389504 0 0.308819 5 0.301677
  0 -2.727420 4.803359 10.698419 -0.274265 0.947302 -0.165520 0.595831 0.427937 3 0 0.505019 4 0.339364 5 0.155617
headcrabsheet
  0 -4.331057 3.766532 12.580499 -0.671679 0.732359 0.111792 0.551354 0.384698 3 0 0.375595 4 0.326635 5 0.297770
  5 -4.503141 3.455502 14.044518 -0.769072 0.639146 0.004484 0.546897 0.353202 3 5 0.382449 4 0.334729 6 0.282822
  4 -2.101074 5.316093 13.528595 -0.377220 0.925760 -0.025957 0.612173 0.368625 3 4 0.389504 0 0.308819 5 0.301677
headcrabsheet
  6 -1.347622 5.599897 16.310211 -0.291364 0.954128 -0.068899 0.629689 0.313950 3 6 0.432296 7 0.305909 5 0.261795
  4 -2.101074 5.316093 13.528595 -0.377220 0.925760 -0.025957 0.612173 0.368625 3 4 0.389504 0 0.308819 5 0.301677
  5 -4.503141 3.455502 14.044518 -0.769072 0.639146 0.004484 0.546897 0.353202 3 5 0.382449 4 0.334729 6 0.282822
headcrabsheet
  0 -4.331057 3.766532 12.580499 -0.671679 0.732359 0.111792 0.551354 0.384698 3 0 0.375595 4 0.326635 5 0.297770
  11 -6.440217 1.145469 11.741996 -0.869315 0.429880 0.243914 0.486964 0.400322 3 11 0.771307 5 0.123362 0 0.105331
  5 -5.775438 1.103269 14.280482 -0.866987 0.466571 0.175057 0.489191 0.342318 3 5 0.432712 8 0.368245 4 0.199043
headcrabsheet
  0 -4.331057 3.766532 12.580499 -0.671679 0.732359 0.111792 0.551354 0.384698 3 0 0.375595 4 0.326635 5 0.297770
  5 -5.775438 1.103269 14.280482 -0.866987 0.466571 0.175057 0.489191 0.342318 3 5 0.432712 8 0.368245 4 0.199043
  5 -4.503141 3.455502 14.044518 -0.769072 0.639146 0.004484 0.546897 0.353202 3 5 0.382449 4 0.334729 6 0.282822
headcrabsheet
  5 -4.503141 3.455502 14.044518 -0.769072 0.639146 0.004484 0.546897 0.353202 3 5 0.382449 4 0.334729 6 0.282822
  5 -5.775438 1.103269 14.280482 -0.866987 0.466571 0.175057 0.489191 0.342318 3 5 0.432712 8 0.368245 4 0.199043
  8 -5.456254 1.137247 17.130245 -0.984841 0.167930 0.043447 0.502489 0.281405 3 8 0.538464 9 0.299484 6 0.162052
headcrabsheet
  9 -5.521645 -0.260184 17.722523 -0.994518 0.018325 0.102942 0.469747 0.265628 3 9 0.466967 8 0.457975 6 0.075058
  8 -5.456254 1.137247 17.130245 -0.984841 0.167930 0.043447 0.502489 0.281405 3 8 0.538464 9 0.299484 6 0.162052
  5 -5.775438 1.103269 14.280482 -0.866987 0.466571 0.175057 0.489191 0.342318 3 5 0.432712 8 0.368245 4 0.199043
headcrabsheet
  9 -5.520590 -0.346551 19.194162 -0.765702 0.495712 -0.409842 0.478237 0.213142 3 9 0.776729 8 0.208697 6 0.014574
  8 -5.456254 1.137247 17.130245 -0.984841 0.167930 0.043447 0.502489 0.281405 3 8 0.538464 9 0.299484 6 0.162052
  9 -5.521645 -0.260184 17.722523 -0.994518 0.018325 0.102942 0.469747 0.265628 3 9 0.466967 8 0.457975 6 0.075058
headcrabsheet
  9 -5.445212 -1.359297 17.467613 -0.898896 -0.397002 0.185409 0.443584 0.262755 3 9 0.499332 8 0.455966 5 0.044702
  9 -5.520590 -0.346551 19.194162 -0.765702 0.495712 -0.409842 0.478237 0.213142 3 9 0.776729 8 0.208697 6 0.014574
  9 -5.521645 -0.260184 17.722523 -0.994518 0.018325 0.102942 0.469747 0.265628 3 9 0.466967 8 0.457975 6 0.075058
headcrabsheet
  9 -5.445212 -1.359297 17.467613 -0.898896 -0.397002 0.185409 0.443584 0.262755 3 9 0.499332 8 0.455966 5 0.044702
  9 -5.395896 -1.283487 18.440351 -0.723423 0.348734 -0.595856 0.457680 0.225128 3 9 0.732251 8 0.263138 6 0.004612
  9 -5.520590 -0.346551 19.194162 -0.765702 0.495712 -0.409842 0.478237 0.213142 3 9 0.776729 8 0.208697 6 0.014574
headcrabsheet
  9 -5.395896 -1.283487 18.440351 -0.723423 0.348734 -0.595856 0.457680 0.225128 3 9 0.732251 8 0.263138 6 0.004612
  9 -5.445212 -1.359297 17.467613 -0.898896 -0.397002 0.185409 0.443584 0.262755 3 9 0.499332 8 0.455966 5 0.044702
  8 -4.885276 -2.164430 17.124090 -0.870553 -0.491902 -0.013002 0.417423 0.260044 3 8 0.501435 9 0.329586 6 0.168979
headcrabsheet
  9 -5.314260 -2.044333 17.866388 -0.633269 -0.134549 -0.762146 0.437101 0.225009 3 9 0.663184 8 0.330425 6 0.006391
  9 -5.395896 -1.283487 18.440351 -0.723423 0.348734 -0.595856 0.457680 0.225128 3 9 0.732251 8 0.263138 6 0.004612
  8 -4.885276 -2.164430 17.124090 -0.870553 -0.491902 -0.013002 0.417423 0.260044 3 8 0.501435 9 0.329586 6 0.168979
headcrabsheet
  11 -6.440217 1.145469 11.741996 -0.869315 0.429880 0.243914 0.486964 0.400322 3 11 0.771307 5 0.123362 0 0.105331
  8 -6.826944 -0.658576 13.866167 -0.977023 0.037798 0.209755 0.451730 0.338133 3 8 0.530964 5 0.356263 0 0.112774
  5 -5.775438 1.103269 14.280482 -0.866987 0.466571 0.175057 0.489191 0.342318 3 5 0.432712 8 0.368245 4 0.199043
headcrabsheet
  9 -5.521645 -0.260184 17.722523 -0.994518 0.018325 0.102942 0.469747 0.265628 3 9 0.466967 8 0.457975 6 0.075058
  5 -5.775438 1.103269 14.280482 -0.866987 0.466571 0.175057 0.489191 0.342318 3 5 0.432712 8 0.368245 4 0.199043
  8 -6.826944 -0.658576 13.866167 -0.977023 0.037798 0.209755 0.451730 0.338133 3 8 0.530964 5 0.356263 0 0.112774
headcrabsheet
  8 -6.826944 -0.658576 13.866167 -0.977023 0.037798 0.209755 0.451730 0.338133 3 8 0.530964 5 0.356263 0 0.112774
  9 -5.445212 -1.359297 17.467613 -0.898896 -0.397002 0.185409 0.443584 0.262755 3 9 0.499332 8 0.455966 5 0.044702
  9 -5.521645 -0.260184 17.722523 -0.994518 0.018325 0.102942 0.469747 0.265628 3 9 0.466967 8 0.457975 6 0.075058
headcrabsheet
  8 -6.826944 -0.658576 13.866167 -0.977023 0.037798 0.209755 0.451730 0.338133 3 8 0.530964 5 0.356263 0 0.112774
  8 -6.445770 -1.726615 13.736850 -0.719751 -0.685007 0.112799 0.425251 0.333395 3 8 0.544907 5 0.290604 0 0.164489
  9 -5.445212 -1.359297 17.467613 -0.898896 -0.397002 0.185409 0.443584 0.262755 3 9 0.499332 8 0.455966 5 0.044702
headcrabsheet
  8 -4.885276 -2.164430 17.124090 -0.870553 -0.491902 -0.013002 0.417423 0.260044 3 8 0.501435 9 0.329586 6 0.168979
  9 -5.445212 -1.359297 17.467613 -0.898896 -0.397002 0.185409 0.443584 0.262755 3 9 0.499332 8 0.455966 5 0.044702
  8 -6.445770 -1.726615 13.736850 -0.719751 -0.685007 0.112799 0.425251 0.333395 3 8 0.544907 5 0.290604 0 0.164489
headcrabsheet
  6 0.000000 5.543784 14.853334 0.000000 0.998601 -0.052877 0.653041 0.342923 3 6 0.451709 7 0.279576 5 0.268716
  7 0.000000 6.022762 19.660013 0.000000 0.997180 0.075052 0.653041 0.253123 3 7 0.700070 6 0.194750 5 0.105180
  6 1.347622 5.599898 16.310215 0.291364 0.954128 -0.068899 0.676392 0.313950 3 6 0.432632 7 0.305728 5 0.261640
headcrabsheet
  6 0.000000 5.543784 14.853334 0.000000 0.998601 -0.052877 0.653041 0.342923 3 6 0.451709 7 0.279576 5 0.268716
  6 -1.347622 5.599897 16.310211 -0.291364 0.954128 -0.068899 0.629689 0.313950 3 6 0.432296 7 0.305909 5 0.261795
  7 0.000000 6.022762 19.660013 0.000000 0.997180 0.075052 0.653041 0.253123 3 7 0.700070 6 0.194750 5 0.105180
headcrabsheet
  6 0.000000 5.543784 14.853334 0.000000 0.998601 -0.052877 0.653041 0.342923 3 6 0.451709 7 0.279576 5 0.268716
  0 0.000000 5.400371 11.124577 0.000000 0.978497 -0.206262 0.648402 0.418848 3 0 0.409516 4 0.375154 6 0.215330
  6 -1.347622 5.599897 16.310211 -0.291364 0.954128 -0.068899 0.629689 0.313950 3 6 0.432296 7 0.305909 5 0.261795
headcrabsheet
  6 -1.347622 5.599897 16.310211 -0.291364 0.954128 -0.068899 0.629689 0.313950 3 6 0.432296 7 0.305909 5 0.261795
  0 0.000000 5.400371 11.124577 0.000000 0.978497 -0.206262 0.648402 0.418848 3 0 0.409516 4 0.375154 6 0.215330
  4 -2.101074 5.316093 13.528595 -0.377220 0.925760 -0.025957 0.612173 0.368625 3 4 0.389504 0 0.308819 5 0.301677
headcrabsheet
  0 -1.945446 4.648455 9.750416 -0.127678 0.876670 -0.463841 0.611628 0.450650 3 0 0.639359 4 0.294807 5 0.065834
  4 -2.101074 5.316093 13.528595 -0.377220 0.925760 -0.025957 0.612173 0.368625 3 4 0.389504 0 0.308819 5 0.301677
  0 0.000000 5.400371 11.124577 0.000000 0.978497 -0.206262 0.648402 0.418848 3 0 0.409516 4 0.375154 6 0.215330
headcrabsheet
  0 -1.945446 4.648455 9.750416 -0.127678 0.876670 -0.463841 0.611628 0.450650 3 0 0.639359 4 0.294807 5 0.065834
  0 -2.727420 4.803359 10.698419 -0.274265 0.947302 -0.165520 0.595831 0.427937 3 0 0.505019 4 0.339364 5 0.155617
  4 -2.101074 5.316093 13.528595 -0.377220 0.925760 -0.025957 0.612173 0.368625 3 4 0.389504 0 0.308819 5 0.301677
headcrabsheet
  0 -4.598153 3.932688 10.044747 -0.469287 0.862581 -0.189009 0.548522 0.440456 3 0 0.591965 4 0.279228 5 0.128808
  0 -2.727420 4.803359 10.698419 -0.274265 0.947302 -0.165520 0.595831 0.427937 3 0 0.505019 4 0.339364 5 0.155617
  0 -1.945446 4.648455 9.750416 -0.127678 0.876670 -0.463841 0.611628 0.450650 3 0 0.639359 4 0.294807 5 0.065834
headcrabsheet
  0 -4.331057 3.766532 12.580499 -0.671679 0.732359 0.111792 0.551354 0.384698 3 0 0.375595 4 0.326635 5 0.297770
  0 -2.727420 4.803359 10.698419 -0.274265 0.947302 -0.165520 0.595831 0.427937 3 0 0.505019 4 0.339364 5 0.155617
  0 -4.598153 3.932688 10.044747 -0.469287 0.862581 -0.189009 0.548522 0.440456 3 0 0.591965 4 0.279228 5 0.128808
headcrabsheet
  11 -6.682343 2.421108 9.295465 -0.705419 0.632564 -0.319761 0.493790 0.468567 3 11 0.835957 0 0.113533 12 0.050510
  0 -4.331057 3.766532 12.580499 -0.671679 0.732359 0.111792 0.551354 0.384698 3 0 0.375595 4 0.326635 5 0.297770
  0 -4.598153 3.932688 10.044747 -0.469287 0.862581 -0.189009 0.548522 0.440456 3 0 0.591965 4 0.279228 5 0.128808
headcrabsheet
  11 -6.682343 2.421108 9.295465 -0.705419 0.632564 -0.319761 0.493790 0.468567 3 11 0.835957 0 0.113533 12 0.050510
  11 -6.440217 1.145469 11.741996 -0.869315 0.429880 0.243914 0.486964 0.400322 3 11 0.771307 5 0.123362 0 0.105331
  0 -4.331057 3.766532 12.580499 -0.671679 0.732359 0.111792 0.551354 0.384698 3 0 0.375595 4 0.326635 5 0.297770
headcrabsheet
  11 -6.682343 2.421108 9.295465 -0.705419 0.632564 -0.319761 0.493790 0.468567 3 11 0.835957 0 0.113533 12 0.050510
  11 -6.889244 -0.107780 11.585883 -0.993076 0.070936 0.093640 0.458515 0.388442 3 11 0.911253 5 0.049475 0 0.039272
  11 -6.440217 1.145469 11.741996 -0.869315 0.429880 0.243914 0.486964 0.400322 3 11 0.771307 5 0.123362 0 0.105331
headcrabsheet
  11 -6.440217 1.145469 11.741996 -0.869315 0.429880 0.243914 0.486964 0.400322 3 11 0.771307 5 0.123362 0 0.105331
  11 -6.889244 -0.107780 11.585883 -0.993076 0.070936 0.093640 0.458515 0.388442 3 11 0.911253 5 0.049475 0 0.039272
  8 -6.826944 -0.658576 13.866167 -0.977023 0.037798 0.209755 0.451730 0.338133 3 8 0.530964 5 0.356263 0 0.112774
headcrabsheet
  8 -6.826944 -0.658576 13.866167 -0.977023 0.037798 0.209755 0.451730 0.338133 3 8 0.530964 5 0.356263 0 0.112774
  11 -6.889244 -0.107780 11.585883 -0.993076 0.070936 0.093640 0.458515 0.388442 3 11 0.911253 5 0.049475 0 0.039272
  11 -6.776450 -1.485277 11.743311 -0.864750 -0.501349 -0.029263 0.424388 0.366795 3 11 0.853693 5 0.073389 0 0.072918
headcrabsheet
  8 -6.826944 -0.658576 13.866167 -0.977023 0.037798 0.209755 0.451730 0.338133 3 8 0.530964 5 0.356263 0 0.112774
  11 -6.776450 -1.485277 11.743311 -0.864750 -0.501349 -0.029263 0.424388 0.366795 3 11 0.853693 5 0.073389 0 0.072918
  8 -6.445770 -1.726615 13.736850 -0.719751 -0.685007 0.112799 0.425251 0.333395 3 8 0.544907 5 0.290604 0 0.164489
headcrabsheet
  8 -5.029704 -2.335944 13.668719 -0.597651 -0.801137 -0.031511 0.388398 0.330594 3 8 0.452753 0 0.285865 5 0.261382
  8 -6.445770 -1.726615 13.736850 -0.719751 -0.685007 0.112799 0.425251 0.333395 3 8 0.544907 5 0.290604 0 0.164489
  11 -6.776450 -1.485277 11.743311 -0.864750 -0.501349 -0.029263 0.424388 0.366795 3 11 0.853693 5 0.073389 0 0.072918
headcrabsheet
  8 -4.885276 -2.164430 17.124090 -0.870553 -0.491902 -0.013002 0.417423 0.260044 3 8 0.501435 9 0.329586 6 0.168979
  8 -6.445770 -1.726615 13.736850 -0.719751 -0.685007 0.112799 0.425251 0.333395 3 8 0.544907 5 0.290604 0 0.164489
  8 -5.029704 -2.335944 13.668719 -0.597651 -0.801137 -0.031511 0.388398 0.330594 3 8 0.452753 0 0.285865 5 0.261382
headcrabsheet
  8 -5.029704 -2.335944 13.668719 -0.597651 -0.801137 -0.031511 0.388398 0.330594 3 8 0.452753 0 0.285865 5 0.261382
  6 -4.513885 -3.648185 15.966269 -0.922515 -0.382541 -0.051263 0.376962 0.274266 1 6 1.000000
  8 -4.885276 -2.164430 17.124090 -0.870553 -0.491902 -0.013002 0.417423 0.260044 3 8 0.501435 9 0.329586 6 0.168979
headcrabsheet
  6 -4.513885 -3.648185 15.966269 -0.922515 -0.382541 -0.051263 0.376962 0.274266 1 6 1.000000
  6 -4.490376 -3.479360 16.971523 -0.936544 -0.314914 0.153996 0.387522 0.255116 1 6 1.000000
  8 -4.885276 -2.164430 17.124090 -0.870553 -0.491902 -0.013002 0.417423 0.260044 3 8 0.501435 9 0.329586 6 0.168979
headcrabsheet
  6 -4.490376 -3.479360 16.971523 -0.936544 -0.314914 0.153996 0.387522 0.255116 1 6 1.000000
  8 -4.562633 -2.944842 17.598532 -0.859273 -0.495799 0.125831 0.404382 0.244476 3 8 0.603865 9 0.221362 6 0.174772
  8 -4.885276 -2.164430 17.124090 -0.870553 -0.491902 -0.013002 0.417423 0.260044 3 8 0.501435 9 0.329586 6 0.168979
headcrabsheet
  9 -5.314260 -2.044333 17.866388 -0.633269 -0.134549 -0.762146 0.437101 0.225009 3 9 0.663184 8 0.330425 6 0.006391
  8 -4.885276 -2.164430 17.124090 -0.870553 -0.491902 -0.013002 0.417423 0.260044 3 8 0.501435 9 0.329586 6 0.168979
  8 -4.562633 -2.944842 17.598532 -0.859273 -0.495799 0.125831 0.404382 0.244476 3 8 0.603865 9 0.221362 6 0.174772
headcrabsheet
  9 -5.314260 -2.044333 17.866388 -0.633269 -0.134549 -0.762146 0.437101 0.225009 3 9 0.663184 8 0.330425 6 0.006391
  8 -4.562633 -2.944842 17.598532 -0.859273 -0.495799 0.125831 0.404382 0.244476 3 8 0.603865 9 0.221362 6 0.174772
  8 -3.875109 -3.645887 18.130426 -0.364087 -0.913168 -0.183207 0.386211 0.230357 3 8 0.892466 6 0.107028 5 0.000506
headcrabsheet
  11 -6.308912 -1.883987 9.530940 -0.541265 -0.815265 -0.205853 0.389074 0.385825 3 11 0.845039 12 0.151914 13 0.003047
  11 -6.776450 -1.485277 11.743311 -0.864750 -0.501349 -0.029263 0.424388 0.366795 3 11 0.853693 5 0.073389 0 0.072918
  11 -6.889244 -0.107780 11.585883 -0.993076 0.070936 0.093640 0.458515 0.388442 3 11 0.911253 5 0.049475 0 0.039272
headcrabsheet
  11 -6.889244 -0.107780 11.585883 -0.993076 0.070936 0.093640 0.458515 0.388442 3 11 0.911253 5 0.049475 0 0.039272
  11 -7.141569 -0.121107 10.490121 -0.973679 -0.141364 0.178790 0.441795 0.417825 3 11 0.924957 12 0.074356 13 0.000687
  11 -6.308912 -1.883987 9.530940 -0.541265 -0.815265 -0.205853 0.389074 0.385825 3 11 0.845039 12 0.151914 13 0.003047
headcrabsheet
  11 -6.889244 -0.107780 11.585883 -0.993076 0.070936 0.093640 0.458515 0.388442 3 11 0.911253 5 0.049475 0 0.039272
  11 -6.682343 2.421108 9.295465 -0.705419 0.632564 -0.319761 0.493790 0.468567 3 11 0.835957 0 0.113533 12 0.050510
  11 -7.141569 -0.121107 10.490121 -0.973679 -0.141364 0.178790 0.441795 0.417825 3 11 0.924957 12 0.074356 13 0.000687
headcrabsheet
  11 -6.682343 2.421108 9.295465 -0.705419 0.632564 -0.319761 0.493790 0.468567 3 11 0.835957 0 0.113533 12 0.050510
  0 -2.673452 3.735078 8.342958 0.004866 0.537929 -0.842976 0.580357 0.486649 3 0 0.776763 4 0.199687 5 0.023550
  0 -3.972811 2.473223 8.076056 -0.191302 0.037523 -0.980814 0.547093 0.501690 3 0 0.763427 4 0.201167 12 0.035406
headcrabsheet
  11 -6.682343 2.421108 9.295465 -0.705419 0.632564 -0.319761 0.493790 0.468567 3 11 0.835957 0 0.113533 12 0.050510
  0 -4.598153 3.932688 10.044747 -0.469287 0.862581 -0.189009 0.548522 0.440456 3 0 0.591965 4 0.279228 5 0.128808
  0 -2.673452 3.735078 8.342958 0.004866 0.537929 -0.842976 0.580357 0.486649 3 0 0.776763 4 0.199687 5 0.023550
headcrabsheet
  0 -4.598153 3.932688 10.044747 -0.469287 0.862581 -0.189009 0.548522 0.440456 3 0 0.591965 4 0.279228 5 0.128808
  0 -1.945446 4.648455 9.750416 -0.127678 0.876670 -0.463841 0.611628 0.450650 3 0 0.639359 4 0.294807 5 0.065834
  0 -2.673452 3.735078 8.342958 0.004866 0.537929 -0.842976 0.580357 0.486649 3 0 0.776763 4 0.199687 5 0.023550
headcrabsheet
  8 -4.630039 -3.041438 13.795295 -0.804481 -0.519931 -0.287196 0.372813 0.322771 3 8 0.400613 0 0.363918 5 0.235470
  6 -4.453299 -3.764302 14.688192 -0.730166 -0.670869 0.129583 0.362181 0.304548 3 6 0.577265 8 0.278108 0 0.144627
  6 -4.498075 -3.157762 14.908040 -0.767794 -0.624582 -0.142793 0.376476 0.299106 3 6 0.561870 8 0.322269 0 0.115861
headcrabsheet
  8 -4.630039 -3.041438 13.795295 -0.804481 -0.519931 -0.287196 0.372813 0.322771 3 8 0.400613 0 0.363918 5 0.235470
  6 -4.498075 -3.157762 14.908040 -0.767794 -0.624582 -0.142793 0.376476 0.299106 3 6 0.561870 8 0.322269 0 0.115861
  8 -5.029704 -2.335944 13.668719 -0.597651 -0.801137 -0.031511 0.388398 0.330594 3 8 0.452753 0 0.285865 5 0.261382
headcrabsheet
  6 -4.498075 -3.157762 14.908040 -0.767794 -0.624582 -0.142793 0.376476 0.299106 3 6 0.561870 8 0.322269 0 0.115861
  6 -4.513885 -3.648185 15.966269 -0.922515 -0.382541 -0.051263 0.376962 0.274266 1 6 1.000000
  8 -5.029704 -2.335944 13.668719 -0.597651 -0.801137 -0.031511 0.388398 0.330594 3 8 0.452753 0 0.285865 5 0.261382
headcrabsheet
  0 -3.543062 -2.729037 11.966415 -0.367632 -0.786931 -0.495566 0.352686 0.363660 3 0 0.711150 5 0.179292 4 0.109558
  8 -4.630039 -3.041438 13.795295 -0.804481 -0.519931 -0.287196 0.372813 0.322771 3 8 0.400613 0 0.363918 5 0.235470
  8 -5.029704 -2.335944 13.668719 -0.597651 -0.801137 -0.031511 0.388398 0.330594 3 8 0.452753 0 0.285865 5 0.261382
headcrabsheet
  0 1.945446 4.648454 9.750415 0.127678 0.876670 -0.463841 0.694453 0.450650 3 0 0.639359 4 0.294807 5 0.065834
  0 0.000000 5.400371 11.124577 0.000000 0.978497 -0.206262 0.648402 0.418848 3 0 0.409516 4 0.375154 6 0.215330
  4 2.101074 5.316094 13.528597 0.377220 0.925760 -0.025957 0.693908 0.368625 3 4 0.389504 0 0.308819 5 0.301677
headcrabsheet
  0 0.000000 5.400371 11.124577 0.000000 0.978497 -0.206262 0.648402 0.418848 3 0 0.409516 4 0.375154 6 0.215330
  0 1.945446 4.648454 9.750415 0.127678 0.876670 -0.463841 0.694453 0.450650 3 0 0.639359 4 0.294807 5 0.065834
  0 0.000000 4.741758 9.395137 0.000000 0.723132 -0.690709 0.653041 0.455586 3 0 0.623757 4 0.315907 5 0.060337
headcrabsheet
  0 0.000000 5.400371 11.124577 0.000000 0.978497 -0.206262 0.648402 0.418848 3 0 0.409516 4 0.375154 6 0.215330
  0 0.000000 4.741758 9.395137 0.000000 0.723132 -0.690709 0.653041 0.455586 3 0 0.623757 4 0.315907 5 0.060337
  0 -1.945446 4.648455 9.750416 -0.127678 0.876670 -0.463841 0.611628 0.450650 3 0 0.639359 4 0.294807 5 0.065834
headcrabsheet
  0 0.000000 4.741758 9.395137 0.000000 0.723132 -0.690709 0.653041 0.455586 3 0 0.623757 4 0.315907 5 0.060337
  0 -1.022148 3.363172 8.724335 0.178366 0.258303 -0.949455 0.630793 0.490134 3 0 0.819131 4 0.168197 5 0.012672
  0 -1.945446 4.648455 9.750416 -0.127678 0.876670 -0.463841 0.611628 0.450650 3 0 0.639359 4 0.294807 5 0.065834
headcrabsheet
  0 -1.022148 3.363172 8.724335 0.178366 0.258303 -0.949455 0.630793 0.490134 3 0 0.819131 4 0.168197 5 0.012672
  0 -2.673452 3.735078 8.342958 0.004866 0.537929 -0.842976 0.580357 0.486649 3 0 0.776763 4 0.199687 5 0.023550
  0 -1.945446 4.648455 9.750416 -0.127678 0.876670 -0.463841 0.611628 0.450650 3 0 0.639359 4 0.294807 5 0.065834
headcrabsheet
  0 -2.673452 3.735078 8.342958 0.004866 0.537929 -0.842976 0.580357 0.486649 3 0 0.776763 4 0.199687 5 0.023550
  0 -1.022148 3.363172 8.724335 0.178366 0.258303 -0.949455 0.630793 0.490134 3 0 0.819131 4 0.168197 5 0.012672
  0 -2.093735 0.860882 8.614446 -0.069604 -0.106042 -0.991922 0.619408 0.536184 3 0 0.908576 4 0.075617 12 0.015807
headcrabsheet
  0 -2.093735 0.860882 8.614446 -0.069604 -0.106042 -0.991922 0.619408 0.536184 3 0 0.908576 4 0.075617 12 0.015807
  0 -1.022148 3.363172 8.724335 0.178366 0.258303 -0.949455 0.630793 0.490134 3 0 0.819131 4 0.168197 5 0.012672
  0 0.000000 2.930670 8.923798 0.000000 0.151981 -0.988383 0.653041 0.498126 3 0 0.829095 4 0.160119 5 0.010787
headcrabsheet
  0 -2.093735 0.860882 8.614446 -0.069604 -0.106042 -0.991922 0.619408 0.536184 3 0 0.908576 4 0.075617 12 0.015807
  0 0.000000 2.930670 8.923798 0.000000 0.151981 -0.988383 0.653041 0.498126 3 0 0.829095 4 0.160119 5 0.010787
  0 0.000000 0.672389 8.299904 0.000000 -0.020310 -0.999794 0.653041 0.550724 3 0 0.554030 4 0.432884 2 0.013086
headcrabsheet
  0 2.093735 0.860882 8.614446 0.069604 -0.106042 -0.991922 0.686673 0.536184 3 0 0.908576 4 0.075617 2 0.015807
  0 0.000000 0.672389 8.299904 0.000000 -0.020310 -0.999794 0.653041 0.550724 3 0 0.554030 4 0.432884 2 0.013086
  0 0.000000 2.930670 8.923798 0.000000 0.151981 -0.988383 0.653041 0.498126 3 0 0.829095 4 0.160119 5 0.010787
headcrabsheet
  0 2.093735 0.860882 8.614446 0.069604 -0.106042 -0.991922 0.686673 0.536184 3 0 0.908576 4 0.075617 2 0.015807
  0 0.000000 2.930670 8.923798 0.000000 0.151981 -0.988383 0.653041 0.498126 3 0 0.829095 4 0.160119 5 0.010787
  0 1.022148 3.363172 8.724335 -0.178366 0.258303 -0.949455 0.675288 0.490134 3 0 0.819131 4 0.168197 5 0.012672
headcrabsheet
  0 2.673452 3.735078 8.342958 -0.004866 0.537929 -0.842976 0.725724 0.486649 3 0 0.776763 4 0.199687 5 0.023550
  0 2.093735 0.860882 8.614446 0.069604 -0.106042 -0.991922 0.686673 0.536184 3 0 0.908576 4 0.075617 2 0.015807
  0 1.022148 3.363172 8.724335 -0.178366 0.258303 -0.949455 0.675288 0.490134 3 0 0.819131 4 0.168197 5 0.012672
headcrabsheet
  0 1.022148 3.363172 8.724335 -0.178366 0.258303 -0.949455 0.675288 0.490134 3 0 0.819131 4 0.168197 5 0.012672
  0 1.945446 4.648454 9.750415 0.127678 0.876670 -0.463841 0.694453 0.450650 3 0 0.639359 4 0.294807 5 0.065834
  0 2.673452 3.735078 8.342958 -0.004866 0.537929 -0.842976 0.725724 0.486649 3 0 0.776763 4 0.199687 5 0.023550
headcrabsheet
  0 4.598152 3.932687 10.044745 0.469287 0.862581 -0.189009 0.757559 0.440456 3 0 0.591964 4 0.279228 5 0.128808
  0 2.673452 3.735078 8.342958 -0.004866 0.537929 -0.842976 0.725724 0.486649 3 0 0.776763 4 0.199687 5 0.023550
  0 1.945446 4.648454 9.750415 0.127678 0.876670 -0.463841 0.694453 0.450650 3 0 0.639359 4 0.294807 5 0.065834
headcrabsheet
  0 4.598152 3.932687 10.044745 0.469287 0.862581 -0.189009 0.757559 0.440456 3 0 0.591964 4 0.279228 5 0.128808
  0 1.945446 4.648454 9.750415 0.127678 0.876670 -0.463841 0.694453 0.450650 3 0 0.639359 4 0.294807 5 0.065834
  0 2.727420 4.803358 10.698419 0.274265 0.947302 -0.165520 0.710250 0.427937 3 0 0.505019 4 0.339365 5 0.155617
headcrabsheet
  0 4.331058 3.766532 12.580500 0.671679 0.732359 0.111792 0.754727 0.384698 3 0 0.375595 4 0.326634 5 0.297771
  0 4.598152 3.932687 10.044745 0.469287 0.862581 -0.189009 0.757559 0.440456 3 0 0.591964 4 0.279228 5 0.128808
  0 2.727420 4.803358 10.698419 0.274265 0.947302 -0.165520 0.710250 0.427937 3 0 0.505019 4 0.339365 5 0.155617
headcrabsheet
  0 4.331058 3.766532 12.580500 0.671679 0.732359 0.111792 0.754727 0.384698 3 0 0.375595 4 0.326634 5 0.297771
  0 2.727420 4.803358 10.698419 0.274265 0.947302 -0.165520 0.710250 0.427937 3 0 0.505019 4 0.339365 5 0.155617
  4 2.101074 5.316094 13.528597 0.377220 0.925760 -0.025957 0.693908 0.368625 3 4 0.389504 0 0.308819 5 0.301677
headcrabsheet
  0 4.331058 3.766532 12.580500 0.671679 0.732359 0.111792 0.754727 0.384698 3 0 0.375595 4 0.326634 5 0.297771
  4 2.101074 5.316094 13.528597 0.377220 0.925760 -0.025957 0.693908 0.368625 3 4 0.389504 0 0.308819 5 0.301677
  5 4.503141 3.455502 14.044518 0.769072 0.639146 0.004484 0.759184 0.353202 3 5 0.378494 4 0.331267 6 0.290238
headcrabsheet
  6 1.347622 5.599898 16.310215 0.291364 0.954128 -0.068899 0.676392 0.313950 3 6 0.432632 7 0.305728 5 0.261640
  5 4.503141 3.455502 14.044518 0.769072 0.639146 0.004484 0.759184 0.353202 3 5 0.378494 4 0.331267 6 0.290238
  4 2.101074 5.316094 13.528597 0.377220 0.925760 -0.025957 0.693908 0.368625 3 4 0.389504 0 0.308819 5 0.301677
headcrabsheet
  0 0.000000 4.741758 9.395137 0.000000 0.723132 -0.690709 0.653041 0.455586 3 0 0.623757 4 0.315907 5 0.060337
  0 0.000000 2.930670 8.923798 0.000000 0.151981 -0.988383 0.653041 0.498126 3 0 0.829095 4 0.160119 5 0.010787
  0 -1.022148 3.363172 8.724335 0.178366 0.258303 -0.949455 0.630793 0.490134 3 0 0.819131 4 0.168197 5 0.012672
headcrabsheet
  0 0.000000 4.741758 9.395137 0.000000 0.723132 -0.690709 0.653041 0.455586 3 0 0.623757 4 0.315907 5 0.060337
  0 1.022148 3.363172 8.724335 -0.178366 0.258303 -0.949455 0.675288 0.490134 3 0 0.819131 4 0.168197 5 0.012672
  0 0.000000 2.930670 8.923798 0.000000 0.151981 -0.988383 0.653041 0.498126 3 0 0.829095 4 0.160119 5 0.010787
headcrabsheet
  0 0.000000 4.741758 9.395137 0.000000 0.723132 -0.690709 0.653041 0.455586 3 0 0.623757 4 0.315907 5 0.060337
  0 1.945446 4.648454 9.750415 0.127678 0.876670 -0.463841 0.694453 0.450650 3 0 0.639359 4 0.294807 5 0.065834
  0 1.022148 3.363172 8.724335 -0.178366 0.258303 -0.949455 0.675288 0.490134 3 0 0.819131 4 0.168197 5 0.012672
headcrabsheet
  0 1.945446 4.648454 9.750415 0.127678 0.876670 -0.463841 0.694453 0.450650 3 0 0.639359 4 0.294807 5 0.065834
  4 2.101074 5.316094 13.528597 0.377220 0.925760 -0.025957 0.693908 0.368625 3 4 0.389504 0 0.308819 5 0.301677
  0 2.727420 4.803358 10.698419 0.274265 0.947302 -0.165520 0.710250 0.427937 3 0 0.505019 4 0.339365 5 0.155617
headcrabsheet
  6 0.000000 5.543784 14.853334 0.000000 0.998601 -0.052877 0.653041 0.342923 3 6 0.451709 7 0.279576 5 0.268716
  6 1.347622 5.599898 16.310215 0.291364 0.954128 -0.068899 0.676392 0.313950 3 6 0.432632 7 0.305728 5 0.261640
  0 0.000000 5.400371 11.124577 0.000000 0.978497 -0.206262 0.648402 0.418848 3 0 0.409516 4 0.375154 6 0.215330
headcrabsheet
  6 1.347622 5.599898 16.310215 0.291364 0.954128 -0.068899 0.676392 0.313950 3 6 0.432632 7 0.305728 5 0.261640
  4 2.101074 5.316094 13.528597 0.377220 0.925760 -0.025957 0.693908 0.368625 3 4 0.389504 0 0.308819 5 0.301677
  0 0.000000 5.400371 11.124577 0.000000 0.978497 -0.206262 0.648402 0.418848 3 0 0.409516 4 0.375154 6 0.215330
headcrabsheet
  1 6.682336 2.421111 9.295466 0.705416 0.632567 -0.319761 0.812291 0.468567 3 1 0.835958 0 0.113533 2 0.050509
  0 4.598152 3.932687 10.044745 0.469287 0.862581 -0.189009 0.757559 0.440456 3 0 0.591964 4 0.279228 5 0.128808
  0 4.331058 3.766532 12.580500 0.671679 0.732359 0.111792 0.754727 0.384698 3 0 0.375595 4 0.326634 5 0.297771
headcrabsheet
  1 6.682336 2.421111 9.295466 0.705416 0.632567 -0.319761 0.812291 0.468567 3 1 0.835958 0 0.113533 2 0.050509
  0 2.673452 3.735078 8.342958 -0.004866 0.537929 -0.842976 0.725724 0.486649 3 0 0.776763 4 0.199687 5 0.023550
  0 4.598152 3.932687 10.044745 0.469287 0.862581 -0.189009 0.757559 0.440456 3 0 0.591964 4 0.279228 5 0.128808
headcrabsheet
  1 6.682336 2.421111 9.295466 0.705416 0.632567 -0.319761 0.812291 0.468567 3 1 0.835958 0 0.113533 2 0.050509
  0 3.972811 2.473224 8.076056 0.191302 0.037523 -0.980814 0.758988 0.501690 3 0 0.763427 4 0.201167 2 0.035406
  0 2.673452 3.735078 8.342958 -0.004866 0.537929 -0.842976 0.725724 0.486649 3 0 0.776763 4 0.199687 5 0.023550
headcrabsheet
  14 6.826943 -0.658585 13.866167 0.977023 0.037798 0.209755 0.854351 0.338133 3 14 0.532597 5 0.355022 0 0.112381
  1 6.776459 -1.485275 11.743313 0.864752 -0.501345 -0.029263 0.881693 0.366795 3 1 0.853693 5 0.073388 0 0.072919
  1 6.889247 -0.107776 11.585885 0.993075 0.070941 0.093640 0.847566 0.388442 3 1 0.920052 5 0.044570 0 0.035378
headcrabsheet
  1 6.308923 -1.883986 9.530940 0.541268 -0.815262 -0.205853 0.917007 0.385825 3 1 0.845039 2 0.151914 3 0.003047
  1 6.889247 -0.107776 11.585885 0.993075 0.070941 0.093640 0.847566 0.388442 3 1 0.920052 5 0.044570 0 0.035378
  1 6.776459 -1.485275 11.743313 0.864752 -0.501345 -0.029263 0.881693 0.366795 3 1 0.853693 5 0.073388 0 0.072919
headcrabsheet
  1 6.889247 -0.107776 11.585885 0.993075 0.070941 0.093640 0.847566 0.388442 3 1 0.920052 5 0.044570 0 0.035378
  1 6.308923 -1.883986 9.530940 0.541268 -0.815262 -0.205853 0.917007 0.385825 3 1 0.845039 2 0.151914 3 0.003047
  1 7.141573 -0.121102 10.490121 0.973679 -0.141359 0.178790 0.864286 0.417825 3 1 0.924957 2 0.074356 3 0.000687
headcrabsheet
  1 6.889247 -0.107776 11.585885 0.993075 0.070941 0.093640 0.847566 0.388442 3 1 0.920052 5 0.044570 0 0.035378
  1 7.141573 -0.121102 10.490121 0.973679 -0.141359 0.178790 0.864286 0.417825 3 1 0.924957 2 0.074356 3 0.000687
  1 6.682336 2.421111 9.295466 0.705416 0.632567 -0.319761 0.812291 0.468567 3 1 0.835958 0 0.113533 2 0.050509
headcrabsheet
  1 6.682336 2.421111 9.295466 0.705416 0.632567 -0.319761 0.812291 0.468567 3 1 0.835958 0 0.113533 2 0.050509
  1 6.440215 1.145471 11.741997 0.869313 0.429883 0.243914 0.819117 0.400322 3 1 0.782576 5 0.117283 0 0.100141
  1 6.889247 -0.107776 11.585885 0.993075 0.070941 0.093640 0.847566 0.388442 3 1 0.920052 5 0.044570 0 0.035378
headcrabsheet
  1 6.682336 2.421111 9.295466 0.705416 0.632567 -0.319761 0.812291 0.468567 3 1 0.835958 0 0.113533 2 0.050509
  0 4.331058 3.766532 12.580500 0.671679 0.732359 0.111792 0.754727 0.384698 3 0 0.375595 4 0.326634 5 0.297771
  1 6.440215 1.145471 11.741997 0.869313 0.429883 0.243914 0.819117 0.400322 3 1 0.782576 5 0.117283 0 0.100141
headcrabsheet
  0 4.331058 3.766532 12.580500 0.671679 0.732359 0.111792 0.754727 0.384698 3 0 0.375595 4 0.326634 5 0.297771
  5 5.775438 1.103264 14.280481 0.866987 0.466570 0.175057 0.816890 0.342318 3 5 0.445801 14 0.349135 4 0.205064
  1 6.440215 1.145471 11.741997 0.869313 0.429883 0.243914 0.819117 0.400322 3 1 0.782576 5 0.117283 0 0.100141
headcrabsheet
  0 4.331058 3.766532 12.580500 0.671679 0.732359 0.111792 0.754727 0.384698 3 0 0.375595 4 0.326634 5 0.297771
  5 4.503141 3.455502 14.044518 0.769072 0.639146 0.004484 0.759184 0.353202 3 5 0.378494 4 0.331267 6 0.290238
  5 5.775438 1.103264 14.280481 0.866987 0.466570 0.175057 0.816890 0.342318 3 5 0.445801 14 0.349135 4 0.205064
headcrabsheet
  5 4.503141 3.455502 14.044518 0.769072 0.639146 0.004484 0.759184 0.353202 3 5 0.378494 4 0.331267 6 0.290238
  14 5.456254 1.137240 17.130243 0.984841 0.167930 0.043447 0.803592 0.281405 3 14 0.513033 15 0.307749 5 0.179218
  5 5.775438 1.103264 14.280481 0.866987 0.466570 0.175057 0.816890 0.342318 3 5 0.445801 14 0.349135 4 0.205064
headcrabsheet
  5 4.503141 3.455502 14.044518 0.769072 0.639146 0.004484 0.759184 0.353202 3 5 0.378494 4 0.331267 6 0.290238
  14 5.071506 3.356188 16.718870 0.844805 0.534408 -0.026685 0.760372 0.297733 3 14 0.472300 5 0.281976 7 0.245724
  14 5.456254 1.137240 17.130243 0.984841 0.167930 0.043447 0.803592 0.281405 3 14 0.513033 15 0.307749 5 0.179218
headcrabsheet
  5 4.503141 3.455502 14.044518 0.769072 0.639146 0.004484 0.759184 0.353202 3 5 0.378494 4 0.331267 6 0.290238
  7 3.444494 4.493662 18.212244 0.660376 0.743978 0.101986 0.720379 0.272791 3 7 0.485574 5 0.282827 6 0.231599
  14 5.071506 3.356188 16.718870 0.844805 0.534408 -0.026685 0.760372 0.297733 3 14 0.472300 5 0.281976 7 0.245724
headcrabsheet
  7 3.353000 3.395404 20.729254 0.740618 0.623069 0.251536 0.725934 0.219861 3 7 0.762417 14 0.196435 5 0.041148
  14 5.071506 3.356188 16.718870 0.844805 0.534408 -0.026685 0.760372 0.297733 3 14 0.472300 5 0.281976 7 0.245724
  7 3.444494 4.493662 18.212244 0.660376 0.743978 0.101986 0.720379 0.272791 3 7 0.485574 5 0.282827 6 0.231599
headcrabsheet
  1 6.440215 1.145471 11.741997 0.869313 0.429883 0.243914 0.819117 0.400322 3 1 0.782576 5 0.117283 0 0.100141
  14 6.826943 -0.658585 13.866167 0.977023 0.037798 0.209755 0.854351 0.338133 3 14 0.532597 5 0.355022 0 0.112381
  1 6.889247 -0.107776 11.585885 0.993075 0.070941 0.093640 0.847566 0.388442 3 1 0.920052 5 0.044570 0 0.035378
headcrabsheet
  1 6.440215 1.145471 11.741997 0.869313 0.429883 0.243914 0.819117 0.400322 3 1 0.782576 5 0.117283 0 0.100141
  5 5.775438 1.103264 14.280481 0.866987 0.466570 0.175057 0.816890 0.342318 3 5 0.445801 14 0.349135 4 0.205064
  14 6.826943 -0.658585 13.866167 0.977023 0.037798 0.209755 0.854351 0.338133 3 14 0.532597 5 0.355022 0 0.112381
headcrabsheet
  15 5.521643 -0.260189 17.722521 0.994518 0.018325 0.102942 0.836334 0.265628 3 15 0.535672 14 0.392708 5 0.071620
  14 6.826943 -0.658585 13.866167 0.977023 0.037798 0.209755 0.854351 0.338133 3 14 0.532597 5 0.355022 0 0.112381
  5 5.775438 1.103264 14.280481 0.866987 0.466570 0.175057 0.816890 0.342318 3 5 0.445801 14 0.349135 4 0.205064
headcrabsheet
  15 5.521643 -0.260189 17.722521 0.994518 0.018325 0.102942 0.836334 0.265628 3 15 0.535672 14 0.392708 5 0.071620
  5 5.775438 1.103264 14.280481 0.866987 0.466570 0.175057 0.816890 0.342318 3 5 0.445801 14 0.349135 4 0.205064
  14 5.456254 1.137240 17.130243 0.984841 0.167930 0.043447 0.803592 0.281405 3 14 0.513033 15 0.307749 5 0.179218
headcrabsheet
  7 2.620937 0.815282 23.301971 0.887452 0.096854 0.450608 0.721147 0.137368 1 7 1.000000
  7 2.958735 0.019666 23.840233 -0.221439 0.361768 0.905587 0.749208 0.114562 1 7 1.000000
  7 2.715178 0.603708 22.448668 0.506102 0.301200 0.808170 0.737556 0.142726 1 7 1.000000
headcrabsheet
  7 2.715178 0.603708 22.448668 0.506102 0.301200 0.808170 0.737556 0.142726 1 7 1.000000
  7 2.822216 2.369956 23.024803 0.592097 0.229674 0.772445 0.715166 0.169349 1 7 1.000000
  7 2.620937 0.815282 23.301971 0.887452 0.096854 0.450608 0.721147 0.137368 1 7 1.000000
headcrabsheet
  7 3.774592 0.720296 22.720028 0.552747 0.163855 0.817081 0.754554 0.156223 2 7 0.988601 14 0.011399
  7 2.822216 2.369956 23.024803 0.592097 0.229674 0.772445 0.715166 0.169349 1 7 1.000000
  7 2.715178 0.603708 22.448668 0.506102 0.301200 0.808170 0.737556 0.142726 1 7 1.000000
headcrabsheet
  7 2.822216 2.369956 23.024803 0.592097 0.229674 0.772445 0.715166 0.169349 1 7 1.000000
  7 3.774592 0.720296 22.720028 0.552747 0.163855 0.817081 0.754554 0.156223 2 7 0.988601 14 0.011399
  7 3.870689 2.160570 22.495049 0.757840 0.303157 0.577732 0.738343 0.180658 2 7 0.999291 5 0.000709
headcrabsheet
  7 4.266984 2.110021 21.447918 0.790421 0.466113 0.397459 0.752038 0.197913 3 7 0.888996 14 0.093682 5 0.017322
  7 3.870689 2.160570 22.495049 0.757840 0.303157 0.577732 0.738343 0.180658 2 7 0.999291 5 0.000709
  7 3.774592 0.720296 22.720028 0.552747 0.163855 0.817081 0.754554 0.156223 2 7 0.988601 14 0.011399
headcrabsheet
  7 3.353000 3.395404 20.729254 0.740618 0.623069 0.251536 0.725934 0.219861 3 7 0.762417 14 0.196435 5 0.041148
  7 3.870689 2.160570 22.495049 0.757840 0.303157 0.577732 0.738343 0.180658 2 7 0.999291 5 0.000709
  7 4.266984 2.110021 21.447918 0.790421 0.466113 0.397459 0.752038 0.197913 3 7 0.888996 14 0.093682 5 0.017322
headcrabsheet
  7 4.841004 2.645096 19.716652 0.782619 0.558717 0.274485 0.759791 0.236133 3 7 0.497073 14 0.432745 5 0.070182
  7 3.353000 3.395404 20.729254 0.740618 0.623069 0.251536 0.725934 0.219861 3 7 0.762417 14 0.196435 5 0.041148
  7 4.266984 2.110021 21.447918 0.790421 0.466113 0.397459 0.752038 0.197913 3 7 0.888996 14 0.093682 5 0.017322
headcrabsheet
  7 3.353000 3.395404 20.729254 0.740618 0.623069 0.251536 0.725934 0.219861 3 7 0.762417 14 0.196435 5 0.041148
  7 4.841004 2.645096 19.716652 0.782619 0.558717 0.274485 0.759791 0.236133 3 7 0.497073 14 0.432745 5 0.070182
  14 5.071506 3.356188 16.718870 0.844805 0.534408 -0.026685 0.760372 0.297733 3 14 0.472300 5 0.281976 7 0.245724
headcrabsheet
  14 5.071506 3.356188 16.718870 0.844805 0.534408 -0.026685 0.760372 0.297733 3 14 0.472300 5 0.281976 7 0.245724
  7 4.841004 2.645096 19.716652 0.782619 0.558717 0.274485 0.759791 0.236133 3 7 0.497073 14 0.432745 5 0.070182
  15 5.284642 1.156338 20.043262 0.929494 0.306826 0.204691 0.789428 0.217492 3 15 0.596326 14 0.272620 7 0.131054
headcrabsheet
  14 5.071506 3.356188 16.718870 0.844805 0.534408 -0.026685 0.760372 0.297733 3 14 0.472300 5 0.281976 7 0.245724
  15 5.284642 1.156338 20.043262 0.929494 0.306826 0.204691 0.789428 0.217492 3 15 0.596326 14 0.272620 7 0.131054
  14 5.456254 1.137240 17.130243 0.984841 0.167930 0.043447 0.803592 0.281405 3 14 0.513033 15 0.307749 5 0.179218
headcrabsheet
  15 5.520587 -0.346553 19.194155 0.765702 0.495710 -0.409844 0.827844 0.213142 3 15 0.795550 14 0.190477 6 0.013973
  14 5.456254 1.137240 17.130243 0.984841 0.167930 0.043447 0.803592 0.281405 3 14 0.513033 15 0.307749 5 0.179218
  15 5.284642 1.156338 20.043262 0.929494 0.306826 0.204691 0.789428 0.217492 3 15 0.596326 14 0.272620 7 0.131054
headcrabsheet
  15 5.520587 -0.346553 19.194155 0.765702 0.495710 -0.409844 0.827844 0.213142 3 15 0.795550 14 0.190477 6 0.013973
  15 5.521643 -0.260189 17.722521 0.994518 0.018325 0.102942 0.836334 0.265628 3 15 0.535672 14 0.392708 5 0.071620
  14 5.456254 1.137240 17.130243 0.984841 0.167930 0.043447 0.803592 0.281405 3 14 0.513033 15 0.307749 5 0.179218
headcrabsheet
  15 5.445210 -1.359303 17.467611 0.898895 -0.397001 0.185410 0.862497 0.262755 3 15 0.551315 14 0.405131 5 0.043554
  15 5.521643 -0.260189 17.722521 0.994518 0.018325 0.102942 0.836334 0.265628 3 15 0.535672 14 0.392708 5 0.071620
  15 5.520587 -0.346553 19.194155 0.765702 0.495710 -0.409844 0.827844 0.213142 3 15 0.795550 14 0.190477 6 0.013973
headcrabsheet
  14 6.826943 -0.658585 13.866167 0.977023 0.037798 0.209755 0.854351 0.338133 3 14 0.532597 5 0.355022 0 0.112381
  15 5.521643 -0.260189 17.722521 0.994518 0.018325 0.102942 0.836334 0.265628 3 15 0.535672 14 0.392708 5 0.071620
  15 5.445210 -1.359303 17.467611 0.898895 -0.397001 0.185410 0.862497 0.262755 3 15 0.551315 14 0.405131 5 0.043554
headcrabsheet
  14 6.826943 -0.658585 13.866167 0.977023 0.037798 0.209755 0.854351 0.338133 3 14 0.532597 5 0.355022 0 0.112381
  15 5.445210 -1.359303 17.467611 0.898895 -0.397001 0.185410 0.862497 0.262755 3 15 0.551315 14 0.405131 5 0.043554
  14 6.445769 -1.726624 13.736853 0.719751 -0.685007 0.112800 0.880830 0.333395 3 14 0.543229 5 0.291674 0 0.165096
headcrabsheet
  14 6.826943 -0.658585 13.866167 0.977023 0.037798 0.209755 0.854351 0.338133 3 14 0.532597 5 0.355022 0 0.112381
  14 6.445769 -1.726624 13.736853 0.719751 -0.685007 0.112800 0.880830 0.333395 3 14 0.543229 5 0.291674 0 0.165096
  1 6.776459 -1.485275 11.743313 0.864752 -0.501345 -0.029263 0.881693 0.366795 3 1 0.853693 5 0.073388 0 0.072919
headcrabsheet
  14 5.029703 -2.335952 13.668722 0.597651 -0.801137 -0.031510 0.917683 0.330594 3 14 0.452753 0 0.285864 5 0.261383
  1 6.776459 -1.485275 11.743313 0.864752 -0.501345 -0.029263 0.881693 0.366795 3 1 0.853693 5 0.073388 0 0.072919
  14 6.445769 -1.726624 13.736853 0.719751 -0.685007 0.112800 0.880830 0.333395 3 14 0.543229 5 0.291674 0 0.165096
headcrabsheet
  14 4.885273 -2.164436 17.124090 0.870553 -0.491902 -0.013001 0.888658 0.260044 3 14 0.496180 15 0.330363 6 0.173457
  14 5.029703 -2.335952 13.668722 0.597651 -0.801137 -0.031510 0.917683 0.330594 3 14 0.452753 0 0.285864 5 0.261383
  14 6.445769 -1.726624 13.736853 0.719751 -0.685007 0.112800 0.880830 0.333395 3 14 0.543229 5 0.291674 0 0.165096
headcrabsheet
  15 5.284642 1.156338 20.043262 0.929494 0.306826 0.204691 0.789428 0.217492 3 15 0.596326 14 0.272620 7 0.131054
  7 4.841004 2.645096 19.716652 0.782619 0.558717 0.274485 0.759791 0.236133 3 7 0.497073 14 0.432745 5 0.070182
  7 4.266984 2.110021 21.447918 0.790421 0.466113 0.397459 0.752038 0.197913 3 7 0.888996 14 0.093682 5 0.017322
headcrabsheet
  15 5.284642 1.156338 20.043262 0.929494 0.306826 0.204691 0.789428 0.217492 3 15 0.596326 14 0.272620 7 0.131054
  7 4.266984 2.110021 21.447918 0.790421 0.466113 0.397459 0.752038 0.197913 3 7 0.888996 14 0.093682 5 0.017322
  15 4.894398 1.005075 21.337240 0.829953 0.178880 0.528375 0.770598 0.182264 3 15 0.553569 7 0.383093 14 0.063338
headcrabsheet
  7 4.266984 2.110021 21.447918 0.790421 0.466113 0.397459 0.752038 0.197913 3 7 0.888996 14 0.093682 5 0.017322
  7 3.774592 0.720296 22.720028 0.552747 0.163855 0.817081 0.754554 0.156223 2 7 0.988601 14 0.011399
  15 4.894398 1.005075 21.337240 0.829953 0.178880 0.528375 0.770598 0.182264 3 15 0.553569 7 0.383093 14 0.063338
headcrabsheet
  14 4.885273 -2.164436 17.124090 0.870553 -0.491902 -0.013001 0.888658 0.260044 3 14 0.496180 15 0.330363 6 0.173457
  14 6.445769 -1.726624 13.736853 0.719751 -0.685007 0.112800 0.880830 0.333395 3 14 0.543229 5 0.291674 0 0.165096
  15 5.445210 -1.359303 17.467611 0.898895 -0.397001 0.185410 0.862497 0.262755 3 15 0.551315 14 0.405131 5 0.043554
headcrabsheet
  15 5.395894 -1.283491 18.440350 0.723423 0.348732 -0.595857 0.848401 0.225128 3 15 0.730541 14 0.264943 6 0.004515
  14 4.885273 -2.164436 17.124090 0.870553 -0.491902 -0.013001 0.888658 0.260044 3 14 0.496180 15 0.330363 6 0.173457
  15 5.445210 -1.359303 17.467611 0.898895 -0.397001 0.185410 0.862497 0.262755 3 15 0.551315 14 0.405131 5 0.043554
headcrabsheet
  15 5.445210 -1.359303 17.467611 0.898895 -0.397001 0.185410 0.862497 0.262755 3 15 0.551315 14 0.405131 5 0.043554
  15 5.520587 -0.346553 19.194155 0.765702 0.495710 -0.409844 0.827844 0.213142 3 15 0.795550 14 0.190477 6 0.013973
  15 5.395894 -1.283491 18.440350 0.723423 0.348732 -0.595857 0.848401 0.225128 3 15 0.730541 14 0.264943 6 0.004515
headcrabsheet
  15 5.314259 -2.044339 17.866386 0.633268 -0.134551 -0.762146 0.868980 0.225009 3 15 0.686778 14 0.307378 6 0.005844
  14 4.885273 -2.164436 17.124090 0.870553 -0.491902 -0.013001 0.888658 0.260044 3 14 0.496180 15 0.330363 6 0.173457
  15 5.395894 -1.283491 18.440350 0.723423 0.348732 -0.595857 0.848401 0.225128 3 15 0.730541 14 0.264943 6 0.004515
headcrabsheet
  15 5.790644 0.282238 20.167833 0.655257 0.727997 0.201642 0.803956 0.195347 3 15 0.826342 14 0.157477 7 0.016181
  15 5.520587 -0.346553 19.194155 0.765702 0.495710 -0.409844 0.827844 0.213142 3 15 0.795550 14 0.190477 6 0.013973
  15 5.284642 1.156338 20.043262 0.929494 0.306826 0.204691 0.789428 0.217492 3 15 0.596326 14 0.272620 7 0.131054
headcrabsheet
  15 5.305301 -0.785049 21.135860 0.140784 0.082070 0.986633 0.793777 0.169638 3 15 0.867843 14 0.111604 7 0.020553
  15 5.790644 0.282238 20.167833 0.655257 0.727997 0.201642 0.803956 0.195347 3 15 0.826342 14 0.157477 7 0.016181
  15 5.284642 1.156338 20.043262 0.929494 0.306826 0.204691 0.789428 0.217492 3 15 0.596326 14 0.272620 7 0.131054
headcrabsheet
  15 5.305301 -0.785049 21.135860 0.140784 0.082070 0.986633 0.793777 0.169638 3 15 0.867843 14 0.111604 7 0.020553
  15 5.284642 1.156338 20.043262 0.929494 0.306826 0.204691 0.789428 0.217492 3 15 0.596326 14 0.272620 7 0.131054
  15 4.894398 1.005075 21.337240 0.829953 0.178880 0.528375 0.770598 0.182264 3 15 0.553569 7 0.383093 14 0.063338
headcrabsheet
  15 4.894398 1.005075 21.337240 0.829953 0.178880 0.528375 0.770598 0.182264 3 15 0.553569 7 0.383093 14 0.063338
  15 4.491578 -0.858148 21.016506 0.411144 -0.253872 0.875505 0.804783 0.144827 3 15 0.768634 7 0.169771 14 0.061595
  15 5.305301 -0.785049 21.135860 0.140784 0.082070 0.986633 0.793777 0.169638 3 15 0.867843 14 0.111604 7 0.020553
headcrabsheet
  15 4.894398 1.005075 21.337240 0.829953 0.178880 0.528375 0.770598 0.182264 3 15 0.553569 7 0.383093 14 0.063338
  7 3.774592 0.720296 22.720028 0.552747 0.163855 0.817081 0.754554 0.156223 2 7 0.988601 14 0.011399
  15 4.491578 -0.858148 21.016506 0.411144 -0.253872 0.875505 0.804783 0.144827 3 15 0.768634 7 0.169771 14 0.061595
headcrabsheet
  15 4.491578 -0.858148 21.016506 0.411144 -0.253872 0.875505 0.804783 0.144827 3 15 0.768634 7 0.169771 14 0.061595
  7 3.774592 0.720296 22.720028 0.552747 0.163855 0.817081 0.754554 0.156223 2 7 0.988601 14 0.011399
  7 3.562621 -0.133245 23.547886 0.651562 0.211070 0.728640 0.764986 0.125924 2 7 0.985251 14 0.014749
headcrabsheet
  7 2.715178 0.603708 22.448668 0.506102 0.301200 0.808170 0.737556 0.142726 1 7 1.000000
  7 3.562621 -0.133245 23.547886 0.651562 0.211070 0.728640 0.764986 0.125924 2 7 0.985251 14 0.014749
  7 3.774592 0.720296 22.720028 0.552747 0.163855 0.817081 0.754554 0.156223 2 7 0.988601 14 0.011399
headcrabsheet
  7 3.562621 -0.133245 23.547886 0.651562 0.211070 0.728640 0.764986 0.125924 2 7 0.985251 14 0.014749
  7 2.715178 0.603708 22.448668 0.506102 0.301200 0.808170 0.737556 0.142726 1 7 1.000000
  7 2.958735 0.019666 23.840233 -0.221439 0.361768 0.905587 0.749208 0.114562 1 7 1.000000
headcrabsheet
  14 5.029703 -2.335952 13.668722 0.597651 -0.801137 -0.031510 0.917683 0.330594 3 14 0.452753 0 0.285864 5 0.261383
  14 4.885273 -2.164436 17.124090 0.870553 -0.491902 -0.013001 0.888658 0.260044 3 14 0.496180 15 0.330363 6 0.173457
  6 4.513885 -3.648185 15.966269 0.922515 -0.382541 -0.051263 0.929119 0.274266 1 6 1.000000
headcrabsheet
  6 4.513885 -3.648185 15.966269 0.922515 -0.382541 -0.051263 0.929119 0.274266 1 6 1.000000
  14 4.885273 -2.164436 17.124090 0.870553 -0.491902 -0.013001 0.888658 0.260044 3 14 0.496180 15 0.330363 6 0.173457
  6 4.490376 -3.479360 16.971523 0.936544 -0.314914 0.153996 0.918559 0.255116 1 6 1.000000
headcrabsheet
  6 4.490376 -3.479360 16.971523 0.936544 -0.314914 0.153996 0.918559 0.255116 1 6 1.000000
  14 4.885273 -2.164436 17.124090 0.870553 -0.491902 -0.013001 0.888658 0.260044 3 14 0.496180 15 0.330363 6 0.173457
  14 4.562631 -2.944847 17.598536 0.859273 -0.495799 0.125832 0.901699 0.244476 3 14 0.602543 15 0.221393 6 0.176063
headcrabsheet
  15 5.314259 -2.044339 17.866386 0.633268 -0.134551 -0.762146 0.868980 0.225009 3 15 0.686778 14 0.307378 6 0.005844
  14 4.562631 -2.944847 17.598536 0.859273 -0.495799 0.125832 0.901699 0.244476 3 14 0.602543 15 0.221393 6 0.176063
  14 4.885273 -2.164436 17.124090 0.870553 -0.491902 -0.013001 0.888658 0.260044 3 14 0.496180 15 0.330363 6 0.173457
headcrabsheet
  15 5.314259 -2.044339 17.866386 0.633268 -0.134551 -0.762146 0.868980 0.225009 3 15 0.686778 14 0.307378 6 0.005844
  14 3.875108 -3.645891 18.130432 0.364087 -0.913168 -0.183205 0.919870 0.230357 3 14 0.890031 6 0.109438 5 0.000531
  14 4.562631 -2.944847 17.598536 0.859273 -0.495799 0.125832 0.901699 0.244476 3 14 0.602543 15 0.221393 6 0.176063
headcrabsheet
  15 4.491578 -0.858148 21.016506 0.411144 -0.253872 0.875505 0.804783 0.144827 3 15 0.768634 7 0.169771 14 0.061595
  15 3.808393 -2.092351 20.637934 0.527443 -0.701263 0.479618 0.829170 0.130591 3 15 0.937866 14 0.042856 7 0.019278
  15 4.743437 -1.675569 20.992695 -0.127173 -0.216633 0.967934 0.812680 0.149674 3 15 0.953682 14 0.034040 7 0.012278
headcrabsheet
  15 4.743437 -1.675569 20.992695 -0.127173 -0.216633 0.967934 0.812680 0.149674 3 15 0.953682 14 0.034040 7 0.012278
  15 5.305301 -0.785049 21.135860 0.140784 0.082070 0.986633 0.793777 0.169638 3 15 0.867843 14 0.111604 7 0.020553
  15 4.491578 -0.858148 21.016506 0.411144 -0.253872 0.875505 0.804783 0.144827 3 15 0.768634 7 0.169771 14 0.061595
headcrabsheet
  6 4.498073 -3.157765 14.908041 0.767794 -0.624582 -0.142793 0.929605 0.299106 3 6 0.562249 14 0.321434 0 0.116317
  14 5.029703 -2.335952 13.668722 0.597651 -0.801137 -0.031510 0.917683 0.330594 3 14 0.452753 0 0.285864 5 0.261383
  6 4.513885 -3.648185 15.966269 0.922515 -0.382541 -0.051263 0.929119 0.274266 1 6 1.000000
headcrabsheet
  14 4.630038 -3.041444 13.795297 0.804481 -0.519932 -0.287196 0.933268 0.322771 3 14 0.392748 0 0.368694 5 0.238558
  14 5.029703 -2.335952 13.668722 0.597651 -0.801137 -0.031510 0.917683 0.330594 3 14 0.452753 0 0.285864 5 0.261383
  6 4.498073 -3.157765 14.908041 0.767794 -0.624582 -0.142793 0.929605 0.299106 3 6 0.562249 14 0.321434 0 0.116317
headcrabsheet
  0 3.543062 -2.729037 11.966414 0.367632 -0.786931 -0.495566 0.953395 0.363660 3 0 0.711150 5 0.179292 4 0.109559
  14 5.029703 -2.335952 13.668722 0.597651 -0.801137 -0.031510 0.917683 0.330594 3 14 0.452753 0 0.285864 5 0.261383
  14 4.630038 -3.041444 13.795297 0.804481 -0.519932 -0.287196 0.933268 0.322771 3 14 0.392748 0 0.368694 5 0.238558
headcrabsheet
  14 4.630038 -3.041444 13.795297 0.804481 -0.519932 -0.287196 0.933268 0.322771 3 14 0.392748 0 0.368694 5 0.238558
  6 4.498073 -3.157765 14.908041 0.767794 -0.624582 -0.142793 0.929605 0.299106 3 6 0.562249 14 0.321434 0 0.116317
  6 4.453298 -3.764306 14.688194 0.730166 -0.670869 0.129584 0.943900 0.304548 3 6 0.577777 14 0.276867 0 0.145356
headcrabsheet
  6 1.347622 5.599898 16.310215 0.291364 0.954128 -0.068899 0.676392 0.313950 3 6 0.432632 7 0.305728 5 0.261640
  7 3.444494 4.493662 18.212244 0.660376 0.743978 0.101986 0.720379 0.272791 3 7 0.485574 5 0.282827 6 0.231599
  5 4.503141 3.455502 14.044518 0.769072 0.639146 0.004484 0.759184 0.353202 3 5 0.378494 4 0.331267 6 0.290238
headcrabsheet
  7 3.444494 4.493662 18.212244 0.660376 0.743978 0.101986 0.720379 0.272791 3 7 0.485574 5 0.282827 6 0.231599
  6 1.347622 5.599898 16.310215 0.291364 0.954128 -0.068899 0.676392 0.313950 3 6 0.432632 7 0.305728 5 0.261640
  7 2.253809 5.535669 19.136532 0.517296 0.853444 0.063542 0.690934 0.260378 3 7 0.677810 5 0.167052 6 0.155139
headcrabsheet
  7 2.253809 5.535669 19.136532 0.517296 0.853444 0.063542 0.690934 0.260378 3 7 0.677810 5 0.167052 6 0.155139
  7 3.353000 3.395404 20.729254 0.740618 0.623069 0.251536 0.725934 0.219861 3 7 0.762417 14 0.196435 5 0.041148
  7 3.444494 4.493662 18.212244 0.660376 0.743978 0.101986 0.720379 0.272791 3 7 0.485574 5 0.282827 6 0.231599
headcrabsheet
  7 2.253809 5.535669 19.136532 0.517296 0.853444 0.063542 0.690934 0.260378 3 7 0.677810 5 0.167052 6 0.155139
  7 2.180401 5.349626 20.440500 0.597324 0.779656 0.187991 0.688634 0.237991 3 7 0.905854 5 0.052666 6 0.041480
  7 3.353000 3.395404 20.729254 0.740618 0.623069 0.251536 0.725934 0.219861 3 7 0.762417 14 0.196435 5 0.041148
headcrabsheet
  7 2.495630 4.206002 22.114244 0.676970 0.592952 0.436026 0.697294 0.202921 3 7 0.978397 14 0.019271 5 0.002332
  7 3.353000 3.395404 20.729254 0.740618 0.623069 0.251536 0.725934 0.219861 3 7 0.762417 14 0.196435 5 0.041148
  7 2.180401 5.349626 20.440500 0.597324 0.779656 0.187991 0.688634 0.237991 3 7 0.905854 5 0.052666 6 0.041480
headcrabsheet
  7 2.495630 4.206002 22.114244 0.676970 0.592952 0.436026 0.697294 0.202921 3 7 0.978397 14 0.019271 5 0.002332
  7 2.180401 5.349626 20.440500 0.597324 0.779656 0.187991 0.688634 0.237991 3 7 0.905854 5 0.052666 6 0.041480
  7 1.178596 5.512210 21.691790 0.238694 0.868629 0.434176 0.670176 0.219952 3 7 0.971959 6 0.017187 5 0.010854
headcrabsheet
  7 1.178596 5.512210 21.691790 0.238694 0.868629 0.434176 0.670176 0.219952 3 7 0.971959 6 0.017187 5 0.010854
  7 2.024569 3.982339 22.793268 0.463374 0.551777 0.693417 0.688862 0.190314 2 7 0.999378 5 0.000622
  7 2.495630 4.206002 22.114244 0.676970 0.592952 0.436026 0.697294 0.202921 3 7 0.978397 14 0.019271 5 0.002332
headcrabsheet
  7 1.178596 5.512210 21.691790 0.238694 0.868629 0.434176 0.670176 0.219952 3 7 0.971959 6 0.017187 5 0.010854
  7 1.067667 3.927801 23.162926 0.317818 0.571339 0.756679 0.672017 0.182704 2 7 0.999621 5 0.000379
  7 2.024569 3.982339 22.793268 0.463374 0.551777 0.693417 0.688862 0.190314 2 7 0.999378 5 0.000622
headcrabsheet
  7 2.024569 3.982339 22.793268 0.463374 0.551777 0.693417 0.688862 0.190314 2 7 0.999378 5 0.000622
  7 1.067667 3.927801 23.162926 0.317818 0.571339 0.756679 0.672017 0.182704 2 7 0.999621 5 0.000379
  7 1.506905 2.466493 23.900253 -0.093756 0.300120 0.949283 0.685975 0.153216 1 7 1.000000
headcrabsheet
  7 1.067667 3.927801 23.162926 0.317818 0.571339 0.756679 0.672017 0.182704 2 7 0.999621 5 0.000379
  7 1.593863 1.074900 24.306871 0.240965 0.121085 0.962951 0.692873 0.124884 1 7 1.000000
  7 1.506905 2.466493 23.900253 -0.093756 0.300120 0.949283 0.685975 0.153216 1 7 1.000000
headcrabsheet
  7 2.183285 0.953103 23.810993 0.706060 0.172001 0.686946 0.708394 0.132360 1 7 1.000000
  7 1.506905 2.466493 23.900253 -0.093756 0.300120 0.949283 0.685975 0.153216 1 7 1.000000
  7 1.593863 1.074900 24.306871 0.240965 0.121085 0.962951 0.692873 0.124884 1 7 1.000000
headcrabsheet
  7 2.183285 0.953103 23.810993 0.706060 0.172001 0.686946 0.708394 0.132360 1 7 1.000000
  7 1.593863 1.074900 24.306871 0.240965 0.121085 0.962951 0.692873 0.124884 1 7 1.000000
  7 2.558544 -0.603276 24.029833 0.526684 -0.194707 0.827462 0.726264 0.105722 1 7 1.000000
headcrabsheet
  7 2.183285 0.953103 23.810993 0.706060 0.172001 0.686946 0.708394 0.132360 1 7 1.000000
  7 2.558544 -0.603276 24.029833 0.526684 -0.194707 0.827462 0.726264 0.105722 1 7 1.000000
  7 2.862284 -0.680175 23.156590 0.994677 0.090978 -0.048377 0.741710 0.111544 1 7 1.000000
headcrabsheet
  7 2.862284 -0.680175 23.156590 0.994677 0.090978 -0.048377 0.741710 0.111544 1 7 1.000000
  7 2.558544 -0.603276 24.029833 0.526684 -0.194707 0.827462 0.726264 0.105722 1 7 1.000000
  7 2.321381 -1.560117 23.537939 0.513446 -0.577713 0.634524 0.738845 0.084736 1 7 1.000000
headcrabsheet
  7 2.862284 -0.680175 23.156590 0.994677 0.090978 -0.048377 0.741710 0.111544 1 7 1.000000
  7 2.321381 -1.560117 23.537939 0.513446 -0.577713 0.634524 0.738845 0.084736 1 7 1.000000
  7 2.614397 -1.496011 22.756720 0.844186 -0.535369 -0.027010 0.755229 0.090575 1 7 1.000000
headcrabsheet
  7 2.373756 -1.487065 21.828541 0.762147 -0.615067 -0.202051 0.776835 0.089993 1 7 1.000000
  7 2.862284 -0.680175 23.156590 0.994677 0.090978 -0.048377 0.741710 0.111544 1 7 1.000000
  7 2.614397 -1.496011 22.756720 0.844186 -0.535369 -0.027010 0.755229 0.090575 1 7 1.000000
headcrabsheet
  7 2.862284 -0.680175 23.156590 0.994677 0.090978 -0.048377 0.741710 0.111544 1 7 1.000000
  7 2.373756 -1.487065 21.828541 0.762147 -0.615067 -0.202051 0.776835 0.089993 1 7 1.000000
  7 2.958735 0.019666 23.840233 -0.221439 0.361768 0.905587 0.749208 0.114562 1 7 1.000000
headcrabsheet
  7 2.958735 0.019666 23.840233 -0.221439 0.361768 0.905587 0.749208 0.114562 1 7 1.000000
  7 2.620937 0.815282 23.301971 0.887452 0.096854 0.450608 0.721147 0.137368 1 7 1.000000
  7 2.862284 -0.680175 23.156590 0.994677 0.090978 -0.048377 0.741710 0.111544 1 7 1.000000
headcrabsheet
  7 3.353000 3.395404 20.729254 0.740618 0.623069 0.251536 0.725934 0.219861 3 7 0.762417 14 0.196435 5 0.041148
  7 2.495630 4.206002 22.114244 0.676970 0.592952 0.436026 0.697294 0.202921 3 7 0.978397 14 0.019271 5 0.002332
  7 3.870689 2.160570 22.495049 0.757840 0.303157 0.577732 0.738343 0.180658 2 7 0.999291 5 0.000709
headcrabsheet
  7 2.822216 2.369956 23.024803 0.592097 0.229674 0.772445 0.715166 0.169349 1 7 1.000000
  7 3.870689 2.160570 22.495049 0.757840 0.303157 0.577732 0.738343 0.180658 2 7 0.999291 5 0.000709
  7 2.495630 4.206002 22.114244 0.676970 0.592952 0.436026 0.697294 0.202921 3 7 0.978397 14 0.019271 5 0.002332
headcrabsheet
  7 2.024569 3.982339 22.793268 0.463374 0.551777 0.693417 0.688862 0.190314 2 7 0.999378 5 0.000622
  7 2.822216 2.369956 23.024803 0.592097 0.229674 0.772445 0.715166 0.169349 1 7 1.000000
  7 2.495630 4.206002 22.114244 0.676970 0.592952 0.436026 0.697294 0.202921 3 7 0.978397 14 0.019271 5 0.002332
headcrabsheet
  7 2.024569 3.982339 22.793268 0.463374 0.551777 0.693417 0.688862 0.190314 2 7 0.999378 5 0.000622
  7 2.206837 2.589250 23.517591 0.535941 0.314893 0.783332 0.698739 0.162802 1 7 1.000000
  7 2.822216 2.369956 23.024803 0.592097 0.229674 0.772445 0.715166 0.169349 1 7 1.000000
headcrabsheet
  7 2.024569 3.982339 22.793268 0.463374 0.551777 0.693417 0.688862 0.190314 2 7 0.999378 5 0.000622
  7 1.506905 2.466493 23.900253 -0.093756 0.300120 0.949283 0.685975 0.153216 1 7 1.000000
  7 2.206837 2.589250 23.517591 0.535941 0.314893 0.783332 0.698739 0.162802 1 7 1.000000
headcrabsheet
  7 2.183285 0.953103 23.810993 0.706060 0.172001 0.686946 0.708394 0.132360 1 7 1.000000
  7 2.206837 2.589250 23.517591 0.535941 0.314893 0.783332 0.698739 0.162802 1 7 1.000000
  7 1.506905 2.466493 23.900253 -0.093756 0.300120 0.949283 0.685975 0.153216 1 7 1.000000
headcrabsheet
  7 2.822216 2.369956 23.024803 0.592097 0.229674 0.772445 0.715166 0.169349 1 7 1.000000
  7 2.206837 2.589250 23.517591 0.535941 0.314893 0.783332 0.698739 0.162802 1 7 1.000000
  7 2.183285 0.953103 23.810993 0.706060 0.172001 0.686946 0.708394 0.132360 1 7 1.000000
headcrabsheet
  7 2.822216 2.369956 23.024803 0.592097 0.229674 0.772445 0.715166 0.169349 1 7 1.000000
  7 2.183285 0.953103 23.810993 0.706060 0.172001 0.686946 0.708394 0.132360 1 7 1.000000
  7 2.620937 0.815282 23.301971 0.887452 0.096854 0.450608 0.721147 0.137368 1 7 1.000000
headcrabsheet
  7 2.183285 0.953103 23.810993 0.706060 0.172001 0.686946 0.708394 0.132360 1 7 1.000000
  7 2.862284 -0.680175 23.156590 0.994677 0.090978 -0.048377 0.741710 0.111544 1 7 1.000000
  7 2.620937 0.815282 23.301971 0.887452 0.096854 0.450608 0.721147 0.137368 1 7 1.000000
headcrabsheet
  7 2.558544 -0.603276 24.029833 0.526684 -0.194707 0.827462 0.726264 0.105722 1 7 1.000000
  7 1.593863 1.074900 24.306871 0.240965 0.121085 0.962951 0.692873 0.124884 1 7 1.000000
  7 1.338316 1.000810 24.275780 0.330859 -0.062876 0.941583 0.687014 0.121103 1 7 1.000000
headcrabsheet
  7 1.025969 2.766551 23.887781 0.464214 0.400936 0.789782 0.673798 0.156585 1 7 1.000000
  7 1.338316 1.000810 24.275780 0.330859 -0.062876 0.941583 0.687014 0.121103 1 7 1.000000
  7 1.593863 1.074900 24.306871 0.240965 0.121085 0.962951 0.692873 0.124884 1 7 1.000000
headcrabsheet
  7 1.593863 1.074900 24.306871 0.240965 0.121085 0.962951 0.692873 0.124884 1 7 1.000000
  7 1.067667 3.927801 23.162926 0.317818 0.571339 0.756679 0.672017 0.182704 2 7 0.999621 5 0.000379
  7 1.025969 2.766551 23.887781 0.464214 0.400936 0.789782 0.673798 0.156585 1 7 1.000000
headcrabsheet
  7 0.561659 3.710638 23.589918 -0.073814 0.554407 0.828966 0.663566 0.173820 2 7 0.999144 5 0.000856
  7 1.025969 2.766551 23.887781 0.464214 0.400936 0.789782 0.673798 0.156585 1 7 1.000000
  7 1.067667 3.927801 23.162926 0.317818 0.571339 0.756679 0.672017 0.182704 2 7 0.999621 5 0.000379
headcrabsheet
  7 1.178596 5.512210 21.691790 0.238694 0.868629 0.434176 0.670176 0.219952 3 7 0.971959 6 0.017187 5 0.010854
  7 0.561659 3.710638 23.589918 -0.073814 0.554407 0.828966 0.663566 0.173820 2 7 0.999144 5 0.000856
  7 1.067667 3.927801 23.162926 0.317818 0.571339 0.756679 0.672017 0.182704 2 7 0.999621 5 0.000379
headcrabsheet
  7 0.561659 3.710638 23.589918 -0.073814 0.554407 0.828966 0.663566 0.173820 2 7 0.999144 5 0.000856
  7 0.465714 2.708786 24.065411 -0.105915 0.448286 0.887593 0.662581 0.153762 1 7 1.000000
  7 1.025969 2.766551 23.887781 0.464214 0.400936 0.789782 0.673798 0.156585 1 7 1.000000
headcrabsheet
  6 1.347622 5.599898 16.310215 0.291364 0.954128 -0.068899 0.676392 0.313950 3 6 0.432632 7 0.305728 5 0.261640
  7 0.000000 6.022762 19.660013 0.000000 0.997180 0.075052 0.653041 0.253123 3 7 0.700070 6 0.194750 5 0.105180
  7 2.253809 5.535669 19.136532 0.517296 0.853444 0.063542 0.690934 0.260378 3 7 0.677810 5 0.167052 6 0.155139
headcrabsheet
  7 2.253809 5.535669 19.136532 0.517296 0.853444 0.063542 0.690934 0.260378 3 7 0.677810 5 0.167052 6 0.155139
  7 0.000000 6.022762 19.660013 0.000000 0.997180 0.075052 0.653041 0.253123 3 7 0.700070 6 0.194750 5 0.105180
  7 2.180401 5.349626 20.440500 0.597324 0.779656 0.187991 0.688634 0.237991 3 7 0.905854 5 0.052666 6 0.041480
headcrabsheet
  7 2.180401 5.349626 20.440500 0.597324 0.779656 0.187991 0.688634 0.237991 3 7 0.905854 5 0.052666 6 0.041480
  7 0.000000 6.022762 19.660013 0.000000 0.997180 0.075052 0.653041 0.253123 3 7 0.700070 6 0.194750 5 0.105180
  7 1.178596 5.512210 21.691790 0.238694 0.868629 0.434176 0.670176 0.219952 3 7 0.971959 6 0.017187 5 0.010854
headcrabsheet
  7 1.178596 5.512210 21.691790 0.238694 0.868629 0.434176 0.670176 0.219952 3 7 0.971959 6 0.017187 5 0.010854
  7 0.000000 6.022762 19.660013 0.000000 0.997180 0.075052 0.653041 0.253123 3 7 0.700070 6 0.194750 5 0.105180
  7 0.000000 5.238476 22.065702 0.000000 0.817176 0.576388 0.653041 0.211742 3 7 0.971433 6 0.019326 5 0.009241
headcrabsheet
  7 1.178596 5.512210 21.691790 0.238694 0.868629 0.434176 0.670176 0.219952 3 7 0.971959 6 0.017187 5 0.010854
  7 0.000000 5.238476 22.065702 0.000000 0.817176 0.576388 0.653041 0.211742 3 7 0.971433 6 0.019326 5 0.009241
  7 0.561659 3.710638 23.589918 -0.073814 0.554407 0.828966 0.663566 0.173820 2 7 0.999144 5 0.000856
headcrabsheet
  7 0.000000 2.515412 23.906775 0.000000 0.506968 0.861965 0.653041 0.151806 2 7 0.999681 5 0.000319
  7 0.561659 3.710638 23.589918 -0.073814 0.554407 0.828966 0.663566 0.173820 2 7 0.999144 5 0.000856
  7 0.000000 5.238476 22.065702 0.000000 0.817176 0.576388 0.653041 0.211742 3 7 0.971433 6 0.019326 5 0.009241
headcrabsheet
  7 0.465714 2.708786 24.065411 -0.105915 0.448286 0.887593 0.662581 0.153762 1 7 1.000000
  7 0.561659 3.710638 23.589918 -0.073814 0.554407 0.828966 0.663566 0.173820 2 7 0.999144 5 0.000856
  7 0.000000 2.515412 23.906775 0.000000 0.506968 0.861965 0.653041 0.151806 2 7 0.999681 5 0.000319
headcrabsheet
  7 0.000000 2.515412 23.906775 0.000000 0.506968 0.861965 0.653041 0.151806 2 7 0.999681 5 0.000319
  7 0.229681 1.219088 24.824532 -0.201145 0.189653 0.961027 0.658741 0.121108 1 7 1.000000
  7 0.465714 2.708786 24.065411 -0.105915 0.448286 0.887593 0.662581 0.153762 1 7 1.000000
headcrabsheet
  7 1.025969 2.766551 23.887781 0.464214 0.400936 0.789782 0.673798 0.156585 1 7 1.000000
  7 0.465714 2.708786 24.065411 -0.105915 0.448286 0.887593 0.662581 0.153762 1 7 1.000000
  7 0.229681 1.219088 24.824532 -0.201145 0.189653 0.961027 0.658741 0.121108 1 7 1.000000
headcrabsheet
  7 1.025969 2.766551 23.887781 0.464214 0.400936 0.789782 0.673798 0.156585 1 7 1.000000
  7 0.229681 1.219088 24.824532 -0.201145 0.189653 0.961027 0.658741 0.121108 1 7 1.000000
  7 1.036966 1.162121 24.605448 0.530888 0.138921 0.835978 0.676367 0.121834 1 7 1.000000
headcrabsheet
  7 1.338316 1.000810 24.275780 0.330859 -0.062876 0.941583 0.687014 0.121103 1 7 1.000000
  7 1.025969 2.766551 23.887781 0.464214 0.400936 0.789782 0.673798 0.156585 1 7 1.000000
  7 1.036966 1.162121 24.605448 0.530888 0.138921 0.835978 0.676367 0.121834 1 7 1.000000
headcrabsheet
  7 1.036966 1.162121 24.605448 0.530888 0.138921 0.835978 0.676367 0.121834 1 7 1.000000
  7 1.467058 -0.954098 23.522791 0.469815 -0.532949 0.703732 0.706119 0.078844 1 7 1.000000
  7 1.338316 1.000810 24.275780 0.330859 -0.062876 0.941583 0.687014 0.121103 1 7 1.000000
headcrabsheet
  7 1.338316 1.000810 24.275780 0.330859 -0.062876 0.941583 0.687014 0.121103 1 7 1.000000
  7 1.467058 -0.954098 23.522791 0.469815 -0.532949 0.703732 0.706119 0.078844 1 7 1.000000
  7 1.759821 -0.805423 23.685942 -0.313275 -0.341914 0.885976 0.714239 0.087798 1 7 1.000000
headcrabsheet
  7 1.279762 -1.778874 22.849312 0.367199 -0.910107 0.192016 0.716768 0.056828 1 7 1.000000
  7 1.759821 -0.805423 23.685942 -0.313275 -0.341914 0.885976 0.714239 0.087798 1 7 1.000000
  7 1.467058 -0.954098 23.522791 0.469815 -0.532949 0.703732 0.706119 0.078844 1 7 1.000000
headcrabsheet
  7 1.841467 -1.633072 23.649723 -0.238357 -0.465347 0.852431 0.729286 0.076680 1 7 1.000000
  7 1.759821 -0.805423 23.685942 -0.313275 -0.341914 0.885976 0.714239 0.087798 1 7 1.000000
  7 1.279762 -1.778874 22.849312 0.367199 -0.910107 0.192016 0.716768 0.056828 1 7 1.000000
headcrabsheet
  7 1.759821 -0.805423 23.685942 -0.313275 -0.341914 0.885976 0.714239 0.087798 1 7 1.000000
  7 1.841467 -1.633072 23.649723 -0.238357 -0.465347 0.852431 0.729286 0.076680 1 7 1.000000
  7 2.321381 -1.560117 23.537939 0.513446 -0.577713 0.634524 0.738845 0.084736 1 7 1.000000
headcrabsheet
  7 1.759821 -0.805423 23.685942 -0.313275 -0.341914 0.885976 0.714239 0.087798 1 7 1.000000
  7 2.321381 -1.560117 23.537939 0.513446 -0.577713 0.634524 0.738845 0.084736 1 7 1.000000
  7 2.558544 -0.603276 24.029833 0.526684 -0.194707 0.827462 0.726264 0.105722 1 7 1.000000
headcrabsheet
  7 2.558544 -0.603276 24.029833 0.526684 -0.194707 0.827462 0.726264 0.105722 1 7 1.000000
  7 1.338316 1.000810 24.275780 0.330859 -0.062876 0.941583 0.687014 0.121103 1 7 1.000000
  7 1.759821 -0.805423 23.685942 -0.313275 -0.341914 0.885976 0.714239 0.087798 1 7 1.000000
headcrabsheet
  7 0.301039 -1.695194 24.409582 -0.540884 -0.246917 0.804038 0.662110 0.060247 1 7 1.000000
  7 0.000000 1.101290 24.664412 0.000000 0.090115 0.995931 0.653041 0.119176 1 7 1.000000
  7 0.000000 -1.028665 24.101166 -0.815898 -0.105445 0.568499 0.653041 0.073355 1 7 1.000000
headcrabsheet
  7 0.301039 -1.695194 24.409582 -0.540884 -0.246917 0.804038 0.662110 0.060247 1 7 1.000000
  7 0.000000 -1.028665 24.101166 -0.815898 -0.105445 0.568499 0.653041 0.073355 1 7 1.000000
  7 0.000000 -1.851210 24.150639 -0.540945 -0.495818 0.679370 0.653041 0.055964 1 7 1.000000
headcrabsheet
  7 0.188581 -2.560800 23.410738 -0.237205 -0.968530 0.075383 0.653041 0.032186 1 7 1.000000
  7 0.301039 -1.695194 24.409582 -0.540884 -0.246917 0.804038 0.662110 0.060247 1 7 1.000000
  7 0.000000 -1.851210 24.150639 -0.540945 -0.495818 0.679370 0.653041 0.055964 1 7 1.000000
headcrabsheet
  7 0.301039 -1.695194 24.409582 -0.540884 -0.246917 0.804038 0.662110 0.060247 1 7 1.000000
  7 0.188581 -2.560800 23.410738 -0.237205 -0.968530 0.075383 0.653041 0.032186 1 7 1.000000
  7 0.372568 -2.416994 24.024679 -0.390850 -0.860587 0.326536 0.663125 0.041598 1 7 1.000000
headcrabsheet
  7 0.372568 -2.416994 24.024679 -0.390850 -0.860587 0.326536 0.663125 0.041598 1 7 1.000000
  7 0.733374 -1.642416 24.658367 0.026221 -0.166939 0.985618 0.672647 0.062396 1 7 1.000000
  7 0.301039 -1.695194 24.409582 -0.540884 -0.246917 0.804038 0.662110 0.060247 1 7 1.000000
headcrabsheet
  7 0.372568 -2.416994 24.024679 -0.390850 -0.860587 0.326536 0.663125 0.041598 1 7 1.000000
  7 0.708487 -2.335674 24.429899 -0.069528 -0.678079 0.731693 0.674814 0.046813 1 7 1.000000
  7 0.733374 -1.642416 24.658367 0.026221 -0.166939 0.985618 0.672647 0.062396 1 7 1.000000
headcrabsheet
  7 0.708487 -2.335674 24.429899 -0.069528 -0.678079 0.731693 0.674814 0.046813 1 7 1.000000
  7 1.234924 -1.744173 24.225483 0.875367 -0.230610 0.424913 0.686578 0.060961 1 7 1.000000
  7 0.733374 -1.642416 24.658367 0.026221 -0.166939 0.985618 0.672647 0.062396 1 7 1.000000
headcrabsheet
  7 0.708487 -2.335674 24.429899 -0.069528 -0.678079 0.731693 0.674814 0.046813 1 7 1.000000
  7 1.040257 -2.412710 24.047550 0.510824 -0.833002 0.212525 0.687369 0.045142 1 7 1.000000
  7 1.234924 -1.744173 24.225483 0.875367 -0.230610 0.424913 0.686578 0.060961 1 7 1.000000
headcrabsheet
  7 1.040257 -2.412710 24.047550 0.510824 -0.833002 0.212525 0.687369 0.045142 1 7 1.000000
  7 1.279762 -1.778874 22.849312 0.367199 -0.910107 0.192016 0.716768 0.056828 1 7 1.000000
  7 1.234924 -1.744173 24.225483 0.875367 -0.230610 0.424913 0.686578 0.060961 1 7 1.000000
headcrabsheet
  7 1.279762 -1.778874 22.849312 0.367199 -0.910107 0.192016 0.716768 0.056828 1 7 1.000000
  7 1.327967 -0.727491 24.366472 0.801614 -0.007646 0.597793 0.686282 0.082807 1 7 1.000000
  7 1.234924 -1.744173 24.225483 0.875367 -0.230610 0.424913 0.686578 0.060961 1 7 1.000000
headcrabsheet
  7 1.327967 -0.727491 24.366472 0.801614 -0.007646 0.597793 0.686282 0.082807 1 7 1.000000
  7 1.279762 -1.778874 22.849312 0.367199 -0.910107 0.192016 0.716768 0.056828 1 7 1.000000
  7 1.467058 -0.954098 23.522791 0.469815 -0.532949 0.703732 0.706119 0.078844 1 7 1.000000
headcrabsheet
  7 1.467058 -0.954098 23.522791 0.469815 -0.532949 0.703732 0.706119 0.078844 1 7 1.000000
  7 1.036966 1.162121 24.605448 0.530888 0.138921 0.835978 0.676367 0.121834 1 7 1.000000
  7 1.327967 -0.727491 24.366472 0.801614 -0.007646 0.597793 0.686282 0.082807 1 7 1.000000
headcrabsheet
  7 1.036966 1.162121 24.605448 0.530888 0.138921 0.835978 0.676367 0.121834 1 7 1.000000
  7 0.710798 -0.581454 24.543749 0.138043 -0.054636 0.988918 0.671498 0.084430 1 7 1.000000
  7 1.327967 -0.727491 24.366472 0.801614 -0.007646 0.597793 0.686282 0.082807 1 7 1.000000
headcrabsheet
  7 1.036966 1.162121 24.605448 0.530888 0.138921 0.835978 0.676367 0.121834 1 7 1.000000
  7 0.229681 1.219088 24.824532 -0.201145 0.189653 0.961027 0.658741 0.121108 1 7 1.000000
  7 0.710798 -0.581454 24.543749 0.138043 -0.054636 0.988918 0.671498 0.084430 1 7 1.000000
headcrabsheet
  7 0.710798 -0.581454 24.543749 0.138043 -0.054636 0.988918 0.671498 0.084430 1 7 1.000000
  7 0.229681 1.219088 24.824532 -0.201145 0.189653 0.961027 0.658741 0.121108 1 7 1.000000
  7 0.301039 -1.695194 24.409582 -0.540884 -0.246917 0.804038 0.662110 0.060247 1 7 1.000000
headcrabsheet
  7 0.000000 1.101290 24.664412 0.000000 0.090115 0.995931 0.653041 0.119176 1 7 1.000000
  7 0.301039 -1.695194 24.409582 -0.540884 -0.246917 0.804038 0.662110 0.060247 1 7 1.000000
  7 0.229681 1.219088 24.824532 -0.201145 0.189653 0.961027 0.658741 0.121108 1 7 1.000000
headcrabsheet
  7 0.000000 2.515412 23.906775 0.000000 0.506968 0.861965 0.653041 0.151806 2 7 0.999681 5 0.000319
  7 0.000000 1.101290 24.664412 0.000000 0.090115 0.995931 0.653041 0.119176 1 7 1.000000
  7 0.229681 1.219088 24.824532 -0.201145 0.189653 0.961027 0.658741 0.121108 1 7 1.000000
headcrabsheet
  7 1.327967 -0.727491 24.366472 0.801614 -0.007646 0.597793 0.686282 0.082807 1 7 1.000000
  7 0.733374 -1.642416 24.658367 0.026221 -0.166939 0.985618 0.672647 0.062396 1 7 1.000000
  7 1.234924 -1.744173 24.225483 0.875367 -0.230610 0.424913 0.686578 0.060961 1 7 1.000000
headcrabsheet
  7 1.327967 -0.727491 24.366472 0.801614 -0.007646 0.597793 0.686282 0.082807 1 7 1.000000
  7 0.710798 -0.581454 24.543749 0.138043 -0.054636 0.988918 0.671498 0.084430 1 7 1.000000
  7 0.733374 -1.642416 24.658367 0.026221 -0.166939 0.985618 0.672647 0.062396 1 7 1.000000
headcrabsheet
  7 0.710798 -0.581454 24.543749 0.138043 -0.054636 0.988918 0.671498 0.084430 1 7 1.000000
  7 0.301039 -1.695194 24.409582 -0.540884 -0.246917 0.804038 0.662110 0.060247 1 7 1.000000
  7 0.733374 -1.642416 24.658367 0.026221 -0.166939 0.985618 0.672647 0.062396 1 7 1.000000
headcrabsheet
  18 -21.586636 -2.384345 18.353262 -0.438182 -0.101204 -0.893171 0.466543 0.508284 1 18 1.000000
  18 -21.109795 -2.240647 18.323259 0.378053 -0.579415 -0.722049 0.474753 0.505893 2 18 0.999802 10 0.000198
  18 -21.523001 -2.489410 18.410805 -0.022272 -0.816719 -0.576605 0.466039 0.506862 2 18 0.999684 10 0.000316
headcrabsheet
  18 -21.807167 -1.870530 19.235394 -0.331068 0.927514 -0.173526 0.438763 0.482401 2 18 0.983347 10 0.016653
  18 -21.575214 -2.260540 18.449366 -0.346257 0.732414 -0.586239 0.464031 0.504945 1 18 1.000000
  18 -22.158525 -2.091747 18.977186 -0.681826 0.576286 -0.450564 0.440412 0.492523 1 18 1.000000
headcrabsheet
  18 -21.807167 -1.870530 19.235394 -0.331068 0.927514 -0.173526 0.438763 0.482401 2 18 0.983347 10 0.016653
  18 -21.480057 -2.038713 18.993877 0.039014 0.909030 -0.414900 0.447664 0.482087 2 18 0.989985 10 0.010015
  18 -21.575214 -2.260540 18.449366 -0.346257 0.732414 -0.586239 0.464031 0.504945 1 18 1.000000
headcrabsheet
  18 -21.480057 -2.038713 18.993877 0.039014 0.909030 -0.414900 0.447664 0.482087 2 18 0.989985 10 0.010015
  18 -21.182648 -2.042511 18.633087 -0.216632 0.972387 -0.086797 0.465057 0.496692 2 18 0.999752 10 0.000248
  18 -21.575214 -2.260540 18.449366 -0.346257 0.732414 -0.586239 0.464031 0.504945 1 18 1.000000
headcrabsheet
  18 -21.480057 -2.038713 18.993877 0.039014 0.909030 -0.414900 0.447664 0.482087 2 18 0.989985 10 0.010015
  18 -20.941305 -2.155382 18.888727 0.654377 0.161154 -0.738797 0.454261 0.487989 2 18 0.985329 10 0.014671
  18 -21.182648 -2.042511 18.633087 -0.216632 0.972387 -0.086797 0.465057 0.496692 2 18 0.999752 10 0.000248
headcrabsheet
  18 -20.941305 -2.155382 18.888727 0.654377 0.161154 -0.738797 0.454261 0.487989 2 18 0.985329 10 0.014671
  18 -20.503857 -1.792672 18.645441 -0.121536 0.991930 0.036100 0.475219 0.491535 2 18 0.999802 10 0.000198
  18 -21.182648 -2.042511 18.633087 -0.216632 0.972387 -0.086797 0.465057 0.496692 2 18 0.999752 10 0.000248
headcrabsheet
  18 -19.972780 -1.855776 18.894972 0.915884 0.133458 0.378610 0.476800 0.482096 2 18 0.999752 10 0.000248
  18 -20.503857 -1.792672 18.645441 -0.121536 0.991930 0.036100 0.475219 0.491535 2 18 0.999802 10 0.000198
  18 -20.941305 -2.155382 18.888727 0.654377 0.161154 -0.738797 0.454261 0.487989 2 18 0.985329 10 0.014671
headcrabsheet
  18 -19.972780 -1.855776 18.894972 0.915884 0.133458 0.378610 0.476800 0.482096 2 18 0.999752 10 0.000248
  18 -20.454233 -1.881577 18.481625 0.378565 0.241406 -0.893539 0.480509 0.496264 1 18 1.000000
  18 -20.503857 -1.792672 18.645441 -0.121536 0.991930 0.036100 0.475219 0.491535 2 18 0.999802 10 0.000198
headcrabsheet
  18 -21.109795 -2.240647 18.323259 0.378053 -0.579415 -0.722049 0.474753 0.505893 2 18 0.999802 10 0.000198
  18 -20.454233 -1.881577 18.481625 0.378565 0.241406 -0.893539 0.480509 0.496264 1 18 1.000000
  18 -19.972780 -1.855776 18.894972 0.915884 0.133458 0.378610 0.476800 0.482096 2 18 0.999752 10 0.000248
headcrabsheet
  18 -20.454233 -1.881577 18.481625 0.378565 0.241406 -0.893539 0.480509 0.496264 1 18 1.000000
  18 -21.109795 -2.240647 18.323259 0.378053 -0.579415 -0.722049 0.474753 0.505893 2 18 0.999802 10 0.000198
  18 -21.154783 -2.172547 18.305422 -0.111094 0.448798 -0.886701 0.474490 0.506293 1 18 1.000000
headcrabsheet
  18 -21.586636 -2.384345 18.353262 -0.438182 -0.101204 -0.893171 0.466543 0.508284 1 18 1.000000
  18 -21.154783 -2.172547 18.305422 -0.111094 0.448798 -0.886701 0.474490 0.506293 1 18 1.000000
  18 -21.109795 -2.240647 18.323259 0.378053 -0.579415 -0.722049 0.474753 0.505893 2 18 0.999802 10 0.000198
headcrabsheet
  18 -21.154783 -2.172547 18.305422 -0.111094 0.448798 -0.886701 0.474490 0.506293 1 18 1.000000
  18 -21.586636 -2.384345 18.353262 -0.438182 -0.101204 -0.893171 0.466543 0.508284 1 18 1.000000
  18 -21.575214 -2.260540 18.449366 -0.346257 0.732414 -0.586239 0.464031 0.504945 1 18 1.000000
headcrabsheet
  18 -22.158525 -2.091747 18.977186 -0.681826 0.576286 -0.450564 0.440412 0.492523 1 18 1.000000
  18 -21.575214 -2.260540 18.449366 -0.346257 0.732414 -0.586239 0.464031 0.504945 1 18 1.000000
  18 -21.586636 -2.384345 18.353262 -0.438182 -0.101204 -0.893171 0.466543 0.508284 1 18 1.000000
headcrabsheet
  18 -22.256609 -2.364552 19.101143 -0.882391 -0.158351 -0.443070 0.435668 0.490931 1 18 1.000000
  18 -22.158525 -2.091747 18.977186 -0.681826 0.576286 -0.450564 0.440412 0.492523 1 18 1.000000
  18 -21.586636 -2.384345 18.353262 -0.438182 -0.101204 -0.893171 0.466543 0.508284 1 18 1.000000
headcrabsheet
  18 -22.256609 -2.364552 19.101143 -0.882391 -0.158351 -0.443070 0.435668 0.490931 1 18 1.000000
  18 -21.586636 -2.384345 18.353262 -0.438182 -0.101204 -0.893171 0.466543 0.508284 1 18 1.000000
  18 -21.523001 -2.489410 18.410805 -0.022272 -0.816719 -0.576605 0.466039 0.506862 2 18 0.999684 10 0.000316
headcrabsheet
  18 -21.523001 -2.489410 18.410805 -0.022272 -0.816719 -0.576605 0.466039 0.506862 2 18 0.999684 10 0.000316
  18 -21.971567 -2.632131 18.899269 -0.389858 -0.808490 -0.440856 0.445797 0.496349 2 18 0.999605 10 0.000395
  18 -22.256609 -2.364552 19.101143 -0.882391 -0.158351 -0.443070 0.435668 0.490931 1 18 1.000000
headcrabsheet
  18 -21.971567 -2.632131 18.899269 -0.389858 -0.808490 -0.440856 0.445797 0.496349 2 18 0.999605 10 0.000395
  18 -21.523001 -2.489410 18.410805 -0.022272 -0.816719 -0.576605 0.466039 0.506862 2 18 0.999684 10 0.000316
  18 -21.244255 -2.523163 19.029917 0.270513 -0.933533 -0.235241 0.452801 0.487052 2 18 0.985424 10 0.014576
headcrabsheet
  18 -21.244255 -2.523163 19.029917 0.270513 -0.933533 -0.235241 0.452801 0.487052 2 18 0.985424 10 0.014576
  18 -21.523001 -2.489410 18.410805 -0.022272 -0.816719 -0.576605 0.466039 0.506862 2 18 0.999684 10 0.000316
  18 -21.109795 -2.240647 18.323259 0.378053 -0.579415 -0.722049 0.474753 0.505893 2 18 0.999802 10 0.000198
headcrabsheet
  18 -21.244255 -2.523163 19.029917 0.270513 -0.933533 -0.235241 0.452801 0.487052 2 18 0.985424 10 0.014576
  18 -21.109795 -2.240647 18.323259 0.378053 -0.579415 -0.722049 0.474753 0.505893 2 18 0.999802 10 0.000198
  18 -20.941305 -2.155382 18.888727 0.654377 0.161154 -0.738797 0.454261 0.487989 2 18 0.985329 10 0.014671
headcrabsheet
  18 -21.109795 -2.240647 18.323259 0.378053 -0.579415 -0.722049 0.474753 0.505893 2 18 0.999802 10 0.000198
  18 -19.972780 -1.855776 18.894972 0.915884 0.133458 0.378610 0.476800 0.482096 2 18 0.999752 10 0.000248
  18 -20.941305 -2.155382 18.888727 0.654377 0.161154 -0.738797 0.454261 0.487989 2 18 0.985329 10 0.014671
headcrabsheet
  18 -20.454233 -1.881577 18.481625 0.378565 0.241406 -0.893539 0.480509 0.496264 1 18 1.000000
  18 -21.154783 -2.172547 18.305422 -0.111094 0.448798 -0.886701 0.474490 0.506293 1 18 1.000000
  18 -21.575214 -2.260540 18.449366 -0.346257 0.732414 -0.586239 0.464031 0.504945 1 18 1.000000
headcrabsheet
  18 -21.575214 -2.260540 18.449366 -0.346257 0.732414 -0.586239 0.464031 0.504945 1 18 1.000000
  18 -20.503857 -1.792672 18.645441 -0.121536 0.991930 0.036100 0.475219 0.491535 2 18 0.999802 10 0.000198
  18 -20.454233 -1.881577 18.481625 0.378565 0.241406 -0.893539 0.480509 0.496264 1 18 1.000000
headcrabsheet
  18 -20.503857 -1.792672 18.645441 -0.121536 0.991930 0.036100 0.475219 0.491535 2 18 0.999802 10 0.000198
  18 -21.575214 -2.260540 18.449366 -0.346257 0.732414 -0.586239 0.464031 0.504945 1 18 1.000000
  18 -21.182648 -2.042511 18.633087 -0.216632 0.972387 -0.086797 0.465057 0.496692 2 18 0.999752 10 0.000248
headcrabsheet
  10 -16.634369 -2.277364 19.169468 -0.109409 -0.499580 -0.859331 0.369856 0.649837 2 10 0.705870 18 0.294130
  10 -13.451051 -2.016866 18.654879 -0.139857 -0.399690 -0.905918 0.383000 0.619256 3 10 0.651167 9 0.325883 18 0.022950
  10 -13.564274 -2.611712 19.242384 -0.035364 -0.898291 -0.437975 0.398655 0.622454 3 10 0.652195 9 0.316324 18 0.031481
headcrabsheet
  10 -13.564274 -2.611712 19.242384 -0.035364 -0.898291 -0.437975 0.431732 0.753052 3 10 0.652195 9 0.316324 18 0.031481
  10 -16.262930 -2.701956 20.009113 -0.019807 -0.995487 0.092810 0.402195 0.733613 2 10 0.746278 18 0.253722
  10 -16.634369 -2.277364 19.169468 -0.109409 -0.499580 -0.859331 0.394972 0.740510 2 10 0.705870 18 0.294130
headcrabsheet
  10 -13.564274 -2.611712 19.242384 -0.035364 -0.898291 -0.437975 0.431732 0.753052 3 10 0.652195 9 0.316324 18 0.031481
  9 -13.451667 -2.652479 19.647078 0.060906 -0.936639 0.344960 0.442527 0.744492 3 9 0.496632 10 0.484251 18 0.019117
  10 -16.262930 -2.701956 20.009113 -0.019807 -0.995487 0.092810 0.402195 0.733613 2 10 0.746278 18 0.253722
headcrabsheet
  18 -19.312328 -1.037268 19.527679 -0.179417 0.868691 -0.461721 0.140722 0.498359 2 18 0.752177 10 0.247823
  10 -17.228275 -0.662891 19.739231 -0.098932 0.981432 -0.164324 0.135105 0.542138 2 10 0.773085 18 0.226915
  10 -16.354406 -1.253305 19.229696 -0.213090 0.174983 -0.961235 0.150734 0.559727 2 10 0.815847 18 0.184153
headcrabsheet
  10 -17.228275 -0.662891 19.739231 -0.098932 0.981432 -0.164324 0.135105 0.542138 2 10 0.773085 18 0.226915
  18 -19.312328 -1.037268 19.527679 -0.179417 0.868691 -0.461721 0.140722 0.498359 2 18 0.752177 10 0.247823
  18 -19.495602 -1.469538 20.679649 -0.243284 0.567457 0.786642 0.115610 0.492133 2 18 0.741744 10 0.258256
headcrabsheet
  18 -19.146378 -2.254743 19.430508 0.077094 -0.680715 -0.728480 0.071505 0.483800 2 18 0.838643 10 0.161357
  10 -16.634369 -2.277364 19.169468 -0.109409 -0.499580 -0.859331 0.055189 0.539242 2 10 0.705870 18 0.294130
  10 -16.262930 -2.701956 20.009113 -0.019807 -0.995487 0.092810 0.060770 0.557383 2 10 0.746278 18 0.253722
headcrabsheet
  18 -19.146378 -2.254743 19.430508 0.077094 -0.680715 -0.728480 0.071505 0.483800 2 18 0.838643 10 0.161357
  10 -16.262930 -2.701956 20.009113 -0.019807 -0.995487 0.092810 0.060770 0.557383 2 10 0.746278 18 0.253722
  18 -19.014048 -2.517180 20.138550 -0.024094 -0.974434 0.223378 0.085509 0.492352 2 18 0.790998 10 0.209002
headcrabsheet
  18 -19.014048 -2.517180 20.138550 -0.024094 -0.974434 0.223378 0.085509 0.492352 2 18 0.790998 10 0.209002
  10 -16.262930 -2.701956 20.009113 -0.019807 -0.995487 0.092810 0.060770 0.557383 2 10 0.746278 18 0.253722
  10 -15.714260 -2.104298 20.935829 0.126690 -0.458229 0.879759 0.089422 0.565598 2 10 0.760566 18 0.239434
headcrabsheet
  18 -19.014048 -2.517180 20.138550 -0.024094 -0.974434 0.223378 0.085509 0.492352 2 18 0.790998 10 0.209002
  10 -15.714260 -2.104298 20.935829 0.126690 -0.458229 0.879759 0.089422 0.565598 2 10 0.760566 18 0.239434
  18 -19.317345 -1.956168 20.732611 -0.118465 -0.350630 0.928991 0.104362 0.492246 2 18 0.822752 10 0.177248
headcrabsheet
  18 -19.317345 -1.956168 20.732611 -0.118465 -0.350630 0.928991 0.104362 0.492246 2 18 0.822752 10 0.177248
  10 -15.714260 -2.104298 20.935829 0.126690 -0.458229 0.879759 0.089422 0.565598 2 10 0.760566 18 0.239434
  10 -15.876248 -1.302319 20.930178 0.083800 0.496890 0.863758 0.102180 0.564940 2 10 0.827655 18 0.172345
headcrabsheet
  18 -19.317345 -1.956168 20.732611 -0.118465 -0.350630 0.928991 0.104362 0.492246 2 18 0.822752 10 0.177248
  10 -15.876248 -1.302319 20.930178 0.083800 0.496890 0.863758 0.102180 0.564940 2 10 0.827655 18 0.172345
  18 -19.495602 -1.469538 20.679649 -0.243284 0.567457 0.786642 0.115610 0.492133 2 18 0.741744 10 0.258256
headcrabsheet
  18 -19.495602 -1.469538 20.679649 -0.243284 0.567457 0.786642 0.115610 0.492133 2 18 0.741744 10 0.258256
  10 -15.876248 -1.302319 20.930178 0.083800 0.496890 0.863758 0.102180 0.564940 2 10 0.827655 18 0.172345
  10 -16.866533 -0.931532 20.290228 -0.026286 0.870412 0.491621 0.121637 0.546896 2 10 0.779467 18 0.220533
headcrabsheet
  10 -17.228275 -0.662891 19.739231 -0.098932 0.981432 -0.164324 0.135105 0.542138 2 10 0.773085 18 0.226915
  18 -19.495602 -1.469538 20.679649 -0.243284 0.567457 0.786642 0.115610 0.492133 2 18 0.741744 10 0.258256
  10 -16.866533 -0.931532 20.290228 -0.026286 0.870412 0.491621 0.121637 0.546896 2 10 0.779467 18 0.220533
headcrabsheet
  10 -16.866533 -0.931532 20.290228 -0.026286 0.870412 0.491621 0.121637 0.546896 2 10 0.779467 18 0.220533
  10 -15.106634 -0.473902 18.923355 -0.065577 0.816217 -0.574011 0.136887 0.565796 2 10 0.956727 18 0.043273
  10 -17.228275 -0.662891 19.739231 -0.098932 0.981432 -0.164324 0.135105 0.542138 2 10 0.773085 18 0.226915
headcrabsheet
  10 -16.354406 -1.253305 19.229696 -0.213090 0.174983 -0.961235 0.150734 0.559727 2 10 0.815847 18 0.184153
  10 -17.228275 -0.662891 19.739231 -0.098932 0.981432 -0.164324 0.135105 0.542138 2 10 0.773085 18 0.226915
  10 -15.106634 -0.473902 18.923355 -0.065577 0.816217 -0.574011 0.136887 0.565796 2 10 0.956727 18 0.043273
headcrabsheet
  10 -15.106634 -0.473902 18.923355 -0.065577 0.816217 -0.574011 0.136887 0.565796 2 10 0.956727 18 0.043273
  10 -13.687448 -1.496697 18.657591 -0.092654 0.101857 -0.990475 0.155695 0.595084 3 10 0.715676 9 0.270026 18 0.014298
  10 -16.354406 -1.253305 19.229696 -0.213090 0.174983 -0.961235 0.150734 0.559727 2 10 0.815847 18 0.184153
headcrabsheet
  10 -16.354406 -1.253305 19.229696 -0.213090 0.174983 -0.961235 0.150734 0.559727 2 10 0.815847 18 0.184153
  10 -13.687448 -1.496697 18.657591 -0.092654 0.101857 -0.990475 0.155695 0.595084 3 10 0.715676 9 0.270026 18 0.014298
  10 -13.451051 -2.016866 18.654879 -0.139857 -0.399690 -0.905918 0.164942 0.596519 3 10 0.651167 9 0.325883 18 0.022950
headcrabsheet
  10 -16.354406 -1.253305 19.229696 -0.213090 0.174983 -0.961235 0.150734 0.559727 2 10 0.815847 18 0.184153
  10 -13.451051 -2.016866 18.654879 -0.139857 -0.399690 -0.905918 0.164942 0.596519 3 10 0.651167 9 0.325883 18 0.022950
  10 -16.634369 -2.277364 19.169468 -0.109409 -0.499580 -0.859331 0.172935 0.555795 2 10 0.705870 18 0.294130
headcrabsheet
  18 -19.312328 -1.037268 19.527679 -0.179417 0.868691 -0.461721 0.140722 0.498359 2 18 0.752177 10 0.247823
  10 -16.354406 -1.253305 19.229696 -0.213090 0.174983 -0.961235 0.150734 0.559727 2 10 0.815847 18 0.184153
  10 -16.634369 -2.277364 19.169468 -0.109409 -0.499580 -0.859331 0.172935 0.555795 2 10 0.705870 18 0.294130
headcrabsheet
  18 -19.312328 -1.037268 19.527679 -0.179417 0.868691 -0.461721 0.140722 0.498359 2 18 0.752177 10 0.247823
  10 -16.634369 -2.277364 19.169468 -0.109409 -0.499580 -0.859331 0.172935 0.555795 2 10 0.705870 18 0.294130
  18 -19.236221 -1.838238 19.313274 0.057681 0.061996 -0.996408 0.158210 0.497413 2 18 0.845725 10 0.154275
headcrabsheet
  18 -21.807167 -1.870530 19.235394 -0.331068 0.927514 -0.173526 0.143852 0.442407 2 18 0.983347 10 0.016653
  18 -19.312328 -1.037268 19.527679 -0.179417 0.868691 -0.461721 0.140722 0.498359 2 18 0.752177 10 0.247823
  18 -19.236221 -1.838238 19.313274 0.057681 0.061996 -0.996408 0.158210 0.497413 2 18 0.845725 10 0.154275
headcrabsheet
  18 -21.807167 -1.870530 19.235394 -0.331068 0.927514 -0.173526 0.143852 0.442407 2 18 0.983347 10 0.016653
  18 -19.236221 -1.838238 19.313274 0.057681 0.061996 -0.996408 0.158210 0.497413 2 18 0.845725 10 0.154275
  18 -21.480057 -2.038713 18.993877 0.039014 0.909030 -0.414900 0.148734 0.452132 2 18 0.989985 10 0.010015
headcrabsheet
  18 -19.236221 -1.838238 19.313274 0.057681 0.061996 -0.996408 0.158210 0.497413 2 18 0.845725 10 0.154275
  18 -20.941305 -2.155382 18.888727 0.654377 0.161154 -0.738797 0.158589 0.452733 2 18 0.985329 10 0.014671
  18 -21.480057 -2.038713 18.993877 0.039014 0.909030 -0.414900 0.148734 0.452132 2 18 0.989985 10 0.010015
headcrabsheet
  18 -20.941305 -2.155382 18.888727 0.654377 0.161154 -0.738797 0.158589 0.452733 2 18 0.985329 10 0.014671
  18 -19.236221 -1.838238 19.313274 0.057681 0.061996 -0.996408 0.158210 0.497413 2 18 0.845725 10 0.154275
  18 -19.146378 -2.254743 19.430508 0.077094 -0.680715 -0.728480 0.167787 0.498034 2 18 0.838643 10 0.161357
headcrabsheet
  10 -16.634369 -2.277364 19.169468 -0.109409 -0.499580 -0.859331 0.172935 0.555795 2 10 0.705870 18 0.294130
  18 -19.146378 -2.254743 19.430508 0.077094 -0.680715 -0.728480 0.167787 0.498034 2 18 0.838643 10 0.161357
  18 -19.236221 -1.838238 19.313274 0.057681 0.061996 -0.996408 0.158210 0.497413 2 18 0.845725 10 0.154275
headcrabsheet
  10 -15.876248 -1.302319 20.930178 0.083800 0.496890 0.863758 0.102180 0.564940 2 10 0.827655 18 0.172345
  10 -15.360016 -0.740109 19.750360 0.062073 0.924677 0.375659 0.119232 0.563873 2 10 0.959763 18 0.040237
  10 -16.866533 -0.931532 20.290228 -0.026286 0.870412 0.491621 0.121637 0.546896 2 10 0.779467 18 0.220533
headcrabsheet
  10 -16.866533 -0.931532 20.290228 -0.026286 0.870412 0.491621 0.121637 0.546896 2 10 0.779467 18 0.220533
  10 -15.360016 -0.740109 19.750360 0.062073 0.924677 0.375659 0.119232 0.563873 2 10 0.959763 18 0.040237
  10 -15.106634 -0.473902 18.923355 -0.065577 0.816217 -0.574011 0.136887 0.565796 2 10 0.956727 18 0.043273
headcrabsheet
  10 -15.106634 -0.473902 18.923355 -0.065577 0.816217 -0.574011 0.136887 0.565796 2 10 0.956727 18 0.043273
  10 -13.585232 -0.802183 19.125595 0.176851 0.924742 -0.337009 0.135067 0.598369 3 10 0.758503 9 0.240314 18 0.001183
  10 -13.687448 -1.496697 18.657591 -0.092654 0.101857 -0.990475 0.155695 0.595084 3 10 0.715676 9 0.270026 18 0.014298
headcrabsheet
  10 -15.360016 -0.740109 19.750360 0.062073 0.924677 0.375659 0.119232 0.563873 2 10 0.959763 18 0.040237
  10 -13.585232 -0.802183 19.125595 0.176851 0.924742 -0.337009 0.135067 0.598369 3 10 0.758503 9 0.240314 18 0.001183
  10 -15.106634 -0.473902 18.923355 -0.065577 0.816217 -0.574011 0.136887 0.565796 2 10 0.956727 18 0.043273
headcrabsheet
  10 -15.360016 -0.740109 19.750360 0.062073 0.924677 0.375659 0.119232 0.563873 2 10 0.959763 18 0.040237
  10 -13.505588 -0.842781 19.529036 0.102120 0.945313 0.309766 0.123351 0.603804 3 10 0.724617 9 0.274417 18 0.000966
  10 -13.585232 -0.802183 19.125595 0.176851 0.924742 -0.337009 0.135067 0.598369 3 10 0.758503 9 0.240314 18 0.001183
headcrabsheet
  10 -15.876248 -1.302319 20.930178 0.083800 0.496890 0.863758 0.102180 0.564940 2 10 0.827655 18 0.172345
  10 -13.505588 -0.842781 19.529036 0.102120 0.945313 0.309766 0.123351 0.603804 3 10 0.724617 9 0.274417 18 0.000966
  10 -15.360016 -0.740109 19.750360 0.062073 0.924677 0.375659 0.119232 0.563873 2 10 0.959763 18 0.040237
headcrabsheet
  10 -15.876248 -1.302319 20.930178 0.083800 0.496890 0.863758 0.102180 0.564940 2 10 0.827655 18 0.172345
  10 -13.431208 -1.252175 20.175146 0.180892 0.609866 0.771584 0.103225 0.608427 3 10 0.649549 9 0.337661 18 0.012790
  10 -13.505588 -0.842781 19.529036 0.102120 0.945313 0.309766 0.123351 0.603804 3 10 0.724617 9 0.274417 18 0.000966
headcrabsheet
  10 -15.714260 -2.104298 20.935829 0.126690 -0.458229 0.879759 0.089422 0.565598 2 10 0.760566 18 0.239434
  10 -13.431208 -1.252175 20.175146 0.180892 0.609866 0.771584 0.103225 0.608427 3 10 0.649549 9 0.337661 18 0.012790
  10 -15.876248 -1.302319 20.930178 0.083800 0.496890 0.863758 0.102180 0.564940 2 10 0.827655 18 0.172345
headcrabsheet
  10 -15.714260 -2.104298 20.935829 0.126690 -0.458229 0.879759 0.089422 0.565598 2 10 0.760566 18 0.239434
  9 -13.215066 -1.945997 20.401493 0.177114 -0.274617 0.945101 0.080294 0.609324 3 9 0.575409 10 0.412974 18 0.011617
  10 -13.431208 -1.252175 20.175146 0.180892 0.609866 0.771584 0.103225 0.608427 3 10 0.649549 9 0.337661 18 0.012790
headcrabsheet
  9 -13.215066 -1.945997 20.401493 0.177114 -0.274617 0.945101 0.080294 0.609324 3 9 0.575409 10 0.412974 18 0.011617
  10 -15.714260 -2.104298 20.935829 0.126690 -0.458229 0.879759 0.089422 0.565598 2 10 0.760566 18 0.239434
  10 -16.262930 -2.701956 20.009113 -0.019807 -0.995487 0.092810 0.060770 0.557383 2 10 0.746278 18 0.253722
headcrabsheet
  9 -13.215066 -1.945997 20.401493 0.177114 -0.274617 0.945101 0.080294 0.609324 3 9 0.575409 10 0.412974 18 0.011617
  10 -16.262930 -2.701956 20.009113 -0.019807 -0.995487 0.092810 0.060770 0.557383 2 10 0.746278 18 0.253722
  9 -13.451667 -2.652479 19.647078 0.060906 -0.936639 0.344960 0.058281 0.598719 3 9 0.496632 10 0.484251 18 0.019117
headcrabsheet
  18 -19.146378 -2.254743 19.430508 0.077094 -0.680715 -0.728480 0.071505 0.483800 2 18 0.838643 10 0.161357
  18 -21.244255 -2.523163 19.029917 0.270513 -0.933533 -0.235241 0.088947 0.440733 2 18 0.985424 10 0.014576
  18 -20.941305 -2.155382 18.888727 0.654377 0.161154 -0.738797 0.082893 0.438675 2 18 0.985329 10 0.014671
headcrabsheet
  18 -21.244255 -2.523163 19.029917 0.270513 -0.933533 -0.235241 0.088947 0.440733 2 18 0.985424 10 0.014576
  18 -19.146378 -2.254743 19.430508 0.077094 -0.680715 -0.728480 0.071505 0.483800 2 18 0.838643 10 0.161357
  18 -19.014048 -2.517180 20.138550 -0.024094 -0.974434 0.223378 0.085509 0.492352 2 18 0.790998 10 0.209002
headcrabsheet
  18 -21.244255 -2.523163 19.029917 0.270513 -0.933533 -0.235241 0.088947 0.440733 2 18 0.985424 10 0.014576
  18 -19.014048 -2.517180 20.138550 -0.024094 -0.974434 0.223378 0.085509 0.492352 2 18 0.790998 10 0.209002
  18 -21.750528 -2.616484 19.812618 0.026672 -0.965645 0.258493 0.109013 0.437492 2 18 0.965010 10 0.034990
headcrabsheet
  18 -21.750528 -2.616484 19.812618 0.026672 -0.965645 0.258493 0.109013 0.437492 2 18 0.965010 10 0.034990
  18 -19.014048 -2.517180 20.138550 -0.024094 -0.974434 0.223378 0.085509 0.492352 2 18 0.790998 10 0.209002
  18 -19.317345 -1.956168 20.732611 -0.118465 -0.350630 0.928991 0.104362 0.492246 2 18 0.822752 10 0.177248
headcrabsheet
  18 -19.317345 -1.956168 20.732611 -0.118465 -0.350630 0.928991 0.104362 0.492246 2 18 0.822752 10 0.177248
  18 -22.058321 -2.509439 20.001762 -0.332707 -0.452805 0.827208 0.118457 0.433540 2 18 0.970158 10 0.029842
  18 -21.750528 -2.616484 19.812618 0.026672 -0.965645 0.258493 0.109013 0.437492 2 18 0.965010 10 0.034990
headcrabsheet
  18 -22.058321 -2.509439 20.001762 -0.332707 -0.452805 0.827208 0.118457 0.433540 2 18 0.970158 10 0.029842
  18 -19.317345 -1.956168 20.732611 -0.118465 -0.350630 0.928991 0.104362 0.492246 2 18 0.822752 10 0.177248
  18 -19.495602 -1.469538 20.679649 -0.243284 0.567457 0.786642 0.115610 0.492133 2 18 0.741744 10 0.258256
headcrabsheet
  18 -19.495602 -1.469538 20.679649 -0.243284 0.567457 0.786642 0.115610 0.492133 2 18 0.741744 10 0.258256
  18 -21.540941 -1.846456 19.913052 -0.411651 0.762869 0.498573 0.130320 0.449475 2 18 0.963488 10 0.036512
  18 -22.058321 -2.509439 20.001762 -0.332707 -0.452805 0.827208 0.118457 0.433540 2 18 0.970158 10 0.029842
headcrabsheet
  18 -19.312328 -1.037268 19.527679 -0.179417 0.868691 -0.461721 0.140722 0.498359 2 18 0.752177 10 0.247823
  18 -21.540941 -1.846456 19.913052 -0.411651 0.762869 0.498573 0.130320 0.449475 2 18 0.963488 10 0.036512
  18 -19.495602 -1.469538 20.679649 -0.243284 0.567457 0.786642 0.115610 0.492133 2 18 0.741744 10 0.258256
headcrabsheet
  18 -19.312328 -1.037268 19.527679 -0.179417 0.868691 -0.461721 0.140722 0.498359 2 18 0.752177 10 0.247823
  18 -21.807167 -1.870530 19.235394 -0.331068 0.927514 -0.173526 0.143852 0.442407 2 18 0.983347 10 0.016653
  18 -21.540941 -1.846456 19.913052 -0.411651 0.762869 0.498573 0.130320 0.449475 2 18 0.963488 10 0.036512
headcrabsheet
  18 -21.540941 -1.846456 19.913052 -0.411651 0.762869 0.498573 0.130320 0.449475 2 18 0.963488 10 0.036512
  18 -21.807167 -1.870530 19.235394 -0.331068 0.927514 -0.173526 0.143852 0.442407 2 18 0.983347 10 0.016653
  18 -22.262619 -2.187361 19.197115 -0.869304 0.488640 -0.074436 0.140361 0.430114 1 18 1.000000
headcrabsheet
  18 -21.807167 -1.870530 19.235394 -0.331068 0.927514 -0.173526 0.143852 0.442407 2 18 0.983347 10 0.016653
  18 -22.158525 -2.091747 18.977186 -0.681826 0.576286 -0.450564 0.146094 0.431235 1 18 1.000000
  18 -22.262619 -2.187361 19.197115 -0.869304 0.488640 -0.074436 0.140361 0.430114 1 18 1.000000
headcrabsheet
  18 -22.256609 -2.364552 19.101143 -0.882391 -0.158351 -0.443070 0.141183 0.425781 1 18 1.000000
  18 -22.262619 -2.187361 19.197115 -0.869304 0.488640 -0.074436 0.140361 0.430114 1 18 1.000000
  18 -22.158525 -2.091747 18.977186 -0.681826 0.576286 -0.450564 0.146094 0.431235 1 18 1.000000
headcrabsheet
  18 -22.369926 -2.628114 19.636833 -0.794975 -0.579755 0.178603 0.127198 0.424432 2 18 0.998292 10 0.001708
  18 -22.262619 -2.187361 19.197115 -0.869304 0.488640 -0.074436 0.140361 0.430114 1 18 1.000000
  18 -22.256609 -2.364552 19.101143 -0.882391 -0.158351 -0.443070 0.141183 0.425781 1 18 1.000000
headcrabsheet
  18 -22.369926 -2.628114 19.636833 -0.794975 -0.579755 0.178603 0.127198 0.424432 2 18 0.998292 10 0.001708
  18 -22.182787 -2.198112 19.931915 -0.629251 0.464082 0.623435 0.125868 0.435733 2 18 0.998836 10 0.001164
  18 -22.262619 -2.187361 19.197115 -0.869304 0.488640 -0.074436 0.140361 0.430114 1 18 1.000000
headcrabsheet
  18 -22.369926 -2.628114 19.636833 -0.794975 -0.579755 0.178603 0.127198 0.424432 2 18 0.998292 10 0.001708
  18 -22.058321 -2.509439 20.001762 -0.332707 -0.452805 0.827208 0.118457 0.433540 2 18 0.970158 10 0.029842
  18 -22.182787 -2.198112 19.931915 -0.629251 0.464082 0.623435 0.125868 0.435733 2 18 0.998836 10 0.001164
headcrabsheet
  18 -21.540941 -1.846456 19.913052 -0.411651 0.762869 0.498573 0.130320 0.449475 2 18 0.963488 10 0.036512
  18 -22.182787 -2.198112 19.931915 -0.629251 0.464082 0.623435 0.125868 0.435733 2 18 0.998836 10 0.001164
  18 -22.058321 -2.509439 20.001762 -0.332707 -0.452805 0.827208 0.118457 0.433540 2 18 0.970158 10 0.029842
headcrabsheet
  18 -21.540941 -1.846456 19.913052 -0.411651 0.762869 0.498573 0.130320 0.449475 2 18 0.963488 10 0.036512
  18 -22.262619 -2.187361 19.197115 -0.869304 0.488640 -0.074436 0.140361 0.430114 1 18 1.000000
  18 -22.182787 -2.198112 19.931915 -0.629251 0.464082 0.623435 0.125868 0.435733 2 18 0.998836 10 0.001164
headcrabsheet
  18 -21.971567 -2.632131 18.899269 -0.389858 -0.808490 -0.440856 0.093845 0.424223 2 18 0.999605 10 0.000395
  18 -21.244255 -2.523163 19.029917 0.270513 -0.933533 -0.235241 0.088947 0.440733 2 18 0.985424 10 0.014576
  18 -21.750528 -2.616484 19.812618 0.026672 -0.965645 0.258493 0.109013 0.437492 2 18 0.965010 10 0.034990
headcrabsheet
  18 -22.369926 -2.628114 19.636833 -0.794975 -0.579755 0.178603 0.112188 0.423789 2 18 0.998292 10 0.001708
  18 -21.750528 -2.616484 19.812618 0.026672 -0.965645 0.258493 0.109013 0.437492 2 18 0.965010 10 0.034990
  18 -22.058321 -2.509439 20.001762 -0.332707 -0.452805 0.827208 0.118457 0.433540 2 18 0.970158 10 0.029842
headcrabsheet
  18 -21.971567 -2.632131 18.899269 -0.389858 -0.808490 -0.440856 0.093845 0.424223 2 18 0.999605 10 0.000395
  18 -21.750528 -2.616484 19.812618 0.026672 -0.965645 0.258493 0.109013 0.437492 2 18 0.965010 10 0.034990
  18 -22.369926 -2.628114 19.636833 -0.794975 -0.579755 0.178603 0.112188 0.423789 2 18 0.998292 10 0.001708
headcrabsheet
  18 -22.369926 -2.628114 19.636833 -0.794975 -0.579755 0.178603 0.112188 0.423789 2 18 0.998292 10 0.001708
  18 -22.256609 -2.364552 19.101143 -0.882391 -0.158351 -0.443070 0.100617 0.417453 1 18 1.000000
  18 -21.971567 -2.632131 18.899269 -0.389858 -0.808490 -0.440856 0.093845 0.424223 2 18 0.999605 10 0.000395
headcrabsheet
  9 -10.569490 -2.690289 19.928337 -0.015593 -0.990616 0.135783 0.318049 0.162288 3 9 0.948501 10 0.034939 8 0.016560
  9 -6.335817 -2.461822 20.749380 -0.124657 -0.517088 0.846806 0.246514 0.169092 3 9 0.889594 8 0.106926 10 0.003480
  9 -10.214974 -1.908982 20.841143 -0.024879 -0.472796 0.880820 0.312108 0.188100 3 9 0.933848 10 0.037919 8 0.028233
headcrabsheet
  9 -13.230122 -2.745897 19.968285 -0.418727 -0.819309 0.391664 0.373250 0.171517 3 9 0.781024 10 0.217534 8 0.001443
  9 -10.569490 -2.690289 19.928337 -0.015593 -0.990616 0.135783 0.318049 0.162288 3 9 0.948501 10 0.034939 8 0.016560
  9 -10.214974 -1.908982 20.841143 -0.024879 -0.472796 0.880820 0.312108 0.188100 3 9 0.933848 10 0.037919 8 0.028233
headcrabsheet
  9 -10.214974 -1.908982 20.841143 -0.024879 -0.472796 0.880820 0.312108 0.188100 3 9 0.933848 10 0.037919 8 0.028233
  9 -13.107737 -2.192112 20.798943 -0.535371 -0.550043 0.640961 0.371989 0.192294 3 9 0.846436 10 0.151933 8 0.001631
  9 -13.230122 -2.745897 19.968285 -0.418727 -0.819309 0.391664 0.373250 0.171517 3 9 0.781024 10 0.217534 8 0.001443
headcrabsheet
  9 -10.214974 -1.908982 20.841143 -0.024879 -0.472796 0.880820 0.312108 0.188100 3 9 0.933848 10 0.037919 8 0.028233
  9 -12.055921 -1.701927 20.865301 0.036663 0.148913 0.988170 0.350269 0.199336 3 9 0.937071 10 0.059647 8 0.003281
  9 -13.107737 -2.192112 20.798943 -0.535371 -0.550043 0.640961 0.371989 0.192294 3 9 0.846436 10 0.151933 8 0.001631
headcrabsheet
  9 -11.559793 -0.856745 20.388376 0.092111 0.387826 0.917119 0.339775 0.216316 3 9 0.953247 10 0.044893 8 0.001860
  9 -13.081874 -1.823142 21.053280 -0.442595 -0.155769 0.883089 0.371847 0.200290 2 9 0.840316 10 0.159684
  9 -12.055921 -1.701927 20.865301 0.036663 0.148913 0.988170 0.350269 0.199336 3 9 0.937071 10 0.059647 8 0.003281
headcrabsheet
  9 -10.116691 -1.408589 20.927355 -0.048598 0.273305 0.960699 0.309757 0.197312 3 9 0.955136 8 0.032923 10 0.011942
  9 -11.559793 -0.856745 20.388376 0.092111 0.387826 0.917119 0.339775 0.216316 3 9 0.953247 10 0.044893 8 0.001860
  9 -12.055921 -1.701927 20.865301 0.036663 0.148913 0.988170 0.350269 0.199336 3 9 0.937071 10 0.059647 8 0.003281
headcrabsheet
  9 -12.055921 -1.701927 20.865301 0.036663 0.148913 0.988170 0.350269 0.199336 3 9 0.937071 10 0.059647 8 0.003281
  9 -10.214974 -1.908982 20.841143 -0.024879 -0.472796 0.880820 0.312108 0.188100 3 9 0.933848 10 0.037919 8 0.028233
  9 -10.116691 -1.408589 20.927355 -0.048598 0.273305 0.960699 0.309757 0.197312 3 9 0.955136 8 0.032923 10 0.011942
headcrabsheet
  9 -5.305304 -0.785052 21.135862 -0.140784 0.082068 0.986633 0.249896 0.188918 3 9 0.832756 8 0.147672 7 0.019572
  9 -10.116691 -1.408589 20.927355 -0.048598 0.273305 0.960699 0.309757 0.197312 3 9 0.955136 8 0.032923 10 0.011942
  9 -10.214974 -1.908982 20.841143 -0.024879 -0.472796 0.880820 0.312108 0.188100 3 9 0.933848 10 0.037919 8 0.028233
headcrabsheet
  9 -10.214974 -1.908982 20.841143 -0.024879 -0.472796 0.880820 0.312108 0.188100 3 9 0.933848 10 0.037919 8 0.028233
  9 -6.335817 -2.461822 20.749380 -0.124657 -0.517088 0.846806 0.246514 0.169092 3 9 0.889594 8 0.106926 10 0.003480
  9 -5.305304 -0.785052 21.135862 -0.140784 0.082068 0.986633 0.249896 0.188918 3 9 0.832756 8 0.147672 7 0.019572
headcrabsheet
  9 -6.335817 -2.461822 20.749380 -0.124657 -0.517088 0.846806 0.246514 0.169092 3 9 0.889594 8 0.106926 10 0.003480
  9 -4.743440 -1.675573 20.992699 0.127173 -0.216636 0.967934 0.234805 0.207363 2 9 0.986619 7 0.013381
  9 -5.305304 -0.785052 21.135862 -0.140784 0.082068 0.986633 0.249896 0.188918 3 9 0.832756 8 0.147672 7 0.019572
headcrabsheet
  9 -6.335817 -2.461822 20.749380 -0.124657 -0.517088 0.846806 0.246514 0.169092 3 9 0.889594 8 0.106926 10 0.003480
  9 -4.373333 -2.869645 20.492336 0.388015 -0.262058 0.883612 0.206518 0.179987 3 9 0.996612 8 0.002436 7 0.000952
  9 -4.743440 -1.675573 20.992699 0.127173 -0.216636 0.967934 0.234805 0.207363 2 9 0.986619 7 0.013381
headcrabsheet
  9 -3.808396 -2.092354 20.637936 -0.527443 -0.701264 0.479617 0.214603 0.195500 2 9 0.976224 7 0.023776
  9 -4.743440 -1.675573 20.992699 0.127173 -0.216636 0.967934 0.234805 0.207363 2 9 0.986619 7 0.013381
  9 -4.373333 -2.869645 20.492336 0.388015 -0.262058 0.883612 0.206518 0.179987 3 9 0.996612 8 0.002436 7 0.000952
headcrabsheet
  9 -13.171110 -1.229529 20.745481 -0.853995 0.155467 0.496510 0.380902 0.210002 2 9 0.655746 10 0.344254
  10 -13.431208 -1.252175 20.175146 -0.885856 0.244547 0.394279 0.383794 0.196828 3 10 0.649549 9 0.337661 18 0.012790
  9 -13.215066 -1.945997 20.401493 -0.955958 -0.103803 0.274534 0.378673 0.184038 3 9 0.575409 10 0.412974 18 0.011617
headcrabsheet
  9 -13.215066 -1.945997 20.401493 -0.955958 -0.103803 0.274534 0.378673 0.184038 3 9 0.575409 10 0.412974 18 0.011617
  9 -13.081874 -1.823142 21.053280 -0.442595 -0.155769 0.883089 0.371847 0.200290 2 9 0.840316 10 0.159684
  9 -13.171110 -1.229529 20.745481 -0.853995 0.155467 0.496510 0.380902 0.210002 2 9 0.655746 10 0.344254
headcrabsheet
  9 -13.081874 -1.823142 21.053280 -0.442595 -0.155769 0.883089 0.371847 0.200290 2 9 0.840316 10 0.159684
  9 -13.030239 -1.190493 20.889429 -0.273709 0.328773 0.903876 0.374773 0.212776 2 9 0.830110 10 0.169890
  9 -13.171110 -1.229529 20.745481 -0.853995 0.155467 0.496510 0.380902 0.210002 2 9 0.655746 10 0.344254
headcrabsheet
  9 -11.559793 -0.856745 20.388376 0.092111 0.387826 0.917119 0.339775 0.216316 3 9 0.953247 10 0.044893 8 0.001860
  9 -13.030239 -1.190493 20.889429 -0.273709 0.328773 0.903876 0.374773 0.212776 2 9 0.830110 10 0.169890
  9 -13.081874 -1.823142 21.053280 -0.442595 -0.155769 0.883089 0.371847 0.200290 2 9 0.840316 10 0.159684
headcrabsheet
  9 -12.166500 -0.212579 19.033432 0.124813 0.820486 -0.557874 0.371227 0.100110 2 9 0.907526 10 0.092474
  9 -13.086331 -0.140297 20.241737 -0.487195 0.791419 0.369184 0.393236 0.077218 2 9 0.794838 10 0.205162
  9 -12.042803 0.049832 20.266615 0.128259 0.881668 0.454103 0.373422 0.075125 2 9 0.933681 10 0.066319
headcrabsheet
  9 -12.166500 -0.212579 19.033432 0.124813 0.820486 -0.557874 0.371227 0.100110 2 9 0.907526 10 0.092474
  9 -13.124578 -0.281889 19.102192 -0.390664 0.803478 -0.449227 0.391494 0.097432 2 9 0.721543 10 0.278457
  9 -13.086331 -0.140297 20.241737 -0.487195 0.791419 0.369184 0.393236 0.077218 2 9 0.794838 10 0.205162
headcrabsheet
  9 -13.124578 -0.281889 19.102192 -0.390664 0.803478 -0.449227 0.391494 0.097432 2 9 0.721543 10 0.278457
  9 -13.272338 -0.449881 20.237514 -0.856613 0.367872 0.361778 0.399161 0.077687 2 9 0.588198 10 0.411802
  9 -13.086331 -0.140297 20.241737 -0.487195 0.791419 0.369184 0.393236 0.077218 2 9 0.794838 10 0.205162
headcrabsheet
  9 -13.124578 -0.281889 19.102192 -0.390664 0.803478 -0.449227 0.391494 0.097432 2 9 0.721543 10 0.278457
  9 -13.426482 -0.538043 19.195322 -0.770126 0.593227 -0.234493 0.398479 0.098567 2 9 0.515028 10 0.484972
  9 -13.272338 -0.449881 20.237514 -0.856613 0.367872 0.361778 0.399161 0.077687 2 9 0.588198 10 0.411802
headcrabsheet
  9 -13.426482 -0.538043 19.195322 -0.770126 0.593227 -0.234493 0.398479 0.098567 2 9 0.515028 10 0.484972
  10 -13.505588 -0.842781 19.529036 -0.926552 0.324394 0.190444 0.410080 0.079414 3 10 0.724617 9 0.274417 18 0.000966
  9 -13.272338 -0.449881 20.237514 -0.856613 0.367872 0.361778 0.399161 0.077687 2 9 0.588198 10 0.411802
headcrabsheet
  9 -13.426482 -0.538043 19.195322 -0.770126 0.593227 -0.234493 0.398479 0.098567 2 9 0.515028 10 0.484972
  10 -13.585232 -0.802183 19.125595 -0.723144 0.551037 -0.416438 0.407274 0.105436 3 10 0.758503 9 0.240314 18 0.001183
  10 -13.505588 -0.842781 19.529036 -0.926552 0.324394 0.190444 0.410080 0.079414 3 10 0.724617 9 0.274417 18 0.000966
headcrabsheet
  9 -13.325484 -1.442287 18.432812 -0.353119 0.446401 -0.822212 0.390882 0.122898 2 9 0.592804 10 0.407196
  10 -13.585232 -0.802183 19.125595 -0.723144 0.551037 -0.416438 0.407274 0.105436 3 10 0.758503 9 0.240314 18 0.001183
  9 -13.426482 -0.538043 19.195322 -0.770126 0.593227 -0.234493 0.398479 0.098567 2 9 0.515028 10 0.484972
headcrabsheet
  9 -13.325484 -1.442287 18.432812 -0.353119 0.446401 -0.822212 0.390882 0.122898 2 9 0.592804 10 0.407196
  10 -13.687448 -1.496697 18.657591 -0.650705 0.308935 -0.693644 0.398755 0.126338 3 10 0.715676 9 0.270026 18 0.014298
  10 -13.585232 -0.802183 19.125595 -0.723144 0.551037 -0.416438 0.407274 0.105436 3 10 0.758503 9 0.240314 18 0.001183
headcrabsheet
  9 -13.280712 -1.989539 18.165756 -0.384213 -0.273736 -0.881730 0.384543 0.132515 3 9 0.592684 10 0.406654 18 0.000662
  10 -13.687448 -1.496697 18.657591 -0.650705 0.308935 -0.693644 0.398755 0.126338 3 10 0.715676 9 0.270026 18 0.014298
  9 -13.325484 -1.442287 18.432812 -0.353119 0.446401 -0.822212 0.390882 0.122898 2 9 0.592804 10 0.407196
headcrabsheet
  9 -13.280712 -1.989539 18.165756 -0.384213 -0.273736 -0.881730 0.384543 0.132515 3 9 0.592684 10 0.406654 18 0.000662
  10 -13.451051 -2.016866 18.654879 -0.862848 -0.368218 -0.346277 0.391798 0.137972 3 10 0.651167 9 0.325883 18 0.022950
  10 -13.687448 -1.496697 18.657591 -0.650705 0.308935 -0.693644 0.398755 0.126338 3 10 0.715676 9 0.270026 18 0.014298
headcrabsheet
  10 -13.451051 -2.016866 18.654879 -0.862848 -0.368218 -0.346277 0.391798 0.137972 3 10 0.651167 9 0.325883 18 0.022950
  9 -13.280712 -1.989539 18.165756 -0.384213 -0.273736 -0.881730 0.384543 0.132515 3 9 0.592684 10 0.406654 18 0.000662
  9 -13.393117 -2.803959 19.282654 -0.347596 -0.917575 -0.192960 0.379105 0.158530 3 9 0.573493 10 0.425117 18 0.001390
headcrabsheet
  9 -13.393117 -2.803959 19.282654 -0.347596 -0.917575 -0.192960 0.379105 0.158530 3 9 0.573493 10 0.425117 18 0.001390
  10 -13.564274 -2.611712 19.242384 -0.633120 -0.651279 -0.418323 0.383609 0.157368 3 10 0.652195 9 0.316324 18 0.031481
  10 -13.451051 -2.016866 18.654879 -0.862848 -0.368218 -0.346277 0.391798 0.137972 3 10 0.651167 9 0.325883 18 0.022950
headcrabsheet
  10 -13.564274 -2.611712 19.242384 -0.633120 -0.651279 -0.418323 0.383609 0.157368 3 10 0.652195 9 0.316324 18 0.031481
  9 -13.393117 -2.803959 19.282654 -0.347596 -0.917575 -0.192960 0.379105 0.158530 3 9 0.573493 10 0.425117 18 0.001390
  9 -13.451667 -2.652479 19.647078 -0.726455 -0.624699 0.286381 0.380119 0.166604 3 9 0.496632 10 0.484251 18 0.019117
headcrabsheet
  9 -13.230122 -2.745897 19.968285 -0.418727 -0.819309 0.391664 0.373250 0.171517 3 9 0.781024 10 0.217534 8 0.001443
  9 -13.451667 -2.652479 19.647078 -0.726455 -0.624699 0.286381 0.380119 0.166604 3 9 0.496632 10 0.484251 18 0.019117
  9 -13.393117 -2.803959 19.282654 -0.347596 -0.917575 -0.192960 0.379105 0.158530 3 9 0.573493 10 0.425117 18 0.001390
headcrabsheet
  9 -13.451667 -2.652479 19.647078 -0.726455 -0.624699 0.286381 0.380119 0.166604 3 9 0.496632 10 0.484251 18 0.019117
  9 -13.230122 -2.745897 19.968285 -0.418727 -0.819309 0.391664 0.373250 0.171517 3 9 0.781024 10 0.217534 8 0.001443
  9 -13.215066 -1.945997 20.401493 -0.955958 -0.103803 0.274534 0.378673 0.184038 3 9 0.575409 10 0.412974 18 0.011617
headcrabsheet
  9 -13.107737 -2.192112 20.798943 -0.535371 -0.550043 0.640961 0.371989 0.192294 3 9 0.846436 10 0.151933 8 0.001631
  9 -13.215066 -1.945997 20.401493 -0.955958 -0.103803 0.274534 0.378673 0.184038 3 9 0.575409 10 0.412974 18 0.011617
  9 -13.230122 -2.745897 19.968285 -0.418727 -0.819309 0.391664 0.373250 0.171517 3 9 0.781024 10 0.217534 8 0.001443
headcrabsheet
  9 -13.215066 -1.945997 20.401493 -0.955958 -0.103803 0.274534 0.378673 0.184038 3 9 0.575409 10 0.412974 18 0.011617
  9 -13.107737 -2.192112 20.798943 -0.535371 -0.550043 0.640961 0.371989 0.192294 3 9 0.846436 10 0.151933 8 0.001631
  9 -13.081874 -1.823142 21.053280 -0.442595 -0.155769 0.883089 0.371847 0.200290 2 9 0.840316 10 0.159684
headcrabsheet
  9 -12.055921 -1.701927 20.865301 0.036663 0.148913 0.988170 0.350269 0.199336 3 9 0.937071 10 0.059647 8 0.003281
  9 -13.081874 -1.823142 21.053280 -0.442595 -0.155769 0.883089 0.371847 0.200290 2 9 0.840316 10 0.159684
  9 -13.107737 -2.192112 20.798943 -0.535371 -0.550043 0.640961 0.371989 0.192294 3 9 0.846436 10 0.151933 8 0.001631
headcrabsheet
  9 -12.166500 -0.212579 19.033432 0.124813 0.820486 -0.557874 0.371227 0.100110 2 9 0.907526 10 0.092474
  9 -10.284664 -0.556324 20.137032 0.136998 0.982138 0.128980 0.333485 0.070864 3 9 0.976290 10 0.019530 8 0.004180
  9 -10.069435 -2.126313 18.628994 0.034187 -0.284473 -0.958074 0.316661 0.128885 3 9 0.966003 10 0.032986 8 0.001011
headcrabsheet
  9 -12.166500 -0.212579 19.033432 0.124813 0.820486 -0.557874 0.371227 0.100110 2 9 0.907526 10 0.092474
  9 -10.069435 -2.126313 18.628994 0.034187 -0.284473 -0.958074 0.316661 0.128885 3 9 0.966003 10 0.032986 8 0.001011
  9 -12.300295 -1.146050 18.405853 0.068200 0.454099 -0.888337 0.370766 0.117727 2 9 0.868950 10 0.131050
headcrabsheet
  9 -12.300295 -1.146050 18.405853 0.068200 0.454099 -0.888337 0.370766 0.117727 2 9 0.868950 10 0.131050
  9 -13.124578 -0.281889 19.102192 -0.390664 0.803478 -0.449227 0.391494 0.097432 2 9 0.721543 10 0.278457
  9 -12.166500 -0.212579 19.033432 0.124813 0.820486 -0.557874 0.371227 0.100110 2 9 0.907526 10 0.092474
headcrabsheet
  9 -12.300295 -1.146050 18.405853 0.068200 0.454099 -0.888337 0.370766 0.117727 2 9 0.868950 10 0.131050
  9 -13.325484 -1.442287 18.432812 -0.353119 0.446401 -0.822212 0.390882 0.122898 2 9 0.592804 10 0.407196
  9 -13.124578 -0.281889 19.102192 -0.390664 0.803478 -0.449227 0.391494 0.097432 2 9 0.721543 10 0.278457
headcrabsheet
  9 -13.325484 -1.442287 18.432812 -0.353119 0.446401 -0.822212 0.390882 0.122898 2 9 0.592804 10 0.407196
  9 -13.426482 -0.538043 19.195322 -0.770126 0.593227 -0.234493 0.398479 0.098567 2 9 0.515028 10 0.484972
  9 -13.124578 -0.281889 19.102192 -0.390664 0.803478 -0.449227 0.391494 0.097432 2 9 0.721543 10 0.278457
headcrabsheet
  9 -12.389662 -1.755909 18.182146 0.117542 -0.166771 -0.978964 0.368569 0.129429 2 9 0.857323 10 0.142677
  9 -13.280712 -1.989539 18.165756 -0.384213 -0.273736 -0.881730 0.384543 0.132515 3 9 0.592684 10 0.406654 18 0.000662
  9 -13.325484 -1.442287 18.432812 -0.353119 0.446401 -0.822212 0.390882 0.122898 2 9 0.592804 10 0.407196
headcrabsheet
  9 -12.389662 -1.755909 18.182146 0.117542 -0.166771 -0.978964 0.368569 0.129429 2 9 0.857323 10 0.142677
  9 -13.325484 -1.442287 18.432812 -0.353119 0.446401 -0.822212 0.390882 0.122898 2 9 0.592804 10 0.407196
  9 -12.300295 -1.146050 18.405853 0.068200 0.454099 -0.888337 0.370766 0.117727 2 9 0.868950 10 0.131050
headcrabsheet
  9 -10.069435 -2.126313 18.628994 0.034187 -0.284473 -0.958074 0.316661 0.128885 3 9 0.966003 10 0.032986 8 0.001011
  9 -12.389662 -1.755909 18.182146 0.117542 -0.166771 -0.978964 0.368569 0.129429 2 9 0.857323 10 0.142677
  9 -12.300295 -1.146050 18.405853 0.068200 0.454099 -0.888337 0.370766 0.117727 2 9 0.868950 10 0.131050
headcrabsheet
  9 -12.389662 -1.755909 18.182146 0.117542 -0.166771 -0.978964 0.368569 0.129429 2 9 0.857323 10 0.142677
  9 -10.069435 -2.126313 18.628994 0.034187 -0.284473 -0.958074 0.316661 0.128885 3 9 0.966003 10 0.032986 8 0.001011
  9 -10.569490 -2.690289 19.928337 -0.015593 -0.990616 0.135783 0.318049 0.162288 3 9 0.948501 10 0.034939 8 0.016560
headcrabsheet
  9 -12.389662 -1.755909 18.182146 0.117542 -0.166771 -0.978964 0.368569 0.129429 2 9 0.857323 10 0.142677
  9 -10.569490 -2.690289 19.928337 -0.015593 -0.990616 0.135783 0.318049 0.162288 3 9 0.948501 10 0.034939 8 0.016560
  9 -12.676148 -2.638944 18.981768 0.120769 -0.882913 -0.453740 0.366873 0.149844 3 9 0.838257 10 0.161361 8 0.000382
headcrabsheet
  9 -10.569490 -2.690289 19.928337 -0.015593 -0.990616 0.135783 0.318049 0.162288 3 9 0.948501 10 0.034939 8 0.016560
  9 -13.230122 -2.745897 19.968285 -0.418727 -0.819309 0.391664 0.373250 0.171517 3 9 0.781024 10 0.217534 8 0.001443
  9 -12.676148 -2.638944 18.981768 0.120769 -0.882913 -0.453740 0.366873 0.149844 3 9 0.838257 10 0.161361 8 0.000382
headcrabsheet
  9 -13.393117 -2.803959 19.282654 -0.347596 -0.917575 -0.192960 0.379105 0.158530 3 9 0.573493 10 0.425117 18 0.001390
  9 -12.676148 -2.638944 18.981768 0.120769 -0.882913 -0.453740 0.366873 0.149844 3 9 0.838257 10 0.161361 8 0.000382
  9 -13.230122 -2.745897 19.968285 -0.418727 -0.819309 0.391664 0.373250 0.171517 3 9 0.781024 10 0.217534 8 0.001443
headcrabsheet
  9 -12.676148 -2.638944 18.981768 0.120769 -0.882913 -0.453740 0.366873 0.149844 3 9 0.838257 10 0.161361 8 0.000382
  9 -13.393117 -2.803959 19.282654 -0.347596 -0.917575 -0.192960 0.379105 0.158530 3 9 0.573493 10 0.425117 18 0.001390
  9 -13.280712 -1.989539 18.165756 -0.384213 -0.273736 -0.881730 0.384543 0.132515 3 9 0.592684 10 0.406654 18 0.000662
headcrabsheet
  9 -12.676148 -2.638944 18.981768 0.120769 -0.882913 -0.453740 0.366873 0.149844 3 9 0.838257 10 0.161361 8 0.000382
  9 -13.280712 -1.989539 18.165756 -0.384213 -0.273736 -0.881730 0.384543 0.132515 3 9 0.592684 10 0.406654 18 0.000662
  9 -12.389662 -1.755909 18.182146 0.117542 -0.166771 -0.978964 0.368569 0.129429 2 9 0.857323 10 0.142677
headcrabsheet
  9 -4.373333 -2.869645 20.492336 0.388015 -0.262058 0.883612 0.206518 0.179987 3 9 0.996612 8 0.002436 7 0.000952
  9 -3.016591 -2.721548 19.001923 0.878332 -0.475526 0.049072 0.170142 0.192507 3 9 0.720472 8 0.276654 7 0.002874
  9 -3.808396 -2.092354 20.637936 0.638488 -0.562458 0.525332 0.214603 0.195500 2 9 0.976224 7 0.023776
headcrabsheet
  9 -4.373333 -2.869645 20.492336 0.388015 -0.262058 0.883612 0.206518 0.179987 3 9 0.996612 8 0.002436 7 0.000952
  9 -2.931770 -3.869980 19.245981 0.888258 -0.295439 0.351729 0.171352 0.174174 2 9 0.613750 8 0.386250
  9 -3.016591 -2.721548 19.001923 0.878332 -0.475526 0.049072 0.170142 0.192507 3 9 0.720472 8 0.276654 7 0.002874
headcrabsheet
  9 -3.016591 -2.721548 19.001923 0.878332 -0.475526 0.049072 0.170142 0.192507 3 9 0.720472 8 0.276654 7 0.002874
  9 -2.931770 -3.869980 19.245981 0.888258 -0.295439 0.351729 0.171352 0.174174 2 9 0.613750 8 0.386250
  9 -2.954451 -3.779980 18.622829 0.916889 -0.216449 -0.335356 0.162016 0.170925 2 9 0.538242 8 0.461758
headcrabsheet
  8 -3.244977 -4.041234 18.283630 0.384531 -0.506835 -0.771527 0.160756 0.162755 3 8 0.518731 9 0.479298 6 0.001971
  9 -2.954451 -3.779980 18.622829 0.916889 -0.216449 -0.335356 0.162016 0.170925 2 9 0.538242 8 0.461758
  9 -2.931770 -3.869980 19.245981 0.888258 -0.295439 0.351729 0.171352 0.174174 2 9 0.613750 8 0.386250
headcrabsheet
  8 -3.244977 -4.041234 18.283630 0.384531 -0.506835 -0.771527 0.160756 0.162755 3 8 0.518731 9 0.479298 6 0.001971
  9 -3.082054 -3.069043 18.581888 0.939686 -0.138695 -0.312655 0.154768 0.181509 3 9 0.502475 8 0.471588 6 0.025937
  9 -2.954451 -3.779980 18.622829 0.916889 -0.216449 -0.335356 0.162016 0.170925 2 9 0.538242 8 0.461758
headcrabsheet
  8 -3.244977 -4.041234 18.283630 0.384531 -0.506835 -0.771527 0.160756 0.162755 3 8 0.518731 9 0.479298 6 0.001971
  8 -3.875109 -3.645887 18.130426 -0.364087 -0.913168 -0.183207 0.153251 0.151637 3 8 0.892466 6 0.107028 5 0.000506
  9 -3.082054 -3.069043 18.581888 0.939686 -0.138695 -0.312655 0.154768 0.181509 3 9 0.502475 8 0.471588 6 0.025937
headcrabsheet
  8 -3.875109 -3.645887 18.130426 -0.364087 -0.913168 -0.183207 0.153251 0.151637 3 8 0.892466 6 0.107028 5 0.000506
  8 -3.244977 -4.041234 18.283630 0.384531 -0.506835 -0.771527 0.160756 0.162755 3 8 0.518731 9 0.479298 6 0.001971
  9 -3.358468 -4.364849 18.791340 0.170372 -0.967910 -0.184728 0.166050 0.163662 3 9 0.514779 8 0.483300 6 0.001921
headcrabsheet
  8 -3.875109 -3.645887 18.130426 -0.364087 -0.913168 -0.183207 0.153251 0.151637 3 8 0.892466 6 0.107028 5 0.000506
  9 -3.358468 -4.364849 18.791340 0.170372 -0.967910 -0.184728 0.166050 0.163662 3 9 0.514779 8 0.483300 6 0.001921
  9 -4.102963 -3.994733 19.146008 -0.484670 -0.852539 -0.195634 0.172690 0.153140 3 9 0.613502 8 0.385067 6 0.001431
headcrabsheet
  9 -4.102963 -3.994733 19.146008 -0.484670 -0.852539 -0.195634 0.172690 0.153140 3 9 0.613502 8 0.385067 6 0.001431
  9 -3.358468 -4.364849 18.791340 0.170372 -0.967910 -0.184728 0.166050 0.163662 3 9 0.514779 8 0.483300 6 0.001921
  9 -3.648102 -4.163977 19.799671 0.204695 -0.772450 0.601183 0.179750 0.165620 2 9 0.678025 8 0.321975
headcrabsheet
  9 -3.648102 -4.163977 19.799671 0.204695 -0.772450 0.601183 0.179750 0.165620 2 9 0.678025 8 0.321975
  9 -4.867387 -3.480041 20.560150 -0.053163 -0.622509 0.780804 0.210975 0.162777 2 9 0.817609 8 0.182392
  9 -4.102963 -3.994733 19.146008 -0.484670 -0.852539 -0.195634 0.172690 0.153140 3 9 0.613502 8 0.385067 6 0.001431
headcrabsheet
  9 -4.867387 -3.480041 20.560150 -0.053163 -0.622509 0.780804 0.210975 0.162777 2 9 0.817609 8 0.182392
  9 -3.648102 -4.163977 19.799671 0.204695 -0.772450 0.601183 0.179750 0.165620 2 9 0.678025 8 0.321975
  9 -4.373333 -2.869645 20.492336 0.388015 -0.262058 0.883612 0.206518 0.179987 3 9 0.996612 8 0.002436 7 0.000952
headcrabsheet
  9 -6.335817 -2.461822 20.749380 -0.124657 -0.517088 0.846806 0.246514 0.169092 3 9 0.889594 8 0.106926 10 0.003480
  9 -4.867387 -3.480041 20.560150 -0.053163 -0.622509 0.780804 0.210975 0.162777 2 9 0.817609 8 0.182392
  9 -4.373333 -2.869645 20.492336 0.388015 -0.262058 0.883612 0.206518 0.179987 3 9 0.996612 8 0.002436 7 0.000952
headcrabsheet
  9 -4.867387 -3.480041 20.560150 -0.053163 -0.622509 0.780804 0.210975 0.162777 2 9 0.817609 8 0.182392
  9 -6.335817 -2.461822 20.749380 -0.124657 -0.517088 0.846806 0.246514 0.169092 3 9 0.889594 8 0.106926 10 0.003480
  9 -6.991400 -2.938229 19.602703 -0.239147 -0.970974 0.004164 0.248721 0.144005 3 9 0.871685 8 0.126678 10 0.001636
headcrabsheet
  9 -10.569490 -2.690289 19.928337 -0.015593 -0.990616 0.135783 0.318049 0.162288 3 9 0.948501 10 0.034939 8 0.016560
  9 -6.991400 -2.938229 19.602703 -0.239147 -0.970974 0.004164 0.248721 0.144005 3 9 0.871685 8 0.126678 10 0.001636
  9 -6.335817 -2.461822 20.749380 -0.124657 -0.517088 0.846806 0.246514 0.169092 3 9 0.889594 8 0.106926 10 0.003480
headcrabsheet
  9 -10.569490 -2.690289 19.928337 -0.015593 -0.990616 0.135783 0.318049 0.162288 3 9 0.948501 10 0.034939 8 0.016560
  9 -7.633989 -2.389417 18.777113 -0.181014 -0.806091 -0.563428 0.261112 0.129046 3 9 0.930742 8 0.067285 10 0.001974
  9 -6.991400 -2.938229 19.602703 -0.239147 -0.970974 0.004164 0.248721 0.144005 3 9 0.871685 8 0.126678 10 0.001636
headcrabsheet
  9 -10.069435 -2.126313 18.628994 0.034187 -0.284473 -0.958074 0.316661 0.128885 3 9 0.966003 10 0.032986 8 0.001011
  9 -7.633989 -2.389417 18.777113 -0.181014 -0.806091 -0.563428 0.261112 0.129046 3 9 0.930742 8 0.067285 10 0.001974
  9 -10.569490 -2.690289 19.928337 -0.015593 -0.990616 0.135783 0.318049 0.162288 3 9 0.948501 10 0.034939 8 0.016560
headcrabsheet
  9 -10.069435 -2.126313 18.628994 0.034187 -0.284473 -0.958074 0.316661 0.128885 3 9 0.966003 10 0.032986 8 0.001011
  9 -7.836597 -1.960958 18.383486 -0.214707 -0.000656 -0.976678 0.268519 0.116431 3 9 0.975356 8 0.022633 10 0.002012
  9 -7.633989 -2.389417 18.777113 -0.181014 -0.806091 -0.563428 0.261112 0.129046 3 9 0.930742 8 0.067285 10 0.001974
headcrabsheet
  9 -10.284664 -0.556324 20.137032 0.136998 0.982138 0.128980 0.333485 0.070864 3 9 0.976290 10 0.019530 8 0.004180
  9 -7.836597 -1.960958 18.383486 -0.214707 -0.000656 -0.976678 0.268519 0.116431 3 9 0.975356 8 0.022633 10 0.002012
  9 -10.069435 -2.126313 18.628994 0.034187 -0.284473 -0.958074 0.316661 0.128885 3 9 0.966003 10 0.032986 8 0.001011
headcrabsheet
  9 -10.284664 -0.556324 20.137032 0.136998 0.982138 0.128980 0.333485 0.070864 3 9 0.976290 10 0.019530 8 0.004180
  9 -7.511806 -0.582026 19.684637 -0.213415 0.930210 -0.298603 0.275224 0.077536 3 9 0.942145 8 0.055109 7 0.002746
  9 -7.836597 -1.960958 18.383486 -0.214707 -0.000656 -0.976678 0.268519 0.116431 3 9 0.975356 8 0.022633 10 0.002012
headcrabsheet
  9 -10.284664 -0.556324 20.137032 0.136998 0.982138 0.128980 0.333485 0.070864 3 9 0.976290 10 0.019530 8 0.004180
  9 -6.886807 -0.765217 20.730967 -0.209931 0.819913 0.532608 0.278854 0.051340 3 9 0.907115 8 0.088714 7 0.004171
  9 -7.511806 -0.582026 19.684637 -0.213415 0.930210 -0.298603 0.275224 0.077536 3 9 0.942145 8 0.055109 7 0.002746
headcrabsheet
  9 -4.373333 -2.869645 20.492336 0.388015 -0.262058 0.883612 0.206518 0.179987 3 9 0.996612 8 0.002436 7 0.000952
  9 -3.648102 -4.163977 19.799671 0.204695 -0.772450 0.601183 0.179750 0.165620 2 9 0.678025 8 0.321975
  9 -2.931770 -3.869980 19.245981 0.888258 -0.295439 0.351729 0.171352 0.174174 2 9 0.613750 8 0.386250
headcrabsheet
  9 -3.648102 -4.163977 19.799671 0.204695 -0.772450 0.601183 0.179750 0.165620 2 9 0.678025 8 0.321975
  9 -3.358468 -4.364849 18.791340 0.170372 -0.967910 -0.184728 0.166050 0.163662 3 9 0.514779 8 0.483300 6 0.001921
  9 -2.931770 -3.869980 19.245981 0.888258 -0.295439 0.351729 0.171352 0.174174 2 9 0.613750 8 0.386250
headcrabsheet
  8 -3.244977 -4.041234 18.283630 0.384531 -0.506835 -0.771527 0.160756 0.162755 3 8 0.518731 9 0.479298 6 0.001971
  9 -2.931770 -3.869980 19.245981 0.888258 -0.295439 0.351729 0.171352 0.174174 2 9 0.613750 8 0.386250
  9 -3.358468 -4.364849 18.791340 0.170372 -0.967910 -0.184728 0.166050 0.163662 3 9 0.514779 8 0.483300 6 0.001921
headcrabsheet
  9 -6.385008 -0.730252 18.927879 -0.188980 0.747151 -0.637222 0.243235 0.083711 3 9 0.930929 8 0.066584 7 0.002487
  9 -7.836597 -1.960958 18.383486 -0.214707 -0.000656 -0.976678 0.268519 0.116431 3 9 0.975356 8 0.022633 10 0.002012
  9 -7.511806 -0.582026 19.684637 -0.213415 0.930210 -0.298603 0.275224 0.077536 3 9 0.942145 8 0.055109 7 0.002746
headcrabsheet
  9 -6.385008 -0.730252 18.927879 -0.188980 0.747151 -0.637222 0.243235 0.083711 3 9 0.930929 8 0.066584 7 0.002487
  9 -6.298059 -1.467184 18.136013 -0.141060 0.371080 -0.917825 0.233558 0.098999 3 9 0.883403 8 0.116348 6 0.000249
  9 -7.836597 -1.960958 18.383486 -0.214707 -0.000656 -0.976678 0.268519 0.116431 3 9 0.975356 8 0.022633 10 0.002012
headcrabsheet
  9 -7.836597 -1.960958 18.383486 -0.214707 -0.000656 -0.976678 0.268519 0.116431 3 9 0.975356 8 0.022633 10 0.002012
  9 -6.298059 -1.467184 18.136013 -0.141060 0.371080 -0.917825 0.233558 0.098999 3 9 0.883403 8 0.116348 6 0.000249
  9 -5.703057 -2.803637 18.376482 -0.205783 -0.615333 -0.760933 0.221321 0.119346 3 9 0.784168 8 0.214358 6 0.001474
headcrabsheet
  9 -7.836597 -1.960958 18.383486 -0.214707 -0.000656 -0.976678 0.268519 0.116431 3 9 0.975356 8 0.022633 10 0.002012
  9 -5.703057 -2.803637 18.376482 -0.205783 -0.615333 -0.760933 0.221321 0.119346 3 9 0.784168 8 0.214358 6 0.001474
  9 -7.633989 -2.389417 18.777113 -0.181014 -0.806091 -0.563428 0.261112 0.129046 3 9 0.930742 8 0.067285 10 0.001974
headcrabsheet
  9 -7.633989 -2.389417 18.777113 -0.181014 -0.806091 -0.563428 0.261112 0.129046 3 9 0.930742 8 0.067285 10 0.001974
  9 -5.703057 -2.803637 18.376482 -0.205783 -0.615333 -0.760933 0.221321 0.119346 3 9 0.784168 8 0.214358 6 0.001474
  9 -5.379987 -3.186564 18.765818 -0.253988 -0.784171 -0.566185 0.219770 0.127765 3 9 0.772716 8 0.226426 6 0.000858
headcrabsheet
  9 -5.379987 -3.186564 18.765818 -0.253988 -0.784171 -0.566185 0.219770 0.127765 3 9 0.772716 8 0.226426 6 0.000858
  9 -6.991400 -2.938229 19.602703 -0.239147 -0.970974 0.004164 0.248721 0.144005 3 9 0.871685 8 0.126678 10 0.001636
  9 -7.633989 -2.389417 18.777113 -0.181014 -0.806091 -0.563428 0.261112 0.129046 3 9 0.930742 8 0.067285 10 0.001974
headcrabsheet
  9 -6.991400 -2.938229 19.602703 -0.239147 -0.970974 0.004164 0.248721 0.144005 3 9 0.871685 8 0.126678 10 0.001636
  9 -4.102963 -3.994733 19.146008 -0.484670 -0.852539 -0.195634 0.172690 0.153140 3 9 0.613502 8 0.385067 6 0.001431
  9 -4.867387 -3.480041 20.560150 -0.053163 -0.622509 0.780804 0.210975 0.162777 2 9 0.817609 8 0.182392
headcrabsheet
  9 -5.379987 -3.186564 18.765818 -0.253988 -0.784171 -0.566185 0.219770 0.127765 3 9 0.772716 8 0.226426 6 0.000858
  9 -4.102963 -3.994733 19.146008 -0.484670 -0.852539 -0.195634 0.172690 0.153140 3 9 0.613502 8 0.385067 6 0.001431
  9 -6.991400 -2.938229 19.602703 -0.239147 -0.970974 0.004164 0.248721 0.144005 3 9 0.871685 8 0.126678 10 0.001636
headcrabsheet
  9 -4.102963 -3.994733 19.146008 -0.484670 -0.852539 -0.195634 0.172690 0.153140 3 9 0.613502 8 0.385067 6 0.001431
  9 -5.379987 -3.186564 18.765818 -0.253988 -0.784171 -0.566185 0.219770 0.127765 3 9 0.772716 8 0.226426 6 0.000858
  9 -4.331377 -3.271771 18.661348 -0.510669 -0.666085 -0.543643 0.182570 0.133125 3 9 0.577594 8 0.419920 6 0.002486
headcrabsheet
  9 -4.331377 -3.271771 18.661348 -0.510669 -0.666085 -0.543643 0.182570 0.133125 3 9 0.577594 8 0.419920 6 0.002486
  9 -5.379987 -3.186564 18.765818 -0.253988 -0.784171 -0.566185 0.219770 0.127765 3 9 0.772716 8 0.226426 6 0.000858
  9 -5.703057 -2.803637 18.376482 -0.205783 -0.615333 -0.760933 0.221321 0.119346 3 9 0.784168 8 0.214358 6 0.001474
headcrabsheet
  9 -5.703057 -2.803637 18.376482 -0.205783 -0.615333 -0.760933 0.221321 0.119346 3 9 0.784168 8 0.214358 6 0.001474
  9 -5.314260 -2.044333 17.866388 -0.633269 -0.134549 -0.762146 0.189177 0.106335 3 9 0.663184 8 0.330425 6 0.006391
  9 -4.331377 -3.271771 18.661348 -0.510669 -0.666085 -0.543643 0.182570 0.133125 3 9 0.577594 8 0.419920 6 0.002486
headcrabsheet
  9 -5.314260 -2.044333 17.866388 -0.633269 -0.134549 -0.762146 0.189177 0.106335 3 9 0.663184 8 0.330425 6 0.006391
  9 -5.703057 -2.803637 18.376482 -0.205783 -0.615333 -0.760933 0.221321 0.119346 3 9 0.784168 8 0.214358 6 0.001474
  9 -6.298059 -1.467184 18.136013 -0.141060 0.371080 -0.917825 0.233558 0.098999 3 9 0.883403 8 0.116348 6 0.000249
headcrabsheet
  9 -6.298059 -1.467184 18.136013 -0.141060 0.371080 -0.917825 0.233558 0.098999 3 9 0.883403 8 0.116348 6 0.000249
  9 -5.395896 -1.283487 18.440351 -0.723423 0.348734 -0.595856 0.203217 0.089700 3 9 0.732251 8 0.263138 6 0.004612
  9 -5.314260 -2.044333 17.866388 -0.633269 -0.134549 -0.762146 0.189177 0.106335 3 9 0.663184 8 0.330425 6 0.006391
headcrabsheet
  9 -6.385008 -0.730252 18.927879 -0.188980 0.747151 -0.637222 0.243235 0.083711 3 9 0.930929 8 0.066584 7 0.002487
  9 -5.395896 -1.283487 18.440351 -0.723423 0.348734 -0.595856 0.203217 0.089700 3 9 0.732251 8 0.263138 6 0.004612
  9 -6.298059 -1.467184 18.136013 -0.141060 0.371080 -0.917825 0.233558 0.098999 3 9 0.883403 8 0.116348 6 0.000249
headcrabsheet
  9 -6.385008 -0.730252 18.927879 -0.188980 0.747151 -0.637222 0.243235 0.083711 3 9 0.930929 8 0.066584 7 0.002487
  9 -5.520590 -0.346551 19.194162 -0.765702 0.495712 -0.409842 0.222479 0.076919 3 9 0.776729 8 0.208697 6 0.014574
  9 -5.395896 -1.283487 18.440351 -0.723423 0.348734 -0.595856 0.203217 0.089700 3 9 0.732251 8 0.263138 6 0.004612
headcrabsheet
  9 -5.520590 -0.346551 19.194162 -0.765702 0.495712 -0.409842 0.222479 0.076919 3 9 0.776729 8 0.208697 6 0.014574
  9 -6.385008 -0.730252 18.927879 -0.188980 0.747151 -0.637222 0.243235 0.083711 3 9 0.930929 8 0.066584 7 0.002487
  9 -7.511806 -0.582026 19.684637 -0.213415 0.930210 -0.298603 0.275224 0.077536 3 9 0.942145 8 0.055109 7 0.002746
headcrabsheet
  9 -7.511806 -0.582026 19.684637 -0.213415 0.930210 -0.298603 0.275224 0.077536 3 9 0.942145 8 0.055109 7 0.002746
  9 -5.790646 0.282237 20.167843 -0.655256 0.727997 0.201643 0.243358 0.061637 3 9 0.813194 8 0.170988 7 0.015818
  9 -5.520590 -0.346551 19.194162 -0.765702 0.495712 -0.409842 0.222479 0.076919 3 9 0.776729 8 0.208697 6 0.014574
headcrabsheet
  9 -5.790646 0.282237 20.167843 -0.655256 0.727997 0.201643 0.243358 0.061637 3 9 0.813194 8 0.170988 7 0.015818
  9 -7.511806 -0.582026 19.684637 -0.213415 0.930210 -0.298603 0.275224 0.077536 3 9 0.942145 8 0.055109 7 0.002746
  9 -6.886807 -0.765217 20.730967 -0.209931 0.819913 0.532608 0.278854 0.051340 3 9 0.907115 8 0.088714 7 0.004171
headcrabsheet
  9 -6.886807 -0.765217 20.730967 -0.209931 0.819913 0.532608 0.278854 0.051340 3 9 0.907115 8 0.088714 7 0.004171
  9 -5.305304 -0.785052 21.135862 -0.140784 0.082068 0.986633 0.266349 0.037714 3 9 0.832756 8 0.147672 7 0.019572
  9 -5.790646 0.282237 20.167843 -0.655256 0.727997 0.201643 0.243358 0.061637 3 9 0.813194 8 0.170988 7 0.015818
headcrabsheet
  9 -10.116691 -1.408589 20.927355 -0.048598 0.273305 0.960699 0.331695 0.045990 3 9 0.955136 8 0.032923 10 0.011942
  9 -5.305304 -0.785052 21.135862 -0.140784 0.082068 0.986633 0.266349 0.037714 3 9 0.832756 8 0.147672 7 0.019572
  9 -6.886807 -0.765217 20.730967 -0.209931 0.819913 0.532608 0.278854 0.051340 3 9 0.907115 8 0.088714 7 0.004171
headcrabsheet
  9 -10.284664 -0.556324 20.137032 0.136998 0.982138 0.128980 0.333485 0.070864 3 9 0.976290 10 0.019530 8 0.004180
  9 -10.116691 -1.408589 20.927355 -0.048598 0.273305 0.960699 0.331695 0.045990 3 9 0.955136 8 0.032923 10 0.011942
  9 -6.886807 -0.765217 20.730967 -0.209931 0.819913 0.532608 0.278854 0.051340 3 9 0.907115 8 0.088714 7 0.004171
headcrabsheet
  9 -11.559793 -0.856745 20.388376 0.092111 0.387826 0.917119 0.361163 0.055842 3 9 0.953247 10 0.044893 8 0.001860
  9 -10.116691 -1.408589 20.927355 -0.048598 0.273305 0.960699 0.331695 0.045990 3 9 0.955136 8 0.032923 10 0.011942
  9 -10.284664 -0.556324 20.137032 0.136998 0.982138 0.128980 0.333485 0.070864 3 9 0.976290 10 0.019530 8 0.004180
headcrabsheet
  9 -10.284664 -0.556324 20.137032 0.136998 0.982138 0.128980 0.333485 0.070864 3 9 0.976290 10 0.019530 8 0.004180
  9 -12.042803 0.049832 20.266615 0.128259 0.881668 0.454103 0.373422 0.075125 2 9 0.933681 10 0.066319
  9 -11.559793 -0.856745 20.388376 0.092111 0.387826 0.917119 0.361163 0.055842 3 9 0.953247 10 0.044893 8 0.001860
headcrabsheet
  9 -10.284664 -0.556324 20.137032 0.136998 0.982138 0.128980 0.333485 0.070864 3 9 0.976290 10 0.019530 8 0.004180
  9 -12.166500 -0.212579 19.033432 0.124813 0.820486 -0.557874 0.371227 0.100110 2 9 0.907526 10 0.092474
  9 -12.042803 0.049832 20.266615 0.128259 0.881668 0.454103 0.373422 0.075125 2 9 0.933681 10 0.066319
headcrabsheet
  9 -4.102963 -3.994733 19.146008 -0.484670 -0.852539 -0.195634 0.172690 0.153140 3 9 0.613502 8 0.385067 6 0.001431
  9 -4.331377 -3.271771 18.661348 -0.510669 -0.666085 -0.543643 0.182570 0.133125 3 9 0.577594 8 0.419920 6 0.002486
  8 -3.875109 -3.645887 18.130426 -0.364087 -0.913168 -0.183207 0.153251 0.151637 3 8 0.892466 6 0.107028 5 0.000506
headcrabsheet
  8 -3.875109 -3.645887 18.130426 -0.364087 -0.913168 -0.183207 0.153251 0.151637 3 8 0.892466 6 0.107028 5 0.000506
  9 -4.331377 -3.271771 18.661348 -0.510669 -0.666085 -0.543643 0.182570 0.133125 3 9 0.577594 8 0.419920 6 0.002486
  9 -5.314260 -2.044333 17.866388 -0.633269 -0.134549 -0.762146 0.189177 0.106335 3 9 0.663184 8 0.330425 6 0.006391
headcrabsheet
  9 -12.042803 0.049832 20.266615 0.128259 0.881668 0.454103 0.373422 0.075125 2 9 0.933681 10 0.066319
  9 -13.030239 -1.190493 20.889429 -0.273709 0.328773 0.903876 0.397238 0.053881 2 9 0.830110 10 0.169890
  9 -11.559793 -0.856745 20.388376 0.092111 0.387826 0.917119 0.361163 0.055842 3 9 0.953247 10 0.044893 8 0.001860
headcrabsheet
  9 -12.042803 0.049832 20.266615 0.128259 0.881668 0.454103 0.373422 0.075125 2 9 0.933681 10 0.066319
  9 -13.086331 -0.140297 20.241737 -0.487195 0.791419 0.369184 0.393236 0.077218 2 9 0.794838 10 0.205162
  9 -13.030239 -1.190493 20.889429 -0.273709 0.328773 0.903876 0.397238 0.053881 2 9 0.830110 10 0.169890
headcrabsheet
  9 -13.086331 -0.140297 20.241737 -0.487195 0.791419 0.369184 0.393236 0.077218 2 9 0.794838 10 0.205162
  9 -13.171110 -1.229529 20.745481 -0.853995 0.155467 0.496510 0.404263 0.056988 2 9 0.655746 10 0.344254
  9 -13.030239 -1.190493 20.889429 -0.273709 0.328773 0.903876 0.397238 0.053881 2 9 0.830110 10 0.169890
headcrabsheet
  9 -13.086331 -0.140297 20.241737 -0.487195 0.791419 0.369184 0.393236 0.077218 2 9 0.794838 10 0.205162
  9 -13.272338 -0.449881 20.237514 -0.856613 0.367872 0.361778 0.399161 0.077687 2 9 0.588198 10 0.411802
  9 -13.171110 -1.229529 20.745481 -0.853995 0.155467 0.496510 0.404263 0.056988 2 9 0.655746 10 0.344254
headcrabsheet
  9 -13.171110 -1.229529 20.745481 -0.853995 0.155467 0.496510 0.404263 0.056988 2 9 0.655746 10 0.344254
  9 -13.272338 -0.449881 20.237514 -0.856613 0.367872 0.361778 0.399161 0.077687 2 9 0.588198 10 0.411802
  10 -13.505588 -0.842781 19.529036 -0.926552 0.324394 0.190444 0.410080 0.079414 3 10 0.724617 9 0.274417 18 0.000966
headcrabsheet
  9 -13.171110 -1.229529 20.745481 -0.853995 0.155467 0.496510 0.404263 0.056988 2 9 0.655746 10 0.344254
  10 -13.505588 -0.842781 19.529036 -0.926552 0.324394 0.190444 0.410080 0.079414 3 10 0.724617 9 0.274417 18 0.000966
  10 -13.431208 -1.252175 20.175146 -0.885856 0.244547 0.394279 0.417691 0.052804 3 10 0.649549 9 0.337661 18 0.012790
headcrabsheet
  13 -5.785042 -2.188591 0.684188 -0.673285 -0.554554 -0.489037 0.713467 0.767513 3 13 0.975556 20 0.023903 12 0.000541
  13 -6.163952 -1.706576 0.357582 0.183335 -0.716532 -0.673030 0.739175 0.763094 3 13 0.983837 20 0.014992 12 0.001171
  13 -5.481136 -1.638373 0.517739 0.940530 -0.137452 -0.310662 0.719489 0.777961 3 13 0.983917 20 0.012091 12 0.003992
headcrabsheet
  13 -6.887486 -2.191824 0.369863 -0.501772 -0.095481 -0.859714 0.753088 0.745424 3 13 0.996166 20 0.002897 12 0.000937
  13 -6.163952 -1.706576 0.357582 0.183335 -0.716532 -0.673030 0.739175 0.763094 3 13 0.983837 20 0.014992 12 0.001171
  13 -6.563652 -2.165128 0.595307 0.491387 -0.725885 0.481279 0.740095 0.752560 3 13 0.987080 20 0.012197 12 0.000723
headcrabsheet
  13 -6.949522 -2.829937 0.279994 -0.207988 -0.926018 -0.315011 0.744335 0.738801 2 13 0.996194 20 0.003806
  13 -6.887486 -2.191824 0.369863 -0.501772 -0.095481 -0.859714 0.753088 0.745424 3 13 0.996166 20 0.002897 12 0.000937
  13 -6.563652 -2.165128 0.595307 0.491387 -0.725885 0.481279 0.740095 0.752560 3 13 0.987080 20 0.012197 12 0.000723
headcrabsheet
  13 -6.949522 -2.829937 0.279994 -0.207988 -0.926018 -0.315011 0.744335 0.738801 2 13 0.996194 20 0.003806
  13 -6.918848 -2.168674 0.568655 -0.750815 -0.136016 0.646357 0.751784 0.745668 3 13 0.995534 20 0.003406 12 0.001060
  13 -6.887486 -2.191824 0.369863 -0.501772 -0.095481 -0.859714 0.753088 0.745424 3 13 0.996166 20 0.002897 12 0.000937
headcrabsheet
  13 -6.949522 -2.829937 0.279994 -0.207988 -0.926018 -0.315011 0.744335 0.738801 2 13 0.996194 20 0.003806
  13 -6.563652 -2.165128 0.595307 0.491387 -0.725885 0.481279 0.740095 0.752560 3 13 0.987080 20 0.012197 12 0.000723
  13 -6.918848 -2.168674 0.568655 -0.750815 -0.136016 0.646357 0.751784 0.745668 3 13 0.995534 20 0.003406 12 0.001060
headcrabsheet
  13 -6.563652 -2.165128 0.595307 0.491387 -0.725885 0.481279 0.740095 0.752560 3 13 0.987080 20 0.012197 12 0.000723
  13 -6.890318 -1.461167 0.616660 -0.841245 -0.339246 0.420974 0.763491 0.752073 3 13 0.980685 12 0.014615 20 0.004700
  13 -6.918848 -2.168674 0.568655 -0.750815 -0.136016 0.646357 0.751784 0.745668 3 13 0.995534 20 0.003406 12 0.001060
headcrabsheet
  13 -6.563652 -2.165128 0.595307 0.491387 -0.725885 0.481279 0.740095 0.752560 3 13 0.987080 20 0.012197 12 0.000723
  13 -6.133681 -1.600409 0.701036 -0.280976 -0.513961 0.810492 0.735456 0.765660 3 13 0.964299 20 0.025716 12 0.009985
  13 -6.890318 -1.461167 0.616660 -0.841245 -0.339246 0.420974 0.763491 0.752073 3 13 0.980685 12 0.014615 20 0.004700
headcrabsheet
  13 -6.133681 -1.600409 0.701036 -0.280976 -0.513961 0.810492 0.735456 0.765660 3 13 0.964299 20 0.025716 12 0.009985
  13 -6.563652 -2.165128 0.595307 0.491387 -0.725885 0.481279 0.740095 0.752560 3 13 0.987080 20 0.012197 12 0.000723
  13 -6.163952 -1.706576 0.357582 0.183335 -0.716532 -0.673030 0.739175 0.763094 3 13 0.983837 20 0.014992 12 0.001171
headcrabsheet
  13 -5.767385 -2.138415 0.941167 -0.281836 -0.321335 0.904053 0.710295 0.769103 3 13 0.963115 20 0.033187 12 0.003698
  13 -6.133681 -1.600409 0.701036 -0.280976 -0.513961 0.810492 0.735456 0.765660 3 13 0.964299 20 0.025716 12 0.009985
  13 -6.163952 -1.706576 0.357582 0.183335 -0.716532 -0.673030 0.739175 0.763094 3 13 0.983837 20 0.014992 12 0.001171
headcrabsheet
  13 -5.767385 -2.138415 0.941167 -0.281836 -0.321335 0.904053 0.710295 0.769103 3 13 0.963115 20 0.033187 12 0.003698
  13 -6.163952 -1.706576 0.357582 0.183335 -0.716532 -0.673030 0.739175 0.763094 3 13 0.983837 20 0.014992 12 0.001171
  13 -5.785042 -2.188591 0.684188 -0.673285 -0.554554 -0.489037 0.713467 0.767513 3 13 0.975556 20 0.023903 12 0.000541
headcrabsheet
  13 -5.353295 -2.893157 0.689401 0.352996 -0.933899 -0.056804 0.686325 0.770087 3 13 0.974347 20 0.022612 12 0.003041
  13 -5.767385 -2.138415 0.941167 -0.281836 -0.321335 0.904053 0.710295 0.769103 3 13 0.963115 20 0.033187 12 0.003698
  13 -5.785042 -2.188591 0.684188 -0.673285 -0.554554 -0.489037 0.713467 0.767513 3 13 0.975556 20 0.023903 12 0.000541
headcrabsheet
  13 -5.353295 -2.893157 0.689401 0.352996 -0.933899 -0.056804 0.686325 0.770087 3 13 0.974347 20 0.022612 12 0.003041
  13 -5.785042 -2.188591 0.684188 -0.673285 -0.554554 -0.489037 0.713467 0.767513 3 13 0.975556 20 0.023903 12 0.000541
  13 -5.481136 -1.638373 0.517739 0.940530 -0.137452 -0.310662 0.719489 0.777961 3 13 0.983917 20 0.012091 12 0.003992
headcrabsheet
  13 -5.353295 -2.893157 0.689401 0.352996 -0.933899 -0.056804 0.686325 0.770087 3 13 0.974347 20 0.022612 12 0.003041
  13 -5.481136 -1.638373 0.517739 0.940530 -0.137452 -0.310662 0.719489 0.777961 3 13 0.983917 20 0.012091 12 0.003992
  13 -5.716410 -1.471220 0.865444 0.514148 -0.242816 0.822613 0.727048 0.775680 3 13 0.963467 12 0.018603 20 0.017930
headcrabsheet
  13 -5.353295 -2.893157 0.689401 0.352996 -0.933899 -0.056804 0.686325 0.770087 3 13 0.974347 20 0.022612 12 0.003041
  13 -5.716410 -1.471220 0.865444 0.514148 -0.242816 0.822613 0.727048 0.775680 3 13 0.963467 12 0.018603 20 0.017930
  13 -5.767385 -2.138415 0.941167 -0.281836 -0.321335 0.904053 0.710295 0.769103 3 13 0.963115 20 0.033187 12 0.003698
headcrabsheet
  13 -6.133681 -1.600409 0.701036 -0.280976 -0.513961 0.810492 0.735456 0.765660 3 13 0.964299 20 0.025716 12 0.009985
  13 -5.767385 -2.138415 0.941167 -0.281836 -0.321335 0.904053 0.710295 0.769103 3 13 0.963115 20 0.033187 12 0.003698
  13 -5.716410 -1.471220 0.865444 0.514148 -0.242816 0.822613 0.727048 0.775680 3 13 0.963467 12 0.018603 20 0.017930
headcrabsheet
  13 -6.887486 -2.191824 0.369863 -0.501772 -0.095481 -0.859714 0.753088 0.745424 3 13 0.996166 20 0.002897 12 0.000937
  13 -6.731741 -1.142900 0.058897 -0.471864 -0.342396 -0.812471 0.772086 0.755822 3 13 0.993644 12 0.003434 20 0.002922
  13 -6.163952 -1.706576 0.357582 0.183335 -0.716532 -0.673030 0.739175 0.763094 3 13 0.983837 20 0.014992 12 0.001171
headcrabsheet
  13 -6.731741 -1.142900 0.058897 -0.471864 -0.342396 -0.812471 0.772086 0.755822 3 13 0.993644 12 0.003434 20 0.002922
  13 -6.887486 -2.191824 0.369863 -0.501772 -0.095481 -0.859714 0.753088 0.745424 3 13 0.996166 20 0.002897 12 0.000937
  13 -6.890318 -1.461167 0.616660 -0.841245 -0.339246 0.420974 0.763491 0.752073 3 13 0.980685 12 0.014615 20 0.004700
headcrabsheet
  13 -6.918848 -2.168674 0.568655 -0.750815 -0.136016 0.646357 0.751784 0.745668 3 13 0.995534 20 0.003406 12 0.001060
  13 -6.890318 -1.461167 0.616660 -0.841245 -0.339246 0.420974 0.763491 0.752073 3 13 0.980685 12 0.014615 20 0.004700
  13 -6.887486 -2.191824 0.369863 -0.501772 -0.095481 -0.859714 0.753088 0.745424 3 13 0.996166 20 0.002897 12 0.000937
headcrabsheet
  13 -7.521851 0.893013 0.352634 -0.802466 0.380141 -0.459936 0.116240 0.839346 2 13 0.917157 12 0.082843
  13 -6.912659 -0.478204 -0.122840 -0.532225 -0.183704 -0.826432 0.114935 0.804067 3 13 0.972951 12 0.026562 20 0.000487
  13 -7.480723 0.486649 0.839231 -0.987503 -0.122520 -0.099125 0.106317 0.840483 3 13 0.928816 12 0.070811 20 0.000373
headcrabsheet
  13 -6.912659 -0.478204 -0.122840 -0.532225 -0.183704 -0.826432 0.114935 0.804067 3 13 0.972951 12 0.026562 20 0.000487
  13 -7.521851 0.893013 0.352634 -0.802466 0.380141 -0.459936 0.116240 0.839346 2 13 0.917157 12 0.082843
  13 -6.160071 1.326879 -0.017401 0.070812 0.741409 -0.667306 0.144513 0.843143 2 13 0.903817 12 0.096183
headcrabsheet
  13 -6.156570 -1.351527 0.092026 0.106436 -0.431127 -0.895991 0.090817 0.793817 3 13 0.989685 12 0.007028 20 0.003287
  13 -6.731741 -1.142900 0.058897 -0.471864 -0.342396 -0.812471 0.100856 0.803026 3 13 0.993644 12 0.003434 20 0.002922
  13 -6.912659 -0.478204 -0.122840 -0.532225 -0.183704 -0.826432 0.114935 0.804067 3 13 0.972951 12 0.026562 20 0.000487
headcrabsheet
  13 -6.731741 -1.142900 0.058897 -0.471864 -0.342396 -0.812471 0.100856 0.803026 3 13 0.993644 12 0.003434 20 0.002922
  13 -6.890318 -1.461167 0.616660 -0.841245 -0.339246 0.420974 0.087617 0.805419 3 13 0.980685 12 0.014615 20 0.004700
  13 -6.912659 -0.478204 -0.122840 -0.532225 -0.183704 -0.826432 0.114935 0.804067 3 13 0.972951 12 0.026562 20 0.000487
headcrabsheet
  13 -6.890318 -1.461167 0.616660 -0.841245 -0.339246 0.420974 0.087617 0.805419 3 13 0.980685 12 0.014615 20 0.004700
  13 -7.480723 0.486649 0.839231 -0.987503 -0.122520 -0.099125 0.106317 0.840483 3 13 0.928816 12 0.070811 20 0.000373
  13 -6.912659 -0.478204 -0.122840 -0.532225 -0.183704 -0.826432 0.114935 0.804067 3 13 0.972951 12 0.026562 20 0.000487
headcrabsheet
  13 -7.480723 0.486649 0.839231 -0.987503 -0.122520 -0.099125 0.106317 0.840483 3 13 0.928816 12 0.070811 20 0.000373
  13 -6.890318 -1.461167 0.616660 -0.841245 -0.339246 0.420974 0.087617 0.805419 3 13 0.980685 12 0.014615 20 0.004700
  13 -7.318982 -0.645629 1.101706 -0.805883 -0.587671 0.072070 0.087957 0.826800 3 13 0.933609 12 0.065302 20 0.001089
headcrabsheet
  13 -6.133681 -1.600409 0.701036 -0.280976 -0.513961 0.810492 0.075900 0.798368 3 13 0.964299 20 0.025716 12 0.009985
  13 -7.318982 -0.645629 1.101706 -0.805883 -0.587671 0.072070 0.087957 0.826800 3 13 0.933609 12 0.065302 20 0.001089
  13 -6.890318 -1.461167 0.616660 -0.841245 -0.339246 0.420974 0.087617 0.805419 3 13 0.980685 12 0.014615 20 0.004700
headcrabsheet
  13 -6.133681 -1.600409 0.701036 -0.280976 -0.513961 0.810492 0.075900 0.798368 3 13 0.964299 20 0.025716 12 0.009985
  13 -5.718185 -0.648209 1.509824 0.271172 -0.809984 0.519992 0.054829 0.815624 3 13 0.941528 12 0.049409 20 0.009063
  13 -7.318982 -0.645629 1.101706 -0.805883 -0.587671 0.072070 0.087957 0.826800 3 13 0.933609 12 0.065302 20 0.001089
headcrabsheet
  13 -5.716410 -1.471220 0.865444 0.514148 -0.242816 0.822613 0.069659 0.806828 3 13 0.963467 12 0.018603 20 0.017930
  13 -5.718185 -0.648209 1.509824 0.271172 -0.809984 0.519992 0.054829 0.815624 3 13 0.941528 12 0.049409 20 0.009063
  13 -6.133681 -1.600409 0.701036 -0.280976 -0.513961 0.810492 0.075900 0.798368 3 13 0.964299 20 0.025716 12 0.009985
headcrabsheet
  13 -5.698495 0.538321 -0.212810 0.409886 0.199597 -0.890031 0.163806 0.848410 3 13 0.970790 12 0.028783 20 0.000427
  13 -6.160071 1.326879 -0.017401 0.070812 0.741409 -0.667306 0.144513 0.843143 2 13 0.903817 12 0.096183
  13 -5.098433 1.044532 1.205737 0.833925 0.541429 -0.106882 0.151604 0.877244 3 13 0.864591 12 0.135249 20 0.000160
headcrabsheet
  13 -5.098433 1.044532 1.205737 0.833925 0.541429 -0.106882 0.151604 0.877244 3 13 0.864591 12 0.135249 20 0.000160
  13 -6.160071 1.326879 -0.017401 0.070812 0.741409 -0.667306 0.144513 0.843143 2 13 0.903817 12 0.096183
  13 -6.263133 1.773002 3.171489 0.249539 0.963353 0.098396 0.108707 0.901890 3 13 0.691545 12 0.308104 11 0.000351
headcrabsheet
  13 -6.263133 1.773002 3.171489 0.249539 0.963353 0.098396 0.108707 0.901890 3 13 0.691545 12 0.308104 11 0.000351
  13 -6.160071 1.326879 -0.017401 0.070812 0.741409 -0.667306 0.144513 0.843143 2 13 0.903817 12 0.096183
  13 -7.521851 0.893013 0.352634 -0.802466 0.380141 -0.459936 0.116240 0.839346 2 13 0.917157 12 0.082843
headcrabsheet
  13 -6.263133 1.773002 3.171489 0.249539 0.963353 0.098396 0.108707 0.901890 3 13 0.691545 12 0.308104 11 0.000351
  13 -7.521851 0.893013 0.352634 -0.802466 0.380141 -0.459936 0.116240 0.839346 2 13 0.917157 12 0.082843
  13 -7.289701 1.449977 2.632958 -0.644484 0.740795 -0.189374 0.096714 0.880864 2 13 0.775509 12 0.224491
headcrabsheet
  13 -7.289701 1.449977 2.632958 -0.644484 0.740795 -0.189374 0.096714 0.880864 2 13 0.775509 12 0.224491
  13 -7.521851 0.893013 0.352634 -0.802466 0.380141 -0.459936 0.116240 0.839346 2 13 0.917157 12 0.082843
  13 -7.480723 0.486649 0.839231 -0.987503 -0.122520 -0.099125 0.106317 0.840483 3 13 0.928816 12 0.070811 20 0.000373
headcrabsheet
  13 -7.640638 0.381646 2.800381 -0.961241 -0.261600 0.087063 0.077377 0.867360 2 13 0.790383 12 0.209617
  13 -7.289701 1.449977 2.632958 -0.644484 0.740795 -0.189374 0.096714 0.880864 2 13 0.775509 12 0.224491
  13 -7.480723 0.486649 0.839231 -0.987503 -0.122520 -0.099125 0.106317 0.840483 3 13 0.928816 12 0.070811 20 0.000373
headcrabsheet
  13 -7.640638 0.381646 2.800381 -0.961241 -0.261600 0.087063 0.077377 0.867360 2 13 0.790383 12 0.209617
  13 -7.480723 0.486649 0.839231 -0.987503 -0.122520 -0.099125 0.106317 0.840483 3 13 0.928816 12 0.070811 20 0.000373
  13 -7.318982 -0.645629 1.101706 -0.805883 -0.587671 0.072070 0.087957 0.826800 3 13 0.933609 12 0.065302 20 0.001089
headcrabsheet
  13 -7.318982 -0.645629 1.101706 -0.805883 -0.587671 0.072070 0.087957 0.826800 3 13 0.933609 12 0.065302 20 0.001089
  13 -6.646357 -0.281579 2.982944 -0.352526 -0.916921 0.187032 0.054846 0.855129 2 13 0.860888 12 0.139112
  13 -7.640638 0.381646 2.800381 -0.961241 -0.261600 0.087063 0.077377 0.867360 2 13 0.790383 12 0.209617
headcrabsheet
  13 -5.718185 -0.648209 1.509824 0.271172 -0.809984 0.519992 0.054829 0.815624 3 13 0.941528 12 0.049409 20 0.009063
  13 -6.646357 -0.281579 2.982944 -0.352526 -0.916921 0.187032 0.054846 0.855129 2 13 0.860888 12 0.139112
  13 -7.318982 -0.645629 1.101706 -0.805883 -0.587671 0.072070 0.087957 0.826800 3 13 0.933609 12 0.065302 20 0.001089
headcrabsheet
  13 -5.718185 -0.648209 1.509824 0.271172 -0.809984 0.519992 0.054829 0.815624 3 13 0.941528 12 0.049409 20 0.009063
  13 -5.732174 -0.449075 3.167829 0.536761 -0.812604 0.227071 0.035372 0.847759 3 13 0.844287 12 0.154987 20 0.000726
  13 -6.646357 -0.281579 2.982944 -0.352526 -0.916921 0.187032 0.054846 0.855129 2 13 0.860888 12 0.139112
headcrabsheet
  13 -5.732174 -0.449075 3.167829 0.536761 -0.812604 0.227071 0.035372 0.847759 3 13 0.844287 12 0.154987 20 0.000726
  13 -5.718185 -0.648209 1.509824 0.271172 -0.809984 0.519992 0.054829 0.815624 3 13 0.941528 12 0.049409 20 0.009063
  13 -5.090282 -0.029055 1.557647 0.943306 -0.293019 0.155926 0.036115 0.807394 3 13 0.916299 12 0.080752 20 0.002949
headcrabsheet
  13 -5.718185 -0.648209 1.509824 0.271172 -0.809984 0.519992 0.054829 0.815624 3 13 0.941528 12 0.049409 20 0.009063
  13 -5.716410 -1.471220 0.865444 0.514148 -0.242816 0.822613 0.069659 0.806828 3 13 0.963467 12 0.018603 20 0.017930
  13 -5.090282 -0.029055 1.557647 0.943306 -0.293019 0.155926 0.036115 0.807394 3 13 0.916299 12 0.080752 20 0.002949
headcrabsheet
  13 -5.716410 -1.471220 0.865444 0.514148 -0.242816 0.822613 0.069659 0.806828 3 13 0.963467 12 0.018603 20 0.017930
  13 -5.078535 0.258134 0.487765 0.930877 0.020355 -0.364766 0.041395 0.782588 3 13 0.946533 12 0.052944 20 0.000523
  13 -5.090282 -0.029055 1.557647 0.943306 -0.293019 0.155926 0.036115 0.807394 3 13 0.916299 12 0.080752 20 0.002949
headcrabsheet
  13 -5.716410 -1.471220 0.865444 0.514148 -0.242816 0.822613 0.069659 0.806828 3 13 0.963467 12 0.018603 20 0.017930
  13 -5.549901 -0.548268 0.067676 0.660105 -0.270019 -0.700965 0.065875 0.783396 3 13 0.978485 12 0.017165 20 0.004350
  13 -5.078535 0.258134 0.487765 0.930877 0.020355 -0.364766 0.041395 0.782588 3 13 0.946533 12 0.052944 20 0.000523
headcrabsheet
  13 -5.716410 -1.471220 0.865444 0.514148 -0.242816 0.822613 0.069659 0.806828 3 13 0.963467 12 0.018603 20 0.017930
  13 -5.481136 -1.638373 0.517739 0.940530 -0.137452 -0.310662 0.079350 0.802739 3 13 0.983917 20 0.012091 12 0.003992
  13 -5.549901 -0.548268 0.067676 0.660105 -0.270019 -0.700965 0.065875 0.783396 3 13 0.978485 12 0.017165 20 0.004350
headcrabsheet
  13 -6.156570 -1.351527 0.092026 0.106436 -0.431127 -0.895991 0.090817 0.793817 3 13 0.989685 12 0.007028 20 0.003287
  13 -5.549901 -0.548268 0.067676 0.660105 -0.270019 -0.700965 0.065875 0.783396 3 13 0.978485 12 0.017165 20 0.004350
  13 -5.481136 -1.638373 0.517739 0.940530 -0.137452 -0.310662 0.079350 0.802739 3 13 0.983917 20 0.012091 12 0.003992
headcrabsheet
  13 -6.156570 -1.351527 0.092026 0.106436 -0.431127 -0.895991 0.090817 0.793817 3 13 0.989685 12 0.007028 20 0.003287
  13 -5.481136 -1.638373 0.517739 0.940530 -0.137452 -0.310662 0.079350 0.802739 3 13 0.983917 20 0.012091 12 0.003992
  13 -6.163952 -1.706576 0.357582 0.183335 -0.716532 -0.673030 0.087570 0.801971 3 13 0.983837 20 0.014992 12 0.001171
headcrabsheet
  13 -6.156570 -1.351527 0.092026 0.106436 -0.431127 -0.895991 0.090817 0.793817 3 13 0.989685 12 0.007028 20 0.003287
  13 -6.163952 -1.706576 0.357582 0.183335 -0.716532 -0.673030 0.087570 0.801971 3 13 0.983837 20 0.014992 12 0.001171
  13 -6.731741 -1.142900 0.058897 -0.471864 -0.342396 -0.812471 0.100856 0.803026 3 13 0.993644 12 0.003434 20 0.002922
headcrabsheet
  13 -7.404099 1.604668 3.484726 -0.684114 0.722971 0.096442 0.086657 0.894289 2 13 0.604035 12 0.395965
  13 -7.289701 1.449977 2.632958 -0.644484 0.740795 -0.189374 0.096714 0.880864 2 13 0.775509 12 0.224491
  13 -7.640638 0.381646 2.800381 -0.961241 -0.261600 0.087063 0.077377 0.867360 2 13 0.790383 12 0.209617
headcrabsheet
  13 -7.289701 1.449977 2.632958 -0.644484 0.740795 -0.189374 0.096714 0.880864 2 13 0.775509 12 0.224491
  13 -7.404099 1.604668 3.484726 -0.684114 0.722971 0.096442 0.086657 0.894289 2 13 0.604035 12 0.395965
  13 -6.263133 1.773002 3.171489 0.249539 0.963353 0.098396 0.108707 0.901890 3 13 0.691545 12 0.308104 11 0.000351
headcrabsheet
  13 -5.691443 0.079203 4.199707 0.935365 -0.351079 0.042843 0.018934 0.866919 3 13 0.555908 12 0.440197 11 0.003895
  13 -5.732174 -0.449075 3.167829 0.536761 -0.812604 0.227071 0.035372 0.847759 3 13 0.844287 12 0.154987 20 0.000726
  13 -5.734550 0.990337 3.953974 0.911952 0.348619 0.216353 0.004705 0.856547 3 13 0.602946 12 0.396632 11 0.000422
headcrabsheet
  13 -5.732174 -0.449075 3.167829 0.536761 -0.812604 0.227071 0.035372 0.847759 3 13 0.844287 12 0.154987 20 0.000726
  13 -5.691443 0.079203 4.199707 0.935365 -0.351079 0.042843 0.018934 0.866919 3 13 0.555908 12 0.440197 11 0.003895
  13 -6.100768 -0.333642 3.900862 0.016530 -0.988505 0.150281 0.033752 0.866886 2 13 0.694494 12 0.305506
headcrabsheet
  13 -6.100768 -0.333642 3.900862 0.016530 -0.988505 0.150281 0.033752 0.866886 2 13 0.694494 12 0.305506
  13 -6.646357 -0.281579 2.982944 -0.352526 -0.916921 0.187032 0.054846 0.855129 2 13 0.860888 12 0.139112
  13 -5.732174 -0.449075 3.167829 0.536761 -0.812604 0.227071 0.035372 0.847759 3 13 0.844287 12 0.154987 20 0.000726
headcrabsheet
  12 -6.104894 -0.403545 4.345167 -0.036474 -0.987140 -0.155644 0.028773 0.875860 3 12 0.583499 13 0.413491 11 0.003010
  13 -6.100768 -0.333642 3.900862 0.016530 -0.988505 0.150281 0.033752 0.866886 2 13 0.694494 12 0.305506
  13 -5.691443 0.079203 4.199707 0.935365 -0.351079 0.042843 0.018934 0.866919 3 13 0.555908 12 0.440197 11 0.003895
headcrabsheet
  13 -6.100768 -0.333642 3.900862 0.016530 -0.988505 0.150281 0.033752 0.866886 2 13 0.694494 12 0.305506
  12 -6.104894 -0.403545 4.345167 -0.036474 -0.987140 -0.155644 0.028773 0.875860 3 12 0.583499 13 0.413491 11 0.003010
  12 -7.061628 0.373534 4.432144 -0.660965 -0.587455 0.466929 0.051208 0.892694 3 12 0.629637 13 0.368029 11 0.002334
headcrabsheet
  12 -7.061628 0.373534 4.432144 -0.660965 -0.587455 0.466929 0.051208 0.892694 3 12 0.629637 13 0.368029 11 0.002334
  13 -6.646357 -0.281579 2.982944 -0.352526 -0.916921 0.187032 0.054846 0.855129 2 13 0.860888 12 0.139112
  13 -6.100768 -0.333642 3.900862 0.016530 -0.988505 0.150281 0.033752 0.866886 2 13 0.694494 12 0.305506
headcrabsheet
  12 -7.061628 0.373534 4.432144 -0.660965 -0.587455 0.466929 0.051208 0.892694 3 12 0.629637 13 0.368029 11 0.002334
  13 -7.373689 0.211740 3.969602 -0.712379 -0.588432 0.382444 0.058888 0.883409 3 13 0.600725 12 0.399165 11 0.000110
  13 -6.646357 -0.281579 2.982944 -0.352526 -0.916921 0.187032 0.054846 0.855129 2 13 0.860888 12 0.139112
headcrabsheet
  13 -7.373689 0.211740 3.969602 -0.712379 -0.588432 0.382444 0.058888 0.883409 3 13 0.600725 12 0.399165 11 0.000110
  13 -7.640638 0.381646 2.800381 -0.961241 -0.261600 0.087063 0.077377 0.867360 2 13 0.790383 12 0.209617
  13 -6.646357 -0.281579 2.982944 -0.352526 -0.916921 0.187032 0.054846 0.855129 2 13 0.860888 12 0.139112
headcrabsheet
  13 -7.640638 0.381646 2.800381 -0.961241 -0.261600 0.087063 0.077377 0.867360 2 13 0.790383 12 0.209617
  13 -7.373689 0.211740 3.969602 -0.712379 -0.588432 0.382444 0.058888 0.883409 3 13 0.600725 12 0.399165 11 0.000110
  12 -7.248390 1.378647 4.330868 -0.765166 0.521162 0.378035 0.073543 0.907410 3 12 0.633773 13 0.363876 11 0.002351
headcrabsheet
  13 -7.640638 0.381646 2.800381 -0.961241 -0.261600 0.087063 0.077377 0.867360 2 13 0.790383 12 0.209617
  12 -7.248390 1.378647 4.330868 -0.765166 0.521162 0.378035 0.073543 0.907410 3 12 0.633773 13 0.363876 11 0.002351
  13 -7.404099 1.604668 3.484726 -0.684114 0.722971 0.096442 0.086657 0.894289 2 13 0.604035 12 0.395965
headcrabsheet
  13 -7.404099 1.604668 3.484726 -0.684114 0.722971 0.096442 0.086657 0.894289 2 13 0.604035 12 0.395965
  12 -7.248390 1.378647 4.330868 -0.765166 0.521162 0.378035 0.073543 0.907410 3 12 0.633773 13 0.363876 11 0.002351
  12 -6.365386 1.529410 3.974104 0.271568 0.916447 0.293896 0.097675 0.916669 3 12 0.572806 13 0.420403 11 0.006791
headcrabsheet
  13 -7.404099 1.604668 3.484726 -0.684114 0.722971 0.096442 0.086657 0.894289 2 13 0.604035 12 0.395965
  12 -6.365386 1.529410 3.974104 0.271568 0.916447 0.293896 0.097675 0.916669 3 12 0.572806 13 0.420403 11 0.006791
  13 -6.263133 1.773002 3.171489 0.249539 0.963353 0.098396 0.108707 0.901890 3 13 0.691545 12 0.308104 11 0.000351
headcrabsheet
  13 -5.326551 1.101084 2.580667 0.890485 0.395897 0.224279 0.135351 0.900987 3 13 0.770265 12 0.229536 20 0.000199
  13 -6.263133 1.773002 3.171489 0.249539 0.963353 0.098396 0.108707 0.901890 3 13 0.691545 12 0.308104 11 0.000351
  12 -6.365386 1.529410 3.974104 0.271568 0.916447 0.293896 0.097675 0.916669 3 12 0.572806 13 0.420403 11 0.006791
headcrabsheet
  13 -5.326551 1.101084 2.580667 0.890485 0.395897 0.224279 0.135351 0.900987 3 13 0.770265 12 0.229536 20 0.000199
  13 -5.098433 1.044532 1.205737 0.833925 0.541429 -0.106882 0.151604 0.877244 3 13 0.864591 12 0.135249 20 0.000160
  13 -6.263133 1.773002 3.171489 0.249539 0.963353 0.098396 0.108707 0.901890 3 13 0.691545 12 0.308104 11 0.000351
headcrabsheet
  13 -5.098433 1.044532 1.205737 0.833925 0.541429 -0.106882 0.151604 0.877244 3 13 0.864591 12 0.135249 20 0.000160
  13 -5.326551 1.101084 2.580667 0.890485 0.395897 0.224279 0.135351 0.900987 3 13 0.770265 12 0.229536 20 0.000199
  13 -5.090282 -0.029055 1.557647 0.943306 -0.293019 0.155926 0.168715 0.894298 3 13 0.916299 12 0.080752 20 0.002949
headcrabsheet
  13 -5.090282 -0.029055 1.557647 0.943306 -0.293019 0.155926 0.168715 0.894298 3 13 0.916299 12 0.080752 20 0.002949
  13 -5.078535 0.258134 0.487765 0.930877 0.020355 -0.364766 0.171614 0.867709 3 13 0.946533 12 0.052944 20 0.000523
  13 -5.098433 1.044532 1.205737 0.833925 0.541429 -0.106882 0.151604 0.877244 3 13 0.864591 12 0.135249 20 0.000160
headcrabsheet
  13 -5.698495 0.538321 -0.212810 0.409886 0.199597 -0.890031 0.163806 0.848410 3 13 0.970790 12 0.028783 20 0.000427
  13 -5.098433 1.044532 1.205737 0.833925 0.541429 -0.106882 0.151604 0.877244 3 13 0.864591 12 0.135249 20 0.000160
  13 -5.078535 0.258134 0.487765 0.930877 0.020355 -0.364766 0.171614 0.867709 3 13 0.946533 12 0.052944 20 0.000523
headcrabsheet
  13 -5.078535 0.258134 0.487765 0.930877 0.020355 -0.364766 0.171614 0.867709 3 13 0.946533 12 0.052944 20 0.000523
  13 -5.549901 -0.548268 0.067676 0.660105 -0.270019 -0.700965 0.187865 0.850570 3 13 0.978485 12 0.017165 20 0.004350
  13 -5.698495 0.538321 -0.212810 0.409886 0.199597 -0.890031 0.163806 0.848410 3 13 0.970790 12 0.028783 20 0.000427
headcrabsheet
  13 -6.156570 -1.351527 0.092026 0.106436 -0.431127 -0.895991 0.203481 0.834664 3 13 0.989685 12 0.007028 20 0.003287
  13 -5.698495 0.538321 -0.212810 0.409886 0.199597 -0.890031 0.163806 0.848410 3 13 0.970790 12 0.028783 20 0.000427
  13 -5.549901 -0.548268 0.067676 0.660105 -0.270019 -0.700965 0.187865 0.850570 3 13 0.978485 12 0.017165 20 0.004350
headcrabsheet
  13 -6.156570 -1.351527 0.092026 0.106436 -0.431127 -0.895991 0.203481 0.834664 3 13 0.989685 12 0.007028 20 0.003287
  13 -6.912659 -0.478204 -0.122840 -0.532225 -0.183704 -0.826432 0.184820 0.824898 3 13 0.972951 12 0.026562 20 0.000487
  13 -5.698495 0.538321 -0.212810 0.409886 0.199597 -0.890031 0.163806 0.848410 3 13 0.970790 12 0.028783 20 0.000427
headcrabsheet
  13 -6.160071 1.326879 -0.017401 0.070812 0.741409 -0.667306 0.144513 0.843143 2 13 0.903817 12 0.096183
  13 -5.698495 0.538321 -0.212810 0.409886 0.199597 -0.890031 0.163806 0.848410 3 13 0.970790 12 0.028783 20 0.000427
  13 -6.912659 -0.478204 -0.122840 -0.532225 -0.183704 -0.826432 0.184820 0.824898 3 13 0.972951 12 0.026562 20 0.000487
headcrabsheet
  13 -7.373689 0.211740 3.969602 -0.712379 -0.588432 0.382444 0.058888 0.883409 3 13 0.600725 12 0.399165 11 0.000110
  12 -7.061628 0.373534 4.432144 -0.660965 -0.587455 0.466929 0.051208 0.892694 3 12 0.629637 13 0.368029 11 0.002334
  12 -7.248390 1.378647 4.330868 -0.765166 0.521162 0.378035 0.073543 0.907410 3 12 0.633773 13 0.363876 11 0.002351
headcrabsheet
  13 -5.326551 1.101084 2.580667 0.890485 0.395897 0.224279 0.135351 0.900987 3 13 0.770265 12 0.229536 20 0.000199
  13 -5.732174 -0.449075 3.167829 0.536761 -0.812604 0.227071 0.154779 0.932680 3 13 0.844287 12 0.154987 20 0.000726
  13 -5.090282 -0.029055 1.557647 0.943306 -0.293019 0.155926 0.168715 0.894298 3 13 0.916299 12 0.080752 20 0.002949
headcrabsheet
  13 -5.326551 1.101084 2.580667 0.890485 0.395897 0.224279 0.135351 0.900987 3 13 0.770265 12 0.229536 20 0.000199
  13 -5.734550 0.990337 3.953974 0.911952 0.348619 0.216353 0.117064 0.926873 3 13 0.602946 12 0.396632 11 0.000422
  13 -5.732174 -0.449075 3.167829 0.536761 -0.812604 0.227071 0.154779 0.932680 3 13 0.844287 12 0.154987 20 0.000726
headcrabsheet
  13 -5.326551 1.101084 2.580667 0.890485 0.395897 0.224279 0.135351 0.900987 3 13 0.770265 12 0.229536 20 0.000199
  12 -6.365386 1.529410 3.974104 0.271568 0.916447 0.293896 0.097675 0.916669 3 12 0.572806 13 0.420403 11 0.006791
  13 -5.734550 0.990337 3.953974 0.911952 0.348619 0.216353 0.117064 0.926873 3 13 0.602946 12 0.396632 11 0.000422
headcrabsheet
  11 -6.308912 -1.883987 9.530940 -0.541265 -0.815265 -0.205853 0.542913 0.695997 3 11 0.845039 12 0.151914 13 0.003047
  11 -4.641892 -0.669537 7.932754 0.593137 -0.399225 -0.699148 0.519409 0.642864 3 11 0.763480 12 0.233276 13 0.003244
  11 -4.877072 -1.913393 9.447469 -0.010656 -0.703059 -0.711052 0.520383 0.662249 3 11 0.745480 0 0.160441 12 0.094079
headcrabsheet
  0 -3.738631 -3.922558 12.124672 0.596319 -0.793439 0.121897 0.489502 0.679695 3 0 0.788365 5 0.131895 4 0.079739
  0 -3.809999 -4.078252 12.420252 0.432555 -0.724155 0.537118 0.490862 0.682218 3 0 0.774725 5 0.147897 4 0.077379
  0 -3.900103 -4.260539 12.261768 0.279209 -0.878985 0.386558 0.492382 0.681319 3 0 0.794075 5 0.135777 4 0.070148
headcrabsheet
  0 -4.203977 -4.203402 12.196063 -0.664514 -0.723385 0.187442 0.494171 0.681496 3 0 0.791175 5 0.143985 4 0.064840
  0 -3.900103 -4.260539 12.261768 0.279209 -0.878985 0.386558 0.492382 0.681319 3 0 0.794075 5 0.135777 4 0.070148
  0 -3.809999 -4.078252 12.420252 0.432555 -0.724155 0.537118 0.490862 0.682218 3 0 0.774725 5 0.147897 4 0.077379
headcrabsheet
  0 -3.809999 -4.078252 12.420252 0.432555 -0.724155 0.537118 0.490862 0.682218 3 0 0.774725 5 0.147897 4 0.077379
  0 -4.099360 -3.824550 12.663185 -0.277743 -0.265760 0.923163 0.492146 0.684245 3 0 0.747429 5 0.178272 4 0.074299
  0 -4.203977 -4.203402 12.196063 -0.664514 -0.723385 0.187442 0.494171 0.681496 3 0 0.791175 5 0.143985 4 0.064840
headcrabsheet
  11 -4.798217 -2.688465 10.541952 -0.636989 -0.768086 0.065489 0.510305 0.682642 3 11 0.808293 0 0.154996 12 0.036711
  0 -4.203977 -4.203402 12.196063 -0.664514 -0.723385 0.187442 0.494171 0.681496 3 0 0.791175 5 0.143985 4 0.064840
  0 -4.099360 -3.824550 12.663185 -0.277743 -0.265760 0.923163 0.492146 0.684245 3 0 0.747429 5 0.178272 4 0.074299
headcrabsheet
  0 -5.132201 -2.635910 12.498421 -0.512099 -0.819871 0.256059 0.502459 0.705116 3 0 0.454212 11 0.369366 5 0.176423
  11 -4.798217 -2.688465 10.541952 -0.636989 -0.768086 0.065489 0.510305 0.682642 3 11 0.808293 0 0.154996 12 0.036711
  0 -4.099360 -3.824550 12.663185 -0.277743 -0.265760 0.923163 0.492146 0.684245 3 0 0.747429 5 0.178272 4 0.074299
headcrabsheet
  11 -4.798217 -2.688465 10.541952 -0.636989 -0.768086 0.065489 0.510305 0.682642 3 11 0.808293 0 0.154996 12 0.036711
  0 -5.132201 -2.635910 12.498421 -0.512099 -0.819871 0.256059 0.502459 0.705116 3 0 0.454212 11 0.369366 5 0.176423
  11 -5.774944 -2.155151 11.839306 -0.572926 -0.819244 0.024388 0.518528 0.717773 3 11 0.792484 0 0.128453 5 0.079063
headcrabsheet
  11 -5.774944 -2.155151 11.839306 -0.572926 -0.819244 0.024388 0.518528 0.717773 3 11 0.792484 0 0.128453 5 0.079063
  0 -5.132201 -2.635910 12.498421 -0.512099 -0.819871 0.256059 0.502459 0.705116 3 0 0.454212 11 0.369366 5 0.176423
  8 -5.029704 -2.335944 13.668719 -0.597651 -0.801137 -0.031511 0.492894 0.732992 3 8 0.452753 0 0.285865 5 0.261382
headcrabsheet
  11 -6.776450 -1.485277 11.743311 -0.864750 -0.501349 -0.029263 0.541017 0.737235 3 11 0.853693 5 0.073389 0 0.072918
  11 -5.774944 -2.155151 11.839306 -0.572926 -0.819244 0.024388 0.518528 0.717773 3 11 0.792484 0 0.128453 5 0.079063
  8 -5.029704 -2.335944 13.668719 -0.597651 -0.801137 -0.031511 0.492894 0.732992 3 8 0.452753 0 0.285865 5 0.261382
headcrabsheet
  11 -4.798217 -2.688465 10.541952 -0.636989 -0.768086 0.065489 0.510305 0.682642 3 11 0.808293 0 0.154996 12 0.036711
  11 -5.774944 -2.155151 11.839306 -0.572926 -0.819244 0.024388 0.518528 0.717773 3 11 0.792484 0 0.128453 5 0.079063
  11 -6.776450 -1.485277 11.743311 -0.864750 -0.501349 -0.029263 0.541017 0.737235 3 11 0.853693 5 0.073389 0 0.072918
headcrabsheet
  11 -4.798217 -2.688465 10.541952 -0.636989 -0.768086 0.065489 0.510305 0.682642 3 11 0.808293 0 0.154996 12 0.036711
  11 -6.776450 -1.485277 11.743311 -0.864750 -0.501349 -0.029263 0.541017 0.737235 3 11 0.853693 5 0.073389 0 0.072918
  11 -6.308912 -1.883987 9.530940 -0.541265 -0.815265 -0.205853 0.542913 0.695997 3 11 0.845039 12 0.151914 13 0.003047
headcrabsheet
  11 -6.308912 -1.883987 9.530940 -0.541265 -0.815265 -0.205853 0.542913 0.695997 3 11 0.845039 12 0.151914 13 0.003047
  0 -3.992664 -3.363960 10.511979 0.036654 -0.755491 -0.654132 0.497700 0.663016 3 0 0.616365 11 0.282192 12 0.101443
  11 -4.798217 -2.688465 10.541952 -0.636989 -0.768086 0.065489 0.510305 0.682642 3 11 0.808293 0 0.154996 12 0.036711
headcrabsheet
  11 -4.877072 -1.913393 9.447469 -0.010656 -0.703059 -0.711052 0.520383 0.662249 3 11 0.745480 0 0.160441 12 0.094079
  0 -3.992664 -3.363960 10.511979 0.036654 -0.755491 -0.654132 0.497700 0.663016 3 0 0.616365 11 0.282192 12 0.101443
  11 -6.308912 -1.883987 9.530940 -0.541265 -0.815265 -0.205853 0.542913 0.695997 3 11 0.845039 12 0.151914 13 0.003047
headcrabsheet
  0 -3.992664 -3.363960 10.511979 0.036654 -0.755491 -0.654132 0.497700 0.663016 3 0 0.616365 11 0.282192 12 0.101443
  11 -4.877072 -1.913393 9.447469 -0.010656 -0.703059 -0.711052 0.520383 0.662249 3 11 0.745480 0 0.160441 12 0.094079
  0 -3.512204 -2.490376 10.159593 0.337599 -0.659215 -0.671909 0.485763 0.643253 3 0 0.748792 11 0.198875 12 0.052333
headcrabsheet
  0 -3.512204 -2.490376 10.159593 0.337599 -0.659215 -0.671909 0.485763 0.643253 3 0 0.748792 11 0.198875 12 0.052333
  11 -4.877072 -1.913393 9.447469 -0.010656 -0.703059 -0.711052 0.520383 0.662249 3 11 0.745480 0 0.160441 12 0.094079
  11 -4.641892 -0.669537 7.932754 0.593137 -0.399225 -0.699148 0.519409 0.642864 3 11 0.763480 12 0.233276 13 0.003244
headcrabsheet
  0 -3.512204 -2.490376 10.159593 0.337599 -0.659215 -0.671909 0.485763 0.643253 3 0 0.748792 11 0.198875 12 0.052333
  11 -4.641892 -0.669537 7.932754 0.593137 -0.399225 -0.699148 0.519409 0.642864 3 11 0.763480 12 0.233276 13 0.003244
  0 -2.465502 -0.871948 8.908677 0.115135 -0.459722 -0.880568 0.464807 0.589189 3 0 0.919896 12 0.066982 4 0.013122
headcrabsheet
  11 -4.641892 -0.669537 7.932754 0.593137 -0.399225 -0.699148 0.519409 0.642864 3 11 0.763480 12 0.233276 13 0.003244
  11 -3.812263 0.465835 9.091872 0.094595 0.060541 -0.993673 0.497171 0.565987 3 11 0.565536 0 0.373850 12 0.060614
  0 -2.465502 -0.871948 8.908677 0.115135 -0.459722 -0.880568 0.464807 0.589189 3 0 0.919896 12 0.066982 4 0.013122
headcrabsheet
  0 -2.093735 0.860882 8.614446 -0.069604 -0.106042 -0.991922 0.463352 0.538736 3 0 0.908576 4 0.075617 12 0.015807
  0 -2.465502 -0.871948 8.908677 0.115135 -0.459722 -0.880568 0.464807 0.589189 3 0 0.919896 12 0.066982 4 0.013122
  11 -3.812263 0.465835 9.091872 0.094595 0.060541 -0.993673 0.497171 0.565987 3 11 0.565536 0 0.373850 12 0.060614
headcrabsheet
  0 -3.972811 2.473223 8.076056 -0.191302 0.037523 -0.980814 0.503096 0.513405 3 0 0.763427 4 0.201167 12 0.035406
  0 -2.093735 0.860882 8.614446 -0.069604 -0.106042 -0.991922 0.463352 0.538736 3 0 0.908576 4 0.075617 12 0.015807
  11 -3.812263 0.465835 9.091872 0.094595 0.060541 -0.993673 0.497171 0.565987 3 11 0.565536 0 0.373850 12 0.060614
headcrabsheet
  0 -3.972811 2.473223 8.076056 -0.191302 0.037523 -0.980814 0.503096 0.513405 3 0 0.763427 4 0.201167 12 0.035406
  0 -2.673452 3.735078 8.342958 0.004866 0.537929 -0.842976 0.493587 0.491165 3 0 0.776763 4 0.199687 5 0.023550
  0 -2.093735 0.860882 8.614446 -0.069604 -0.106042 -0.991922 0.463352 0.538736 3 0 0.908576 4 0.075617 12 0.015807
headcrabsheet
  0 -4.203977 -4.203402 12.196063 -0.664514 -0.723385 0.187442 0.494171 0.681496 3 0 0.791175 5 0.143985 4 0.064840
  11 -4.798217 -2.688465 10.541952 -0.636989 -0.768086 0.065489 0.510305 0.682642 3 11 0.808293 0 0.154996 12 0.036711
  0 -3.992664 -3.363960 10.511979 0.036654 -0.755491 -0.654132 0.497700 0.663016 3 0 0.616365 11 0.282192 12 0.101443
headcrabsheet
  0 -4.203977 -4.203402 12.196063 -0.664514 -0.723385 0.187442 0.494171 0.681496 3 0 0.791175 5 0.143985 4 0.064840
  0 -3.992664 -3.363960 10.511979 0.036654 -0.755491 -0.654132 0.497700 0.663016 3 0 0.616365 11 0.282192 12 0.101443
  0 -3.729311 -4.213596 11.713311 0.203937 -0.954586 -0.217198 0.491270 0.676117 3 0 0.827745 5 0.110775 4 0.061480
headcrabsheet
  0 -3.900103 -4.260539 12.261768 0.279209 -0.878985 0.386558 0.492382 0.681319 3 0 0.794075 5 0.135777 4 0.070148
  0 -4.203977 -4.203402 12.196063 -0.664514 -0.723385 0.187442 0.494171 0.681496 3 0 0.791175 5 0.143985 4 0.064840
  0 -3.729311 -4.213596 11.713311 0.203937 -0.954586 -0.217198 0.491270 0.676117 3 0 0.827745 5 0.110775 4 0.061480
headcrabsheet
  0 -3.729311 -4.213596 11.713311 0.203937 -0.954586 -0.217198 0.491270 0.676117 3 0 0.827745 5 0.110775 4 0.061480
  0 -3.754370 -4.089497 11.881191 0.685602 -0.572818 0.449255 0.490652 0.677682 3 0 0.805623 5 0.123878 4 0.070498
  0 -3.900103 -4.260539 12.261768 0.279209 -0.878985 0.386558 0.492382 0.681319 3 0 0.794075 5 0.135777 4 0.070148
headcrabsheet
  0 -5.132201 -2.635910 12.498421 -0.512099 -0.819871 0.256059 0.502459 0.705116 3 0 0.454212 11 0.369366 5 0.176423
  0 -3.543062 -2.729037 11.966415 -0.367632 -0.786931 -0.495566 0.466149 0.692867 3 0 0.711150 5 0.179292 4 0.109558
  8 -5.029704 -2.335944 13.668719 -0.597651 -0.801137 -0.031511 0.492894 0.732992 3 8 0.452753 0 0.285865 5 0.261382
headcrabsheet
  0 -2.465502 -0.871948 8.908677 0.115135 -0.459722 -0.880568 0.464807 0.589189 3 0 0.919896 12 0.066982 4 0.013122
  0 0.000000 0.672389 8.299904 0.000000 -0.020310 -0.999794 0.423719 0.540321 3 0 0.554030 4 0.432884 2 0.013086
  2 -0.000001 -0.696402 8.836160 0.000000 -0.588194 -0.808720 0.412472 0.570492 3 2 0.370094 12 0.370094 4 0.259811
headcrabsheet
  0 -2.465502 -0.871948 8.908677 0.115135 -0.459722 -0.880568 0.464807 0.589189 3 0 0.919896 12 0.066982 4 0.013122
  0 -2.093735 0.860882 8.614446 -0.069604 -0.106042 -0.991922 0.463352 0.538736 3 0 0.908576 4 0.075617 12 0.015807
  0 0.000000 0.672389 8.299904 0.000000 -0.020310 -0.999794 0.423719 0.540321 3 0 0.554030 4 0.432884 2 0.013086
headcrabsheet
  0 -3.972811 2.473223 8.076056 -0.191302 0.037523 -0.980814 0.503096 0.513405 3 0 0.763427 4 0.201167 12 0.035406
  11 -5.562076 1.627807 9.013715 -0.105295 0.059332 -0.992669 0.537520 0.549767 3 11 0.675698 0 0.262706 12 0.061596
  11 -6.682343 2.421108 9.295465 -0.705419 0.632564 -0.319761 0.557613 0.503879 3 11 0.835957 0 0.113533 12 0.050510
headcrabsheet
  11 -5.562076 1.627807 9.013715 -0.105295 0.059332 -0.992669 0.537520 0.549767 3 11 0.675698 0 0.262706 12 0.061596
  0 -3.972811 2.473223 8.076056 -0.191302 0.037523 -0.980814 0.503096 0.513405 3 0 0.763427 4 0.201167 12 0.035406
  11 -3.812263 0.465835 9.091872 0.094595 0.060541 -0.993673 0.497171 0.565987 3 11 0.565536 0 0.373850 12 0.060614
headcrabsheet
  11 -3.812263 0.465835 9.091872 0.094595 0.060541 -0.993673 0.497171 0.565987 3 11 0.565536 0 0.373850 12 0.060614
  11 -4.908128 0.980613 8.837942 0.621340 0.583486 -0.522953 0.529349 0.577110 3 11 0.673055 0 0.168266 12 0.158680
  11 -5.562076 1.627807 9.013715 -0.105295 0.059332 -0.992669 0.537520 0.549767 3 11 0.675698 0 0.262706 12 0.061596
headcrabsheet
  11 -3.812263 0.465835 9.091872 0.094595 0.060541 -0.993673 0.497171 0.565987 3 11 0.565536 0 0.373850 12 0.060614
  11 -4.641892 -0.669537 7.932754 0.593137 -0.399225 -0.699148 0.519409 0.642864 3 11 0.763480 12 0.233276 13 0.003244
  11 -4.908128 0.980613 8.837942 0.621340 0.583486 -0.522953 0.529349 0.577110 3 11 0.673055 0 0.168266 12 0.158680
headcrabsheet
  0 3.972811 2.473224 8.076056 0.191302 0.037523 -0.980814 0.381407 0.467809 3 0 0.763427 4 0.201167 2 0.035406
  1 6.682336 2.421111 9.295466 0.705416 0.632567 -0.319761 0.346429 0.424921 3 1 0.835958 0 0.113533 2 0.050509
  1 5.562072 1.627805 9.013715 0.105295 0.059332 -0.992669 0.331581 0.472764 3 1 0.675698 0 0.262706 2 0.061596
headcrabsheet
  1 5.562072 1.627805 9.013715 0.105295 0.059332 -0.992669 0.331581 0.472764 3 1 0.675698 0 0.262706 2 0.061596
  1 3.812263 0.465828 9.091872 -0.094595 0.060541 -0.993673 0.351466 0.511438 3 1 0.565536 0 0.373850 2 0.060614
  0 3.972811 2.473224 8.076056 0.191302 0.037523 -0.980814 0.381407 0.467809 3 0 0.763427 4 0.201167 2 0.035406
headcrabsheet
  0 3.972811 2.473224 8.076056 0.191302 0.037523 -0.980814 0.381407 0.467809 3 0 0.763427 4 0.201167 2 0.035406
  1 3.812263 0.465828 9.091872 -0.094595 0.060541 -0.993673 0.351466 0.511438 3 1 0.565536 0 0.373850 2 0.060614
  0 2.093735 0.860882 8.614446 0.069604 -0.106042 -0.991922 0.403753 0.516145 3 0 0.908576 4 0.075617 2 0.015807
headcrabsheet
  0 2.093735 0.860882 8.614446 0.069604 -0.106042 -0.991922 0.403753 0.516145 3 0 0.908576 4 0.075617 2 0.015807
  1 3.812263 0.465828 9.091872 -0.094595 0.060541 -0.993673 0.351466 0.511438 3 1 0.565536 0 0.373850 2 0.060614
  0 2.465502 -0.871948 8.908677 -0.115135 -0.459722 -0.880568 0.360745 0.550164 3 0 0.919896 2 0.066982 4 0.013122
headcrabsheet
  0 2.465502 -0.871948 8.908677 -0.115135 -0.459722 -0.880568 0.360745 0.550164 3 0 0.919896 2 0.066982 4 0.013122
  0 0.000000 0.672389 8.299904 0.000000 -0.020310 -0.999794 0.423719 0.540321 3 0 0.554030 4 0.432884 2 0.013086
  0 2.093735 0.860882 8.614446 0.069604 -0.106042 -0.991922 0.403753 0.516145 3 0 0.908576 4 0.075617 2 0.015807
headcrabsheet
  0 2.465502 -0.871948 8.908677 -0.115135 -0.459722 -0.880568 0.360745 0.550164 3 0 0.919896 2 0.066982 4 0.013122
  2 -0.000001 -0.696402 8.836160 0.000000 -0.588194 -0.808720 0.412472 0.570492 3 2 0.370094 12 0.370094 4 0.259811
  0 0.000000 0.672389 8.299904 0.000000 -0.020310 -0.999794 0.423719 0.540321 3 0 0.554030 4 0.432884 2 0.013086
headcrabsheet
  0 2.465502 -0.871948 8.908677 -0.115135 -0.459722 -0.880568 0.360745 0.550164 3 0 0.919896 2 0.066982 4 0.013122
  0 0.000000 -1.591692 9.986630 0.000000 -0.653733 -0.756725 0.397218 0.611411 3 0 0.985326 4 0.008668 5 0.006006
  2 -0.000001 -0.696402 8.836160 0.000000 -0.588194 -0.808720 0.412472 0.570492 3 2 0.370094 12 0.370094 4 0.259811
headcrabsheet
  0 -2.465502 -0.871948 8.908677 0.115135 -0.459722 -0.880568 0.464807 0.589189 3 0 0.919896 12 0.066982 4 0.013122
  2 -0.000001 -0.696402 8.836160 0.000000 -0.588194 -0.808720 0.412472 0.570492 3 2 0.370094 12 0.370094 4 0.259811
  0 0.000000 -1.591692 9.986630 0.000000 -0.653733 -0.756725 0.397218 0.611411 3 0 0.985326 4 0.008668 5 0.006006
headcrabsheet
  0 -2.465502 -0.871948 8.908677 0.115135 -0.459722 -0.880568 0.464807 0.589189 3 0 0.919896 12 0.066982 4 0.013122
  0 0.000000 -1.591692 9.986630 0.000000 -0.653733 -0.756725 0.397218 0.611411 3 0 0.985326 4 0.008668 5 0.006006
  0 -1.503426 -1.739926 10.494842 -0.069716 -0.607486 -0.791265 0.433812 0.627504 3 0 0.966612 4 0.019015 5 0.014373
headcrabsheet
  0 -2.465502 -0.871948 8.908677 0.115135 -0.459722 -0.880568 0.464807 0.589189 3 0 0.919896 12 0.066982 4 0.013122
  0 -1.503426 -1.739926 10.494842 -0.069716 -0.607486 -0.791265 0.433812 0.627504 3 0 0.966612 4 0.019015 5 0.014373
  0 -3.512204 -2.490376 10.159593 0.337599 -0.659215 -0.671909 0.485763 0.643253 3 0 0.748792 11 0.198875 12 0.052333
headcrabsheet
  0 -1.503426 -1.739926 10.494842 -0.069716 -0.607486 -0.791265 0.433812 0.627504 3 0 0.966612 4 0.019015 5 0.014373
  0 -3.284355 -2.922860 10.924275 0.812868 -0.544099 -0.207850 0.477967 0.659078 3 0 0.905491 4 0.049991 5 0.044518
  0 -3.512204 -2.490376 10.159593 0.337599 -0.659215 -0.671909 0.485763 0.643253 3 0 0.748792 11 0.198875 12 0.052333
headcrabsheet
  0 -3.284355 -2.922860 10.924275 0.812868 -0.544099 -0.207850 0.477967 0.659078 3 0 0.905491 4 0.049991 5 0.044518
  0 -3.992664 -3.363960 10.511979 0.036654 -0.755491 -0.654132 0.497700 0.663016 3 0 0.616365 11 0.282192 12 0.101443
  0 -3.512204 -2.490376 10.159593 0.337599 -0.659215 -0.671909 0.485763 0.643253 3 0 0.748792 11 0.198875 12 0.052333
headcrabsheet
  0 -3.284355 -2.922860 10.924275 0.812868 -0.544099 -0.207850 0.477967 0.659078 3 0 0.905491 4 0.049991 5 0.044518
  0 -3.248627 -3.650035 11.476001 0.788396 -0.517836 -0.332081 0.482917 0.671707 3 0 0.849121 5 0.082481 4 0.068398
  0 -3.992664 -3.363960 10.511979 0.036654 -0.755491 -0.654132 0.497700 0.663016 3 0 0.616365 11 0.282192 12 0.101443
headcrabsheet
  0 -3.729311 -4.213596 11.713311 0.203937 -0.954586 -0.217198 0.491270 0.676117 3 0 0.827745 5 0.110775 4 0.061480
  0 -3.992664 -3.363960 10.511979 0.036654 -0.755491 -0.654132 0.497700 0.663016 3 0 0.616365 11 0.282192 12 0.101443
  0 -3.248627 -3.650035 11.476001 0.788396 -0.517836 -0.332081 0.482917 0.671707 3 0 0.849121 5 0.082481 4 0.068398
headcrabsheet
  0 -3.248627 -3.650035 11.476001 0.788396 -0.517836 -0.332081 0.482917 0.671707 3 0 0.849121 5 0.082481 4 0.068398
  0 -3.557351 -4.095611 11.780261 0.587307 -0.797531 0.137897 0.489448 0.675690 3 0 0.816128 5 0.111426 4 0.072446
  0 -3.729311 -4.213596 11.713311 0.203937 -0.954586 -0.217198 0.491270 0.676117 3 0 0.827745 5 0.110775 4 0.061480
headcrabsheet
  0 -3.729311 -4.213596 11.713311 0.203937 -0.954586 -0.217198 0.491270 0.676117 3 0 0.827745 5 0.110775 4 0.061480
  0 -3.557351 -4.095611 11.780261 0.587307 -0.797531 0.137897 0.489448 0.675690 3 0 0.816128 5 0.111426 4 0.072446
  0 -3.754370 -4.089497 11.881191 0.685602 -0.572818 0.449255 0.490652 0.677682 3 0 0.805623 5 0.123878 4 0.070498
headcrabsheet
  0 -3.738631 -3.922558 12.124672 0.596319 -0.793439 0.121897 0.489502 0.679695 3 0 0.788365 5 0.131895 4 0.079739
  0 -3.754370 -4.089497 11.881191 0.685602 -0.572818 0.449255 0.490652 0.677682 3 0 0.805623 5 0.123878 4 0.070498
  0 -3.557351 -4.095611 11.780261 0.587307 -0.797531 0.137897 0.489448 0.675690 3 0 0.816128 5 0.111426 4 0.072446
headcrabsheet
  0 -3.738631 -3.922558 12.124672 0.596319 -0.793439 0.121897 0.489502 0.679695 3 0 0.788365 5 0.131895 4 0.079739
  0 -3.900103 -4.260539 12.261768 0.279209 -0.878985 0.386558 0.492382 0.681319 3 0 0.794075 5 0.135777 4 0.070148
  0 -3.754370 -4.089497 11.881191 0.685602 -0.572818 0.449255 0.490652 0.677682 3 0 0.805623 5 0.123878 4 0.070498
headcrabsheet
  0 -3.738631 -3.922558 12.124672 0.596319 -0.793439 0.121897 0.489502 0.679695 3 0 0.788365 5 0.131895 4 0.079739
  0 -3.557351 -4.095611 11.780261 0.587307 -0.797531 0.137897 0.489448 0.675690 3 0 0.816128 5 0.111426 4 0.072446
  0 -3.477957 -3.881107 11.954103 0.156384 -0.888342 0.431732 0.487358 0.677438 3 0 0.796484 5 0.122265 4 0.081251
headcrabsheet
  0 -1.503426 -1.739926 10.494842 -0.069716 -0.607486 -0.791265 0.433812 0.627504 3 0 0.966612 4 0.019015 5 0.014373
  0 -3.833960 -2.595512 11.893628 0.643843 -0.745926 0.170475 0.473349 0.692454 3 0 0.812534 5 0.094092 4 0.093375
  0 -3.284355 -2.922860 10.924275 0.812868 -0.544099 -0.207850 0.477967 0.659078 3 0 0.905491 4 0.049991 5 0.044518
headcrabsheet
  1 4.641897 -0.669542 7.932754 -0.593135 -0.399227 -0.699148 0.284331 0.554999 3 1 0.763480 2 0.233276 3 0.003244
  0 2.465502 -0.871948 8.908677 -0.115135 -0.459722 -0.880568 0.360745 0.550164 3 0 0.919896 2 0.066982 4 0.013122
  1 3.812263 0.465828 9.091872 -0.094595 0.060541 -0.993673 0.351466 0.511438 3 1 0.565536 0 0.373850 2 0.060614
headcrabsheet
  1 3.812263 0.465828 9.091872 -0.094595 0.060541 -0.993673 0.351466 0.511438 3 1 0.565536 0 0.373850 2 0.060614
  1 4.908126 0.980609 8.837942 -0.621342 0.583484 -0.522953 0.319859 0.498784 3 1 0.673055 0 0.168266 2 0.158680
  1 4.641897 -0.669542 7.932754 -0.593135 -0.399227 -0.699148 0.284331 0.554999 3 1 0.763480 2 0.233276 3 0.003244
headcrabsheet
  1 3.812263 0.465828 9.091872 -0.094595 0.060541 -0.993673 0.351466 0.511438 3 1 0.565536 0 0.373850 2 0.060614
  1 5.562072 1.627805 9.013715 0.105295 0.059332 -0.992669 0.331581 0.472764 3 1 0.675698 0 0.262706 2 0.061596
  1 4.908126 0.980609 8.837942 -0.621342 0.583484 -0.522953 0.319859 0.498784 3 1 0.673055 0 0.168266 2 0.158680
headcrabsheet
  0 -3.284355 -2.922860 10.924275 0.812868 -0.544099 -0.207850 0.477967 0.659078 3 0 0.905491 4 0.049991 5 0.044518
  0 -3.154273 -3.234482 11.391699 0.980433 0.178910 -0.082113 0.476423 0.670921 3 0 0.825913 4 0.091072 5 0.083016
  0 -3.248627 -3.650035 11.476001 0.788396 -0.517836 -0.332081 0.482917 0.671707 3 0 0.849121 5 0.082481 4 0.068398
headcrabsheet
  0 -3.154273 -3.234482 11.391699 0.980433 0.178910 -0.082113 0.476423 0.670921 3 0 0.825913 4 0.091072 5 0.083016
  0 -3.138712 -3.453793 11.856684 0.950321 0.065244 0.304357 0.481319 0.676322 3 0 0.792150 5 0.105932 4 0.101918
  0 -3.248627 -3.650035 11.476001 0.788396 -0.517836 -0.332081 0.482917 0.671707 3 0 0.849121 5 0.082481 4 0.068398
headcrabsheet
  0 -3.557351 -4.095611 11.780261 0.587307 -0.797531 0.137897 0.489448 0.675690 3 0 0.816128 5 0.111426 4 0.072446
  0 -3.248627 -3.650035 11.476001 0.788396 -0.517836 -0.332081 0.482917 0.671707 3 0 0.849121 5 0.082481 4 0.068398
  0 -3.138712 -3.453793 11.856684 0.950321 0.065244 0.304357 0.481319 0.676322 3 0 0.792150 5 0.105932 4 0.101918
headcrabsheet
  0 -3.557351 -4.095611 11.780261 0.587307 -0.797531 0.137897 0.489448 0.675690 3 0 0.816128 5 0.111426 4 0.072446
  0 -3.138712 -3.453793 11.856684 0.950321 0.065244 0.304357 0.481319 0.676322 3 0 0.792150 5 0.105932 4 0.101918
  0 -3.303406 -3.874012 11.972380 0.768420 -0.621698 0.151734 0.485954 0.677020 3 0 0.796606 5 0.117097 4 0.086298
headcrabsheet
  0 -3.477957 -3.881107 11.954103 0.156384 -0.888342 0.431732 0.487358 0.677438 3 0 0.796484 5 0.122265 4 0.081251
  0 -3.557351 -4.095611 11.780261 0.587307 -0.797531 0.137897 0.489448 0.675690 3 0 0.816128 5 0.111426 4 0.072446
  0 -3.303406 -3.874012 11.972380 0.768420 -0.621698 0.151734 0.485954 0.677020 3 0 0.796606 5 0.117097 4 0.086298
headcrabsheet
  0 -3.477957 -3.881107 11.954103 0.156384 -0.888342 0.431732 0.487358 0.677438 3 0 0.796484 5 0.122265 4 0.081251
  0 -3.303406 -3.874012 11.972380 0.768420 -0.621698 0.151734 0.485954 0.677020 3 0 0.796606 5 0.117097 4 0.086298
  0 -3.594932 -3.921663 12.397964 0.664542 -0.541298 0.515151 0.488547 0.682038 3 0 0.777469 5 0.133462 4 0.089069
headcrabsheet
  0 -3.594932 -3.921663 12.397964 0.664542 -0.541298 0.515151 0.488547 0.682038 3 0 0.777469 5 0.133462 4 0.089069
  0 -3.738631 -3.922558 12.124672 0.596319 -0.793439 0.121897 0.489502 0.679695 3 0 0.788365 5 0.131895 4 0.079739
  0 -3.477957 -3.881107 11.954103 0.156384 -0.888342 0.431732 0.487358 0.677438 3 0 0.796484 5 0.122265 4 0.081251
headcrabsheet
  0 -3.738631 -3.922558 12.124672 0.596319 -0.793439 0.121897 0.489502 0.679695 3 0 0.788365 5 0.131895 4 0.079739
  0 -3.594932 -3.921663 12.397964 0.664542 -0.541298 0.515151 0.488547 0.682038 3 0 0.777469 5 0.133462 4 0.089069
  0 -3.809999 -4.078252 12.420252 0.432555 -0.724155 0.537118 0.490862 0.682218 3 0 0.774725 5 0.147897 4 0.077379
headcrabsheet
  0 -4.099360 -3.824550 12.663185 -0.277743 -0.265760 0.923163 0.492146 0.684245 3 0 0.747429 5 0.178272 4 0.074299
  0 -3.809999 -4.078252 12.420252 0.432555 -0.724155 0.537118 0.490862 0.682218 3 0 0.774725 5 0.147897 4 0.077379
  0 -3.594932 -3.921663 12.397964 0.664542 -0.541298 0.515151 0.488547 0.682038 3 0 0.777469 5 0.133462 4 0.089069
headcrabsheet
  0 -4.099360 -3.824550 12.663185 -0.277743 -0.265760 0.923163 0.492146 0.684245 3 0 0.747429 5 0.178272 4 0.074299
  0 -3.594932 -3.921663 12.397964 0.664542 -0.541298 0.515151 0.488547 0.682038 3 0 0.777469 5 0.133462 4 0.089069
  0 -3.626222 -3.594674 12.436452 0.564938 0.217072 0.796068 0.486951 0.683615 3 0 0.757639 5 0.134522 4 0.107839
headcrabsheet
  0 -5.132201 -2.635910 12.498421 -0.512099 -0.819871 0.256059 0.502459 0.705116 3 0 0.454212 11 0.369366 5 0.176423
  0 -4.099360 -3.824550 12.663185 -0.277743 -0.265760 0.923163 0.492146 0.684245 3 0 0.747429 5 0.178272 4 0.074299
  0 -3.626222 -3.594674 12.436452 0.564938 0.217072 0.796068 0.486951 0.683615 3 0 0.757639 5 0.134522 4 0.107839
headcrabsheet
  0 -5.132201 -2.635910 12.498421 -0.512099 -0.819871 0.256059 0.502459 0.705116 3 0 0.454212 11 0.369366 5 0.176423
  0 -3.626222 -3.594674 12.436452 0.564938 0.217072 0.796068 0.486951 0.683615 3 0 0.757639 5 0.134522 4 0.107839
  0 -3.833960 -2.595512 11.893628 0.643843 -0.745926 0.170475 0.473349 0.692454 3 0 0.812534 5 0.094092 4 0.093375
headcrabsheet
  0 -3.833960 -2.595512 11.893628 0.643843 -0.745926 0.170475 0.473349 0.692454 3 0 0.812534 5 0.094092 4 0.093375
  0 -3.543062 -2.729037 11.966415 -0.367632 -0.786931 -0.495566 0.466149 0.692867 3 0 0.711150 5 0.179292 4 0.109558
  0 -5.132201 -2.635910 12.498421 -0.512099 -0.819871 0.256059 0.502459 0.705116 3 0 0.454212 11 0.369366 5 0.176423
headcrabsheet
  0 -1.876524 -2.529634 10.727167 -0.368917 -0.401662 -0.838193 0.433964 0.650789 3 0 0.931444 4 0.036656 5 0.031900
  0 -3.543062 -2.729037 11.966415 -0.367632 -0.786931 -0.495566 0.466149 0.692867 3 0 0.711150 5 0.179292 4 0.109558
  0 -3.833960 -2.595512 11.893628 0.643843 -0.745926 0.170475 0.473349 0.692454 3 0 0.812534 5 0.094092 4 0.093375
headcrabsheet
  0 -3.833960 -2.595512 11.893628 0.643843 -0.745926 0.170475 0.473349 0.692454 3 0 0.812534 5 0.094092 4 0.093375
  0 -1.503426 -1.739926 10.494842 -0.069716 -0.607486 -0.791265 0.433812 0.627504 3 0 0.966612 4 0.019015 5 0.014373
  0 -1.876524 -2.529634 10.727167 -0.368917 -0.401662 -0.838193 0.433964 0.650789 3 0 0.931444 4 0.036656 5 0.031900
headcrabsheet
  0 0.000000 -1.591692 9.986630 0.000000 -0.653733 -0.756725 0.397218 0.611411 3 0 0.985326 4 0.008668 5 0.006006
  0 -1.876524 -2.529634 10.727167 -0.368917 -0.401662 -0.838193 0.433964 0.650789 3 0 0.931444 4 0.036656 5 0.031900
  0 -1.503426 -1.739926 10.494842 -0.069716 -0.607486 -0.791265 0.433812 0.627504 3 0 0.966612 4 0.019015 5 0.014373
headcrabsheet
  0 -3.138712 -3.453793 11.856684 0.950321 0.065244 0.304357 0.481319 0.676322 3 0 0.792150 5 0.105932 4 0.101918
  0 -3.154273 -3.234482 11.391699 0.980433 0.178910 -0.082113 0.476423 0.670921 3 0 0.825913 4 0.091072 5 0.083016
  0 -3.833960 -2.595512 11.893628 0.643843 -0.745926 0.170475 0.473349 0.692454 3 0 0.812534 5 0.094092 4 0.093375
headcrabsheet
  0 -3.833960 -2.595512 11.893628 0.643843 -0.745926 0.170475 0.473349 0.692454 3 0 0.812534 5 0.094092 4 0.093375
  0 -3.626222 -3.594674 12.436452 0.564938 0.217072 0.796068 0.486951 0.683615 3 0 0.757639 5 0.134522 4 0.107839
  0 -3.138712 -3.453793 11.856684 0.950321 0.065244 0.304357 0.481319 0.676322 3 0 0.792150 5 0.105932 4 0.101918
headcrabsheet
  0 -3.626222 -3.594674 12.436452 0.564938 0.217072 0.796068 0.486951 0.683615 3 0 0.757639 5 0.134522 4 0.107839
  0 -3.303406 -3.874012 11.972380 0.768420 -0.621698 0.151734 0.485954 0.677020 3 0 0.796606 5 0.117097 4 0.086298
  0 -3.138712 -3.453793 11.856684 0.950321 0.065244 0.304357 0.481319 0.676322 3 0 0.792150 5 0.105932 4 0.101918
headcrabsheet
  0 -3.626222 -3.594674 12.436452 0.564938 0.217072 0.796068 0.486951 0.683615 3 0 0.757639 5 0.134522 4 0.107839
  0 -3.594932 -3.921663 12.397964 0.664542 -0.541298 0.515151 0.488547 0.682038 3 0 0.777469 5 0.133462 4 0.089069
  0 -3.303406 -3.874012 11.972380 0.768420 -0.621698 0.151734 0.485954 0.677020 3 0 0.796606 5 0.117097 4 0.086298
headcrabsheet
  1 5.774955 -2.155152 11.839305 0.572930 -0.819242 0.024387 0.235962 0.612205 3 1 0.792484 0 0.128453 5 0.079063
  14 5.029703 -2.335952 13.668722 0.597651 -0.801137 -0.031510 0.245378 0.640490 3 14 0.452753 0 0.285864 5 0.261383
  0 5.132206 -2.635912 12.498420 0.512101 -0.819870 0.256059 0.256395 0.613156 3 0 0.454211 1 0.369366 5 0.176423
headcrabsheet
  0 5.132206 -2.635912 12.498420 0.512101 -0.819870 0.256059 0.256395 0.613156 3 0 0.454211 1 0.369366 5 0.176423
  14 5.029703 -2.335952 13.668722 0.597651 -0.801137 -0.031510 0.245378 0.640490 3 14 0.452753 0 0.285864 5 0.261383
  0 3.543062 -2.729037 11.966414 0.367632 -0.786931 -0.495566 0.291863 0.627664 3 0 0.711150 5 0.179292 4 0.109559
headcrabsheet
  0 3.833960 -2.595512 11.893626 -0.643843 -0.745926 0.170475 0.286690 0.622638 3 0 0.812534 5 0.094091 4 0.093374
  0 5.132206 -2.635912 12.498420 0.512101 -0.819870 0.256059 0.256395 0.613156 3 0 0.454211 1 0.369366 5 0.176423
  0 3.543062 -2.729037 11.966414 0.367632 -0.786931 -0.495566 0.291863 0.627664 3 0 0.711150 5 0.179292 4 0.109559
headcrabsheet
  0 1.876524 -2.529634 10.727168 0.368917 -0.401662 -0.838193 0.343738 0.616922 3 0 0.931444 4 0.036656 5 0.031901
  0 3.833960 -2.595512 11.893626 -0.643843 -0.745926 0.170475 0.286690 0.622638 3 0 0.812534 5 0.094091 4 0.093374
  0 3.543062 -2.729037 11.966414 0.367632 -0.786931 -0.495566 0.291863 0.627664 3 0 0.711150 5 0.179292 4 0.109559
headcrabsheet
  0 3.833960 -2.595512 11.893626 -0.643843 -0.745926 0.170475 0.286690 0.622638 3 0 0.812534 5 0.094091 4 0.093374
  0 1.876524 -2.529634 10.727168 0.368917 -0.401662 -0.838193 0.343738 0.616922 3 0 0.931444 4 0.036656 5 0.031901
  0 1.503426 -1.739926 10.494842 0.069716 -0.607486 -0.791265 0.359095 0.599419 3 0 0.966612 4 0.019015 5 0.014373
headcrabsheet
  0 0.000000 -1.591692 9.986630 0.000000 -0.653733 -0.756725 0.397218 0.611411 3 0 0.985326 4 0.008668 5 0.006006
  0 1.503426 -1.739926 10.494842 0.069716 -0.607486 -0.791265 0.359095 0.599419 3 0 0.966612 4 0.019015 5 0.014373
  0 1.876524 -2.529634 10.727168 0.368917 -0.401662 -0.838193 0.343738 0.616922 3 0 0.931444 4 0.036656 5 0.031901
headcrabsheet
  0 2.465502 -0.871948 8.908677 -0.115135 -0.459722 -0.880568 0.360745 0.550164 3 0 0.919896 2 0.066982 4 0.013122
  0 1.503426 -1.739926 10.494842 0.069716 -0.607486 -0.791265 0.359095 0.599419 3 0 0.966612 4 0.019015 5 0.014373
  0 0.000000 -1.591692 9.986630 0.000000 -0.653733 -0.756725 0.397218 0.611411 3 0 0.985326 4 0.008668 5 0.006006
headcrabsheet
  0 2.465502 -0.871948 8.908677 -0.115135 -0.459722 -0.880568 0.360745 0.550164 3 0 0.919896 2 0.066982 4 0.013122
  0 3.512208 -2.490379 10.159593 -0.337599 -0.659215 -0.671909 0.309512 0.577317 3 0 0.748792 1 0.198875 2 0.052333
  0 1.503426 -1.739926 10.494842 0.069716 -0.607486 -0.791265 0.359095 0.599419 3 0 0.966612 4 0.019015 5 0.014373
headcrabsheet
  0 3.512208 -2.490379 10.159593 -0.337599 -0.659215 -0.671909 0.309512 0.577317 3 0 0.748792 1 0.198875 2 0.052333
  0 2.465502 -0.871948 8.908677 -0.115135 -0.459722 -0.880568 0.360745 0.550164 3 0 0.919896 2 0.066982 4 0.013122
  1 4.641897 -0.669542 7.932754 -0.593135 -0.399227 -0.699148 0.284331 0.554999 3 1 0.763480 2 0.233276 3 0.003244
headcrabsheet
  0 3.512208 -2.490379 10.159593 -0.337599 -0.659215 -0.671909 0.309512 0.577317 3 0 0.748792 1 0.198875 2 0.052333
  1 4.641897 -0.669542 7.932754 -0.593135 -0.399227 -0.699148 0.284331 0.554999 3 1 0.763480 2 0.233276 3 0.003244
  1 4.877082 -1.913398 9.447469 0.010658 -0.703059 -0.711052 0.270906 0.569016 3 1 0.745480 0 0.160441 2 0.094079
headcrabsheet
  1 6.308923 -1.883986 9.530940 0.541268 -0.815262 -0.205853 0.231782 0.579781 3 1 0.845039 2 0.151914 3 0.003047
  1 4.877082 -1.913398 9.447469 0.010658 -0.703059 -0.711052 0.270906 0.569016 3 1 0.745480 0 0.160441 2 0.094079
  1 4.641897 -0.669542 7.932754 -0.593135 -0.399227 -0.699148 0.284331 0.554999 3 1 0.763480 2 0.233276 3 0.003244
headcrabsheet
  1 4.877082 -1.913398 9.447469 0.010658 -0.703059 -0.711052 0.270906 0.569016 3 1 0.745480 0 0.160441 2 0.094079
  1 6.308923 -1.883986 9.530940 0.541268 -0.815262 -0.205853 0.231782 0.579781 3 1 0.845039 2 0.151914 3 0.003047
  0 3.992670 -3.363963 10.511979 -0.036653 -0.755491 -0.654132 0.287551 0.584444 3 0 0.616365 1 0.282192 2 0.101443
headcrabsheet
  1 6.308923 -1.883986 9.530940 0.541268 -0.815262 -0.205853 0.231782 0.579781 3 1 0.845039 2 0.151914 3 0.003047
  1 4.798231 -2.688470 10.541952 0.636992 -0.768083 0.065489 0.265175 0.591030 3 1 0.808293 0 0.154996 2 0.036711
  0 3.992670 -3.363963 10.511979 -0.036653 -0.755491 -0.654132 0.287551 0.584444 3 0 0.616365 1 0.282192 2 0.101443
headcrabsheet
  0 4.203976 -4.203403 12.196063 0.664514 -0.723385 0.187442 0.278122 0.600724 3 0 0.791175 5 0.143985 4 0.064840
  0 3.992670 -3.363963 10.511979 -0.036653 -0.755491 -0.654132 0.287551 0.584444 3 0 0.616365 1 0.282192 2 0.101443
  1 4.798231 -2.688470 10.541952 0.636992 -0.768083 0.065489 0.265175 0.591030 3 1 0.808293 0 0.154996 2 0.036711
headcrabsheet
  1 4.798231 -2.688470 10.541952 0.636992 -0.768083 0.065489 0.265175 0.591030 3 1 0.808293 0 0.154996 2 0.036711
  0 4.099360 -3.824550 12.663185 0.277743 -0.265760 0.923163 0.277853 0.604128 3 0 0.747429 5 0.178272 4 0.074299
  0 4.203976 -4.203403 12.196063 0.664514 -0.723385 0.187442 0.278122 0.600724 3 0 0.791175 5 0.143985 4 0.064840
headcrabsheet
  0 3.809999 -4.078251 12.420252 -0.432555 -0.724154 0.537119 0.280151 0.603436 3 0 0.774725 5 0.147897 4 0.077379
  0 4.203976 -4.203403 12.196063 0.664514 -0.723385 0.187442 0.278122 0.600724 3 0 0.791175 5 0.143985 4 0.064840
  0 4.099360 -3.824550 12.663185 0.277743 -0.265760 0.923163 0.277853 0.604128 3 0 0.747429 5 0.178272 4 0.074299
headcrabsheet
  0 4.099360 -3.824550 12.663185 0.277743 -0.265760 0.923163 0.277853 0.604128 3 0 0.747429 5 0.178272 4 0.074299
  0 3.594932 -3.921664 12.397964 -0.664542 -0.541298 0.515151 0.282019 0.604816 3 0 0.777469 5 0.133462 4 0.089069
  0 3.809999 -4.078251 12.420252 -0.432555 -0.724154 0.537119 0.280151 0.603436 3 0 0.774725 5 0.147897 4 0.077379
headcrabsheet
  0 3.738631 -3.922558 12.124672 -0.596319 -0.793439 0.121897 0.282831 0.602419 3 0 0.788365 5 0.131895 4 0.079739
  0 3.809999 -4.078251 12.420252 -0.432555 -0.724154 0.537119 0.280151 0.603436 3 0 0.774725 5 0.147897 4 0.077379
  0 3.594932 -3.921664 12.397964 -0.664542 -0.541298 0.515151 0.282019 0.604816 3 0 0.777469 5 0.133462 4 0.089069
headcrabsheet
  0 1.503426 -1.739926 10.494842 0.069716 -0.607486 -0.791265 0.359095 0.599419 3 0 0.966612 4 0.019015 5 0.014373
  0 3.284354 -2.922860 10.924275 -0.812868 -0.544099 -0.207850 0.305047 0.594384 3 0 0.905491 4 0.049991 5 0.044518
  0 3.833960 -2.595512 11.893626 -0.643843 -0.745926 0.170475 0.286690 0.622638 3 0 0.812534 5 0.094091 4 0.093374
headcrabsheet
  0 1.503426 -1.739926 10.494842 0.069716 -0.607486 -0.791265 0.359095 0.599419 3 0 0.966612 4 0.019015 5 0.014373
  0 3.512208 -2.490379 10.159593 -0.337599 -0.659215 -0.671909 0.309512 0.577317 3 0 0.748792 1 0.198875 2 0.052333
  0 3.284354 -2.922860 10.924275 -0.812868 -0.544099 -0.207850 0.305047 0.594384 3 0 0.905491 4 0.049991 5 0.044518
headcrabsheet
  0 3.284354 -2.922860 10.924275 -0.812868 -0.544099 -0.207850 0.305047 0.594384 3 0 0.905491 4 0.049991 5 0.044518
  0 3.512208 -2.490379 10.159593 -0.337599 -0.659215 -0.671909 0.309512 0.577317 3 0 0.748792 1 0.198875 2 0.052333
  0 3.992670 -3.363963 10.511979 -0.036653 -0.755491 -0.654132 0.287551 0.584444 3 0 0.616365 1 0.282192 2 0.101443
headcrabsheet
  0 3.992670 -3.363963 10.511979 -0.036653 -0.755491 -0.654132 0.287551 0.584444 3 0 0.616365 1 0.282192 2 0.101443
  0 3.512208 -2.490379 10.159593 -0.337599 -0.659215 -0.671909 0.309512 0.577317 3 0 0.748792 1 0.198875 2 0.052333
  1 4.877082 -1.913398 9.447469 0.010658 -0.703059 -0.711052 0.270906 0.569016 3 1 0.745480 0 0.160441 2 0.094079
headcrabsheet
  1 4.798231 -2.688470 10.541952 0.636992 -0.768083 0.065489 0.265175 0.591030 3 1 0.808293 0 0.154996 2 0.036711
  1 6.308923 -1.883986 9.530940 0.541268 -0.815262 -0.205853 0.231782 0.579781 3 1 0.845039 2 0.151914 3 0.003047
  1 6.776459 -1.485275 11.743313 0.864752 -0.501345 -0.029263 0.206221 0.612197 3 1 0.853693 5 0.073388 0 0.072919
headcrabsheet
  0 4.099360 -3.824550 12.663185 0.277743 -0.265760 0.923163 0.277853 0.604128 3 0 0.747429 5 0.178272 4 0.074299
  0 3.626222 -3.594674 12.436452 -0.564938 0.217072 0.796068 0.282193 0.607052 3 0 0.757639 5 0.134522 4 0.107839
  0 3.594932 -3.921664 12.397964 -0.664542 -0.541298 0.515151 0.282019 0.604816 3 0 0.777469 5 0.133462 4 0.089069
headcrabsheet
  0 3.626222 -3.594674 12.436452 -0.564938 0.217072 0.796068 0.282193 0.607052 3 0 0.757639 5 0.134522 4 0.107839
  0 3.303406 -3.874012 11.972380 -0.768420 -0.621698 0.151734 0.287264 0.602719 3 0 0.796606 5 0.117097 4 0.086298
  0 3.594932 -3.921664 12.397964 -0.664542 -0.541298 0.515151 0.282019 0.604816 3 0 0.777469 5 0.133462 4 0.089069
headcrabsheet
  0 3.477957 -3.881107 11.954103 -0.156384 -0.888342 0.431732 0.285929 0.602116 3 0 0.796484 5 0.122265 4 0.081251
  0 3.594932 -3.921664 12.397964 -0.664542 -0.541298 0.515151 0.282019 0.604816 3 0 0.777469 5 0.133462 4 0.089069
  0 3.303406 -3.874012 11.972380 -0.768420 -0.621698 0.151734 0.287264 0.602719 3 0 0.796606 5 0.117097 4 0.086298
headcrabsheet
  0 3.594932 -3.921664 12.397964 -0.664542 -0.541298 0.515151 0.282019 0.604816 3 0 0.777469 5 0.133462 4 0.089069
  0 3.477957 -3.881107 11.954103 -0.156384 -0.888342 0.431732 0.285929 0.602116 3 0 0.796484 5 0.122265 4 0.081251
  0 3.738631 -3.922558 12.124672 -0.596319 -0.793439 0.121897 0.282831 0.602419 3 0 0.788365 5 0.131895 4 0.079739
headcrabsheet
  0 3.738631 -3.922558 12.124672 -0.596319 -0.793439 0.121897 0.282831 0.602419 3 0 0.788365 5 0.131895 4 0.079739
  0 3.477957 -3.881107 11.954103 -0.156384 -0.888342 0.431732 0.285929 0.602116 3 0 0.796484 5 0.122265 4 0.081251
  0 3.557351 -4.095611 11.780261 -0.587307 -0.797531 0.137897 0.285493 0.599427 3 0 0.816128 5 0.111426 4 0.072446
headcrabsheet
  0 3.477957 -3.881107 11.954103 -0.156384 -0.888342 0.431732 0.285929 0.602116 3 0 0.796484 5 0.122265 4 0.081251
  0 3.303406 -3.874012 11.972380 -0.768420 -0.621698 0.151734 0.287264 0.602719 3 0 0.796606 5 0.117097 4 0.086298
  0 3.557351 -4.095611 11.780261 -0.587307 -0.797531 0.137897 0.285493 0.599427 3 0 0.816128 5 0.111426 4 0.072446
headcrabsheet
  0 3.557351 -4.095611 11.780261 -0.587307 -0.797531 0.137897 0.285493 0.599427 3 0 0.816128 5 0.111426 4 0.072446
  0 3.303406 -3.874012 11.972380 -0.768420 -0.621698 0.151734 0.287264 0.602719 3 0 0.796606 5 0.117097 4 0.086298
  0 3.138712 -3.453793 11.856684 -0.950321 0.065244 0.304357 0.291225 0.605226 3 0 0.792150 5 0.105932 4 0.101918
headcrabsheet
  0 3.626222 -3.594674 12.436452 -0.564938 0.217072 0.796068 0.282193 0.607052 3 0 0.757639 5 0.134522 4 0.107839
  0 3.138712 -3.453793 11.856684 -0.950321 0.065244 0.304357 0.291225 0.605226 3 0 0.792150 5 0.105932 4 0.101918
  0 3.303406 -3.874012 11.972380 -0.768420 -0.621698 0.151734 0.287264 0.602719 3 0 0.796606 5 0.117097 4 0.086298
headcrabsheet
  0 3.833960 -2.595512 11.893626 -0.643843 -0.745926 0.170475 0.286690 0.622638 3 0 0.812534 5 0.094091 4 0.093374
  0 3.138712 -3.453793 11.856684 -0.950321 0.065244 0.304357 0.291225 0.605226 3 0 0.792150 5 0.105932 4 0.101918
  0 3.626222 -3.594674 12.436452 -0.564938 0.217072 0.796068 0.282193 0.607052 3 0 0.757639 5 0.134522 4 0.107839
headcrabsheet
  0 5.132206 -2.635912 12.498420 0.512101 -0.819870 0.256059 0.256395 0.613156 3 0 0.454211 1 0.369366 5 0.176423
  0 3.833960 -2.595512 11.893626 -0.643843 -0.745926 0.170475 0.286690 0.622638 3 0 0.812534 5 0.094091 4 0.093374
  0 3.626222 -3.594674 12.436452 -0.564938 0.217072 0.796068 0.282193 0.607052 3 0 0.757639 5 0.134522 4 0.107839
headcrabsheet
  0 5.132206 -2.635912 12.498420 0.512101 -0.819870 0.256059 0.256395 0.613156 3 0 0.454211 1 0.369366 5 0.176423
  0 3.626222 -3.594674 12.436452 -0.564938 0.217072 0.796068 0.282193 0.607052 3 0 0.757639 5 0.134522 4 0.107839
  0 4.099360 -3.824550 12.663185 0.277743 -0.265760 0.923163 0.277853 0.604128 3 0 0.747429 5 0.178272 4 0.074299
headcrabsheet
  0 5.132206 -2.635912 12.498420 0.512101 -0.819870 0.256059 0.256395 0.613156 3 0 0.454211 1 0.369366 5 0.176423
  0 4.099360 -3.824550 12.663185 0.277743 -0.265760 0.923163 0.277853 0.604128 3 0 0.747429 5 0.178272 4 0.074299
  1 4.798231 -2.688470 10.541952 0.636992 -0.768083 0.065489 0.265175 0.591030 3 1 0.808293 0 0.154996 2 0.036711
headcrabsheet
  1 4.798231 -2.688470 10.541952 0.636992 -0.768083 0.065489 0.265175 0.591030 3 1 0.808293 0 0.154996 2 0.036711
  1 5.774955 -2.155152 11.839305 0.572930 -0.819242 0.024387 0.235962 0.612205 3 1 0.792484 0 0.128453 5 0.079063
  0 5.132206 -2.635912 12.498420 0.512101 -0.819870 0.256059 0.256395 0.613156 3 0 0.454211 1 0.369366 5 0.176423
headcrabsheet
  1 4.798231 -2.688470 10.541952 0.636992 -0.768083 0.065489 0.265175 0.591030 3 1 0.808293 0 0.154996 2 0.036711
  1 6.776459 -1.485275 11.743313 0.864752 -0.501345 -0.029263 0.206221 0.612197 3 1 0.853693 5 0.073388 0 0.072919
  1 5.774955 -2.155152 11.839305 0.572930 -0.819242 0.024387 0.235962 0.612205 3 1 0.792484 0 0.128453 5 0.079063
headcrabsheet
  1 6.776459 -1.485275 11.743313 0.864752 -0.501345 -0.029263 0.206221 0.612197 3 1 0.853693 5 0.073388 0 0.072919
  14 5.029703 -2.335952 13.668722 0.597651 -0.801137 -0.031510 0.245378 0.640490 3 14 0.452753 0 0.285864 5 0.261383
  1 5.774955 -2.155152 11.839305 0.572930 -0.819242 0.024387 0.235962 0.612205 3 1 0.792484 0 0.128453 5 0.079063
headcrabsheet
  0 3.738631 -3.922558 12.124672 -0.596319 -0.793439 0.121897 0.282831 0.602419 3 0 0.788365 5 0.131895 4 0.079739
  0 3.557351 -4.095611 11.780261 -0.587307 -0.797531 0.137897 0.285493 0.599427 3 0 0.816128 5 0.111426 4 0.072446
  0 3.754370 -4.089498 11.881191 -0.685602 -0.572818 0.449255 0.283279 0.600144 3 0 0.805623 5 0.123878 4 0.070498
headcrabsheet
  0 3.738631 -3.922558 12.124672 -0.596319 -0.793439 0.121897 0.282831 0.602419 3 0 0.788365 5 0.131895 4 0.079739
  0 3.754370 -4.089498 11.881191 -0.685602 -0.572818 0.449255 0.283279 0.600144 3 0 0.805623 5 0.123878 4 0.070498
  0 3.900103 -4.260539 12.261768 -0.279209 -0.878985 0.386558 0.279590 0.601762 3 0 0.794075 5 0.135777 4 0.070148
headcrabsheet
  0 3.738631 -3.922558 12.124672 -0.596319 -0.793439 0.121897 0.282831 0.602419 3 0 0.788365 5 0.131895 4 0.079739
  0 3.900103 -4.260539 12.261768 -0.279209 -0.878985 0.386558 0.279590 0.601762 3 0 0.794075 5 0.135777 4 0.070148
  0 3.809999 -4.078251 12.420252 -0.432555 -0.724154 0.537119 0.280151 0.603436 3 0 0.774725 5 0.147897 4 0.077379
headcrabsheet
  0 4.203976 -4.203403 12.196063 0.664514 -0.723385 0.187442 0.278122 0.600724 3 0 0.791175 5 0.143985 4 0.064840
  0 3.809999 -4.078251 12.420252 -0.432555 -0.724154 0.537119 0.280151 0.603436 3 0 0.774725 5 0.147897 4 0.077379
  0 3.900103 -4.260539 12.261768 -0.279209 -0.878985 0.386558 0.279590 0.601762 3 0 0.794075 5 0.135777 4 0.070148
headcrabsheet
  0 3.900103 -4.260539 12.261768 -0.279209 -0.878985 0.386558 0.279590 0.601762 3 0 0.794075 5 0.135777 4 0.070148
  0 3.729311 -4.213596 11.713311 -0.203937 -0.954586 -0.217198 0.283837 0.598557 3 0 0.827745 5 0.110775 4 0.061480
  0 4.203976 -4.203403 12.196063 0.664514 -0.723385 0.187442 0.278122 0.600724 3 0 0.791175 5 0.143985 4 0.064840
headcrabsheet
  0 4.203976 -4.203403 12.196063 0.664514 -0.723385 0.187442 0.278122 0.600724 3 0 0.791175 5 0.143985 4 0.064840
  0 3.729311 -4.213596 11.713311 -0.203937 -0.954586 -0.217198 0.283837 0.598557 3 0 0.827745 5 0.110775 4 0.061480
  0 3.992670 -3.363963 10.511979 -0.036653 -0.755491 -0.654132 0.287551 0.584444 3 0 0.616365 1 0.282192 2 0.101443
headcrabsheet
  0 3.729311 -4.213596 11.713311 -0.203937 -0.954586 -0.217198 0.283837 0.598557 3 0 0.827745 5 0.110775 4 0.061480
  0 3.248627 -3.650035 11.476001 -0.788396 -0.517836 -0.332081 0.293038 0.600691 3 0 0.849121 5 0.082481 4 0.068398
  0 3.992670 -3.363963 10.511979 -0.036653 -0.755491 -0.654132 0.287551 0.584444 3 0 0.616365 1 0.282192 2 0.101443
headcrabsheet
  0 3.284354 -2.922860 10.924275 -0.812868 -0.544099 -0.207850 0.305047 0.594384 3 0 0.905491 4 0.049991 5 0.044518
  0 3.992670 -3.363963 10.511979 -0.036653 -0.755491 -0.654132 0.287551 0.584444 3 0 0.616365 1 0.282192 2 0.101443
  0 3.248627 -3.650035 11.476001 -0.788396 -0.517836 -0.332081 0.293038 0.600691 3 0 0.849121 5 0.082481 4 0.068398
headcrabsheet
  0 3.284354 -2.922860 10.924275 -0.812868 -0.544099 -0.207850 0.305047 0.594384 3 0 0.905491 4 0.049991 5 0.044518
  0 3.248627 -3.650035 11.476001 -0.788396 -0.517836 -0.332081 0.293038 0.600691 3 0 0.849121 5 0.082481 4 0.068398
  0 3.154272 -3.234482 11.391699 -0.980433 0.178910 -0.082113 0.298462 0.604348 3 0 0.825913 4 0.091072 5 0.083016
headcrabsheet
  0 3.154272 -3.234482 11.391699 -0.980433 0.178910 -0.082113 0.298462 0.604348 3 0 0.825913 4 0.091072 5 0.083016
  0 3.248627 -3.650035 11.476001 -0.788396 -0.517836 -0.332081 0.293038 0.600691 3 0 0.849121 5 0.082481 4 0.068398
  0 3.138712 -3.453793 11.856684 -0.950321 0.065244 0.304357 0.291225 0.605226 3 0 0.792150 5 0.105932 4 0.101918
headcrabsheet
  0 3.138712 -3.453793 11.856684 -0.950321 0.065244 0.304357 0.291225 0.605226 3 0 0.792150 5 0.105932 4 0.101918
  0 3.833960 -2.595512 11.893626 -0.643843 -0.745926 0.170475 0.286690 0.622638 3 0 0.812534 5 0.094091 4 0.093374
  0 3.154272 -3.234482 11.391699 -0.980433 0.178910 -0.082113 0.298462 0.604348 3 0 0.825913 4 0.091072 5 0.083016
headcrabsheet
  0 3.729311 -4.213596 11.713311 -0.203937 -0.954586 -0.217198 0.283837 0.598557 3 0 0.827745 5 0.110775 4 0.061480
  0 3.900103 -4.260539 12.261768 -0.279209 -0.878985 0.386558 0.279590 0.601762 3 0 0.794075 5 0.135777 4 0.070148
  0 3.754370 -4.089498 11.881191 -0.685602 -0.572818 0.449255 0.283279 0.600144 3 0 0.805623 5 0.123878 4 0.070498
headcrabsheet
  0 3.729311 -4.213596 11.713311 -0.203937 -0.954586 -0.217198 0.283837 0.598557 3 0 0.827745 5 0.110775 4 0.061480
  0 3.754370 -4.089498 11.881191 -0.685602 -0.572818 0.449255 0.283279 0.600144 3 0 0.805623 5 0.123878 4 0.070498
  0 3.557351 -4.095611 11.780261 -0.587307 -0.797531 0.137897 0.285493 0.599427 3 0 0.816128 5 0.111426 4 0.072446
headcrabsheet
  0 3.248627 -3.650035 11.476001 -0.788396 -0.517836 -0.332081 0.293038 0.600691 3 0 0.849121 5 0.082481 4 0.068398
  0 3.729311 -4.213596 11.713311 -0.203937 -0.954586 -0.217198 0.283837 0.598557 3 0 0.827745 5 0.110775 4 0.061480
  0 3.557351 -4.095611 11.780261 -0.587307 -0.797531 0.137897 0.285493 0.599427 3 0 0.816128 5 0.111426 4 0.072446
headcrabsheet
  0 3.557351 -4.095611 11.780261 -0.587307 -0.797531 0.137897 0.285493 0.599427 3 0 0.816128 5 0.111426 4 0.072446
  0 3.138712 -3.453793 11.856684 -0.950321 0.065244 0.304357 0.291225 0.605226 3 0 0.792150 5 0.105932 4 0.101918
  0 3.248627 -3.650035 11.476001 -0.788396 -0.517836 -0.332081 0.293038 0.600691 3 0 0.849121 5 0.082481 4 0.068398
headcrabsheet
  6 -4.234259 -3.543937 17.706182 -0.512861 -0.079597 0.854774 0.548318 0.532556 3 6 0.514979 8 0.462584 9 0.022437
  6 -4.109341 -4.013840 17.737373 -0.245618 -0.305669 0.919912 0.548308 0.528731 1 6 1.000000
  6 -3.978694 -3.759089 17.575781 0.885357 0.198726 0.420299 0.550186 0.531069 1 6 1.000000
headcrabsheet
  6 -4.109341 -4.013840 17.737373 -0.245618 -0.305669 0.919912 0.548308 0.528731 1 6 1.000000
  6 -4.234259 -3.543937 17.706182 -0.512861 -0.079597 0.854774 0.548318 0.532556 3 6 0.514979 8 0.462584 9 0.022437
  6 -4.289829 -3.671763 17.505478 -0.928583 -0.306182 0.209727 0.550872 0.531950 3 6 0.515578 8 0.478769 5 0.005653
headcrabsheet
  6 -3.880921 -4.534956 17.542238 0.317116 -0.947072 -0.049912 0.550336 0.523563 3 6 0.691599 8 0.304657 5 0.003744
  6 -4.109341 -4.013840 17.737373 -0.245618 -0.305669 0.919912 0.548308 0.528731 1 6 1.000000
  6 -4.289829 -3.671763 17.505478 -0.928583 -0.306182 0.209727 0.550872 0.531950 3 6 0.515578 8 0.478769 5 0.005653
headcrabsheet
  6 -3.880921 -4.534956 17.542238 0.317116 -0.947072 -0.049912 0.550336 0.523563 3 6 0.691599 8 0.304657 5 0.003744
  6 -4.289829 -3.671763 17.505478 -0.928583 -0.306182 0.209727 0.550872 0.531950 3 6 0.515578 8 0.478769 5 0.005653
  6 -4.135019 -3.915306 17.396677 -0.419645 -0.367094 -0.830144 0.552140 0.529455 1 6 1.000000
headcrabsheet
  6 -3.880921 -4.534956 17.542238 0.317116 -0.947072 -0.049912 0.550336 0.523563 3 6 0.691599 8 0.304657 5 0.003744
  6 -4.135019 -3.915306 17.396677 -0.419645 -0.367094 -0.830144 0.552140 0.529455 1 6 1.000000
  6 -3.978694 -3.759089 17.575781 0.885357 0.198726 0.420299 0.550186 0.531069 1 6 1.000000
headcrabsheet
  6 -3.880921 -4.534956 17.542238 0.317116 -0.947072 -0.049912 0.550336 0.523563 3 6 0.691599 8 0.304657 5 0.003744
  6 -3.978694 -3.759089 17.575781 0.885357 0.198726 0.420299 0.550186 0.531069 1 6 1.000000
  6 -4.109341 -4.013840 17.737373 -0.245618 -0.305669 0.919912 0.548308 0.528731 1 6 1.000000
headcrabsheet
  12 -5.116647 0.210413 5.548263 0.952432 -0.259204 -0.160267 0.304039 0.677125 3 12 0.659261 11 0.284406 13 0.056333
  11 -4.641892 -0.669537 7.932754 0.593137 -0.399225 -0.699148 0.330180 0.721946 3 11 0.763480 12 0.233276 13 0.003244
  11 -6.308912 -1.883987 9.530940 -0.541265 -0.815265 -0.205853 0.276465 0.719368 3 11 0.845039 12 0.151914 13 0.003047
headcrabsheet
  12 -6.104894 -0.403545 4.345167 -0.122257 -0.339403 -0.932662 0.271271 0.650424 3 12 0.583499 13 0.413491 11 0.003010
  12 -6.104528 -0.672879 4.443542 0.094079 -0.812307 -0.575593 0.271917 0.656321 3 12 0.688033 13 0.271887 11 0.040080
  12 -7.442151 0.413408 4.552105 -0.659500 -0.364886 -0.657204 0.235025 0.654437 3 12 0.763431 13 0.209190 11 0.027379
headcrabsheet
  12 -6.104528 -0.672879 4.443542 0.094079 -0.812307 -0.575593 0.271917 0.656321 3 12 0.688033 13 0.271887 11 0.040080
  12 -6.104894 -0.403545 4.345167 -0.122257 -0.339403 -0.932662 0.271271 0.650424 3 12 0.583499 13 0.413491 11 0.003010
  13 -5.691443 0.079203 4.199707 0.389028 -0.343217 -0.854903 0.288352 0.645572 3 13 0.555908 12 0.440197 11 0.003895
headcrabsheet
  13 -5.691443 0.079203 4.199707 0.389028 -0.343217 -0.854903 0.288352 0.645572 3 13 0.555908 12 0.440197 11 0.003895
  12 -5.447143 0.055605 4.326345 0.781932 -0.359030 -0.509588 0.291863 0.650838 3 12 0.679452 13 0.258584 11 0.061964
  12 -6.104528 -0.672879 4.443542 0.094079 -0.812307 -0.575593 0.271917 0.656321 3 12 0.688033 13 0.271887 11 0.040080
headcrabsheet
  12 -5.447143 0.055605 4.326345 0.781932 -0.359030 -0.509588 0.291863 0.650838 3 12 0.679452 13 0.258584 11 0.061964
  13 -5.691443 0.079203 4.199707 0.389028 -0.343217 -0.854903 0.288352 0.645572 3 13 0.555908 12 0.440197 11 0.003895
  13 -5.734550 0.990337 3.953974 0.578906 0.132907 -0.804489 0.307372 0.634898 3 13 0.602946 12 0.396632 11 0.000422
headcrabsheet
  12 -5.447143 0.055605 4.326345 0.781932 -0.359030 -0.509588 0.291863 0.650838 3 12 0.679452 13 0.258584 11 0.061964
  13 -5.734550 0.990337 3.953974 0.578906 0.132907 -0.804489 0.307372 0.634898 3 13 0.602946 12 0.396632 11 0.000422
  12 -5.624093 1.152721 4.068494 0.699005 0.406193 -0.588557 0.312138 0.637388 3 12 0.614382 13 0.366950 11 0.018668
headcrabsheet
  12 -5.116647 0.210413 5.548263 0.952432 -0.259204 -0.160267 0.304039 0.677125 3 12 0.659261 11 0.284406 13 0.056333
  12 -5.447143 0.055605 4.326345 0.781932 -0.359030 -0.509588 0.291863 0.650838 3 12 0.679452 13 0.258584 11 0.061964
  12 -5.624093 1.152721 4.068494 0.699005 0.406193 -0.588557 0.312138 0.637388 3 12 0.614382 13 0.366950 11 0.018668
headcrabsheet
  12 -5.116647 0.210413 5.548263 0.952432 -0.259204 -0.160267 0.304039 0.677125 3 12 0.659261 11 0.284406 13 0.056333
  12 -5.624093 1.152721 4.068494 0.699005 0.406193 -0.588557 0.312138 0.637388 3 12 0.614382 13 0.366950 11 0.018668
  12 -5.375396 1.485894 5.081798 0.807759 0.554587 -0.199894 0.322256 0.666951 3 12 0.709090 11 0.187155 13 0.103755
headcrabsheet
  12 -5.375396 1.485894 5.081798 0.807759 0.554587 -0.199894 0.322256 0.666951 3 12 0.709090 11 0.187155 13 0.103755
  12 -5.403729 1.684194 8.291564 0.662812 0.735262 0.141669 0.374444 0.706385 3 12 0.621691 11 0.351620 13 0.026689
  12 -5.116647 0.210413 5.548263 0.952432 -0.259204 -0.160267 0.304039 0.677125 3 12 0.659261 11 0.284406 13 0.056333
headcrabsheet
  11 -4.641892 -0.669537 7.932754 0.593137 -0.399225 -0.699148 0.330180 0.721946 3 11 0.763480 12 0.233276 13 0.003244
  12 -5.116647 0.210413 5.548263 0.952432 -0.259204 -0.160267 0.304039 0.677125 3 12 0.659261 11 0.284406 13 0.056333
  12 -5.403729 1.684194 8.291564 0.662812 0.735262 0.141669 0.374444 0.706385 3 12 0.621691 11 0.351620 13 0.026689
headcrabsheet
  11 -4.641892 -0.669537 7.932754 0.593137 -0.399225 -0.699148 0.330180 0.721946 3 11 0.763480 12 0.233276 13 0.003244
  12 -5.403729 1.684194 8.291564 0.662812 0.735262 0.141669 0.374444 0.706385 3 12 0.621691 11 0.351620 13 0.026689
  11 -4.908128 0.980613 8.837942 0.621340 0.583486 -0.522953 0.392027 0.731801 3 11 0.673055 0 0.168266 12 0.158680
headcrabsheet
  12 -6.728803 -1.570766 7.101055 -0.276157 -0.950781 -0.140544 0.266883 0.691244 3 12 0.635555 11 0.293715 13 0.070730
  12 -6.104528 -0.672879 4.443542 0.094079 -0.812307 -0.575593 0.271917 0.656321 3 12 0.688033 13 0.271887 11 0.040080
  12 -5.447143 0.055605 4.326345 0.781932 -0.359030 -0.509588 0.291863 0.650838 3 12 0.679452 13 0.258584 11 0.061964
headcrabsheet
  12 -7.973267 0.492563 5.611398 -0.930692 -0.336157 -0.144261 0.227794 0.676777 3 12 0.703395 11 0.241223 13 0.055382
  12 -6.104528 -0.672879 4.443542 0.094079 -0.812307 -0.575593 0.271917 0.656321 3 12 0.688033 13 0.271887 11 0.040080
  12 -6.728803 -1.570766 7.101055 -0.276157 -0.950781 -0.140544 0.266883 0.691244 3 12 0.635555 11 0.293715 13 0.070730
headcrabsheet
  12 -7.973267 0.492563 5.611398 -0.930692 -0.336157 -0.144261 0.227794 0.676777 3 12 0.703395 11 0.241223 13 0.055382
  12 -7.442151 0.413408 4.552105 -0.659500 -0.364886 -0.657204 0.235025 0.654437 3 12 0.763431 13 0.209190 11 0.027379
  12 -6.104528 -0.672879 4.443542 0.094079 -0.812307 -0.575593 0.271917 0.656321 3 12 0.688033 13 0.271887 11 0.040080
headcrabsheet
  12 -8.099598 2.196710 5.794683 -0.769228 0.629971 -0.106885 0.199484 0.678014 3 12 0.701288 11 0.254374 13 0.044338
  12 -7.442151 0.413408 4.552105 -0.659500 -0.364886 -0.657204 0.235025 0.654437 3 12 0.763431 13 0.209190 11 0.027379
  12 -7.973267 0.492563 5.611398 -0.930692 -0.336157 -0.144261 0.227794 0.676777 3 12 0.703395 11 0.241223 13 0.055382
headcrabsheet
  12 -8.099598 2.196710 5.794683 -0.769228 0.629971 -0.106885 0.199484 0.678014 3 12 0.701288 11 0.254374 13 0.044338
  12 -7.552006 1.773284 4.507058 -0.584790 0.399445 -0.706020 0.206114 0.653064 3 12 0.793843 13 0.172485 11 0.033672
  12 -7.442151 0.413408 4.552105 -0.659500 -0.364886 -0.657204 0.235025 0.654437 3 12 0.763431 13 0.209190 11 0.027379
headcrabsheet
  12 -7.552006 1.773284 4.507058 -0.584790 0.399445 -0.706020 0.206114 0.653064 3 12 0.793843 13 0.172485 11 0.033672
  12 -8.099598 2.196710 5.794683 -0.769228 0.629971 -0.106885 0.199484 0.678014 3 12 0.701288 11 0.254374 13 0.044338
  12 -6.956327 2.442217 6.594486 -0.022716 0.992280 0.121919 0.179664 0.691235 3 12 0.579323 11 0.389197 13 0.031480
headcrabsheet
  12 -7.552006 1.773284 4.507058 -0.584790 0.399445 -0.706020 0.206114 0.653064 3 12 0.793843 13 0.172485 11 0.033672
  12 -6.956327 2.442217 6.594486 -0.022716 0.992280 0.121919 0.179664 0.691235 3 12 0.579323 11 0.389197 13 0.031480
  12 -6.931843 2.348254 4.821494 -0.092910 0.928474 -0.359587 0.188917 0.656964 3 12 0.763254 13 0.153198 11 0.083548
headcrabsheet
  11 -7.401965 1.306244 8.333256 -0.934754 0.281328 0.217001 0.200490 0.728603 3 11 0.619397 12 0.367880 13 0.012723
  12 -7.973267 0.492563 5.611398 -0.930692 -0.336157 -0.144261 0.227794 0.676777 3 12 0.703395 11 0.241223 13 0.055382
  12 -6.728803 -1.570766 7.101055 -0.276157 -0.950781 -0.140544 0.266883 0.691244 3 12 0.635555 11 0.293715 13 0.070730
headcrabsheet
  11 -7.401965 1.306244 8.333256 -0.934754 0.281328 0.217001 0.200490 0.728603 3 11 0.619397 12 0.367880 13 0.012723
  12 -8.099598 2.196710 5.794683 -0.769228 0.629971 -0.106885 0.199484 0.678014 3 12 0.701288 11 0.254374 13 0.044338
  12 -7.973267 0.492563 5.611398 -0.930692 -0.336157 -0.144261 0.227794 0.676777 3 12 0.703395 11 0.241223 13 0.055382
headcrabsheet
  12 -8.099598 2.196710 5.794683 -0.769228 0.629971 -0.106885 0.199484 0.678014 3 12 0.701288 11 0.254374 13 0.044338
  11 -7.401965 1.306244 8.333256 -0.934754 0.281328 0.217001 0.200490 0.728603 3 11 0.619397 12 0.367880 13 0.012723
  12 -6.956327 2.442217 6.594486 -0.022716 0.992280 0.121919 0.179664 0.691235 3 12 0.579323 11 0.389197 13 0.031480
headcrabsheet
  11 -6.427913 1.847682 8.988255 0.153296 0.847830 -0.507626 0.163845 0.751123 3 11 0.796257 12 0.200814 13 0.002929
  12 -6.956327 2.442217 6.594486 -0.022716 0.992280 0.121919 0.179664 0.691235 3 12 0.579323 11 0.389197 13 0.031480
  11 -7.401965 1.306244 8.333256 -0.934754 0.281328 0.217001 0.200490 0.728603 3 11 0.619397 12 0.367880 13 0.012723
headcrabsheet
  12 -5.447143 0.055605 4.326345 0.781932 -0.359030 -0.509588 0.291863 0.650838 3 12 0.679452 13 0.258584 11 0.061964
  12 -5.116647 0.210413 5.548263 0.952432 -0.259204 -0.160267 0.304039 0.677125 3 12 0.659261 11 0.284406 13 0.056333
  12 -6.728803 -1.570766 7.101055 -0.276157 -0.950781 -0.140544 0.266883 0.691244 3 12 0.635555 11 0.293715 13 0.070730
headcrabsheet
  12 -5.116647 0.210413 5.548263 0.952432 -0.259204 -0.160267 0.304039 0.677125 3 12 0.659261 11 0.284406 13 0.056333
  11 -6.308912 -1.883987 9.530940 -0.541265 -0.815265 -0.205853 0.276465 0.719368 3 11 0.845039 12 0.151914 13 0.003047
  12 -6.728803 -1.570766 7.101055 -0.276157 -0.950781 -0.140544 0.266883 0.691244 3 12 0.635555 11 0.293715 13 0.070730
headcrabsheet
  11 -7.141569 -0.121107 10.490121 -0.973679 -0.141364 0.178790 0.232752 0.764374 3 11 0.924957 12 0.074356 13 0.000687
  12 -6.728803 -1.570766 7.101055 -0.276157 -0.950781 -0.140544 0.266883 0.691244 3 12 0.635555 11 0.293715 13 0.070730
  11 -6.308912 -1.883987 9.530940 -0.541265 -0.815265 -0.205853 0.276465 0.719368 3 11 0.845039 12 0.151914 13 0.003047
headcrabsheet
  11 -7.141569 -0.121107 10.490121 -0.973679 -0.141364 0.178790 0.232752 0.764374 3 11 0.924957 12 0.074356 13 0.000687
  11 -7.401965 1.306244 8.333256 -0.934754 0.281328 0.217001 0.200490 0.728603 3 11 0.619397 12 0.367880 13 0.012723
  12 -6.728803 -1.570766 7.101055 -0.276157 -0.950781 -0.140544 0.266883 0.691244 3 12 0.635555 11 0.293715 13 0.070730
headcrabsheet
  11 -7.401965 1.306244 8.333256 -0.934754 0.281328 0.217001 0.200490 0.728603 3 11 0.619397 12 0.367880 13 0.012723
  11 -7.141569 -0.121107 10.490121 -0.973679 -0.141364 0.178790 0.232752 0.764374 3 11 0.924957 12 0.074356 13 0.000687
  11 -6.682343 2.421108 9.295465 -0.705419 0.632564 -0.319761 0.181721 0.813007 3 11 0.835957 0 0.113533 12 0.050510
headcrabsheet
  11 -7.401965 1.306244 8.333256 -0.934754 0.281328 0.217001 0.200490 0.728603 3 11 0.619397 12 0.367880 13 0.012723
  11 -6.682343 2.421108 9.295465 -0.705419 0.632564 -0.319761 0.181721 0.813007 3 11 0.835957 0 0.113533 12 0.050510
  11 -6.427913 1.847682 8.988255 0.153296 0.847830 -0.507626 0.163845 0.751123 3 11 0.796257 12 0.200814 13 0.002929
headcrabsheet
  11 -5.562076 1.627807 9.013715 -0.105295 0.059332 -0.992669 0.146248 0.778761 3 11 0.675698 0 0.262706 12 0.061596
  11 -6.427913 1.847682 8.988255 0.153296 0.847830 -0.507626 0.163845 0.751123 3 11 0.796257 12 0.200814 13 0.002929
  11 -6.682343 2.421108 9.295465 -0.705419 0.632564 -0.319761 0.181721 0.813007 3 11 0.835957 0 0.113533 12 0.050510
headcrabsheet
  11 -6.427913 1.847682 8.988255 0.153296 0.847830 -0.507626 0.163845 0.751123 3 11 0.796257 12 0.200814 13 0.002929
  11 -5.562076 1.627807 9.013715 -0.105295 0.059332 -0.992669 0.146248 0.778761 3 11 0.675698 0 0.262706 12 0.061596
  11 -4.908128 0.980613 8.837942 0.621340 0.583486 -0.522953 0.129708 0.754605 3 11 0.673055 0 0.168266 12 0.158680
headcrabsheet
  11 -4.908128 0.980613 8.837942 0.621340 0.583486 -0.522953 0.129708 0.754605 3 11 0.673055 0 0.168266 12 0.158680
  12 -5.403729 1.684194 8.291564 0.662812 0.735262 0.141669 0.141784 0.724805 3 12 0.621691 11 0.351620 13 0.026689
  11 -6.427913 1.847682 8.988255 0.153296 0.847830 -0.507626 0.163845 0.751123 3 11 0.796257 12 0.200814 13 0.002929
headcrabsheet
  12 -6.956327 2.442217 6.594486 -0.022716 0.992280 0.121919 0.179664 0.691235 3 12 0.579323 11 0.389197 13 0.031480
  11 -6.427913 1.847682 8.988255 0.153296 0.847830 -0.507626 0.163845 0.751123 3 11 0.796257 12 0.200814 13 0.002929
  12 -5.403729 1.684194 8.291564 0.662812 0.735262 0.141669 0.141784 0.724805 3 12 0.621691 11 0.351620 13 0.026689
headcrabsheet
  12 -5.403729 1.684194 8.291564 0.662812 0.735262 0.141669 0.141784 0.724805 3 12 0.621691 11 0.351620 13 0.026689
  12 -5.375396 1.485894 5.081798 0.807759 0.554587 -0.199894 0.144621 0.658273 3 12 0.709090 11 0.187155 13 0.103755
  12 -6.956327 2.442217 6.594486 -0.022716 0.992280 0.121919 0.179664 0.691235 3 12 0.579323 11 0.389197 13 0.031480
headcrabsheet
  12 -6.931843 2.348254 4.821494 -0.092910 0.928474 -0.359587 0.188917 0.656964 3 12 0.763254 13 0.153198 11 0.083548
  12 -6.956327 2.442217 6.594486 -0.022716 0.992280 0.121919 0.179664 0.691235 3 12 0.579323 11 0.389197 13 0.031480
  12 -5.375396 1.485894 5.081798 0.807759 0.554587 -0.199894 0.144621 0.658273 3 12 0.709090 11 0.187155 13 0.103755
headcrabsheet
  12 -5.375396 1.485894 5.081798 0.807759 0.554587 -0.199894 0.144621 0.658273 3 12 0.709090 11 0.187155 13 0.103755
  12 -6.365386 1.529410 3.974104 0.241686 0.757659 -0.606252 0.187828 0.629827 3 12 0.572806 13 0.420403 11 0.006791
  12 -6.931843 2.348254 4.821494 -0.092910 0.928474 -0.359587 0.188917 0.656964 3 12 0.763254 13 0.153198 11 0.083548
headcrabsheet
  12 -6.931843 2.348254 4.821494 -0.092910 0.928474 -0.359587 0.188917 0.656964 3 12 0.763254 13 0.153198 11 0.083548
  12 -6.365386 1.529410 3.974104 0.241686 0.757659 -0.606252 0.187828 0.629827 3 12 0.572806 13 0.420403 11 0.006791
  12 -7.248390 1.378647 4.330868 -0.508754 0.138582 -0.849685 0.210732 0.643204 3 12 0.633773 13 0.363876 11 0.002351
headcrabsheet
  12 -6.931843 2.348254 4.821494 -0.092910 0.928474 -0.359587 0.188917 0.656964 3 12 0.763254 13 0.153198 11 0.083548
  12 -7.248390 1.378647 4.330868 -0.508754 0.138582 -0.849685 0.210732 0.643204 3 12 0.633773 13 0.363876 11 0.002351
  12 -7.552006 1.773284 4.507058 -0.584790 0.399445 -0.706020 0.206114 0.653064 3 12 0.793843 13 0.172485 11 0.033672
headcrabsheet
  12 -7.552006 1.773284 4.507058 -0.584790 0.399445 -0.706020 0.206114 0.653064 3 12 0.793843 13 0.172485 11 0.033672
  12 -7.248390 1.378647 4.330868 -0.508754 0.138582 -0.849685 0.210732 0.643204 3 12 0.633773 13 0.363876 11 0.002351
  12 -7.061628 0.373534 4.432144 -0.335376 -0.216570 -0.916853 0.239172 0.646978 3 12 0.629637 13 0.368029 11 0.002334
headcrabsheet
  12 -7.061628 0.373534 4.432144 -0.335376 -0.216570 -0.916853 0.239172 0.646978 3 12 0.629637 13 0.368029 11 0.002334
  12 -7.442151 0.413408 4.552105 -0.659500 -0.364886 -0.657204 0.235025 0.654437 3 12 0.763431 13 0.209190 11 0.027379
  12 -7.552006 1.773284 4.507058 -0.584790 0.399445 -0.706020 0.206114 0.653064 3 12 0.793843 13 0.172485 11 0.033672
headcrabsheet
  12 -7.442151 0.413408 4.552105 -0.659500 -0.364886 -0.657204 0.235025 0.654437 3 12 0.763431 13 0.209190 11 0.027379
  12 -7.061628 0.373534 4.432144 -0.335376 -0.216570 -0.916853 0.239172 0.646978 3 12 0.629637 13 0.368029 11 0.002334
  12 -6.104894 -0.403545 4.345167 -0.122257 -0.339403 -0.932662 0.271271 0.650424 3 12 0.583499 13 0.413491 11 0.003010
headcrabsheet
  12 -5.375396 1.485894 5.081798 0.807759 0.554587 -0.199894 0.144621 0.658273 3 12 0.709090 11 0.187155 13 0.103755
  12 -5.624093 1.152721 4.068494 0.699005 0.406193 -0.588557 0.169186 0.622511 3 12 0.614382 13 0.366950 11 0.018668
  12 -6.365386 1.529410 3.974104 0.241686 0.757659 -0.606252 0.187828 0.629827 3 12 0.572806 13 0.420403 11 0.006791
headcrabsheet
  12 -5.624093 1.152721 4.068494 0.699005 0.406193 -0.588557 0.169186 0.622511 3 12 0.614382 13 0.366950 11 0.018668
  13 -5.734550 0.990337 3.953974 0.578906 0.132907 -0.804489 0.172165 0.617996 3 13 0.602946 12 0.396632 11 0.000422
  12 -6.365386 1.529410 3.974104 0.241686 0.757659 -0.606252 0.187828 0.629827 3 12 0.572806 13 0.420403 11 0.006791
headcrabsheet
  8 -4.163470 -4.088766 17.385798 -0.154820 -0.935784 0.316763 0.975323 0.647877 3 8 0.507959 6 0.480716 5 0.011325
  6 -4.106768 -4.003088 17.222403 -0.046316 -0.842289 0.537032 0.973410 0.644440 1 6 1.000000
  6 -3.740673 -3.629803 17.172911 0.025159 -0.876685 0.480407 0.960934 0.644786 1 6 1.000000
headcrabsheet
  8 -4.163470 -4.088766 17.385798 -0.154820 -0.935784 0.316763 0.975323 0.647877 3 8 0.507959 6 0.480716 5 0.011325
  6 -4.289829 -3.671763 17.505478 0.861221 0.363038 -0.355671 0.975457 0.653307 3 6 0.515578 8 0.478769 5 0.005653
  6 -4.234259 -3.543937 17.706182 -0.724420 -0.406621 0.556664 0.972795 0.655701 3 6 0.514979 8 0.462584 9 0.022437
headcrabsheet
  6 -4.135019 -3.915306 17.396677 -0.220544 -0.024990 0.975057 0.973138 0.651409 1 6 1.000000
  6 -4.289829 -3.671763 17.505478 0.861221 0.363038 -0.355671 0.975457 0.653307 3 6 0.515578 8 0.478769 5 0.005653
  8 -4.163470 -4.088766 17.385798 -0.154820 -0.935784 0.316763 0.975323 0.647877 3 8 0.507959 6 0.480716 5 0.011325
headcrabsheet
  8 -4.163470 -4.088766 17.385798 -0.154820 -0.935784 0.316763 0.975323 0.647877 3 8 0.507959 6 0.480716 5 0.011325
  6 -3.978694 -3.759089 17.575781 0.306116 -0.936653 0.170220 0.970809 0.653553 1 6 1.000000
  6 -4.135019 -3.915306 17.396677 -0.220544 -0.024990 0.975057 0.973138 0.651409 1 6 1.000000
headcrabsheet
  8 -4.163470 -4.088766 17.385798 -0.154820 -0.935784 0.316763 0.975323 0.647877 3 8 0.507959 6 0.480716 5 0.011325
  6 -3.740673 -3.629803 17.172911 0.025159 -0.876685 0.480407 0.960934 0.644786 1 6 1.000000
  6 -3.978694 -3.759089 17.575781 0.306116 -0.936653 0.170220 0.970809 0.653553 1 6 1.000000
headcrabsheet
  8 -3.325647 -3.314038 17.768253 0.659555 -0.749862 0.051898 0.946628 0.660025 3 8 0.552982 6 0.438377 7 0.008640
  6 -3.978694 -3.759089 17.575781 0.306116 -0.936653 0.170220 0.970809 0.653553 1 6 1.000000
  6 -3.740673 -3.629803 17.172911 0.025159 -0.876685 0.480407 0.960934 0.644786 1 6 1.000000
headcrabsheet
  8 -3.325647 -3.314038 17.768253 0.659555 -0.749862 0.051898 0.946628 0.660025 3 8 0.552982 6 0.438377 7 0.008640
  7 -2.468822 -2.157751 19.176249 0.707084 -0.598234 -0.377026 0.916699 0.696486 3 7 0.573004 9 0.357846 6 0.069150
  9 -2.907438 -2.540845 18.735125 0.596867 -0.748093 0.290012 0.931194 0.687538 3 9 0.654237 8 0.309120 6 0.036642
headcrabsheet
  9 -3.082054 -3.069043 18.581888 0.939686 -0.138695 -0.312655 0.937883 0.680745 3 9 0.502475 8 0.471588 6 0.025937
  8 -3.325647 -3.314038 17.768253 0.659555 -0.749862 0.051898 0.946628 0.660025 3 8 0.552982 6 0.438377 7 0.008640
  9 -2.907438 -2.540845 18.735125 0.596867 -0.748093 0.290012 0.931194 0.687538 3 9 0.654237 8 0.309120 6 0.036642
headcrabsheet
  8 -3.875109 -3.645887 18.130426 -0.364087 -0.913168 -0.183207 0.965691 0.667774 3 8 0.892466 6 0.107028 5 0.000506
  8 -3.325647 -3.314038 17.768253 0.659555 -0.749862 0.051898 0.946628 0.660025 3 8 0.552982 6 0.438377 7 0.008640
  9 -3.082054 -3.069043 18.581888 0.939686 -0.138695 -0.312655 0.937883 0.680745 3 9 0.502475 8 0.471588 6 0.025937
headcrabsheet
  6 -3.688257 -3.753975 17.865562 0.481968 -0.868719 0.114166 0.959163 0.660217 3 6 0.634791 8 0.364635 5 0.000574
  8 -3.325647 -3.314038 17.768253 0.659555 -0.749862 0.051898 0.946628 0.660025 3 8 0.552982 6 0.438377 7 0.008640
  8 -3.875109 -3.645887 18.130426 -0.364087 -0.913168 -0.183207 0.965691 0.667774 3 8 0.892466 6 0.107028 5 0.000506
headcrabsheet
  8 -3.325647 -3.314038 17.768253 0.659555 -0.749862 0.051898 0.946628 0.660025 3 8 0.552982 6 0.438377 7 0.008640
  6 -3.688257 -3.753975 17.865562 0.481968 -0.868719 0.114166 0.959163 0.660217 3 6 0.634791 8 0.364635 5 0.000574
  6 -3.978694 -3.759089 17.575781 0.306116 -0.936653 0.170220 0.970809 0.653553 1 6 1.000000
headcrabsheet
  8 -3.911055 -3.688201 17.954199 -0.480147 -0.818571 0.315278 0.966797 0.663288 3 8 0.610255 6 0.388866 5 0.000879
  6 -3.978694 -3.759089 17.575781 0.306116 -0.936653 0.170220 0.970809 0.653553 1 6 1.000000
  6 -3.688257 -3.753975 17.865562 0.481968 -0.868719 0.114166 0.959163 0.660217 3 6 0.634791 8 0.364635 5 0.000574
headcrabsheet
  8 -3.911055 -3.688201 17.954199 -0.480147 -0.818571 0.315278 0.966797 0.663288 3 8 0.610255 6 0.388866 5 0.000879
  6 -4.234259 -3.543937 17.706182 -0.724420 -0.406621 0.556664 0.972795 0.655701 3 6 0.514979 8 0.462584 9 0.022437
  6 -3.978694 -3.759089 17.575781 0.306116 -0.936653 0.170220 0.970809 0.653553 1 6 1.000000
headcrabsheet
  8 -4.562633 -2.944842 17.598532 -0.859273 -0.495799 0.125831 0.988779 0.662065 3 8 0.603865 9 0.221362 6 0.174772
  6 -4.234259 -3.543937 17.706182 -0.724420 -0.406621 0.556664 0.972795 0.655701 3 6 0.514979 8 0.462584 9 0.022437
  8 -3.911055 -3.688201 17.954199 -0.480147 -0.818571 0.315278 0.966797 0.663288 3 8 0.610255 6 0.388866 5 0.000879
headcrabsheet
  6 -4.234259 -3.543937 17.706182 -0.724420 -0.406621 0.556664 0.972795 0.655701 3 6 0.514979 8 0.462584 9 0.022437
  8 -4.562633 -2.944842 17.598532 -0.859273 -0.495799 0.125831 0.988779 0.662065 3 8 0.603865 9 0.221362 6 0.174772
  8 -4.163470 -4.088766 17.385798 -0.154820 -0.935784 0.316763 0.975323 0.647877 3 8 0.507959 6 0.480716 5 0.011325
headcrabsheet
  6 -4.490376 -3.479360 16.971523 -0.936544 -0.314914 0.153996 0.986428 0.641855 1 6 1.000000
  8 -4.163470 -4.088766 17.385798 -0.154820 -0.935784 0.316763 0.975323 0.647877 3 8 0.507959 6 0.480716 5 0.011325
  8 -4.562633 -2.944842 17.598532 -0.859273 -0.495799 0.125831 0.988779 0.662065 3 8 0.603865 9 0.221362 6 0.174772
headcrabsheet
  6 -4.106768 -4.003088 17.222403 -0.046316 -0.842289 0.537032 0.973410 0.644440 1 6 1.000000
  8 -4.163470 -4.088766 17.385798 -0.154820 -0.935784 0.316763 0.975323 0.647877 3 8 0.507959 6 0.480716 5 0.011325
  6 -4.490376 -3.479360 16.971523 -0.936544 -0.314914 0.153996 0.986428 0.641855 1 6 1.000000
headcrabsheet
  6 -4.118628 -4.204951 17.174667 -0.163081 -0.784157 0.598751 0.973829 0.642291 1 6 1.000000
  6 -4.106768 -4.003088 17.222403 -0.046316 -0.842289 0.537032 0.973410 0.644440 1 6 1.000000
  6 -4.490376 -3.479360 16.971523 -0.936544 -0.314914 0.153996 0.986428 0.641855 1 6 1.000000
headcrabsheet
  6 -4.118628 -4.204951 17.174667 -0.163081 -0.784157 0.598751 0.973829 0.642291 1 6 1.000000
  6 -3.740673 -3.629803 17.172911 0.025159 -0.876685 0.480407 0.960934 0.644786 1 6 1.000000
  6 -4.106768 -4.003088 17.222403 -0.046316 -0.842289 0.537032 0.973410 0.644440 1 6 1.000000
headcrabsheet
  6 -3.740673 -3.629803 17.172911 0.025159 -0.876685 0.480407 0.960934 0.644786 1 6 1.000000
  6 -4.118628 -4.204951 17.174667 -0.163081 -0.784157 0.598751 0.973829 0.642291 1 6 1.000000
  6 -3.844068 -4.278119 16.779154 0.268144 -0.961828 0.054643 0.964560 0.632432 1 6 1.000000
headcrabsheet
  6 -3.740673 -3.629803 17.172911 0.025159 -0.876685 0.480407 0.960934 0.644786 1 6 1.000000
  6 -3.844068 -4.278119 16.779154 0.268144 -0.961828 0.054643 0.964560 0.632432 1 6 1.000000
  6 -3.747626 -4.029817 16.212879 0.808708 -0.580516 -0.094835 0.961405 0.620322 3 6 0.991945 0 0.004027 5 0.004027
headcrabsheet
  6 -3.896193 -4.268320 16.434771 0.261573 -0.965147 0.008390 0.966411 0.624521 1 6 1.000000
  6 -3.747626 -4.029817 16.212879 0.808708 -0.580516 -0.094835 0.961405 0.620322 3 6 0.991945 0 0.004027 5 0.004027
  6 -3.844068 -4.278119 16.779154 0.268144 -0.961828 0.054643 0.964560 0.632432 1 6 1.000000
headcrabsheet
  6 -4.146109 -4.325020 16.325943 -0.194870 -0.978861 -0.062106 0.974924 0.621969 1 6 1.000000
  6 -3.747626 -4.029817 16.212879 0.808708 -0.580516 -0.094835 0.961405 0.620322 3 6 0.991945 0 0.004027 5 0.004027
  6 -3.896193 -4.268320 16.434771 0.261573 -0.965147 0.008390 0.966411 0.624521 1 6 1.000000
headcrabsheet
  6 -4.146109 -4.325020 16.325943 -0.194870 -0.978861 -0.062106 0.974924 0.621969 1 6 1.000000
  6 -3.896193 -4.268320 16.434771 0.261573 -0.965147 0.008390 0.966411 0.624521 1 6 1.000000
  6 -4.098854 -4.151798 16.451542 -0.009933 -0.683570 0.729818 0.973975 0.628865 3 6 0.675796 8 0.281287 0 0.042917
headcrabsheet
  8 -3.911055 -3.688201 17.954199 -0.480147 -0.818571 0.315278 0.966797 0.663288 3 8 0.610255 6 0.388866 5 0.000879
  8 -3.875109 -3.645887 18.130426 -0.364087 -0.913168 -0.183207 0.965691 0.667774 3 8 0.892466 6 0.107028 5 0.000506
  8 -4.562633 -2.944842 17.598532 -0.859273 -0.495799 0.125831 0.988779 0.662065 3 8 0.603865 9 0.221362 6 0.174772
headcrabsheet
  8 -3.875109 -3.645887 18.130426 -0.364087 -0.913168 -0.183207 0.965691 0.667774 3 8 0.892466 6 0.107028 5 0.000506
  8 -3.911055 -3.688201 17.954199 -0.480147 -0.818571 0.315278 0.966797 0.663288 3 8 0.610255 6 0.388866 5 0.000879
  6 -3.688257 -3.753975 17.865562 0.481968 -0.868719 0.114166 0.959163 0.660217 3 6 0.634791 8 0.364635 5 0.000574
headcrabsheet
  6 -4.146109 -4.325020 16.325943 -0.194870 -0.978861 -0.062106 0.974924 0.621969 1 6 1.000000
  6 -4.098854 -4.151798 16.451542 -0.009933 -0.683570 0.729818 0.973975 0.628865 3 6 0.675796 8 0.281287 0 0.042917
  6 -4.400272 -4.069425 16.655348 -0.680387 -0.718916 0.142241 0.983463 0.631172 1 6 1.000000
headcrabsheet
  6 -4.098854 -4.151798 16.451542 -0.009933 -0.683570 0.729818 0.973975 0.628865 3 6 0.675796 8 0.281287 0 0.042917
  6 -4.211798 -4.020754 16.619511 0.288897 -0.917548 0.273209 0.975638 0.630920 3 6 0.982243 0 0.008878 5 0.008878
  6 -4.400272 -4.069425 16.655348 -0.680387 -0.718916 0.142241 0.983463 0.631172 1 6 1.000000
headcrabsheet
  6 -4.211798 -4.020754 16.619511 0.288897 -0.917548 0.273209 0.975638 0.630920 3 6 0.982243 0 0.008878 5 0.008878
  6 -4.071938 -4.092329 16.914383 -0.284542 -0.856694 -0.430245 0.973535 0.633717 1 6 1.000000
  6 -4.400272 -4.069425 16.655348 -0.680387 -0.718916 0.142241 0.983463 0.631172 1 6 1.000000
headcrabsheet
  6 -4.071938 -4.092329 16.914383 -0.284542 -0.856694 -0.430245 0.973535 0.633717 1 6 1.000000
  6 -4.118628 -4.204951 17.174667 -0.163081 -0.784157 0.598751 0.973829 0.642291 1 6 1.000000
  6 -4.400272 -4.069425 16.655348 -0.680387 -0.718916 0.142241 0.983463 0.631172 1 6 1.000000
headcrabsheet
  6 -4.071938 -4.092329 16.914383 -0.284542 -0.856694 -0.430245 0.973535 0.633717 1 6 1.000000
  6 -3.844068 -4.278119 16.779154 0.268144 -0.961828 0.054643 0.964560 0.632432 1 6 1.000000
  6 -4.118628 -4.204951 17.174667 -0.163081 -0.784157 0.598751 0.973829 0.642291 1 6 1.000000
headcrabsheet
  6 -3.916291 -4.112000 16.696609 -0.819736 -0.571005 -0.044578 0.971233 0.631372 1 6 1.000000
  6 -3.844068 -4.278119 16.779154 0.268144 -0.961828 0.054643 0.964560 0.632432 1 6 1.000000
  6 -4.071938 -4.092329 16.914383 -0.284542 -0.856694 -0.430245 0.973535 0.633717 1 6 1.000000
headcrabsheet
  6 -3.896193 -4.268320 16.434771 0.261573 -0.965147 0.008390 0.966411 0.624521 1 6 1.000000
  6 -3.844068 -4.278119 16.779154 0.268144 -0.961828 0.054643 0.964560 0.632432 1 6 1.000000
  6 -3.916291 -4.112000 16.696609 -0.819736 -0.571005 -0.044578 0.971233 0.631372 1 6 1.000000
headcrabsheet
  6 -3.896193 -4.268320 16.434771 0.261573 -0.965147 0.008390 0.966411 0.624521 1 6 1.000000
  6 -3.916291 -4.112000 16.696609 -0.819736 -0.571005 -0.044578 0.971233 0.631372 1 6 1.000000
  6 -4.098854 -4.151798 16.451542 -0.009933 -0.683570 0.729818 0.973975 0.628865 3 6 0.675796 8 0.281287 0 0.042917
headcrabsheet
  6 -3.747626 -4.029817 16.212879 0.808708 -0.580516 -0.094835 0.961405 0.620322 3 6 0.991945 0 0.004027 5 0.004027
  6 -3.913955 -4.212380 15.799227 0.346178 -0.860365 -0.374075 0.967199 0.609953 3 6 0.896451 8 0.082522 0 0.021028
  6 -3.683351 -3.582794 15.292084 -0.109049 -0.993788 0.022217 0.959496 0.600772 3 6 0.941111 8 0.042685 0 0.016204
headcrabsheet
  6 -3.873098 -4.062947 15.535979 0.501978 -0.806439 -0.312530 0.965892 0.604445 1 6 1.000000
  6 -3.683351 -3.582794 15.292084 -0.109049 -0.993788 0.022217 0.959496 0.600772 3 6 0.941111 8 0.042685 0 0.016204
  6 -3.913955 -4.212380 15.799227 0.346178 -0.860365 -0.374075 0.967199 0.609953 3 6 0.896451 8 0.082522 0 0.021028
headcrabsheet
  6 -3.873098 -4.062947 15.535979 0.501978 -0.806439 -0.312530 0.965892 0.604445 1 6 1.000000
  6 -3.913955 -4.212380 15.799227 0.346178 -0.860365 -0.374075 0.967199 0.609953 3 6 0.896451 8 0.082522 0 0.021028
  6 -4.090554 -4.083041 15.758513 0.356160 -0.849447 -0.389345 0.973372 0.609149 1 6 1.000000
headcrabsheet
  6 -3.873098 -4.062947 15.535979 0.501978 -0.806439 -0.312530 0.965892 0.604445 1 6 1.000000
  6 -4.090554 -4.083041 15.758513 0.356160 -0.849447 -0.389345 0.973372 0.609149 1 6 1.000000
  6 -4.126357 -3.946312 15.539159 0.092605 -0.983361 0.156283 0.974454 0.607068 1 6 1.000000
headcrabsheet
  6 -4.044753 -4.110096 15.421482 -0.088663 -0.976216 -0.197842 0.971763 0.601708 1 6 1.000000
  6 -3.873098 -4.062947 15.535979 0.501978 -0.806439 -0.312530 0.965892 0.604445 1 6 1.000000
  6 -4.126357 -3.946312 15.539159 0.092605 -0.983361 0.156283 0.974454 0.607068 1 6 1.000000
headcrabsheet
  6 -4.044753 -4.110096 15.421482 -0.088663 -0.976216 -0.197842 0.971763 0.601708 1 6 1.000000
  6 -4.126357 -3.946312 15.539159 0.092605 -0.983361 0.156283 0.974454 0.607068 1 6 1.000000
  6 -4.322743 -3.940972 15.636812 -0.825444 -0.482481 -0.293010 0.976731 0.608617 1 6 1.000000
headcrabsheet
  6 -4.322743 -3.940972 15.636812 -0.825444 -0.482481 -0.293010 0.976731 0.608617 1 6 1.000000
  6 -4.498075 -3.157762 14.908040 -0.767794 -0.624582 -0.142793 0.987260 0.594492 3 6 0.561870 8 0.322269 0 0.115861
  6 -4.044753 -4.110096 15.421482 -0.088663 -0.976216 -0.197842 0.971763 0.601708 1 6 1.000000
headcrabsheet
  6 -4.498075 -3.157762 14.908040 -0.767794 -0.624582 -0.142793 0.987260 0.594492 3 6 0.561870 8 0.322269 0 0.115861
  6 -4.322743 -3.940972 15.636812 -0.825444 -0.482481 -0.293010 0.976731 0.608617 1 6 1.000000
  6 -4.513885 -3.648185 15.966269 -0.922515 -0.382541 -0.051263 0.987464 0.617121 1 6 1.000000
headcrabsheet
  6 -4.322743 -3.940972 15.636812 -0.825444 -0.482481 -0.293010 0.976731 0.608617 1 6 1.000000
  6 -4.240831 -4.098107 15.883430 -0.823349 -0.561903 -0.079754 0.975974 0.610938 1 6 1.000000
  6 -4.513885 -3.648185 15.966269 -0.922515 -0.382541 -0.051263 0.987464 0.617121 1 6 1.000000
headcrabsheet
  6 -4.240831 -4.098107 15.883430 -0.823349 -0.561903 -0.079754 0.975974 0.610938 1 6 1.000000
  6 -4.190310 -4.379016 16.126184 -0.334453 -0.895866 0.292515 0.976484 0.617093 1 6 1.000000
  6 -4.513885 -3.648185 15.966269 -0.922515 -0.382541 -0.051263 0.987464 0.617121 1 6 1.000000
headcrabsheet
  6 -4.240831 -4.098107 15.883430 -0.823349 -0.561903 -0.079754 0.975974 0.610938 1 6 1.000000
  6 -3.913955 -4.212380 15.799227 0.346178 -0.860365 -0.374075 0.967199 0.609953 3 6 0.896451 8 0.082522 0 0.021028
  6 -4.190310 -4.379016 16.126184 -0.334453 -0.895866 0.292515 0.976484 0.617093 1 6 1.000000
headcrabsheet
  6 -3.747626 -4.029817 16.212879 0.808708 -0.580516 -0.094835 0.961405 0.620322 3 6 0.991945 0 0.004027 5 0.004027
  6 -4.190310 -4.379016 16.126184 -0.334453 -0.895866 0.292515 0.976484 0.617093 1 6 1.000000
  6 -3.913955 -4.212380 15.799227 0.346178 -0.860365 -0.374075 0.967199 0.609953 3 6 0.896451 8 0.082522 0 0.021028
headcrabsheet
  6 -4.190310 -4.379016 16.126184 -0.334453 -0.895866 0.292515 0.976484 0.617093 1 6 1.000000
  6 -3.747626 -4.029817 16.212879 0.808708 -0.580516 -0.094835 0.961405 0.620322 3 6 0.991945 0 0.004027 5 0.004027
  6 -4.133954 -4.202207 16.191280 -0.367281 -0.892676 0.261216 0.974539 0.619390 1 6 1.000000
headcrabsheet
  6 -4.146109 -4.325020 16.325943 -0.194870 -0.978861 -0.062106 0.974924 0.621969 1 6 1.000000
  6 -4.133954 -4.202207 16.191280 -0.367281 -0.892676 0.261216 0.974539 0.619390 1 6 1.000000
  6 -3.747626 -4.029817 16.212879 0.808708 -0.580516 -0.094835 0.961405 0.620322 3 6 0.991945 0 0.004027 5 0.004027
headcrabsheet
  6 -4.133954 -4.202207 16.191280 -0.367281 -0.892676 0.261216 0.974539 0.619390 1 6 1.000000
  6 -4.146109 -4.325020 16.325943 -0.194870 -0.978861 -0.062106 0.974924 0.621969 1 6 1.000000
  6 -4.513885 -3.648185 15.966269 -0.922515 -0.382541 -0.051263 0.987464 0.617121 1 6 1.000000
headcrabsheet
  6 -4.400272 -4.069425 16.655348 -0.680387 -0.718916 0.142241 0.983463 0.631172 1 6 1.000000
  6 -4.513885 -3.648185 15.966269 -0.922515 -0.382541 -0.051263 0.987464 0.617121 1 6 1.000000
  6 -4.146109 -4.325020 16.325943 -0.194870 -0.978861 -0.062106 0.974924 0.621969 1 6 1.000000
headcrabsheet
  6 -4.513885 -3.648185 15.966269 -0.922515 -0.382541 -0.051263 0.987464 0.617121 1 6 1.000000
  6 -4.400272 -4.069425 16.655348 -0.680387 -0.718916 0.142241 0.983463 0.631172 1 6 1.000000
  6 -4.490376 -3.479360 16.971523 -0.936544 -0.314914 0.153996 0.986428 0.641855 1 6 1.000000
headcrabsheet
  6 -4.118628 -4.204951 17.174667 -0.163081 -0.784157 0.598751 0.973829 0.642291 1 6 1.000000
  6 -4.490376 -3.479360 16.971523 -0.936544 -0.314914 0.153996 0.986428 0.641855 1 6 1.000000
  6 -4.400272 -4.069425 16.655348 -0.680387 -0.718916 0.142241 0.983463 0.631172 1 6 1.000000
headcrabsheet
  6 -4.090554 -4.083041 15.758513 0.356160 -0.849447 -0.389345 0.973372 0.609149 1 6 1.000000
  6 -3.913955 -4.212380 15.799227 0.346178 -0.860365 -0.374075 0.967199 0.609953 3 6 0.896451 8 0.082522 0 0.021028
  6 -4.240831 -4.098107 15.883430 -0.823349 -0.561903 -0.079754 0.975974 0.610938 1 6 1.000000
headcrabsheet
  6 -4.190310 -4.379016 16.126184 -0.334453 -0.895866 0.292515 0.976484 0.617093 1 6 1.000000
  6 -4.133954 -4.202207 16.191280 -0.367281 -0.892676 0.261216 0.974539 0.619390 1 6 1.000000
  6 -4.513885 -3.648185 15.966269 -0.922515 -0.382541 -0.051263 0.987464 0.617121 1 6 1.000000
headcrabsheet
  6 -4.044753 -4.110096 15.421482 -0.088663 -0.976216 -0.197842 0.971763 0.601708 1 6 1.000000
  6 -3.970997 -3.900460 15.286623 0.257603 -0.952862 -0.160296 0.969291 0.599447 1 6 1.000000
  6 -3.683351 -3.582794 15.292084 -0.109049 -0.993788 0.022217 0.959496 0.600772 3 6 0.941111 8 0.042685 0 0.016204
headcrabsheet
  6 -3.683351 -3.582794 15.292084 -0.109049 -0.993788 0.022217 0.959496 0.600772 3 6 0.941111 8 0.042685 0 0.016204
  6 -3.873098 -4.062947 15.535979 0.501978 -0.806439 -0.312530 0.965892 0.604445 1 6 1.000000
  6 -4.044753 -4.110096 15.421482 -0.088663 -0.976216 -0.197842 0.971763 0.601708 1 6 1.000000
headcrabsheet
  6 -3.970997 -3.900460 15.286623 0.257603 -0.952862 -0.160296 0.969291 0.599447 1 6 1.000000
  6 -4.044753 -4.110096 15.421482 -0.088663 -0.976216 -0.197842 0.971763 0.601708 1 6 1.000000
  6 -4.498075 -3.157762 14.908040 -0.767794 -0.624582 -0.142793 0.987260 0.594492 3 6 0.561870 8 0.322269 0 0.115861
headcrabsheet
  0 1.747574 -2.946460 11.106076 -0.053862 -0.990303 -0.128061 0.777170 0.502077 3 0 0.927723 5 0.037048 4 0.035229
  0 1.586601 -2.582969 11.449499 -0.386827 -0.714606 0.582841 0.782398 0.511864 3 0 0.895835 5 0.059242 4 0.044923
  0 0.000000 -2.470259 10.813735 0.000000 -0.982889 0.184198 0.836392 0.497891 3 0 0.933478 5 0.043177 4 0.023345
headcrabsheet
  0 1.747574 -2.946460 11.106076 -0.053862 -0.990303 -0.128061 0.777170 0.502077 3 0 0.927723 5 0.037048 4 0.035229
  0 0.000000 -2.470259 10.813735 0.000000 -0.982889 0.184198 0.836392 0.497891 3 0 0.933478 5 0.043177 4 0.023345
  0 0.000000 -2.517827 10.341761 0.000000 -0.767744 -0.640757 0.836628 0.486614 3 0 0.978356 5 0.011778 4 0.009867
headcrabsheet
  0 -1.747574 -2.946460 11.106077 0.053862 -0.990303 -0.128061 0.895402 0.503771 3 0 0.927724 5 0.037048 4 0.035229
  0 0.000000 -2.517827 10.341761 0.000000 -0.767744 -0.640757 0.836628 0.486614 3 0 0.978356 5 0.011778 4 0.009867
  0 0.000000 -2.470259 10.813735 0.000000 -0.982889 0.184198 0.836392 0.497891 3 0 0.933478 5 0.043177 4 0.023345
headcrabsheet
  0 -1.876524 -2.529634 10.727167 -0.368917 -0.401662 -0.838193 0.899901 0.496912 3 0 0.931444 4 0.036656 5 0.031900
  0 0.000000 -2.517827 10.341761 0.000000 -0.767744 -0.640757 0.836628 0.486614 3 0 0.978356 5 0.011778 4 0.009867
  0 -1.747574 -2.946460 11.106077 0.053862 -0.990303 -0.128061 0.895402 0.503771 3 0 0.927724 5 0.037048 4 0.035229
headcrabsheet
  0 -3.543062 -2.729037 11.966415 -0.367632 -0.786931 -0.495566 0.955982 0.526573 3 0 0.711150 5 0.179292 4 0.109558
  0 -1.876524 -2.529634 10.727167 -0.368917 -0.401662 -0.838193 0.899901 0.496912 3 0 0.931444 4 0.036656 5 0.031900
  0 -1.747574 -2.946460 11.106077 0.053862 -0.990303 -0.128061 0.895402 0.503771 3 0 0.927724 5 0.037048 4 0.035229
headcrabsheet
  0 -3.543062 -2.729037 11.966415 -0.367632 -0.786931 -0.495566 0.955982 0.526573 3 0 0.711150 5 0.179292 4 0.109558
  0 -1.747574 -2.946460 11.106077 0.053862 -0.990303 -0.128061 0.895402 0.503771 3 0 0.927724 5 0.037048 4 0.035229
  0 -3.404373 -3.144729 12.331904 0.002157 -0.981856 -0.189613 0.951159 0.533115 3 0 0.723634 5 0.164014 4 0.112352
headcrabsheet
  0 -3.543062 -2.729037 11.966415 -0.367632 -0.786931 -0.495566 0.955982 0.526573 3 0 0.711150 5 0.179292 4 0.109558
  0 -3.404373 -3.144729 12.331904 0.002157 -0.981856 -0.189613 0.951159 0.533115 3 0 0.723634 5 0.164014 4 0.112352
  8 -4.630039 -3.041438 13.795295 -0.804481 -0.519931 -0.287196 0.992166 0.569024 3 8 0.400613 0 0.363918 5 0.235470
headcrabsheet
  0 -3.404373 -3.144729 12.331904 0.002157 -0.981856 -0.189613 0.951159 0.533115 3 0 0.723634 5 0.164014 4 0.112352
  0 -4.133090 -3.635357 13.928648 -0.024407 -0.890579 -0.454173 0.975292 0.568973 3 0 0.399753 8 0.396814 5 0.203434
  8 -4.630039 -3.041438 13.795295 -0.804481 -0.519931 -0.287196 0.992166 0.569024 3 8 0.400613 0 0.363918 5 0.235470
headcrabsheet
  0 -4.133090 -3.635357 13.928648 -0.024407 -0.890579 -0.454173 0.975292 0.568973 3 0 0.399753 8 0.396814 5 0.203434
  8 -4.167821 -3.807060 14.174430 0.042857 -0.905120 -0.422990 0.976388 0.573982 3 8 0.445177 0 0.292429 6 0.262395
  8 -4.630039 -3.041438 13.795295 -0.804481 -0.519931 -0.287196 0.992166 0.569024 3 8 0.400613 0 0.363918 5 0.235470
headcrabsheet
  8 -4.167821 -3.807060 14.174430 0.042857 -0.905120 -0.422990 0.976388 0.573982 3 8 0.445177 0 0.292429 6 0.262395
  0 -4.133090 -3.635357 13.928648 -0.024407 -0.890579 -0.454173 0.975292 0.568973 3 0 0.399753 8 0.396814 5 0.203434
  8 -3.901121 -3.494171 14.188236 0.741467 -0.596256 -0.307742 0.967304 0.575493 3 8 0.376483 0 0.314701 6 0.308816
headcrabsheet
  8 -4.167821 -3.807060 14.174430 0.042857 -0.905120 -0.422990 0.976388 0.573982 3 8 0.445177 0 0.292429 6 0.262395
  8 -3.901121 -3.494171 14.188236 0.741467 -0.596256 -0.307742 0.967304 0.575493 3 8 0.376483 0 0.314701 6 0.308816
  6 -3.844433 -3.909887 14.632793 0.451042 -0.811201 -0.372175 0.965239 0.583956 1 6 1.000000
headcrabsheet
  6 -3.683351 -3.582794 15.292084 -0.109049 -0.993788 0.022217 0.959496 0.600772 3 6 0.941111 8 0.042685 0 0.016204
  6 -3.844433 -3.909887 14.632793 0.451042 -0.811201 -0.372175 0.965239 0.583956 1 6 1.000000
  8 -3.901121 -3.494171 14.188236 0.741467 -0.596256 -0.307742 0.967304 0.575493 3 8 0.376483 0 0.314701 6 0.308816
headcrabsheet
  6 -3.683351 -3.582794 15.292084 -0.109049 -0.993788 0.022217 0.959496 0.600772 3 6 0.941111 8 0.042685 0 0.016204
  6 -3.781281 -3.981800 15.055820 0.708270 -0.699599 0.094418 0.962942 0.593482 1 6 1.000000
  6 -3.844433 -3.909887 14.632793 0.451042 -0.811201 -0.372175 0.965239 0.583956 1 6 1.000000
headcrabsheet
  6 -3.781281 -3.981800 15.055820 0.708270 -0.699599 0.094418 0.962942 0.593482 1 6 1.000000
  6 -3.683351 -3.582794 15.292084 -0.109049 -0.993788 0.022217 0.959496 0.600772 3 6 0.941111 8 0.042685 0 0.016204
  6 -3.970997 -3.900460 15.286623 0.257603 -0.952862 -0.160296 0.969291 0.599447 1 6 1.000000
headcrabsheet
  6 -3.970997 -3.900460 15.286623 0.257603 -0.952862 -0.160296 0.969291 0.599447 1 6 1.000000
  6 -4.017993 -4.044148 15.163067 -0.272862 -0.884701 0.377955 0.970943 0.595931 1 6 1.000000
  6 -3.781281 -3.981800 15.055820 0.708270 -0.699599 0.094418 0.962942 0.593482 1 6 1.000000
headcrabsheet
  6 -4.498075 -3.157762 14.908040 -0.767794 -0.624582 -0.142793 0.987260 0.594492 3 6 0.561870 8 0.322269 0 0.115861
  6 -4.017993 -4.044148 15.163067 -0.272862 -0.884701 0.377955 0.970943 0.595931 1 6 1.000000
  6 -3.970997 -3.900460 15.286623 0.257603 -0.952862 -0.160296 0.969291 0.599447 1 6 1.000000
headcrabsheet
  6 -4.498075 -3.157762 14.908040 -0.767794 -0.624582 -0.142793 0.987260 0.594492 3 6 0.561870 8 0.322269 0 0.115861
  6 -4.453299 -3.764302 14.688192 -0.730166 -0.670869 0.129583 0.988911 0.582068 3 6 0.577265 8 0.278108 0 0.144627
  6 -4.017993 -4.044148 15.163067 -0.272862 -0.884701 0.377955 0.970943 0.595931 1 6 1.000000
headcrabsheet
  6 -4.071496 -3.806619 14.771563 -0.293775 -0.954135 -0.057636 0.973352 0.585853 3 6 0.861933 8 0.091384 0 0.046683
  6 -4.017993 -4.044148 15.163067 -0.272862 -0.884701 0.377955 0.970943 0.595931 1 6 1.000000
  6 -4.453299 -3.764302 14.688192 -0.730166 -0.670869 0.129583 0.988911 0.582068 3 6 0.577265 8 0.278108 0 0.144627
headcrabsheet
  6 -4.311457 -3.766628 14.536654 -0.319673 -0.944358 0.077437 0.977617 0.583281 3 6 0.554551 8 0.291784 0 0.153665
  6 -4.071496 -3.806619 14.771563 -0.293775 -0.954135 -0.057636 0.973352 0.585853 3 6 0.861933 8 0.091384 0 0.046683
  6 -4.453299 -3.764302 14.688192 -0.730166 -0.670869 0.129583 0.988911 0.582068 3 6 0.577265 8 0.278108 0 0.144627
headcrabsheet
  6 -4.265013 -3.776593 14.384295 0.156133 -0.986952 0.039348 0.976810 0.581370 3 6 0.404453 8 0.382166 0 0.213381
  6 -4.311457 -3.766628 14.536654 -0.319673 -0.944358 0.077437 0.977617 0.583281 3 6 0.554551 8 0.291784 0 0.153665
  6 -4.453299 -3.764302 14.688192 -0.730166 -0.670869 0.129583 0.988911 0.582068 3 6 0.577265 8 0.278108 0 0.144627
headcrabsheet
  8 -4.167821 -3.807060 14.174430 0.042857 -0.905120 -0.422990 0.976388 0.573982 3 8 0.445177 0 0.292429 6 0.262395
  6 -4.265013 -3.776593 14.384295 0.156133 -0.986952 0.039348 0.976810 0.581370 3 6 0.404453 8 0.382166 0 0.213381
  6 -4.453299 -3.764302 14.688192 -0.730166 -0.670869 0.129583 0.988911 0.582068 3 6 0.577265 8 0.278108 0 0.144627
headcrabsheet
  8 -4.167821 -3.807060 14.174430 0.042857 -0.905120 -0.422990 0.976388 0.573982 3 8 0.445177 0 0.292429 6 0.262395
  6 -4.004325 -3.781639 14.595378 0.082507 -0.964069 -0.252515 0.972130 0.583746 3 6 0.835255 8 0.105654 0 0.059091
  6 -4.265013 -3.776593 14.384295 0.156133 -0.986952 0.039348 0.976810 0.581370 3 6 0.404453 8 0.382166 0 0.213381
headcrabsheet
  8 -4.167821 -3.807060 14.174430 0.042857 -0.905120 -0.422990 0.976388 0.573982 3 8 0.445177 0 0.292429 6 0.262395
  6 -3.844433 -3.909887 14.632793 0.451042 -0.811201 -0.372175 0.965239 0.583956 1 6 1.000000
  6 -4.004325 -3.781639 14.595378 0.082507 -0.964069 -0.252515 0.972130 0.583746 3 6 0.835255 8 0.105654 0 0.059091
headcrabsheet
  6 -4.004325 -3.781639 14.595378 0.082507 -0.964069 -0.252515 0.972130 0.583746 3 6 0.835255 8 0.105654 0 0.059091
  6 -3.844433 -3.909887 14.632793 0.451042 -0.811201 -0.372175 0.965239 0.583956 1 6 1.000000
  6 -4.071496 -3.806619 14.771563 -0.293775 -0.954135 -0.057636 0.973352 0.585853 3 6 0.861933 8 0.091384 0 0.046683
headcrabsheet
  6 -4.071496 -3.806619 14.771563 -0.293775 -0.954135 -0.057636 0.973352 0.585853 3 6 0.861933 8 0.091384 0 0.046683
  6 -3.844433 -3.909887 14.632793 0.451042 -0.811201 -0.372175 0.965239 0.583956 1 6 1.000000
  6 -4.017993 -4.044148 15.163067 -0.272862 -0.884701 0.377955 0.970943 0.595931 1 6 1.000000
headcrabsheet
  6 -3.844433 -3.909887 14.632793 0.451042 -0.811201 -0.372175 0.965239 0.583956 1 6 1.000000
  6 -3.781281 -3.981800 15.055820 0.708270 -0.699599 0.094418 0.962942 0.593482 1 6 1.000000
  6 -4.017993 -4.044148 15.163067 -0.272862 -0.884701 0.377955 0.970943 0.595931 1 6 1.000000
headcrabsheet
  8 -4.454129 -3.649468 14.164662 -0.667389 -0.615997 -0.418498 0.986099 0.574741 3 8 0.471343 0 0.297455 5 0.231202
  8 -4.630039 -3.041438 13.795295 -0.804481 -0.519931 -0.287196 0.992166 0.569024 3 8 0.400613 0 0.363918 5 0.235470
  8 -4.167821 -3.807060 14.174430 0.042857 -0.905120 -0.422990 0.976388 0.573982 3 8 0.445177 0 0.292429 6 0.262395
headcrabsheet
  8 -4.630039 -3.041438 13.795295 -0.804481 -0.519931 -0.287196 0.992166 0.569024 3 8 0.400613 0 0.363918 5 0.235470
  8 -4.454129 -3.649468 14.164662 -0.667389 -0.615997 -0.418498 0.986099 0.574741 3 8 0.471343 0 0.297455 5 0.231202
  6 -4.453299 -3.764302 14.688192 -0.730166 -0.670869 0.129583 0.988911 0.582068 3 6 0.577265 8 0.278108 0 0.144627
headcrabsheet
  8 -4.454129 -3.649468 14.164662 -0.667389 -0.615997 -0.418498 0.986099 0.574741 3 8 0.471343 0 0.297455 5 0.231202
  8 -4.167821 -3.807060 14.174430 0.042857 -0.905120 -0.422990 0.976388 0.573982 3 8 0.445177 0 0.292429 6 0.262395
  6 -4.453299 -3.764302 14.688192 -0.730166 -0.670869 0.129583 0.988911 0.582068 3 6 0.577265 8 0.278108 0 0.144627
headcrabsheet
  0 -4.133090 -3.635357 13.928648 -0.024407 -0.890579 -0.454173 0.975292 0.568973 3 0 0.399753 8 0.396814 5 0.203434
  0 -3.256512 -2.894254 12.473362 0.643089 -0.644088 0.414230 0.946062 0.537437 3 0 0.728862 6 0.140906 5 0.130232
  8 -3.901121 -3.494171 14.188236 0.741467 -0.596256 -0.307742 0.967304 0.575493 3 8 0.376483 0 0.314701 6 0.308816
headcrabsheet
  0 -4.133090 -3.635357 13.928648 -0.024407 -0.890579 -0.454173 0.975292 0.568973 3 0 0.399753 8 0.396814 5 0.203434
  0 -3.404373 -3.144729 12.331904 0.002157 -0.981856 -0.189613 0.951159 0.533115 3 0 0.723634 5 0.164014 4 0.112352
  0 -3.256512 -2.894254 12.473362 0.643089 -0.644088 0.414230 0.946062 0.537437 3 0 0.728862 6 0.140906 5 0.130232
headcrabsheet
  0 -3.404373 -3.144729 12.331904 0.002157 -0.981856 -0.189613 0.951159 0.533115 3 0 0.723634 5 0.164014 4 0.112352
  0 -1.586601 -2.582969 11.449498 0.386827 -0.714606 0.582840 0.889768 0.513330 3 0 0.895836 5 0.059242 4 0.044922
  0 -3.256512 -2.894254 12.473362 0.643089 -0.644088 0.414230 0.946062 0.537437 3 0 0.728862 6 0.140906 5 0.130232
headcrabsheet
  0 -3.404373 -3.144729 12.331904 0.002157 -0.981856 -0.189613 0.951159 0.533115 3 0 0.723634 5 0.164014 4 0.112352
  0 -1.747574 -2.946460 11.106077 0.053862 -0.990303 -0.128061 0.895402 0.503771 3 0 0.927724 5 0.037048 4 0.035229
  0 -1.586601 -2.582969 11.449498 0.386827 -0.714606 0.582840 0.889768 0.513330 3 0 0.895836 5 0.059242 4 0.044922
headcrabsheet
  0 -1.747574 -2.946460 11.106077 0.053862 -0.990303 -0.128061 0.895402 0.503771 3 0 0.927724 5 0.037048 4 0.035229
  0 0.000000 -2.470259 10.813735 0.000000 -0.982889 0.184198 0.836392 0.497891 3 0 0.933478 5 0.043177 4 0.023345
  0 -1.586601 -2.582969 11.449498 0.386827 -0.714606 0.582840 0.889768 0.513330 3 0 0.895836 5 0.059242 4 0.044922
headcrabsheet
  7 -1.044659 -2.563490 20.102049 -0.010105 -0.973822 0.227089 0.867450 0.716812 3 7 0.890790 9 0.105563 6 0.003647
  7 -0.814014 -1.782972 20.561760 -0.188271 -0.898838 0.395784 0.859598 0.730486 1 7 1.000000
  7 -1.453709 -1.909176 20.558453 -0.100747 -0.824303 0.557112 0.883169 0.717520 2 7 0.920468 9 0.079532
headcrabsheet
  7 -1.044659 -2.563490 20.102049 -0.010105 -0.973822 0.227089 0.867450 0.716812 3 7 0.890790 9 0.105563 6 0.003647
  7 -1.453709 -1.909176 20.558453 -0.100747 -0.824303 0.557112 0.883169 0.717520 2 7 0.920468 9 0.079532
  7 -2.468822 -2.157751 19.176249 -0.636557 -0.335416 0.694472 0.916699 0.696486 3 7 0.573004 9 0.357846 6 0.069150
headcrabsheet
  7 -1.044659 -2.563490 20.102049 -0.010105 -0.973822 0.227089 0.867450 0.716812 3 7 0.890790 9 0.105563 6 0.003647
  7 -2.468822 -2.157751 19.176249 -0.636557 -0.335416 0.694472 0.916699 0.696486 3 7 0.573004 9 0.357846 6 0.069150
  7 -2.306020 -2.656906 19.152777 -0.051590 -0.865479 0.498282 0.910984 0.695019 3 7 0.439885 9 0.381259 6 0.178856
headcrabsheet
  7 -2.306020 -2.656906 19.152777 -0.051590 -0.865479 0.498282 0.910984 0.695019 3 7 0.439885 9 0.381259 6 0.178856
  7 -2.468822 -2.157751 19.176249 -0.636557 -0.335416 0.694472 0.916699 0.696486 3 7 0.573004 9 0.357846 6 0.069150
  8 -3.325647 -3.314038 17.768253 -0.826457 0.087630 0.556138 0.946628 0.660025 3 8 0.552982 6 0.438377 7 0.008640
headcrabsheet
  8 -3.325647 -3.314038 17.768253 -0.826457 0.087630 0.556138 0.946628 0.660025 3 8 0.552982 6 0.438377 7 0.008640
  6 -3.455023 -3.855605 17.686638 -0.428633 -0.713970 0.553642 0.951238 0.655068 1 6 1.000000
  7 -2.306020 -2.656906 19.152777 -0.051590 -0.865479 0.498282 0.910984 0.695019 3 7 0.439885 9 0.381259 6 0.178856
headcrabsheet
  6 -3.455023 -3.855605 17.686638 -0.428633 -0.713970 0.553642 0.951238 0.655068 1 6 1.000000
  8 -3.325647 -3.314038 17.768253 -0.826457 0.087630 0.556138 0.946628 0.660025 3 8 0.552982 6 0.438377 7 0.008640
  6 -3.740673 -3.629803 17.172911 0.025159 -0.876685 0.480407 0.960934 0.644786 1 6 1.000000
headcrabsheet
  6 -3.455023 -3.855605 17.686638 -0.428633 -0.713970 0.553642 0.951238 0.655068 1 6 1.000000
  6 -3.740673 -3.629803 17.172911 0.025159 -0.876685 0.480407 0.960934 0.644786 1 6 1.000000
  6 -3.747626 -4.029817 16.212879 0.808708 -0.580516 -0.094835 0.961405 0.620322 3 6 0.991945 0 0.004027 5 0.004027
headcrabsheet
  6 -3.455023 -3.855605 17.686638 -0.428633 -0.713970 0.553642 0.951238 0.655068 1 6 1.000000
  6 -3.747626 -4.029817 16.212879 0.808708 -0.580516 -0.094835 0.961405 0.620322 3 6 0.991945 0 0.004027 5 0.004027
  6 -3.683351 -3.582794 15.292084 -0.109049 -0.993788 0.022217 0.959496 0.600772 3 6 0.941111 8 0.042685 0 0.016204
headcrabsheet
  6 -3.455023 -3.855605 17.686638 -0.428633 -0.713970 0.553642 0.951238 0.655068 1 6 1.000000
  6 -3.683351 -3.582794 15.292084 -0.109049 -0.993788 0.022217 0.959496 0.600772 3 6 0.941111 8 0.042685 0 0.016204
  6 -3.551422 -4.202044 14.678090 -0.481147 -0.875959 -0.034549 0.955296 0.583405 1 6 1.000000
headcrabsheet
  8 -3.901121 -3.494171 14.188236 -0.756151 -0.581398 -0.300353 0.967304 0.575493 3 8 0.376483 0 0.314701 6 0.308816
  6 -3.551422 -4.202044 14.678090 -0.481147 -0.875959 -0.034549 0.955296 0.583405 1 6 1.000000
  6 -3.683351 -3.582794 15.292084 -0.109049 -0.993788 0.022217 0.959496 0.600772 3 6 0.941111 8 0.042685 0 0.016204
headcrabsheet
  0 -3.256512 -2.894254 12.473362 -0.632054 -0.425345 -0.647757 0.946062 0.537437 3 0 0.728862 6 0.140906 5 0.130232
  6 -3.551422 -4.202044 14.678090 -0.481147 -0.875959 -0.034549 0.955296 0.583405 1 6 1.000000
  8 -3.901121 -3.494171 14.188236 -0.756151 -0.581398 -0.300353 0.967304 0.575493 3 8 0.376483 0 0.314701 6 0.308816
headcrabsheet
  0 -3.256512 -2.894254 12.473362 -0.632054 -0.425345 -0.647757 0.946062 0.537437 3 0 0.728862 6 0.140906 5 0.130232
  0 -2.810427 -3.850302 12.621932 -0.413585 -0.750938 -0.514820 0.930935 0.536145 3 0 0.782660 6 0.116407 5 0.100933
  6 -3.551422 -4.202044 14.678090 -0.481147 -0.875959 -0.034549 0.955296 0.583405 1 6 1.000000
headcrabsheet
  0 -2.810427 -3.850302 12.621932 -0.413585 -0.750938 -0.514820 0.930935 0.536145 3 0 0.782660 6 0.116407 5 0.100933
  0 -3.256512 -2.894254 12.473362 -0.632054 -0.425345 -0.647757 0.946062 0.537437 3 0 0.728862 6 0.140906 5 0.130232
  0 -1.586601 -2.582969 11.449498 -0.324223 -0.454452 -0.829670 0.889768 0.513330 3 0 0.895836 5 0.059242 4 0.044922
headcrabsheet
  0 -2.810427 -3.850302 12.621932 -0.413585 -0.750938 -0.514820 0.930935 0.536145 3 0 0.782660 6 0.116407 5 0.100933
  0 -1.586601 -2.582969 11.449498 -0.324223 -0.454452 -0.829670 0.889768 0.513330 3 0 0.895836 5 0.059242 4 0.044922
  0 0.000000 -2.470259 10.813735 0.000000 -0.376590 -0.926380 0.836392 0.497891 3 0 0.933478 5 0.043177 4 0.023345
headcrabsheet
  0 0.000000 -2.470259 10.813735 0.000000 -0.376590 -0.926380 0.836392 0.497891 3 0 0.933478 5 0.043177 4 0.023345
  0 0.000000 -3.406394 11.137810 0.000000 -0.718619 -0.695404 0.836148 0.509481 3 0 0.886018 5 0.075527 6 0.038455
  0 -2.810427 -3.850302 12.621932 -0.413585 -0.750938 -0.514820 0.930935 0.536145 3 0 0.782660 6 0.116407 5 0.100933
headcrabsheet
  0 0.000000 -2.470259 10.813735 0.000000 -0.376590 -0.926380 0.836392 0.497891 3 0 0.933478 5 0.043177 4 0.023345
  0 2.810427 -3.850302 12.621933 0.413585 -0.750939 -0.514819 0.740310 0.532931 3 0 0.779790 6 0.119646 5 0.100564
  0 0.000000 -3.406394 11.137810 0.000000 -0.718619 -0.695404 0.836148 0.509481 3 0 0.886018 5 0.075527 6 0.038455
headcrabsheet
  0 0.000000 -3.406394 11.137810 0.000000 -0.718619 -0.695404 0.836148 0.509481 3 0 0.886018 5 0.075527 6 0.038455
  0 2.810427 -3.850302 12.621933 0.413585 -0.750939 -0.514819 0.740310 0.532931 3 0 0.779790 6 0.119646 5 0.100564
  0 2.514683 -3.958430 13.208905 -0.412134 -0.900355 0.139662 0.750995 0.542478 3 0 0.614653 6 0.238840 14 0.146507
headcrabsheet
  0 2.810427 -3.850302 12.621933 0.413585 -0.750939 -0.514819 0.740310 0.532931 3 0 0.779790 6 0.119646 5 0.100564
  6 3.551422 -4.202044 14.678090 0.481147 -0.875959 -0.034549 0.713987 0.579127 1 6 1.000000
  0 2.514683 -3.958430 13.208905 -0.412134 -0.900355 0.139662 0.750995 0.542478 3 0 0.614653 6 0.238840 14 0.146507
headcrabsheet
  6 3.240716 -4.118150 15.128281 -0.518798 -0.841429 0.151147 0.724257 0.590209 3 6 0.833799 14 0.097287 0 0.068914
  0 2.514683 -3.958430 13.208905 -0.412134 -0.900355 0.139662 0.750995 0.542478 3 0 0.614653 6 0.238840 14 0.146507
  6 3.551422 -4.202044 14.678090 0.481147 -0.875959 -0.034549 0.713987 0.579127 1 6 1.000000
headcrabsheet
  6 -3.455023 -3.855605 17.686638 -0.428633 -0.713970 0.553642 0.951238 0.655068 1 6 1.000000
  6 -3.166602 -3.775445 17.561693 0.674010 -0.733019 0.091617 0.941392 0.652279 1 6 1.000000
  7 -2.306020 -2.656906 19.152777 -0.051590 -0.865479 0.498282 0.910984 0.695019 3 7 0.439885 9 0.381259 6 0.178856
headcrabsheet
  6 -3.166602 -3.775445 17.561693 0.674010 -0.733019 0.091617 0.941392 0.652279 1 6 1.000000
  6 -3.455023 -3.855605 17.686638 -0.428633 -0.713970 0.553642 0.951238 0.655068 1 6 1.000000
  6 -3.551422 -4.202044 14.678090 -0.481147 -0.875959 -0.034549 0.955296 0.583405 1 6 1.000000
headcrabsheet
  6 -3.551422 -4.202044 14.678090 -0.481147 -0.875959 -0.034549 0.955296 0.583405 1 6 1.000000
  6 -3.240716 -4.118149 15.128280 0.518798 -0.841429 0.151146 0.944570 0.594046 3 6 0.833320 8 0.098725 0 0.067956
  6 -3.166602 -3.775445 17.561693 0.674010 -0.733019 0.091617 0.941392 0.652279 1 6 1.000000
headcrabsheet
  6 -3.240716 -4.118149 15.128280 0.518798 -0.841429 0.151146 0.944570 0.594046 3 6 0.833320 8 0.098725 0 0.067956
  6 -3.551422 -4.202044 14.678090 -0.481147 -0.875959 -0.034549 0.955296 0.583405 1 6 1.000000
  0 -2.514685 -3.958425 13.208901 0.412134 -0.900356 0.139662 0.919858 0.545235 3 0 0.625110 6 0.228011 5 0.146879
headcrabsheet
  0 -2.810427 -3.850302 12.621932 -0.413585 -0.750938 -0.514820 0.930935 0.536145 3 0 0.782660 6 0.116407 5 0.100933
  0 -2.514685 -3.958425 13.208901 0.412134 -0.900356 0.139662 0.919858 0.545235 3 0 0.625110 6 0.228011 5 0.146879
  6 -3.551422 -4.202044 14.678090 -0.481147 -0.875959 -0.034549 0.955296 0.583405 1 6 1.000000
headcrabsheet
  0 0.000000 -3.406394 11.137810 0.000000 -0.718619 -0.695404 0.836148 0.509481 3 0 0.886018 5 0.075527 6 0.038455
  0 -2.514685 -3.958425 13.208901 0.412134 -0.900356 0.139662 0.919858 0.545235 3 0 0.625110 6 0.228011 5 0.146879
  0 -2.810427 -3.850302 12.621932 -0.413585 -0.750938 -0.514820 0.930935 0.536145 3 0 0.782660 6 0.116407 5 0.100933
headcrabsheet
  0 0.000000 -3.406394 11.137810 0.000000 -0.718619 -0.695404 0.836148 0.509481 3 0 0.886018 5 0.075527 6 0.038455
  0 0.000000 -3.335716 12.053890 0.000000 -0.797164 0.603762 0.835913 0.520676 3 0 0.827541 5 0.121154 6 0.051305
  0 -2.514685 -3.958425 13.208901 0.412134 -0.900356 0.139662 0.919858 0.545235 3 0 0.625110 6 0.228011 5 0.146879
headcrabsheet
  0 0.000000 -3.406394 11.137810 0.000000 -0.718619 -0.695404 0.836148 0.509481 3 0 0.886018 5 0.075527 6 0.038455
  0 2.514683 -3.958430 13.208905 -0.412134 -0.900355 0.139662 0.750995 0.542478 3 0 0.614653 6 0.238840 14 0.146507
  0 0.000000 -3.335716 12.053890 0.000000 -0.797164 0.603762 0.835913 0.520676 3 0 0.827541 5 0.121154 6 0.051305
headcrabsheet
  0 2.810427 -3.850302 12.621933 0.413585 -0.750939 -0.514819 0.740310 0.532931 3 0 0.779790 6 0.119646 5 0.100564
  0 0.000000 -2.470259 10.813735 0.000000 -0.376590 -0.926380 0.836392 0.497891 3 0 0.933478 5 0.043177 4 0.023345
  0 1.586601 -2.582969 11.449499 0.324223 -0.454452 -0.829670 0.782398 0.511864 3 0 0.895835 5 0.059242 4 0.044923
headcrabsheet
  0 2.810427 -3.850302 12.621933 0.413585 -0.750939 -0.514819 0.740310 0.532931 3 0 0.779790 6 0.119646 5 0.100564
  0 1.586601 -2.582969 11.449499 0.324223 -0.454452 -0.829670 0.782398 0.511864 3 0 0.895835 5 0.059242 4 0.044923
  0 3.256512 -2.894255 12.473363 0.632054 -0.425345 -0.647757 0.725142 0.533588 3 0 0.724666 6 0.145853 5 0.129482
headcrabsheet
  0 3.256512 -2.894255 12.473363 0.632054 -0.425345 -0.647757 0.725142 0.533588 3 0 0.724666 6 0.145853 5 0.129482
  6 3.551422 -4.202044 14.678090 0.481147 -0.875959 -0.034549 0.713987 0.579127 1 6 1.000000
  0 2.810427 -3.850302 12.621933 0.413585 -0.750939 -0.514819 0.740310 0.532931 3 0 0.779790 6 0.119646 5 0.100564
headcrabsheet
  0 3.256512 -2.894255 12.473363 0.632054 -0.425345 -0.647757 0.725142 0.533588 3 0 0.724666 6 0.145853 5 0.129482
  14 3.901120 -3.494176 14.188238 0.756151 -0.581399 -0.300353 0.702321 0.570718 3 14 0.372211 0 0.318053 6 0.309735
  6 3.551422 -4.202044 14.678090 0.481147 -0.875959 -0.034549 0.713987 0.579127 1 6 1.000000
headcrabsheet
  14 3.901120 -3.494176 14.188238 0.756151 -0.581399 -0.300353 0.702321 0.570718 3 14 0.372211 0 0.318053 6 0.309735
  6 3.683351 -3.582795 15.292086 0.109050 -0.993788 0.022217 0.709062 0.596303 3 6 0.940958 14 0.042977 0 0.016064
  6 3.551422 -4.202044 14.678090 0.481147 -0.875959 -0.034549 0.713987 0.579127 1 6 1.000000
headcrabsheet
  0 2.267647 -3.489979 13.162606 -0.630829 -0.262012 0.730345 0.758387 0.547521 3 0 0.675931 6 0.183864 5 0.140206
  0 0.000000 -3.335716 12.053890 0.000000 -0.797164 0.603762 0.835913 0.520676 3 0 0.827541 5 0.121154 6 0.051305
  0 2.514683 -3.958430 13.208905 -0.412134 -0.900355 0.139662 0.750995 0.542478 3 0 0.614653 6 0.238840 14 0.146507
headcrabsheet
  0 0.000000 -3.335716 12.053890 0.000000 -0.797164 0.603762 0.835913 0.520676 3 0 0.827541 5 0.121154 6 0.051305
  0 2.267647 -3.489979 13.162606 -0.630829 -0.262012 0.730345 0.758387 0.547521 3 0 0.675931 6 0.183864 5 0.140206
  0 0.000000 -2.843375 12.149878 0.000000 -0.191358 0.981520 0.835770 0.527498 3 0 0.813627 5 0.128387 6 0.057986
headcrabsheet
  0 0.000000 -3.335716 12.053890 0.000000 -0.797164 0.603762 0.835913 0.520676 3 0 0.827541 5 0.121154 6 0.051305
  0 0.000000 -2.843375 12.149878 0.000000 -0.191358 0.981520 0.835770 0.527498 3 0 0.813627 5 0.128387 6 0.057986
  0 -2.267647 -3.489980 13.162609 0.630829 -0.262012 0.730345 0.912261 0.549963 3 0 0.680754 6 0.178040 5 0.141206
headcrabsheet
  0 -2.267647 -3.489980 13.162609 0.630829 -0.262012 0.730345 0.912261 0.549963 3 0 0.680754 6 0.178040 5 0.141206
  0 -2.514685 -3.958425 13.208901 0.412134 -0.900356 0.139662 0.919858 0.545235 3 0 0.625110 6 0.228011 5 0.146879
  0 0.000000 -3.335716 12.053890 0.000000 -0.797164 0.603762 0.835913 0.520676 3 0 0.827541 5 0.121154 6 0.051305
headcrabsheet
  0 -2.514685 -3.958425 13.208901 0.412134 -0.900356 0.139662 0.919858 0.545235 3 0 0.625110 6 0.228011 5 0.146879
  0 -2.267647 -3.489980 13.162609 0.630829 -0.262012 0.730345 0.912261 0.549963 3 0 0.680754 6 0.178040 5 0.141206
  6 -2.929911 -3.630660 14.838725 0.875180 -0.419920 0.240263 0.934089 0.589213 1 6 1.000000
headcrabsheet
  6 -2.929911 -3.630660 14.838725 0.875180 -0.419920 0.240263 0.934089 0.589213 1 6 1.000000
  6 -3.240716 -4.118149 15.128280 0.518798 -0.841429 0.151146 0.944570 0.594046 3 6 0.833320 8 0.098725 0 0.067956
  0 -2.514685 -3.958425 13.208901 0.412134 -0.900356 0.139662 0.919858 0.545235 3 0 0.625110 6 0.228011 5 0.146879
headcrabsheet
  6 -3.240716 -4.118149 15.128280 0.518798 -0.841429 0.151146 0.944570 0.594046 3 6 0.833320 8 0.098725 0 0.067956
  6 -2.929911 -3.630660 14.838725 0.875180 -0.419920 0.240263 0.934089 0.589213 1 6 1.000000
  6 -2.976945 -2.997934 17.396406 0.934378 -0.292496 -0.203431 0.934805 0.652341 1 6 1.000000
headcrabsheet
  6 -3.240716 -4.118149 15.128280 0.518798 -0.841429 0.151146 0.944570 0.594046 3 6 0.833320 8 0.098725 0 0.067956
  6 -2.976945 -2.997934 17.396406 0.934378 -0.292496 -0.203431 0.934805 0.652341 1 6 1.000000
  6 -3.166602 -3.775445 17.561693 0.674010 -0.733019 0.091617 0.941392 0.652279 1 6 1.000000
headcrabsheet
  6 -3.166602 -3.775445 17.561693 0.674010 -0.733019 0.091617 0.941392 0.652279 1 6 1.000000
  6 -2.976945 -2.997934 17.396406 0.934378 -0.292496 -0.203431 0.934805 0.652341 1 6 1.000000
  7 -2.046201 -2.200131 18.929232 0.660360 -0.570876 -0.487879 0.902424 0.691222 3 7 0.470970 6 0.265903 9 0.263127
headcrabsheet
  6 -3.166602 -3.775445 17.561693 0.674010 -0.733019 0.091617 0.941392 0.652279 1 6 1.000000
  7 -2.046201 -2.200131 18.929232 0.660360 -0.570876 -0.487879 0.902424 0.691222 3 7 0.470970 6 0.265903 9 0.263127
  7 -2.306020 -2.656906 19.152777 -0.051590 -0.865479 0.498282 0.910984 0.695019 3 7 0.439885 9 0.381259 6 0.178856
headcrabsheet
  7 -2.306020 -2.656906 19.152777 -0.051590 -0.865479 0.498282 0.910984 0.695019 3 7 0.439885 9 0.381259 6 0.178856
  7 -2.046201 -2.200131 18.929232 0.660360 -0.570876 -0.487879 0.902424 0.691222 3 7 0.470970 6 0.265903 9 0.263127
  7 0.000000 -2.064252 20.146154 0.000000 -0.658128 -0.752906 0.831754 0.718826 3 7 0.899545 6 0.100335 5 0.000120
headcrabsheet
  7 0.000000 -2.064252 20.146154 0.000000 -0.658128 -0.752906 0.831754 0.718826 3 7 0.899545 6 0.100335 5 0.000120
  7 -1.044659 -2.563490 20.102049 -0.010105 -0.973822 0.227089 0.867450 0.716812 3 7 0.890790 9 0.105563 6 0.003647
  7 -2.306020 -2.656906 19.152777 -0.051590 -0.865479 0.498282 0.910984 0.695019 3 7 0.439885 9 0.381259 6 0.178856
headcrabsheet
  7 0.000000 -2.064252 20.146154 0.000000 -0.658128 -0.752906 0.831754 0.718826 3 7 0.899545 6 0.100335 5 0.000120
  7 0.000000 -2.591467 20.519447 0.000000 -0.956807 0.290725 0.831605 0.725891 2 7 0.995922 6 0.004078
  7 -1.044659 -2.563490 20.102049 -0.010105 -0.973822 0.227089 0.867450 0.716812 3 7 0.890790 9 0.105563 6 0.003647
headcrabsheet
  7 -0.814014 -1.782972 20.561760 -0.188271 -0.898838 0.395784 0.859598 0.730486 1 7 1.000000
  7 -1.044659 -2.563490 20.102049 -0.010105 -0.973822 0.227089 0.867450 0.716812 3 7 0.890790 9 0.105563 6 0.003647
  7 0.000000 -2.591467 20.519447 0.000000 -0.956807 0.290725 0.831605 0.725891 2 7 0.995922 6 0.004078
headcrabsheet
  7 -0.814014 -1.782972 20.561760 -0.188271 -0.898838 0.395784 0.859598 0.730486 1 7 1.000000
  7 0.000000 -2.591467 20.519447 0.000000 -0.956807 0.290725 0.831605 0.725891 2 7 0.995922 6 0.004078
  7 0.000000 -1.966574 20.778748 0.000000 -0.975508 0.219963 0.831424 0.734520 1 7 1.000000
headcrabsheet
  7 0.814014 -1.782973 20.561760 0.188271 -0.898837 0.395784 0.803428 0.730095 1 7 1.000000
  7 0.000000 -1.966574 20.778748 0.000000 -0.975508 0.219963 0.831424 0.734520 1 7 1.000000
  7 0.000000 -2.591467 20.519447 0.000000 -0.956807 0.290725 0.831605 0.725891 2 7 0.995922 6 0.004078
headcrabsheet
  7 0.814014 -1.782973 20.561760 0.188271 -0.898837 0.395784 0.803428 0.730095 1 7 1.000000
  7 0.000000 -2.591467 20.519447 0.000000 -0.956807 0.290725 0.831605 0.725891 2 7 0.995922 6 0.004078
  7 1.044659 -2.563490 20.102049 0.010105 -0.973821 0.227089 0.796157 0.716103 3 7 0.995800 6 0.004078 5 0.000122
headcrabsheet
  7 1.044659 -2.563490 20.102049 0.010105 -0.973821 0.227089 0.796157 0.716103 3 7 0.995800 6 0.004078 5 0.000122
  7 1.453709 -1.909176 20.558453 0.100747 -0.824303 0.557112 0.780422 0.716151 1 7 1.000000
  7 0.814014 -1.782973 20.561760 0.188271 -0.898837 0.395784 0.803428 0.730095 1 7 1.000000
headcrabsheet
  7 0.000000 -2.064252 20.146154 0.000000 -0.658128 -0.752906 0.831754 0.718826 3 7 0.899545 6 0.100335 5 0.000120
  7 1.044659 -2.563490 20.102049 0.010105 -0.973821 0.227089 0.796157 0.716103 3 7 0.995800 6 0.004078 5 0.000122
  7 0.000000 -2.591467 20.519447 0.000000 -0.956807 0.290725 0.831605 0.725891 2 7 0.995922 6 0.004078
headcrabsheet
  7 0.000000 -2.064252 20.146154 0.000000 -0.658128 -0.752906 0.831754 0.718826 3 7 0.899545 6 0.100335 5 0.000120
  15 2.306019 -2.656907 19.152779 0.051590 -0.865478 0.498283 0.753576 0.692503 3 15 0.475737 7 0.360961 6 0.163302
  7 1.044659 -2.563490 20.102049 0.010105 -0.973821 0.227089 0.796157 0.716103 3 7 0.995800 6 0.004078 5 0.000122
headcrabsheet
  15 2.306019 -2.656907 19.152779 0.051590 -0.865478 0.498283 0.753576 0.692503 3 15 0.475737 7 0.360961 6 0.163302
  7 0.000000 -2.064252 20.146154 0.000000 -0.658128 -0.752906 0.831754 0.718826 3 7 0.899545 6 0.100335 5 0.000120
  7 2.046200 -2.200132 18.929230 -0.660360 -0.570876 -0.487879 0.762288 0.689068 3 7 0.454698 15 0.274988 6 0.270314
headcrabsheet
  6 3.166602 -3.775444 17.561693 -0.674010 -0.733019 0.091617 0.724988 0.648524 1 6 1.000000
  15 2.306019 -2.656907 19.152779 0.051590 -0.865478 0.498283 0.753576 0.692503 3 15 0.475737 7 0.360961 6 0.163302
  7 2.046200 -2.200132 18.929230 -0.660360 -0.570876 -0.487879 0.762288 0.689068 3 7 0.454698 15 0.274988 6 0.270314
headcrabsheet
  6 3.166602 -3.775444 17.561693 -0.674010 -0.733019 0.091617 0.724988 0.648524 1 6 1.000000
  7 2.046200 -2.200132 18.929230 -0.660360 -0.570876 -0.487879 0.762288 0.689068 3 7 0.454698 15 0.274988 6 0.270314
  6 2.976945 -2.997934 17.396406 -0.934378 -0.292496 -0.203431 0.731567 0.648863 1 6 1.000000
headcrabsheet
  6 3.455023 -3.855605 17.686638 0.428633 -0.713971 0.553642 0.715034 0.650898 1 6 1.000000
  15 2.306019 -2.656907 19.152779 0.051590 -0.865478 0.498283 0.753576 0.692503 3 15 0.475737 7 0.360961 6 0.163302
  6 3.166602 -3.775444 17.561693 -0.674010 -0.733019 0.091617 0.724988 0.648524 1 6 1.000000
headcrabsheet
  7 1.044659 -2.563490 20.102049 0.010105 -0.973821 0.227089 0.796157 0.716103 3 7 0.995800 6 0.004078 5 0.000122
  7 2.468820 -2.157751 19.176250 0.636558 -0.335414 0.694472 0.747804 0.693729 3 7 0.386909 15 0.375745 14 0.237346
  7 1.453709 -1.909176 20.558453 0.100747 -0.824303 0.557112 0.780422 0.716151 1 7 1.000000
headcrabsheet
  7 1.044659 -2.563490 20.102049 0.010105 -0.973821 0.227089 0.796157 0.716103 3 7 0.995800 6 0.004078 5 0.000122
  15 2.306019 -2.656907 19.152779 0.051590 -0.865478 0.498283 0.753576 0.692503 3 15 0.475737 7 0.360961 6 0.163302
  7 2.468820 -2.157751 19.176250 0.636558 -0.335414 0.694472 0.747804 0.693729 3 7 0.386909 15 0.375745 14 0.237346
headcrabsheet
  15 2.306019 -2.656907 19.152779 0.051590 -0.865478 0.498283 0.753576 0.692503 3 15 0.475737 7 0.360961 6 0.163302
  14 3.325647 -3.314041 17.768259 0.826457 0.087631 0.556138 0.719432 0.656044 3 14 0.529143 6 0.460663 7 0.010194
  7 2.468820 -2.157751 19.176250 0.636558 -0.335414 0.694472 0.747804 0.693729 3 7 0.386909 15 0.375745 14 0.237346
headcrabsheet
  14 3.325647 -3.314041 17.768259 0.826457 0.087631 0.556138 0.719432 0.656044 3 14 0.529143 6 0.460663 7 0.010194
  15 2.306019 -2.656907 19.152779 0.051590 -0.865478 0.498283 0.753576 0.692503 3 15 0.475737 7 0.360961 6 0.163302
  6 3.455023 -3.855605 17.686638 0.428633 -0.713971 0.553642 0.715034 0.650898 1 6 1.000000
headcrabsheet
  6 3.455023 -3.855605 17.686638 0.428633 -0.713971 0.553642 0.715034 0.650898 1 6 1.000000
  6 3.740673 -3.629802 17.172911 -0.025159 -0.876684 0.480407 0.705778 0.640218 1 6 1.000000
  14 3.325647 -3.314041 17.768259 0.826457 0.087631 0.556138 0.719432 0.656044 3 14 0.529143 6 0.460663 7 0.010194
headcrabsheet
  6 3.455023 -3.855605 17.686638 0.428633 -0.713971 0.553642 0.715034 0.650898 1 6 1.000000
  6 3.747625 -4.029817 16.212879 -0.808708 -0.580516 -0.094835 0.706334 0.615756 3 6 0.991945 0 0.004027 5 0.004027
  6 3.740673 -3.629802 17.172911 -0.025159 -0.876684 0.480407 0.705778 0.640218 1 6 1.000000
headcrabsheet
  6 3.740673 -3.629802 17.172911 -0.025159 -0.876684 0.480407 0.705778 0.640218 1 6 1.000000
  6 3.747625 -4.029817 16.212879 -0.808708 -0.580516 -0.094835 0.706334 0.615756 3 6 0.991945 0 0.004027 5 0.004027
  6 3.844068 -4.278119 16.779154 -0.268144 -0.961828 0.054643 0.702674 0.627723 1 6 1.000000
headcrabsheet
  6 3.896193 -4.268320 16.434771 -0.261573 -0.965147 0.008390 0.701156 0.619741 1 6 1.000000
  6 3.844068 -4.278119 16.779154 -0.268144 -0.961828 0.054643 0.702674 0.627723 1 6 1.000000
  6 3.747625 -4.029817 16.212879 -0.808708 -0.580516 -0.094835 0.706334 0.615756 3 6 0.991945 0 0.004027 5 0.004027
headcrabsheet
  6 3.896193 -4.268320 16.434771 -0.261573 -0.965147 0.008390 0.701156 0.619741 1 6 1.000000
  6 3.916291 -4.112000 16.696609 0.819736 -0.571005 -0.044578 0.696051 0.626383 1 6 1.000000
  6 3.844068 -4.278119 16.779154 -0.268144 -0.961828 0.054643 0.702674 0.627723 1 6 1.000000
headcrabsheet
  6 3.896193 -4.268320 16.434771 -0.261573 -0.965147 0.008390 0.701156 0.619741 1 6 1.000000
  6 4.098853 -4.151800 16.451544 0.009933 -0.683569 0.729818 0.693417 0.623764 3 6 0.675703 14 0.281387 0 0.042910
  6 3.916291 -4.112000 16.696609 0.819736 -0.571005 -0.044578 0.696051 0.626383 1 6 1.000000
headcrabsheet
  6 4.146110 -4.325020 16.325943 0.194870 -0.978861 -0.062106 0.692758 0.616834 1 6 1.000000
  6 4.098853 -4.151800 16.451544 0.009933 -0.683569 0.729818 0.693417 0.623764 3 6 0.675703 14 0.281387 0 0.042910
  6 3.896193 -4.268320 16.434771 -0.261573 -0.965147 0.008390 0.701156 0.619741 1 6 1.000000
headcrabsheet
  6 4.146110 -4.325020 16.325943 0.194870 -0.978861 -0.062106 0.692758 0.616834 1 6 1.000000
  6 4.400271 -4.069425 16.655348 0.680387 -0.718916 0.142241 0.683840 0.625670 1 6 1.000000
  6 4.098853 -4.151800 16.451544 0.009933 -0.683569 0.729818 0.693417 0.623764 3 6 0.675703 14 0.281387 0 0.042910
headcrabsheet
  6 4.400271 -4.069425 16.655348 0.680387 -0.718916 0.142241 0.683840 0.625670 1 6 1.000000
  6 4.146110 -4.325020 16.325943 0.194870 -0.978861 -0.062106 0.692758 0.616834 1 6 1.000000
  6 4.513885 -3.648185 15.966269 0.922515 -0.382541 -0.051263 0.680432 0.611464 1 6 1.000000
headcrabsheet
  6 4.513885 -3.648185 15.966269 0.922515 -0.382541 -0.051263 0.680432 0.611464 1 6 1.000000
  6 4.490376 -3.479360 16.971523 0.936544 -0.314914 0.153996 0.680429 0.636220 1 6 1.000000
  6 4.400271 -4.069425 16.655348 0.680387 -0.718916 0.142241 0.683840 0.625670 1 6 1.000000
headcrabsheet
  6 4.118628 -4.204951 17.174667 0.163081 -0.784157 0.598751 0.692999 0.637184 1 6 1.000000
  6 4.400271 -4.069425 16.655348 0.680387 -0.718916 0.142241 0.683840 0.625670 1 6 1.000000
  6 4.490376 -3.479360 16.971523 0.936544 -0.314914 0.153996 0.680429 0.636220 1 6 1.000000
headcrabsheet
  6 4.118628 -4.204951 17.174667 0.163081 -0.784157 0.598751 0.692999 0.637184 1 6 1.000000
  6 4.490376 -3.479360 16.971523 0.936544 -0.314914 0.153996 0.680429 0.636220 1 6 1.000000
  6 4.106768 -4.003088 17.222403 0.046316 -0.842289 0.537032 0.693327 0.639349 1 6 1.000000
headcrabsheet
  6 4.118628 -4.204951 17.174667 0.163081 -0.784157 0.598751 0.692999 0.637184 1 6 1.000000
  6 4.106768 -4.003088 17.222403 0.046316 -0.842289 0.537032 0.693327 0.639349 1 6 1.000000
  6 3.740673 -3.629802 17.172911 -0.025159 -0.876684 0.480407 0.705778 0.640218 1 6 1.000000
headcrabsheet
  14 4.163468 -4.088770 17.385803 0.154820 -0.935784 0.316765 0.691272 0.642702 3 14 0.507736 6 0.480925 5 0.011339
  6 3.740673 -3.629802 17.172911 -0.025159 -0.876684 0.480407 0.705778 0.640218 1 6 1.000000
  6 4.106768 -4.003088 17.222403 0.046316 -0.842289 0.537032 0.693327 0.639349 1 6 1.000000
headcrabsheet
  6 4.106768 -4.003088 17.222403 0.046316 -0.842289 0.537032 0.693327 0.639349 1 6 1.000000
  6 4.490376 -3.479360 16.971523 0.936544 -0.314914 0.153996 0.680429 0.636220 1 6 1.000000
  14 4.163468 -4.088770 17.385803 0.154820 -0.935784 0.316765 0.691272 0.642702 3 14 0.507736 6 0.480925 5 0.011339
headcrabsheet
  6 4.490376 -3.479360 16.971523 0.936544 -0.314914 0.153996 0.680429 0.636220 1 6 1.000000
  14 4.562631 -2.944847 17.598536 0.859273 -0.495799 0.125832 0.677232 0.656313 3 14 0.602543 15 0.221393 6 0.176063
  14 4.163468 -4.088770 17.385803 0.154820 -0.935784 0.316765 0.691272 0.642702 3 14 0.507736 6 0.480925 5 0.011339
headcrabsheet
  6 3.740673 -3.629802 17.172911 -0.025159 -0.876684 0.480407 0.705778 0.640218 1 6 1.000000
  6 3.844068 -4.278119 16.779154 -0.268144 -0.961828 0.054643 0.702674 0.627723 1 6 1.000000
  6 4.118628 -4.204951 17.174667 0.163081 -0.784157 0.598751 0.692999 0.637184 1 6 1.000000
headcrabsheet
  6 4.071938 -4.092329 16.914383 0.284542 -0.856694 -0.430245 0.693653 0.628630 1 6 1.000000
  6 4.118628 -4.204951 17.174667 0.163081 -0.784157 0.598751 0.692999 0.637184 1 6 1.000000
  6 3.844068 -4.278119 16.779154 -0.268144 -0.961828 0.054643 0.702674 0.627723 1 6 1.000000
headcrabsheet
  6 3.916291 -4.112000 16.696609 0.819736 -0.571005 -0.044578 0.696051 0.626383 1 6 1.000000
  6 4.071938 -4.092329 16.914383 0.284542 -0.856694 -0.430245 0.693653 0.628630 1 6 1.000000
  6 3.844068 -4.278119 16.779154 -0.268144 -0.961828 0.054643 0.702674 0.627723 1 6 1.000000
headcrabsheet
  6 4.071938 -4.092329 16.914383 0.284542 -0.856694 -0.430245 0.693653 0.628630 1 6 1.000000
  6 4.400271 -4.069425 16.655348 0.680387 -0.718916 0.142241 0.683840 0.625670 1 6 1.000000
  6 4.118628 -4.204951 17.174667 0.163081 -0.784157 0.598751 0.692999 0.637184 1 6 1.000000
headcrabsheet
  6 4.211798 -4.020753 16.619511 -0.288897 -0.917548 0.273209 0.691669 0.625747 3 6 0.982243 0 0.008878 5 0.008878
  6 4.400271 -4.069425 16.655348 0.680387 -0.718916 0.142241 0.683840 0.625670 1 6 1.000000
  6 4.071938 -4.092329 16.914383 0.284542 -0.856694 -0.430245 0.693653 0.628630 1 6 1.000000
headcrabsheet
  6 4.098853 -4.151800 16.451544 0.009933 -0.683569 0.729818 0.693417 0.623764 3 6 0.675703 14 0.281387 0 0.042910
  6 4.400271 -4.069425 16.655348 0.680387 -0.718916 0.142241 0.683840 0.625670 1 6 1.000000
  6 4.211798 -4.020753 16.619511 -0.288897 -0.917548 0.273209 0.691669 0.625747 3 6 0.982243 0 0.008878 5 0.008878
headcrabsheet
  6 4.146110 -4.325020 16.325943 0.194870 -0.978861 -0.062106 0.692758 0.616834 1 6 1.000000
  6 3.896193 -4.268320 16.434771 -0.261573 -0.965147 0.008390 0.701156 0.619741 1 6 1.000000
  6 3.747625 -4.029817 16.212879 -0.808708 -0.580516 -0.094835 0.706334 0.615756 3 6 0.991945 0 0.004027 5 0.004027
headcrabsheet
  6 4.146110 -4.325020 16.325943 0.194870 -0.978861 -0.062106 0.692758 0.616834 1 6 1.000000
  6 3.747625 -4.029817 16.212879 -0.808708 -0.580516 -0.094835 0.706334 0.615756 3 6 0.991945 0 0.004027 5 0.004027
  6 4.133953 -4.202207 16.191280 0.367281 -0.892676 0.261216 0.693251 0.614273 1 6 1.000000
headcrabsheet
  6 4.133953 -4.202207 16.191280 0.367281 -0.892676 0.261216 0.693251 0.614273 1 6 1.000000
  6 4.513885 -3.648185 15.966269 0.922515 -0.382541 -0.051263 0.680432 0.611464 1 6 1.000000
  6 4.146110 -4.325020 16.325943 0.194870 -0.978861 -0.062106 0.692758 0.616834 1 6 1.000000
headcrabsheet
  6 4.190310 -4.379015 16.126184 0.334453 -0.895866 0.292515 0.691404 0.611897 1 6 1.000000
  6 4.513885 -3.648185 15.966269 0.922515 -0.382541 -0.051263 0.680432 0.611464 1 6 1.000000
  6 4.133953 -4.202207 16.191280 0.367281 -0.892676 0.261216 0.693251 0.614273 1 6 1.000000
headcrabsheet
  6 4.190310 -4.379015 16.126184 0.334453 -0.895866 0.292515 0.691404 0.611897 1 6 1.000000
  6 4.133953 -4.202207 16.191280 0.367281 -0.892676 0.261216 0.693251 0.614273 1 6 1.000000
  6 3.747625 -4.029817 16.212879 -0.808708 -0.580516 -0.094835 0.706334 0.615756 3 6 0.991945 0 0.004027 5 0.004027
headcrabsheet
  14 4.163468 -4.088770 17.385803 0.154820 -0.935784 0.316765 0.691272 0.642702 3 14 0.507736 6 0.480925 5 0.011339
  6 3.978694 -3.759089 17.575781 -0.306116 -0.936653 0.170220 0.695544 0.648563 1 6 1.000000
  6 3.740673 -3.629802 17.172911 -0.025159 -0.876684 0.480407 0.705778 0.640218 1 6 1.000000
headcrabsheet
  14 4.163468 -4.088770 17.385803 0.154820 -0.935784 0.316765 0.691272 0.642702 3 14 0.507736 6 0.480925 5 0.011339
  6 4.135019 -3.915305 17.396677 0.220544 -0.024990 0.975057 0.693307 0.646323 1 6 1.000000
  6 3.978694 -3.759089 17.575781 -0.306116 -0.936653 0.170220 0.695544 0.648563 1 6 1.000000
headcrabsheet
  6 4.135019 -3.915305 17.396677 0.220544 -0.024990 0.975057 0.693307 0.646323 1 6 1.000000
  14 4.163468 -4.088770 17.385803 0.154820 -0.935784 0.316765 0.691272 0.642702 3 14 0.507736 6 0.480925 5 0.011339
  6 4.289828 -3.671767 17.505484 -0.861221 0.363038 -0.355672 0.690910 0.648122 3 6 0.515689 14 0.478654 5 0.005657
headcrabsheet
  14 4.163468 -4.088770 17.385803 0.154820 -0.935784 0.316765 0.691272 0.642702 3 14 0.507736 6 0.480925 5 0.011339
  6 4.234258 -3.543940 17.706186 0.724420 -0.406620 0.556665 0.693469 0.650625 3 6 0.515539 14 0.462023 15 0.022437
  6 4.289828 -3.671767 17.505484 -0.861221 0.363038 -0.355672 0.690910 0.648122 3 6 0.515689 14 0.478654 5 0.005657
headcrabsheet
  6 4.234258 -3.543940 17.706186 0.724420 -0.406620 0.556665 0.693469 0.650625 3 6 0.515539 14 0.462023 15 0.022437
  14 4.163468 -4.088770 17.385803 0.154820 -0.935784 0.316765 0.691272 0.642702 3 14 0.507736 6 0.480925 5 0.011339
  14 4.562631 -2.944847 17.598536 0.859273 -0.495799 0.125832 0.677232 0.656313 3 14 0.602543 15 0.221393 6 0.176063
headcrabsheet
  14 4.562631 -2.944847 17.598536 0.859273 -0.495799 0.125832 0.677232 0.656313 3 14 0.602543 15 0.221393 6 0.176063
  14 3.911054 -3.688204 17.954203 0.480147 -0.818570 0.315279 0.699144 0.658457 3 14 0.607900 6 0.391206 5 0.000894
  6 4.234258 -3.543940 17.706186 0.724420 -0.406620 0.556665 0.693469 0.650625 3 6 0.515539 14 0.462023 15 0.022437
headcrabsheet
  14 3.911054 -3.688204 17.954203 0.480147 -0.818570 0.315279 0.699144 0.658457 3 14 0.607900 6 0.391206 5 0.000894
  14 4.562631 -2.944847 17.598536 0.859273 -0.495799 0.125832 0.677232 0.656313 3 14 0.602543 15 0.221393 6 0.176063
  14 3.875108 -3.645891 18.130432 0.364087 -0.913168 -0.183205 0.700060 0.662986 3 14 0.890031 6 0.109438 5 0.000531
headcrabsheet
  14 3.875108 -3.645891 18.130432 0.364087 -0.913168 -0.183205 0.700060 0.662986 3 14 0.890031 6 0.109438 5 0.000531
  6 3.688256 -3.753977 17.865564 -0.481968 -0.868719 0.114167 0.706900 0.655709 3 6 0.635823 14 0.363599 5 0.000578
  14 3.911054 -3.688204 17.954203 0.480147 -0.818570 0.315279 0.699144 0.658457 3 14 0.607900 6 0.391206 5 0.000894
headcrabsheet
  6 3.688256 -3.753977 17.865564 -0.481968 -0.868719 0.114167 0.706900 0.655709 3 6 0.635823 14 0.363599 5 0.000578
  14 3.875108 -3.645891 18.130432 0.364087 -0.913168 -0.183205 0.700060 0.662986 3 14 0.890031 6 0.109438 5 0.000531
  14 3.325647 -3.314041 17.768259 -0.659555 -0.749862 0.051899 0.719432 0.656044 3 14 0.529143 6 0.460663 7 0.010194
headcrabsheet
  14 3.325647 -3.314041 17.768259 -0.659555 -0.749862 0.051899 0.719432 0.656044 3 14 0.529143 6 0.460663 7 0.010194
  6 3.978694 -3.759089 17.575781 -0.306116 -0.936653 0.170220 0.695544 0.648563 1 6 1.000000
  6 3.688256 -3.753977 17.865564 -0.481968 -0.868719 0.114167 0.706900 0.655709 3 6 0.635823 14 0.363599 5 0.000578
headcrabsheet
  14 3.325647 -3.314041 17.768259 -0.659555 -0.749862 0.051899 0.719432 0.656044 3 14 0.529143 6 0.460663 7 0.010194
  6 3.740673 -3.629802 17.172911 -0.025159 -0.876684 0.480407 0.705778 0.640218 1 6 1.000000
  6 3.978694 -3.759089 17.575781 -0.306116 -0.936653 0.170220 0.695544 0.648563 1 6 1.000000
headcrabsheet
  14 3.911054 -3.688204 17.954203 0.480147 -0.818570 0.315279 0.699144 0.658457 3 14 0.607900 6 0.391206 5 0.000894
  6 3.978694 -3.759089 17.575781 -0.306116 -0.936653 0.170220 0.695544 0.648563 1 6 1.000000
  6 4.234258 -3.543940 17.706186 0.724420 -0.406620 0.556665 0.693469 0.650625 3 6 0.515539 14 0.462023 15 0.022437
headcrabsheet
  14 3.911054 -3.688204 17.954203 0.480147 -0.818570 0.315279 0.699144 0.658457 3 14 0.607900 6 0.391206 5 0.000894
  6 3.688256 -3.753977 17.865564 -0.481968 -0.868719 0.114167 0.706900 0.655709 3 6 0.635823 14 0.363599 5 0.000578
  6 3.978694 -3.759089 17.575781 -0.306116 -0.936653 0.170220 0.695544 0.648563 1 6 1.000000
headcrabsheet
  14 3.875108 -3.645891 18.130432 0.364087 -0.913168 -0.183205 0.700060 0.662986 3 14 0.890031 6 0.109438 5 0.000531
  15 3.082052 -3.069046 18.581890 -0.939686 -0.138696 -0.312655 0.727300 0.677112 3 15 0.543506 14 0.432558 6 0.023936
  14 3.325647 -3.314041 17.768259 -0.659555 -0.749862 0.051899 0.719432 0.656044 3 14 0.529143 6 0.460663 7 0.010194
headcrabsheet
  15 3.082052 -3.069046 18.581890 -0.939686 -0.138696 -0.312655 0.727300 0.677112 3 15 0.543506 14 0.432558 6 0.023936
  15 2.907435 -2.540847 18.735130 -0.596867 -0.748092 0.290014 0.733698 0.684180 3 15 0.668608 14 0.298174 6 0.033218
  14 3.325647 -3.314041 17.768259 -0.659555 -0.749862 0.051899 0.719432 0.656044 3 14 0.529143 6 0.460663 7 0.010194
headcrabsheet
  14 3.325647 -3.314041 17.768259 -0.659555 -0.749862 0.051899 0.719432 0.656044 3 14 0.529143 6 0.460663 7 0.010194
  15 2.907435 -2.540847 18.735130 -0.596867 -0.748092 0.290014 0.733698 0.684180 3 15 0.668608 14 0.298174 6 0.033218
  7 2.468820 -2.157751 19.176250 -0.707084 -0.598234 -0.377024 0.747804 0.693729 3 7 0.386909 15 0.375745 14 0.237346
headcrabsheet
  6 3.873098 -4.062947 15.535979 -0.501978 -0.806439 -0.312530 0.702517 0.599704 1 6 1.000000
  6 4.126357 -3.946312 15.539159 -0.092605 -0.983361 0.156283 0.693853 0.601966 1 6 1.000000
  6 4.090554 -4.083041 15.758513 -0.356160 -0.849447 -0.389345 0.694846 0.604090 1 6 1.000000
headcrabsheet
  6 4.044753 -4.110096 15.421482 0.088663 -0.976216 -0.197842 0.696766 0.596723 1 6 1.000000
  6 4.126357 -3.946312 15.539159 -0.092605 -0.983361 0.156283 0.693853 0.601966 1 6 1.000000
  6 3.873098 -4.062947 15.535979 -0.501978 -0.806439 -0.312530 0.702517 0.599704 1 6 1.000000
headcrabsheet
  6 4.044753 -4.110096 15.421482 0.088663 -0.976216 -0.197842 0.696766 0.596723 1 6 1.000000
  6 4.322743 -3.940971 15.636812 0.825444 -0.482481 -0.293010 0.691513 0.603418 1 6 1.000000
  6 4.126357 -3.946312 15.539159 -0.092605 -0.983361 0.156283 0.693853 0.601966 1 6 1.000000
headcrabsheet
  6 4.322743 -3.940971 15.636812 0.825444 -0.482481 -0.293010 0.691513 0.603418 1 6 1.000000
  6 4.044753 -4.110096 15.421482 0.088663 -0.976216 -0.197842 0.696766 0.596723 1 6 1.000000
  6 4.498073 -3.157765 14.908041 0.767794 -0.624582 -0.142793 0.681586 0.588863 3 6 0.562249 14 0.321434 0 0.116317
headcrabsheet
  6 4.498073 -3.157765 14.908041 0.767794 -0.624582 -0.142793 0.681586 0.588863 3 6 0.562249 14 0.321434 0 0.116317
  6 4.513885 -3.648185 15.966269 0.922515 -0.382541 -0.051263 0.680432 0.611464 1 6 1.000000
  6 4.322743 -3.940971 15.636812 0.825444 -0.482481 -0.293010 0.691513 0.603418 1 6 1.000000
headcrabsheet
  6 4.322743 -3.940971 15.636812 0.825444 -0.482481 -0.293010 0.691513 0.603418 1 6 1.000000
  6 4.513885 -3.648185 15.966269 0.922515 -0.382541 -0.051263 0.680432 0.611464 1 6 1.000000
  6 4.240830 -4.098107 15.883430 0.823349 -0.561903 -0.079754 0.692172 0.605769 1 6 1.000000
headcrabsheet
  6 4.240830 -4.098107 15.883430 0.823349 -0.561903 -0.079754 0.692172 0.605769 1 6 1.000000
  6 4.513885 -3.648185 15.966269 0.922515 -0.382541 -0.051263 0.680432 0.611464 1 6 1.000000
  6 4.190310 -4.379015 16.126184 0.334453 -0.895866 0.292515 0.691404 0.611897 1 6 1.000000
headcrabsheet
  6 4.240830 -4.098107 15.883430 0.823349 -0.561903 -0.079754 0.692172 0.605769 1 6 1.000000
  6 4.190310 -4.379015 16.126184 0.334453 -0.895866 0.292515 0.691404 0.611897 1 6 1.000000
  6 3.913955 -4.212381 15.799227 -0.346178 -0.860365 -0.374075 0.700980 0.605153 3 6 0.896379 14 0.082650 0 0.020971
headcrabsheet
  6 3.747625 -4.029817 16.212879 -0.808708 -0.580516 -0.094835 0.706334 0.615756 3 6 0.991945 0 0.004027 5 0.004027
  6 3.913955 -4.212381 15.799227 -0.346178 -0.860365 -0.374075 0.700980 0.605153 3 6 0.896379 14 0.082650 0 0.020971
  6 4.190310 -4.379015 16.126184 0.334453 -0.895866 0.292515 0.691404 0.611897 1 6 1.000000
headcrabsheet
  6 3.747625 -4.029817 16.212879 -0.808708 -0.580516 -0.094835 0.706334 0.615756 3 6 0.991945 0 0.004027 5 0.004027
  6 3.683351 -3.582795 15.292086 0.109050 -0.993788 0.022217 0.709062 0.596303 3 6 0.940958 14 0.042977 0 0.016064
  6 3.913955 -4.212381 15.799227 -0.346178 -0.860365 -0.374075 0.700980 0.605153 3 6 0.896379 14 0.082650 0 0.020971
headcrabsheet
  6 3.455023 -3.855605 17.686638 0.428633 -0.713971 0.553642 0.715034 0.650898 1 6 1.000000
  6 3.683351 -3.582795 15.292086 0.109050 -0.993788 0.022217 0.709062 0.596303 3 6 0.940958 14 0.042977 0 0.016064
  6 3.747625 -4.029817 16.212879 -0.808708 -0.580516 -0.094835 0.706334 0.615756 3 6 0.991945 0 0.004027 5 0.004027
headcrabsheet
  6 3.455023 -3.855605 17.686638 0.428633 -0.713971 0.553642 0.715034 0.650898 1 6 1.000000
  6 3.551422 -4.202044 14.678090 0.481147 -0.875959 -0.034549 0.713987 0.579127 1 6 1.000000
  6 3.683351 -3.582795 15.292086 0.109050 -0.993788 0.022217 0.709062 0.596303 3 6 0.940958 14 0.042977 0 0.016064
headcrabsheet
  6 3.166602 -3.775444 17.561693 -0.674010 -0.733019 0.091617 0.724988 0.648524 1 6 1.000000
  6 3.551422 -4.202044 14.678090 0.481147 -0.875959 -0.034549 0.713987 0.579127 1 6 1.000000
  6 3.455023 -3.855605 17.686638 0.428633 -0.713971 0.553642 0.715034 0.650898 1 6 1.000000
headcrabsheet
  6 3.551422 -4.202044 14.678090 0.481147 -0.875959 -0.034549 0.713987 0.579127 1 6 1.000000
  6 3.166602 -3.775444 17.561693 -0.674010 -0.733019 0.091617 0.724988 0.648524 1 6 1.000000
  6 3.240716 -4.118150 15.128281 -0.518798 -0.841429 0.151147 0.724257 0.590209 3 6 0.833799 14 0.097287 0 0.068914
headcrabsheet
  6 3.240716 -4.118150 15.128281 -0.518798 -0.841429 0.151147 0.724257 0.590209 3 6 0.833799 14 0.097287 0 0.068914
  6 3.166602 -3.775444 17.561693 -0.674010 -0.733019 0.091617 0.724988 0.648524 1 6 1.000000
  6 2.976945 -2.997934 17.396406 -0.934378 -0.292496 -0.203431 0.731567 0.648863 1 6 1.000000
headcrabsheet
  6 3.240716 -4.118150 15.128281 -0.518798 -0.841429 0.151147 0.724257 0.590209 3 6 0.833799 14 0.097287 0 0.068914
  6 2.976945 -2.997934 17.396406 -0.934378 -0.292496 -0.203431 0.731567 0.648863 1 6 1.000000
  6 2.929911 -3.630659 14.838725 -0.875180 -0.419920 0.240263 0.734931 0.585820 1 6 1.000000
headcrabsheet
  6 2.929911 -3.630659 14.838725 -0.875180 -0.419920 0.240263 0.734931 0.585820 1 6 1.000000
  0 2.514683 -3.958430 13.208905 -0.412134 -0.900355 0.139662 0.750995 0.542478 3 0 0.614653 6 0.238840 14 0.146507
  6 3.240716 -4.118150 15.128281 -0.518798 -0.841429 0.151147 0.724257 0.590209 3 6 0.833799 14 0.097287 0 0.068914
headcrabsheet
  0 2.514683 -3.958430 13.208905 -0.412134 -0.900355 0.139662 0.750995 0.542478 3 0 0.614653 6 0.238840 14 0.146507
  6 2.929911 -3.630659 14.838725 -0.875180 -0.419920 0.240263 0.734931 0.585820 1 6 1.000000
  0 2.267647 -3.489979 13.162606 -0.630829 -0.262012 0.730345 0.758387 0.547521 3 0 0.675931 6 0.183864 5 0.140206
headcrabsheet
  6 4.090554 -4.083041 15.758513 -0.356160 -0.849447 -0.389345 0.694846 0.604090 1 6 1.000000
  6 4.240830 -4.098107 15.883430 0.823349 -0.561903 -0.079754 0.692172 0.605769 1 6 1.000000
  6 3.913955 -4.212381 15.799227 -0.346178 -0.860365 -0.374075 0.700980 0.605153 3 6 0.896379 14 0.082650 0 0.020971
headcrabsheet
  6 3.873098 -4.062947 15.535979 -0.501978 -0.806439 -0.312530 0.702517 0.599704 1 6 1.000000
  6 4.090554 -4.083041 15.758513 -0.356160 -0.849447 -0.389345 0.694846 0.604090 1 6 1.000000
  6 3.913955 -4.212381 15.799227 -0.346178 -0.860365 -0.374075 0.700980 0.605153 3 6 0.896379 14 0.082650 0 0.020971
headcrabsheet
  6 3.873098 -4.062947 15.535979 -0.501978 -0.806439 -0.312530 0.702517 0.599704 1 6 1.000000
  6 3.913955 -4.212381 15.799227 -0.346178 -0.860365 -0.374075 0.700980 0.605153 3 6 0.896379 14 0.082650 0 0.020971
  6 3.683351 -3.582795 15.292086 0.109050 -0.993788 0.022217 0.709062 0.596303 3 6 0.940958 14 0.042977 0 0.016064
headcrabsheet
  6 3.683351 -3.582795 15.292086 0.109050 -0.993788 0.022217 0.709062 0.596303 3 6 0.940958 14 0.042977 0 0.016064
  6 4.044753 -4.110096 15.421482 0.088663 -0.976216 -0.197842 0.696766 0.596723 1 6 1.000000
  6 3.873098 -4.062947 15.535979 -0.501978 -0.806439 -0.312530 0.702517 0.599704 1 6 1.000000
headcrabsheet
  6 4.044753 -4.110096 15.421482 0.088663 -0.976216 -0.197842 0.696766 0.596723 1 6 1.000000
  6 3.683351 -3.582795 15.292086 0.109050 -0.993788 0.022217 0.709062 0.596303 3 6 0.940958 14 0.042977 0 0.016064
  6 3.970997 -3.900460 15.286622 -0.257603 -0.952862 -0.160296 0.699331 0.594568 1 6 1.000000
headcrabsheet
  6 3.970997 -3.900460 15.286622 -0.257603 -0.952862 -0.160296 0.699331 0.594568 1 6 1.000000
  6 4.498073 -3.157765 14.908041 0.767794 -0.624582 -0.142793 0.681586 0.588863 3 6 0.562249 14 0.321434 0 0.116317
  6 4.044753 -4.110096 15.421482 0.088663 -0.976216 -0.197842 0.696766 0.596723 1 6 1.000000
headcrabsheet
  6 4.498073 -3.157765 14.908041 0.767794 -0.624582 -0.142793 0.681586 0.588863 3 6 0.562249 14 0.321434 0 0.116317
  6 3.970997 -3.900460 15.286622 -0.257603 -0.952862 -0.160296 0.699331 0.594568 1 6 1.000000
  6 4.017993 -4.044147 15.163067 0.272862 -0.884701 0.377955 0.697828 0.590986 1 6 1.000000
headcrabsheet
  6 4.498073 -3.157765 14.908041 0.767794 -0.624582 -0.142793 0.681586 0.588863 3 6 0.562249 14 0.321434 0 0.116317
  6 4.017993 -4.044147 15.163067 0.272862 -0.884701 0.377955 0.697828 0.590986 1 6 1.000000
  6 4.453298 -3.764306 14.688194 0.730166 -0.670869 0.129584 0.680458 0.576381 3 6 0.577777 14 0.276867 0 0.145356
headcrabsheet
  6 4.071496 -3.806619 14.771563 0.293775 -0.954135 -0.057636 0.695844 0.580816 3 6 0.862019 14 0.091211 0 0.046770
  6 4.453298 -3.764306 14.688194 0.730166 -0.670869 0.129584 0.680458 0.576381 3 6 0.577777 14 0.276867 0 0.145356
  6 4.017993 -4.044147 15.163067 0.272862 -0.884701 0.377955 0.697828 0.590986 1 6 1.000000
headcrabsheet
  6 4.071496 -3.806619 14.771563 0.293775 -0.954135 -0.057636 0.695844 0.580816 3 6 0.862019 14 0.091211 0 0.046770
  6 4.017993 -4.044147 15.163067 0.272862 -0.884701 0.377955 0.697828 0.590986 1 6 1.000000
  6 3.844433 -3.909887 14.632793 -0.451042 -0.811201 -0.372175 0.704029 0.579261 1 6 1.000000
headcrabsheet
  6 4.004326 -3.781641 14.595379 -0.082507 -0.964069 -0.252514 0.697153 0.578762 3 6 0.835257 14 0.105662 0 0.059081
  6 4.071496 -3.806619 14.771563 0.293775 -0.954135 -0.057636 0.695844 0.580816 3 6 0.862019 14 0.091211 0 0.046770
  6 3.844433 -3.909887 14.632793 -0.451042 -0.811201 -0.372175 0.704029 0.579261 1 6 1.000000
headcrabsheet
  14 4.167820 -3.807067 14.174436 -0.042857 -0.905121 -0.422989 0.693309 0.568828 3 14 0.444868 0 0.292423 6 0.262709
  6 4.004326 -3.781641 14.595379 -0.082507 -0.964069 -0.252514 0.697153 0.578762 3 6 0.835257 14 0.105662 0 0.059081
  6 3.844433 -3.909887 14.632793 -0.451042 -0.811201 -0.372175 0.704029 0.579261 1 6 1.000000
headcrabsheet
  14 4.167820 -3.807067 14.174436 -0.042857 -0.905121 -0.422989 0.693309 0.568828 3 14 0.444868 0 0.292423 6 0.262709
  6 3.844433 -3.909887 14.632793 -0.451042 -0.811201 -0.372175 0.704029 0.579261 1 6 1.000000
  14 3.901120 -3.494176 14.188238 -0.741467 -0.596256 -0.307742 0.702321 0.570718 3 14 0.372211 0 0.318053 6 0.309735
headcrabsheet
  14 4.167820 -3.807067 14.174436 -0.042857 -0.905121 -0.422989 0.693309 0.568828 3 14 0.444868 0 0.292423 6 0.262709
  14 3.901120 -3.494176 14.188238 -0.741467 -0.596256 -0.307742 0.702321 0.570718 3 14 0.372211 0 0.318053 6 0.309735
  0 4.133090 -3.635363 13.928652 0.024407 -0.890580 -0.454172 0.694614 0.563869 3 0 0.412841 14 0.377065 5 0.210094
headcrabsheet
  0 4.133090 -3.635363 13.928652 0.024407 -0.890580 -0.454172 0.694614 0.563869 3 0 0.412841 14 0.377065 5 0.210094
  14 3.901120 -3.494176 14.188238 -0.741467 -0.596256 -0.307742 0.702321 0.570718 3 14 0.372211 0 0.318053 6 0.309735
  0 3.256512 -2.894255 12.473363 -0.643090 -0.644087 0.414231 0.725142 0.533588 3 0 0.724666 6 0.145853 5 0.129482
headcrabsheet
  0 4.133090 -3.635363 13.928652 0.024407 -0.890580 -0.454172 0.694614 0.563869 3 0 0.412841 14 0.377065 5 0.210094
  0 3.256512 -2.894255 12.473363 -0.643090 -0.644087 0.414231 0.725142 0.533588 3 0 0.724666 6 0.145853 5 0.129482
  0 3.404373 -3.144729 12.331903 -0.002157 -0.981856 -0.189613 0.720231 0.529055 3 0 0.723635 5 0.164015 4 0.112351
headcrabsheet
  0 3.404373 -3.144729 12.331903 -0.002157 -0.981856 -0.189613 0.720231 0.529055 3 0 0.723635 5 0.164015 4 0.112351
  0 3.256512 -2.894255 12.473363 -0.643090 -0.644087 0.414231 0.725142 0.533588 3 0 0.724666 6 0.145853 5 0.129482
  0 1.586601 -2.582969 11.449499 -0.386827 -0.714606 0.582841 0.782398 0.511864 3 0 0.895835 5 0.059242 4 0.044923
headcrabsheet
  0 3.404373 -3.144729 12.331903 -0.002157 -0.981856 -0.189613 0.720231 0.529055 3 0 0.723635 5 0.164015 4 0.112351
  0 1.586601 -2.582969 11.449499 -0.386827 -0.714606 0.582841 0.782398 0.511864 3 0 0.895835 5 0.059242 4 0.044923
  0 1.747574 -2.946460 11.106076 -0.053862 -0.990303 -0.128061 0.777170 0.502077 3 0 0.927723 5 0.037048 4 0.035229
headcrabsheet
  6 3.683351 -3.582795 15.292086 0.109050 -0.993788 0.022217 0.709062 0.596303 3 6 0.940958 14 0.042977 0 0.016064
  14 3.901120 -3.494176 14.188238 -0.741467 -0.596256 -0.307742 0.702321 0.570718 3 14 0.372211 0 0.318053 6 0.309735
  6 3.844433 -3.909887 14.632793 -0.451042 -0.811201 -0.372175 0.704029 0.579261 1 6 1.000000
headcrabsheet
  6 3.683351 -3.582795 15.292086 0.109050 -0.993788 0.022217 0.709062 0.596303 3 6 0.940958 14 0.042977 0 0.016064
  6 3.844433 -3.909887 14.632793 -0.451042 -0.811201 -0.372175 0.704029 0.579261 1 6 1.000000
  6 3.781281 -3.981801 15.055820 -0.708270 -0.699599 0.094418 0.705925 0.588875 1 6 1.000000
headcrabsheet
  6 3.844433 -3.909887 14.632793 -0.451042 -0.811201 -0.372175 0.704029 0.579261 1 6 1.000000
  6 4.017993 -4.044147 15.163067 0.272862 -0.884701 0.377955 0.697828 0.590986 1 6 1.000000
  6 3.781281 -3.981801 15.055820 -0.708270 -0.699599 0.094418 0.705925 0.588875 1 6 1.000000
headcrabsheet
  6 3.970997 -3.900460 15.286622 -0.257603 -0.952862 -0.160296 0.699331 0.594568 1 6 1.000000
  6 3.781281 -3.981801 15.055820 -0.708270 -0.699599 0.094418 0.705925 0.588875 1 6 1.000000
  6 4.017993 -4.044147 15.163067 0.272862 -0.884701 0.377955 0.697828 0.590986 1 6 1.000000
headcrabsheet
  6 3.781281 -3.981801 15.055820 -0.708270 -0.699599 0.094418 0.705925 0.588875 1 6 1.000000
  6 3.970997 -3.900460 15.286622 -0.257603 -0.952862 -0.160296 0.699331 0.594568 1 6 1.000000
  6 3.683351 -3.582795 15.292086 0.109050 -0.993788 0.022217 0.709062 0.596303 3 6 0.940958 14 0.042977 0 0.016064
headcrabsheet
  6 4.311456 -3.766632 14.536654 0.319673 -0.944358 0.077437 0.691691 0.578067 3 6 0.554593 14 0.291662 0 0.153744
  6 4.453298 -3.764306 14.688194 0.730166 -0.670869 0.129584 0.680458 0.576381 3 6 0.577777 14 0.276867 0 0.145356
  6 4.071496 -3.806619 14.771563 0.293775 -0.954135 -0.057636 0.695844 0.580816 3 6 0.862019 14 0.091211 0 0.046770
headcrabsheet
  6 4.265013 -3.776599 14.384300 -0.156133 -0.986952 0.039349 0.692577 0.576191 3 6 0.404475 14 0.382160 0 0.213365
  6 4.453298 -3.764306 14.688194 0.730166 -0.670869 0.129584 0.680458 0.576381 3 6 0.577777 14 0.276867 0 0.145356
  6 4.311456 -3.766632 14.536654 0.319673 -0.944358 0.077437 0.691691 0.578067 3 6 0.554593 14 0.291662 0 0.153744
headcrabsheet
  14 4.167820 -3.807067 14.174436 -0.042857 -0.905121 -0.422989 0.693309 0.568828 3 14 0.444868 0 0.292423 6 0.262709
  6 4.265013 -3.776599 14.384300 -0.156133 -0.986952 0.039349 0.692577 0.576191 3 6 0.404475 14 0.382160 0 0.213365
  6 4.004326 -3.781641 14.595379 -0.082507 -0.964069 -0.252514 0.697153 0.578762 3 6 0.835257 14 0.105662 0 0.059081
headcrabsheet
  14 4.167820 -3.807067 14.174436 -0.042857 -0.905121 -0.422989 0.693309 0.568828 3 14 0.444868 0 0.292423 6 0.262709
  6 4.453298 -3.764306 14.688194 0.730166 -0.670869 0.129584 0.680458 0.576381 3 6 0.577777 14 0.276867 0 0.145356
  6 4.265013 -3.776599 14.384300 -0.156133 -0.986952 0.039349 0.692577 0.576191 3 6 0.404475 14 0.382160 0 0.213365
headcrabsheet
  14 4.454129 -3.649475 14.164665 0.667389 -0.615997 -0.418497 0.683575 0.569178 3 14 0.469551 0 0.298463 5 0.231986
  6 4.453298 -3.764306 14.688194 0.730166 -0.670869 0.129584 0.680458 0.576381 3 6 0.577777 14 0.276867 0 0.145356
  14 4.167820 -3.807067 14.174436 -0.042857 -0.905121 -0.422989 0.693309 0.568828 3 14 0.444868 0 0.292423 6 0.262709
headcrabsheet
  14 4.630038 -3.041444 13.795297 0.804481 -0.519932 -0.287196 0.677753 0.563212 3 14 0.392748 0 0.368694 5 0.238558
  6 4.453298 -3.764306 14.688194 0.730166 -0.670869 0.129584 0.680458 0.576381 3 6 0.577777 14 0.276867 0 0.145356
  14 4.454129 -3.649475 14.164665 0.667389 -0.615997 -0.418497 0.683575 0.569178 3 14 0.469551 0 0.298463 5 0.231986
headcrabsheet
  14 4.454129 -3.649475 14.164665 0.667389 -0.615997 -0.418497 0.683575 0.569178 3 14 0.469551 0 0.298463 5 0.231986
  14 4.167820 -3.807067 14.174436 -0.042857 -0.905121 -0.422989 0.693309 0.568828 3 14 0.444868 0 0.292423 6 0.262709
  14 4.630038 -3.041444 13.795297 0.804481 -0.519932 -0.287196 0.677753 0.563212 3 14 0.392748 0 0.368694 5 0.238558
headcrabsheet
  0 4.133090 -3.635363 13.928652 0.024407 -0.890580 -0.454172 0.694614 0.563869 3 0 0.412841 14 0.377065 5 0.210094
  14 4.630038 -3.041444 13.795297 0.804481 -0.519932 -0.287196 0.677753 0.563212 3 14 0.392748 0 0.368694 5 0.238558
  14 4.167820 -3.807067 14.174436 -0.042857 -0.905121 -0.422989 0.693309 0.568828 3 14 0.444868 0 0.292423 6 0.262709
headcrabsheet
  0 3.404373 -3.144729 12.331903 -0.002157 -0.981856 -0.189613 0.720231 0.529055 3 0 0.723635 5 0.164015 4 0.112351
  14 4.630038 -3.041444 13.795297 0.804481 -0.519932 -0.287196 0.677753 0.563212 3 14 0.392748 0 0.368694 5 0.238558
  0 4.133090 -3.635363 13.928652 0.024407 -0.890580 -0.454172 0.694614 0.563869 3 0 0.412841 14 0.377065 5 0.210094
headcrabsheet
  0 3.543062 -2.729037 11.966414 0.367632 -0.786931 -0.495566 0.715686 0.522317 3 0 0.711150 5 0.179292 4 0.109559
  14 4.630038 -3.041444 13.795297 0.804481 -0.519932 -0.287196 0.677753 0.563212 3 14 0.392748 0 0.368694 5 0.238558
  0 3.404373 -3.144729 12.331903 -0.002157 -0.981856 -0.189613 0.720231 0.529055 3 0 0.723635 5 0.164015 4 0.112351
headcrabsheet
  0 3.543062 -2.729037 11.966414 0.367632 -0.786931 -0.495566 0.715686 0.522317 3 0 0.711150 5 0.179292 4 0.109559
  0 3.404373 -3.144729 12.331903 -0.002157 -0.981856 -0.189613 0.720231 0.529055 3 0 0.723635 5 0.164015 4 0.112351
  0 1.747574 -2.946460 11.106076 -0.053862 -0.990303 -0.128061 0.777170 0.502077 3 0 0.927723 5 0.037048 4 0.035229
headcrabsheet
  0 3.543062 -2.729037 11.966414 0.367632 -0.786931 -0.495566 0.715686 0.522317 3 0 0.711150 5 0.179292 4 0.109559
  0 1.747574 -2.946460 11.106076 -0.053862 -0.990303 -0.128061 0.777170 0.502077 3 0 0.927723 5 0.037048 4 0.035229
  0 1.876524 -2.529634 10.727168 0.368917 -0.401662 -0.838193 0.772963 0.495035 3 0 0.931444 4 0.036656 5 0.031901
headcrabsheet
  0 1.876524 -2.529634 10.727168 0.368917 -0.401662 -0.838193 0.772963 0.495035 3 0 0.931444 4 0.036656 5 0.031901
  0 1.747574 -2.946460 11.106076 -0.053862 -0.990303 -0.128061 0.777170 0.502077 3 0 0.927723 5 0.037048 4 0.035229
  0 0.000000 -2.517827 10.341761 0.000000 -0.767744 -0.640757 0.836628 0.486614 3 0 0.978356 5 0.011778 4 0.009867
headcrabsheet
  0 1.876524 -2.529634 10.727168 0.368917 -0.401662 -0.838193 0.772963 0.495035 3 0 0.931444 4 0.036656 5 0.031901
  0 0.000000 -2.517827 10.341761 0.000000 -0.767744 -0.640757 0.836628 0.486614 3 0 0.978356 5 0.011778 4 0.009867
  0 0.000000 -1.591692 9.986630 0.000000 -0.653733 -0.756725 0.836702 0.481646 3 0 0.985326 4 0.008668 5 0.006006
headcrabsheet
  0 -1.876524 -2.529634 10.727167 -0.368917 -0.401662 -0.838193 0.899901 0.496912 3 0 0.931444 4 0.036656 5 0.031900
  0 0.000000 -1.591692 9.986630 0.000000 -0.653733 -0.756725 0.836702 0.481646 3 0 0.985326 4 0.008668 5 0.006006
  0 0.000000 -2.517827 10.341761 0.000000 -0.767744 -0.640757 0.836628 0.486614 3 0 0.978356 5 0.011778 4 0.009867
headcrabsheet
  6 -3.997136 -5.033306 16.886961 0.324832 -0.926409 0.190397 0.541015 0.634586 3 6 0.814505 8 0.164334 0 0.021161
  6 -4.092896 -4.418824 16.736790 0.949463 -0.277036 -0.147551 0.536207 0.638404 3 6 0.989767 0 0.005116 5 0.005116
  6 -4.174328 -4.505286 16.936914 -0.071997 0.011000 0.997344 0.536006 0.636158 1 6 1.000000
headcrabsheet
  6 -3.997136 -5.033306 16.886961 0.324832 -0.926409 0.190397 0.541015 0.634586 3 6 0.814505 8 0.164334 0 0.021161
  6 -4.238413 -4.521505 16.624079 -0.355657 -0.404019 -0.842779 0.537682 0.639076 3 6 0.933599 8 0.058179 0 0.008222
  6 -4.092896 -4.418824 16.736790 0.949463 -0.277036 -0.147551 0.536207 0.638404 3 6 0.989767 0 0.005116 5 0.005116
headcrabsheet
  6 -3.997136 -5.033306 16.886961 0.324832 -0.926409 0.190397 0.541015 0.634586 3 6 0.814505 8 0.164334 0 0.021161
  6 -4.300341 -4.459398 16.756289 -0.991772 -0.029376 0.124596 0.536468 0.638050 1 6 1.000000
  6 -4.238413 -4.521505 16.624079 -0.355657 -0.404019 -0.842779 0.537682 0.639076 3 6 0.933599 8 0.058179 0 0.008222
headcrabsheet
  6 -3.997136 -5.033306 16.886961 0.324832 -0.926409 0.190397 0.541015 0.634586 3 6 0.814505 8 0.164334 0 0.021161
  6 -4.174328 -4.505286 16.936914 -0.071997 0.011000 0.997344 0.536006 0.636158 1 6 1.000000
  6 -4.300341 -4.459398 16.756289 -0.991772 -0.029376 0.124596 0.536468 0.638050 1 6 1.000000
headcrabsheet
  6 -4.174328 -4.505286 16.936914 -0.071997 0.011000 0.997344 0.536006 0.636158 1 6 1.000000
  6 -4.211798 -4.020754 16.619511 -0.986644 0.146426 -0.071361 0.533168 0.641049 3 6 0.982243 0 0.008878 5 0.008878
  6 -4.300341 -4.459398 16.756289 -0.991772 -0.029376 0.124596 0.536468 0.638050 1 6 1.000000
headcrabsheet
  6 -4.300341 -4.459398 16.756289 -0.991772 -0.029376 0.124596 0.536468 0.638050 1 6 1.000000
  6 -4.211798 -4.020754 16.619511 -0.986644 0.146426 -0.071361 0.533168 0.641049 3 6 0.982243 0 0.008878 5 0.008878
  6 -4.098854 -4.151798 16.451542 -0.121328 -0.417808 -0.900398 0.535195 0.642162 3 6 0.675796 8 0.281287 0 0.042917
headcrabsheet
  6 -4.300341 -4.459398 16.756289 -0.991772 -0.029376 0.124596 0.536468 0.638050 1 6 1.000000
  6 -4.098854 -4.151798 16.451542 -0.121328 -0.417808 -0.900398 0.535195 0.642162 3 6 0.675796 8 0.281287 0 0.042917
  6 -4.238413 -4.521505 16.624079 -0.355657 -0.404019 -0.842779 0.537682 0.639076 3 6 0.933599 8 0.058179 0 0.008222
headcrabsheet
  6 -4.238413 -4.521505 16.624079 -0.355657 -0.404019 -0.842779 0.537682 0.639076 3 6 0.933599 8 0.058179 0 0.008222
  6 -4.098854 -4.151798 16.451542 -0.121328 -0.417808 -0.900398 0.535195 0.642162 3 6 0.675796 8 0.281287 0 0.042917
  6 -3.916291 -4.112000 16.696609 0.866292 -0.496655 0.053581 0.533633 0.639978 1 6 1.000000
headcrabsheet
  6 -3.916291 -4.112000 16.696609 0.866292 -0.496655 0.053581 0.533633 0.639978 1 6 1.000000
  6 -4.092896 -4.418824 16.736790 0.949463 -0.277036 -0.147551 0.536207 0.638404 3 6 0.989767 0 0.005116 5 0.005116
  6 -4.238413 -4.521505 16.624079 -0.355657 -0.404019 -0.842779 0.537682 0.639076 3 6 0.933599 8 0.058179 0 0.008222
headcrabsheet
  6 -4.092896 -4.418824 16.736790 0.949463 -0.277036 -0.147551 0.536207 0.638404 3 6 0.989767 0 0.005116 5 0.005116
  6 -3.916291 -4.112000 16.696609 0.866292 -0.496655 0.053581 0.533633 0.639978 1 6 1.000000
  6 -4.071938 -4.092329 16.914383 -0.053954 -0.074187 0.995784 0.532368 0.637961 1 6 1.000000
headcrabsheet
  6 -4.092896 -4.418824 16.736790 0.949463 -0.277036 -0.147551 0.536207 0.638404 3 6 0.989767 0 0.005116 5 0.005116
  6 -4.071938 -4.092329 16.914383 -0.053954 -0.074187 0.995784 0.532368 0.637961 1 6 1.000000
  6 -4.174328 -4.505286 16.936914 -0.071997 0.011000 0.997344 0.536006 0.636158 1 6 1.000000
headcrabsheet
  6 -4.174328 -4.505286 16.936914 -0.071997 0.011000 0.997344 0.536006 0.636158 1 6 1.000000
  6 -4.071938 -4.092329 16.914383 -0.053954 -0.074187 0.995784 0.532368 0.637961 1 6 1.000000
  6 -4.211798 -4.020754 16.619511 -0.986644 0.146426 -0.071361 0.533168 0.641049 3 6 0.982243 0 0.008878 5 0.008878
headcrabsheet
  6 -3.861343 -4.478667 14.644021 0.375284 -0.923908 0.074537 0.351814 0.263089 1 6 1.000000
  6 -4.311457 -3.766628 14.536654 -0.319673 -0.944358 0.077437 0.357270 0.270604 3 6 0.554551 8 0.291784 0 0.153665
  6 -4.265013 -3.776593 14.384295 0.156133 -0.986952 0.039348 0.358954 0.269320 3 6 0.404453 8 0.382166 0 0.213381
headcrabsheet
  6 -3.861343 -4.478667 14.644021 0.375284 -0.923908 0.074537 0.351814 0.263089 1 6 1.000000
  6 -4.071496 -3.806619 14.771563 -0.293775 -0.954135 -0.057636 0.354093 0.271522 3 6 0.861933 8 0.091384 0 0.046683
  6 -4.311457 -3.766628 14.536654 -0.319673 -0.944358 0.077437 0.357270 0.270604 3 6 0.554551 8 0.291784 0 0.153665
headcrabsheet
  6 -3.861343 -4.478667 14.644021 0.375284 -0.923908 0.074537 0.351814 0.263089 1 6 1.000000
  6 -4.004325 -3.781639 14.595378 0.082507 -0.964069 -0.252515 0.356233 0.270452 3 6 0.835255 8 0.105654 0 0.059091
  6 -4.071496 -3.806619 14.771563 -0.293775 -0.954135 -0.057636 0.354093 0.271522 3 6 0.861933 8 0.091384 0 0.046683
headcrabsheet
  6 -3.861343 -4.478667 14.644021 0.375284 -0.923908 0.074537 0.351814 0.263089 1 6 1.000000
  6 -4.265013 -3.776593 14.384295 0.156133 -0.986952 0.039348 0.358954 0.269320 3 6 0.404453 8 0.382166 0 0.213381
  6 -4.004325 -3.781639 14.595378 0.082507 -0.964069 -0.252515 0.356233 0.270452 3 6 0.835255 8 0.105654 0 0.059091
headcrabsheet
  6 -4.114630 -4.937527 15.806960 0.087876 -0.991366 0.097320 0.417088 0.630564 3 6 0.692470 8 0.249631 0 0.057899
  6 -4.090554 -4.083041 15.758513 0.356160 -0.849447 -0.389345 0.409951 0.638785 1 6 1.000000
  6 -4.240831 -4.098107 15.883430 -0.823349 -0.561903 -0.079754 0.408906 0.636757 1 6 1.000000
headcrabsheet
  6 -4.114630 -4.937527 15.806960 0.087876 -0.991366 0.097320 0.417088 0.630564 3 6 0.692470 8 0.249631 0 0.057899
  6 -4.126357 -3.946312 15.539159 0.092605 -0.983361 0.156283 0.411213 0.641306 1 6 1.000000
  6 -4.090554 -4.083041 15.758513 0.356160 -0.849447 -0.389345 0.409951 0.638785 1 6 1.000000
headcrabsheet
  6 -4.114630 -4.937527 15.806960 0.087876 -0.991366 0.097320 0.417088 0.630564 3 6 0.692470 8 0.249631 0 0.057899
  6 -4.322743 -3.940972 15.636812 -0.825444 -0.482481 -0.293010 0.409776 0.640369 1 6 1.000000
  6 -4.126357 -3.946312 15.539159 0.092605 -0.983361 0.156283 0.411213 0.641306 1 6 1.000000
headcrabsheet
  6 -4.114630 -4.937527 15.806960 0.087876 -0.991366 0.097320 0.417088 0.630564 3 6 0.692470 8 0.249631 0 0.057899
  6 -4.240831 -4.098107 15.883430 -0.823349 -0.561903 -0.079754 0.408906 0.636757 1 6 1.000000
  6 -4.322743 -3.940972 15.636812 -0.825444 -0.482481 -0.293010 0.409776 0.640369 1 6 1.000000
headcrabsheet
  2 5.447141 0.055605 4.326345 -0.781932 -0.359030 -0.509588 0.882542 0.924857 3 2 0.679452 3 0.258584 1 0.061964
  2 5.624093 1.152721 4.068494 -0.699004 0.406193 -0.588557 0.873585 0.947479 3 2 0.614382 3 0.366950 1 0.018668
  3 5.734549 0.990337 3.953974 -0.578906 0.132907 -0.804489 0.878919 0.946800 3 3 0.602946 2 0.396632 1 0.000422
headcrabsheet
  2 5.447141 0.055605 4.326345 -0.781932 -0.359030 -0.509588 0.882542 0.924857 3 2 0.679452 3 0.258584 1 0.061964
  3 5.734549 0.990337 3.953974 -0.578906 0.132907 -0.804489 0.878919 0.946800 3 3 0.602946 2 0.396632 1 0.000422
  3 5.691442 0.079203 4.199707 -0.389028 -0.343217 -0.854903 0.888433 0.927174 3 3 0.555908 2 0.440197 1 0.003895
headcrabsheet
  3 5.691442 0.079203 4.199707 -0.389028 -0.343217 -0.854903 0.888433 0.927174 3 3 0.555908 2 0.440197 1 0.003895
  2 6.104527 -0.672879 4.443542 -0.094079 -0.812306 -0.575593 0.895782 0.908963 3 2 0.688033 3 0.271887 1 0.040080
  2 5.447141 0.055605 4.326345 -0.781932 -0.359030 -0.509588 0.882542 0.924857 3 2 0.679452 3 0.258584 1 0.061964
headcrabsheet
  2 6.104527 -0.672879 4.443542 -0.094079 -0.812306 -0.575593 0.895782 0.908963 3 2 0.688033 3 0.271887 1 0.040080
  3 5.691442 0.079203 4.199707 -0.389028 -0.343217 -0.854903 0.888433 0.927174 3 3 0.555908 2 0.440197 1 0.003895
  2 6.104893 -0.403545 4.345167 0.122256 -0.339403 -0.932662 0.899680 0.913434 3 2 0.583499 3 0.413491 1 0.003010
headcrabsheet
  2 6.104893 -0.403545 4.345167 0.122256 -0.339403 -0.932662 0.899680 0.913434 3 2 0.583499 3 0.413491 1 0.003010
  2 7.442150 0.413407 4.552105 0.659500 -0.364886 -0.657204 0.927138 0.889435 3 2 0.763431 3 0.209190 1 0.027379
  2 6.104527 -0.672879 4.443542 -0.094079 -0.812306 -0.575593 0.895782 0.908963 3 2 0.688033 3 0.271887 1 0.040080
headcrabsheet
  2 7.442150 0.413407 4.552105 0.659500 -0.364886 -0.657204 0.927138 0.889435 3 2 0.763431 3 0.209190 1 0.027379
  2 6.104893 -0.403545 4.345167 0.122256 -0.339403 -0.932662 0.899680 0.913434 3 2 0.583499 3 0.413491 1 0.003010
  2 7.061627 0.373534 4.432144 0.335376 -0.216571 -0.916853 0.927995 0.897926 3 2 0.629637 3 0.368029 1 0.002334
headcrabsheet
  2 7.061627 0.373534 4.432144 0.335376 -0.216571 -0.916853 0.927995 0.897926 3 2 0.629637 3 0.368029 1 0.002334
  2 7.552006 1.773283 4.507058 0.584790 0.399445 -0.706020 0.951652 0.874047 3 2 0.793843 3 0.172485 1 0.033672
  2 7.442150 0.413407 4.552105 0.659500 -0.364886 -0.657204 0.927138 0.889435 3 2 0.763431 3 0.209190 1 0.027379
headcrabsheet
  2 7.552006 1.773283 4.507058 0.584790 0.399445 -0.706020 0.951652 0.874047 3 2 0.793843 3 0.172485 1 0.033672
  2 7.061627 0.373534 4.432144 0.335376 -0.216571 -0.916853 0.927995 0.897926 3 2 0.629637 3 0.368029 1 0.002334
  2 7.248389 1.378647 4.330868 0.508754 0.138582 -0.849685 0.953494 0.884778 3 2 0.633773 3 0.363876 1 0.002351
headcrabsheet
  2 6.931843 2.348254 4.821494 0.092910 0.928474 -0.359587 0.963539 0.861022 3 2 0.763254 3 0.153198 1 0.083548
  2 7.552006 1.773283 4.507058 0.584790 0.399445 -0.706020 0.951652 0.874047 3 2 0.793843 3 0.172485 1 0.033672
  2 7.248389 1.378647 4.330868 0.508754 0.138582 -0.849685 0.953494 0.884778 3 2 0.633773 3 0.363876 1 0.002351
headcrabsheet
  2 6.931843 2.348254 4.821494 0.092910 0.928474 -0.359587 0.963539 0.861022 3 2 0.763254 3 0.153198 1 0.083548
  2 7.248389 1.378647 4.330868 0.508754 0.138582 -0.849685 0.953494 0.884778 3 2 0.633773 3 0.363876 1 0.002351
  2 6.365386 1.529410 3.974104 -0.241686 0.757659 -0.606251 0.979935 0.882674 3 2 0.572806 3 0.420403 1 0.006791
headcrabsheet
  2 5.624093 1.152721 4.068494 -0.699004 0.406193 -0.588557 0.999415 0.878029 3 2 0.614382 3 0.366950 1 0.018668
  2 6.365386 1.529410 3.974104 -0.241686 0.757659 -0.606251 0.979935 0.882674 3 2 0.572806 3 0.420403 1 0.006791
  3 5.734549 0.990337 3.953974 -0.578906 0.132907 -0.804489 0.999549 0.883437 3 3 0.602946 2 0.396632 1 0.000422
headcrabsheet
  2 5.375394 1.485894 5.081798 -0.807759 0.554587 -0.199894 0.998559 0.847796 3 2 0.709090 1 0.187155 3 0.103755
  2 6.365386 1.529410 3.974104 -0.241686 0.757659 -0.606251 0.979935 0.882674 3 2 0.572806 3 0.420403 1 0.006791
  2 5.624093 1.152721 4.068494 -0.699004 0.406193 -0.588557 0.999415 0.878029 3 2 0.614382 3 0.366950 1 0.018668
headcrabsheet
  2 5.375394 1.485894 5.081798 -0.807759 0.554587 -0.199894 0.998559 0.847796 3 2 0.709090 1 0.187155 3 0.103755
  2 6.931843 2.348254 4.821494 0.092910 0.928474 -0.359587 0.963539 0.861022 3 2 0.763254 3 0.153198 1 0.083548
  2 6.365386 1.529410 3.974104 -0.241686 0.757659 -0.606251 0.979935 0.882674 3 2 0.572806 3 0.420403 1 0.006791
headcrabsheet
  2 6.931843 2.348254 4.821494 0.092910 0.928474 -0.359587 0.963539 0.861022 3 2 0.763254 3 0.153198 1 0.083548
  2 5.375394 1.485894 5.081798 -0.807759 0.554587 -0.199894 0.998559 0.847796 3 2 0.709090 1 0.187155 3 0.103755
  2 6.956324 2.442219 6.594486 0.022715 0.992280 0.121919 0.951557 0.827607 3 2 0.579323 1 0.389197 3 0.031480
headcrabsheet
  2 7.552006 1.773283 4.507058 0.584790 0.399445 -0.706020 0.951652 0.874047 3 2 0.793843 3 0.172485 1 0.033672
  2 6.931843 2.348254 4.821494 0.092910 0.928474 -0.359587 0.963539 0.861022 3 2 0.763254 3 0.153198 1 0.083548
  2 6.956324 2.442219 6.594486 0.022715 0.992280 0.121919 0.951557 0.827607 3 2 0.579323 1 0.389197 3 0.031480
headcrabsheet
  2 7.552006 1.773283 4.507058 0.584790 0.399445 -0.706020 0.951652 0.874047 3 2 0.793843 3 0.172485 1 0.033672
  2 6.956324 2.442219 6.594486 0.022715 0.992280 0.121919 0.951557 0.827607 3 2 0.579323 1 0.389197 3 0.031480
  2 8.099596 2.196711 5.794683 0.769227 0.629972 -0.106885 0.942841 0.849781 3 2 0.701288 1 0.254374 3 0.044338
headcrabsheet
  2 8.099596 2.196711 5.794683 0.769227 0.629972 -0.106885 0.942841 0.849781 3 2 0.701288 1 0.254374 3 0.044338
  2 7.442150 0.413407 4.552105 0.659500 -0.364886 -0.657204 0.927138 0.889435 3 2 0.763431 3 0.209190 1 0.027379
  2 7.552006 1.773283 4.507058 0.584790 0.399445 -0.706020 0.951652 0.874047 3 2 0.793843 3 0.172485 1 0.033672
headcrabsheet
  2 8.099596 2.196711 5.794683 0.769227 0.629972 -0.106885 0.942841 0.849781 3 2 0.701288 1 0.254374 3 0.044338
  2 7.973267 0.492564 5.611398 0.930692 -0.336157 -0.144261 0.920312 0.866968 3 2 0.703395 1 0.241223 3 0.055382
  2 7.442150 0.413407 4.552105 0.659500 -0.364886 -0.657204 0.927138 0.889435 3 2 0.763431 3 0.209190 1 0.027379
headcrabsheet
  2 7.973267 0.492564 5.611398 0.930692 -0.336157 -0.144261 0.920312 0.866968 3 2 0.703395 1 0.241223 3 0.055382
  2 6.104527 -0.672879 4.443542 -0.094079 -0.812306 -0.575593 0.895782 0.908963 3 2 0.688033 3 0.271887 1 0.040080
  2 7.442150 0.413407 4.552105 0.659500 -0.364886 -0.657204 0.927138 0.889435 3 2 0.763431 3 0.209190 1 0.027379
headcrabsheet
  2 7.973267 0.492564 5.611398 0.930692 -0.336157 -0.144261 0.920312 0.866968 3 2 0.703395 1 0.241223 3 0.055382
  2 6.728804 -1.570766 7.101055 0.276158 -0.950781 -0.140544 0.879964 0.877423 3 2 0.635555 1 0.293715 3 0.070730
  2 6.104527 -0.672879 4.443542 -0.094079 -0.812306 -0.575593 0.895782 0.908963 3 2 0.688033 3 0.271887 1 0.040080
headcrabsheet
  2 6.728804 -1.570766 7.101055 0.276158 -0.950781 -0.140544 0.879964 0.877423 3 2 0.635555 1 0.293715 3 0.070730
  2 5.447141 0.055605 4.326345 -0.781932 -0.359030 -0.509588 0.882542 0.924857 3 2 0.679452 3 0.258584 1 0.061964
  2 6.104527 -0.672879 4.443542 -0.094079 -0.812306 -0.575593 0.895782 0.908963 3 2 0.688033 3 0.271887 1 0.040080
headcrabsheet
  2 5.447141 0.055605 4.326345 -0.781932 -0.359030 -0.509588 0.882542 0.924857 3 2 0.679452 3 0.258584 1 0.061964
  2 6.728804 -1.570766 7.101055 0.276158 -0.950781 -0.140544 0.879964 0.877423 3 2 0.635555 1 0.293715 3 0.070730
  2 5.116647 0.210412 5.548263 -0.952432 -0.259205 -0.160267 0.857533 0.910237 3 2 0.659261 1 0.284406 3 0.056333
headcrabsheet
  2 5.116647 0.210412 5.548263 -0.952432 -0.259205 -0.160267 0.857533 0.910237 3 2 0.659261 1 0.284406 3 0.056333
  2 5.624093 1.152721 4.068494 -0.699004 0.406193 -0.588557 0.873585 0.947479 3 2 0.614382 3 0.366950 1 0.018668
  2 5.447141 0.055605 4.326345 -0.781932 -0.359030 -0.509588 0.882542 0.924857 3 2 0.679452 3 0.258584 1 0.061964
headcrabsheet
  2 5.116647 0.210412 5.548263 -0.952432 -0.259205 -0.160267 0.857533 0.910237 3 2 0.659261 1 0.284406 3 0.056333
  2 5.375394 1.485894 5.081798 -0.807759 0.554587 -0.199894 0.851257 0.937860 3 2 0.709090 1 0.187155 3 0.103755
  2 5.624093 1.152721 4.068494 -0.699004 0.406193 -0.588557 0.873585 0.947479 3 2 0.614382 3 0.366950 1 0.018668
headcrabsheet
  2 5.375394 1.485894 5.081798 -0.807759 0.554587 -0.199894 0.851257 0.937860 3 2 0.709090 1 0.187155 3 0.103755
  2 5.116647 0.210412 5.548263 -0.952432 -0.259205 -0.160267 0.857533 0.910237 3 2 0.659261 1 0.284406 3 0.056333
  2 5.403728 1.684193 8.291564 -0.662813 0.735261 0.141669 0.783031 0.926439 3 2 0.621691 1 0.351620 3 0.026689
headcrabsheet
  1 4.641897 -0.669542 7.932754 -0.593135 -0.399227 -0.699148 0.810473 0.888381 3 1 0.763480 2 0.233276 3 0.003244
  2 5.403728 1.684193 8.291564 -0.662813 0.735261 0.141669 0.783031 0.926439 3 2 0.621691 1 0.351620 3 0.026689
  2 5.116647 0.210412 5.548263 -0.952432 -0.259205 -0.160267 0.857533 0.910237 3 2 0.659261 1 0.284406 3 0.056333
headcrabsheet
  1 4.641897 -0.669542 7.932754 -0.593135 -0.399227 -0.699148 0.810473 0.888381 3 1 0.763480 2 0.233276 3 0.003244
  1 4.908126 0.980609 8.837942 -0.621342 0.583484 -0.522953 0.754080 0.915622 3 1 0.673055 0 0.168266 2 0.158680
  2 5.403728 1.684193 8.291564 -0.662813 0.735261 0.141669 0.783031 0.926439 3 2 0.621691 1 0.351620 3 0.026689
headcrabsheet
  1 7.401963 1.306247 8.333256 0.934753 0.281330 0.217001 0.913117 0.808833 3 1 0.619397 2 0.367880 3 0.012723
  2 6.728804 -1.570766 7.101055 0.276158 -0.950781 -0.140544 0.879964 0.877423 3 2 0.635555 1 0.293715 3 0.070730
  2 7.973267 0.492564 5.611398 0.930692 -0.336157 -0.144261 0.920312 0.866968 3 2 0.703395 1 0.241223 3 0.055382
headcrabsheet
  1 7.401963 1.306247 8.333256 0.934753 0.281330 0.217001 0.913117 0.808833 3 1 0.619397 2 0.367880 3 0.012723
  2 7.973267 0.492564 5.611398 0.930692 -0.336157 -0.144261 0.920312 0.866968 3 2 0.703395 1 0.241223 3 0.055382
  2 8.099596 2.196711 5.794683 0.769227 0.629972 -0.106885 0.942841 0.849781 3 2 0.701288 1 0.254374 3 0.044338
headcrabsheet
  2 8.099596 2.196711 5.794683 0.769227 0.629972 -0.106885 0.942841 0.849781 3 2 0.701288 1 0.254374 3 0.044338
  2 6.956324 2.442219 6.594486 0.022715 0.992280 0.121919 0.951557 0.827607 3 2 0.579323 1 0.389197 3 0.031480
  1 7.401963 1.306247 8.333256 0.934753 0.281330 0.217001 0.913117 0.808833 3 1 0.619397 2 0.367880 3 0.012723
headcrabsheet
  2 5.403728 1.684193 8.291564 -0.662813 0.735261 0.141669 0.963471 0.778415 3 2 0.621691 1 0.351620 3 0.026689
  2 6.956324 2.442219 6.594486 0.022715 0.992280 0.121919 0.951557 0.827607 3 2 0.579323 1 0.389197 3 0.031480
  2 5.375394 1.485894 5.081798 -0.807759 0.554587 -0.199894 0.998559 0.847796 3 2 0.709090 1 0.187155 3 0.103755
headcrabsheet
  2 6.956324 2.442219 6.594486 0.022715 0.992280 0.121919 0.951557 0.827607 3 2 0.579323 1 0.389197 3 0.031480
  2 5.403728 1.684193 8.291564 -0.662813 0.735261 0.141669 0.963471 0.778415 3 2 0.621691 1 0.351620 3 0.026689
  1 6.427908 1.847683 8.988255 -0.153300 0.847830 -0.507626 0.930330 0.769416 3 1 0.796257 2 0.200814 3 0.002929
headcrabsheet
  1 6.427908 1.847683 8.988255 -0.153300 0.847830 -0.507626 0.930330 0.769416 3 1 0.796257 2 0.200814 3 0.002929
  1 7.401963 1.306247 8.333256 0.934753 0.281330 0.217001 0.913117 0.808833 3 1 0.619397 2 0.367880 3 0.012723
  2 6.956324 2.442219 6.594486 0.022715 0.992280 0.121919 0.951557 0.827607 3 2 0.579323 1 0.389197 3 0.031480
headcrabsheet
  1 7.401963 1.306247 8.333256 0.934753 0.281330 0.217001 0.913117 0.808833 3 1 0.619397 2 0.367880 3 0.012723
  1 6.427908 1.847683 8.988255 -0.153300 0.847830 -0.507626 0.930330 0.769416 3 1 0.796257 2 0.200814 3 0.002929
  1 6.682336 2.421111 9.295466 0.705416 0.632567 -0.319761 0.880307 0.728834 3 1 0.835958 0 0.113533 2 0.050509
headcrabsheet
  1 7.401963 1.306247 8.333256 0.934753 0.281330 0.217001 0.913117 0.808833 3 1 0.619397 2 0.367880 3 0.012723
  1 6.682336 2.421111 9.295466 0.705416 0.632567 -0.319761 0.880307 0.728834 3 1 0.835958 0 0.113533 2 0.050509
  1 7.141573 -0.121102 10.490121 0.973679 -0.141359 0.178790 0.866203 0.797902 3 1 0.924957 2 0.074356 3 0.000687
headcrabsheet
  1 7.141573 -0.121102 10.490121 0.973679 -0.141359 0.178790 0.866203 0.797902 3 1 0.924957 2 0.074356 3 0.000687
  2 6.728804 -1.570766 7.101055 0.276158 -0.950781 -0.140544 0.879964 0.877423 3 2 0.635555 1 0.293715 3 0.070730
  1 7.401963 1.306247 8.333256 0.934753 0.281330 0.217001 0.913117 0.808833 3 1 0.619397 2 0.367880 3 0.012723
headcrabsheet
  1 7.141573 -0.121102 10.490121 0.973679 -0.141359 0.178790 0.866203 0.797902 3 1 0.924957 2 0.074356 3 0.000687
  1 6.308923 -1.883986 9.530940 0.541268 -0.815262 -0.205853 0.856034 0.859813 3 1 0.845039 2 0.151914 3 0.003047
  2 6.728804 -1.570766 7.101055 0.276158 -0.950781 -0.140544 0.879964 0.877423 3 2 0.635555 1 0.293715 3 0.070730
headcrabsheet
  2 5.116647 0.210412 5.548263 -0.952432 -0.259205 -0.160267 0.857533 0.910237 3 2 0.659261 1 0.284406 3 0.056333
  2 6.728804 -1.570766 7.101055 0.276158 -0.950781 -0.140544 0.879964 0.877423 3 2 0.635555 1 0.293715 3 0.070730
  1 6.308923 -1.883986 9.530940 0.541268 -0.815262 -0.205853 0.856034 0.859813 3 1 0.845039 2 0.151914 3 0.003047
headcrabsheet
  2 5.116647 0.210412 5.548263 -0.952432 -0.259205 -0.160267 0.857533 0.910237 3 2 0.659261 1 0.284406 3 0.056333
  1 6.308923 -1.883986 9.530940 0.541268 -0.815262 -0.205853 0.856034 0.859813 3 1 0.845039 2 0.151914 3 0.003047
  1 4.641897 -0.669542 7.932754 -0.593135 -0.399227 -0.699148 0.810473 0.888381 3 1 0.763480 2 0.233276 3 0.003244
headcrabsheet
  1 5.562072 1.627805 9.013715 0.105295 0.059332 -0.992669 0.928986 0.736679 3 1 0.675698 0 0.262706 2 0.061596
  1 6.682336 2.421111 9.295466 0.705416 0.632567 -0.319761 0.880307 0.728834 3 1 0.835958 0 0.113533 2 0.050509
  1 6.427908 1.847683 8.988255 -0.153300 0.847830 -0.507626 0.930330 0.769416 3 1 0.796257 2 0.200814 3 0.002929
headcrabsheet
  1 6.427908 1.847683 8.988255 -0.153300 0.847830 -0.507626 0.930330 0.769416 3 1 0.796257 2 0.200814 3 0.002929
  1 4.908126 0.980609 8.837942 -0.621342 0.583484 -0.522953 0.956360 0.747057 3 1 0.673055 0 0.168266 2 0.158680
  1 5.562072 1.627805 9.013715 0.105295 0.059332 -0.992669 0.928986 0.736679 3 1 0.675698 0 0.262706 2 0.061596
headcrabsheet
  1 4.908126 0.980609 8.837942 -0.621342 0.583484 -0.522953 0.956360 0.747057 3 1 0.673055 0 0.168266 2 0.158680
  1 6.427908 1.847683 8.988255 -0.153300 0.847830 -0.507626 0.930330 0.769416 3 1 0.796257 2 0.200814 3 0.002929
  2 5.403728 1.684193 8.291564 -0.662813 0.735261 0.141669 0.963471 0.778415 3 2 0.621691 1 0.351620 3 0.026689
headcrabsheet
  3 7.289700 1.449978 2.632958 0.644484 0.740795 -0.189374 0.624167 0.721123 2 3 0.775509 2 0.224491
  3 6.263132 1.773002 3.171489 -0.249539 0.963353 0.098396 0.612175 0.700097 3 3 0.691545 2 0.308104 1 0.000351
  3 7.404099 1.604668 3.484726 0.684114 0.722971 0.096442 0.634225 0.707698 2 3 0.604035 2 0.395965
headcrabsheet
  3 7.404099 1.604668 3.484726 0.684114 0.722971 0.096442 0.634225 0.707698 2 3 0.604035 2 0.395965
  3 7.640637 0.381647 2.800381 0.961242 -0.261600 0.087063 0.643505 0.734627 2 3 0.790383 2 0.209617
  3 7.289700 1.449978 2.632958 0.644484 0.740795 -0.189374 0.624167 0.721123 2 3 0.775509 2 0.224491
headcrabsheet
  3 5.090281 -0.029055 1.557647 -0.943306 -0.293019 0.155927 0.552167 0.707689 3 3 0.916299 2 0.080752 19 0.002949
  3 5.098432 1.044532 1.205737 -0.833925 0.541429 -0.106882 0.569278 0.724743 3 3 0.864591 2 0.135249 19 0.000160
  3 5.078533 0.258135 0.487765 -0.930877 0.020355 -0.364765 0.549268 0.734278 3 3 0.946533 2 0.052944 19 0.000523
headcrabsheet
  3 5.698493 0.538322 -0.212810 -0.409886 0.199597 -0.890030 0.557076 0.753577 3 3 0.970790 2 0.028783 19 0.000427
  3 5.078533 0.258135 0.487765 -0.930877 0.020355 -0.364765 0.549268 0.734278 3 3 0.946533 2 0.052944 19 0.000523
  3 5.098432 1.044532 1.205737 -0.833925 0.541429 -0.106882 0.569278 0.724743 3 3 0.864591 2 0.135249 19 0.000160
headcrabsheet
  3 5.078533 0.258135 0.487765 -0.930877 0.020355 -0.364765 0.549268 0.734278 3 3 0.946533 2 0.052944 19 0.000523
  3 5.698493 0.538322 -0.212810 -0.409886 0.199597 -0.890030 0.557076 0.753577 3 3 0.970790 2 0.028783 19 0.000427
  3 5.549900 -0.548267 0.067676 -0.660105 -0.270019 -0.700964 0.533017 0.751417 3 3 0.978485 2 0.017165 19 0.004350
headcrabsheet
  3 6.156569 -1.351526 0.092026 -0.106436 -0.431127 -0.895991 0.517400 0.767323 3 3 0.989685 2 0.007028 19 0.003287
  3 5.549900 -0.548267 0.067676 -0.660105 -0.270019 -0.700964 0.533017 0.751417 3 3 0.978485 2 0.017165 19 0.004350
  3 5.698493 0.538322 -0.212810 -0.409886 0.199597 -0.890030 0.557076 0.753577 3 3 0.970790 2 0.028783 19 0.000427
headcrabsheet
  3 6.156569 -1.351526 0.092026 -0.106436 -0.431127 -0.895991 0.517400 0.767323 3 3 0.989685 2 0.007028 19 0.003287
  3 5.698493 0.538322 -0.212810 -0.409886 0.199597 -0.890030 0.557076 0.753577 3 3 0.970790 2 0.028783 19 0.000427
  3 6.912656 -0.478203 -0.122840 0.532225 -0.183703 -0.826432 0.536062 0.777089 3 3 0.972951 2 0.026562 19 0.000487
headcrabsheet
  3 6.160068 1.326879 -0.017401 -0.070813 0.741409 -0.667306 0.576369 0.758844 2 3 0.903817 2 0.096183
  3 6.912656 -0.478203 -0.122840 0.532225 -0.183703 -0.826432 0.536062 0.777089 3 3 0.972951 2 0.026562 19 0.000487
  3 5.698493 0.538322 -0.212810 -0.409886 0.199597 -0.890030 0.557076 0.753577 3 3 0.970790 2 0.028783 19 0.000427
headcrabsheet
  3 5.698493 0.538322 -0.212810 -0.409886 0.199597 -0.890030 0.557076 0.753577 3 3 0.970790 2 0.028783 19 0.000427
  3 5.098432 1.044532 1.205737 -0.833925 0.541429 -0.106882 0.569278 0.724743 3 3 0.864591 2 0.135249 19 0.000160
  3 6.160068 1.326879 -0.017401 -0.070813 0.741409 -0.667306 0.576369 0.758844 2 3 0.903817 2 0.096183
headcrabsheet
  3 5.098432 1.044532 1.205737 -0.833925 0.541429 -0.106882 0.569278 0.724743 3 3 0.864591 2 0.135249 19 0.000160
  3 6.263132 1.773002 3.171489 -0.249539 0.963353 0.098396 0.612175 0.700097 3 3 0.691545 2 0.308104 1 0.000351
  3 6.160068 1.326879 -0.017401 -0.070813 0.741409 -0.667306 0.576369 0.758844 2 3 0.903817 2 0.096183
headcrabsheet
  3 6.263132 1.773002 3.171489 -0.249539 0.963353 0.098396 0.612175 0.700097 3 3 0.691545 2 0.308104 1 0.000351
  3 7.521848 0.893014 0.352633 0.802466 0.380141 -0.459936 0.604642 0.762641 2 3 0.917157 2 0.082843
  3 6.160068 1.326879 -0.017401 -0.070813 0.741409 -0.667306 0.576369 0.758844 2 3 0.903817 2 0.096183
headcrabsheet
  3 6.263132 1.773002 3.171489 -0.249539 0.963353 0.098396 0.612175 0.700097 3 3 0.691545 2 0.308104 1 0.000351
  3 7.289700 1.449978 2.632958 0.644484 0.740795 -0.189374 0.624167 0.721123 2 3 0.775509 2 0.224491
  3 7.521848 0.893014 0.352633 0.802466 0.380141 -0.459936 0.604642 0.762641 2 3 0.917157 2 0.082843
headcrabsheet
  3 7.289700 1.449978 2.632958 0.644484 0.740795 -0.189374 0.624167 0.721123 2 3 0.775509 2 0.224491
  3 7.480721 0.486651 0.839230 0.987504 -0.122519 -0.099125 0.614565 0.761504 3 3 0.928816 2 0.070811 19 0.000373
  3 7.521848 0.893014 0.352633 0.802466 0.380141 -0.459936 0.604642 0.762641 2 3 0.917157 2 0.082843
headcrabsheet
  3 7.640637 0.381647 2.800381 0.961242 -0.261600 0.087063 0.643505 0.734627 2 3 0.790383 2 0.209617
  3 7.480721 0.486651 0.839230 0.987504 -0.122519 -0.099125 0.614565 0.761504 3 3 0.928816 2 0.070811 19 0.000373
  3 7.289700 1.449978 2.632958 0.644484 0.740795 -0.189374 0.624167 0.721123 2 3 0.775509 2 0.224491
headcrabsheet
  3 7.640637 0.381647 2.800381 0.961242 -0.261600 0.087063 0.643505 0.734627 2 3 0.790383 2 0.209617
  3 7.318980 -0.645628 1.101705 0.805884 -0.587671 0.072070 0.632925 0.775187 3 3 0.933609 2 0.065302 19 0.001089
  3 7.480721 0.486651 0.839230 0.987504 -0.122519 -0.099125 0.614565 0.761504 3 3 0.928816 2 0.070811 19 0.000373
headcrabsheet
  3 7.318980 -0.645628 1.101705 0.805884 -0.587671 0.072070 0.632925 0.775187 3 3 0.933609 2 0.065302 19 0.001089
  3 7.640637 0.381647 2.800381 0.961242 -0.261600 0.087063 0.643505 0.734627 2 3 0.790383 2 0.209617
  3 6.646355 -0.281578 2.982943 0.352527 -0.916921 0.187032 0.666036 0.746858 2 3 0.860888 2 0.139112
headcrabsheet
  3 6.912656 -0.478203 -0.122840 0.532225 -0.183703 -0.826432 0.605947 0.797920 3 3 0.972951 2 0.026562 19 0.000487
  3 6.160068 1.326879 -0.017401 -0.070813 0.741409 -0.667306 0.576369 0.758844 2 3 0.903817 2 0.096183
  3 7.521848 0.893014 0.352633 0.802466 0.380141 -0.459936 0.604642 0.762641 2 3 0.917157 2 0.082843
headcrabsheet
  3 7.521848 0.893014 0.352633 0.802466 0.380141 -0.459936 0.604642 0.762641 2 3 0.917157 2 0.082843
  3 7.480721 0.486651 0.839230 0.987504 -0.122519 -0.099125 0.614565 0.761504 3 3 0.928816 2 0.070811 19 0.000373
  3 6.912656 -0.478203 -0.122840 0.532225 -0.183703 -0.826432 0.605947 0.797920 3 3 0.972951 2 0.026562 19 0.000487
headcrabsheet
  3 6.890316 -1.461167 0.616659 0.841245 -0.339246 0.420974 0.633265 0.796568 3 3 0.980685 2 0.014615 19 0.004700
  3 6.912656 -0.478203 -0.122840 0.532225 -0.183703 -0.826432 0.605947 0.797920 3 3 0.972951 2 0.026562 19 0.000487
  3 7.480721 0.486651 0.839230 0.987504 -0.122519 -0.099125 0.614565 0.761504 3 3 0.928816 2 0.070811 19 0.000373
headcrabsheet
  3 7.480721 0.486651 0.839230 0.987504 -0.122519 -0.099125 0.614565 0.761504 3 3 0.928816 2 0.070811 19 0.000373
  3 7.318980 -0.645628 1.101705 0.805884 -0.587671 0.072070 0.632925 0.775187 3 3 0.933609 2 0.065302 19 0.001089
  3 6.890316 -1.461167 0.616659 0.841245 -0.339246 0.420974 0.633265 0.796568 3 3 0.980685 2 0.014615 19 0.004700
headcrabsheet
  3 6.133680 -1.600408 0.701036 0.280976 -0.513961 0.810491 0.644982 0.803619 3 3 0.964299 19 0.025716 2 0.009985
  3 6.890316 -1.461167 0.616659 0.841245 -0.339246 0.420974 0.633265 0.796568 3 3 0.980685 2 0.014615 19 0.004700
  3 7.318980 -0.645628 1.101705 0.805884 -0.587671 0.072070 0.632925 0.775187 3 3 0.933609 2 0.065302 19 0.001089
headcrabsheet
  3 6.133680 -1.600408 0.701036 0.280976 -0.513961 0.810491 0.644982 0.803619 3 3 0.964299 19 0.025716 2 0.009985
  3 7.318980 -0.645628 1.101705 0.805884 -0.587671 0.072070 0.632925 0.775187 3 3 0.933609 2 0.065302 19 0.001089
  3 5.718184 -0.648209 1.509823 -0.271171 -0.809984 0.519992 0.666053 0.786363 3 3 0.941528 2 0.049409 19 0.009063
headcrabsheet
  3 5.718184 -0.648209 1.509823 -0.271171 -0.809984 0.519992 0.666053 0.786363 3 3 0.941528 2 0.049409 19 0.009063
  3 7.318980 -0.645628 1.101705 0.805884 -0.587671 0.072070 0.632925 0.775187 3 3 0.933609 2 0.065302 19 0.001089
  3 6.646355 -0.281578 2.982943 0.352527 -0.916921 0.187032 0.666036 0.746858 2 3 0.860888 2 0.139112
headcrabsheet
  3 5.718184 -0.648209 1.509823 -0.271171 -0.809984 0.519992 0.666053 0.786363 3 3 0.941528 2 0.049409 19 0.009063
  3 6.646355 -0.281578 2.982943 0.352527 -0.916921 0.187032 0.666036 0.746858 2 3 0.860888 2 0.139112
  3 5.732173 -0.449075 3.167829 -0.536761 -0.812605 0.227070 0.685509 0.754228 3 3 0.844287 2 0.154987 19 0.000726
headcrabsheet
  3 6.100767 -0.333642 3.900862 -0.016530 -0.988505 0.150281 0.687130 0.735101 2 3 0.694494 2 0.305506
  3 5.732173 -0.449075 3.167829 -0.536761 -0.812605 0.227070 0.685509 0.754228 3 3 0.844287 2 0.154987 19 0.000726
  3 6.646355 -0.281578 2.982943 0.352527 -0.916921 0.187032 0.666036 0.746858 2 3 0.860888 2 0.139112
headcrabsheet
  3 5.732173 -0.449075 3.167829 -0.536761 -0.812605 0.227070 0.685509 0.754228 3 3 0.844287 2 0.154987 19 0.000726
  3 6.100767 -0.333642 3.900862 -0.016530 -0.988505 0.150281 0.687130 0.735101 2 3 0.694494 2 0.305506
  3 5.691442 0.079203 4.199707 -0.935365 -0.351079 0.042843 0.701948 0.735068 3 3 0.555908 2 0.440197 1 0.003895
headcrabsheet
  2 6.104893 -0.403545 4.345167 0.036473 -0.987140 -0.155644 0.692109 0.726127 3 2 0.583499 3 0.413491 1 0.003010
  3 5.691442 0.079203 4.199707 -0.935365 -0.351079 0.042843 0.701948 0.735068 3 3 0.555908 2 0.440197 1 0.003895
  3 6.100767 -0.333642 3.900862 -0.016530 -0.988505 0.150281 0.687130 0.735101 2 3 0.694494 2 0.305506
headcrabsheet
  3 6.100767 -0.333642 3.900862 -0.016530 -0.988505 0.150281 0.687130 0.735101 2 3 0.694494 2 0.305506
  2 7.061627 0.373534 4.432144 0.660964 -0.587455 0.466929 0.669674 0.709293 3 2 0.629637 3 0.368029 1 0.002334
  2 6.104893 -0.403545 4.345167 0.036473 -0.987140 -0.155644 0.692109 0.726127 3 2 0.583499 3 0.413491 1 0.003010
headcrabsheet
  2 7.061627 0.373534 4.432144 0.660964 -0.587455 0.466929 0.669674 0.709293 3 2 0.629637 3 0.368029 1 0.002334
  3 6.100767 -0.333642 3.900862 -0.016530 -0.988505 0.150281 0.687130 0.735101 2 3 0.694494 2 0.305506
  3 6.646355 -0.281578 2.982943 0.352527 -0.916921 0.187032 0.666036 0.746858 2 3 0.860888 2 0.139112
headcrabsheet
  2 7.061627 0.373534 4.432144 0.660964 -0.587455 0.466929 0.669674 0.709293 3 2 0.629637 3 0.368029 1 0.002334
  3 6.646355 -0.281578 2.982943 0.352527 -0.916921 0.187032 0.666036 0.746858 2 3 0.860888 2 0.139112
  3 7.373688 0.211740 3.969601 0.712379 -0.588432 0.382444 0.661993 0.718578 3 3 0.600725 2 0.399165 1 0.000110
headcrabsheet
  3 7.373688 0.211740 3.969601 0.712379 -0.588432 0.382444 0.661993 0.718578 3 3 0.600725 2 0.399165 1 0.000110
  3 6.646355 -0.281578 2.982943 0.352527 -0.916921 0.187032 0.666036 0.746858 2 3 0.860888 2 0.139112
  3 7.640637 0.381647 2.800381 0.961242 -0.261600 0.087063 0.643505 0.734627 2 3 0.790383 2 0.209617
headcrabsheet
  3 7.640637 0.381647 2.800381 0.961242 -0.261600 0.087063 0.643505 0.734627 2 3 0.790383 2 0.209617
  2 7.248389 1.378647 4.330868 0.765166 0.521162 0.378035 0.647339 0.694577 3 2 0.633773 3 0.363876 1 0.002351
  3 7.373688 0.211740 3.969601 0.712379 -0.588432 0.382444 0.661993 0.718578 3 3 0.600725 2 0.399165 1 0.000110
headcrabsheet
  3 7.640637 0.381647 2.800381 0.961242 -0.261600 0.087063 0.643505 0.734627 2 3 0.790383 2 0.209617
  3 7.404099 1.604668 3.484726 0.684114 0.722971 0.096442 0.634225 0.707698 2 3 0.604035 2 0.395965
  2 7.248389 1.378647 4.330868 0.765166 0.521162 0.378035 0.647339 0.694577 3 2 0.633773 3 0.363876 1 0.002351
headcrabsheet
  3 7.404099 1.604668 3.484726 0.684114 0.722971 0.096442 0.634225 0.707698 2 3 0.604035 2 0.395965
  2 6.365386 1.529410 3.974104 -0.271567 0.916448 0.293896 0.623207 0.685318 3 2 0.572806 3 0.420403 1 0.006791
  2 7.248389 1.378647 4.330868 0.765166 0.521162 0.378035 0.647339 0.694577 3 2 0.633773 3 0.363876 1 0.002351
headcrabsheet
  3 7.404099 1.604668 3.484726 0.684114 0.722971 0.096442 0.634225 0.707698 2 3 0.604035 2 0.395965
  3 6.263132 1.773002 3.171489 -0.249539 0.963353 0.098396 0.612175 0.700097 3 3 0.691545 2 0.308104 1 0.000351
  2 6.365386 1.529410 3.974104 -0.271567 0.916448 0.293896 0.623207 0.685318 3 2 0.572806 3 0.420403 1 0.006791
headcrabsheet
  3 5.326550 1.101084 2.580667 -0.890485 0.395897 0.224279 0.585531 0.701000 3 3 0.770265 2 0.229536 19 0.000199
  2 6.365386 1.529410 3.974104 -0.271567 0.916448 0.293896 0.623207 0.685318 3 2 0.572806 3 0.420403 1 0.006791
  3 6.263132 1.773002 3.171489 -0.249539 0.963353 0.098396 0.612175 0.700097 3 3 0.691545 2 0.308104 1 0.000351
headcrabsheet
  3 5.326550 1.101084 2.580667 -0.890485 0.395897 0.224279 0.585531 0.701000 3 3 0.770265 2 0.229536 19 0.000199
  3 6.263132 1.773002 3.171489 -0.249539 0.963353 0.098396 0.612175 0.700097 3 3 0.691545 2 0.308104 1 0.000351
  3 5.098432 1.044532 1.205737 -0.833925 0.541429 -0.106882 0.569278 0.724743 3 3 0.864591 2 0.135249 19 0.000160
headcrabsheet
  3 5.098432 1.044532 1.205737 -0.833925 0.541429 -0.106882 0.569278 0.724743 3 3 0.864591 2 0.135249 19 0.000160
  3 5.090281 -0.029055 1.557647 -0.943306 -0.293019 0.155927 0.552167 0.707689 3 3 0.916299 2 0.080752 19 0.002949
  3 5.326550 1.101084 2.580667 -0.890485 0.395897 0.224279 0.585531 0.701000 3 3 0.770265 2 0.229536 19 0.000199
headcrabsheet
  3 7.373688 0.211740 3.969601 0.712379 -0.588432 0.382444 0.661993 0.718578 3 3 0.600725 2 0.399165 1 0.000110
  2 7.248389 1.378647 4.330868 0.765166 0.521162 0.378035 0.647339 0.694577 3 2 0.633773 3 0.363876 1 0.002351
  2 7.061627 0.373534 4.432144 0.660964 -0.587455 0.466929 0.669674 0.709293 3 2 0.629637 3 0.368029 1 0.002334
headcrabsheet
  3 5.716409 -1.471220 0.865444 -0.514147 -0.242816 0.822613 0.651223 0.795159 3 3 0.963467 2 0.018603 19 0.017930
  3 6.133680 -1.600408 0.701036 0.280976 -0.513961 0.810491 0.644982 0.803619 3 3 0.964299 19 0.025716 2 0.009985
  3 5.718184 -0.648209 1.509823 -0.271171 -0.809984 0.519992 0.666053 0.786363 3 3 0.941528 2 0.049409 19 0.009063
headcrabsheet
  3 5.691442 0.079203 4.199707 -0.935365 -0.351079 0.042843 0.701948 0.735068 3 3 0.555908 2 0.440197 1 0.003895
  3 5.734549 0.990337 3.953974 -0.911952 0.348619 0.216353 0.720083 0.744952 3 3 0.602946 2 0.396632 1 0.000422
  3 5.732173 -0.449075 3.167829 -0.536761 -0.812605 0.227070 0.685509 0.754228 3 3 0.844287 2 0.154987 19 0.000726
headcrabsheet
  3 5.326550 1.101084 2.580667 -0.890485 0.395897 0.224279 0.585531 0.701000 3 3 0.770265 2 0.229536 19 0.000199
  3 5.734549 0.990337 3.953974 -0.911952 0.348619 0.216353 0.603818 0.675114 3 3 0.602946 2 0.396632 1 0.000422
  2 6.365386 1.529410 3.974104 -0.271567 0.916448 0.293896 0.623207 0.685318 3 2 0.572806 3 0.420403 1 0.006791
headcrabsheet
  3 5.326550 1.101084 2.580667 -0.890485 0.395897 0.224279 0.585531 0.701000 3 3 0.770265 2 0.229536 19 0.000199
  3 5.732173 -0.449075 3.167829 -0.536761 -0.812605 0.227070 0.566102 0.669307 3 3 0.844287 2 0.154987 19 0.000726
  3 5.734549 0.990337 3.953974 -0.911952 0.348619 0.216353 0.603818 0.675114 3 3 0.602946 2 0.396632 1 0.000422
headcrabsheet
  3 5.326550 1.101084 2.580667 -0.890485 0.395897 0.224279 0.585531 0.701000 3 3 0.770265 2 0.229536 19 0.000199
  3 5.090281 -0.029055 1.557647 -0.943306 -0.293019 0.155927 0.552167 0.707689 3 3 0.916299 2 0.080752 19 0.002949
  3 5.732173 -0.449075 3.167829 -0.536761 -0.812605 0.227070 0.566102 0.669307 3 3 0.844287 2 0.154987 19 0.000726
headcrabsheet
  3 5.732173 -0.449075 3.167829 -0.536761 -0.812605 0.227070 0.685509 0.754228 3 3 0.844287 2 0.154987 19 0.000726
  3 5.090281 -0.029055 1.557647 -0.943306 -0.293019 0.155927 0.684767 0.794593 3 3 0.916299 2 0.080752 19 0.002949
  3 5.718184 -0.648209 1.509823 -0.271171 -0.809984 0.519992 0.666053 0.786363 3 3 0.941528 2 0.049409 19 0.009063
headcrabsheet
  3 5.718184 -0.648209 1.509823 -0.271171 -0.809984 0.519992 0.666053 0.786363 3 3 0.941528 2 0.049409 19 0.009063
  3 5.090281 -0.029055 1.557647 -0.943306 -0.293019 0.155927 0.684767 0.794593 3 3 0.916299 2 0.080752 19 0.002949
  3 5.716409 -1.471220 0.865444 -0.514147 -0.242816 0.822613 0.651223 0.795159 3 3 0.963467 2 0.018603 19 0.017930
headcrabsheet
  3 5.716409 -1.471220 0.865444 -0.514147 -0.242816 0.822613 0.651223 0.795159 3 3 0.963467 2 0.018603 19 0.017930
  3 5.090281 -0.029055 1.557647 -0.943306 -0.293019 0.155927 0.684767 0.794593 3 3 0.916299 2 0.080752 19 0.002949
  3 5.078533 0.258135 0.487765 -0.930877 0.020355 -0.364765 0.679487 0.819399 3 3 0.946533 2 0.052944 19 0.000523
headcrabsheet
  3 5.716409 -1.471220 0.865444 -0.514147 -0.242816 0.822613 0.651223 0.795159 3 3 0.963467 2 0.018603 19 0.017930
  3 5.078533 0.258135 0.487765 -0.930877 0.020355 -0.364765 0.679487 0.819399 3 3 0.946533 2 0.052944 19 0.000523
  3 5.549900 -0.548267 0.067676 -0.660105 -0.270019 -0.700964 0.655007 0.818591 3 3 0.978485 2 0.017165 19 0.004350
headcrabsheet
  3 5.716409 -1.471220 0.865444 -0.514147 -0.242816 0.822613 0.651223 0.795159 3 3 0.963467 2 0.018603 19 0.017930
  3 5.549900 -0.548267 0.067676 -0.660105 -0.270019 -0.700964 0.655007 0.818591 3 3 0.978485 2 0.017165 19 0.004350
  3 5.481135 -1.638373 0.517739 -0.940530 -0.137452 -0.310661 0.641532 0.799248 3 3 0.983917 19 0.012091 2 0.003992
headcrabsheet
  3 6.156569 -1.351526 0.092026 -0.106436 -0.431127 -0.895991 0.630065 0.808170 3 3 0.989685 2 0.007028 19 0.003287
  3 5.481135 -1.638373 0.517739 -0.940530 -0.137452 -0.310661 0.641532 0.799248 3 3 0.983917 19 0.012091 2 0.003992
  3 5.549900 -0.548267 0.067676 -0.660105 -0.270019 -0.700964 0.655007 0.818591 3 3 0.978485 2 0.017165 19 0.004350
headcrabsheet
  3 6.156569 -1.351526 0.092026 -0.106436 -0.431127 -0.895991 0.630065 0.808170 3 3 0.989685 2 0.007028 19 0.003287
  3 6.163951 -1.706575 0.357581 -0.183335 -0.716532 -0.673030 0.633312 0.800016 3 3 0.983837 19 0.014992 2 0.001171
  3 5.481135 -1.638373 0.517739 -0.940530 -0.137452 -0.310661 0.641532 0.799248 3 3 0.983917 19 0.012091 2 0.003992
headcrabsheet
  3 6.156569 -1.351526 0.092026 -0.106436 -0.431127 -0.895991 0.630065 0.808170 3 3 0.989685 2 0.007028 19 0.003287
  3 6.731740 -1.142900 0.058897 0.471864 -0.342395 -0.812471 0.620026 0.798961 3 3 0.993644 2 0.003434 19 0.002922
  3 6.163951 -1.706575 0.357581 -0.183335 -0.716532 -0.673030 0.633312 0.800016 3 3 0.983837 19 0.014992 2 0.001171
headcrabsheet
  3 6.156569 -1.351526 0.092026 -0.106436 -0.431127 -0.895991 0.630065 0.808170 3 3 0.989685 2 0.007028 19 0.003287
  3 6.912656 -0.478203 -0.122840 0.532225 -0.183703 -0.826432 0.605947 0.797920 3 3 0.972951 2 0.026562 19 0.000487
  3 6.731740 -1.142900 0.058897 0.471864 -0.342395 -0.812471 0.620026 0.798961 3 3 0.993644 2 0.003434 19 0.002922
headcrabsheet
  3 6.731740 -1.142900 0.058897 0.471864 -0.342395 -0.812471 0.620026 0.798961 3 3 0.993644 2 0.003434 19 0.002922
  3 6.912656 -0.478203 -0.122840 0.532225 -0.183703 -0.826432 0.605947 0.797920 3 3 0.972951 2 0.026562 19 0.000487
  3 6.890316 -1.461167 0.616659 0.841245 -0.339246 0.420974 0.633265 0.796568 3 3 0.980685 2 0.014615 19 0.004700
headcrabsheet
  9 -3.082054 -3.069043 18.581888 0.939686 -0.138695 -0.312655 0.304669 0.217260 3 9 0.502475 8 0.471588 6 0.025937
  9 -2.907438 -2.540845 18.735125 0.596867 -0.748093 0.290012 0.294719 0.221771 3 9 0.654237 8 0.309120 6 0.036642
  9 -3.016591 -2.721548 19.001923 0.878332 -0.475526 0.049072 0.294673 0.213540 3 9 0.720472 8 0.276654 7 0.002874
headcrabsheet
  9 -2.907438 -2.540845 18.735125 0.596867 -0.748093 0.290012 0.294719 0.221771 3 9 0.654237 8 0.309120 6 0.036642
  7 -2.468822 -2.157751 19.176249 0.707084 -0.598234 -0.377026 0.279285 0.221685 3 7 0.573004 9 0.357846 6 0.069150
  9 -3.016591 -2.721548 19.001923 0.878332 -0.475526 0.049072 0.294673 0.213540 3 9 0.720472 8 0.276654 7 0.002874
headcrabsheet
  9 -3.016591 -2.721548 19.001923 0.878332 -0.475526 0.049072 0.170142 0.192507 3 9 0.720472 8 0.276654 7 0.002874
  9 -2.954451 -3.779980 18.622829 0.916889 -0.216449 -0.335356 0.162016 0.170925 2 9 0.538242 8 0.461758
  9 -3.082054 -3.069043 18.581888 0.939686 -0.138695 -0.312655 0.154768 0.181509 3 9 0.502475 8 0.471588 6 0.025937
headcrabsheet
  16 13.564272 -2.611711 19.242382 0.035364 -0.898292 -0.437973 0.431732 0.753052 3 16 0.652195 15 0.316324 17 0.031481
  16 16.262924 -2.701952 20.009117 0.019806 -0.995486 0.092812 0.402195 0.733613 2 16 0.746278 17 0.253722
  15 13.451664 -2.652479 19.647076 -0.060906 -0.936638 0.344962 0.442527 0.744492 3 15 0.496701 16 0.484186 17 0.019114
headcrabsheet
  16 13.564272 -2.611711 19.242382 0.035364 -0.898292 -0.437973 0.431732 0.753052 3 16 0.652195 15 0.316324 17 0.031481
  16 16.634363 -2.277360 19.169472 0.109408 -0.499582 -0.859329 0.394972 0.740510 2 16 0.705870 17 0.294130
  16 16.262924 -2.701952 20.009117 0.019806 -0.995486 0.092812 0.402195 0.733613 2 16 0.746278 17 0.253722
headcrabsheet
  17 20.454226 -1.881577 18.481625 -0.378567 0.241406 -0.893538 0.480509 0.496264 1 17 1.000000
  17 21.154774 -2.172549 18.305420 0.111093 0.448797 -0.886701 0.474490 0.506293 1 17 1.000000
  17 21.109785 -2.240649 18.323256 -0.378055 -0.579415 -0.722048 0.474753 0.505893 2 17 0.999802 16 0.000198
headcrabsheet
  17 21.109785 -2.240649 18.323256 -0.378055 -0.579415 -0.722048 0.474753 0.505893 2 17 0.999802 16 0.000198
  17 19.972773 -1.855775 18.894974 -0.915883 0.133460 0.378612 0.476800 0.482096 2 17 0.999752 16 0.000248
  17 20.454226 -1.881577 18.481625 -0.378567 0.241406 -0.893538 0.480509 0.496264 1 17 1.000000
headcrabsheet
  17 21.480049 -2.038715 18.993876 -0.039013 0.909030 -0.414900 0.447664 0.482087 2 17 0.989985 16 0.010015
  17 21.575205 -2.260542 18.449362 0.346258 0.732412 -0.586240 0.464031 0.504945 1 17 1.000000
  17 21.182638 -2.042513 18.633085 0.216634 0.972386 -0.086799 0.465057 0.496692 2 17 0.999752 16 0.000248
headcrabsheet
  17 21.807159 -1.870533 19.235390 0.331069 0.927513 -0.173527 0.438763 0.482401 2 17 0.983347 16 0.016653
  17 21.575205 -2.260542 18.449362 0.346258 0.732412 -0.586240 0.464031 0.504945 1 17 1.000000
  17 21.480049 -2.038715 18.993876 -0.039013 0.909030 -0.414900 0.447664 0.482087 2 17 0.989985 16 0.010015
headcrabsheet
  17 21.807159 -1.870533 19.235390 0.331069 0.927513 -0.173527 0.438763 0.482401 2 17 0.983347 16 0.016653
  17 22.158518 -2.091750 18.977182 0.681826 0.576284 -0.450566 0.440412 0.492523 1 17 1.000000
  17 21.575205 -2.260542 18.449362 0.346258 0.732412 -0.586240 0.464031 0.504945 1 17 1.000000
headcrabsheet
  17 22.158518 -2.091750 18.977182 0.681826 0.576284 -0.450566 0.440412 0.492523 1 17 1.000000
  17 21.586624 -2.384347 18.353258 0.438180 -0.101205 -0.893172 0.466543 0.508284 1 17 1.000000
  17 21.575205 -2.260542 18.449362 0.346258 0.732412 -0.586240 0.464031 0.504945 1 17 1.000000
headcrabsheet
  17 22.256601 -2.364556 19.101139 0.882390 -0.158353 -0.443071 0.435668 0.490931 1 17 1.000000
  17 21.586624 -2.384347 18.353258 0.438180 -0.101205 -0.893172 0.466543 0.508284 1 17 1.000000
  17 22.158518 -2.091750 18.977182 0.681826 0.576284 -0.450566 0.440412 0.492523 1 17 1.000000
headcrabsheet
  17 22.256601 -2.364556 19.101139 0.882390 -0.158353 -0.443071 0.435668 0.490931 1 17 1.000000
  17 21.522991 -2.489412 18.410803 0.022269 -0.816720 -0.576605 0.466039 0.506862 2 17 0.999684 16 0.000316
  17 21.586624 -2.384347 18.353258 0.438180 -0.101205 -0.893172 0.466543 0.508284 1 17 1.000000
headcrabsheet
  17 21.522991 -2.489412 18.410803 0.022269 -0.816720 -0.576605 0.466039 0.506862 2 17 0.999684 16 0.000316
  17 22.256601 -2.364556 19.101139 0.882390 -0.158353 -0.443071 0.435668 0.490931 1 17 1.000000
  17 21.971558 -2.632134 18.899265 0.389855 -0.808492 -0.440856 0.445797 0.496349 2 17 0.999605 16 0.000395
headcrabsheet
  17 21.971558 -2.632134 18.899265 0.389855 -0.808492 -0.440856 0.445797 0.496349 2 17 0.999605 16 0.000395
  17 21.244246 -2.523165 19.029915 -0.270516 -0.933533 -0.235239 0.452801 0.487052 2 17 0.985424 16 0.014576
  17 21.522991 -2.489412 18.410803 0.022269 -0.816720 -0.576605 0.466039 0.506862 2 17 0.999684 16 0.000316
headcrabsheet
  17 21.244246 -2.523165 19.029915 -0.270516 -0.933533 -0.235239 0.452801 0.487052 2 17 0.985424 16 0.014576
  17 21.109785 -2.240649 18.323256 -0.378055 -0.579415 -0.722048 0.474753 0.505893 2 17 0.999802 16 0.000198
  17 21.522991 -2.489412 18.410803 0.022269 -0.816720 -0.576605 0.466039 0.506862 2 17 0.999684 16 0.000316
headcrabsheet
  17 21.244246 -2.523165 19.029915 -0.270516 -0.933533 -0.235239 0.452801 0.487052 2 17 0.985424 16 0.014576
  17 20.941298 -2.155382 18.888725 -0.654378 0.161155 -0.738795 0.454261 0.487989 2 17 0.985329 16 0.014671
  17 21.109785 -2.240649 18.323256 -0.378055 -0.579415 -0.722048 0.474753 0.505893 2 17 0.999802 16 0.000198
headcrabsheet
  17 21.109785 -2.240649 18.323256 -0.378055 -0.579415 -0.722048 0.474753 0.505893 2 17 0.999802 16 0.000198
  17 20.941298 -2.155382 18.888725 -0.654378 0.161155 -0.738795 0.454261 0.487989 2 17 0.985329 16 0.014671
  17 19.972773 -1.855775 18.894974 -0.915883 0.133460 0.378612 0.476800 0.482096 2 17 0.999752 16 0.000248
headcrabsheet
  17 19.972773 -1.855775 18.894974 -0.915883 0.133460 0.378612 0.476800 0.482096 2 17 0.999752 16 0.000248
  17 20.941298 -2.155382 18.888725 -0.654378 0.161155 -0.738795 0.454261 0.487989 2 17 0.985329 16 0.014671
  17 20.503847 -1.792672 18.645441 0.121538 0.991930 0.036099 0.475219 0.491535 2 17 0.999802 16 0.000198
headcrabsheet
  17 19.972773 -1.855775 18.894974 -0.915883 0.133460 0.378612 0.476800 0.482096 2 17 0.999752 16 0.000248
  17 20.503847 -1.792672 18.645441 0.121538 0.991930 0.036099 0.475219 0.491535 2 17 0.999802 16 0.000198
  17 20.454226 -1.881577 18.481625 -0.378567 0.241406 -0.893538 0.480509 0.496264 1 17 1.000000
headcrabsheet
  17 21.575205 -2.260542 18.449362 0.346258 0.732412 -0.586240 0.464031 0.504945 1 17 1.000000
  17 20.454226 -1.881577 18.481625 -0.378567 0.241406 -0.893538 0.480509 0.496264 1 17 1.000000
  17 20.503847 -1.792672 18.645441 0.121538 0.991930 0.036099 0.475219 0.491535 2 17 0.999802 16 0.000198
headcrabsheet
  17 20.454226 -1.881577 18.481625 -0.378567 0.241406 -0.893538 0.480509 0.496264 1 17 1.000000
  17 21.575205 -2.260542 18.449362 0.346258 0.732412 -0.586240 0.464031 0.504945 1 17 1.000000
  17 21.154774 -2.172549 18.305420 0.111093 0.448797 -0.886701 0.474490 0.506293 1 17 1.000000
headcrabsheet
  17 21.154774 -2.172549 18.305420 0.111093 0.448797 -0.886701 0.474490 0.506293 1 17 1.000000
  17 21.575205 -2.260542 18.449362 0.346258 0.732412 -0.586240 0.464031 0.504945 1 17 1.000000
  17 21.586624 -2.384347 18.353258 0.438180 -0.101205 -0.893172 0.466543 0.508284 1 17 1.000000
headcrabsheet
  17 21.586624 -2.384347 18.353258 0.438180 -0.101205 -0.893172 0.466543 0.508284 1 17 1.000000
  17 21.109785 -2.240649 18.323256 -0.378055 -0.579415 -0.722048 0.474753 0.505893 2 17 0.999802 16 0.000198
  17 21.154774 -2.172549 18.305420 0.111093 0.448797 -0.886701 0.474490 0.506293 1 17 1.000000
headcrabsheet
  17 21.586624 -2.384347 18.353258 0.438180 -0.101205 -0.893172 0.466543 0.508284 1 17 1.000000
  17 21.522991 -2.489412 18.410803 0.022269 -0.816720 -0.576605 0.466039 0.506862 2 17 0.999684 16 0.000316
  17 21.109785 -2.240649 18.323256 -0.378055 -0.579415 -0.722048 0.474753 0.505893 2 17 0.999802 16 0.000198
headcrabsheet
  17 20.503847 -1.792672 18.645441 0.121538 0.991930 0.036099 0.475219 0.491535 2 17 0.999802 16 0.000198
  17 21.182638 -2.042513 18.633085 0.216634 0.972386 -0.086799 0.465057 0.496692 2 17 0.999752 16 0.000248
  17 21.575205 -2.260542 18.449362 0.346258 0.732412 -0.586240 0.464031 0.504945 1 17 1.000000
headcrabsheet
  17 20.941298 -2.155382 18.888725 -0.654378 0.161155 -0.738795 0.454261 0.487989 2 17 0.985329 16 0.014671
  17 21.182638 -2.042513 18.633085 0.216634 0.972386 -0.086799 0.465057 0.496692 2 17 0.999752 16 0.000248
  17 20.503847 -1.792672 18.645441 0.121538 0.991930 0.036099 0.475219 0.491535 2 17 0.999802 16 0.000198
headcrabsheet
  17 21.480049 -2.038715 18.993876 -0.039013 0.909030 -0.414900 0.447664 0.482087 2 17 0.989985 16 0.010015
  17 21.182638 -2.042513 18.633085 0.216634 0.972386 -0.086799 0.465057 0.496692 2 17 0.999752 16 0.000248
  17 20.941298 -2.155382 18.888725 -0.654378 0.161155 -0.738795 0.454261 0.487989 2 17 0.985329 16 0.014671
headcrabsheet
  3 6.563651 -2.165127 0.595307 -0.491386 -0.725885 0.481279 0.157934 0.068650 3 3 0.987080 19 0.012197 2 0.000723
  3 6.890316 -1.461167 0.616659 0.841245 -0.339246 0.420974 0.163589 0.045943 3 3 0.980685 2 0.014615 19 0.004700
  3 6.133680 -1.600408 0.701036 0.280976 -0.513961 0.810491 0.169363 0.076557 3 3 0.964299 19 0.025716 2 0.009985
headcrabsheet
  3 6.918847 -2.168673 0.568654 0.750815 -0.136016 0.646356 0.154342 0.055565 3 3 0.995534 19 0.003406 2 0.001060
  3 6.887485 -2.191823 0.369862 0.501772 -0.095480 -0.859714 0.154448 0.054242 3 3 0.996166 19 0.002897 2 0.000937
  3 6.890316 -1.461167 0.616659 0.841245 -0.339246 0.420974 0.163589 0.045943 3 3 0.980685 2 0.014615 19 0.004700
headcrabsheet
  3 6.731740 -1.142900 0.058897 0.471864 -0.342395 -0.812471 0.169457 0.038629 3 3 0.993644 2 0.003434 19 0.002922
  3 6.890316 -1.461167 0.616659 0.841245 -0.339246 0.420974 0.163589 0.045943 3 3 0.980685 2 0.014615 19 0.004700
  3 6.887485 -2.191823 0.369862 0.501772 -0.095480 -0.859714 0.154448 0.054242 3 3 0.996166 19 0.002897 2 0.000937
headcrabsheet
  3 6.887485 -2.191823 0.369862 0.501772 -0.095480 -0.859714 0.154448 0.054242 3 3 0.996166 19 0.002897 2 0.000937
  3 6.163951 -1.706575 0.357581 -0.183335 -0.716532 -0.673030 0.167860 0.072296 3 3 0.983837 19 0.014992 2 0.001171
  3 6.731740 -1.142900 0.058897 0.471864 -0.342395 -0.812471 0.169457 0.038629 3 3 0.993644 2 0.003434 19 0.002922
headcrabsheet
  3 6.563651 -2.165127 0.595307 -0.491386 -0.725885 0.481279 0.157934 0.068650 3 3 0.987080 19 0.012197 2 0.000723
  3 6.918847 -2.168673 0.568654 0.750815 -0.136016 0.646356 0.154342 0.055565 3 3 0.995534 19 0.003406 2 0.001060
  3 6.890316 -1.461167 0.616659 0.841245 -0.339246 0.420974 0.163589 0.045943 3 3 0.980685 2 0.014615 19 0.004700
headcrabsheet
  3 6.949521 -2.829936 0.279993 0.207989 -0.926018 -0.315011 0.145765 0.060956 2 3 0.996194 19 0.003806
  3 6.918847 -2.168673 0.568654 0.750815 -0.136016 0.646356 0.154342 0.055565 3 3 0.995534 19 0.003406 2 0.001060
  3 6.563651 -2.165127 0.595307 -0.491386 -0.725885 0.481279 0.157934 0.068650 3 3 0.987080 19 0.012197 2 0.000723
headcrabsheet
  3 6.949521 -2.829936 0.279993 0.207989 -0.926018 -0.315011 0.145765 0.060956 2 3 0.996194 19 0.003806
  3 6.887485 -2.191823 0.369862 0.501772 -0.095480 -0.859714 0.154448 0.054242 3 3 0.996166 19 0.002897 2 0.000937
  3 6.918847 -2.168673 0.568654 0.750815 -0.136016 0.646356 0.154342 0.055565 3 3 0.995534 19 0.003406 2 0.001060
headcrabsheet
  3 6.949521 -2.829936 0.279993 0.207989 -0.926018 -0.315011 0.145765 0.060956 2 3 0.996194 19 0.003806
  3 6.563651 -2.165127 0.595307 -0.491386 -0.725885 0.481279 0.157934 0.068650 3 3 0.987080 19 0.012197 2 0.000723
  3 6.887485 -2.191823 0.369862 0.501772 -0.095480 -0.859714 0.154448 0.054242 3 3 0.996166 19 0.002897 2 0.000937
headcrabsheet
  3 6.887485 -2.191823 0.369862 0.501772 -0.095480 -0.859714 0.154448 0.054242 3 3 0.996166 19 0.002897 2 0.000937
  3 6.563651 -2.165127 0.595307 -0.491386 -0.725885 0.481279 0.157934 0.068650 3 3 0.987080 19 0.012197 2 0.000723
  3 6.163951 -1.706575 0.357581 -0.183335 -0.716532 -0.673030 0.167860 0.072296 3 3 0.983837 19 0.014992 2 0.001171
headcrabsheet
  3 6.133680 -1.600408 0.701036 0.280976 -0.513961 0.810491 0.169363 0.076557 3 3 0.964299 19 0.025716 2 0.009985
  3 6.163951 -1.706575 0.357581 -0.183335 -0.716532 -0.673030 0.167860 0.072296 3 3 0.983837 19 0.014992 2 0.001171
  3 6.563651 -2.165127 0.595307 -0.491386 -0.725885 0.481279 0.157934 0.068650 3 3 0.987080 19 0.012197 2 0.000723
headcrabsheet
  3 5.767385 -2.138414 0.941167 0.281837 -0.321335 0.904053 0.166099 0.101742 3 3 0.963115 19 0.033187 2 0.003698
  3 6.163951 -1.706575 0.357581 -0.183335 -0.716532 -0.673030 0.167860 0.072296 3 3 0.983837 19 0.014992 2 0.001171
  3 6.133680 -1.600408 0.701036 0.280976 -0.513961 0.810491 0.169363 0.076557 3 3 0.964299 19 0.025716 2 0.009985
headcrabsheet
  3 6.133680 -1.600408 0.701036 0.280976 -0.513961 0.810491 0.169363 0.076557 3 3 0.964299 19 0.025716 2 0.009985
  3 5.716409 -1.471220 0.865444 -0.514147 -0.242816 0.822613 0.176832 0.087295 3 3 0.963467 2 0.018603 19 0.017930
  3 5.767385 -2.138414 0.941167 0.281837 -0.321335 0.904053 0.166099 0.101742 3 3 0.963115 19 0.033187 2 0.003698
headcrabsheet
  3 5.353295 -2.893157 0.689400 -0.352995 -0.933899 -0.056804 0.160774 0.125134 3 3 0.974347 19 0.022612 2 0.003041
  3 5.767385 -2.138414 0.941167 0.281837 -0.321335 0.904053 0.166099 0.101742 3 3 0.963115 19 0.033187 2 0.003698
  3 5.716409 -1.471220 0.865444 -0.514147 -0.242816 0.822613 0.176832 0.087295 3 3 0.963467 2 0.018603 19 0.017930
headcrabsheet
  3 5.353295 -2.893157 0.689400 -0.352995 -0.933899 -0.056804 0.160774 0.125134 3 3 0.974347 19 0.022612 2 0.003041
  3 5.716409 -1.471220 0.865444 -0.514147 -0.242816 0.822613 0.176832 0.087295 3 3 0.963467 2 0.018603 19 0.017930
  3 5.481135 -1.638373 0.517739 -0.940530 -0.137452 -0.310661 0.177055 0.095188 3 3 0.983917 19 0.012091 2 0.003992
headcrabsheet
  3 5.353295 -2.893157 0.689400 -0.352995 -0.933899 -0.056804 0.160774 0.125134 3 3 0.974347 19 0.022612 2 0.003041
  3 5.481135 -1.638373 0.517739 -0.940530 -0.137452 -0.310661 0.177055 0.095188 3 3 0.983917 19 0.012091 2 0.003992
  3 5.785041 -2.188590 0.684188 0.673285 -0.554554 -0.489037 0.165395 0.098264 3 3 0.975556 19 0.023903 2 0.000541
headcrabsheet
  3 5.785041 -2.188590 0.684188 0.673285 -0.554554 -0.489037 0.165395 0.098264 3 3 0.975556 19 0.023903 2 0.000541
  3 5.481135 -1.638373 0.517739 -0.940530 -0.137452 -0.310661 0.177055 0.095188 3 3 0.983917 19 0.012091 2 0.003992
  3 6.163951 -1.706575 0.357581 -0.183335 -0.716532 -0.673030 0.167860 0.072296 3 3 0.983837 19 0.014992 2 0.001171
headcrabsheet
  3 5.767385 -2.138414 0.941167 0.281837 -0.321335 0.904053 0.166099 0.101742 3 3 0.963115 19 0.033187 2 0.003698
  3 5.785041 -2.188590 0.684188 0.673285 -0.554554 -0.489037 0.165395 0.098264 3 3 0.975556 19 0.023903 2 0.000541
  3 6.163951 -1.706575 0.357581 -0.183335 -0.716532 -0.673030 0.167860 0.072296 3 3 0.983837 19 0.014992 2 0.001171
headcrabsheet
  3 5.353295 -2.893157 0.689400 -0.352995 -0.933899 -0.056804 0.160774 0.125134 3 3 0.974347 19 0.022612 2 0.003041
  3 5.785041 -2.188590 0.684188 0.673285 -0.554554 -0.489037 0.165395 0.098264 3 3 0.975556 19 0.023903 2 0.000541
  3 5.767385 -2.138414 0.941167 0.281837 -0.321335 0.904053 0.166099 0.101742 3 3 0.963115 19 0.033187 2 0.003698
headcrabsheet
  7 -1.450922 -2.928589 21.391804 0.314744 -0.745675 -0.587286 0.468017 0.716367 1 7 1.000000
  7 -1.642603 -2.611118 21.631472 -0.903296 -0.198702 -0.380229 0.465029 0.708043 1 7 1.000000
  7 -1.572191 -2.490462 21.543344 0.265332 -0.240166 -0.933766 0.461764 0.708759 1 7 1.000000
headcrabsheet
  7 -1.450922 -2.928589 21.391804 0.314744 -0.745675 -0.587286 0.468017 0.716367 1 7 1.000000
  7 -1.572191 -2.490462 21.543344 0.265332 -0.240166 -0.933766 0.461764 0.708759 1 7 1.000000
  7 -1.529758 -2.592653 21.706831 0.897534 -0.221355 0.381360 0.465556 0.706277 1 7 1.000000
headcrabsheet
  7 -1.450922 -2.928589 21.391804 0.314744 -0.745675 -0.587286 0.468017 0.716367 1 7 1.000000
  7 -1.529758 -2.592653 21.706831 0.897534 -0.221355 0.381360 0.465556 0.706277 1 7 1.000000
  7 -1.639278 -2.687356 21.738909 -0.402460 -0.738805 0.540548 0.467694 0.706494 1 7 1.000000
headcrabsheet
  7 -1.654209 -2.256908 22.020809 0.050843 -0.387016 0.920670 0.463096 0.696209 1 7 1.000000
  7 -1.639278 -2.687356 21.738909 -0.402460 -0.738805 0.540548 0.467694 0.706494 1 7 1.000000
  7 -1.529758 -2.592653 21.706831 0.897534 -0.221355 0.381360 0.465556 0.706277 1 7 1.000000
headcrabsheet
  7 -1.904278 -1.616607 21.959055 -0.980167 -0.196201 0.027897 0.450662 0.691152 1 7 1.000000
  7 -1.639278 -2.687356 21.738909 -0.402460 -0.738805 0.540548 0.467694 0.706494 1 7 1.000000
  7 -1.654209 -2.256908 22.020809 0.050843 -0.387016 0.920670 0.463096 0.696209 1 7 1.000000
headcrabsheet
  7 -1.654209 -2.256908 22.020809 0.050843 -0.387016 0.920670 0.463096 0.696209 1 7 1.000000
  7 -1.690435 -1.756191 22.160561 -0.120393 -0.278227 0.952940 0.455543 0.688280 1 7 1.000000
  7 -1.904278 -1.616607 21.959055 -0.980167 -0.196201 0.027897 0.450662 0.691152 1 7 1.000000
headcrabsheet
  7 -1.690435 -1.756191 22.160561 -0.120393 -0.278227 0.952940 0.455543 0.688280 1 7 1.000000
  7 -1.654209 -2.256908 22.020809 0.050843 -0.387016 0.920670 0.463096 0.696209 1 7 1.000000
  7 -1.529758 -2.592653 21.706831 0.897534 -0.221355 0.381360 0.465556 0.706277 1 7 1.000000
headcrabsheet
  7 -1.529758 -2.592653 21.706831 0.897534 -0.221355 0.381360 0.465556 0.706277 1 7 1.000000
  7 -1.504360 -1.756176 21.773380 0.957074 -0.051748 0.285186 0.450958 0.696621 1 7 1.000000
  7 -1.690435 -1.756191 22.160561 -0.120393 -0.278227 0.952940 0.455543 0.688280 1 7 1.000000
headcrabsheet
  7 -1.529758 -2.592653 21.706831 0.897534 -0.221355 0.381360 0.465556 0.706277 1 7 1.000000
  7 -1.409243 -1.471051 21.263384 0.764013 -0.261256 -0.589940 0.439727 0.704759 1 7 1.000000
  7 -1.504360 -1.756176 21.773380 0.957074 -0.051748 0.285186 0.450958 0.696621 1 7 1.000000
headcrabsheet
  7 -1.409243 -1.471051 21.263384 0.764013 -0.261256 -0.589940 0.439727 0.704759 1 7 1.000000
  7 -1.529758 -2.592653 21.706831 0.897534 -0.221355 0.381360 0.465556 0.706277 1 7 1.000000
  7 -1.572191 -2.490462 21.543344 0.265332 -0.240166 -0.933766 0.461764 0.708759 1 7 1.000000
headcrabsheet
  7 -1.572191 -2.490462 21.543344 0.265332 -0.240166 -0.933766 0.461764 0.708759 1 7 1.000000
  7 -1.560762 -1.462928 21.163567 -0.158153 -0.319725 -0.934218 0.438475 0.706763 1 7 1.000000
  7 -1.409243 -1.471051 21.263384 0.764013 -0.261256 -0.589940 0.439727 0.704759 1 7 1.000000
headcrabsheet
  7 -1.560762 -1.462928 21.163567 -0.158153 -0.319725 -0.934218 0.438475 0.706763 1 7 1.000000
  7 -1.572191 -2.490462 21.543344 0.265332 -0.240166 -0.933766 0.461764 0.708759 1 7 1.000000
  7 -1.642603 -2.611118 21.631472 -0.903296 -0.198702 -0.380229 0.465029 0.708043 1 7 1.000000
headcrabsheet
  7 -1.642603 -2.611118 21.631472 -0.903296 -0.198702 -0.380229 0.465029 0.708043 1 7 1.000000
  7 -1.904278 -1.616607 21.959055 -0.980167 -0.196201 0.027897 0.450662 0.691152 1 7 1.000000
  7 -1.560762 -1.462928 21.163567 -0.158153 -0.319725 -0.934218 0.438475 0.706763 1 7 1.000000
headcrabsheet
  7 -1.904278 -1.616607 21.959055 -0.980167 -0.196201 0.027897 0.450662 0.691152 1 7 1.000000
  7 -1.642603 -2.611118 21.631472 -0.903296 -0.198702 -0.380229 0.465029 0.708043 1 7 1.000000
  7 -1.639278 -2.687356 21.738909 -0.402460 -0.738805 0.540548 0.467694 0.706494 1 7 1.000000
headcrabsheet
  7 -1.450922 -2.928589 21.391804 0.314744 -0.745675 -0.587286 0.468017 0.716367 1 7 1.000000
  7 -1.639278 -2.687356 21.738909 -0.402460 -0.738805 0.540548 0.467694 0.706494 1 7 1.000000
  7 -1.642603 -2.611118 21.631472 -0.903296 -0.198702 -0.380229 0.465029 0.708043 1 7 1.000000
headcrabsheet
  15 2.907435 -2.540847 18.735130 -0.596867 -0.748092 0.290014 0.294719 0.221771 3 15 0.668608 14 0.298174 6 0.033218
  15 3.016589 -2.721550 19.001925 -0.878332 -0.475526 0.049073 0.294673 0.213540 3 15 0.720475 14 0.275432 7 0.004093
  7 2.468820 -2.157751 19.176250 -0.707084 -0.598234 -0.377024 0.279285 0.221685 3 7 0.386909 15 0.375745 14 0.237346
headcrabsheet
  15 3.082052 -3.069046 18.581890 -0.939686 -0.138696 -0.312655 0.304669 0.217260 3 15 0.543506 14 0.432558 6 0.023936
  15 3.016589 -2.721550 19.001925 -0.878332 -0.475526 0.049073 0.294673 0.213540 3 15 0.720475 14 0.275432 7 0.004093
  15 2.907435 -2.540847 18.735130 -0.596867 -0.748092 0.290014 0.294719 0.221771 3 15 0.668608 14 0.298174 6 0.033218
headcrabsheet
  7 1.230669 -5.109187 21.589779 0.581567 -0.433672 -0.688264 0.617905 0.625320 1 7 1.000000
  7 1.624050 -4.998697 22.026756 0.615913 -0.766118 0.183612 0.607258 0.622095 1 7 1.000000
  7 1.176363 -5.176795 21.827694 -0.546664 -0.697222 0.463724 0.614888 0.620475 1 7 1.000000
headcrabsheet
  7 1.176363 -5.176795 21.827694 -0.546664 -0.697222 0.463724 0.614888 0.620475 1 7 1.000000
  7 1.624050 -4.998697 22.026756 0.615913 -0.766118 0.183612 0.607258 0.622095 1 7 1.000000
  7 1.541908 -4.951727 22.155128 -0.130727 -0.231879 0.963920 0.603587 0.620848 1 7 1.000000
headcrabsheet
  7 1.176363 -5.176795 21.827694 -0.546664 -0.697222 0.463724 0.614888 0.620475 1 7 1.000000
  7 1.541908 -4.951727 22.155128 -0.130727 -0.231879 0.963920 0.603587 0.620848 1 7 1.000000
  7 1.601288 -4.556610 21.886967 -0.840677 0.361973 0.402787 0.599170 0.632614 1 7 1.000000
headcrabsheet
  7 1.807112 -4.616012 22.109049 -0.091930 -0.527039 0.844854 0.596704 0.628622 1 7 1.000000
  7 1.601288 -4.556610 21.886967 -0.840677 0.361973 0.402787 0.599170 0.632614 1 7 1.000000
  7 1.541908 -4.951727 22.155128 -0.130727 -0.231879 0.963920 0.603587 0.620848 1 7 1.000000
headcrabsheet
  7 1.923166 -4.636685 21.876310 0.642188 -0.765567 -0.038763 0.601639 0.632187 1 7 1.000000
  7 1.807112 -4.616012 22.109049 -0.091930 -0.527039 0.844854 0.596704 0.628622 1 7 1.000000
  7 1.541908 -4.951727 22.155128 -0.130727 -0.231879 0.963920 0.603587 0.620848 1 7 1.000000
headcrabsheet
  7 1.923166 -4.636685 21.876310 0.642188 -0.765567 -0.038763 0.601639 0.632187 1 7 1.000000
  7 1.541908 -4.951727 22.155128 -0.130727 -0.231879 0.963920 0.603587 0.620848 1 7 1.000000
  7 1.624050 -4.998697 22.026756 0.615913 -0.766118 0.183612 0.607258 0.622095 1 7 1.000000
headcrabsheet
  7 1.787586 -4.539004 21.462683 0.070150 -0.697687 -0.712960 0.606637 0.639845 1 7 1.000000
  7 1.923166 -4.636685 21.876310 0.642188 -0.765567 -0.038763 0.601639 0.632187 1 7 1.000000
  7 1.624050 -4.998697 22.026756 0.615913 -0.766118 0.183612 0.607258 0.622095 1 7 1.000000
headcrabsheet
  7 1.787586 -4.539004 21.462683 0.070150 -0.697687 -0.712960 0.606637 0.639845 1 7 1.000000
  7 1.624050 -4.998697 22.026756 0.615913 -0.766118 0.183612 0.607258 0.622095 1 7 1.000000
  7 1.504189 -4.880232 21.724562 0.141491 -0.361918 -0.921409 0.610003 0.628389 1 7 1.000000
headcrabsheet
  7 1.574245 -4.498471 21.559246 -0.886909 -0.000373 -0.461944 0.603791 0.638683 1 7 1.000000
  7 1.787586 -4.539004 21.462683 0.070150 -0.697687 -0.712960 0.606637 0.639845 1 7 1.000000
  7 1.504189 -4.880232 21.724562 0.141491 -0.361918 -0.921409 0.610003 0.628389 1 7 1.000000
headcrabsheet
  7 1.574245 -4.498471 21.559246 -0.886909 -0.000373 -0.461944 0.603791 0.638683 1 7 1.000000
  7 1.504189 -4.880232 21.724562 0.141491 -0.361918 -0.921409 0.610003 0.628389 1 7 1.000000
  7 1.412302 -4.779730 21.831146 0.074049 -0.121231 -0.989858 0.605504 0.628126 1 7 1.000000
headcrabsheet
  7 1.412302 -4.779730 21.831146 0.074049 -0.121231 -0.989858 0.605504 0.628126 1 7 1.000000
  7 1.601288 -4.556610 21.886967 -0.840677 0.361973 0.402787 0.599170 0.632614 1 7 1.000000
  7 1.574245 -4.498471 21.559246 -0.886909 -0.000373 -0.461944 0.603791 0.638683 1 7 1.000000
headcrabsheet
  7 1.158958 -5.005660 21.647640 -0.530468 0.840857 -0.107536 0.614268 0.625902 2 7 0.988495 15 0.011505
  7 1.601288 -4.556610 21.886967 -0.840677 0.361973 0.402787 0.599170 0.632614 1 7 1.000000
  7 1.412302 -4.779730 21.831146 0.074049 -0.121231 -0.989858 0.605504 0.628126 1 7 1.000000
headcrabsheet
  7 1.176363 -5.176795 21.827694 -0.546664 -0.697222 0.463724 0.614888 0.620475 1 7 1.000000
  7 1.601288 -4.556610 21.886967 -0.840677 0.361973 0.402787 0.599170 0.632614 1 7 1.000000
  7 1.158958 -5.005660 21.647640 -0.530468 0.840857 -0.107536 0.614268 0.625902 2 7 0.988495 15 0.011505
headcrabsheet
  7 0.960152 -5.056205 21.203739 -0.439057 0.063521 -0.896211 0.624004 0.631035 1 7 1.000000
  7 1.176363 -5.176795 21.827694 -0.546664 -0.697222 0.463724 0.614888 0.620475 1 7 1.000000
  7 1.158958 -5.005660 21.647640 -0.530468 0.840857 -0.107536 0.614268 0.625902 2 7 0.988495 15 0.011505
headcrabsheet
  7 0.960152 -5.056205 21.203739 -0.439057 0.063521 -0.896211 0.624004 0.631035 1 7 1.000000
  7 1.230669 -5.109187 21.589779 0.581567 -0.433672 -0.688264 0.617905 0.625320 1 7 1.000000
  7 1.176363 -5.176795 21.827694 -0.546664 -0.697222 0.463724 0.614888 0.620475 1 7 1.000000
headcrabsheet
  7 0.960152 -5.056205 21.203739 -0.439057 0.063521 -0.896211 0.624004 0.631035 1 7 1.000000
  7 1.158958 -5.005660 21.647640 -0.530468 0.840857 -0.107536 0.614268 0.625902 2 7 0.988495 15 0.011505
  7 1.230669 -5.109187 21.589779 0.581567 -0.433672 -0.688264 0.617905 0.625320 1 7 1.000000
headcrabsheet
  7 1.412302 -4.779730 21.831146 0.074049 -0.121231 -0.989858 0.605504 0.628126 1 7 1.000000
  7 1.230669 -5.109187 21.589779 0.581567 -0.433672 -0.688264 0.617905 0.625320 1 7 1.000000
  7 1.158958 -5.005660 21.647640 -0.530468 0.840857 -0.107536 0.614268 0.625902 2 7 0.988495 15 0.011505
headcrabsheet
  7 1.412302 -4.779730 21.831146 0.074049 -0.121231 -0.989858 0.605504 0.628126 1 7 1.000000
  7 1.504189 -4.880232 21.724562 0.141491 -0.361918 -0.921409 0.610003 0.628389 1 7 1.000000
  7 1.230669 -5.109187 21.589779 0.581567 -0.433672 -0.688264 0.617905 0.625320 1 7 1.000000
headcrabsheet
  7 1.230669 -5.109187 21.589779 0.581567 -0.433672 -0.688264 0.617905 0.625320 1 7 1.000000
  7 1.504189 -4.880232 21.724562 0.141491 -0.361918 -0.921409 0.610003 0.628389 1 7 1.000000
  7 1.624050 -4.998697 22.026756 0.615913 -0.766118 0.183612 0.607258 0.622095 1 7 1.000000
headcrabsheet
  0 3.972811 2.473224 8.076056 0.191302 0.037523 -0.980814 0.381407 0.467809 3 0 0.763427 4 0.201167 2 0.035406
  0 2.093735 0.860882 8.614446 0.069604 -0.106042 -0.991922 0.403753 0.516145 3 0 0.908576 4 0.075617 2 0.015807
  0 2.673452 3.735078 8.342958 -0.004866 0.537929 -0.842976 0.412036 0.460390 3 0 0.776763 4 0.199687 5 0.023550
headcrabsheet
  15 4.102960 -3.994735 19.146011 0.484670 -0.852539 -0.195632 0.460948 0.959281 3 15 0.637129 14 0.361447 6 0.001424
  15 3.648099 -4.163977 19.799677 -0.204695 -0.772448 0.601185 0.470892 0.948951 2 15 0.685795 14 0.314205
  15 3.358465 -4.364852 18.791346 -0.170372 -0.967910 -0.184725 0.472928 0.962639 3 15 0.526787 14 0.471261 6 0.001952
headcrabsheet
  14 3.875108 -3.645891 18.130432 0.364087 -0.913168 -0.183205 0.465059 0.978339 3 14 0.890031 6 0.109438 5 0.000531
  15 4.102960 -3.994735 19.146011 0.484670 -0.852539 -0.195632 0.460948 0.959281 3 15 0.637129 14 0.361447 6 0.001424
  15 3.358465 -4.364852 18.791346 -0.170372 -0.967910 -0.184725 0.472928 0.962639 3 15 0.526787 14 0.471261 6 0.001952
headcrabsheet
  15 4.102960 -3.994735 19.146011 0.484670 -0.852539 -0.195632 0.460948 0.959281 3 15 0.637129 14 0.361447 6 0.001424
  14 3.875108 -3.645891 18.130432 0.364087 -0.913168 -0.183205 0.465059 0.978339 3 14 0.890031 6 0.109438 5 0.000531
  15 4.331374 -3.271775 18.661350 0.510669 -0.666087 -0.543641 0.438945 0.955528 3 15 0.577357 14 0.420030 6 0.002613
headcrabsheet
  14 3.875108 -3.645891 18.130432 0.364087 -0.913168 -0.183205 0.465059 0.978339 3 14 0.890031 6 0.109438 5 0.000531
  15 5.314259 -2.044339 17.866386 0.633268 -0.134551 -0.762146 0.411384 0.956848 3 15 0.686778 14 0.307378 6 0.005844
  15 4.331374 -3.271775 18.661350 0.510669 -0.666087 -0.543641 0.438945 0.955528 3 15 0.577357 14 0.420030 6 0.002613
headcrabsheet
  15 3.648099 -4.163977 19.799677 -0.204695 -0.772448 0.601185 0.470892 0.948951 2 15 0.685795 14 0.314205
  15 4.102960 -3.994735 19.146011 0.484670 -0.852539 -0.195632 0.460948 0.959281 3 15 0.637129 14 0.361447 6 0.001424
  15 4.867384 -3.480039 20.560156 0.053163 -0.622508 0.780806 0.459250 0.919838 2 15 0.815391 14 0.184609
headcrabsheet
  15 4.867384 -3.480039 20.560156 0.053163 -0.622508 0.780806 0.459250 0.919838 2 15 0.815391 14 0.184609
  15 4.373330 -2.869642 20.492336 -0.388015 -0.262055 0.883612 0.477016 0.919194 3 15 0.918770 14 0.080439 7 0.000791
  15 3.648099 -4.163977 19.799677 -0.204695 -0.772448 0.601185 0.470892 0.948951 2 15 0.685795 14 0.314205
headcrabsheet
  15 4.373330 -2.869642 20.492336 -0.388015 -0.262055 0.883612 0.477016 0.919194 3 15 0.918770 14 0.080439 7 0.000791
  15 2.931767 -3.869981 19.245987 -0.888258 -0.295438 0.351730 0.481488 0.954556 2 15 0.602835 14 0.397165
  15 3.648099 -4.163977 19.799677 -0.204695 -0.772448 0.601185 0.470892 0.948951 2 15 0.685795 14 0.314205
headcrabsheet
  15 3.648099 -4.163977 19.799677 -0.204695 -0.772448 0.601185 0.470892 0.948951 2 15 0.685795 14 0.314205
  15 2.931767 -3.869981 19.245987 -0.888258 -0.295438 0.351730 0.481488 0.954556 2 15 0.602835 14 0.397165
  15 3.358465 -4.364852 18.791346 -0.170372 -0.967910 -0.184725 0.472928 0.962639 3 15 0.526787 14 0.471261 6 0.001952
headcrabsheet
  14 3.244974 -4.041238 18.283636 -0.384531 -0.506837 -0.771526 0.473571 0.967972 3 14 0.505970 15 0.492083 6 0.001948
  15 3.358465 -4.364852 18.791346 -0.170372 -0.967910 -0.184725 0.472928 0.962639 3 15 0.526787 14 0.471261 6 0.001952
  15 2.931767 -3.869981 19.245987 -0.888258 -0.295438 0.351730 0.481488 0.954556 2 15 0.602835 14 0.397165
headcrabsheet
  14 3.875108 -3.645891 18.130432 0.364087 -0.913168 -0.183205 0.465059 0.978339 3 14 0.890031 6 0.109438 5 0.000531
  15 3.358465 -4.364852 18.791346 -0.170372 -0.967910 -0.184725 0.472928 0.962639 3 15 0.526787 14 0.471261 6 0.001952
  14 3.244974 -4.041238 18.283636 -0.384531 -0.506837 -0.771526 0.473571 0.967972 3 14 0.505970 15 0.492083 6 0.001948
headcrabsheet
  14 3.244974 -4.041238 18.283636 -0.384531 -0.506837 -0.771526 0.473571 0.967972 3 14 0.505970 15 0.492083 6 0.001948
  15 3.082052 -3.069046 18.581890 -0.939686 -0.138696 -0.312655 0.493254 0.968354 3 15 0.543506 14 0.432558 6 0.023936
  14 3.875108 -3.645891 18.130432 0.364087 -0.913168 -0.183205 0.465059 0.978339 3 14 0.890031 6 0.109438 5 0.000531
headcrabsheet
  14 3.244974 -4.041238 18.283636 -0.384531 -0.506837 -0.771526 0.473571 0.967972 3 14 0.505970 15 0.492083 6 0.001948
  15 2.954448 -3.779983 18.622833 -0.916889 -0.216450 -0.335356 0.481041 0.964431 2 15 0.534295 14 0.465705
  15 3.082052 -3.069046 18.581890 -0.939686 -0.138696 -0.312655 0.493254 0.968354 3 15 0.543506 14 0.432558 6 0.023936
headcrabsheet
  15 3.016589 -2.721550 19.001925 -0.878332 -0.475526 0.049073 0.499403 0.950480 3 15 0.720475 14 0.275432 7 0.004093
  15 3.082052 -3.069046 18.581890 -0.939686 -0.138696 -0.312655 0.493254 0.968354 3 15 0.543506 14 0.432558 6 0.023936
  15 2.954448 -3.779983 18.622833 -0.916889 -0.216450 -0.335356 0.481041 0.964431 2 15 0.534295 14 0.465705
headcrabsheet
  15 3.016589 -2.721550 19.001925 -0.878332 -0.475526 0.049073 0.499403 0.950480 3 15 0.720475 14 0.275432 7 0.004093
  15 2.954448 -3.779983 18.622833 -0.916889 -0.216450 -0.335356 0.481041 0.964431 2 15 0.534295 14 0.465705
  15 2.931767 -3.869981 19.245987 -0.888258 -0.295438 0.351730 0.481488 0.954556 2 15 0.602835 14 0.397165
headcrabsheet
  15 4.373330 -2.869642 20.492336 -0.388015 -0.262055 0.883612 0.477016 0.919194 3 15 0.918770 14 0.080439 7 0.000791
  15 3.016589 -2.721550 19.001925 -0.878332 -0.475526 0.049073 0.499403 0.950480 3 15 0.720475 14 0.275432 7 0.004093
  15 2.931767 -3.869981 19.245987 -0.888258 -0.295438 0.351730 0.481488 0.954556 2 15 0.602835 14 0.397165
headcrabsheet
  15 4.373330 -2.869642 20.492336 -0.388015 -0.262055 0.883612 0.477016 0.919194 3 15 0.918770 14 0.080439 7 0.000791
  15 3.808393 -2.092351 20.637934 -0.638488 -0.562457 0.525334 0.489574 0.907016 3 15 0.937866 14 0.042856 7 0.019278
  15 3.016589 -2.721550 19.001925 -0.878332 -0.475526 0.049073 0.499403 0.950480 3 15 0.720475 14 0.275432 7 0.004093
headcrabsheet
  14 3.244974 -4.041238 18.283636 -0.384531 -0.506837 -0.771526 0.473571 0.967972 3 14 0.505970 15 0.492083 6 0.001948
  15 2.931767 -3.869981 19.245987 -0.888258 -0.295438 0.351730 0.481488 0.954556 2 15 0.602835 14 0.397165
  15 2.954448 -3.779983 18.622833 -0.916889 -0.216450 -0.335356 0.481041 0.964431 2 15 0.534295 14 0.465705
headcrabsheet
  15 4.331374 -3.271775 18.661350 0.510669 -0.666087 -0.543641 0.438945 0.955528 3 15 0.577357 14 0.420030 6 0.002613
  15 5.703053 -2.803642 18.376484 0.205783 -0.615335 -0.760931 0.414673 0.922326 3 15 0.784168 14 0.214430 6 0.001402
  15 5.379984 -3.186567 18.765821 0.253987 -0.784173 -0.566183 0.423184 0.921409 3 15 0.773064 14 0.226084 6 0.000852
headcrabsheet
  15 4.102960 -3.994735 19.146011 0.484670 -0.852539 -0.195632 0.460948 0.959281 3 15 0.637129 14 0.361447 6 0.001424
  15 4.331374 -3.271775 18.661350 0.510669 -0.666087 -0.543641 0.438945 0.955528 3 15 0.577357 14 0.420030 6 0.002613
  15 5.379984 -3.186567 18.765821 0.253987 -0.784173 -0.566183 0.423184 0.921409 3 15 0.773064 14 0.226084 6 0.000852
headcrabsheet
  15 5.379984 -3.186567 18.765821 0.253987 -0.784173 -0.566183 0.423184 0.921409 3 15 0.773064 14 0.226084 6 0.000852
  15 6.991398 -2.938231 19.602705 0.239147 -0.970974 0.004167 0.430479 0.889025 3 15 0.857294 14 0.141138 16 0.001568
  15 4.102960 -3.994735 19.146011 0.484670 -0.852539 -0.195632 0.460948 0.959281 3 15 0.637129 14 0.361447 6 0.001424
headcrabsheet
  15 6.991398 -2.938231 19.602705 0.239147 -0.970974 0.004167 0.430479 0.889025 3 15 0.857294 14 0.141138 16 0.001568
  15 4.867384 -3.480039 20.560156 0.053163 -0.622508 0.780806 0.459250 0.919838 2 15 0.815391 14 0.184609
  15 4.102960 -3.994735 19.146011 0.484670 -0.852539 -0.195632 0.460948 0.959281 3 15 0.637129 14 0.361447 6 0.001424
headcrabsheet
  15 4.867384 -3.480039 20.560156 0.053163 -0.622508 0.780806 0.459250 0.919838 2 15 0.815391 14 0.184609
  15 6.991398 -2.938231 19.602705 0.239147 -0.970974 0.004167 0.430479 0.889025 3 15 0.857294 14 0.141138 16 0.001568
  15 6.335815 -2.461820 20.749382 0.124657 -0.517086 0.846807 0.455152 0.883976 3 15 0.899596 14 0.096831 16 0.003573
headcrabsheet
  15 6.335815 -2.461820 20.749382 0.124657 -0.517086 0.846807 0.455152 0.883976 3 15 0.899596 14 0.096831 16 0.003573
  15 4.373330 -2.869642 20.492336 -0.388015 -0.262055 0.883612 0.477016 0.919194 3 15 0.918770 14 0.080439 7 0.000791
  15 4.867384 -3.480039 20.560156 0.053163 -0.622508 0.780806 0.459250 0.919838 2 15 0.815391 14 0.184609
headcrabsheet
  15 6.335815 -2.461820 20.749382 0.124657 -0.517086 0.846807 0.455152 0.883976 3 15 0.899596 14 0.096831 16 0.003573
  15 4.743437 -1.675569 20.992695 -0.127173 -0.216633 0.967934 0.495173 0.884267 3 15 0.953682 14 0.034040 7 0.012278
  15 4.373330 -2.869642 20.492336 -0.388015 -0.262055 0.883612 0.477016 0.919194 3 15 0.918770 14 0.080439 7 0.000791
headcrabsheet
  15 3.808393 -2.092351 20.637934 0.527443 -0.701263 0.479618 0.489574 0.907016 3 15 0.937866 14 0.042856 7 0.019278
  15 4.373330 -2.869642 20.492336 -0.388015 -0.262055 0.883612 0.477016 0.919194 3 15 0.918770 14 0.080439 7 0.000791
  15 4.743437 -1.675569 20.992695 -0.127173 -0.216633 0.967934 0.495173 0.884267 3 15 0.953682 14 0.034040 7 0.012278
headcrabsheet
  15 10.569488 -2.690291 19.928339 0.015592 -0.990615 0.135786 0.428201 0.817363 3 15 0.935604 16 0.033362 14 0.031034
  15 6.335815 -2.461820 20.749382 0.124657 -0.517086 0.846807 0.455152 0.883976 3 15 0.899596 14 0.096831 16 0.003573
  15 6.991398 -2.938231 19.602705 0.239147 -0.970974 0.004167 0.430479 0.889025 3 15 0.857294 14 0.141138 16 0.001568
headcrabsheet
  15 10.569488 -2.690291 19.928339 0.015592 -0.990615 0.135786 0.428201 0.817363 3 15 0.935604 16 0.033362 14 0.031034
  15 10.214972 -1.908981 20.841139 0.024879 -0.472794 0.880822 0.454635 0.815685 3 15 0.927494 16 0.036796 14 0.035710
  15 6.335815 -2.461820 20.749382 0.124657 -0.517086 0.846807 0.455152 0.883976 3 15 0.899596 14 0.096831 16 0.003573
headcrabsheet
  15 10.214972 -1.908981 20.841139 0.024879 -0.472794 0.880822 0.454635 0.815685 3 15 0.927494 16 0.036796 14 0.035710
  15 5.305301 -0.785049 21.135860 0.140784 0.082070 0.986633 0.473186 0.875072 3 15 0.867843 14 0.111604 7 0.020553
  15 6.335815 -2.461820 20.749382 0.124657 -0.517086 0.846807 0.455152 0.883976 3 15 0.899596 14 0.096831 16 0.003573
headcrabsheet
  15 6.335815 -2.461820 20.749382 0.124657 -0.517086 0.846807 0.455152 0.883976 3 15 0.899596 14 0.096831 16 0.003573
  15 5.305301 -0.785049 21.135860 0.140784 0.082070 0.986633 0.473186 0.875072 3 15 0.867843 14 0.111604 7 0.020553
  15 4.743437 -1.675569 20.992695 -0.127173 -0.216633 0.967934 0.495173 0.884267 3 15 0.953682 14 0.034040 7 0.012278
headcrabsheet
  15 10.214972 -1.908981 20.841139 0.024879 -0.472794 0.880822 0.454635 0.815685 3 15 0.927494 16 0.036796 14 0.035710
  15 13.107736 -2.192111 20.798939 0.535371 -0.550041 0.640962 0.441553 0.757100 3 15 0.846436 16 0.149148 14 0.004416
  15 12.055920 -1.701927 20.865297 -0.036663 0.148916 0.988170 0.454505 0.775904 3 15 0.933538 16 0.058553 14 0.007909
headcrabsheet
  15 10.214972 -1.908981 20.841139 0.024879 -0.472794 0.880822 0.454635 0.815685 3 15 0.927494 16 0.036796 14 0.035710
  15 13.230121 -2.745898 19.968287 0.418727 -0.819308 0.391666 0.421281 0.761826 3 15 0.781020 16 0.214501 14 0.004480
  15 13.107736 -2.192111 20.798939 0.535371 -0.550041 0.640962 0.441553 0.757100 3 15 0.846436 16 0.149148 14 0.004416
headcrabsheet
  15 13.230121 -2.745898 19.968287 0.418727 -0.819308 0.391666 0.421281 0.761826 3 15 0.781020 16 0.214501 14 0.004480
  15 10.214972 -1.908981 20.841139 0.024879 -0.472794 0.880822 0.454635 0.815685 3 15 0.927494 16 0.036796 14 0.035710
  15 10.569488 -2.690291 19.928339 0.015592 -0.990615 0.135786 0.428201 0.817363 3 15 0.935604 16 0.033362 14 0.031034
headcrabsheet
  15 10.569488 -2.690291 19.928339 0.015592 -0.990615 0.135786 0.428201 0.817363 3 15 0.935604 16 0.033362 14 0.031034
  15 12.676144 -2.638948 18.981766 -0.120769 -0.882914 -0.453737 0.402332 0.774127 3 15 0.842970 16 0.154696 14 0.002334
  15 13.230121 -2.745898 19.968287 0.418727 -0.819308 0.391666 0.421281 0.761826 3 15 0.781020 16 0.214501 14 0.004480
headcrabsheet
  15 12.389661 -1.755915 18.182142 -0.117542 -0.166773 -0.978964 0.382283 0.778332 3 15 0.861162 16 0.138668 14 0.000170
  15 12.676144 -2.638948 18.981766 -0.120769 -0.882914 -0.453737 0.402332 0.774127 3 15 0.842970 16 0.154696 14 0.002334
  15 10.569488 -2.690291 19.928339 0.015592 -0.990615 0.135786 0.428201 0.817363 3 15 0.935604 16 0.033362 14 0.031034
headcrabsheet
  15 12.676144 -2.638948 18.981766 -0.120769 -0.882914 -0.453737 0.402332 0.774127 3 15 0.842970 16 0.154696 14 0.002334
  15 12.389661 -1.755915 18.182142 -0.117542 -0.166773 -0.978964 0.382283 0.778332 3 15 0.861162 16 0.138668 14 0.000170
  15 13.280710 -1.989544 18.165754 0.384213 -0.273739 -0.881730 0.380678 0.762142 3 15 0.592684 16 0.406654 17 0.000662
headcrabsheet
  15 12.389661 -1.755915 18.182142 -0.117542 -0.166773 -0.978964 0.382283 0.778332 3 15 0.861162 16 0.138668 14 0.000170
  15 13.325481 -1.442291 18.432808 0.353119 0.446399 -0.822213 0.369651 0.758813 2 15 0.596204 16 0.403796
  15 13.280710 -1.989544 18.165754 0.384213 -0.273739 -0.881730 0.380678 0.762142 3 15 0.592684 16 0.406654 17 0.000662
headcrabsheet
  15 12.676144 -2.638948 18.981766 -0.120769 -0.882914 -0.453737 0.402332 0.774127 3 15 0.842970 16 0.154696 14 0.002334
  15 13.280710 -1.989544 18.165754 0.384213 -0.273739 -0.881730 0.380678 0.762142 3 15 0.592684 16 0.406654 17 0.000662
  15 13.393115 -2.803961 19.282656 0.347595 -0.917576 -0.192958 0.407163 0.759923 3 15 0.573575 16 0.425035 17 0.001390
headcrabsheet
  15 13.393115 -2.803961 19.282656 0.347595 -0.917576 -0.192958 0.407163 0.759923 3 15 0.573575 16 0.425035 17 0.001390
  15 13.230121 -2.745898 19.968287 0.418727 -0.819308 0.391666 0.421281 0.761826 3 15 0.781020 16 0.214501 14 0.004480
  15 12.676144 -2.638948 18.981766 -0.120769 -0.882914 -0.453737 0.402332 0.774127 3 15 0.842970 16 0.154696 14 0.002334
headcrabsheet
  15 5.305301 -0.785049 21.135860 0.140784 0.082070 0.986633 0.473186 0.875072 3 15 0.867843 14 0.111604 7 0.020553
  15 10.214972 -1.908981 20.841139 0.024879 -0.472794 0.880822 0.454635 0.815685 3 15 0.927494 16 0.036796 14 0.035710
  15 10.116689 -1.408587 20.927351 0.048598 0.273308 0.960698 0.464135 0.815307 3 15 0.949555 14 0.038767 16 0.011678
headcrabsheet
  15 12.055920 -1.701927 20.865297 -0.036663 0.148916 0.988170 0.454505 0.775904 3 15 0.933538 16 0.058553 14 0.007909
  15 10.116689 -1.408587 20.927351 0.048598 0.273308 0.960698 0.464135 0.815307 3 15 0.949555 14 0.038767 16 0.011678
  15 10.214972 -1.908981 20.841139 0.024879 -0.472794 0.880822 0.454635 0.815685 3 15 0.927494 16 0.036796 14 0.035710
headcrabsheet
  15 10.116689 -1.408587 20.927351 0.048598 0.273308 0.960698 0.464135 0.815307 3 15 0.949555 14 0.038767 16 0.011678
  15 12.055920 -1.701927 20.865297 -0.036663 0.148916 0.988170 0.454505 0.775904 3 15 0.933538 16 0.058553 14 0.007909
  15 11.559792 -0.856745 20.388372 -0.092110 0.387829 0.917117 0.473774 0.781112 3 15 0.951286 16 0.043827 14 0.004887
headcrabsheet
  15 11.559792 -0.856745 20.388372 -0.092110 0.387829 0.917117 0.473774 0.781112 3 15 0.951286 16 0.043827 14 0.004887
  15 12.055920 -1.701927 20.865297 -0.036663 0.148916 0.988170 0.454505 0.775904 3 15 0.933538 16 0.058553 14 0.007909
  15 13.081871 -1.823140 21.053278 0.442595 -0.155767 0.883089 0.449256 0.754953 3 15 0.842405 16 0.157014 14 0.000581
headcrabsheet
  15 12.055920 -1.701927 20.865297 -0.036663 0.148916 0.988170 0.454505 0.775904 3 15 0.933538 16 0.058553 14 0.007909
  15 13.107736 -2.192111 20.798939 0.535371 -0.550041 0.640962 0.441553 0.757100 3 15 0.846436 16 0.149148 14 0.004416
  15 13.081871 -1.823140 21.053278 0.442595 -0.155767 0.883089 0.449256 0.754953 3 15 0.842405 16 0.157014 14 0.000581
headcrabsheet
  15 13.215064 -1.945995 20.401493 0.955958 -0.103803 0.274534 0.431732 0.753052 3 15 0.575547 16 0.412839 17 0.011614
  15 13.081871 -1.823140 21.053278 0.442595 -0.155767 0.883089 0.449256 0.754953 3 15 0.842405 16 0.157014 14 0.000581
  15 13.107736 -2.192111 20.798939 0.535371 -0.550041 0.640962 0.441553 0.757100 3 15 0.846436 16 0.149148 14 0.004416
headcrabsheet
  15 13.107736 -2.192111 20.798939 0.535371 -0.550041 0.640962 0.441553 0.757100 3 15 0.846436 16 0.149148 14 0.004416
  15 13.230121 -2.745898 19.968287 0.418727 -0.819308 0.391666 0.421281 0.761826 3 15 0.781020 16 0.214501 14 0.004480
  15 13.215064 -1.945995 20.401493 0.955958 -0.103803 0.274534 0.431732 0.753052 3 15 0.575547 16 0.412839 17 0.011614
headcrabsheet
  15 13.451664 -2.652479 19.647076 0.726455 -0.624698 0.286383 0.414611 0.756646 3 15 0.496701 16 0.484186 17 0.019114
  15 13.215064 -1.945995 20.401493 0.955958 -0.103803 0.274534 0.431732 0.753052 3 15 0.575547 16 0.412839 17 0.011614
  15 13.230121 -2.745898 19.968287 0.418727 -0.819308 0.391666 0.421281 0.761826 3 15 0.781020 16 0.214501 14 0.004480
headcrabsheet
  15 13.230121 -2.745898 19.968287 0.418727 -0.819308 0.391666 0.421281 0.761826 3 15 0.781020 16 0.214501 14 0.004480
  15 13.393115 -2.803961 19.282656 0.347595 -0.917576 -0.192958 0.407163 0.759923 3 15 0.573575 16 0.425035 17 0.001390
  15 13.451664 -2.652479 19.647076 0.726455 -0.624698 0.286383 0.414611 0.756646 3 15 0.496701 16 0.484186 17 0.019114
headcrabsheet
  16 13.564272 -2.611711 19.242382 0.633120 -0.651280 -0.418321 0.404763 0.755939 3 16 0.652195 15 0.316324 17 0.031481
  15 13.451664 -2.652479 19.647076 0.726455 -0.624698 0.286383 0.414611 0.756646 3 15 0.496701 16 0.484186 17 0.019114
  15 13.393115 -2.803961 19.282656 0.347595 -0.917576 -0.192958 0.407163 0.759923 3 15 0.573575 16 0.425035 17 0.001390
headcrabsheet
  15 13.393115 -2.803961 19.282656 0.347595 -0.917576 -0.192958 0.407163 0.759923 3 15 0.573575 16 0.425035 17 0.001390
  16 13.451048 -2.016868 18.654877 0.862848 -0.368219 -0.346276 0.383836 0.753630 3 16 0.651167 15 0.325883 17 0.022950
  16 13.564272 -2.611711 19.242382 0.633120 -0.651280 -0.418321 0.404763 0.755939 3 16 0.652195 15 0.316324 17 0.031481
headcrabsheet
  16 13.451048 -2.016868 18.654877 0.862848 -0.368219 -0.346276 0.383836 0.753630 3 16 0.651167 15 0.325883 17 0.022950
  15 13.393115 -2.803961 19.282656 0.347595 -0.917576 -0.192958 0.407163 0.759923 3 15 0.573575 16 0.425035 17 0.001390
  15 13.280710 -1.989544 18.165754 0.384213 -0.273739 -0.881730 0.380678 0.762142 3 15 0.592684 16 0.406654 17 0.000662
headcrabsheet
  15 13.280710 -1.989544 18.165754 0.384213 -0.273739 -0.881730 0.380678 0.762142 3 15 0.592684 16 0.406654 17 0.000662
  16 13.687445 -1.496697 18.657589 0.650705 0.308933 -0.693644 0.370700 0.750286 3 16 0.715676 15 0.270026 17 0.014298
  16 13.451048 -2.016868 18.654877 0.862848 -0.368219 -0.346276 0.383836 0.753630 3 16 0.651167 15 0.325883 17 0.022950
headcrabsheet
  15 13.280710 -1.989544 18.165754 0.384213 -0.273739 -0.881730 0.380678 0.762142 3 15 0.592684 16 0.406654 17 0.000662
  15 13.325481 -1.442291 18.432808 0.353119 0.446399 -0.822213 0.369651 0.758813 2 15 0.596204 16 0.403796
  16 13.687445 -1.496697 18.657589 0.650705 0.308933 -0.693644 0.370700 0.750286 3 16 0.715676 15 0.270026 17 0.014298
headcrabsheet
  15 13.325481 -1.442291 18.432808 0.353119 0.446399 -0.822213 0.369651 0.758813 2 15 0.596204 16 0.403796
  16 13.585229 -0.802182 19.125589 0.723144 0.551036 -0.416439 0.348235 0.748091 3 16 0.783724 15 0.215054 17 0.001222
  16 13.687445 -1.496697 18.657589 0.650705 0.308933 -0.693644 0.370700 0.750286 3 16 0.715676 15 0.270026 17 0.014298
headcrabsheet
  15 13.325481 -1.442291 18.432808 0.353119 0.446399 -0.822213 0.369651 0.758813 2 15 0.596204 16 0.403796
  15 13.426480 -0.538045 19.195316 0.770126 0.593226 -0.234495 0.344164 0.758481 2 15 0.529106 16 0.470894
  16 13.585229 -0.802182 19.125589 0.723144 0.551036 -0.416439 0.348235 0.748091 3 16 0.783724 15 0.215054 17 0.001222
headcrabsheet
  15 13.426480 -0.538045 19.195316 0.770126 0.593226 -0.234495 0.344164 0.758481 2 15 0.529106 16 0.470894
  16 13.505585 -0.842780 19.529030 0.926553 0.324394 0.190443 0.322496 0.752833 3 16 0.765329 15 0.233651 17 0.001020
  16 13.585229 -0.802182 19.125589 0.723144 0.551036 -0.416439 0.348235 0.748091 3 16 0.783724 15 0.215054 17 0.001222
headcrabsheet
  15 13.426480 -0.538045 19.195316 0.770126 0.593226 -0.234495 0.344164 0.758481 2 15 0.529106 16 0.470894
  15 13.272335 -0.449880 20.237507 0.856614 0.367873 0.361777 0.323959 0.763791 2 15 0.587797 16 0.412203
  16 13.505585 -0.842780 19.529030 0.926553 0.324394 0.190443 0.322496 0.752833 3 16 0.765329 15 0.233651 17 0.001020
headcrabsheet
  15 11.559792 -0.856745 20.388372 -0.092110 0.387829 0.917117 0.473774 0.781112 3 15 0.951286 16 0.043827 14 0.004887
  15 13.081871 -1.823140 21.053278 0.442595 -0.155767 0.883089 0.449256 0.754953 3 15 0.842405 16 0.157014 14 0.000581
  15 13.030237 -1.190492 20.889421 0.273709 0.328776 0.903875 0.460387 0.748583 3 15 0.829087 16 0.170686 14 0.000227
headcrabsheet
  15 13.081871 -1.823140 21.053278 0.442595 -0.155767 0.883089 0.449256 0.754953 3 15 0.842405 16 0.157014 14 0.000581
  15 13.171108 -1.229527 20.745476 0.853995 0.155468 0.496510 0.455978 0.743501 2 15 0.666285 16 0.333715
  15 13.030237 -1.190492 20.889421 0.273709 0.328776 0.903875 0.460387 0.748583 3 15 0.829087 16 0.170686 14 0.000227
headcrabsheet
  15 13.215064 -1.945995 20.401493 0.955958 -0.103803 0.274534 0.431732 0.753052 3 15 0.575547 16 0.412839 17 0.011614
  15 13.171108 -1.229527 20.745476 0.853995 0.155468 0.496510 0.455978 0.743501 2 15 0.666285 16 0.333715
  15 13.081871 -1.823140 21.053278 0.442595 -0.155767 0.883089 0.449256 0.754953 3 15 0.842405 16 0.157014 14 0.000581
headcrabsheet
  15 13.171108 -1.229527 20.745476 0.853995 0.155468 0.496510 0.455978 0.743501 2 15 0.666285 16 0.333715
  15 13.215064 -1.945995 20.401493 0.955958 -0.103803 0.274534 0.431732 0.753052 3 15 0.575547 16 0.412839 17 0.011614
  16 13.431206 -1.252172 20.175142 0.885856 0.244548 0.394279 0.442527 0.744492 3 16 0.652266 15 0.334891 17 0.012843
headcrabsheet
  15 13.171108 -1.229527 20.745476 0.853995 0.155468 0.496510 0.302665 0.764813 2 15 0.666285 16 0.333715
  16 13.431206 -1.252172 20.175142 0.885856 0.244548 0.394279 0.294820 0.753139 3 16 0.652266 15 0.334891 17 0.012843
  16 13.505585 -0.842780 19.529030 0.926553 0.324394 0.190443 0.322496 0.752833 3 16 0.765329 15 0.233651 17 0.001020
headcrabsheet
  15 13.171108 -1.229527 20.745476 0.853995 0.155468 0.496510 0.302665 0.764813 2 15 0.666285 16 0.333715
  16 13.505585 -0.842780 19.529030 0.926553 0.324394 0.190443 0.322496 0.752833 3 16 0.765329 15 0.233651 17 0.001020
  15 13.272335 -0.449880 20.237507 0.856614 0.367873 0.361777 0.323959 0.763791 2 15 0.587797 16 0.412203
headcrabsheet
  15 13.086329 -0.140298 20.241730 0.487196 0.791419 0.369182 0.325202 0.769603 2 15 0.797108 16 0.202892
  15 13.171108 -1.229527 20.745476 0.853995 0.155468 0.496510 0.302665 0.764813 2 15 0.666285 16 0.333715
  15 13.272335 -0.449880 20.237507 0.856614 0.367873 0.361777 0.323959 0.763791 2 15 0.587797 16 0.412203
headcrabsheet
  15 13.086329 -0.140298 20.241730 0.487196 0.791419 0.369182 0.325202 0.769603 2 15 0.797108 16 0.202892
  15 13.030237 -1.190492 20.889421 0.273709 0.328776 0.903875 0.301694 0.772433 3 15 0.829087 16 0.170686 14 0.000227
  15 13.171108 -1.229527 20.745476 0.853995 0.155468 0.496510 0.302665 0.764813 2 15 0.666285 16 0.333715
headcrabsheet
  15 12.042803 0.049832 20.266605 -0.128259 0.881670 0.454101 0.328855 0.789190 3 15 0.934377 16 0.064883 14 0.000740
  15 13.030237 -1.190492 20.889421 0.273709 0.328776 0.903875 0.301694 0.772433 3 15 0.829087 16 0.170686 14 0.000227
  15 13.086329 -0.140298 20.241730 0.487196 0.791419 0.369182 0.325202 0.769603 2 15 0.797108 16 0.202892
headcrabsheet
  15 12.042803 0.049832 20.266605 -0.128259 0.881670 0.454101 0.328855 0.789190 3 15 0.934377 16 0.064883 14 0.000740
  15 11.559792 -0.856745 20.388372 -0.092110 0.387829 0.917117 0.313876 0.806445 3 15 0.951286 16 0.043827 14 0.004887
  15 13.030237 -1.190492 20.889421 0.273709 0.328776 0.903875 0.301694 0.772433 3 15 0.829087 16 0.170686 14 0.000227
headcrabsheet
  15 10.284662 -0.556324 20.137026 -0.136997 0.982139 0.128978 0.336177 0.828680 3 15 0.971460 16 0.019100 14 0.009440
  15 11.559792 -0.856745 20.388372 -0.092110 0.387829 0.917117 0.313876 0.806445 3 15 0.951286 16 0.043827 14 0.004887
  15 12.042803 0.049832 20.266605 -0.128259 0.881670 0.454101 0.328855 0.789190 3 15 0.934377 16 0.064883 14 0.000740
headcrabsheet
  15 11.559792 -0.856745 20.388372 -0.092110 0.387829 0.917117 0.313876 0.806445 3 15 0.951286 16 0.043827 14 0.004887
  15 10.284662 -0.556324 20.137026 -0.136997 0.982139 0.128978 0.336177 0.828680 3 15 0.971460 16 0.019100 14 0.009440
  15 10.116689 -1.408587 20.927351 0.048598 0.273308 0.960698 0.312850 0.837500 3 15 0.949555 14 0.038767 16 0.011678
headcrabsheet
  15 10.284662 -0.556324 20.137026 -0.136997 0.982139 0.128978 0.336177 0.828680 3 15 0.971460 16 0.019100 14 0.009440
  15 6.886805 -0.765215 20.730959 0.209931 0.819914 0.532606 0.333068 0.886612 3 15 0.901561 14 0.094301 7 0.004138
  15 10.116689 -1.408587 20.927351 0.048598 0.273308 0.960698 0.312850 0.837500 3 15 0.949555 14 0.038767 16 0.011678
headcrabsheet
  15 10.116689 -1.408587 20.927351 0.048598 0.273308 0.960698 0.312850 0.837500 3 15 0.949555 14 0.038767 16 0.011678
  15 6.886805 -0.765215 20.730959 0.209931 0.819914 0.532606 0.333068 0.886612 3 15 0.901561 14 0.094301 7 0.004138
  15 5.305301 -0.785049 21.135860 0.140784 0.082070 0.986633 0.323581 0.902487 3 15 0.867843 14 0.111604 7 0.020553
headcrabsheet
  15 6.886805 -0.765215 20.730959 0.209931 0.819914 0.532606 0.333068 0.886612 3 15 0.901561 14 0.094301 7 0.004138
  15 5.790644 0.282238 20.167833 0.655257 0.727997 0.201642 0.353074 0.917689 3 15 0.826342 14 0.157477 7 0.016181
  15 5.305301 -0.785049 21.135860 0.140784 0.082070 0.986633 0.323581 0.902487 3 15 0.867843 14 0.111604 7 0.020553
headcrabsheet
  15 5.790644 0.282238 20.167833 0.655257 0.727997 0.201642 0.353074 0.917689 3 15 0.826342 14 0.157477 7 0.016181
  15 6.886805 -0.765215 20.730959 0.209931 0.819914 0.532606 0.333068 0.886612 3 15 0.901561 14 0.094301 7 0.004138
  15 7.511805 -0.582027 19.684631 0.213415 0.930209 -0.298606 0.359210 0.882609 3 15 0.926697 14 0.070665 7 0.002639
headcrabsheet
  15 7.511805 -0.582027 19.684631 0.213415 0.930209 -0.298606 0.359210 0.882609 3 15 0.926697 14 0.070665 7 0.002639
  15 5.520587 -0.346553 19.194155 0.765702 0.495710 -0.409844 0.373682 0.933334 3 15 0.795550 14 0.190477 6 0.013973
  15 5.790644 0.282238 20.167833 0.655257 0.727997 0.201642 0.353074 0.917689 3 15 0.826342 14 0.157477 7 0.016181
headcrabsheet
  15 5.520587 -0.346553 19.194155 0.765702 0.495710 -0.409844 0.373682 0.933334 3 15 0.795550 14 0.190477 6 0.013973
  15 7.511805 -0.582027 19.684631 0.213415 0.930209 -0.298606 0.359210 0.882609 3 15 0.926697 14 0.070665 7 0.002639
  15 6.385006 -0.730255 18.927874 0.188980 0.747149 -0.637224 0.374263 0.911502 3 15 0.908422 14 0.089237 7 0.002341
headcrabsheet
  15 6.385006 -0.730255 18.927874 0.188980 0.747149 -0.637224 0.374263 0.911502 3 15 0.908422 14 0.089237 7 0.002341
  15 5.395894 -1.283491 18.440350 0.723423 0.348732 -0.595857 0.391432 0.948143 3 15 0.730541 14 0.264943 6 0.004515
  15 5.520587 -0.346553 19.194155 0.765702 0.495710 -0.409844 0.373682 0.933334 3 15 0.795550 14 0.190477 6 0.013973
headcrabsheet
  15 6.385006 -0.730255 18.927874 0.188980 0.747149 -0.637224 0.374263 0.911502 3 15 0.908422 14 0.089237 7 0.002341
  15 6.298057 -1.467190 18.136009 0.141060 0.371077 -0.917825 0.391679 0.916410 3 15 0.864142 14 0.135616 6 0.000242
  15 5.395894 -1.283491 18.440350 0.723423 0.348732 -0.595857 0.391432 0.948143 3 15 0.730541 14 0.264943 6 0.004515
headcrabsheet
  15 6.298057 -1.467190 18.136009 0.141060 0.371077 -0.917825 0.391679 0.916410 3 15 0.864142 14 0.135616 6 0.000242
  15 5.314259 -2.044339 17.866386 0.633268 -0.134551 -0.762146 0.411384 0.956848 3 15 0.686778 14 0.307378 6 0.005844
  15 5.395894 -1.283491 18.440350 0.723423 0.348732 -0.595857 0.391432 0.948143 3 15 0.730541 14 0.264943 6 0.004515
headcrabsheet
  15 5.314259 -2.044339 17.866386 0.633268 -0.134551 -0.762146 0.411384 0.956848 3 15 0.686778 14 0.307378 6 0.005844
  15 6.298057 -1.467190 18.136009 0.141060 0.371077 -0.917825 0.391679 0.916410 3 15 0.864142 14 0.135616 6 0.000242
  15 5.703053 -2.803642 18.376484 0.205783 -0.615335 -0.760931 0.414673 0.922326 3 15 0.784168 14 0.214430 6 0.001402
headcrabsheet
  15 5.703053 -2.803642 18.376484 0.205783 -0.615335 -0.760931 0.414673 0.922326 3 15 0.784168 14 0.214430 6 0.001402
  15 4.331374 -3.271775 18.661350 0.510669 -0.666087 -0.543641 0.438945 0.955528 3 15 0.577357 14 0.420030 6 0.002613
  15 5.314259 -2.044339 17.866386 0.633268 -0.134551 -0.762146 0.411384 0.956848 3 15 0.686778 14 0.307378 6 0.005844
headcrabsheet
  15 10.284662 -0.556324 20.137026 -0.136997 0.982139 0.128978 0.336177 0.828680 3 15 0.971460 16 0.019100 14 0.009440
  15 12.042803 0.049832 20.266605 -0.128259 0.881670 0.454101 0.328855 0.789190 3 15 0.934377 16 0.064883 14 0.000740
  15 12.166498 -0.212583 19.033426 -0.124813 0.820485 -0.557876 0.353426 0.784158 3 15 0.908468 16 0.091020 14 0.000512
headcrabsheet
  15 12.166498 -0.212583 19.033426 -0.124813 0.820485 -0.557876 0.353426 0.784158 3 15 0.908468 16 0.091020 14 0.000512
  15 12.042803 0.049832 20.266605 -0.128259 0.881670 0.454101 0.328855 0.789190 3 15 0.934377 16 0.064883 14 0.000740
  15 13.086329 -0.140298 20.241730 0.487196 0.791419 0.369182 0.325202 0.769603 2 15 0.797108 16 0.202892
headcrabsheet
  15 12.166498 -0.212583 19.033426 -0.124813 0.820485 -0.557876 0.353426 0.784158 3 15 0.908468 16 0.091020 14 0.000512
  15 13.086329 -0.140298 20.241730 0.487196 0.791419 0.369182 0.325202 0.769603 2 15 0.797108 16 0.202892
  15 13.124578 -0.281892 19.102184 0.390664 0.803477 -0.449229 0.345071 0.765500 2 15 0.722543 16 0.277457
headcrabsheet
  15 13.124578 -0.281892 19.102184 0.390664 0.803477 -0.449229 0.345071 0.765500 2 15 0.722543 16 0.277457
  15 13.086329 -0.140298 20.241730 0.487196 0.791419 0.369182 0.325202 0.769603 2 15 0.797108 16 0.202892
  15 13.272335 -0.449880 20.237507 0.856614 0.367873 0.361777 0.323959 0.763791 2 15 0.587797 16 0.412203
headcrabsheet
  15 13.124578 -0.281892 19.102184 0.390664 0.803477 -0.449229 0.345071 0.765500 2 15 0.722543 16 0.277457
  15 13.272335 -0.449880 20.237507 0.856614 0.367873 0.361777 0.323959 0.763791 2 15 0.587797 16 0.412203
  15 13.426480 -0.538045 19.195316 0.770126 0.593226 -0.234495 0.344164 0.758481 2 15 0.529106 16 0.470894
headcrabsheet
  15 13.325481 -1.442291 18.432808 0.353119 0.446399 -0.822213 0.369651 0.758813 2 15 0.596204 16 0.403796
  15 13.124578 -0.281892 19.102184 0.390664 0.803477 -0.449229 0.345071 0.765500 2 15 0.722543 16 0.277457
  15 13.426480 -0.538045 19.195316 0.770126 0.593226 -0.234495 0.344164 0.758481 2 15 0.529106 16 0.470894
headcrabsheet
  15 12.300293 -1.146055 18.405849 -0.068200 0.454097 -0.888338 0.370441 0.779568 3 15 0.872895 16 0.126981 14 0.000124
  15 13.124578 -0.281892 19.102184 0.390664 0.803477 -0.449229 0.345071 0.765500 2 15 0.722543 16 0.277457
  15 13.325481 -1.442291 18.432808 0.353119 0.446399 -0.822213 0.369651 0.758813 2 15 0.596204 16 0.403796
headcrabsheet
  15 12.389661 -1.755915 18.182142 -0.117542 -0.166773 -0.978964 0.382283 0.778332 3 15 0.861162 16 0.138668 14 0.000170
  15 12.300293 -1.146055 18.405849 -0.068200 0.454097 -0.888338 0.370441 0.779568 3 15 0.872895 16 0.126981 14 0.000124
  15 13.325481 -1.442291 18.432808 0.353119 0.446399 -0.822213 0.369651 0.758813 2 15 0.596204 16 0.403796
headcrabsheet
  15 10.069431 -2.126318 18.628990 -0.034187 -0.284476 -0.958073 0.396586 0.828233 3 15 0.963128 16 0.032186 14 0.004686
  15 12.300293 -1.146055 18.405849 -0.068200 0.454097 -0.888338 0.370441 0.779568 3 15 0.872895 16 0.126981 14 0.000124
  15 12.389661 -1.755915 18.182142 -0.117542 -0.166773 -0.978964 0.382283 0.778332 3 15 0.861162 16 0.138668 14 0.000170
headcrabsheet
  15 12.389661 -1.755915 18.182142 -0.117542 -0.166773 -0.978964 0.382283 0.778332 3 15 0.861162 16 0.138668 14 0.000170
  15 10.569488 -2.690291 19.928339 0.015592 -0.990615 0.135786 0.428201 0.817363 3 15 0.935604 16 0.033362 14 0.031034
  15 10.069431 -2.126318 18.628990 -0.034187 -0.284476 -0.958073 0.396586 0.828233 3 15 0.963128 16 0.032186 14 0.004686
headcrabsheet
  15 10.069431 -2.126318 18.628990 -0.034187 -0.284476 -0.958073 0.396586 0.828233 3 15 0.963128 16 0.032186 14 0.004686
  15 10.569488 -2.690291 19.928339 0.015592 -0.990615 0.135786 0.428201 0.817363 3 15 0.935604 16 0.033362 14 0.031034
  15 7.633986 -2.389421 18.777111 0.181014 -0.806093 -0.563425 0.412605 0.881422 3 15 0.909620 14 0.088494 16 0.001887
headcrabsheet
  15 10.569488 -2.690291 19.928339 0.015592 -0.990615 0.135786 0.428201 0.817363 3 15 0.935604 16 0.033362 14 0.031034
  15 6.991398 -2.938231 19.602705 0.239147 -0.970974 0.004167 0.430479 0.889025 3 15 0.857294 14 0.141138 16 0.001568
  15 7.633986 -2.389421 18.777111 0.181014 -0.806093 -0.563425 0.412605 0.881422 3 15 0.909620 14 0.088494 16 0.001887
headcrabsheet
  15 5.379984 -3.186567 18.765821 0.253987 -0.784173 -0.566183 0.423184 0.921409 3 15 0.773064 14 0.226084 6 0.000852
  15 7.633986 -2.389421 18.777111 0.181014 -0.806093 -0.563425 0.412605 0.881422 3 15 0.909620 14 0.088494 16 0.001887
  15 6.991398 -2.938231 19.602705 0.239147 -0.970974 0.004167 0.430479 0.889025 3 15 0.857294 14 0.141138 16 0.001568
headcrabsheet
  15 7.633986 -2.389421 18.777111 0.181014 -0.806093 -0.563425 0.412605 0.881422 3 15 0.909620 14 0.088494 16 0.001887
  15 5.379984 -3.186567 18.765821 0.253987 -0.784173 -0.566183 0.423184 0.921409 3 15 0.773064 14 0.226084 6 0.000852
  15 5.703053 -2.803642 18.376484 0.205783 -0.615335 -0.760931 0.414673 0.922326 3 15 0.784168 14 0.214430 6 0.001402
headcrabsheet
  15 7.836594 -1.960964 18.383482 0.214707 -0.000658 -0.976678 0.398400 0.877927 3 15 0.958629 14 0.039451 16 0.001921
  15 7.633986 -2.389421 18.777111 0.181014 -0.806093 -0.563425 0.412605 0.881422 3 15 0.909620 14 0.088494 16 0.001887
  15 5.703053 -2.803642 18.376484 0.205783 -0.615335 -0.760931 0.414673 0.922326 3 15 0.784168 14 0.214430 6 0.001402
headcrabsheet
  15 7.836594 -1.960964 18.383482 0.214707 -0.000658 -0.976678 0.398400 0.877927 3 15 0.958629 14 0.039451 16 0.001921
  15 5.703053 -2.803642 18.376484 0.205783 -0.615335 -0.760931 0.414673 0.922326 3 15 0.784168 14 0.214430 6 0.001402
  15 6.298057 -1.467190 18.136009 0.141060 0.371077 -0.917825 0.391679 0.916410 3 15 0.864142 14 0.135616 6 0.000242
headcrabsheet
  15 6.385006 -0.730255 18.927874 0.188980 0.747149 -0.637224 0.374263 0.911502 3 15 0.908422 14 0.089237 7 0.002341
  15 7.836594 -1.960964 18.383482 0.214707 -0.000658 -0.976678 0.398400 0.877927 3 15 0.958629 14 0.039451 16 0.001921
  15 6.298057 -1.467190 18.136009 0.141060 0.371077 -0.917825 0.391679 0.916410 3 15 0.864142 14 0.135616 6 0.000242
headcrabsheet
  15 6.385006 -0.730255 18.927874 0.188980 0.747149 -0.637224 0.374263 0.911502 3 15 0.908422 14 0.089237 7 0.002341
  15 7.511805 -0.582027 19.684631 0.213415 0.930209 -0.298606 0.359210 0.882609 3 15 0.926697 14 0.070665 7 0.002639
  15 7.836594 -1.960964 18.383482 0.214707 -0.000658 -0.976678 0.398400 0.877927 3 15 0.958629 14 0.039451 16 0.001921
headcrabsheet
  15 10.284662 -0.556324 20.137026 -0.136997 0.982139 0.128978 0.336177 0.828680 3 15 0.971460 16 0.019100 14 0.009440
  15 7.836594 -1.960964 18.383482 0.214707 -0.000658 -0.976678 0.398400 0.877927 3 15 0.958629 14 0.039451 16 0.001921
  15 7.511805 -0.582027 19.684631 0.213415 0.930209 -0.298606 0.359210 0.882609 3 15 0.926697 14 0.070665 7 0.002639
headcrabsheet
  15 10.284662 -0.556324 20.137026 -0.136997 0.982139 0.128978 0.336177 0.828680 3 15 0.971460 16 0.019100 14 0.009440
  15 7.511805 -0.582027 19.684631 0.213415 0.930209 -0.298606 0.359210 0.882609 3 15 0.926697 14 0.070665 7 0.002639
  15 6.886805 -0.765215 20.730959 0.209931 0.819914 0.532606 0.333068 0.886612 3 15 0.901561 14 0.094301 7 0.004138
headcrabsheet
  15 12.300293 -1.146055 18.405849 -0.068200 0.454097 -0.888338 0.370441 0.779568 3 15 0.872895 16 0.126981 14 0.000124
  15 12.166498 -0.212583 19.033426 -0.124813 0.820485 -0.557876 0.353426 0.784158 3 15 0.908468 16 0.091020 14 0.000512
  15 13.124578 -0.281892 19.102184 0.390664 0.803477 -0.449229 0.345071 0.765500 2 15 0.722543 16 0.277457
headcrabsheet
  15 12.166498 -0.212583 19.033426 -0.124813 0.820485 -0.557876 0.353426 0.784158 3 15 0.908468 16 0.091020 14 0.000512
  15 12.300293 -1.146055 18.405849 -0.068200 0.454097 -0.888338 0.370441 0.779568 3 15 0.872895 16 0.126981 14 0.000124
  15 10.069431 -2.126318 18.628990 -0.034187 -0.284476 -0.958073 0.396586 0.828233 3 15 0.963128 16 0.032186 14 0.004686
headcrabsheet
  15 12.166498 -0.212583 19.033426 -0.124813 0.820485 -0.557876 0.353426 0.784158 3 15 0.908468 16 0.091020 14 0.000512
  15 10.069431 -2.126318 18.628990 -0.034187 -0.284476 -0.958073 0.396586 0.828233 3 15 0.963128 16 0.032186 14 0.004686
  15 10.284662 -0.556324 20.137026 -0.136997 0.982139 0.128978 0.336177 0.828680 3 15 0.971460 16 0.019100 14 0.009440
headcrabsheet
  15 10.284662 -0.556324 20.137026 -0.136997 0.982139 0.128978 0.336177 0.828680 3 15 0.971460 16 0.019100 14 0.009440
  15 10.069431 -2.126318 18.628990 -0.034187 -0.284476 -0.958073 0.396586 0.828233 3 15 0.963128 16 0.032186 14 0.004686
  15 7.836594 -1.960964 18.383482 0.214707 -0.000658 -0.976678 0.398400 0.877927 3 15 0.958629 14 0.039451 16 0.001921
headcrabsheet
  15 10.069431 -2.126318 18.628990 -0.034187 -0.284476 -0.958073 0.396586 0.828233 3 15 0.963128 16 0.032186 14 0.004686
  15 7.633986 -2.389421 18.777111 0.181014 -0.806093 -0.563425 0.412605 0.881422 3 15 0.909620 14 0.088494 16 0.001887
  15 7.836594 -1.960964 18.383482 0.214707 -0.000658 -0.976678 0.398400 0.877927 3 15 0.958629 14 0.039451 16 0.001921
headcrabsheet
  0 -3.154273 -3.234482 11.391699 0.980433 0.178910 -0.082113 0.573163 0.642074 3 0 0.825913 4 0.091072 5 0.083016
  0 -3.284355 -2.922860 10.924275 0.812868 -0.544099 -0.207850 0.584717 0.638583 3 0 0.905491 4 0.049991 5 0.044518
  0 -3.833960 -2.595512 11.893628 0.643843 -0.745926 0.170475 0.568617 0.620374 3 0 0.812534 5 0.094092 4 0.093375
headcrabsheet
  7 0.541441 -3.177718 22.624077 0.710769 -0.271093 -0.649088 0.395233 0.442342 1 7 1.000000
  7 0.459795 -3.159227 22.622498 -0.736288 -0.169010 -0.655221 0.395492 0.442121 1 7 1.000000
  7 0.570232 -2.764523 22.288431 0.695908 -0.496991 -0.518375 0.393089 0.432647 1 7 1.000000
headcrabsheet
  7 0.428482 -3.669215 22.574183 -0.168988 -0.861156 -0.479431 0.385955 0.446813 1 7 1.000000
  7 0.459795 -3.159227 22.622498 -0.736288 -0.169010 -0.655221 0.395492 0.442121 1 7 1.000000
  7 0.541441 -3.177718 22.624077 0.710769 -0.271093 -0.649088 0.395233 0.442342 1 7 1.000000
headcrabsheet
  7 0.416029 -2.836029 22.888277 -0.985531 -0.011480 0.169108 0.407724 0.442844 1 7 1.000000
  7 0.459795 -3.159227 22.622498 -0.736288 -0.169010 -0.655221 0.395492 0.442121 1 7 1.000000
  7 0.428482 -3.669215 22.574183 -0.168988 -0.861156 -0.479431 0.385955 0.446813 1 7 1.000000
headcrabsheet
  7 0.428482 -3.669215 22.574183 -0.168988 -0.861156 -0.479431 0.385955 0.446813 1 7 1.000000
  7 0.530794 -2.792465 23.249567 -0.472830 0.127581 0.871868 0.417948 0.448062 1 7 1.000000
  7 0.416029 -2.836029 22.888277 -0.985531 -0.011480 0.169108 0.407724 0.442844 1 7 1.000000
headcrabsheet
  7 0.699360 -2.776192 23.226616 0.717150 0.099323 0.689804 0.417613 0.447530 1 7 1.000000
  7 0.743027 -2.157559 22.410753 0.913557 -0.346130 -0.213559 0.406164 0.428097 1 7 1.000000
  7 0.753576 -2.206503 22.796400 0.902859 0.215584 0.371980 0.415504 0.434669 1 7 1.000000
headcrabsheet
  7 0.753576 -2.206503 22.796400 0.902859 0.215584 0.371980 0.415504 0.434669 1 7 1.000000
  7 0.530794 -2.792465 23.249567 -0.472830 0.127581 0.871868 0.417948 0.448062 1 7 1.000000
  7 0.699360 -2.776192 23.226616 0.717150 0.099323 0.689804 0.417613 0.447530 1 7 1.000000
headcrabsheet
  7 0.525988 -3.335745 23.096346 -0.418519 -0.547225 0.724836 0.405116 0.451463 1 7 1.000000
  7 0.699360 -2.776192 23.226616 0.717150 0.099323 0.689804 0.417613 0.447530 1 7 1.000000
  7 0.530794 -2.792465 23.249567 -0.472830 0.127581 0.871868 0.417948 0.448062 1 7 1.000000
headcrabsheet
  7 0.530794 -2.792465 23.249567 -0.472830 0.127581 0.871868 0.417948 0.448062 1 7 1.000000
  7 0.428482 -3.669215 22.574183 -0.168988 -0.861156 -0.479431 0.385955 0.446813 1 7 1.000000
  7 0.525988 -3.335745 23.096346 -0.418519 -0.547225 0.724836 0.405116 0.451463 1 7 1.000000
headcrabsheet
  7 0.428482 -3.669215 22.574183 -0.168988 -0.861156 -0.479431 0.385955 0.446813 1 7 1.000000
  7 0.618683 -3.307936 23.080872 0.771375 -0.454115 0.445825 0.405160 0.450922 1 7 1.000000
  7 0.525988 -3.335745 23.096346 -0.418519 -0.547225 0.724836 0.405116 0.451463 1 7 1.000000
headcrabsheet
  7 0.428482 -3.669215 22.574183 -0.168988 -0.861156 -0.479431 0.385955 0.446813 1 7 1.000000
  7 0.541441 -3.177718 22.624077 0.710769 -0.271093 -0.649088 0.395233 0.442342 1 7 1.000000
  7 0.618683 -3.307936 23.080872 0.771375 -0.454115 0.445825 0.405160 0.450922 1 7 1.000000
headcrabsheet
  7 0.699360 -2.776192 23.226616 0.717150 0.099323 0.689804 0.417613 0.447530 1 7 1.000000
  7 0.618683 -3.307936 23.080872 0.771375 -0.454115 0.445825 0.405160 0.450922 1 7 1.000000
  7 0.541441 -3.177718 22.624077 0.710769 -0.271093 -0.649088 0.395233 0.442342 1 7 1.000000
headcrabsheet
  7 0.541441 -3.177718 22.624077 0.710769 -0.271093 -0.649088 0.395233 0.442342 1 7 1.000000
  7 0.570232 -2.764523 22.288431 0.695908 -0.496991 -0.518375 0.393089 0.432647 1 7 1.000000
  7 0.699360 -2.776192 23.226616 0.717150 0.099323 0.689804 0.417613 0.447530 1 7 1.000000
headcrabsheet
  7 0.602839 -1.914178 21.517315 0.506604 -0.600030 -0.619125 0.386578 0.411453 1 7 1.000000
  7 0.699360 -2.776192 23.226616 0.717150 0.099323 0.689804 0.417613 0.447530 1 7 1.000000
  7 0.570232 -2.764523 22.288431 0.695908 -0.496991 -0.518375 0.393089 0.432647 1 7 1.000000
headcrabsheet
  7 0.570232 -2.764523 22.288431 0.695908 -0.496991 -0.518375 0.393089 0.432647 1 7 1.000000
  7 0.419548 -1.994181 21.546558 -0.094724 -0.677465 -0.729430 0.386039 0.412760 1 7 1.000000
  7 0.602839 -1.914178 21.517315 0.506604 -0.600030 -0.619125 0.386578 0.411453 1 7 1.000000
headcrabsheet
  7 0.419548 -1.994181 21.546558 -0.094724 -0.677465 -0.729430 0.386039 0.412760 1 7 1.000000
  7 0.570232 -2.764523 22.288431 0.695908 -0.496991 -0.518375 0.393089 0.432647 1 7 1.000000
  7 0.459795 -3.159227 22.622498 -0.736288 -0.169010 -0.655221 0.395492 0.442121 1 7 1.000000
headcrabsheet
  7 0.459795 -3.159227 22.622498 -0.736288 -0.169010 -0.655221 0.395492 0.442121 1 7 1.000000
  7 0.388645 -2.267288 22.437571 -0.999378 -0.026342 0.023421 0.405063 0.429674 1 7 1.000000
  7 0.419548 -1.994181 21.546558 -0.094724 -0.677465 -0.729430 0.386039 0.412760 1 7 1.000000
headcrabsheet
  7 0.388645 -2.267288 22.437571 -0.999378 -0.026342 0.023421 0.405063 0.429674 1 7 1.000000
  7 0.459795 -3.159227 22.622498 -0.736288 -0.169010 -0.655221 0.395492 0.442121 1 7 1.000000
  7 0.416029 -2.836029 22.888277 -0.985531 -0.011480 0.169108 0.407724 0.442844 1 7 1.000000
headcrabsheet
  7 0.486847 -2.264117 22.804930 -0.703769 0.428734 0.566476 0.414788 0.435417 1 7 1.000000
  7 0.388645 -2.267288 22.437571 -0.999378 -0.026342 0.023421 0.405063 0.429674 1 7 1.000000
  7 0.416029 -2.836029 22.888277 -0.985531 -0.011480 0.169108 0.407724 0.442844 1 7 1.000000
headcrabsheet
  7 0.486847 -2.264117 22.804930 -0.703769 0.428734 0.566476 0.414788 0.435417 1 7 1.000000
  7 0.416029 -2.836029 22.888277 -0.985531 -0.011480 0.169108 0.407724 0.442844 1 7 1.000000
  7 0.530794 -2.792465 23.249567 -0.472830 0.127581 0.871868 0.417948 0.448062 1 7 1.000000
headcrabsheet
  7 0.753576 -2.206503 22.796400 0.902859 0.215584 0.371980 0.415504 0.434669 1 7 1.000000
  7 0.486847 -2.264117 22.804930 -0.703769 0.428734 0.566476 0.414788 0.435417 1 7 1.000000
  7 0.530794 -2.792465 23.249567 -0.472830 0.127581 0.871868 0.417948 0.448062 1 7 1.000000
headcrabsheet
  7 0.525988 -3.335745 23.096346 -0.418519 -0.547225 0.724836 0.405116 0.451463 1 7 1.000000
  7 0.618683 -3.307936 23.080872 0.771375 -0.454115 0.445825 0.405160 0.450922 1 7 1.000000
  7 0.699360 -2.776192 23.226616 0.717150 0.099323 0.689804 0.417613 0.447530 1 7 1.000000
headcrabsheet
  7 0.699360 -2.776192 23.226616 0.717150 0.099323 0.689804 0.417613 0.447530 1 7 1.000000
  7 0.602839 -1.914178 21.517315 0.506604 -0.600030 -0.619125 0.386578 0.411453 1 7 1.000000
  7 0.743027 -2.157559 22.410753 0.913557 -0.346130 -0.213559 0.406164 0.428097 1 7 1.000000
headcrabsheet
  7 -2.307016 -3.662214 22.737236 0.275209 -0.414499 0.867439 0.723852 0.827945 1 7 1.000000
  7 -2.544264 -2.661369 23.155386 0.379303 -0.164868 0.910466 0.735934 0.842647 1 7 1.000000
  7 -3.080765 -2.704972 22.879730 -0.718701 -0.418408 0.555340 0.736957 0.840608 2 7 0.860810 9 0.139190
headcrabsheet
  7 -1.778181 -3.946636 22.039953 0.928273 0.188507 0.320583 0.728686 0.810223 2 7 0.997885 9 0.002115
  7 -2.544264 -2.661369 23.155386 0.379303 -0.164868 0.910466 0.735934 0.842647 1 7 1.000000
  7 -2.307016 -3.662214 22.737236 0.275209 -0.414499 0.867439 0.723852 0.827945 1 7 1.000000
headcrabsheet
  7 -2.848064 -3.816853 20.621622 -0.351184 -0.846695 -0.399721 0.751301 0.784883 2 7 0.827603 9 0.172397
  9 -3.016591 -2.721548 19.001923 0.878332 -0.475526 0.049072 0.779879 0.769756 3 9 0.720472 8 0.276654 7 0.002874
  7 -2.468822 -2.157751 19.176249 0.707084 -0.598234 -0.377026 0.791359 0.780167 3 7 0.573004 9 0.357846 6 0.069150
headcrabsheet
  9 -3.016591 -2.721548 19.001923 0.878332 -0.475526 0.049072 0.779879 0.769756 3 9 0.720472 8 0.276654 7 0.002874
  7 -2.848064 -3.816853 20.621622 -0.351184 -0.846695 -0.399721 0.751301 0.784883 2 7 0.827603 9 0.172397
  7 -3.080765 -2.704972 22.879730 -0.718701 -0.418408 0.555340 0.736957 0.840608 2 7 0.860810 9 0.139190
headcrabsheet
  7 -3.080765 -2.704972 22.879730 -0.718701 -0.418408 0.555340 0.736957 0.840608 2 7 0.860810 9 0.139190
  9 -3.808396 -2.092354 20.637936 -0.527443 -0.701264 0.479617 0.769341 0.813132 2 9 0.976224 7 0.023776
  9 -3.016591 -2.721548 19.001923 0.878332 -0.475526 0.049072 0.779879 0.769756 3 9 0.720472 8 0.276654 7 0.002874
headcrabsheet
  9 -4.491580 -0.858150 21.016510 -0.411145 -0.253874 0.875504 0.789281 0.841754 3 9 0.706813 7 0.186214 8 0.106973
  9 -3.808396 -2.092354 20.637936 -0.527443 -0.701264 0.479617 0.769341 0.813132 2 9 0.976224 7 0.023776
  7 -3.080765 -2.704972 22.879730 -0.718701 -0.418408 0.555340 0.736957 0.840608 2 7 0.860810 9 0.139190
headcrabsheet
  9 -4.491580 -0.858150 21.016510 -0.411145 -0.253874 0.875504 0.789281 0.841754 3 9 0.706813 7 0.186214 8 0.106973
  7 -3.080765 -2.704972 22.879730 -0.718701 -0.418408 0.555340 0.736957 0.840608 2 7 0.860810 9 0.139190
  7 -3.562621 -0.133246 23.547890 -0.651562 0.211070 0.728640 0.773461 0.884883 2 7 0.930928 9 0.069072
headcrabsheet
  7 -3.080765 -2.704972 22.879730 -0.718701 -0.418408 0.555340 0.736957 0.840608 2 7 0.860810 9 0.139190
  7 -2.958735 0.019666 23.840233 0.221438 0.361768 0.905588 0.769459 0.888679 1 7 1.000000
  7 -3.562621 -0.133246 23.547890 -0.651562 0.211070 0.728640 0.773461 0.884883 2 7 0.930928 9 0.069072
headcrabsheet
  7 -3.080765 -2.704972 22.879730 -0.718701 -0.418408 0.555340 0.736957 0.840608 2 7 0.860810 9 0.139190
  7 -2.544264 -2.661369 23.155386 0.379303 -0.164868 0.910466 0.735934 0.842647 1 7 1.000000
  7 -2.958735 0.019666 23.840233 0.221438 0.361768 0.905588 0.769459 0.888679 1 7 1.000000
headcrabsheet
  7 -2.958735 0.019666 23.840233 0.221438 0.361768 0.905588 0.769459 0.888679 1 7 1.000000
  7 -2.544264 -2.661369 23.155386 0.379303 -0.164868 0.910466 0.735934 0.842647 1 7 1.000000
  7 -2.373756 -1.487065 21.828541 0.932710 0.191166 0.305791 0.769861 0.848086 1 7 1.000000
headcrabsheet
  7 -2.373756 -1.487065 21.828541 0.932710 0.191166 0.305791 0.769861 0.848086 1 7 1.000000
  7 -2.544264 -2.661369 23.155386 0.379303 -0.164868 0.910466 0.735934 0.842647 1 7 1.000000
  7 -1.778181 -3.946636 22.039953 0.928273 0.188507 0.320583 0.728686 0.810223 2 7 0.997885 9 0.002115
headcrabsheet
  7 -2.373756 -1.487065 21.828541 0.932710 0.191166 0.305791 0.769861 0.848086 1 7 1.000000
  7 -1.778181 -3.946636 22.039953 0.928273 0.188507 0.320583 0.728686 0.810223 2 7 0.997885 9 0.002115
  7 -1.960978 -1.697272 20.993874 0.874204 0.104622 0.474154 0.776913 0.829999 2 7 0.996620 9 0.003380
headcrabsheet
  7 -1.960978 -1.697272 20.993874 0.874204 0.104622 0.474154 0.776913 0.829999 2 7 0.996620 9 0.003380
  7 -1.778181 -3.946636 22.039953 0.928273 0.188507 0.320583 0.728686 0.810223 2 7 0.997885 9 0.002115
  7 -1.865471 -3.473359 20.746460 0.791154 -0.273159 -0.547228 0.745501 0.791214 2 7 0.917709 9 0.082291
headcrabsheet
  7 -1.865471 -3.473359 20.746460 0.791154 -0.273159 -0.547228 0.745501 0.791214 2 7 0.917709 9 0.082291
  7 -1.453709 -1.909176 20.558453 0.930104 -0.309378 0.197970 0.784740 0.802164 2 7 0.920468 9 0.079532
  7 -1.960978 -1.697272 20.993874 0.874204 0.104622 0.474154 0.776913 0.829999 2 7 0.996620 9 0.003380
headcrabsheet
  7 -1.453709 -1.909176 20.558453 0.930104 -0.309378 0.197970 0.784740 0.802164 2 7 0.920468 9 0.079532
  7 -1.865471 -3.473359 20.746460 0.791154 -0.273159 -0.547228 0.745501 0.791214 2 7 0.917709 9 0.082291
  7 -2.303716 -3.097946 20.336742 0.534406 -0.530002 -0.658413 0.757854 0.779534 2 7 0.868157 9 0.131843
headcrabsheet
  7 -2.303716 -3.097946 20.336742 0.534406 -0.530002 -0.658413 0.757854 0.779534 2 7 0.868157 9 0.131843
  7 -2.468822 -2.157751 19.176249 0.707084 -0.598234 -0.377026 0.791359 0.780167 3 7 0.573004 9 0.357846 6 0.069150
  7 -1.453709 -1.909176 20.558453 0.930104 -0.309378 0.197970 0.784740 0.802164 2 7 0.920468 9 0.079532
headcrabsheet
  7 -2.468822 -2.157751 19.176249 0.707084 -0.598234 -0.377026 0.791359 0.780167 3 7 0.573004 9 0.357846 6 0.069150
  7 -2.303716 -3.097946 20.336742 0.534406 -0.530002 -0.658413 0.757854 0.779534 2 7 0.868157 9 0.131843
  7 -2.848064 -3.816853 20.621622 -0.351184 -0.846695 -0.399721 0.751301 0.784883 2 7 0.827603 9 0.172397
headcrabsheet
  7 -2.303716 -3.097946 20.336742 0.534406 -0.530002 -0.658413 0.757854 0.779534 2 7 0.868157 9 0.131843
  7 -2.580699 -4.087294 21.441010 -0.651469 -0.728135 -0.213090 0.733491 0.795272 2 7 0.891499 9 0.108501
  7 -2.848064 -3.816853 20.621622 -0.351184 -0.846695 -0.399721 0.751301 0.784883 2 7 0.827603 9 0.172397
headcrabsheet
  7 -2.848064 -3.816853 20.621622 -0.351184 -0.846695 -0.399721 0.751301 0.784883 2 7 0.827603 9 0.172397
  7 -2.580699 -4.087294 21.441010 -0.651469 -0.728135 -0.213090 0.733491 0.795272 2 7 0.891499 9 0.108501
  7 -3.080765 -2.704972 22.879730 -0.718701 -0.418408 0.555340 0.736957 0.840608 2 7 0.860810 9 0.139190
headcrabsheet
  7 -2.721466 -3.684798 22.605383 -0.658509 -0.538553 0.525667 0.724020 0.824611 1 7 1.000000
  7 -3.080765 -2.704972 22.879730 -0.718701 -0.418408 0.555340 0.736957 0.840608 2 7 0.860810 9 0.139190
  7 -2.580699 -4.087294 21.441010 -0.651469 -0.728135 -0.213090 0.733491 0.795272 2 7 0.891499 9 0.108501
headcrabsheet
  7 -1.777895 -4.330517 22.153507 0.754286 0.001380 0.656545 0.719776 0.805758 1 7 1.000000
  7 -2.721466 -3.684798 22.605383 -0.658509 -0.538553 0.525667 0.724020 0.824611 1 7 1.000000
  7 -2.075634 -4.421159 22.395504 -0.049249 -0.523865 0.850376 0.714838 0.808477 1 7 1.000000
headcrabsheet
  7 -2.075634 -4.421159 22.395504 -0.049249 -0.523865 0.850376 0.714838 0.808477 1 7 1.000000
  7 -2.721466 -3.684798 22.605383 -0.658509 -0.538553 0.525667 0.724020 0.824611 1 7 1.000000
  7 -2.580699 -4.087294 21.441010 -0.651469 -0.728135 -0.213090 0.733491 0.795272 2 7 0.891499 9 0.108501
headcrabsheet
  7 -2.307016 -3.662214 22.737236 0.275209 -0.414499 0.867439 0.723852 0.827945 1 7 1.000000
  7 -3.080765 -2.704972 22.879730 -0.718701 -0.418408 0.555340 0.736957 0.840608 2 7 0.860810 9 0.139190
  7 -2.721466 -3.684798 22.605383 -0.658509 -0.538553 0.525667 0.724020 0.824611 1 7 1.000000
headcrabsheet
  7 -2.721466 -3.684798 22.605383 -0.658509 -0.538553 0.525667 0.724020 0.824611 1 7 1.000000
  7 -1.777895 -4.330517 22.153507 0.754286 0.001380 0.656545 0.719776 0.805758 1 7 1.000000
  7 -2.307016 -3.662214 22.737236 0.275209 -0.414499 0.867439 0.723852 0.827945 1 7 1.000000
headcrabsheet
  7 -1.778181 -3.946636 22.039953 0.928273 0.188507 0.320583 0.728686 0.810223 2 7 0.997885 9 0.002115
  7 -2.307016 -3.662214 22.737236 0.275209 -0.414499 0.867439 0.723852 0.827945 1 7 1.000000
  7 -1.777895 -4.330517 22.153507 0.754286 0.001380 0.656545 0.719776 0.805758 1 7 1.000000
headcrabsheet
  7 -1.778181 -3.946636 22.039953 0.928273 0.188507 0.320583 0.728686 0.810223 2 7 0.997885 9 0.002115
  7 -1.777895 -4.330517 22.153507 0.754286 0.001380 0.656545 0.719776 0.805758 1 7 1.000000
  7 -1.601288 -4.556610 21.886967 0.840677 0.361973 0.402786 0.717871 0.796942 2 7 0.999281 9 0.000719
headcrabsheet
  7 -1.778181 -3.946636 22.039953 0.928273 0.188507 0.320583 0.728686 0.810223 2 7 0.997885 9 0.002115
  7 -1.601288 -4.556610 21.886967 0.840677 0.361973 0.402786 0.717871 0.796942 2 7 0.999281 9 0.000719
  7 -1.574245 -4.498471 21.559248 0.886909 -0.000373 -0.461944 0.723236 0.791336 2 7 0.997182 9 0.002818
headcrabsheet
  7 -1.574245 -4.498471 21.559248 0.886909 -0.000373 -0.461944 0.723236 0.791336 2 7 0.997182 9 0.002818
  7 -1.865471 -3.473359 20.746460 0.791154 -0.273159 -0.547228 0.745501 0.791214 2 7 0.917709 9 0.082291
  7 -1.778181 -3.946636 22.039953 0.928273 0.188507 0.320583 0.728686 0.810223 2 7 0.997885 9 0.002115
headcrabsheet
  7 -1.865471 -3.473359 20.746460 0.791154 -0.273159 -0.547228 0.745501 0.791214 2 7 0.917709 9 0.082291
  7 -1.574245 -4.498471 21.559248 0.886909 -0.000373 -0.461944 0.723236 0.791336 2 7 0.997182 9 0.002818
  7 -1.787586 -4.539003 21.462683 -0.070150 -0.697687 -0.712960 0.724167 0.788518 2 7 0.941494 9 0.058506
headcrabsheet
  7 -1.787586 -4.539003 21.462683 -0.070150 -0.697687 -0.712960 0.724167 0.788518 2 7 0.941494 9 0.058506
  7 -2.303716 -3.097946 20.336742 0.534406 -0.530002 -0.658413 0.757854 0.779534 2 7 0.868157 9 0.131843
  7 -1.865471 -3.473359 20.746460 0.791154 -0.273159 -0.547228 0.745501 0.791214 2 7 0.917709 9 0.082291
headcrabsheet
  7 -2.303716 -3.097946 20.336742 0.534406 -0.530002 -0.658413 0.757854 0.779534 2 7 0.868157 9 0.131843
  7 -1.787586 -4.539003 21.462683 -0.070150 -0.697687 -0.712960 0.724167 0.788518 2 7 0.941494 9 0.058506
  7 -2.580699 -4.087294 21.441010 -0.651469 -0.728135 -0.213090 0.733491 0.795272 2 7 0.891499 9 0.108501
headcrabsheet
  7 -1.923166 -4.636686 21.876310 -0.642187 -0.765567 -0.038763 0.717355 0.794851 1 7 1.000000
  7 -2.580699 -4.087294 21.441010 -0.651469 -0.728135 -0.213090 0.733491 0.795272 2 7 0.891499 9 0.108501
  7 -1.787586 -4.539003 21.462683 -0.070150 -0.697687 -0.712960 0.724167 0.788518 2 7 0.941494 9 0.058506
headcrabsheet
  7 -2.075634 -4.421159 22.395504 -0.049249 -0.523865 0.850376 0.714838 0.808477 1 7 1.000000
  7 -2.580699 -4.087294 21.441010 -0.651469 -0.728135 -0.213090 0.733491 0.795272 2 7 0.891499 9 0.108501
  7 -1.923166 -4.636686 21.876310 -0.642187 -0.765567 -0.038763 0.717355 0.794851 1 7 1.000000
headcrabsheet
  7 -1.807112 -4.616011 22.109049 0.091930 -0.527039 0.844854 0.714313 0.800118 1 7 1.000000
  7 -2.075634 -4.421159 22.395504 -0.049249 -0.523865 0.850376 0.714838 0.808477 1 7 1.000000
  7 -1.923166 -4.636686 21.876310 -0.642187 -0.765567 -0.038763 0.717355 0.794851 1 7 1.000000
headcrabsheet
  7 -2.075634 -4.421159 22.395504 -0.049249 -0.523865 0.850376 0.714838 0.808477 1 7 1.000000
  7 -1.807112 -4.616011 22.109049 0.091930 -0.527039 0.844854 0.714313 0.800118 1 7 1.000000
  7 -1.777895 -4.330517 22.153507 0.754286 0.001380 0.656545 0.719776 0.805758 1 7 1.000000
headcrabsheet
  7 -1.601288 -4.556610 21.886967 0.840677 0.361973 0.402786 0.717871 0.796942 2 7 0.999281 9 0.000719
  7 -1.777895 -4.330517 22.153507 0.754286 0.001380 0.656545 0.719776 0.805758 1 7 1.000000
  7 -1.807112 -4.616011 22.109049 0.091930 -0.527039 0.844854 0.714313 0.800118 1 7 1.000000
headcrabsheet
  7 -1.230669 -5.109187 21.589779 -0.581567 -0.433672 -0.688264 0.617905 0.625320 2 7 0.999042 9 0.000958
  7 -1.624050 -4.998697 22.026756 -0.615913 -0.766118 0.183612 0.607258 0.622095 1 7 1.000000
  7 -1.504189 -4.880232 21.724562 -0.141491 -0.361918 -0.921409 0.610003 0.628389 1 7 1.000000
headcrabsheet
  7 -1.230669 -5.109187 21.589779 -0.581567 -0.433672 -0.688264 0.617905 0.625320 2 7 0.999042 9 0.000958
  7 -1.176363 -5.176795 21.827692 0.546664 -0.697222 0.463724 0.614888 0.620475 2 7 0.999042 9 0.000958
  7 -1.624050 -4.998697 22.026756 -0.615913 -0.766118 0.183612 0.607258 0.622095 1 7 1.000000
headcrabsheet
  7 -1.176363 -5.176795 21.827692 0.546664 -0.697222 0.463724 0.614888 0.620475 2 7 0.999042 9 0.000958
  7 -1.541908 -4.951726 22.155128 0.130727 -0.231879 0.963920 0.603587 0.620848 1 7 1.000000
  7 -1.624050 -4.998697 22.026756 -0.615913 -0.766118 0.183612 0.607258 0.622095 1 7 1.000000
headcrabsheet
  7 -1.176363 -5.176795 21.827692 0.546664 -0.697222 0.463724 0.614888 0.620475 2 7 0.999042 9 0.000958
  7 -1.601288 -4.556610 21.886967 0.840677 0.361973 0.402786 0.599170 0.632614 2 7 0.999281 9 0.000719
  7 -1.541908 -4.951726 22.155128 0.130727 -0.231879 0.963920 0.603587 0.620848 1 7 1.000000
headcrabsheet
  7 -1.807112 -4.616011 22.109049 0.091930 -0.527039 0.844854 0.596704 0.628622 1 7 1.000000
  7 -1.541908 -4.951726 22.155128 0.130727 -0.231879 0.963920 0.603587 0.620848 1 7 1.000000
  7 -1.601288 -4.556610 21.886967 0.840677 0.361973 0.402786 0.599170 0.632614 2 7 0.999281 9 0.000719
headcrabsheet
  7 -1.923166 -4.636686 21.876310 -0.642187 -0.765567 -0.038763 0.601639 0.632187 1 7 1.000000
  7 -1.541908 -4.951726 22.155128 0.130727 -0.231879 0.963920 0.603587 0.620848 1 7 1.000000
  7 -1.807112 -4.616011 22.109049 0.091930 -0.527039 0.844854 0.596704 0.628622 1 7 1.000000
headcrabsheet
  7 -1.923166 -4.636686 21.876310 -0.642187 -0.765567 -0.038763 0.601639 0.632187 1 7 1.000000
  7 -1.624050 -4.998697 22.026756 -0.615913 -0.766118 0.183612 0.607258 0.622095 1 7 1.000000
  7 -1.541908 -4.951726 22.155128 0.130727 -0.231879 0.963920 0.603587 0.620848 1 7 1.000000
headcrabsheet
  7 -1.787586 -4.539003 21.462683 -0.070150 -0.697687 -0.712960 0.606637 0.639845 2 7 0.941494 9 0.058506
  7 -1.624050 -4.998697 22.026756 -0.615913 -0.766118 0.183612 0.607258 0.622095 1 7 1.000000
  7 -1.923166 -4.636686 21.876310 -0.642187 -0.765567 -0.038763 0.601639 0.632187 1 7 1.000000
headcrabsheet
  7 -1.787586 -4.539003 21.462683 -0.070150 -0.697687 -0.712960 0.606637 0.639845 2 7 0.941494 9 0.058506
  7 -1.504189 -4.880232 21.724562 -0.141491 -0.361918 -0.921409 0.610003 0.628389 1 7 1.000000
  7 -1.624050 -4.998697 22.026756 -0.615913 -0.766118 0.183612 0.607258 0.622095 1 7 1.000000
headcrabsheet
  7 -1.574245 -4.498471 21.559248 0.886909 -0.000373 -0.461944 0.603791 0.638683 2 7 0.997182 9 0.002818
  7 -1.504189 -4.880232 21.724562 -0.141491 -0.361918 -0.921409 0.610003 0.628389 1 7 1.000000
  7 -1.787586 -4.539003 21.462683 -0.070150 -0.697687 -0.712960 0.606637 0.639845 2 7 0.941494 9 0.058506
headcrabsheet
  7 -1.574245 -4.498471 21.559248 0.886909 -0.000373 -0.461944 0.603791 0.638683 2 7 0.997182 9 0.002818
  7 -1.412302 -4.779730 21.831146 -0.074049 -0.121231 -0.989858 0.605504 0.628126 2 7 0.998851 9 0.001149
  7 -1.504189 -4.880232 21.724562 -0.141491 -0.361918 -0.921409 0.610003 0.628389 1 7 1.000000
headcrabsheet
  7 -1.412302 -4.779730 21.831146 -0.074049 -0.121231 -0.989858 0.605504 0.628126 2 7 0.998851 9 0.001149
  7 -1.574245 -4.498471 21.559248 0.886909 -0.000373 -0.461944 0.603791 0.638683 2 7 0.997182 9 0.002818
  7 -1.601288 -4.556610 21.886967 0.840677 0.361973 0.402786 0.599170 0.632614 2 7 0.999281 9 0.000719
headcrabsheet
  7 -1.158958 -5.005660 21.647640 0.530468 0.840857 -0.107536 0.614268 0.625902 2 7 0.994214 9 0.005786
  7 -1.412302 -4.779730 21.831146 -0.074049 -0.121231 -0.989858 0.605504 0.628126 2 7 0.998851 9 0.001149
  7 -1.601288 -4.556610 21.886967 0.840677 0.361973 0.402786 0.599170 0.632614 2 7 0.999281 9 0.000719
headcrabsheet
  7 -1.176363 -5.176795 21.827692 0.546664 -0.697222 0.463724 0.614888 0.620475 2 7 0.999042 9 0.000958
  7 -1.158958 -5.005660 21.647640 0.530468 0.840857 -0.107536 0.614268 0.625902 2 7 0.994214 9 0.005786
  7 -1.601288 -4.556610 21.886967 0.840677 0.361973 0.402786 0.599170 0.632614 2 7 0.999281 9 0.000719
headcrabsheet
  7 -0.960152 -5.056205 21.203739 0.439057 0.063522 -0.896211 0.624004 0.631035 2 7 0.998086 9 0.001914
  7 -1.158958 -5.005660 21.647640 0.530468 0.840857 -0.107536 0.614268 0.625902 2 7 0.994214 9 0.005786
  7 -1.176363 -5.176795 21.827692 0.546664 -0.697222 0.463724 0.614888 0.620475 2 7 0.999042 9 0.000958
headcrabsheet
  7 -0.960152 -5.056205 21.203739 0.439057 0.063522 -0.896211 0.624004 0.631035 2 7 0.998086 9 0.001914
  7 -1.176363 -5.176795 21.827692 0.546664 -0.697222 0.463724 0.614888 0.620475 2 7 0.999042 9 0.000958
  7 -1.230669 -5.109187 21.589779 -0.581567 -0.433672 -0.688264 0.617905 0.625320 2 7 0.999042 9 0.000958
headcrabsheet
  7 -0.960152 -5.056205 21.203739 0.439057 0.063522 -0.896211 0.624004 0.631035 2 7 0.998086 9 0.001914
  7 -1.230669 -5.109187 21.589779 -0.581567 -0.433672 -0.688264 0.617905 0.625320 2 7 0.999042 9 0.000958
  7 -1.158958 -5.005660 21.647640 0.530468 0.840857 -0.107536 0.614268 0.625902 2 7 0.994214 9 0.005786
headcrabsheet
  7 -1.412302 -4.779730 21.831146 -0.074049 -0.121231 -0.989858 0.605504 0.628126 2 7 0.998851 9 0.001149
  7 -1.158958 -5.005660 21.647640 0.530468 0.840857 -0.107536 0.614268 0.625902 2 7 0.994214 9 0.005786
  7 -1.230669 -5.109187 21.589779 -0.581567 -0.433672 -0.688264 0.617905 0.625320 2 7 0.999042 9 0.000958
headcrabsheet
  7 -1.412302 -4.779730 21.831146 -0.074049 -0.121231 -0.989858 0.605504 0.628126 2 7 0.998851 9 0.001149
  7 -1.230669 -5.109187 21.589779 -0.581567 -0.433672 -0.688264 0.617905 0.625320 2 7 0.999042 9 0.000958
  7 -1.504189 -4.880232 21.724562 -0.141491 -0.361918 -0.921409 0.610003 0.628389 1 7 1.000000
headcrabsheet
  17 22.369919 -2.628118 19.636829 0.794974 -0.579756 0.178601 0.127198 0.424432 2 17 0.998292 16 0.001708
  17 22.262613 -2.187365 19.197111 0.869305 0.488639 -0.074438 0.140361 0.430114 1 17 1.000000
  17 22.182781 -2.198115 19.931911 0.629254 0.464081 0.623433 0.125868 0.435733 2 17 0.998836 16 0.001164
headcrabsheet
  17 22.369919 -2.628118 19.636829 0.794974 -0.579756 0.178601 0.127198 0.424432 2 17 0.998292 16 0.001708
  17 22.256601 -2.364556 19.101139 0.882390 -0.158353 -0.443071 0.141183 0.425781 1 17 1.000000
  17 22.262613 -2.187365 19.197111 0.869305 0.488639 -0.074438 0.140361 0.430114 1 17 1.000000
headcrabsheet
  17 22.256601 -2.364556 19.101139 0.882390 -0.158353 -0.443071 0.141183 0.425781 1 17 1.000000
  17 22.158518 -2.091750 18.977182 0.681826 0.576284 -0.450566 0.146094 0.431235 1 17 1.000000
  17 22.262613 -2.187365 19.197111 0.869305 0.488639 -0.074438 0.140361 0.430114 1 17 1.000000
headcrabsheet
  17 21.807159 -1.870533 19.235390 0.331069 0.927513 -0.173527 0.143852 0.442407 2 17 0.983347 16 0.016653
  17 22.262613 -2.187365 19.197111 0.869305 0.488639 -0.074438 0.140361 0.430114 1 17 1.000000
  17 22.158518 -2.091750 18.977182 0.681826 0.576284 -0.450566 0.146094 0.431235 1 17 1.000000
headcrabsheet
  17 21.540936 -1.846457 19.913048 0.411653 0.762868 0.498571 0.130320 0.449475 2 17 0.963488 16 0.036512
  17 22.262613 -2.187365 19.197111 0.869305 0.488639 -0.074438 0.140361 0.430114 1 17 1.000000
  17 21.807159 -1.870533 19.235390 0.331069 0.927513 -0.173527 0.143852 0.442407 2 17 0.983347 16 0.016653
headcrabsheet
  17 21.540936 -1.846457 19.913048 0.411653 0.762868 0.498571 0.130320 0.449475 2 17 0.963488 16 0.036512
  17 22.182781 -2.198115 19.931911 0.629254 0.464081 0.623433 0.125868 0.435733 2 17 0.998836 16 0.001164
  17 22.262613 -2.187365 19.197111 0.869305 0.488639 -0.074438 0.140361 0.430114 1 17 1.000000
headcrabsheet
  17 21.540936 -1.846457 19.913048 0.411653 0.762868 0.498571 0.130320 0.449475 2 17 0.963488 16 0.036512
  17 22.058315 -2.509441 20.001759 0.332708 -0.452805 0.827208 0.118457 0.433540 2 17 0.970158 16 0.029842
  17 22.182781 -2.198115 19.931911 0.629254 0.464081 0.623433 0.125868 0.435733 2 17 0.998836 16 0.001164
headcrabsheet
  17 22.369919 -2.628118 19.636829 0.794974 -0.579756 0.178601 0.127198 0.424432 2 17 0.998292 16 0.001708
  17 22.182781 -2.198115 19.931911 0.629254 0.464081 0.623433 0.125868 0.435733 2 17 0.998836 16 0.001164
  17 22.058315 -2.509441 20.001759 0.332708 -0.452805 0.827208 0.118457 0.433540 2 17 0.970158 16 0.029842
headcrabsheet
  17 22.369919 -2.628118 19.636829 0.794974 -0.579756 0.178601 0.112188 0.423789 2 17 0.998292 16 0.001708
  17 22.058315 -2.509441 20.001759 0.332708 -0.452805 0.827208 0.118457 0.433540 2 17 0.970158 16 0.029842
  17 21.750523 -2.616486 19.812614 -0.026674 -0.965644 0.258494 0.109013 0.437492 2 17 0.965010 16 0.034990
headcrabsheet
  17 21.971558 -2.632134 18.899265 0.389855 -0.808492 -0.440856 0.093845 0.424223 2 17 0.999605 16 0.000395
  17 21.750523 -2.616486 19.812614 -0.026674 -0.965644 0.258494 0.109013 0.437492 2 17 0.965010 16 0.034990
  17 21.244246 -2.523165 19.029915 -0.270516 -0.933533 -0.235239 0.088947 0.440733 2 17 0.985424 16 0.014576
headcrabsheet
  17 21.971558 -2.632134 18.899265 0.389855 -0.808492 -0.440856 0.093845 0.424223 2 17 0.999605 16 0.000395
  17 22.369919 -2.628118 19.636829 0.794974 -0.579756 0.178601 0.112188 0.423789 2 17 0.998292 16 0.001708
  17 21.750523 -2.616486 19.812614 -0.026674 -0.965644 0.258494 0.109013 0.437492 2 17 0.965010 16 0.034990
headcrabsheet
  17 22.369919 -2.628118 19.636829 0.794974 -0.579756 0.178601 0.112188 0.423789 2 17 0.998292 16 0.001708
  17 21.971558 -2.632134 18.899265 0.389855 -0.808492 -0.440856 0.093845 0.424223 2 17 0.999605 16 0.000395
  17 22.256601 -2.364556 19.101139 0.882390 -0.158353 -0.443071 0.100617 0.417453 1 17 1.000000
headcrabsheet
  17 19.146370 -2.254740 19.430511 -0.077097 -0.680716 -0.728479 0.071505 0.483800 2 17 0.838643 16 0.161357
  17 20.941298 -2.155382 18.888725 -0.654378 0.161155 -0.738795 0.082893 0.438675 2 17 0.985329 16 0.014671
  17 21.244246 -2.523165 19.029915 -0.270516 -0.933533 -0.235239 0.088947 0.440733 2 17 0.985424 16 0.014576
headcrabsheet
  17 21.244246 -2.523165 19.029915 -0.270516 -0.933533 -0.235239 0.088947 0.440733 2 17 0.985424 16 0.014576
  17 19.014044 -2.517176 20.138554 0.024092 -0.974434 0.223380 0.085509 0.492352 2 17 0.790998 16 0.209002
  17 19.146370 -2.254740 19.430511 -0.077097 -0.680716 -0.728479 0.071505 0.483800 2 17 0.838643 16 0.161357
headcrabsheet
  17 21.244246 -2.523165 19.029915 -0.270516 -0.933533 -0.235239 0.088947 0.440733 2 17 0.985424 16 0.014576
  17 21.750523 -2.616486 19.812614 -0.026674 -0.965644 0.258494 0.109013 0.437492 2 17 0.965010 16 0.034990
  17 19.014044 -2.517176 20.138554 0.024092 -0.974434 0.223380 0.085509 0.492352 2 17 0.790998 16 0.209002
headcrabsheet
  17 21.750523 -2.616486 19.812614 -0.026674 -0.965644 0.258494 0.109013 0.437492 2 17 0.965010 16 0.034990
  17 19.317339 -1.956164 20.732613 0.118466 -0.350629 0.928991 0.104362 0.492246 2 17 0.822752 16 0.177248
  17 19.014044 -2.517176 20.138554 0.024092 -0.974434 0.223380 0.085509 0.492352 2 17 0.790998 16 0.209002
headcrabsheet
  17 19.317339 -1.956164 20.732613 0.118466 -0.350629 0.928991 0.104362 0.492246 2 17 0.822752 16 0.177248
  17 21.750523 -2.616486 19.812614 -0.026674 -0.965644 0.258494 0.109013 0.437492 2 17 0.965010 16 0.034990
  17 22.058315 -2.509441 20.001759 0.332708 -0.452805 0.827208 0.118457 0.433540 2 17 0.970158 16 0.029842
headcrabsheet
  17 22.058315 -2.509441 20.001759 0.332708 -0.452805 0.827208 0.118457 0.433540 2 17 0.970158 16 0.029842
  17 19.495598 -1.469534 20.679651 0.243286 0.567458 0.786640 0.115610 0.492133 2 17 0.741744 16 0.258256
  17 19.317339 -1.956164 20.732613 0.118466 -0.350629 0.928991 0.104362 0.492246 2 17 0.822752 16 0.177248
headcrabsheet
  17 19.495598 -1.469534 20.679651 0.243286 0.567458 0.786640 0.115610 0.492133 2 17 0.741744 16 0.258256
  17 22.058315 -2.509441 20.001759 0.332708 -0.452805 0.827208 0.118457 0.433540 2 17 0.970158 16 0.029842
  17 21.540936 -1.846457 19.913048 0.411653 0.762868 0.498571 0.130320 0.449475 2 17 0.963488 16 0.036512
headcrabsheet
  17 19.312325 -1.037265 19.527679 0.179417 0.868690 -0.461723 0.140722 0.498359 2 17 0.752177 16 0.247823
  17 19.495598 -1.469534 20.679651 0.243286 0.567458 0.786640 0.115610 0.492133 2 17 0.741744 16 0.258256
  17 21.540936 -1.846457 19.913048 0.411653 0.762868 0.498571 0.130320 0.449475 2 17 0.963488 16 0.036512
headcrabsheet
  17 19.312325 -1.037265 19.527679 0.179417 0.868690 -0.461723 0.140722 0.498359 2 17 0.752177 16 0.247823
  17 21.540936 -1.846457 19.913048 0.411653 0.762868 0.498571 0.130320 0.449475 2 17 0.963488 16 0.036512
  17 21.807159 -1.870533 19.235390 0.331069 0.927513 -0.173527 0.143852 0.442407 2 17 0.983347 16 0.016653
headcrabsheet
  17 21.807159 -1.870533 19.235390 0.331069 0.927513 -0.173527 0.143852 0.442407 2 17 0.983347 16 0.016653
  17 19.236217 -1.838235 19.313276 -0.057682 0.061995 -0.996408 0.158210 0.497413 2 17 0.845725 16 0.154275
  17 19.312325 -1.037265 19.527679 0.179417 0.868690 -0.461723 0.140722 0.498359 2 17 0.752177 16 0.247823
headcrabsheet
  17 21.807159 -1.870533 19.235390 0.331069 0.927513 -0.173527 0.143852 0.442407 2 17 0.983347 16 0.016653
  17 21.480049 -2.038715 18.993876 -0.039013 0.909030 -0.414900 0.148734 0.452132 2 17 0.989985 16 0.010015
  17 19.236217 -1.838235 19.313276 -0.057682 0.061995 -0.996408 0.158210 0.497413 2 17 0.845725 16 0.154275
headcrabsheet
  17 19.236217 -1.838235 19.313276 -0.057682 0.061995 -0.996408 0.158210 0.497413 2 17 0.845725 16 0.154275
  17 21.480049 -2.038715 18.993876 -0.039013 0.909030 -0.414900 0.148734 0.452132 2 17 0.989985 16 0.010015
  17 20.941298 -2.155382 18.888725 -0.654378 0.161155 -0.738795 0.158589 0.452733 2 17 0.985329 16 0.014671
headcrabsheet
  17 20.941298 -2.155382 18.888725 -0.654378 0.161155 -0.738795 0.158589 0.452733 2 17 0.985329 16 0.014671
  17 19.146370 -2.254740 19.430511 -0.077097 -0.680716 -0.728479 0.167787 0.498034 2 17 0.838643 16 0.161357
  17 19.236217 -1.838235 19.313276 -0.057682 0.061995 -0.996408 0.158210 0.497413 2 17 0.845725 16 0.154275
headcrabsheet
  16 16.634363 -2.277360 19.169472 0.109408 -0.499582 -0.859329 0.172935 0.555795 2 16 0.705870 17 0.294130
  17 19.236217 -1.838235 19.313276 -0.057682 0.061995 -0.996408 0.158210 0.497413 2 17 0.845725 16 0.154275
  17 19.146370 -2.254740 19.430511 -0.077097 -0.680716 -0.728479 0.167787 0.498034 2 17 0.838643 16 0.161357
headcrabsheet
  17 19.312325 -1.037265 19.527679 0.179417 0.868690 -0.461723 0.140722 0.498359 2 17 0.752177 16 0.247823
  17 19.236217 -1.838235 19.313276 -0.057682 0.061995 -0.996408 0.158210 0.497413 2 17 0.845725 16 0.154275
  16 16.634363 -2.277360 19.169472 0.109408 -0.499582 -0.859329 0.172935 0.555795 2 16 0.705870 17 0.294130
headcrabsheet
  17 19.312325 -1.037265 19.527679 0.179417 0.868690 -0.461723 0.140722 0.498359 2 17 0.752177 16 0.247823
  16 16.634363 -2.277360 19.169472 0.109408 -0.499582 -0.859329 0.172935 0.555795 2 16 0.705870 17 0.294130
  16 16.354403 -1.253302 19.229696 0.213090 0.174980 -0.961236 0.150734 0.559727 2 16 0.815847 17 0.184153
headcrabsheet
  17 19.312325 -1.037265 19.527679 0.179417 0.868690 -0.461723 0.140722 0.498359 2 17 0.752177 16 0.247823
  16 16.354403 -1.253302 19.229696 0.213090 0.174980 -0.961236 0.150734 0.559727 2 16 0.815847 17 0.184153
  16 17.228271 -0.662887 19.739229 0.098933 0.981432 -0.164327 0.135105 0.542138 2 16 0.773085 17 0.226915
headcrabsheet
  16 16.354403 -1.253302 19.229696 0.213090 0.174980 -0.961236 0.150734 0.559727 2 16 0.815847 17 0.184153
  16 15.106633 -0.473900 18.923351 0.065577 0.816216 -0.574014 0.136887 0.565796 2 16 0.956727 17 0.043273
  16 17.228271 -0.662887 19.739229 0.098933 0.981432 -0.164327 0.135105 0.542138 2 16 0.773085 17 0.226915
headcrabsheet
  17 19.146370 -2.254740 19.430511 -0.077097 -0.680716 -0.728479 0.071505 0.483800 2 17 0.838643 16 0.161357
  16 16.262924 -2.701952 20.009117 0.019806 -0.995486 0.092812 0.060770 0.557383 2 16 0.746278 17 0.253722
  16 16.634363 -2.277360 19.169472 0.109408 -0.499582 -0.859329 0.055189 0.539242 2 16 0.705870 17 0.294130
headcrabsheet
  17 19.146370 -2.254740 19.430511 -0.077097 -0.680716 -0.728479 0.071505 0.483800 2 17 0.838643 16 0.161357
  17 19.014044 -2.517176 20.138554 0.024092 -0.974434 0.223380 0.085509 0.492352 2 17 0.790998 16 0.209002
  16 16.262924 -2.701952 20.009117 0.019806 -0.995486 0.092812 0.060770 0.557383 2 16 0.746278 17 0.253722
headcrabsheet
  17 19.014044 -2.517176 20.138554 0.024092 -0.974434 0.223380 0.085509 0.492352 2 17 0.790998 16 0.209002
  16 15.714258 -2.104291 20.935831 -0.126690 -0.458227 0.879760 0.089422 0.565598 2 16 0.760566 17 0.239434
  16 16.262924 -2.701952 20.009117 0.019806 -0.995486 0.092812 0.060770 0.557383 2 16 0.746278 17 0.253722
headcrabsheet
  17 19.014044 -2.517176 20.138554 0.024092 -0.974434 0.223380 0.085509 0.492352 2 17 0.790998 16 0.209002
  17 19.317339 -1.956164 20.732613 0.118466 -0.350629 0.928991 0.104362 0.492246 2 17 0.822752 16 0.177248
  16 15.714258 -2.104291 20.935831 -0.126690 -0.458227 0.879760 0.089422 0.565598 2 16 0.760566 17 0.239434
headcrabsheet
  17 19.317339 -1.956164 20.732613 0.118466 -0.350629 0.928991 0.104362 0.492246 2 17 0.822752 16 0.177248
  16 15.876245 -1.302312 20.930176 -0.083800 0.496892 0.863757 0.102180 0.564940 2 16 0.827655 17 0.172345
  16 15.714258 -2.104291 20.935831 -0.126690 -0.458227 0.879760 0.089422 0.565598 2 16 0.760566 17 0.239434
headcrabsheet
  17 19.317339 -1.956164 20.732613 0.118466 -0.350629 0.928991 0.104362 0.492246 2 17 0.822752 16 0.177248
  17 19.495598 -1.469534 20.679651 0.243286 0.567458 0.786640 0.115610 0.492133 2 17 0.741744 16 0.258256
  16 15.876245 -1.302312 20.930176 -0.083800 0.496892 0.863757 0.102180 0.564940 2 16 0.827655 17 0.172345
headcrabsheet
  17 19.495598 -1.469534 20.679651 0.243286 0.567458 0.786640 0.115610 0.492133 2 17 0.741744 16 0.258256
  16 16.866531 -0.931526 20.290226 0.026287 0.870413 0.491619 0.121637 0.546896 2 16 0.779467 17 0.220533
  16 15.876245 -1.302312 20.930176 -0.083800 0.496892 0.863757 0.102180 0.564940 2 16 0.827655 17 0.172345
headcrabsheet
  16 17.228271 -0.662887 19.739229 0.098933 0.981432 -0.164327 0.135105 0.542138 2 16 0.773085 17 0.226915
  16 16.866531 -0.931526 20.290226 0.026287 0.870413 0.491619 0.121637 0.546896 2 16 0.779467 17 0.220533
  17 19.495598 -1.469534 20.679651 0.243286 0.567458 0.786640 0.115610 0.492133 2 17 0.741744 16 0.258256
headcrabsheet
  16 17.228271 -0.662887 19.739229 0.098933 0.981432 -0.164327 0.135105 0.542138 2 16 0.773085 17 0.226915
  17 19.495598 -1.469534 20.679651 0.243286 0.567458 0.786640 0.115610 0.492133 2 17 0.741744 16 0.258256
  17 19.312325 -1.037265 19.527679 0.179417 0.868690 -0.461723 0.140722 0.498359 2 17 0.752177 16 0.247823
headcrabsheet
  16 16.866531 -0.931526 20.290226 0.026287 0.870413 0.491619 0.121637 0.546896 2 16 0.779467 17 0.220533
  16 17.228271 -0.662887 19.739229 0.098933 0.981432 -0.164327 0.135105 0.542138 2 16 0.773085 17 0.226915
  16 15.106633 -0.473900 18.923351 0.065577 0.816216 -0.574014 0.136887 0.565796 2 16 0.956727 17 0.043273
headcrabsheet
  16 16.866531 -0.931526 20.290226 0.026287 0.870413 0.491619 0.121637 0.546896 2 16 0.779467 17 0.220533
  16 15.106633 -0.473900 18.923351 0.065577 0.816216 -0.574014 0.136887 0.565796 2 16 0.956727 17 0.043273
  16 15.360014 -0.740106 19.750357 -0.062072 0.924678 0.375656 0.119232 0.563873 2 16 0.959763 17 0.040237
headcrabsheet
  16 15.876245 -1.302312 20.930176 -0.083800 0.496892 0.863757 0.102180 0.564940 2 16 0.827655 17 0.172345
  16 16.866531 -0.931526 20.290226 0.026287 0.870413 0.491619 0.121637 0.546896 2 16 0.779467 17 0.220533
  16 15.360014 -0.740106 19.750357 -0.062072 0.924678 0.375656 0.119232 0.563873 2 16 0.959763 17 0.040237
headcrabsheet
  16 15.876245 -1.302312 20.930176 -0.083800 0.496892 0.863757 0.102180 0.564940 2 16 0.827655 17 0.172345
  16 15.360014 -0.740106 19.750357 -0.062072 0.924678 0.375656 0.119232 0.563873 2 16 0.959763 17 0.040237
  16 13.505585 -0.842780 19.529030 -0.102119 0.945314 0.309763 0.123351 0.603804 3 16 0.765329 15 0.233651 17 0.001020
headcrabsheet
  16 15.876245 -1.302312 20.930176 -0.083800 0.496892 0.863757 0.102180 0.564940 2 16 0.827655 17 0.172345
  16 13.505585 -0.842780 19.529030 -0.102119 0.945314 0.309763 0.123351 0.603804 3 16 0.765329 15 0.233651 17 0.001020
  16 13.431206 -1.252172 20.175142 -0.180892 0.609868 0.771582 0.103225 0.608427 3 16 0.652266 15 0.334891 17 0.012843
headcrabsheet
  16 15.714258 -2.104291 20.935831 -0.126690 -0.458227 0.879760 0.089422 0.565598 2 16 0.760566 17 0.239434
  16 15.876245 -1.302312 20.930176 -0.083800 0.496892 0.863757 0.102180 0.564940 2 16 0.827655 17 0.172345
  16 13.431206 -1.252172 20.175142 -0.180892 0.609868 0.771582 0.103225 0.608427 3 16 0.652266 15 0.334891 17 0.012843
headcrabsheet
  16 15.714258 -2.104291 20.935831 -0.126690 -0.458227 0.879760 0.089422 0.565598 2 16 0.760566 17 0.239434
  16 13.431206 -1.252172 20.175142 -0.180892 0.609868 0.771582 0.103225 0.608427 3 16 0.652266 15 0.334891 17 0.012843
  15 13.215064 -1.945995 20.401493 -0.177115 -0.274615 0.945102 0.080294 0.609324 3 15 0.575547 16 0.412839 17 0.011614
headcrabsheet
  15 13.215064 -1.945995 20.401493 -0.177115 -0.274615 0.945102 0.080294 0.609324 3 15 0.575547 16 0.412839 17 0.011614
  16 16.262924 -2.701952 20.009117 0.019806 -0.995486 0.092812 0.060770 0.557383 2 16 0.746278 17 0.253722
  16 15.714258 -2.104291 20.935831 -0.126690 -0.458227 0.879760 0.089422 0.565598 2 16 0.760566 17 0.239434
headcrabsheet
  15 13.215064 -1.945995 20.401493 -0.177115 -0.274615 0.945102 0.080294 0.609324 3 15 0.575547 16 0.412839 17 0.011614
  15 13.451664 -2.652479 19.647076 -0.060906 -0.936638 0.344962 0.058281 0.598719 3 15 0.496701 16 0.484186 17 0.019114
  16 16.262924 -2.701952 20.009117 0.019806 -0.995486 0.092812 0.060770 0.557383 2 16 0.746278 17 0.253722
headcrabsheet
  16 15.360014 -0.740106 19.750357 -0.062072 0.924678 0.375656 0.119232 0.563873 2 16 0.959763 17 0.040237
  16 13.585229 -0.802182 19.125589 -0.176851 0.924742 -0.337011 0.135067 0.598369 3 16 0.783724 15 0.215054 17 0.001222
  16 13.505585 -0.842780 19.529030 -0.102119 0.945314 0.309763 0.123351 0.603804 3 16 0.765329 15 0.233651 17 0.001020
headcrabsheet
  16 15.360014 -0.740106 19.750357 -0.062072 0.924678 0.375656 0.119232 0.563873 2 16 0.959763 17 0.040237
  16 15.106633 -0.473900 18.923351 0.065577 0.816216 -0.574014 0.136887 0.565796 2 16 0.956727 17 0.043273
  16 13.585229 -0.802182 19.125589 -0.176851 0.924742 -0.337011 0.135067 0.598369 3 16 0.783724 15 0.215054 17 0.001222
headcrabsheet
  16 15.106633 -0.473900 18.923351 0.065577 0.816216 -0.574014 0.136887 0.565796 2 16 0.956727 17 0.043273
  16 13.687445 -1.496697 18.657589 0.092654 0.101854 -0.990475 0.155695 0.595084 3 16 0.715676 15 0.270026 17 0.014298
  16 13.585229 -0.802182 19.125589 -0.176851 0.924742 -0.337011 0.135067 0.598369 3 16 0.783724 15 0.215054 17 0.001222
headcrabsheet
  16 15.106633 -0.473900 18.923351 0.065577 0.816216 -0.574014 0.136887 0.565796 2 16 0.956727 17 0.043273
  16 16.354403 -1.253302 19.229696 0.213090 0.174980 -0.961236 0.150734 0.559727 2 16 0.815847 17 0.184153
  16 13.687445 -1.496697 18.657589 0.092654 0.101854 -0.990475 0.155695 0.595084 3 16 0.715676 15 0.270026 17 0.014298
headcrabsheet
  16 16.354403 -1.253302 19.229696 0.213090 0.174980 -0.961236 0.150734 0.559727 2 16 0.815847 17 0.184153
  16 13.451048 -2.016868 18.654877 0.139856 -0.399692 -0.905917 0.164942 0.596519 3 16 0.651167 15 0.325883 17 0.022950
  16 13.687445 -1.496697 18.657589 0.092654 0.101854 -0.990475 0.155695 0.595084 3 16 0.715676 15 0.270026 17 0.014298
headcrabsheet
  16 16.354403 -1.253302 19.229696 0.213090 0.174980 -0.961236 0.150734 0.559727 2 16 0.815847 17 0.184153
  16 16.634363 -2.277360 19.169472 0.109408 -0.499582 -0.859329 0.172935 0.555795 2 16 0.705870 17 0.294130
  16 13.451048 -2.016868 18.654877 0.139856 -0.399692 -0.905917 0.164942 0.596519 3 16 0.651167 15 0.325883 17 0.022950
headcrabsheet
  0 3.154272 -3.234482 11.391699 -0.980433 0.178910 -0.082113 0.573163 0.642074 3 0 0.825913 4 0.091072 5 0.083016
  0 3.833960 -2.595512 11.893626 -0.643843 -0.745926 0.170475 0.568617 0.620374 3 0 0.812534 5 0.094091 4 0.093374
  0 3.284354 -2.922860 10.924275 -0.812868 -0.544099 -0.207850 0.584717 0.638583 3 0 0.905491 4 0.049991 5 0.044518
headcrabsheet
  6 0.000000 -1.388780 19.303856 0.000000 -0.405271 -0.914196 0.832360 0.689963 2 6 0.551799 7 0.448201
  7 -0.478416 -1.788638 19.295511 0.374188 -0.430558 -0.821342 0.848916 0.699932 2 7 0.667487 6 0.332513
  7 -1.148001 -1.864085 18.939329 0.535150 -0.077667 -0.841179 0.871820 0.691893 3 7 0.638512 6 0.358824 9 0.002664
headcrabsheet
  6 0.000000 -1.388780 19.303856 0.000000 -0.405271 -0.914196 0.832360 0.689963 2 6 0.551799 7 0.448201
  7 0.000000 -1.762874 19.308262 0.000000 -0.011781 -0.999931 0.832143 0.700285 2 7 0.673105 6 0.326895
  7 -0.478416 -1.788638 19.295511 0.374188 -0.430558 -0.821342 0.848916 0.699932 2 7 0.667487 6 0.332513
headcrabsheet
  6 0.000000 -1.388780 19.303856 0.000000 -0.405271 -0.914196 0.832360 0.689963 2 6 0.551799 7 0.448201
  7 0.478416 -1.788638 19.295511 -0.374188 -0.430558 -0.821342 0.815383 0.700016 2 7 0.667487 6 0.332513
  7 0.000000 -1.762874 19.308262 0.000000 -0.011781 -0.999931 0.832143 0.700285 2 7 0.673105 6 0.326895
headcrabsheet
  6 0.000000 -1.388780 19.303856 0.000000 -0.405271 -0.914196 0.832360 0.689963 2 6 0.551799 7 0.448201
  7 1.148001 -1.864085 18.939331 -0.535150 -0.077667 -0.841179 0.792837 0.691023 3 7 0.639023 6 0.358313 15 0.002664
  7 0.478416 -1.788638 19.295511 -0.374188 -0.430558 -0.821342 0.815383 0.700016 2 7 0.667487 6 0.332513
headcrabsheet
  7 1.148001 -1.864085 18.939331 -0.535150 -0.077667 -0.841179 0.792837 0.691023 3 7 0.639023 6 0.358313 15 0.002664
  6 0.000000 -1.388780 19.303856 0.000000 -0.405271 -0.914196 0.832360 0.689963 2 6 0.551799 7 0.448201
  6 1.239460 -1.452340 18.868637 -0.563820 -0.383371 -0.731528 0.798083 0.682022 3 6 0.730074 7 0.268953 5 0.000973
headcrabsheet
  6 1.239460 -1.452340 18.868637 -0.563820 -0.383371 -0.731528 0.798083 0.682022 3 6 0.730074 7 0.268953 5 0.000973
  6 1.953756 -2.023804 18.106310 -0.822076 0.125188 -0.555445 0.765938 0.670480 3 6 0.697586 7 0.181596 14 0.120818
  7 1.148001 -1.864085 18.939331 -0.535150 -0.077667 -0.841179 0.792837 0.691023 3 7 0.639023 6 0.358313 15 0.002664
headcrabsheet
  6 1.239460 -1.452340 18.868637 -0.563820 -0.383371 -0.731528 0.798083 0.682022 3 6 0.730074 7 0.268953 5 0.000973
  6 2.051430 -1.645320 18.050110 -0.832749 -0.309671 -0.458948 0.773737 0.663932 3 6 0.906949 7 0.052646 14 0.040405
  6 1.953756 -2.023804 18.106310 -0.822076 0.125188 -0.555445 0.765938 0.670480 3 6 0.697586 7 0.181596 14 0.120818
headcrabsheet
  6 2.051430 -1.645320 18.050110 -0.832749 -0.309671 -0.458948 0.773737 0.663932 3 6 0.906949 7 0.052646 14 0.040405
  6 2.287506 -2.475376 17.110691 -0.897900 0.286815 -0.333935 0.755231 0.644800 1 6 1.000000
  6 1.953756 -2.023804 18.106310 -0.822076 0.125188 -0.555445 0.765938 0.670480 3 6 0.697586 7 0.181596 14 0.120818
headcrabsheet
  6 2.051430 -1.645320 18.050110 -0.832749 -0.309671 -0.458948 0.773737 0.663932 3 6 0.906949 7 0.052646 14 0.040405
  6 2.534067 -1.987244 16.880924 -0.968565 -0.176833 -0.174960 0.765693 0.639275 3 6 0.954344 14 0.024447 0 0.021208
  6 2.287506 -2.475376 17.110691 -0.897900 0.286815 -0.333935 0.755231 0.644800 1 6 1.000000
headcrabsheet
  6 2.534067 -1.987244 16.880924 -0.968565 -0.176833 -0.174960 0.765693 0.639275 3 6 0.954344 14 0.024447 0 0.021208
  6 2.410308 -3.363313 15.314766 -0.978576 0.180141 0.099692 0.752264 0.598458 3 6 0.838662 0 0.080921 14 0.080417
  6 2.287506 -2.475376 17.110691 -0.897900 0.286815 -0.333935 0.755231 0.644800 1 6 1.000000
headcrabsheet
  6 2.534067 -1.987244 16.880924 -0.968565 -0.176833 -0.174960 0.765693 0.639275 3 6 0.954344 14 0.024447 0 0.021208
  6 2.451962 -2.806570 14.978921 -0.981475 0.018614 0.190685 0.761861 0.605696 3 6 0.705380 0 0.191309 14 0.103310
  6 2.410308 -3.363313 15.314766 -0.978576 0.180141 0.099692 0.752264 0.598458 3 6 0.838662 0 0.080921 14 0.080417
headcrabsheet
  6 2.451962 -2.806570 14.978921 -0.981475 0.018614 0.190685 0.761861 0.605696 3 6 0.705380 0 0.191309 14 0.103310
  0 1.844547 -3.172177 13.550687 -0.724011 0.413318 0.552246 0.772493 0.558280 3 0 0.644718 5 0.182450 6 0.172831
  6 2.410308 -3.363313 15.314766 -0.978576 0.180141 0.099692 0.752264 0.598458 3 6 0.838662 0 0.080921 14 0.080417
headcrabsheet
  0 1.844547 -3.172177 13.550687 -0.724011 0.413318 0.552246 0.772493 0.558280 3 0 0.644718 5 0.182450 6 0.172831
  6 2.451962 -2.806570 14.978921 -0.981475 0.018614 0.190685 0.761861 0.605696 3 6 0.705380 0 0.191309 14 0.103310
  0 1.934612 -2.209317 12.942881 -0.716575 0.094636 0.691060 0.778777 0.570756 3 0 0.619403 5 0.219672 6 0.160925
headcrabsheet
  0 1.934612 -2.209317 12.942881 -0.716575 0.094636 0.691060 0.778777 0.570756 3 0 0.619403 5 0.219672 6 0.160925
  0 0.000000 -2.527534 12.761319 0.000000 0.679055 0.734087 0.835439 0.543268 3 0 0.783282 5 0.151878 6 0.064841
  0 1.844547 -3.172177 13.550687 -0.724011 0.413318 0.552246 0.772493 0.558280 3 0 0.644718 5 0.182450 6 0.172831
headcrabsheet
  0 1.934612 -2.209317 12.942881 -0.716575 0.094636 0.691060 0.778777 0.570756 3 0 0.619403 5 0.219672 6 0.160925
  0 0.000000 -1.691597 11.884535 0.000000 0.174840 0.984597 0.835053 0.561677 3 0 0.730650 5 0.184797 6 0.084553
  0 0.000000 -2.527534 12.761319 0.000000 0.679055 0.734087 0.835439 0.543268 3 0 0.783282 5 0.151878 6 0.064841
headcrabsheet
  0 -1.934612 -2.209316 12.942879 0.716575 0.094636 0.691060 0.890914 0.572322 3 0 0.622401 5 0.220734 6 0.156864
  0 0.000000 -2.527534 12.761319 0.000000 0.679055 0.734087 0.835439 0.543268 3 0 0.783282 5 0.151878 6 0.064841
  0 0.000000 -1.691597 11.884535 0.000000 0.174840 0.984597 0.835053 0.561677 3 0 0.730650 5 0.184797 6 0.084553
headcrabsheet
  0 -1.934612 -2.209316 12.942879 0.716575 0.094636 0.691060 0.890914 0.572322 3 0 0.622401 5 0.220734 6 0.156864
  0 -1.844547 -3.172176 13.550686 0.724012 0.413318 0.552246 0.897716 0.560121 3 0 0.651272 5 0.184306 6 0.164422
  0 0.000000 -2.527534 12.761319 0.000000 0.679055 0.734087 0.835439 0.543268 3 0 0.783282 5 0.151878 6 0.064841
headcrabsheet
  0 -1.844547 -3.172176 13.550686 0.724012 0.413318 0.552246 0.897716 0.560121 3 0 0.651272 5 0.184306 6 0.164422
  0 -1.934612 -2.209316 12.942879 0.716575 0.094636 0.691060 0.890914 0.572322 3 0 0.622401 5 0.220734 6 0.156864
  6 -2.451962 -2.806569 14.978920 0.981475 0.018614 0.190685 0.906349 0.607941 3 6 0.699580 0 0.175128 8 0.125292
headcrabsheet
  6 -2.451962 -2.806569 14.978920 0.981475 0.018614 0.190685 0.906349 0.607941 3 6 0.699580 0 0.175128 8 0.125292
  6 -2.410308 -3.363312 15.314764 0.978576 0.180141 0.099692 0.916241 0.601112 3 6 0.836579 8 0.086828 0 0.076593
  0 -1.844547 -3.172176 13.550686 0.724012 0.413318 0.552246 0.897716 0.560121 3 0 0.651272 5 0.184306 6 0.164422
headcrabsheet
  6 -2.534067 -1.987244 16.880922 0.968565 -0.176833 -0.174960 0.901111 0.641330 3 6 0.950375 8 0.028902 0 0.020723
  6 -2.410308 -3.363312 15.314764 0.978576 0.180141 0.099692 0.916241 0.601112 3 6 0.836579 8 0.086828 0 0.076593
  6 -2.451962 -2.806569 14.978920 0.981475 0.018614 0.190685 0.906349 0.607941 3 6 0.699580 0 0.175128 8 0.125292
headcrabsheet
  6 -2.534067 -1.987244 16.880922 0.968565 -0.176833 -0.174960 0.901111 0.641330 3 6 0.950375 8 0.028902 0 0.020723
  6 -2.287506 -2.475376 17.110691 0.897900 0.286815 -0.333935 0.911332 0.647289 1 6 1.000000
  6 -2.410308 -3.363312 15.314764 0.978576 0.180141 0.099692 0.916241 0.601112 3 6 0.836579 8 0.086828 0 0.076593
headcrabsheet
  6 -2.051430 -1.645319 18.050112 0.832749 -0.309671 -0.458948 0.892040 0.665627 3 6 0.913252 7 0.056543 5 0.030205
  6 -2.287506 -2.475376 17.110691 0.897900 0.286815 -0.333935 0.911332 0.647289 1 6 1.000000
  6 -2.534067 -1.987244 16.880922 0.968565 -0.176833 -0.174960 0.901111 0.641330 3 6 0.950375 8 0.028902 0 0.020723
headcrabsheet
  6 -2.051430 -1.645319 18.050112 0.832749 -0.309671 -0.458948 0.892040 0.665627 3 6 0.913252 7 0.056543 5 0.030205
  6 -1.953756 -2.023803 18.106310 0.822076 0.125189 -0.555445 0.899557 0.672497 3 6 0.763272 7 0.213356 5 0.023372
  6 -2.287506 -2.475376 17.110691 0.897900 0.286815 -0.333935 0.911332 0.647289 1 6 1.000000
headcrabsheet
  6 -1.239460 -1.452340 18.868639 0.563820 -0.383371 -0.731528 0.866956 0.682680 3 6 0.730368 7 0.268661 5 0.000971
  6 -1.953756 -2.023803 18.106310 0.822076 0.125189 -0.555445 0.899557 0.672497 3 6 0.763272 7 0.213356 5 0.023372
  6 -2.051430 -1.645319 18.050112 0.832749 -0.309671 -0.458948 0.892040 0.665627 3 6 0.913252 7 0.056543 5 0.030205
headcrabsheet
  6 -1.239460 -1.452340 18.868639 0.563820 -0.383371 -0.731528 0.866956 0.682680 3 6 0.730368 7 0.268661 5 0.000971
  7 -1.148001 -1.864085 18.939329 0.535150 -0.077667 -0.841179 0.871820 0.691893 3 7 0.638512 6 0.358824 9 0.002664
  6 -1.953756 -2.023803 18.106310 0.822076 0.125189 -0.555445 0.899557 0.672497 3 6 0.763272 7 0.213356 5 0.023372
headcrabsheet
  7 -1.148001 -1.864085 18.939329 0.535150 -0.077667 -0.841179 0.871820 0.691893 3 7 0.638512 6 0.358824 9 0.002664
  6 -1.239460 -1.452340 18.868639 0.563820 -0.383371 -0.731528 0.866956 0.682680 3 6 0.730368 7 0.268661 5 0.000971
  6 0.000000 -1.388780 19.303856 0.000000 -0.405271 -0.914196 0.832360 0.689963 2 6 0.551799 7 0.448201
headcrabsheet
  6 3.861343 -4.478667 14.644021 -0.375284 -0.923908 0.074537 0.351814 0.263089 1 6 1.000000
  6 4.265013 -3.776599 14.384300 -0.156133 -0.986952 0.039349 0.358954 0.269320 3 6 0.404475 14 0.382160 0 0.213365
  6 4.311456 -3.766632 14.536654 0.319673 -0.944358 0.077437 0.357270 0.270604 3 6 0.554593 14 0.291662 0 0.153744
headcrabsheet
  6 3.861343 -4.478667 14.644021 -0.375284 -0.923908 0.074537 0.351814 0.263089 1 6 1.000000
  6 4.004326 -3.781641 14.595379 -0.082507 -0.964069 -0.252514 0.356233 0.270452 3 6 0.835257 14 0.105662 0 0.059081
  6 4.265013 -3.776599 14.384300 -0.156133 -0.986952 0.039349 0.358954 0.269320 3 6 0.404475 14 0.382160 0 0.213365
headcrabsheet
  6 3.861343 -4.478667 14.644021 -0.375284 -0.923908 0.074537 0.351814 0.263089 1 6 1.000000
  6 4.071496 -3.806619 14.771563 0.293775 -0.954135 -0.057636 0.354093 0.271522 3 6 0.862019 14 0.091211 0 0.046770
  6 4.004326 -3.781641 14.595379 -0.082507 -0.964069 -0.252514 0.356233 0.270452 3 6 0.835257 14 0.105662 0 0.059081
headcrabsheet
  6 3.861343 -4.478667 14.644021 -0.375284 -0.923908 0.074537 0.351814 0.263089 1 6 1.000000
  6 4.311456 -3.766632 14.536654 0.319673 -0.944358 0.077437 0.357270 0.270604 3 6 0.554593 14 0.291662 0 0.153744
  6 4.071496 -3.806619 14.771563 0.293775 -0.954135 -0.057636 0.354093 0.271522 3 6 0.862019 14 0.091211 0 0.046770
headcrabsheet
  6 4.114629 -4.937530 15.806963 -0.087876 -0.991366 0.097320 0.417088 0.630564 3 6 0.693092 14 0.248774 0 0.058134
  6 4.240830 -4.098107 15.883430 0.823349 -0.561903 -0.079754 0.408906 0.636757 1 6 1.000000
  6 4.090554 -4.083041 15.758513 -0.356160 -0.849447 -0.389345 0.409951 0.638785 1 6 1.000000
headcrabsheet
  6 4.114629 -4.937530 15.806963 -0.087876 -0.991366 0.097320 0.417088 0.630564 3 6 0.693092 14 0.248774 0 0.058134
  6 4.322743 -3.940971 15.636812 0.825444 -0.482481 -0.293010 0.409776 0.640369 1 6 1.000000
  6 4.240830 -4.098107 15.883430 0.823349 -0.561903 -0.079754 0.408906 0.636757 1 6 1.000000
headcrabsheet
  6 4.114629 -4.937530 15.806963 -0.087876 -0.991366 0.097320 0.417088 0.630564 3 6 0.693092 14 0.248774 0 0.058134
  6 4.126357 -3.946312 15.539159 -0.092605 -0.983361 0.156283 0.411213 0.641306 1 6 1.000000
  6 4.322743 -3.940971 15.636812 0.825444 -0.482481 -0.293010 0.409776 0.640369 1 6 1.000000
headcrabsheet
  6 4.114629 -4.937530 15.806963 -0.087876 -0.991366 0.097320 0.417088 0.630564 3 6 0.693092 14 0.248774 0 0.058134
  6 4.090554 -4.083041 15.758513 -0.356160 -0.849447 -0.389345 0.409951 0.638785 1 6 1.000000
  6 4.126357 -3.946312 15.539159 -0.092605 -0.983361 0.156283 0.411213 0.641306 1 6 1.000000
headcrabsheet
  6 4.174328 -4.505285 16.936914 0.071997 0.011000 0.997344 0.536006 0.636158 1 6 1.000000
  6 4.211798 -4.020753 16.619511 0.986644 0.146426 -0.071361 0.533168 0.641049 3 6 0.982243 0 0.008878 5 0.008878
  6 4.071938 -4.092329 16.914383 0.053954 -0.074187 0.995784 0.532368 0.637961 1 6 1.000000
headcrabsheet
  6 4.174328 -4.505285 16.936914 0.071997 0.011000 0.997344 0.536006 0.636158 1 6 1.000000
  6 4.300341 -4.459398 16.756289 0.991772 -0.029376 0.124596 0.536468 0.638050 1 6 1.000000
  6 4.211798 -4.020753 16.619511 0.986644 0.146426 -0.071361 0.533168 0.641049 3 6 0.982243 0 0.008878 5 0.008878
headcrabsheet
  6 4.300341 -4.459398 16.756289 0.991772 -0.029376 0.124596 0.536468 0.638050 1 6 1.000000
  6 4.098853 -4.151800 16.451544 0.121328 -0.417808 -0.900397 0.535195 0.642162 3 6 0.675703 14 0.281387 0 0.042910
  6 4.211798 -4.020753 16.619511 0.986644 0.146426 -0.071361 0.533168 0.641049 3 6 0.982243 0 0.008878 5 0.008878
headcrabsheet
  6 4.300341 -4.459398 16.756289 0.991772 -0.029376 0.124596 0.536468 0.638050 1 6 1.000000
  6 4.238412 -4.521504 16.624079 0.355657 -0.404019 -0.842779 0.537682 0.639076 3 6 0.933741 14 0.058036 0 0.008223
  6 4.098853 -4.151800 16.451544 0.121328 -0.417808 -0.900397 0.535195 0.642162 3 6 0.675703 14 0.281387 0 0.042910
headcrabsheet
  6 4.238412 -4.521504 16.624079 0.355657 -0.404019 -0.842779 0.537682 0.639076 3 6 0.933741 14 0.058036 0 0.008223
  6 3.916291 -4.112000 16.696609 -0.866292 -0.496655 0.053581 0.533633 0.639978 1 6 1.000000
  6 4.098853 -4.151800 16.451544 0.121328 -0.417808 -0.900397 0.535195 0.642162 3 6 0.675703 14 0.281387 0 0.042910
headcrabsheet
  6 3.916291 -4.112000 16.696609 -0.866292 -0.496655 0.053581 0.533633 0.639978 1 6 1.000000
  6 4.238412 -4.521504 16.624079 0.355657 -0.404019 -0.842779 0.537682 0.639076 3 6 0.933741 14 0.058036 0 0.008223
  6 4.092896 -4.418823 16.736790 -0.949463 -0.277036 -0.147551 0.536207 0.638404 3 6 0.989767 0 0.005116 5 0.005116
headcrabsheet
  6 4.092896 -4.418823 16.736790 -0.949463 -0.277036 -0.147551 0.536207 0.638404 3 6 0.989767 0 0.005116 5 0.005116
  6 4.071938 -4.092329 16.914383 0.053954 -0.074187 0.995784 0.532368 0.637961 1 6 1.000000
  6 3.916291 -4.112000 16.696609 -0.866292 -0.496655 0.053581 0.533633 0.639978 1 6 1.000000
headcrabsheet
  6 4.092896 -4.418823 16.736790 -0.949463 -0.277036 -0.147551 0.536207 0.638404 3 6 0.989767 0 0.005116 5 0.005116
  6 4.174328 -4.505285 16.936914 0.071997 0.011000 0.997344 0.536006 0.636158 1 6 1.000000
  6 4.071938 -4.092329 16.914383 0.053954 -0.074187 0.995784 0.532368 0.637961 1 6 1.000000
headcrabsheet
  6 3.997136 -5.033308 16.886961 -0.324832 -0.926409 0.190397 0.541015 0.634586 3 6 0.815267 14 0.163550 0 0.021183
  6 4.174328 -4.505285 16.936914 0.071997 0.011000 0.997344 0.536006 0.636158 1 6 1.000000
  6 4.092896 -4.418823 16.736790 -0.949463 -0.277036 -0.147551 0.536207 0.638404 3 6 0.989767 0 0.005116 5 0.005116
headcrabsheet
  6 3.997136 -5.033308 16.886961 -0.324832 -0.926409 0.190397 0.541015 0.634586 3 6 0.815267 14 0.163550 0 0.021183
  6 4.300341 -4.459398 16.756289 0.991772 -0.029376 0.124596 0.536468 0.638050 1 6 1.000000
  6 4.174328 -4.505285 16.936914 0.071997 0.011000 0.997344 0.536006 0.636158 1 6 1.000000
headcrabsheet
  6 3.997136 -5.033308 16.886961 -0.324832 -0.926409 0.190397 0.541015 0.634586 3 6 0.815267 14 0.163550 0 0.021183
  6 4.238412 -4.521504 16.624079 0.355657 -0.404019 -0.842779 0.537682 0.639076 3 6 0.933741 14 0.058036 0 0.008223
  6 4.300341 -4.459398 16.756289 0.991772 -0.029376 0.124596 0.536468 0.638050 1 6 1.000000
headcrabsheet
  6 3.997136 -5.033308 16.886961 -0.324832 -0.926409 0.190397 0.541015 0.634586 3 6 0.815267 14 0.163550 0 0.021183
  6 4.092896 -4.418823 16.736790 -0.949463 -0.277036 -0.147551 0.536207 0.638404 3 6 0.989767 0 0.005116 5 0.005116
  6 4.238412 -4.521504 16.624079 0.355657 -0.404019 -0.842779 0.537682 0.639076 3 6 0.933741 14 0.058036 0 0.008223
headcrabsheet
  7 1.865471 -3.473360 20.746460 -0.791154 -0.273160 -0.547228 0.745501 0.791214 2 7 0.966086 15 0.033914
  7 1.960978 -1.697272 20.993874 -0.874204 0.104622 0.474154 0.776913 0.829999 1 7 1.000000
  7 1.453709 -1.909176 20.558453 -0.930104 -0.309378 0.197970 0.784740 0.802164 1 7 1.000000
headcrabsheet
  7 1.960978 -1.697272 20.993874 -0.874204 0.104622 0.474154 0.776913 0.829999 1 7 1.000000
  7 1.865471 -3.473360 20.746460 -0.791154 -0.273160 -0.547228 0.745501 0.791214 2 7 0.966086 15 0.033914
  7 1.778181 -3.946637 22.039955 -0.928273 0.188507 0.320583 0.728686 0.810223 1 7 1.000000
headcrabsheet
  7 2.373756 -1.487065 21.828541 -0.932710 0.191166 0.305791 0.769861 0.848086 1 7 1.000000
  7 1.960978 -1.697272 20.993874 -0.874204 0.104622 0.474154 0.776913 0.829999 1 7 1.000000
  7 1.778181 -3.946637 22.039955 -0.928273 0.188507 0.320583 0.728686 0.810223 1 7 1.000000
headcrabsheet
  7 2.373756 -1.487065 21.828541 -0.932710 0.191166 0.305791 0.769861 0.848086 1 7 1.000000
  7 1.778181 -3.946637 22.039955 -0.928273 0.188507 0.320583 0.728686 0.810223 1 7 1.000000
  7 2.544264 -2.661369 23.155386 -0.379303 -0.164868 0.910466 0.735934 0.842647 1 7 1.000000
headcrabsheet
  7 1.778181 -3.946637 22.039955 -0.928273 0.188507 0.320583 0.728686 0.810223 1 7 1.000000
  7 2.307016 -3.662214 22.737236 -0.275209 -0.414498 0.867440 0.723852 0.827945 1 7 1.000000
  7 2.544264 -2.661369 23.155386 -0.379303 -0.164868 0.910466 0.735934 0.842647 1 7 1.000000
headcrabsheet
  7 2.307016 -3.662214 22.737236 -0.275209 -0.414498 0.867440 0.723852 0.827945 1 7 1.000000
  7 3.080765 -2.704970 22.879732 0.718701 -0.418408 0.555341 0.736957 0.840608 2 7 0.965142 14 0.034858
  7 2.544264 -2.661369 23.155386 -0.379303 -0.164868 0.910466 0.735934 0.842647 1 7 1.000000
headcrabsheet
  7 2.307016 -3.662214 22.737236 -0.275209 -0.414498 0.867440 0.723852 0.827945 1 7 1.000000
  7 2.721466 -3.684798 22.605381 0.658509 -0.538553 0.525667 0.724020 0.824611 1 7 1.000000
  7 3.080765 -2.704970 22.879732 0.718701 -0.418408 0.555341 0.736957 0.840608 2 7 0.965142 14 0.034858
headcrabsheet
  7 2.721466 -3.684798 22.605381 0.658509 -0.538553 0.525667 0.724020 0.824611 1 7 1.000000
  7 2.580698 -4.087294 21.441011 0.651469 -0.728135 -0.213090 0.733491 0.795272 1 7 1.000000
  7 3.080765 -2.704970 22.879732 0.718701 -0.418408 0.555341 0.736957 0.840608 2 7 0.965142 14 0.034858
headcrabsheet
  7 2.075634 -4.421158 22.395504 0.049249 -0.523865 0.850376 0.714838 0.808477 1 7 1.000000
  7 2.580698 -4.087294 21.441011 0.651469 -0.728135 -0.213090 0.733491 0.795272 1 7 1.000000
  7 2.721466 -3.684798 22.605381 0.658509 -0.538553 0.525667 0.724020 0.824611 1 7 1.000000
headcrabsheet
  7 1.777895 -4.330518 22.153507 -0.754286 0.001380 0.656545 0.719776 0.805758 1 7 1.000000
  7 2.075634 -4.421158 22.395504 0.049249 -0.523865 0.850376 0.714838 0.808477 1 7 1.000000
  7 2.721466 -3.684798 22.605381 0.658509 -0.538553 0.525667 0.724020 0.824611 1 7 1.000000
headcrabsheet
  7 2.721466 -3.684798 22.605381 0.658509 -0.538553 0.525667 0.724020 0.824611 1 7 1.000000
  7 2.307016 -3.662214 22.737236 -0.275209 -0.414498 0.867440 0.723852 0.827945 1 7 1.000000
  7 1.777895 -4.330518 22.153507 -0.754286 0.001380 0.656545 0.719776 0.805758 1 7 1.000000
headcrabsheet
  7 1.778181 -3.946637 22.039955 -0.928273 0.188507 0.320583 0.728686 0.810223 1 7 1.000000
  7 1.777895 -4.330518 22.153507 -0.754286 0.001380 0.656545 0.719776 0.805758 1 7 1.000000
  7 2.307016 -3.662214 22.737236 -0.275209 -0.414498 0.867440 0.723852 0.827945 1 7 1.000000
headcrabsheet
  14 2.848063 -3.816851 20.621632 0.351183 -0.846697 -0.399719 0.751301 0.784883 3 14 0.501127 7 0.326477 15 0.172397
  7 3.080765 -2.704970 22.879732 0.718701 -0.418408 0.555341 0.736957 0.840608 2 7 0.965142 14 0.034858
  7 2.580698 -4.087294 21.441011 0.651469 -0.728135 -0.213090 0.733491 0.795272 1 7 1.000000
headcrabsheet
  7 2.958735 0.019666 23.840233 -0.221439 0.361768 0.905587 0.769459 0.888679 1 7 1.000000
  7 2.373756 -1.487065 21.828541 -0.932710 0.191166 0.305791 0.769861 0.848086 1 7 1.000000
  7 2.544264 -2.661369 23.155386 -0.379303 -0.164868 0.910466 0.735934 0.842647 1 7 1.000000
headcrabsheet
  7 3.080765 -2.704970 22.879732 0.718701 -0.418408 0.555341 0.736957 0.840608 2 7 0.965142 14 0.034858
  7 2.958735 0.019666 23.840233 -0.221439 0.361768 0.905587 0.769459 0.888679 1 7 1.000000
  7 2.544264 -2.661369 23.155386 -0.379303 -0.164868 0.910466 0.735934 0.842647 1 7 1.000000
headcrabsheet
  7 3.080765 -2.704970 22.879732 0.718701 -0.418408 0.555341 0.736957 0.840608 2 7 0.965142 14 0.034858
  7 3.562621 -0.133245 23.547886 0.651562 0.211070 0.728640 0.773461 0.884883 2 7 0.985251 14 0.014749
  7 2.958735 0.019666 23.840233 -0.221439 0.361768 0.905587 0.769459 0.888679 1 7 1.000000
headcrabsheet
  15 4.491578 -0.858148 21.016506 0.411144 -0.253872 0.875505 0.789281 0.841754 3 15 0.768634 7 0.169771 14 0.061595
  7 3.562621 -0.133245 23.547886 0.651562 0.211070 0.728640 0.773461 0.884883 2 7 0.985251 14 0.014749
  7 3.080765 -2.704970 22.879732 0.718701 -0.418408 0.555341 0.736957 0.840608 2 7 0.965142 14 0.034858
headcrabsheet
  15 4.491578 -0.858148 21.016506 0.411144 -0.253872 0.875505 0.789281 0.841754 3 15 0.768634 7 0.169771 14 0.061595
  7 3.080765 -2.704970 22.879732 0.718701 -0.418408 0.555341 0.736957 0.840608 2 7 0.965142 14 0.034858
  15 3.808393 -2.092351 20.637934 0.527443 -0.701263 0.479618 0.769341 0.813132 3 15 0.937866 14 0.042856 7 0.019278
headcrabsheet
  7 3.080765 -2.704970 22.879732 0.718701 -0.418408 0.555341 0.736957 0.840608 2 7 0.965142 14 0.034858
  15 3.016589 -2.721550 19.001925 -0.878332 -0.475526 0.049073 0.779879 0.769756 3 15 0.720475 14 0.275432 7 0.004093
  15 3.808393 -2.092351 20.637934 0.527443 -0.701263 0.479618 0.769341 0.813132 3 15 0.937866 14 0.042856 7 0.019278
headcrabsheet
  15 3.016589 -2.721550 19.001925 -0.878332 -0.475526 0.049073 0.779879 0.769756 3 15 0.720475 14 0.275432 7 0.004093
  7 3.080765 -2.704970 22.879732 0.718701 -0.418408 0.555341 0.736957 0.840608 2 7 0.965142 14 0.034858
  14 2.848063 -3.816851 20.621632 0.351183 -0.846697 -0.399719 0.751301 0.784883 3 14 0.501127 7 0.326477 15 0.172397
headcrabsheet
  14 2.848063 -3.816851 20.621632 0.351183 -0.846697 -0.399719 0.751301 0.784883 3 14 0.501127 7 0.326477 15 0.172397
  7 2.468820 -2.157751 19.176250 -0.707084 -0.598234 -0.377024 0.791359 0.780167 3 7 0.386909 15 0.375745 14 0.237346
  15 3.016589 -2.721550 19.001925 -0.878332 -0.475526 0.049073 0.779879 0.769756 3 15 0.720475 14 0.275432 7 0.004093
headcrabsheet
  7 2.468820 -2.157751 19.176250 -0.707084 -0.598234 -0.377024 0.791359 0.780167 3 7 0.386909 15 0.375745 14 0.237346
  14 2.848063 -3.816851 20.621632 0.351183 -0.846697 -0.399719 0.751301 0.784883 3 14 0.501127 7 0.326477 15 0.172397
  7 2.303715 -3.097946 20.336742 -0.534406 -0.530002 -0.658413 0.757854 0.779534 2 7 0.868157 15 0.131843
headcrabsheet
  7 2.303715 -3.097946 20.336742 -0.534406 -0.530002 -0.658413 0.757854 0.779534 2 7 0.868157 15 0.131843
  14 2.848063 -3.816851 20.621632 0.351183 -0.846697 -0.399719 0.751301 0.784883 3 14 0.501127 7 0.326477 15 0.172397
  7 2.580698 -4.087294 21.441011 0.651469 -0.728135 -0.213090 0.733491 0.795272 1 7 1.000000
headcrabsheet
  7 2.303715 -3.097946 20.336742 -0.534406 -0.530002 -0.658413 0.757854 0.779534 2 7 0.868157 15 0.131843
  7 2.580698 -4.087294 21.441011 0.651469 -0.728135 -0.213090 0.733491 0.795272 1 7 1.000000
  7 1.787586 -4.539004 21.462683 0.070150 -0.697687 -0.712960 0.724167 0.788518 1 7 1.000000
headcrabsheet
  7 1.923166 -4.636685 21.876310 0.642188 -0.765567 -0.038763 0.717355 0.794851 1 7 1.000000
  7 1.787586 -4.539004 21.462683 0.070150 -0.697687 -0.712960 0.724167 0.788518 1 7 1.000000
  7 2.580698 -4.087294 21.441011 0.651469 -0.728135 -0.213090 0.733491 0.795272 1 7 1.000000
headcrabsheet
  7 2.075634 -4.421158 22.395504 0.049249 -0.523865 0.850376 0.714838 0.808477 1 7 1.000000
  7 1.923166 -4.636685 21.876310 0.642188 -0.765567 -0.038763 0.717355 0.794851 1 7 1.000000
  7 2.580698 -4.087294 21.441011 0.651469 -0.728135 -0.213090 0.733491 0.795272 1 7 1.000000
headcrabsheet
  7 1.807112 -4.616012 22.109049 -0.091930 -0.527039 0.844854 0.714313 0.800118 1 7 1.000000
  7 1.923166 -4.636685 21.876310 0.642188 -0.765567 -0.038763 0.717355 0.794851 1 7 1.000000
  7 2.075634 -4.421158 22.395504 0.049249 -0.523865 0.850376 0.714838 0.808477 1 7 1.000000
headcrabsheet
  7 2.075634 -4.421158 22.395504 0.049249 -0.523865 0.850376 0.714838 0.808477 1 7 1.000000
  7 1.777895 -4.330518 22.153507 -0.754286 0.001380 0.656545 0.719776 0.805758 1 7 1.000000
  7 1.807112 -4.616012 22.109049 -0.091930 -0.527039 0.844854 0.714313 0.800118 1 7 1.000000
headcrabsheet
  7 1.601288 -4.556610 21.886967 -0.840677 0.361973 0.402787 0.717871 0.796942 1 7 1.000000
  7 1.807112 -4.616012 22.109049 -0.091930 -0.527039 0.844854 0.714313 0.800118 1 7 1.000000
  7 1.777895 -4.330518 22.153507 -0.754286 0.001380 0.656545 0.719776 0.805758 1 7 1.000000
headcrabsheet
  7 1.778181 -3.946637 22.039955 -0.928273 0.188507 0.320583 0.728686 0.810223 1 7 1.000000
  7 1.601288 -4.556610 21.886967 -0.840677 0.361973 0.402787 0.717871 0.796942 1 7 1.000000
  7 1.777895 -4.330518 22.153507 -0.754286 0.001380 0.656545 0.719776 0.805758 1 7 1.000000
headcrabsheet
  7 1.778181 -3.946637 22.039955 -0.928273 0.188507 0.320583 0.728686 0.810223 1 7 1.000000
  7 1.574245 -4.498471 21.559246 -0.886909 -0.000373 -0.461944 0.723236 0.791336 1 7 1.000000
  7 1.601288 -4.556610 21.886967 -0.840677 0.361973 0.402787 0.717871 0.796942 1 7 1.000000
headcrabsheet
  7 1.574245 -4.498471 21.559246 -0.886909 -0.000373 -0.461944 0.723236 0.791336 1 7 1.000000
  7 1.778181 -3.946637 22.039955 -0.928273 0.188507 0.320583 0.728686 0.810223 1 7 1.000000
  7 1.865471 -3.473360 20.746460 -0.791154 -0.273160 -0.547228 0.745501 0.791214 2 7 0.966086 15 0.033914
headcrabsheet
  7 1.865471 -3.473360 20.746460 -0.791154 -0.273160 -0.547228 0.745501 0.791214 2 7 0.966086 15 0.033914
  7 1.787586 -4.539004 21.462683 0.070150 -0.697687 -0.712960 0.724167 0.788518 1 7 1.000000
  7 1.574245 -4.498471 21.559246 -0.886909 -0.000373 -0.461944 0.723236 0.791336 1 7 1.000000
headcrabsheet
  7 1.787586 -4.539004 21.462683 0.070150 -0.697687 -0.712960 0.724167 0.788518 1 7 1.000000
  7 1.865471 -3.473360 20.746460 -0.791154 -0.273160 -0.547228 0.745501 0.791214 2 7 0.966086 15 0.033914
  7 2.303715 -3.097946 20.336742 -0.534406 -0.530002 -0.658413 0.757854 0.779534 2 7 0.868157 15 0.131843
headcrabsheet
  7 1.453709 -1.909176 20.558453 -0.930104 -0.309378 0.197970 0.784740 0.802164 1 7 1.000000
  7 2.303715 -3.097946 20.336742 -0.534406 -0.530002 -0.658413 0.757854 0.779534 2 7 0.868157 15 0.131843
  7 1.865471 -3.473360 20.746460 -0.791154 -0.273160 -0.547228 0.745501 0.791214 2 7 0.966086 15 0.033914
headcrabsheet
  7 2.303715 -3.097946 20.336742 -0.534406 -0.530002 -0.658413 0.757854 0.779534 2 7 0.868157 15 0.131843
  7 1.453709 -1.909176 20.558453 -0.930104 -0.309378 0.197970 0.784740 0.802164 1 7 1.000000
  7 2.468820 -2.157751 19.176250 -0.707084 -0.598234 -0.377024 0.791359 0.780167 3 7 0.386909 15 0.375745 14 0.237346
headcrabsheet
  7 1.450922 -2.928589 21.391804 -0.314744 -0.745675 -0.587286 0.468017 0.716367 1 7 1.000000
  7 1.572191 -2.490462 21.543344 -0.265332 -0.240166 -0.933766 0.461764 0.708759 1 7 1.000000
  7 1.642603 -2.611118 21.631472 0.903296 -0.198702 -0.380229 0.465029 0.708043 1 7 1.000000
headcrabsheet
  7 1.450922 -2.928589 21.391804 -0.314744 -0.745675 -0.587286 0.468017 0.716367 1 7 1.000000
  7 1.529758 -2.592653 21.706831 -0.897534 -0.221355 0.381360 0.465556 0.706277 1 7 1.000000
  7 1.572191 -2.490462 21.543344 -0.265332 -0.240166 -0.933766 0.461764 0.708759 1 7 1.000000
headcrabsheet
  7 1.450922 -2.928589 21.391804 -0.314744 -0.745675 -0.587286 0.468017 0.716367 1 7 1.000000
  7 1.639278 -2.687356 21.738909 0.402460 -0.738805 0.540548 0.467694 0.706494 1 7 1.000000
  7 1.529758 -2.592653 21.706831 -0.897534 -0.221355 0.381360 0.465556 0.706277 1 7 1.000000
headcrabsheet
  7 1.654209 -2.256908 22.020809 -0.050843 -0.387016 0.920670 0.463096 0.696209 1 7 1.000000
  7 1.529758 -2.592653 21.706831 -0.897534 -0.221355 0.381360 0.465556 0.706277 1 7 1.000000
  7 1.639278 -2.687356 21.738909 0.402460 -0.738805 0.540548 0.467694 0.706494 1 7 1.000000
headcrabsheet
  7 1.904278 -1.616607 21.959055 0.980167 -0.196201 0.027897 0.450662 0.691152 1 7 1.000000
  7 1.654209 -2.256908 22.020809 -0.050843 -0.387016 0.920670 0.463096 0.696209 1 7 1.000000
  7 1.639278 -2.687356 21.738909 0.402460 -0.738805 0.540548 0.467694 0.706494 1 7 1.000000
headcrabsheet
  7 1.654209 -2.256908 22.020809 -0.050843 -0.387016 0.920670 0.463096 0.696209 1 7 1.000000
  7 1.904278 -1.616607 21.959055 0.980167 -0.196201 0.027897 0.450662 0.691152 1 7 1.000000
  7 1.690435 -1.756191 22.160561 0.120393 -0.278227 0.952940 0.455543 0.688280 1 7 1.000000
headcrabsheet
  7 1.690435 -1.756191 22.160561 0.120393 -0.278227 0.952940 0.455543 0.688280 1 7 1.000000
  7 1.529758 -2.592653 21.706831 -0.897534 -0.221355 0.381360 0.465556 0.706277 1 7 1.000000
  7 1.654209 -2.256908 22.020809 -0.050843 -0.387016 0.920670 0.463096 0.696209 1 7 1.000000
headcrabsheet
  7 1.529758 -2.592653 21.706831 -0.897534 -0.221355 0.381360 0.465556 0.706277 1 7 1.000000
  7 1.690435 -1.756191 22.160561 0.120393 -0.278227 0.952940 0.455543 0.688280 1 7 1.000000
  7 1.504360 -1.756176 21.773380 -0.957074 -0.051748 0.285186 0.450958 0.696621 1 7 1.000000
headcrabsheet
  7 1.529758 -2.592653 21.706831 -0.897534 -0.221355 0.381360 0.465556 0.706277 1 7 1.000000
  7 1.504360 -1.756176 21.773380 -0.957074 -0.051748 0.285186 0.450958 0.696621 1 7 1.000000
  7 1.409243 -1.471051 21.263384 -0.764013 -0.261256 -0.589940 0.439727 0.704759 1 7 1.000000
headcrabsheet
  7 1.409243 -1.471051 21.263384 -0.764013 -0.261256 -0.589940 0.439727 0.704759 1 7 1.000000
  7 1.572191 -2.490462 21.543344 -0.265332 -0.240166 -0.933766 0.461764 0.708759 1 7 1.000000
  7 1.529758 -2.592653 21.706831 -0.897534 -0.221355 0.381360 0.465556 0.706277 1 7 1.000000
headcrabsheet
  7 1.572191 -2.490462 21.543344 -0.265332 -0.240166 -0.933766 0.461764 0.708759 1 7 1.000000
  7 1.409243 -1.471051 21.263384 -0.764013 -0.261256 -0.589940 0.439727 0.704759 1 7 1.000000
  7 1.560762 -1.462928 21.163567 0.158153 -0.319725 -0.934218 0.438475 0.706763 1 7 1.000000
headcrabsheet
  7 1.560762 -1.462928 21.163567 0.158153 -0.319725 -0.934218 0.438475 0.706763 1 7 1.000000
  7 1.642603 -2.611118 21.631472 0.903296 -0.198702 -0.380229 0.465029 0.708043 1 7 1.000000
  7 1.572191 -2.490462 21.543344 -0.265332 -0.240166 -0.933766 0.461764 0.708759 1 7 1.000000
headcrabsheet
  7 1.642603 -2.611118 21.631472 0.903296 -0.198702 -0.380229 0.465029 0.708043 1 7 1.000000
  7 1.560762 -1.462928 21.163567 0.158153 -0.319725 -0.934218 0.438475 0.706763 1 7 1.000000
  7 1.904278 -1.616607 21.959055 0.980167 -0.196201 0.027897 0.450662 0.691152 1 7 1.000000
headcrabsheet
  7 1.904278 -1.616607 21.959055 0.980167 -0.196201 0.027897 0.450662 0.691152 1 7 1.000000
  7 1.639278 -2.687356 21.738909 0.402460 -0.738805 0.540548 0.467694 0.706494 1 7 1.000000
  7 1.642603 -2.611118 21.631472 0.903296 -0.198702 -0.380229 0.465029 0.708043 1 7 1.000000
headcrabsheet
  7 1.450922 -2.928589 21.391804 -0.314744 -0.745675 -0.587286 0.468017 0.716367 1 7 1.000000
  7 1.642603 -2.611118 21.631472 0.903296 -0.198702 -0.380229 0.465029 0.708043 1 7 1.000000
  7 1.639278 -2.687356 21.738909 0.402460 -0.738805 0.540548 0.467694 0.706494 1 7 1.000000
headcrabsheet
  6 4.234258 -3.543940 17.706186 0.512861 -0.079596 0.854774 0.548318 0.532556 3 6 0.515539 14 0.462023 15 0.022437
  6 3.978694 -3.759089 17.575781 -0.885357 0.198727 0.420299 0.550186 0.531069 1 6 1.000000
  6 4.109341 -4.013840 17.737373 0.245618 -0.305669 0.919912 0.548308 0.528731 1 6 1.000000
headcrabsheet
  6 3.880921 -4.534958 17.542242 -0.317116 -0.947072 -0.049911 0.550336 0.523563 3 6 0.691354 14 0.304908 5 0.003738
  6 4.109341 -4.013840 17.737373 0.245618 -0.305669 0.919912 0.548308 0.528731 1 6 1.000000
  6 3.978694 -3.759089 17.575781 -0.885357 0.198727 0.420299 0.550186 0.531069 1 6 1.000000
headcrabsheet
  6 3.880921 -4.534958 17.542242 -0.317116 -0.947072 -0.049911 0.550336 0.523563 3 6 0.691354 14 0.304908 5 0.003738
  6 3.978694 -3.759089 17.575781 -0.885357 0.198727 0.420299 0.550186 0.531069 1 6 1.000000
  6 4.135019 -3.915305 17.396677 0.419645 -0.367094 -0.830144 0.552140 0.529455 1 6 1.000000
headcrabsheet
  6 3.880921 -4.534958 17.542242 -0.317116 -0.947072 -0.049911 0.550336 0.523563 3 6 0.691354 14 0.304908 5 0.003738
  6 4.135019 -3.915305 17.396677 0.419645 -0.367094 -0.830144 0.552140 0.529455 1 6 1.000000
  6 4.289828 -3.671767 17.505484 0.928583 -0.306182 0.209728 0.550872 0.531950 3 6 0.515689 14 0.478654 5 0.005657
headcrabsheet
  6 3.880921 -4.534958 17.542242 -0.317116 -0.947072 -0.049911 0.550336 0.523563 3 6 0.691354 14 0.304908 5 0.003738
  6 4.289828 -3.671767 17.505484 0.928583 -0.306182 0.209728 0.550872 0.531950 3 6 0.515689 14 0.478654 5 0.005657
  6 4.109341 -4.013840 17.737373 0.245618 -0.305669 0.919912 0.548308 0.528731 1 6 1.000000
headcrabsheet
  6 4.109341 -4.013840 17.737373 0.245618 -0.305669 0.919912 0.548308 0.528731 1 6 1.000000
  6 4.289828 -3.671767 17.505484 0.928583 -0.306182 0.209728 0.550872 0.531950 3 6 0.515689 14 0.478654 5 0.005657
  6 4.234258 -3.543940 17.706186 0.512861 -0.079596 0.854774 0.548318 0.532556 3 6 0.515539 14 0.462023 15 0.022437
headcrabsheet
  7 -0.428482 -3.669215 22.574184 0.168988 -0.861156 -0.479431 0.385955 0.446813 1 7 1.000000
  7 -0.525988 -3.335745 23.096346 0.418519 -0.547225 0.724836 0.405116 0.451463 1 7 1.000000
  7 -0.618683 -3.307935 23.080872 -0.771375 -0.454115 0.445825 0.405160 0.450922 1 7 1.000000
headcrabsheet
  7 -0.428482 -3.669215 22.574184 0.168988 -0.861156 -0.479431 0.385955 0.446813 1 7 1.000000
  7 -0.618683 -3.307935 23.080872 -0.771375 -0.454115 0.445825 0.405160 0.450922 1 7 1.000000
  7 -0.541441 -3.177718 22.624077 -0.710769 -0.271093 -0.649088 0.395233 0.442342 1 7 1.000000
headcrabsheet
  7 -0.428482 -3.669215 22.574184 0.168988 -0.861156 -0.479431 0.385955 0.446813 1 7 1.000000
  7 -0.541441 -3.177718 22.624077 -0.710769 -0.271093 -0.649088 0.395233 0.442342 1 7 1.000000
  7 -0.459795 -3.159227 22.622498 0.736288 -0.169010 -0.655221 0.395492 0.442121 1 7 1.000000
headcrabsheet
  7 -0.541441 -3.177718 22.624077 -0.710769 -0.271093 -0.649088 0.395233 0.442342 1 7 1.000000
  7 -0.570232 -2.764523 22.288431 -0.695908 -0.496991 -0.518375 0.393089 0.432647 1 7 1.000000
  7 -0.459795 -3.159227 22.622498 0.736288 -0.169010 -0.655221 0.395492 0.442121 1 7 1.000000
headcrabsheet
  7 -0.541441 -3.177718 22.624077 -0.710769 -0.271093 -0.649088 0.395233 0.442342 1 7 1.000000
  7 -0.699360 -2.776192 23.226616 -0.717150 0.099323 0.689804 0.417613 0.447530 1 7 1.000000
  7 -0.570232 -2.764523 22.288431 -0.695908 -0.496991 -0.518375 0.393089 0.432647 1 7 1.000000
headcrabsheet
  7 -0.699360 -2.776192 23.226616 -0.717150 0.099323 0.689804 0.417613 0.447530 1 7 1.000000
  7 -0.541441 -3.177718 22.624077 -0.710769 -0.271093 -0.649088 0.395233 0.442342 1 7 1.000000
  7 -0.618683 -3.307935 23.080872 -0.771375 -0.454115 0.445825 0.405160 0.450922 1 7 1.000000
headcrabsheet
  7 -0.525988 -3.335745 23.096346 0.418519 -0.547225 0.724836 0.405116 0.451463 1 7 1.000000
  7 -0.699360 -2.776192 23.226616 -0.717150 0.099323 0.689804 0.417613 0.447530 1 7 1.000000
  7 -0.618683 -3.307935 23.080872 -0.771375 -0.454115 0.445825 0.405160 0.450922 1 7 1.000000
headcrabsheet
  7 -0.525988 -3.335745 23.096346 0.418519 -0.547225 0.724836 0.405116 0.451463 1 7 1.000000
  7 -0.530794 -2.792465 23.249567 0.472830 0.127581 0.871868 0.417948 0.448062 1 7 1.000000
  7 -0.699360 -2.776192 23.226616 -0.717150 0.099323 0.689804 0.417613 0.447530 1 7 1.000000
headcrabsheet
  7 -0.530794 -2.792465 23.249567 0.472830 0.127581 0.871868 0.417948 0.448062 1 7 1.000000
  7 -0.525988 -3.335745 23.096346 0.418519 -0.547225 0.724836 0.405116 0.451463 1 7 1.000000
  7 -0.428482 -3.669215 22.574184 0.168988 -0.861156 -0.479431 0.385955 0.446813 1 7 1.000000
headcrabsheet
  7 -0.428482 -3.669215 22.574184 0.168988 -0.861156 -0.479431 0.385955 0.446813 1 7 1.000000
  7 -0.416029 -2.836029 22.888277 0.985531 -0.011480 0.169108 0.407724 0.442844 1 7 1.000000
  7 -0.530794 -2.792465 23.249567 0.472830 0.127581 0.871868 0.417948 0.448062 1 7 1.000000
headcrabsheet
  7 -0.416029 -2.836029 22.888277 0.985531 -0.011480 0.169108 0.407724 0.442844 1 7 1.000000
  7 -0.428482 -3.669215 22.574184 0.168988 -0.861156 -0.479431 0.385955 0.446813 1 7 1.000000
  7 -0.459795 -3.159227 22.622498 0.736288 -0.169010 -0.655221 0.395492 0.442121 1 7 1.000000
headcrabsheet
  7 -0.388645 -2.267288 22.437571 0.999378 -0.026342 0.023421 0.405063 0.429674 1 7 1.000000
  7 -0.416029 -2.836029 22.888277 0.985531 -0.011480 0.169108 0.407724 0.442844 1 7 1.000000
  7 -0.459795 -3.159227 22.622498 0.736288 -0.169010 -0.655221 0.395492 0.442121 1 7 1.000000
headcrabsheet
  7 -0.459795 -3.159227 22.622498 0.736288 -0.169010 -0.655221 0.395492 0.442121 1 7 1.000000
  7 -0.419548 -1.994181 21.546558 0.094724 -0.677465 -0.729430 0.386039 0.412760 1 7 1.000000
  7 -0.388645 -2.267288 22.437571 0.999378 -0.026342 0.023421 0.405063 0.429674 1 7 1.000000
headcrabsheet
  7 -0.419548 -1.994181 21.546558 0.094724 -0.677465 -0.729430 0.386039 0.412760 1 7 1.000000
  7 -0.459795 -3.159227 22.622498 0.736288 -0.169010 -0.655221 0.395492 0.442121 1 7 1.000000
  7 -0.570232 -2.764523 22.288431 -0.695908 -0.496991 -0.518375 0.393089 0.432647 1 7 1.000000
headcrabsheet
  7 -0.570232 -2.764523 22.288431 -0.695908 -0.496991 -0.518375 0.393089 0.432647 1 7 1.000000
  7 -0.602839 -1.914178 21.517315 -0.506604 -0.600031 -0.619125 0.386578 0.411453 1 7 1.000000
  7 -0.419548 -1.994181 21.546558 0.094724 -0.677465 -0.729430 0.386039 0.412760 1 7 1.000000
headcrabsheet
  7 -0.602839 -1.914178 21.517315 -0.506604 -0.600031 -0.619125 0.386578 0.411453 1 7 1.000000
  7 -0.570232 -2.764523 22.288431 -0.695908 -0.496991 -0.518375 0.393089 0.432647 1 7 1.000000
  7 -0.699360 -2.776192 23.226616 -0.717150 0.099323 0.689804 0.417613 0.447530 1 7 1.000000
headcrabsheet
  7 -0.699360 -2.776192 23.226616 -0.717150 0.099323 0.689804 0.417613 0.447530 1 7 1.000000
  7 -0.743027 -2.157558 22.410753 -0.913557 -0.346130 -0.213559 0.406164 0.428097 1 7 1.000000
  7 -0.602839 -1.914178 21.517315 -0.506604 -0.600031 -0.619125 0.386578 0.411453 1 7 1.000000
headcrabsheet
  7 -0.699360 -2.776192 23.226616 -0.717150 0.099323 0.689804 0.417613 0.447530 1 7 1.000000
  7 -0.753576 -2.206503 22.796400 -0.902859 0.215584 0.371980 0.415504 0.434669 1 7 1.000000
  7 -0.743027 -2.157558 22.410753 -0.913557 -0.346130 -0.213559 0.406164 0.428097 1 7 1.000000
headcrabsheet
  7 -0.753576 -2.206503 22.796400 -0.902859 0.215584 0.371980 0.415504 0.434669 1 7 1.000000
  7 -0.699360 -2.776192 23.226616 -0.717150 0.099323 0.689804 0.417613 0.447530 1 7 1.000000
  7 -0.530794 -2.792465 23.249567 0.472830 0.127581 0.871868 0.417948 0.448062 1 7 1.000000
headcrabsheet
  7 -0.753576 -2.206503 22.796400 -0.902859 0.215584 0.371980 0.415504 0.434669 1 7 1.000000
  7 -0.530794 -2.792465 23.249567 0.472830 0.127581 0.871868 0.417948 0.448062 1 7 1.000000
  7 -0.486847 -2.264117 22.804930 0.703769 0.428734 0.566477 0.414788 0.435417 1 7 1.000000
headcrabsheet
  7 -0.486847 -2.264117 22.804930 0.703769 0.428734 0.566477 0.414788 0.435417 1 7 1.000000
  7 -0.530794 -2.792465 23.249567 0.472830 0.127581 0.871868 0.417948 0.448062 1 7 1.000000
  7 -0.416029 -2.836029 22.888277 0.985531 -0.011480 0.169108 0.407724 0.442844 1 7 1.000000
headcrabsheet
  7 -0.486847 -2.264117 22.804930 0.703769 0.428734 0.566477 0.414788 0.435417 1 7 1.000000
  7 -0.416029 -2.836029 22.888277 0.985531 -0.011480 0.169108 0.407724 0.442844 1 7 1.000000
  7 -0.388645 -2.267288 22.437571 0.999378 -0.026342 0.023421 0.405063 0.429674 1 7 1.000000
headcrabsheet
  7 0.814014 -1.782973 20.561760 0.188271 -0.898837 0.395784 0.190218 0.489713 1 7 1.000000
  7 1.453709 -1.909176 20.558453 0.100747 -0.824303 0.557112 0.165217 0.485312 1 7 1.000000
  7 1.063927 -1.841053 20.822327 -0.009663 -0.991739 0.127906 0.187741 0.480460 1 7 1.000000
headcrabsheet
  7 1.040257 -2.412710 24.047550 0.510824 -0.833002 0.212525 0.235561 0.427726 1 7 1.000000
  7 1.122484 -1.784235 22.260761 0.210998 -0.977465 0.006500 0.208375 0.454447 1 7 1.000000
  7 1.279762 -1.778874 22.849312 0.367199 -0.910107 0.192016 0.213587 0.441119 1 7 1.000000
headcrabsheet
  7 1.277565 -1.993504 22.172613 -0.172124 -0.984431 -0.035611 0.202718 0.453456 1 7 1.000000
  7 1.279762 -1.778874 22.849312 0.367199 -0.910107 0.192016 0.213587 0.441119 1 7 1.000000
  7 1.122484 -1.784235 22.260761 0.210998 -0.977465 0.006500 0.208375 0.454447 1 7 1.000000
headcrabsheet
  7 1.277565 -1.993504 22.172613 -0.172124 -0.984431 -0.035611 0.202718 0.453456 1 7 1.000000
  7 1.841467 -1.633072 23.649723 -0.238357 -0.465347 0.852431 0.213048 0.415143 1 7 1.000000
  7 1.279762 -1.778874 22.849312 0.367199 -0.910107 0.192016 0.213587 0.441119 1 7 1.000000
headcrabsheet
  7 1.841467 -1.633072 23.649723 -0.238357 -0.465347 0.852431 0.213048 0.415143 1 7 1.000000
  7 1.277565 -1.993504 22.172613 -0.172124 -0.984431 -0.035611 0.202718 0.453456 1 7 1.000000
  7 1.751690 -1.913390 23.232595 -0.320950 -0.883897 0.340171 0.207971 0.425106 1 7 1.000000
headcrabsheet
  7 1.751690 -1.913390 23.232595 -0.320950 -0.883897 0.340171 0.207971 0.425106 1 7 1.000000
  7 2.321381 -1.560117 23.537939 0.513446 -0.577713 0.634524 0.200340 0.406738 1 7 1.000000
  7 1.841467 -1.633072 23.649723 -0.238357 -0.465347 0.852431 0.213048 0.415143 1 7 1.000000
headcrabsheet
  7 1.751690 -1.913390 23.232595 -0.320950 -0.883897 0.340171 0.207971 0.425106 1 7 1.000000
  7 2.115072 -1.834003 23.166218 0.382306 -0.910937 0.155032 0.198715 0.418334 1 7 1.000000
  7 2.321381 -1.560117 23.537939 0.513446 -0.577713 0.634524 0.200340 0.406738 1 7 1.000000
headcrabsheet
  7 2.115072 -1.834003 23.166218 0.382306 -0.910937 0.155032 0.198715 0.418334 1 7 1.000000
  7 2.614397 -1.496011 22.756720 0.844186 -0.535369 -0.027010 0.183778 0.412301 1 7 1.000000
  7 2.321381 -1.560117 23.537939 0.513446 -0.577713 0.634524 0.200340 0.406738 1 7 1.000000
headcrabsheet
  7 2.614397 -1.496011 22.756720 0.844186 -0.535369 -0.027010 0.183778 0.412301 1 7 1.000000
  7 2.115072 -1.834003 23.166218 0.382306 -0.910937 0.155032 0.198715 0.418334 1 7 1.000000
  7 2.221235 -1.725309 22.211903 0.375564 -0.916370 -0.138629 0.183061 0.431381 1 7 1.000000
headcrabsheet
  7 2.221235 -1.725309 22.211903 0.375564 -0.916370 -0.138629 0.183061 0.431381 1 7 1.000000
  7 2.373756 -1.487065 21.828541 0.762147 -0.615067 -0.202051 0.175118 0.433517 1 7 1.000000
  7 2.614397 -1.496011 22.756720 0.844186 -0.535369 -0.027010 0.183778 0.412301 1 7 1.000000
headcrabsheet
  7 2.221235 -1.725309 22.211903 0.375564 -0.916370 -0.138629 0.183061 0.431381 1 7 1.000000
  7 1.960978 -1.697272 20.993874 0.498766 -0.857484 -0.126310 0.169857 0.453509 1 7 1.000000
  7 2.373756 -1.487065 21.828541 0.762147 -0.615067 -0.202051 0.175118 0.433517 1 7 1.000000
headcrabsheet
  7 1.960978 -1.697272 20.993874 0.498766 -0.857484 -0.126310 0.169857 0.453509 1 7 1.000000
  7 2.221235 -1.725309 22.211903 0.375564 -0.916370 -0.138629 0.183061 0.431381 1 7 1.000000
  7 1.453709 -1.909176 20.558453 0.100747 -0.824303 0.557112 0.165217 0.485312 1 7 1.000000
headcrabsheet
  7 1.904278 -1.616607 21.959055 -0.404134 -0.913757 0.041523 0.185949 0.442671 1 7 1.000000
  7 1.453709 -1.909176 20.558453 0.100747 -0.824303 0.557112 0.165217 0.485312 1 7 1.000000
  7 2.221235 -1.725309 22.211903 0.375564 -0.916370 -0.138629 0.183061 0.431381 1 7 1.000000
headcrabsheet
  7 1.453709 -1.909176 20.558453 0.100747 -0.824303 0.557112 0.165217 0.485312 1 7 1.000000
  7 1.904278 -1.616607 21.959055 -0.404134 -0.913757 0.041523 0.185949 0.442671 1 7 1.000000
  7 1.560762 -1.462928 21.163567 -0.492260 -0.680496 0.542776 0.182372 0.462969 1 7 1.000000
headcrabsheet
  7 1.560762 -1.462928 21.163567 -0.492260 -0.680496 0.542776 0.182372 0.462969 1 7 1.000000
  7 1.063927 -1.841053 20.822327 -0.009663 -0.991739 0.127906 0.187741 0.480460 1 7 1.000000
  7 1.453709 -1.909176 20.558453 0.100747 -0.824303 0.557112 0.165217 0.485312 1 7 1.000000
headcrabsheet
  7 1.560762 -1.462928 21.163567 -0.492260 -0.680496 0.542776 0.182372 0.462969 1 7 1.000000
  7 1.409243 -1.471051 21.263384 0.615511 -0.784673 0.073718 0.187369 0.464495 1 7 1.000000
  7 1.063927 -1.841053 20.822327 -0.009663 -0.991739 0.127906 0.187741 0.480460 1 7 1.000000
headcrabsheet
  7 1.409243 -1.471051 21.263384 0.615511 -0.784673 0.073718 0.187369 0.464495 1 7 1.000000
  7 1.277565 -1.993504 22.172613 -0.172124 -0.984431 -0.035611 0.202718 0.453456 1 7 1.000000
  7 1.063927 -1.841053 20.822327 -0.009663 -0.991739 0.127906 0.187741 0.480460 1 7 1.000000
headcrabsheet
  7 1.277565 -1.993504 22.172613 -0.172124 -0.984431 -0.035611 0.202718 0.453456 1 7 1.000000
  7 1.409243 -1.471051 21.263384 0.615511 -0.784673 0.073718 0.187369 0.464495 1 7 1.000000
  7 1.504360 -1.756176 21.773380 0.175074 -0.893690 -0.413118 0.192023 0.454742 1 7 1.000000
headcrabsheet
  7 1.504360 -1.756176 21.773380 0.175074 -0.893690 -0.413118 0.192023 0.454742 1 7 1.000000
  7 1.751690 -1.913390 23.232595 -0.320950 -0.883897 0.340171 0.207971 0.425106 1 7 1.000000
  7 1.277565 -1.993504 22.172613 -0.172124 -0.984431 -0.035611 0.202718 0.453456 1 7 1.000000
headcrabsheet
  7 1.751690 -1.913390 23.232595 -0.320950 -0.883897 0.340171 0.207971 0.425106 1 7 1.000000
  7 1.504360 -1.756176 21.773380 0.175074 -0.893690 -0.413118 0.192023 0.454742 1 7 1.000000
  7 1.690435 -1.756191 22.160561 0.222600 -0.952331 -0.208604 0.193559 0.444213 1 7 1.000000
headcrabsheet
  7 1.690435 -1.756191 22.160561 0.222600 -0.952331 -0.208604 0.193559 0.444213 1 7 1.000000
  7 2.115072 -1.834003 23.166218 0.382306 -0.910937 0.155032 0.198715 0.418334 1 7 1.000000
  7 1.751690 -1.913390 23.232595 -0.320950 -0.883897 0.340171 0.207971 0.425106 1 7 1.000000
headcrabsheet
  7 1.690435 -1.756191 22.160561 0.222600 -0.952331 -0.208604 0.193559 0.444213 1 7 1.000000
  7 2.221235 -1.725309 22.211903 0.375564 -0.916370 -0.138629 0.183061 0.431381 1 7 1.000000
  7 2.115072 -1.834003 23.166218 0.382306 -0.910937 0.155032 0.198715 0.418334 1 7 1.000000
headcrabsheet
  7 2.221235 -1.725309 22.211903 0.375564 -0.916370 -0.138629 0.183061 0.431381 1 7 1.000000
  7 1.690435 -1.756191 22.160561 0.222600 -0.952331 -0.208604 0.193559 0.444213 1 7 1.000000
  7 1.904278 -1.616607 21.959055 -0.404134 -0.913757 0.041523 0.185949 0.442671 1 7 1.000000
headcrabsheet
  7 1.122484 -1.784235 22.260761 0.210998 -0.977465 0.006500 0.208375 0.454447 1 7 1.000000
  7 1.063927 -1.841053 20.822327 -0.009663 -0.991739 0.127906 0.187741 0.480460 1 7 1.000000
  7 1.277565 -1.993504 22.172613 -0.172124 -0.984431 -0.035611 0.202718 0.453456 1 7 1.000000
headcrabsheet
  7 1.063927 -1.841053 20.822327 -0.009663 -0.991739 0.127906 0.187741 0.480460 1 7 1.000000
  7 1.122484 -1.784235 22.260761 0.210998 -0.977465 0.006500 0.208375 0.454447 1 7 1.000000
  7 0.814014 -1.782973 20.561760 0.188271 -0.898837 0.395784 0.190218 0.489713 1 7 1.000000
headcrabsheet
  7 0.917610 -2.505160 22.250673 0.134316 -0.990347 -0.034228 0.210925 0.461284 1 7 1.000000
  7 0.814014 -1.782973 20.561760 0.188271 -0.898837 0.395784 0.190218 0.489713 1 7 1.000000
  7 1.122484 -1.784235 22.260761 0.210998 -0.977465 0.006500 0.208375 0.454447 1 7 1.000000
headcrabsheet
  7 0.814014 -1.782973 20.561760 0.188271 -0.898837 0.395784 0.190218 0.489713 1 7 1.000000
  7 0.917610 -2.505160 22.250673 0.134316 -0.990347 -0.034228 0.210925 0.461284 1 7 1.000000
  7 0.701208 -2.330399 21.330893 0.306319 -0.941421 -0.141052 0.202590 0.480876 1 7 1.000000
headcrabsheet
  7 0.701208 -2.330399 21.330893 0.306319 -0.941421 -0.141052 0.202590 0.480876 1 7 1.000000
  7 0.917610 -2.505160 22.250673 0.134316 -0.990347 -0.034228 0.210925 0.461284 1 7 1.000000
  7 0.743027 -2.157559 22.410753 -0.870127 -0.485492 0.084710 0.218422 0.461097 1 7 1.000000
headcrabsheet
  7 0.701208 -2.330399 21.330893 0.306319 -0.941421 -0.141052 0.202590 0.480876 1 7 1.000000
  7 0.743027 -2.157559 22.410753 -0.870127 -0.485492 0.084710 0.218422 0.461097 1 7 1.000000
  7 0.602839 -1.914178 21.517315 -0.549068 -0.369799 0.749515 0.208858 0.478505 1 7 1.000000
headcrabsheet
  7 0.602839 -1.914178 21.517315 -0.549068 -0.369799 0.749515 0.208858 0.478505 1 7 1.000000
  7 0.185408 -2.464187 21.571613 -0.195846 -0.980482 0.017272 0.217941 0.487988 1 7 1.000000
  7 0.701208 -2.330399 21.330893 0.306319 -0.941421 -0.141052 0.202590 0.480876 1 7 1.000000
headcrabsheet
  7 0.185408 -2.464187 21.571613 -0.195846 -0.980482 0.017272 0.217941 0.487988 1 7 1.000000
  7 0.602839 -1.914178 21.517315 -0.549068 -0.369799 0.749515 0.208858 0.478505 1 7 1.000000
  7 0.419548 -1.994181 21.546558 0.520870 -0.244061 0.818003 0.213369 0.482108 1 7 1.000000
headcrabsheet
  7 0.419548 -1.994181 21.546558 0.520870 -0.244061 0.818003 0.213369 0.482108 1 7 1.000000
  7 0.188581 -2.560800 23.410738 -0.237205 -0.968530 0.075383 0.245476 0.456902 1 7 1.000000
  7 0.185408 -2.464187 21.571613 -0.195846 -0.980482 0.017272 0.217941 0.487988 1 7 1.000000
headcrabsheet
  7 0.188581 -2.560800 23.410738 -0.237205 -0.968530 0.075383 0.245476 0.456902 1 7 1.000000
  7 0.419548 -1.994181 21.546558 0.520870 -0.244061 0.818003 0.213369 0.482108 1 7 1.000000
  7 0.388645 -2.267288 22.437571 0.062555 -0.961775 -0.266599 0.226829 0.468425 1 7 1.000000
headcrabsheet
  7 0.388645 -2.267288 22.437571 0.062555 -0.961775 -0.266599 0.226829 0.468425 1 7 1.000000
  7 0.372568 -2.416994 24.024679 -0.390850 -0.860587 0.326536 0.250908 0.442073 1 7 1.000000
  7 0.188581 -2.560800 23.410738 -0.237205 -0.968530 0.075383 0.245476 0.456902 1 7 1.000000
headcrabsheet
  7 0.372568 -2.416994 24.024679 -0.390850 -0.860587 0.326536 0.250908 0.442073 1 7 1.000000
  7 0.388645 -2.267288 22.437571 0.062555 -0.961775 -0.266599 0.226829 0.468425 1 7 1.000000
  7 0.486847 -2.264117 22.804930 0.272322 -0.955476 -0.113608 0.230115 0.460073 1 7 1.000000
headcrabsheet
  7 0.486847 -2.264117 22.804930 0.272322 -0.955476 -0.113608 0.230115 0.460073 1 7 1.000000
  7 0.708487 -2.335674 24.429899 -0.069528 -0.678079 0.731693 0.249410 0.427846 1 7 1.000000
  7 0.372568 -2.416994 24.024679 -0.390850 -0.860587 0.326536 0.250908 0.442073 1 7 1.000000
headcrabsheet
  7 0.486847 -2.264117 22.804930 0.272322 -0.955476 -0.113608 0.230115 0.460073 1 7 1.000000
  7 1.040257 -2.412710 24.047550 0.510824 -0.833002 0.212525 0.235561 0.427726 1 7 1.000000
  7 0.708487 -2.335674 24.429899 -0.069528 -0.678079 0.731693 0.249410 0.427846 1 7 1.000000
headcrabsheet
  7 1.040257 -2.412710 24.047550 0.510824 -0.833002 0.212525 0.235561 0.427726 1 7 1.000000
  7 0.486847 -2.264117 22.804930 0.272322 -0.955476 -0.113608 0.230115 0.460073 1 7 1.000000
  7 0.753576 -2.206503 22.796400 -0.042331 -0.987315 -0.153023 0.223884 0.454453 1 7 1.000000
headcrabsheet
  7 1.040257 -2.412710 24.047550 0.510824 -0.833002 0.212525 0.235561 0.427726 1 7 1.000000
  7 0.753576 -2.206503 22.796400 -0.042331 -0.987315 -0.153023 0.223884 0.454453 1 7 1.000000
  7 0.743027 -2.157559 22.410753 -0.870127 -0.485492 0.084710 0.218422 0.461097 1 7 1.000000
headcrabsheet
  7 0.743027 -2.157559 22.410753 -0.870127 -0.485492 0.084710 0.218422 0.461097 1 7 1.000000
  7 0.917610 -2.505160 22.250673 0.134316 -0.990347 -0.034228 0.210925 0.461284 1 7 1.000000
  7 1.040257 -2.412710 24.047550 0.510824 -0.833002 0.212525 0.235561 0.427726 1 7 1.000000
headcrabsheet
  7 1.122484 -1.784235 22.260761 0.210998 -0.977465 0.006500 0.208375 0.454447 1 7 1.000000
  7 1.040257 -2.412710 24.047550 0.510824 -0.833002 0.212525 0.235561 0.427726 1 7 1.000000
  7 0.917610 -2.505160 22.250673 0.134316 -0.990347 -0.034228 0.210925 0.461284 1 7 1.000000
headcrabsheet
  7 0.188581 -2.560800 23.410738 -0.237205 -0.968530 0.075383 0.245476 0.456902 1 7 1.000000
  7 0.000000 -1.851210 24.150639 -0.540945 -0.495818 0.679370 0.263063 0.445844 1 7 1.000000
  7 0.000000 -2.023306 22.447632 -0.938317 -0.345693 -0.007587 0.236922 0.475650 1 7 1.000000
headcrabsheet
  7 0.000000 -2.023306 22.447632 -0.938317 -0.345693 -0.007587 0.236922 0.475650 1 7 1.000000
  7 0.185408 -2.464187 21.571613 -0.195846 -0.980482 0.017272 0.217941 0.487988 1 7 1.000000
  7 0.188581 -2.560800 23.410738 -0.237205 -0.968530 0.075383 0.245476 0.456902 1 7 1.000000
headcrabsheet
  7 0.185408 -2.464187 21.571613 -0.195846 -0.980482 0.017272 0.217941 0.487988 1 7 1.000000
  7 0.000000 -2.023306 22.447632 -0.938317 -0.345693 -0.007587 0.236922 0.475650 1 7 1.000000
  7 0.000000 -1.966574 20.778748 0.000000 -0.975508 0.219963 0.212271 0.503757 1 7 1.000000
headcrabsheet
  7 0.000000 -1.966574 20.778748 0.000000 -0.975508 0.219963 0.212271 0.503757 1 7 1.000000
  7 0.701208 -2.330399 21.330893 0.306319 -0.941421 -0.141052 0.202590 0.480876 1 7 1.000000
  7 0.185408 -2.464187 21.571613 -0.195846 -0.980482 0.017272 0.217941 0.487988 1 7 1.000000
headcrabsheet
  7 0.000000 -1.966574 20.778748 0.000000 -0.975508 0.219963 0.212271 0.503757 1 7 1.000000
  7 0.814014 -1.782973 20.561760 0.188271 -0.898837 0.395784 0.190218 0.489713 1 7 1.000000
  7 0.701208 -2.330399 21.330893 0.306319 -0.941421 -0.141052 0.202590 0.480876 1 7 1.000000
headcrabsheet
  7 -0.188581 -2.560800 23.410738 0.237205 -0.968530 0.075383 0.254168 0.464980 1 7 1.000000
  7 0.000000 -2.023306 22.447632 0.938317 -0.345693 -0.007587 0.236922 0.475650 1 7 1.000000
  7 0.000000 -1.851210 24.150639 0.540945 -0.495818 0.679370 0.263063 0.445844 1 7 1.000000
headcrabsheet
  7 0.000000 -2.023306 22.447632 0.938317 -0.345693 -0.007587 0.236922 0.475650 1 7 1.000000
  7 -0.188581 -2.560800 23.410738 0.237205 -0.968530 0.075383 0.254168 0.464980 1 7 1.000000
  7 -0.185408 -2.464187 21.571613 0.195845 -0.980483 0.017272 0.226939 0.496335 1 7 1.000000
headcrabsheet
  7 -0.185408 -2.464187 21.571613 0.195845 -0.980483 0.017272 0.226939 0.496335 1 7 1.000000
  7 0.000000 -1.966574 20.778748 0.000000 -0.975508 0.219963 0.212271 0.503757 1 7 1.000000
  7 0.000000 -2.023306 22.447632 0.938317 -0.345693 -0.007587 0.236922 0.475650 1 7 1.000000
headcrabsheet
  7 0.000000 -1.966574 20.778748 0.000000 -0.975508 0.219963 0.212271 0.503757 1 7 1.000000
  7 -0.185408 -2.464187 21.571613 0.195845 -0.980483 0.017272 0.226939 0.496335 1 7 1.000000
  7 -0.701208 -2.330399 21.330893 -0.306319 -0.941421 -0.141052 0.235993 0.510627 1 7 1.000000
headcrabsheet
  7 0.000000 -1.966574 20.778748 0.000000 -0.975508 0.219963 0.212271 0.503757 1 7 1.000000
  7 -0.701208 -2.330399 21.330893 -0.306319 -0.941421 -0.141052 0.235993 0.510627 1 7 1.000000
  7 -0.814014 -1.782972 20.561760 -0.188271 -0.898838 0.395784 0.228846 0.524046 1 7 1.000000
headcrabsheet
  7 -0.814014 -1.782972 20.561760 -0.188271 -0.898838 0.395784 0.228846 0.524046 1 7 1.000000
  7 -0.701208 -2.330399 21.330893 -0.306319 -0.941421 -0.141052 0.235993 0.510627 1 7 1.000000
  7 -0.917610 -2.505159 22.250673 -0.134316 -0.990347 -0.034228 0.254330 0.499807 1 7 1.000000
headcrabsheet
  7 -0.917610 -2.505159 22.250673 -0.134316 -0.990347 -0.034228 0.254330 0.499807 1 7 1.000000
  7 -1.122484 -1.784235 22.260761 -0.210998 -0.977465 0.006500 0.261442 0.501443 1 7 1.000000
  7 -0.814014 -1.782972 20.561760 -0.188271 -0.898838 0.395784 0.228846 0.524046 1 7 1.000000
headcrabsheet
  7 -1.122484 -1.784235 22.260761 -0.210998 -0.977465 0.006500 0.261442 0.501443 1 7 1.000000
  7 -0.917610 -2.505159 22.250673 -0.134316 -0.990347 -0.034228 0.254330 0.499807 1 7 1.000000
  7 -1.040257 -2.412710 24.047550 -0.510824 -0.833002 0.212525 0.284388 0.471004 1 7 1.000000
headcrabsheet
  7 -1.040257 -2.412710 24.047550 -0.510824 -0.833002 0.212525 0.284388 0.471004 1 7 1.000000
  7 -1.279762 -1.778874 22.849314 -0.367199 -0.910107 0.192016 0.273976 0.494537 1 7 1.000000
  7 -1.122484 -1.784235 22.260761 -0.210998 -0.977465 0.006500 0.261442 0.501443 1 7 1.000000
headcrabsheet
  7 -1.277565 -1.993504 22.172613 0.172124 -0.984431 -0.035611 0.263162 0.506923 1 7 1.000000
  7 -1.122484 -1.784235 22.260761 -0.210998 -0.977465 0.006500 0.261442 0.501443 1 7 1.000000
  7 -1.279762 -1.778874 22.849314 -0.367199 -0.910107 0.192016 0.273976 0.494537 1 7 1.000000
headcrabsheet
  7 -1.277565 -1.993504 22.172613 0.172124 -0.984431 -0.035611 0.263162 0.506923 1 7 1.000000
  7 -1.279762 -1.778874 22.849314 -0.367199 -0.910107 0.192016 0.273976 0.494537 1 7 1.000000
  7 -1.841467 -1.633072 23.649723 0.238357 -0.465347 0.852431 0.299800 0.491683 1 7 1.000000
headcrabsheet
  7 -1.841467 -1.633072 23.649723 0.238357 -0.465347 0.852431 0.299800 0.491683 1 7 1.000000
  7 -1.751690 -1.913390 23.232597 0.320950 -0.883897 0.340171 0.290585 0.498016 1 7 1.000000
  7 -1.277565 -1.993504 22.172613 0.172124 -0.984431 -0.035611 0.263162 0.506923 1 7 1.000000
headcrabsheet
  7 -1.751690 -1.913390 23.232597 0.320950 -0.883897 0.340171 0.290585 0.498016 1 7 1.000000
  7 -1.841467 -1.633072 23.649723 0.238357 -0.465347 0.852431 0.299800 0.491683 1 7 1.000000
  7 -2.321381 -1.560117 23.537939 -0.513446 -0.577713 0.634524 0.309791 0.503186 1 7 1.000000
headcrabsheet
  7 -1.751690 -1.913390 23.232597 0.320950 -0.883897 0.340171 0.290585 0.498016 1 7 1.000000
  7 -2.321381 -1.560117 23.537939 -0.513446 -0.577713 0.634524 0.309791 0.503186 1 7 1.000000
  7 -2.115072 -1.834002 23.166218 -0.382306 -0.910937 0.155032 0.298506 0.506310 1 7 1.000000
headcrabsheet
  7 -2.115072 -1.834002 23.166218 -0.382306 -0.910937 0.155032 0.298506 0.506310 1 7 1.000000
  7 -2.321381 -1.560117 23.537939 -0.513446 -0.577713 0.634524 0.309791 0.503186 1 7 1.000000
  7 -2.614397 -1.496011 22.756720 -0.844186 -0.535369 -0.027010 0.306436 0.520332 1 7 1.000000
headcrabsheet
  7 -2.614397 -1.496011 22.756720 -0.844186 -0.535369 -0.027010 0.306436 0.520332 1 7 1.000000
  7 -2.221235 -1.725309 22.211903 -0.375564 -0.916370 -0.138629 0.287613 0.523532 1 7 1.000000
  7 -2.115072 -1.834002 23.166218 -0.382306 -0.910937 0.155032 0.298506 0.506310 1 7 1.000000
headcrabsheet
  7 -2.221235 -1.725309 22.211903 -0.375564 -0.916370 -0.138629 0.287613 0.523532 1 7 1.000000
  7 -2.614397 -1.496011 22.756720 -0.844186 -0.535369 -0.027010 0.306436 0.520332 1 7 1.000000
  7 -2.373756 -1.487065 21.828541 -0.762147 -0.615067 -0.202051 0.286531 0.531686 1 7 1.000000
headcrabsheet
  7 -2.221235 -1.725309 22.211903 -0.375564 -0.916370 -0.138629 0.287613 0.523532 1 7 1.000000
  7 -2.373756 -1.487065 21.828541 -0.762147 -0.615067 -0.202051 0.286531 0.531686 1 7 1.000000
  7 -1.960978 -1.697272 20.993874 -0.498766 -0.857484 -0.126310 0.267396 0.539510 2 7 0.996620 9 0.003380
headcrabsheet
  7 -0.814014 -1.782972 20.561760 -0.188271 -0.898838 0.395784 0.228846 0.524046 1 7 1.000000
  7 -1.063927 -1.841053 20.822325 0.009663 -0.991739 0.127906 0.238343 0.525295 1 7 1.000000
  7 -1.453709 -1.909176 20.558453 -0.100747 -0.824303 0.557112 0.236470 0.548259 2 7 0.920468 9 0.079532
headcrabsheet
  7 -1.063927 -1.841053 20.822325 0.009663 -0.991739 0.127906 0.238343 0.525295 1 7 1.000000
  7 -0.814014 -1.782972 20.561760 -0.188271 -0.898838 0.395784 0.228846 0.524046 1 7 1.000000
  7 -1.122484 -1.784235 22.260761 -0.210998 -0.977465 0.006500 0.261442 0.501443 1 7 1.000000
headcrabsheet
  7 -1.122484 -1.784235 22.260761 -0.210998 -0.977465 0.006500 0.261442 0.501443 1 7 1.000000
  7 -1.277565 -1.993504 22.172613 0.172124 -0.984431 -0.035611 0.263162 0.506923 1 7 1.000000
  7 -1.063927 -1.841053 20.822325 0.009663 -0.991739 0.127906 0.238343 0.525295 1 7 1.000000
headcrabsheet
  7 -1.960978 -1.697272 20.993874 -0.498766 -0.857484 -0.126310 0.267396 0.539510 2 7 0.996620 9 0.003380
  7 -1.453709 -1.909176 20.558453 -0.100747 -0.824303 0.557112 0.236470 0.548259 2 7 0.920468 9 0.079532
  7 -2.221235 -1.725309 22.211903 -0.375564 -0.916370 -0.138629 0.287613 0.523532 1 7 1.000000
headcrabsheet
  7 -1.904278 -1.616607 21.959055 0.404134 -0.913757 0.041523 0.276042 0.522142 1 7 1.000000
  7 -2.221235 -1.725309 22.211903 -0.375564 -0.916370 -0.138629 0.287613 0.523532 1 7 1.000000
  7 -1.453709 -1.909176 20.558453 -0.100747 -0.824303 0.557112 0.236470 0.548259 2 7 0.920468 9 0.079532
headcrabsheet
  7 -1.453709 -1.909176 20.558453 -0.100747 -0.824303 0.557112 0.236470 0.548259 2 7 0.920468 9 0.079532
  7 -1.560762 -1.462928 21.163567 0.492260 -0.680496 0.542775 0.256385 0.528336 1 7 1.000000
  7 -1.904278 -1.616607 21.959055 0.404134 -0.913757 0.041523 0.276042 0.522142 1 7 1.000000
headcrabsheet
  7 -1.560762 -1.462928 21.163567 0.492260 -0.680496 0.542775 0.256385 0.528336 1 7 1.000000
  7 -1.453709 -1.909176 20.558453 -0.100747 -0.824303 0.557112 0.236470 0.548259 2 7 0.920468 9 0.079532
  7 -1.063927 -1.841053 20.822325 0.009663 -0.991739 0.127906 0.238343 0.525295 1 7 1.000000
headcrabsheet
  7 -1.560762 -1.462928 21.163567 0.492260 -0.680496 0.542775 0.256385 0.528336 1 7 1.000000
  7 -1.063927 -1.841053 20.822325 0.009663 -0.991739 0.127906 0.238343 0.525295 1 7 1.000000
  7 -1.409243 -1.471051 21.263384 -0.615511 -0.784673 0.073718 0.254220 0.523581 1 7 1.000000
headcrabsheet
  7 -1.409243 -1.471051 21.263384 -0.615511 -0.784673 0.073718 0.254220 0.523581 1 7 1.000000
  7 -1.063927 -1.841053 20.822325 0.009663 -0.991739 0.127906 0.238343 0.525295 1 7 1.000000
  7 -1.277565 -1.993504 22.172613 0.172124 -0.984431 -0.035611 0.263162 0.506923 1 7 1.000000
headcrabsheet
  7 -1.277565 -1.993504 22.172613 0.172124 -0.984431 -0.035611 0.263162 0.506923 1 7 1.000000
  7 -1.504360 -1.756176 21.773380 -0.175074 -0.893690 -0.413118 0.263282 0.517694 1 7 1.000000
  7 -1.409243 -1.471051 21.263384 -0.615511 -0.784673 0.073718 0.254220 0.523581 1 7 1.000000
headcrabsheet
  7 -1.504360 -1.756176 21.773380 -0.175074 -0.893690 -0.413118 0.263282 0.517694 1 7 1.000000
  7 -1.277565 -1.993504 22.172613 0.172124 -0.984431 -0.035611 0.263162 0.506923 1 7 1.000000
  7 -1.751690 -1.913390 23.232597 0.320950 -0.883897 0.340171 0.290585 0.498016 1 7 1.000000
headcrabsheet
  7 -1.751690 -1.913390 23.232597 0.320950 -0.883897 0.340171 0.290585 0.498016 1 7 1.000000
  7 -1.690435 -1.756191 22.160561 -0.222600 -0.952331 -0.208604 0.273521 0.514798 1 7 1.000000
  7 -1.504360 -1.756176 21.773380 -0.175074 -0.893690 -0.413118 0.263282 0.517694 1 7 1.000000
headcrabsheet
  7 -1.690435 -1.756191 22.160561 -0.222600 -0.952331 -0.208604 0.273521 0.514798 1 7 1.000000
  7 -1.751690 -1.913390 23.232597 0.320950 -0.883897 0.340171 0.290585 0.498016 1 7 1.000000
  7 -2.115072 -1.834002 23.166218 -0.382306 -0.910937 0.155032 0.298506 0.506310 1 7 1.000000
headcrabsheet
  7 -1.690435 -1.756191 22.160561 -0.222600 -0.952331 -0.208604 0.273521 0.514798 1 7 1.000000
  7 -2.115072 -1.834002 23.166218 -0.382306 -0.910937 0.155032 0.298506 0.506310 1 7 1.000000
  7 -2.221235 -1.725309 22.211903 -0.375564 -0.916370 -0.138629 0.287613 0.523532 1 7 1.000000
headcrabsheet
  7 -2.221235 -1.725309 22.211903 -0.375564 -0.916370 -0.138629 0.287613 0.523532 1 7 1.000000
  7 -1.904278 -1.616607 21.959055 0.404134 -0.913757 0.041523 0.276042 0.522142 1 7 1.000000
  7 -1.690435 -1.756191 22.160561 -0.222600 -0.952331 -0.208604 0.273521 0.514798 1 7 1.000000
headcrabsheet
  7 -0.701208 -2.330399 21.330893 -0.306319 -0.941421 -0.141052 0.235993 0.510627 1 7 1.000000
  7 -0.743027 -2.157558 22.410753 0.870127 -0.485492 0.084709 0.253538 0.492350 1 7 1.000000
  7 -0.917610 -2.505159 22.250673 -0.134316 -0.990347 -0.034228 0.254330 0.499807 1 7 1.000000
headcrabsheet
  7 -0.701208 -2.330399 21.330893 -0.306319 -0.941421 -0.141052 0.235993 0.510627 1 7 1.000000
  7 -0.602839 -1.914178 21.517315 0.549068 -0.369799 0.749515 0.237526 0.504103 1 7 1.000000
  7 -0.743027 -2.157558 22.410753 0.870127 -0.485492 0.084709 0.253538 0.492350 1 7 1.000000
headcrabsheet
  7 -0.602839 -1.914178 21.517315 0.549068 -0.369799 0.749515 0.237526 0.504103 1 7 1.000000
  7 -0.701208 -2.330399 21.330893 -0.306319 -0.941421 -0.141052 0.235993 0.510627 1 7 1.000000
  7 -0.185408 -2.464187 21.571613 0.195845 -0.980483 0.017272 0.226939 0.496335 1 7 1.000000
headcrabsheet
  7 -0.185408 -2.464187 21.571613 0.195845 -0.980483 0.017272 0.226939 0.496335 1 7 1.000000
  7 -0.419548 -1.994181 21.546558 -0.520870 -0.244061 0.818003 0.233366 0.500101 1 7 1.000000
  7 -0.602839 -1.914178 21.517315 0.549068 -0.369799 0.749515 0.237526 0.504103 1 7 1.000000
headcrabsheet
  7 -0.419548 -1.994181 21.546558 -0.520870 -0.244061 0.818003 0.233366 0.500101 1 7 1.000000
  7 -0.185408 -2.464187 21.571613 0.195845 -0.980483 0.017272 0.226939 0.496335 1 7 1.000000
  7 -0.188581 -2.560800 23.410738 0.237205 -0.968530 0.075383 0.254168 0.464980 1 7 1.000000
headcrabsheet
  7 -0.188581 -2.560800 23.410738 0.237205 -0.968530 0.075383 0.254168 0.464980 1 7 1.000000
  7 -0.388645 -2.267288 22.437571 -0.062555 -0.961775 -0.266599 0.245176 0.484971 1 7 1.000000
  7 -0.419548 -1.994181 21.546558 -0.520870 -0.244061 0.818003 0.233366 0.500101 1 7 1.000000
headcrabsheet
  7 -0.388645 -2.267288 22.437571 -0.062555 -0.961775 -0.266599 0.245176 0.484971 1 7 1.000000
  7 -0.188581 -2.560800 23.410738 0.237205 -0.968530 0.075383 0.254168 0.464980 1 7 1.000000
  7 -0.372568 -2.416994 24.024679 0.390850 -0.860587 0.326536 0.268161 0.457660 1 7 1.000000
headcrabsheet
  7 -0.372568 -2.416994 24.024679 0.390850 -0.860587 0.326536 0.268161 0.457660 1 7 1.000000
  7 -0.486847 -2.264117 22.804930 -0.272322 -0.955476 -0.113608 0.253028 0.480623 1 7 1.000000
  7 -0.388645 -2.267288 22.437571 -0.062555 -0.961775 -0.266599 0.245176 0.484971 1 7 1.000000
headcrabsheet
  7 -0.486847 -2.264117 22.804930 -0.272322 -0.955476 -0.113608 0.253028 0.480623 1 7 1.000000
  7 -0.372568 -2.416994 24.024679 0.390850 -0.860587 0.326536 0.268161 0.457660 1 7 1.000000
  7 -0.708487 -2.335674 24.429899 0.069528 -0.678079 0.731693 0.282462 0.457289 1 7 1.000000
headcrabsheet
  7 -0.486847 -2.264117 22.804930 -0.272322 -0.955476 -0.113608 0.253028 0.480623 1 7 1.000000
  7 -0.708487 -2.335674 24.429899 0.069528 -0.678079 0.731693 0.282462 0.457289 1 7 1.000000
  7 -1.040257 -2.412710 24.047550 -0.510824 -0.833002 0.212525 0.284388 0.471004 1 7 1.000000
headcrabsheet
  7 -1.040257 -2.412710 24.047550 -0.510824 -0.833002 0.212525 0.284388 0.471004 1 7 1.000000
  7 -0.753576 -2.206503 22.796400 0.042331 -0.987316 -0.153023 0.259412 0.486068 1 7 1.000000
  7 -0.486847 -2.264117 22.804930 -0.272322 -0.955476 -0.113608 0.253028 0.480623 1 7 1.000000
headcrabsheet
  7 -1.040257 -2.412710 24.047550 -0.510824 -0.833002 0.212525 0.284388 0.471004 1 7 1.000000
  7 -0.743027 -2.157558 22.410753 0.870127 -0.485492 0.084709 0.253538 0.492350 1 7 1.000000
  7 -0.753576 -2.206503 22.796400 0.042331 -0.987316 -0.153023 0.259412 0.486068 1 7 1.000000
headcrabsheet
  7 -0.743027 -2.157558 22.410753 0.870127 -0.485492 0.084709 0.253538 0.492350 1 7 1.000000
  7 -1.040257 -2.412710 24.047550 -0.510824 -0.833002 0.212525 0.284388 0.471004 1 7 1.000000
  7 -0.917610 -2.505159 22.250673 -0.134316 -0.990347 -0.034228 0.254330 0.499807 1 7 1.000000
headcrabsheet
  6 0.000000 0.950826 16.437532 0.000000 -0.982896 -0.184162 0.256015 0.326748 3 6 0.653146 5 0.224986 0 0.121868
  6 2.534067 -1.987244 16.880924 -0.968565 -0.176833 -0.174960 0.335120 0.329413 3 6 0.954344 14 0.024447 0 0.021208
  6 2.051430 -1.645320 18.050110 -0.832749 -0.309671 -0.458948 0.326463 0.361437 3 6 0.906949 7 0.052646 14 0.040405
headcrabsheet
  6 0.000000 0.950826 16.437532 0.000000 -0.982896 -0.184162 0.256015 0.326748 3 6 0.653146 5 0.224986 0 0.121868
  6 2.051430 -1.645320 18.050110 -0.832749 -0.309671 -0.458948 0.326463 0.361437 3 6 0.906949 7 0.052646 14 0.040405
  6 0.000000 -0.182360 18.288664 0.000000 -0.807193 -0.590287 0.256015 0.370365 3 6 0.770954 7 0.191095 5 0.037951
headcrabsheet
  6 1.239460 -1.452340 18.868637 -0.563820 -0.383371 -0.731528 0.307944 0.389968 3 6 0.730074 7 0.268953 5 0.000973
  6 0.000000 -0.182360 18.288664 0.000000 -0.807193 -0.590287 0.256015 0.370365 3 6 0.770954 7 0.191095 5 0.037951
  6 2.051430 -1.645320 18.050110 -0.832749 -0.309671 -0.458948 0.326463 0.361437 3 6 0.906949 7 0.052646 14 0.040405
headcrabsheet
  6 0.000000 -1.388780 19.303856 0.000000 -0.405271 -0.914196 0.256015 0.409473 2 6 0.551799 7 0.448201
  6 0.000000 -0.182360 18.288664 0.000000 -0.807193 -0.590287 0.256015 0.370365 3 6 0.770954 7 0.191095 5 0.037951
  6 1.239460 -1.452340 18.868637 -0.563820 -0.383371 -0.731528 0.307944 0.389968 3 6 0.730074 7 0.268953 5 0.000973
headcrabsheet
  6 0.000000 -1.388780 19.303856 0.000000 -0.405271 -0.914196 0.256015 0.409473 2 6 0.551799 7 0.448201
  6 -1.239460 -1.452340 18.868639 0.563820 -0.383371 -0.731528 0.204085 0.389968 3 6 0.730368 7 0.268661 5 0.000971
  6 0.000000 -0.182360 18.288664 0.000000 -0.807193 -0.590287 0.256015 0.370365 3 6 0.770954 7 0.191095 5 0.037951
headcrabsheet
  6 -1.239460 -1.452340 18.868639 0.563820 -0.383371 -0.731528 0.204085 0.389968 3 6 0.730368 7 0.268661 5 0.000971
  6 -2.051430 -1.645319 18.050112 0.832749 -0.309671 -0.458948 0.185566 0.361437 3 6 0.913252 7 0.056543 5 0.030205
  6 0.000000 -0.182360 18.288664 0.000000 -0.807193 -0.590287 0.256015 0.370365 3 6 0.770954 7 0.191095 5 0.037951
headcrabsheet
  6 0.000000 0.950826 16.437532 0.000000 -0.982896 -0.184162 0.256015 0.326748 3 6 0.653146 5 0.224986 0 0.121868
  6 0.000000 -0.182360 18.288664 0.000000 -0.807193 -0.590287 0.256015 0.370365 3 6 0.770954 7 0.191095 5 0.037951
  6 -2.051430 -1.645319 18.050112 0.832749 -0.309671 -0.458948 0.185566 0.361437 3 6 0.913252 7 0.056543 5 0.030205
headcrabsheet
  6 0.000000 0.950826 16.437532 0.000000 -0.982896 -0.184162 0.256015 0.326748 3 6 0.653146 5 0.224986 0 0.121868
  6 -2.051430 -1.645319 18.050112 0.832749 -0.309671 -0.458948 0.185566 0.361437 3 6 0.913252 7 0.056543 5 0.030205
  6 -2.534067 -1.987244 16.880922 0.968565 -0.176833 -0.174960 0.176909 0.329413 3 6 0.950375 8 0.028902 0 0.020723
headcrabsheet
  6 0.000000 0.950826 16.437532 0.000000 -0.982896 -0.184162 0.256015 0.326748 3 6 0.653146 5 0.224986 0 0.121868
  6 -2.534067 -1.987244 16.880922 0.968565 -0.176833 -0.174960 0.176909 0.329413 3 6 0.950375 8 0.028902 0 0.020723
  0 -1.678680 -0.838471 13.526946 0.787755 -0.511285 0.343555 0.214074 0.260063 3 0 0.439970 5 0.296224 6 0.263806
headcrabsheet
  6 -2.534067 -1.987244 16.880922 0.968565 -0.176833 -0.174960 0.176909 0.329413 3 6 0.950375 8 0.028902 0 0.020723
  6 -2.451962 -2.806569 14.978920 0.981475 0.018614 0.190685 0.170126 0.277580 3 6 0.699580 0 0.175128 8 0.125292
  0 -1.678680 -0.838471 13.526946 0.787755 -0.511285 0.343555 0.214074 0.260063 3 0 0.439970 5 0.296224 6 0.263806
headcrabsheet
  6 -2.451962 -2.806569 14.978920 0.981475 0.018614 0.190685 0.170126 0.277580 3 6 0.699580 0 0.175128 8 0.125292
  0 -1.934612 -2.209316 12.942879 0.716575 0.094636 0.691060 0.194384 0.235381 3 0 0.622401 5 0.220734 6 0.156864
  0 -1.678680 -0.838471 13.526946 0.787755 -0.511285 0.343555 0.214074 0.260063 3 0 0.439970 5 0.296224 6 0.263806
headcrabsheet
  0 -1.678680 -0.838471 13.526946 0.787755 -0.511285 0.343555 0.214074 0.260063 3 0 0.439970 5 0.296224 6 0.263806
  0 -1.934612 -2.209316 12.942879 0.716575 0.094636 0.691060 0.194384 0.235381 3 0 0.622401 5 0.220734 6 0.156864
  0 0.000000 -1.691597 11.884535 0.000000 0.174840 0.984597 0.256015 0.213301 3 0 0.730650 5 0.184797 6 0.084553
headcrabsheet
  0 -1.678680 -0.838471 13.526946 0.787755 -0.511285 0.343555 0.214074 0.260063 3 0 0.439970 5 0.296224 6 0.263806
  0 0.000000 -1.691597 11.884535 0.000000 0.174840 0.984597 0.256015 0.213301 3 0 0.730650 5 0.184797 6 0.084553
  0 0.000000 -0.201687 12.110754 0.000000 -0.557308 0.830306 0.256015 0.239298 3 0 0.566747 5 0.307768 6 0.125486
headcrabsheet
  0 1.678680 -0.838471 13.526946 -0.787755 -0.511285 0.343555 0.297955 0.260063 3 0 0.439072 5 0.295619 6 0.265309
  0 0.000000 -0.201687 12.110754 0.000000 -0.557308 0.830306 0.256015 0.239298 3 0 0.566747 5 0.307768 6 0.125486
  0 0.000000 -1.691597 11.884535 0.000000 0.174840 0.984597 0.256015 0.213301 3 0 0.730650 5 0.184797 6 0.084553
headcrabsheet
  0 1.678680 -0.838471 13.526946 -0.787755 -0.511285 0.343555 0.297955 0.260063 3 0 0.439072 5 0.295619 6 0.265309
  5 0.000000 0.732704 13.911818 0.000000 -0.970618 0.240623 0.256015 0.277685 3 5 0.421831 0 0.334420 6 0.243750
  0 0.000000 -0.201687 12.110754 0.000000 -0.557308 0.830306 0.256015 0.239298 3 0 0.566747 5 0.307768 6 0.125486
headcrabsheet
  6 0.000000 0.950826 16.437532 0.000000 -0.982896 -0.184162 0.256015 0.326748 3 6 0.653146 5 0.224986 0 0.121868
  5 0.000000 0.732704 13.911818 0.000000 -0.970618 0.240623 0.256015 0.277685 3 5 0.421831 0 0.334420 6 0.243750
  0 1.678680 -0.838471 13.526946 -0.787755 -0.511285 0.343555 0.297955 0.260063 3 0 0.439072 5 0.295619 6 0.265309
headcrabsheet
  6 0.000000 0.950826 16.437532 0.000000 -0.982896 -0.184162 0.256015 0.326748 3 6 0.653146 5 0.224986 0 0.121868
  0 -1.678680 -0.838471 13.526946 0.787755 -0.511285 0.343555 0.214074 0.260063 3 0 0.439970 5 0.296224 6 0.263806
  5 0.000000 0.732704 13.911818 0.000000 -0.970618 0.240623 0.256015 0.277685 3 5 0.421831 0 0.334420 6 0.243750
headcrabsheet
  0 -1.678680 -0.838471 13.526946 0.787755 -0.511285 0.343555 0.214074 0.260063 3 0 0.439970 5 0.296224 6 0.263806
  0 0.000000 -0.201687 12.110754 0.000000 -0.557308 0.830306 0.256015 0.239298 3 0 0.566747 5 0.307768 6 0.125486
  5 0.000000 0.732704 13.911818 0.000000 -0.970618 0.240623 0.256015 0.277685 3 5 0.421831 0 0.334420 6 0.243750
headcrabsheet
  6 0.000000 0.950826 16.437532 0.000000 -0.982896 -0.184162 0.256015 0.326748 3 6 0.653146 5 0.224986 0 0.121868
  0 1.678680 -0.838471 13.526946 -0.787755 -0.511285 0.343555 0.297955 0.260063 3 0 0.439072 5 0.295619 6 0.265309
  6 2.534067 -1.987244 16.880924 -0.968565 -0.176833 -0.174960 0.335120 0.329413 3 6 0.954344 14 0.024447 0 0.021208
headcrabsheet
  6 2.534067 -1.987244 16.880924 -0.968565 -0.176833 -0.174960 0.335120 0.329413 3 6 0.954344 14 0.024447 0 0.021208
  0 1.678680 -0.838471 13.526946 -0.787755 -0.511285 0.343555 0.297955 0.260063 3 0 0.439072 5 0.295619 6 0.265309
  6 2.451962 -2.806570 14.978921 -0.981475 0.018614 0.190685 0.341903 0.277580 3 6 0.705380 0 0.191309 14 0.103310
headcrabsheet
  6 2.451962 -2.806570 14.978921 -0.981475 0.018614 0.190685 0.341903 0.277580 3 6 0.705380 0 0.191309 14 0.103310
  0 1.678680 -0.838471 13.526946 -0.787755 -0.511285 0.343555 0.297955 0.260063 3 0 0.439072 5 0.295619 6 0.265309
  0 1.934612 -2.209317 12.942881 -0.716575 0.094636 0.691060 0.317645 0.235381 3 0 0.619403 5 0.219672 6 0.160925
headcrabsheet
  0 1.678680 -0.838471 13.526946 -0.787755 -0.511285 0.343555 0.297955 0.260063 3 0 0.439072 5 0.295619 6 0.265309
  0 0.000000 -1.691597 11.884535 0.000000 0.174840 0.984597 0.256015 0.213301 3 0 0.730650 5 0.184797 6 0.084553
  0 1.934612 -2.209317 12.942881 -0.716575 0.094636 0.691060 0.317645 0.235381 3 0 0.619403 5 0.219672 6 0.160925
headcrabsheet
  0 -2.267647 -3.489980 13.162609 0.454871 -0.871352 0.183950 0.912261 0.549963 3 0 0.680754 6 0.178040 5 0.141206
  6 -2.410308 -3.363312 15.314764 0.189116 -0.924626 0.330607 0.916241 0.601112 3 6 0.836579 8 0.086828 0 0.076593
  6 -2.929911 -3.630660 14.838725 0.374246 -0.912288 0.166344 0.934089 0.589213 1 6 1.000000
headcrabsheet
  6 -2.929911 -3.630660 14.838725 0.374246 -0.912288 0.166344 0.934089 0.589213 1 6 1.000000
  6 -2.410308 -3.363312 15.314764 0.189116 -0.924626 0.330607 0.916241 0.601112 3 6 0.836579 8 0.086828 0 0.076593
  6 -2.287506 -2.475376 17.110691 0.612421 -0.770084 0.178636 0.911332 0.647289 1 6 1.000000
headcrabsheet
  6 -2.287506 -2.475376 17.110691 0.612421 -0.770084 0.178636 0.911332 0.647289 1 6 1.000000
  6 -2.976945 -2.997934 17.396406 0.654598 -0.744120 0.133367 0.934805 0.652341 1 6 1.000000
  6 -2.929911 -3.630660 14.838725 0.374246 -0.912288 0.166344 0.934089 0.589213 1 6 1.000000
headcrabsheet
  6 -2.976945 -2.997934 17.396406 0.654598 -0.744120 0.133367 0.934805 0.652341 1 6 1.000000
  6 -2.287506 -2.475376 17.110691 0.612421 -0.770084 0.178636 0.911332 0.647289 1 6 1.000000
  6 -1.953756 -2.023803 18.106310 0.609476 -0.790575 -0.059417 0.899557 0.672497 3 6 0.763272 7 0.213356 5 0.023372
headcrabsheet
  6 -1.953756 -2.023803 18.106310 0.609476 -0.790575 -0.059417 0.899557 0.672497 3 6 0.763272 7 0.213356 5 0.023372
  7 -2.046201 -2.200131 18.929232 0.468609 -0.861629 -0.194938 0.902424 0.691222 3 7 0.470970 6 0.265903 9 0.263127
  6 -2.976945 -2.997934 17.396406 0.654598 -0.744120 0.133367 0.934805 0.652341 1 6 1.000000
headcrabsheet
  7 -2.046201 -2.200131 18.929232 0.468609 -0.861629 -0.194938 0.902424 0.691222 3 7 0.470970 6 0.265903 9 0.263127
  6 -1.953756 -2.023803 18.106310 0.609476 -0.790575 -0.059417 0.899557 0.672497 3 6 0.763272 7 0.213356 5 0.023372
  7 -1.148001 -1.864085 18.939329 0.329962 -0.863819 -0.380712 0.871820 0.691893 3 7 0.638512 6 0.358824 9 0.002664
headcrabsheet
  7 -1.148001 -1.864085 18.939329 0.329962 -0.863819 -0.380712 0.871820 0.691893 3 7 0.638512 6 0.358824 9 0.002664
  7 0.000000 -2.064252 20.146154 0.000000 -0.910583 -0.413326 0.831754 0.718826 3 7 0.899545 6 0.100335 5 0.000120
  7 -2.046201 -2.200131 18.929232 0.468609 -0.861629 -0.194938 0.902424 0.691222 3 7 0.470970 6 0.265903 9 0.263127
headcrabsheet
  7 0.000000 -2.064252 20.146154 0.000000 -0.910583 -0.413326 0.831754 0.718826 3 7 0.899545 6 0.100335 5 0.000120
  7 -1.148001 -1.864085 18.939329 0.329962 -0.863819 -0.380712 0.871820 0.691893 3 7 0.638512 6 0.358824 9 0.002664
  7 -0.478416 -1.788638 19.295511 0.254559 -0.868822 -0.424674 0.848916 0.699932 2 7 0.667487 6 0.332513
headcrabsheet
  7 0.000000 -2.064252 20.146154 0.000000 -0.910583 -0.413326 0.831754 0.718826 3 7 0.899545 6 0.100335 5 0.000120
  7 -0.478416 -1.788638 19.295511 0.254559 -0.868822 -0.424674 0.848916 0.699932 2 7 0.667487 6 0.332513
  7 0.000000 -1.762874 19.308262 0.000000 -0.940981 -0.338459 0.832143 0.700285 2 7 0.673105 6 0.326895
headcrabsheet
  7 0.000000 -2.064252 20.146154 0.000000 -0.910583 -0.413326 0.831754 0.718826 3 7 0.899545 6 0.100335 5 0.000120
  7 0.000000 -1.762874 19.308262 0.000000 -0.940981 -0.338459 0.832143 0.700285 2 7 0.673105 6 0.326895
  7 0.478416 -1.788638 19.295511 -0.254559 -0.868822 -0.424674 0.815383 0.700016 2 7 0.667487 6 0.332513
headcrabsheet
  7 0.000000 -2.064252 20.146154 0.000000 -0.910583 -0.413326 0.831754 0.718826 3 7 0.899545 6 0.100335 5 0.000120
  7 0.478416 -1.788638 19.295511 -0.254559 -0.868822 -0.424674 0.815383 0.700016 2 7 0.667487 6 0.332513
  7 1.148001 -1.864085 18.939331 -0.329962 -0.863819 -0.380712 0.792837 0.691023 3 7 0.639023 6 0.358313 15 0.002664
headcrabsheet
  7 1.148001 -1.864085 18.939331 -0.329962 -0.863819 -0.380712 0.792837 0.691023 3 7 0.639023 6 0.358313 15 0.002664
  7 2.046200 -2.200132 18.929230 -0.468610 -0.861629 -0.194938 0.762288 0.689068 3 7 0.454698 15 0.274988 6 0.270314
  7 0.000000 -2.064252 20.146154 0.000000 -0.910583 -0.413326 0.831754 0.718826 3 7 0.899545 6 0.100335 5 0.000120
headcrabsheet
  7 2.046200 -2.200132 18.929230 -0.468610 -0.861629 -0.194938 0.762288 0.689068 3 7 0.454698 15 0.274988 6 0.270314
  7 1.148001 -1.864085 18.939331 -0.329962 -0.863819 -0.380712 0.792837 0.691023 3 7 0.639023 6 0.358313 15 0.002664
  6 1.953756 -2.023804 18.106310 -0.609476 -0.790575 -0.059416 0.765938 0.670480 3 6 0.697586 7 0.181596 14 0.120818
headcrabsheet
  6 1.953756 -2.023804 18.106310 -0.609476 -0.790575 -0.059416 0.765938 0.670480 3 6 0.697586 7 0.181596 14 0.120818
  6 2.976945 -2.997934 17.396406 -0.654598 -0.744120 0.133367 0.731567 0.648863 1 6 1.000000
  7 2.046200 -2.200132 18.929230 -0.468610 -0.861629 -0.194938 0.762288 0.689068 3 7 0.454698 15 0.274988 6 0.270314
headcrabsheet
  6 2.976945 -2.997934 17.396406 -0.654598 -0.744120 0.133367 0.731567 0.648863 1 6 1.000000
  6 1.953756 -2.023804 18.106310 -0.609476 -0.790575 -0.059416 0.765938 0.670480 3 6 0.697586 7 0.181596 14 0.120818
  6 2.287506 -2.475376 17.110691 -0.612421 -0.770084 0.178636 0.755231 0.644800 1 6 1.000000
headcrabsheet
  6 2.287506 -2.475376 17.110691 -0.612421 -0.770084 0.178636 0.755231 0.644800 1 6 1.000000
  6 2.929911 -3.630659 14.838725 -0.374246 -0.912288 0.166344 0.734931 0.585820 1 6 1.000000
  6 2.976945 -2.997934 17.396406 -0.654598 -0.744120 0.133367 0.731567 0.648863 1 6 1.000000
headcrabsheet
  6 2.929911 -3.630659 14.838725 -0.374246 -0.912288 0.166344 0.734931 0.585820 1 6 1.000000
  6 2.287506 -2.475376 17.110691 -0.612421 -0.770084 0.178636 0.755231 0.644800 1 6 1.000000
  6 2.410308 -3.363313 15.314766 -0.189116 -0.924626 0.330608 0.752264 0.598458 3 6 0.838662 0 0.080921 14 0.080417
headcrabsheet
  0 2.267647 -3.489979 13.162606 -0.454871 -0.871352 0.183950 0.758387 0.547521 3 0 0.675931 6 0.183864 5 0.140206
  6 2.929911 -3.630659 14.838725 -0.374246 -0.912288 0.166344 0.734931 0.585820 1 6 1.000000
  6 2.410308 -3.363313 15.314766 -0.189116 -0.924626 0.330608 0.752264 0.598458 3 6 0.838662 0 0.080921 14 0.080417
headcrabsheet
  0 2.267647 -3.489979 13.162606 -0.454871 -0.871352 0.183950 0.758387 0.547521 3 0 0.675931 6 0.183864 5 0.140206
  6 2.410308 -3.363313 15.314766 -0.189116 -0.924626 0.330608 0.752264 0.598458 3 6 0.838662 0 0.080921 14 0.080417
  0 1.844547 -3.172177 13.550687 -0.470903 -0.857413 0.207590 0.772493 0.558280 3 0 0.644718 5 0.182450 6 0.172831
headcrabsheet
  0 0.000000 -2.843375 12.149878 0.000000 -0.901217 0.433367 0.835770 0.527498 3 0 0.813627 5 0.128387 6 0.057986
  0 2.267647 -3.489979 13.162606 -0.454871 -0.871352 0.183950 0.758387 0.547521 3 0 0.675931 6 0.183864 5 0.140206
  0 1.844547 -3.172177 13.550687 -0.470903 -0.857413 0.207590 0.772493 0.558280 3 0 0.644718 5 0.182450 6 0.172831
headcrabsheet
  0 0.000000 -2.843375 12.149878 0.000000 -0.901217 0.433367 0.835770 0.527498 3 0 0.813627 5 0.128387 6 0.057986
  0 1.844547 -3.172177 13.550687 -0.470903 -0.857413 0.207590 0.772493 0.558280 3 0 0.644718 5 0.182450 6 0.172831
  0 0.000000 -2.527534 12.761319 0.000000 -0.888468 0.458939 0.835439 0.543268 3 0 0.783282 5 0.151878 6 0.064841
headcrabsheet
  0 0.000000 -2.843375 12.149878 0.000000 -0.901217 0.433367 0.835770 0.527498 3 0 0.813627 5 0.128387 6 0.057986
  0 0.000000 -2.527534 12.761319 0.000000 -0.888468 0.458939 0.835439 0.543268 3 0 0.783282 5 0.151878 6 0.064841
  0 -1.844547 -3.172176 13.550686 0.470903 -0.857413 0.207590 0.897716 0.560121 3 0 0.651272 5 0.184306 6 0.164422
headcrabsheet
  0 0.000000 -2.843375 12.149878 0.000000 -0.901217 0.433367 0.835770 0.527498 3 0 0.813627 5 0.128387 6 0.057986
  0 -1.844547 -3.172176 13.550686 0.470903 -0.857413 0.207590 0.897716 0.560121 3 0 0.651272 5 0.184306 6 0.164422
  0 -2.267647 -3.489980 13.162609 0.454871 -0.871352 0.183950 0.912261 0.549963 3 0 0.680754 6 0.178040 5 0.141206
headcrabsheet
  0 -2.267647 -3.489980 13.162609 0.454871 -0.871352 0.183950 0.912261 0.549963 3 0 0.680754 6 0.178040 5 0.141206
  0 -1.844547 -3.172176 13.550686 0.470903 -0.857413 0.207590 0.897716 0.560121 3 0 0.651272 5 0.184306 6 0.164422
  6 -2.410308 -3.363312 15.314764 0.189116 -0.924626 0.330607 0.916241 0.601112 3 6 0.836579 8 0.086828 0 0.076593
end
